================================================================================
Comparison baseline | model=gru
================================================================================
Dataset: /home/huang_kai/wind_turbine_phm/PHOENIX-main/autoencoder_benchmark/Data/processed_data/weld_seam_windows_ws5_tf75_pg0_h1.npz
Device: cuda
Train/Val/Test: 990 / 175 / 356
Epoch 001 | train_loss=0.9463 | val_acc=78.29% val_f1=0.6756 | test_acc=91.29% test_f1=0.8688
Epoch 002 | train_loss=0.6209 | val_acc=88.00% val_f1=0.8289 | test_acc=93.54% test_f1=0.9156
Epoch 003 | train_loss=0.4208 | val_acc=92.57% val_f1=0.9028 | test_acc=92.13% test_f1=0.8995
Epoch 004 | train_loss=0.2267 | val_acc=95.43% val_f1=0.9505 | test_acc=91.57% test_f1=0.8897
Epoch 005 | train_loss=0.1307 | val_acc=97.71% val_f1=0.9775 | test_acc=85.96% test_f1=0.8016
Epoch 006 | train_loss=0.1101 | val_acc=97.71% val_f1=0.9775 | test_acc=89.89% test_f1=0.8673
Epoch 007 | train_loss=0.0700 | val_acc=99.43% val_f1=0.9943 | test_acc=84.27% test_f1=0.7887
Epoch 008 | train_loss=0.0461 | val_acc=98.86% val_f1=0.9886 | test_acc=85.96% test_f1=0.8034
Epoch 009 | train_loss=0.0320 | val_acc=99.43% val_f1=0.9919 | test_acc=84.27% test_f1=0.7859
Epoch 010 | train_loss=0.0191 | val_acc=100.00% val_f1=1.0000 | test_acc=82.02% test_f1=0.7447
Epoch 011 | train_loss=0.0201 | val_acc=100.00% val_f1=1.0000 | test_acc=84.27% test_f1=0.7874
Epoch 012 | train_loss=0.0215 | val_acc=100.00% val_f1=1.0000 | test_acc=82.02% test_f1=0.7536
Epoch 013 | train_loss=0.0152 | val_acc=100.00% val_f1=1.0000 | test_acc=83.15% test_f1=0.7740
Epoch 014 | train_loss=0.0086 | val_acc=98.86% val_f1=0.9837 | test_acc=85.39% test_f1=0.8131
Epoch 015 | train_loss=0.0092 | val_acc=100.00% val_f1=1.0000 | test_acc=84.27% test_f1=0.7933
Epoch 016 | train_loss=0.0062 | val_acc=100.00% val_f1=1.0000 | test_acc=84.27% test_f1=0.7979
Epoch 017 | train_loss=0.0054 | val_acc=100.00% val_f1=1.0000 | test_acc=83.15% test_f1=0.7807
Epoch 018 | train_loss=0.0027 | val_acc=100.00% val_f1=1.0000 | test_acc=81.18% test_f1=0.7513
Epoch 019 | train_loss=0.0033 | val_acc=100.00% val_f1=1.0000 | test_acc=81.18% test_f1=0.7527
Epoch 020 | train_loss=0.0030 | val_acc=99.43% val_f1=0.9919 | test_acc=85.11% test_f1=0.8089
Epoch 021 | train_loss=0.0024 | val_acc=100.00% val_f1=1.0000 | test_acc=81.74% test_f1=0.7602
Epoch 022 | train_loss=0.0017 | val_acc=100.00% val_f1=1.0000 | test_acc=82.02% test_f1=0.7646
Epoch 023 | train_loss=0.0015 | val_acc=100.00% val_f1=1.0000 | test_acc=81.46% test_f1=0.7580
Epoch 024 | train_loss=0.0015 | val_acc=100.00% val_f1=1.0000 | test_acc=80.06% test_f1=0.7348
Epoch 025 | train_loss=0.0010 | val_acc=100.00% val_f1=1.0000 | test_acc=81.18% test_f1=0.7527
Epoch 026 | train_loss=0.0011 | val_acc=100.00% val_f1=1.0000 | test_acc=81.46% test_f1=0.7565
Early stopping at epoch 26 (best=10, score=1.000000)
================================================================================
Best epoch: 10
Best score (val_macro_f1): 1.000000
Final test accuracy: 82.02%
Saved to: ablation_experiments/h1/results/comparison_18d_baselines/gru/gru_weld_seam_windows_ws5_tf75_pg0_h1_h96_l2_bi_do0.2_ep80_lr0.0003_wd0.0001_bs64_seed77
================================================================================
Comparison baseline | model=gru
================================================================================
Dataset: /home/huang_kai/wind_turbine_phm/PHOENIX-main/autoencoder_benchmark/Data/processed_data/weld_seam_windows_ws5_tf75_pg0_h1.npz
Device: cuda
Train/Val/Test: 990 / 175 / 356
Epoch 001 | train_loss=1.1036 | val_acc=31.43% val_f1=0.2259 | test_acc=41.57% test_f1=0.3190
Epoch 002 | train_loss=1.0895 | val_acc=28.57% val_f1=0.1948 | test_acc=40.17% test_f1=0.3076
Epoch 003 | train_loss=1.0908 | val_acc=28.57% val_f1=0.1948 | test_acc=42.98% test_f1=0.3300
Epoch 004 | train_loss=1.0749 | val_acc=29.71% val_f1=0.2076 | test_acc=48.03% test_f1=0.3678
Epoch 005 | train_loss=1.0642 | val_acc=36.00% val_f1=0.2711 | test_acc=52.81% test_f1=0.4009
Epoch 006 | train_loss=1.0510 | val_acc=44.57% val_f1=0.3440 | test_acc=54.49% test_f1=0.4122
Epoch 007 | train_loss=1.0338 | val_acc=49.71% val_f1=0.3825 | test_acc=55.90% test_f1=0.4214
Epoch 008 | train_loss=1.0067 | val_acc=58.29% val_f1=0.4410 | test_acc=61.52% test_f1=0.4570
Epoch 009 | train_loss=0.9780 | val_acc=65.14% val_f1=0.4845 | test_acc=72.75% test_f1=0.6364
Epoch 010 | train_loss=0.9601 | val_acc=69.71% val_f1=0.5287 | test_acc=86.80% test_f1=0.8317
Epoch 011 | train_loss=0.9030 | val_acc=72.00% val_f1=0.5704 | test_acc=88.20% test_f1=0.8441
Epoch 012 | train_loss=0.8636 | val_acc=74.86% val_f1=0.6272 | test_acc=88.48% test_f1=0.8424
Epoch 013 | train_loss=0.8206 | val_acc=76.00% val_f1=0.6520 | test_acc=89.04% test_f1=0.8474
Epoch 014 | train_loss=0.7837 | val_acc=77.14% val_f1=0.6673 | test_acc=89.61% test_f1=0.8528
Epoch 015 | train_loss=0.7505 | val_acc=80.00% val_f1=0.7155 | test_acc=89.61% test_f1=0.8526
Epoch 016 | train_loss=0.7361 | val_acc=82.29% val_f1=0.7509 | test_acc=91.01% test_f1=0.8793
Epoch 017 | train_loss=0.6801 | val_acc=84.57% val_f1=0.7850 | test_acc=91.01% test_f1=0.8814
Epoch 018 | train_loss=0.6396 | val_acc=85.71% val_f1=0.8038 | test_acc=92.13% test_f1=0.8987
Epoch 019 | train_loss=0.6214 | val_acc=86.29% val_f1=0.8130 | test_acc=93.26% test_f1=0.9154
Epoch 020 | train_loss=0.5772 | val_acc=88.00% val_f1=0.8357 | test_acc=94.66% test_f1=0.9375
Epoch 021 | train_loss=0.5891 | val_acc=91.43% val_f1=0.8844 | test_acc=94.10% test_f1=0.9293
Epoch 022 | train_loss=0.5404 | val_acc=93.14% val_f1=0.9095 | test_acc=94.10% test_f1=0.9284
Epoch 023 | train_loss=0.4882 | val_acc=92.57% val_f1=0.9041 | test_acc=94.10% test_f1=0.9284
Epoch 024 | train_loss=0.4582 | val_acc=92.57% val_f1=0.9070 | test_acc=94.38% test_f1=0.9316
Epoch 025 | train_loss=0.4381 | val_acc=95.43% val_f1=0.9505 | test_acc=92.13% test_f1=0.8958
Epoch 026 | train_loss=0.3898 | val_acc=95.43% val_f1=0.9505 | test_acc=92.13% test_f1=0.8945
Epoch 027 | train_loss=0.3682 | val_acc=95.43% val_f1=0.9505 | test_acc=92.42% test_f1=0.8989
Epoch 028 | train_loss=0.3367 | val_acc=95.43% val_f1=0.9505 | test_acc=92.42% test_f1=0.8989
Epoch 029 | train_loss=0.3314 | val_acc=96.00% val_f1=0.9586 | test_acc=90.45% test_f1=0.8681
Epoch 030 | train_loss=0.3021 | val_acc=96.57% val_f1=0.9639 | test_acc=90.45% test_f1=0.8695
Epoch 031 | train_loss=0.2693 | val_acc=97.14% val_f1=0.9694 | test_acc=90.45% test_f1=0.8709
Epoch 032 | train_loss=0.2679 | val_acc=97.14% val_f1=0.9694 | test_acc=89.89% test_f1=0.8620
Epoch 033 | train_loss=0.2272 | val_acc=97.71% val_f1=0.9775 | test_acc=87.92% test_f1=0.8347
Epoch 034 | train_loss=0.2352 | val_acc=97.71% val_f1=0.9775 | test_acc=87.36% test_f1=0.8254
Epoch 035 | train_loss=0.2182 | val_acc=97.71% val_f1=0.9775 | test_acc=87.36% test_f1=0.8269
Epoch 036 | train_loss=0.2053 | val_acc=97.71% val_f1=0.9775 | test_acc=88.48% test_f1=0.8452
Epoch 037 | train_loss=0.1893 | val_acc=97.71% val_f1=0.9775 | test_acc=88.48% test_f1=0.8452
Epoch 038 | train_loss=0.1770 | val_acc=97.71% val_f1=0.9775 | test_acc=87.92% test_f1=0.8361
Epoch 039 | train_loss=0.1672 | val_acc=97.71% val_f1=0.9775 | test_acc=88.20% test_f1=0.8407
Epoch 040 | train_loss=0.1760 | val_acc=97.71% val_f1=0.9775 | test_acc=87.92% test_f1=0.8361
Epoch 041 | train_loss=0.1520 | val_acc=98.29% val_f1=0.9830 | test_acc=88.20% test_f1=0.8407
Epoch 042 | train_loss=0.1547 | val_acc=98.29% val_f1=0.9830 | test_acc=89.89% test_f1=0.8673
Epoch 043 | train_loss=0.1546 | val_acc=98.29% val_f1=0.9830 | test_acc=88.48% test_f1=0.8452
Epoch 044 | train_loss=0.1457 | val_acc=98.29% val_f1=0.9830 | test_acc=87.08% test_f1=0.8223
Epoch 045 | train_loss=0.1344 | val_acc=98.29% val_f1=0.9830 | test_acc=87.36% test_f1=0.8269
Epoch 046 | train_loss=0.1304 | val_acc=98.29% val_f1=0.9830 | test_acc=88.76% test_f1=0.8496
Epoch 047 | train_loss=0.1257 | val_acc=98.29% val_f1=0.9830 | test_acc=88.76% test_f1=0.8496
Epoch 048 | train_loss=0.1268 | val_acc=98.29% val_f1=0.9830 | test_acc=87.92% test_f1=0.8375
Epoch 049 | train_loss=0.1142 | val_acc=98.86% val_f1=0.9886 | test_acc=88.20% test_f1=0.8420
Epoch 050 | train_loss=0.1209 | val_acc=98.86% val_f1=0.9886 | test_acc=88.48% test_f1=0.8465
Epoch 051 | train_loss=0.1242 | val_acc=98.29% val_f1=0.9830 | test_acc=88.48% test_f1=0.8465
Epoch 052 | train_loss=0.0958 | val_acc=98.29% val_f1=0.9830 | test_acc=87.36% test_f1=0.8284
Epoch 053 | train_loss=0.1274 | val_acc=98.29% val_f1=0.9830 | test_acc=87.64% test_f1=0.8330
Epoch 054 | train_loss=0.0926 | val_acc=98.29% val_f1=0.9830 | test_acc=88.48% test_f1=0.8465
Epoch 055 | train_loss=0.1137 | val_acc=98.29% val_f1=0.9830 | test_acc=88.48% test_f1=0.8465
Epoch 056 | train_loss=0.0936 | val_acc=98.29% val_f1=0.9830 | test_acc=88.20% test_f1=0.8433
Epoch 057 | train_loss=0.0852 | val_acc=98.29% val_f1=0.9830 | test_acc=88.20% test_f1=0.8433
Epoch 058 | train_loss=0.0962 | val_acc=98.29% val_f1=0.9830 | test_acc=87.08% test_f1=0.8253
Epoch 059 | train_loss=0.0971 | val_acc=98.29% val_f1=0.9830 | test_acc=86.80% test_f1=0.8207
Epoch 060 | train_loss=0.0966 | val_acc=98.29% val_f1=0.9830 | test_acc=87.64% test_f1=0.8330
Epoch 061 | train_loss=0.0932 | val_acc=98.29% val_f1=0.9830 | test_acc=88.20% test_f1=0.8433
Epoch 062 | train_loss=0.0780 | val_acc=98.29% val_f1=0.9830 | test_acc=88.20% test_f1=0.8433
Epoch 063 | train_loss=0.0897 | val_acc=98.29% val_f1=0.9830 | test_acc=87.92% test_f1=0.8388
Epoch 064 | train_loss=0.0878 | val_acc=98.29% val_f1=0.9830 | test_acc=87.64% test_f1=0.8343
Epoch 065 | train_loss=0.1025 | val_acc=98.29% val_f1=0.9830 | test_acc=87.64% test_f1=0.8343
Early stopping at epoch 65 (best=49, score=0.988625)
================================================================================
Best epoch: 49
Best score (val_macro_f1): 0.988625
Final test accuracy: 88.20%
Saved to: ablation_experiments/h1/results/comparison_18d_baselines/gru/gru_weld_seam_windows_ws5_tf75_pg0_h1_h64_l3_uni_do0.1_ep80_lr0.0001_wd0.0001_bs128_seed77
================================================================================
Comparison baseline | model=gru
================================================================================
Dataset: /home/huang_kai/wind_turbine_phm/PHOENIX-main/autoencoder_benchmark/Data/processed_data/weld_seam_windows_ws5_tf75_pg0_h1.npz
Device: cuda
Train/Val/Test: 990 / 175 / 356
Epoch 001 | train_loss=1.0936 | val_acc=26.86% val_f1=0.2389 | test_acc=37.64% test_f1=0.3942
Epoch 002 | train_loss=1.0280 | val_acc=48.00% val_f1=0.4717 | test_acc=84.55% test_f1=0.8281
Epoch 003 | train_loss=0.9625 | val_acc=70.86% val_f1=0.6826 | test_acc=92.70% test_f1=0.9045
Epoch 004 | train_loss=0.9048 | val_acc=77.71% val_f1=0.7451 | test_acc=95.22% test_f1=0.9344
Epoch 005 | train_loss=0.8181 | val_acc=79.43% val_f1=0.7627 | test_acc=95.79% test_f1=0.9414
Epoch 006 | train_loss=0.7678 | val_acc=80.57% val_f1=0.7722 | test_acc=96.35% test_f1=0.9470
Epoch 007 | train_loss=0.6780 | val_acc=84.00% val_f1=0.8057 | test_acc=97.19% test_f1=0.9596
Epoch 008 | train_loss=0.6625 | val_acc=85.71% val_f1=0.8217 | test_acc=97.19% test_f1=0.9596
Epoch 009 | train_loss=0.5854 | val_acc=86.29% val_f1=0.8268 | test_acc=96.63% test_f1=0.9534
Epoch 010 | train_loss=0.5337 | val_acc=86.86% val_f1=0.8368 | test_acc=96.91% test_f1=0.9601
Epoch 011 | train_loss=0.4835 | val_acc=87.43% val_f1=0.8453 | test_acc=94.38% test_f1=0.9248
Epoch 012 | train_loss=0.4426 | val_acc=87.43% val_f1=0.8453 | test_acc=93.82% test_f1=0.9164
Epoch 013 | train_loss=0.3926 | val_acc=88.57% val_f1=0.8589 | test_acc=92.98% test_f1=0.9037
Epoch 014 | train_loss=0.3532 | val_acc=89.14% val_f1=0.8674 | test_acc=92.13% test_f1=0.8908
Epoch 015 | train_loss=0.3180 | val_acc=90.29% val_f1=0.8809 | test_acc=90.45% test_f1=0.8698
Epoch 016 | train_loss=0.2912 | val_acc=92.57% val_f1=0.9143 | test_acc=88.48% test_f1=0.8393
Epoch 017 | train_loss=0.2731 | val_acc=93.14% val_f1=0.9205 | test_acc=88.76% test_f1=0.8439
Epoch 018 | train_loss=0.2525 | val_acc=93.14% val_f1=0.9205 | test_acc=89.33% test_f1=0.8530
Epoch 019 | train_loss=0.2422 | val_acc=94.29% val_f1=0.9369 | test_acc=87.92% test_f1=0.8299
Epoch 020 | train_loss=0.2288 | val_acc=94.29% val_f1=0.9340 | test_acc=88.76% test_f1=0.8439
Epoch 021 | train_loss=0.2019 | val_acc=94.86% val_f1=0.9393 | test_acc=89.04% test_f1=0.8485
Epoch 022 | train_loss=0.1873 | val_acc=95.43% val_f1=0.9475 | test_acc=88.76% test_f1=0.8439
Epoch 023 | train_loss=0.1692 | val_acc=95.43% val_f1=0.9475 | test_acc=88.76% test_f1=0.8439
Epoch 024 | train_loss=0.1635 | val_acc=95.43% val_f1=0.9481 | test_acc=88.48% test_f1=0.8393
Epoch 025 | train_loss=0.1565 | val_acc=96.57% val_f1=0.9616 | test_acc=87.64% test_f1=0.8252
Epoch 026 | train_loss=0.1461 | val_acc=97.14% val_f1=0.9670 | test_acc=85.96% test_f1=0.7959
Epoch 027 | train_loss=0.1372 | val_acc=97.71% val_f1=0.9725 | test_acc=87.64% test_f1=0.8269
Epoch 028 | train_loss=0.1309 | val_acc=98.29% val_f1=0.9781 | test_acc=87.36% test_f1=0.8254
Epoch 029 | train_loss=0.1114 | val_acc=98.29% val_f1=0.9781 | test_acc=87.36% test_f1=0.8254
Epoch 030 | train_loss=0.1131 | val_acc=98.29% val_f1=0.9781 | test_acc=87.36% test_f1=0.8254
Epoch 031 | train_loss=0.1018 | val_acc=98.86% val_f1=0.9862 | test_acc=86.52% test_f1=0.8095
Epoch 032 | train_loss=0.1027 | val_acc=98.86% val_f1=0.9862 | test_acc=86.24% test_f1=0.8028
Epoch 033 | train_loss=0.1072 | val_acc=98.86% val_f1=0.9862 | test_acc=86.52% test_f1=0.8113
Epoch 034 | train_loss=0.1019 | val_acc=98.86% val_f1=0.9862 | test_acc=85.96% test_f1=0.8016
Epoch 035 | train_loss=0.0953 | val_acc=98.86% val_f1=0.9862 | test_acc=87.64% test_f1=0.8301
Epoch 036 | train_loss=0.0980 | val_acc=98.86% val_f1=0.9862 | test_acc=87.08% test_f1=0.8207
Epoch 037 | train_loss=0.0792 | val_acc=98.86% val_f1=0.9862 | test_acc=86.52% test_f1=0.8113
Epoch 038 | train_loss=0.0816 | val_acc=98.86% val_f1=0.9862 | test_acc=84.55% test_f1=0.7767
Epoch 039 | train_loss=0.0818 | val_acc=98.86% val_f1=0.9862 | test_acc=87.92% test_f1=0.8347
Epoch 040 | train_loss=0.0700 | val_acc=98.86% val_f1=0.9862 | test_acc=86.24% test_f1=0.8065
Epoch 041 | train_loss=0.0634 | val_acc=98.86% val_f1=0.9862 | test_acc=84.27% test_f1=0.7716
Epoch 042 | train_loss=0.0732 | val_acc=98.86% val_f1=0.9862 | test_acc=84.55% test_f1=0.7767
Epoch 043 | train_loss=0.0633 | val_acc=98.86% val_f1=0.9862 | test_acc=84.55% test_f1=0.7767
Epoch 044 | train_loss=0.0715 | val_acc=98.86% val_f1=0.9862 | test_acc=84.55% test_f1=0.7767
Epoch 045 | train_loss=0.0688 | val_acc=98.86% val_f1=0.9862 | test_acc=84.55% test_f1=0.7767
Epoch 046 | train_loss=0.0740 | val_acc=98.86% val_f1=0.9862 | test_acc=85.39% test_f1=0.7918
Epoch 047 | train_loss=0.0486 | val_acc=98.86% val_f1=0.9862 | test_acc=85.39% test_f1=0.7918
Early stopping at epoch 47 (best=31, score=0.986227)
================================================================================
Best epoch: 31
Best score (val_macro_f1): 0.986227
Final test accuracy: 86.52%
Saved to: ablation_experiments/h1/results/comparison_18d_baselines/gru/gru_weld_seam_windows_ws5_tf75_pg0_h1_h64_l1_bi_do0.1_ep80_lr0.0001_wd0.0002_bs64_seed122
================================================================================
Comparison baseline | model=gru
================================================================================
Dataset: /home/huang_kai/wind_turbine_phm/PHOENIX-main/autoencoder_benchmark/Data/processed_data/weld_seam_windows_ws5_tf75_pg0_h1.npz
Device: cuda
Train/Val/Test: 990 / 175 / 356
Epoch 001 | train_loss=1.0602 | val_acc=30.86% val_f1=0.2199 | test_acc=52.25% test_f1=0.3971
Epoch 002 | train_loss=1.0202 | val_acc=62.29% val_f1=0.4691 | test_acc=67.98% test_f1=0.5687
Epoch 003 | train_loss=0.9614 | val_acc=71.43% val_f1=0.5640 | test_acc=86.52% test_f1=0.8088
Epoch 004 | train_loss=0.9095 | val_acc=76.00% val_f1=0.6251 | test_acc=90.45% test_f1=0.8598
Epoch 005 | train_loss=0.8637 | val_acc=78.29% val_f1=0.6587 | test_acc=90.17% test_f1=0.8558
Epoch 006 | train_loss=0.7842 | val_acc=81.14% val_f1=0.7175 | test_acc=89.61% test_f1=0.8476
Epoch 007 | train_loss=0.7161 | val_acc=83.43% val_f1=0.7543 | test_acc=91.01% test_f1=0.8726
Epoch 008 | train_loss=0.6582 | val_acc=83.43% val_f1=0.7490 | test_acc=92.13% test_f1=0.8914
Epoch 009 | train_loss=0.5893 | val_acc=84.00% val_f1=0.7544 | test_acc=92.70% test_f1=0.9017
Epoch 010 | train_loss=0.5562 | val_acc=87.43% val_f1=0.8161 | test_acc=92.98% test_f1=0.9085
Epoch 011 | train_loss=0.5205 | val_acc=91.43% val_f1=0.8794 | test_acc=94.38% test_f1=0.9316
Epoch 012 | train_loss=0.4717 | val_acc=92.00% val_f1=0.8868 | test_acc=92.98% test_f1=0.9115
Epoch 013 | train_loss=0.4052 | val_acc=91.43% val_f1=0.8874 | test_acc=93.26% test_f1=0.9152
Epoch 014 | train_loss=0.3420 | val_acc=92.57% val_f1=0.9041 | test_acc=92.70% test_f1=0.9069
Epoch 015 | train_loss=0.3244 | val_acc=93.71% val_f1=0.9217 | test_acc=90.17% test_f1=0.8691
Epoch 016 | train_loss=0.2813 | val_acc=93.71% val_f1=0.9217 | test_acc=89.33% test_f1=0.8559
Epoch 017 | train_loss=0.2487 | val_acc=93.71% val_f1=0.9217 | test_acc=89.04% test_f1=0.8514
Epoch 018 | train_loss=0.2073 | val_acc=94.29% val_f1=0.9298 | test_acc=87.92% test_f1=0.8331
Epoch 019 | train_loss=0.1946 | val_acc=94.29% val_f1=0.9298 | test_acc=88.76% test_f1=0.8469
Epoch 020 | train_loss=0.1774 | val_acc=94.29% val_f1=0.9298 | test_acc=88.76% test_f1=0.8469
Epoch 021 | train_loss=0.1573 | val_acc=96.00% val_f1=0.9540 | test_acc=85.39% test_f1=0.7899
Epoch 022 | train_loss=0.1436 | val_acc=96.00% val_f1=0.9540 | test_acc=87.36% test_f1=0.8238
Epoch 023 | train_loss=0.1361 | val_acc=95.43% val_f1=0.9460 | test_acc=89.04% test_f1=0.8514
Epoch 024 | train_loss=0.1088 | val_acc=96.00% val_f1=0.9540 | test_acc=88.48% test_f1=0.8423
Epoch 025 | train_loss=0.0930 | val_acc=96.00% val_f1=0.9540 | test_acc=86.80% test_f1=0.8143
Epoch 026 | train_loss=0.0868 | val_acc=96.57% val_f1=0.9593 | test_acc=88.48% test_f1=0.8423
Epoch 027 | train_loss=0.0873 | val_acc=97.14% val_f1=0.9647 | test_acc=89.89% test_f1=0.8648
Epoch 028 | train_loss=0.0762 | val_acc=97.14% val_f1=0.9647 | test_acc=89.33% test_f1=0.8572
Epoch 029 | train_loss=0.0691 | val_acc=97.71% val_f1=0.9701 | test_acc=86.80% test_f1=0.8160
Epoch 030 | train_loss=0.0702 | val_acc=97.14% val_f1=0.9647 | test_acc=86.52% test_f1=0.8113
Epoch 031 | train_loss=0.0707 | val_acc=97.14% val_f1=0.9647 | test_acc=89.61% test_f1=0.8603
Epoch 032 | train_loss=0.0642 | val_acc=97.14% val_f1=0.9647 | test_acc=89.61% test_f1=0.8603
Epoch 033 | train_loss=0.0574 | val_acc=97.14% val_f1=0.9647 | test_acc=87.08% test_f1=0.8191
Epoch 034 | train_loss=0.0564 | val_acc=97.14% val_f1=0.9647 | test_acc=86.52% test_f1=0.8095
Epoch 035 | train_loss=0.0476 | val_acc=97.71% val_f1=0.9701 | test_acc=86.24% test_f1=0.8065
Epoch 036 | train_loss=0.0489 | val_acc=97.71% val_f1=0.9701 | test_acc=88.20% test_f1=0.8407
Epoch 037 | train_loss=0.0376 | val_acc=97.71% val_f1=0.9701 | test_acc=87.08% test_f1=0.8223
Epoch 038 | train_loss=0.0380 | val_acc=97.71% val_f1=0.9701 | test_acc=85.96% test_f1=0.8034
Epoch 039 | train_loss=0.0387 | val_acc=97.71% val_f1=0.9701 | test_acc=86.24% test_f1=0.8082
Epoch 040 | train_loss=0.0430 | val_acc=98.29% val_f1=0.9782 | test_acc=88.76% test_f1=0.8496
Epoch 041 | train_loss=0.0373 | val_acc=97.71% val_f1=0.9697 | test_acc=87.08% test_f1=0.8223
Epoch 042 | train_loss=0.0357 | val_acc=97.71% val_f1=0.9697 | test_acc=85.11% test_f1=0.7940
Epoch 043 | train_loss=0.0332 | val_acc=97.71% val_f1=0.9697 | test_acc=84.83% test_f1=0.7908
Epoch 044 | train_loss=0.0378 | val_acc=97.71% val_f1=0.9697 | test_acc=85.96% test_f1=0.8097
Epoch 045 | train_loss=0.0300 | val_acc=97.71% val_f1=0.9697 | test_acc=85.96% test_f1=0.8097
Epoch 046 | train_loss=0.0298 | val_acc=97.71% val_f1=0.9697 | test_acc=86.52% test_f1=0.8160
Epoch 047 | train_loss=0.0277 | val_acc=97.71% val_f1=0.9697 | test_acc=86.52% test_f1=0.8160
Epoch 048 | train_loss=0.0300 | val_acc=98.29% val_f1=0.9755 | test_acc=87.08% test_f1=0.8223
Epoch 049 | train_loss=0.0310 | val_acc=98.29% val_f1=0.9755 | test_acc=86.24% test_f1=0.8082
Epoch 050 | train_loss=0.0378 | val_acc=98.29% val_f1=0.9755 | test_acc=86.24% test_f1=0.8082
Epoch 051 | train_loss=0.0308 | val_acc=98.86% val_f1=0.9837 | test_acc=87.36% test_f1=0.8269
Epoch 052 | train_loss=0.0276 | val_acc=98.86% val_f1=0.9837 | test_acc=87.08% test_f1=0.8223
Epoch 053 | train_loss=0.0314 | val_acc=99.43% val_f1=0.9919 | test_acc=87.36% test_f1=0.8269
Epoch 054 | train_loss=0.0279 | val_acc=99.43% val_f1=0.9919 | test_acc=87.08% test_f1=0.8238
Epoch 055 | train_loss=0.0259 | val_acc=98.86% val_f1=0.9837 | test_acc=85.67% test_f1=0.8019
Epoch 056 | train_loss=0.0290 | val_acc=98.29% val_f1=0.9755 | test_acc=85.67% test_f1=0.8019
Epoch 057 | train_loss=0.0239 | val_acc=98.86% val_f1=0.9837 | test_acc=85.67% test_f1=0.8019
Epoch 058 | train_loss=0.0261 | val_acc=98.86% val_f1=0.9837 | test_acc=85.39% test_f1=0.7988
Epoch 059 | train_loss=0.0241 | val_acc=98.86% val_f1=0.9837 | test_acc=85.39% test_f1=0.7988
Epoch 060 | train_loss=0.0261 | val_acc=98.86% val_f1=0.9837 | test_acc=85.67% test_f1=0.8035
Epoch 061 | train_loss=0.0194 | val_acc=98.86% val_f1=0.9837 | test_acc=85.39% test_f1=0.8003
Epoch 062 | train_loss=0.0240 | val_acc=98.86% val_f1=0.9837 | test_acc=85.11% test_f1=0.7956
Epoch 063 | train_loss=0.0250 | val_acc=98.86% val_f1=0.9837 | test_acc=85.11% test_f1=0.7956
Epoch 064 | train_loss=0.0235 | val_acc=98.86% val_f1=0.9837 | test_acc=85.39% test_f1=0.7988
Epoch 065 | train_loss=0.0180 | val_acc=98.86% val_f1=0.9837 | test_acc=85.39% test_f1=0.7988
Epoch 066 | train_loss=0.0263 | val_acc=98.86% val_f1=0.9837 | test_acc=85.39% test_f1=0.7988
Epoch 067 | train_loss=0.0173 | val_acc=98.86% val_f1=0.9837 | test_acc=85.39% test_f1=0.7988
Epoch 068 | train_loss=0.0288 | val_acc=98.86% val_f1=0.9837 | test_acc=85.39% test_f1=0.7988
Epoch 069 | train_loss=0.0295 | val_acc=98.86% val_f1=0.9837 | test_acc=85.39% test_f1=0.7988
Early stopping at epoch 69 (best=53, score=0.991859)
================================================================================
Best epoch: 53
Best score (val_macro_f1): 0.991859
Final test accuracy: 87.36%
Saved to: ablation_experiments/h1/results/comparison_18d_baselines/gru/gru_weld_seam_windows_ws5_tf75_pg0_h1_h96_l2_bi_do0.3_ep80_lr0.0001_wd0.0005_bs128_seed100
================================================================================
Comparison baseline | model=gru
================================================================================
Dataset: /home/huang_kai/wind_turbine_phm/PHOENIX-main/autoencoder_benchmark/Data/processed_data/weld_seam_windows_ws5_tf75_pg0_h1.npz
Device: cuda
Train/Val/Test: 990 / 175 / 356
Epoch 001 | train_loss=1.0182 | val_acc=65.14% val_f1=0.6001 | test_acc=88.48% test_f1=0.8505
Epoch 002 | train_loss=0.7839 | val_acc=85.71% val_f1=0.8027 | test_acc=94.38% test_f1=0.9238
Epoch 003 | train_loss=0.5005 | val_acc=93.71% val_f1=0.9265 | test_acc=89.33% test_f1=0.8545
Epoch 004 | train_loss=0.2618 | val_acc=94.29% val_f1=0.9337 | test_acc=88.20% test_f1=0.8378
Epoch 005 | train_loss=0.1481 | val_acc=97.71% val_f1=0.9724 | test_acc=87.64% test_f1=0.8301
Epoch 006 | train_loss=0.0842 | val_acc=98.86% val_f1=0.9837 | test_acc=87.64% test_f1=0.8356
Epoch 007 | train_loss=0.0607 | val_acc=98.86% val_f1=0.9859 | test_acc=89.33% test_f1=0.8609
Epoch 008 | train_loss=0.0454 | val_acc=99.43% val_f1=0.9919 | test_acc=84.27% test_f1=0.7794
Epoch 009 | train_loss=0.0318 | val_acc=98.86% val_f1=0.9859 | test_acc=86.80% test_f1=0.8270
Epoch 010 | train_loss=0.0192 | val_acc=99.43% val_f1=0.9919 | test_acc=85.96% test_f1=0.8179
Epoch 011 | train_loss=0.0187 | val_acc=100.00% val_f1=1.0000 | test_acc=87.64% test_f1=0.8380
Epoch 012 | train_loss=0.0143 | val_acc=100.00% val_f1=1.0000 | test_acc=83.15% test_f1=0.7727
Epoch 013 | train_loss=0.0097 | val_acc=100.00% val_f1=1.0000 | test_acc=83.99% test_f1=0.7854
Epoch 014 | train_loss=0.0088 | val_acc=100.00% val_f1=1.0000 | test_acc=85.39% test_f1=0.8091
Epoch 015 | train_loss=0.0059 | val_acc=100.00% val_f1=1.0000 | test_acc=83.99% test_f1=0.7841
Epoch 016 | train_loss=0.0058 | val_acc=100.00% val_f1=1.0000 | test_acc=81.74% test_f1=0.7594
Epoch 017 | train_loss=0.0029 | val_acc=100.00% val_f1=1.0000 | test_acc=83.15% test_f1=0.7792
Epoch 018 | train_loss=0.0019 | val_acc=100.00% val_f1=1.0000 | test_acc=81.46% test_f1=0.7520
Epoch 019 | train_loss=0.0018 | val_acc=100.00% val_f1=1.0000 | test_acc=83.43% test_f1=0.7774
Epoch 020 | train_loss=0.0028 | val_acc=100.00% val_f1=1.0000 | test_acc=81.74% test_f1=0.7577
Epoch 021 | train_loss=0.0015 | val_acc=100.00% val_f1=1.0000 | test_acc=80.34% test_f1=0.7394
Epoch 022 | train_loss=0.0025 | val_acc=100.00% val_f1=1.0000 | test_acc=83.43% test_f1=0.7851
Epoch 023 | train_loss=0.0011 | val_acc=100.00% val_f1=1.0000 | test_acc=83.71% test_f1=0.7854
Epoch 024 | train_loss=0.0011 | val_acc=100.00% val_f1=1.0000 | test_acc=82.30% test_f1=0.7648
Epoch 025 | train_loss=0.0022 | val_acc=100.00% val_f1=1.0000 | test_acc=81.74% test_f1=0.7586
Epoch 026 | train_loss=0.0009 | val_acc=100.00% val_f1=1.0000 | test_acc=80.90% test_f1=0.7449
Epoch 027 | train_loss=0.0016 | val_acc=100.00% val_f1=1.0000 | test_acc=80.34% test_f1=0.7401
Early stopping at epoch 27 (best=11, score=1.000000)
================================================================================
Best epoch: 11
Best score (val_macro_f1): 1.000000
Final test accuracy: 87.64%
Saved to: ablation_experiments/h1/results/comparison_18d_baselines/gru/gru_weld_seam_windows_ws5_tf75_pg0_h1_h64_l3_bi_do0.1_ep80_lr0.0003_wd1e-05_bs64_seed122
================================================================================
Comparison baseline | model=gru
================================================================================
Dataset: /home/huang_kai/wind_turbine_phm/PHOENIX-main/autoencoder_benchmark/Data/processed_data/weld_seam_windows_ws5_tf75_pg0_h1.npz
Device: cuda
Train/Val/Test: 990 / 175 / 356
Epoch 001 | train_loss=1.1225 | val_acc=53.71% val_f1=0.2482 | test_acc=54.78% test_f1=0.2372
Epoch 002 | train_loss=1.0957 | val_acc=76.00% val_f1=0.6733 | test_acc=74.16% test_f1=0.5843
Epoch 003 | train_loss=1.0640 | val_acc=83.43% val_f1=0.7547 | test_acc=78.37% test_f1=0.6569
Epoch 004 | train_loss=1.0405 | val_acc=86.29% val_f1=0.7962 | test_acc=79.21% test_f1=0.6674
Epoch 005 | train_loss=1.0087 | val_acc=86.29% val_f1=0.7940 | test_acc=84.27% test_f1=0.7704
Epoch 006 | train_loss=0.9825 | val_acc=87.43% val_f1=0.8169 | test_acc=89.04% test_f1=0.8481
Epoch 007 | train_loss=0.9492 | val_acc=87.43% val_f1=0.8169 | test_acc=91.29% test_f1=0.8801
Epoch 008 | train_loss=0.9044 | val_acc=86.29% val_f1=0.8064 | test_acc=91.57% test_f1=0.8839
Epoch 009 | train_loss=0.8753 | val_acc=85.71% val_f1=0.7967 | test_acc=91.29% test_f1=0.8792
Epoch 010 | train_loss=0.8467 | val_acc=85.71% val_f1=0.7967 | test_acc=91.85% test_f1=0.8877
Epoch 011 | train_loss=0.8038 | val_acc=85.71% val_f1=0.7967 | test_acc=91.85% test_f1=0.8877
Epoch 012 | train_loss=0.7516 | val_acc=85.71% val_f1=0.7967 | test_acc=91.85% test_f1=0.8877
Epoch 013 | train_loss=0.7373 | val_acc=86.29% val_f1=0.8018 | test_acc=92.42% test_f1=0.8970
Epoch 014 | train_loss=0.7025 | val_acc=86.86% val_f1=0.8071 | test_acc=92.42% test_f1=0.8970
Epoch 015 | train_loss=0.6364 | val_acc=86.86% val_f1=0.8071 | test_acc=92.98% test_f1=0.9063
Epoch 016 | train_loss=0.6267 | val_acc=87.43% val_f1=0.8169 | test_acc=92.70% test_f1=0.9027
Epoch 017 | train_loss=0.5991 | val_acc=87.43% val_f1=0.8169 | test_acc=92.70% test_f1=0.9027
Epoch 018 | train_loss=0.5890 | val_acc=87.43% val_f1=0.8169 | test_acc=92.98% test_f1=0.9085
Epoch 019 | train_loss=0.5607 | val_acc=88.57% val_f1=0.8360 | test_acc=93.26% test_f1=0.9131
Epoch 020 | train_loss=0.5099 | val_acc=88.57% val_f1=0.8360 | test_acc=93.26% test_f1=0.9131
Epoch 021 | train_loss=0.4951 | val_acc=88.57% val_f1=0.8360 | test_acc=93.54% test_f1=0.9178
Epoch 022 | train_loss=0.4886 | val_acc=88.57% val_f1=0.8360 | test_acc=93.82% test_f1=0.9224
Epoch 023 | train_loss=0.4568 | val_acc=90.29% val_f1=0.8670 | test_acc=92.98% test_f1=0.9101
Epoch 024 | train_loss=0.4666 | val_acc=90.86% val_f1=0.8758 | test_acc=92.98% test_f1=0.9101
Epoch 025 | train_loss=0.4258 | val_acc=92.00% val_f1=0.8932 | test_acc=92.70% test_f1=0.9065
Epoch 026 | train_loss=0.4138 | val_acc=92.00% val_f1=0.8962 | test_acc=91.29% test_f1=0.8851
Epoch 027 | train_loss=0.3799 | val_acc=91.43% val_f1=0.8907 | test_acc=91.57% test_f1=0.8884
Epoch 028 | train_loss=0.3593 | val_acc=91.43% val_f1=0.8907 | test_acc=92.13% test_f1=0.8967
Epoch 029 | train_loss=0.3513 | val_acc=91.43% val_f1=0.8907 | test_acc=92.13% test_f1=0.8967
Epoch 030 | train_loss=0.3666 | val_acc=91.43% val_f1=0.8907 | test_acc=91.29% test_f1=0.8845
Epoch 031 | train_loss=0.3405 | val_acc=91.43% val_f1=0.8907 | test_acc=90.17% test_f1=0.8688
Epoch 032 | train_loss=0.3290 | val_acc=92.00% val_f1=0.8998 | test_acc=87.64% test_f1=0.8295
Epoch 033 | train_loss=0.3212 | val_acc=92.57% val_f1=0.9110 | test_acc=87.36% test_f1=0.8250
Epoch 034 | train_loss=0.2888 | val_acc=91.43% val_f1=0.8944 | test_acc=88.76% test_f1=0.8472
Epoch 035 | train_loss=0.3089 | val_acc=91.43% val_f1=0.8937 | test_acc=89.61% test_f1=0.8602
Epoch 036 | train_loss=0.2738 | val_acc=91.43% val_f1=0.8937 | test_acc=89.61% test_f1=0.8602
Epoch 037 | train_loss=0.2625 | val_acc=93.14% val_f1=0.9187 | test_acc=89.33% test_f1=0.8560
Epoch 038 | train_loss=0.2774 | val_acc=92.00% val_f1=0.9021 | test_acc=89.89% test_f1=0.8646
Epoch 039 | train_loss=0.2366 | val_acc=92.00% val_f1=0.8990 | test_acc=90.45% test_f1=0.8734
Epoch 040 | train_loss=0.2835 | val_acc=93.14% val_f1=0.9159 | test_acc=90.45% test_f1=0.8735
Epoch 041 | train_loss=0.2428 | val_acc=93.71% val_f1=0.9243 | test_acc=89.61% test_f1=0.8604
Epoch 042 | train_loss=0.2478 | val_acc=93.71% val_f1=0.9243 | test_acc=88.48% test_f1=0.8425
Epoch 043 | train_loss=0.2462 | val_acc=94.29% val_f1=0.9326 | test_acc=88.48% test_f1=0.8425
Epoch 044 | train_loss=0.2336 | val_acc=94.29% val_f1=0.9326 | test_acc=87.92% test_f1=0.8334
Epoch 045 | train_loss=0.2391 | val_acc=94.29% val_f1=0.9326 | test_acc=87.92% test_f1=0.8334
Epoch 046 | train_loss=0.2013 | val_acc=94.29% val_f1=0.9326 | test_acc=87.92% test_f1=0.8334
Epoch 047 | train_loss=0.2156 | val_acc=94.29% val_f1=0.9326 | test_acc=87.92% test_f1=0.8334
Epoch 048 | train_loss=0.2188 | val_acc=94.29% val_f1=0.9326 | test_acc=87.64% test_f1=0.8288
Epoch 049 | train_loss=0.2120 | val_acc=94.29% val_f1=0.9326 | test_acc=87.64% test_f1=0.8288
Epoch 050 | train_loss=0.2260 | val_acc=94.29% val_f1=0.9326 | test_acc=87.92% test_f1=0.8347
Epoch 051 | train_loss=0.1919 | val_acc=94.29% val_f1=0.9326 | test_acc=88.48% test_f1=0.8438
Epoch 052 | train_loss=0.2019 | val_acc=94.29% val_f1=0.9326 | test_acc=88.20% test_f1=0.8392
Epoch 053 | train_loss=0.2198 | val_acc=94.29% val_f1=0.9326 | test_acc=87.92% test_f1=0.8347
Epoch 054 | train_loss=0.1915 | val_acc=94.29% val_f1=0.9326 | test_acc=87.92% test_f1=0.8347
Epoch 055 | train_loss=0.1908 | val_acc=94.86% val_f1=0.9409 | test_acc=87.64% test_f1=0.8301
Epoch 056 | train_loss=0.1965 | val_acc=94.86% val_f1=0.9409 | test_acc=87.36% test_f1=0.8254
Epoch 057 | train_loss=0.1907 | val_acc=94.86% val_f1=0.9409 | test_acc=87.36% test_f1=0.8254
Epoch 058 | train_loss=0.2057 | val_acc=94.86% val_f1=0.9409 | test_acc=87.36% test_f1=0.8254
Epoch 059 | train_loss=0.1799 | val_acc=94.86% val_f1=0.9409 | test_acc=87.36% test_f1=0.8254
Epoch 060 | train_loss=0.2022 | val_acc=94.86% val_f1=0.9409 | test_acc=88.48% test_f1=0.8438
Epoch 061 | train_loss=0.1801 | val_acc=94.86% val_f1=0.9409 | test_acc=88.48% test_f1=0.8438
Epoch 062 | train_loss=0.1921 | val_acc=94.86% val_f1=0.9409 | test_acc=88.48% test_f1=0.8438
Epoch 063 | train_loss=0.1795 | val_acc=94.86% val_f1=0.9409 | test_acc=88.20% test_f1=0.8392
Epoch 064 | train_loss=0.2090 | val_acc=94.86% val_f1=0.9409 | test_acc=87.92% test_f1=0.8347
Epoch 065 | train_loss=0.1759 | val_acc=95.43% val_f1=0.9493 | test_acc=87.92% test_f1=0.8347
Epoch 066 | train_loss=0.1726 | val_acc=95.43% val_f1=0.9493 | test_acc=87.64% test_f1=0.8301
Epoch 067 | train_loss=0.1775 | val_acc=95.43% val_f1=0.9493 | test_acc=87.64% test_f1=0.8301
Epoch 068 | train_loss=0.1814 | val_acc=95.43% val_f1=0.9493 | test_acc=87.64% test_f1=0.8301
Epoch 069 | train_loss=0.1696 | val_acc=96.00% val_f1=0.9547 | test_acc=87.64% test_f1=0.8301
Epoch 070 | train_loss=0.1794 | val_acc=96.00% val_f1=0.9547 | test_acc=87.64% test_f1=0.8301
Epoch 071 | train_loss=0.1764 | val_acc=96.00% val_f1=0.9547 | test_acc=87.64% test_f1=0.8301
Epoch 072 | train_loss=0.1683 | val_acc=96.00% val_f1=0.9547 | test_acc=87.64% test_f1=0.8301
Epoch 073 | train_loss=0.1571 | val_acc=96.00% val_f1=0.9547 | test_acc=87.64% test_f1=0.8301
Epoch 074 | train_loss=0.1790 | val_acc=96.00% val_f1=0.9547 | test_acc=87.64% test_f1=0.8301
Epoch 075 | train_loss=0.1661 | val_acc=96.00% val_f1=0.9547 | test_acc=87.64% test_f1=0.8301
Epoch 076 | train_loss=0.1682 | val_acc=96.00% val_f1=0.9547 | test_acc=87.64% test_f1=0.8301
Epoch 077 | train_loss=0.1722 | val_acc=96.00% val_f1=0.9547 | test_acc=87.64% test_f1=0.8301
Epoch 078 | train_loss=0.1800 | val_acc=96.00% val_f1=0.9547 | test_acc=87.64% test_f1=0.8301
Epoch 079 | train_loss=0.1697 | val_acc=96.00% val_f1=0.9547 | test_acc=87.64% test_f1=0.8301
Epoch 080 | train_loss=0.1763 | val_acc=96.00% val_f1=0.9547 | test_acc=87.64% test_f1=0.8301
================================================================================
Best epoch: 69
Best score (val_macro_f1): 0.954748
Final test accuracy: 87.64%
Saved to: ablation_experiments/h1/results/comparison_18d_baselines/gru/gru_weld_seam_windows_ws5_tf75_pg0_h1_h96_l1_uni_do0.2_ep80_lr0.0001_wd0.0001_bs128_seed183
================================================================================
Comparison baseline | model=gru
================================================================================
Dataset: /home/huang_kai/wind_turbine_phm/PHOENIX-main/autoencoder_benchmark/Data/processed_data/weld_seam_windows_ws5_tf75_pg0_h1.npz
Device: cuda
Train/Val/Test: 990 / 175 / 356
Epoch 001 | train_loss=1.0376 | val_acc=32.00% val_f1=0.2766 | test_acc=34.27% test_f1=0.3502
Epoch 002 | train_loss=0.9665 | val_acc=45.71% val_f1=0.4538 | test_acc=52.25% test_f1=0.5623
Epoch 003 | train_loss=0.8799 | val_acc=73.14% val_f1=0.7151 | test_acc=75.28% test_f1=0.7647
Epoch 004 | train_loss=0.7676 | val_acc=80.57% val_f1=0.7791 | test_acc=93.54% test_f1=0.9211
Epoch 005 | train_loss=0.6641 | val_acc=81.71% val_f1=0.7920 | test_acc=95.51% test_f1=0.9428
Epoch 006 | train_loss=0.5824 | val_acc=86.29% val_f1=0.8411 | test_acc=97.19% test_f1=0.9597
Epoch 007 | train_loss=0.4740 | val_acc=86.86% val_f1=0.8441 | test_acc=95.51% test_f1=0.9345
Epoch 008 | train_loss=0.3724 | val_acc=89.14% val_f1=0.8720 | test_acc=93.82% test_f1=0.9088
Epoch 009 | train_loss=0.3025 | val_acc=92.00% val_f1=0.9096 | test_acc=92.70% test_f1=0.8899
Epoch 010 | train_loss=0.2527 | val_acc=92.57% val_f1=0.9149 | test_acc=92.70% test_f1=0.8932
Epoch 011 | train_loss=0.2198 | val_acc=94.29% val_f1=0.9336 | test_acc=90.17% test_f1=0.8605
Epoch 012 | train_loss=0.1780 | val_acc=95.43% val_f1=0.9472 | test_acc=89.04% test_f1=0.8469
Epoch 013 | train_loss=0.1636 | val_acc=95.43% val_f1=0.9446 | test_acc=89.33% test_f1=0.8530
Epoch 014 | train_loss=0.1598 | val_acc=97.14% val_f1=0.9664 | test_acc=89.04% test_f1=0.8500
Epoch 015 | train_loss=0.1357 | val_acc=97.71% val_f1=0.9724 | test_acc=88.48% test_f1=0.8408
Epoch 016 | train_loss=0.1194 | val_acc=98.29% val_f1=0.9803 | test_acc=89.33% test_f1=0.8545
Epoch 017 | train_loss=0.0922 | val_acc=98.29% val_f1=0.9782 | test_acc=88.20% test_f1=0.8378
Epoch 018 | train_loss=0.0892 | val_acc=98.29% val_f1=0.9782 | test_acc=86.80% test_f1=0.8143
Epoch 019 | train_loss=0.0659 | val_acc=98.86% val_f1=0.9862 | test_acc=88.48% test_f1=0.8423
Epoch 020 | train_loss=0.0573 | val_acc=98.86% val_f1=0.9862 | test_acc=88.48% test_f1=0.8438
Epoch 021 | train_loss=0.0690 | val_acc=98.86% val_f1=0.9862 | test_acc=89.04% test_f1=0.8528
Epoch 022 | train_loss=0.0455 | val_acc=98.86% val_f1=0.9862 | test_acc=89.04% test_f1=0.8528
Epoch 023 | train_loss=0.0489 | val_acc=98.29% val_f1=0.9782 | test_acc=87.64% test_f1=0.8301
Epoch 024 | train_loss=0.0423 | val_acc=98.86% val_f1=0.9862 | test_acc=88.48% test_f1=0.8452
Epoch 025 | train_loss=0.0343 | val_acc=98.86% val_f1=0.9862 | test_acc=88.48% test_f1=0.8465
Epoch 026 | train_loss=0.0379 | val_acc=98.86% val_f1=0.9862 | test_acc=88.48% test_f1=0.8465
Epoch 027 | train_loss=0.0391 | val_acc=98.86% val_f1=0.9862 | test_acc=88.76% test_f1=0.8496
Epoch 028 | train_loss=0.0307 | val_acc=98.86% val_f1=0.9862 | test_acc=87.08% test_f1=0.8223
Epoch 029 | train_loss=0.0313 | val_acc=98.86% val_f1=0.9862 | test_acc=89.33% test_f1=0.8572
Epoch 030 | train_loss=0.0339 | val_acc=98.86% val_f1=0.9862 | test_acc=89.61% test_f1=0.8629
Epoch 031 | train_loss=0.0279 | val_acc=98.86% val_f1=0.9862 | test_acc=88.76% test_f1=0.8509
Epoch 032 | train_loss=0.0223 | val_acc=98.86% val_f1=0.9862 | test_acc=86.52% test_f1=0.8145
Epoch 033 | train_loss=0.0266 | val_acc=98.86% val_f1=0.9862 | test_acc=89.04% test_f1=0.8541
Epoch 034 | train_loss=0.0193 | val_acc=98.86% val_f1=0.9862 | test_acc=86.80% test_f1=0.8176
Epoch 035 | train_loss=0.0173 | val_acc=98.86% val_f1=0.9862 | test_acc=85.67% test_f1=0.8019
Early stopping at epoch 35 (best=19, score=0.986227)
================================================================================
Best epoch: 19
Best score (val_macro_f1): 0.986227
Final test accuracy: 88.48%
Saved to: ablation_experiments/h1/results/comparison_18d_baselines/gru/gru_weld_seam_windows_ws5_tf75_pg0_h1_h64_l2_bi_do0.2_ep80_lr0.0001_wd0.0001_bs64_seed122
================================================================================
Comparison baseline | model=gru
================================================================================
Dataset: /home/huang_kai/wind_turbine_phm/PHOENIX-main/autoencoder_benchmark/Data/processed_data/weld_seam_windows_ws5_tf75_pg0_h1.npz
Device: cuda
Train/Val/Test: 990 / 175 / 356
Epoch 001 | train_loss=1.0384 | val_acc=81.71% val_f1=0.7656 | test_acc=94.10% test_f1=0.9214
Epoch 002 | train_loss=0.8806 | val_acc=80.57% val_f1=0.7564 | test_acc=95.22% test_f1=0.9320
Epoch 003 | train_loss=0.7097 | val_acc=82.29% val_f1=0.7788 | test_acc=96.63% test_f1=0.9512
Epoch 004 | train_loss=0.5935 | val_acc=85.71% val_f1=0.8265 | test_acc=96.63% test_f1=0.9533
Epoch 005 | train_loss=0.4790 | val_acc=87.43% val_f1=0.8482 | test_acc=94.10% test_f1=0.9160
Epoch 006 | train_loss=0.3946 | val_acc=89.71% val_f1=0.8826 | test_acc=91.85% test_f1=0.8812
Epoch 007 | train_loss=0.3300 | val_acc=91.43% val_f1=0.9013 | test_acc=91.29% test_f1=0.8715
Epoch 008 | train_loss=0.2667 | val_acc=91.43% val_f1=0.9013 | test_acc=90.73% test_f1=0.8635
Epoch 009 | train_loss=0.2203 | val_acc=92.00% val_f1=0.9093 | test_acc=89.61% test_f1=0.8529
Epoch 010 | train_loss=0.1594 | val_acc=92.57% val_f1=0.9143 | test_acc=87.36% test_f1=0.8221
Epoch 011 | train_loss=0.1698 | val_acc=94.29% val_f1=0.9327 | test_acc=88.20% test_f1=0.8378
Epoch 012 | train_loss=0.1222 | val_acc=96.00% val_f1=0.9512 | test_acc=88.48% test_f1=0.8423
Epoch 013 | train_loss=0.0993 | val_acc=97.14% val_f1=0.9647 | test_acc=85.67% test_f1=0.7967
Epoch 014 | train_loss=0.0768 | val_acc=98.29% val_f1=0.9755 | test_acc=86.80% test_f1=0.8160
Epoch 015 | train_loss=0.0682 | val_acc=97.14% val_f1=0.9647 | test_acc=86.24% test_f1=0.8065
Epoch 016 | train_loss=0.0662 | val_acc=97.14% val_f1=0.9647 | test_acc=87.92% test_f1=0.8331
Epoch 017 | train_loss=0.0616 | val_acc=100.00% val_f1=1.0000 | test_acc=89.04% test_f1=0.8528
Epoch 018 | train_loss=0.0496 | val_acc=97.71% val_f1=0.9697 | test_acc=83.71% test_f1=0.7695
Epoch 019 | train_loss=0.0399 | val_acc=97.71% val_f1=0.9697 | test_acc=83.99% test_f1=0.7780
Epoch 020 | train_loss=0.0417 | val_acc=98.29% val_f1=0.9779 | test_acc=84.27% test_f1=0.7812
Epoch 021 | train_loss=0.0284 | val_acc=98.86% val_f1=0.9837 | test_acc=83.43% test_f1=0.7644
Epoch 022 | train_loss=0.0388 | val_acc=98.86% val_f1=0.9837 | test_acc=85.39% test_f1=0.7937
Epoch 023 | train_loss=0.0264 | val_acc=99.43% val_f1=0.9919 | test_acc=84.83% test_f1=0.7892
Epoch 024 | train_loss=0.0266 | val_acc=99.43% val_f1=0.9942 | test_acc=85.11% test_f1=0.7986
Epoch 025 | train_loss=0.0224 | val_acc=98.86% val_f1=0.9837 | test_acc=81.74% test_f1=0.7395
Epoch 026 | train_loss=0.0223 | val_acc=100.00% val_f1=1.0000 | test_acc=85.11% test_f1=0.7940
Epoch 027 | train_loss=0.0156 | val_acc=99.43% val_f1=0.9919 | test_acc=83.15% test_f1=0.7650
Epoch 028 | train_loss=0.0226 | val_acc=100.00% val_f1=1.0000 | test_acc=84.27% test_f1=0.7874
Epoch 029 | train_loss=0.0216 | val_acc=100.00% val_f1=1.0000 | test_acc=83.71% test_f1=0.7779
Epoch 030 | train_loss=0.0242 | val_acc=100.00% val_f1=1.0000 | test_acc=84.55% test_f1=0.7892
Epoch 031 | train_loss=0.0135 | val_acc=100.00% val_f1=1.0000 | test_acc=83.43% test_f1=0.7682
Epoch 032 | train_loss=0.0138 | val_acc=100.00% val_f1=1.0000 | test_acc=82.87% test_f1=0.7581
Epoch 033 | train_loss=0.0134 | val_acc=100.00% val_f1=1.0000 | test_acc=82.58% test_f1=0.7568
Early stopping at epoch 33 (best=17, score=1.000000)
================================================================================
Best epoch: 17
Best score (val_macro_f1): 1.000000
Final test accuracy: 89.04%
Saved to: ablation_experiments/h1/results/comparison_18d_baselines/gru/gru_weld_seam_windows_ws5_tf75_pg0_h1_h96_l1_bi_do0.1_ep80_lr0.0002_wd0.0002_bs64_seed100
================================================================================
Comparison baseline | model=gru
================================================================================
Dataset: /home/huang_kai/wind_turbine_phm/PHOENIX-main/autoencoder_benchmark/Data/processed_data/weld_seam_windows_ws5_tf75_pg0_h1.npz
Device: cuda
Train/Val/Test: 990 / 175 / 356
Epoch 001 | train_loss=1.0990 | val_acc=74.29% val_f1=0.6627 | test_acc=55.34% test_f1=0.2945
Epoch 002 | train_loss=1.0747 | val_acc=86.86% val_f1=0.8397 | test_acc=82.87% test_f1=0.8284
Epoch 003 | train_loss=1.0437 | val_acc=73.14% val_f1=0.7037 | test_acc=81.46% test_f1=0.8211
Epoch 004 | train_loss=0.9982 | val_acc=70.86% val_f1=0.6702 | test_acc=80.34% test_f1=0.8055
Epoch 005 | train_loss=0.9479 | val_acc=76.00% val_f1=0.6973 | test_acc=83.15% test_f1=0.8210
Epoch 006 | train_loss=0.8745 | val_acc=80.57% val_f1=0.7371 | test_acc=88.76% test_f1=0.8656
Epoch 007 | train_loss=0.7729 | val_acc=83.43% val_f1=0.7706 | test_acc=89.61% test_f1=0.8702
Epoch 008 | train_loss=0.6907 | val_acc=85.71% val_f1=0.8038 | test_acc=88.48% test_f1=0.8488
Epoch 009 | train_loss=0.6091 | val_acc=89.71% val_f1=0.8624 | test_acc=86.52% test_f1=0.8210
Epoch 010 | train_loss=0.5222 | val_acc=92.57% val_f1=0.9012 | test_acc=87.08% test_f1=0.8362
Epoch 011 | train_loss=0.4290 | val_acc=93.14% val_f1=0.9095 | test_acc=91.01% test_f1=0.8895
Epoch 012 | train_loss=0.3470 | val_acc=96.57% val_f1=0.9613 | test_acc=89.89% test_f1=0.8673
Epoch 013 | train_loss=0.2624 | val_acc=96.57% val_f1=0.9613 | test_acc=89.89% test_f1=0.8680
Epoch 014 | train_loss=0.2125 | val_acc=97.14% val_f1=0.9694 | test_acc=88.76% test_f1=0.8504
Epoch 015 | train_loss=0.1687 | val_acc=97.71% val_f1=0.9775 | test_acc=86.80% test_f1=0.8201
Epoch 016 | train_loss=0.1283 | val_acc=97.71% val_f1=0.9775 | test_acc=88.20% test_f1=0.8442
Epoch 017 | train_loss=0.1095 | val_acc=97.71% val_f1=0.9775 | test_acc=84.83% test_f1=0.7875
Epoch 018 | train_loss=0.0922 | val_acc=98.29% val_f1=0.9830 | test_acc=88.76% test_f1=0.8521
Epoch 019 | train_loss=0.0978 | val_acc=99.43% val_f1=0.9943 | test_acc=86.80% test_f1=0.8281
Epoch 020 | train_loss=0.0650 | val_acc=99.43% val_f1=0.9943 | test_acc=82.87% test_f1=0.7666
Epoch 021 | train_loss=0.0733 | val_acc=99.43% val_f1=0.9943 | test_acc=86.80% test_f1=0.8281
Epoch 022 | train_loss=0.0465 | val_acc=98.29% val_f1=0.9830 | test_acc=83.99% test_f1=0.7780
Epoch 023 | train_loss=0.0544 | val_acc=98.29% val_f1=0.9805 | test_acc=87.92% test_f1=0.8435
Epoch 024 | train_loss=0.0417 | val_acc=99.43% val_f1=0.9943 | test_acc=83.15% test_f1=0.7667
Epoch 025 | train_loss=0.0527 | val_acc=99.43% val_f1=0.9919 | test_acc=86.24% test_f1=0.8193
Epoch 026 | train_loss=0.0335 | val_acc=99.43% val_f1=0.9919 | test_acc=83.99% test_f1=0.7889
Epoch 027 | train_loss=0.0405 | val_acc=100.00% val_f1=1.0000 | test_acc=82.30% test_f1=0.7599
Epoch 028 | train_loss=0.0370 | val_acc=99.43% val_f1=0.9919 | test_acc=86.80% test_f1=0.8291
Epoch 029 | train_loss=0.0235 | val_acc=100.00% val_f1=1.0000 | test_acc=85.39% test_f1=0.8070
Epoch 030 | train_loss=0.0279 | val_acc=99.43% val_f1=0.9919 | test_acc=85.11% test_f1=0.8036
Epoch 031 | train_loss=0.0299 | val_acc=99.43% val_f1=0.9919 | test_acc=84.83% test_f1=0.8002
Epoch 032 | train_loss=0.0236 | val_acc=100.00% val_f1=1.0000 | test_acc=83.71% test_f1=0.7820
Epoch 033 | train_loss=0.0343 | val_acc=99.43% val_f1=0.9919 | test_acc=84.27% test_f1=0.7912
Epoch 034 | train_loss=0.0238 | val_acc=99.43% val_f1=0.9919 | test_acc=84.27% test_f1=0.7933
Epoch 035 | train_loss=0.0223 | val_acc=100.00% val_f1=1.0000 | test_acc=82.87% test_f1=0.7680
Epoch 036 | train_loss=0.0209 | val_acc=99.43% val_f1=0.9919 | test_acc=82.58% test_f1=0.7672
Epoch 037 | train_loss=0.0227 | val_acc=99.43% val_f1=0.9919 | test_acc=83.43% test_f1=0.7828
Epoch 038 | train_loss=0.0237 | val_acc=99.43% val_f1=0.9919 | test_acc=82.87% test_f1=0.7756
Epoch 039 | train_loss=0.0368 | val_acc=99.43% val_f1=0.9919 | test_acc=83.15% test_f1=0.7763
Epoch 040 | train_loss=0.0269 | val_acc=99.43% val_f1=0.9919 | test_acc=82.87% test_f1=0.7706
Epoch 041 | train_loss=0.0124 | val_acc=99.43% val_f1=0.9919 | test_acc=81.46% test_f1=0.7469
Epoch 042 | train_loss=0.0306 | val_acc=99.43% val_f1=0.9919 | test_acc=79.49% test_f1=0.7212
Epoch 043 | train_loss=0.0129 | val_acc=99.43% val_f1=0.9919 | test_acc=79.49% test_f1=0.7212
Early stopping at epoch 43 (best=27, score=1.000000)
================================================================================
Best epoch: 27
Best score (val_macro_f1): 1.000000
Final test accuracy: 82.30%
Saved to: ablation_experiments/h1/results/comparison_18d_baselines/gru/gru_weld_seam_windows_ws5_tf75_pg0_h1_h64_l3_uni_do0.1_ep80_lr0.0002_wd0.0005_bs128_seed77
================================================================================
Comparison baseline | model=gru
================================================================================
Dataset: /home/huang_kai/wind_turbine_phm/PHOENIX-main/autoencoder_benchmark/Data/processed_data/weld_seam_windows_ws5_tf75_pg0_h1.npz
Device: cuda
Train/Val/Test: 990 / 175 / 356
Epoch 001 | train_loss=1.0713 | val_acc=33.71% val_f1=0.2430 | test_acc=70.79% test_f1=0.5145
Epoch 002 | train_loss=1.0127 | val_acc=78.29% val_f1=0.7943 | test_acc=87.64% test_f1=0.7992
Epoch 003 | train_loss=0.9449 | val_acc=82.29% val_f1=0.8084 | test_acc=94.94% test_f1=0.9242
Epoch 004 | train_loss=0.8903 | val_acc=83.43% val_f1=0.8101 | test_acc=98.60% test_f1=0.9805
Epoch 005 | train_loss=0.8108 | val_acc=82.86% val_f1=0.7950 | test_acc=98.60% test_f1=0.9805
Epoch 006 | train_loss=0.7322 | val_acc=82.86% val_f1=0.7913 | test_acc=98.31% test_f1=0.9763
Epoch 007 | train_loss=0.6588 | val_acc=84.00% val_f1=0.7914 | test_acc=98.31% test_f1=0.9763
Epoch 008 | train_loss=0.5812 | val_acc=86.86% val_f1=0.8215 | test_acc=98.31% test_f1=0.9763
Epoch 009 | train_loss=0.5245 | val_acc=89.14% val_f1=0.8526 | test_acc=98.31% test_f1=0.9763
Epoch 010 | train_loss=0.4565 | val_acc=90.29% val_f1=0.8703 | test_acc=98.03% test_f1=0.9722
Epoch 011 | train_loss=0.4179 | val_acc=90.29% val_f1=0.8703 | test_acc=95.22% test_f1=0.9327
Epoch 012 | train_loss=0.3843 | val_acc=92.57% val_f1=0.9052 | test_acc=93.26% test_f1=0.9027
Epoch 013 | train_loss=0.3339 | val_acc=92.57% val_f1=0.9052 | test_acc=93.82% test_f1=0.9113
Epoch 014 | train_loss=0.2902 | val_acc=93.71% val_f1=0.9201 | test_acc=92.42% test_f1=0.8895
Epoch 015 | train_loss=0.2599 | val_acc=93.71% val_f1=0.9228 | test_acc=91.29% test_f1=0.8739
Epoch 016 | train_loss=0.2237 | val_acc=93.14% val_f1=0.9146 | test_acc=92.70% test_f1=0.8978
Epoch 017 | train_loss=0.2095 | val_acc=94.86% val_f1=0.9364 | test_acc=90.73% test_f1=0.8664
Epoch 018 | train_loss=0.1853 | val_acc=95.43% val_f1=0.9446 | test_acc=89.61% test_f1=0.8512
Epoch 019 | train_loss=0.1779 | val_acc=94.86% val_f1=0.9391 | test_acc=89.89% test_f1=0.8559
Epoch 020 | train_loss=0.1519 | val_acc=95.43% val_f1=0.9451 | test_acc=89.89% test_f1=0.8559
Epoch 021 | train_loss=0.1281 | val_acc=96.57% val_f1=0.9612 | test_acc=87.36% test_f1=0.8127
Epoch 022 | train_loss=0.1160 | val_acc=98.29% val_f1=0.9803 | test_acc=87.92% test_f1=0.8282
Epoch 023 | train_loss=0.1003 | val_acc=97.71% val_f1=0.9723 | test_acc=90.45% test_f1=0.8695
Epoch 024 | train_loss=0.0965 | val_acc=98.29% val_f1=0.9803 | test_acc=89.33% test_f1=0.8545
Epoch 025 | train_loss=0.0737 | val_acc=98.29% val_f1=0.9803 | test_acc=87.08% test_f1=0.8174
Epoch 026 | train_loss=0.0823 | val_acc=98.29% val_f1=0.9803 | test_acc=89.89% test_f1=0.8634
Epoch 027 | train_loss=0.0674 | val_acc=98.29% val_f1=0.9803 | test_acc=88.76% test_f1=0.8454
Epoch 028 | train_loss=0.0654 | val_acc=98.29% val_f1=0.9803 | test_acc=87.64% test_f1=0.8269
Epoch 029 | train_loss=0.0721 | val_acc=98.29% val_f1=0.9803 | test_acc=89.04% test_f1=0.8514
Epoch 030 | train_loss=0.0575 | val_acc=98.29% val_f1=0.9803 | test_acc=88.76% test_f1=0.8483
Epoch 031 | train_loss=0.0519 | val_acc=98.29% val_f1=0.9803 | test_acc=86.52% test_f1=0.8095
Epoch 032 | train_loss=0.0458 | val_acc=98.29% val_f1=0.9803 | test_acc=87.92% test_f1=0.8347
Epoch 033 | train_loss=0.0456 | val_acc=98.86% val_f1=0.9859 | test_acc=86.24% test_f1=0.8082
Epoch 034 | train_loss=0.0538 | val_acc=98.86% val_f1=0.9859 | test_acc=87.92% test_f1=0.8361
Epoch 035 | train_loss=0.0444 | val_acc=98.86% val_f1=0.9859 | test_acc=87.36% test_f1=0.8269
Epoch 036 | train_loss=0.0337 | val_acc=98.86% val_f1=0.9859 | test_acc=84.27% test_f1=0.7737
Epoch 037 | train_loss=0.0362 | val_acc=98.86% val_f1=0.9859 | test_acc=85.11% test_f1=0.7887
Epoch 038 | train_loss=0.0406 | val_acc=98.86% val_f1=0.9859 | test_acc=87.08% test_f1=0.8223
Epoch 039 | train_loss=0.0391 | val_acc=98.86% val_f1=0.9859 | test_acc=85.67% test_f1=0.7986
Epoch 040 | train_loss=0.0302 | val_acc=98.86% val_f1=0.9859 | test_acc=85.96% test_f1=0.8034
Epoch 041 | train_loss=0.0416 | val_acc=98.86% val_f1=0.9859 | test_acc=85.67% test_f1=0.7967
Epoch 042 | train_loss=0.0279 | val_acc=98.86% val_f1=0.9859 | test_acc=86.52% test_f1=0.8129
Epoch 043 | train_loss=0.0259 | val_acc=98.86% val_f1=0.9859 | test_acc=86.80% test_f1=0.8176
Epoch 044 | train_loss=0.0342 | val_acc=98.29% val_f1=0.9779 | test_acc=87.08% test_f1=0.8223
Epoch 045 | train_loss=0.0293 | val_acc=98.29% val_f1=0.9779 | test_acc=87.36% test_f1=0.8269
Epoch 046 | train_loss=0.0267 | val_acc=98.86% val_f1=0.9859 | test_acc=85.96% test_f1=0.8051
Epoch 047 | train_loss=0.0224 | val_acc=98.86% val_f1=0.9859 | test_acc=84.55% test_f1=0.7807
Epoch 048 | train_loss=0.0308 | val_acc=98.86% val_f1=0.9859 | test_acc=84.55% test_f1=0.7807
Epoch 049 | train_loss=0.0260 | val_acc=98.29% val_f1=0.9779 | test_acc=85.96% test_f1=0.8051
Early stopping at epoch 49 (best=33, score=0.985943)
================================================================================
Best epoch: 33
Best score (val_macro_f1): 0.985943
Final test accuracy: 86.24%
Saved to: ablation_experiments/h1/results/comparison_18d_baselines/gru/gru_weld_seam_windows_ws5_tf75_pg0_h1_h96_l1_uni_do0.3_ep80_lr0.0002_wd0.0001_bs128_seed122
================================================================================
Comparison baseline | model=gru
================================================================================
Dataset: /home/huang_kai/wind_turbine_phm/PHOENIX-main/autoencoder_benchmark/Data/processed_data/weld_seam_windows_ws5_tf75_pg0_h1.npz
Device: cuda
Train/Val/Test: 990 / 175 / 356
Epoch 001 | train_loss=1.0079 | val_acc=47.43% val_f1=0.5007 | test_acc=67.42% test_f1=0.7176
Epoch 002 | train_loss=0.6732 | val_acc=92.00% val_f1=0.8918 | test_acc=88.48% test_f1=0.8541
Epoch 003 | train_loss=0.3328 | val_acc=95.43% val_f1=0.9538 | test_acc=90.73% test_f1=0.8753
Epoch 004 | train_loss=0.1764 | val_acc=97.14% val_f1=0.9619 | test_acc=88.20% test_f1=0.8543
Epoch 005 | train_loss=0.1424 | val_acc=96.57% val_f1=0.9644 | test_acc=90.45% test_f1=0.8759
Epoch 006 | train_loss=0.0617 | val_acc=98.29% val_f1=0.9804 | test_acc=81.46% test_f1=0.7580
Epoch 007 | train_loss=0.0482 | val_acc=98.86% val_f1=0.9886 | test_acc=88.20% test_f1=0.8505
Epoch 008 | train_loss=0.0475 | val_acc=99.43% val_f1=0.9943 | test_acc=82.02% test_f1=0.7590
Epoch 009 | train_loss=0.0369 | val_acc=98.86% val_f1=0.9885 | test_acc=80.34% test_f1=0.7394
Epoch 010 | train_loss=0.0286 | val_acc=98.86% val_f1=0.9862 | test_acc=78.37% test_f1=0.6962
Epoch 011 | train_loss=0.0289 | val_acc=97.71% val_f1=0.9701 | test_acc=78.93% test_f1=0.7048
Epoch 012 | train_loss=0.0228 | val_acc=98.29% val_f1=0.9804 | test_acc=76.97% test_f1=0.6907
Epoch 013 | train_loss=0.0085 | val_acc=99.43% val_f1=0.9943 | test_acc=83.15% test_f1=0.7763
Epoch 014 | train_loss=0.0428 | val_acc=99.43% val_f1=0.9943 | test_acc=85.67% test_f1=0.8195
Epoch 015 | train_loss=0.0316 | val_acc=99.43% val_f1=0.9943 | test_acc=84.27% test_f1=0.7994
Epoch 016 | train_loss=0.0324 | val_acc=99.43% val_f1=0.9943 | test_acc=87.64% test_f1=0.8455
Epoch 017 | train_loss=0.0173 | val_acc=99.43% val_f1=0.9943 | test_acc=86.24% test_f1=0.8246
Epoch 018 | train_loss=0.0129 | val_acc=99.43% val_f1=0.9943 | test_acc=81.18% test_f1=0.7504
Epoch 019 | train_loss=0.0140 | val_acc=99.43% val_f1=0.9942 | test_acc=77.81% test_f1=0.7041
Epoch 020 | train_loss=0.0198 | val_acc=98.86% val_f1=0.9862 | test_acc=81.74% test_f1=0.7453
Epoch 021 | train_loss=0.0123 | val_acc=100.00% val_f1=1.0000 | test_acc=78.37% test_f1=0.7097
Epoch 022 | train_loss=0.0159 | val_acc=99.43% val_f1=0.9943 | test_acc=82.02% test_f1=0.7520
Epoch 023 | train_loss=0.0191 | val_acc=98.86% val_f1=0.9862 | test_acc=79.49% test_f1=0.7257
Epoch 024 | train_loss=0.0169 | val_acc=99.43% val_f1=0.9942 | test_acc=82.87% test_f1=0.7792
Epoch 025 | train_loss=0.0093 | val_acc=100.00% val_f1=1.0000 | test_acc=78.37% test_f1=0.7056
Epoch 026 | train_loss=0.0106 | val_acc=99.43% val_f1=0.9943 | test_acc=83.15% test_f1=0.7823
Epoch 027 | train_loss=0.0105 | val_acc=100.00% val_f1=1.0000 | test_acc=81.46% test_f1=0.7565
Epoch 028 | train_loss=0.0057 | val_acc=99.43% val_f1=0.9919 | test_acc=78.93% test_f1=0.7152
Epoch 029 | train_loss=0.0070 | val_acc=100.00% val_f1=1.0000 | test_acc=81.74% test_f1=0.7609
Epoch 030 | train_loss=0.0039 | val_acc=99.43% val_f1=0.9919 | test_acc=76.40% test_f1=0.6773
Epoch 031 | train_loss=0.0067 | val_acc=100.00% val_f1=1.0000 | test_acc=80.62% test_f1=0.7463
Epoch 032 | train_loss=0.0040 | val_acc=99.43% val_f1=0.9942 | test_acc=75.28% test_f1=0.6648
Epoch 033 | train_loss=0.0036 | val_acc=99.43% val_f1=0.9942 | test_acc=77.25% test_f1=0.6958
Epoch 034 | train_loss=0.0039 | val_acc=98.86% val_f1=0.9861 | test_acc=75.84% test_f1=0.6724
Epoch 035 | train_loss=0.0022 | val_acc=99.43% val_f1=0.9942 | test_acc=75.28% test_f1=0.6652
Epoch 036 | train_loss=0.0018 | val_acc=99.43% val_f1=0.9942 | test_acc=76.12% test_f1=0.6787
Epoch 037 | train_loss=0.0039 | val_acc=99.43% val_f1=0.9942 | test_acc=79.21% test_f1=0.7253
Early stopping at epoch 37 (best=21, score=1.000000)
================================================================================
Best epoch: 21
Best score (val_macro_f1): 1.000000
Final test accuracy: 78.37%
Saved to: ablation_experiments/h1/results/comparison_18d_baselines/gru/gru_weld_seam_windows_ws5_tf75_pg0_h1_h128_l3_uni_do0.1_ep80_lr0.0005_wd0.0001_bs64_seed14
================================================================================
Comparison baseline | model=gru
================================================================================
Dataset: /home/huang_kai/wind_turbine_phm/PHOENIX-main/autoencoder_benchmark/Data/processed_data/weld_seam_windows_ws5_tf75_pg0_h1.npz
Device: cuda
Train/Val/Test: 990 / 175 / 356
Epoch 001 | train_loss=1.0718 | val_acc=73.14% val_f1=0.5339 | test_acc=75.56% test_f1=0.5480
Epoch 002 | train_loss=0.9729 | val_acc=75.43% val_f1=0.5497 | test_acc=76.69% test_f1=0.5722
Epoch 003 | train_loss=0.7965 | val_acc=77.14% val_f1=0.5880 | test_acc=76.69% test_f1=0.5814
Epoch 004 | train_loss=0.6877 | val_acc=84.57% val_f1=0.7644 | test_acc=79.21% test_f1=0.6674
Epoch 005 | train_loss=0.5014 | val_acc=91.43% val_f1=0.8788 | test_acc=82.30% test_f1=0.7553
Epoch 006 | train_loss=0.3650 | val_acc=95.43% val_f1=0.9409 | test_acc=90.45% test_f1=0.8748
Epoch 007 | train_loss=0.2284 | val_acc=96.57% val_f1=0.9663 | test_acc=88.20% test_f1=0.8255
Epoch 008 | train_loss=0.1462 | val_acc=97.14% val_f1=0.9721 | test_acc=89.04% test_f1=0.8419
Epoch 009 | train_loss=0.1282 | val_acc=98.29% val_f1=0.9830 | test_acc=87.36% test_f1=0.8186
Epoch 010 | train_loss=0.1051 | val_acc=97.14% val_f1=0.9721 | test_acc=91.01% test_f1=0.8756
Epoch 011 | train_loss=0.0941 | val_acc=98.86% val_f1=0.9886 | test_acc=85.67% test_f1=0.7986
Epoch 012 | train_loss=0.0696 | val_acc=98.29% val_f1=0.9780 | test_acc=89.04% test_f1=0.8577
Epoch 013 | train_loss=0.0440 | val_acc=98.86% val_f1=0.9886 | test_acc=86.52% test_f1=0.8113
Epoch 014 | train_loss=0.0578 | val_acc=99.43% val_f1=0.9943 | test_acc=85.67% test_f1=0.8003
Epoch 015 | train_loss=0.0398 | val_acc=99.43% val_f1=0.9919 | test_acc=87.36% test_f1=0.8368
Epoch 016 | train_loss=0.0677 | val_acc=98.29% val_f1=0.9805 | test_acc=87.92% test_f1=0.8375
Epoch 017 | train_loss=0.0328 | val_acc=98.86% val_f1=0.9861 | test_acc=85.67% test_f1=0.8003
Epoch 018 | train_loss=0.0414 | val_acc=100.00% val_f1=1.0000 | test_acc=80.62% test_f1=0.7366
Epoch 019 | train_loss=0.0394 | val_acc=100.00% val_f1=1.0000 | test_acc=82.87% test_f1=0.7581
Epoch 020 | train_loss=0.0310 | val_acc=99.43% val_f1=0.9919 | test_acc=84.55% test_f1=0.7877
Epoch 021 | train_loss=0.0316 | val_acc=99.43% val_f1=0.9919 | test_acc=81.74% test_f1=0.7453
Epoch 022 | train_loss=0.0332 | val_acc=99.43% val_f1=0.9919 | test_acc=85.67% test_f1=0.8019
Epoch 023 | train_loss=0.0321 | val_acc=99.43% val_f1=0.9919 | test_acc=85.67% test_f1=0.8103
Epoch 024 | train_loss=0.0378 | val_acc=100.00% val_f1=1.0000 | test_acc=81.18% test_f1=0.7331
Epoch 025 | train_loss=0.0151 | val_acc=99.43% val_f1=0.9919 | test_acc=83.15% test_f1=0.7613
Epoch 026 | train_loss=0.0135 | val_acc=99.43% val_f1=0.9919 | test_acc=84.27% test_f1=0.7812
Epoch 027 | train_loss=0.0160 | val_acc=100.00% val_f1=1.0000 | test_acc=81.74% test_f1=0.7453
Epoch 028 | train_loss=0.0205 | val_acc=99.43% val_f1=0.9919 | test_acc=82.87% test_f1=0.7600
Epoch 029 | train_loss=0.0153 | val_acc=99.43% val_f1=0.9919 | test_acc=84.55% test_f1=0.7907
Epoch 030 | train_loss=0.0103 | val_acc=100.00% val_f1=1.0000 | test_acc=81.74% test_f1=0.7453
Epoch 031 | train_loss=0.0350 | val_acc=99.43% val_f1=0.9919 | test_acc=85.11% test_f1=0.8025
Epoch 032 | train_loss=0.0321 | val_acc=98.86% val_f1=0.9837 | test_acc=85.96% test_f1=0.8148
Epoch 033 | train_loss=0.0277 | val_acc=100.00% val_f1=1.0000 | test_acc=80.62% test_f1=0.7203
Epoch 034 | train_loss=0.0121 | val_acc=99.43% val_f1=0.9919 | test_acc=82.87% test_f1=0.7600
Early stopping at epoch 34 (best=18, score=1.000000)
================================================================================
Best epoch: 18
Best score (val_macro_f1): 1.000000
Final test accuracy: 80.62%
Saved to: ablation_experiments/h1/results/comparison_18d_baselines/gru/gru_weld_seam_windows_ws5_tf75_pg0_h1_h128_l2_uni_do0.1_ep80_lr0.0002_wd0.0005_bs64_seed77
================================================================================
Comparison baseline | model=gru
================================================================================
Dataset: /home/huang_kai/wind_turbine_phm/PHOENIX-main/autoencoder_benchmark/Data/processed_data/weld_seam_windows_ws5_tf75_pg0_h1.npz
Device: cuda
Train/Val/Test: 990 / 175 / 356
Epoch 001 | train_loss=1.0501 | val_acc=45.71% val_f1=0.4776 | test_acc=39.04% test_f1=0.4240
Epoch 002 | train_loss=0.9473 | val_acc=65.14% val_f1=0.6488 | test_acc=76.69% test_f1=0.7922
Epoch 003 | train_loss=0.8021 | val_acc=79.43% val_f1=0.7431 | test_acc=98.03% test_f1=0.9734
Epoch 004 | train_loss=0.6301 | val_acc=86.29% val_f1=0.8176 | test_acc=98.31% test_f1=0.9763
Epoch 005 | train_loss=0.4953 | val_acc=90.86% val_f1=0.8772 | test_acc=93.82% test_f1=0.9212
Epoch 006 | train_loss=0.3656 | val_acc=92.00% val_f1=0.9004 | test_acc=92.13% test_f1=0.8958
Epoch 007 | train_loss=0.2547 | val_acc=96.00% val_f1=0.9586 | test_acc=91.01% test_f1=0.8756
Epoch 008 | train_loss=0.1702 | val_acc=96.57% val_f1=0.9667 | test_acc=85.67% test_f1=0.7887
Epoch 009 | train_loss=0.1312 | val_acc=97.71% val_f1=0.9775 | test_acc=91.85% test_f1=0.8928
Epoch 010 | train_loss=0.1230 | val_acc=98.86% val_f1=0.9886 | test_acc=88.20% test_f1=0.8433
Epoch 011 | train_loss=0.0952 | val_acc=98.29% val_f1=0.9830 | test_acc=89.61% test_f1=0.8616
Epoch 012 | train_loss=0.0660 | val_acc=99.43% val_f1=0.9943 | test_acc=82.87% test_f1=0.7520
Epoch 013 | train_loss=0.0514 | val_acc=99.43% val_f1=0.9943 | test_acc=82.58% test_f1=0.7585
Epoch 014 | train_loss=0.0477 | val_acc=98.86% val_f1=0.9886 | test_acc=87.08% test_f1=0.8253
Epoch 015 | train_loss=0.0321 | val_acc=99.43% val_f1=0.9943 | test_acc=85.67% test_f1=0.8035
Epoch 016 | train_loss=0.0252 | val_acc=100.00% val_f1=1.0000 | test_acc=80.62% test_f1=0.7366
Epoch 017 | train_loss=0.0242 | val_acc=100.00% val_f1=1.0000 | test_acc=82.87% test_f1=0.7729
Epoch 018 | train_loss=0.0212 | val_acc=100.00% val_f1=1.0000 | test_acc=84.27% test_f1=0.7900
Epoch 019 | train_loss=0.0139 | val_acc=100.00% val_f1=1.0000 | test_acc=80.06% test_f1=0.7268
Epoch 020 | train_loss=0.0194 | val_acc=99.43% val_f1=0.9919 | test_acc=87.08% test_f1=0.8366
Epoch 021 | train_loss=0.0281 | val_acc=100.00% val_f1=1.0000 | test_acc=83.43% test_f1=0.7786
Epoch 022 | train_loss=0.0179 | val_acc=100.00% val_f1=1.0000 | test_acc=84.55% test_f1=0.7920
Epoch 023 | train_loss=0.0132 | val_acc=100.00% val_f1=1.0000 | test_acc=80.06% test_f1=0.7308
Epoch 024 | train_loss=0.0107 | val_acc=100.00% val_f1=1.0000 | test_acc=80.90% test_f1=0.7483
Epoch 025 | train_loss=0.0113 | val_acc=100.00% val_f1=1.0000 | test_acc=81.46% test_f1=0.7531
Epoch 026 | train_loss=0.0059 | val_acc=100.00% val_f1=1.0000 | test_acc=81.18% test_f1=0.7527
Epoch 027 | train_loss=0.0104 | val_acc=100.00% val_f1=1.0000 | test_acc=80.62% test_f1=0.7438
Epoch 028 | train_loss=0.0055 | val_acc=100.00% val_f1=1.0000 | test_acc=81.18% test_f1=0.7527
Epoch 029 | train_loss=0.0057 | val_acc=100.00% val_f1=1.0000 | test_acc=80.34% test_f1=0.7401
Epoch 030 | train_loss=0.0062 | val_acc=100.00% val_f1=1.0000 | test_acc=77.81% test_f1=0.6971
Epoch 031 | train_loss=0.0042 | val_acc=100.00% val_f1=1.0000 | test_acc=81.74% test_f1=0.7586
Epoch 032 | train_loss=0.0033 | val_acc=100.00% val_f1=1.0000 | test_acc=80.90% test_f1=0.7489
Early stopping at epoch 32 (best=16, score=1.000000)
================================================================================
Best epoch: 16
Best score (val_macro_f1): 1.000000
Final test accuracy: 80.62%
Saved to: ablation_experiments/h1/results/comparison_18d_baselines/gru/gru_weld_seam_windows_ws5_tf75_pg0_h1_h128_l3_bi_do0.2_ep80_lr0.0002_wd0.0001_bs128_seed77
================================================================================
Comparison baseline | model=gru
================================================================================
Dataset: /home/huang_kai/wind_turbine_phm/PHOENIX-main/autoencoder_benchmark/Data/processed_data/weld_seam_windows_ws5_tf75_pg0_h1.npz
Device: cuda
Train/Val/Test: 990 / 175 / 356
Epoch 001 | train_loss=1.0850 | val_acc=85.14% val_f1=0.8451 | test_acc=91.29% test_f1=0.8849
Epoch 002 | train_loss=0.9437 | val_acc=79.43% val_f1=0.7048 | test_acc=94.10% test_f1=0.9184
Epoch 003 | train_loss=0.6899 | val_acc=86.86% val_f1=0.8055 | test_acc=88.76% test_f1=0.8526
Epoch 004 | train_loss=0.4844 | val_acc=94.29% val_f1=0.9242 | test_acc=90.17% test_f1=0.8636
Epoch 005 | train_loss=0.2460 | val_acc=93.14% val_f1=0.9258 | test_acc=83.71% test_f1=0.7402
Epoch 006 | train_loss=0.1421 | val_acc=98.29% val_f1=0.9755 | test_acc=83.43% test_f1=0.7809
Epoch 007 | train_loss=0.0901 | val_acc=97.14% val_f1=0.9644 | test_acc=91.85% test_f1=0.8973
Epoch 008 | train_loss=0.0700 | val_acc=98.86% val_f1=0.9837 | test_acc=83.15% test_f1=0.7827
Epoch 009 | train_loss=0.0533 | val_acc=100.00% val_f1=1.0000 | test_acc=85.67% test_f1=0.8153
Epoch 010 | train_loss=0.0359 | val_acc=100.00% val_f1=1.0000 | test_acc=85.39% test_f1=0.8081
Epoch 011 | train_loss=0.0526 | val_acc=98.29% val_f1=0.9755 | test_acc=78.37% test_f1=0.7043
Epoch 012 | train_loss=0.0328 | val_acc=98.29% val_f1=0.9782 | test_acc=81.46% test_f1=0.7420
Epoch 013 | train_loss=0.0243 | val_acc=100.00% val_f1=1.0000 | test_acc=82.58% test_f1=0.7703
Epoch 014 | train_loss=0.0346 | val_acc=98.29% val_f1=0.9755 | test_acc=76.97% test_f1=0.6771
Epoch 015 | train_loss=0.0312 | val_acc=100.00% val_f1=1.0000 | test_acc=82.30% test_f1=0.7667
Epoch 016 | train_loss=0.0362 | val_acc=99.43% val_f1=0.9919 | test_acc=77.81% test_f1=0.7004
Epoch 017 | train_loss=0.0164 | val_acc=100.00% val_f1=1.0000 | test_acc=84.55% test_f1=0.7957
Epoch 018 | train_loss=0.0215 | val_acc=100.00% val_f1=1.0000 | test_acc=81.18% test_f1=0.7462
Epoch 019 | train_loss=0.0369 | val_acc=100.00% val_f1=1.0000 | test_acc=83.71% test_f1=0.7872
Epoch 020 | train_loss=0.0138 | val_acc=98.29% val_f1=0.9755 | test_acc=79.21% test_f1=0.7082
Epoch 021 | train_loss=0.0240 | val_acc=100.00% val_f1=1.0000 | test_acc=83.43% test_f1=0.7774
Epoch 022 | train_loss=0.0228 | val_acc=100.00% val_f1=1.0000 | test_acc=83.15% test_f1=0.7774
Epoch 023 | train_loss=0.0215 | val_acc=100.00% val_f1=1.0000 | test_acc=83.71% test_f1=0.7863
Epoch 024 | train_loss=0.0181 | val_acc=98.29% val_f1=0.9755 | test_acc=77.53% test_f1=0.6801
Epoch 025 | train_loss=0.0323 | val_acc=100.00% val_f1=1.0000 | test_acc=82.87% test_f1=0.7748
Early stopping at epoch 25 (best=9, score=1.000000)
================================================================================
Best epoch: 9
Best score (val_macro_f1): 1.000000
Final test accuracy: 85.67%
Saved to: ablation_experiments/h1/results/comparison_18d_baselines/gru/gru_weld_seam_windows_ws5_tf75_pg0_h1_h96_l3_uni_do0.1_ep80_lr0.0003_wd0.0005_bs64_seed100
================================================================================
Comparison baseline | model=gru
================================================================================
Dataset: /home/huang_kai/wind_turbine_phm/PHOENIX-main/autoencoder_benchmark/Data/processed_data/weld_seam_windows_ws5_tf75_pg0_h1.npz
Device: cuda
Train/Val/Test: 990 / 175 / 356
Epoch 001 | train_loss=1.0708 | val_acc=24.57% val_f1=0.1509 | test_acc=31.46% test_f1=0.2615
Epoch 002 | train_loss=0.9846 | val_acc=61.71% val_f1=0.6058 | test_acc=76.97% test_f1=0.7567
Epoch 003 | train_loss=0.8146 | val_acc=72.00% val_f1=0.6111 | test_acc=92.42% test_f1=0.8917
Epoch 004 | train_loss=0.6642 | val_acc=86.86% val_f1=0.8124 | test_acc=92.13% test_f1=0.8998
Epoch 005 | train_loss=0.5058 | val_acc=91.43% val_f1=0.8866 | test_acc=89.61% test_f1=0.8676
Epoch 006 | train_loss=0.3449 | val_acc=93.14% val_f1=0.9141 | test_acc=86.80% test_f1=0.8037
Epoch 007 | train_loss=0.2524 | val_acc=94.86% val_f1=0.9409 | test_acc=90.17% test_f1=0.8636
Epoch 008 | train_loss=0.1716 | val_acc=98.29% val_f1=0.9826 | test_acc=85.96% test_f1=0.8169
Epoch 009 | train_loss=0.0872 | val_acc=98.86% val_f1=0.9883 | test_acc=85.11% test_f1=0.8074
Epoch 010 | train_loss=0.1048 | val_acc=97.14% val_f1=0.9714 | test_acc=83.99% test_f1=0.7812
Epoch 011 | train_loss=0.0604 | val_acc=97.71% val_f1=0.9749 | test_acc=84.83% test_f1=0.7857
Epoch 012 | train_loss=0.0556 | val_acc=98.29% val_f1=0.9830 | test_acc=80.90% test_f1=0.7354
Epoch 013 | train_loss=0.0414 | val_acc=98.86% val_f1=0.9886 | test_acc=81.18% test_f1=0.7495
Epoch 014 | train_loss=0.0389 | val_acc=98.29% val_f1=0.9805 | test_acc=83.99% test_f1=0.7957
Epoch 015 | train_loss=0.0432 | val_acc=98.29% val_f1=0.9800 | test_acc=78.09% test_f1=0.7081
Epoch 016 | train_loss=0.0373 | val_acc=98.86% val_f1=0.9885 | test_acc=75.28% test_f1=0.6642
Epoch 017 | train_loss=0.0410 | val_acc=97.71% val_f1=0.9746 | test_acc=83.43% test_f1=0.7927
Epoch 018 | train_loss=0.0362 | val_acc=98.29% val_f1=0.9830 | test_acc=80.62% test_f1=0.7422
Epoch 019 | train_loss=0.0221 | val_acc=98.29% val_f1=0.9805 | test_acc=87.36% test_f1=0.8473
Epoch 020 | train_loss=0.0283 | val_acc=98.86% val_f1=0.9886 | test_acc=80.34% test_f1=0.7401
Epoch 021 | train_loss=0.0294 | val_acc=97.71% val_f1=0.9749 | test_acc=86.52% test_f1=0.8309
Epoch 022 | train_loss=0.0258 | val_acc=98.86% val_f1=0.9885 | test_acc=78.09% test_f1=0.7143
Epoch 023 | train_loss=0.0283 | val_acc=98.29% val_f1=0.9824 | test_acc=74.16% test_f1=0.6544
Epoch 024 | train_loss=0.0168 | val_acc=98.29% val_f1=0.9805 | test_acc=83.99% test_f1=0.7991
Epoch 025 | train_loss=0.0196 | val_acc=98.29% val_f1=0.9826 | test_acc=77.25% test_f1=0.6994
Epoch 026 | train_loss=0.0223 | val_acc=98.86% val_f1=0.9883 | test_acc=75.28% test_f1=0.6727
Epoch 027 | train_loss=0.0145 | val_acc=98.86% val_f1=0.9860 | test_acc=78.09% test_f1=0.7143
Epoch 028 | train_loss=0.0118 | val_acc=98.29% val_f1=0.9803 | test_acc=80.62% test_f1=0.7518
Epoch 029 | train_loss=0.0131 | val_acc=98.29% val_f1=0.9803 | test_acc=80.06% test_f1=0.7428
Early stopping at epoch 29 (best=13, score=0.988625)
================================================================================
Best epoch: 13
Best score (val_macro_f1): 0.988625
Final test accuracy: 81.18%
Saved to: ablation_experiments/h1/results/comparison_18d_baselines/gru/gru_weld_seam_windows_ws5_tf75_pg0_h1_h96_l3_uni_do0.3_ep80_lr0.0005_wd0.0001_bs128_seed183
================================================================================
Comparison baseline | model=gru
================================================================================
Dataset: /home/huang_kai/wind_turbine_phm/PHOENIX-main/autoencoder_benchmark/Data/processed_data/weld_seam_windows_ws5_tf75_pg0_h1.npz
Device: cuda
Train/Val/Test: 990 / 175 / 356
Epoch 001 | train_loss=1.0338 | val_acc=28.57% val_f1=0.2823 | test_acc=40.17% test_f1=0.4282
Epoch 002 | train_loss=0.9120 | val_acc=72.57% val_f1=0.6683 | test_acc=90.45% test_f1=0.8822
Epoch 003 | train_loss=0.6975 | val_acc=82.86% val_f1=0.7793 | test_acc=95.79% test_f1=0.9437
Epoch 004 | train_loss=0.5049 | val_acc=92.00% val_f1=0.8928 | test_acc=94.94% test_f1=0.9383
Epoch 005 | train_loss=0.3276 | val_acc=92.57% val_f1=0.9085 | test_acc=91.29% test_f1=0.8828
Epoch 006 | train_loss=0.2169 | val_acc=94.86% val_f1=0.9436 | test_acc=85.39% test_f1=0.7836
Epoch 007 | train_loss=0.1573 | val_acc=96.00% val_f1=0.9540 | test_acc=87.64% test_f1=0.8234
Epoch 008 | train_loss=0.0840 | val_acc=97.71% val_f1=0.9674 | test_acc=87.08% test_f1=0.8292
Epoch 009 | train_loss=0.0697 | val_acc=97.71% val_f1=0.9701 | test_acc=88.48% test_f1=0.8477
Epoch 010 | train_loss=0.0489 | val_acc=98.29% val_f1=0.9755 | test_acc=83.71% test_f1=0.7731
Epoch 011 | train_loss=0.0330 | val_acc=100.00% val_f1=1.0000 | test_acc=86.24% test_f1=0.8193
Epoch 012 | train_loss=0.0303 | val_acc=99.43% val_f1=0.9919 | test_acc=85.11% test_f1=0.8012
Epoch 013 | train_loss=0.0302 | val_acc=98.86% val_f1=0.9837 | test_acc=80.90% test_f1=0.7279
Epoch 014 | train_loss=0.0255 | val_acc=100.00% val_f1=1.0000 | test_acc=84.55% test_f1=0.7946
Epoch 015 | train_loss=0.0193 | val_acc=100.00% val_f1=1.0000 | test_acc=82.02% test_f1=0.7485
Epoch 016 | train_loss=0.0118 | val_acc=100.00% val_f1=1.0000 | test_acc=79.21% test_f1=0.7118
Epoch 017 | train_loss=0.0103 | val_acc=100.00% val_f1=1.0000 | test_acc=85.67% test_f1=0.8153
Epoch 018 | train_loss=0.0078 | val_acc=100.00% val_f1=1.0000 | test_acc=81.18% test_f1=0.7435
Epoch 019 | train_loss=0.0063 | val_acc=100.00% val_f1=1.0000 | test_acc=81.74% test_f1=0.7567
Epoch 020 | train_loss=0.0040 | val_acc=100.00% val_f1=1.0000 | test_acc=80.90% test_f1=0.7414
Epoch 021 | train_loss=0.0046 | val_acc=100.00% val_f1=1.0000 | test_acc=79.78% test_f1=0.7261
Epoch 022 | train_loss=0.0034 | val_acc=100.00% val_f1=1.0000 | test_acc=80.62% test_f1=0.7403
Epoch 023 | train_loss=0.0048 | val_acc=100.00% val_f1=1.0000 | test_acc=80.90% test_f1=0.7370
Epoch 024 | train_loss=0.0026 | val_acc=100.00% val_f1=1.0000 | test_acc=82.87% test_f1=0.7706
Epoch 025 | train_loss=0.0035 | val_acc=100.00% val_f1=1.0000 | test_acc=78.65% test_f1=0.7032
Epoch 026 | train_loss=0.0034 | val_acc=100.00% val_f1=1.0000 | test_acc=80.90% test_f1=0.7449
Epoch 027 | train_loss=0.0038 | val_acc=100.00% val_f1=1.0000 | test_acc=79.78% test_f1=0.7261
Early stopping at epoch 27 (best=11, score=1.000000)
================================================================================
Best epoch: 11
Best score (val_macro_f1): 1.000000
Final test accuracy: 86.24%
Saved to: ablation_experiments/h1/results/comparison_18d_baselines/gru/gru_weld_seam_windows_ws5_tf75_pg0_h1_h128_l3_bi_do0.1_ep80_lr0.0002_wd0.0001_bs128_seed100
================================================================================
Comparison baseline | model=gru
================================================================================
Dataset: /home/huang_kai/wind_turbine_phm/PHOENIX-main/autoencoder_benchmark/Data/processed_data/weld_seam_windows_ws5_tf75_pg0_h1.npz
Device: cuda
Train/Val/Test: 990 / 175 / 356
Epoch 001 | train_loss=1.0628 | val_acc=37.14% val_f1=0.3588 | test_acc=41.57% test_f1=0.4089
Epoch 002 | train_loss=1.0073 | val_acc=40.57% val_f1=0.4120 | test_acc=42.70% test_f1=0.4579
Epoch 003 | train_loss=0.9505 | val_acc=51.43% val_f1=0.5436 | test_acc=47.47% test_f1=0.5187
Epoch 004 | train_loss=0.8450 | val_acc=72.57% val_f1=0.7239 | test_acc=77.53% test_f1=0.7964
Epoch 005 | train_loss=0.7227 | val_acc=81.14% val_f1=0.7882 | test_acc=94.66% test_f1=0.9398
Epoch 006 | train_loss=0.6116 | val_acc=84.57% val_f1=0.8234 | test_acc=96.91% test_f1=0.9598
Epoch 007 | train_loss=0.4719 | val_acc=88.00% val_f1=0.8655 | test_acc=93.26% test_f1=0.8990
Epoch 008 | train_loss=0.3924 | val_acc=89.14% val_f1=0.8793 | test_acc=91.01% test_f1=0.8676
Epoch 009 | train_loss=0.2987 | val_acc=92.00% val_f1=0.9134 | test_acc=91.01% test_f1=0.8741
Epoch 010 | train_loss=0.2250 | val_acc=94.86% val_f1=0.9457 | test_acc=87.92% test_f1=0.8245
Epoch 011 | train_loss=0.1605 | val_acc=94.86% val_f1=0.9485 | test_acc=87.92% test_f1=0.8282
Epoch 012 | train_loss=0.1216 | val_acc=95.43% val_f1=0.9538 | test_acc=88.76% test_f1=0.8454
Epoch 013 | train_loss=0.1106 | val_acc=97.14% val_f1=0.9697 | test_acc=88.20% test_f1=0.8362
Epoch 014 | train_loss=0.0898 | val_acc=97.14% val_f1=0.9715 | test_acc=88.20% test_f1=0.8378
Epoch 015 | train_loss=0.0727 | val_acc=96.57% val_f1=0.9657 | test_acc=84.83% test_f1=0.7838
Epoch 016 | train_loss=0.0709 | val_acc=96.57% val_f1=0.9657 | test_acc=88.76% test_f1=0.8496
Epoch 017 | train_loss=0.0588 | val_acc=96.57% val_f1=0.9657 | test_acc=84.55% test_f1=0.7826
Epoch 018 | train_loss=0.0474 | val_acc=96.57% val_f1=0.9657 | test_acc=83.99% test_f1=0.7745
Epoch 019 | train_loss=0.0383 | val_acc=97.71% val_f1=0.9769 | test_acc=84.27% test_f1=0.7900
Epoch 020 | train_loss=0.0441 | val_acc=96.57% val_f1=0.9657 | test_acc=85.39% test_f1=0.8070
Epoch 021 | train_loss=0.0392 | val_acc=96.57% val_f1=0.9657 | test_acc=83.15% test_f1=0.7699
Epoch 022 | train_loss=0.0231 | val_acc=97.14% val_f1=0.9713 | test_acc=82.87% test_f1=0.7666
Epoch 023 | train_loss=0.0294 | val_acc=97.14% val_f1=0.9713 | test_acc=82.30% test_f1=0.7584
Epoch 024 | train_loss=0.0208 | val_acc=98.29% val_f1=0.9825 | test_acc=83.99% test_f1=0.7878
Epoch 025 | train_loss=0.0168 | val_acc=97.14% val_f1=0.9713 | test_acc=85.39% test_f1=0.8081
Epoch 026 | train_loss=0.0189 | val_acc=98.29% val_f1=0.9825 | test_acc=79.21% test_f1=0.7042
Epoch 027 | train_loss=0.0153 | val_acc=98.86% val_f1=0.9883 | test_acc=81.74% test_f1=0.7586
Epoch 028 | train_loss=0.0161 | val_acc=98.86% val_f1=0.9883 | test_acc=80.62% test_f1=0.7455
Epoch 029 | train_loss=0.0120 | val_acc=98.86% val_f1=0.9883 | test_acc=80.90% test_f1=0.7400
Epoch 030 | train_loss=0.0138 | val_acc=98.29% val_f1=0.9825 | test_acc=82.30% test_f1=0.7584
Epoch 031 | train_loss=0.0111 | val_acc=98.29% val_f1=0.9825 | test_acc=83.99% test_f1=0.7878
Epoch 032 | train_loss=0.0112 | val_acc=98.86% val_f1=0.9883 | test_acc=80.62% test_f1=0.7438
Epoch 033 | train_loss=0.0096 | val_acc=98.86% val_f1=0.9883 | test_acc=79.49% test_f1=0.7265
Epoch 034 | train_loss=0.0100 | val_acc=98.86% val_f1=0.9883 | test_acc=80.62% test_f1=0.7431
Epoch 035 | train_loss=0.0082 | val_acc=98.86% val_f1=0.9883 | test_acc=81.18% test_f1=0.7504
Epoch 036 | train_loss=0.0073 | val_acc=98.86% val_f1=0.9883 | test_acc=81.46% test_f1=0.7509
Epoch 037 | train_loss=0.0087 | val_acc=98.86% val_f1=0.9883 | test_acc=83.15% test_f1=0.7727
Epoch 038 | train_loss=0.0072 | val_acc=98.86% val_f1=0.9883 | test_acc=83.43% test_f1=0.7798
Epoch 039 | train_loss=0.0090 | val_acc=98.86% val_f1=0.9883 | test_acc=80.06% test_f1=0.7340
Epoch 040 | train_loss=0.0071 | val_acc=98.86% val_f1=0.9883 | test_acc=79.49% test_f1=0.7247
Epoch 041 | train_loss=0.0088 | val_acc=98.86% val_f1=0.9883 | test_acc=81.74% test_f1=0.7586
Epoch 042 | train_loss=0.0090 | val_acc=98.86% val_f1=0.9883 | test_acc=81.74% test_f1=0.7586
Epoch 043 | train_loss=0.0064 | val_acc=98.86% val_f1=0.9883 | test_acc=80.06% test_f1=0.7330
Early stopping at epoch 43 (best=27, score=0.988284)
================================================================================
Best epoch: 27
Best score (val_macro_f1): 0.988284
Final test accuracy: 81.74%
Saved to: ablation_experiments/h1/results/comparison_18d_baselines/gru/gru_weld_seam_windows_ws5_tf75_pg0_h1_h128_l3_bi_do0.2_ep80_lr0.0001_wd0.0005_bs128_seed42
================================================================================
Comparison baseline | model=gru
================================================================================
Dataset: /home/huang_kai/wind_turbine_phm/PHOENIX-main/autoencoder_benchmark/Data/processed_data/weld_seam_windows_ws5_tf75_pg0_h1.npz
Device: cuda
Train/Val/Test: 990 / 175 / 356
Epoch 001 | train_loss=1.0675 | val_acc=33.14% val_f1=0.2946 | test_acc=48.03% test_f1=0.4587
Epoch 002 | train_loss=1.0184 | val_acc=61.71% val_f1=0.5796 | test_acc=83.43% test_f1=0.7923
Epoch 003 | train_loss=0.9631 | val_acc=72.57% val_f1=0.6663 | test_acc=90.73% test_f1=0.8670
Epoch 004 | train_loss=0.8938 | val_acc=77.14% val_f1=0.7204 | test_acc=92.98% test_f1=0.8972
Epoch 005 | train_loss=0.8180 | val_acc=77.71% val_f1=0.7163 | test_acc=94.10% test_f1=0.9130
Epoch 006 | train_loss=0.7595 | val_acc=84.00% val_f1=0.7769 | test_acc=94.66% test_f1=0.9243
Epoch 007 | train_loss=0.6726 | val_acc=85.71% val_f1=0.8013 | test_acc=91.29% test_f1=0.8875
Epoch 008 | train_loss=0.6123 | val_acc=87.43% val_f1=0.8169 | test_acc=88.20% test_f1=0.8441
Epoch 009 | train_loss=0.5603 | val_acc=90.29% val_f1=0.8636 | test_acc=90.17% test_f1=0.8781
Epoch 010 | train_loss=0.5115 | val_acc=90.86% val_f1=0.8758 | test_acc=92.70% test_f1=0.9109
Epoch 011 | train_loss=0.4527 | val_acc=91.43% val_f1=0.8907 | test_acc=92.70% test_f1=0.9056
Epoch 012 | train_loss=0.3865 | val_acc=92.00% val_f1=0.9052 | test_acc=91.85% test_f1=0.8915
Epoch 013 | train_loss=0.3144 | val_acc=92.00% val_f1=0.9060 | test_acc=90.73% test_f1=0.8740
Epoch 014 | train_loss=0.2719 | val_acc=93.71% val_f1=0.9309 | test_acc=89.33% test_f1=0.8515
Epoch 015 | train_loss=0.2418 | val_acc=93.71% val_f1=0.9339 | test_acc=88.76% test_f1=0.8423
Epoch 016 | train_loss=0.1905 | val_acc=93.71% val_f1=0.9339 | test_acc=90.17% test_f1=0.8665
Epoch 017 | train_loss=0.1750 | val_acc=94.29% val_f1=0.9422 | test_acc=89.61% test_f1=0.8575
Epoch 018 | train_loss=0.1421 | val_acc=94.86% val_f1=0.9497 | test_acc=89.89% test_f1=0.8620
Epoch 019 | train_loss=0.1246 | val_acc=97.14% val_f1=0.9714 | test_acc=86.80% test_f1=0.8160
Epoch 020 | train_loss=0.1104 | val_acc=96.57% val_f1=0.9659 | test_acc=90.17% test_f1=0.8704
Epoch 021 | train_loss=0.0941 | val_acc=96.00% val_f1=0.9604 | test_acc=90.17% test_f1=0.8679
Epoch 022 | train_loss=0.0882 | val_acc=96.00% val_f1=0.9604 | test_acc=88.48% test_f1=0.8408
Epoch 023 | train_loss=0.0805 | val_acc=96.57% val_f1=0.9635 | test_acc=90.45% test_f1=0.8748
Epoch 024 | train_loss=0.0690 | val_acc=97.71% val_f1=0.9772 | test_acc=87.92% test_f1=0.8347
Epoch 025 | train_loss=0.0584 | val_acc=98.29% val_f1=0.9830 | test_acc=86.24% test_f1=0.8065
Epoch 026 | train_loss=0.0730 | val_acc=98.29% val_f1=0.9805 | test_acc=89.61% test_f1=0.8641
Epoch 027 | train_loss=0.0566 | val_acc=98.86% val_f1=0.9886 | test_acc=85.67% test_f1=0.8019
Epoch 028 | train_loss=0.0438 | val_acc=98.86% val_f1=0.9886 | test_acc=84.27% test_f1=0.7844
Epoch 029 | train_loss=0.0405 | val_acc=98.86% val_f1=0.9886 | test_acc=85.96% test_f1=0.8124
Epoch 030 | train_loss=0.0385 | val_acc=98.86% val_f1=0.9886 | test_acc=86.52% test_f1=0.8175
Epoch 031 | train_loss=0.0382 | val_acc=98.86% val_f1=0.9886 | test_acc=85.11% test_f1=0.7906
Epoch 032 | train_loss=0.0392 | val_acc=98.86% val_f1=0.9886 | test_acc=86.80% test_f1=0.8207
Epoch 033 | train_loss=0.0335 | val_acc=98.86% val_f1=0.9886 | test_acc=85.96% test_f1=0.8111
Epoch 034 | train_loss=0.0330 | val_acc=98.86% val_f1=0.9886 | test_acc=84.83% test_f1=0.7924
Epoch 035 | train_loss=0.0303 | val_acc=98.86% val_f1=0.9886 | test_acc=85.96% test_f1=0.8067
Epoch 036 | train_loss=0.0352 | val_acc=98.29% val_f1=0.9830 | test_acc=85.96% test_f1=0.8051
Epoch 037 | train_loss=0.0211 | val_acc=98.29% val_f1=0.9830 | test_acc=85.11% test_f1=0.7923
Epoch 038 | train_loss=0.0259 | val_acc=98.86% val_f1=0.9886 | test_acc=84.55% test_f1=0.7907
Epoch 039 | train_loss=0.0208 | val_acc=99.43% val_f1=0.9943 | test_acc=85.11% test_f1=0.8025
Epoch 040 | train_loss=0.0186 | val_acc=99.43% val_f1=0.9943 | test_acc=83.99% test_f1=0.7841
Epoch 041 | train_loss=0.0180 | val_acc=98.86% val_f1=0.9886 | test_acc=83.99% test_f1=0.7827
Epoch 042 | train_loss=0.0151 | val_acc=98.86% val_f1=0.9886 | test_acc=84.27% test_f1=0.7859
Epoch 043 | train_loss=0.0222 | val_acc=98.86% val_f1=0.9886 | test_acc=86.24% test_f1=0.8181
Epoch 044 | train_loss=0.0170 | val_acc=98.86% val_f1=0.9886 | test_acc=84.83% test_f1=0.7953
Epoch 045 | train_loss=0.0180 | val_acc=98.86% val_f1=0.9886 | test_acc=83.71% test_f1=0.7779
Epoch 046 | train_loss=0.0168 | val_acc=99.43% val_f1=0.9943 | test_acc=82.30% test_f1=0.7569
Epoch 047 | train_loss=0.0150 | val_acc=99.43% val_f1=0.9943 | test_acc=83.99% test_f1=0.7854
Epoch 048 | train_loss=0.0186 | val_acc=98.29% val_f1=0.9805 | test_acc=85.96% test_f1=0.8148
Epoch 049 | train_loss=0.0153 | val_acc=98.86% val_f1=0.9886 | test_acc=85.11% test_f1=0.8012
Epoch 050 | train_loss=0.0138 | val_acc=98.86% val_f1=0.9886 | test_acc=83.71% test_f1=0.7794
Epoch 051 | train_loss=0.0119 | val_acc=98.86% val_f1=0.9886 | test_acc=82.87% test_f1=0.7666
Epoch 052 | train_loss=0.0106 | val_acc=99.43% val_f1=0.9943 | test_acc=83.15% test_f1=0.7727
Epoch 053 | train_loss=0.0178 | val_acc=99.43% val_f1=0.9943 | test_acc=83.15% test_f1=0.7727
Epoch 054 | train_loss=0.0090 | val_acc=99.43% val_f1=0.9943 | test_acc=83.15% test_f1=0.7740
Epoch 055 | train_loss=0.0133 | val_acc=100.00% val_f1=1.0000 | test_acc=83.15% test_f1=0.7740
Epoch 056 | train_loss=0.0104 | val_acc=100.00% val_f1=1.0000 | test_acc=83.15% test_f1=0.7740
Epoch 057 | train_loss=0.0129 | val_acc=100.00% val_f1=1.0000 | test_acc=82.87% test_f1=0.7706
Epoch 058 | train_loss=0.0116 | val_acc=100.00% val_f1=1.0000 | test_acc=82.87% test_f1=0.7706
Epoch 059 | train_loss=0.0115 | val_acc=100.00% val_f1=1.0000 | test_acc=82.87% test_f1=0.7706
Epoch 060 | train_loss=0.0106 | val_acc=100.00% val_f1=1.0000 | test_acc=82.87% test_f1=0.7718
Epoch 061 | train_loss=0.0130 | val_acc=100.00% val_f1=1.0000 | test_acc=82.87% test_f1=0.7706
Epoch 062 | train_loss=0.0115 | val_acc=99.43% val_f1=0.9943 | test_acc=83.15% test_f1=0.7740
Epoch 063 | train_loss=0.0096 | val_acc=99.43% val_f1=0.9943 | test_acc=83.15% test_f1=0.7740
Epoch 064 | train_loss=0.0093 | val_acc=99.43% val_f1=0.9943 | test_acc=82.87% test_f1=0.7706
Epoch 065 | train_loss=0.0100 | val_acc=99.43% val_f1=0.9943 | test_acc=83.15% test_f1=0.7752
Epoch 066 | train_loss=0.0190 | val_acc=100.00% val_f1=1.0000 | test_acc=83.15% test_f1=0.7752
Epoch 067 | train_loss=0.0089 | val_acc=100.00% val_f1=1.0000 | test_acc=82.87% test_f1=0.7718
Epoch 068 | train_loss=0.0128 | val_acc=100.00% val_f1=1.0000 | test_acc=82.87% test_f1=0.7718
Epoch 069 | train_loss=0.0080 | val_acc=100.00% val_f1=1.0000 | test_acc=82.87% test_f1=0.7718
Epoch 070 | train_loss=0.0127 | val_acc=100.00% val_f1=1.0000 | test_acc=82.87% test_f1=0.7718
Epoch 071 | train_loss=0.0096 | val_acc=100.00% val_f1=1.0000 | test_acc=82.87% test_f1=0.7718
Early stopping at epoch 71 (best=55, score=1.000000)
================================================================================
Best epoch: 55
Best score (val_macro_f1): 1.000000
Final test accuracy: 83.15%
Saved to: ablation_experiments/h1/results/comparison_18d_baselines/gru/gru_weld_seam_windows_ws5_tf75_pg0_h1_h96_l3_bi_do0.2_ep80_lr0.0001_wd0.0002_bs128_seed183
================================================================================
Comparison baseline | model=gru
================================================================================
Dataset: /home/huang_kai/wind_turbine_phm/PHOENIX-main/autoencoder_benchmark/Data/processed_data/weld_seam_windows_ws5_tf75_pg0_h1.npz
Device: cuda
Train/Val/Test: 990 / 175 / 356
Epoch 001 | train_loss=0.7906 | val_acc=89.14% val_f1=0.8515 | test_acc=92.70% test_f1=0.9060
Epoch 002 | train_loss=0.3124 | val_acc=94.86% val_f1=0.9462 | test_acc=86.52% test_f1=0.7975
Epoch 003 | train_loss=0.1179 | val_acc=99.43% val_f1=0.9942 | test_acc=85.67% test_f1=0.8184
Epoch 004 | train_loss=0.0506 | val_acc=97.71% val_f1=0.9749 | test_acc=86.52% test_f1=0.8202
Epoch 005 | train_loss=0.0432 | val_acc=99.43% val_f1=0.9919 | test_acc=83.99% test_f1=0.7812
Epoch 006 | train_loss=0.0185 | val_acc=100.00% val_f1=1.0000 | test_acc=83.71% test_f1=0.7779
Epoch 007 | train_loss=0.0078 | val_acc=98.86% val_f1=0.9861 | test_acc=79.49% test_f1=0.7199
Epoch 008 | train_loss=0.0057 | val_acc=98.29% val_f1=0.9807 | test_acc=83.43% test_f1=0.7624
Epoch 009 | train_loss=0.0043 | val_acc=100.00% val_f1=1.0000 | test_acc=81.18% test_f1=0.7462
Epoch 010 | train_loss=0.0029 | val_acc=99.43% val_f1=0.9942 | test_acc=82.58% test_f1=0.7733
Epoch 011 | train_loss=0.0031 | val_acc=100.00% val_f1=1.0000 | test_acc=84.27% test_f1=0.7943
Epoch 012 | train_loss=0.0023 | val_acc=100.00% val_f1=1.0000 | test_acc=83.43% test_f1=0.7809
Epoch 013 | train_loss=0.0179 | val_acc=99.43% val_f1=0.9919 | test_acc=80.90% test_f1=0.7476
Epoch 014 | train_loss=0.0166 | val_acc=99.43% val_f1=0.9919 | test_acc=84.55% test_f1=0.8021
Epoch 015 | train_loss=0.0088 | val_acc=100.00% val_f1=1.0000 | test_acc=86.24% test_f1=0.8276
Epoch 016 | train_loss=0.0018 | val_acc=99.43% val_f1=0.9919 | test_acc=81.18% test_f1=0.7462
Epoch 017 | train_loss=0.0010 | val_acc=100.00% val_f1=1.0000 | test_acc=81.18% test_f1=0.7541
Epoch 018 | train_loss=0.0012 | val_acc=100.00% val_f1=1.0000 | test_acc=82.87% test_f1=0.7770
Epoch 019 | train_loss=0.0004 | val_acc=100.00% val_f1=1.0000 | test_acc=85.11% test_f1=0.8057
Epoch 020 | train_loss=0.0004 | val_acc=100.00% val_f1=1.0000 | test_acc=83.15% test_f1=0.7814
Epoch 021 | train_loss=0.0004 | val_acc=100.00% val_f1=1.0000 | test_acc=83.15% test_f1=0.7814
Epoch 022 | train_loss=0.0002 | val_acc=100.00% val_f1=1.0000 | test_acc=83.15% test_f1=0.7814
Early stopping at epoch 22 (best=6, score=1.000000)
================================================================================
Best epoch: 6
Best score (val_macro_f1): 1.000000
Final test accuracy: 83.71%
Saved to: ablation_experiments/h1/results/comparison_18d_baselines/gru/gru_weld_seam_windows_ws5_tf75_pg0_h1_h128_l2_bi_do0.3_ep80_lr0.0005_wd0.0005_bs64_seed14
================================================================================
Comparison baseline | model=gru
================================================================================
Dataset: /home/huang_kai/wind_turbine_phm/PHOENIX-main/autoencoder_benchmark/Data/processed_data/weld_seam_windows_ws5_tf75_pg0_h1.npz
Device: cuda
Train/Val/Test: 990 / 175 / 356
Epoch 001 | train_loss=0.9896 | val_acc=81.14% val_f1=0.7694 | test_acc=95.51% test_f1=0.9386
Epoch 002 | train_loss=0.6959 | val_acc=86.86% val_f1=0.8328 | test_acc=95.51% test_f1=0.9404
Epoch 003 | train_loss=0.3923 | val_acc=93.14% val_f1=0.9152 | test_acc=89.89% test_f1=0.8609
Epoch 004 | train_loss=0.2279 | val_acc=94.86% val_f1=0.9457 | test_acc=88.48% test_f1=0.8393
Epoch 005 | train_loss=0.1223 | val_acc=96.57% val_f1=0.9637 | test_acc=86.24% test_f1=0.8047
Epoch 006 | train_loss=0.0866 | val_acc=96.57% val_f1=0.9657 | test_acc=86.80% test_f1=0.8176
Epoch 007 | train_loss=0.0722 | val_acc=98.29% val_f1=0.9825 | test_acc=86.80% test_f1=0.8309
Epoch 008 | train_loss=0.0366 | val_acc=98.29% val_f1=0.9825 | test_acc=87.08% test_f1=0.8343
Epoch 009 | train_loss=0.0246 | val_acc=97.71% val_f1=0.9769 | test_acc=86.80% test_f1=0.8291
Epoch 010 | train_loss=0.0259 | val_acc=98.86% val_f1=0.9883 | test_acc=83.99% test_f1=0.7878
Epoch 011 | train_loss=0.0173 | val_acc=98.86% val_f1=0.9883 | test_acc=83.99% test_f1=0.7854
Epoch 012 | train_loss=0.0101 | val_acc=99.43% val_f1=0.9942 | test_acc=83.99% test_f1=0.7866
Epoch 013 | train_loss=0.0100 | val_acc=99.43% val_f1=0.9942 | test_acc=86.24% test_f1=0.8231
Epoch 014 | train_loss=0.0108 | val_acc=100.00% val_f1=1.0000 | test_acc=83.71% test_f1=0.7820
Epoch 015 | train_loss=0.0070 | val_acc=100.00% val_f1=1.0000 | test_acc=83.99% test_f1=0.7866
Epoch 016 | train_loss=0.0065 | val_acc=99.43% val_f1=0.9942 | test_acc=82.87% test_f1=0.7776
Epoch 017 | train_loss=0.0039 | val_acc=99.43% val_f1=0.9942 | test_acc=82.58% test_f1=0.7712
Epoch 018 | train_loss=0.0042 | val_acc=99.43% val_f1=0.9942 | test_acc=78.37% test_f1=0.7014
Epoch 019 | train_loss=0.0055 | val_acc=99.43% val_f1=0.9942 | test_acc=78.37% test_f1=0.7014
Epoch 020 | train_loss=0.0044 | val_acc=99.43% val_f1=0.9942 | test_acc=80.34% test_f1=0.7386
Epoch 021 | train_loss=0.0035 | val_acc=98.86% val_f1=0.9886 | test_acc=81.18% test_f1=0.7369
Epoch 022 | train_loss=0.0098 | val_acc=99.43% val_f1=0.9942 | test_acc=77.25% test_f1=0.6919
Epoch 023 | train_loss=0.0031 | val_acc=98.86% val_f1=0.9886 | test_acc=83.71% test_f1=0.7807
Epoch 024 | train_loss=0.0024 | val_acc=100.00% val_f1=1.0000 | test_acc=82.30% test_f1=0.7637
Epoch 025 | train_loss=0.0017 | val_acc=100.00% val_f1=1.0000 | test_acc=82.02% test_f1=0.7631
Epoch 026 | train_loss=0.0013 | val_acc=100.00% val_f1=1.0000 | test_acc=80.06% test_f1=0.7348
Epoch 027 | train_loss=0.0007 | val_acc=100.00% val_f1=1.0000 | test_acc=80.06% test_f1=0.7348
Epoch 028 | train_loss=0.0012 | val_acc=100.00% val_f1=1.0000 | test_acc=81.18% test_f1=0.7495
Epoch 029 | train_loss=0.0009 | val_acc=100.00% val_f1=1.0000 | test_acc=80.90% test_f1=0.7449
Epoch 030 | train_loss=0.0008 | val_acc=100.00% val_f1=1.0000 | test_acc=80.90% test_f1=0.7449
Early stopping at epoch 30 (best=14, score=1.000000)
================================================================================
Best epoch: 14
Best score (val_macro_f1): 1.000000
Final test accuracy: 83.71%
Saved to: ablation_experiments/h1/results/comparison_18d_baselines/gru/gru_weld_seam_windows_ws5_tf75_pg0_h1_h128_l2_bi_do0.1_ep80_lr0.0003_wd0.0002_bs64_seed42
================================================================================
Comparison baseline | model=gru
================================================================================
Dataset: /home/huang_kai/wind_turbine_phm/PHOENIX-main/autoencoder_benchmark/Data/processed_data/weld_seam_windows_ws5_tf75_pg0_h1.npz
Device: cuda
Train/Val/Test: 990 / 175 / 356
Epoch 001 | train_loss=1.0820 | val_acc=22.86% val_f1=0.1240 | test_acc=21.91% test_f1=0.1198
Epoch 002 | train_loss=1.0577 | val_acc=22.86% val_f1=0.1240 | test_acc=21.91% test_f1=0.1198
Epoch 003 | train_loss=1.0319 | val_acc=23.43% val_f1=0.1317 | test_acc=23.60% test_f1=0.1414
Epoch 004 | train_loss=1.0076 | val_acc=35.43% val_f1=0.2657 | test_acc=48.88% test_f1=0.3738
Epoch 005 | train_loss=0.9857 | val_acc=53.14% val_f1=0.4076 | test_acc=64.61% test_f1=0.5104
Epoch 006 | train_loss=0.9496 | val_acc=62.86% val_f1=0.5195 | test_acc=76.97% test_f1=0.6504
Epoch 007 | train_loss=0.9086 | val_acc=72.00% val_f1=0.6314 | test_acc=87.08% test_f1=0.8114
Epoch 008 | train_loss=0.8819 | val_acc=74.29% val_f1=0.6677 | test_acc=90.73% test_f1=0.8652
Epoch 009 | train_loss=0.8482 | val_acc=77.71% val_f1=0.7156 | test_acc=91.85% test_f1=0.8829
Epoch 010 | train_loss=0.7991 | val_acc=78.86% val_f1=0.7241 | test_acc=92.13% test_f1=0.8873
Epoch 011 | train_loss=0.7714 | val_acc=79.43% val_f1=0.7335 | test_acc=93.54% test_f1=0.9089
Epoch 012 | train_loss=0.7510 | val_acc=80.00% val_f1=0.7429 | test_acc=94.38% test_f1=0.9217
Epoch 013 | train_loss=0.7154 | val_acc=81.71% val_f1=0.7699 | test_acc=95.22% test_f1=0.9344
Epoch 014 | train_loss=0.6755 | val_acc=82.86% val_f1=0.7875 | test_acc=96.07% test_f1=0.9469
Epoch 015 | train_loss=0.6367 | val_acc=84.00% val_f1=0.8047 | test_acc=96.63% test_f1=0.9553
Epoch 016 | train_loss=0.6034 | val_acc=85.71% val_f1=0.8298 | test_acc=96.35% test_f1=0.9513
Epoch 017 | train_loss=0.5683 | val_acc=86.29% val_f1=0.8380 | test_acc=96.35% test_f1=0.9500
Epoch 018 | train_loss=0.5536 | val_acc=86.86% val_f1=0.8462 | test_acc=95.79% test_f1=0.9418
Epoch 019 | train_loss=0.5423 | val_acc=87.43% val_f1=0.8547 | test_acc=94.94% test_f1=0.9290
Epoch 020 | train_loss=0.4919 | val_acc=87.43% val_f1=0.8547 | test_acc=94.10% test_f1=0.9163
Epoch 021 | train_loss=0.4680 | val_acc=87.43% val_f1=0.8547 | test_acc=94.10% test_f1=0.9163
Epoch 022 | train_loss=0.4484 | val_acc=86.86% val_f1=0.8498 | test_acc=93.82% test_f1=0.9134
Epoch 023 | train_loss=0.4230 | val_acc=86.86% val_f1=0.8498 | test_acc=93.26% test_f1=0.9048
Epoch 024 | train_loss=0.4123 | val_acc=87.43% val_f1=0.8590 | test_acc=92.13% test_f1=0.8867
Epoch 025 | train_loss=0.3757 | val_acc=89.14% val_f1=0.8830 | test_acc=89.89% test_f1=0.8519
Epoch 026 | train_loss=0.3612 | val_acc=89.71% val_f1=0.8880 | test_acc=89.33% test_f1=0.8443
Epoch 027 | train_loss=0.3401 | val_acc=90.86% val_f1=0.9040 | test_acc=89.33% test_f1=0.8443
Epoch 028 | train_loss=0.3013 | val_acc=91.43% val_f1=0.9120 | test_acc=87.92% test_f1=0.8202
Epoch 029 | train_loss=0.3259 | val_acc=91.43% val_f1=0.9120 | test_acc=87.36% test_f1=0.8096
Epoch 030 | train_loss=0.2974 | val_acc=91.43% val_f1=0.9120 | test_acc=87.64% test_f1=0.8135
Epoch 031 | train_loss=0.2845 | val_acc=91.43% val_f1=0.9120 | test_acc=89.04% test_f1=0.8382
Epoch 032 | train_loss=0.2512 | val_acc=92.00% val_f1=0.9171 | test_acc=89.33% test_f1=0.8430
Epoch 033 | train_loss=0.2472 | val_acc=92.00% val_f1=0.9171 | test_acc=89.61% test_f1=0.8477
Epoch 034 | train_loss=0.2398 | val_acc=92.00% val_f1=0.9171 | test_acc=89.33% test_f1=0.8448
Epoch 035 | train_loss=0.2290 | val_acc=92.00% val_f1=0.9171 | test_acc=87.64% test_f1=0.8157
Epoch 036 | train_loss=0.2257 | val_acc=92.57% val_f1=0.9221 | test_acc=88.20% test_f1=0.8255
Epoch 037 | train_loss=0.1919 | val_acc=93.14% val_f1=0.9302 | test_acc=87.08% test_f1=0.8056
Epoch 038 | train_loss=0.2060 | val_acc=92.57% val_f1=0.9221 | test_acc=87.08% test_f1=0.8077
Epoch 039 | train_loss=0.1969 | val_acc=92.57% val_f1=0.9221 | test_acc=88.20% test_f1=0.8294
Epoch 040 | train_loss=0.1793 | val_acc=92.57% val_f1=0.9221 | test_acc=87.64% test_f1=0.8197
Epoch 041 | train_loss=0.1687 | val_acc=93.71% val_f1=0.9353 | test_acc=86.52% test_f1=0.7997
Epoch 042 | train_loss=0.1778 | val_acc=93.14% val_f1=0.9272 | test_acc=87.08% test_f1=0.8137
Epoch 043 | train_loss=0.1535 | val_acc=94.29% val_f1=0.9405 | test_acc=87.08% test_f1=0.8156
Epoch 044 | train_loss=0.1720 | val_acc=94.29% val_f1=0.9405 | test_acc=86.80% test_f1=0.8107
Epoch 045 | train_loss=0.1475 | val_acc=95.43% val_f1=0.9538 | test_acc=85.67% test_f1=0.7909
Epoch 046 | train_loss=0.1634 | val_acc=95.43% val_f1=0.9538 | test_acc=85.39% test_f1=0.7858
Epoch 047 | train_loss=0.1517 | val_acc=95.43% val_f1=0.9538 | test_acc=85.39% test_f1=0.7858
Epoch 048 | train_loss=0.1475 | val_acc=95.43% val_f1=0.9538 | test_acc=86.80% test_f1=0.8107
Epoch 049 | train_loss=0.1479 | val_acc=94.86% val_f1=0.9457 | test_acc=87.64% test_f1=0.8269
Epoch 050 | train_loss=0.1487 | val_acc=95.43% val_f1=0.9538 | test_acc=87.08% test_f1=0.8174
Epoch 051 | train_loss=0.1338 | val_acc=95.43% val_f1=0.9538 | test_acc=86.52% test_f1=0.8077
Epoch 052 | train_loss=0.1248 | val_acc=95.43% val_f1=0.9538 | test_acc=86.24% test_f1=0.8047
Epoch 053 | train_loss=0.1446 | val_acc=95.43% val_f1=0.9538 | test_acc=86.80% test_f1=0.8143
Epoch 054 | train_loss=0.1212 | val_acc=95.43% val_f1=0.9538 | test_acc=87.36% test_f1=0.8238
Epoch 055 | train_loss=0.1244 | val_acc=95.43% val_f1=0.9538 | test_acc=87.36% test_f1=0.8238
Epoch 056 | train_loss=0.1173 | val_acc=95.43% val_f1=0.9538 | test_acc=86.52% test_f1=0.8095
Epoch 057 | train_loss=0.1323 | val_acc=95.43% val_f1=0.9538 | test_acc=85.39% test_f1=0.7899
Epoch 058 | train_loss=0.1177 | val_acc=95.43% val_f1=0.9538 | test_acc=85.11% test_f1=0.7848
Epoch 059 | train_loss=0.1345 | val_acc=95.43% val_f1=0.9538 | test_acc=85.96% test_f1=0.7998
Epoch 060 | train_loss=0.1019 | val_acc=95.43% val_f1=0.9538 | test_acc=85.96% test_f1=0.8016
Epoch 061 | train_loss=0.1161 | val_acc=95.43% val_f1=0.9538 | test_acc=86.52% test_f1=0.8113
Early stopping at epoch 61 (best=45, score=0.953760)
================================================================================
Best epoch: 45
Best score (val_macro_f1): 0.953760
Final test accuracy: 85.67%
Saved to: ablation_experiments/h1/results/comparison_18d_baselines/gru/gru_weld_seam_windows_ws5_tf75_pg0_h1_h128_l1_uni_do0.2_ep80_lr0.0001_wd0.0002_bs128_seed42
================================================================================
Comparison baseline | model=gru
================================================================================
Dataset: /home/huang_kai/wind_turbine_phm/PHOENIX-main/autoencoder_benchmark/Data/processed_data/weld_seam_windows_ws5_tf75_pg0_h1.npz
Device: cuda
Train/Val/Test: 990 / 175 / 356
Epoch 001 | train_loss=0.9617 | val_acc=74.86% val_f1=0.7265 | test_acc=80.06% test_f1=0.7864
Epoch 002 | train_loss=0.7226 | val_acc=82.86% val_f1=0.7950 | test_acc=92.98% test_f1=0.9043
Epoch 003 | train_loss=0.5699 | val_acc=89.14% val_f1=0.8697 | test_acc=93.26% test_f1=0.9088
Epoch 004 | train_loss=0.4264 | val_acc=92.00% val_f1=0.9111 | test_acc=85.39% test_f1=0.7874
Epoch 005 | train_loss=0.3038 | val_acc=93.14% val_f1=0.9243 | test_acc=90.73% test_f1=0.8741
Epoch 006 | train_loss=0.2507 | val_acc=94.29% val_f1=0.9376 | test_acc=87.64% test_f1=0.8291
Epoch 007 | train_loss=0.1799 | val_acc=95.43% val_f1=0.9538 | test_acc=89.33% test_f1=0.8572
Epoch 008 | train_loss=0.1494 | val_acc=96.00% val_f1=0.9561 | test_acc=88.76% test_f1=0.8496
Epoch 009 | train_loss=0.1074 | val_acc=96.00% val_f1=0.9561 | test_acc=88.76% test_f1=0.8496
Epoch 010 | train_loss=0.0632 | val_acc=96.00% val_f1=0.9561 | test_acc=85.67% test_f1=0.7967
Epoch 011 | train_loss=0.0514 | val_acc=98.29% val_f1=0.9804 | test_acc=88.76% test_f1=0.8521
Epoch 012 | train_loss=0.0484 | val_acc=98.29% val_f1=0.9804 | test_acc=83.71% test_f1=0.7675
Epoch 013 | train_loss=0.0482 | val_acc=96.57% val_f1=0.9639 | test_acc=85.96% test_f1=0.8016
Epoch 014 | train_loss=0.0294 | val_acc=96.57% val_f1=0.9639 | test_acc=85.96% test_f1=0.8034
Epoch 015 | train_loss=0.0296 | val_acc=98.29% val_f1=0.9804 | test_acc=84.83% test_f1=0.7875
Epoch 016 | train_loss=0.0190 | val_acc=98.29% val_f1=0.9804 | test_acc=84.83% test_f1=0.7875
Epoch 017 | train_loss=0.0158 | val_acc=98.29% val_f1=0.9804 | test_acc=83.99% test_f1=0.7726
Epoch 018 | train_loss=0.0192 | val_acc=98.29% val_f1=0.9804 | test_acc=85.96% test_f1=0.8067
Epoch 019 | train_loss=0.0185 | val_acc=99.43% val_f1=0.9942 | test_acc=86.24% test_f1=0.8203
Epoch 020 | train_loss=0.0125 | val_acc=98.86% val_f1=0.9861 | test_acc=82.02% test_f1=0.7503
Epoch 021 | train_loss=0.0119 | val_acc=98.86% val_f1=0.9861 | test_acc=83.71% test_f1=0.7794
Epoch 022 | train_loss=0.0067 | val_acc=98.86% val_f1=0.9861 | test_acc=84.27% test_f1=0.7887
Epoch 023 | train_loss=0.0104 | val_acc=99.43% val_f1=0.9942 | test_acc=84.27% test_f1=0.7923
Epoch 024 | train_loss=0.0050 | val_acc=98.86% val_f1=0.9861 | test_acc=82.30% test_f1=0.7625
Epoch 025 | train_loss=0.0073 | val_acc=98.86% val_f1=0.9861 | test_acc=81.18% test_f1=0.7404
Epoch 026 | train_loss=0.0108 | val_acc=98.86% val_f1=0.9886 | test_acc=85.96% test_f1=0.8082
Epoch 027 | train_loss=0.0065 | val_acc=98.29% val_f1=0.9807 | test_acc=84.83% test_f1=0.7857
Epoch 028 | train_loss=0.0074 | val_acc=98.86% val_f1=0.9862 | test_acc=83.43% test_f1=0.7682
Epoch 029 | train_loss=0.0064 | val_acc=99.43% val_f1=0.9943 | test_acc=85.11% test_f1=0.7971
Epoch 030 | train_loss=0.0053 | val_acc=99.43% val_f1=0.9943 | test_acc=85.96% test_f1=0.8097
Epoch 031 | train_loss=0.0041 | val_acc=100.00% val_f1=1.0000 | test_acc=83.15% test_f1=0.7683
Epoch 032 | train_loss=0.0048 | val_acc=100.00% val_f1=1.0000 | test_acc=85.39% test_f1=0.8058
Epoch 033 | train_loss=0.0049 | val_acc=99.43% val_f1=0.9919 | test_acc=82.58% test_f1=0.7568
Epoch 034 | train_loss=0.0037 | val_acc=100.00% val_f1=1.0000 | test_acc=84.55% test_f1=0.7907
Epoch 035 | train_loss=0.0036 | val_acc=100.00% val_f1=1.0000 | test_acc=83.43% test_f1=0.7716
Epoch 036 | train_loss=0.0029 | val_acc=100.00% val_f1=1.0000 | test_acc=83.43% test_f1=0.7731
Epoch 037 | train_loss=0.0032 | val_acc=100.00% val_f1=1.0000 | test_acc=85.11% test_f1=0.8025
Epoch 038 | train_loss=0.0022 | val_acc=100.00% val_f1=1.0000 | test_acc=83.71% test_f1=0.7794
Epoch 039 | train_loss=0.0023 | val_acc=100.00% val_f1=1.0000 | test_acc=83.71% test_f1=0.7764
Epoch 040 | train_loss=0.0035 | val_acc=100.00% val_f1=1.0000 | test_acc=82.87% test_f1=0.7666
Epoch 041 | train_loss=0.0016 | val_acc=100.00% val_f1=1.0000 | test_acc=82.87% test_f1=0.7666
Epoch 042 | train_loss=0.0020 | val_acc=100.00% val_f1=1.0000 | test_acc=82.87% test_f1=0.7666
Epoch 043 | train_loss=0.0019 | val_acc=100.00% val_f1=1.0000 | test_acc=82.02% test_f1=0.7565
Epoch 044 | train_loss=0.0026 | val_acc=100.00% val_f1=1.0000 | test_acc=82.87% test_f1=0.7718
Epoch 045 | train_loss=0.0008 | val_acc=100.00% val_f1=1.0000 | test_acc=82.58% test_f1=0.7672
Epoch 046 | train_loss=0.0020 | val_acc=100.00% val_f1=1.0000 | test_acc=83.15% test_f1=0.7763
Epoch 047 | train_loss=0.0015 | val_acc=100.00% val_f1=1.0000 | test_acc=81.74% test_f1=0.7531
Early stopping at epoch 47 (best=31, score=1.000000)
================================================================================
Best epoch: 31
Best score (val_macro_f1): 1.000000
Final test accuracy: 83.15%
Saved to: ablation_experiments/h1/results/comparison_18d_baselines/gru/gru_weld_seam_windows_ws5_tf75_pg0_h1_h96_l1_bi_do0.2_ep80_lr0.0003_wd1e-05_bs64_seed14
================================================================================
Comparison baseline | model=gru
================================================================================
Dataset: /home/huang_kai/wind_turbine_phm/PHOENIX-main/autoencoder_benchmark/Data/processed_data/weld_seam_windows_ws5_tf75_pg0_h1.npz
Device: cuda
Train/Val/Test: 990 / 175 / 356
Epoch 001 | train_loss=1.0591 | val_acc=67.43% val_f1=0.6224 | test_acc=80.34% test_f1=0.7941
Epoch 002 | train_loss=0.9672 | val_acc=80.57% val_f1=0.7258 | test_acc=93.26% test_f1=0.9062
Epoch 003 | train_loss=0.8001 | val_acc=82.86% val_f1=0.7243 | test_acc=91.85% test_f1=0.8858
Epoch 004 | train_loss=0.6426 | val_acc=85.14% val_f1=0.7701 | test_acc=85.39% test_f1=0.7967
Epoch 005 | train_loss=0.5171 | val_acc=94.86% val_f1=0.9282 | test_acc=91.01% test_f1=0.8880
Epoch 006 | train_loss=0.3499 | val_acc=96.00% val_f1=0.9431 | test_acc=92.98% test_f1=0.9098
Epoch 007 | train_loss=0.2116 | val_acc=96.00% val_f1=0.9485 | test_acc=91.29% test_f1=0.8828
Epoch 008 | train_loss=0.1445 | val_acc=97.71% val_f1=0.9701 | test_acc=88.20% test_f1=0.8407
Epoch 009 | train_loss=0.0931 | val_acc=97.71% val_f1=0.9701 | test_acc=88.48% test_f1=0.8465
Epoch 010 | train_loss=0.0776 | val_acc=97.71% val_f1=0.9701 | test_acc=89.33% test_f1=0.8597
Epoch 011 | train_loss=0.0774 | val_acc=97.71% val_f1=0.9701 | test_acc=85.96% test_f1=0.8067
Epoch 012 | train_loss=0.0471 | val_acc=98.86% val_f1=0.9862 | test_acc=88.76% test_f1=0.8544
Epoch 013 | train_loss=0.0489 | val_acc=98.29% val_f1=0.9755 | test_acc=83.71% test_f1=0.7820
Epoch 014 | train_loss=0.0389 | val_acc=98.86% val_f1=0.9862 | test_acc=87.36% test_f1=0.8311
Epoch 015 | train_loss=0.0247 | val_acc=97.71% val_f1=0.9701 | test_acc=85.39% test_f1=0.7988
Epoch 016 | train_loss=0.0332 | val_acc=98.29% val_f1=0.9755 | test_acc=82.87% test_f1=0.7666
Epoch 017 | train_loss=0.0300 | val_acc=98.86% val_f1=0.9837 | test_acc=84.27% test_f1=0.7887
Epoch 018 | train_loss=0.0165 | val_acc=98.86% val_f1=0.9837 | test_acc=85.39% test_f1=0.8018
Epoch 019 | train_loss=0.0455 | val_acc=97.71% val_f1=0.9701 | test_acc=82.30% test_f1=0.7458
Epoch 020 | train_loss=0.0364 | val_acc=100.00% val_f1=1.0000 | test_acc=85.39% test_f1=0.8045
Epoch 021 | train_loss=0.0195 | val_acc=99.43% val_f1=0.9919 | test_acc=84.27% test_f1=0.7844
Epoch 022 | train_loss=0.0195 | val_acc=99.43% val_f1=0.9919 | test_acc=81.18% test_f1=0.7504
Epoch 023 | train_loss=0.0290 | val_acc=98.29% val_f1=0.9755 | test_acc=80.62% test_f1=0.7266
Epoch 024 | train_loss=0.0315 | val_acc=100.00% val_f1=1.0000 | test_acc=84.55% test_f1=0.7946
Epoch 025 | train_loss=0.0330 | val_acc=100.00% val_f1=1.0000 | test_acc=82.30% test_f1=0.7667
Epoch 026 | train_loss=0.0183 | val_acc=98.29% val_f1=0.9755 | test_acc=79.78% test_f1=0.7149
Epoch 027 | train_loss=0.0352 | val_acc=100.00% val_f1=1.0000 | test_acc=84.83% test_f1=0.8022
Epoch 028 | train_loss=0.0230 | val_acc=98.86% val_f1=0.9837 | test_acc=80.90% test_f1=0.7386
Epoch 029 | train_loss=0.0246 | val_acc=100.00% val_f1=1.0000 | test_acc=83.99% test_f1=0.7899
Epoch 030 | train_loss=0.0149 | val_acc=100.00% val_f1=1.0000 | test_acc=82.30% test_f1=0.7625
Epoch 031 | train_loss=0.0157 | val_acc=100.00% val_f1=1.0000 | test_acc=83.99% test_f1=0.7899
Epoch 032 | train_loss=0.0102 | val_acc=100.00% val_f1=1.0000 | test_acc=81.46% test_f1=0.7509
Epoch 033 | train_loss=0.0129 | val_acc=100.00% val_f1=1.0000 | test_acc=82.58% test_f1=0.7672
Epoch 034 | train_loss=0.0190 | val_acc=100.00% val_f1=1.0000 | test_acc=83.43% test_f1=0.7809
Epoch 035 | train_loss=0.0164 | val_acc=100.00% val_f1=1.0000 | test_acc=82.02% test_f1=0.7602
Epoch 036 | train_loss=0.0105 | val_acc=100.00% val_f1=1.0000 | test_acc=81.74% test_f1=0.7556
Early stopping at epoch 36 (best=20, score=1.000000)
================================================================================
Best epoch: 20
Best score (val_macro_f1): 1.000000
Final test accuracy: 85.39%
Saved to: ablation_experiments/h1/results/comparison_18d_baselines/gru/gru_weld_seam_windows_ws5_tf75_pg0_h1_h96_l2_uni_do0.1_ep80_lr0.0002_wd0.0002_bs64_seed100
================================================================================
Comparison baseline | model=gru
================================================================================
Dataset: /home/huang_kai/wind_turbine_phm/PHOENIX-main/autoencoder_benchmark/Data/processed_data/weld_seam_windows_ws5_tf75_pg0_h1.npz
Device: cuda
Train/Val/Test: 990 / 175 / 356
Epoch 001 | train_loss=1.0976 | val_acc=52.00% val_f1=0.3967 | test_acc=53.93% test_f1=0.4067
Epoch 002 | train_loss=0.9920 | val_acc=82.29% val_f1=0.8029 | test_acc=94.94% test_f1=0.9430
Epoch 003 | train_loss=0.8087 | val_acc=78.29% val_f1=0.6911 | test_acc=96.35% test_f1=0.9480
Epoch 004 | train_loss=0.6948 | val_acc=82.86% val_f1=0.7520 | test_acc=86.24% test_f1=0.8150
Epoch 005 | train_loss=0.5670 | val_acc=88.00% val_f1=0.8369 | test_acc=83.43% test_f1=0.7695
Epoch 006 | train_loss=0.4956 | val_acc=90.86% val_f1=0.8794 | test_acc=82.87% test_f1=0.7729
Epoch 007 | train_loss=0.3779 | val_acc=94.86% val_f1=0.9408 | test_acc=89.04% test_f1=0.8541
Epoch 008 | train_loss=0.2479 | val_acc=97.14% val_f1=0.9662 | test_acc=90.73% test_f1=0.8779
Epoch 009 | train_loss=0.1754 | val_acc=97.14% val_f1=0.9669 | test_acc=83.71% test_f1=0.7540
Epoch 010 | train_loss=0.1344 | val_acc=96.57% val_f1=0.9615 | test_acc=92.70% test_f1=0.9006
Epoch 011 | train_loss=0.1323 | val_acc=98.29% val_f1=0.9779 | test_acc=89.33% test_f1=0.8597
Epoch 012 | train_loss=0.0822 | val_acc=98.29% val_f1=0.9779 | test_acc=84.83% test_f1=0.7857
Epoch 013 | train_loss=0.0866 | val_acc=97.71% val_f1=0.9727 | test_acc=88.20% test_f1=0.8329
Epoch 014 | train_loss=0.0853 | val_acc=98.29% val_f1=0.9781 | test_acc=90.45% test_f1=0.8781
Epoch 015 | train_loss=0.0447 | val_acc=98.86% val_f1=0.9862 | test_acc=85.39% test_f1=0.7988
Epoch 016 | train_loss=0.0443 | val_acc=98.29% val_f1=0.9781 | test_acc=89.04% test_f1=0.8553
Epoch 017 | train_loss=0.0506 | val_acc=99.43% val_f1=0.9919 | test_acc=88.76% test_f1=0.8509
Epoch 018 | train_loss=0.0398 | val_acc=99.43% val_f1=0.9919 | test_acc=85.67% test_f1=0.8115
Epoch 019 | train_loss=0.0262 | val_acc=99.43% val_f1=0.9919 | test_acc=85.96% test_f1=0.8136
Epoch 020 | train_loss=0.0336 | val_acc=98.86% val_f1=0.9837 | test_acc=87.36% test_f1=0.8311
Epoch 021 | train_loss=0.0354 | val_acc=98.86% val_f1=0.9837 | test_acc=83.43% test_f1=0.7774
Epoch 022 | train_loss=0.0282 | val_acc=99.43% val_f1=0.9919 | test_acc=83.43% test_f1=0.7746
Epoch 023 | train_loss=0.0231 | val_acc=99.43% val_f1=0.9919 | test_acc=84.55% test_f1=0.7946
Epoch 024 | train_loss=0.0255 | val_acc=99.43% val_f1=0.9919 | test_acc=80.62% test_f1=0.7285
Epoch 025 | train_loss=0.0178 | val_acc=98.86% val_f1=0.9837 | test_acc=84.27% test_f1=0.7933
Epoch 026 | train_loss=0.0180 | val_acc=98.86% val_f1=0.9837 | test_acc=83.43% test_f1=0.7798
Epoch 027 | train_loss=0.0202 | val_acc=99.43% val_f1=0.9919 | test_acc=82.58% test_f1=0.7659
Epoch 028 | train_loss=0.0105 | val_acc=99.43% val_f1=0.9919 | test_acc=81.18% test_f1=0.7404
Epoch 029 | train_loss=0.0152 | val_acc=98.86% val_f1=0.9837 | test_acc=82.58% test_f1=0.7659
Epoch 030 | train_loss=0.0134 | val_acc=99.43% val_f1=0.9919 | test_acc=80.90% test_f1=0.7427
Epoch 031 | train_loss=0.0181 | val_acc=99.43% val_f1=0.9919 | test_acc=79.49% test_f1=0.7247
Epoch 032 | train_loss=0.0138 | val_acc=98.86% val_f1=0.9837 | test_acc=82.58% test_f1=0.7632
Epoch 033 | train_loss=0.0119 | val_acc=99.43% val_f1=0.9919 | test_acc=82.58% test_f1=0.7632
Early stopping at epoch 33 (best=17, score=0.991859)
================================================================================
Best epoch: 17
Best score (val_macro_f1): 0.991859
Final test accuracy: 88.76%
Saved to: ablation_experiments/h1/results/comparison_18d_baselines/gru/gru_weld_seam_windows_ws5_tf75_pg0_h1_h128_l2_uni_do0.3_ep80_lr0.0002_wd0.0002_bs64_seed122
================================================================================
Comparison baseline | model=gru
================================================================================
Dataset: /home/huang_kai/wind_turbine_phm/PHOENIX-main/autoencoder_benchmark/Data/processed_data/weld_seam_windows_ws5_tf75_pg0_h1.npz
Device: cuda
Train/Val/Test: 990 / 175 / 356
Epoch 001 | train_loss=1.0790 | val_acc=25.71% val_f1=0.1966 | test_acc=37.36% test_f1=0.3668
Epoch 002 | train_loss=0.9796 | val_acc=31.43% val_f1=0.3100 | test_acc=66.57% test_f1=0.6557
Epoch 003 | train_loss=0.8357 | val_acc=75.43% val_f1=0.6932 | test_acc=94.38% test_f1=0.9173
Epoch 004 | train_loss=0.7066 | val_acc=88.00% val_f1=0.8526 | test_acc=94.94% test_f1=0.9404
Epoch 005 | train_loss=0.5516 | val_acc=90.86% val_f1=0.8890 | test_acc=98.03% test_f1=0.9734
Epoch 006 | train_loss=0.3734 | val_acc=94.29% val_f1=0.9405 | test_acc=93.82% test_f1=0.9138
Epoch 007 | train_loss=0.2429 | val_acc=95.43% val_f1=0.9538 | test_acc=91.57% test_f1=0.8858
Epoch 008 | train_loss=0.1575 | val_acc=94.86% val_f1=0.9485 | test_acc=93.26% test_f1=0.9105
Epoch 009 | train_loss=0.1437 | val_acc=97.71% val_f1=0.9752 | test_acc=91.29% test_f1=0.8865
Epoch 010 | train_loss=0.0889 | val_acc=98.86% val_f1=0.9862 | test_acc=85.11% test_f1=0.7971
Epoch 011 | train_loss=0.0921 | val_acc=98.29% val_f1=0.9807 | test_acc=86.24% test_f1=0.8129
Epoch 012 | train_loss=0.0644 | val_acc=96.00% val_f1=0.9590 | test_acc=89.61% test_f1=0.8545
Epoch 013 | train_loss=0.0614 | val_acc=98.86% val_f1=0.9886 | test_acc=90.17% test_f1=0.8727
Epoch 014 | train_loss=0.0348 | val_acc=98.86% val_f1=0.9862 | test_acc=86.52% test_f1=0.8237
Epoch 015 | train_loss=0.0307 | val_acc=98.29% val_f1=0.9804 | test_acc=84.27% test_f1=0.7960
Epoch 016 | train_loss=0.0417 | val_acc=98.86% val_f1=0.9885 | test_acc=85.67% test_f1=0.8135
Epoch 017 | train_loss=0.0321 | val_acc=98.86% val_f1=0.9885 | test_acc=88.48% test_f1=0.8555
Epoch 018 | train_loss=0.0399 | val_acc=98.86% val_f1=0.9862 | test_acc=81.74% test_f1=0.7415
Epoch 019 | train_loss=0.0406 | val_acc=98.29% val_f1=0.9807 | test_acc=85.11% test_f1=0.7923
Epoch 020 | train_loss=0.0337 | val_acc=98.29% val_f1=0.9807 | test_acc=85.11% test_f1=0.7887
Epoch 021 | train_loss=0.0308 | val_acc=98.86% val_f1=0.9886 | test_acc=87.08% test_f1=0.8238
Epoch 022 | train_loss=0.0274 | val_acc=99.43% val_f1=0.9943 | test_acc=87.08% test_f1=0.8325
Epoch 023 | train_loss=0.0370 | val_acc=99.43% val_f1=0.9943 | test_acc=82.30% test_f1=0.7625
Epoch 024 | train_loss=0.0453 | val_acc=97.71% val_f1=0.9775 | test_acc=90.73% test_f1=0.8779
Epoch 025 | train_loss=0.0365 | val_acc=99.43% val_f1=0.9943 | test_acc=83.43% test_f1=0.7828
Epoch 026 | train_loss=0.0146 | val_acc=99.43% val_f1=0.9943 | test_acc=80.62% test_f1=0.7413
Epoch 027 | train_loss=0.0304 | val_acc=99.43% val_f1=0.9943 | test_acc=88.20% test_f1=0.8468
Epoch 028 | train_loss=0.0300 | val_acc=98.29% val_f1=0.9830 | test_acc=87.36% test_f1=0.8269
Epoch 029 | train_loss=0.0310 | val_acc=99.43% val_f1=0.9943 | test_acc=86.80% test_f1=0.8291
Epoch 030 | train_loss=0.0276 | val_acc=99.43% val_f1=0.9943 | test_acc=85.39% test_f1=0.8018
Epoch 031 | train_loss=0.0309 | val_acc=99.43% val_f1=0.9943 | test_acc=82.58% test_f1=0.7683
Epoch 032 | train_loss=0.0145 | val_acc=99.43% val_f1=0.9943 | test_acc=84.55% test_f1=0.7995
Epoch 033 | train_loss=0.0124 | val_acc=99.43% val_f1=0.9943 | test_acc=81.46% test_f1=0.7550
Epoch 034 | train_loss=0.0174 | val_acc=99.43% val_f1=0.9943 | test_acc=83.99% test_f1=0.7936
Epoch 035 | train_loss=0.0193 | val_acc=99.43% val_f1=0.9943 | test_acc=79.21% test_f1=0.7246
Epoch 036 | train_loss=0.0199 | val_acc=99.43% val_f1=0.9943 | test_acc=78.37% test_f1=0.7079
Epoch 037 | train_loss=0.0227 | val_acc=99.43% val_f1=0.9943 | test_acc=81.46% test_f1=0.7541
Epoch 038 | train_loss=0.0185 | val_acc=99.43% val_f1=0.9943 | test_acc=83.15% test_f1=0.7807
Early stopping at epoch 38 (best=22, score=0.994277)
================================================================================
Best epoch: 22
Best score (val_macro_f1): 0.994277
Final test accuracy: 87.08%
Saved to: ablation_experiments/h1/results/comparison_18d_baselines/gru/gru_weld_seam_windows_ws5_tf75_pg0_h1_h64_l3_uni_do0.3_ep80_lr0.0003_wd1e-05_bs64_seed42
================================================================================
Comparison baseline | model=gru
================================================================================
Dataset: /home/huang_kai/wind_turbine_phm/PHOENIX-main/autoencoder_benchmark/Data/processed_data/weld_seam_windows_ws5_tf75_pg0_h1.npz
Device: cuda
Train/Val/Test: 990 / 175 / 356
Epoch 001 | train_loss=1.0380 | val_acc=63.43% val_f1=0.5416 | test_acc=81.18% test_f1=0.7404
Epoch 002 | train_loss=0.8722 | val_acc=79.43% val_f1=0.7516 | test_acc=92.42% test_f1=0.8917
Epoch 003 | train_loss=0.6767 | val_acc=84.57% val_f1=0.8166 | test_acc=96.35% test_f1=0.9484
Epoch 004 | train_loss=0.5233 | val_acc=90.29% val_f1=0.8887 | test_acc=92.98% test_f1=0.8963
Epoch 005 | train_loss=0.3679 | val_acc=92.00% val_f1=0.9046 | test_acc=94.10% test_f1=0.9159
Epoch 006 | train_loss=0.2434 | val_acc=95.43% val_f1=0.9505 | test_acc=87.36% test_f1=0.8221
Epoch 007 | train_loss=0.1734 | val_acc=96.00% val_f1=0.9558 | test_acc=90.73% test_f1=0.8779
Epoch 008 | train_loss=0.1299 | val_acc=98.29% val_f1=0.9830 | test_acc=85.67% test_f1=0.7967
Epoch 009 | train_loss=0.0828 | val_acc=98.29% val_f1=0.9830 | test_acc=88.20% test_f1=0.8392
Epoch 010 | train_loss=0.0616 | val_acc=98.29% val_f1=0.9830 | test_acc=87.92% test_f1=0.8347
Epoch 011 | train_loss=0.0572 | val_acc=98.29% val_f1=0.9830 | test_acc=88.48% test_f1=0.8438
Epoch 012 | train_loss=0.0374 | val_acc=100.00% val_f1=1.0000 | test_acc=81.18% test_f1=0.7331
Epoch 013 | train_loss=0.0462 | val_acc=99.43% val_f1=0.9919 | test_acc=86.80% test_f1=0.8300
Epoch 014 | train_loss=0.0283 | val_acc=100.00% val_f1=1.0000 | test_acc=82.58% test_f1=0.7632
Epoch 015 | train_loss=0.0220 | val_acc=100.00% val_f1=1.0000 | test_acc=82.58% test_f1=0.7585
Epoch 016 | train_loss=0.0166 | val_acc=100.00% val_f1=1.0000 | test_acc=83.71% test_f1=0.7820
Epoch 017 | train_loss=0.0131 | val_acc=99.43% val_f1=0.9919 | test_acc=83.15% test_f1=0.7827
Epoch 018 | train_loss=0.0183 | val_acc=100.00% val_f1=1.0000 | test_acc=80.34% test_f1=0.7252
Epoch 019 | train_loss=0.0124 | val_acc=99.43% val_f1=0.9919 | test_acc=84.83% test_f1=0.7991
Epoch 020 | train_loss=0.0077 | val_acc=100.00% val_f1=1.0000 | test_acc=78.65% test_f1=0.7049
Epoch 021 | train_loss=0.0068 | val_acc=100.00% val_f1=1.0000 | test_acc=82.02% test_f1=0.7639
Epoch 022 | train_loss=0.0070 | val_acc=100.00% val_f1=1.0000 | test_acc=81.46% test_f1=0.7558
Epoch 023 | train_loss=0.0059 | val_acc=100.00% val_f1=1.0000 | test_acc=79.49% test_f1=0.7184
Epoch 024 | train_loss=0.0072 | val_acc=100.00% val_f1=1.0000 | test_acc=83.99% test_f1=0.7889
Epoch 025 | train_loss=0.0058 | val_acc=100.00% val_f1=1.0000 | test_acc=82.30% test_f1=0.7612
Epoch 026 | train_loss=0.0029 | val_acc=99.43% val_f1=0.9919 | test_acc=83.71% test_f1=0.7863
Epoch 027 | train_loss=0.0037 | val_acc=100.00% val_f1=1.0000 | test_acc=81.18% test_f1=0.7474
Epoch 028 | train_loss=0.0023 | val_acc=100.00% val_f1=1.0000 | test_acc=79.49% test_f1=0.7225
Early stopping at epoch 28 (best=12, score=1.000000)
================================================================================
Best epoch: 12
Best score (val_macro_f1): 1.000000
Final test accuracy: 81.18%
Saved to: ablation_experiments/h1/results/comparison_18d_baselines/gru/gru_weld_seam_windows_ws5_tf75_pg0_h1_h64_l2_bi_do0.3_ep80_lr0.0005_wd0.0002_bs128_seed77
================================================================================
Comparison baseline | model=gru
================================================================================
Dataset: /home/huang_kai/wind_turbine_phm/PHOENIX-main/autoencoder_benchmark/Data/processed_data/weld_seam_windows_ws5_tf75_pg0_h1.npz
Device: cuda
Train/Val/Test: 990 / 175 / 356
Epoch 001 | train_loss=1.0470 | val_acc=25.71% val_f1=0.1628 | test_acc=29.49% test_f1=0.2108
Epoch 002 | train_loss=0.8815 | val_acc=79.43% val_f1=0.7283 | test_acc=91.01% test_f1=0.8681
Epoch 003 | train_loss=0.6840 | val_acc=91.43% val_f1=0.8845 | test_acc=82.02% test_f1=0.7379
Epoch 004 | train_loss=0.4340 | val_acc=97.14% val_f1=0.9673 | test_acc=83.43% test_f1=0.7644
Epoch 005 | train_loss=0.2287 | val_acc=96.57% val_f1=0.9619 | test_acc=89.04% test_f1=0.8485
Epoch 006 | train_loss=0.1280 | val_acc=97.14% val_f1=0.9673 | test_acc=89.33% test_f1=0.8609
Epoch 007 | train_loss=0.0764 | val_acc=98.29% val_f1=0.9807 | test_acc=89.89% test_f1=0.8695
Epoch 008 | train_loss=0.0530 | val_acc=98.29% val_f1=0.9807 | test_acc=88.20% test_f1=0.8433
Epoch 009 | train_loss=0.0464 | val_acc=98.29% val_f1=0.9804 | test_acc=85.11% test_f1=0.8095
Epoch 010 | train_loss=0.0594 | val_acc=98.86% val_f1=0.9886 | test_acc=91.85% test_f1=0.8983
Epoch 011 | train_loss=0.0416 | val_acc=98.29% val_f1=0.9804 | test_acc=75.84% test_f1=0.6735
Epoch 012 | train_loss=0.0209 | val_acc=98.29% val_f1=0.9804 | test_acc=77.53% test_f1=0.6966
Epoch 013 | train_loss=0.0439 | val_acc=98.29% val_f1=0.9804 | test_acc=80.62% test_f1=0.7391
Epoch 014 | train_loss=0.0224 | val_acc=98.29% val_f1=0.9807 | test_acc=82.30% test_f1=0.7517
Epoch 015 | train_loss=0.0218 | val_acc=98.86% val_f1=0.9885 | test_acc=80.06% test_f1=0.7371
Epoch 016 | train_loss=0.0244 | val_acc=98.86% val_f1=0.9862 | test_acc=82.58% test_f1=0.7703
Epoch 017 | train_loss=0.0132 | val_acc=98.29% val_f1=0.9807 | test_acc=79.78% test_f1=0.7168
Epoch 018 | train_loss=0.0154 | val_acc=98.29% val_f1=0.9807 | test_acc=80.34% test_f1=0.7270
Epoch 019 | train_loss=0.0123 | val_acc=98.86% val_f1=0.9861 | test_acc=77.81% test_f1=0.7043
Epoch 020 | train_loss=0.0333 | val_acc=98.86% val_f1=0.9862 | test_acc=79.78% test_f1=0.7276
Epoch 021 | train_loss=0.0133 | val_acc=99.43% val_f1=0.9943 | test_acc=85.11% test_f1=0.8087
Epoch 022 | train_loss=0.0167 | val_acc=98.86% val_f1=0.9862 | test_acc=78.37% test_f1=0.7089
Epoch 023 | train_loss=0.0123 | val_acc=98.86% val_f1=0.9885 | test_acc=81.46% test_f1=0.7585
Epoch 024 | train_loss=0.0138 | val_acc=98.29% val_f1=0.9804 | test_acc=77.81% test_f1=0.7027
Epoch 025 | train_loss=0.0240 | val_acc=98.86% val_f1=0.9885 | test_acc=79.49% test_f1=0.7297
Epoch 026 | train_loss=0.0214 | val_acc=98.86% val_f1=0.9862 | test_acc=78.93% test_f1=0.7169
Epoch 027 | train_loss=0.0097 | val_acc=98.86% val_f1=0.9885 | test_acc=77.81% test_f1=0.7043
Epoch 028 | train_loss=0.0174 | val_acc=98.29% val_f1=0.9804 | test_acc=76.69% test_f1=0.6867
Epoch 029 | train_loss=0.0164 | val_acc=98.86% val_f1=0.9862 | test_acc=79.49% test_f1=0.7228
Epoch 030 | train_loss=0.0131 | val_acc=98.86% val_f1=0.9862 | test_acc=77.53% test_f1=0.6966
Epoch 031 | train_loss=0.0134 | val_acc=98.86% val_f1=0.9862 | test_acc=75.00% test_f1=0.6596
Epoch 032 | train_loss=0.0113 | val_acc=99.43% val_f1=0.9943 | test_acc=79.21% test_f1=0.7253
Epoch 033 | train_loss=0.0110 | val_acc=98.86% val_f1=0.9862 | test_acc=76.12% test_f1=0.6724
Epoch 034 | train_loss=0.0030 | val_acc=98.86% val_f1=0.9862 | test_acc=78.09% test_f1=0.7031
Epoch 035 | train_loss=0.0109 | val_acc=99.43% val_f1=0.9943 | test_acc=80.90% test_f1=0.7483
Epoch 036 | train_loss=0.0077 | val_acc=99.43% val_f1=0.9943 | test_acc=78.93% test_f1=0.7189
Epoch 037 | train_loss=0.0168 | val_acc=98.86% val_f1=0.9862 | test_acc=76.69% test_f1=0.6822
Early stopping at epoch 37 (best=21, score=0.994277)
================================================================================
Best epoch: 21
Best score (val_macro_f1): 0.994277
Final test accuracy: 85.11%
Saved to: ablation_experiments/h1/results/comparison_18d_baselines/gru/gru_weld_seam_windows_ws5_tf75_pg0_h1_h96_l3_uni_do0.2_ep80_lr0.0003_wd0.0005_bs64_seed14
================================================================================
Comparison baseline | model=gru
================================================================================
Dataset: /home/huang_kai/wind_turbine_phm/PHOENIX-main/autoencoder_benchmark/Data/processed_data/weld_seam_windows_ws5_tf75_pg0_h1.npz
Device: cuda
Train/Val/Test: 990 / 175 / 356
Epoch 001 | train_loss=1.0410 | val_acc=82.29% val_f1=0.7636 | test_acc=96.35% test_f1=0.9481
Epoch 002 | train_loss=0.8660 | val_acc=80.00% val_f1=0.7385 | test_acc=95.51% test_f1=0.9344
Epoch 003 | train_loss=0.6945 | val_acc=82.86% val_f1=0.7626 | test_acc=95.79% test_f1=0.9386
Epoch 004 | train_loss=0.5542 | val_acc=89.14% val_f1=0.8533 | test_acc=96.07% test_f1=0.9469
Epoch 005 | train_loss=0.4506 | val_acc=90.29% val_f1=0.8713 | test_acc=93.82% test_f1=0.9195
Epoch 006 | train_loss=0.3555 | val_acc=92.57% val_f1=0.9052 | test_acc=89.61% test_f1=0.8521
Epoch 007 | train_loss=0.2654 | val_acc=93.71% val_f1=0.9219 | test_acc=90.17% test_f1=0.8640
Epoch 008 | train_loss=0.2229 | val_acc=94.86% val_f1=0.9393 | test_acc=87.64% test_f1=0.8234
Epoch 009 | train_loss=0.2009 | val_acc=94.86% val_f1=0.9393 | test_acc=89.33% test_f1=0.8530
Epoch 010 | train_loss=0.1605 | val_acc=97.71% val_f1=0.9722 | test_acc=86.80% test_f1=0.8143
Epoch 011 | train_loss=0.1359 | val_acc=98.86% val_f1=0.9862 | test_acc=84.83% test_f1=0.7838
Epoch 012 | train_loss=0.1046 | val_acc=97.71% val_f1=0.9700 | test_acc=89.61% test_f1=0.8629
Epoch 013 | train_loss=0.0944 | val_acc=98.86% val_f1=0.9862 | test_acc=82.02% test_f1=0.7310
Epoch 014 | train_loss=0.0912 | val_acc=98.86% val_f1=0.9862 | test_acc=87.92% test_f1=0.8361
Epoch 015 | train_loss=0.0680 | val_acc=98.86% val_f1=0.9862 | test_acc=85.96% test_f1=0.8034
Epoch 016 | train_loss=0.0706 | val_acc=98.86% val_f1=0.9862 | test_acc=84.55% test_f1=0.7788
Epoch 017 | train_loss=0.0500 | val_acc=98.86% val_f1=0.9862 | test_acc=85.96% test_f1=0.8051
Epoch 018 | train_loss=0.0451 | val_acc=99.43% val_f1=0.9919 | test_acc=83.15% test_f1=0.7572
Epoch 019 | train_loss=0.0377 | val_acc=99.43% val_f1=0.9943 | test_acc=89.61% test_f1=0.8641
Epoch 020 | train_loss=0.0451 | val_acc=99.43% val_f1=0.9943 | test_acc=88.20% test_f1=0.8420
Epoch 021 | train_loss=0.0275 | val_acc=98.86% val_f1=0.9862 | test_acc=82.87% test_f1=0.7498
Epoch 022 | train_loss=0.0342 | val_acc=100.00% val_f1=1.0000 | test_acc=86.24% test_f1=0.8181
Epoch 023 | train_loss=0.0313 | val_acc=99.43% val_f1=0.9943 | test_acc=84.83% test_f1=0.7857
Epoch 024 | train_loss=0.0259 | val_acc=99.43% val_f1=0.9943 | test_acc=83.71% test_f1=0.7655
Epoch 025 | train_loss=0.0246 | val_acc=100.00% val_f1=1.0000 | test_acc=84.27% test_f1=0.7844
Epoch 026 | train_loss=0.0228 | val_acc=100.00% val_f1=1.0000 | test_acc=84.55% test_f1=0.7907
Epoch 027 | train_loss=0.0209 | val_acc=100.00% val_f1=1.0000 | test_acc=83.71% test_f1=0.7764
Epoch 028 | train_loss=0.0211 | val_acc=100.00% val_f1=1.0000 | test_acc=85.96% test_f1=0.8097
Epoch 029 | train_loss=0.0093 | val_acc=100.00% val_f1=1.0000 | test_acc=85.39% test_f1=0.8003
Epoch 030 | train_loss=0.0178 | val_acc=100.00% val_f1=1.0000 | test_acc=85.11% test_f1=0.7986
Epoch 031 | train_loss=0.0166 | val_acc=100.00% val_f1=1.0000 | test_acc=85.67% test_f1=0.8078
Epoch 032 | train_loss=0.0081 | val_acc=100.00% val_f1=1.0000 | test_acc=83.71% test_f1=0.7731
Epoch 033 | train_loss=0.0082 | val_acc=100.00% val_f1=1.0000 | test_acc=83.15% test_f1=0.7650
Epoch 034 | train_loss=0.0132 | val_acc=100.00% val_f1=1.0000 | test_acc=83.99% test_f1=0.7878
Epoch 035 | train_loss=0.0111 | val_acc=100.00% val_f1=1.0000 | test_acc=82.02% test_f1=0.7565
Epoch 036 | train_loss=0.0126 | val_acc=100.00% val_f1=1.0000 | test_acc=82.30% test_f1=0.7599
Epoch 037 | train_loss=0.0114 | val_acc=100.00% val_f1=1.0000 | test_acc=83.15% test_f1=0.7740
Epoch 038 | train_loss=0.0089 | val_acc=100.00% val_f1=1.0000 | test_acc=84.55% test_f1=0.7907
Early stopping at epoch 38 (best=22, score=1.000000)
================================================================================
Best epoch: 22
Best score (val_macro_f1): 1.000000
Final test accuracy: 86.24%
Saved to: ablation_experiments/h1/results/comparison_18d_baselines/gru/gru_weld_seam_windows_ws5_tf75_pg0_h1_h64_l1_bi_do0.1_ep80_lr0.0005_wd0.0005_bs128_seed122
================================================================================
Comparison baseline | model=gru
================================================================================
Dataset: /home/huang_kai/wind_turbine_phm/PHOENIX-main/autoencoder_benchmark/Data/processed_data/weld_seam_windows_ws5_tf75_pg0_h1.npz
Device: cuda
Train/Val/Test: 990 / 175 / 356
Epoch 001 | train_loss=1.0556 | val_acc=61.71% val_f1=0.5866 | test_acc=81.74% test_f1=0.8016
Epoch 002 | train_loss=0.9468 | val_acc=77.71% val_f1=0.7207 | test_acc=92.13% test_f1=0.8938
Epoch 003 | train_loss=0.8002 | val_acc=79.43% val_f1=0.7295 | test_acc=92.98% test_f1=0.9005
Epoch 004 | train_loss=0.6340 | val_acc=86.86% val_f1=0.8124 | test_acc=92.70% test_f1=0.9071
Epoch 005 | train_loss=0.4862 | val_acc=92.57% val_f1=0.9023 | test_acc=91.85% test_f1=0.8968
Epoch 006 | train_loss=0.3468 | val_acc=92.57% val_f1=0.9081 | test_acc=90.73% test_f1=0.8775
Epoch 007 | train_loss=0.2702 | val_acc=94.29% val_f1=0.9326 | test_acc=90.45% test_f1=0.8709
Epoch 008 | train_loss=0.1740 | val_acc=95.43% val_f1=0.9493 | test_acc=88.20% test_f1=0.8407
Epoch 009 | train_loss=0.1387 | val_acc=96.57% val_f1=0.9631 | test_acc=91.29% test_f1=0.8908
Epoch 010 | train_loss=0.1254 | val_acc=97.71% val_f1=0.9770 | test_acc=89.04% test_f1=0.8565
Epoch 011 | train_loss=0.0710 | val_acc=97.14% val_f1=0.9714 | test_acc=86.80% test_f1=0.8221
Epoch 012 | train_loss=0.0744 | val_acc=96.57% val_f1=0.9631 | test_acc=88.76% test_f1=0.8533
Epoch 013 | train_loss=0.0617 | val_acc=98.86% val_f1=0.9883 | test_acc=80.06% test_f1=0.7117
Epoch 014 | train_loss=0.0414 | val_acc=98.86% val_f1=0.9883 | test_acc=80.90% test_f1=0.7427
Epoch 015 | train_loss=0.0429 | val_acc=97.71% val_f1=0.9746 | test_acc=88.20% test_f1=0.8457
Epoch 016 | train_loss=0.0352 | val_acc=97.71% val_f1=0.9746 | test_acc=85.96% test_f1=0.8124
Epoch 017 | train_loss=0.0382 | val_acc=99.43% val_f1=0.9942 | test_acc=81.18% test_f1=0.7462
Epoch 018 | train_loss=0.0282 | val_acc=98.29% val_f1=0.9828 | test_acc=83.43% test_f1=0.7786
Epoch 019 | train_loss=0.0162 | val_acc=98.86% val_f1=0.9886 | test_acc=83.71% test_f1=0.7807
Epoch 020 | train_loss=0.0244 | val_acc=98.86% val_f1=0.9886 | test_acc=81.18% test_f1=0.7420
Epoch 021 | train_loss=0.0142 | val_acc=99.43% val_f1=0.9919 | test_acc=83.43% test_f1=0.7819
Epoch 022 | train_loss=0.0223 | val_acc=100.00% val_f1=1.0000 | test_acc=80.34% test_f1=0.7270
Epoch 023 | train_loss=0.0196 | val_acc=99.43% val_f1=0.9919 | test_acc=83.71% test_f1=0.7854
Epoch 024 | train_loss=0.0253 | val_acc=99.43% val_f1=0.9919 | test_acc=82.30% test_f1=0.7625
Epoch 025 | train_loss=0.0234 | val_acc=98.29% val_f1=0.9805 | test_acc=83.71% test_f1=0.7820
Epoch 026 | train_loss=0.0174 | val_acc=98.86% val_f1=0.9886 | test_acc=80.06% test_f1=0.7214
Epoch 027 | train_loss=0.0186 | val_acc=98.86% val_f1=0.9861 | test_acc=83.15% test_f1=0.7774
Epoch 028 | train_loss=0.0142 | val_acc=98.86% val_f1=0.9861 | test_acc=81.18% test_f1=0.7449
Epoch 029 | train_loss=0.0127 | val_acc=98.86% val_f1=0.9861 | test_acc=83.43% test_f1=0.7822
Epoch 030 | train_loss=0.0106 | val_acc=99.43% val_f1=0.9942 | test_acc=78.09% test_f1=0.7042
Epoch 031 | train_loss=0.0096 | val_acc=98.86% val_f1=0.9860 | test_acc=81.46% test_f1=0.7581
Epoch 032 | train_loss=0.0210 | val_acc=98.86% val_f1=0.9861 | test_acc=82.58% test_f1=0.7685
Epoch 033 | train_loss=0.0127 | val_acc=100.00% val_f1=1.0000 | test_acc=78.65% test_f1=0.7108
Epoch 034 | train_loss=0.0124 | val_acc=98.86% val_f1=0.9861 | test_acc=80.90% test_f1=0.7453
Epoch 035 | train_loss=0.0091 | val_acc=98.86% val_f1=0.9861 | test_acc=79.49% test_f1=0.7271
Epoch 036 | train_loss=0.0116 | val_acc=98.86% val_f1=0.9861 | test_acc=79.78% test_f1=0.7263
Epoch 037 | train_loss=0.0122 | val_acc=99.43% val_f1=0.9919 | test_acc=79.21% test_f1=0.7193
Epoch 038 | train_loss=0.0066 | val_acc=98.86% val_f1=0.9861 | test_acc=79.49% test_f1=0.7271
Early stopping at epoch 38 (best=22, score=1.000000)
================================================================================
Best epoch: 22
Best score (val_macro_f1): 1.000000
Final test accuracy: 80.34%
Saved to: ablation_experiments/h1/results/comparison_18d_baselines/gru/gru_weld_seam_windows_ws5_tf75_pg0_h1_h96_l2_uni_do0.1_ep80_lr0.0002_wd0.0005_bs64_seed183
================================================================================
Comparison baseline | model=gru
================================================================================
Dataset: /home/huang_kai/wind_turbine_phm/PHOENIX-main/autoencoder_benchmark/Data/processed_data/weld_seam_windows_ws5_tf75_pg0_h1.npz
Device: cuda
Train/Val/Test: 990 / 175 / 356
Epoch 001 | train_loss=1.0678 | val_acc=49.14% val_f1=0.4946 | test_acc=36.80% test_f1=0.4492
Epoch 002 | train_loss=1.0181 | val_acc=67.43% val_f1=0.6385 | test_acc=61.80% test_f1=0.6512
Epoch 003 | train_loss=0.9485 | val_acc=72.57% val_f1=0.6671 | test_acc=85.11% test_f1=0.8382
Epoch 004 | train_loss=0.8880 | val_acc=76.00% val_f1=0.6916 | test_acc=90.73% test_f1=0.8807
Epoch 005 | train_loss=0.8464 | val_acc=78.29% val_f1=0.7085 | test_acc=92.70% test_f1=0.8986
Epoch 006 | train_loss=0.7920 | val_acc=78.86% val_f1=0.7185 | test_acc=93.82% test_f1=0.9140
Epoch 007 | train_loss=0.7299 | val_acc=80.57% val_f1=0.7424 | test_acc=94.10% test_f1=0.9184
Epoch 008 | train_loss=0.7000 | val_acc=82.29% val_f1=0.7614 | test_acc=94.10% test_f1=0.9214
Epoch 009 | train_loss=0.6435 | val_acc=84.57% val_f1=0.7850 | test_acc=94.10% test_f1=0.9236
Epoch 010 | train_loss=0.6407 | val_acc=85.14% val_f1=0.7945 | test_acc=94.38% test_f1=0.9293
Epoch 011 | train_loss=0.5846 | val_acc=86.86% val_f1=0.8216 | test_acc=94.94% test_f1=0.9384
Epoch 012 | train_loss=0.5664 | val_acc=89.71% val_f1=0.8619 | test_acc=94.10% test_f1=0.9282
Epoch 013 | train_loss=0.5204 | val_acc=90.29% val_f1=0.8705 | test_acc=95.22% test_f1=0.9441
Epoch 014 | train_loss=0.4855 | val_acc=90.86% val_f1=0.8790 | test_acc=94.94% test_f1=0.9400
Epoch 015 | train_loss=0.4635 | val_acc=91.43% val_f1=0.8874 | test_acc=94.94% test_f1=0.9395
Epoch 016 | train_loss=0.4349 | val_acc=92.57% val_f1=0.9047 | test_acc=94.38% test_f1=0.9316
Epoch 017 | train_loss=0.3923 | val_acc=92.57% val_f1=0.9047 | test_acc=93.54% test_f1=0.9201
Epoch 018 | train_loss=0.3578 | val_acc=92.57% val_f1=0.9047 | test_acc=93.82% test_f1=0.9233
Epoch 019 | train_loss=0.3542 | val_acc=93.14% val_f1=0.9157 | test_acc=92.42% test_f1=0.9023
Epoch 020 | train_loss=0.3292 | val_acc=94.29% val_f1=0.9347 | test_acc=91.57% test_f1=0.8884
Epoch 021 | train_loss=0.3006 | val_acc=94.29% val_f1=0.9347 | test_acc=91.57% test_f1=0.8884
Epoch 022 | train_loss=0.2880 | val_acc=94.29% val_f1=0.9347 | test_acc=91.57% test_f1=0.8884
Epoch 023 | train_loss=0.2610 | val_acc=96.00% val_f1=0.9562 | test_acc=90.73% test_f1=0.8753
Epoch 024 | train_loss=0.2545 | val_acc=96.00% val_f1=0.9562 | test_acc=90.17% test_f1=0.8665
Epoch 025 | train_loss=0.2398 | val_acc=96.00% val_f1=0.9562 | test_acc=90.45% test_f1=0.8709
Epoch 026 | train_loss=0.2147 | val_acc=96.00% val_f1=0.9562 | test_acc=90.73% test_f1=0.8753
Epoch 027 | train_loss=0.2003 | val_acc=96.00% val_f1=0.9562 | test_acc=90.73% test_f1=0.8753
Epoch 028 | train_loss=0.1835 | val_acc=96.00% val_f1=0.9562 | test_acc=89.61% test_f1=0.8575
Epoch 029 | train_loss=0.1738 | val_acc=96.00% val_f1=0.9562 | test_acc=90.45% test_f1=0.8709
Epoch 030 | train_loss=0.1708 | val_acc=96.00% val_f1=0.9562 | test_acc=90.17% test_f1=0.8665
Epoch 031 | train_loss=0.1553 | val_acc=96.00% val_f1=0.9562 | test_acc=89.61% test_f1=0.8575
Epoch 032 | train_loss=0.1504 | val_acc=96.00% val_f1=0.9562 | test_acc=89.33% test_f1=0.8530
Epoch 033 | train_loss=0.1490 | val_acc=96.00% val_f1=0.9562 | test_acc=88.48% test_f1=0.8393
Epoch 034 | train_loss=0.1384 | val_acc=96.57% val_f1=0.9644 | test_acc=87.92% test_f1=0.8299
Epoch 035 | train_loss=0.1208 | val_acc=96.00% val_f1=0.9562 | test_acc=89.04% test_f1=0.8485
Epoch 036 | train_loss=0.1021 | val_acc=96.57% val_f1=0.9644 | test_acc=88.20% test_f1=0.8346
Epoch 037 | train_loss=0.1118 | val_acc=96.57% val_f1=0.9644 | test_acc=88.20% test_f1=0.8362
Epoch 038 | train_loss=0.0994 | val_acc=96.57% val_f1=0.9644 | test_acc=88.76% test_f1=0.8469
Epoch 039 | train_loss=0.1092 | val_acc=97.14% val_f1=0.9697 | test_acc=88.76% test_f1=0.8469
Epoch 040 | train_loss=0.1041 | val_acc=97.14% val_f1=0.9697 | test_acc=88.20% test_f1=0.8378
Epoch 041 | train_loss=0.0944 | val_acc=97.14% val_f1=0.9697 | test_acc=87.92% test_f1=0.8331
Epoch 042 | train_loss=0.0949 | val_acc=97.14% val_f1=0.9697 | test_acc=89.33% test_f1=0.8559
Epoch 043 | train_loss=0.0995 | val_acc=97.14% val_f1=0.9697 | test_acc=88.76% test_f1=0.8483
Epoch 044 | train_loss=0.0987 | val_acc=97.14% val_f1=0.9697 | test_acc=88.48% test_f1=0.8438
Epoch 045 | train_loss=0.0842 | val_acc=97.14% val_f1=0.9697 | test_acc=87.92% test_f1=0.8347
Epoch 046 | train_loss=0.0749 | val_acc=97.14% val_f1=0.9697 | test_acc=87.36% test_f1=0.8254
Epoch 047 | train_loss=0.0831 | val_acc=97.14% val_f1=0.9697 | test_acc=87.92% test_f1=0.8347
Epoch 048 | train_loss=0.0720 | val_acc=97.14% val_f1=0.9697 | test_acc=88.76% test_f1=0.8483
Epoch 049 | train_loss=0.0705 | val_acc=97.14% val_f1=0.9697 | test_acc=88.48% test_f1=0.8438
Epoch 050 | train_loss=0.0836 | val_acc=97.14% val_f1=0.9697 | test_acc=88.20% test_f1=0.8392
Epoch 051 | train_loss=0.0929 | val_acc=97.14% val_f1=0.9697 | test_acc=88.76% test_f1=0.8483
Epoch 052 | train_loss=0.0852 | val_acc=97.14% val_f1=0.9697 | test_acc=88.76% test_f1=0.8496
Epoch 053 | train_loss=0.0684 | val_acc=97.14% val_f1=0.9697 | test_acc=89.04% test_f1=0.8541
Epoch 054 | train_loss=0.0835 | val_acc=97.14% val_f1=0.9697 | test_acc=89.04% test_f1=0.8541
Epoch 055 | train_loss=0.0790 | val_acc=97.14% val_f1=0.9697 | test_acc=89.04% test_f1=0.8541
Early stopping at epoch 55 (best=39, score=0.969728)
================================================================================
Best epoch: 39
Best score (val_macro_f1): 0.969728
Final test accuracy: 88.76%
Saved to: ablation_experiments/h1/results/comparison_18d_baselines/gru/gru_weld_seam_windows_ws5_tf75_pg0_h1_h64_l1_uni_do0.1_ep80_lr0.0001_wd0.0005_bs64_seed42
================================================================================
Comparison baseline | model=gru
================================================================================
Dataset: /home/huang_kai/wind_turbine_phm/PHOENIX-main/autoencoder_benchmark/Data/processed_data/weld_seam_windows_ws5_tf75_pg0_h1.npz
Device: cuda
Train/Val/Test: 990 / 175 / 356
Epoch 001 | train_loss=1.0172 | val_acc=79.43% val_f1=0.7558 | test_acc=95.22% test_f1=0.9387
Epoch 002 | train_loss=0.8115 | val_acc=81.71% val_f1=0.7673 | test_acc=97.19% test_f1=0.9596
Epoch 003 | train_loss=0.5611 | val_acc=85.71% val_f1=0.8139 | test_acc=95.79% test_f1=0.9482
Epoch 004 | train_loss=0.3732 | val_acc=90.29% val_f1=0.8839 | test_acc=89.61% test_f1=0.8563
Epoch 005 | train_loss=0.2273 | val_acc=91.43% val_f1=0.9064 | test_acc=88.20% test_f1=0.8329
Epoch 006 | train_loss=0.1585 | val_acc=97.14% val_f1=0.9690 | test_acc=85.39% test_f1=0.7879
Epoch 007 | train_loss=0.1130 | val_acc=97.14% val_f1=0.9717 | test_acc=90.45% test_f1=0.8709
Epoch 008 | train_loss=0.0754 | val_acc=97.71% val_f1=0.9775 | test_acc=90.73% test_f1=0.8753
Epoch 009 | train_loss=0.0452 | val_acc=98.86% val_f1=0.9886 | test_acc=86.24% test_f1=0.8114
Epoch 010 | train_loss=0.0337 | val_acc=97.71% val_f1=0.9749 | test_acc=87.92% test_f1=0.8388
Epoch 011 | train_loss=0.0301 | val_acc=98.86% val_f1=0.9886 | test_acc=82.02% test_f1=0.7426
Epoch 012 | train_loss=0.0180 | val_acc=98.29% val_f1=0.9830 | test_acc=85.39% test_f1=0.8018
Epoch 013 | train_loss=0.0156 | val_acc=99.43% val_f1=0.9943 | test_acc=82.87% test_f1=0.7729
Epoch 014 | train_loss=0.0192 | val_acc=99.43% val_f1=0.9919 | test_acc=82.02% test_f1=0.7639
Epoch 015 | train_loss=0.0123 | val_acc=98.86% val_f1=0.9886 | test_acc=80.62% test_f1=0.7285
Epoch 016 | train_loss=0.0113 | val_acc=98.86% val_f1=0.9861 | test_acc=83.99% test_f1=0.7889
Epoch 017 | train_loss=0.0078 | val_acc=100.00% val_f1=1.0000 | test_acc=77.53% test_f1=0.6859
Epoch 018 | train_loss=0.0077 | val_acc=99.43% val_f1=0.9943 | test_acc=83.99% test_f1=0.7866
Epoch 019 | train_loss=0.0031 | val_acc=99.43% val_f1=0.9943 | test_acc=82.02% test_f1=0.7536
Epoch 020 | train_loss=0.0051 | val_acc=100.00% val_f1=1.0000 | test_acc=81.74% test_f1=0.7594
Epoch 021 | train_loss=0.0042 | val_acc=100.00% val_f1=1.0000 | test_acc=79.49% test_f1=0.7236
Epoch 022 | train_loss=0.0062 | val_acc=98.86% val_f1=0.9886 | test_acc=82.87% test_f1=0.7693
Epoch 023 | train_loss=0.0052 | val_acc=98.86% val_f1=0.9886 | test_acc=83.43% test_f1=0.7786
Epoch 024 | train_loss=0.0042 | val_acc=100.00% val_f1=1.0000 | test_acc=78.93% test_f1=0.7163
Epoch 025 | train_loss=0.0020 | val_acc=99.43% val_f1=0.9919 | test_acc=83.15% test_f1=0.7819
Epoch 026 | train_loss=0.0053 | val_acc=100.00% val_f1=1.0000 | test_acc=77.81% test_f1=0.6911
Epoch 027 | train_loss=0.0025 | val_acc=99.43% val_f1=0.9919 | test_acc=80.34% test_f1=0.7386
Epoch 028 | train_loss=0.0030 | val_acc=100.00% val_f1=1.0000 | test_acc=78.65% test_f1=0.7116
Epoch 029 | train_loss=0.0014 | val_acc=100.00% val_f1=1.0000 | test_acc=82.58% test_f1=0.7727
Epoch 030 | train_loss=0.0010 | val_acc=100.00% val_f1=1.0000 | test_acc=83.15% test_f1=0.7807
Epoch 031 | train_loss=0.0018 | val_acc=100.00% val_f1=1.0000 | test_acc=78.09% test_f1=0.6963
Epoch 032 | train_loss=0.0018 | val_acc=100.00% val_f1=1.0000 | test_acc=80.62% test_f1=0.7431
Epoch 033 | train_loss=0.0013 | val_acc=99.43% val_f1=0.9919 | test_acc=82.02% test_f1=0.7657
Early stopping at epoch 33 (best=17, score=1.000000)
================================================================================
Best epoch: 17
Best score (val_macro_f1): 1.000000
Final test accuracy: 77.53%
Saved to: ablation_experiments/h1/results/comparison_18d_baselines/gru/gru_weld_seam_windows_ws5_tf75_pg0_h1_h96_l3_bi_do0.2_ep80_lr0.0003_wd1e-05_bs128_seed183
================================================================================
Comparison baseline | model=gru
================================================================================
Dataset: /home/huang_kai/wind_turbine_phm/PHOENIX-main/autoencoder_benchmark/Data/processed_data/weld_seam_windows_ws5_tf75_pg0_h1.npz
Device: cuda
Train/Val/Test: 990 / 175 / 356
Epoch 001 | train_loss=1.0483 | val_acc=80.57% val_f1=0.7649 | test_acc=95.79% test_f1=0.9442
Epoch 002 | train_loss=0.9251 | val_acc=80.57% val_f1=0.7609 | test_acc=97.19% test_f1=0.9636
Epoch 003 | train_loss=0.7532 | val_acc=83.43% val_f1=0.7840 | test_acc=98.03% test_f1=0.9721
Epoch 004 | train_loss=0.5629 | val_acc=90.29% val_f1=0.8705 | test_acc=95.51% test_f1=0.9456
Epoch 005 | train_loss=0.4299 | val_acc=93.14% val_f1=0.9095 | test_acc=92.13% test_f1=0.8971
Epoch 006 | train_loss=0.3079 | val_acc=92.00% val_f1=0.9046 | test_acc=92.13% test_f1=0.8971
Epoch 007 | train_loss=0.2419 | val_acc=94.86% val_f1=0.9457 | test_acc=87.92% test_f1=0.8299
Epoch 008 | train_loss=0.1786 | val_acc=96.00% val_f1=0.9590 | test_acc=82.58% test_f1=0.7315
Epoch 009 | train_loss=0.1402 | val_acc=97.14% val_f1=0.9721 | test_acc=88.48% test_f1=0.8408
Epoch 010 | train_loss=0.0848 | val_acc=96.00% val_f1=0.9583 | test_acc=88.20% test_f1=0.8362
Epoch 011 | train_loss=0.0845 | val_acc=97.14% val_f1=0.9715 | test_acc=90.45% test_f1=0.8723
Epoch 012 | train_loss=0.0606 | val_acc=96.57% val_f1=0.9657 | test_acc=90.45% test_f1=0.8723
Epoch 013 | train_loss=0.0438 | val_acc=96.57% val_f1=0.9657 | test_acc=86.52% test_f1=0.8095
Epoch 014 | train_loss=0.0432 | val_acc=96.57% val_f1=0.9657 | test_acc=85.11% test_f1=0.8012
Epoch 015 | train_loss=0.0370 | val_acc=96.57% val_f1=0.9657 | test_acc=87.36% test_f1=0.8368
Epoch 016 | train_loss=0.0298 | val_acc=96.57% val_f1=0.9657 | test_acc=85.39% test_f1=0.8032
Epoch 017 | train_loss=0.0274 | val_acc=97.14% val_f1=0.9713 | test_acc=83.99% test_f1=0.7827
Epoch 018 | train_loss=0.0242 | val_acc=97.14% val_f1=0.9713 | test_acc=85.39% test_f1=0.8045
Epoch 019 | train_loss=0.0215 | val_acc=96.57% val_f1=0.9657 | test_acc=84.27% test_f1=0.7828
Epoch 020 | train_loss=0.0177 | val_acc=97.71% val_f1=0.9769 | test_acc=84.27% test_f1=0.7887
Epoch 021 | train_loss=0.0132 | val_acc=96.57% val_f1=0.9657 | test_acc=87.08% test_f1=0.8303
Epoch 022 | train_loss=0.0128 | val_acc=96.57% val_f1=0.9657 | test_acc=84.83% test_f1=0.7924
Epoch 023 | train_loss=0.0136 | val_acc=98.29% val_f1=0.9825 | test_acc=83.71% test_f1=0.7820
Epoch 024 | train_loss=0.0104 | val_acc=98.29% val_f1=0.9825 | test_acc=82.58% test_f1=0.7585
Epoch 025 | train_loss=0.0101 | val_acc=98.29% val_f1=0.9825 | test_acc=85.96% test_f1=0.8148
Epoch 026 | train_loss=0.0077 | val_acc=98.29% val_f1=0.9825 | test_acc=84.83% test_f1=0.7953
Epoch 027 | train_loss=0.0070 | val_acc=98.86% val_f1=0.9883 | test_acc=83.99% test_f1=0.7866
Epoch 028 | train_loss=0.0104 | val_acc=98.86% val_f1=0.9883 | test_acc=82.58% test_f1=0.7683
Epoch 029 | train_loss=0.0080 | val_acc=98.86% val_f1=0.9883 | test_acc=83.71% test_f1=0.7832
Epoch 030 | train_loss=0.0080 | val_acc=99.43% val_f1=0.9942 | test_acc=82.87% test_f1=0.7666
Epoch 031 | train_loss=0.0061 | val_acc=100.00% val_f1=1.0000 | test_acc=85.39% test_f1=0.8058
Epoch 032 | train_loss=0.0063 | val_acc=99.43% val_f1=0.9942 | test_acc=81.46% test_f1=0.7550
Epoch 033 | train_loss=0.0042 | val_acc=99.43% val_f1=0.9942 | test_acc=80.34% test_f1=0.7367
Epoch 034 | train_loss=0.0047 | val_acc=99.43% val_f1=0.9942 | test_acc=82.02% test_f1=0.7612
Epoch 035 | train_loss=0.0033 | val_acc=99.43% val_f1=0.9942 | test_acc=84.27% test_f1=0.7912
Epoch 036 | train_loss=0.0034 | val_acc=99.43% val_f1=0.9942 | test_acc=83.99% test_f1=0.7854
Epoch 037 | train_loss=0.0036 | val_acc=99.43% val_f1=0.9942 | test_acc=81.18% test_f1=0.7449
Epoch 038 | train_loss=0.0036 | val_acc=99.43% val_f1=0.9942 | test_acc=83.43% test_f1=0.7809
Epoch 039 | train_loss=0.0039 | val_acc=99.43% val_f1=0.9942 | test_acc=83.71% test_f1=0.7820
Epoch 040 | train_loss=0.0023 | val_acc=99.43% val_f1=0.9942 | test_acc=84.27% test_f1=0.7912
Epoch 041 | train_loss=0.0024 | val_acc=99.43% val_f1=0.9942 | test_acc=81.46% test_f1=0.7520
Epoch 042 | train_loss=0.0022 | val_acc=99.43% val_f1=0.9942 | test_acc=82.58% test_f1=0.7693
Epoch 043 | train_loss=0.0028 | val_acc=99.43% val_f1=0.9942 | test_acc=81.46% test_f1=0.7520
Epoch 044 | train_loss=0.0028 | val_acc=99.43% val_f1=0.9942 | test_acc=80.90% test_f1=0.7459
Epoch 045 | train_loss=0.0026 | val_acc=99.43% val_f1=0.9942 | test_acc=80.90% test_f1=0.7459
Epoch 046 | train_loss=0.0032 | val_acc=99.43% val_f1=0.9942 | test_acc=82.30% test_f1=0.7648
Epoch 047 | train_loss=0.0022 | val_acc=99.43% val_f1=0.9942 | test_acc=82.02% test_f1=0.7590
Early stopping at epoch 47 (best=31, score=1.000000)
================================================================================
Best epoch: 31
Best score (val_macro_f1): 1.000000
Final test accuracy: 85.39%
Saved to: ablation_experiments/h1/results/comparison_18d_baselines/gru/gru_weld_seam_windows_ws5_tf75_pg0_h1_h128_l2_bi_do0.2_ep80_lr0.0001_wd1e-05_bs64_seed42
================================================================================
Comparison baseline | model=gru
================================================================================
Dataset: /home/huang_kai/wind_turbine_phm/PHOENIX-main/autoencoder_benchmark/Data/processed_data/weld_seam_windows_ws5_tf75_pg0_h1.npz
Device: cuda
Train/Val/Test: 990 / 175 / 356
Epoch 001 | train_loss=0.8137 | val_acc=86.29% val_f1=0.8244 | test_acc=94.66% test_f1=0.9304
Epoch 002 | train_loss=0.3257 | val_acc=94.86% val_f1=0.9462 | test_acc=86.52% test_f1=0.7997
Epoch 003 | train_loss=0.1360 | val_acc=96.57% val_f1=0.9644 | test_acc=90.45% test_f1=0.8759
Epoch 004 | train_loss=0.0475 | val_acc=98.29% val_f1=0.9828 | test_acc=90.17% test_f1=0.8738
Epoch 005 | train_loss=0.0415 | val_acc=98.86% val_f1=0.9885 | test_acc=88.20% test_f1=0.8497
Epoch 006 | train_loss=0.0197 | val_acc=98.86% val_f1=0.9885 | test_acc=87.92% test_f1=0.8435
Epoch 007 | train_loss=0.0092 | val_acc=98.29% val_f1=0.9804 | test_acc=86.52% test_f1=0.8237
Epoch 008 | train_loss=0.0170 | val_acc=98.86% val_f1=0.9861 | test_acc=78.37% test_f1=0.6922
Epoch 009 | train_loss=0.0208 | val_acc=100.00% val_f1=1.0000 | test_acc=82.02% test_f1=0.7646
Epoch 010 | train_loss=0.0182 | val_acc=99.43% val_f1=0.9919 | test_acc=87.92% test_f1=0.8509
Epoch 011 | train_loss=0.0327 | val_acc=100.00% val_f1=1.0000 | test_acc=84.55% test_f1=0.8032
Epoch 012 | train_loss=0.0035 | val_acc=100.00% val_f1=1.0000 | test_acc=83.99% test_f1=0.7942
Epoch 013 | train_loss=0.0018 | val_acc=100.00% val_f1=1.0000 | test_acc=82.87% test_f1=0.7781
Epoch 014 | train_loss=0.0017 | val_acc=100.00% val_f1=1.0000 | test_acc=84.55% test_f1=0.8026
Epoch 015 | train_loss=0.0013 | val_acc=100.00% val_f1=1.0000 | test_acc=84.55% test_f1=0.8026
Epoch 016 | train_loss=0.0008 | val_acc=100.00% val_f1=1.0000 | test_acc=84.27% test_f1=0.7988
Epoch 017 | train_loss=0.0006 | val_acc=100.00% val_f1=1.0000 | test_acc=83.99% test_f1=0.7949
Epoch 018 | train_loss=0.0006 | val_acc=100.00% val_f1=1.0000 | test_acc=83.43% test_f1=0.7873
Epoch 019 | train_loss=0.0008 | val_acc=100.00% val_f1=1.0000 | test_acc=83.15% test_f1=0.7832
Epoch 020 | train_loss=0.0007 | val_acc=100.00% val_f1=1.0000 | test_acc=83.43% test_f1=0.7871
Epoch 021 | train_loss=0.0006 | val_acc=100.00% val_f1=1.0000 | test_acc=84.83% test_f1=0.8071
Epoch 022 | train_loss=0.0003 | val_acc=100.00% val_f1=1.0000 | test_acc=85.11% test_f1=0.8112
Epoch 023 | train_loss=0.0003 | val_acc=100.00% val_f1=1.0000 | test_acc=84.83% test_f1=0.8071
Epoch 024 | train_loss=0.0003 | val_acc=100.00% val_f1=1.0000 | test_acc=84.27% test_f1=0.7988
Epoch 025 | train_loss=0.0004 | val_acc=100.00% val_f1=1.0000 | test_acc=84.55% test_f1=0.8029
Early stopping at epoch 25 (best=9, score=1.000000)
================================================================================
Best epoch: 9
Best score (val_macro_f1): 1.000000
Final test accuracy: 82.02%
Saved to: ablation_experiments/h1/results/comparison_18d_baselines/gru/gru_weld_seam_windows_ws5_tf75_pg0_h1_h128_l2_bi_do0.1_ep80_lr0.0005_wd0.0001_bs64_seed14
================================================================================
Comparison baseline | model=gru
================================================================================
Dataset: /home/huang_kai/wind_turbine_phm/PHOENIX-main/autoencoder_benchmark/Data/processed_data/weld_seam_windows_ws5_tf75_pg0_h1.npz
Device: cuda
Train/Val/Test: 990 / 175 / 356
Epoch 001 | train_loss=1.0994 | val_acc=22.86% val_f1=0.1240 | test_acc=21.91% test_f1=0.1198
Epoch 002 | train_loss=1.0905 | val_acc=22.86% val_f1=0.1240 | test_acc=21.91% test_f1=0.1198
Epoch 003 | train_loss=1.0831 | val_acc=25.14% val_f1=0.1539 | test_acc=26.40% test_f1=0.1750
Epoch 004 | train_loss=1.0732 | val_acc=26.29% val_f1=0.1705 | test_acc=46.63% test_f1=0.3644
Epoch 005 | train_loss=1.0568 | val_acc=25.71% val_f1=0.1782 | test_acc=37.08% test_f1=0.3543
Epoch 006 | train_loss=1.0408 | val_acc=25.71% val_f1=0.2259 | test_acc=37.64% test_f1=0.3778
Epoch 007 | train_loss=1.0271 | val_acc=26.29% val_f1=0.2435 | test_acc=44.66% test_f1=0.4511
Epoch 008 | train_loss=0.9945 | val_acc=27.43% val_f1=0.2600 | test_acc=52.81% test_f1=0.5336
Epoch 009 | train_loss=0.9680 | val_acc=27.43% val_f1=0.2647 | test_acc=62.08% test_f1=0.6158
Epoch 010 | train_loss=0.9298 | val_acc=31.43% val_f1=0.3090 | test_acc=72.19% test_f1=0.7042
Epoch 011 | train_loss=0.9049 | val_acc=38.86% val_f1=0.3868 | test_acc=78.09% test_f1=0.7581
Epoch 012 | train_loss=0.8835 | val_acc=54.86% val_f1=0.5175 | test_acc=87.64% test_f1=0.8434
Epoch 013 | train_loss=0.8415 | val_acc=64.00% val_f1=0.6034 | test_acc=90.17% test_f1=0.8704
Epoch 014 | train_loss=0.8110 | val_acc=71.43% val_f1=0.6649 | test_acc=93.54% test_f1=0.9059
Epoch 015 | train_loss=0.7831 | val_acc=76.57% val_f1=0.7015 | test_acc=94.94% test_f1=0.9259
Epoch 016 | train_loss=0.7476 | val_acc=78.86% val_f1=0.7338 | test_acc=96.91% test_f1=0.9554
Epoch 017 | train_loss=0.7076 | val_acc=80.57% val_f1=0.7472 | test_acc=96.63% test_f1=0.9533
Epoch 018 | train_loss=0.7159 | val_acc=83.43% val_f1=0.7796 | test_acc=96.91% test_f1=0.9586
Epoch 019 | train_loss=0.6932 | val_acc=85.71% val_f1=0.8155 | test_acc=96.63% test_f1=0.9578
Epoch 020 | train_loss=0.6743 | val_acc=88.00% val_f1=0.8464 | test_acc=96.91% test_f1=0.9646
Epoch 021 | train_loss=0.6182 | val_acc=89.14% val_f1=0.8633 | test_acc=95.22% test_f1=0.9437
Epoch 022 | train_loss=0.6194 | val_acc=89.14% val_f1=0.8633 | test_acc=95.51% test_f1=0.9469
Epoch 023 | train_loss=0.6045 | val_acc=90.29% val_f1=0.8800 | test_acc=95.51% test_f1=0.9472
Epoch 024 | train_loss=0.5562 | val_acc=92.00% val_f1=0.9023 | test_acc=95.22% test_f1=0.9410
Epoch 025 | train_loss=0.5429 | val_acc=92.57% val_f1=0.9105 | test_acc=95.22% test_f1=0.9410
Epoch 026 | train_loss=0.4961 | val_acc=94.86% val_f1=0.9428 | test_acc=94.38% test_f1=0.9298
Epoch 027 | train_loss=0.4683 | val_acc=94.86% val_f1=0.9428 | test_acc=94.38% test_f1=0.9263
Epoch 028 | train_loss=0.4651 | val_acc=94.86% val_f1=0.9428 | test_acc=94.10% test_f1=0.9195
Epoch 029 | train_loss=0.4403 | val_acc=95.43% val_f1=0.9509 | test_acc=93.54% test_f1=0.9109
Epoch 030 | train_loss=0.4060 | val_acc=95.43% val_f1=0.9509 | test_acc=94.10% test_f1=0.9167
Epoch 031 | train_loss=0.3759 | val_acc=94.86% val_f1=0.9457 | test_acc=94.10% test_f1=0.9167
Epoch 032 | train_loss=0.3524 | val_acc=94.29% val_f1=0.9405 | test_acc=94.10% test_f1=0.9181
Epoch 033 | train_loss=0.3363 | val_acc=94.29% val_f1=0.9405 | test_acc=93.82% test_f1=0.9165
Epoch 034 | train_loss=0.3262 | val_acc=95.43% val_f1=0.9538 | test_acc=92.13% test_f1=0.8904
Epoch 035 | train_loss=0.2969 | val_acc=94.86% val_f1=0.9485 | test_acc=91.85% test_f1=0.8874
Epoch 036 | train_loss=0.2932 | val_acc=94.86% val_f1=0.9485 | test_acc=91.85% test_f1=0.8874
Epoch 037 | train_loss=0.2683 | val_acc=94.86% val_f1=0.9485 | test_acc=91.57% test_f1=0.8830
Epoch 038 | train_loss=0.2701 | val_acc=94.29% val_f1=0.9434 | test_acc=92.13% test_f1=0.8918
Epoch 039 | train_loss=0.2652 | val_acc=94.29% val_f1=0.9434 | test_acc=92.13% test_f1=0.8918
Epoch 040 | train_loss=0.2318 | val_acc=94.29% val_f1=0.9434 | test_acc=91.57% test_f1=0.8830
Epoch 041 | train_loss=0.2307 | val_acc=94.29% val_f1=0.9434 | test_acc=91.57% test_f1=0.8830
Epoch 042 | train_loss=0.2356 | val_acc=94.29% val_f1=0.9434 | test_acc=91.85% test_f1=0.8888
Epoch 043 | train_loss=0.2115 | val_acc=94.29% val_f1=0.9434 | test_acc=91.85% test_f1=0.8888
Epoch 044 | train_loss=0.2082 | val_acc=94.29% val_f1=0.9434 | test_acc=92.13% test_f1=0.8932
Epoch 045 | train_loss=0.2139 | val_acc=94.86% val_f1=0.9485 | test_acc=91.57% test_f1=0.8858
Epoch 046 | train_loss=0.2091 | val_acc=96.57% val_f1=0.9644 | test_acc=90.73% test_f1=0.8753
Epoch 047 | train_loss=0.2002 | val_acc=97.14% val_f1=0.9697 | test_acc=90.73% test_f1=0.8753
Epoch 048 | train_loss=0.1970 | val_acc=97.14% val_f1=0.9697 | test_acc=91.29% test_f1=0.8841
Epoch 049 | train_loss=0.1838 | val_acc=97.14% val_f1=0.9697 | test_acc=91.01% test_f1=0.8810
Epoch 050 | train_loss=0.1897 | val_acc=97.14% val_f1=0.9697 | test_acc=91.01% test_f1=0.8810
Epoch 051 | train_loss=0.1626 | val_acc=97.14% val_f1=0.9697 | test_acc=91.01% test_f1=0.8797
Epoch 052 | train_loss=0.1793 | val_acc=97.14% val_f1=0.9697 | test_acc=90.73% test_f1=0.8766
Epoch 053 | train_loss=0.1930 | val_acc=97.14% val_f1=0.9697 | test_acc=91.01% test_f1=0.8810
Epoch 054 | train_loss=0.1905 | val_acc=97.14% val_f1=0.9697 | test_acc=91.01% test_f1=0.8810
Epoch 055 | train_loss=0.1630 | val_acc=97.14% val_f1=0.9697 | test_acc=91.01% test_f1=0.8810
Epoch 056 | train_loss=0.1771 | val_acc=96.57% val_f1=0.9644 | test_acc=90.73% test_f1=0.8766
Epoch 057 | train_loss=0.1801 | val_acc=95.43% val_f1=0.9538 | test_acc=90.73% test_f1=0.8766
Epoch 058 | train_loss=0.1769 | val_acc=95.43% val_f1=0.9538 | test_acc=90.73% test_f1=0.8766
Epoch 059 | train_loss=0.1719 | val_acc=95.43% val_f1=0.9538 | test_acc=90.73% test_f1=0.8766
Epoch 060 | train_loss=0.1707 | val_acc=95.43% val_f1=0.9538 | test_acc=90.73% test_f1=0.8766
Epoch 061 | train_loss=0.1513 | val_acc=95.43% val_f1=0.9538 | test_acc=90.73% test_f1=0.8766
Epoch 062 | train_loss=0.1549 | val_acc=95.43% val_f1=0.9538 | test_acc=91.29% test_f1=0.8853
Epoch 063 | train_loss=0.1571 | val_acc=95.43% val_f1=0.9538 | test_acc=91.29% test_f1=0.8853
Early stopping at epoch 63 (best=47, score=0.969728)
================================================================================
Best epoch: 47
Best score (val_macro_f1): 0.969728
Final test accuracy: 90.73%
Saved to: ablation_experiments/h1/results/comparison_18d_baselines/gru/gru_weld_seam_windows_ws5_tf75_pg0_h1_h64_l3_uni_do0.3_ep80_lr0.0001_wd0.0001_bs128_seed42
================================================================================
Comparison baseline | model=gru
================================================================================
Dataset: /home/huang_kai/wind_turbine_phm/PHOENIX-main/autoencoder_benchmark/Data/processed_data/weld_seam_windows_ws5_tf75_pg0_h1.npz
Device: cuda
Train/Val/Test: 990 / 175 / 356
Epoch 001 | train_loss=1.0844 | val_acc=95.43% val_f1=0.9369 | test_acc=80.34% test_f1=0.7417
Epoch 002 | train_loss=1.0300 | val_acc=88.00% val_f1=0.8357 | test_acc=92.42% test_f1=0.9071
Epoch 003 | train_loss=0.9683 | val_acc=86.29% val_f1=0.8084 | test_acc=93.54% test_f1=0.9167
Epoch 004 | train_loss=0.8843 | val_acc=83.43% val_f1=0.7599 | test_acc=93.26% test_f1=0.9120
Epoch 005 | train_loss=0.7778 | val_acc=84.57% val_f1=0.7645 | test_acc=92.98% test_f1=0.9085
Epoch 006 | train_loss=0.6899 | val_acc=84.57% val_f1=0.7592 | test_acc=91.85% test_f1=0.8939
Epoch 007 | train_loss=0.6022 | val_acc=86.29% val_f1=0.7912 | test_acc=90.73% test_f1=0.8821
Epoch 008 | train_loss=0.5222 | val_acc=89.14% val_f1=0.8406 | test_acc=91.29% test_f1=0.8923
Epoch 009 | train_loss=0.4480 | val_acc=92.00% val_f1=0.8863 | test_acc=93.26% test_f1=0.9203
Epoch 010 | train_loss=0.3714 | val_acc=94.29% val_f1=0.9187 | test_acc=92.42% test_f1=0.9057
Epoch 011 | train_loss=0.2918 | val_acc=93.71% val_f1=0.9189 | test_acc=89.04% test_f1=0.8528
Epoch 012 | train_loss=0.2244 | val_acc=93.71% val_f1=0.9217 | test_acc=89.33% test_f1=0.8545
Epoch 013 | train_loss=0.1908 | val_acc=94.29% val_f1=0.9327 | test_acc=88.20% test_f1=0.8362
Epoch 014 | train_loss=0.1490 | val_acc=95.43% val_f1=0.9460 | test_acc=88.76% test_f1=0.8469
Epoch 015 | train_loss=0.1363 | val_acc=96.57% val_f1=0.9593 | test_acc=89.04% test_f1=0.8514
Epoch 016 | train_loss=0.0967 | val_acc=97.71% val_f1=0.9701 | test_acc=88.20% test_f1=0.8392
Epoch 017 | train_loss=0.0792 | val_acc=97.71% val_f1=0.9701 | test_acc=88.76% test_f1=0.8496
Epoch 018 | train_loss=0.0596 | val_acc=97.71% val_f1=0.9701 | test_acc=88.20% test_f1=0.8407
Epoch 019 | train_loss=0.0642 | val_acc=97.71% val_f1=0.9701 | test_acc=87.64% test_f1=0.8285
Epoch 020 | train_loss=0.0516 | val_acc=97.14% val_f1=0.9647 | test_acc=89.61% test_f1=0.8603
Epoch 021 | train_loss=0.0531 | val_acc=98.29% val_f1=0.9755 | test_acc=86.52% test_f1=0.8145
Epoch 022 | train_loss=0.0535 | val_acc=97.71% val_f1=0.9697 | test_acc=87.36% test_f1=0.8324
Epoch 023 | train_loss=0.0358 | val_acc=98.29% val_f1=0.9755 | test_acc=86.52% test_f1=0.8175
Epoch 024 | train_loss=0.0316 | val_acc=98.29% val_f1=0.9755 | test_acc=86.52% test_f1=0.8145
Epoch 025 | train_loss=0.0233 | val_acc=98.29% val_f1=0.9755 | test_acc=85.67% test_f1=0.7986
Epoch 026 | train_loss=0.0298 | val_acc=98.86% val_f1=0.9837 | test_acc=86.80% test_f1=0.8192
Epoch 027 | train_loss=0.0187 | val_acc=98.29% val_f1=0.9755 | test_acc=84.55% test_f1=0.7826
Epoch 028 | train_loss=0.0283 | val_acc=99.43% val_f1=0.9919 | test_acc=88.76% test_f1=0.8509
Epoch 029 | train_loss=0.0187 | val_acc=99.43% val_f1=0.9919 | test_acc=87.08% test_f1=0.8223
Epoch 030 | train_loss=0.0193 | val_acc=98.29% val_f1=0.9755 | test_acc=84.83% test_f1=0.7857
Epoch 031 | train_loss=0.0178 | val_acc=98.86% val_f1=0.9837 | test_acc=85.11% test_f1=0.7971
Epoch 032 | train_loss=0.0162 | val_acc=98.86% val_f1=0.9837 | test_acc=84.27% test_f1=0.7844
Epoch 033 | train_loss=0.0181 | val_acc=98.86% val_f1=0.9837 | test_acc=83.71% test_f1=0.7731
Epoch 034 | train_loss=0.0109 | val_acc=100.00% val_f1=1.0000 | test_acc=85.11% test_f1=0.7971
Epoch 035 | train_loss=0.0110 | val_acc=98.86% val_f1=0.9837 | test_acc=84.55% test_f1=0.7877
Epoch 036 | train_loss=0.0158 | val_acc=98.86% val_f1=0.9837 | test_acc=84.55% test_f1=0.7877
Epoch 037 | train_loss=0.0144 | val_acc=100.00% val_f1=1.0000 | test_acc=85.67% test_f1=0.8065
Epoch 038 | train_loss=0.0114 | val_acc=98.86% val_f1=0.9837 | test_acc=84.83% test_f1=0.7875
Epoch 039 | train_loss=0.0151 | val_acc=98.86% val_f1=0.9837 | test_acc=84.55% test_f1=0.7826
Epoch 040 | train_loss=0.0073 | val_acc=99.43% val_f1=0.9919 | test_acc=84.83% test_f1=0.7875
Epoch 041 | train_loss=0.0093 | val_acc=100.00% val_f1=1.0000 | test_acc=85.11% test_f1=0.7956
Epoch 042 | train_loss=0.0115 | val_acc=100.00% val_f1=1.0000 | test_acc=85.11% test_f1=0.7971
Epoch 043 | train_loss=0.0107 | val_acc=100.00% val_f1=1.0000 | test_acc=84.27% test_f1=0.7844
Epoch 044 | train_loss=0.0091 | val_acc=99.43% val_f1=0.9919 | test_acc=83.71% test_f1=0.7764
Epoch 045 | train_loss=0.0082 | val_acc=99.43% val_f1=0.9919 | test_acc=83.71% test_f1=0.7779
Epoch 046 | train_loss=0.0104 | val_acc=100.00% val_f1=1.0000 | test_acc=83.43% test_f1=0.7746
Epoch 047 | train_loss=0.0094 | val_acc=100.00% val_f1=1.0000 | test_acc=84.27% test_f1=0.7874
Epoch 048 | train_loss=0.0090 | val_acc=99.43% val_f1=0.9919 | test_acc=83.71% test_f1=0.7764
Epoch 049 | train_loss=0.0078 | val_acc=99.43% val_f1=0.9919 | test_acc=83.71% test_f1=0.7764
Epoch 050 | train_loss=0.0058 | val_acc=100.00% val_f1=1.0000 | test_acc=84.55% test_f1=0.7907
Early stopping at epoch 50 (best=34, score=1.000000)
================================================================================
Best epoch: 34
Best score (val_macro_f1): 1.000000
Final test accuracy: 85.11%
Saved to: ablation_experiments/h1/results/comparison_18d_baselines/gru/gru_weld_seam_windows_ws5_tf75_pg0_h1_h96_l3_bi_do0.1_ep80_lr0.0001_wd0.0005_bs128_seed100
================================================================================
Comparison baseline | model=gru
================================================================================
Dataset: /home/huang_kai/wind_turbine_phm/PHOENIX-main/autoencoder_benchmark/Data/processed_data/weld_seam_windows_ws5_tf75_pg0_h1.npz
Device: cuda
Train/Val/Test: 990 / 175 / 356
Epoch 001 | train_loss=1.0556 | val_acc=83.43% val_f1=0.7469 | test_acc=77.25% test_f1=0.6220
Epoch 002 | train_loss=0.8661 | val_acc=86.86% val_f1=0.8024 | test_acc=89.89% test_f1=0.8679
Epoch 003 | train_loss=0.6845 | val_acc=89.14% val_f1=0.8502 | test_acc=93.26% test_f1=0.9154
Epoch 004 | train_loss=0.5254 | val_acc=90.29% val_f1=0.8678 | test_acc=92.70% test_f1=0.9057
Epoch 005 | train_loss=0.3781 | val_acc=90.86% val_f1=0.8829 | test_acc=91.29% test_f1=0.8837
Epoch 006 | train_loss=0.2807 | val_acc=92.00% val_f1=0.9029 | test_acc=90.17% test_f1=0.8678
Epoch 007 | train_loss=0.2361 | val_acc=93.71% val_f1=0.9258 | test_acc=89.33% test_f1=0.8530
Epoch 008 | train_loss=0.1767 | val_acc=95.43% val_f1=0.9475 | test_acc=88.20% test_f1=0.8362
Epoch 009 | train_loss=0.1411 | val_acc=95.43% val_f1=0.9447 | test_acc=89.61% test_f1=0.8603
Epoch 010 | train_loss=0.1445 | val_acc=96.57% val_f1=0.9584 | test_acc=89.33% test_f1=0.8559
Epoch 011 | train_loss=0.1134 | val_acc=98.29% val_f1=0.9779 | test_acc=82.58% test_f1=0.7420
Epoch 012 | train_loss=0.0958 | val_acc=99.43% val_f1=0.9919 | test_acc=83.71% test_f1=0.7695
Epoch 013 | train_loss=0.0689 | val_acc=99.43% val_f1=0.9919 | test_acc=88.20% test_f1=0.8433
Epoch 014 | train_loss=0.0571 | val_acc=99.43% val_f1=0.9919 | test_acc=86.52% test_f1=0.8175
Epoch 015 | train_loss=0.0512 | val_acc=99.43% val_f1=0.9919 | test_acc=83.71% test_f1=0.7675
Epoch 016 | train_loss=0.0343 | val_acc=99.43% val_f1=0.9919 | test_acc=87.36% test_f1=0.8298
Epoch 017 | train_loss=0.0286 | val_acc=99.43% val_f1=0.9919 | test_acc=84.83% test_f1=0.7967
Epoch 018 | train_loss=0.0360 | val_acc=99.43% val_f1=0.9919 | test_acc=88.20% test_f1=0.8433
Epoch 019 | train_loss=0.0224 | val_acc=99.43% val_f1=0.9919 | test_acc=82.30% test_f1=0.7535
Epoch 020 | train_loss=0.0180 | val_acc=99.43% val_f1=0.9919 | test_acc=86.80% test_f1=0.8234
Epoch 021 | train_loss=0.0193 | val_acc=99.43% val_f1=0.9919 | test_acc=84.27% test_f1=0.7900
Epoch 022 | train_loss=0.0190 | val_acc=99.43% val_f1=0.9919 | test_acc=84.27% test_f1=0.7900
Epoch 023 | train_loss=0.0153 | val_acc=99.43% val_f1=0.9919 | test_acc=84.55% test_f1=0.7892
Epoch 024 | train_loss=0.0172 | val_acc=99.43% val_f1=0.9919 | test_acc=83.71% test_f1=0.7794
Epoch 025 | train_loss=0.0126 | val_acc=99.43% val_f1=0.9943 | test_acc=85.67% test_f1=0.8078
Epoch 026 | train_loss=0.0139 | val_acc=99.43% val_f1=0.9943 | test_acc=85.11% test_f1=0.8000
Epoch 027 | train_loss=0.0103 | val_acc=100.00% val_f1=1.0000 | test_acc=87.08% test_f1=0.8325
Epoch 028 | train_loss=0.0108 | val_acc=100.00% val_f1=1.0000 | test_acc=83.71% test_f1=0.7807
Epoch 029 | train_loss=0.0083 | val_acc=100.00% val_f1=1.0000 | test_acc=83.43% test_f1=0.7774
Epoch 030 | train_loss=0.0097 | val_acc=99.43% val_f1=0.9943 | test_acc=84.83% test_f1=0.7979
Epoch 031 | train_loss=0.0088 | val_acc=100.00% val_f1=1.0000 | test_acc=82.02% test_f1=0.7536
Epoch 032 | train_loss=0.0057 | val_acc=100.00% val_f1=1.0000 | test_acc=82.58% test_f1=0.7703
Epoch 033 | train_loss=0.0061 | val_acc=100.00% val_f1=1.0000 | test_acc=83.15% test_f1=0.7752
Epoch 034 | train_loss=0.0062 | val_acc=100.00% val_f1=1.0000 | test_acc=82.30% test_f1=0.7625
Epoch 035 | train_loss=0.0054 | val_acc=100.00% val_f1=1.0000 | test_acc=82.30% test_f1=0.7637
Epoch 036 | train_loss=0.0046 | val_acc=100.00% val_f1=1.0000 | test_acc=83.15% test_f1=0.7763
Epoch 037 | train_loss=0.0056 | val_acc=100.00% val_f1=1.0000 | test_acc=83.43% test_f1=0.7774
Epoch 038 | train_loss=0.0049 | val_acc=100.00% val_f1=1.0000 | test_acc=83.15% test_f1=0.7784
Epoch 039 | train_loss=0.0062 | val_acc=100.00% val_f1=1.0000 | test_acc=80.90% test_f1=0.7468
Epoch 040 | train_loss=0.0039 | val_acc=100.00% val_f1=1.0000 | test_acc=80.62% test_f1=0.7413
Epoch 041 | train_loss=0.0046 | val_acc=100.00% val_f1=1.0000 | test_acc=82.02% test_f1=0.7612
Epoch 042 | train_loss=0.0039 | val_acc=100.00% val_f1=1.0000 | test_acc=84.27% test_f1=0.7923
Epoch 043 | train_loss=0.0033 | val_acc=100.00% val_f1=1.0000 | test_acc=82.02% test_f1=0.7565
Early stopping at epoch 43 (best=27, score=1.000000)
================================================================================
Best epoch: 27
Best score (val_macro_f1): 1.000000
Final test accuracy: 87.08%
Saved to: ablation_experiments/h1/results/comparison_18d_baselines/gru/gru_weld_seam_windows_ws5_tf75_pg0_h1_h128_l1_bi_do0.1_ep80_lr0.0002_wd1e-05_bs64_seed122
================================================================================
Comparison baseline | model=gru
================================================================================
Dataset: /home/huang_kai/wind_turbine_phm/PHOENIX-main/autoencoder_benchmark/Data/processed_data/weld_seam_windows_ws5_tf75_pg0_h1.npz
Device: cuda
Train/Val/Test: 990 / 175 / 356
Epoch 001 | train_loss=1.0846 | val_acc=74.29% val_f1=0.5678 | test_acc=79.78% test_f1=0.6580
Epoch 002 | train_loss=0.9962 | val_acc=81.71% val_f1=0.7346 | test_acc=89.04% test_f1=0.8378
Epoch 003 | train_loss=0.9073 | val_acc=84.00% val_f1=0.7749 | test_acc=89.61% test_f1=0.8476
Epoch 004 | train_loss=0.8405 | val_acc=84.57% val_f1=0.7846 | test_acc=89.61% test_f1=0.8476
Epoch 005 | train_loss=0.7753 | val_acc=85.14% val_f1=0.7940 | test_acc=89.61% test_f1=0.8476
Epoch 006 | train_loss=0.6780 | val_acc=85.71% val_f1=0.7990 | test_acc=91.01% test_f1=0.8717
Epoch 007 | train_loss=0.6480 | val_acc=86.86% val_f1=0.8176 | test_acc=91.85% test_f1=0.8858
Epoch 008 | train_loss=0.5685 | val_acc=88.57% val_f1=0.8409 | test_acc=93.26% test_f1=0.9099
Epoch 009 | train_loss=0.5165 | val_acc=89.71% val_f1=0.8586 | test_acc=93.82% test_f1=0.9190
Epoch 010 | train_loss=0.4959 | val_acc=92.00% val_f1=0.8928 | test_acc=93.54% test_f1=0.9165
Epoch 011 | train_loss=0.4560 | val_acc=92.57% val_f1=0.9012 | test_acc=92.98% test_f1=0.9099
Epoch 012 | train_loss=0.4064 | val_acc=93.71% val_f1=0.9206 | test_acc=92.13% test_f1=0.8964
Epoch 013 | train_loss=0.3626 | val_acc=95.43% val_f1=0.9451 | test_acc=91.29% test_f1=0.8837
Epoch 014 | train_loss=0.3143 | val_acc=95.43% val_f1=0.9451 | test_acc=90.45% test_f1=0.8710
Epoch 015 | train_loss=0.2923 | val_acc=95.43% val_f1=0.9451 | test_acc=91.57% test_f1=0.8883
Epoch 016 | train_loss=0.2885 | val_acc=96.00% val_f1=0.9558 | test_acc=90.17% test_f1=0.8667
Epoch 017 | train_loss=0.2513 | val_acc=96.00% val_f1=0.9558 | test_acc=88.20% test_f1=0.8346
Epoch 018 | train_loss=0.2304 | val_acc=96.00% val_f1=0.9590 | test_acc=85.11% test_f1=0.7806
Epoch 019 | train_loss=0.2274 | val_acc=96.00% val_f1=0.9586 | test_acc=88.20% test_f1=0.8346
Epoch 020 | train_loss=0.1886 | val_acc=96.00% val_f1=0.9586 | test_acc=89.33% test_f1=0.8530
Epoch 021 | train_loss=0.1956 | val_acc=96.00% val_f1=0.9586 | test_acc=89.61% test_f1=0.8575
Epoch 022 | train_loss=0.1964 | val_acc=97.14% val_f1=0.9721 | test_acc=88.20% test_f1=0.8346
Epoch 023 | train_loss=0.1471 | val_acc=97.14% val_f1=0.9721 | test_acc=87.36% test_f1=0.8204
Epoch 024 | train_loss=0.1256 | val_acc=97.71% val_f1=0.9775 | test_acc=88.76% test_f1=0.8439
Epoch 025 | train_loss=0.1432 | val_acc=97.71% val_f1=0.9775 | test_acc=88.48% test_f1=0.8393
Epoch 026 | train_loss=0.1317 | val_acc=97.14% val_f1=0.9697 | test_acc=85.96% test_f1=0.7959
Epoch 027 | train_loss=0.1163 | val_acc=97.14% val_f1=0.9697 | test_acc=85.96% test_f1=0.7979
Epoch 028 | train_loss=0.1180 | val_acc=97.71% val_f1=0.9775 | test_acc=87.92% test_f1=0.8316
Epoch 029 | train_loss=0.0966 | val_acc=97.14% val_f1=0.9697 | test_acc=87.08% test_f1=0.8174
Epoch 030 | train_loss=0.0938 | val_acc=97.14% val_f1=0.9697 | test_acc=84.55% test_f1=0.7724
Epoch 031 | train_loss=0.0950 | val_acc=97.14% val_f1=0.9697 | test_acc=85.96% test_f1=0.7979
Epoch 032 | train_loss=0.1047 | val_acc=97.71% val_f1=0.9775 | test_acc=88.76% test_f1=0.8469
Epoch 033 | train_loss=0.0774 | val_acc=97.71% val_f1=0.9752 | test_acc=87.36% test_f1=0.8269
Epoch 034 | train_loss=0.0834 | val_acc=97.71% val_f1=0.9752 | test_acc=84.27% test_f1=0.7737
Epoch 035 | train_loss=0.0665 | val_acc=97.71% val_f1=0.9752 | test_acc=86.80% test_f1=0.8176
Epoch 036 | train_loss=0.0711 | val_acc=97.14% val_f1=0.9694 | test_acc=86.80% test_f1=0.8192
Epoch 037 | train_loss=0.0562 | val_acc=97.14% val_f1=0.9694 | test_acc=84.55% test_f1=0.7826
Epoch 038 | train_loss=0.0513 | val_acc=97.14% val_f1=0.9694 | test_acc=83.71% test_f1=0.7713
Epoch 039 | train_loss=0.0677 | val_acc=97.14% val_f1=0.9694 | test_acc=83.43% test_f1=0.7663
Epoch 040 | train_loss=0.0628 | val_acc=97.14% val_f1=0.9694 | test_acc=84.27% test_f1=0.7776
Early stopping at epoch 40 (best=24, score=0.977522)
================================================================================
Best epoch: 24
Best score (val_macro_f1): 0.977522
Final test accuracy: 88.76%
Saved to: ablation_experiments/h1/results/comparison_18d_baselines/gru/gru_weld_seam_windows_ws5_tf75_pg0_h1_h64_l1_bi_do0.1_ep80_lr0.0002_wd0.0005_bs128_seed14
================================================================================
Comparison baseline | model=gru
================================================================================
Dataset: /home/huang_kai/wind_turbine_phm/PHOENIX-main/autoencoder_benchmark/Data/processed_data/weld_seam_windows_ws5_tf75_pg0_h1.npz
Device: cuda
Train/Val/Test: 990 / 175 / 356
Epoch 001 | train_loss=0.9790 | val_acc=80.57% val_f1=0.7649 | test_acc=95.22% test_f1=0.9387
Epoch 002 | train_loss=0.6712 | val_acc=83.43% val_f1=0.7815 | test_acc=94.38% test_f1=0.9249
Epoch 003 | train_loss=0.4438 | val_acc=92.57% val_f1=0.8994 | test_acc=83.43% test_f1=0.7593
Epoch 004 | train_loss=0.2882 | val_acc=91.43% val_f1=0.9034 | test_acc=83.15% test_f1=0.7462
Epoch 005 | train_loss=0.1874 | val_acc=94.86% val_f1=0.9424 | test_acc=89.33% test_f1=0.8559
Epoch 006 | train_loss=0.1041 | val_acc=97.71% val_f1=0.9770 | test_acc=87.08% test_f1=0.8314
Epoch 007 | train_loss=0.0719 | val_acc=98.29% val_f1=0.9828 | test_acc=81.74% test_f1=0.7434
Epoch 008 | train_loss=0.0568 | val_acc=97.71% val_f1=0.9775 | test_acc=88.76% test_f1=0.8509
Epoch 009 | train_loss=0.0381 | val_acc=98.86% val_f1=0.9886 | test_acc=84.27% test_f1=0.7859
Epoch 010 | train_loss=0.0382 | val_acc=97.71% val_f1=0.9775 | test_acc=85.11% test_f1=0.7940
Epoch 011 | train_loss=0.0218 | val_acc=98.86% val_f1=0.9886 | test_acc=86.24% test_f1=0.8239
Epoch 012 | train_loss=0.0117 | val_acc=99.43% val_f1=0.9941 | test_acc=78.09% test_f1=0.6963
Epoch 013 | train_loss=0.0188 | val_acc=99.43% val_f1=0.9919 | test_acc=85.67% test_f1=0.8174
Epoch 014 | train_loss=0.0106 | val_acc=100.00% val_f1=1.0000 | test_acc=80.62% test_f1=0.7422
Epoch 015 | train_loss=0.0071 | val_acc=100.00% val_f1=1.0000 | test_acc=80.06% test_f1=0.7320
Epoch 016 | train_loss=0.0057 | val_acc=98.86% val_f1=0.9861 | test_acc=85.11% test_f1=0.8082
Epoch 017 | train_loss=0.0060 | val_acc=100.00% val_f1=1.0000 | test_acc=82.58% test_f1=0.7683
Epoch 018 | train_loss=0.0029 | val_acc=100.00% val_f1=1.0000 | test_acc=80.62% test_f1=0.7422
Epoch 019 | train_loss=0.0023 | val_acc=100.00% val_f1=1.0000 | test_acc=81.18% test_f1=0.7495
Epoch 020 | train_loss=0.0018 | val_acc=100.00% val_f1=1.0000 | test_acc=78.93% test_f1=0.7141
Epoch 021 | train_loss=0.0017 | val_acc=100.00% val_f1=1.0000 | test_acc=80.06% test_f1=0.7330
Epoch 022 | train_loss=0.0016 | val_acc=99.43% val_f1=0.9919 | test_acc=83.71% test_f1=0.7904
Epoch 023 | train_loss=0.0022 | val_acc=100.00% val_f1=1.0000 | test_acc=80.62% test_f1=0.7438
Epoch 024 | train_loss=0.0013 | val_acc=100.00% val_f1=1.0000 | test_acc=78.37% test_f1=0.7079
Epoch 025 | train_loss=0.0006 | val_acc=100.00% val_f1=1.0000 | test_acc=80.34% test_f1=0.7386
Epoch 026 | train_loss=0.0017 | val_acc=100.00% val_f1=1.0000 | test_acc=80.90% test_f1=0.7468
Epoch 027 | train_loss=0.0010 | val_acc=100.00% val_f1=1.0000 | test_acc=78.65% test_f1=0.7135
Epoch 028 | train_loss=0.0012 | val_acc=100.00% val_f1=1.0000 | test_acc=82.30% test_f1=0.7695
Epoch 029 | train_loss=0.0008 | val_acc=100.00% val_f1=1.0000 | test_acc=78.93% test_f1=0.7152
Epoch 030 | train_loss=0.0014 | val_acc=100.00% val_f1=1.0000 | test_acc=79.21% test_f1=0.7200
Early stopping at epoch 30 (best=14, score=1.000000)
================================================================================
Best epoch: 14
Best score (val_macro_f1): 1.000000
Final test accuracy: 80.62%
Saved to: ablation_experiments/h1/results/comparison_18d_baselines/gru/gru_weld_seam_windows_ws5_tf75_pg0_h1_h128_l2_bi_do0.3_ep80_lr0.0005_wd1e-05_bs128_seed183
================================================================================
Comparison baseline | model=gru
================================================================================
Dataset: /home/huang_kai/wind_turbine_phm/PHOENIX-main/autoencoder_benchmark/Data/processed_data/weld_seam_windows_ws5_tf75_pg0_h1.npz
Device: cuda
Train/Val/Test: 990 / 175 / 356
Epoch 001 | train_loss=1.0904 | val_acc=38.86% val_f1=0.2969 | test_acc=60.11% test_f1=0.4484
Epoch 002 | train_loss=1.0742 | val_acc=51.43% val_f1=0.3947 | test_acc=66.57% test_f1=0.4885
Epoch 003 | train_loss=1.0560 | val_acc=59.43% val_f1=0.4484 | test_acc=72.19% test_f1=0.5230
Epoch 004 | train_loss=1.0213 | val_acc=62.86% val_f1=0.4702 | test_acc=73.03% test_f1=0.5282
Epoch 005 | train_loss=1.0018 | val_acc=67.43% val_f1=0.4984 | test_acc=75.00% test_f1=0.5404
Epoch 006 | train_loss=0.9520 | val_acc=68.57% val_f1=0.5055 | test_acc=76.69% test_f1=0.5717
Epoch 007 | train_loss=0.9080 | val_acc=72.57% val_f1=0.5303 | test_acc=82.02% test_f1=0.6985
Epoch 008 | train_loss=0.8409 | val_acc=73.71% val_f1=0.5540 | test_acc=83.43% test_f1=0.7259
Epoch 009 | train_loss=0.8010 | val_acc=74.86% val_f1=0.5854 | test_acc=86.80% test_f1=0.7955
Epoch 010 | train_loss=0.7588 | val_acc=79.43% val_f1=0.6840 | test_acc=88.76% test_f1=0.8335
Epoch 011 | train_loss=0.7224 | val_acc=81.14% val_f1=0.7192 | test_acc=87.64% test_f1=0.8183
Epoch 012 | train_loss=0.6813 | val_acc=83.43% val_f1=0.7567 | test_acc=87.92% test_f1=0.8252
Epoch 013 | train_loss=0.6386 | val_acc=84.00% val_f1=0.7672 | test_acc=88.48% test_f1=0.8376
Epoch 014 | train_loss=0.6145 | val_acc=85.71% val_f1=0.7974 | test_acc=89.04% test_f1=0.8501
Epoch 015 | train_loss=0.5705 | val_acc=86.29% val_f1=0.8071 | test_acc=91.01% test_f1=0.8814
Epoch 016 | train_loss=0.5061 | val_acc=86.29% val_f1=0.8071 | test_acc=92.42% test_f1=0.9012
Epoch 017 | train_loss=0.4724 | val_acc=86.86% val_f1=0.8207 | test_acc=93.26% test_f1=0.9131
Epoch 018 | train_loss=0.4405 | val_acc=89.71% val_f1=0.8615 | test_acc=93.26% test_f1=0.9142
Epoch 019 | train_loss=0.4055 | val_acc=92.57% val_f1=0.9047 | test_acc=89.89% test_f1=0.8641
Epoch 020 | train_loss=0.3535 | val_acc=93.14% val_f1=0.9131 | test_acc=90.17% test_f1=0.8676
Epoch 021 | train_loss=0.3251 | val_acc=92.57% val_f1=0.9075 | test_acc=91.57% test_f1=0.8880
Epoch 022 | train_loss=0.2855 | val_acc=93.14% val_f1=0.9159 | test_acc=90.73% test_f1=0.8754
Epoch 023 | train_loss=0.2484 | val_acc=93.71% val_f1=0.9242 | test_acc=89.33% test_f1=0.8534
Epoch 024 | train_loss=0.2437 | val_acc=93.71% val_f1=0.9242 | test_acc=89.61% test_f1=0.8577
Epoch 025 | train_loss=0.2195 | val_acc=95.43% val_f1=0.9490 | test_acc=88.20% test_f1=0.8362
Epoch 026 | train_loss=0.1957 | val_acc=95.43% val_f1=0.9490 | test_acc=88.20% test_f1=0.8362
Epoch 027 | train_loss=0.1824 | val_acc=96.00% val_f1=0.9572 | test_acc=89.04% test_f1=0.8514
Epoch 028 | train_loss=0.1573 | val_acc=96.00% val_f1=0.9572 | test_acc=89.04% test_f1=0.8541
Epoch 029 | train_loss=0.1489 | val_acc=96.00% val_f1=0.9572 | test_acc=89.61% test_f1=0.8629
Epoch 030 | train_loss=0.1433 | val_acc=96.00% val_f1=0.9572 | test_acc=89.89% test_f1=0.8673
Epoch 031 | train_loss=0.1195 | val_acc=96.57% val_f1=0.9654 | test_acc=89.89% test_f1=0.8673
Epoch 032 | train_loss=0.1066 | val_acc=96.57% val_f1=0.9654 | test_acc=89.04% test_f1=0.8541
Epoch 033 | train_loss=0.0916 | val_acc=96.57% val_f1=0.9654 | test_acc=89.04% test_f1=0.8541
Epoch 034 | train_loss=0.1057 | val_acc=96.57% val_f1=0.9654 | test_acc=87.36% test_f1=0.8269
Epoch 035 | train_loss=0.0828 | val_acc=96.57% val_f1=0.9654 | test_acc=87.36% test_f1=0.8269
Epoch 036 | train_loss=0.0809 | val_acc=96.57% val_f1=0.9654 | test_acc=90.45% test_f1=0.8759
Epoch 037 | train_loss=0.0871 | val_acc=96.57% val_f1=0.9654 | test_acc=90.17% test_f1=0.8727
Epoch 038 | train_loss=0.0961 | val_acc=96.57% val_f1=0.9654 | test_acc=88.48% test_f1=0.8465
Epoch 039 | train_loss=0.0654 | val_acc=97.14% val_f1=0.9710 | test_acc=87.36% test_f1=0.8336
Epoch 040 | train_loss=0.0591 | val_acc=97.14% val_f1=0.9710 | test_acc=87.08% test_f1=0.8303
Epoch 041 | train_loss=0.0666 | val_acc=97.14% val_f1=0.9710 | test_acc=87.08% test_f1=0.8303
Epoch 042 | train_loss=0.0652 | val_acc=97.14% val_f1=0.9710 | test_acc=88.20% test_f1=0.8478
Epoch 043 | train_loss=0.0608 | val_acc=97.14% val_f1=0.9710 | test_acc=88.48% test_f1=0.8511
Epoch 044 | train_loss=0.0622 | val_acc=97.14% val_f1=0.9710 | test_acc=88.48% test_f1=0.8511
Epoch 045 | train_loss=0.0777 | val_acc=97.14% val_f1=0.9710 | test_acc=88.20% test_f1=0.8468
Epoch 046 | train_loss=0.0573 | val_acc=97.14% val_f1=0.9710 | test_acc=86.24% test_f1=0.8169
Epoch 047 | train_loss=0.0729 | val_acc=97.14% val_f1=0.9710 | test_acc=87.92% test_f1=0.8435
Epoch 048 | train_loss=0.0506 | val_acc=96.57% val_f1=0.9628 | test_acc=88.20% test_f1=0.8478
Epoch 049 | train_loss=0.0582 | val_acc=97.14% val_f1=0.9710 | test_acc=88.20% test_f1=0.8478
Epoch 050 | train_loss=0.0423 | val_acc=97.14% val_f1=0.9710 | test_acc=86.52% test_f1=0.8214
Epoch 051 | train_loss=0.0697 | val_acc=97.14% val_f1=0.9710 | test_acc=86.52% test_f1=0.8214
Epoch 052 | train_loss=0.0569 | val_acc=96.57% val_f1=0.9628 | test_acc=88.20% test_f1=0.8478
Epoch 053 | train_loss=0.0536 | val_acc=96.57% val_f1=0.9628 | test_acc=88.20% test_f1=0.8478
Epoch 054 | train_loss=0.0476 | val_acc=97.14% val_f1=0.9710 | test_acc=86.52% test_f1=0.8214
Epoch 055 | train_loss=0.0458 | val_acc=97.14% val_f1=0.9710 | test_acc=86.24% test_f1=0.8169
Early stopping at epoch 55 (best=39, score=0.971003)
================================================================================
Best epoch: 39
Best score (val_macro_f1): 0.971003
Final test accuracy: 87.36%
Saved to: ablation_experiments/h1/results/comparison_18d_baselines/gru/gru_weld_seam_windows_ws5_tf75_pg0_h1_h128_l2_uni_do0.2_ep80_lr0.0001_wd0.0005_bs128_seed183
================================================================================
Comparison baseline | model=gru
================================================================================
Dataset: /home/huang_kai/wind_turbine_phm/PHOENIX-main/autoencoder_benchmark/Data/processed_data/weld_seam_windows_ws5_tf75_pg0_h1.npz
Device: cuda
Train/Val/Test: 990 / 175 / 356
Epoch 001 | train_loss=1.0966 | val_acc=22.86% val_f1=0.1240 | test_acc=21.91% test_f1=0.1198
Epoch 002 | train_loss=1.0931 | val_acc=22.86% val_f1=0.1240 | test_acc=21.91% test_f1=0.1198
Epoch 003 | train_loss=1.0881 | val_acc=22.86% val_f1=0.1240 | test_acc=21.91% test_f1=0.1198
Epoch 004 | train_loss=1.0809 | val_acc=22.86% val_f1=0.1240 | test_acc=21.91% test_f1=0.1198
Epoch 005 | train_loss=1.0708 | val_acc=22.86% val_f1=0.1240 | test_acc=22.19% test_f1=0.1235
Epoch 006 | train_loss=1.0624 | val_acc=23.43% val_f1=0.1317 | test_acc=23.88% test_f1=0.1449
Epoch 007 | train_loss=1.0364 | val_acc=24.57% val_f1=0.1466 | test_acc=32.87% test_f1=0.2428
Epoch 008 | train_loss=1.0294 | val_acc=32.00% val_f1=0.2332 | test_acc=48.88% test_f1=0.3802
Epoch 009 | train_loss=1.0046 | val_acc=45.71% val_f1=0.3872 | test_acc=69.10% test_f1=0.6579
Epoch 010 | train_loss=0.9835 | val_acc=60.00% val_f1=0.5581 | test_acc=82.58% test_f1=0.7938
Epoch 011 | train_loss=0.9489 | val_acc=72.00% val_f1=0.6667 | test_acc=89.33% test_f1=0.8554
Epoch 012 | train_loss=0.9080 | val_acc=74.29% val_f1=0.6891 | test_acc=91.85% test_f1=0.8867
Epoch 013 | train_loss=0.8751 | val_acc=76.57% val_f1=0.7073 | test_acc=93.82% test_f1=0.9087
Epoch 014 | train_loss=0.8182 | val_acc=78.86% val_f1=0.7252 | test_acc=94.94% test_f1=0.9259
Epoch 015 | train_loss=0.7739 | val_acc=78.86% val_f1=0.7203 | test_acc=95.79% test_f1=0.9386
Epoch 016 | train_loss=0.7492 | val_acc=82.29% val_f1=0.7589 | test_acc=96.63% test_f1=0.9512
Epoch 017 | train_loss=0.6925 | val_acc=85.14% val_f1=0.7983 | test_acc=96.91% test_f1=0.9575
Epoch 018 | train_loss=0.6622 | val_acc=88.57% val_f1=0.8497 | test_acc=97.47% test_f1=0.9672
Epoch 019 | train_loss=0.6191 | val_acc=89.14% val_f1=0.8579 | test_acc=97.19% test_f1=0.9652
Epoch 020 | train_loss=0.5799 | val_acc=89.71% val_f1=0.8628 | test_acc=96.63% test_f1=0.9592
Epoch 021 | train_loss=0.5477 | val_acc=90.29% val_f1=0.8678 | test_acc=96.63% test_f1=0.9582
Epoch 022 | train_loss=0.5119 | val_acc=89.71% val_f1=0.8601 | test_acc=96.63% test_f1=0.9585
Epoch 023 | train_loss=0.4798 | val_acc=91.43% val_f1=0.8865 | test_acc=96.35% test_f1=0.9496
Epoch 024 | train_loss=0.4502 | val_acc=92.00% val_f1=0.8952 | test_acc=95.79% test_f1=0.9412
Epoch 025 | train_loss=0.4177 | val_acc=93.14% val_f1=0.9124 | test_acc=94.94% test_f1=0.9297
Epoch 026 | train_loss=0.3803 | val_acc=93.14% val_f1=0.9124 | test_acc=94.10% test_f1=0.9208
Epoch 027 | train_loss=0.3510 | val_acc=93.14% val_f1=0.9124 | test_acc=93.82% test_f1=0.9178
Epoch 028 | train_loss=0.3250 | val_acc=94.29% val_f1=0.9293 | test_acc=93.54% test_f1=0.9095
Epoch 029 | train_loss=0.3181 | val_acc=94.86% val_f1=0.9386 | test_acc=91.85% test_f1=0.8829
Epoch 030 | train_loss=0.2856 | val_acc=94.86% val_f1=0.9386 | test_acc=91.85% test_f1=0.8845
Epoch 031 | train_loss=0.2945 | val_acc=94.86% val_f1=0.9386 | test_acc=91.01% test_f1=0.8725
Epoch 032 | train_loss=0.2499 | val_acc=94.29% val_f1=0.9332 | test_acc=91.57% test_f1=0.8815
Epoch 033 | train_loss=0.2693 | val_acc=94.86% val_f1=0.9415 | test_acc=91.85% test_f1=0.8845
Epoch 034 | train_loss=0.2150 | val_acc=96.00% val_f1=0.9581 | test_acc=91.29% test_f1=0.8771
Epoch 035 | train_loss=0.2238 | val_acc=96.00% val_f1=0.9581 | test_acc=91.57% test_f1=0.8815
Epoch 036 | train_loss=0.2043 | val_acc=96.00% val_f1=0.9581 | test_acc=91.57% test_f1=0.8815
Epoch 037 | train_loss=0.1852 | val_acc=96.57% val_f1=0.9635 | test_acc=91.01% test_f1=0.8756
Epoch 038 | train_loss=0.2005 | val_acc=97.71% val_f1=0.9749 | test_acc=91.29% test_f1=0.8786
Epoch 039 | train_loss=0.1905 | val_acc=97.71% val_f1=0.9749 | test_acc=90.45% test_f1=0.8666
Epoch 040 | train_loss=0.1778 | val_acc=97.71% val_f1=0.9749 | test_acc=90.17% test_f1=0.8621
Epoch 041 | train_loss=0.1651 | val_acc=97.71% val_f1=0.9749 | test_acc=91.29% test_f1=0.8800
Epoch 042 | train_loss=0.1377 | val_acc=97.71% val_f1=0.9749 | test_acc=90.73% test_f1=0.8740
Epoch 043 | train_loss=0.1509 | val_acc=97.71% val_f1=0.9749 | test_acc=90.73% test_f1=0.8740
Epoch 044 | train_loss=0.1453 | val_acc=97.71% val_f1=0.9749 | test_acc=91.01% test_f1=0.8784
Epoch 045 | train_loss=0.1279 | val_acc=98.29% val_f1=0.9804 | test_acc=91.01% test_f1=0.8784
Epoch 046 | train_loss=0.1395 | val_acc=98.29% val_f1=0.9804 | test_acc=91.01% test_f1=0.8784
Epoch 047 | train_loss=0.1602 | val_acc=98.29% val_f1=0.9804 | test_acc=90.73% test_f1=0.8753
Epoch 048 | train_loss=0.1468 | val_acc=98.29% val_f1=0.9804 | test_acc=89.89% test_f1=0.8660
Epoch 049 | train_loss=0.1363 | val_acc=98.29% val_f1=0.9804 | test_acc=89.61% test_f1=0.8629
Epoch 050 | train_loss=0.1243 | val_acc=98.29% val_f1=0.9804 | test_acc=89.04% test_f1=0.8541
Epoch 051 | train_loss=0.1305 | val_acc=98.86% val_f1=0.9861 | test_acc=88.76% test_f1=0.8496
Epoch 052 | train_loss=0.1081 | val_acc=98.29% val_f1=0.9779 | test_acc=88.20% test_f1=0.8407
Epoch 053 | train_loss=0.1075 | val_acc=98.86% val_f1=0.9861 | test_acc=89.04% test_f1=0.8541
Epoch 054 | train_loss=0.1270 | val_acc=98.86% val_f1=0.9861 | test_acc=89.04% test_f1=0.8541
Epoch 055 | train_loss=0.1117 | val_acc=98.86% val_f1=0.9861 | test_acc=89.61% test_f1=0.8629
Epoch 056 | train_loss=0.1071 | val_acc=98.86% val_f1=0.9861 | test_acc=89.33% test_f1=0.8585
Epoch 057 | train_loss=0.1088 | val_acc=98.86% val_f1=0.9861 | test_acc=89.04% test_f1=0.8541
Epoch 058 | train_loss=0.1008 | val_acc=98.86% val_f1=0.9861 | test_acc=89.04% test_f1=0.8541
Epoch 059 | train_loss=0.1093 | val_acc=98.86% val_f1=0.9861 | test_acc=89.04% test_f1=0.8541
Epoch 060 | train_loss=0.1096 | val_acc=98.86% val_f1=0.9861 | test_acc=89.61% test_f1=0.8629
Epoch 061 | train_loss=0.1031 | val_acc=98.86% val_f1=0.9861 | test_acc=89.61% test_f1=0.8629
Epoch 062 | train_loss=0.1046 | val_acc=98.86% val_f1=0.9861 | test_acc=89.61% test_f1=0.8629
Epoch 063 | train_loss=0.1092 | val_acc=98.86% val_f1=0.9861 | test_acc=89.61% test_f1=0.8629
Epoch 064 | train_loss=0.0972 | val_acc=98.86% val_f1=0.9861 | test_acc=89.61% test_f1=0.8629
Epoch 065 | train_loss=0.1059 | val_acc=98.86% val_f1=0.9861 | test_acc=89.61% test_f1=0.8629
Epoch 066 | train_loss=0.0988 | val_acc=98.86% val_f1=0.9861 | test_acc=89.61% test_f1=0.8629
Epoch 067 | train_loss=0.1036 | val_acc=98.86% val_f1=0.9861 | test_acc=89.61% test_f1=0.8629
Early stopping at epoch 67 (best=51, score=0.986062)
================================================================================
Best epoch: 51
Best score (val_macro_f1): 0.986062
Final test accuracy: 88.76%
Saved to: ablation_experiments/h1/results/comparison_18d_baselines/gru/gru_weld_seam_windows_ws5_tf75_pg0_h1_h64_l3_uni_do0.3_ep80_lr0.0001_wd0.0005_bs128_seed122
================================================================================
Comparison baseline | model=gru
================================================================================
Dataset: /home/huang_kai/wind_turbine_phm/PHOENIX-main/autoencoder_benchmark/Data/processed_data/weld_seam_windows_ws5_tf75_pg0_h1.npz
Device: cuda
Train/Val/Test: 990 / 175 / 356
Epoch 001 | train_loss=1.0804 | val_acc=42.29% val_f1=0.4240 | test_acc=27.81% test_f1=0.3798
Epoch 002 | train_loss=1.0568 | val_acc=50.29% val_f1=0.5056 | test_acc=39.61% test_f1=0.4724
Epoch 003 | train_loss=1.0222 | val_acc=62.86% val_f1=0.5979 | test_acc=54.78% test_f1=0.6029
Epoch 004 | train_loss=0.9905 | val_acc=68.57% val_f1=0.6363 | test_acc=67.42% test_f1=0.6895
Epoch 005 | train_loss=0.9679 | val_acc=72.00% val_f1=0.6631 | test_acc=78.37% test_f1=0.7770
Epoch 006 | train_loss=0.9370 | val_acc=73.71% val_f1=0.6752 | test_acc=85.96% test_f1=0.8413
Epoch 007 | train_loss=0.8931 | val_acc=76.00% val_f1=0.6916 | test_acc=89.89% test_f1=0.8729
Epoch 008 | train_loss=0.8716 | val_acc=76.00% val_f1=0.6916 | test_acc=92.42% test_f1=0.8984
Epoch 009 | train_loss=0.8242 | val_acc=78.29% val_f1=0.7085 | test_acc=92.70% test_f1=0.9012
Epoch 010 | train_loss=0.8155 | val_acc=78.29% val_f1=0.7085 | test_acc=93.54% test_f1=0.9112
Epoch 011 | train_loss=0.7806 | val_acc=79.43% val_f1=0.7283 | test_acc=93.82% test_f1=0.9140
Epoch 012 | train_loss=0.7623 | val_acc=79.43% val_f1=0.7283 | test_acc=94.10% test_f1=0.9184
Epoch 013 | train_loss=0.7355 | val_acc=80.57% val_f1=0.7424 | test_acc=94.10% test_f1=0.9194
Epoch 014 | train_loss=0.7060 | val_acc=82.29% val_f1=0.7614 | test_acc=94.10% test_f1=0.9204
Epoch 015 | train_loss=0.7035 | val_acc=83.43% val_f1=0.7757 | test_acc=94.38% test_f1=0.9259
Epoch 016 | train_loss=0.6791 | val_acc=84.00% val_f1=0.7801 | test_acc=94.38% test_f1=0.9270
Epoch 017 | train_loss=0.6534 | val_acc=84.00% val_f1=0.7801 | test_acc=94.38% test_f1=0.9281
Epoch 018 | train_loss=0.6282 | val_acc=84.00% val_f1=0.7761 | test_acc=94.10% test_f1=0.9247
Epoch 019 | train_loss=0.6282 | val_acc=84.57% val_f1=0.7858 | test_acc=94.66% test_f1=0.9350
Epoch 020 | train_loss=0.6112 | val_acc=85.14% val_f1=0.7949 | test_acc=94.66% test_f1=0.9350
Epoch 021 | train_loss=0.5814 | val_acc=88.57% val_f1=0.8457 | test_acc=94.94% test_f1=0.9384
Epoch 022 | train_loss=0.5646 | val_acc=89.71% val_f1=0.8619 | test_acc=94.94% test_f1=0.9384
Epoch 023 | train_loss=0.5573 | val_acc=89.71% val_f1=0.8619 | test_acc=94.94% test_f1=0.9384
Epoch 024 | train_loss=0.5345 | val_acc=89.71% val_f1=0.8619 | test_acc=95.51% test_f1=0.9474
Epoch 025 | train_loss=0.5366 | val_acc=90.29% val_f1=0.8705 | test_acc=95.22% test_f1=0.9441
Epoch 026 | train_loss=0.5055 | val_acc=91.43% val_f1=0.8874 | test_acc=94.94% test_f1=0.9392
Epoch 027 | train_loss=0.4850 | val_acc=91.43% val_f1=0.8874 | test_acc=94.94% test_f1=0.9392
Epoch 028 | train_loss=0.4716 | val_acc=91.43% val_f1=0.8874 | test_acc=94.66% test_f1=0.9350
Epoch 029 | train_loss=0.4542 | val_acc=92.00% val_f1=0.8958 | test_acc=95.22% test_f1=0.9427
Epoch 030 | train_loss=0.4468 | val_acc=92.00% val_f1=0.8958 | test_acc=95.22% test_f1=0.9427
Epoch 031 | train_loss=0.4268 | val_acc=92.57% val_f1=0.9041 | test_acc=95.22% test_f1=0.9427
Epoch 032 | train_loss=0.4123 | val_acc=92.57% val_f1=0.9070 | test_acc=94.94% test_f1=0.9389
Epoch 033 | train_loss=0.4315 | val_acc=92.00% val_f1=0.8994 | test_acc=94.10% test_f1=0.9264
Epoch 034 | train_loss=0.3859 | val_acc=92.57% val_f1=0.9076 | test_acc=93.26% test_f1=0.9139
Epoch 035 | train_loss=0.3825 | val_acc=92.57% val_f1=0.9076 | test_acc=93.26% test_f1=0.9128
Epoch 036 | train_loss=0.3634 | val_acc=93.14% val_f1=0.9157 | test_acc=92.70% test_f1=0.9054
Epoch 037 | train_loss=0.3476 | val_acc=93.14% val_f1=0.9186 | test_acc=92.42% test_f1=0.9012
Epoch 038 | train_loss=0.3229 | val_acc=93.14% val_f1=0.9186 | test_acc=92.70% test_f1=0.9054
Epoch 039 | train_loss=0.3484 | val_acc=93.71% val_f1=0.9267 | test_acc=92.42% test_f1=0.9012
Epoch 040 | train_loss=0.3265 | val_acc=93.71% val_f1=0.9267 | test_acc=91.85% test_f1=0.8928
Epoch 041 | train_loss=0.3227 | val_acc=94.29% val_f1=0.9347 | test_acc=91.85% test_f1=0.8928
Epoch 042 | train_loss=0.3104 | val_acc=93.71% val_f1=0.9267 | test_acc=91.85% test_f1=0.8928
Epoch 043 | train_loss=0.3127 | val_acc=94.29% val_f1=0.9347 | test_acc=91.85% test_f1=0.8928
Epoch 044 | train_loss=0.3298 | val_acc=94.29% val_f1=0.9347 | test_acc=91.85% test_f1=0.8928
Epoch 045 | train_loss=0.2923 | val_acc=94.29% val_f1=0.9347 | test_acc=91.57% test_f1=0.8884
Epoch 046 | train_loss=0.2864 | val_acc=94.29% val_f1=0.9347 | test_acc=91.01% test_f1=0.8797
Epoch 047 | train_loss=0.2986 | val_acc=94.29% val_f1=0.9347 | test_acc=90.73% test_f1=0.8753
Epoch 048 | train_loss=0.2700 | val_acc=94.29% val_f1=0.9347 | test_acc=90.73% test_f1=0.8753
Epoch 049 | train_loss=0.2830 | val_acc=94.29% val_f1=0.9347 | test_acc=90.73% test_f1=0.8753
Epoch 050 | train_loss=0.2950 | val_acc=94.29% val_f1=0.9347 | test_acc=90.73% test_f1=0.8753
Epoch 051 | train_loss=0.2937 | val_acc=94.86% val_f1=0.9428 | test_acc=90.73% test_f1=0.8753
Epoch 052 | train_loss=0.2728 | val_acc=95.43% val_f1=0.9509 | test_acc=90.73% test_f1=0.8753
Epoch 053 | train_loss=0.2664 | val_acc=95.43% val_f1=0.9509 | test_acc=90.73% test_f1=0.8753
Epoch 054 | train_loss=0.2664 | val_acc=94.86% val_f1=0.9428 | test_acc=90.73% test_f1=0.8753
Epoch 055 | train_loss=0.2724 | val_acc=94.86% val_f1=0.9428 | test_acc=91.01% test_f1=0.8797
Epoch 056 | train_loss=0.2619 | val_acc=94.86% val_f1=0.9428 | test_acc=91.01% test_f1=0.8797
Epoch 057 | train_loss=0.2403 | val_acc=95.43% val_f1=0.9509 | test_acc=90.73% test_f1=0.8753
Epoch 058 | train_loss=0.2423 | val_acc=95.43% val_f1=0.9509 | test_acc=90.73% test_f1=0.8753
Epoch 059 | train_loss=0.2554 | val_acc=95.43% val_f1=0.9509 | test_acc=90.73% test_f1=0.8753
Epoch 060 | train_loss=0.2551 | val_acc=95.43% val_f1=0.9509 | test_acc=90.73% test_f1=0.8753
Epoch 061 | train_loss=0.2356 | val_acc=96.00% val_f1=0.9562 | test_acc=90.73% test_f1=0.8753
Epoch 062 | train_loss=0.2407 | val_acc=96.00% val_f1=0.9562 | test_acc=90.73% test_f1=0.8753
Epoch 063 | train_loss=0.2517 | val_acc=96.00% val_f1=0.9562 | test_acc=90.73% test_f1=0.8753
Epoch 064 | train_loss=0.2287 | val_acc=96.00% val_f1=0.9562 | test_acc=90.73% test_f1=0.8753
Epoch 065 | train_loss=0.2399 | val_acc=96.00% val_f1=0.9562 | test_acc=90.73% test_f1=0.8753
Epoch 066 | train_loss=0.2415 | val_acc=96.00% val_f1=0.9562 | test_acc=90.73% test_f1=0.8753
Epoch 067 | train_loss=0.2475 | val_acc=96.00% val_f1=0.9562 | test_acc=90.73% test_f1=0.8753
Epoch 068 | train_loss=0.2443 | val_acc=96.00% val_f1=0.9562 | test_acc=90.73% test_f1=0.8753
Epoch 069 | train_loss=0.2459 | val_acc=96.00% val_f1=0.9562 | test_acc=90.73% test_f1=0.8753
Epoch 070 | train_loss=0.2471 | val_acc=96.00% val_f1=0.9562 | test_acc=90.73% test_f1=0.8753
Epoch 071 | train_loss=0.2561 | val_acc=96.00% val_f1=0.9562 | test_acc=90.73% test_f1=0.8753
Epoch 072 | train_loss=0.2212 | val_acc=96.00% val_f1=0.9562 | test_acc=90.73% test_f1=0.8753
Epoch 073 | train_loss=0.2357 | val_acc=96.00% val_f1=0.9562 | test_acc=90.73% test_f1=0.8753
Epoch 074 | train_loss=0.2343 | val_acc=96.00% val_f1=0.9562 | test_acc=90.73% test_f1=0.8753
Epoch 075 | train_loss=0.2209 | val_acc=96.00% val_f1=0.9562 | test_acc=90.73% test_f1=0.8753
Epoch 076 | train_loss=0.2317 | val_acc=96.00% val_f1=0.9562 | test_acc=90.73% test_f1=0.8753
Epoch 077 | train_loss=0.2290 | val_acc=96.00% val_f1=0.9562 | test_acc=90.73% test_f1=0.8753
Early stopping at epoch 77 (best=61, score=0.956241)
================================================================================
Best epoch: 61
Best score (val_macro_f1): 0.956241
Final test accuracy: 90.73%
Saved to: ablation_experiments/h1/results/comparison_18d_baselines/gru/gru_weld_seam_windows_ws5_tf75_pg0_h1_h64_l1_uni_do0.1_ep80_lr0.0001_wd0.0002_bs128_seed42
================================================================================
Comparison baseline | model=gru
================================================================================
Dataset: /home/huang_kai/wind_turbine_phm/PHOENIX-main/autoencoder_benchmark/Data/processed_data/weld_seam_windows_ws5_tf75_pg0_h1.npz
Device: cuda
Train/Val/Test: 990 / 175 / 356
Epoch 001 | train_loss=1.0724 | val_acc=25.14% val_f1=0.1620 | test_acc=23.31% test_f1=0.1260
Epoch 002 | train_loss=1.0223 | val_acc=47.43% val_f1=0.5015 | test_acc=37.64% test_f1=0.4042
Epoch 003 | train_loss=0.9683 | val_acc=45.14% val_f1=0.4748 | test_acc=72.19% test_f1=0.7537
Epoch 004 | train_loss=0.8886 | val_acc=64.00% val_f1=0.6287 | test_acc=86.24% test_f1=0.8540
Epoch 005 | train_loss=0.8168 | val_acc=77.14% val_f1=0.7253 | test_acc=94.66% test_f1=0.9216
Epoch 006 | train_loss=0.7173 | val_acc=82.29% val_f1=0.7658 | test_acc=95.22% test_f1=0.9301
Epoch 007 | train_loss=0.6769 | val_acc=84.57% val_f1=0.7895 | test_acc=95.22% test_f1=0.9371
Epoch 008 | train_loss=0.6254 | val_acc=91.43% val_f1=0.8832 | test_acc=90.73% test_f1=0.8844
Epoch 009 | train_loss=0.5636 | val_acc=92.57% val_f1=0.9002 | test_acc=92.70% test_f1=0.9116
Epoch 010 | train_loss=0.4952 | val_acc=94.29% val_f1=0.9263 | test_acc=94.10% test_f1=0.9262
Epoch 011 | train_loss=0.3869 | val_acc=97.14% val_f1=0.9644 | test_acc=92.98% test_f1=0.9085
Epoch 012 | train_loss=0.3188 | val_acc=97.14% val_f1=0.9697 | test_acc=92.70% test_f1=0.9044
Epoch 013 | train_loss=0.2647 | val_acc=94.86% val_f1=0.9462 | test_acc=89.33% test_f1=0.8448
Epoch 014 | train_loss=0.2149 | val_acc=94.86% val_f1=0.9485 | test_acc=91.57% test_f1=0.8815
Epoch 015 | train_loss=0.1906 | val_acc=95.43% val_f1=0.9514 | test_acc=89.89% test_f1=0.8591
Epoch 016 | train_loss=0.1251 | val_acc=95.43% val_f1=0.9514 | test_acc=89.89% test_f1=0.8591
Epoch 017 | train_loss=0.1294 | val_acc=94.29% val_f1=0.9410 | test_acc=90.17% test_f1=0.8621
Epoch 018 | train_loss=0.1137 | val_acc=95.43% val_f1=0.9514 | test_acc=91.01% test_f1=0.8797
Epoch 019 | train_loss=0.0920 | val_acc=97.14% val_f1=0.9673 | test_acc=87.92% test_f1=0.8375
Epoch 020 | train_loss=0.0758 | val_acc=97.14% val_f1=0.9673 | test_acc=84.55% test_f1=0.7826
Epoch 021 | train_loss=0.0728 | val_acc=97.14% val_f1=0.9673 | test_acc=86.80% test_f1=0.8207
Epoch 022 | train_loss=0.0626 | val_acc=97.14% val_f1=0.9673 | test_acc=87.36% test_f1=0.8311
Epoch 023 | train_loss=0.0631 | val_acc=98.29% val_f1=0.9782 | test_acc=85.39% test_f1=0.8003
Epoch 024 | train_loss=0.0589 | val_acc=98.29% val_f1=0.9804 | test_acc=84.55% test_f1=0.7995
Epoch 025 | train_loss=0.0469 | val_acc=97.71% val_f1=0.9724 | test_acc=83.71% test_f1=0.7764
Epoch 026 | train_loss=0.0385 | val_acc=98.29% val_f1=0.9804 | test_acc=85.11% test_f1=0.8000
Epoch 027 | train_loss=0.0444 | val_acc=97.71% val_f1=0.9724 | test_acc=82.87% test_f1=0.7618
Epoch 028 | train_loss=0.0447 | val_acc=98.86% val_f1=0.9885 | test_acc=85.11% test_f1=0.8000
Epoch 029 | train_loss=0.0390 | val_acc=97.71% val_f1=0.9724 | test_acc=82.30% test_f1=0.7612
Epoch 030 | train_loss=0.0329 | val_acc=97.71% val_f1=0.9724 | test_acc=79.49% test_f1=0.7236
Epoch 031 | train_loss=0.0295 | val_acc=97.71% val_f1=0.9724 | test_acc=78.65% test_f1=0.7079
Epoch 032 | train_loss=0.0407 | val_acc=98.29% val_f1=0.9804 | test_acc=82.58% test_f1=0.7646
Epoch 033 | train_loss=0.0231 | val_acc=98.29% val_f1=0.9782 | test_acc=83.43% test_f1=0.7731
Epoch 034 | train_loss=0.0355 | val_acc=97.71% val_f1=0.9727 | test_acc=84.27% test_f1=0.7828
Epoch 035 | train_loss=0.0380 | val_acc=99.43% val_f1=0.9943 | test_acc=85.39% test_f1=0.8070
Epoch 036 | train_loss=0.0390 | val_acc=97.71% val_f1=0.9724 | test_acc=78.09% test_f1=0.6993
Epoch 037 | train_loss=0.0366 | val_acc=97.71% val_f1=0.9724 | test_acc=77.81% test_f1=0.6971
Epoch 038 | train_loss=0.0319 | val_acc=98.86% val_f1=0.9862 | test_acc=81.74% test_f1=0.7531
Epoch 039 | train_loss=0.0269 | val_acc=98.86% val_f1=0.9862 | test_acc=82.30% test_f1=0.7584
Epoch 040 | train_loss=0.0319 | val_acc=99.43% val_f1=0.9943 | test_acc=83.15% test_f1=0.7727
Epoch 041 | train_loss=0.0180 | val_acc=98.29% val_f1=0.9782 | test_acc=80.34% test_f1=0.7287
Epoch 042 | train_loss=0.0313 | val_acc=99.43% val_f1=0.9943 | test_acc=80.90% test_f1=0.7427
Epoch 043 | train_loss=0.0238 | val_acc=99.43% val_f1=0.9943 | test_acc=82.58% test_f1=0.7703
Epoch 044 | train_loss=0.0169 | val_acc=99.43% val_f1=0.9943 | test_acc=82.02% test_f1=0.7612
Epoch 045 | train_loss=0.0231 | val_acc=98.29% val_f1=0.9782 | test_acc=80.90% test_f1=0.7414
Epoch 046 | train_loss=0.0209 | val_acc=98.29% val_f1=0.9782 | test_acc=80.62% test_f1=0.7337
Epoch 047 | train_loss=0.0119 | val_acc=99.43% val_f1=0.9943 | test_acc=82.58% test_f1=0.7672
Epoch 048 | train_loss=0.0262 | val_acc=98.86% val_f1=0.9862 | test_acc=81.74% test_f1=0.7544
Epoch 049 | train_loss=0.0165 | val_acc=98.86% val_f1=0.9862 | test_acc=81.46% test_f1=0.7496
Epoch 050 | train_loss=0.0117 | val_acc=98.86% val_f1=0.9862 | test_acc=80.90% test_f1=0.7414
Epoch 051 | train_loss=0.0314 | val_acc=99.43% val_f1=0.9943 | test_acc=81.18% test_f1=0.7462
Early stopping at epoch 51 (best=35, score=0.994277)
================================================================================
Best epoch: 35
Best score (val_macro_f1): 0.994277
Final test accuracy: 85.39%
Saved to: ablation_experiments/h1/results/comparison_18d_baselines/gru/gru_weld_seam_windows_ws5_tf75_pg0_h1_h128_l2_uni_do0.3_ep80_lr0.0002_wd0.0001_bs128_seed14
================================================================================
Comparison baseline | model=gru
================================================================================
Dataset: /home/huang_kai/wind_turbine_phm/PHOENIX-main/autoencoder_benchmark/Data/processed_data/weld_seam_windows_ws5_tf75_pg0_h1.npz
Device: cuda
Train/Val/Test: 990 / 175 / 356
Epoch 001 | train_loss=1.0786 | val_acc=45.71% val_f1=0.3538 | test_acc=50.56% test_f1=0.4147
Epoch 002 | train_loss=1.0399 | val_acc=70.29% val_f1=0.6380 | test_acc=81.46% test_f1=0.7701
Epoch 003 | train_loss=0.9923 | val_acc=78.86% val_f1=0.7385 | test_acc=91.85% test_f1=0.8862
Epoch 004 | train_loss=0.9455 | val_acc=80.00% val_f1=0.7518 | test_acc=94.10% test_f1=0.9204
Epoch 005 | train_loss=0.8852 | val_acc=81.14% val_f1=0.7653 | test_acc=95.51% test_f1=0.9386
Epoch 006 | train_loss=0.8083 | val_acc=81.71% val_f1=0.7699 | test_acc=95.79% test_f1=0.9428
Epoch 007 | train_loss=0.7418 | val_acc=82.29% val_f1=0.7788 | test_acc=96.35% test_f1=0.9484
Epoch 008 | train_loss=0.6748 | val_acc=85.14% val_f1=0.8107 | test_acc=97.19% test_f1=0.9596
Epoch 009 | train_loss=0.6107 | val_acc=86.86% val_f1=0.8364 | test_acc=96.91% test_f1=0.9575
Epoch 010 | train_loss=0.5528 | val_acc=88.57% val_f1=0.8582 | test_acc=95.51% test_f1=0.9422
Epoch 011 | train_loss=0.4879 | val_acc=90.86% val_f1=0.8821 | test_acc=93.26% test_f1=0.9114
Epoch 012 | train_loss=0.4248 | val_acc=91.43% val_f1=0.8905 | test_acc=91.85% test_f1=0.8913
Epoch 013 | train_loss=0.3874 | val_acc=92.57% val_f1=0.9099 | test_acc=90.17% test_f1=0.8666
Epoch 014 | train_loss=0.3618 | val_acc=93.14% val_f1=0.9214 | test_acc=89.04% test_f1=0.8453
Epoch 015 | train_loss=0.3013 | val_acc=92.00% val_f1=0.9141 | test_acc=88.20% test_f1=0.8255
Epoch 016 | train_loss=0.2613 | val_acc=92.57% val_f1=0.9221 | test_acc=89.61% test_f1=0.8495
Epoch 017 | train_loss=0.2354 | val_acc=93.14% val_f1=0.9302 | test_acc=89.89% test_f1=0.8565
Epoch 018 | train_loss=0.2197 | val_acc=93.71% val_f1=0.9353 | test_acc=86.80% test_f1=0.8107
Epoch 019 | train_loss=0.2050 | val_acc=95.43% val_f1=0.9509 | test_acc=86.52% test_f1=0.8058
Epoch 020 | train_loss=0.1720 | val_acc=96.00% val_f1=0.9558 | test_acc=89.61% test_f1=0.8575
Epoch 021 | train_loss=0.1316 | val_acc=96.57% val_f1=0.9644 | test_acc=85.67% test_f1=0.7949
Epoch 022 | train_loss=0.1341 | val_acc=97.14% val_f1=0.9697 | test_acc=83.99% test_f1=0.7664
Epoch 023 | train_loss=0.1270 | val_acc=97.14% val_f1=0.9715 | test_acc=89.04% test_f1=0.8528
Epoch 024 | train_loss=0.1334 | val_acc=97.14% val_f1=0.9715 | test_acc=87.36% test_f1=0.8254
Epoch 025 | train_loss=0.1024 | val_acc=97.14% val_f1=0.9715 | test_acc=86.52% test_f1=0.8113
Epoch 026 | train_loss=0.0960 | val_acc=96.57% val_f1=0.9657 | test_acc=88.48% test_f1=0.8438
Epoch 027 | train_loss=0.0856 | val_acc=96.57% val_f1=0.9657 | test_acc=88.20% test_f1=0.8392
Epoch 028 | train_loss=0.0816 | val_acc=96.57% val_f1=0.9657 | test_acc=89.33% test_f1=0.8572
Epoch 029 | train_loss=0.0675 | val_acc=96.57% val_f1=0.9657 | test_acc=89.33% test_f1=0.8572
Epoch 030 | train_loss=0.0686 | val_acc=96.57% val_f1=0.9657 | test_acc=87.36% test_f1=0.8254
Epoch 031 | train_loss=0.0547 | val_acc=96.57% val_f1=0.9657 | test_acc=87.64% test_f1=0.8301
Epoch 032 | train_loss=0.0504 | val_acc=96.57% val_f1=0.9657 | test_acc=88.48% test_f1=0.8452
Epoch 033 | train_loss=0.0529 | val_acc=96.57% val_f1=0.9657 | test_acc=87.64% test_f1=0.8330
Epoch 034 | train_loss=0.0524 | val_acc=96.57% val_f1=0.9657 | test_acc=87.08% test_f1=0.8253
Epoch 035 | train_loss=0.0535 | val_acc=96.57% val_f1=0.9657 | test_acc=85.67% test_f1=0.8065
Epoch 036 | train_loss=0.0367 | val_acc=96.57% val_f1=0.9657 | test_acc=87.92% test_f1=0.8435
Epoch 037 | train_loss=0.0405 | val_acc=96.57% val_f1=0.9657 | test_acc=85.96% test_f1=0.8124
Epoch 038 | train_loss=0.0500 | val_acc=96.57% val_f1=0.9657 | test_acc=87.36% test_f1=0.8347
Epoch 039 | train_loss=0.0458 | val_acc=96.57% val_f1=0.9657 | test_acc=85.67% test_f1=0.8078
Early stopping at epoch 39 (best=23, score=0.971525)
================================================================================
Best epoch: 23
Best score (val_macro_f1): 0.971525
Final test accuracy: 89.04%
Saved to: ablation_experiments/h1/results/comparison_18d_baselines/gru/gru_weld_seam_windows_ws5_tf75_pg0_h1_h128_l2_bi_do0.3_ep80_lr0.0001_wd0.0002_bs128_seed42
================================================================================
Comparison baseline | model=gru
================================================================================
Dataset: /home/huang_kai/wind_turbine_phm/PHOENIX-main/autoencoder_benchmark/Data/processed_data/weld_seam_windows_ws5_tf75_pg0_h1.npz
Device: cuda
Train/Val/Test: 990 / 175 / 356
Epoch 001 | train_loss=1.0731 | val_acc=28.00% val_f1=0.1883 | test_acc=54.49% test_f1=0.4122
Epoch 002 | train_loss=1.0244 | val_acc=47.43% val_f1=0.3652 | test_acc=69.38% test_f1=0.5056
Epoch 003 | train_loss=0.9883 | val_acc=65.71% val_f1=0.4877 | test_acc=76.40% test_f1=0.5891
Epoch 004 | train_loss=0.9318 | val_acc=73.71% val_f1=0.6189 | test_acc=84.55% test_f1=0.7519
Epoch 005 | train_loss=0.8676 | val_acc=80.00% val_f1=0.7222 | test_acc=87.36% test_f1=0.8092
Epoch 006 | train_loss=0.8081 | val_acc=83.43% val_f1=0.7760 | test_acc=89.33% test_f1=0.8442
Epoch 007 | train_loss=0.7139 | val_acc=83.43% val_f1=0.7840 | test_acc=89.61% test_f1=0.8500
Epoch 008 | train_loss=0.6579 | val_acc=84.57% val_f1=0.8018 | test_acc=91.01% test_f1=0.8735
Epoch 009 | train_loss=0.5836 | val_acc=85.71% val_f1=0.8193 | test_acc=92.13% test_f1=0.8944
Epoch 010 | train_loss=0.5118 | val_acc=87.43% val_f1=0.8414 | test_acc=91.29% test_f1=0.8830
Epoch 011 | train_loss=0.4329 | val_acc=89.14% val_f1=0.8665 | test_acc=90.45% test_f1=0.8705
Epoch 012 | train_loss=0.4028 | val_acc=88.57% val_f1=0.8610 | test_acc=89.61% test_f1=0.8594
Epoch 013 | train_loss=0.3670 | val_acc=89.71% val_f1=0.8772 | test_acc=88.48% test_f1=0.8417
Epoch 014 | train_loss=0.3117 | val_acc=90.29% val_f1=0.8852 | test_acc=89.33% test_f1=0.8545
Epoch 015 | train_loss=0.3148 | val_acc=90.86% val_f1=0.8932 | test_acc=86.80% test_f1=0.8149
Epoch 016 | train_loss=0.2694 | val_acc=90.86% val_f1=0.8932 | test_acc=87.08% test_f1=0.8191
Epoch 017 | train_loss=0.2113 | val_acc=90.86% val_f1=0.8932 | test_acc=87.92% test_f1=0.8334
Epoch 018 | train_loss=0.2000 | val_acc=92.00% val_f1=0.9063 | test_acc=87.08% test_f1=0.8226
Epoch 019 | train_loss=0.1862 | val_acc=93.71% val_f1=0.9217 | test_acc=89.04% test_f1=0.8553
Epoch 020 | train_loss=0.1798 | val_acc=94.86% val_f1=0.9351 | test_acc=87.92% test_f1=0.8388
Epoch 021 | train_loss=0.1532 | val_acc=96.00% val_f1=0.9512 | test_acc=86.80% test_f1=0.8207
Epoch 022 | train_loss=0.1289 | val_acc=95.43% val_f1=0.9431 | test_acc=89.04% test_f1=0.8565
Epoch 023 | train_loss=0.1448 | val_acc=96.57% val_f1=0.9593 | test_acc=85.67% test_f1=0.8035
Epoch 024 | train_loss=0.1195 | val_acc=96.57% val_f1=0.9593 | test_acc=84.83% test_f1=0.7875
Epoch 025 | train_loss=0.1047 | val_acc=96.57% val_f1=0.9593 | test_acc=88.48% test_f1=0.8477
Epoch 026 | train_loss=0.1013 | val_acc=96.57% val_f1=0.9593 | test_acc=87.92% test_f1=0.8401
Epoch 027 | train_loss=0.0728 | val_acc=97.71% val_f1=0.9701 | test_acc=85.39% test_f1=0.8003
Epoch 028 | train_loss=0.0914 | val_acc=97.71% val_f1=0.9701 | test_acc=84.83% test_f1=0.7953
Epoch 029 | train_loss=0.0760 | val_acc=97.71% val_f1=0.9701 | test_acc=86.52% test_f1=0.8226
Epoch 030 | train_loss=0.0742 | val_acc=97.71% val_f1=0.9701 | test_acc=85.67% test_f1=0.8103
Epoch 031 | train_loss=0.0706 | val_acc=97.71% val_f1=0.9701 | test_acc=85.96% test_f1=0.8136
Epoch 032 | train_loss=0.0568 | val_acc=97.71% val_f1=0.9701 | test_acc=85.67% test_f1=0.8091
Epoch 033 | train_loss=0.0607 | val_acc=97.71% val_f1=0.9701 | test_acc=85.39% test_f1=0.8058
Epoch 034 | train_loss=0.0591 | val_acc=98.86% val_f1=0.9862 | test_acc=85.67% test_f1=0.8115
Epoch 035 | train_loss=0.0551 | val_acc=97.71% val_f1=0.9701 | test_acc=83.99% test_f1=0.7841
Epoch 036 | train_loss=0.0677 | val_acc=98.86% val_f1=0.9862 | test_acc=85.67% test_f1=0.8103
Epoch 037 | train_loss=0.0482 | val_acc=98.86% val_f1=0.9862 | test_acc=85.39% test_f1=0.8058
Epoch 038 | train_loss=0.0534 | val_acc=97.71% val_f1=0.9701 | test_acc=83.43% test_f1=0.7746
Epoch 039 | train_loss=0.0436 | val_acc=98.86% val_f1=0.9862 | test_acc=83.99% test_f1=0.7841
Epoch 040 | train_loss=0.0465 | val_acc=97.71% val_f1=0.9701 | test_acc=83.15% test_f1=0.7699
Epoch 041 | train_loss=0.0455 | val_acc=97.71% val_f1=0.9701 | test_acc=83.15% test_f1=0.7699
Epoch 042 | train_loss=0.0431 | val_acc=98.86% val_f1=0.9862 | test_acc=84.55% test_f1=0.7933
Epoch 043 | train_loss=0.0452 | val_acc=98.86% val_f1=0.9862 | test_acc=85.39% test_f1=0.8058
Epoch 044 | train_loss=0.0408 | val_acc=98.86% val_f1=0.9862 | test_acc=85.11% test_f1=0.8025
Epoch 045 | train_loss=0.0353 | val_acc=98.86% val_f1=0.9862 | test_acc=84.55% test_f1=0.7933
Epoch 046 | train_loss=0.0319 | val_acc=98.86% val_f1=0.9862 | test_acc=84.55% test_f1=0.7933
Epoch 047 | train_loss=0.0394 | val_acc=98.86% val_f1=0.9862 | test_acc=84.27% test_f1=0.7900
Epoch 048 | train_loss=0.0319 | val_acc=99.43% val_f1=0.9919 | test_acc=83.99% test_f1=0.7866
Epoch 049 | train_loss=0.0355 | val_acc=99.43% val_f1=0.9919 | test_acc=82.87% test_f1=0.7680
Epoch 050 | train_loss=0.0293 | val_acc=99.43% val_f1=0.9919 | test_acc=82.87% test_f1=0.7680
Epoch 051 | train_loss=0.0387 | val_acc=99.43% val_f1=0.9919 | test_acc=83.71% test_f1=0.7820
Epoch 052 | train_loss=0.0306 | val_acc=99.43% val_f1=0.9919 | test_acc=83.71% test_f1=0.7820
Epoch 053 | train_loss=0.0271 | val_acc=99.43% val_f1=0.9919 | test_acc=83.71% test_f1=0.7820
Epoch 054 | train_loss=0.0326 | val_acc=99.43% val_f1=0.9919 | test_acc=83.15% test_f1=0.7727
Epoch 055 | train_loss=0.0415 | val_acc=99.43% val_f1=0.9919 | test_acc=82.87% test_f1=0.7680
Epoch 056 | train_loss=0.0475 | val_acc=99.43% val_f1=0.9919 | test_acc=83.15% test_f1=0.7727
Epoch 057 | train_loss=0.0242 | val_acc=99.43% val_f1=0.9943 | test_acc=83.99% test_f1=0.7866
Epoch 058 | train_loss=0.0260 | val_acc=100.00% val_f1=1.0000 | test_acc=84.27% test_f1=0.7912
Epoch 059 | train_loss=0.0314 | val_acc=100.00% val_f1=1.0000 | test_acc=83.99% test_f1=0.7866
Epoch 060 | train_loss=0.0316 | val_acc=100.00% val_f1=1.0000 | test_acc=83.43% test_f1=0.7774
Epoch 061 | train_loss=0.0239 | val_acc=99.43% val_f1=0.9919 | test_acc=83.15% test_f1=0.7727
Epoch 062 | train_loss=0.0309 | val_acc=99.43% val_f1=0.9919 | test_acc=82.87% test_f1=0.7680
Epoch 063 | train_loss=0.0180 | val_acc=99.43% val_f1=0.9919 | test_acc=82.87% test_f1=0.7680
Epoch 064 | train_loss=0.0497 | val_acc=99.43% val_f1=0.9919 | test_acc=82.87% test_f1=0.7680
Epoch 065 | train_loss=0.0335 | val_acc=99.43% val_f1=0.9919 | test_acc=83.15% test_f1=0.7727
Epoch 066 | train_loss=0.0314 | val_acc=99.43% val_f1=0.9919 | test_acc=82.87% test_f1=0.7680
Epoch 067 | train_loss=0.0168 | val_acc=99.43% val_f1=0.9919 | test_acc=82.87% test_f1=0.7680
Epoch 068 | train_loss=0.0289 | val_acc=99.43% val_f1=0.9919 | test_acc=82.87% test_f1=0.7680
Epoch 069 | train_loss=0.0307 | val_acc=99.43% val_f1=0.9919 | test_acc=82.87% test_f1=0.7680
Epoch 070 | train_loss=0.0260 | val_acc=99.43% val_f1=0.9919 | test_acc=82.87% test_f1=0.7680
Epoch 071 | train_loss=0.0337 | val_acc=99.43% val_f1=0.9919 | test_acc=82.87% test_f1=0.7680
Epoch 072 | train_loss=0.0256 | val_acc=99.43% val_f1=0.9919 | test_acc=82.87% test_f1=0.7680
Epoch 073 | train_loss=0.0333 | val_acc=99.43% val_f1=0.9919 | test_acc=83.15% test_f1=0.7727
Epoch 074 | train_loss=0.0318 | val_acc=99.43% val_f1=0.9919 | test_acc=83.15% test_f1=0.7727
Early stopping at epoch 74 (best=58, score=1.000000)
================================================================================
Best epoch: 58
Best score (val_macro_f1): 1.000000
Final test accuracy: 84.27%
Saved to: ablation_experiments/h1/results/comparison_18d_baselines/gru/gru_weld_seam_windows_ws5_tf75_pg0_h1_h64_l1_uni_do0.1_ep80_lr0.0003_wd1e-05_bs128_seed100
================================================================================
Comparison baseline | model=gru
================================================================================
Dataset: /home/huang_kai/wind_turbine_phm/PHOENIX-main/autoencoder_benchmark/Data/processed_data/weld_seam_windows_ws5_tf75_pg0_h1.npz
Device: cuda
Train/Val/Test: 990 / 175 / 356
Epoch 001 | train_loss=1.0698 | val_acc=74.86% val_f1=0.5453 | test_acc=76.69% test_f1=0.5814
Epoch 002 | train_loss=0.9412 | val_acc=78.86% val_f1=0.6536 | test_acc=77.25% test_f1=0.5945
Epoch 003 | train_loss=0.8057 | val_acc=81.14% val_f1=0.7196 | test_acc=83.43% test_f1=0.7434
Epoch 004 | train_loss=0.7049 | val_acc=82.86% val_f1=0.7518 | test_acc=87.36% test_f1=0.8190
Epoch 005 | train_loss=0.6106 | val_acc=89.14% val_f1=0.8555 | test_acc=93.26% test_f1=0.9131
Epoch 006 | train_loss=0.5182 | val_acc=92.00% val_f1=0.8958 | test_acc=93.26% test_f1=0.9116
Epoch 007 | train_loss=0.4248 | val_acc=90.29% val_f1=0.8800 | test_acc=93.54% test_f1=0.9154
Epoch 008 | train_loss=0.3531 | val_acc=92.00% val_f1=0.9111 | test_acc=91.01% test_f1=0.8717
Epoch 009 | train_loss=0.2815 | val_acc=93.14% val_f1=0.9272 | test_acc=90.73% test_f1=0.8664
Epoch 010 | train_loss=0.2334 | val_acc=93.71% val_f1=0.9353 | test_acc=89.33% test_f1=0.8515
Epoch 011 | train_loss=0.1866 | val_acc=93.71% val_f1=0.9353 | test_acc=87.64% test_f1=0.8252
Epoch 012 | train_loss=0.1594 | val_acc=95.43% val_f1=0.9509 | test_acc=87.08% test_f1=0.8174
Epoch 013 | train_loss=0.1299 | val_acc=96.00% val_f1=0.9535 | test_acc=90.17% test_f1=0.8679
Epoch 014 | train_loss=0.1165 | val_acc=97.14% val_f1=0.9697 | test_acc=88.48% test_f1=0.8423
Epoch 015 | train_loss=0.0853 | val_acc=96.57% val_f1=0.9639 | test_acc=89.04% test_f1=0.8514
Epoch 016 | train_loss=0.0785 | val_acc=96.57% val_f1=0.9639 | test_acc=85.96% test_f1=0.8016
Epoch 017 | train_loss=0.0609 | val_acc=97.14% val_f1=0.9694 | test_acc=88.76% test_f1=0.8509
Epoch 018 | train_loss=0.0506 | val_acc=97.71% val_f1=0.9749 | test_acc=85.11% test_f1=0.8000
Epoch 019 | train_loss=0.0451 | val_acc=96.57% val_f1=0.9639 | test_acc=85.96% test_f1=0.8034
Epoch 020 | train_loss=0.0476 | val_acc=97.14% val_f1=0.9717 | test_acc=87.92% test_f1=0.8361
Epoch 021 | train_loss=0.0420 | val_acc=97.14% val_f1=0.9717 | test_acc=86.24% test_f1=0.8098
Epoch 022 | train_loss=0.0385 | val_acc=97.71% val_f1=0.9772 | test_acc=83.99% test_f1=0.7841
Epoch 023 | train_loss=0.0534 | val_acc=98.29% val_f1=0.9828 | test_acc=85.11% test_f1=0.8036
Epoch 024 | train_loss=0.0310 | val_acc=97.14% val_f1=0.9717 | test_acc=83.71% test_f1=0.7695
Epoch 025 | train_loss=0.0301 | val_acc=97.71% val_f1=0.9772 | test_acc=85.11% test_f1=0.8012
Epoch 026 | train_loss=0.0310 | val_acc=98.29% val_f1=0.9828 | test_acc=83.15% test_f1=0.7699
Epoch 027 | train_loss=0.0215 | val_acc=98.29% val_f1=0.9828 | test_acc=81.46% test_f1=0.7383
Epoch 028 | train_loss=0.0325 | val_acc=98.29% val_f1=0.9828 | test_acc=86.80% test_f1=0.8281
Epoch 029 | train_loss=0.0284 | val_acc=98.29% val_f1=0.9828 | test_acc=82.30% test_f1=0.7535
Epoch 030 | train_loss=0.0314 | val_acc=98.29% val_f1=0.9828 | test_acc=83.99% test_f1=0.7854
Epoch 031 | train_loss=0.0276 | val_acc=98.86% val_f1=0.9886 | test_acc=84.27% test_f1=0.7859
Epoch 032 | train_loss=0.0284 | val_acc=98.29% val_f1=0.9828 | test_acc=84.55% test_f1=0.7933
Epoch 033 | train_loss=0.0211 | val_acc=98.29% val_f1=0.9828 | test_acc=82.58% test_f1=0.7602
Epoch 034 | train_loss=0.0248 | val_acc=98.86% val_f1=0.9886 | test_acc=83.15% test_f1=0.7683
Epoch 035 | train_loss=0.0298 | val_acc=98.86% val_f1=0.9886 | test_acc=84.55% test_f1=0.7920
Epoch 036 | train_loss=0.0208 | val_acc=98.29% val_f1=0.9828 | test_acc=84.55% test_f1=0.7933
Epoch 037 | train_loss=0.0133 | val_acc=99.43% val_f1=0.9943 | test_acc=81.46% test_f1=0.7402
Epoch 038 | train_loss=0.0182 | val_acc=99.43% val_f1=0.9943 | test_acc=83.43% test_f1=0.7731
Epoch 039 | train_loss=0.0087 | val_acc=99.43% val_f1=0.9943 | test_acc=83.71% test_f1=0.7779
Epoch 040 | train_loss=0.0091 | val_acc=99.43% val_f1=0.9943 | test_acc=82.58% test_f1=0.7602
Epoch 041 | train_loss=0.0170 | val_acc=98.86% val_f1=0.9885 | test_acc=82.87% test_f1=0.7680
Epoch 042 | train_loss=0.0122 | val_acc=98.86% val_f1=0.9885 | test_acc=81.18% test_f1=0.7387
Epoch 043 | train_loss=0.0163 | val_acc=98.86% val_f1=0.9885 | test_acc=83.71% test_f1=0.7820
Epoch 044 | train_loss=0.0173 | val_acc=99.43% val_f1=0.9943 | test_acc=82.87% test_f1=0.7680
Epoch 045 | train_loss=0.0144 | val_acc=99.43% val_f1=0.9943 | test_acc=84.55% test_f1=0.7907
Epoch 046 | train_loss=0.0072 | val_acc=99.43% val_f1=0.9943 | test_acc=84.27% test_f1=0.7844
Epoch 047 | train_loss=0.0090 | val_acc=99.43% val_f1=0.9943 | test_acc=84.55% test_f1=0.7907
Epoch 048 | train_loss=0.0183 | val_acc=99.43% val_f1=0.9943 | test_acc=83.99% test_f1=0.7854
Epoch 049 | train_loss=0.0219 | val_acc=99.43% val_f1=0.9943 | test_acc=81.18% test_f1=0.7387
Epoch 050 | train_loss=0.0287 | val_acc=99.43% val_f1=0.9943 | test_acc=83.15% test_f1=0.7713
Epoch 051 | train_loss=0.0127 | val_acc=99.43% val_f1=0.9943 | test_acc=82.02% test_f1=0.7520
Epoch 052 | train_loss=0.0188 | val_acc=99.43% val_f1=0.9943 | test_acc=82.30% test_f1=0.7569
Epoch 053 | train_loss=0.0175 | val_acc=99.43% val_f1=0.9943 | test_acc=84.27% test_f1=0.7874
Early stopping at epoch 53 (best=37, score=0.994277)
================================================================================
Best epoch: 37
Best score (val_macro_f1): 0.994277
Final test accuracy: 81.46%
Saved to: ablation_experiments/h1/results/comparison_18d_baselines/gru/gru_weld_seam_windows_ws5_tf75_pg0_h1_h64_l1_uni_do0.1_ep80_lr0.0003_wd0.0005_bs64_seed42
================================================================================
Comparison baseline | model=gru
================================================================================
Dataset: /home/huang_kai/wind_turbine_phm/PHOENIX-main/autoencoder_benchmark/Data/processed_data/weld_seam_windows_ws5_tf75_pg0_h1.npz
Device: cuda
Train/Val/Test: 990 / 175 / 356
Epoch 001 | train_loss=1.0585 | val_acc=41.71% val_f1=0.4247 | test_acc=38.48% test_f1=0.4193
Epoch 002 | train_loss=1.0027 | val_acc=55.43% val_f1=0.5774 | test_acc=59.83% test_f1=0.6370
Epoch 003 | train_loss=0.9389 | val_acc=70.86% val_f1=0.6921 | test_acc=79.78% test_f1=0.7931
Epoch 004 | train_loss=0.8381 | val_acc=75.43% val_f1=0.7242 | test_acc=91.57% test_f1=0.8933
Epoch 005 | train_loss=0.7232 | val_acc=81.14% val_f1=0.7773 | test_acc=93.82% test_f1=0.9177
Epoch 006 | train_loss=0.6404 | val_acc=84.57% val_f1=0.8133 | test_acc=96.35% test_f1=0.9471
Epoch 007 | train_loss=0.5390 | val_acc=87.43% val_f1=0.8536 | test_acc=92.13% test_f1=0.8877
Epoch 008 | train_loss=0.4221 | val_acc=90.29% val_f1=0.8861 | test_acc=93.26% test_f1=0.9067
Epoch 009 | train_loss=0.3467 | val_acc=89.14% val_f1=0.8722 | test_acc=91.85% test_f1=0.8897
Epoch 010 | train_loss=0.2664 | val_acc=92.00% val_f1=0.9033 | test_acc=85.67% test_f1=0.7934
Epoch 011 | train_loss=0.2125 | val_acc=93.71% val_f1=0.9189 | test_acc=90.73% test_f1=0.8787
Epoch 012 | train_loss=0.1900 | val_acc=94.86% val_f1=0.9351 | test_acc=87.64% test_f1=0.8303
Epoch 013 | train_loss=0.1486 | val_acc=94.86% val_f1=0.9351 | test_acc=89.04% test_f1=0.8528
Epoch 014 | train_loss=0.1346 | val_acc=95.43% val_f1=0.9431 | test_acc=90.45% test_f1=0.8748
Epoch 015 | train_loss=0.1210 | val_acc=97.14% val_f1=0.9647 | test_acc=87.64% test_f1=0.8301
Epoch 016 | train_loss=0.0831 | val_acc=97.71% val_f1=0.9701 | test_acc=89.33% test_f1=0.8609
Epoch 017 | train_loss=0.0790 | val_acc=97.71% val_f1=0.9701 | test_acc=87.92% test_f1=0.8435
Epoch 018 | train_loss=0.0602 | val_acc=97.71% val_f1=0.9701 | test_acc=84.27% test_f1=0.7912
Epoch 019 | train_loss=0.0918 | val_acc=97.71% val_f1=0.9700 | test_acc=89.04% test_f1=0.8607
Epoch 020 | train_loss=0.0520 | val_acc=97.71% val_f1=0.9701 | test_acc=87.08% test_f1=0.8303
Epoch 021 | train_loss=0.0482 | val_acc=98.29% val_f1=0.9755 | test_acc=83.99% test_f1=0.7878
Epoch 022 | train_loss=0.0478 | val_acc=99.43% val_f1=0.9919 | test_acc=85.11% test_f1=0.8095
Epoch 023 | train_loss=0.0424 | val_acc=98.29% val_f1=0.9755 | test_acc=83.15% test_f1=0.7763
Epoch 024 | train_loss=0.0513 | val_acc=97.71% val_f1=0.9701 | test_acc=86.52% test_f1=0.8214
Epoch 025 | train_loss=0.0302 | val_acc=97.71% val_f1=0.9701 | test_acc=87.36% test_f1=0.8336
Epoch 026 | train_loss=0.0418 | val_acc=97.71% val_f1=0.9701 | test_acc=86.52% test_f1=0.8214
Epoch 027 | train_loss=0.0274 | val_acc=100.00% val_f1=1.0000 | test_acc=86.24% test_f1=0.8213
Epoch 028 | train_loss=0.0334 | val_acc=98.29% val_f1=0.9755 | test_acc=82.58% test_f1=0.7693
Epoch 029 | train_loss=0.0236 | val_acc=98.86% val_f1=0.9837 | test_acc=83.99% test_f1=0.7899
Epoch 030 | train_loss=0.0222 | val_acc=100.00% val_f1=1.0000 | test_acc=84.83% test_f1=0.8031
Epoch 031 | train_loss=0.0225 | val_acc=99.43% val_f1=0.9919 | test_acc=82.58% test_f1=0.7720
Epoch 032 | train_loss=0.0247 | val_acc=100.00% val_f1=1.0000 | test_acc=83.99% test_f1=0.7908
Epoch 033 | train_loss=0.0143 | val_acc=100.00% val_f1=1.0000 | test_acc=85.39% test_f1=0.8091
Epoch 034 | train_loss=0.0221 | val_acc=100.00% val_f1=1.0000 | test_acc=85.11% test_f1=0.8066
Epoch 035 | train_loss=0.0195 | val_acc=99.43% val_f1=0.9919 | test_acc=82.58% test_f1=0.7683
Epoch 036 | train_loss=0.0188 | val_acc=100.00% val_f1=1.0000 | test_acc=83.71% test_f1=0.7872
Epoch 037 | train_loss=0.0291 | val_acc=100.00% val_f1=1.0000 | test_acc=83.71% test_f1=0.7872
Epoch 038 | train_loss=0.0248 | val_acc=100.00% val_f1=1.0000 | test_acc=83.15% test_f1=0.7774
Epoch 039 | train_loss=0.0277 | val_acc=100.00% val_f1=1.0000 | test_acc=83.71% test_f1=0.7854
Epoch 040 | train_loss=0.0178 | val_acc=100.00% val_f1=1.0000 | test_acc=84.55% test_f1=0.7978
Epoch 041 | train_loss=0.0125 | val_acc=100.00% val_f1=1.0000 | test_acc=83.71% test_f1=0.7854
Epoch 042 | train_loss=0.0164 | val_acc=100.00% val_f1=1.0000 | test_acc=83.15% test_f1=0.7774
Epoch 043 | train_loss=0.0176 | val_acc=100.00% val_f1=1.0000 | test_acc=83.99% test_f1=0.7889
Early stopping at epoch 43 (best=27, score=1.000000)
================================================================================
Best epoch: 27
Best score (val_macro_f1): 1.000000
Final test accuracy: 86.24%
Saved to: ablation_experiments/h1/results/comparison_18d_baselines/gru/gru_weld_seam_windows_ws5_tf75_pg0_h1_h64_l2_uni_do0.3_ep80_lr0.0003_wd1e-05_bs128_seed100
================================================================================
Comparison baseline | model=gru
================================================================================
Dataset: /home/huang_kai/wind_turbine_phm/PHOENIX-main/autoencoder_benchmark/Data/processed_data/weld_seam_windows_ws5_tf75_pg0_h1.npz
Device: cuda
Train/Val/Test: 990 / 175 / 356
Epoch 001 | train_loss=1.0463 | val_acc=45.71% val_f1=0.4776 | test_acc=39.04% test_f1=0.4231
Epoch 002 | train_loss=0.9600 | val_acc=36.00% val_f1=0.3623 | test_acc=41.57% test_f1=0.4418
Epoch 003 | train_loss=0.8185 | val_acc=33.14% val_f1=0.3310 | test_acc=39.04% test_f1=0.4121
Epoch 004 | train_loss=0.6864 | val_acc=62.29% val_f1=0.6309 | test_acc=84.55% test_f1=0.8469
Epoch 005 | train_loss=0.5475 | val_acc=87.43% val_f1=0.8602 | test_acc=95.79% test_f1=0.9404
Epoch 006 | train_loss=0.4067 | val_acc=89.71% val_f1=0.8904 | test_acc=92.13% test_f1=0.8808
Epoch 007 | train_loss=0.2737 | val_acc=91.43% val_f1=0.9116 | test_acc=95.22% test_f1=0.9297
Epoch 008 | train_loss=0.1919 | val_acc=96.57% val_f1=0.9654 | test_acc=89.04% test_f1=0.8453
Epoch 009 | train_loss=0.1189 | val_acc=98.29% val_f1=0.9826 | test_acc=89.89% test_f1=0.8673
Epoch 010 | train_loss=0.0821 | val_acc=98.29% val_f1=0.9826 | test_acc=88.76% test_f1=0.8521
Epoch 011 | train_loss=0.0799 | val_acc=98.86% val_f1=0.9883 | test_acc=90.45% test_f1=0.8800
Epoch 012 | train_loss=0.0686 | val_acc=100.00% val_f1=1.0000 | test_acc=82.87% test_f1=0.7600
Epoch 013 | train_loss=0.0606 | val_acc=99.43% val_f1=0.9919 | test_acc=89.61% test_f1=0.8692
Epoch 014 | train_loss=0.0387 | val_acc=100.00% val_f1=1.0000 | test_acc=84.27% test_f1=0.7973
Epoch 015 | train_loss=0.0467 | val_acc=99.43% val_f1=0.9919 | test_acc=85.67% test_f1=0.8168
Epoch 016 | train_loss=0.0397 | val_acc=99.43% val_f1=0.9919 | test_acc=85.67% test_f1=0.8161
Epoch 017 | train_loss=0.0334 | val_acc=99.43% val_f1=0.9919 | test_acc=80.34% test_f1=0.7412
Epoch 018 | train_loss=0.0227 | val_acc=100.00% val_f1=1.0000 | test_acc=78.37% test_f1=0.7014
Epoch 019 | train_loss=0.0209 | val_acc=100.00% val_f1=1.0000 | test_acc=81.46% test_f1=0.7541
Epoch 020 | train_loss=0.0146 | val_acc=99.43% val_f1=0.9919 | test_acc=82.87% test_f1=0.7748
Epoch 021 | train_loss=0.0205 | val_acc=100.00% val_f1=1.0000 | test_acc=79.49% test_f1=0.7184
Epoch 022 | train_loss=0.0223 | val_acc=99.43% val_f1=0.9919 | test_acc=81.74% test_f1=0.7614
Epoch 023 | train_loss=0.0277 | val_acc=99.43% val_f1=0.9919 | test_acc=82.58% test_f1=0.7727
Epoch 024 | train_loss=0.0097 | val_acc=100.00% val_f1=1.0000 | test_acc=78.65% test_f1=0.7080
Epoch 025 | train_loss=0.0207 | val_acc=99.43% val_f1=0.9919 | test_acc=83.99% test_f1=0.7954
Epoch 026 | train_loss=0.0166 | val_acc=100.00% val_f1=1.0000 | test_acc=75.84% test_f1=0.6716
Epoch 027 | train_loss=0.0204 | val_acc=100.00% val_f1=1.0000 | test_acc=79.49% test_f1=0.7285
Epoch 028 | train_loss=0.0183 | val_acc=99.43% val_f1=0.9919 | test_acc=82.87% test_f1=0.7764
Early stopping at epoch 28 (best=12, score=1.000000)
================================================================================
Best epoch: 12
Best score (val_macro_f1): 1.000000
Final test accuracy: 82.87%
Saved to: ablation_experiments/h1/results/comparison_18d_baselines/gru/gru_weld_seam_windows_ws5_tf75_pg0_h1_h64_l3_uni_do0.2_ep80_lr0.0005_wd1e-05_bs128_seed183
================================================================================
Comparison baseline | model=gru
================================================================================
Dataset: /home/huang_kai/wind_turbine_phm/PHOENIX-main/autoencoder_benchmark/Data/processed_data/weld_seam_windows_ws5_tf75_pg0_h1.npz
Device: cuda
Train/Val/Test: 990 / 175 / 356
Epoch 001 | train_loss=1.0701 | val_acc=24.00% val_f1=0.1290 | test_acc=23.31% test_f1=0.1260
Epoch 002 | train_loss=1.0417 | val_acc=24.00% val_f1=0.1290 | test_acc=23.31% test_f1=0.1260
Epoch 003 | train_loss=0.9977 | val_acc=46.86% val_f1=0.4944 | test_acc=42.42% test_f1=0.4657
Epoch 004 | train_loss=0.9093 | val_acc=63.43% val_f1=0.6483 | test_acc=82.30% test_f1=0.8355
Epoch 005 | train_loss=0.7950 | val_acc=78.86% val_f1=0.7384 | test_acc=96.63% test_f1=0.9526
Epoch 006 | train_loss=0.6799 | val_acc=85.71% val_f1=0.8194 | test_acc=97.19% test_f1=0.9618
Epoch 007 | train_loss=0.5553 | val_acc=91.43% val_f1=0.8878 | test_acc=94.10% test_f1=0.9285
Epoch 008 | train_loss=0.4455 | val_acc=92.57% val_f1=0.9012 | test_acc=94.38% test_f1=0.9283
Epoch 009 | train_loss=0.3532 | val_acc=96.00% val_f1=0.9590 | test_acc=91.29% test_f1=0.8800
Epoch 010 | train_loss=0.2484 | val_acc=94.29% val_f1=0.9434 | test_acc=91.57% test_f1=0.8784
Epoch 011 | train_loss=0.2015 | val_acc=95.43% val_f1=0.9538 | test_acc=91.29% test_f1=0.8800
Epoch 012 | train_loss=0.1523 | val_acc=97.14% val_f1=0.9673 | test_acc=89.04% test_f1=0.8528
Epoch 013 | train_loss=0.1095 | val_acc=98.29% val_f1=0.9782 | test_acc=88.76% test_f1=0.8496
Epoch 014 | train_loss=0.1015 | val_acc=96.00% val_f1=0.9590 | test_acc=91.01% test_f1=0.8822
Epoch 015 | train_loss=0.0782 | val_acc=96.57% val_f1=0.9619 | test_acc=83.71% test_f1=0.7634
Epoch 016 | train_loss=0.0652 | val_acc=99.43% val_f1=0.9943 | test_acc=89.89% test_f1=0.8716
Epoch 017 | train_loss=0.0572 | val_acc=98.29% val_f1=0.9782 | test_acc=82.30% test_f1=0.7458
Epoch 018 | train_loss=0.0537 | val_acc=97.71% val_f1=0.9724 | test_acc=85.11% test_f1=0.8025
Epoch 019 | train_loss=0.0472 | val_acc=98.29% val_f1=0.9804 | test_acc=85.96% test_f1=0.8124
Epoch 020 | train_loss=0.0482 | val_acc=98.86% val_f1=0.9862 | test_acc=86.52% test_f1=0.8189
Epoch 021 | train_loss=0.0408 | val_acc=98.29% val_f1=0.9804 | test_acc=84.55% test_f1=0.7957
Epoch 022 | train_loss=0.0583 | val_acc=98.86% val_f1=0.9885 | test_acc=84.55% test_f1=0.7995
Epoch 023 | train_loss=0.0366 | val_acc=98.29% val_f1=0.9782 | test_acc=81.74% test_f1=0.7453
Epoch 024 | train_loss=0.0503 | val_acc=99.43% val_f1=0.9943 | test_acc=85.39% test_f1=0.8081
Epoch 025 | train_loss=0.0359 | val_acc=98.86% val_f1=0.9862 | test_acc=84.83% test_f1=0.7953
Epoch 026 | train_loss=0.0336 | val_acc=98.86% val_f1=0.9862 | test_acc=83.43% test_f1=0.7731
Epoch 027 | train_loss=0.0261 | val_acc=98.86% val_f1=0.9862 | test_acc=82.58% test_f1=0.7602
Epoch 028 | train_loss=0.0165 | val_acc=98.86% val_f1=0.9862 | test_acc=83.71% test_f1=0.7794
Epoch 029 | train_loss=0.0512 | val_acc=99.43% val_f1=0.9943 | test_acc=86.80% test_f1=0.8247
Epoch 030 | train_loss=0.0287 | val_acc=98.86% val_f1=0.9862 | test_acc=81.46% test_f1=0.7402
Epoch 031 | train_loss=0.0275 | val_acc=98.29% val_f1=0.9804 | test_acc=82.02% test_f1=0.7612
Epoch 032 | train_loss=0.0215 | val_acc=99.43% val_f1=0.9943 | test_acc=83.43% test_f1=0.7809
Early stopping at epoch 32 (best=16, score=0.994277)
================================================================================
Best epoch: 16
Best score (val_macro_f1): 0.994277
Final test accuracy: 89.89%
Saved to: ablation_experiments/h1/results/comparison_18d_baselines/gru/gru_weld_seam_windows_ws5_tf75_pg0_h1_h128_l3_uni_do0.3_ep80_lr0.0002_wd0.0005_bs128_seed14
================================================================================
Comparison baseline | model=gru
================================================================================
Dataset: /home/huang_kai/wind_turbine_phm/PHOENIX-main/autoencoder_benchmark/Data/processed_data/weld_seam_windows_ws5_tf75_pg0_h1.npz
Device: cuda
Train/Val/Test: 990 / 175 / 356
Epoch 001 | train_loss=1.0988 | val_acc=26.86% val_f1=0.1661 | test_acc=32.30% test_f1=0.2299
Epoch 002 | train_loss=1.0893 | val_acc=24.00% val_f1=0.1290 | test_acc=25.84% test_f1=0.1581
Epoch 003 | train_loss=1.0822 | val_acc=24.00% val_f1=0.1290 | test_acc=26.12% test_f1=0.1615
Epoch 004 | train_loss=1.0731 | val_acc=24.57% val_f1=0.1367 | test_acc=29.21% test_f1=0.1972
Epoch 005 | train_loss=1.0593 | val_acc=28.57% val_f1=0.2221 | test_acc=34.27% test_f1=0.2494
Epoch 006 | train_loss=1.0483 | val_acc=49.71% val_f1=0.5411 | test_acc=42.42% test_f1=0.3215
Epoch 007 | train_loss=1.0365 | val_acc=63.43% val_f1=0.6809 | test_acc=66.85% test_f1=0.6979
Epoch 008 | train_loss=1.0098 | val_acc=60.57% val_f1=0.6240 | test_acc=83.15% test_f1=0.8465
Epoch 009 | train_loss=0.9846 | val_acc=60.57% val_f1=0.6044 | test_acc=87.92% test_f1=0.8850
Epoch 010 | train_loss=0.9603 | val_acc=63.43% val_f1=0.6222 | test_acc=92.42% test_f1=0.9158
Epoch 011 | train_loss=0.9188 | val_acc=69.71% val_f1=0.6621 | test_acc=92.13% test_f1=0.8977
Epoch 012 | train_loss=0.9042 | val_acc=72.57% val_f1=0.6677 | test_acc=93.26% test_f1=0.9053
Epoch 013 | train_loss=0.8763 | val_acc=75.43% val_f1=0.6932 | test_acc=93.82% test_f1=0.9102
Epoch 014 | train_loss=0.8253 | val_acc=78.29% val_f1=0.7246 | test_acc=94.10% test_f1=0.9130
Epoch 015 | train_loss=0.8074 | val_acc=80.00% val_f1=0.7378 | test_acc=94.38% test_f1=0.9173
Epoch 016 | train_loss=0.7412 | val_acc=81.71% val_f1=0.7514 | test_acc=94.38% test_f1=0.9173
Epoch 017 | train_loss=0.7580 | val_acc=83.43% val_f1=0.7706 | test_acc=93.82% test_f1=0.9130
Epoch 018 | train_loss=0.7095 | val_acc=84.00% val_f1=0.7761 | test_acc=91.01% test_f1=0.8793
Epoch 019 | train_loss=0.6931 | val_acc=85.14% val_f1=0.7860 | test_acc=89.61% test_f1=0.8639
Epoch 020 | train_loss=0.6700 | val_acc=85.14% val_f1=0.7860 | test_acc=85.67% test_f1=0.8016
Epoch 021 | train_loss=0.6741 | val_acc=87.43% val_f1=0.8202 | test_acc=83.99% test_f1=0.7735
Epoch 022 | train_loss=0.6170 | val_acc=88.57% val_f1=0.8399 | test_acc=83.71% test_f1=0.7708
Epoch 023 | train_loss=0.6187 | val_acc=91.43% val_f1=0.8832 | test_acc=84.27% test_f1=0.7871
Epoch 024 | train_loss=0.5782 | val_acc=92.00% val_f1=0.8881 | test_acc=85.96% test_f1=0.8174
Epoch 025 | train_loss=0.5584 | val_acc=92.57% val_f1=0.8998 | test_acc=88.48% test_f1=0.8568
Epoch 026 | train_loss=0.5343 | val_acc=93.14% val_f1=0.9083 | test_acc=89.89% test_f1=0.8736
Epoch 027 | train_loss=0.4912 | val_acc=96.00% val_f1=0.9502 | test_acc=91.57% test_f1=0.8946
Epoch 028 | train_loss=0.4701 | val_acc=96.57% val_f1=0.9589 | test_acc=92.42% test_f1=0.9023
Epoch 029 | train_loss=0.4382 | val_acc=97.14% val_f1=0.9670 | test_acc=92.42% test_f1=0.9000
Epoch 030 | train_loss=0.4058 | val_acc=97.14% val_f1=0.9697 | test_acc=91.57% test_f1=0.8872
Epoch 031 | train_loss=0.3714 | val_acc=97.14% val_f1=0.9697 | test_acc=91.01% test_f1=0.8797
Epoch 032 | train_loss=0.3766 | val_acc=96.57% val_f1=0.9619 | test_acc=91.01% test_f1=0.8797
Epoch 033 | train_loss=0.3333 | val_acc=96.00% val_f1=0.9566 | test_acc=90.73% test_f1=0.8753
Epoch 034 | train_loss=0.3139 | val_acc=96.00% val_f1=0.9566 | test_acc=89.04% test_f1=0.8485
Epoch 035 | train_loss=0.3033 | val_acc=96.00% val_f1=0.9566 | test_acc=86.80% test_f1=0.8107
Epoch 036 | train_loss=0.2810 | val_acc=94.86% val_f1=0.9462 | test_acc=87.08% test_f1=0.8098
Epoch 037 | train_loss=0.2528 | val_acc=94.86% val_f1=0.9462 | test_acc=87.92% test_f1=0.8245
Epoch 038 | train_loss=0.2520 | val_acc=94.86% val_f1=0.9462 | test_acc=91.29% test_f1=0.8800
Epoch 039 | train_loss=0.2396 | val_acc=95.43% val_f1=0.9514 | test_acc=92.13% test_f1=0.8932
Epoch 040 | train_loss=0.2148 | val_acc=95.43% val_f1=0.9514 | test_acc=90.73% test_f1=0.8711
Epoch 041 | train_loss=0.2187 | val_acc=96.00% val_f1=0.9566 | test_acc=87.08% test_f1=0.8137
Epoch 042 | train_loss=0.2144 | val_acc=96.00% val_f1=0.9566 | test_acc=87.36% test_f1=0.8204
Epoch 043 | train_loss=0.1823 | val_acc=96.57% val_f1=0.9619 | test_acc=89.04% test_f1=0.8485
Epoch 044 | train_loss=0.1776 | val_acc=96.57% val_f1=0.9619 | test_acc=89.89% test_f1=0.8620
Epoch 045 | train_loss=0.1837 | val_acc=96.57% val_f1=0.9619 | test_acc=89.61% test_f1=0.8590
Epoch 046 | train_loss=0.1786 | val_acc=96.57% val_f1=0.9619 | test_acc=89.33% test_f1=0.8545
Early stopping at epoch 46 (best=30, score=0.969728)
================================================================================
Best epoch: 30
Best score (val_macro_f1): 0.969728
Final test accuracy: 91.57%
Saved to: ablation_experiments/h1/results/comparison_18d_baselines/gru/gru_weld_seam_windows_ws5_tf75_pg0_h1_h64_l3_uni_do0.3_ep80_lr0.0001_wd0.0001_bs128_seed14
================================================================================
Comparison baseline | model=gru
================================================================================
Dataset: /home/huang_kai/wind_turbine_phm/PHOENIX-main/autoencoder_benchmark/Data/processed_data/weld_seam_windows_ws5_tf75_pg0_h1.npz
Device: cuda
Train/Val/Test: 990 / 175 / 356
Epoch 001 | train_loss=1.1036 | val_acc=32.57% val_f1=0.2377 | test_acc=41.29% test_f1=0.3167
Epoch 002 | train_loss=1.0910 | val_acc=28.00% val_f1=0.1883 | test_acc=38.76% test_f1=0.2959
Epoch 003 | train_loss=1.0935 | val_acc=27.43% val_f1=0.1816 | test_acc=39.89% test_f1=0.3053
Epoch 004 | train_loss=1.0789 | val_acc=28.57% val_f1=0.1948 | test_acc=44.94% test_f1=0.3451
Epoch 005 | train_loss=1.0708 | val_acc=30.29% val_f1=0.2138 | test_acc=50.28% test_f1=0.3836
Epoch 006 | train_loss=1.0592 | val_acc=36.57% val_f1=0.2764 | test_acc=53.65% test_f1=0.4066
Epoch 007 | train_loss=1.0452 | val_acc=45.14% val_f1=0.3485 | test_acc=54.49% test_f1=0.4122
Epoch 008 | train_loss=1.0224 | val_acc=49.71% val_f1=0.3825 | test_acc=55.62% test_f1=0.4196
Epoch 009 | train_loss=1.0000 | val_acc=57.14% val_f1=0.4335 | test_acc=61.24% test_f1=0.4553
Epoch 010 | train_loss=0.9874 | val_acc=64.00% val_f1=0.4774 | test_acc=70.22% test_f1=0.6114
Epoch 011 | train_loss=0.9382 | val_acc=69.14% val_f1=0.5239 | test_acc=83.99% test_f1=0.8054
Epoch 012 | train_loss=0.9078 | val_acc=70.29% val_f1=0.5349 | test_acc=88.48% test_f1=0.8495
Epoch 013 | train_loss=0.8663 | val_acc=72.57% val_f1=0.5732 | test_acc=88.20% test_f1=0.8420
Epoch 014 | train_loss=0.8331 | val_acc=73.71% val_f1=0.6015 | test_acc=88.76% test_f1=0.8429
Epoch 015 | train_loss=0.7989 | val_acc=76.57% val_f1=0.6557 | test_acc=89.04% test_f1=0.8431
Epoch 016 | train_loss=0.7875 | val_acc=78.29% val_f1=0.6752 | test_acc=88.76% test_f1=0.8374
Epoch 017 | train_loss=0.7475 | val_acc=81.14% val_f1=0.7304 | test_acc=88.48% test_f1=0.8358
Epoch 018 | train_loss=0.7020 | val_acc=81.71% val_f1=0.7355 | test_acc=89.04% test_f1=0.8491
Epoch 019 | train_loss=0.6956 | val_acc=82.29% val_f1=0.7460 | test_acc=89.89% test_f1=0.8646
Epoch 020 | train_loss=0.6500 | val_acc=84.57% val_f1=0.7810 | test_acc=89.89% test_f1=0.8657
Epoch 021 | train_loss=0.6701 | val_acc=87.43% val_f1=0.8195 | test_acc=90.73% test_f1=0.8810
Epoch 022 | train_loss=0.6426 | val_acc=89.71% val_f1=0.8562 | test_acc=91.85% test_f1=0.9010
Epoch 023 | train_loss=0.5940 | val_acc=90.29% val_f1=0.8651 | test_acc=92.98% test_f1=0.9163
Epoch 024 | train_loss=0.5655 | val_acc=92.00% val_f1=0.8898 | test_acc=94.10% test_f1=0.9293
Epoch 025 | train_loss=0.5595 | val_acc=93.14% val_f1=0.9067 | test_acc=94.66% test_f1=0.9367
Epoch 026 | train_loss=0.5071 | val_acc=93.71% val_f1=0.9178 | test_acc=94.10% test_f1=0.9284
Epoch 027 | train_loss=0.4738 | val_acc=93.14% val_f1=0.9124 | test_acc=93.54% test_f1=0.9191
Epoch 028 | train_loss=0.4571 | val_acc=93.71% val_f1=0.9234 | test_acc=92.98% test_f1=0.9097
Epoch 029 | train_loss=0.4440 | val_acc=96.00% val_f1=0.9558 | test_acc=92.13% test_f1=0.8958
Epoch 030 | train_loss=0.4060 | val_acc=96.00% val_f1=0.9558 | test_acc=92.13% test_f1=0.8958
Epoch 031 | train_loss=0.3751 | val_acc=96.57% val_f1=0.9613 | test_acc=91.85% test_f1=0.8928
Epoch 032 | train_loss=0.3674 | val_acc=96.57% val_f1=0.9613 | test_acc=91.85% test_f1=0.8928
Epoch 033 | train_loss=0.3182 | val_acc=96.57% val_f1=0.9613 | test_acc=91.29% test_f1=0.8841
Epoch 034 | train_loss=0.3287 | val_acc=97.14% val_f1=0.9694 | test_acc=89.61% test_f1=0.8575
Epoch 035 | train_loss=0.3114 | val_acc=97.14% val_f1=0.9694 | test_acc=89.33% test_f1=0.8530
Epoch 036 | train_loss=0.2939 | val_acc=97.14% val_f1=0.9694 | test_acc=90.17% test_f1=0.8665
Epoch 037 | train_loss=0.2750 | val_acc=97.14% val_f1=0.9694 | test_acc=90.17% test_f1=0.8665
Epoch 038 | train_loss=0.2624 | val_acc=97.71% val_f1=0.9775 | test_acc=88.76% test_f1=0.8483
Epoch 039 | train_loss=0.2458 | val_acc=97.71% val_f1=0.9775 | test_acc=88.76% test_f1=0.8496
Epoch 040 | train_loss=0.2510 | val_acc=97.71% val_f1=0.9775 | test_acc=87.92% test_f1=0.8361
Epoch 041 | train_loss=0.2229 | val_acc=97.71% val_f1=0.9775 | test_acc=88.20% test_f1=0.8407
Epoch 042 | train_loss=0.2202 | val_acc=97.71% val_f1=0.9775 | test_acc=89.04% test_f1=0.8541
Epoch 043 | train_loss=0.2259 | val_acc=97.71% val_f1=0.9775 | test_acc=87.92% test_f1=0.8361
Epoch 044 | train_loss=0.2107 | val_acc=98.29% val_f1=0.9830 | test_acc=87.36% test_f1=0.8269
Epoch 045 | train_loss=0.1947 | val_acc=98.29% val_f1=0.9830 | test_acc=87.36% test_f1=0.8269
Epoch 046 | train_loss=0.1827 | val_acc=98.29% val_f1=0.9830 | test_acc=88.20% test_f1=0.8407
Epoch 047 | train_loss=0.1850 | val_acc=98.29% val_f1=0.9830 | test_acc=87.92% test_f1=0.8375
Epoch 048 | train_loss=0.1720 | val_acc=98.29% val_f1=0.9830 | test_acc=87.36% test_f1=0.8284
Epoch 049 | train_loss=0.1635 | val_acc=98.29% val_f1=0.9830 | test_acc=87.36% test_f1=0.8284
Epoch 050 | train_loss=0.1773 | val_acc=98.29% val_f1=0.9830 | test_acc=87.92% test_f1=0.8375
Epoch 051 | train_loss=0.1828 | val_acc=98.29% val_f1=0.9830 | test_acc=87.92% test_f1=0.8375
Epoch 052 | train_loss=0.1421 | val_acc=98.29% val_f1=0.9830 | test_acc=87.08% test_f1=0.8238
Epoch 053 | train_loss=0.1716 | val_acc=98.29% val_f1=0.9830 | test_acc=87.36% test_f1=0.8284
Epoch 054 | train_loss=0.1345 | val_acc=98.29% val_f1=0.9830 | test_acc=87.36% test_f1=0.8284
Epoch 055 | train_loss=0.1558 | val_acc=98.29% val_f1=0.9830 | test_acc=87.36% test_f1=0.8284
Epoch 056 | train_loss=0.1419 | val_acc=98.29% val_f1=0.9830 | test_acc=87.92% test_f1=0.8375
Epoch 057 | train_loss=0.1321 | val_acc=98.29% val_f1=0.9830 | test_acc=87.36% test_f1=0.8298
Epoch 058 | train_loss=0.1456 | val_acc=98.29% val_f1=0.9830 | test_acc=86.80% test_f1=0.8207
Epoch 059 | train_loss=0.1455 | val_acc=98.29% val_f1=0.9830 | test_acc=86.52% test_f1=0.8160
Epoch 060 | train_loss=0.1471 | val_acc=98.29% val_f1=0.9830 | test_acc=86.52% test_f1=0.8160
Early stopping at epoch 60 (best=44, score=0.983041)
================================================================================
Best epoch: 44
Best score (val_macro_f1): 0.983041
Final test accuracy: 87.36%
Saved to: ablation_experiments/h1/results/comparison_18d_baselines/gru/gru_weld_seam_windows_ws5_tf75_pg0_h1_h64_l3_uni_do0.3_ep80_lr0.0001_wd0.0001_bs128_seed77
================================================================================
Comparison baseline | model=gru
================================================================================
Dataset: /home/huang_kai/wind_turbine_phm/PHOENIX-main/autoencoder_benchmark/Data/processed_data/weld_seam_windows_ws5_tf75_pg0_h1.npz
Device: cuda
Train/Val/Test: 990 / 175 / 356
Epoch 001 | train_loss=1.1348 | val_acc=53.14% val_f1=0.2313 | test_acc=54.78% test_f1=0.2359
Epoch 002 | train_loss=1.1223 | val_acc=53.14% val_f1=0.2313 | test_acc=54.78% test_f1=0.2359
Epoch 003 | train_loss=1.1161 | val_acc=53.14% val_f1=0.2313 | test_acc=54.78% test_f1=0.2359
Epoch 004 | train_loss=1.1064 | val_acc=74.29% val_f1=0.5727 | test_acc=62.92% test_f1=0.4297
Epoch 005 | train_loss=1.0978 | val_acc=76.00% val_f1=0.5660 | test_acc=76.69% test_f1=0.6022
Epoch 006 | train_loss=1.0845 | val_acc=75.43% val_f1=0.5497 | test_acc=76.69% test_f1=0.5619
Epoch 007 | train_loss=1.0741 | val_acc=73.71% val_f1=0.5376 | test_acc=76.69% test_f1=0.5527
Epoch 008 | train_loss=1.0519 | val_acc=71.43% val_f1=0.5235 | test_acc=76.69% test_f1=0.5510
Epoch 009 | train_loss=1.0407 | val_acc=70.29% val_f1=0.5164 | test_acc=76.69% test_f1=0.5510
Epoch 010 | train_loss=1.0196 | val_acc=69.71% val_f1=0.5129 | test_acc=76.69% test_f1=0.5510
Epoch 011 | train_loss=0.9829 | val_acc=67.43% val_f1=0.5061 | test_acc=78.65% test_f1=0.6094
Epoch 012 | train_loss=0.9598 | val_acc=69.71% val_f1=0.5554 | test_acc=82.87% test_f1=0.7132
Epoch 013 | train_loss=0.9056 | val_acc=73.71% val_f1=0.6280 | test_acc=85.67% test_f1=0.7708
Epoch 014 | train_loss=0.9009 | val_acc=74.86% val_f1=0.6515 | test_acc=87.92% test_f1=0.8119
Epoch 015 | train_loss=0.8414 | val_acc=77.14% val_f1=0.6880 | test_acc=90.73% test_f1=0.8597
Epoch 016 | train_loss=0.7952 | val_acc=78.29% val_f1=0.7026 | test_acc=91.57% test_f1=0.8740
Epoch 017 | train_loss=0.7633 | val_acc=80.00% val_f1=0.7326 | test_acc=92.70% test_f1=0.8920
Epoch 018 | train_loss=0.7272 | val_acc=81.71% val_f1=0.7611 | test_acc=93.82% test_f1=0.9095
Epoch 019 | train_loss=0.7259 | val_acc=83.43% val_f1=0.7883 | test_acc=95.22% test_f1=0.9310
Epoch 020 | train_loss=0.7001 | val_acc=84.57% val_f1=0.8058 | test_acc=96.07% test_f1=0.9438
Epoch 021 | train_loss=0.6364 | val_acc=85.14% val_f1=0.8144 | test_acc=96.63% test_f1=0.9522
Epoch 022 | train_loss=0.6278 | val_acc=86.86% val_f1=0.8364 | test_acc=96.91% test_f1=0.9565
Epoch 023 | train_loss=0.5867 | val_acc=89.71% val_f1=0.8748 | test_acc=96.35% test_f1=0.9514
Epoch 024 | train_loss=0.5701 | val_acc=90.29% val_f1=0.8830 | test_acc=96.07% test_f1=0.9472
Epoch 025 | train_loss=0.5500 | val_acc=90.29% val_f1=0.8830 | test_acc=95.22% test_f1=0.9338
Epoch 026 | train_loss=0.5108 | val_acc=89.14% val_f1=0.8715 | test_acc=94.94% test_f1=0.9308
Epoch 027 | train_loss=0.4910 | val_acc=89.71% val_f1=0.8772 | test_acc=93.82% test_f1=0.9151
Epoch 028 | train_loss=0.4503 | val_acc=90.86% val_f1=0.8932 | test_acc=93.54% test_f1=0.9122
Epoch 029 | train_loss=0.4417 | val_acc=90.86% val_f1=0.8932 | test_acc=93.54% test_f1=0.9123
Epoch 030 | train_loss=0.4023 | val_acc=90.86% val_f1=0.8932 | test_acc=93.26% test_f1=0.9080
Epoch 031 | train_loss=0.3837 | val_acc=90.86% val_f1=0.8932 | test_acc=92.98% test_f1=0.9037
Epoch 032 | train_loss=0.3714 | val_acc=90.86% val_f1=0.8932 | test_acc=93.82% test_f1=0.9165
Epoch 033 | train_loss=0.3559 | val_acc=90.86% val_f1=0.8932 | test_acc=94.10% test_f1=0.9208
Epoch 034 | train_loss=0.3346 | val_acc=90.86% val_f1=0.8932 | test_acc=92.42% test_f1=0.8976
Epoch 035 | train_loss=0.3015 | val_acc=90.86% val_f1=0.8932 | test_acc=91.57% test_f1=0.8872
Epoch 036 | train_loss=0.2897 | val_acc=92.57% val_f1=0.9173 | test_acc=89.61% test_f1=0.8560
Epoch 037 | train_loss=0.2805 | val_acc=92.57% val_f1=0.9173 | test_acc=90.73% test_f1=0.8753
Epoch 038 | train_loss=0.2638 | val_acc=92.00% val_f1=0.9093 | test_acc=91.57% test_f1=0.8884
Epoch 039 | train_loss=0.2728 | val_acc=92.57% val_f1=0.9143 | test_acc=91.29% test_f1=0.8841
Epoch 040 | train_loss=0.2542 | val_acc=93.71% val_f1=0.9304 | test_acc=90.73% test_f1=0.8766
Epoch 041 | train_loss=0.2483 | val_acc=94.29% val_f1=0.9385 | test_acc=90.73% test_f1=0.8766
Epoch 042 | train_loss=0.2251 | val_acc=94.29% val_f1=0.9385 | test_acc=89.89% test_f1=0.8648
Epoch 043 | train_loss=0.2152 | val_acc=94.29% val_f1=0.9385 | test_acc=90.45% test_f1=0.8735
Epoch 044 | train_loss=0.2132 | val_acc=94.29% val_f1=0.9385 | test_acc=90.45% test_f1=0.8735
Epoch 045 | train_loss=0.2100 | val_acc=94.29% val_f1=0.9385 | test_acc=91.01% test_f1=0.8822
Epoch 046 | train_loss=0.2179 | val_acc=94.29% val_f1=0.9385 | test_acc=91.29% test_f1=0.8865
Epoch 047 | train_loss=0.1784 | val_acc=94.29% val_f1=0.9385 | test_acc=91.29% test_f1=0.8865
Epoch 048 | train_loss=0.2053 | val_acc=94.29% val_f1=0.9385 | test_acc=90.45% test_f1=0.8735
Epoch 049 | train_loss=0.1931 | val_acc=94.29% val_f1=0.9385 | test_acc=89.04% test_f1=0.8528
Epoch 050 | train_loss=0.1801 | val_acc=94.86% val_f1=0.9436 | test_acc=89.33% test_f1=0.8572
Epoch 051 | train_loss=0.1714 | val_acc=94.86% val_f1=0.9436 | test_acc=90.17% test_f1=0.8704
Epoch 052 | train_loss=0.1823 | val_acc=95.43% val_f1=0.9488 | test_acc=90.45% test_f1=0.8759
Epoch 053 | train_loss=0.1773 | val_acc=96.00% val_f1=0.9540 | test_acc=90.45% test_f1=0.8759
Epoch 054 | train_loss=0.1708 | val_acc=96.00% val_f1=0.9540 | test_acc=89.89% test_f1=0.8684
Epoch 055 | train_loss=0.1626 | val_acc=96.00% val_f1=0.9540 | test_acc=89.89% test_f1=0.8684
Epoch 056 | train_loss=0.1684 | val_acc=96.00% val_f1=0.9540 | test_acc=89.89% test_f1=0.8684
Epoch 057 | train_loss=0.1722 | val_acc=96.00% val_f1=0.9540 | test_acc=89.89% test_f1=0.8684
Epoch 058 | train_loss=0.1566 | val_acc=96.00% val_f1=0.9540 | test_acc=89.89% test_f1=0.8684
Epoch 059 | train_loss=0.1587 | val_acc=96.00% val_f1=0.9540 | test_acc=89.89% test_f1=0.8684
Epoch 060 | train_loss=0.1476 | val_acc=96.57% val_f1=0.9593 | test_acc=89.89% test_f1=0.8684
Epoch 061 | train_loss=0.1725 | val_acc=96.57% val_f1=0.9593 | test_acc=89.89% test_f1=0.8684
Epoch 062 | train_loss=0.1441 | val_acc=96.57% val_f1=0.9593 | test_acc=89.89% test_f1=0.8684
Epoch 063 | train_loss=0.1506 | val_acc=96.57% val_f1=0.9593 | test_acc=89.89% test_f1=0.8684
Epoch 064 | train_loss=0.1644 | val_acc=96.00% val_f1=0.9540 | test_acc=89.89% test_f1=0.8684
Epoch 065 | train_loss=0.1658 | val_acc=96.00% val_f1=0.9540 | test_acc=89.89% test_f1=0.8684
Epoch 066 | train_loss=0.1381 | val_acc=96.00% val_f1=0.9540 | test_acc=89.89% test_f1=0.8684
Epoch 067 | train_loss=0.1709 | val_acc=96.00% val_f1=0.9540 | test_acc=89.89% test_f1=0.8684
Epoch 068 | train_loss=0.1531 | val_acc=96.00% val_f1=0.9540 | test_acc=89.89% test_f1=0.8684
Epoch 069 | train_loss=0.1568 | val_acc=96.00% val_f1=0.9540 | test_acc=90.45% test_f1=0.8770
Epoch 070 | train_loss=0.1697 | val_acc=96.00% val_f1=0.9540 | test_acc=90.45% test_f1=0.8770
Epoch 071 | train_loss=0.1630 | val_acc=96.00% val_f1=0.9540 | test_acc=90.45% test_f1=0.8770
Epoch 072 | train_loss=0.1433 | val_acc=96.00% val_f1=0.9540 | test_acc=90.17% test_f1=0.8727
Epoch 073 | train_loss=0.1617 | val_acc=96.00% val_f1=0.9540 | test_acc=90.17% test_f1=0.8727
Epoch 074 | train_loss=0.1531 | val_acc=96.00% val_f1=0.9540 | test_acc=90.17% test_f1=0.8727
Epoch 075 | train_loss=0.1355 | val_acc=96.00% val_f1=0.9540 | test_acc=90.17% test_f1=0.8727
Epoch 076 | train_loss=0.1511 | val_acc=96.00% val_f1=0.9540 | test_acc=90.17% test_f1=0.8727
Early stopping at epoch 76 (best=60, score=0.959326)
================================================================================
Best epoch: 60
Best score (val_macro_f1): 0.959326
Final test accuracy: 89.89%
Saved to: ablation_experiments/h1/results/comparison_18d_baselines/gru/gru_weld_seam_windows_ws5_tf75_pg0_h1_h64_l3_uni_do0.3_ep80_lr0.0001_wd0.0001_bs128_seed100
================================================================================
Comparison baseline | model=gru
================================================================================
Dataset: /home/huang_kai/wind_turbine_phm/PHOENIX-main/autoencoder_benchmark/Data/processed_data/weld_seam_windows_ws5_tf75_pg0_h1.npz
Device: cuda
Train/Val/Test: 990 / 175 / 356
Epoch 001 | train_loss=1.0956 | val_acc=22.86% val_f1=0.1240 | test_acc=21.91% test_f1=0.1198
Epoch 002 | train_loss=1.0946 | val_acc=22.86% val_f1=0.1240 | test_acc=21.91% test_f1=0.1198
Epoch 003 | train_loss=1.0893 | val_acc=22.86% val_f1=0.1240 | test_acc=21.91% test_f1=0.1198
Epoch 004 | train_loss=1.0832 | val_acc=22.86% val_f1=0.1240 | test_acc=21.91% test_f1=0.1198
Epoch 005 | train_loss=1.0760 | val_acc=22.86% val_f1=0.1240 | test_acc=21.91% test_f1=0.1198
Epoch 006 | train_loss=1.0693 | val_acc=22.86% val_f1=0.1240 | test_acc=23.03% test_f1=0.1343
Epoch 007 | train_loss=1.0432 | val_acc=23.43% val_f1=0.1317 | test_acc=24.16% test_f1=0.1483
Epoch 008 | train_loss=1.0402 | val_acc=25.14% val_f1=0.1539 | test_acc=37.36% test_f1=0.2839
Epoch 009 | train_loss=1.0193 | val_acc=34.86% val_f1=0.2617 | test_acc=51.69% test_f1=0.3998
Epoch 010 | train_loss=1.0033 | val_acc=48.57% val_f1=0.4098 | test_acc=69.66% test_f1=0.6494
Epoch 011 | train_loss=0.9710 | val_acc=58.86% val_f1=0.5314 | test_acc=82.87% test_f1=0.7938
Epoch 012 | train_loss=0.9379 | val_acc=70.86% val_f1=0.6479 | test_acc=88.76% test_f1=0.8508
Epoch 013 | train_loss=0.9102 | val_acc=73.71% val_f1=0.6798 | test_acc=91.01% test_f1=0.8740
Epoch 014 | train_loss=0.8603 | val_acc=76.00% val_f1=0.6923 | test_acc=93.26% test_f1=0.9000
Epoch 015 | train_loss=0.8223 | val_acc=79.43% val_f1=0.7298 | test_acc=93.82% test_f1=0.9087
Epoch 016 | train_loss=0.7902 | val_acc=80.57% val_f1=0.7340 | test_acc=95.22% test_f1=0.9301
Epoch 017 | train_loss=0.7423 | val_acc=82.29% val_f1=0.7589 | test_acc=96.63% test_f1=0.9512
Epoch 018 | train_loss=0.7143 | val_acc=84.00% val_f1=0.7739 | test_acc=96.63% test_f1=0.9533
Epoch 019 | train_loss=0.6697 | val_acc=86.29% val_f1=0.8130 | test_acc=96.07% test_f1=0.9480
Epoch 020 | train_loss=0.6402 | val_acc=88.57% val_f1=0.8490 | test_acc=96.07% test_f1=0.9514
Epoch 021 | train_loss=0.6148 | val_acc=89.14% val_f1=0.8579 | test_acc=96.35% test_f1=0.9558
Epoch 022 | train_loss=0.5820 | val_acc=89.71% val_f1=0.8628 | test_acc=96.35% test_f1=0.9551
Epoch 023 | train_loss=0.5533 | val_acc=89.71% val_f1=0.8601 | test_acc=96.63% test_f1=0.9582
Epoch 024 | train_loss=0.5201 | val_acc=89.71% val_f1=0.8601 | test_acc=96.63% test_f1=0.9585
Epoch 025 | train_loss=0.4911 | val_acc=92.00% val_f1=0.8952 | test_acc=94.38% test_f1=0.9262
Epoch 026 | train_loss=0.4490 | val_acc=92.57% val_f1=0.9038 | test_acc=93.82% test_f1=0.9202
Epoch 027 | train_loss=0.4251 | val_acc=93.14% val_f1=0.9124 | test_acc=94.10% test_f1=0.9233
Epoch 028 | train_loss=0.3945 | val_acc=93.14% val_f1=0.9124 | test_acc=94.66% test_f1=0.9280
Epoch 029 | train_loss=0.3863 | val_acc=94.29% val_f1=0.9293 | test_acc=93.82% test_f1=0.9124
Epoch 030 | train_loss=0.3532 | val_acc=94.29% val_f1=0.9303 | test_acc=93.26% test_f1=0.9051
Epoch 031 | train_loss=0.3580 | val_acc=94.29% val_f1=0.9303 | test_acc=92.42% test_f1=0.8934
Epoch 032 | train_loss=0.3156 | val_acc=94.29% val_f1=0.9303 | test_acc=92.13% test_f1=0.8889
Epoch 033 | train_loss=0.3334 | val_acc=93.71% val_f1=0.9249 | test_acc=92.70% test_f1=0.8978
Epoch 034 | train_loss=0.2684 | val_acc=94.29% val_f1=0.9332 | test_acc=91.85% test_f1=0.8845
Epoch 035 | train_loss=0.2810 | val_acc=94.29% val_f1=0.9332 | test_acc=91.85% test_f1=0.8845
Epoch 036 | train_loss=0.2594 | val_acc=94.29% val_f1=0.9332 | test_acc=91.85% test_f1=0.8845
Epoch 037 | train_loss=0.2305 | val_acc=94.86% val_f1=0.9415 | test_acc=91.57% test_f1=0.8815
Epoch 038 | train_loss=0.2486 | val_acc=96.57% val_f1=0.9612 | test_acc=91.85% test_f1=0.8860
Epoch 039 | train_loss=0.2426 | val_acc=97.14% val_f1=0.9694 | test_acc=91.29% test_f1=0.8771
Epoch 040 | train_loss=0.2248 | val_acc=97.14% val_f1=0.9694 | test_acc=90.73% test_f1=0.8680
Epoch 041 | train_loss=0.2041 | val_acc=97.14% val_f1=0.9694 | test_acc=91.57% test_f1=0.8830
Epoch 042 | train_loss=0.1884 | val_acc=97.14% val_f1=0.9694 | test_acc=91.57% test_f1=0.8844
Epoch 043 | train_loss=0.1890 | val_acc=97.14% val_f1=0.9694 | test_acc=91.29% test_f1=0.8800
Epoch 044 | train_loss=0.1876 | val_acc=97.14% val_f1=0.9694 | test_acc=91.57% test_f1=0.8844
Epoch 045 | train_loss=0.1648 | val_acc=97.14% val_f1=0.9694 | test_acc=91.57% test_f1=0.8844
Epoch 046 | train_loss=0.1810 | val_acc=97.71% val_f1=0.9749 | test_acc=91.01% test_f1=0.8784
Epoch 047 | train_loss=0.1967 | val_acc=97.14% val_f1=0.9667 | test_acc=91.01% test_f1=0.8784
Epoch 048 | train_loss=0.1820 | val_acc=98.29% val_f1=0.9804 | test_acc=90.73% test_f1=0.8753
Epoch 049 | train_loss=0.1667 | val_acc=98.29% val_f1=0.9804 | test_acc=90.73% test_f1=0.8753
Epoch 050 | train_loss=0.1675 | val_acc=98.29% val_f1=0.9804 | test_acc=89.33% test_f1=0.8572
Epoch 051 | train_loss=0.1676 | val_acc=98.29% val_f1=0.9804 | test_acc=89.04% test_f1=0.8528
Epoch 052 | train_loss=0.1440 | val_acc=97.71% val_f1=0.9724 | test_acc=88.76% test_f1=0.8454
Epoch 053 | train_loss=0.1372 | val_acc=98.29% val_f1=0.9804 | test_acc=89.61% test_f1=0.8590
Epoch 054 | train_loss=0.1561 | val_acc=98.29% val_f1=0.9804 | test_acc=89.89% test_f1=0.8634
Epoch 055 | train_loss=0.1459 | val_acc=98.29% val_f1=0.9804 | test_acc=90.45% test_f1=0.8723
Epoch 056 | train_loss=0.1375 | val_acc=98.86% val_f1=0.9861 | test_acc=89.61% test_f1=0.8603
Epoch 057 | train_loss=0.1419 | val_acc=98.86% val_f1=0.9861 | test_acc=89.33% test_f1=0.8572
Epoch 058 | train_loss=0.1289 | val_acc=98.86% val_f1=0.9861 | test_acc=89.33% test_f1=0.8572
Epoch 059 | train_loss=0.1407 | val_acc=98.86% val_f1=0.9861 | test_acc=89.33% test_f1=0.8572
Epoch 060 | train_loss=0.1476 | val_acc=98.86% val_f1=0.9861 | test_acc=89.61% test_f1=0.8616
Epoch 061 | train_loss=0.1273 | val_acc=98.86% val_f1=0.9861 | test_acc=89.04% test_f1=0.8541
Epoch 062 | train_loss=0.1295 | val_acc=98.86% val_f1=0.9861 | test_acc=89.89% test_f1=0.8660
Epoch 063 | train_loss=0.1345 | val_acc=98.86% val_f1=0.9861 | test_acc=89.89% test_f1=0.8660
Epoch 064 | train_loss=0.1258 | val_acc=98.86% val_f1=0.9861 | test_acc=89.89% test_f1=0.8660
Epoch 065 | train_loss=0.1378 | val_acc=98.86% val_f1=0.9861 | test_acc=90.45% test_f1=0.8723
Epoch 066 | train_loss=0.1293 | val_acc=98.86% val_f1=0.9861 | test_acc=90.45% test_f1=0.8723
Epoch 067 | train_loss=0.1329 | val_acc=98.86% val_f1=0.9861 | test_acc=90.45% test_f1=0.8723
Epoch 068 | train_loss=0.1134 | val_acc=98.86% val_f1=0.9861 | test_acc=90.45% test_f1=0.8723
Epoch 069 | train_loss=0.1189 | val_acc=98.86% val_f1=0.9861 | test_acc=90.45% test_f1=0.8723
Epoch 070 | train_loss=0.1135 | val_acc=98.86% val_f1=0.9861 | test_acc=90.45% test_f1=0.8723
Epoch 071 | train_loss=0.1394 | val_acc=98.86% val_f1=0.9861 | test_acc=90.45% test_f1=0.8723
Epoch 072 | train_loss=0.1333 | val_acc=98.86% val_f1=0.9861 | test_acc=90.45% test_f1=0.8723
Early stopping at epoch 72 (best=56, score=0.986062)
================================================================================
Best epoch: 56
Best score (val_macro_f1): 0.986062
Final test accuracy: 89.61%
Saved to: ablation_experiments/h1/results/comparison_18d_baselines/gru/gru_weld_seam_windows_ws5_tf75_pg0_h1_h64_l3_uni_do0.3_ep80_lr0.0001_wd0.0001_bs128_seed122
================================================================================
Comparison baseline | model=gru
================================================================================
Dataset: /home/huang_kai/wind_turbine_phm/PHOENIX-main/autoencoder_benchmark/Data/processed_data/weld_seam_windows_ws5_tf75_pg0_h1.npz
Device: cuda
Train/Val/Test: 990 / 175 / 356
Epoch 001 | train_loss=1.1124 | val_acc=53.14% val_f1=0.2313 | test_acc=54.78% test_f1=0.2359
Epoch 002 | train_loss=1.0994 | val_acc=57.71% val_f1=0.3542 | test_acc=54.78% test_f1=0.2372
Epoch 003 | train_loss=1.0869 | val_acc=76.00% val_f1=0.6301 | test_acc=73.31% test_f1=0.5726
Epoch 004 | train_loss=1.0725 | val_acc=81.71% val_f1=0.7080 | test_acc=76.69% test_f1=0.5994
Epoch 005 | train_loss=1.0543 | val_acc=78.29% val_f1=0.6407 | test_acc=77.81% test_f1=0.6188
Epoch 006 | train_loss=1.0374 | val_acc=77.71% val_f1=0.6555 | test_acc=85.96% test_f1=0.7894
Epoch 007 | train_loss=1.0052 | val_acc=76.00% val_f1=0.6520 | test_acc=89.04% test_f1=0.8393
Epoch 008 | train_loss=0.9899 | val_acc=73.71% val_f1=0.6291 | test_acc=90.17% test_f1=0.8574
Epoch 009 | train_loss=0.9540 | val_acc=72.00% val_f1=0.6016 | test_acc=90.73% test_f1=0.8657
Epoch 010 | train_loss=0.9176 | val_acc=72.00% val_f1=0.6016 | test_acc=90.45% test_f1=0.8608
Epoch 011 | train_loss=0.8871 | val_acc=72.57% val_f1=0.6049 | test_acc=90.45% test_f1=0.8603
Epoch 012 | train_loss=0.8366 | val_acc=73.14% val_f1=0.6082 | test_acc=89.04% test_f1=0.8408
Epoch 013 | train_loss=0.8140 | val_acc=74.29% val_f1=0.6155 | test_acc=88.20% test_f1=0.8263
Epoch 014 | train_loss=0.7862 | val_acc=77.14% val_f1=0.6599 | test_acc=85.96% test_f1=0.7894
Epoch 015 | train_loss=0.7588 | val_acc=78.29% val_f1=0.6680 | test_acc=82.87% test_f1=0.7339
Epoch 016 | train_loss=0.7724 | val_acc=80.57% val_f1=0.6929 | test_acc=80.62% test_f1=0.6858
Epoch 017 | train_loss=0.7105 | val_acc=81.14% val_f1=0.7057 | test_acc=80.06% test_f1=0.6755
Epoch 018 | train_loss=0.7095 | val_acc=81.71% val_f1=0.7184 | test_acc=81.46% test_f1=0.7145
Epoch 019 | train_loss=0.6927 | val_acc=82.86% val_f1=0.7416 | test_acc=81.18% test_f1=0.7094
Epoch 020 | train_loss=0.6777 | val_acc=83.43% val_f1=0.7528 | test_acc=81.74% test_f1=0.7242
Epoch 021 | train_loss=0.6306 | val_acc=83.43% val_f1=0.7528 | test_acc=82.02% test_f1=0.7315
Epoch 022 | train_loss=0.6433 | val_acc=84.57% val_f1=0.7737 | test_acc=82.87% test_f1=0.7528
Epoch 023 | train_loss=0.6169 | val_acc=87.43% val_f1=0.8222 | test_acc=83.71% test_f1=0.7749
Epoch 024 | train_loss=0.5966 | val_acc=88.00% val_f1=0.8317 | test_acc=83.15% test_f1=0.7678
Epoch 025 | train_loss=0.5609 | val_acc=90.29% val_f1=0.8670 | test_acc=83.15% test_f1=0.7678
Epoch 026 | train_loss=0.5410 | val_acc=90.86% val_f1=0.8758 | test_acc=85.11% test_f1=0.8047
Epoch 027 | train_loss=0.5291 | val_acc=90.86% val_f1=0.8753 | test_acc=87.36% test_f1=0.8418
Epoch 028 | train_loss=0.5043 | val_acc=92.57% val_f1=0.9013 | test_acc=89.04% test_f1=0.8661
Epoch 029 | train_loss=0.4705 | val_acc=93.71% val_f1=0.9184 | test_acc=91.57% test_f1=0.9004
Epoch 030 | train_loss=0.4529 | val_acc=93.71% val_f1=0.9184 | test_acc=92.70% test_f1=0.9142
Epoch 031 | train_loss=0.4161 | val_acc=94.29% val_f1=0.9268 | test_acc=92.98% test_f1=0.9159
Epoch 032 | train_loss=0.4301 | val_acc=94.86% val_f1=0.9381 | test_acc=93.54% test_f1=0.9214
Epoch 033 | train_loss=0.3824 | val_acc=96.00% val_f1=0.9547 | test_acc=93.54% test_f1=0.9194
Epoch 034 | train_loss=0.3494 | val_acc=97.14% val_f1=0.9686 | test_acc=92.42% test_f1=0.9025
Epoch 035 | train_loss=0.3501 | val_acc=97.14% val_f1=0.9686 | test_acc=92.13% test_f1=0.8982
Epoch 036 | train_loss=0.3440 | val_acc=96.57% val_f1=0.9631 | test_acc=92.13% test_f1=0.8971
Epoch 037 | train_loss=0.3094 | val_acc=97.14% val_f1=0.9714 | test_acc=91.85% test_f1=0.8928
Epoch 038 | train_loss=0.2857 | val_acc=97.14% val_f1=0.9714 | test_acc=91.85% test_f1=0.8940
Epoch 039 | train_loss=0.2728 | val_acc=97.14% val_f1=0.9714 | test_acc=91.29% test_f1=0.8865
Epoch 040 | train_loss=0.2674 | val_acc=97.71% val_f1=0.9770 | test_acc=91.01% test_f1=0.8822
Epoch 041 | train_loss=0.2664 | val_acc=97.14% val_f1=0.9714 | test_acc=92.13% test_f1=0.8971
Epoch 042 | train_loss=0.2447 | val_acc=97.14% val_f1=0.9714 | test_acc=92.42% test_f1=0.9013
Epoch 043 | train_loss=0.2230 | val_acc=97.14% val_f1=0.9714 | test_acc=92.13% test_f1=0.8971
Epoch 044 | train_loss=0.2448 | val_acc=97.14% val_f1=0.9714 | test_acc=91.29% test_f1=0.8853
Epoch 045 | train_loss=0.2376 | val_acc=97.14% val_f1=0.9714 | test_acc=91.01% test_f1=0.8810
Epoch 046 | train_loss=0.2172 | val_acc=97.14% val_f1=0.9714 | test_acc=91.29% test_f1=0.8853
Epoch 047 | train_loss=0.2109 | val_acc=97.14% val_f1=0.9714 | test_acc=91.01% test_f1=0.8810
Epoch 048 | train_loss=0.2072 | val_acc=97.14% val_f1=0.9714 | test_acc=91.01% test_f1=0.8810
Epoch 049 | train_loss=0.2017 | val_acc=97.14% val_f1=0.9714 | test_acc=91.85% test_f1=0.8940
Epoch 050 | train_loss=0.2124 | val_acc=97.14% val_f1=0.9714 | test_acc=92.13% test_f1=0.8982
Epoch 051 | train_loss=0.1874 | val_acc=97.14% val_f1=0.9714 | test_acc=92.13% test_f1=0.8982
Epoch 052 | train_loss=0.2062 | val_acc=97.14% val_f1=0.9714 | test_acc=91.85% test_f1=0.8951
Epoch 053 | train_loss=0.1859 | val_acc=97.14% val_f1=0.9714 | test_acc=91.85% test_f1=0.8951
Epoch 054 | train_loss=0.1984 | val_acc=97.14% val_f1=0.9714 | test_acc=91.85% test_f1=0.8951
Epoch 055 | train_loss=0.1859 | val_acc=97.14% val_f1=0.9714 | test_acc=91.57% test_f1=0.8908
Epoch 056 | train_loss=0.1830 | val_acc=97.14% val_f1=0.9714 | test_acc=91.01% test_f1=0.8834
Early stopping at epoch 56 (best=40, score=0.976959)
================================================================================
Best epoch: 40
Best score (val_macro_f1): 0.976959
Final test accuracy: 91.01%
Saved to: ablation_experiments/h1/results/comparison_18d_baselines/gru/gru_weld_seam_windows_ws5_tf75_pg0_h1_h64_l3_uni_do0.3_ep80_lr0.0001_wd0.0001_bs128_seed183
================================================================================
Comparison baseline | model=gru
================================================================================
Dataset: /home/huang_kai/wind_turbine_phm/PHOENIX-main/autoencoder_benchmark/Data/processed_data/weld_seam_windows_ws5_tf75_pg0_h1.npz
Device: cuda
Train/Val/Test: 990 / 175 / 356
Epoch 001 | train_loss=1.1099 | val_acc=66.29% val_f1=0.4952 | test_acc=61.80% test_f1=0.4198
Epoch 002 | train_loss=1.0797 | val_acc=89.71% val_f1=0.8907 | test_acc=76.40% test_f1=0.6748
Epoch 003 | train_loss=1.0550 | val_acc=90.29% val_f1=0.8874 | test_acc=85.96% test_f1=0.8117
Epoch 004 | train_loss=1.0314 | val_acc=89.14% val_f1=0.8738 | test_acc=91.85% test_f1=0.8873
Epoch 005 | train_loss=1.0046 | val_acc=88.57% val_f1=0.8688 | test_acc=95.22% test_f1=0.9335
Epoch 006 | train_loss=0.9777 | val_acc=88.57% val_f1=0.8705 | test_acc=96.07% test_f1=0.9439
Epoch 007 | train_loss=0.9474 | val_acc=88.00% val_f1=0.8625 | test_acc=95.79% test_f1=0.9397
Epoch 008 | train_loss=0.9197 | val_acc=86.29% val_f1=0.8380 | test_acc=96.07% test_f1=0.9438
Epoch 009 | train_loss=0.8899 | val_acc=85.71% val_f1=0.8298 | test_acc=96.35% test_f1=0.9470
Epoch 010 | train_loss=0.8647 | val_acc=85.71% val_f1=0.8298 | test_acc=96.35% test_f1=0.9470
Epoch 011 | train_loss=0.8255 | val_acc=85.14% val_f1=0.8215 | test_acc=96.35% test_f1=0.9470
Epoch 012 | train_loss=0.7976 | val_acc=84.57% val_f1=0.8131 | test_acc=96.35% test_f1=0.9470
Epoch 013 | train_loss=0.7766 | val_acc=85.14% val_f1=0.8215 | test_acc=96.07% test_f1=0.9438
Epoch 014 | train_loss=0.7245 | val_acc=85.14% val_f1=0.8215 | test_acc=96.63% test_f1=0.9522
Epoch 015 | train_loss=0.7031 | val_acc=86.29% val_f1=0.8314 | test_acc=96.35% test_f1=0.9491
Epoch 016 | train_loss=0.6722 | val_acc=86.86% val_f1=0.8397 | test_acc=96.35% test_f1=0.9501
Epoch 017 | train_loss=0.6322 | val_acc=87.43% val_f1=0.8482 | test_acc=96.35% test_f1=0.9501
Epoch 018 | train_loss=0.6124 | val_acc=87.43% val_f1=0.8482 | test_acc=96.35% test_f1=0.9503
Early stopping at epoch 18 (best=2, score=0.890670)
================================================================================
Best epoch: 2
Best score (val_macro_f1): 0.890670
Final test accuracy: 76.40%
Saved to: ablation_experiments/h1/results/comparison_18d_baselines/gru/gru_weld_seam_windows_ws5_tf75_pg0_h1_h64_l1_uni_do0.1_ep80_lr0.0001_wd0.0002_bs128_seed14
================================================================================
Comparison baseline | model=gru
================================================================================
Dataset: /home/huang_kai/wind_turbine_phm/PHOENIX-main/autoencoder_benchmark/Data/processed_data/weld_seam_windows_ws5_tf75_pg0_h1.npz
Device: cuda
Train/Val/Test: 990 / 175 / 356
Epoch 001 | train_loss=1.1121 | val_acc=41.71% val_f1=0.2575 | test_acc=49.44% test_f1=0.2594
Epoch 002 | train_loss=1.0863 | val_acc=63.43% val_f1=0.5515 | test_acc=73.03% test_f1=0.6350
Epoch 003 | train_loss=1.0676 | val_acc=70.29% val_f1=0.6165 | test_acc=88.76% test_f1=0.8438
Epoch 004 | train_loss=1.0410 | val_acc=78.29% val_f1=0.7149 | test_acc=90.45% test_f1=0.8659
Epoch 005 | train_loss=1.0161 | val_acc=80.00% val_f1=0.7428 | test_acc=91.01% test_f1=0.8739
Epoch 006 | train_loss=0.9969 | val_acc=81.71% val_f1=0.7700 | test_acc=92.13% test_f1=0.8880
Epoch 007 | train_loss=0.9705 | val_acc=81.71% val_f1=0.7742 | test_acc=92.70% test_f1=0.8968
Epoch 008 | train_loss=0.9477 | val_acc=82.29% val_f1=0.7829 | test_acc=92.98% test_f1=0.9012
Epoch 009 | train_loss=0.9228 | val_acc=82.29% val_f1=0.7829 | test_acc=92.98% test_f1=0.9012
Epoch 010 | train_loss=0.8934 | val_acc=82.29% val_f1=0.7829 | test_acc=93.54% test_f1=0.9091
Epoch 011 | train_loss=0.8666 | val_acc=82.86% val_f1=0.7915 | test_acc=93.82% test_f1=0.9134
Epoch 012 | train_loss=0.8410 | val_acc=82.29% val_f1=0.7869 | test_acc=94.38% test_f1=0.9221
Epoch 013 | train_loss=0.7951 | val_acc=82.29% val_f1=0.7869 | test_acc=95.22% test_f1=0.9334
Epoch 014 | train_loss=0.7676 | val_acc=82.29% val_f1=0.7869 | test_acc=95.22% test_f1=0.9334
Epoch 015 | train_loss=0.7383 | val_acc=82.29% val_f1=0.7869 | test_acc=95.22% test_f1=0.9334
Epoch 016 | train_loss=0.7155 | val_acc=83.43% val_f1=0.8001 | test_acc=95.51% test_f1=0.9363
Epoch 017 | train_loss=0.6731 | val_acc=84.00% val_f1=0.8085 | test_acc=95.22% test_f1=0.9322
Epoch 018 | train_loss=0.6336 | val_acc=84.00% val_f1=0.8085 | test_acc=95.51% test_f1=0.9364
Epoch 019 | train_loss=0.6356 | val_acc=84.57% val_f1=0.8169 | test_acc=95.22% test_f1=0.9323
Epoch 020 | train_loss=0.5852 | val_acc=85.14% val_f1=0.8252 | test_acc=94.10% test_f1=0.9159
Epoch 021 | train_loss=0.5539 | val_acc=85.14% val_f1=0.8252 | test_acc=93.82% test_f1=0.9137
Epoch 022 | train_loss=0.5446 | val_acc=85.14% val_f1=0.8252 | test_acc=93.82% test_f1=0.9139
Epoch 023 | train_loss=0.4938 | val_acc=86.29% val_f1=0.8383 | test_acc=93.54% test_f1=0.9106
Epoch 024 | train_loss=0.4806 | val_acc=87.43% val_f1=0.8547 | test_acc=93.82% test_f1=0.9149
Epoch 025 | train_loss=0.4647 | val_acc=87.43% val_f1=0.8547 | test_acc=93.26% test_f1=0.9066
Epoch 026 | train_loss=0.4270 | val_acc=86.86% val_f1=0.8487 | test_acc=92.42% test_f1=0.8940
Epoch 027 | train_loss=0.4240 | val_acc=87.43% val_f1=0.8544 | test_acc=92.42% test_f1=0.8940
Epoch 028 | train_loss=0.3943 | val_acc=88.00% val_f1=0.8624 | test_acc=91.29% test_f1=0.8771
Epoch 029 | train_loss=0.3954 | val_acc=88.00% val_f1=0.8624 | test_acc=92.70% test_f1=0.8983
Epoch 030 | train_loss=0.3997 | val_acc=89.14% val_f1=0.8753 | test_acc=92.13% test_f1=0.8909
Epoch 031 | train_loss=0.3693 | val_acc=89.14% val_f1=0.8753 | test_acc=90.45% test_f1=0.8652
Epoch 032 | train_loss=0.3375 | val_acc=89.14% val_f1=0.8753 | test_acc=90.17% test_f1=0.8620
Epoch 033 | train_loss=0.3441 | val_acc=89.71% val_f1=0.8833 | test_acc=90.45% test_f1=0.8675
Epoch 034 | train_loss=0.3097 | val_acc=90.29% val_f1=0.8883 | test_acc=91.29% test_f1=0.8804
Epoch 035 | train_loss=0.3339 | val_acc=90.29% val_f1=0.8883 | test_acc=90.45% test_f1=0.8675
Epoch 036 | train_loss=0.3039 | val_acc=90.29% val_f1=0.8883 | test_acc=89.89% test_f1=0.8588
Epoch 037 | train_loss=0.3048 | val_acc=90.86% val_f1=0.8932 | test_acc=89.33% test_f1=0.8500
Epoch 038 | train_loss=0.2965 | val_acc=90.86% val_f1=0.8932 | test_acc=89.04% test_f1=0.8455
Epoch 039 | train_loss=0.2772 | val_acc=90.86% val_f1=0.8932 | test_acc=89.33% test_f1=0.8500
Epoch 040 | train_loss=0.2808 | val_acc=90.86% val_f1=0.8932 | test_acc=89.33% test_f1=0.8500
Epoch 041 | train_loss=0.2747 | val_acc=90.86% val_f1=0.8932 | test_acc=89.89% test_f1=0.8584
Epoch 042 | train_loss=0.2569 | val_acc=90.86% val_f1=0.8932 | test_acc=89.33% test_f1=0.8509
Epoch 043 | train_loss=0.2498 | val_acc=90.86% val_f1=0.8932 | test_acc=88.76% test_f1=0.8433
Epoch 044 | train_loss=0.2605 | val_acc=90.86% val_f1=0.8932 | test_acc=88.20% test_f1=0.8356
Epoch 045 | train_loss=0.2435 | val_acc=90.86% val_f1=0.8932 | test_acc=87.92% test_f1=0.8311
Epoch 046 | train_loss=0.2562 | val_acc=90.86% val_f1=0.8932 | test_acc=88.48% test_f1=0.8402
Epoch 047 | train_loss=0.2547 | val_acc=90.86% val_f1=0.8932 | test_acc=88.48% test_f1=0.8402
Epoch 048 | train_loss=0.2368 | val_acc=90.86% val_f1=0.8932 | test_acc=88.48% test_f1=0.8402
Epoch 049 | train_loss=0.2251 | val_acc=90.86% val_f1=0.8932 | test_acc=88.48% test_f1=0.8399
Epoch 050 | train_loss=0.2288 | val_acc=90.86% val_f1=0.8932 | test_acc=88.48% test_f1=0.8396
Epoch 051 | train_loss=0.2313 | val_acc=90.86% val_f1=0.8932 | test_acc=87.92% test_f1=0.8304
Epoch 052 | train_loss=0.2165 | val_acc=90.86% val_f1=0.8932 | test_acc=87.92% test_f1=0.8304
Epoch 053 | train_loss=0.2272 | val_acc=90.86% val_f1=0.8932 | test_acc=88.20% test_f1=0.8350
Early stopping at epoch 53 (best=37, score=0.893239)
================================================================================
Best epoch: 37
Best score (val_macro_f1): 0.893239
Final test accuracy: 89.33%
Saved to: ablation_experiments/h1/results/comparison_18d_baselines/gru/gru_weld_seam_windows_ws5_tf75_pg0_h1_h64_l1_uni_do0.1_ep80_lr0.0001_wd0.0002_bs128_seed100
================================================================================
Comparison baseline | model=gru
================================================================================
Dataset: /home/huang_kai/wind_turbine_phm/PHOENIX-main/autoencoder_benchmark/Data/processed_data/weld_seam_windows_ws5_tf75_pg0_h1.npz
Device: cuda
Train/Val/Test: 990 / 175 / 356
Epoch 001 | train_loss=1.0918 | val_acc=42.86% val_f1=0.4380 | test_acc=36.80% test_f1=0.4133
Epoch 002 | train_loss=1.0639 | val_acc=49.71% val_f1=0.5192 | test_acc=47.47% test_f1=0.5207
Epoch 003 | train_loss=1.0377 | val_acc=59.43% val_f1=0.6094 | test_acc=67.13% test_f1=0.6932
Epoch 004 | train_loss=1.0127 | val_acc=73.14% val_f1=0.7199 | test_acc=81.18% test_f1=0.8025
Epoch 005 | train_loss=0.9855 | val_acc=77.14% val_f1=0.7515 | test_acc=89.61% test_f1=0.8746
Epoch 006 | train_loss=0.9554 | val_acc=78.29% val_f1=0.7537 | test_acc=92.70% test_f1=0.9014
Epoch 007 | train_loss=0.9244 | val_acc=78.29% val_f1=0.7537 | test_acc=93.54% test_f1=0.9111
Epoch 008 | train_loss=0.9015 | val_acc=80.00% val_f1=0.7675 | test_acc=94.94% test_f1=0.9264
Epoch 009 | train_loss=0.8699 | val_acc=80.57% val_f1=0.7722 | test_acc=94.94% test_f1=0.9264
Epoch 010 | train_loss=0.8240 | val_acc=81.14% val_f1=0.7770 | test_acc=94.94% test_f1=0.9259
Epoch 011 | train_loss=0.7939 | val_acc=81.14% val_f1=0.7770 | test_acc=94.94% test_f1=0.9259
Epoch 012 | train_loss=0.7763 | val_acc=82.29% val_f1=0.7865 | test_acc=95.22% test_f1=0.9301
Epoch 013 | train_loss=0.7260 | val_acc=83.43% val_f1=0.7999 | test_acc=95.51% test_f1=0.9344
Epoch 014 | train_loss=0.7088 | val_acc=84.00% val_f1=0.8048 | test_acc=95.79% test_f1=0.9386
Epoch 015 | train_loss=0.6521 | val_acc=84.00% val_f1=0.8048 | test_acc=95.79% test_f1=0.9386
Epoch 016 | train_loss=0.6867 | val_acc=84.00% val_f1=0.8032 | test_acc=96.07% test_f1=0.9428
Epoch 017 | train_loss=0.6377 | val_acc=85.71% val_f1=0.8220 | test_acc=96.07% test_f1=0.9428
Epoch 018 | train_loss=0.6103 | val_acc=86.86% val_f1=0.8320 | test_acc=97.19% test_f1=0.9596
Epoch 019 | train_loss=0.5737 | val_acc=86.86% val_f1=0.8320 | test_acc=96.91% test_f1=0.9575
Epoch 020 | train_loss=0.5566 | val_acc=87.43% val_f1=0.8407 | test_acc=96.63% test_f1=0.9544
Epoch 021 | train_loss=0.5278 | val_acc=87.43% val_f1=0.8407 | test_acc=96.63% test_f1=0.9555
Epoch 022 | train_loss=0.4964 | val_acc=87.43% val_f1=0.8407 | test_acc=96.35% test_f1=0.9523
Epoch 023 | train_loss=0.4801 | val_acc=87.43% val_f1=0.8404 | test_acc=96.35% test_f1=0.9525
Epoch 024 | train_loss=0.4744 | val_acc=88.57% val_f1=0.8577 | test_acc=96.07% test_f1=0.9484
Epoch 025 | train_loss=0.4520 | val_acc=88.00% val_f1=0.8503 | test_acc=95.22% test_f1=0.9361
Epoch 026 | train_loss=0.4305 | val_acc=88.00% val_f1=0.8503 | test_acc=94.38% test_f1=0.9236
Epoch 027 | train_loss=0.4244 | val_acc=88.00% val_f1=0.8503 | test_acc=94.10% test_f1=0.9195
Epoch 028 | train_loss=0.3964 | val_acc=88.57% val_f1=0.8588 | test_acc=92.98% test_f1=0.9037
Epoch 029 | train_loss=0.3793 | val_acc=88.57% val_f1=0.8588 | test_acc=92.98% test_f1=0.9037
Epoch 030 | train_loss=0.3652 | val_acc=88.57% val_f1=0.8588 | test_acc=92.98% test_f1=0.9037
Epoch 031 | train_loss=0.3435 | val_acc=89.14% val_f1=0.8672 | test_acc=92.70% test_f1=0.8995
Epoch 032 | train_loss=0.3471 | val_acc=90.29% val_f1=0.8823 | test_acc=91.01% test_f1=0.8736
Epoch 033 | train_loss=0.3459 | val_acc=90.29% val_f1=0.8823 | test_acc=90.73% test_f1=0.8692
Epoch 034 | train_loss=0.3304 | val_acc=91.43% val_f1=0.8986 | test_acc=89.89% test_f1=0.8555
Epoch 035 | train_loss=0.3091 | val_acc=91.43% val_f1=0.8986 | test_acc=89.61% test_f1=0.8525
Epoch 036 | train_loss=0.2991 | val_acc=92.00% val_f1=0.9041 | test_acc=89.61% test_f1=0.8525
Epoch 037 | train_loss=0.2881 | val_acc=92.00% val_f1=0.9041 | test_acc=90.17% test_f1=0.8612
Epoch 038 | train_loss=0.2759 | val_acc=92.00% val_f1=0.9041 | test_acc=90.17% test_f1=0.8612
Epoch 039 | train_loss=0.2576 | val_acc=92.00% val_f1=0.9041 | test_acc=90.45% test_f1=0.8657
Epoch 040 | train_loss=0.2723 | val_acc=92.57% val_f1=0.9123 | test_acc=90.73% test_f1=0.8699
Epoch 041 | train_loss=0.2651 | val_acc=92.57% val_f1=0.9123 | test_acc=90.17% test_f1=0.8624
Epoch 042 | train_loss=0.2634 | val_acc=92.57% val_f1=0.9123 | test_acc=89.33% test_f1=0.8503
Epoch 043 | train_loss=0.2397 | val_acc=92.57% val_f1=0.9123 | test_acc=89.61% test_f1=0.8548
Epoch 044 | train_loss=0.2647 | val_acc=92.57% val_f1=0.9123 | test_acc=89.61% test_f1=0.8563
Epoch 045 | train_loss=0.2403 | val_acc=93.14% val_f1=0.9176 | test_acc=89.61% test_f1=0.8563
Epoch 046 | train_loss=0.2403 | val_acc=93.14% val_f1=0.9176 | test_acc=88.76% test_f1=0.8427
Epoch 047 | train_loss=0.2321 | val_acc=93.14% val_f1=0.9176 | test_acc=88.48% test_f1=0.8396
Epoch 048 | train_loss=0.2336 | val_acc=93.14% val_f1=0.9176 | test_acc=88.48% test_f1=0.8396
Epoch 049 | train_loss=0.2206 | val_acc=93.71% val_f1=0.9258 | test_acc=87.36% test_f1=0.8210
Epoch 050 | train_loss=0.2293 | val_acc=93.71% val_f1=0.9258 | test_acc=87.08% test_f1=0.8162
Epoch 051 | train_loss=0.2171 | val_acc=93.71% val_f1=0.9258 | test_acc=86.80% test_f1=0.8114
Epoch 052 | train_loss=0.2377 | val_acc=93.71% val_f1=0.9258 | test_acc=87.08% test_f1=0.8156
Epoch 053 | train_loss=0.2255 | val_acc=93.71% val_f1=0.9258 | test_acc=87.08% test_f1=0.8156
Epoch 054 | train_loss=0.2375 | val_acc=93.71% val_f1=0.9258 | test_acc=87.36% test_f1=0.8204
Epoch 055 | train_loss=0.2045 | val_acc=93.71% val_f1=0.9258 | test_acc=87.36% test_f1=0.8204
Epoch 056 | train_loss=0.2145 | val_acc=93.71% val_f1=0.9258 | test_acc=88.20% test_f1=0.8346
Epoch 057 | train_loss=0.1993 | val_acc=93.71% val_f1=0.9258 | test_acc=88.20% test_f1=0.8346
Epoch 058 | train_loss=0.1996 | val_acc=93.71% val_f1=0.9258 | test_acc=88.20% test_f1=0.8346
Epoch 059 | train_loss=0.2214 | val_acc=93.71% val_f1=0.9258 | test_acc=88.20% test_f1=0.8346
Epoch 060 | train_loss=0.2331 | val_acc=93.71% val_f1=0.9258 | test_acc=87.64% test_f1=0.8252
Epoch 061 | train_loss=0.1988 | val_acc=93.71% val_f1=0.9258 | test_acc=87.36% test_f1=0.8204
Epoch 062 | train_loss=0.1919 | val_acc=93.71% val_f1=0.9258 | test_acc=87.36% test_f1=0.8204
Epoch 063 | train_loss=0.1823 | val_acc=93.71% val_f1=0.9258 | test_acc=87.08% test_f1=0.8156
Epoch 064 | train_loss=0.1920 | val_acc=93.71% val_f1=0.9258 | test_acc=87.08% test_f1=0.8156
Epoch 065 | train_loss=0.2009 | val_acc=93.71% val_f1=0.9258 | test_acc=87.64% test_f1=0.8252
Early stopping at epoch 65 (best=49, score=0.925793)
================================================================================
Best epoch: 49
Best score (val_macro_f1): 0.925793
Final test accuracy: 87.36%
Saved to: ablation_experiments/h1/results/comparison_18d_baselines/gru/gru_weld_seam_windows_ws5_tf75_pg0_h1_h64_l1_uni_do0.1_ep80_lr0.0001_wd0.0002_bs128_seed122
[A] gru_weld_seam_windows_ws5_tf75_pg0_h1_h96_l2_bi_do0.2_ep80_lr0.0003_wd0.0001_bs64_seed77 | status=success test_acc=82.02% f1=0.7447
[A] gru_weld_seam_windows_ws5_tf75_pg0_h1_h64_l3_uni_do0.1_ep80_lr0.0001_wd0.0001_bs128_seed77 | status=success test_acc=88.20% f1=0.8420
[A] gru_weld_seam_windows_ws5_tf75_pg0_h1_h64_l1_bi_do0.1_ep80_lr0.0001_wd0.0002_bs64_seed122 | status=success test_acc=86.52% f1=0.8095
[A] gru_weld_seam_windows_ws5_tf75_pg0_h1_h96_l2_bi_do0.3_ep80_lr0.0001_wd0.0005_bs128_seed100 | status=success test_acc=87.36% f1=0.8269
[A] gru_weld_seam_windows_ws5_tf75_pg0_h1_h64_l3_bi_do0.1_ep80_lr0.0003_wd1e-05_bs64_seed122 | status=success test_acc=87.64% f1=0.8380
[A] gru_weld_seam_windows_ws5_tf75_pg0_h1_h96_l1_uni_do0.2_ep80_lr0.0001_wd0.0001_bs128_seed183 | status=success test_acc=87.64% f1=0.8301
[A] gru_weld_seam_windows_ws5_tf75_pg0_h1_h64_l2_bi_do0.2_ep80_lr0.0001_wd0.0001_bs64_seed122 | status=success test_acc=88.48% f1=0.8423
[A] gru_weld_seam_windows_ws5_tf75_pg0_h1_h96_l1_bi_do0.1_ep80_lr0.0002_wd0.0002_bs64_seed100 | status=success test_acc=89.04% f1=0.8528
[A] gru_weld_seam_windows_ws5_tf75_pg0_h1_h64_l3_uni_do0.1_ep80_lr0.0002_wd0.0005_bs128_seed77 | status=success test_acc=82.30% f1=0.7599
[A] gru_weld_seam_windows_ws5_tf75_pg0_h1_h96_l1_uni_do0.3_ep80_lr0.0002_wd0.0001_bs128_seed122 | status=success test_acc=86.24% f1=0.8082
[A] gru_weld_seam_windows_ws5_tf75_pg0_h1_h128_l3_uni_do0.1_ep80_lr0.0005_wd0.0001_bs64_seed14 | status=success test_acc=78.37% f1=0.7097
[A] gru_weld_seam_windows_ws5_tf75_pg0_h1_h128_l2_uni_do0.1_ep80_lr0.0002_wd0.0005_bs64_seed77 | status=success test_acc=80.62% f1=0.7366
[A] gru_weld_seam_windows_ws5_tf75_pg0_h1_h128_l3_bi_do0.2_ep80_lr0.0002_wd0.0001_bs128_seed77 | status=success test_acc=80.62% f1=0.7366
[A] gru_weld_seam_windows_ws5_tf75_pg0_h1_h96_l3_uni_do0.1_ep80_lr0.0003_wd0.0005_bs64_seed100 | status=success test_acc=85.67% f1=0.8153
[A] gru_weld_seam_windows_ws5_tf75_pg0_h1_h96_l3_uni_do0.3_ep80_lr0.0005_wd0.0001_bs128_seed183 | status=success test_acc=81.18% f1=0.7495
[A] gru_weld_seam_windows_ws5_tf75_pg0_h1_h128_l3_bi_do0.1_ep80_lr0.0002_wd0.0001_bs128_seed100 | status=success test_acc=86.24% f1=0.8193
[A] gru_weld_seam_windows_ws5_tf75_pg0_h1_h128_l3_bi_do0.2_ep80_lr0.0001_wd0.0005_bs128_seed42 | status=success test_acc=81.74% f1=0.7586
[A] gru_weld_seam_windows_ws5_tf75_pg0_h1_h96_l3_bi_do0.2_ep80_lr0.0001_wd0.0002_bs128_seed183 | status=success test_acc=83.15% f1=0.7740
[A] gru_weld_seam_windows_ws5_tf75_pg0_h1_h128_l2_bi_do0.3_ep80_lr0.0005_wd0.0005_bs64_seed14 | status=success test_acc=83.71% f1=0.7779
[A] gru_weld_seam_windows_ws5_tf75_pg0_h1_h128_l2_bi_do0.1_ep80_lr0.0003_wd0.0002_bs64_seed42 | status=success test_acc=83.71% f1=0.7820
[A] gru_weld_seam_windows_ws5_tf75_pg0_h1_h128_l1_uni_do0.2_ep80_lr0.0001_wd0.0002_bs128_seed42 | status=success test_acc=85.67% f1=0.7909
[A] gru_weld_seam_windows_ws5_tf75_pg0_h1_h96_l1_bi_do0.2_ep80_lr0.0003_wd1e-05_bs64_seed14 | status=success test_acc=83.15% f1=0.7683
[A] gru_weld_seam_windows_ws5_tf75_pg0_h1_h96_l2_uni_do0.1_ep80_lr0.0002_wd0.0002_bs64_seed100 | status=success test_acc=85.39% f1=0.8045
[A] gru_weld_seam_windows_ws5_tf75_pg0_h1_h128_l2_uni_do0.3_ep80_lr0.0002_wd0.0002_bs64_seed122 | status=success test_acc=88.76% f1=0.8509
[A] gru_weld_seam_windows_ws5_tf75_pg0_h1_h64_l3_uni_do0.3_ep80_lr0.0003_wd1e-05_bs64_seed42 | status=success test_acc=87.08% f1=0.8325
[A] gru_weld_seam_windows_ws5_tf75_pg0_h1_h64_l2_bi_do0.3_ep80_lr0.0005_wd0.0002_bs128_seed77 | status=success test_acc=81.18% f1=0.7331
[A] gru_weld_seam_windows_ws5_tf75_pg0_h1_h96_l3_uni_do0.2_ep80_lr0.0003_wd0.0005_bs64_seed14 | status=success test_acc=85.11% f1=0.8087
[A] gru_weld_seam_windows_ws5_tf75_pg0_h1_h64_l1_bi_do0.1_ep80_lr0.0005_wd0.0005_bs128_seed122 | status=success test_acc=86.24% f1=0.8181
[A] gru_weld_seam_windows_ws5_tf75_pg0_h1_h96_l2_uni_do0.1_ep80_lr0.0002_wd0.0005_bs64_seed183 | status=success test_acc=80.34% f1=0.7270
[A] gru_weld_seam_windows_ws5_tf75_pg0_h1_h64_l1_uni_do0.1_ep80_lr0.0001_wd0.0005_bs64_seed42 | status=success test_acc=88.76% f1=0.8469
[A] gru_weld_seam_windows_ws5_tf75_pg0_h1_h96_l3_bi_do0.2_ep80_lr0.0003_wd1e-05_bs128_seed183 | status=success test_acc=77.53% f1=0.6859
[A] gru_weld_seam_windows_ws5_tf75_pg0_h1_h128_l2_bi_do0.2_ep80_lr0.0001_wd1e-05_bs64_seed42 | status=success test_acc=85.39% f1=0.8058
[A] gru_weld_seam_windows_ws5_tf75_pg0_h1_h128_l2_bi_do0.1_ep80_lr0.0005_wd0.0001_bs64_seed14 | status=success test_acc=82.02% f1=0.7646
[A] gru_weld_seam_windows_ws5_tf75_pg0_h1_h64_l3_uni_do0.3_ep80_lr0.0001_wd0.0001_bs128_seed42 | status=success test_acc=90.73% f1=0.8753
[A] gru_weld_seam_windows_ws5_tf75_pg0_h1_h96_l3_bi_do0.1_ep80_lr0.0001_wd0.0005_bs128_seed100 | status=success test_acc=85.11% f1=0.7971
[A] gru_weld_seam_windows_ws5_tf75_pg0_h1_h128_l1_bi_do0.1_ep80_lr0.0002_wd1e-05_bs64_seed122 | status=success test_acc=87.08% f1=0.8325
[B] gru_weld_seam_windows_ws5_tf75_pg0_h1_h64_l1_bi_do0.1_ep80_lr0.0002_wd0.0005_bs128_seed14 | status=success test_acc=88.76% f1=0.8439
[B] gru_weld_seam_windows_ws5_tf75_pg0_h1_h128_l2_bi_do0.3_ep80_lr0.0005_wd1e-05_bs128_seed183 | status=success test_acc=80.62% f1=0.7422
[B] gru_weld_seam_windows_ws5_tf75_pg0_h1_h128_l2_uni_do0.2_ep80_lr0.0001_wd0.0005_bs128_seed183 | status=success test_acc=87.36% f1=0.8336
[B] gru_weld_seam_windows_ws5_tf75_pg0_h1_h64_l3_uni_do0.3_ep80_lr0.0001_wd0.0005_bs128_seed122 | status=success test_acc=88.76% f1=0.8496
[B] gru_weld_seam_windows_ws5_tf75_pg0_h1_h64_l1_uni_do0.1_ep80_lr0.0001_wd0.0002_bs128_seed42 | status=success test_acc=90.73% f1=0.8753
[B] gru_weld_seam_windows_ws5_tf75_pg0_h1_h128_l2_uni_do0.3_ep80_lr0.0002_wd0.0001_bs128_seed14 | status=success test_acc=85.39% f1=0.8070
[B] gru_weld_seam_windows_ws5_tf75_pg0_h1_h128_l2_bi_do0.3_ep80_lr0.0001_wd0.0002_bs128_seed42 | status=success test_acc=89.04% f1=0.8528
[B] gru_weld_seam_windows_ws5_tf75_pg0_h1_h64_l1_uni_do0.1_ep80_lr0.0003_wd1e-05_bs128_seed100 | status=success test_acc=84.27% f1=0.7912
[B] gru_weld_seam_windows_ws5_tf75_pg0_h1_h64_l1_uni_do0.1_ep80_lr0.0003_wd0.0005_bs64_seed42 | status=success test_acc=81.46% f1=0.7402
[B] gru_weld_seam_windows_ws5_tf75_pg0_h1_h64_l2_uni_do0.3_ep80_lr0.0003_wd1e-05_bs128_seed100 | status=success test_acc=86.24% f1=0.8213
[B] gru_weld_seam_windows_ws5_tf75_pg0_h1_h64_l3_uni_do0.2_ep80_lr0.0005_wd1e-05_bs128_seed183 | status=success test_acc=82.87% f1=0.7600
[B] gru_weld_seam_windows_ws5_tf75_pg0_h1_h128_l3_uni_do0.3_ep80_lr0.0002_wd0.0005_bs128_seed14 | status=success test_acc=89.89% f1=0.8716
[seed_eval] gru_weld_seam_windows_ws5_tf75_pg0_h1_h64_l3_uni_do0.3_ep80_lr0.0001_wd0.0001_bs128_seed14 | status=success test_acc=91.57% f1=0.8872
[seed_eval] gru_weld_seam_windows_ws5_tf75_pg0_h1_h64_l3_uni_do0.3_ep80_lr0.0001_wd0.0001_bs128_seed42 | status=skipped_existing test_acc=90.73% f1=0.8753
[seed_eval] gru_weld_seam_windows_ws5_tf75_pg0_h1_h64_l3_uni_do0.3_ep80_lr0.0001_wd0.0001_bs128_seed77 | status=success test_acc=87.36% f1=0.8269
[seed_eval] gru_weld_seam_windows_ws5_tf75_pg0_h1_h64_l3_uni_do0.3_ep80_lr0.0001_wd0.0001_bs128_seed100 | status=success test_acc=89.89% f1=0.8684
[seed_eval] gru_weld_seam_windows_ws5_tf75_pg0_h1_h64_l3_uni_do0.3_ep80_lr0.0001_wd0.0001_bs128_seed122 | status=success test_acc=89.61% f1=0.8603
[seed_eval] gru_weld_seam_windows_ws5_tf75_pg0_h1_h64_l3_uni_do0.3_ep80_lr0.0001_wd0.0001_bs128_seed183 | status=success test_acc=91.01% f1=0.8822
[seed_eval] gru_weld_seam_windows_ws5_tf75_pg0_h1_h64_l1_uni_do0.1_ep80_lr0.0001_wd0.0002_bs128_seed14 | status=success test_acc=76.40% f1=0.6748
[seed_eval] gru_weld_seam_windows_ws5_tf75_pg0_h1_h64_l1_uni_do0.1_ep80_lr0.0001_wd0.0002_bs128_seed42 | status=skipped_existing test_acc=90.73% f1=0.8753
[seed_eval] gru_weld_seam_windows_ws5_tf75_pg0_h1_h64_l1_uni_do0.1_ep80_lr0.0001_wd0.0002_bs128_seed77 | status=skipped_existing test_acc=75.84% f1=0.7592
[seed_eval] gru_weld_seam_windows_ws5_tf75_pg0_h1_h64_l1_uni_do0.1_ep80_lr0.0001_wd0.0002_bs128_seed100 | status=success test_acc=89.33% f1=0.8500
================================================================================
Comparison baseline | model=gru
================================================================================
Dataset: /home/huang_kai/wind_turbine_phm/PHOENIX-main/autoencoder_benchmark/Data/processed_data/weld_seam_windows_ws5_tf75_pg0_h1.npz
Device: cuda
Train/Val/Test: 990 / 175 / 356
Epoch 001 | train_loss=1.0742 | val_acc=29.71% val_f1=0.2521 | test_acc=32.87% test_f1=0.3317
Epoch 002 | train_loss=1.0480 | val_acc=32.00% val_f1=0.2771 | test_acc=36.80% test_f1=0.3370
Epoch 003 | train_loss=1.0138 | val_acc=33.71% val_f1=0.2968 | test_acc=37.36% test_f1=0.3407
Epoch 004 | train_loss=0.9898 | val_acc=34.29% val_f1=0.3063 | test_acc=38.20% test_f1=0.3501
Epoch 005 | train_loss=0.9645 | val_acc=34.29% val_f1=0.3117 | test_acc=38.20% test_f1=0.3528
Epoch 006 | train_loss=0.9223 | val_acc=34.86% val_f1=0.3203 | test_acc=41.85% test_f1=0.4055
Epoch 007 | train_loss=0.9110 | val_acc=36.00% val_f1=0.3400 | test_acc=50.84% test_f1=0.5112
Epoch 008 | train_loss=0.8714 | val_acc=40.00% val_f1=0.3960 | test_acc=67.13% test_f1=0.6671
Epoch 009 | train_loss=0.8435 | val_acc=49.71% val_f1=0.5026 | test_acc=78.93% test_f1=0.7693
Epoch 010 | train_loss=0.8186 | val_acc=60.57% val_f1=0.5999 | test_acc=84.83% test_f1=0.8207
Epoch 011 | train_loss=0.7572 | val_acc=66.29% val_f1=0.6443 | test_acc=87.92% test_f1=0.8502
Epoch 012 | train_loss=0.7494 | val_acc=68.57% val_f1=0.6633 | test_acc=89.33% test_f1=0.8642
Epoch 013 | train_loss=0.7337 | val_acc=72.00% val_f1=0.6905 | test_acc=92.42% test_f1=0.8989
Epoch 014 | train_loss=0.7077 | val_acc=77.14% val_f1=0.7335 | test_acc=93.82% test_f1=0.9138
Epoch 015 | train_loss=0.6746 | val_acc=78.86% val_f1=0.7509 | test_acc=94.38% test_f1=0.9194
Epoch 016 | train_loss=0.6495 | val_acc=80.00% val_f1=0.7601 | test_acc=94.94% test_f1=0.9259
Epoch 017 | train_loss=0.6450 | val_acc=79.43% val_f1=0.7523 | test_acc=95.51% test_f1=0.9344
Epoch 018 | train_loss=0.6057 | val_acc=81.14% val_f1=0.7742 | test_acc=96.07% test_f1=0.9428
Epoch 019 | train_loss=0.5987 | val_acc=81.14% val_f1=0.7742 | test_acc=96.35% test_f1=0.9470
Epoch 020 | train_loss=0.5729 | val_acc=81.71% val_f1=0.7789 | test_acc=96.91% test_f1=0.9554
Epoch 021 | train_loss=0.5416 | val_acc=83.43% val_f1=0.8008 | test_acc=96.91% test_f1=0.9554
Epoch 022 | train_loss=0.5332 | val_acc=84.00% val_f1=0.8093 | test_acc=96.91% test_f1=0.9555
Epoch 023 | train_loss=0.5246 | val_acc=84.00% val_f1=0.8093 | test_acc=96.63% test_f1=0.9514
Epoch 024 | train_loss=0.4833 | val_acc=85.71% val_f1=0.8342 | test_acc=96.35% test_f1=0.9472
Epoch 025 | train_loss=0.4619 | val_acc=86.29% val_f1=0.8424 | test_acc=95.51% test_f1=0.9348
Epoch 026 | train_loss=0.4721 | val_acc=85.71% val_f1=0.8356 | test_acc=94.66% test_f1=0.9222
Epoch 027 | train_loss=0.4384 | val_acc=86.29% val_f1=0.8438 | test_acc=94.38% test_f1=0.9180
Epoch 028 | train_loss=0.4142 | val_acc=86.29% val_f1=0.8438 | test_acc=94.66% test_f1=0.9222
Epoch 029 | train_loss=0.4363 | val_acc=86.29% val_f1=0.8438 | test_acc=94.66% test_f1=0.9222
Epoch 030 | train_loss=0.3755 | val_acc=86.29% val_f1=0.8438 | test_acc=94.66% test_f1=0.9222
Epoch 031 | train_loss=0.4017 | val_acc=86.29% val_f1=0.8438 | test_acc=94.38% test_f1=0.9180
Epoch 032 | train_loss=0.3819 | val_acc=86.29% val_f1=0.8438 | test_acc=93.26% test_f1=0.9010
Epoch 033 | train_loss=0.3505 | val_acc=86.86% val_f1=0.8520 | test_acc=92.98% test_f1=0.8967
Epoch 034 | train_loss=0.3452 | val_acc=87.43% val_f1=0.8571 | test_acc=93.54% test_f1=0.9049
Epoch 035 | train_loss=0.3461 | val_acc=88.00% val_f1=0.8653 | test_acc=93.26% test_f1=0.9006
Epoch 036 | train_loss=0.3555 | val_acc=89.14% val_f1=0.8785 | test_acc=92.98% test_f1=0.8963
Epoch 037 | train_loss=0.3346 | val_acc=89.14% val_f1=0.8785 | test_acc=92.98% test_f1=0.8963
Epoch 038 | train_loss=0.3070 | val_acc=89.14% val_f1=0.8785 | test_acc=91.85% test_f1=0.8787
Epoch 039 | train_loss=0.3066 | val_acc=89.14% val_f1=0.8785 | test_acc=91.85% test_f1=0.8787
Epoch 040 | train_loss=0.3023 | val_acc=89.14% val_f1=0.8785 | test_acc=92.70% test_f1=0.8919
Epoch 041 | train_loss=0.2904 | val_acc=89.14% val_f1=0.8785 | test_acc=92.70% test_f1=0.8919
Epoch 042 | train_loss=0.2780 | val_acc=89.71% val_f1=0.8837 | test_acc=93.26% test_f1=0.9006
Epoch 043 | train_loss=0.3016 | val_acc=90.29% val_f1=0.8892 | test_acc=92.98% test_f1=0.8960
Epoch 044 | train_loss=0.2731 | val_acc=90.86% val_f1=0.8974 | test_acc=91.85% test_f1=0.8783
Epoch 045 | train_loss=0.2654 | val_acc=90.29% val_f1=0.8900 | test_acc=91.57% test_f1=0.8738
Epoch 046 | train_loss=0.2665 | val_acc=90.29% val_f1=0.8900 | test_acc=91.01% test_f1=0.8647
Epoch 047 | train_loss=0.2478 | val_acc=90.86% val_f1=0.8974 | test_acc=91.57% test_f1=0.8738
Epoch 048 | train_loss=0.2778 | val_acc=90.86% val_f1=0.8974 | test_acc=91.85% test_f1=0.8778
Epoch 049 | train_loss=0.2410 | val_acc=91.43% val_f1=0.9027 | test_acc=91.85% test_f1=0.8778
Epoch 050 | train_loss=0.2421 | val_acc=92.00% val_f1=0.9083 | test_acc=91.57% test_f1=0.8749
Epoch 051 | train_loss=0.2657 | val_acc=92.00% val_f1=0.9083 | test_acc=91.85% test_f1=0.8794
Epoch 052 | train_loss=0.2236 | val_acc=92.00% val_f1=0.9083 | test_acc=92.42% test_f1=0.8883
Epoch 053 | train_loss=0.2734 | val_acc=92.00% val_f1=0.9083 | test_acc=92.42% test_f1=0.8883
Epoch 054 | train_loss=0.2343 | val_acc=92.00% val_f1=0.9083 | test_acc=92.13% test_f1=0.8838
Epoch 055 | train_loss=0.2590 | val_acc=92.00% val_f1=0.9083 | test_acc=91.29% test_f1=0.8735
Epoch 056 | train_loss=0.2260 | val_acc=92.00% val_f1=0.9083 | test_acc=91.29% test_f1=0.8735
Epoch 057 | train_loss=0.2337 | val_acc=92.00% val_f1=0.9083 | test_acc=91.01% test_f1=0.8686
Epoch 058 | train_loss=0.2457 | val_acc=92.00% val_f1=0.9083 | test_acc=91.29% test_f1=0.8727
Epoch 059 | train_loss=0.2183 | val_acc=92.00% val_f1=0.9083 | test_acc=91.29% test_f1=0.8727
Epoch 060 | train_loss=0.2217 | val_acc=92.57% val_f1=0.9166 | test_acc=91.29% test_f1=0.8727
Epoch 061 | train_loss=0.2154 | val_acc=92.57% val_f1=0.9166 | test_acc=91.29% test_f1=0.8727
Epoch 062 | train_loss=0.2273 | val_acc=92.57% val_f1=0.9166 | test_acc=91.29% test_f1=0.8727
Epoch 063 | train_loss=0.2254 | val_acc=93.14% val_f1=0.9219 | test_acc=91.29% test_f1=0.8727
Epoch 064 | train_loss=0.2148 | val_acc=93.14% val_f1=0.9219 | test_acc=91.29% test_f1=0.8727
Epoch 065 | train_loss=0.2313 | val_acc=93.14% val_f1=0.9219 | test_acc=91.29% test_f1=0.8727
Epoch 066 | train_loss=0.2294 | val_acc=93.14% val_f1=0.9219 | test_acc=91.29% test_f1=0.8727
Epoch 067 | train_loss=0.2169 | val_acc=93.14% val_f1=0.9219 | test_acc=91.57% test_f1=0.8772
Epoch 068 | train_loss=0.2323 | val_acc=93.14% val_f1=0.9219 | test_acc=91.29% test_f1=0.8727
Epoch 069 | train_loss=0.2053 | val_acc=93.14% val_f1=0.9219 | test_acc=91.01% test_f1=0.8697
Epoch 070 | train_loss=0.2129 | val_acc=93.14% val_f1=0.9219 | test_acc=91.01% test_f1=0.8697
Epoch 071 | train_loss=0.2294 | val_acc=93.14% val_f1=0.9219 | test_acc=91.01% test_f1=0.8697
Epoch 072 | train_loss=0.1990 | val_acc=93.14% val_f1=0.9219 | test_acc=91.01% test_f1=0.8697
Epoch 073 | train_loss=0.2277 | val_acc=93.14% val_f1=0.9219 | test_acc=91.29% test_f1=0.8743
Epoch 074 | train_loss=0.2206 | val_acc=93.14% val_f1=0.9219 | test_acc=91.29% test_f1=0.8743
Epoch 075 | train_loss=0.2296 | val_acc=93.14% val_f1=0.9219 | test_acc=91.29% test_f1=0.8743
Epoch 076 | train_loss=0.2327 | val_acc=93.14% val_f1=0.9219 | test_acc=91.29% test_f1=0.8743
Epoch 077 | train_loss=0.2368 | val_acc=93.14% val_f1=0.9219 | test_acc=91.29% test_f1=0.8743
Epoch 078 | train_loss=0.2197 | val_acc=93.14% val_f1=0.9219 | test_acc=91.29% test_f1=0.8743
Epoch 079 | train_loss=0.2079 | val_acc=93.14% val_f1=0.9219 | test_acc=91.29% test_f1=0.8743
Early stopping at epoch 79 (best=63, score=0.921856)
================================================================================
Best epoch: 63
Best score (val_macro_f1): 0.921856
Final test accuracy: 91.29%
Saved to: ablation_experiments/h1/results/comparison_18d_baselines/gru/gru_weld_seam_windows_ws5_tf75_pg0_h1_h64_l1_uni_do0.1_ep80_lr0.0001_wd0.0002_bs128_seed183
================================================================================
Comparison baseline | model=gru
================================================================================
Dataset: /home/huang_kai/wind_turbine_phm/PHOENIX-main/autoencoder_benchmark/Data/processed_data/weld_seam_windows_ws5_tf75_pg0_h1.npz
Device: cuda
Train/Val/Test: 990 / 175 / 356
Epoch 001 | train_loss=1.0950 | val_acc=23.43% val_f1=0.1317 | test_acc=23.03% test_f1=0.1343
Epoch 002 | train_loss=1.0595 | val_acc=31.43% val_f1=0.2259 | test_acc=49.16% test_f1=0.3758
Epoch 003 | train_loss=1.0171 | val_acc=60.00% val_f1=0.4520 | test_acc=72.47% test_f1=0.5247
Epoch 004 | train_loss=0.9414 | val_acc=73.71% val_f1=0.6433 | test_acc=89.89% test_f1=0.8458
Epoch 005 | train_loss=0.8464 | val_acc=76.57% val_f1=0.6958 | test_acc=94.66% test_f1=0.9216
Epoch 006 | train_loss=0.7216 | val_acc=79.43% val_f1=0.7282 | test_acc=96.35% test_f1=0.9501
Epoch 007 | train_loss=0.6189 | val_acc=88.00% val_f1=0.8464 | test_acc=95.22% test_f1=0.9424
Epoch 008 | train_loss=0.5078 | val_acc=92.57% val_f1=0.9041 | test_acc=94.66% test_f1=0.9367
Epoch 009 | train_loss=0.3991 | val_acc=97.14% val_f1=0.9670 | test_acc=85.96% test_f1=0.8016
Epoch 010 | train_loss=0.2967 | val_acc=95.43% val_f1=0.9509 | test_acc=86.80% test_f1=0.8143
Epoch 011 | train_loss=0.2328 | val_acc=96.00% val_f1=0.9562 | test_acc=87.08% test_f1=0.8191
Epoch 012 | train_loss=0.1876 | val_acc=98.29% val_f1=0.9807 | test_acc=82.02% test_f1=0.7447
Epoch 013 | train_loss=0.1403 | val_acc=98.86% val_f1=0.9862 | test_acc=82.02% test_f1=0.7536
Epoch 014 | train_loss=0.1020 | val_acc=98.86% val_f1=0.9862 | test_acc=84.55% test_f1=0.7946
Epoch 015 | train_loss=0.1127 | val_acc=96.00% val_f1=0.9590 | test_acc=83.71% test_f1=0.7634
Epoch 016 | train_loss=0.1002 | val_acc=96.00% val_f1=0.9590 | test_acc=89.61% test_f1=0.8629
Epoch 017 | train_loss=0.0646 | val_acc=97.71% val_f1=0.9752 | test_acc=83.43% test_f1=0.7682
Epoch 018 | train_loss=0.0808 | val_acc=97.71% val_f1=0.9725 | test_acc=87.08% test_f1=0.8343
Epoch 019 | train_loss=0.0684 | val_acc=98.29% val_f1=0.9807 | test_acc=80.06% test_f1=0.7236
Epoch 020 | train_loss=0.0575 | val_acc=98.29% val_f1=0.9807 | test_acc=85.39% test_f1=0.8070
Epoch 021 | train_loss=0.0423 | val_acc=97.71% val_f1=0.9752 | test_acc=84.83% test_f1=0.7953
Epoch 022 | train_loss=0.0496 | val_acc=98.29% val_f1=0.9807 | test_acc=84.83% test_f1=0.8002
Epoch 023 | train_loss=0.0433 | val_acc=98.29% val_f1=0.9807 | test_acc=80.06% test_f1=0.7253
Epoch 024 | train_loss=0.0453 | val_acc=98.29% val_f1=0.9807 | test_acc=83.99% test_f1=0.7866
Epoch 025 | train_loss=0.0416 | val_acc=98.29% val_f1=0.9807 | test_acc=82.30% test_f1=0.7584
Epoch 026 | train_loss=0.0445 | val_acc=98.29% val_f1=0.9805 | test_acc=83.71% test_f1=0.7854
Epoch 027 | train_loss=0.0384 | val_acc=98.86% val_f1=0.9862 | test_acc=81.74% test_f1=0.7544
Epoch 028 | train_loss=0.0287 | val_acc=98.86% val_f1=0.9886 | test_acc=82.02% test_f1=0.7590
Epoch 029 | train_loss=0.0250 | val_acc=98.86% val_f1=0.9886 | test_acc=82.02% test_f1=0.7578
Epoch 030 | train_loss=0.0213 | val_acc=98.86% val_f1=0.9886 | test_acc=82.02% test_f1=0.7602
Epoch 031 | train_loss=0.0264 | val_acc=99.43% val_f1=0.9943 | test_acc=81.18% test_f1=0.7495
Epoch 032 | train_loss=0.0195 | val_acc=98.86% val_f1=0.9886 | test_acc=82.02% test_f1=0.7590
Epoch 033 | train_loss=0.0341 | val_acc=98.86% val_f1=0.9886 | test_acc=82.02% test_f1=0.7590
Epoch 034 | train_loss=0.0180 | val_acc=98.86% val_f1=0.9862 | test_acc=78.65% test_f1=0.7064
Epoch 035 | train_loss=0.0336 | val_acc=98.86% val_f1=0.9861 | test_acc=81.46% test_f1=0.7565
Epoch 036 | train_loss=0.0219 | val_acc=99.43% val_f1=0.9943 | test_acc=80.90% test_f1=0.7483
Epoch 037 | train_loss=0.0215 | val_acc=99.43% val_f1=0.9943 | test_acc=80.34% test_f1=0.7331
Epoch 038 | train_loss=0.0205 | val_acc=99.43% val_f1=0.9943 | test_acc=81.74% test_f1=0.7544
Epoch 039 | train_loss=0.0352 | val_acc=98.86% val_f1=0.9862 | test_acc=80.34% test_f1=0.7331
Epoch 040 | train_loss=0.0357 | val_acc=99.43% val_f1=0.9943 | test_acc=80.34% test_f1=0.7344
Epoch 041 | train_loss=0.0105 | val_acc=99.43% val_f1=0.9943 | test_acc=81.46% test_f1=0.7541
Epoch 042 | train_loss=0.0154 | val_acc=99.43% val_f1=0.9943 | test_acc=82.87% test_f1=0.7756
Epoch 043 | train_loss=0.0240 | val_acc=99.43% val_f1=0.9943 | test_acc=80.62% test_f1=0.7422
Epoch 044 | train_loss=0.0233 | val_acc=99.43% val_f1=0.9943 | test_acc=79.78% test_f1=0.7273
Epoch 045 | train_loss=0.0254 | val_acc=99.43% val_f1=0.9943 | test_acc=81.74% test_f1=0.7586
Epoch 046 | train_loss=0.0188 | val_acc=99.43% val_f1=0.9943 | test_acc=83.43% test_f1=0.7828
Epoch 047 | train_loss=0.0290 | val_acc=99.43% val_f1=0.9943 | test_acc=81.18% test_f1=0.7485
Early stopping at epoch 47 (best=31, score=0.994277)
================================================================================
Best epoch: 31
Best score (val_macro_f1): 0.994277
Final test accuracy: 81.18%
Saved to: ablation_experiments/h1/results/comparison_18d_baselines/gru/gru_weld_seam_windows_ws5_tf75_pg0_h1_h128_l3_uni_do0.3_ep80_lr0.0002_wd0.0005_bs128_seed42
================================================================================
Comparison baseline | model=gru
================================================================================
Dataset: /home/huang_kai/wind_turbine_phm/PHOENIX-main/autoencoder_benchmark/Data/processed_data/weld_seam_windows_ws5_tf75_pg0_h1.npz
Device: cuda
Train/Val/Test: 990 / 175 / 356
Epoch 001 | train_loss=1.1090 | val_acc=73.14% val_f1=0.5339 | test_acc=76.40% test_f1=0.5526
Epoch 002 | train_loss=1.0644 | val_acc=66.86% val_f1=0.4945 | test_acc=74.44% test_f1=0.5369
Epoch 003 | train_loss=0.9997 | val_acc=71.43% val_f1=0.5230 | test_acc=76.40% test_f1=0.5494
Epoch 004 | train_loss=0.9152 | val_acc=73.14% val_f1=0.5339 | test_acc=76.69% test_f1=0.5555
Epoch 005 | train_loss=0.8284 | val_acc=77.71% val_f1=0.6257 | test_acc=80.62% test_f1=0.6831
Epoch 006 | train_loss=0.7158 | val_acc=79.43% val_f1=0.6688 | test_acc=82.02% test_f1=0.7315
Epoch 007 | train_loss=0.6183 | val_acc=84.57% val_f1=0.7676 | test_acc=82.58% test_f1=0.7512
Epoch 008 | train_loss=0.5308 | val_acc=91.43% val_f1=0.8822 | test_acc=84.27% test_f1=0.7934
Epoch 009 | train_loss=0.4530 | val_acc=96.00% val_f1=0.9542 | test_acc=89.61% test_f1=0.8663
Epoch 010 | train_loss=0.3336 | val_acc=97.71% val_f1=0.9772 | test_acc=90.17% test_f1=0.8679
Epoch 011 | train_loss=0.2268 | val_acc=97.14% val_f1=0.9717 | test_acc=88.20% test_f1=0.8294
Epoch 012 | train_loss=0.1880 | val_acc=96.57% val_f1=0.9635 | test_acc=92.42% test_f1=0.9001
Epoch 013 | train_loss=0.1455 | val_acc=98.29% val_f1=0.9830 | test_acc=90.17% test_f1=0.8692
Epoch 014 | train_loss=0.1334 | val_acc=98.29% val_f1=0.9830 | test_acc=88.48% test_f1=0.8438
Epoch 015 | train_loss=0.1017 | val_acc=97.71% val_f1=0.9749 | test_acc=85.67% test_f1=0.8003
Epoch 016 | train_loss=0.0753 | val_acc=99.43% val_f1=0.9943 | test_acc=82.58% test_f1=0.7467
Epoch 017 | train_loss=0.0999 | val_acc=97.71% val_f1=0.9724 | test_acc=89.33% test_f1=0.8609
Epoch 018 | train_loss=0.0847 | val_acc=98.86% val_f1=0.9886 | test_acc=82.87% test_f1=0.7520
Epoch 019 | train_loss=0.0681 | val_acc=97.71% val_f1=0.9724 | test_acc=87.92% test_f1=0.8375
Epoch 020 | train_loss=0.0525 | val_acc=98.86% val_f1=0.9886 | test_acc=83.71% test_f1=0.7655
Epoch 021 | train_loss=0.0473 | val_acc=98.29% val_f1=0.9805 | test_acc=88.48% test_f1=0.8465
Epoch 022 | train_loss=0.0515 | val_acc=98.86% val_f1=0.9886 | test_acc=84.55% test_f1=0.7826
Epoch 023 | train_loss=0.0475 | val_acc=98.86% val_f1=0.9861 | test_acc=85.96% test_f1=0.8097
Epoch 024 | train_loss=0.0498 | val_acc=99.43% val_f1=0.9919 | test_acc=79.78% test_f1=0.7273
Epoch 025 | train_loss=0.0444 | val_acc=99.43% val_f1=0.9919 | test_acc=82.87% test_f1=0.7634
Epoch 026 | train_loss=0.0360 | val_acc=97.71% val_f1=0.9724 | test_acc=88.48% test_f1=0.8438
Epoch 027 | train_loss=0.0508 | val_acc=98.86% val_f1=0.9861 | test_acc=85.11% test_f1=0.7906
Epoch 028 | train_loss=0.0300 | val_acc=99.43% val_f1=0.9919 | test_acc=80.06% test_f1=0.7320
Epoch 029 | train_loss=0.0320 | val_acc=99.43% val_f1=0.9919 | test_acc=77.53% test_f1=0.6966
Epoch 030 | train_loss=0.0329 | val_acc=99.43% val_f1=0.9919 | test_acc=80.90% test_f1=0.7414
Epoch 031 | train_loss=0.0327 | val_acc=98.86% val_f1=0.9861 | test_acc=85.11% test_f1=0.7906
Epoch 032 | train_loss=0.0244 | val_acc=98.86% val_f1=0.9861 | test_acc=83.99% test_f1=0.7796
Early stopping at epoch 32 (best=16, score=0.994277)
================================================================================
Best epoch: 16
Best score (val_macro_f1): 0.994277
Final test accuracy: 82.58%
Saved to: ablation_experiments/h1/results/comparison_18d_baselines/gru/gru_weld_seam_windows_ws5_tf75_pg0_h1_h128_l3_uni_do0.3_ep80_lr0.0002_wd0.0005_bs128_seed77
================================================================================
Comparison baseline | model=gru
================================================================================
Dataset: /home/huang_kai/wind_turbine_phm/PHOENIX-main/autoencoder_benchmark/Data/processed_data/weld_seam_windows_ws5_tf75_pg0_h1.npz
Device: cuda
Train/Val/Test: 990 / 175 / 356
Epoch 001 | train_loss=1.0801 | val_acc=36.57% val_f1=0.3706 | test_acc=42.13% test_f1=0.4510
Epoch 002 | train_loss=1.0408 | val_acc=34.29% val_f1=0.3455 | test_acc=43.82% test_f1=0.4700
Epoch 003 | train_loss=0.9836 | val_acc=37.14% val_f1=0.3824 | test_acc=48.60% test_f1=0.5288
Epoch 004 | train_loss=0.8926 | val_acc=58.86% val_f1=0.5729 | test_acc=75.28% test_f1=0.7597
Epoch 005 | train_loss=0.7775 | val_acc=71.43% val_f1=0.6598 | test_acc=92.70% test_f1=0.9045
Epoch 006 | train_loss=0.6843 | val_acc=80.57% val_f1=0.7649 | test_acc=96.07% test_f1=0.9494
Epoch 007 | train_loss=0.5738 | val_acc=87.43% val_f1=0.8381 | test_acc=96.63% test_f1=0.9566
Epoch 008 | train_loss=0.4985 | val_acc=92.57% val_f1=0.9109 | test_acc=89.89% test_f1=0.8547
Epoch 009 | train_loss=0.3790 | val_acc=90.86% val_f1=0.8865 | test_acc=94.10% test_f1=0.9220
Epoch 010 | train_loss=0.3085 | val_acc=95.43% val_f1=0.9460 | test_acc=87.36% test_f1=0.8186
Epoch 011 | train_loss=0.2005 | val_acc=97.14% val_f1=0.9647 | test_acc=86.80% test_f1=0.8126
Epoch 012 | train_loss=0.1509 | val_acc=97.71% val_f1=0.9701 | test_acc=90.73% test_f1=0.8791
Epoch 013 | train_loss=0.1454 | val_acc=97.71% val_f1=0.9701 | test_acc=88.76% test_f1=0.8521
Epoch 014 | train_loss=0.0901 | val_acc=97.71% val_f1=0.9701 | test_acc=83.99% test_f1=0.7796
Epoch 015 | train_loss=0.0845 | val_acc=98.29% val_f1=0.9782 | test_acc=89.04% test_f1=0.8587
Epoch 016 | train_loss=0.0750 | val_acc=98.29% val_f1=0.9782 | test_acc=88.48% test_f1=0.8501
Epoch 017 | train_loss=0.0432 | val_acc=98.29% val_f1=0.9782 | test_acc=85.67% test_f1=0.8078
Epoch 018 | train_loss=0.0704 | val_acc=98.29% val_f1=0.9781 | test_acc=88.76% test_f1=0.8564
Epoch 019 | train_loss=0.0422 | val_acc=98.29% val_f1=0.9782 | test_acc=84.27% test_f1=0.7844
Epoch 020 | train_loss=0.0566 | val_acc=100.00% val_f1=1.0000 | test_acc=85.39% test_f1=0.8101
Epoch 021 | train_loss=0.0534 | val_acc=98.29% val_f1=0.9755 | test_acc=80.90% test_f1=0.7318
Epoch 022 | train_loss=0.0341 | val_acc=99.43% val_f1=0.9943 | test_acc=87.08% test_f1=0.8314
Epoch 023 | train_loss=0.0342 | val_acc=98.86% val_f1=0.9862 | test_acc=84.27% test_f1=0.7859
Epoch 024 | train_loss=0.0499 | val_acc=99.43% val_f1=0.9919 | test_acc=84.55% test_f1=0.7946
Epoch 025 | train_loss=0.0518 | val_acc=100.00% val_f1=1.0000 | test_acc=83.99% test_f1=0.7866
Epoch 026 | train_loss=0.0369 | val_acc=98.29% val_f1=0.9782 | test_acc=83.15% test_f1=0.7667
Epoch 027 | train_loss=0.0418 | val_acc=99.43% val_f1=0.9943 | test_acc=88.48% test_f1=0.8521
Epoch 028 | train_loss=0.0418 | val_acc=99.43% val_f1=0.9919 | test_acc=82.30% test_f1=0.7612
Epoch 029 | train_loss=0.0391 | val_acc=99.43% val_f1=0.9919 | test_acc=79.49% test_f1=0.7236
Epoch 030 | train_loss=0.0412 | val_acc=100.00% val_f1=1.0000 | test_acc=83.71% test_f1=0.7863
Epoch 031 | train_loss=0.0181 | val_acc=99.43% val_f1=0.9919 | test_acc=81.18% test_f1=0.7387
Epoch 032 | train_loss=0.0317 | val_acc=100.00% val_f1=1.0000 | test_acc=83.99% test_f1=0.7854
Epoch 033 | train_loss=0.0335 | val_acc=100.00% val_f1=1.0000 | test_acc=81.74% test_f1=0.7502
Epoch 034 | train_loss=0.0161 | val_acc=100.00% val_f1=1.0000 | test_acc=76.69% test_f1=0.6850
Epoch 035 | train_loss=0.0228 | val_acc=100.00% val_f1=1.0000 | test_acc=78.09% test_f1=0.7059
Epoch 036 | train_loss=0.0260 | val_acc=100.00% val_f1=1.0000 | test_acc=79.49% test_f1=0.7247
Early stopping at epoch 36 (best=20, score=1.000000)
================================================================================
Best epoch: 20
Best score (val_macro_f1): 1.000000
Final test accuracy: 85.39%
Saved to: ablation_experiments/h1/results/comparison_18d_baselines/gru/gru_weld_seam_windows_ws5_tf75_pg0_h1_h128_l3_uni_do0.3_ep80_lr0.0002_wd0.0005_bs128_seed100
================================================================================
Comparison baseline | model=gru
================================================================================
Dataset: /home/huang_kai/wind_turbine_phm/PHOENIX-main/autoencoder_benchmark/Data/processed_data/weld_seam_windows_ws5_tf75_pg0_h1.npz
Device: cuda
Train/Val/Test: 990 / 175 / 356
Epoch 001 | train_loss=1.0864 | val_acc=30.29% val_f1=0.2797 | test_acc=23.31% test_f1=0.1260
Epoch 002 | train_loss=1.0518 | val_acc=40.00% val_f1=0.4124 | test_acc=44.66% test_f1=0.4861
Epoch 003 | train_loss=0.9919 | val_acc=52.00% val_f1=0.5294 | test_acc=80.06% test_f1=0.8141
Epoch 004 | train_loss=0.8939 | val_acc=72.57% val_f1=0.6560 | test_acc=93.54% test_f1=0.9135
Epoch 005 | train_loss=0.8011 | val_acc=78.29% val_f1=0.6839 | test_acc=94.38% test_f1=0.9199
Epoch 006 | train_loss=0.7095 | val_acc=82.86% val_f1=0.7532 | test_acc=89.33% test_f1=0.8610
Epoch 007 | train_loss=0.6345 | val_acc=86.29% val_f1=0.8150 | test_acc=84.83% test_f1=0.7959
Epoch 008 | train_loss=0.5559 | val_acc=86.86% val_f1=0.8237 | test_acc=82.58% test_f1=0.7621
Epoch 009 | train_loss=0.4471 | val_acc=92.57% val_f1=0.9056 | test_acc=83.99% test_f1=0.7911
Epoch 010 | train_loss=0.3200 | val_acc=96.57% val_f1=0.9602 | test_acc=88.20% test_f1=0.8478
Epoch 011 | train_loss=0.2466 | val_acc=96.57% val_f1=0.9606 | test_acc=90.17% test_f1=0.8679
Epoch 012 | train_loss=0.1750 | val_acc=97.14% val_f1=0.9665 | test_acc=92.42% test_f1=0.9001
Epoch 013 | train_loss=0.1461 | val_acc=97.14% val_f1=0.9669 | test_acc=84.27% test_f1=0.7572
Epoch 014 | train_loss=0.0927 | val_acc=97.14% val_f1=0.9669 | test_acc=91.57% test_f1=0.8884
Epoch 015 | train_loss=0.0881 | val_acc=96.57% val_f1=0.9615 | test_acc=91.29% test_f1=0.8841
Epoch 016 | train_loss=0.0671 | val_acc=96.57% val_f1=0.9615 | test_acc=88.48% test_f1=0.8393
Epoch 017 | train_loss=0.0735 | val_acc=96.57% val_f1=0.9615 | test_acc=84.83% test_f1=0.7798
Epoch 018 | train_loss=0.0612 | val_acc=96.00% val_f1=0.9533 | test_acc=89.89% test_f1=0.8660
Epoch 019 | train_loss=0.0597 | val_acc=97.14% val_f1=0.9641 | test_acc=88.76% test_f1=0.8533
Epoch 020 | train_loss=0.0650 | val_acc=97.71% val_f1=0.9722 | test_acc=86.52% test_f1=0.8266
Epoch 021 | train_loss=0.0470 | val_acc=98.86% val_f1=0.9861 | test_acc=87.08% test_f1=0.8325
Epoch 022 | train_loss=0.0471 | val_acc=99.43% val_f1=0.9919 | test_acc=89.04% test_f1=0.8587
Epoch 023 | train_loss=0.0465 | val_acc=99.43% val_f1=0.9919 | test_acc=88.20% test_f1=0.8457
Epoch 024 | train_loss=0.0348 | val_acc=98.86% val_f1=0.9837 | test_acc=87.64% test_f1=0.8391
Epoch 025 | train_loss=0.0299 | val_acc=99.43% val_f1=0.9919 | test_acc=85.39% test_f1=0.7988
Epoch 026 | train_loss=0.0277 | val_acc=99.43% val_f1=0.9919 | test_acc=86.52% test_f1=0.8160
Epoch 027 | train_loss=0.0362 | val_acc=99.43% val_f1=0.9919 | test_acc=88.20% test_f1=0.8457
Epoch 028 | train_loss=0.0281 | val_acc=99.43% val_f1=0.9919 | test_acc=85.39% test_f1=0.8018
Epoch 029 | train_loss=0.0206 | val_acc=98.86% val_f1=0.9837 | test_acc=87.64% test_f1=0.8369
Epoch 030 | train_loss=0.0243 | val_acc=98.86% val_f1=0.9837 | test_acc=87.08% test_f1=0.8279
Epoch 031 | train_loss=0.0213 | val_acc=99.43% val_f1=0.9919 | test_acc=85.11% test_f1=0.7986
Epoch 032 | train_loss=0.0173 | val_acc=99.43% val_f1=0.9919 | test_acc=85.67% test_f1=0.8153
Epoch 033 | train_loss=0.0176 | val_acc=99.43% val_f1=0.9919 | test_acc=84.83% test_f1=0.7967
Epoch 034 | train_loss=0.0126 | val_acc=99.43% val_f1=0.9919 | test_acc=82.30% test_f1=0.7535
Epoch 035 | train_loss=0.0104 | val_acc=98.86% val_f1=0.9837 | test_acc=84.83% test_f1=0.7991
Epoch 036 | train_loss=0.0135 | val_acc=98.86% val_f1=0.9837 | test_acc=86.80% test_f1=0.8234
Epoch 037 | train_loss=0.0104 | val_acc=98.86% val_f1=0.9837 | test_acc=85.11% test_f1=0.8000
Epoch 038 | train_loss=0.0132 | val_acc=99.43% val_f1=0.9919 | test_acc=83.99% test_f1=0.7796
Early stopping at epoch 38 (best=22, score=0.991859)
================================================================================
Best epoch: 22
Best score (val_macro_f1): 0.991859
Final test accuracy: 89.04%
Saved to: ablation_experiments/h1/results/comparison_18d_baselines/gru/gru_weld_seam_windows_ws5_tf75_pg0_h1_h128_l3_uni_do0.3_ep80_lr0.0002_wd0.0005_bs128_seed122
================================================================================
Comparison baseline | model=gru
================================================================================
Dataset: /home/huang_kai/wind_turbine_phm/PHOENIX-main/autoencoder_benchmark/Data/processed_data/weld_seam_windows_ws5_tf75_pg0_h1.npz
Device: cuda
Train/Val/Test: 990 / 175 / 356
Epoch 001 | train_loss=1.0701 | val_acc=22.86% val_f1=0.1240 | test_acc=21.91% test_f1=0.1198
Epoch 002 | train_loss=1.0480 | val_acc=22.86% val_f1=0.1240 | test_acc=21.91% test_f1=0.1198
Epoch 003 | train_loss=0.9973 | val_acc=23.43% val_f1=0.1437 | test_acc=21.91% test_f1=0.1477
Epoch 004 | train_loss=0.9465 | val_acc=29.14% val_f1=0.2743 | test_acc=36.80% test_f1=0.3796
Epoch 005 | train_loss=0.8147 | val_acc=50.29% val_f1=0.5133 | test_acc=69.10% test_f1=0.7052
Epoch 006 | train_loss=0.7051 | val_acc=77.71% val_f1=0.7345 | test_acc=93.82% test_f1=0.9237
Epoch 007 | train_loss=0.6270 | val_acc=86.29% val_f1=0.8339 | test_acc=97.47% test_f1=0.9662
Epoch 008 | train_loss=0.5210 | val_acc=90.29% val_f1=0.8860 | test_acc=94.66% test_f1=0.9229
Epoch 009 | train_loss=0.4162 | val_acc=89.14% val_f1=0.8845 | test_acc=92.13% test_f1=0.8825
Epoch 010 | train_loss=0.2909 | val_acc=92.00% val_f1=0.9190 | test_acc=92.70% test_f1=0.8916
Epoch 011 | train_loss=0.2079 | val_acc=94.29% val_f1=0.9404 | test_acc=91.57% test_f1=0.8872
Epoch 012 | train_loss=0.1682 | val_acc=96.00% val_f1=0.9599 | test_acc=89.33% test_f1=0.8572
Epoch 013 | train_loss=0.1288 | val_acc=97.14% val_f1=0.9686 | test_acc=90.17% test_f1=0.8727
Epoch 014 | train_loss=0.1068 | val_acc=96.57% val_f1=0.9659 | test_acc=88.48% test_f1=0.8465
Epoch 015 | train_loss=0.0693 | val_acc=97.14% val_f1=0.9684 | test_acc=89.04% test_f1=0.8565
Epoch 016 | train_loss=0.0680 | val_acc=96.57% val_f1=0.9654 | test_acc=85.39% test_f1=0.7955
Epoch 017 | train_loss=0.0545 | val_acc=97.14% val_f1=0.9684 | test_acc=89.61% test_f1=0.8652
Epoch 018 | train_loss=0.0513 | val_acc=98.29% val_f1=0.9824 | test_acc=84.83% test_f1=0.7979
Epoch 019 | train_loss=0.0406 | val_acc=98.29% val_f1=0.9826 | test_acc=85.11% test_f1=0.8025
Epoch 020 | train_loss=0.0403 | val_acc=97.71% val_f1=0.9746 | test_acc=87.92% test_f1=0.8401
Epoch 021 | train_loss=0.0529 | val_acc=99.43% val_f1=0.9943 | test_acc=84.27% test_f1=0.7844
Epoch 022 | train_loss=0.0381 | val_acc=98.86% val_f1=0.9861 | test_acc=85.67% test_f1=0.8115
Epoch 023 | train_loss=0.0338 | val_acc=99.43% val_f1=0.9943 | test_acc=79.78% test_f1=0.7186
Epoch 024 | train_loss=0.0363 | val_acc=98.86% val_f1=0.9861 | test_acc=87.36% test_f1=0.8377
Epoch 025 | train_loss=0.0365 | val_acc=99.43% val_f1=0.9941 | test_acc=81.74% test_f1=0.7517
Epoch 026 | train_loss=0.0367 | val_acc=98.86% val_f1=0.9861 | test_acc=83.43% test_f1=0.7746
Epoch 027 | train_loss=0.0376 | val_acc=98.86% val_f1=0.9861 | test_acc=85.11% test_f1=0.8047
Epoch 028 | train_loss=0.0300 | val_acc=99.43% val_f1=0.9943 | test_acc=81.74% test_f1=0.7517
Epoch 029 | train_loss=0.0336 | val_acc=98.86% val_f1=0.9861 | test_acc=84.27% test_f1=0.7912
Epoch 030 | train_loss=0.0249 | val_acc=98.86% val_f1=0.9886 | test_acc=81.46% test_f1=0.7437
Epoch 031 | train_loss=0.0227 | val_acc=98.86% val_f1=0.9861 | test_acc=84.55% test_f1=0.7946
Epoch 032 | train_loss=0.0266 | val_acc=100.00% val_f1=1.0000 | test_acc=80.90% test_f1=0.7354
Epoch 033 | train_loss=0.0385 | val_acc=99.43% val_f1=0.9919 | test_acc=80.06% test_f1=0.7308
Epoch 034 | train_loss=0.0292 | val_acc=99.43% val_f1=0.9919 | test_acc=81.46% test_f1=0.7520
Epoch 035 | train_loss=0.0255 | val_acc=99.43% val_f1=0.9919 | test_acc=82.58% test_f1=0.7646
Epoch 036 | train_loss=0.0202 | val_acc=99.43% val_f1=0.9919 | test_acc=82.30% test_f1=0.7625
Epoch 037 | train_loss=0.0278 | val_acc=99.43% val_f1=0.9919 | test_acc=79.49% test_f1=0.7225
Epoch 038 | train_loss=0.0164 | val_acc=99.43% val_f1=0.9919 | test_acc=82.02% test_f1=0.7590
Epoch 039 | train_loss=0.0186 | val_acc=99.43% val_f1=0.9919 | test_acc=82.02% test_f1=0.7590
Epoch 040 | train_loss=0.0126 | val_acc=99.43% val_f1=0.9919 | test_acc=80.90% test_f1=0.7400
Epoch 041 | train_loss=0.0193 | val_acc=99.43% val_f1=0.9919 | test_acc=81.18% test_f1=0.7474
Epoch 042 | train_loss=0.0162 | val_acc=99.43% val_f1=0.9919 | test_acc=80.90% test_f1=0.7459
Epoch 043 | train_loss=0.0227 | val_acc=98.86% val_f1=0.9860 | test_acc=80.62% test_f1=0.7413
Epoch 044 | train_loss=0.0151 | val_acc=98.86% val_f1=0.9861 | test_acc=82.58% test_f1=0.7672
Epoch 045 | train_loss=0.0304 | val_acc=98.86% val_f1=0.9861 | test_acc=82.02% test_f1=0.7578
Epoch 046 | train_loss=0.0339 | val_acc=98.86% val_f1=0.9861 | test_acc=84.27% test_f1=0.7943
Epoch 047 | train_loss=0.0203 | val_acc=99.43% val_f1=0.9919 | test_acc=81.18% test_f1=0.7449
Epoch 048 | train_loss=0.0193 | val_acc=99.43% val_f1=0.9919 | test_acc=80.34% test_f1=0.7331
Early stopping at epoch 48 (best=32, score=1.000000)
================================================================================
Best epoch: 32
Best score (val_macro_f1): 1.000000
Final test accuracy: 80.90%
Saved to: ablation_experiments/h1/results/comparison_18d_baselines/gru/gru_weld_seam_windows_ws5_tf75_pg0_h1_h128_l3_uni_do0.3_ep80_lr0.0002_wd0.0005_bs128_seed183
================================================================================
Comparison baseline | model=gru
================================================================================
Dataset: /home/huang_kai/wind_turbine_phm/PHOENIX-main/autoencoder_benchmark/Data/processed_data/weld_seam_windows_ws5_tf75_pg0_h1.npz
Device: cuda
Train/Val/Test: 990 / 175 / 356
Epoch 001 | train_loss=1.0040 | val_acc=52.00% val_f1=0.5258 | test_acc=57.30% test_f1=0.5956
Epoch 002 | train_loss=0.8442 | val_acc=79.43% val_f1=0.7632 | test_acc=85.96% test_f1=0.8393
Epoch 003 | train_loss=0.7174 | val_acc=82.86% val_f1=0.7950 | test_acc=93.54% test_f1=0.9144
Epoch 004 | train_loss=0.6269 | val_acc=85.14% val_f1=0.8215 | test_acc=95.22% test_f1=0.9360
Epoch 005 | train_loss=0.4967 | val_acc=88.57% val_f1=0.8647 | test_acc=93.54% test_f1=0.9121
Epoch 006 | train_loss=0.4318 | val_acc=90.86% val_f1=0.8950 | test_acc=91.57% test_f1=0.8845
Epoch 007 | train_loss=0.3387 | val_acc=92.00% val_f1=0.9075 | test_acc=92.42% test_f1=0.8994
Epoch 008 | train_loss=0.3119 | val_acc=94.29% val_f1=0.9376 | test_acc=88.20% test_f1=0.8384
Epoch 009 | train_loss=0.2554 | val_acc=94.86% val_f1=0.9428 | test_acc=87.92% test_f1=0.8350
Epoch 010 | train_loss=0.1862 | val_acc=94.29% val_f1=0.9376 | test_acc=87.92% test_f1=0.8349
Epoch 011 | train_loss=0.1611 | val_acc=96.00% val_f1=0.9590 | test_acc=89.33% test_f1=0.8572
Epoch 012 | train_loss=0.1544 | val_acc=96.57% val_f1=0.9619 | test_acc=85.39% test_f1=0.7918
Epoch 013 | train_loss=0.1325 | val_acc=96.57% val_f1=0.9619 | test_acc=88.76% test_f1=0.8483
Epoch 014 | train_loss=0.1038 | val_acc=95.43% val_f1=0.9514 | test_acc=87.08% test_f1=0.8191
Epoch 015 | train_loss=0.0852 | val_acc=96.00% val_f1=0.9561 | test_acc=85.39% test_f1=0.7937
Epoch 016 | train_loss=0.0726 | val_acc=96.57% val_f1=0.9639 | test_acc=88.20% test_f1=0.8407
Epoch 017 | train_loss=0.0560 | val_acc=96.00% val_f1=0.9561 | test_acc=83.71% test_f1=0.7634
Epoch 018 | train_loss=0.0630 | val_acc=97.71% val_f1=0.9749 | test_acc=89.04% test_f1=0.8553
Epoch 019 | train_loss=0.0489 | val_acc=98.29% val_f1=0.9804 | test_acc=87.36% test_f1=0.8298
Epoch 020 | train_loss=0.0349 | val_acc=98.29% val_f1=0.9804 | test_acc=84.83% test_f1=0.7875
Epoch 021 | train_loss=0.0335 | val_acc=98.29% val_f1=0.9804 | test_acc=87.64% test_f1=0.8343
Epoch 022 | train_loss=0.0270 | val_acc=98.29% val_f1=0.9804 | test_acc=86.80% test_f1=0.8221
Epoch 023 | train_loss=0.0302 | val_acc=98.29% val_f1=0.9804 | test_acc=84.27% test_f1=0.7900
Epoch 024 | train_loss=0.0180 | val_acc=98.29% val_f1=0.9804 | test_acc=84.27% test_f1=0.7874
Epoch 025 | train_loss=0.0193 | val_acc=98.29% val_f1=0.9804 | test_acc=83.99% test_f1=0.7796
Epoch 026 | train_loss=0.0289 | val_acc=98.29% val_f1=0.9804 | test_acc=86.24% test_f1=0.8114
Epoch 027 | train_loss=0.0236 | val_acc=97.14% val_f1=0.9694 | test_acc=85.39% test_f1=0.7955
Epoch 028 | train_loss=0.0215 | val_acc=97.71% val_f1=0.9749 | test_acc=83.99% test_f1=0.7726
Epoch 029 | train_loss=0.0224 | val_acc=97.71% val_f1=0.9752 | test_acc=87.92% test_f1=0.8375
Epoch 030 | train_loss=0.0187 | val_acc=97.71% val_f1=0.9752 | test_acc=85.11% test_f1=0.7906
Epoch 031 | train_loss=0.0128 | val_acc=98.29% val_f1=0.9804 | test_acc=86.24% test_f1=0.8114
Epoch 032 | train_loss=0.0163 | val_acc=98.29% val_f1=0.9804 | test_acc=85.67% test_f1=0.8050
Epoch 033 | train_loss=0.0209 | val_acc=98.29% val_f1=0.9804 | test_acc=83.43% test_f1=0.7663
Epoch 034 | train_loss=0.0164 | val_acc=98.86% val_f1=0.9862 | test_acc=85.67% test_f1=0.8035
Epoch 035 | train_loss=0.0128 | val_acc=98.86% val_f1=0.9862 | test_acc=84.83% test_f1=0.7892
Epoch 036 | train_loss=0.0152 | val_acc=99.43% val_f1=0.9943 | test_acc=86.52% test_f1=0.8175
Epoch 037 | train_loss=0.0116 | val_acc=99.43% val_f1=0.9942 | test_acc=87.92% test_f1=0.8413
Epoch 038 | train_loss=0.0111 | val_acc=98.29% val_f1=0.9804 | test_acc=83.99% test_f1=0.7763
Epoch 039 | train_loss=0.0104 | val_acc=99.43% val_f1=0.9943 | test_acc=85.11% test_f1=0.7940
Epoch 040 | train_loss=0.0123 | val_acc=98.29% val_f1=0.9804 | test_acc=83.43% test_f1=0.7663
Epoch 041 | train_loss=0.0096 | val_acc=98.86% val_f1=0.9862 | test_acc=83.99% test_f1=0.7745
Epoch 042 | train_loss=0.0101 | val_acc=100.00% val_f1=1.0000 | test_acc=83.71% test_f1=0.7713
Epoch 043 | train_loss=0.0089 | val_acc=99.43% val_f1=0.9942 | test_acc=83.15% test_f1=0.7650
Epoch 044 | train_loss=0.0107 | val_acc=99.43% val_f1=0.9942 | test_acc=84.55% test_f1=0.7907
Epoch 045 | train_loss=0.0051 | val_acc=99.43% val_f1=0.9942 | test_acc=84.55% test_f1=0.7892
Epoch 046 | train_loss=0.0093 | val_acc=99.43% val_f1=0.9942 | test_acc=85.67% test_f1=0.8078
Epoch 047 | train_loss=0.0051 | val_acc=99.43% val_f1=0.9942 | test_acc=83.71% test_f1=0.7748
Epoch 048 | train_loss=0.0054 | val_acc=99.43% val_f1=0.9942 | test_acc=84.55% test_f1=0.7877
Epoch 049 | train_loss=0.0081 | val_acc=98.86% val_f1=0.9861 | test_acc=83.43% test_f1=0.7682
Epoch 050 | train_loss=0.0075 | val_acc=99.43% val_f1=0.9942 | test_acc=85.39% test_f1=0.8018
Epoch 051 | train_loss=0.0050 | val_acc=99.43% val_f1=0.9942 | test_acc=83.99% test_f1=0.7812
Epoch 052 | train_loss=0.0044 | val_acc=98.86% val_f1=0.9861 | test_acc=82.30% test_f1=0.7553
Epoch 053 | train_loss=0.0070 | val_acc=98.86% val_f1=0.9861 | test_acc=82.58% test_f1=0.7585
Epoch 054 | train_loss=0.0048 | val_acc=99.43% val_f1=0.9919 | test_acc=83.43% test_f1=0.7682
Epoch 055 | train_loss=0.0089 | val_acc=100.00% val_f1=1.0000 | test_acc=85.67% test_f1=0.8065
Epoch 056 | train_loss=0.0100 | val_acc=100.00% val_f1=1.0000 | test_acc=84.27% test_f1=0.7844
Epoch 057 | train_loss=0.0042 | val_acc=99.43% val_f1=0.9919 | test_acc=83.15% test_f1=0.7650
Epoch 058 | train_loss=0.0038 | val_acc=99.43% val_f1=0.9919 | test_acc=83.15% test_f1=0.7650
Early stopping at epoch 58 (best=42, score=1.000000)
================================================================================
Best epoch: 42
Best score (val_macro_f1): 1.000000
Final test accuracy: 83.71%
Saved to: ablation_experiments/h1/results/comparison_18d_baselines/gru/gru_weld_seam_windows_ws5_tf75_pg0_h1_h96_l1_bi_do0.1_ep80_lr0.0002_wd0.0002_bs64_seed14
================================================================================
Comparison baseline | model=gru
================================================================================
Dataset: /home/huang_kai/wind_turbine_phm/PHOENIX-main/autoencoder_benchmark/Data/processed_data/weld_seam_windows_ws5_tf75_pg0_h1.npz
Device: cuda
Train/Val/Test: 990 / 175 / 356
Epoch 001 | train_loss=1.0042 | val_acc=37.71% val_f1=0.2868 | test_acc=71.35% test_f1=0.5178
Epoch 002 | train_loss=0.8753 | val_acc=74.29% val_f1=0.6612 | test_acc=86.80% test_f1=0.7916
Epoch 003 | train_loss=0.7544 | val_acc=80.57% val_f1=0.7521 | test_acc=94.38% test_f1=0.9190
Epoch 004 | train_loss=0.6109 | val_acc=88.00% val_f1=0.8531 | test_acc=94.10% test_f1=0.9222
Epoch 005 | train_loss=0.5220 | val_acc=88.00% val_f1=0.8532 | test_acc=93.26% test_f1=0.9119
Epoch 006 | train_loss=0.4074 | val_acc=88.57% val_f1=0.8657 | test_acc=90.45% test_f1=0.8698
Epoch 007 | train_loss=0.3393 | val_acc=91.43% val_f1=0.9060 | test_acc=88.48% test_f1=0.8393
Epoch 008 | train_loss=0.2678 | val_acc=91.43% val_f1=0.9060 | test_acc=91.01% test_f1=0.8797
Epoch 009 | train_loss=0.2210 | val_acc=93.71% val_f1=0.9353 | test_acc=83.71% test_f1=0.7540
Epoch 010 | train_loss=0.1992 | val_acc=94.29% val_f1=0.9405 | test_acc=88.76% test_f1=0.8439
Epoch 011 | train_loss=0.1520 | val_acc=96.57% val_f1=0.9644 | test_acc=83.99% test_f1=0.7618
Epoch 012 | train_loss=0.1298 | val_acc=97.14% val_f1=0.9721 | test_acc=90.17% test_f1=0.8665
Epoch 013 | train_loss=0.0917 | val_acc=97.71% val_f1=0.9775 | test_acc=85.96% test_f1=0.7979
Epoch 014 | train_loss=0.0988 | val_acc=97.71% val_f1=0.9775 | test_acc=89.89% test_f1=0.8634
Epoch 015 | train_loss=0.0754 | val_acc=97.71% val_f1=0.9775 | test_acc=84.83% test_f1=0.7776
Epoch 016 | train_loss=0.0675 | val_acc=97.14% val_f1=0.9717 | test_acc=86.80% test_f1=0.8143
Epoch 017 | train_loss=0.0485 | val_acc=97.14% val_f1=0.9717 | test_acc=85.11% test_f1=0.7887
Epoch 018 | train_loss=0.0455 | val_acc=97.14% val_f1=0.9717 | test_acc=81.74% test_f1=0.7374
Epoch 019 | train_loss=0.0464 | val_acc=97.14% val_f1=0.9717 | test_acc=86.52% test_f1=0.8129
Epoch 020 | train_loss=0.0341 | val_acc=97.14% val_f1=0.9717 | test_acc=83.43% test_f1=0.7581
Epoch 021 | train_loss=0.0500 | val_acc=97.14% val_f1=0.9717 | test_acc=86.52% test_f1=0.8129
Epoch 022 | train_loss=0.0349 | val_acc=97.14% val_f1=0.9717 | test_acc=83.71% test_f1=0.7713
Epoch 023 | train_loss=0.0313 | val_acc=97.14% val_f1=0.9717 | test_acc=84.55% test_f1=0.7843
Epoch 024 | train_loss=0.0269 | val_acc=98.29% val_f1=0.9828 | test_acc=83.43% test_f1=0.7731
Epoch 025 | train_loss=0.0261 | val_acc=98.29% val_f1=0.9828 | test_acc=83.43% test_f1=0.7716
Epoch 026 | train_loss=0.0224 | val_acc=98.29% val_f1=0.9828 | test_acc=83.43% test_f1=0.7731
Epoch 027 | train_loss=0.0234 | val_acc=98.29% val_f1=0.9828 | test_acc=82.58% test_f1=0.7602
Epoch 028 | train_loss=0.0199 | val_acc=98.29% val_f1=0.9828 | test_acc=80.62% test_f1=0.7266
Epoch 029 | train_loss=0.0175 | val_acc=98.29% val_f1=0.9828 | test_acc=83.15% test_f1=0.7713
Epoch 030 | train_loss=0.0138 | val_acc=98.29% val_f1=0.9828 | test_acc=83.15% test_f1=0.7713
Epoch 031 | train_loss=0.0105 | val_acc=98.29% val_f1=0.9828 | test_acc=82.30% test_f1=0.7553
Epoch 032 | train_loss=0.0128 | val_acc=98.29% val_f1=0.9828 | test_acc=83.15% test_f1=0.7699
Epoch 033 | train_loss=0.0134 | val_acc=98.29% val_f1=0.9828 | test_acc=85.39% test_f1=0.8032
Epoch 034 | train_loss=0.0115 | val_acc=98.29% val_f1=0.9828 | test_acc=82.87% test_f1=0.7618
Epoch 035 | train_loss=0.0111 | val_acc=98.86% val_f1=0.9885 | test_acc=82.02% test_f1=0.7551
Epoch 036 | train_loss=0.0107 | val_acc=98.86% val_f1=0.9885 | test_acc=81.18% test_f1=0.7462
Epoch 037 | train_loss=0.0100 | val_acc=98.86% val_f1=0.9885 | test_acc=80.34% test_f1=0.7356
Epoch 038 | train_loss=0.0090 | val_acc=98.86% val_f1=0.9885 | test_acc=82.58% test_f1=0.7659
Epoch 039 | train_loss=0.0101 | val_acc=98.86% val_f1=0.9885 | test_acc=82.87% test_f1=0.7739
Epoch 040 | train_loss=0.0088 | val_acc=98.86% val_f1=0.9885 | test_acc=80.90% test_f1=0.7414
Epoch 041 | train_loss=0.0083 | val_acc=98.86% val_f1=0.9885 | test_acc=80.62% test_f1=0.7379
Epoch 042 | train_loss=0.0073 | val_acc=98.86% val_f1=0.9885 | test_acc=82.58% test_f1=0.7646
Epoch 043 | train_loss=0.0072 | val_acc=98.29% val_f1=0.9828 | test_acc=83.43% test_f1=0.7746
Epoch 044 | train_loss=0.0081 | val_acc=98.29% val_f1=0.9828 | test_acc=83.15% test_f1=0.7683
Epoch 045 | train_loss=0.0070 | val_acc=98.29% val_f1=0.9828 | test_acc=83.71% test_f1=0.7779
Epoch 046 | train_loss=0.0055 | val_acc=98.29% val_f1=0.9828 | test_acc=83.43% test_f1=0.7731
Epoch 047 | train_loss=0.0065 | val_acc=98.29% val_f1=0.9828 | test_acc=83.15% test_f1=0.7683
Epoch 048 | train_loss=0.0063 | val_acc=98.29% val_f1=0.9828 | test_acc=83.43% test_f1=0.7731
Epoch 049 | train_loss=0.0036 | val_acc=98.29% val_f1=0.9828 | test_acc=83.15% test_f1=0.7699
Epoch 050 | train_loss=0.0068 | val_acc=98.29% val_f1=0.9828 | test_acc=83.15% test_f1=0.7699
Epoch 051 | train_loss=0.0044 | val_acc=98.29% val_f1=0.9828 | test_acc=83.15% test_f1=0.7699
Early stopping at epoch 51 (best=35, score=0.988479)
================================================================================
Best epoch: 35
Best score (val_macro_f1): 0.988479
Final test accuracy: 82.02%
Saved to: ablation_experiments/h1/results/comparison_18d_baselines/gru/gru_weld_seam_windows_ws5_tf75_pg0_h1_h96_l1_bi_do0.1_ep80_lr0.0002_wd0.0002_bs64_seed42
================================================================================
Comparison baseline | model=gru
================================================================================
Dataset: /home/huang_kai/wind_turbine_phm/PHOENIX-main/autoencoder_benchmark/Data/processed_data/weld_seam_windows_ws5_tf75_pg0_h1.npz
Device: cuda
Train/Val/Test: 990 / 175 / 356
Epoch 001 | train_loss=1.0328 | val_acc=62.29% val_f1=0.5675 | test_acc=70.22% test_f1=0.6594
Epoch 002 | train_loss=0.8992 | val_acc=77.71% val_f1=0.7045 | test_acc=92.13% test_f1=0.8906
Epoch 003 | train_loss=0.7439 | val_acc=82.86% val_f1=0.7703 | test_acc=95.22% test_f1=0.9315
Epoch 004 | train_loss=0.6169 | val_acc=87.43% val_f1=0.8390 | test_acc=96.35% test_f1=0.9491
Epoch 005 | train_loss=0.4797 | val_acc=90.29% val_f1=0.8783 | test_acc=94.10% test_f1=0.9237
Epoch 006 | train_loss=0.3831 | val_acc=90.29% val_f1=0.8783 | test_acc=92.42% test_f1=0.8998
Epoch 007 | train_loss=0.3196 | val_acc=93.14% val_f1=0.9180 | test_acc=89.33% test_f1=0.8534
Epoch 008 | train_loss=0.2694 | val_acc=95.43% val_f1=0.9505 | test_acc=87.08% test_f1=0.8156
Epoch 009 | train_loss=0.2147 | val_acc=94.29% val_f1=0.9370 | test_acc=90.73% test_f1=0.8740
Epoch 010 | train_loss=0.1661 | val_acc=94.86% val_f1=0.9451 | test_acc=89.61% test_f1=0.8575
Epoch 011 | train_loss=0.1730 | val_acc=95.43% val_f1=0.9532 | test_acc=85.39% test_f1=0.7858
Epoch 012 | train_loss=0.1331 | val_acc=97.71% val_f1=0.9775 | test_acc=88.76% test_f1=0.8439
Epoch 013 | train_loss=0.1114 | val_acc=97.71% val_f1=0.9775 | test_acc=86.52% test_f1=0.8058
Epoch 014 | train_loss=0.0841 | val_acc=97.71% val_f1=0.9775 | test_acc=88.48% test_f1=0.8393
Epoch 015 | train_loss=0.0815 | val_acc=98.86% val_f1=0.9886 | test_acc=88.76% test_f1=0.8469
Epoch 016 | train_loss=0.0697 | val_acc=99.43% val_f1=0.9943 | test_acc=86.80% test_f1=0.8176
Epoch 017 | train_loss=0.0518 | val_acc=98.29% val_f1=0.9830 | test_acc=84.55% test_f1=0.7724
Epoch 018 | train_loss=0.0479 | val_acc=98.29% val_f1=0.9830 | test_acc=89.04% test_f1=0.8500
Epoch 019 | train_loss=0.0376 | val_acc=98.29% val_f1=0.9830 | test_acc=84.83% test_f1=0.7798
Epoch 020 | train_loss=0.0394 | val_acc=99.43% val_f1=0.9943 | test_acc=87.08% test_f1=0.8207
Epoch 021 | train_loss=0.0423 | val_acc=100.00% val_f1=1.0000 | test_acc=87.08% test_f1=0.8238
Epoch 022 | train_loss=0.0290 | val_acc=100.00% val_f1=1.0000 | test_acc=84.55% test_f1=0.7807
Epoch 023 | train_loss=0.0304 | val_acc=99.43% val_f1=0.9943 | test_acc=87.64% test_f1=0.8330
Epoch 024 | train_loss=0.0250 | val_acc=100.00% val_f1=1.0000 | test_acc=83.71% test_f1=0.7655
Epoch 025 | train_loss=0.0220 | val_acc=100.00% val_f1=1.0000 | test_acc=84.55% test_f1=0.7807
Epoch 026 | train_loss=0.0243 | val_acc=100.00% val_f1=1.0000 | test_acc=87.08% test_f1=0.8238
Epoch 027 | train_loss=0.0216 | val_acc=100.00% val_f1=1.0000 | test_acc=85.96% test_f1=0.8051
Epoch 028 | train_loss=0.0186 | val_acc=100.00% val_f1=1.0000 | test_acc=84.55% test_f1=0.7807
Epoch 029 | train_loss=0.0276 | val_acc=100.00% val_f1=1.0000 | test_acc=86.52% test_f1=0.8145
Epoch 030 | train_loss=0.0145 | val_acc=100.00% val_f1=1.0000 | test_acc=85.39% test_f1=0.7988
Epoch 031 | train_loss=0.0159 | val_acc=100.00% val_f1=1.0000 | test_acc=83.99% test_f1=0.7745
Epoch 032 | train_loss=0.0136 | val_acc=100.00% val_f1=1.0000 | test_acc=84.27% test_f1=0.7794
Epoch 033 | train_loss=0.0162 | val_acc=99.43% val_f1=0.9919 | test_acc=87.64% test_f1=0.8380
Epoch 034 | train_loss=0.0174 | val_acc=100.00% val_f1=1.0000 | test_acc=83.15% test_f1=0.7593
Epoch 035 | train_loss=0.0203 | val_acc=99.43% val_f1=0.9919 | test_acc=86.80% test_f1=0.8207
Epoch 036 | train_loss=0.0125 | val_acc=100.00% val_f1=1.0000 | test_acc=82.87% test_f1=0.7541
Epoch 037 | train_loss=0.0091 | val_acc=100.00% val_f1=1.0000 | test_acc=83.15% test_f1=0.7613
Early stopping at epoch 37 (best=21, score=1.000000)
================================================================================
Best epoch: 21
Best score (val_macro_f1): 1.000000
Final test accuracy: 87.08%
Saved to: ablation_experiments/h1/results/comparison_18d_baselines/gru/gru_weld_seam_windows_ws5_tf75_pg0_h1_h96_l1_bi_do0.1_ep80_lr0.0002_wd0.0002_bs64_seed77
================================================================================
Comparison baseline | model=gru
================================================================================
Dataset: /home/huang_kai/wind_turbine_phm/PHOENIX-main/autoencoder_benchmark/Data/processed_data/weld_seam_windows_ws5_tf75_pg0_h1.npz
Device: cuda
Train/Val/Test: 990 / 175 / 356
Epoch 001 | train_loss=1.0358 | val_acc=82.29% val_f1=0.7489 | test_acc=83.71% test_f1=0.7507
Epoch 002 | train_loss=0.8930 | val_acc=84.57% val_f1=0.7790 | test_acc=91.57% test_f1=0.8803
Epoch 003 | train_loss=0.7141 | val_acc=84.57% val_f1=0.7790 | test_acc=92.42% test_f1=0.8942
Epoch 004 | train_loss=0.5992 | val_acc=88.00% val_f1=0.8371 | test_acc=92.98% test_f1=0.9074
Epoch 005 | train_loss=0.4732 | val_acc=90.86% val_f1=0.8765 | test_acc=94.66% test_f1=0.9342
Epoch 006 | train_loss=0.4033 | val_acc=91.43% val_f1=0.8845 | test_acc=94.10% test_f1=0.9249
Epoch 007 | train_loss=0.3294 | val_acc=93.71% val_f1=0.9191 | test_acc=90.45% test_f1=0.8698
Epoch 008 | train_loss=0.2394 | val_acc=93.71% val_f1=0.9229 | test_acc=91.85% test_f1=0.8902
Epoch 009 | train_loss=0.2053 | val_acc=95.43% val_f1=0.9454 | test_acc=89.33% test_f1=0.8515
Epoch 010 | train_loss=0.1725 | val_acc=96.00% val_f1=0.9508 | test_acc=88.76% test_f1=0.8423
Epoch 011 | train_loss=0.1561 | val_acc=97.71% val_f1=0.9700 | test_acc=86.80% test_f1=0.8107
Epoch 012 | train_loss=0.1209 | val_acc=97.14% val_f1=0.9640 | test_acc=88.48% test_f1=0.8408
Epoch 013 | train_loss=0.0952 | val_acc=98.29% val_f1=0.9781 | test_acc=89.89% test_f1=0.8620
Epoch 014 | train_loss=0.0959 | val_acc=98.86% val_f1=0.9862 | test_acc=86.52% test_f1=0.8058
Epoch 015 | train_loss=0.0684 | val_acc=98.86% val_f1=0.9862 | test_acc=87.64% test_f1=0.8269
Epoch 016 | train_loss=0.0591 | val_acc=98.86% val_f1=0.9862 | test_acc=84.83% test_f1=0.7838
Epoch 017 | train_loss=0.0592 | val_acc=98.86% val_f1=0.9862 | test_acc=89.33% test_f1=0.8545
Epoch 018 | train_loss=0.0496 | val_acc=98.86% val_f1=0.9862 | test_acc=83.99% test_f1=0.7618
Epoch 019 | train_loss=0.0309 | val_acc=98.86% val_f1=0.9862 | test_acc=88.20% test_f1=0.8362
Epoch 020 | train_loss=0.0347 | val_acc=98.86% val_f1=0.9862 | test_acc=85.67% test_f1=0.7929
Epoch 021 | train_loss=0.0331 | val_acc=98.86% val_f1=0.9862 | test_acc=84.27% test_f1=0.7794
Epoch 022 | train_loss=0.0282 | val_acc=98.86% val_f1=0.9862 | test_acc=84.27% test_f1=0.7794
Epoch 023 | train_loss=0.0350 | val_acc=98.86% val_f1=0.9862 | test_acc=85.39% test_f1=0.7918
Epoch 024 | train_loss=0.0269 | val_acc=98.86% val_f1=0.9862 | test_acc=85.96% test_f1=0.7979
Epoch 025 | train_loss=0.0229 | val_acc=98.86% val_f1=0.9862 | test_acc=84.83% test_f1=0.7857
Epoch 026 | train_loss=0.0156 | val_acc=99.43% val_f1=0.9943 | test_acc=85.11% test_f1=0.7923
Epoch 027 | train_loss=0.0170 | val_acc=98.86% val_f1=0.9862 | test_acc=84.55% test_f1=0.7843
Epoch 028 | train_loss=0.0187 | val_acc=98.86% val_f1=0.9862 | test_acc=83.71% test_f1=0.7731
Epoch 029 | train_loss=0.0149 | val_acc=99.43% val_f1=0.9943 | test_acc=85.96% test_f1=0.8124
Epoch 030 | train_loss=0.0131 | val_acc=98.86% val_f1=0.9862 | test_acc=81.18% test_f1=0.7331
Epoch 031 | train_loss=0.0169 | val_acc=99.43% val_f1=0.9943 | test_acc=84.83% test_f1=0.7908
Epoch 032 | train_loss=0.0155 | val_acc=98.86% val_f1=0.9862 | test_acc=82.87% test_f1=0.7581
Epoch 033 | train_loss=0.0090 | val_acc=99.43% val_f1=0.9919 | test_acc=82.58% test_f1=0.7568
Epoch 034 | train_loss=0.0126 | val_acc=100.00% val_f1=1.0000 | test_acc=84.55% test_f1=0.7877
Epoch 035 | train_loss=0.0107 | val_acc=100.00% val_f1=1.0000 | test_acc=85.39% test_f1=0.8032
Epoch 036 | train_loss=0.0130 | val_acc=99.43% val_f1=0.9919 | test_acc=82.02% test_f1=0.7426
Epoch 037 | train_loss=0.0123 | val_acc=100.00% val_f1=1.0000 | test_acc=85.39% test_f1=0.8070
Epoch 038 | train_loss=0.0091 | val_acc=99.43% val_f1=0.9919 | test_acc=85.67% test_f1=0.8115
Epoch 039 | train_loss=0.0108 | val_acc=100.00% val_f1=1.0000 | test_acc=83.71% test_f1=0.7794
Epoch 040 | train_loss=0.0073 | val_acc=100.00% val_f1=1.0000 | test_acc=83.71% test_f1=0.7794
Epoch 041 | train_loss=0.0080 | val_acc=100.00% val_f1=1.0000 | test_acc=83.99% test_f1=0.7841
Epoch 042 | train_loss=0.0072 | val_acc=100.00% val_f1=1.0000 | test_acc=83.15% test_f1=0.7683
Epoch 043 | train_loss=0.0070 | val_acc=100.00% val_f1=1.0000 | test_acc=82.58% test_f1=0.7568
Epoch 044 | train_loss=0.0048 | val_acc=100.00% val_f1=1.0000 | test_acc=84.27% test_f1=0.7859
Epoch 045 | train_loss=0.0047 | val_acc=100.00% val_f1=1.0000 | test_acc=83.99% test_f1=0.7812
Epoch 046 | train_loss=0.0072 | val_acc=100.00% val_f1=1.0000 | test_acc=84.83% test_f1=0.7967
Epoch 047 | train_loss=0.0045 | val_acc=100.00% val_f1=1.0000 | test_acc=83.43% test_f1=0.7731
Epoch 048 | train_loss=0.0066 | val_acc=100.00% val_f1=1.0000 | test_acc=83.99% test_f1=0.7827
Epoch 049 | train_loss=0.0051 | val_acc=100.00% val_f1=1.0000 | test_acc=83.99% test_f1=0.7827
Epoch 050 | train_loss=0.0040 | val_acc=100.00% val_f1=1.0000 | test_acc=82.58% test_f1=0.7602
Early stopping at epoch 50 (best=34, score=1.000000)
================================================================================
Best epoch: 34
Best score (val_macro_f1): 1.000000
Final test accuracy: 84.55%
Saved to: ablation_experiments/h1/results/comparison_18d_baselines/gru/gru_weld_seam_windows_ws5_tf75_pg0_h1_h96_l1_bi_do0.1_ep80_lr0.0002_wd0.0002_bs64_seed122
================================================================================
Comparison baseline | model=gru
================================================================================
Dataset: /home/huang_kai/wind_turbine_phm/PHOENIX-main/autoencoder_benchmark/Data/processed_data/weld_seam_windows_ws5_tf75_pg0_h1.npz
Device: cuda
Train/Val/Test: 990 / 175 / 356
Epoch 001 | train_loss=1.0142 | val_acc=80.57% val_f1=0.7649 | test_acc=91.85% test_f1=0.8867
Epoch 002 | train_loss=0.8891 | val_acc=81.14% val_f1=0.7627 | test_acc=94.66% test_f1=0.9216
Epoch 003 | train_loss=0.7149 | val_acc=83.43% val_f1=0.7815 | test_acc=94.66% test_f1=0.9262
Epoch 004 | train_loss=0.5990 | val_acc=85.14% val_f1=0.8006 | test_acc=94.10% test_f1=0.9225
Epoch 005 | train_loss=0.4847 | val_acc=86.86% val_f1=0.8241 | test_acc=94.66% test_f1=0.9327
Epoch 006 | train_loss=0.3993 | val_acc=90.29% val_f1=0.8776 | test_acc=91.01% test_f1=0.8795
Epoch 007 | train_loss=0.3547 | val_acc=90.86% val_f1=0.8852 | test_acc=91.57% test_f1=0.8881
Epoch 008 | train_loss=0.2832 | val_acc=91.43% val_f1=0.9039 | test_acc=88.48% test_f1=0.8396
Epoch 009 | train_loss=0.2410 | val_acc=91.43% val_f1=0.9039 | test_acc=87.64% test_f1=0.8252
Epoch 010 | train_loss=0.1785 | val_acc=93.14% val_f1=0.9249 | test_acc=89.61% test_f1=0.8575
Epoch 011 | train_loss=0.1700 | val_acc=94.29% val_f1=0.9414 | test_acc=87.36% test_f1=0.8221
Epoch 012 | train_loss=0.1343 | val_acc=95.43% val_f1=0.9521 | test_acc=89.33% test_f1=0.8545
Epoch 013 | train_loss=0.1185 | val_acc=97.14% val_f1=0.9714 | test_acc=83.43% test_f1=0.7558
Epoch 014 | train_loss=0.0992 | val_acc=98.29% val_f1=0.9830 | test_acc=89.89% test_f1=0.8648
Epoch 015 | train_loss=0.0786 | val_acc=97.71% val_f1=0.9770 | test_acc=82.87% test_f1=0.7475
Epoch 016 | train_loss=0.0761 | val_acc=98.29% val_f1=0.9828 | test_acc=88.76% test_f1=0.8496
Epoch 017 | train_loss=0.0586 | val_acc=98.86% val_f1=0.9886 | test_acc=89.61% test_f1=0.8629
Epoch 018 | train_loss=0.0599 | val_acc=98.86% val_f1=0.9886 | test_acc=88.76% test_f1=0.8509
Epoch 019 | train_loss=0.0522 | val_acc=98.86% val_f1=0.9886 | test_acc=87.64% test_f1=0.8316
Epoch 020 | train_loss=0.0369 | val_acc=98.29% val_f1=0.9830 | test_acc=85.96% test_f1=0.8034
Epoch 021 | train_loss=0.0406 | val_acc=99.43% val_f1=0.9943 | test_acc=88.76% test_f1=0.8521
Epoch 022 | train_loss=0.0360 | val_acc=98.86% val_f1=0.9886 | test_acc=87.08% test_f1=0.8238
Epoch 023 | train_loss=0.0287 | val_acc=98.86% val_f1=0.9886 | test_acc=85.67% test_f1=0.7986
Epoch 024 | train_loss=0.0258 | val_acc=98.86% val_f1=0.9886 | test_acc=85.67% test_f1=0.8050
Epoch 025 | train_loss=0.0216 | val_acc=100.00% val_f1=1.0000 | test_acc=83.99% test_f1=0.7812
Epoch 026 | train_loss=0.0235 | val_acc=100.00% val_f1=1.0000 | test_acc=82.58% test_f1=0.7585
Epoch 027 | train_loss=0.0213 | val_acc=98.86% val_f1=0.9886 | test_acc=85.67% test_f1=0.8035
Epoch 028 | train_loss=0.0215 | val_acc=98.86% val_f1=0.9886 | test_acc=85.11% test_f1=0.7940
Epoch 029 | train_loss=0.0152 | val_acc=98.86% val_f1=0.9886 | test_acc=85.67% test_f1=0.8035
Epoch 030 | train_loss=0.0138 | val_acc=100.00% val_f1=1.0000 | test_acc=84.55% test_f1=0.7877
Epoch 031 | train_loss=0.0172 | val_acc=100.00% val_f1=1.0000 | test_acc=83.71% test_f1=0.7764
Epoch 032 | train_loss=0.0101 | val_acc=100.00% val_f1=1.0000 | test_acc=82.58% test_f1=0.7617
Epoch 033 | train_loss=0.0114 | val_acc=100.00% val_f1=1.0000 | test_acc=83.15% test_f1=0.7713
Epoch 034 | train_loss=0.0141 | val_acc=100.00% val_f1=1.0000 | test_acc=84.83% test_f1=0.7967
Epoch 035 | train_loss=0.0106 | val_acc=100.00% val_f1=1.0000 | test_acc=83.99% test_f1=0.7827
Epoch 036 | train_loss=0.0101 | val_acc=99.43% val_f1=0.9943 | test_acc=84.83% test_f1=0.7953
Epoch 037 | train_loss=0.0100 | val_acc=100.00% val_f1=1.0000 | test_acc=84.83% test_f1=0.7953
Epoch 038 | train_loss=0.0118 | val_acc=100.00% val_f1=1.0000 | test_acc=83.71% test_f1=0.7764
Epoch 039 | train_loss=0.0088 | val_acc=100.00% val_f1=1.0000 | test_acc=85.11% test_f1=0.8000
Epoch 040 | train_loss=0.0081 | val_acc=100.00% val_f1=1.0000 | test_acc=84.83% test_f1=0.7967
Epoch 041 | train_loss=0.0097 | val_acc=100.00% val_f1=1.0000 | test_acc=82.58% test_f1=0.7617
Early stopping at epoch 41 (best=25, score=1.000000)
================================================================================
Best epoch: 25
Best score (val_macro_f1): 1.000000
Final test accuracy: 83.99%
Saved to: ablation_experiments/h1/results/comparison_18d_baselines/gru/gru_weld_seam_windows_ws5_tf75_pg0_h1_h96_l1_bi_do0.1_ep80_lr0.0002_wd0.0002_bs64_seed183
[seed_eval] gru_weld_seam_windows_ws5_tf75_pg0_h1_h64_l1_uni_do0.1_ep80_lr0.0001_wd0.0002_bs128_seed122 | status=success test_acc=87.36% f1=0.8210
[seed_eval] gru_weld_seam_windows_ws5_tf75_pg0_h1_h64_l1_uni_do0.1_ep80_lr0.0001_wd0.0002_bs128_seed183 | status=success test_acc=91.29% f1=0.8727
[seed_eval] gru_weld_seam_windows_ws5_tf75_pg0_h1_h128_l3_uni_do0.3_ep80_lr0.0002_wd0.0005_bs128_seed14 | status=skipped_existing test_acc=89.89% f1=0.8716
[seed_eval] gru_weld_seam_windows_ws5_tf75_pg0_h1_h128_l3_uni_do0.3_ep80_lr0.0002_wd0.0005_bs128_seed42 | status=success test_acc=81.18% f1=0.7495
[seed_eval] gru_weld_seam_windows_ws5_tf75_pg0_h1_h128_l3_uni_do0.3_ep80_lr0.0002_wd0.0005_bs128_seed77 | status=success test_acc=82.58% f1=0.7467
[seed_eval] gru_weld_seam_windows_ws5_tf75_pg0_h1_h128_l3_uni_do0.3_ep80_lr0.0002_wd0.0005_bs128_seed100 | status=success test_acc=85.39% f1=0.8101
[seed_eval] gru_weld_seam_windows_ws5_tf75_pg0_h1_h128_l3_uni_do0.3_ep80_lr0.0002_wd0.0005_bs128_seed122 | status=success test_acc=89.04% f1=0.8587
[seed_eval] gru_weld_seam_windows_ws5_tf75_pg0_h1_h128_l3_uni_do0.3_ep80_lr0.0002_wd0.0005_bs128_seed183 | status=success test_acc=80.90% f1=0.7354
[seed_eval] gru_weld_seam_windows_ws5_tf75_pg0_h1_h96_l1_bi_do0.1_ep80_lr0.0002_wd0.0002_bs64_seed14 | status=success test_acc=83.71% f1=0.7713
[seed_eval] gru_weld_seam_windows_ws5_tf75_pg0_h1_h96_l1_bi_do0.1_ep80_lr0.0002_wd0.0002_bs64_seed42 | status=success test_acc=82.02% f1=0.7551
[seed_eval] gru_weld_seam_windows_ws5_tf75_pg0_h1_h96_l1_bi_do0.1_ep80_lr0.0002_wd0.0002_bs64_seed77 | status=success test_acc=87.08% f1=0.8238
[seed_eval] gru_weld_seam_windows_ws5_tf75_pg0_h1_h96_l1_bi_do0.1_ep80_lr0.0002_wd0.0002_bs64_seed100 | status=skipped_existing test_acc=89.04% f1=0.8528
[seed_eval] gru_weld_seam_windows_ws5_tf75_pg0_h1_h96_l1_bi_do0.1_ep80_lr0.0002_wd0.0002_bs64_seed122 | status=success test_acc=84.55% f1=0.7877
[seed_eval] gru_weld_seam_windows_ws5_tf75_pg0_h1_h96_l1_bi_do0.1_ep80_lr0.0002_wd0.0002_bs64_seed183 | status=success test_acc=83.99% f1=0.7812
Sweep complete for model=gru
Report dir: ablation_experiments/h1/reports/comparison_18d_baselines/round3/gru
