================================================================================
Comparison baseline | model=inception
================================================================================
Dataset: /home/huang_kai/wind_turbine_phm/PHOENIX-main/autoencoder_benchmark/Data/processed_data/weld_seam_windows_ws5_tf75_pg0_h1.npz
Device: cuda
Train/Val/Test: 990 / 175 / 356
Epoch 001 | train_loss=0.8541 | val_acc=64.57% val_f1=0.6206 | test_acc=68.26% test_f1=0.6815
Epoch 002 | train_loss=0.6160 | val_acc=86.29% val_f1=0.8314 | test_acc=97.47% test_f1=0.9679
Epoch 003 | train_loss=0.4763 | val_acc=93.71% val_f1=0.9346 | test_acc=94.94% test_f1=0.9304
Epoch 004 | train_loss=0.3551 | val_acc=97.14% val_f1=0.9694 | test_acc=91.57% test_f1=0.8830
Epoch 005 | train_loss=0.2846 | val_acc=97.14% val_f1=0.9721 | test_acc=92.13% test_f1=0.8904
Epoch 006 | train_loss=0.2326 | val_acc=97.14% val_f1=0.9721 | test_acc=89.61% test_f1=0.8477
Epoch 007 | train_loss=0.1792 | val_acc=98.29% val_f1=0.9830 | test_acc=87.64% test_f1=0.8177
Epoch 008 | train_loss=0.1616 | val_acc=98.86% val_f1=0.9886 | test_acc=90.45% test_f1=0.8735
Epoch 009 | train_loss=0.1305 | val_acc=100.00% val_f1=1.0000 | test_acc=80.62% test_f1=0.7105
Epoch 010 | train_loss=0.0953 | val_acc=99.43% val_f1=0.9943 | test_acc=89.89% test_f1=0.8648
Epoch 011 | train_loss=0.1076 | val_acc=98.86% val_f1=0.9886 | test_acc=86.80% test_f1=0.8107
Epoch 012 | train_loss=0.0828 | val_acc=100.00% val_f1=1.0000 | test_acc=85.39% test_f1=0.7972
Epoch 013 | train_loss=0.0958 | val_acc=100.00% val_f1=1.0000 | test_acc=82.58% test_f1=0.7585
Epoch 014 | train_loss=0.0671 | val_acc=100.00% val_f1=1.0000 | test_acc=79.78% test_f1=0.7203
Epoch 015 | train_loss=0.0637 | val_acc=100.00% val_f1=1.0000 | test_acc=80.34% test_f1=0.7100
Epoch 016 | train_loss=0.0939 | val_acc=100.00% val_f1=1.0000 | test_acc=81.74% test_f1=0.7329
Epoch 017 | train_loss=0.0564 | val_acc=100.00% val_f1=1.0000 | test_acc=78.93% test_f1=0.6966
Epoch 018 | train_loss=0.0480 | val_acc=100.00% val_f1=1.0000 | test_acc=85.96% test_f1=0.8111
Epoch 019 | train_loss=0.0475 | val_acc=100.00% val_f1=1.0000 | test_acc=80.34% test_f1=0.7302
Epoch 020 | train_loss=0.0396 | val_acc=100.00% val_f1=1.0000 | test_acc=83.15% test_f1=0.7774
Epoch 021 | train_loss=0.0442 | val_acc=100.00% val_f1=1.0000 | test_acc=79.21% test_f1=0.7241
Epoch 022 | train_loss=0.0829 | val_acc=100.00% val_f1=1.0000 | test_acc=73.03% test_f1=0.6252
Epoch 023 | train_loss=0.0522 | val_acc=100.00% val_f1=1.0000 | test_acc=80.34% test_f1=0.7401
Epoch 024 | train_loss=0.0379 | val_acc=100.00% val_f1=1.0000 | test_acc=76.97% test_f1=0.6848
Epoch 025 | train_loss=0.0391 | val_acc=100.00% val_f1=1.0000 | test_acc=80.06% test_f1=0.7236
Early stopping at epoch 25 (best=9, score=1.000000)
================================================================================
Best epoch: 9
Best score (val_macro_f1): 1.000000
Final test accuracy: 80.62%
Saved to: ablation_experiments/h1/results/comparison_18d_baselines/inception/inception_weld_seam_windows_ws5_tf75_pg0_h1_oc24_blk3_bn16_do0.2_ep80_lr0.0002_wd1e-05_bs64_seed77
================================================================================
Comparison baseline | model=inception
================================================================================
Dataset: /home/huang_kai/wind_turbine_phm/PHOENIX-main/autoencoder_benchmark/Data/processed_data/weld_seam_windows_ws5_tf75_pg0_h1.npz
Device: cuda
Train/Val/Test: 990 / 175 / 356
Epoch 001 | train_loss=1.0742 | val_acc=49.14% val_f1=0.5122 | test_acc=23.31% test_f1=0.1831
Epoch 002 | train_loss=0.8569 | val_acc=77.71% val_f1=0.7601 | test_acc=76.40% test_f1=0.7770
Epoch 003 | train_loss=0.6629 | val_acc=85.71% val_f1=0.8264 | test_acc=93.54% test_f1=0.9322
Epoch 004 | train_loss=0.4778 | val_acc=90.86% val_f1=0.8794 | test_acc=93.26% test_f1=0.9237
Epoch 005 | train_loss=0.3755 | val_acc=93.71% val_f1=0.9178 | test_acc=91.57% test_f1=0.9005
Epoch 006 | train_loss=0.2767 | val_acc=96.00% val_f1=0.9558 | test_acc=90.45% test_f1=0.8834
Epoch 007 | train_loss=0.2112 | val_acc=95.43% val_f1=0.9538 | test_acc=88.48% test_f1=0.8559
Epoch 008 | train_loss=0.1605 | val_acc=95.43% val_f1=0.9538 | test_acc=90.45% test_f1=0.8796
Epoch 009 | train_loss=0.1345 | val_acc=98.29% val_f1=0.9807 | test_acc=86.24% test_f1=0.8214
Epoch 010 | train_loss=0.1148 | val_acc=99.43% val_f1=0.9919 | test_acc=78.09% test_f1=0.7049
Epoch 011 | train_loss=0.0820 | val_acc=98.86% val_f1=0.9862 | test_acc=82.30% test_f1=0.7605
Epoch 012 | train_loss=0.0717 | val_acc=98.29% val_f1=0.9807 | test_acc=85.39% test_f1=0.8102
Epoch 013 | train_loss=0.0592 | val_acc=99.43% val_f1=0.9919 | test_acc=81.74% test_f1=0.7656
Epoch 014 | train_loss=0.0480 | val_acc=99.43% val_f1=0.9919 | test_acc=80.06% test_f1=0.7439
Epoch 015 | train_loss=0.0349 | val_acc=99.43% val_f1=0.9919 | test_acc=79.49% test_f1=0.7342
Epoch 016 | train_loss=0.0366 | val_acc=99.43% val_f1=0.9919 | test_acc=83.71% test_f1=0.7904
Epoch 017 | train_loss=0.0300 | val_acc=99.43% val_f1=0.9919 | test_acc=76.12% test_f1=0.6713
Epoch 018 | train_loss=0.0295 | val_acc=99.43% val_f1=0.9919 | test_acc=75.00% test_f1=0.6593
Epoch 019 | train_loss=0.0204 | val_acc=99.43% val_f1=0.9919 | test_acc=76.12% test_f1=0.6767
Epoch 020 | train_loss=0.0207 | val_acc=99.43% val_f1=0.9919 | test_acc=76.40% test_f1=0.6784
Epoch 021 | train_loss=0.0159 | val_acc=99.43% val_f1=0.9919 | test_acc=76.97% test_f1=0.6918
Epoch 022 | train_loss=0.0176 | val_acc=99.43% val_f1=0.9919 | test_acc=75.28% test_f1=0.6660
Epoch 023 | train_loss=0.0132 | val_acc=99.43% val_f1=0.9919 | test_acc=77.81% test_f1=0.7096
Epoch 024 | train_loss=0.0151 | val_acc=99.43% val_f1=0.9919 | test_acc=76.12% test_f1=0.6810
Epoch 025 | train_loss=0.0176 | val_acc=99.43% val_f1=0.9919 | test_acc=76.40% test_f1=0.6846
Epoch 026 | train_loss=0.0157 | val_acc=99.43% val_f1=0.9919 | test_acc=77.25% test_f1=0.7030
Early stopping at epoch 26 (best=10, score=0.991859)
================================================================================
Best epoch: 10
Best score (val_macro_f1): 0.991859
Final test accuracy: 78.09%
Saved to: ablation_experiments/h1/results/comparison_18d_baselines/inception/inception_weld_seam_windows_ws5_tf75_pg0_h1_oc16_blk3_bn16_do0.1_ep80_lr0.0005_wd1e-05_bs128_seed14
================================================================================
Comparison baseline | model=inception
================================================================================
Dataset: /home/huang_kai/wind_turbine_phm/PHOENIX-main/autoencoder_benchmark/Data/processed_data/weld_seam_windows_ws5_tf75_pg0_h1.npz
Device: cuda
Train/Val/Test: 990 / 175 / 356
Epoch 001 | train_loss=0.9811 | val_acc=62.29% val_f1=0.6358 | test_acc=78.37% test_f1=0.7929
Epoch 002 | train_loss=0.7401 | val_acc=81.71% val_f1=0.8030 | test_acc=90.73% test_f1=0.9006
Epoch 003 | train_loss=0.5479 | val_acc=90.86% val_f1=0.8996 | test_acc=92.42% test_f1=0.9112
Epoch 004 | train_loss=0.4489 | val_acc=93.71% val_f1=0.9318 | test_acc=91.29% test_f1=0.8926
Epoch 005 | train_loss=0.3467 | val_acc=94.29% val_f1=0.9410 | test_acc=89.33% test_f1=0.8640
Epoch 006 | train_loss=0.2707 | val_acc=94.86% val_f1=0.9462 | test_acc=86.80% test_f1=0.8270
Epoch 007 | train_loss=0.2447 | val_acc=94.29% val_f1=0.9410 | test_acc=86.24% test_f1=0.8169
Epoch 008 | train_loss=0.1762 | val_acc=96.00% val_f1=0.9590 | test_acc=87.36% test_f1=0.8336
Epoch 009 | train_loss=0.1474 | val_acc=96.00% val_f1=0.9590 | test_acc=84.55% test_f1=0.7860
Epoch 010 | train_loss=0.1195 | val_acc=96.00% val_f1=0.9590 | test_acc=83.99% test_f1=0.7763
Epoch 011 | train_loss=0.0931 | val_acc=95.43% val_f1=0.9538 | test_acc=83.43% test_f1=0.7603
Epoch 012 | train_loss=0.0845 | val_acc=95.43% val_f1=0.9538 | test_acc=81.46% test_f1=0.7249
Epoch 013 | train_loss=0.0818 | val_acc=96.57% val_f1=0.9644 | test_acc=79.49% test_f1=0.6899
Epoch 014 | train_loss=0.0869 | val_acc=98.86% val_f1=0.9862 | test_acc=77.53% test_f1=0.6779
Epoch 015 | train_loss=0.0551 | val_acc=98.29% val_f1=0.9807 | test_acc=79.21% test_f1=0.6974
Epoch 016 | train_loss=0.0348 | val_acc=98.29% val_f1=0.9807 | test_acc=78.93% test_f1=0.6918
Epoch 017 | train_loss=0.0440 | val_acc=98.86% val_f1=0.9862 | test_acc=78.93% test_f1=0.7066
Epoch 018 | train_loss=0.0331 | val_acc=98.86% val_f1=0.9862 | test_acc=79.49% test_f1=0.7152
Epoch 019 | train_loss=0.0319 | val_acc=98.86% val_f1=0.9862 | test_acc=80.62% test_f1=0.7379
Epoch 020 | train_loss=0.0324 | val_acc=98.86% val_f1=0.9862 | test_acc=77.81% test_f1=0.6894
Epoch 021 | train_loss=0.0427 | val_acc=98.86% val_f1=0.9862 | test_acc=77.53% test_f1=0.6841
Epoch 022 | train_loss=0.0328 | val_acc=99.43% val_f1=0.9919 | test_acc=76.97% test_f1=0.6771
Epoch 023 | train_loss=0.0229 | val_acc=100.00% val_f1=1.0000 | test_acc=78.37% test_f1=0.7056
Epoch 024 | train_loss=0.0280 | val_acc=99.43% val_f1=0.9919 | test_acc=77.25% test_f1=0.6857
Epoch 025 | train_loss=0.0208 | val_acc=99.43% val_f1=0.9919 | test_acc=77.53% test_f1=0.6892
Epoch 026 | train_loss=0.0120 | val_acc=99.43% val_f1=0.9919 | test_acc=76.12% test_f1=0.6629
Epoch 027 | train_loss=0.0258 | val_acc=99.43% val_f1=0.9919 | test_acc=74.44% test_f1=0.6313
Epoch 028 | train_loss=0.0194 | val_acc=100.00% val_f1=1.0000 | test_acc=76.40% test_f1=0.6701
Epoch 029 | train_loss=0.0204 | val_acc=100.00% val_f1=1.0000 | test_acc=80.62% test_f1=0.7413
Epoch 030 | train_loss=0.0131 | val_acc=99.43% val_f1=0.9919 | test_acc=76.69% test_f1=0.6770
Epoch 031 | train_loss=0.0124 | val_acc=99.43% val_f1=0.9919 | test_acc=75.84% test_f1=0.6660
Epoch 032 | train_loss=0.0133 | val_acc=99.43% val_f1=0.9919 | test_acc=74.16% test_f1=0.6321
Epoch 033 | train_loss=0.0081 | val_acc=99.43% val_f1=0.9919 | test_acc=75.28% test_f1=0.6484
Epoch 034 | train_loss=0.0125 | val_acc=99.43% val_f1=0.9919 | test_acc=73.88% test_f1=0.6243
Epoch 035 | train_loss=0.0065 | val_acc=100.00% val_f1=1.0000 | test_acc=76.40% test_f1=0.6733
Epoch 036 | train_loss=0.0320 | val_acc=100.00% val_f1=1.0000 | test_acc=75.84% test_f1=0.6594
Epoch 037 | train_loss=0.0085 | val_acc=100.00% val_f1=1.0000 | test_acc=73.88% test_f1=0.6285
Epoch 038 | train_loss=0.0147 | val_acc=100.00% val_f1=1.0000 | test_acc=73.88% test_f1=0.6243
Epoch 039 | train_loss=0.0081 | val_acc=100.00% val_f1=1.0000 | test_acc=77.53% test_f1=0.6876
Early stopping at epoch 39 (best=23, score=1.000000)
================================================================================
Best epoch: 23
Best score (val_macro_f1): 1.000000
Final test accuracy: 78.37%
Saved to: ablation_experiments/h1/results/comparison_18d_baselines/inception/inception_weld_seam_windows_ws5_tf75_pg0_h1_oc16_blk3_bn16_do0.1_ep80_lr0.0005_wd0.0002_bs128_seed14
================================================================================
Comparison baseline | model=inception
================================================================================
Dataset: /home/huang_kai/wind_turbine_phm/PHOENIX-main/autoencoder_benchmark/Data/processed_data/weld_seam_windows_ws5_tf75_pg0_h1.npz
Device: cuda
Train/Val/Test: 990 / 175 / 356
Epoch 001 | train_loss=0.9425 | val_acc=73.71% val_f1=0.6889 | test_acc=91.57% test_f1=0.8933
Epoch 002 | train_loss=0.5834 | val_acc=88.00% val_f1=0.8596 | test_acc=91.85% test_f1=0.8848
Epoch 003 | train_loss=0.3782 | val_acc=93.14% val_f1=0.9174 | test_acc=87.92% test_f1=0.8375
Epoch 004 | train_loss=0.2508 | val_acc=93.14% val_f1=0.9210 | test_acc=89.61% test_f1=0.8629
Epoch 005 | train_loss=0.1962 | val_acc=97.14% val_f1=0.9664 | test_acc=86.24% test_f1=0.8114
Epoch 006 | train_loss=0.1534 | val_acc=98.86% val_f1=0.9859 | test_acc=82.58% test_f1=0.7510
Epoch 007 | train_loss=0.1109 | val_acc=96.00% val_f1=0.9583 | test_acc=84.27% test_f1=0.7767
Epoch 008 | train_loss=0.0934 | val_acc=98.86% val_f1=0.9859 | test_acc=83.99% test_f1=0.7706
Epoch 009 | train_loss=0.0859 | val_acc=99.43% val_f1=0.9919 | test_acc=86.52% test_f1=0.8247
Epoch 010 | train_loss=0.0721 | val_acc=99.43% val_f1=0.9919 | test_acc=82.30% test_f1=0.7457
Epoch 011 | train_loss=0.0723 | val_acc=99.43% val_f1=0.9919 | test_acc=82.58% test_f1=0.7530
Epoch 012 | train_loss=0.0333 | val_acc=100.00% val_f1=1.0000 | test_acc=86.24% test_f1=0.8148
Epoch 013 | train_loss=0.0420 | val_acc=99.43% val_f1=0.9919 | test_acc=80.90% test_f1=0.7210
Epoch 014 | train_loss=0.0351 | val_acc=99.43% val_f1=0.9919 | test_acc=80.90% test_f1=0.7234
Epoch 015 | train_loss=0.0376 | val_acc=100.00% val_f1=1.0000 | test_acc=84.55% test_f1=0.7953
Epoch 016 | train_loss=0.0352 | val_acc=100.00% val_f1=1.0000 | test_acc=81.18% test_f1=0.7406
Epoch 017 | train_loss=0.0231 | val_acc=99.43% val_f1=0.9919 | test_acc=78.37% test_f1=0.6971
Epoch 018 | train_loss=0.0315 | val_acc=100.00% val_f1=1.0000 | test_acc=85.11% test_f1=0.8011
Epoch 019 | train_loss=0.0406 | val_acc=100.00% val_f1=1.0000 | test_acc=83.15% test_f1=0.7744
Epoch 020 | train_loss=0.0314 | val_acc=100.00% val_f1=1.0000 | test_acc=83.43% test_f1=0.7769
Epoch 021 | train_loss=0.0296 | val_acc=100.00% val_f1=1.0000 | test_acc=77.81% test_f1=0.6933
Epoch 022 | train_loss=0.0199 | val_acc=100.00% val_f1=1.0000 | test_acc=80.90% test_f1=0.7404
Epoch 023 | train_loss=0.0246 | val_acc=100.00% val_f1=1.0000 | test_acc=76.97% test_f1=0.6733
Epoch 024 | train_loss=0.0228 | val_acc=100.00% val_f1=1.0000 | test_acc=80.34% test_f1=0.7344
Epoch 025 | train_loss=0.0250 | val_acc=100.00% val_f1=1.0000 | test_acc=80.90% test_f1=0.7469
Epoch 026 | train_loss=0.0202 | val_acc=100.00% val_f1=1.0000 | test_acc=82.87% test_f1=0.7696
Epoch 027 | train_loss=0.0126 | val_acc=100.00% val_f1=1.0000 | test_acc=82.87% test_f1=0.7781
Epoch 028 | train_loss=0.0103 | val_acc=100.00% val_f1=1.0000 | test_acc=78.37% test_f1=0.7038
Early stopping at epoch 28 (best=12, score=1.000000)
================================================================================
Best epoch: 12
Best score (val_macro_f1): 1.000000
Final test accuracy: 86.24%
Saved to: ablation_experiments/h1/results/comparison_18d_baselines/inception/inception_weld_seam_windows_ws5_tf75_pg0_h1_oc24_blk3_bn16_do0.2_ep80_lr0.0003_wd0.0005_bs64_seed122
================================================================================
Comparison baseline | model=inception
================================================================================
Dataset: /home/huang_kai/wind_turbine_phm/PHOENIX-main/autoencoder_benchmark/Data/processed_data/weld_seam_windows_ws5_tf75_pg0_h1.npz
Device: cuda
Train/Val/Test: 990 / 175 / 356
Epoch 001 | train_loss=1.0133 | val_acc=76.00% val_f1=0.7025 | test_acc=72.19% test_f1=0.6727
Epoch 002 | train_loss=0.6886 | val_acc=85.14% val_f1=0.8227 | test_acc=88.76% test_f1=0.8849
Epoch 003 | train_loss=0.4254 | val_acc=90.86% val_f1=0.9004 | test_acc=87.36% test_f1=0.8398
Epoch 004 | train_loss=0.2711 | val_acc=93.71% val_f1=0.9270 | test_acc=90.17% test_f1=0.8764
Epoch 005 | train_loss=0.1916 | val_acc=96.00% val_f1=0.9576 | test_acc=89.61% test_f1=0.8679
Epoch 006 | train_loss=0.1233 | val_acc=97.14% val_f1=0.9717 | test_acc=87.36% test_f1=0.8351
Epoch 007 | train_loss=0.0909 | val_acc=97.71% val_f1=0.9772 | test_acc=83.15% test_f1=0.7733
Epoch 008 | train_loss=0.0754 | val_acc=98.29% val_f1=0.9828 | test_acc=84.27% test_f1=0.7947
Epoch 009 | train_loss=0.0414 | val_acc=98.86% val_f1=0.9886 | test_acc=85.96% test_f1=0.8192
Epoch 010 | train_loss=0.0553 | val_acc=100.00% val_f1=1.0000 | test_acc=80.90% test_f1=0.7380
Epoch 011 | train_loss=0.0452 | val_acc=98.86% val_f1=0.9886 | test_acc=84.83% test_f1=0.8026
Epoch 012 | train_loss=0.0299 | val_acc=100.00% val_f1=1.0000 | test_acc=84.27% test_f1=0.7968
Epoch 013 | train_loss=0.0252 | val_acc=100.00% val_f1=1.0000 | test_acc=83.43% test_f1=0.7864
Epoch 014 | train_loss=0.0215 | val_acc=100.00% val_f1=1.0000 | test_acc=83.43% test_f1=0.7868
Epoch 015 | train_loss=0.0271 | val_acc=100.00% val_f1=1.0000 | test_acc=80.62% test_f1=0.7459
Epoch 016 | train_loss=0.0176 | val_acc=100.00% val_f1=1.0000 | test_acc=80.34% test_f1=0.7452
Epoch 017 | train_loss=0.0180 | val_acc=100.00% val_f1=1.0000 | test_acc=77.53% test_f1=0.7013
Epoch 018 | train_loss=0.0145 | val_acc=100.00% val_f1=1.0000 | test_acc=81.18% test_f1=0.7516
Epoch 019 | train_loss=0.0135 | val_acc=100.00% val_f1=1.0000 | test_acc=78.37% test_f1=0.7169
Epoch 020 | train_loss=0.0133 | val_acc=100.00% val_f1=1.0000 | test_acc=81.74% test_f1=0.7675
Epoch 021 | train_loss=0.0112 | val_acc=100.00% val_f1=1.0000 | test_acc=81.46% test_f1=0.7595
Epoch 022 | train_loss=0.0111 | val_acc=100.00% val_f1=1.0000 | test_acc=75.00% test_f1=0.6676
Epoch 023 | train_loss=0.0153 | val_acc=100.00% val_f1=1.0000 | test_acc=77.81% test_f1=0.7093
Epoch 024 | train_loss=0.0091 | val_acc=100.00% val_f1=1.0000 | test_acc=83.43% test_f1=0.7921
Epoch 025 | train_loss=0.0158 | val_acc=100.00% val_f1=1.0000 | test_acc=80.06% test_f1=0.7422
Epoch 026 | train_loss=0.0073 | val_acc=100.00% val_f1=1.0000 | test_acc=74.16% test_f1=0.6555
Early stopping at epoch 26 (best=10, score=1.000000)
================================================================================
Best epoch: 10
Best score (val_macro_f1): 1.000000
Final test accuracy: 80.90%
Saved to: ablation_experiments/h1/results/comparison_18d_baselines/inception/inception_weld_seam_windows_ws5_tf75_pg0_h1_oc32_blk3_bn16_do0.2_ep80_lr0.0005_wd0.0002_bs128_seed183
================================================================================
Comparison baseline | model=inception
================================================================================
Dataset: /home/huang_kai/wind_turbine_phm/PHOENIX-main/autoencoder_benchmark/Data/processed_data/weld_seam_windows_ws5_tf75_pg0_h1.npz
Device: cuda
Train/Val/Test: 990 / 175 / 356
Epoch 001 | train_loss=1.1416 | val_acc=62.86% val_f1=0.4513 | test_acc=59.83% test_f1=0.3684
Epoch 002 | train_loss=0.9217 | val_acc=71.43% val_f1=0.7008 | test_acc=81.18% test_f1=0.7683
Epoch 003 | train_loss=0.7615 | val_acc=68.57% val_f1=0.7019 | test_acc=80.34% test_f1=0.7399
Epoch 004 | train_loss=0.6154 | val_acc=82.29% val_f1=0.8340 | test_acc=85.96% test_f1=0.7765
Epoch 005 | train_loss=0.4836 | val_acc=89.71% val_f1=0.9013 | test_acc=87.64% test_f1=0.8067
Epoch 006 | train_loss=0.3718 | val_acc=92.57% val_f1=0.9258 | test_acc=88.20% test_f1=0.8214
Epoch 007 | train_loss=0.2769 | val_acc=93.14% val_f1=0.9308 | test_acc=85.39% test_f1=0.7765
Epoch 008 | train_loss=0.1920 | val_acc=94.29% val_f1=0.9410 | test_acc=86.24% test_f1=0.7989
Epoch 009 | train_loss=0.1511 | val_acc=95.43% val_f1=0.9508 | test_acc=82.87% test_f1=0.7520
Epoch 010 | train_loss=0.1246 | val_acc=96.00% val_f1=0.9590 | test_acc=87.08% test_f1=0.8232
Epoch 011 | train_loss=0.0889 | val_acc=97.14% val_f1=0.9694 | test_acc=83.15% test_f1=0.7699
Epoch 012 | train_loss=0.0773 | val_acc=96.57% val_f1=0.9639 | test_acc=81.46% test_f1=0.7395
Epoch 013 | train_loss=0.0701 | val_acc=97.14% val_f1=0.9697 | test_acc=81.74% test_f1=0.7373
Epoch 014 | train_loss=0.0560 | val_acc=98.86% val_f1=0.9861 | test_acc=79.21% test_f1=0.7034
Epoch 015 | train_loss=0.0410 | val_acc=99.43% val_f1=0.9919 | test_acc=79.78% test_f1=0.7120
Epoch 016 | train_loss=0.0412 | val_acc=99.43% val_f1=0.9919 | test_acc=80.06% test_f1=0.7194
Epoch 017 | train_loss=0.0312 | val_acc=99.43% val_f1=0.9919 | test_acc=78.37% test_f1=0.6914
Epoch 018 | train_loss=0.0292 | val_acc=99.43% val_f1=0.9919 | test_acc=77.25% test_f1=0.6782
Epoch 019 | train_loss=0.0271 | val_acc=99.43% val_f1=0.9919 | test_acc=77.81% test_f1=0.6870
Epoch 020 | train_loss=0.0232 | val_acc=99.43% val_f1=0.9919 | test_acc=80.34% test_f1=0.7300
Epoch 021 | train_loss=0.0251 | val_acc=99.43% val_f1=0.9919 | test_acc=81.46% test_f1=0.7495
Epoch 022 | train_loss=0.0167 | val_acc=99.43% val_f1=0.9919 | test_acc=79.49% test_f1=0.7199
Epoch 023 | train_loss=0.0205 | val_acc=99.43% val_f1=0.9919 | test_acc=79.49% test_f1=0.7148
Epoch 024 | train_loss=0.0135 | val_acc=99.43% val_f1=0.9919 | test_acc=79.49% test_f1=0.7148
Epoch 025 | train_loss=0.0164 | val_acc=99.43% val_f1=0.9919 | test_acc=79.49% test_f1=0.7148
Epoch 026 | train_loss=0.0111 | val_acc=99.43% val_f1=0.9919 | test_acc=82.02% test_f1=0.7578
Epoch 027 | train_loss=0.0136 | val_acc=99.43% val_f1=0.9919 | test_acc=81.46% test_f1=0.7510
Epoch 028 | train_loss=0.0138 | val_acc=99.43% val_f1=0.9919 | test_acc=78.93% test_f1=0.7081
Epoch 029 | train_loss=0.0111 | val_acc=99.43% val_f1=0.9919 | test_acc=78.93% test_f1=0.7081
Epoch 030 | train_loss=0.0113 | val_acc=99.43% val_f1=0.9919 | test_acc=77.81% test_f1=0.6863
Epoch 031 | train_loss=0.0123 | val_acc=99.43% val_f1=0.9919 | test_acc=79.49% test_f1=0.7197
Early stopping at epoch 31 (best=15, score=0.991859)
================================================================================
Best epoch: 15
Best score (val_macro_f1): 0.991859
Final test accuracy: 79.78%
Saved to: ablation_experiments/h1/results/comparison_18d_baselines/inception/inception_weld_seam_windows_ws5_tf75_pg0_h1_oc16_blk6_bn16_do0.1_ep80_lr0.0002_wd0.0002_bs128_seed14
================================================================================
Comparison baseline | model=inception
================================================================================
Dataset: /home/huang_kai/wind_turbine_phm/PHOENIX-main/autoencoder_benchmark/Data/processed_data/weld_seam_windows_ws5_tf75_pg0_h1.npz
Device: cuda
Train/Val/Test: 990 / 175 / 356
Epoch 001 | train_loss=1.1646 | val_acc=24.57% val_f1=0.1467 | test_acc=25.28% test_f1=0.1512
Epoch 002 | train_loss=0.9561 | val_acc=37.14% val_f1=0.3793 | test_acc=27.53% test_f1=0.1794
Epoch 003 | train_loss=0.8158 | val_acc=52.00% val_f1=0.5544 | test_acc=53.65% test_f1=0.4924
Epoch 004 | train_loss=0.6732 | val_acc=83.43% val_f1=0.8529 | test_acc=78.37% test_f1=0.7590
Epoch 005 | train_loss=0.5372 | val_acc=89.14% val_f1=0.8975 | test_acc=91.57% test_f1=0.8971
Epoch 006 | train_loss=0.4179 | val_acc=94.29% val_f1=0.9427 | test_acc=93.54% test_f1=0.9183
Epoch 007 | train_loss=0.3158 | val_acc=95.43% val_f1=0.9560 | test_acc=92.42% test_f1=0.9015
Epoch 008 | train_loss=0.2316 | val_acc=97.14% val_f1=0.9721 | test_acc=91.85% test_f1=0.8956
Epoch 009 | train_loss=0.1748 | val_acc=97.14% val_f1=0.9721 | test_acc=90.45% test_f1=0.8755
Epoch 010 | train_loss=0.1352 | val_acc=97.71% val_f1=0.9775 | test_acc=86.24% test_f1=0.8133
Epoch 011 | train_loss=0.1041 | val_acc=98.29% val_f1=0.9830 | test_acc=87.36% test_f1=0.8334
Epoch 012 | train_loss=0.0854 | val_acc=98.86% val_f1=0.9886 | test_acc=85.39% test_f1=0.8043
Epoch 013 | train_loss=0.0772 | val_acc=98.86% val_f1=0.9886 | test_acc=85.39% test_f1=0.8043
Epoch 014 | train_loss=0.0533 | val_acc=100.00% val_f1=1.0000 | test_acc=83.71% test_f1=0.7810
Epoch 015 | train_loss=0.0488 | val_acc=100.00% val_f1=1.0000 | test_acc=80.90% test_f1=0.7409
Epoch 016 | train_loss=0.0484 | val_acc=100.00% val_f1=1.0000 | test_acc=85.11% test_f1=0.8030
Epoch 017 | train_loss=0.0299 | val_acc=100.00% val_f1=1.0000 | test_acc=83.15% test_f1=0.7861
Epoch 018 | train_loss=0.0251 | val_acc=100.00% val_f1=1.0000 | test_acc=83.43% test_f1=0.7934
Epoch 019 | train_loss=0.0252 | val_acc=100.00% val_f1=1.0000 | test_acc=79.21% test_f1=0.7382
Epoch 020 | train_loss=0.0310 | val_acc=100.00% val_f1=1.0000 | test_acc=81.46% test_f1=0.7686
Epoch 021 | train_loss=0.0270 | val_acc=100.00% val_f1=1.0000 | test_acc=79.21% test_f1=0.7362
Epoch 022 | train_loss=0.0272 | val_acc=100.00% val_f1=1.0000 | test_acc=82.87% test_f1=0.7838
Epoch 023 | train_loss=0.0243 | val_acc=100.00% val_f1=1.0000 | test_acc=83.15% test_f1=0.7861
Epoch 024 | train_loss=0.0157 | val_acc=100.00% val_f1=1.0000 | test_acc=80.90% test_f1=0.7569
Epoch 025 | train_loss=0.0144 | val_acc=100.00% val_f1=1.0000 | test_acc=77.53% test_f1=0.7133
Epoch 026 | train_loss=0.0226 | val_acc=100.00% val_f1=1.0000 | test_acc=77.81% test_f1=0.7172
Epoch 027 | train_loss=0.0110 | val_acc=100.00% val_f1=1.0000 | test_acc=75.00% test_f1=0.6732
Epoch 028 | train_loss=0.0163 | val_acc=100.00% val_f1=1.0000 | test_acc=74.44% test_f1=0.6656
Epoch 029 | train_loss=0.0145 | val_acc=100.00% val_f1=1.0000 | test_acc=74.44% test_f1=0.6638
Epoch 030 | train_loss=0.0087 | val_acc=100.00% val_f1=1.0000 | test_acc=80.06% test_f1=0.7495
Early stopping at epoch 30 (best=14, score=1.000000)
================================================================================
Best epoch: 14
Best score (val_macro_f1): 1.000000
Final test accuracy: 83.71%
Saved to: ablation_experiments/h1/results/comparison_18d_baselines/inception/inception_weld_seam_windows_ws5_tf75_pg0_h1_oc24_blk9_bn32_do0.1_ep80_lr0.0002_wd0.0005_bs128_seed77
================================================================================
Comparison baseline | model=inception
================================================================================
Dataset: /home/huang_kai/wind_turbine_phm/PHOENIX-main/autoencoder_benchmark/Data/processed_data/weld_seam_windows_ws5_tf75_pg0_h1.npz
Device: cuda
Train/Val/Test: 990 / 175 / 356
Epoch 001 | train_loss=1.0446 | val_acc=38.86% val_f1=0.4092 | test_acc=25.00% test_f1=0.1767
Epoch 002 | train_loss=0.7491 | val_acc=49.14% val_f1=0.5257 | test_acc=52.81% test_f1=0.5278
Epoch 003 | train_loss=0.5744 | val_acc=86.86% val_f1=0.8736 | test_acc=90.45% test_f1=0.8556
Epoch 004 | train_loss=0.4304 | val_acc=90.86% val_f1=0.9086 | test_acc=88.48% test_f1=0.8151
Epoch 005 | train_loss=0.3333 | val_acc=92.57% val_f1=0.9234 | test_acc=89.61% test_f1=0.8420
Epoch 006 | train_loss=0.2378 | val_acc=93.71% val_f1=0.9334 | test_acc=89.04% test_f1=0.8382
Epoch 007 | train_loss=0.1632 | val_acc=95.43% val_f1=0.9488 | test_acc=88.20% test_f1=0.8255
Epoch 008 | train_loss=0.1371 | val_acc=97.14% val_f1=0.9647 | test_acc=83.99% test_f1=0.7642
Epoch 009 | train_loss=0.1016 | val_acc=97.14% val_f1=0.9647 | test_acc=85.96% test_f1=0.7895
Epoch 010 | train_loss=0.0801 | val_acc=97.14% val_f1=0.9647 | test_acc=85.39% test_f1=0.7918
Epoch 011 | train_loss=0.0873 | val_acc=98.29% val_f1=0.9755 | test_acc=84.55% test_f1=0.7826
Epoch 012 | train_loss=0.0827 | val_acc=98.29% val_f1=0.9755 | test_acc=85.96% test_f1=0.8097
Epoch 013 | train_loss=0.0586 | val_acc=97.71% val_f1=0.9701 | test_acc=83.15% test_f1=0.7538
Epoch 014 | train_loss=0.0983 | val_acc=98.29% val_f1=0.9782 | test_acc=86.80% test_f1=0.8194
Epoch 015 | train_loss=0.0648 | val_acc=98.29% val_f1=0.9755 | test_acc=80.06% test_f1=0.7340
Epoch 016 | train_loss=0.0401 | val_acc=98.29% val_f1=0.9755 | test_acc=82.58% test_f1=0.7710
Epoch 017 | train_loss=0.0343 | val_acc=98.86% val_f1=0.9837 | test_acc=83.71% test_f1=0.7869
Epoch 018 | train_loss=0.0596 | val_acc=98.29% val_f1=0.9755 | test_acc=82.30% test_f1=0.7651
Epoch 019 | train_loss=0.0487 | val_acc=98.29% val_f1=0.9755 | test_acc=82.02% test_f1=0.7616
Epoch 020 | train_loss=0.0442 | val_acc=98.29% val_f1=0.9755 | test_acc=81.74% test_f1=0.7609
Epoch 021 | train_loss=0.0289 | val_acc=98.86% val_f1=0.9837 | test_acc=83.43% test_f1=0.7858
Epoch 022 | train_loss=0.0250 | val_acc=98.29% val_f1=0.9755 | test_acc=80.90% test_f1=0.7490
Epoch 023 | train_loss=0.0326 | val_acc=99.43% val_f1=0.9919 | test_acc=82.87% test_f1=0.7756
Epoch 024 | train_loss=0.0191 | val_acc=99.43% val_f1=0.9919 | test_acc=80.90% test_f1=0.7505
Epoch 025 | train_loss=0.0196 | val_acc=99.43% val_f1=0.9919 | test_acc=78.65% test_f1=0.7176
Epoch 026 | train_loss=0.0136 | val_acc=98.86% val_f1=0.9837 | test_acc=77.53% test_f1=0.6955
Epoch 027 | train_loss=0.0134 | val_acc=98.86% val_f1=0.9837 | test_acc=82.30% test_f1=0.7689
Epoch 028 | train_loss=0.0215 | val_acc=98.86% val_f1=0.9837 | test_acc=76.40% test_f1=0.6785
Epoch 029 | train_loss=0.0273 | val_acc=99.43% val_f1=0.9919 | test_acc=81.18% test_f1=0.7503
Epoch 030 | train_loss=0.0220 | val_acc=99.43% val_f1=0.9919 | test_acc=81.74% test_f1=0.7584
Epoch 031 | train_loss=0.0147 | val_acc=100.00% val_f1=1.0000 | test_acc=83.71% test_f1=0.7828
Epoch 032 | train_loss=0.0183 | val_acc=100.00% val_f1=1.0000 | test_acc=82.87% test_f1=0.7744
Epoch 033 | train_loss=0.0072 | val_acc=99.43% val_f1=0.9919 | test_acc=78.37% test_f1=0.7150
Epoch 034 | train_loss=0.0088 | val_acc=99.43% val_f1=0.9919 | test_acc=79.49% test_f1=0.7336
Epoch 035 | train_loss=0.0125 | val_acc=99.43% val_f1=0.9919 | test_acc=84.55% test_f1=0.8015
Epoch 036 | train_loss=0.0140 | val_acc=99.43% val_f1=0.9919 | test_acc=82.87% test_f1=0.7785
Epoch 037 | train_loss=0.0178 | val_acc=99.43% val_f1=0.9919 | test_acc=83.99% test_f1=0.7914
Epoch 038 | train_loss=0.0278 | val_acc=99.43% val_f1=0.9919 | test_acc=82.87% test_f1=0.7779
Epoch 039 | train_loss=0.0129 | val_acc=99.43% val_f1=0.9919 | test_acc=77.25% test_f1=0.6966
Epoch 040 | train_loss=0.0098 | val_acc=100.00% val_f1=1.0000 | test_acc=81.18% test_f1=0.7572
Epoch 041 | train_loss=0.0052 | val_acc=99.43% val_f1=0.9919 | test_acc=83.15% test_f1=0.7834
Epoch 042 | train_loss=0.0080 | val_acc=99.43% val_f1=0.9919 | test_acc=77.81% test_f1=0.7050
Epoch 043 | train_loss=0.0426 | val_acc=99.43% val_f1=0.9919 | test_acc=83.99% test_f1=0.7947
Epoch 044 | train_loss=0.0161 | val_acc=98.29% val_f1=0.9755 | test_acc=78.09% test_f1=0.7097
Epoch 045 | train_loss=0.0117 | val_acc=98.29% val_f1=0.9755 | test_acc=76.97% test_f1=0.6884
Epoch 046 | train_loss=0.0249 | val_acc=98.29% val_f1=0.9755 | test_acc=71.91% test_f1=0.6092
Epoch 047 | train_loss=0.0080 | val_acc=99.43% val_f1=0.9919 | test_acc=78.65% test_f1=0.7213
Early stopping at epoch 47 (best=31, score=1.000000)
================================================================================
Best epoch: 31
Best score (val_macro_f1): 1.000000
Final test accuracy: 83.71%
Saved to: ablation_experiments/h1/results/comparison_18d_baselines/inception/inception_weld_seam_windows_ws5_tf75_pg0_h1_oc24_blk6_bn16_do0.2_ep80_lr0.0002_wd1e-05_bs64_seed100
================================================================================
Comparison baseline | model=inception
================================================================================
Dataset: /home/huang_kai/wind_turbine_phm/PHOENIX-main/autoencoder_benchmark/Data/processed_data/weld_seam_windows_ws5_tf75_pg0_h1.npz
Device: cuda
Train/Val/Test: 990 / 175 / 356
Epoch 001 | train_loss=1.0681 | val_acc=40.00% val_f1=0.4109 | test_acc=43.26% test_f1=0.4688
Epoch 002 | train_loss=0.7734 | val_acc=85.14% val_f1=0.8578 | test_acc=81.74% test_f1=0.7975
Epoch 003 | train_loss=0.5092 | val_acc=93.14% val_f1=0.9265 | test_acc=89.33% test_f1=0.8496
Epoch 004 | train_loss=0.3214 | val_acc=97.14% val_f1=0.9697 | test_acc=87.36% test_f1=0.8255
Epoch 005 | train_loss=0.2033 | val_acc=98.29% val_f1=0.9807 | test_acc=87.08% test_f1=0.8264
Epoch 006 | train_loss=0.1263 | val_acc=99.43% val_f1=0.9919 | test_acc=83.99% test_f1=0.7875
Epoch 007 | train_loss=0.1007 | val_acc=99.43% val_f1=0.9919 | test_acc=84.27% test_f1=0.7805
Epoch 008 | train_loss=0.0683 | val_acc=99.43% val_f1=0.9919 | test_acc=84.27% test_f1=0.7859
Epoch 009 | train_loss=0.0544 | val_acc=100.00% val_f1=1.0000 | test_acc=85.67% test_f1=0.8030
Epoch 010 | train_loss=0.0543 | val_acc=100.00% val_f1=1.0000 | test_acc=84.55% test_f1=0.7907
Epoch 011 | train_loss=0.0336 | val_acc=100.00% val_f1=1.0000 | test_acc=84.83% test_f1=0.7974
Epoch 012 | train_loss=0.0331 | val_acc=100.00% val_f1=1.0000 | test_acc=82.58% test_f1=0.7680
Epoch 013 | train_loss=0.0328 | val_acc=100.00% val_f1=1.0000 | test_acc=85.39% test_f1=0.8123
Epoch 014 | train_loss=0.0335 | val_acc=100.00% val_f1=1.0000 | test_acc=84.55% test_f1=0.7900
Epoch 015 | train_loss=0.0213 | val_acc=100.00% val_f1=1.0000 | test_acc=84.55% test_f1=0.7963
Epoch 016 | train_loss=0.0283 | val_acc=100.00% val_f1=1.0000 | test_acc=79.21% test_f1=0.7103
Epoch 017 | train_loss=0.0247 | val_acc=100.00% val_f1=1.0000 | test_acc=85.11% test_f1=0.8041
Epoch 018 | train_loss=0.0166 | val_acc=100.00% val_f1=1.0000 | test_acc=86.80% test_f1=0.8284
Epoch 019 | train_loss=0.0151 | val_acc=100.00% val_f1=1.0000 | test_acc=83.15% test_f1=0.7789
Epoch 020 | train_loss=0.0085 | val_acc=100.00% val_f1=1.0000 | test_acc=85.96% test_f1=0.8158
Epoch 021 | train_loss=0.0124 | val_acc=100.00% val_f1=1.0000 | test_acc=84.27% test_f1=0.7981
Epoch 022 | train_loss=0.0152 | val_acc=100.00% val_f1=1.0000 | test_acc=86.80% test_f1=0.8201
Epoch 023 | train_loss=0.0151 | val_acc=100.00% val_f1=1.0000 | test_acc=88.20% test_f1=0.8487
Epoch 024 | train_loss=0.0117 | val_acc=100.00% val_f1=1.0000 | test_acc=86.24% test_f1=0.8243
Epoch 025 | train_loss=0.0082 | val_acc=100.00% val_f1=1.0000 | test_acc=87.36% test_f1=0.8394
Early stopping at epoch 25 (best=9, score=1.000000)
================================================================================
Best epoch: 9
Best score (val_macro_f1): 1.000000
Final test accuracy: 85.67%
Saved to: ablation_experiments/h1/results/comparison_18d_baselines/inception/inception_weld_seam_windows_ws5_tf75_pg0_h1_oc24_blk6_bn16_do0.1_ep80_lr0.0002_wd0.0001_bs64_seed122
================================================================================
Comparison baseline | model=inception
================================================================================
Dataset: /home/huang_kai/wind_turbine_phm/PHOENIX-main/autoencoder_benchmark/Data/processed_data/weld_seam_windows_ws5_tf75_pg0_h1.npz
Device: cuda
Train/Val/Test: 990 / 175 / 356
Epoch 001 | train_loss=1.0139 | val_acc=73.14% val_f1=0.6559 | test_acc=89.33% test_f1=0.8624
Epoch 002 | train_loss=0.8069 | val_acc=79.43% val_f1=0.6984 | test_acc=94.94% test_f1=0.9318
Epoch 003 | train_loss=0.6522 | val_acc=85.14% val_f1=0.8046 | test_acc=97.75% test_f1=0.9693
Epoch 004 | train_loss=0.5293 | val_acc=86.86% val_f1=0.8477 | test_acc=97.47% test_f1=0.9638
Epoch 005 | train_loss=0.4068 | val_acc=91.43% val_f1=0.9043 | test_acc=92.42% test_f1=0.8854
Epoch 006 | train_loss=0.3344 | val_acc=92.57% val_f1=0.9173 | test_acc=91.57% test_f1=0.8784
Epoch 007 | train_loss=0.2950 | val_acc=92.00% val_f1=0.9123 | test_acc=91.29% test_f1=0.8755
Epoch 008 | train_loss=0.2475 | val_acc=96.00% val_f1=0.9540 | test_acc=88.76% test_f1=0.8352
Epoch 009 | train_loss=0.1863 | val_acc=96.00% val_f1=0.9540 | test_acc=89.61% test_f1=0.8560
Epoch 010 | train_loss=0.1510 | val_acc=96.00% val_f1=0.9540 | test_acc=88.20% test_f1=0.8294
Epoch 011 | train_loss=0.1479 | val_acc=97.14% val_f1=0.9647 | test_acc=82.02% test_f1=0.7503
Epoch 012 | train_loss=0.1251 | val_acc=96.57% val_f1=0.9593 | test_acc=83.71% test_f1=0.7764
Epoch 013 | train_loss=0.1001 | val_acc=96.00% val_f1=0.9540 | test_acc=85.11% test_f1=0.7887
Epoch 014 | train_loss=0.1170 | val_acc=96.57% val_f1=0.9593 | test_acc=86.80% test_f1=0.8207
Epoch 015 | train_loss=0.0983 | val_acc=96.57% val_f1=0.9593 | test_acc=80.34% test_f1=0.7075
Epoch 016 | train_loss=0.0835 | val_acc=97.14% val_f1=0.9647 | test_acc=85.67% test_f1=0.7986
Epoch 017 | train_loss=0.0690 | val_acc=97.71% val_f1=0.9701 | test_acc=83.99% test_f1=0.7780
Epoch 018 | train_loss=0.0752 | val_acc=97.71% val_f1=0.9727 | test_acc=86.52% test_f1=0.8160
Epoch 019 | train_loss=0.0614 | val_acc=97.71% val_f1=0.9701 | test_acc=82.30% test_f1=0.7517
Epoch 020 | train_loss=0.0456 | val_acc=97.71% val_f1=0.9701 | test_acc=82.30% test_f1=0.7479
Epoch 021 | train_loss=0.0707 | val_acc=98.29% val_f1=0.9782 | test_acc=84.55% test_f1=0.7877
Epoch 022 | train_loss=0.0482 | val_acc=98.29% val_f1=0.9782 | test_acc=83.43% test_f1=0.7682
Epoch 023 | train_loss=0.0557 | val_acc=98.86% val_f1=0.9862 | test_acc=83.15% test_f1=0.7699
Epoch 024 | train_loss=0.0456 | val_acc=99.43% val_f1=0.9943 | test_acc=87.36% test_f1=0.8324
Epoch 025 | train_loss=0.0508 | val_acc=99.43% val_f1=0.9943 | test_acc=85.96% test_f1=0.8097
Epoch 026 | train_loss=0.0336 | val_acc=98.29% val_f1=0.9782 | test_acc=84.55% test_f1=0.7788
Epoch 027 | train_loss=0.0649 | val_acc=98.29% val_f1=0.9755 | test_acc=79.49% test_f1=0.7184
Epoch 028 | train_loss=0.0319 | val_acc=98.86% val_f1=0.9862 | test_acc=87.08% test_f1=0.8266
Epoch 029 | train_loss=0.0447 | val_acc=98.86% val_f1=0.9862 | test_acc=84.83% test_f1=0.7953
Epoch 030 | train_loss=0.0429 | val_acc=98.29% val_f1=0.9782 | test_acc=82.30% test_f1=0.7584
Epoch 031 | train_loss=0.0337 | val_acc=98.86% val_f1=0.9862 | test_acc=83.15% test_f1=0.7713
Epoch 032 | train_loss=0.0435 | val_acc=98.86% val_f1=0.9862 | test_acc=85.67% test_f1=0.8091
Epoch 033 | train_loss=0.0237 | val_acc=98.86% val_f1=0.9862 | test_acc=85.39% test_f1=0.8003
Epoch 034 | train_loss=0.0356 | val_acc=98.86% val_f1=0.9862 | test_acc=83.15% test_f1=0.7713
Epoch 035 | train_loss=0.0365 | val_acc=98.86% val_f1=0.9886 | test_acc=87.08% test_f1=0.8253
Epoch 036 | train_loss=0.0374 | val_acc=98.86% val_f1=0.9862 | test_acc=84.55% test_f1=0.7877
Epoch 037 | train_loss=0.0397 | val_acc=98.29% val_f1=0.9782 | test_acc=80.34% test_f1=0.7317
Epoch 038 | train_loss=0.0390 | val_acc=99.43% val_f1=0.9919 | test_acc=79.21% test_f1=0.7241
Epoch 039 | train_loss=0.0461 | val_acc=99.43% val_f1=0.9943 | test_acc=84.83% test_f1=0.7991
Epoch 040 | train_loss=0.0334 | val_acc=98.86% val_f1=0.9862 | test_acc=83.43% test_f1=0.7774
Early stopping at epoch 40 (best=24, score=0.994277)
================================================================================
Best epoch: 24
Best score (val_macro_f1): 0.994277
Final test accuracy: 87.36%
Saved to: ablation_experiments/h1/results/comparison_18d_baselines/inception/inception_weld_seam_windows_ws5_tf75_pg0_h1_oc16_blk3_bn16_do0.2_ep80_lr0.0002_wd0.0001_bs64_seed100
================================================================================
Comparison baseline | model=inception
================================================================================
Dataset: /home/huang_kai/wind_turbine_phm/PHOENIX-main/autoencoder_benchmark/Data/processed_data/weld_seam_windows_ws5_tf75_pg0_h1.npz
Device: cuda
Train/Val/Test: 990 / 175 / 356
Epoch 001 | train_loss=0.9663 | val_acc=40.00% val_f1=0.4118 | test_acc=34.27% test_f1=0.3614
Epoch 002 | train_loss=0.7539 | val_acc=46.29% val_f1=0.4853 | test_acc=39.61% test_f1=0.4315
Epoch 003 | train_loss=0.5470 | val_acc=61.71% val_f1=0.6599 | test_acc=63.20% test_f1=0.6764
Epoch 004 | train_loss=0.3516 | val_acc=88.00% val_f1=0.8834 | test_acc=86.52% test_f1=0.8630
Epoch 005 | train_loss=0.2219 | val_acc=93.14% val_f1=0.9353 | test_acc=94.10% test_f1=0.9293
Epoch 006 | train_loss=0.1199 | val_acc=95.43% val_f1=0.9538 | test_acc=92.70% test_f1=0.9032
Epoch 007 | train_loss=0.0890 | val_acc=98.29% val_f1=0.9807 | test_acc=87.36% test_f1=0.8324
Epoch 008 | train_loss=0.0670 | val_acc=98.29% val_f1=0.9807 | test_acc=85.67% test_f1=0.8102
Epoch 009 | train_loss=0.0407 | val_acc=98.86% val_f1=0.9862 | test_acc=85.11% test_f1=0.8036
Epoch 010 | train_loss=0.0345 | val_acc=98.86% val_f1=0.9862 | test_acc=83.71% test_f1=0.7695
Epoch 011 | train_loss=0.0292 | val_acc=98.86% val_f1=0.9862 | test_acc=80.62% test_f1=0.7225
Epoch 012 | train_loss=0.0209 | val_acc=99.43% val_f1=0.9919 | test_acc=81.74% test_f1=0.7499
Epoch 013 | train_loss=0.0208 | val_acc=99.43% val_f1=0.9919 | test_acc=85.39% test_f1=0.8158
Epoch 014 | train_loss=0.0131 | val_acc=100.00% val_f1=1.0000 | test_acc=83.71% test_f1=0.7904
Epoch 015 | train_loss=0.0151 | val_acc=99.43% val_f1=0.9919 | test_acc=82.02% test_f1=0.7657
Epoch 016 | train_loss=0.0119 | val_acc=99.43% val_f1=0.9919 | test_acc=79.78% test_f1=0.7273
Epoch 017 | train_loss=0.0076 | val_acc=99.43% val_f1=0.9919 | test_acc=82.02% test_f1=0.7622
Epoch 018 | train_loss=0.0109 | val_acc=99.43% val_f1=0.9919 | test_acc=80.06% test_f1=0.7236
Epoch 019 | train_loss=0.0126 | val_acc=99.43% val_f1=0.9919 | test_acc=84.55% test_f1=0.7968
Epoch 020 | train_loss=0.0050 | val_acc=98.86% val_f1=0.9862 | test_acc=83.71% test_f1=0.7843
Epoch 021 | train_loss=0.0059 | val_acc=99.43% val_f1=0.9919 | test_acc=83.43% test_f1=0.7798
Epoch 022 | train_loss=0.0097 | val_acc=99.43% val_f1=0.9919 | test_acc=84.27% test_f1=0.7933
Epoch 023 | train_loss=0.0086 | val_acc=100.00% val_f1=1.0000 | test_acc=85.11% test_f1=0.8066
Epoch 024 | train_loss=0.0041 | val_acc=100.00% val_f1=1.0000 | test_acc=84.83% test_f1=0.8039
Epoch 025 | train_loss=0.0054 | val_acc=100.00% val_f1=1.0000 | test_acc=84.27% test_f1=0.7981
Epoch 026 | train_loss=0.0079 | val_acc=100.00% val_f1=1.0000 | test_acc=86.52% test_f1=0.8300
Epoch 027 | train_loss=0.0033 | val_acc=100.00% val_f1=1.0000 | test_acc=84.27% test_f1=0.7999
Epoch 028 | train_loss=0.0075 | val_acc=100.00% val_f1=1.0000 | test_acc=83.99% test_f1=0.7952
Epoch 029 | train_loss=0.0036 | val_acc=99.43% val_f1=0.9919 | test_acc=83.99% test_f1=0.7949
Epoch 030 | train_loss=0.0062 | val_acc=99.43% val_f1=0.9919 | test_acc=82.02% test_f1=0.7646
Early stopping at epoch 30 (best=14, score=1.000000)
================================================================================
Best epoch: 14
Best score (val_macro_f1): 1.000000
Final test accuracy: 83.71%
Saved to: ablation_experiments/h1/results/comparison_18d_baselines/inception/inception_weld_seam_windows_ws5_tf75_pg0_h1_oc16_blk9_bn32_do0.1_ep80_lr0.0003_wd0.0005_bs128_seed14
================================================================================
Comparison baseline | model=inception
================================================================================
Dataset: /home/huang_kai/wind_turbine_phm/PHOENIX-main/autoencoder_benchmark/Data/processed_data/weld_seam_windows_ws5_tf75_pg0_h1.npz
Device: cuda
Train/Val/Test: 990 / 175 / 356
Epoch 001 | train_loss=1.0791 | val_acc=24.57% val_f1=0.1459 | test_acc=23.31% test_f1=0.1260
Epoch 002 | train_loss=0.9500 | val_acc=30.86% val_f1=0.2882 | test_acc=24.44% test_f1=0.1415
Epoch 003 | train_loss=0.8479 | val_acc=37.71% val_f1=0.3896 | test_acc=28.09% test_f1=0.1846
Epoch 004 | train_loss=0.7534 | val_acc=46.29% val_f1=0.5018 | test_acc=34.27% test_f1=0.2723
Epoch 005 | train_loss=0.6071 | val_acc=58.86% val_f1=0.6343 | test_acc=47.47% test_f1=0.3926
Epoch 006 | train_loss=0.5088 | val_acc=66.29% val_f1=0.7050 | test_acc=53.93% test_f1=0.4457
Epoch 007 | train_loss=0.4292 | val_acc=76.00% val_f1=0.7875 | test_acc=66.57% test_f1=0.6385
Epoch 008 | train_loss=0.3312 | val_acc=82.29% val_f1=0.8381 | test_acc=68.82% test_f1=0.6209
Epoch 009 | train_loss=0.2836 | val_acc=87.43% val_f1=0.8821 | test_acc=78.65% test_f1=0.7098
Epoch 010 | train_loss=0.2516 | val_acc=92.57% val_f1=0.9234 | test_acc=80.90% test_f1=0.7000
Epoch 011 | train_loss=0.2069 | val_acc=91.43% val_f1=0.9159 | test_acc=80.62% test_f1=0.7074
Epoch 012 | train_loss=0.1712 | val_acc=93.14% val_f1=0.9308 | test_acc=80.90% test_f1=0.6963
Epoch 013 | train_loss=0.1522 | val_acc=94.29% val_f1=0.9410 | test_acc=82.87% test_f1=0.7488
Epoch 014 | train_loss=0.1272 | val_acc=95.43% val_f1=0.9514 | test_acc=80.34% test_f1=0.6901
Epoch 015 | train_loss=0.1291 | val_acc=96.57% val_f1=0.9619 | test_acc=81.46% test_f1=0.7048
Epoch 016 | train_loss=0.1427 | val_acc=96.57% val_f1=0.9619 | test_acc=82.02% test_f1=0.7180
Epoch 017 | train_loss=0.0867 | val_acc=97.71% val_f1=0.9727 | test_acc=80.06% test_f1=0.6930
Epoch 018 | train_loss=0.1060 | val_acc=98.86% val_f1=0.9837 | test_acc=77.53% test_f1=0.6434
Epoch 019 | train_loss=0.0813 | val_acc=97.14% val_f1=0.9697 | test_acc=83.99% test_f1=0.7654
Epoch 020 | train_loss=0.0582 | val_acc=99.43% val_f1=0.9919 | test_acc=78.65% test_f1=0.6717
Epoch 021 | train_loss=0.0979 | val_acc=99.43% val_f1=0.9919 | test_acc=78.65% test_f1=0.6647
Epoch 022 | train_loss=0.0637 | val_acc=98.86% val_f1=0.9862 | test_acc=79.49% test_f1=0.6770
Epoch 023 | train_loss=0.0546 | val_acc=98.86% val_f1=0.9862 | test_acc=80.34% test_f1=0.6856
Epoch 024 | train_loss=0.0599 | val_acc=98.86% val_f1=0.9862 | test_acc=78.65% test_f1=0.6610
Epoch 025 | train_loss=0.0574 | val_acc=98.86% val_f1=0.9862 | test_acc=78.93% test_f1=0.6712
Epoch 026 | train_loss=0.0828 | val_acc=99.43% val_f1=0.9919 | test_acc=76.12% test_f1=0.6231
Epoch 027 | train_loss=0.0315 | val_acc=98.86% val_f1=0.9862 | test_acc=78.65% test_f1=0.6728
Epoch 028 | train_loss=0.0422 | val_acc=98.86% val_f1=0.9862 | test_acc=78.93% test_f1=0.6712
Epoch 029 | train_loss=0.0419 | val_acc=99.43% val_f1=0.9919 | test_acc=77.53% test_f1=0.6530
Epoch 030 | train_loss=0.0338 | val_acc=98.86% val_f1=0.9862 | test_acc=78.37% test_f1=0.6582
Epoch 031 | train_loss=0.0267 | val_acc=98.86% val_f1=0.9862 | test_acc=77.25% test_f1=0.6388
Epoch 032 | train_loss=0.0297 | val_acc=98.86% val_f1=0.9862 | test_acc=77.25% test_f1=0.6438
Epoch 033 | train_loss=0.0313 | val_acc=98.86% val_f1=0.9862 | test_acc=78.09% test_f1=0.6646
Epoch 034 | train_loss=0.0366 | val_acc=98.86% val_f1=0.9862 | test_acc=76.40% test_f1=0.6177
Epoch 035 | train_loss=0.0274 | val_acc=98.86% val_f1=0.9862 | test_acc=77.53% test_f1=0.6456
Epoch 036 | train_loss=0.0461 | val_acc=98.86% val_f1=0.9862 | test_acc=77.53% test_f1=0.6515
Early stopping at epoch 36 (best=20, score=0.991859)
================================================================================
Best epoch: 20
Best score (val_macro_f1): 0.991859
Final test accuracy: 78.65%
Saved to: ablation_experiments/h1/results/comparison_18d_baselines/inception/inception_weld_seam_windows_ws5_tf75_pg0_h1_oc24_blk9_bn32_do0.3_ep80_lr0.0001_wd0.0001_bs64_seed14
================================================================================
Comparison baseline | model=inception
================================================================================
Dataset: /home/huang_kai/wind_turbine_phm/PHOENIX-main/autoencoder_benchmark/Data/processed_data/weld_seam_windows_ws5_tf75_pg0_h1.npz
Device: cuda
Train/Val/Test: 990 / 175 / 356
Epoch 001 | train_loss=1.2213 | val_acc=29.71% val_f1=0.2986 | test_acc=32.30% test_f1=0.3283
Epoch 002 | train_loss=1.0988 | val_acc=43.43% val_f1=0.4050 | test_acc=33.15% test_f1=0.3144
Epoch 003 | train_loss=1.0067 | val_acc=60.00% val_f1=0.6261 | test_acc=53.37% test_f1=0.5447
Epoch 004 | train_loss=0.9193 | val_acc=66.86% val_f1=0.7022 | test_acc=62.36% test_f1=0.6195
Epoch 005 | train_loss=0.8310 | val_acc=74.29% val_f1=0.7616 | test_acc=63.48% test_f1=0.5991
Epoch 006 | train_loss=0.7522 | val_acc=78.29% val_f1=0.7954 | test_acc=65.17% test_f1=0.6070
Epoch 007 | train_loss=0.6734 | val_acc=84.57% val_f1=0.8525 | test_acc=68.26% test_f1=0.6424
Epoch 008 | train_loss=0.5942 | val_acc=88.57% val_f1=0.8830 | test_acc=75.28% test_f1=0.6927
Epoch 009 | train_loss=0.5561 | val_acc=89.71% val_f1=0.8951 | test_acc=74.16% test_f1=0.6815
Epoch 010 | train_loss=0.4535 | val_acc=89.71% val_f1=0.8873 | test_acc=77.25% test_f1=0.6566
Epoch 011 | train_loss=0.4096 | val_acc=91.43% val_f1=0.9102 | test_acc=78.93% test_f1=0.6935
Epoch 012 | train_loss=0.3699 | val_acc=92.00% val_f1=0.9208 | test_acc=79.49% test_f1=0.7222
Epoch 013 | train_loss=0.3045 | val_acc=92.00% val_f1=0.9151 | test_acc=78.65% test_f1=0.6655
Epoch 014 | train_loss=0.3404 | val_acc=92.57% val_f1=0.9208 | test_acc=78.65% test_f1=0.6703
Epoch 015 | train_loss=0.2611 | val_acc=92.57% val_f1=0.9208 | test_acc=78.65% test_f1=0.6606
Epoch 016 | train_loss=0.2663 | val_acc=92.00% val_f1=0.9151 | test_acc=79.78% test_f1=0.6689
Epoch 017 | train_loss=0.2024 | val_acc=93.14% val_f1=0.9251 | test_acc=80.06% test_f1=0.6605
Epoch 018 | train_loss=0.2016 | val_acc=93.14% val_f1=0.9284 | test_acc=80.34% test_f1=0.6969
Epoch 019 | train_loss=0.1762 | val_acc=93.71% val_f1=0.9328 | test_acc=81.74% test_f1=0.7049
Epoch 020 | train_loss=0.1645 | val_acc=93.71% val_f1=0.9328 | test_acc=80.62% test_f1=0.6835
Epoch 021 | train_loss=0.1643 | val_acc=94.86% val_f1=0.9436 | test_acc=79.78% test_f1=0.6713
Epoch 022 | train_loss=0.1466 | val_acc=94.86% val_f1=0.9462 | test_acc=81.18% test_f1=0.7019
Epoch 023 | train_loss=0.1299 | val_acc=94.86% val_f1=0.9436 | test_acc=79.78% test_f1=0.6713
Epoch 024 | train_loss=0.1203 | val_acc=95.43% val_f1=0.9514 | test_acc=80.62% test_f1=0.6835
Epoch 025 | train_loss=0.1092 | val_acc=94.86% val_f1=0.9436 | test_acc=79.49% test_f1=0.6645
Epoch 026 | train_loss=0.1364 | val_acc=97.71% val_f1=0.9701 | test_acc=79.49% test_f1=0.6636
Epoch 027 | train_loss=0.1027 | val_acc=97.14% val_f1=0.9647 | test_acc=81.46% test_f1=0.7100
Epoch 028 | train_loss=0.1212 | val_acc=98.86% val_f1=0.9837 | test_acc=81.46% test_f1=0.7091
Epoch 029 | train_loss=0.0991 | val_acc=98.86% val_f1=0.9837 | test_acc=82.02% test_f1=0.7180
Epoch 030 | train_loss=0.1133 | val_acc=98.86% val_f1=0.9837 | test_acc=82.02% test_f1=0.7130
Epoch 031 | train_loss=0.1191 | val_acc=98.86% val_f1=0.9837 | test_acc=80.90% test_f1=0.6921
Epoch 032 | train_loss=0.1023 | val_acc=98.86% val_f1=0.9837 | test_acc=79.49% test_f1=0.6734
Epoch 033 | train_loss=0.0781 | val_acc=98.86% val_f1=0.9837 | test_acc=81.46% test_f1=0.7156
Epoch 034 | train_loss=0.1094 | val_acc=98.86% val_f1=0.9837 | test_acc=82.30% test_f1=0.7272
Epoch 035 | train_loss=0.0635 | val_acc=98.86% val_f1=0.9837 | test_acc=80.34% test_f1=0.6837
Epoch 036 | train_loss=0.0937 | val_acc=98.29% val_f1=0.9782 | test_acc=80.34% test_f1=0.6799
Epoch 037 | train_loss=0.0770 | val_acc=97.71% val_f1=0.9673 | test_acc=79.21% test_f1=0.6608
Epoch 038 | train_loss=0.0984 | val_acc=96.00% val_f1=0.9566 | test_acc=84.83% test_f1=0.7819
Epoch 039 | train_loss=0.0834 | val_acc=98.86% val_f1=0.9837 | test_acc=82.02% test_f1=0.7212
Epoch 040 | train_loss=0.0964 | val_acc=98.86% val_f1=0.9837 | test_acc=82.30% test_f1=0.7272
Epoch 041 | train_loss=0.0584 | val_acc=98.86% val_f1=0.9837 | test_acc=80.62% test_f1=0.6902
Epoch 042 | train_loss=0.0422 | val_acc=98.86% val_f1=0.9837 | test_acc=82.02% test_f1=0.7212
Epoch 043 | train_loss=0.0604 | val_acc=98.86% val_f1=0.9837 | test_acc=83.99% test_f1=0.7585
Epoch 044 | train_loss=0.0753 | val_acc=98.86% val_f1=0.9837 | test_acc=80.62% test_f1=0.6902
Early stopping at epoch 44 (best=28, score=0.983701)
================================================================================
Best epoch: 28
Best score (val_macro_f1): 0.983701
Final test accuracy: 81.46%
Saved to: ablation_experiments/h1/results/comparison_18d_baselines/inception/inception_weld_seam_windows_ws5_tf75_pg0_h1_oc24_blk9_bn16_do0.3_ep80_lr0.0001_wd0.0001_bs64_seed122
================================================================================
Comparison baseline | model=inception
================================================================================
Dataset: /home/huang_kai/wind_turbine_phm/PHOENIX-main/autoencoder_benchmark/Data/processed_data/weld_seam_windows_ws5_tf75_pg0_h1.npz
Device: cuda
Train/Val/Test: 990 / 175 / 356
Epoch 001 | train_loss=1.0331 | val_acc=44.00% val_f1=0.4532 | test_acc=40.17% test_f1=0.4292
Epoch 002 | train_loss=0.7587 | val_acc=45.14% val_f1=0.4681 | test_acc=35.67% test_f1=0.3805
Epoch 003 | train_loss=0.5390 | val_acc=66.29% val_f1=0.7019 | test_acc=55.06% test_f1=0.5792
Epoch 004 | train_loss=0.3772 | val_acc=90.29% val_f1=0.9070 | test_acc=85.96% test_f1=0.8271
Epoch 005 | train_loss=0.2406 | val_acc=93.14% val_f1=0.9353 | test_acc=91.57% test_f1=0.8805
Epoch 006 | train_loss=0.1643 | val_acc=95.43% val_f1=0.9560 | test_acc=91.85% test_f1=0.8802
Epoch 007 | train_loss=0.1101 | val_acc=96.00% val_f1=0.9609 | test_acc=90.17% test_f1=0.8553
Epoch 008 | train_loss=0.0810 | val_acc=96.57% val_f1=0.9667 | test_acc=87.64% test_f1=0.8164
Epoch 009 | train_loss=0.0699 | val_acc=98.86% val_f1=0.9886 | test_acc=84.83% test_f1=0.7732
Epoch 010 | train_loss=0.0352 | val_acc=100.00% val_f1=1.0000 | test_acc=83.15% test_f1=0.7474
Epoch 011 | train_loss=0.0258 | val_acc=100.00% val_f1=1.0000 | test_acc=83.15% test_f1=0.7602
Epoch 012 | train_loss=0.0373 | val_acc=100.00% val_f1=1.0000 | test_acc=88.20% test_f1=0.8491
Epoch 013 | train_loss=0.0194 | val_acc=100.00% val_f1=1.0000 | test_acc=85.96% test_f1=0.8189
Epoch 014 | train_loss=0.0175 | val_acc=100.00% val_f1=1.0000 | test_acc=82.58% test_f1=0.7735
Epoch 015 | train_loss=0.0158 | val_acc=100.00% val_f1=1.0000 | test_acc=78.93% test_f1=0.7229
Epoch 016 | train_loss=0.0178 | val_acc=100.00% val_f1=1.0000 | test_acc=76.69% test_f1=0.6945
Epoch 017 | train_loss=0.0190 | val_acc=100.00% val_f1=1.0000 | test_acc=85.11% test_f1=0.8113
Epoch 018 | train_loss=0.0118 | val_acc=100.00% val_f1=1.0000 | test_acc=78.93% test_f1=0.7299
Epoch 019 | train_loss=0.0118 | val_acc=100.00% val_f1=1.0000 | test_acc=75.56% test_f1=0.6768
Epoch 020 | train_loss=0.0100 | val_acc=100.00% val_f1=1.0000 | test_acc=79.78% test_f1=0.7257
Epoch 021 | train_loss=0.0096 | val_acc=100.00% val_f1=1.0000 | test_acc=82.87% test_f1=0.7690
Epoch 022 | train_loss=0.0054 | val_acc=100.00% val_f1=1.0000 | test_acc=82.87% test_f1=0.7707
Epoch 023 | train_loss=0.0105 | val_acc=100.00% val_f1=1.0000 | test_acc=80.34% test_f1=0.7415
Epoch 024 | train_loss=0.0055 | val_acc=100.00% val_f1=1.0000 | test_acc=80.06% test_f1=0.7368
Epoch 025 | train_loss=0.0092 | val_acc=100.00% val_f1=1.0000 | test_acc=79.49% test_f1=0.7286
Epoch 026 | train_loss=0.0071 | val_acc=100.00% val_f1=1.0000 | test_acc=74.16% test_f1=0.6534
Early stopping at epoch 26 (best=10, score=1.000000)
================================================================================
Best epoch: 10
Best score (val_macro_f1): 1.000000
Final test accuracy: 83.15%
Saved to: ablation_experiments/h1/results/comparison_18d_baselines/inception/inception_weld_seam_windows_ws5_tf75_pg0_h1_oc32_blk9_bn32_do0.2_ep80_lr0.0002_wd0.0001_bs128_seed183
================================================================================
Comparison baseline | model=inception
================================================================================
Dataset: /home/huang_kai/wind_turbine_phm/PHOENIX-main/autoencoder_benchmark/Data/processed_data/weld_seam_windows_ws5_tf75_pg0_h1.npz
Device: cuda
Train/Val/Test: 990 / 175 / 356
Epoch 001 | train_loss=1.0791 | val_acc=24.57% val_f1=0.1459 | test_acc=23.31% test_f1=0.1260
Epoch 002 | train_loss=0.9498 | val_acc=30.86% val_f1=0.2882 | test_acc=24.44% test_f1=0.1415
Epoch 003 | train_loss=0.8478 | val_acc=37.71% val_f1=0.3896 | test_acc=27.81% test_f1=0.1814
Epoch 004 | train_loss=0.7534 | val_acc=45.71% val_f1=0.4954 | test_acc=34.27% test_f1=0.2723
Epoch 005 | train_loss=0.6069 | val_acc=58.86% val_f1=0.6343 | test_acc=46.91% test_f1=0.3882
Epoch 006 | train_loss=0.5096 | val_acc=66.29% val_f1=0.7050 | test_acc=53.09% test_f1=0.4398
Epoch 007 | train_loss=0.4292 | val_acc=75.43% val_f1=0.7828 | test_acc=66.57% test_f1=0.6385
Epoch 008 | train_loss=0.3312 | val_acc=82.29% val_f1=0.8381 | test_acc=69.38% test_f1=0.6247
Epoch 009 | train_loss=0.2837 | val_acc=87.43% val_f1=0.8821 | test_acc=79.21% test_f1=0.7210
Epoch 010 | train_loss=0.2512 | val_acc=92.57% val_f1=0.9234 | test_acc=80.62% test_f1=0.6936
Epoch 011 | train_loss=0.2067 | val_acc=91.43% val_f1=0.9159 | test_acc=80.34% test_f1=0.7055
Epoch 012 | train_loss=0.1710 | val_acc=93.71% val_f1=0.9359 | test_acc=81.18% test_f1=0.7027
Epoch 013 | train_loss=0.1524 | val_acc=94.29% val_f1=0.9410 | test_acc=82.58% test_f1=0.7433
Epoch 014 | train_loss=0.1264 | val_acc=96.00% val_f1=0.9566 | test_acc=80.34% test_f1=0.6935
Epoch 015 | train_loss=0.1288 | val_acc=97.14% val_f1=0.9673 | test_acc=81.46% test_f1=0.7048
Epoch 016 | train_loss=0.1427 | val_acc=97.14% val_f1=0.9673 | test_acc=81.74% test_f1=0.7152
Epoch 017 | train_loss=0.0873 | val_acc=97.71% val_f1=0.9727 | test_acc=80.06% test_f1=0.6930
Epoch 018 | train_loss=0.1080 | val_acc=98.86% val_f1=0.9837 | test_acc=76.97% test_f1=0.6348
Epoch 019 | train_loss=0.0809 | val_acc=97.14% val_f1=0.9697 | test_acc=82.87% test_f1=0.7497
Epoch 020 | train_loss=0.0587 | val_acc=99.43% val_f1=0.9919 | test_acc=78.93% test_f1=0.6780
Epoch 021 | train_loss=0.0986 | val_acc=99.43% val_f1=0.9919 | test_acc=78.65% test_f1=0.6647
Epoch 022 | train_loss=0.0633 | val_acc=98.86% val_f1=0.9862 | test_acc=79.21% test_f1=0.6741
Epoch 023 | train_loss=0.0548 | val_acc=98.29% val_f1=0.9807 | test_acc=80.06% test_f1=0.6827
Epoch 024 | train_loss=0.0590 | val_acc=98.86% val_f1=0.9862 | test_acc=78.37% test_f1=0.6544
Epoch 025 | train_loss=0.0574 | val_acc=98.86% val_f1=0.9862 | test_acc=78.93% test_f1=0.6712
Epoch 026 | train_loss=0.0816 | val_acc=99.43% val_f1=0.9919 | test_acc=75.84% test_f1=0.6119
Epoch 027 | train_loss=0.0319 | val_acc=98.86% val_f1=0.9862 | test_acc=78.37% test_f1=0.6664
Epoch 028 | train_loss=0.0423 | val_acc=98.86% val_f1=0.9862 | test_acc=78.93% test_f1=0.6712
Epoch 029 | train_loss=0.0417 | val_acc=99.43% val_f1=0.9919 | test_acc=77.25% test_f1=0.6500
Epoch 030 | train_loss=0.0335 | val_acc=98.86% val_f1=0.9862 | test_acc=78.09% test_f1=0.6552
Epoch 031 | train_loss=0.0263 | val_acc=98.86% val_f1=0.9862 | test_acc=77.25% test_f1=0.6388
Epoch 032 | train_loss=0.0304 | val_acc=98.86% val_f1=0.9862 | test_acc=76.97% test_f1=0.6420
Epoch 033 | train_loss=0.0297 | val_acc=98.86% val_f1=0.9862 | test_acc=78.09% test_f1=0.6646
Epoch 034 | train_loss=0.0358 | val_acc=98.86% val_f1=0.9862 | test_acc=76.12% test_f1=0.6148
Epoch 035 | train_loss=0.0268 | val_acc=98.86% val_f1=0.9862 | test_acc=77.81% test_f1=0.6523
Epoch 036 | train_loss=0.0459 | val_acc=98.86% val_f1=0.9862 | test_acc=77.81% test_f1=0.6581
Early stopping at epoch 36 (best=20, score=0.991859)
================================================================================
Best epoch: 20
Best score (val_macro_f1): 0.991859
Final test accuracy: 78.93%
Saved to: ablation_experiments/h1/results/comparison_18d_baselines/inception/inception_weld_seam_windows_ws5_tf75_pg0_h1_oc24_blk9_bn32_do0.3_ep80_lr0.0001_wd0.0005_bs64_seed14
================================================================================
Comparison baseline | model=inception
================================================================================
Dataset: /home/huang_kai/wind_turbine_phm/PHOENIX-main/autoencoder_benchmark/Data/processed_data/weld_seam_windows_ws5_tf75_pg0_h1.npz
Device: cuda
Train/Val/Test: 990 / 175 / 356
Epoch 001 | train_loss=0.9359 | val_acc=50.29% val_f1=0.5237 | test_acc=51.97% test_f1=0.5561
Epoch 002 | train_loss=0.6751 | val_acc=81.14% val_f1=0.7847 | test_acc=84.55% test_f1=0.8452
Epoch 003 | train_loss=0.5263 | val_acc=86.86% val_f1=0.8430 | test_acc=95.51% test_f1=0.9417
Epoch 004 | train_loss=0.4095 | val_acc=92.00% val_f1=0.9100 | test_acc=95.22% test_f1=0.9368
Epoch 005 | train_loss=0.3237 | val_acc=92.00% val_f1=0.9100 | test_acc=94.66% test_f1=0.9301
Epoch 006 | train_loss=0.2896 | val_acc=94.29% val_f1=0.9355 | test_acc=92.42% test_f1=0.9025
Epoch 007 | train_loss=0.2504 | val_acc=96.57% val_f1=0.9639 | test_acc=92.70% test_f1=0.9044
Epoch 008 | train_loss=0.2021 | val_acc=97.71% val_f1=0.9775 | test_acc=89.33% test_f1=0.8580
Epoch 009 | train_loss=0.1651 | val_acc=97.71% val_f1=0.9775 | test_acc=87.64% test_f1=0.8340
Epoch 010 | train_loss=0.1439 | val_acc=97.71% val_f1=0.9775 | test_acc=84.27% test_f1=0.7805
Epoch 011 | train_loss=0.1201 | val_acc=98.29% val_f1=0.9830 | test_acc=87.08% test_f1=0.8293
Epoch 012 | train_loss=0.1064 | val_acc=98.29% val_f1=0.9830 | test_acc=89.04% test_f1=0.8601
Epoch 013 | train_loss=0.0869 | val_acc=100.00% val_f1=1.0000 | test_acc=84.83% test_f1=0.8025
Epoch 014 | train_loss=0.0751 | val_acc=100.00% val_f1=1.0000 | test_acc=82.30% test_f1=0.7605
Epoch 015 | train_loss=0.0762 | val_acc=100.00% val_f1=1.0000 | test_acc=81.74% test_f1=0.7552
Epoch 016 | train_loss=0.0613 | val_acc=99.43% val_f1=0.9943 | test_acc=80.90% test_f1=0.7367
Epoch 017 | train_loss=0.0545 | val_acc=100.00% val_f1=1.0000 | test_acc=82.02% test_f1=0.7549
Epoch 018 | train_loss=0.0564 | val_acc=100.00% val_f1=1.0000 | test_acc=83.43% test_f1=0.7871
Epoch 019 | train_loss=0.0557 | val_acc=100.00% val_f1=1.0000 | test_acc=80.90% test_f1=0.7404
Epoch 020 | train_loss=0.0460 | val_acc=100.00% val_f1=1.0000 | test_acc=79.78% test_f1=0.7274
Epoch 021 | train_loss=0.0625 | val_acc=100.00% val_f1=1.0000 | test_acc=75.28% test_f1=0.6645
Epoch 022 | train_loss=0.0396 | val_acc=100.00% val_f1=1.0000 | test_acc=82.58% test_f1=0.7691
Epoch 023 | train_loss=0.0307 | val_acc=100.00% val_f1=1.0000 | test_acc=78.09% test_f1=0.7057
Epoch 024 | train_loss=0.0320 | val_acc=100.00% val_f1=1.0000 | test_acc=73.03% test_f1=0.6272
Epoch 025 | train_loss=0.0389 | val_acc=100.00% val_f1=1.0000 | test_acc=78.37% test_f1=0.7121
Epoch 026 | train_loss=0.0436 | val_acc=100.00% val_f1=1.0000 | test_acc=85.96% test_f1=0.8233
Epoch 027 | train_loss=0.0312 | val_acc=100.00% val_f1=1.0000 | test_acc=78.93% test_f1=0.7103
Epoch 028 | train_loss=0.0299 | val_acc=100.00% val_f1=1.0000 | test_acc=78.65% test_f1=0.7008
Epoch 029 | train_loss=0.0456 | val_acc=100.00% val_f1=1.0000 | test_acc=79.78% test_f1=0.7378
Early stopping at epoch 29 (best=13, score=1.000000)
================================================================================
Best epoch: 13
Best score (val_macro_f1): 1.000000
Final test accuracy: 84.83%
Saved to: ablation_experiments/h1/results/comparison_18d_baselines/inception/inception_weld_seam_windows_ws5_tf75_pg0_h1_oc32_blk3_bn32_do0.2_ep80_lr0.0001_wd0.0002_bs64_seed183
================================================================================
Comparison baseline | model=inception
================================================================================
Dataset: /home/huang_kai/wind_turbine_phm/PHOENIX-main/autoencoder_benchmark/Data/processed_data/weld_seam_windows_ws5_tf75_pg0_h1.npz
Device: cuda
Train/Val/Test: 990 / 175 / 356
Epoch 001 | train_loss=1.1697 | val_acc=66.29% val_f1=0.4718 | test_acc=57.02% test_f1=0.3341
Epoch 002 | train_loss=0.8551 | val_acc=74.86% val_f1=0.7665 | test_acc=66.57% test_f1=0.5956
Epoch 003 | train_loss=0.6885 | val_acc=82.86% val_f1=0.8462 | test_acc=70.51% test_f1=0.6810
Epoch 004 | train_loss=0.5315 | val_acc=89.71% val_f1=0.9055 | test_acc=82.30% test_f1=0.7928
Epoch 005 | train_loss=0.3878 | val_acc=92.00% val_f1=0.9252 | test_acc=86.24% test_f1=0.8191
Epoch 006 | train_loss=0.2880 | val_acc=94.86% val_f1=0.9508 | test_acc=85.39% test_f1=0.7944
Epoch 007 | train_loss=0.2398 | val_acc=95.43% val_f1=0.9560 | test_acc=83.99% test_f1=0.7779
Epoch 008 | train_loss=0.1544 | val_acc=98.86% val_f1=0.9886 | test_acc=83.15% test_f1=0.7612
Epoch 009 | train_loss=0.1455 | val_acc=98.86% val_f1=0.9886 | test_acc=79.21% test_f1=0.6894
Epoch 010 | train_loss=0.0996 | val_acc=98.86% val_f1=0.9886 | test_acc=77.25% test_f1=0.6557
Epoch 011 | train_loss=0.0683 | val_acc=98.86% val_f1=0.9886 | test_acc=78.93% test_f1=0.6934
Epoch 012 | train_loss=0.0606 | val_acc=100.00% val_f1=1.0000 | test_acc=77.53% test_f1=0.6836
Epoch 013 | train_loss=0.0551 | val_acc=100.00% val_f1=1.0000 | test_acc=73.31% test_f1=0.6305
Epoch 014 | train_loss=0.0464 | val_acc=100.00% val_f1=1.0000 | test_acc=76.12% test_f1=0.6614
Epoch 015 | train_loss=0.0374 | val_acc=100.00% val_f1=1.0000 | test_acc=78.37% test_f1=0.6966
Epoch 016 | train_loss=0.0331 | val_acc=100.00% val_f1=1.0000 | test_acc=79.78% test_f1=0.7313
Epoch 017 | train_loss=0.0541 | val_acc=100.00% val_f1=1.0000 | test_acc=73.88% test_f1=0.6374
Epoch 018 | train_loss=0.0317 | val_acc=100.00% val_f1=1.0000 | test_acc=75.28% test_f1=0.6594
Epoch 019 | train_loss=0.0279 | val_acc=100.00% val_f1=1.0000 | test_acc=76.12% test_f1=0.6854
Epoch 020 | train_loss=0.0248 | val_acc=100.00% val_f1=1.0000 | test_acc=79.78% test_f1=0.7443
Epoch 021 | train_loss=0.0151 | val_acc=100.00% val_f1=1.0000 | test_acc=78.65% test_f1=0.7296
Epoch 022 | train_loss=0.0267 | val_acc=100.00% val_f1=1.0000 | test_acc=72.47% test_f1=0.6351
Epoch 023 | train_loss=0.0305 | val_acc=100.00% val_f1=1.0000 | test_acc=75.00% test_f1=0.6642
Epoch 024 | train_loss=0.0163 | val_acc=100.00% val_f1=1.0000 | test_acc=81.18% test_f1=0.7628
Epoch 025 | train_loss=0.0163 | val_acc=100.00% val_f1=1.0000 | test_acc=81.46% test_f1=0.7693
Epoch 026 | train_loss=0.0070 | val_acc=100.00% val_f1=1.0000 | test_acc=74.16% test_f1=0.6571
Epoch 027 | train_loss=0.0091 | val_acc=100.00% val_f1=1.0000 | test_acc=73.03% test_f1=0.6405
Epoch 028 | train_loss=0.0149 | val_acc=100.00% val_f1=1.0000 | test_acc=75.56% test_f1=0.6823
Early stopping at epoch 28 (best=12, score=1.000000)
================================================================================
Best epoch: 12
Best score (val_macro_f1): 1.000000
Final test accuracy: 77.53%
Saved to: ablation_experiments/h1/results/comparison_18d_baselines/inception/inception_weld_seam_windows_ws5_tf75_pg0_h1_oc32_blk9_bn16_do0.2_ep80_lr0.0003_wd0.0001_bs128_seed77
================================================================================
Comparison baseline | model=inception
================================================================================
Dataset: /home/huang_kai/wind_turbine_phm/PHOENIX-main/autoencoder_benchmark/Data/processed_data/weld_seam_windows_ws5_tf75_pg0_h1.npz
Device: cuda
Train/Val/Test: 990 / 175 / 356
Epoch 001 | train_loss=0.9338 | val_acc=70.86% val_f1=0.6240 | test_acc=65.73% test_f1=0.6495
Epoch 002 | train_loss=0.7154 | val_acc=77.14% val_f1=0.7343 | test_acc=78.93% test_f1=0.8080
Epoch 003 | train_loss=0.5910 | val_acc=82.86% val_f1=0.7960 | test_acc=92.98% test_f1=0.9300
Epoch 004 | train_loss=0.4560 | val_acc=85.14% val_f1=0.8275 | test_acc=95.51% test_f1=0.9435
Epoch 005 | train_loss=0.3757 | val_acc=89.14% val_f1=0.8772 | test_acc=91.85% test_f1=0.8926
Epoch 006 | train_loss=0.2913 | val_acc=92.00% val_f1=0.9119 | test_acc=91.57% test_f1=0.8887
Epoch 007 | train_loss=0.2245 | val_acc=93.71% val_f1=0.9306 | test_acc=91.01% test_f1=0.8808
Epoch 008 | train_loss=0.1815 | val_acc=94.86% val_f1=0.9446 | test_acc=91.29% test_f1=0.8852
Epoch 009 | train_loss=0.1583 | val_acc=96.57% val_f1=0.9660 | test_acc=90.73% test_f1=0.8765
Epoch 010 | train_loss=0.1334 | val_acc=97.71% val_f1=0.9772 | test_acc=88.76% test_f1=0.8484
Epoch 011 | train_loss=0.1427 | val_acc=97.71% val_f1=0.9772 | test_acc=87.92% test_f1=0.8340
Epoch 012 | train_loss=0.0865 | val_acc=98.29% val_f1=0.9830 | test_acc=86.52% test_f1=0.8164
Epoch 013 | train_loss=0.0839 | val_acc=98.29% val_f1=0.9830 | test_acc=87.08% test_f1=0.8257
Epoch 014 | train_loss=0.0728 | val_acc=98.29% val_f1=0.9830 | test_acc=86.80% test_f1=0.8282
Epoch 015 | train_loss=0.0874 | val_acc=98.29% val_f1=0.9830 | test_acc=85.96% test_f1=0.8120
Epoch 016 | train_loss=0.0784 | val_acc=98.29% val_f1=0.9830 | test_acc=85.39% test_f1=0.7973
Epoch 017 | train_loss=0.0441 | val_acc=98.29% val_f1=0.9830 | test_acc=85.39% test_f1=0.8042
Epoch 018 | train_loss=0.0488 | val_acc=98.29% val_f1=0.9830 | test_acc=85.96% test_f1=0.8119
Epoch 019 | train_loss=0.0543 | val_acc=98.29% val_f1=0.9830 | test_acc=88.20% test_f1=0.8438
Epoch 020 | train_loss=0.0449 | val_acc=98.29% val_f1=0.9830 | test_acc=87.36% test_f1=0.8318
Epoch 021 | train_loss=0.0435 | val_acc=98.29% val_f1=0.9830 | test_acc=87.36% test_f1=0.8341
Epoch 022 | train_loss=0.0402 | val_acc=98.29% val_f1=0.9830 | test_acc=85.96% test_f1=0.8112
Epoch 023 | train_loss=0.0500 | val_acc=98.29% val_f1=0.9830 | test_acc=88.20% test_f1=0.8460
Epoch 024 | train_loss=0.0434 | val_acc=98.86% val_f1=0.9886 | test_acc=86.52% test_f1=0.8265
Epoch 025 | train_loss=0.0379 | val_acc=100.00% val_f1=1.0000 | test_acc=84.83% test_f1=0.8059
Epoch 026 | train_loss=0.0377 | val_acc=98.86% val_f1=0.9886 | test_acc=86.24% test_f1=0.8255
Epoch 027 | train_loss=0.0427 | val_acc=99.43% val_f1=0.9943 | test_acc=86.52% test_f1=0.8287
Epoch 028 | train_loss=0.0403 | val_acc=100.00% val_f1=1.0000 | test_acc=85.11% test_f1=0.8091
Epoch 029 | train_loss=0.0463 | val_acc=99.43% val_f1=0.9943 | test_acc=85.39% test_f1=0.8096
Epoch 030 | train_loss=0.0214 | val_acc=98.29% val_f1=0.9830 | test_acc=83.71% test_f1=0.7819
Epoch 031 | train_loss=0.0281 | val_acc=100.00% val_f1=1.0000 | test_acc=81.46% test_f1=0.7515
Epoch 032 | train_loss=0.0310 | val_acc=100.00% val_f1=1.0000 | test_acc=81.74% test_f1=0.7580
Epoch 033 | train_loss=0.0283 | val_acc=100.00% val_f1=1.0000 | test_acc=82.87% test_f1=0.7804
Epoch 034 | train_loss=0.0450 | val_acc=100.00% val_f1=1.0000 | test_acc=80.62% test_f1=0.7426
Epoch 035 | train_loss=0.0165 | val_acc=100.00% val_f1=1.0000 | test_acc=84.55% test_f1=0.8047
Epoch 036 | train_loss=0.0210 | val_acc=99.43% val_f1=0.9943 | test_acc=84.83% test_f1=0.8079
Epoch 037 | train_loss=0.0274 | val_acc=100.00% val_f1=1.0000 | test_acc=85.11% test_f1=0.8091
Epoch 038 | train_loss=0.0299 | val_acc=100.00% val_f1=1.0000 | test_acc=84.83% test_f1=0.8080
Epoch 039 | train_loss=0.0235 | val_acc=100.00% val_f1=1.0000 | test_acc=83.15% test_f1=0.7849
Epoch 040 | train_loss=0.0200 | val_acc=100.00% val_f1=1.0000 | test_acc=84.55% test_f1=0.8026
Epoch 041 | train_loss=0.0250 | val_acc=100.00% val_f1=1.0000 | test_acc=84.55% test_f1=0.8037
Early stopping at epoch 41 (best=25, score=1.000000)
================================================================================
Best epoch: 25
Best score (val_macro_f1): 1.000000
Final test accuracy: 84.83%
Saved to: ablation_experiments/h1/results/comparison_18d_baselines/inception/inception_weld_seam_windows_ws5_tf75_pg0_h1_oc16_blk3_bn16_do0.3_ep80_lr0.0003_wd0.0001_bs128_seed183
================================================================================
Comparison baseline | model=inception
================================================================================
Dataset: /home/huang_kai/wind_turbine_phm/PHOENIX-main/autoencoder_benchmark/Data/processed_data/weld_seam_windows_ws5_tf75_pg0_h1.npz
Device: cuda
Train/Val/Test: 990 / 175 / 356
Epoch 001 | train_loss=1.1934 | val_acc=63.43% val_f1=0.5900 | test_acc=56.74% test_f1=0.5200
Epoch 002 | train_loss=0.9486 | val_acc=78.29% val_f1=0.7255 | test_acc=70.22% test_f1=0.6901
Epoch 003 | train_loss=0.8281 | val_acc=83.43% val_f1=0.7809 | test_acc=88.76% test_f1=0.8571
Epoch 004 | train_loss=0.6957 | val_acc=86.29% val_f1=0.8232 | test_acc=93.54% test_f1=0.9213
Epoch 005 | train_loss=0.5707 | val_acc=88.00% val_f1=0.8460 | test_acc=93.82% test_f1=0.9278
Epoch 006 | train_loss=0.5090 | val_acc=92.00% val_f1=0.8962 | test_acc=92.70% test_f1=0.9156
Epoch 007 | train_loss=0.4223 | val_acc=92.57% val_f1=0.9047 | test_acc=91.57% test_f1=0.9007
Epoch 008 | train_loss=0.3888 | val_acc=93.71% val_f1=0.9242 | test_acc=91.01% test_f1=0.8908
Epoch 009 | train_loss=0.3195 | val_acc=95.43% val_f1=0.9493 | test_acc=90.45% test_f1=0.8791
Epoch 010 | train_loss=0.2641 | val_acc=96.00% val_f1=0.9575 | test_acc=88.76% test_f1=0.8533
Epoch 011 | train_loss=0.2402 | val_acc=96.57% val_f1=0.9630 | test_acc=88.76% test_f1=0.8533
Epoch 012 | train_loss=0.2057 | val_acc=96.57% val_f1=0.9654 | test_acc=91.01% test_f1=0.8834
Epoch 013 | train_loss=0.1919 | val_acc=97.71% val_f1=0.9767 | test_acc=89.04% test_f1=0.8565
Epoch 014 | train_loss=0.1792 | val_acc=97.71% val_f1=0.9767 | test_acc=89.61% test_f1=0.8629
Epoch 015 | train_loss=0.1514 | val_acc=97.71% val_f1=0.9767 | test_acc=88.48% test_f1=0.8452
Epoch 016 | train_loss=0.1632 | val_acc=97.71% val_f1=0.9767 | test_acc=88.76% test_f1=0.8496
Epoch 017 | train_loss=0.1362 | val_acc=98.29% val_f1=0.9825 | test_acc=89.04% test_f1=0.8541
Epoch 018 | train_loss=0.1389 | val_acc=98.29% val_f1=0.9825 | test_acc=87.36% test_f1=0.8311
Epoch 019 | train_loss=0.1197 | val_acc=98.29% val_f1=0.9825 | test_acc=87.08% test_f1=0.8279
Epoch 020 | train_loss=0.1031 | val_acc=98.29% val_f1=0.9825 | test_acc=85.67% test_f1=0.8019
Epoch 021 | train_loss=0.0971 | val_acc=98.29% val_f1=0.9825 | test_acc=84.27% test_f1=0.7828
Epoch 022 | train_loss=0.0931 | val_acc=98.86% val_f1=0.9883 | test_acc=85.67% test_f1=0.8050
Epoch 023 | train_loss=0.1301 | val_acc=99.43% val_f1=0.9941 | test_acc=88.20% test_f1=0.8433
Epoch 024 | train_loss=0.0686 | val_acc=99.43% val_f1=0.9941 | test_acc=85.67% test_f1=0.8115
Epoch 025 | train_loss=0.0954 | val_acc=99.43% val_f1=0.9941 | test_acc=84.55% test_f1=0.7968
Epoch 026 | train_loss=0.0636 | val_acc=99.43% val_f1=0.9941 | test_acc=85.96% test_f1=0.8169
Epoch 027 | train_loss=0.0579 | val_acc=99.43% val_f1=0.9941 | test_acc=85.39% test_f1=0.8101
Epoch 028 | train_loss=0.0663 | val_acc=99.43% val_f1=0.9941 | test_acc=85.39% test_f1=0.8101
Epoch 029 | train_loss=0.0520 | val_acc=99.43% val_f1=0.9941 | test_acc=85.39% test_f1=0.8101
Epoch 030 | train_loss=0.0614 | val_acc=99.43% val_f1=0.9941 | test_acc=86.52% test_f1=0.8274
Epoch 031 | train_loss=0.0478 | val_acc=100.00% val_f1=1.0000 | test_acc=84.83% test_f1=0.8053
Epoch 032 | train_loss=0.0689 | val_acc=100.00% val_f1=1.0000 | test_acc=81.46% test_f1=0.7580
Epoch 033 | train_loss=0.0451 | val_acc=100.00% val_f1=1.0000 | test_acc=84.55% test_f1=0.8003
Epoch 034 | train_loss=0.0551 | val_acc=100.00% val_f1=1.0000 | test_acc=84.55% test_f1=0.7995
Epoch 035 | train_loss=0.0422 | val_acc=100.00% val_f1=1.0000 | test_acc=85.96% test_f1=0.8188
Epoch 036 | train_loss=0.0385 | val_acc=100.00% val_f1=1.0000 | test_acc=84.83% test_f1=0.7967
Epoch 037 | train_loss=0.0398 | val_acc=100.00% val_f1=1.0000 | test_acc=83.71% test_f1=0.7807
Epoch 038 | train_loss=0.0673 | val_acc=100.00% val_f1=1.0000 | test_acc=79.78% test_f1=0.7273
Epoch 039 | train_loss=0.0369 | val_acc=100.00% val_f1=1.0000 | test_acc=82.02% test_f1=0.7602
Epoch 040 | train_loss=0.0285 | val_acc=100.00% val_f1=1.0000 | test_acc=83.71% test_f1=0.7807
Epoch 041 | train_loss=0.0306 | val_acc=100.00% val_f1=1.0000 | test_acc=82.87% test_f1=0.7706
Epoch 042 | train_loss=0.0363 | val_acc=100.00% val_f1=1.0000 | test_acc=82.58% test_f1=0.7672
Epoch 043 | train_loss=0.0453 | val_acc=100.00% val_f1=1.0000 | test_acc=86.52% test_f1=0.8257
Epoch 044 | train_loss=0.0321 | val_acc=100.00% val_f1=1.0000 | test_acc=86.52% test_f1=0.8257
Epoch 045 | train_loss=0.0475 | val_acc=100.00% val_f1=1.0000 | test_acc=81.46% test_f1=0.7496
Epoch 046 | train_loss=0.0258 | val_acc=100.00% val_f1=1.0000 | test_acc=81.18% test_f1=0.7462
Epoch 047 | train_loss=0.0238 | val_acc=100.00% val_f1=1.0000 | test_acc=82.58% test_f1=0.7693
Early stopping at epoch 47 (best=31, score=1.000000)
================================================================================
Best epoch: 31
Best score (val_macro_f1): 1.000000
Final test accuracy: 84.83%
Saved to: ablation_experiments/h1/results/comparison_18d_baselines/inception/inception_weld_seam_windows_ws5_tf75_pg0_h1_oc24_blk3_bn32_do0.3_ep80_lr0.0003_wd0.0005_bs128_seed183
================================================================================
Comparison baseline | model=inception
================================================================================
Dataset: /home/huang_kai/wind_turbine_phm/PHOENIX-main/autoencoder_benchmark/Data/processed_data/weld_seam_windows_ws5_tf75_pg0_h1.npz
Device: cuda
Train/Val/Test: 990 / 175 / 356
Epoch 001 | train_loss=0.9028 | val_acc=61.14% val_f1=0.6246 | test_acc=89.89% test_f1=0.9011
Epoch 002 | train_loss=0.5284 | val_acc=88.00% val_f1=0.8609 | test_acc=94.66% test_f1=0.9282
Epoch 003 | train_loss=0.3423 | val_acc=97.71% val_f1=0.9767 | test_acc=88.48% test_f1=0.8423
Epoch 004 | train_loss=0.1926 | val_acc=97.14% val_f1=0.9714 | test_acc=91.29% test_f1=0.8853
Epoch 005 | train_loss=0.1558 | val_acc=97.14% val_f1=0.9690 | test_acc=84.83% test_f1=0.7794
Epoch 006 | train_loss=0.1437 | val_acc=97.14% val_f1=0.9721 | test_acc=90.73% test_f1=0.8805
Epoch 007 | train_loss=0.0976 | val_acc=99.43% val_f1=0.9943 | test_acc=85.96% test_f1=0.8016
Epoch 008 | train_loss=0.0928 | val_acc=99.43% val_f1=0.9943 | test_acc=83.71% test_f1=0.7634
Epoch 009 | train_loss=0.0564 | val_acc=99.43% val_f1=0.9943 | test_acc=86.80% test_f1=0.8239
Epoch 010 | train_loss=0.0714 | val_acc=99.43% val_f1=0.9943 | test_acc=82.30% test_f1=0.7521
Epoch 011 | train_loss=0.0508 | val_acc=100.00% val_f1=1.0000 | test_acc=83.71% test_f1=0.7854
Epoch 012 | train_loss=0.0671 | val_acc=100.00% val_f1=1.0000 | test_acc=84.83% test_f1=0.7991
Epoch 013 | train_loss=0.0356 | val_acc=100.00% val_f1=1.0000 | test_acc=84.55% test_f1=0.7933
Epoch 014 | train_loss=0.0444 | val_acc=100.00% val_f1=1.0000 | test_acc=84.55% test_f1=0.8012
Epoch 015 | train_loss=0.0421 | val_acc=98.86% val_f1=0.9886 | test_acc=87.64% test_f1=0.8428
Epoch 016 | train_loss=0.0557 | val_acc=100.00% val_f1=1.0000 | test_acc=83.71% test_f1=0.7934
Epoch 017 | train_loss=0.0175 | val_acc=100.00% val_f1=1.0000 | test_acc=82.30% test_f1=0.7713
Epoch 018 | train_loss=0.0207 | val_acc=100.00% val_f1=1.0000 | test_acc=81.46% test_f1=0.7676
Epoch 019 | train_loss=0.0316 | val_acc=100.00% val_f1=1.0000 | test_acc=82.02% test_f1=0.7699
Epoch 020 | train_loss=0.0344 | val_acc=100.00% val_f1=1.0000 | test_acc=77.53% test_f1=0.6841
Epoch 021 | train_loss=0.0139 | val_acc=100.00% val_f1=1.0000 | test_acc=78.93% test_f1=0.7152
Epoch 022 | train_loss=0.0298 | val_acc=99.43% val_f1=0.9919 | test_acc=71.63% test_f1=0.5931
Epoch 023 | train_loss=0.0244 | val_acc=100.00% val_f1=1.0000 | test_acc=78.37% test_f1=0.7075
Epoch 024 | train_loss=0.0177 | val_acc=100.00% val_f1=1.0000 | test_acc=82.87% test_f1=0.7858
Epoch 025 | train_loss=0.0096 | val_acc=100.00% val_f1=1.0000 | test_acc=83.43% test_f1=0.7940
Epoch 026 | train_loss=0.0081 | val_acc=100.00% val_f1=1.0000 | test_acc=79.21% test_f1=0.7271
Epoch 027 | train_loss=0.0085 | val_acc=100.00% val_f1=1.0000 | test_acc=82.30% test_f1=0.7743
Early stopping at epoch 27 (best=11, score=1.000000)
================================================================================
Best epoch: 11
Best score (val_macro_f1): 1.000000
Final test accuracy: 83.71%
Saved to: ablation_experiments/h1/results/comparison_18d_baselines/inception/inception_weld_seam_windows_ws5_tf75_pg0_h1_oc16_blk3_bn16_do0.1_ep80_lr0.0005_wd0.0001_bs64_seed183
================================================================================
Comparison baseline | model=inception
================================================================================
Dataset: /home/huang_kai/wind_turbine_phm/PHOENIX-main/autoencoder_benchmark/Data/processed_data/weld_seam_windows_ws5_tf75_pg0_h1.npz
Device: cuda
Train/Val/Test: 990 / 175 / 356
Epoch 001 | train_loss=1.0613 | val_acc=32.00% val_f1=0.3027 | test_acc=36.24% test_f1=0.3439
Epoch 002 | train_loss=0.8948 | val_acc=57.14% val_f1=0.5912 | test_acc=70.51% test_f1=0.7269
Epoch 003 | train_loss=0.7892 | val_acc=77.71% val_f1=0.7601 | test_acc=91.01% test_f1=0.9025
Epoch 004 | train_loss=0.6842 | val_acc=84.00% val_f1=0.8214 | test_acc=95.22% test_f1=0.9397
Epoch 005 | train_loss=0.6140 | val_acc=86.29% val_f1=0.8471 | test_acc=96.07% test_f1=0.9487
Epoch 006 | train_loss=0.5431 | val_acc=88.57% val_f1=0.8675 | test_acc=95.51% test_f1=0.9370
Epoch 007 | train_loss=0.4744 | val_acc=90.29% val_f1=0.8887 | test_acc=95.51% test_f1=0.9382
Epoch 008 | train_loss=0.4339 | val_acc=91.43% val_f1=0.9020 | test_acc=95.22% test_f1=0.9365
Epoch 009 | train_loss=0.3692 | val_acc=92.57% val_f1=0.9153 | test_acc=93.82% test_f1=0.9202
Epoch 010 | train_loss=0.3409 | val_acc=93.14% val_f1=0.9210 | test_acc=89.89% test_f1=0.8648
Epoch 011 | train_loss=0.3028 | val_acc=94.86% val_f1=0.9450 | test_acc=90.45% test_f1=0.8709
Epoch 012 | train_loss=0.2743 | val_acc=95.43% val_f1=0.9526 | test_acc=88.76% test_f1=0.8469
Epoch 013 | train_loss=0.2531 | val_acc=96.00% val_f1=0.9606 | test_acc=87.36% test_f1=0.8298
Epoch 014 | train_loss=0.2356 | val_acc=96.00% val_f1=0.9606 | test_acc=87.08% test_f1=0.8223
Epoch 015 | train_loss=0.2009 | val_acc=96.00% val_f1=0.9606 | test_acc=87.92% test_f1=0.8361
Epoch 016 | train_loss=0.1898 | val_acc=96.57% val_f1=0.9660 | test_acc=86.24% test_f1=0.8169
Epoch 017 | train_loss=0.1778 | val_acc=97.14% val_f1=0.9715 | test_acc=85.39% test_f1=0.8058
Epoch 018 | train_loss=0.1507 | val_acc=96.57% val_f1=0.9660 | test_acc=86.80% test_f1=0.8247
Epoch 019 | train_loss=0.1480 | val_acc=97.14% val_f1=0.9715 | test_acc=85.96% test_f1=0.8097
Epoch 020 | train_loss=0.1250 | val_acc=97.14% val_f1=0.9715 | test_acc=85.39% test_f1=0.8032
Epoch 021 | train_loss=0.1185 | val_acc=97.14% val_f1=0.9715 | test_acc=85.96% test_f1=0.8082
Epoch 022 | train_loss=0.1040 | val_acc=97.71% val_f1=0.9775 | test_acc=85.11% test_f1=0.7971
Epoch 023 | train_loss=0.1137 | val_acc=100.00% val_f1=1.0000 | test_acc=82.30% test_f1=0.7648
Epoch 024 | train_loss=0.1065 | val_acc=98.86% val_f1=0.9886 | test_acc=82.30% test_f1=0.7599
Epoch 025 | train_loss=0.0865 | val_acc=97.71% val_f1=0.9775 | test_acc=83.71% test_f1=0.7831
Epoch 026 | train_loss=0.0813 | val_acc=97.71% val_f1=0.9775 | test_acc=83.71% test_f1=0.7844
Epoch 027 | train_loss=0.0736 | val_acc=97.71% val_f1=0.9775 | test_acc=84.55% test_f1=0.7969
Epoch 028 | train_loss=0.0773 | val_acc=97.71% val_f1=0.9775 | test_acc=83.71% test_f1=0.7856
Epoch 029 | train_loss=0.0777 | val_acc=100.00% val_f1=1.0000 | test_acc=82.30% test_f1=0.7676
Epoch 030 | train_loss=0.0690 | val_acc=100.00% val_f1=1.0000 | test_acc=78.65% test_f1=0.7110
Epoch 031 | train_loss=0.0581 | val_acc=100.00% val_f1=1.0000 | test_acc=80.62% test_f1=0.7444
Epoch 032 | train_loss=0.0611 | val_acc=100.00% val_f1=1.0000 | test_acc=79.21% test_f1=0.7209
Epoch 033 | train_loss=0.0609 | val_acc=100.00% val_f1=1.0000 | test_acc=77.81% test_f1=0.6976
Epoch 034 | train_loss=0.0532 | val_acc=100.00% val_f1=1.0000 | test_acc=79.78% test_f1=0.7306
Epoch 035 | train_loss=0.0624 | val_acc=100.00% val_f1=1.0000 | test_acc=83.15% test_f1=0.7790
Epoch 036 | train_loss=0.0454 | val_acc=100.00% val_f1=1.0000 | test_acc=82.58% test_f1=0.7723
Epoch 037 | train_loss=0.0616 | val_acc=100.00% val_f1=1.0000 | test_acc=78.09% test_f1=0.7083
Epoch 038 | train_loss=0.0437 | val_acc=100.00% val_f1=1.0000 | test_acc=78.65% test_f1=0.7182
Epoch 039 | train_loss=0.0518 | val_acc=100.00% val_f1=1.0000 | test_acc=82.02% test_f1=0.7689
Early stopping at epoch 39 (best=23, score=1.000000)
================================================================================
Best epoch: 23
Best score (val_macro_f1): 1.000000
Final test accuracy: 82.30%
Saved to: ablation_experiments/h1/results/comparison_18d_baselines/inception/inception_weld_seam_windows_ws5_tf75_pg0_h1_oc32_blk3_bn32_do0.2_ep80_lr0.0001_wd0.0001_bs128_seed183
================================================================================
Comparison baseline | model=inception
================================================================================
Dataset: /home/huang_kai/wind_turbine_phm/PHOENIX-main/autoencoder_benchmark/Data/processed_data/weld_seam_windows_ws5_tf75_pg0_h1.npz
Device: cuda
Train/Val/Test: 990 / 175 / 356
Epoch 001 | train_loss=0.9621 | val_acc=40.00% val_f1=0.3782 | test_acc=70.51% test_f1=0.6937
Epoch 002 | train_loss=0.7002 | val_acc=78.86% val_f1=0.8105 | test_acc=89.04% test_f1=0.8647
Epoch 003 | train_loss=0.4599 | val_acc=86.29% val_f1=0.8741 | test_acc=92.98% test_f1=0.8944
Epoch 004 | train_loss=0.3183 | val_acc=93.14% val_f1=0.9337 | test_acc=89.89% test_f1=0.8427
Epoch 005 | train_loss=0.2278 | val_acc=94.86% val_f1=0.9503 | test_acc=89.33% test_f1=0.8328
Epoch 006 | train_loss=0.2197 | val_acc=95.43% val_f1=0.9556 | test_acc=85.11% test_f1=0.7685
Epoch 007 | train_loss=0.1321 | val_acc=96.00% val_f1=0.9613 | test_acc=86.24% test_f1=0.7968
Epoch 008 | train_loss=0.1336 | val_acc=98.29% val_f1=0.9830 | test_acc=83.15% test_f1=0.7505
Epoch 009 | train_loss=0.1191 | val_acc=100.00% val_f1=1.0000 | test_acc=76.12% test_f1=0.6271
Epoch 010 | train_loss=0.0960 | val_acc=100.00% val_f1=1.0000 | test_acc=80.90% test_f1=0.7212
Epoch 011 | train_loss=0.0697 | val_acc=100.00% val_f1=1.0000 | test_acc=76.97% test_f1=0.6805
Epoch 012 | train_loss=0.1003 | val_acc=100.00% val_f1=1.0000 | test_acc=81.74% test_f1=0.7517
Epoch 013 | train_loss=0.0645 | val_acc=100.00% val_f1=1.0000 | test_acc=78.93% test_f1=0.7029
Epoch 014 | train_loss=0.0526 | val_acc=100.00% val_f1=1.0000 | test_acc=74.44% test_f1=0.6459
Epoch 015 | train_loss=0.0706 | val_acc=100.00% val_f1=1.0000 | test_acc=73.03% test_f1=0.6273
Epoch 016 | train_loss=0.0478 | val_acc=100.00% val_f1=1.0000 | test_acc=69.94% test_f1=0.5742
Epoch 017 | train_loss=0.0591 | val_acc=100.00% val_f1=1.0000 | test_acc=73.60% test_f1=0.6372
Epoch 018 | train_loss=0.0486 | val_acc=100.00% val_f1=1.0000 | test_acc=73.88% test_f1=0.6302
Epoch 019 | train_loss=0.0410 | val_acc=100.00% val_f1=1.0000 | test_acc=72.19% test_f1=0.6182
Epoch 020 | train_loss=0.0322 | val_acc=100.00% val_f1=1.0000 | test_acc=76.69% test_f1=0.6942
Epoch 021 | train_loss=0.0224 | val_acc=100.00% val_f1=1.0000 | test_acc=71.35% test_f1=0.6152
Epoch 022 | train_loss=0.0452 | val_acc=100.00% val_f1=1.0000 | test_acc=74.16% test_f1=0.6609
Epoch 023 | train_loss=0.0386 | val_acc=100.00% val_f1=1.0000 | test_acc=69.66% test_f1=0.5834
Epoch 024 | train_loss=0.0317 | val_acc=100.00% val_f1=1.0000 | test_acc=71.07% test_f1=0.6101
Epoch 025 | train_loss=0.0444 | val_acc=100.00% val_f1=1.0000 | test_acc=70.79% test_f1=0.5963
Early stopping at epoch 25 (best=9, score=1.000000)
================================================================================
Best epoch: 9
Best score (val_macro_f1): 1.000000
Final test accuracy: 76.12%
Saved to: ablation_experiments/h1/results/comparison_18d_baselines/inception/inception_weld_seam_windows_ws5_tf75_pg0_h1_oc16_blk6_bn16_do0.3_ep80_lr0.0003_wd0.0002_bs64_seed77
================================================================================
Comparison baseline | model=inception
================================================================================
Dataset: /home/huang_kai/wind_turbine_phm/PHOENIX-main/autoencoder_benchmark/Data/processed_data/weld_seam_windows_ws5_tf75_pg0_h1.npz
Device: cuda
Train/Val/Test: 990 / 175 / 356
Epoch 001 | train_loss=1.0324 | val_acc=67.43% val_f1=0.5474 | test_acc=70.79% test_f1=0.5931
Epoch 002 | train_loss=0.7927 | val_acc=76.00% val_f1=0.7507 | test_acc=77.53% test_f1=0.8015
Epoch 003 | train_loss=0.5714 | val_acc=85.14% val_f1=0.8544 | test_acc=89.33% test_f1=0.8811
Epoch 004 | train_loss=0.3688 | val_acc=88.00% val_f1=0.8890 | test_acc=90.17% test_f1=0.8715
Epoch 005 | train_loss=0.2214 | val_acc=92.00% val_f1=0.9231 | test_acc=88.20% test_f1=0.8315
Epoch 006 | train_loss=0.1584 | val_acc=92.57% val_f1=0.9303 | test_acc=88.76% test_f1=0.8444
Epoch 007 | train_loss=0.1229 | val_acc=97.14% val_f1=0.9721 | test_acc=88.48% test_f1=0.8376
Epoch 008 | train_loss=0.0726 | val_acc=97.71% val_f1=0.9775 | test_acc=85.39% test_f1=0.7918
Epoch 009 | train_loss=0.0593 | val_acc=99.43% val_f1=0.9943 | test_acc=80.90% test_f1=0.7235
Epoch 010 | train_loss=0.0884 | val_acc=98.86% val_f1=0.9886 | test_acc=83.15% test_f1=0.7480
Epoch 011 | train_loss=0.0519 | val_acc=98.86% val_f1=0.9862 | test_acc=80.62% test_f1=0.6958
Epoch 012 | train_loss=0.0384 | val_acc=98.86% val_f1=0.9862 | test_acc=80.06% test_f1=0.6899
Epoch 013 | train_loss=0.0256 | val_acc=99.43% val_f1=0.9943 | test_acc=80.90% test_f1=0.7136
Epoch 014 | train_loss=0.0227 | val_acc=99.43% val_f1=0.9943 | test_acc=86.24% test_f1=0.8129
Epoch 015 | train_loss=0.0360 | val_acc=99.43% val_f1=0.9943 | test_acc=86.24% test_f1=0.8156
Epoch 016 | train_loss=0.0156 | val_acc=99.43% val_f1=0.9943 | test_acc=82.58% test_f1=0.7510
Epoch 017 | train_loss=0.0263 | val_acc=98.29% val_f1=0.9830 | test_acc=82.02% test_f1=0.7228
Epoch 018 | train_loss=0.0285 | val_acc=98.86% val_f1=0.9862 | test_acc=78.65% test_f1=0.6502
Epoch 019 | train_loss=0.0135 | val_acc=98.29% val_f1=0.9782 | test_acc=76.69% test_f1=0.6215
Epoch 020 | train_loss=0.0174 | val_acc=98.86% val_f1=0.9886 | test_acc=78.93% test_f1=0.6570
Epoch 021 | train_loss=0.0144 | val_acc=99.43% val_f1=0.9943 | test_acc=81.46% test_f1=0.7168
Epoch 022 | train_loss=0.0088 | val_acc=99.43% val_f1=0.9943 | test_acc=82.02% test_f1=0.7256
Epoch 023 | train_loss=0.0146 | val_acc=99.43% val_f1=0.9943 | test_acc=79.78% test_f1=0.6837
Epoch 024 | train_loss=0.0113 | val_acc=99.43% val_f1=0.9943 | test_acc=81.18% test_f1=0.7138
Epoch 025 | train_loss=0.0104 | val_acc=99.43% val_f1=0.9943 | test_acc=83.15% test_f1=0.7528
Early stopping at epoch 25 (best=9, score=0.994277)
================================================================================
Best epoch: 9
Best score (val_macro_f1): 0.994277
Final test accuracy: 80.90%
Saved to: ablation_experiments/h1/results/comparison_18d_baselines/inception/inception_weld_seam_windows_ws5_tf75_pg0_h1_oc32_blk9_bn16_do0.3_ep80_lr0.0003_wd0.0001_bs128_seed42
================================================================================
Comparison baseline | model=inception
================================================================================
Dataset: /home/huang_kai/wind_turbine_phm/PHOENIX-main/autoencoder_benchmark/Data/processed_data/weld_seam_windows_ws5_tf75_pg0_h1.npz
Device: cuda
Train/Val/Test: 990 / 175 / 356
Epoch 001 | train_loss=0.9110 | val_acc=78.86% val_f1=0.7359 | test_acc=78.93% test_f1=0.7138
Epoch 002 | train_loss=0.5378 | val_acc=91.43% val_f1=0.8876 | test_acc=85.67% test_f1=0.8245
Epoch 003 | train_loss=0.3484 | val_acc=92.57% val_f1=0.9014 | test_acc=85.67% test_f1=0.8211
Epoch 004 | train_loss=0.2714 | val_acc=95.43% val_f1=0.9425 | test_acc=87.36% test_f1=0.8358
Epoch 005 | train_loss=0.1732 | val_acc=96.57% val_f1=0.9589 | test_acc=83.43% test_f1=0.7786
Epoch 006 | train_loss=0.1433 | val_acc=97.14% val_f1=0.9647 | test_acc=85.39% test_f1=0.8032
Epoch 007 | train_loss=0.0957 | val_acc=97.14% val_f1=0.9643 | test_acc=78.65% test_f1=0.6955
Epoch 008 | train_loss=0.0980 | val_acc=97.71% val_f1=0.9701 | test_acc=84.83% test_f1=0.7857
Epoch 009 | train_loss=0.0747 | val_acc=97.71% val_f1=0.9697 | test_acc=81.18% test_f1=0.7520
Epoch 010 | train_loss=0.0692 | val_acc=97.71% val_f1=0.9697 | test_acc=83.99% test_f1=0.7878
Epoch 011 | train_loss=0.0475 | val_acc=97.71% val_f1=0.9701 | test_acc=80.62% test_f1=0.7181
Epoch 012 | train_loss=0.0444 | val_acc=98.29% val_f1=0.9755 | test_acc=78.09% test_f1=0.6797
Epoch 013 | train_loss=0.0433 | val_acc=97.71% val_f1=0.9701 | test_acc=79.49% test_f1=0.7075
Epoch 014 | train_loss=0.0480 | val_acc=98.86% val_f1=0.9837 | test_acc=83.71% test_f1=0.7863
Epoch 015 | train_loss=0.0337 | val_acc=98.29% val_f1=0.9755 | test_acc=75.28% test_f1=0.6462
Epoch 016 | train_loss=0.0338 | val_acc=100.00% val_f1=1.0000 | test_acc=78.37% test_f1=0.7122
Epoch 017 | train_loss=0.0203 | val_acc=98.86% val_f1=0.9837 | test_acc=79.21% test_f1=0.7063
Epoch 018 | train_loss=0.0299 | val_acc=98.86% val_f1=0.9837 | test_acc=74.44% test_f1=0.6179
Epoch 019 | train_loss=0.0309 | val_acc=97.71% val_f1=0.9697 | test_acc=68.54% test_f1=0.5513
Epoch 020 | train_loss=0.0374 | val_acc=100.00% val_f1=1.0000 | test_acc=83.71% test_f1=0.7843
Epoch 021 | train_loss=0.0179 | val_acc=100.00% val_f1=1.0000 | test_acc=77.53% test_f1=0.6934
Epoch 022 | train_loss=0.0456 | val_acc=100.00% val_f1=1.0000 | test_acc=76.69% test_f1=0.6753
Epoch 023 | train_loss=0.0371 | val_acc=100.00% val_f1=1.0000 | test_acc=76.40% test_f1=0.6664
Epoch 024 | train_loss=0.0241 | val_acc=98.86% val_f1=0.9837 | test_acc=73.31% test_f1=0.6231
Epoch 025 | train_loss=0.0161 | val_acc=99.43% val_f1=0.9919 | test_acc=74.44% test_f1=0.6445
Epoch 026 | train_loss=0.0177 | val_acc=100.00% val_f1=1.0000 | test_acc=77.53% test_f1=0.6956
Epoch 027 | train_loss=0.0145 | val_acc=100.00% val_f1=1.0000 | test_acc=76.69% test_f1=0.6770
Epoch 028 | train_loss=0.0188 | val_acc=100.00% val_f1=1.0000 | test_acc=77.81% test_f1=0.6894
Epoch 029 | train_loss=0.0162 | val_acc=100.00% val_f1=1.0000 | test_acc=78.65% test_f1=0.7032
Epoch 030 | train_loss=0.0078 | val_acc=100.00% val_f1=1.0000 | test_acc=76.40% test_f1=0.6701
Epoch 031 | train_loss=0.0103 | val_acc=100.00% val_f1=1.0000 | test_acc=78.37% test_f1=0.6998
Epoch 032 | train_loss=0.0102 | val_acc=100.00% val_f1=1.0000 | test_acc=75.28% test_f1=0.6556
Early stopping at epoch 32 (best=16, score=1.000000)
================================================================================
Best epoch: 16
Best score (val_macro_f1): 1.000000
Final test accuracy: 78.37%
Saved to: ablation_experiments/h1/results/comparison_18d_baselines/inception/inception_weld_seam_windows_ws5_tf75_pg0_h1_oc24_blk3_bn32_do0.3_ep80_lr0.0003_wd0.0002_bs64_seed100
================================================================================
Comparison baseline | model=inception
================================================================================
Dataset: /home/huang_kai/wind_turbine_phm/PHOENIX-main/autoencoder_benchmark/Data/processed_data/weld_seam_windows_ws5_tf75_pg0_h1.npz
Device: cuda
Train/Val/Test: 990 / 175 / 356
Epoch 001 | train_loss=1.1903 | val_acc=76.00% val_f1=0.6380 | test_acc=73.03% test_f1=0.6088
Epoch 002 | train_loss=1.0623 | val_acc=45.71% val_f1=0.4488 | test_acc=36.80% test_f1=0.3582
Epoch 003 | train_loss=0.9700 | val_acc=48.00% val_f1=0.4932 | test_acc=37.08% test_f1=0.3629
Epoch 004 | train_loss=0.9316 | val_acc=51.43% val_f1=0.5418 | test_acc=31.18% test_f1=0.3037
Epoch 005 | train_loss=0.8390 | val_acc=58.29% val_f1=0.6217 | test_acc=33.43% test_f1=0.3305
Epoch 006 | train_loss=0.7623 | val_acc=65.14% val_f1=0.6914 | test_acc=38.76% test_f1=0.3959
Epoch 007 | train_loss=0.7396 | val_acc=67.43% val_f1=0.7122 | test_acc=44.94% test_f1=0.4738
Epoch 008 | train_loss=0.6364 | val_acc=72.57% val_f1=0.7580 | test_acc=52.25% test_f1=0.5390
Epoch 009 | train_loss=0.6115 | val_acc=77.71% val_f1=0.8036 | test_acc=59.83% test_f1=0.6040
Epoch 010 | train_loss=0.5219 | val_acc=82.29% val_f1=0.8398 | test_acc=66.01% test_f1=0.6432
Epoch 011 | train_loss=0.4517 | val_acc=85.14% val_f1=0.8653 | test_acc=69.94% test_f1=0.6836
Epoch 012 | train_loss=0.4047 | val_acc=87.43% val_f1=0.8845 | test_acc=71.35% test_f1=0.6961
Epoch 013 | train_loss=0.3227 | val_acc=89.71% val_f1=0.9055 | test_acc=74.44% test_f1=0.7241
Epoch 014 | train_loss=0.3150 | val_acc=93.71% val_f1=0.9405 | test_acc=74.16% test_f1=0.7073
Epoch 015 | train_loss=0.2660 | val_acc=94.29% val_f1=0.9456 | test_acc=74.16% test_f1=0.6960
Epoch 016 | train_loss=0.2426 | val_acc=95.43% val_f1=0.9560 | test_acc=77.25% test_f1=0.7175
Epoch 017 | train_loss=0.2101 | val_acc=97.14% val_f1=0.9721 | test_acc=78.37% test_f1=0.7294
Epoch 018 | train_loss=0.2155 | val_acc=97.14% val_f1=0.9721 | test_acc=77.25% test_f1=0.6890
Epoch 019 | train_loss=0.1902 | val_acc=98.29% val_f1=0.9830 | test_acc=76.40% test_f1=0.6747
Epoch 020 | train_loss=0.1724 | val_acc=98.29% val_f1=0.9830 | test_acc=77.53% test_f1=0.6945
Epoch 021 | train_loss=0.1564 | val_acc=98.29% val_f1=0.9830 | test_acc=77.81% test_f1=0.7010
Epoch 022 | train_loss=0.1348 | val_acc=97.71% val_f1=0.9775 | test_acc=79.78% test_f1=0.7342
Epoch 023 | train_loss=0.1411 | val_acc=98.29% val_f1=0.9830 | test_acc=76.97% test_f1=0.6834
Epoch 024 | train_loss=0.1319 | val_acc=98.29% val_f1=0.9830 | test_acc=77.81% test_f1=0.7066
Epoch 025 | train_loss=0.1055 | val_acc=99.43% val_f1=0.9943 | test_acc=78.93% test_f1=0.7209
Epoch 026 | train_loss=0.1066 | val_acc=99.43% val_f1=0.9943 | test_acc=78.37% test_f1=0.7123
Epoch 027 | train_loss=0.1006 | val_acc=100.00% val_f1=1.0000 | test_acc=79.21% test_f1=0.7217
Epoch 028 | train_loss=0.0982 | val_acc=99.43% val_f1=0.9943 | test_acc=80.62% test_f1=0.7391
Epoch 029 | train_loss=0.0868 | val_acc=98.29% val_f1=0.9830 | test_acc=78.37% test_f1=0.7020
Epoch 030 | train_loss=0.0971 | val_acc=99.43% val_f1=0.9943 | test_acc=78.65% test_f1=0.7043
Epoch 031 | train_loss=0.0675 | val_acc=100.00% val_f1=1.0000 | test_acc=76.69% test_f1=0.6767
Epoch 032 | train_loss=0.0654 | val_acc=100.00% val_f1=1.0000 | test_acc=76.12% test_f1=0.6704
Epoch 033 | train_loss=0.0753 | val_acc=100.00% val_f1=1.0000 | test_acc=79.21% test_f1=0.7293
Epoch 034 | train_loss=0.0858 | val_acc=100.00% val_f1=1.0000 | test_acc=81.18% test_f1=0.7606
Epoch 035 | train_loss=0.0543 | val_acc=100.00% val_f1=1.0000 | test_acc=80.34% test_f1=0.7454
Epoch 036 | train_loss=0.0714 | val_acc=100.00% val_f1=1.0000 | test_acc=75.84% test_f1=0.6682
Epoch 037 | train_loss=0.0636 | val_acc=100.00% val_f1=1.0000 | test_acc=74.44% test_f1=0.6397
Epoch 038 | train_loss=0.0526 | val_acc=100.00% val_f1=1.0000 | test_acc=77.53% test_f1=0.6975
Epoch 039 | train_loss=0.0501 | val_acc=100.00% val_f1=1.0000 | test_acc=80.06% test_f1=0.7421
Epoch 040 | train_loss=0.0577 | val_acc=100.00% val_f1=1.0000 | test_acc=76.69% test_f1=0.6857
Epoch 041 | train_loss=0.0602 | val_acc=100.00% val_f1=1.0000 | test_acc=80.90% test_f1=0.7560
Epoch 042 | train_loss=0.0594 | val_acc=100.00% val_f1=1.0000 | test_acc=80.34% test_f1=0.7469
Epoch 043 | train_loss=0.0400 | val_acc=100.00% val_f1=1.0000 | test_acc=77.53% test_f1=0.6999
Early stopping at epoch 43 (best=27, score=1.000000)
================================================================================
Best epoch: 27
Best score (val_macro_f1): 1.000000
Final test accuracy: 79.21%
Saved to: ablation_experiments/h1/results/comparison_18d_baselines/inception/inception_weld_seam_windows_ws5_tf75_pg0_h1_oc32_blk9_bn32_do0.3_ep80_lr0.0001_wd0.0001_bs128_seed77
================================================================================
Comparison baseline | model=inception
================================================================================
Dataset: /home/huang_kai/wind_turbine_phm/PHOENIX-main/autoencoder_benchmark/Data/processed_data/weld_seam_windows_ws5_tf75_pg0_h1.npz
Device: cuda
Train/Val/Test: 990 / 175 / 356
Epoch 001 | train_loss=1.0337 | val_acc=53.14% val_f1=0.5498 | test_acc=44.10% test_f1=0.4484
Epoch 002 | train_loss=0.9279 | val_acc=69.71% val_f1=0.6809 | test_acc=59.83% test_f1=0.5949
Epoch 003 | train_loss=0.8671 | val_acc=81.71% val_f1=0.7860 | test_acc=70.79% test_f1=0.6948
Epoch 004 | train_loss=0.7903 | val_acc=85.71% val_f1=0.8298 | test_acc=82.87% test_f1=0.8103
Epoch 005 | train_loss=0.7164 | val_acc=85.71% val_f1=0.8343 | test_acc=88.48% test_f1=0.8667
Epoch 006 | train_loss=0.6548 | val_acc=87.43% val_f1=0.8526 | test_acc=90.73% test_f1=0.8901
Epoch 007 | train_loss=0.6055 | val_acc=88.00% val_f1=0.8607 | test_acc=91.57% test_f1=0.9024
Epoch 008 | train_loss=0.5369 | val_acc=88.57% val_f1=0.8688 | test_acc=92.42% test_f1=0.9100
Epoch 009 | train_loss=0.4822 | val_acc=89.14% val_f1=0.8769 | test_acc=89.61% test_f1=0.8741
Epoch 010 | train_loss=0.4586 | val_acc=88.57% val_f1=0.8719 | test_acc=89.33% test_f1=0.8771
Epoch 011 | train_loss=0.4065 | val_acc=89.14% val_f1=0.8800 | test_acc=88.76% test_f1=0.8639
Epoch 012 | train_loss=0.3922 | val_acc=89.71% val_f1=0.8849 | test_acc=89.89% test_f1=0.8729
Epoch 013 | train_loss=0.3756 | val_acc=90.86% val_f1=0.9010 | test_acc=89.33% test_f1=0.8622
Epoch 014 | train_loss=0.3199 | val_acc=92.57% val_f1=0.9258 | test_acc=87.36% test_f1=0.8283
Epoch 015 | train_loss=0.2925 | val_acc=92.57% val_f1=0.9258 | test_acc=87.92% test_f1=0.8326
Epoch 016 | train_loss=0.2825 | val_acc=92.57% val_f1=0.9258 | test_acc=87.08% test_f1=0.8176
Epoch 017 | train_loss=0.2566 | val_acc=92.57% val_f1=0.9258 | test_acc=87.36% test_f1=0.8231
Epoch 018 | train_loss=0.2474 | val_acc=92.57% val_f1=0.9258 | test_acc=85.96% test_f1=0.8007
Epoch 019 | train_loss=0.2149 | val_acc=92.57% val_f1=0.9258 | test_acc=87.92% test_f1=0.8326
Epoch 020 | train_loss=0.2051 | val_acc=92.57% val_f1=0.9258 | test_acc=86.52% test_f1=0.8113
Epoch 021 | train_loss=0.2018 | val_acc=92.57% val_f1=0.9258 | test_acc=86.80% test_f1=0.8134
Epoch 022 | train_loss=0.1836 | val_acc=92.57% val_f1=0.9258 | test_acc=85.67% test_f1=0.7934
Epoch 023 | train_loss=0.1732 | val_acc=92.57% val_f1=0.9258 | test_acc=86.52% test_f1=0.8026
Epoch 024 | train_loss=0.1840 | val_acc=92.57% val_f1=0.9258 | test_acc=84.83% test_f1=0.7737
Epoch 025 | train_loss=0.1549 | val_acc=93.14% val_f1=0.9308 | test_acc=82.87% test_f1=0.7453
Epoch 026 | train_loss=0.1715 | val_acc=94.29% val_f1=0.9410 | test_acc=83.99% test_f1=0.7695
Epoch 027 | train_loss=0.1534 | val_acc=93.14% val_f1=0.9332 | test_acc=85.67% test_f1=0.7957
Epoch 028 | train_loss=0.1526 | val_acc=93.14% val_f1=0.9332 | test_acc=85.11% test_f1=0.7863
Epoch 029 | train_loss=0.1335 | val_acc=94.86% val_f1=0.9485 | test_acc=84.83% test_f1=0.7819
Epoch 030 | train_loss=0.1296 | val_acc=94.29% val_f1=0.9434 | test_acc=84.27% test_f1=0.7747
Epoch 031 | train_loss=0.1011 | val_acc=94.86% val_f1=0.9485 | test_acc=83.15% test_f1=0.7500
Epoch 032 | train_loss=0.1168 | val_acc=94.86% val_f1=0.9485 | test_acc=81.74% test_f1=0.7254
Epoch 033 | train_loss=0.1123 | val_acc=95.43% val_f1=0.9538 | test_acc=84.55% test_f1=0.7767
Epoch 034 | train_loss=0.1149 | val_acc=95.43% val_f1=0.9538 | test_acc=84.27% test_f1=0.7715
Epoch 035 | train_loss=0.0908 | val_acc=95.43% val_f1=0.9538 | test_acc=81.18% test_f1=0.7128
Epoch 036 | train_loss=0.0928 | val_acc=95.43% val_f1=0.9538 | test_acc=80.90% test_f1=0.7035
Epoch 037 | train_loss=0.1114 | val_acc=95.43% val_f1=0.9538 | test_acc=80.90% test_f1=0.7035
Epoch 038 | train_loss=0.1087 | val_acc=95.43% val_f1=0.9538 | test_acc=81.46% test_f1=0.7187
Epoch 039 | train_loss=0.0839 | val_acc=95.43% val_f1=0.9538 | test_acc=81.18% test_f1=0.7128
Epoch 040 | train_loss=0.0745 | val_acc=96.57% val_f1=0.9644 | test_acc=81.18% test_f1=0.7188
Epoch 041 | train_loss=0.0895 | val_acc=95.43% val_f1=0.9538 | test_acc=82.58% test_f1=0.7443
Epoch 042 | train_loss=0.0976 | val_acc=96.57% val_f1=0.9644 | test_acc=80.62% test_f1=0.7101
Epoch 043 | train_loss=0.0780 | val_acc=97.14% val_f1=0.9697 | test_acc=79.78% test_f1=0.6952
Epoch 044 | train_loss=0.0723 | val_acc=96.00% val_f1=0.9590 | test_acc=81.18% test_f1=0.7188
Epoch 045 | train_loss=0.0820 | val_acc=96.57% val_f1=0.9644 | test_acc=80.90% test_f1=0.7159
Epoch 046 | train_loss=0.0697 | val_acc=95.43% val_f1=0.9538 | test_acc=81.46% test_f1=0.7217
Epoch 047 | train_loss=0.0782 | val_acc=95.43% val_f1=0.9538 | test_acc=80.06% test_f1=0.6949
Epoch 048 | train_loss=0.0723 | val_acc=96.57% val_f1=0.9644 | test_acc=80.62% test_f1=0.7130
Epoch 049 | train_loss=0.0593 | val_acc=96.57% val_f1=0.9644 | test_acc=80.90% test_f1=0.7187
Epoch 050 | train_loss=0.0773 | val_acc=97.14% val_f1=0.9697 | test_acc=80.34% test_f1=0.7071
Epoch 051 | train_loss=0.0721 | val_acc=96.57% val_f1=0.9644 | test_acc=80.34% test_f1=0.7071
Epoch 052 | train_loss=0.0734 | val_acc=96.57% val_f1=0.9644 | test_acc=80.62% test_f1=0.7130
Epoch 053 | train_loss=0.0742 | val_acc=96.00% val_f1=0.9590 | test_acc=81.46% test_f1=0.7273
Epoch 054 | train_loss=0.0695 | val_acc=96.00% val_f1=0.9590 | test_acc=81.18% test_f1=0.7216
Epoch 055 | train_loss=0.0728 | val_acc=96.57% val_f1=0.9644 | test_acc=80.90% test_f1=0.7187
Epoch 056 | train_loss=0.0602 | val_acc=97.14% val_f1=0.9697 | test_acc=80.90% test_f1=0.7177
Epoch 057 | train_loss=0.0586 | val_acc=96.57% val_f1=0.9644 | test_acc=80.90% test_f1=0.7187
Epoch 058 | train_loss=0.0555 | val_acc=97.71% val_f1=0.9752 | test_acc=80.62% test_f1=0.7158
Epoch 059 | train_loss=0.0595 | val_acc=96.57% val_f1=0.9644 | test_acc=79.21% test_f1=0.6863
Epoch 060 | train_loss=0.0801 | val_acc=96.57% val_f1=0.9644 | test_acc=79.21% test_f1=0.6863
Epoch 061 | train_loss=0.0510 | val_acc=96.57% val_f1=0.9644 | test_acc=79.49% test_f1=0.6892
Epoch 062 | train_loss=0.0570 | val_acc=96.57% val_f1=0.9644 | test_acc=80.34% test_f1=0.7071
Epoch 063 | train_loss=0.0656 | val_acc=98.29% val_f1=0.9807 | test_acc=78.93% test_f1=0.6823
Epoch 064 | train_loss=0.0596 | val_acc=98.29% val_f1=0.9807 | test_acc=79.21% test_f1=0.6852
Epoch 065 | train_loss=0.0646 | val_acc=96.57% val_f1=0.9644 | test_acc=80.62% test_f1=0.7158
Epoch 066 | train_loss=0.0627 | val_acc=96.57% val_f1=0.9644 | test_acc=81.46% test_f1=0.7300
Epoch 067 | train_loss=0.0623 | val_acc=96.00% val_f1=0.9590 | test_acc=83.43% test_f1=0.7673
Epoch 068 | train_loss=0.0640 | val_acc=97.71% val_f1=0.9752 | test_acc=82.87% test_f1=0.7591
Epoch 069 | train_loss=0.0767 | val_acc=96.00% val_f1=0.9590 | test_acc=81.74% test_f1=0.7355
Epoch 070 | train_loss=0.0524 | val_acc=96.00% val_f1=0.9590 | test_acc=80.90% test_f1=0.7197
Epoch 071 | train_loss=0.0545 | val_acc=96.00% val_f1=0.9590 | test_acc=81.18% test_f1=0.7216
Epoch 072 | train_loss=0.0598 | val_acc=96.00% val_f1=0.9590 | test_acc=80.90% test_f1=0.7187
Epoch 073 | train_loss=0.0715 | val_acc=96.57% val_f1=0.9644 | test_acc=81.74% test_f1=0.7355
Epoch 074 | train_loss=0.0639 | val_acc=96.57% val_f1=0.9644 | test_acc=81.18% test_f1=0.7244
Epoch 075 | train_loss=0.0597 | val_acc=96.57% val_f1=0.9644 | test_acc=80.90% test_f1=0.7187
Epoch 076 | train_loss=0.0570 | val_acc=97.14% val_f1=0.9697 | test_acc=80.62% test_f1=0.7158
Epoch 077 | train_loss=0.0579 | val_acc=96.00% val_f1=0.9590 | test_acc=82.87% test_f1=0.7555
Epoch 078 | train_loss=0.0546 | val_acc=98.29% val_f1=0.9807 | test_acc=80.62% test_f1=0.7148
Epoch 079 | train_loss=0.0605 | val_acc=98.29% val_f1=0.9807 | test_acc=79.78% test_f1=0.7031
Early stopping at epoch 79 (best=63, score=0.980663)
================================================================================
Best epoch: 63
Best score (val_macro_f1): 0.980663
Final test accuracy: 78.93%
Saved to: ablation_experiments/h1/results/comparison_18d_baselines/inception/inception_weld_seam_windows_ws5_tf75_pg0_h1_oc24_blk3_bn16_do0.3_ep80_lr0.0001_wd0.0001_bs128_seed14
================================================================================
Comparison baseline | model=inception
================================================================================
Dataset: /home/huang_kai/wind_turbine_phm/PHOENIX-main/autoencoder_benchmark/Data/processed_data/weld_seam_windows_ws5_tf75_pg0_h1.npz
Device: cuda
Train/Val/Test: 990 / 175 / 356
Epoch 001 | train_loss=1.0366 | val_acc=30.29% val_f1=0.2647 | test_acc=26.69% test_f1=0.2355
Epoch 002 | train_loss=0.8609 | val_acc=48.57% val_f1=0.5138 | test_acc=27.81% test_f1=0.2244
Epoch 003 | train_loss=0.7193 | val_acc=69.14% val_f1=0.7113 | test_acc=46.63% test_f1=0.4129
Epoch 004 | train_loss=0.5330 | val_acc=84.57% val_f1=0.8525 | test_acc=65.73% test_f1=0.6267
Epoch 005 | train_loss=0.4385 | val_acc=91.43% val_f1=0.9147 | test_acc=81.18% test_f1=0.7493
Epoch 006 | train_loss=0.3420 | val_acc=94.86% val_f1=0.9453 | test_acc=83.99% test_f1=0.7783
Epoch 007 | train_loss=0.2561 | val_acc=94.29% val_f1=0.9396 | test_acc=84.55% test_f1=0.7862
Epoch 008 | train_loss=0.1933 | val_acc=95.43% val_f1=0.9508 | test_acc=83.43% test_f1=0.7578
Epoch 009 | train_loss=0.1750 | val_acc=95.43% val_f1=0.9508 | test_acc=82.02% test_f1=0.7339
Epoch 010 | train_loss=0.1383 | val_acc=96.57% val_f1=0.9619 | test_acc=82.58% test_f1=0.7415
Epoch 011 | train_loss=0.0941 | val_acc=95.43% val_f1=0.9514 | test_acc=83.71% test_f1=0.7592
Epoch 012 | train_loss=0.0941 | val_acc=97.71% val_f1=0.9727 | test_acc=83.71% test_f1=0.7574
Epoch 013 | train_loss=0.0693 | val_acc=98.86% val_f1=0.9837 | test_acc=81.18% test_f1=0.7166
Epoch 014 | train_loss=0.0626 | val_acc=99.43% val_f1=0.9919 | test_acc=82.02% test_f1=0.7359
Epoch 015 | train_loss=0.0567 | val_acc=100.00% val_f1=1.0000 | test_acc=82.30% test_f1=0.7390
Epoch 016 | train_loss=0.0569 | val_acc=99.43% val_f1=0.9943 | test_acc=84.83% test_f1=0.7754
Epoch 017 | train_loss=0.0412 | val_acc=100.00% val_f1=1.0000 | test_acc=83.99% test_f1=0.7642
Epoch 018 | train_loss=0.0376 | val_acc=100.00% val_f1=1.0000 | test_acc=83.43% test_f1=0.7558
Epoch 019 | train_loss=0.0366 | val_acc=100.00% val_f1=1.0000 | test_acc=78.37% test_f1=0.6717
Epoch 020 | train_loss=0.0308 | val_acc=100.00% val_f1=1.0000 | test_acc=78.09% test_f1=0.6655
Epoch 021 | train_loss=0.0345 | val_acc=100.00% val_f1=1.0000 | test_acc=82.02% test_f1=0.7359
Epoch 022 | train_loss=0.0321 | val_acc=100.00% val_f1=1.0000 | test_acc=84.83% test_f1=0.7875
Epoch 023 | train_loss=0.0244 | val_acc=100.00% val_f1=1.0000 | test_acc=83.99% test_f1=0.7726
Epoch 024 | train_loss=0.0218 | val_acc=100.00% val_f1=1.0000 | test_acc=82.30% test_f1=0.7436
Epoch 025 | train_loss=0.0249 | val_acc=100.00% val_f1=1.0000 | test_acc=83.15% test_f1=0.7572
Epoch 026 | train_loss=0.0224 | val_acc=100.00% val_f1=1.0000 | test_acc=80.34% test_f1=0.7234
Epoch 027 | train_loss=0.0190 | val_acc=100.00% val_f1=1.0000 | test_acc=79.49% test_f1=0.6955
Epoch 028 | train_loss=0.0306 | val_acc=100.00% val_f1=1.0000 | test_acc=83.15% test_f1=0.7505
Epoch 029 | train_loss=0.0175 | val_acc=100.00% val_f1=1.0000 | test_acc=79.21% test_f1=0.6809
Epoch 030 | train_loss=0.0225 | val_acc=100.00% val_f1=1.0000 | test_acc=80.62% test_f1=0.7156
Epoch 031 | train_loss=0.0178 | val_acc=100.00% val_f1=1.0000 | test_acc=81.18% test_f1=0.7193
Early stopping at epoch 31 (best=15, score=1.000000)
================================================================================
Best epoch: 15
Best score (val_macro_f1): 1.000000
Final test accuracy: 82.30%
Saved to: ablation_experiments/h1/results/comparison_18d_baselines/inception/inception_weld_seam_windows_ws5_tf75_pg0_h1_oc24_blk6_bn16_do0.2_ep80_lr0.0002_wd0.0002_bs128_seed122
================================================================================
Comparison baseline | model=inception
================================================================================
Dataset: /home/huang_kai/wind_turbine_phm/PHOENIX-main/autoencoder_benchmark/Data/processed_data/weld_seam_windows_ws5_tf75_pg0_h1.npz
Device: cuda
Train/Val/Test: 990 / 175 / 356
Epoch 001 | train_loss=0.8887 | val_acc=70.86% val_f1=0.7193 | test_acc=65.17% test_f1=0.6946
Epoch 002 | train_loss=0.5235 | val_acc=88.00% val_f1=0.8628 | test_acc=92.13% test_f1=0.8889
Epoch 003 | train_loss=0.2941 | val_acc=92.57% val_f1=0.9221 | test_acc=91.85% test_f1=0.8874
Epoch 004 | train_loss=0.1915 | val_acc=95.43% val_f1=0.9560 | test_acc=90.17% test_f1=0.8679
Epoch 005 | train_loss=0.1360 | val_acc=98.29% val_f1=0.9828 | test_acc=83.43% test_f1=0.7746
Epoch 006 | train_loss=0.1053 | val_acc=98.86% val_f1=0.9886 | test_acc=82.58% test_f1=0.7530
Epoch 007 | train_loss=0.0744 | val_acc=97.71% val_f1=0.9775 | test_acc=83.71% test_f1=0.7731
Epoch 008 | train_loss=0.0500 | val_acc=98.86% val_f1=0.9885 | test_acc=79.21% test_f1=0.7082
Epoch 009 | train_loss=0.0655 | val_acc=98.86% val_f1=0.9886 | test_acc=81.18% test_f1=0.7331
Epoch 010 | train_loss=0.0417 | val_acc=99.43% val_f1=0.9943 | test_acc=85.67% test_f1=0.8078
Epoch 011 | train_loss=0.0441 | val_acc=99.43% val_f1=0.9943 | test_acc=87.64% test_f1=0.8369
Epoch 012 | train_loss=0.0350 | val_acc=100.00% val_f1=1.0000 | test_acc=76.40% test_f1=0.6622
Epoch 013 | train_loss=0.0425 | val_acc=99.43% val_f1=0.9943 | test_acc=86.24% test_f1=0.8156
Epoch 014 | train_loss=0.0356 | val_acc=100.00% val_f1=1.0000 | test_acc=75.84% test_f1=0.6697
Epoch 015 | train_loss=0.0254 | val_acc=100.00% val_f1=1.0000 | test_acc=84.83% test_f1=0.8063
Epoch 016 | train_loss=0.0310 | val_acc=100.00% val_f1=1.0000 | test_acc=84.27% test_f1=0.7912
Epoch 017 | train_loss=0.0211 | val_acc=100.00% val_f1=1.0000 | test_acc=76.40% test_f1=0.6718
Epoch 018 | train_loss=0.0210 | val_acc=100.00% val_f1=1.0000 | test_acc=76.69% test_f1=0.6784
Epoch 019 | train_loss=0.0180 | val_acc=100.00% val_f1=1.0000 | test_acc=84.27% test_f1=0.7960
Epoch 020 | train_loss=0.0199 | val_acc=100.00% val_f1=1.0000 | test_acc=82.87% test_f1=0.7764
Epoch 021 | train_loss=0.0184 | val_acc=100.00% val_f1=1.0000 | test_acc=75.84% test_f1=0.6716
Epoch 022 | train_loss=0.0441 | val_acc=100.00% val_f1=1.0000 | test_acc=75.28% test_f1=0.6308
Epoch 023 | train_loss=0.0178 | val_acc=100.00% val_f1=1.0000 | test_acc=78.09% test_f1=0.6928
Epoch 024 | train_loss=0.0192 | val_acc=100.00% val_f1=1.0000 | test_acc=76.69% test_f1=0.6770
Epoch 025 | train_loss=0.0151 | val_acc=100.00% val_f1=1.0000 | test_acc=81.18% test_f1=0.7527
Epoch 026 | train_loss=0.0087 | val_acc=100.00% val_f1=1.0000 | test_acc=78.09% test_f1=0.7007
Epoch 027 | train_loss=0.0089 | val_acc=100.00% val_f1=1.0000 | test_acc=77.25% test_f1=0.6935
Epoch 028 | train_loss=0.0053 | val_acc=100.00% val_f1=1.0000 | test_acc=73.88% test_f1=0.6403
Early stopping at epoch 28 (best=12, score=1.000000)
================================================================================
Best epoch: 12
Best score (val_macro_f1): 1.000000
Final test accuracy: 76.40%
Saved to: ablation_experiments/h1/results/comparison_18d_baselines/inception/inception_weld_seam_windows_ws5_tf75_pg0_h1_oc24_blk3_bn16_do0.2_ep80_lr0.0005_wd0.0001_bs64_seed42
================================================================================
Comparison baseline | model=inception
================================================================================
Dataset: /home/huang_kai/wind_turbine_phm/PHOENIX-main/autoencoder_benchmark/Data/processed_data/weld_seam_windows_ws5_tf75_pg0_h1.npz
Device: cuda
Train/Val/Test: 990 / 175 / 356
Epoch 001 | train_loss=1.0018 | val_acc=35.43% val_f1=0.3312 | test_acc=37.36% test_f1=0.3755
Epoch 002 | train_loss=0.8045 | val_acc=69.14% val_f1=0.6926 | test_acc=71.07% test_f1=0.7422
Epoch 003 | train_loss=0.6010 | val_acc=80.57% val_f1=0.8032 | test_acc=94.94% test_f1=0.9356
Epoch 004 | train_loss=0.4821 | val_acc=85.71% val_f1=0.8422 | test_acc=96.35% test_f1=0.9520
Epoch 005 | train_loss=0.3729 | val_acc=92.57% val_f1=0.9235 | test_acc=93.82% test_f1=0.9152
Epoch 006 | train_loss=0.2714 | val_acc=93.71% val_f1=0.9367 | test_acc=92.13% test_f1=0.8904
Epoch 007 | train_loss=0.2410 | val_acc=95.43% val_f1=0.9553 | test_acc=91.85% test_f1=0.8888
Epoch 008 | train_loss=0.1977 | val_acc=96.00% val_f1=0.9613 | test_acc=89.89% test_f1=0.8575
Epoch 009 | train_loss=0.1803 | val_acc=97.71% val_f1=0.9775 | test_acc=86.24% test_f1=0.8009
Epoch 010 | train_loss=0.1346 | val_acc=98.86% val_f1=0.9886 | test_acc=88.20% test_f1=0.8378
Epoch 011 | train_loss=0.1061 | val_acc=99.43% val_f1=0.9943 | test_acc=87.08% test_f1=0.8207
Epoch 012 | train_loss=0.1069 | val_acc=98.86% val_f1=0.9886 | test_acc=87.92% test_f1=0.8331
Epoch 013 | train_loss=0.0779 | val_acc=98.86% val_f1=0.9886 | test_acc=86.24% test_f1=0.8047
Epoch 014 | train_loss=0.0901 | val_acc=98.86% val_f1=0.9886 | test_acc=86.24% test_f1=0.8047
Epoch 015 | train_loss=0.0857 | val_acc=100.00% val_f1=1.0000 | test_acc=85.11% test_f1=0.7923
Epoch 016 | train_loss=0.0702 | val_acc=100.00% val_f1=1.0000 | test_acc=81.46% test_f1=0.7469
Epoch 017 | train_loss=0.0723 | val_acc=100.00% val_f1=1.0000 | test_acc=83.71% test_f1=0.7713
Epoch 018 | train_loss=0.0506 | val_acc=100.00% val_f1=1.0000 | test_acc=81.46% test_f1=0.7274
Epoch 019 | train_loss=0.0515 | val_acc=100.00% val_f1=1.0000 | test_acc=81.74% test_f1=0.7305
Epoch 020 | train_loss=0.0497 | val_acc=100.00% val_f1=1.0000 | test_acc=83.71% test_f1=0.7695
Epoch 021 | train_loss=0.0395 | val_acc=100.00% val_f1=1.0000 | test_acc=84.27% test_f1=0.7859
Epoch 022 | train_loss=0.0441 | val_acc=100.00% val_f1=1.0000 | test_acc=85.96% test_f1=0.8136
Epoch 023 | train_loss=0.0451 | val_acc=100.00% val_f1=1.0000 | test_acc=84.27% test_f1=0.7943
Epoch 024 | train_loss=0.0329 | val_acc=100.00% val_f1=1.0000 | test_acc=80.06% test_f1=0.7296
Epoch 025 | train_loss=0.0458 | val_acc=100.00% val_f1=1.0000 | test_acc=80.90% test_f1=0.7449
Epoch 026 | train_loss=0.0437 | val_acc=100.00% val_f1=1.0000 | test_acc=82.30% test_f1=0.7612
Epoch 027 | train_loss=0.0423 | val_acc=100.00% val_f1=1.0000 | test_acc=82.58% test_f1=0.7510
Epoch 028 | train_loss=0.0272 | val_acc=100.00% val_f1=1.0000 | test_acc=80.34% test_f1=0.7252
Epoch 029 | train_loss=0.0206 | val_acc=100.00% val_f1=1.0000 | test_acc=84.55% test_f1=0.7946
Epoch 030 | train_loss=0.0314 | val_acc=100.00% val_f1=1.0000 | test_acc=80.34% test_f1=0.7344
Epoch 031 | train_loss=0.0233 | val_acc=100.00% val_f1=1.0000 | test_acc=85.96% test_f1=0.8148
Early stopping at epoch 31 (best=15, score=1.000000)
================================================================================
Best epoch: 15
Best score (val_macro_f1): 1.000000
Final test accuracy: 85.11%
Saved to: ablation_experiments/h1/results/comparison_18d_baselines/inception/inception_weld_seam_windows_ws5_tf75_pg0_h1_oc16_blk3_bn16_do0.3_ep80_lr0.0005_wd1e-05_bs128_seed77
================================================================================
Comparison baseline | model=inception
================================================================================
Dataset: /home/huang_kai/wind_turbine_phm/PHOENIX-main/autoencoder_benchmark/Data/processed_data/weld_seam_windows_ws5_tf75_pg0_h1.npz
Device: cuda
Train/Val/Test: 990 / 175 / 356
Epoch 001 | train_loss=0.8807 | val_acc=74.86% val_f1=0.7588 | test_acc=68.26% test_f1=0.7116
Epoch 002 | train_loss=0.4576 | val_acc=88.00% val_f1=0.8719 | test_acc=93.26% test_f1=0.9035
Epoch 003 | train_loss=0.2410 | val_acc=92.00% val_f1=0.9093 | test_acc=91.29% test_f1=0.8766
Epoch 004 | train_loss=0.1624 | val_acc=97.71% val_f1=0.9701 | test_acc=84.27% test_f1=0.7681
Epoch 005 | train_loss=0.0896 | val_acc=96.00% val_f1=0.9540 | test_acc=86.52% test_f1=0.8112
Epoch 006 | train_loss=0.0930 | val_acc=98.29% val_f1=0.9782 | test_acc=86.52% test_f1=0.8224
Epoch 007 | train_loss=0.0674 | val_acc=98.29% val_f1=0.9782 | test_acc=85.96% test_f1=0.8157
Epoch 008 | train_loss=0.0433 | val_acc=98.29% val_f1=0.9755 | test_acc=81.46% test_f1=0.7450
Epoch 009 | train_loss=0.0382 | val_acc=97.71% val_f1=0.9701 | test_acc=80.62% test_f1=0.7350
Epoch 010 | train_loss=0.0305 | val_acc=99.43% val_f1=0.9943 | test_acc=85.11% test_f1=0.8070
Epoch 011 | train_loss=0.0259 | val_acc=99.43% val_f1=0.9919 | test_acc=81.46% test_f1=0.7537
Epoch 012 | train_loss=0.0190 | val_acc=98.29% val_f1=0.9755 | test_acc=77.53% test_f1=0.6871
Epoch 013 | train_loss=0.0151 | val_acc=100.00% val_f1=1.0000 | test_acc=81.46% test_f1=0.7507
Epoch 014 | train_loss=0.0190 | val_acc=99.43% val_f1=0.9943 | test_acc=83.99% test_f1=0.7937
Epoch 015 | train_loss=0.0310 | val_acc=98.29% val_f1=0.9755 | test_acc=74.72% test_f1=0.6504
Epoch 016 | train_loss=0.0370 | val_acc=98.29% val_f1=0.9755 | test_acc=73.03% test_f1=0.6329
Epoch 017 | train_loss=0.0187 | val_acc=99.43% val_f1=0.9943 | test_acc=84.83% test_f1=0.8142
Epoch 018 | train_loss=0.0391 | val_acc=100.00% val_f1=1.0000 | test_acc=84.27% test_f1=0.8037
Epoch 019 | train_loss=0.0109 | val_acc=99.43% val_f1=0.9919 | test_acc=78.93% test_f1=0.7152
Epoch 020 | train_loss=0.0088 | val_acc=99.43% val_f1=0.9919 | test_acc=78.65% test_f1=0.7064
Epoch 021 | train_loss=0.0095 | val_acc=99.43% val_f1=0.9919 | test_acc=78.65% test_f1=0.7079
Epoch 022 | train_loss=0.0065 | val_acc=99.43% val_f1=0.9919 | test_acc=76.40% test_f1=0.6798
Epoch 023 | train_loss=0.0088 | val_acc=100.00% val_f1=1.0000 | test_acc=79.78% test_f1=0.7304
Epoch 024 | train_loss=0.0068 | val_acc=99.43% val_f1=0.9943 | test_acc=80.34% test_f1=0.7374
Epoch 025 | train_loss=0.0065 | val_acc=100.00% val_f1=1.0000 | test_acc=80.34% test_f1=0.7374
Epoch 026 | train_loss=0.0060 | val_acc=100.00% val_f1=1.0000 | test_acc=76.97% test_f1=0.6870
Epoch 027 | train_loss=0.0063 | val_acc=100.00% val_f1=1.0000 | test_acc=80.06% test_f1=0.7362
Epoch 028 | train_loss=0.0035 | val_acc=100.00% val_f1=1.0000 | test_acc=81.46% test_f1=0.7597
Epoch 029 | train_loss=0.0051 | val_acc=100.00% val_f1=1.0000 | test_acc=77.53% test_f1=0.7028
Early stopping at epoch 29 (best=13, score=1.000000)
================================================================================
Best epoch: 13
Best score (val_macro_f1): 1.000000
Final test accuracy: 81.46%
Saved to: ablation_experiments/h1/results/comparison_18d_baselines/inception/inception_weld_seam_windows_ws5_tf75_pg0_h1_oc32_blk3_bn16_do0.1_ep80_lr0.0005_wd0.0005_bs128_seed100
================================================================================
Comparison baseline | model=inception
================================================================================
Dataset: /home/huang_kai/wind_turbine_phm/PHOENIX-main/autoencoder_benchmark/Data/processed_data/weld_seam_windows_ws5_tf75_pg0_h1.npz
Device: cuda
Train/Val/Test: 990 / 175 / 356
Epoch 001 | train_loss=1.1603 | val_acc=26.86% val_f1=0.2698 | test_acc=17.98% test_f1=0.1708
Epoch 002 | train_loss=1.0261 | val_acc=35.43% val_f1=0.3524 | test_acc=24.16% test_f1=0.2135
Epoch 003 | train_loss=0.9177 | val_acc=57.71% val_f1=0.5695 | test_acc=38.20% test_f1=0.3671
Epoch 004 | train_loss=0.8113 | val_acc=73.71% val_f1=0.7109 | test_acc=53.93% test_f1=0.5484
Epoch 005 | train_loss=0.7318 | val_acc=81.14% val_f1=0.7795 | test_acc=74.16% test_f1=0.7536
Epoch 006 | train_loss=0.6608 | val_acc=84.00% val_f1=0.8107 | test_acc=86.52% test_f1=0.8671
Epoch 007 | train_loss=0.6024 | val_acc=87.43% val_f1=0.8504 | test_acc=92.98% test_f1=0.9242
Epoch 008 | train_loss=0.5283 | val_acc=89.14% val_f1=0.8718 | test_acc=92.70% test_f1=0.9166
Epoch 009 | train_loss=0.4632 | val_acc=90.86% val_f1=0.8932 | test_acc=92.98% test_f1=0.9129
Epoch 010 | train_loss=0.4388 | val_acc=92.00% val_f1=0.9068 | test_acc=92.13% test_f1=0.9005
Epoch 011 | train_loss=0.3815 | val_acc=93.71% val_f1=0.9255 | test_acc=90.45% test_f1=0.8767
Epoch 012 | train_loss=0.3562 | val_acc=93.14% val_f1=0.9202 | test_acc=91.01% test_f1=0.8817
Epoch 013 | train_loss=0.3127 | val_acc=93.71% val_f1=0.9287 | test_acc=90.73% test_f1=0.8780
Epoch 014 | train_loss=0.2840 | val_acc=94.86% val_f1=0.9393 | test_acc=90.45% test_f1=0.8742
Epoch 015 | train_loss=0.2609 | val_acc=93.14% val_f1=0.9235 | test_acc=91.57% test_f1=0.8876
Epoch 016 | train_loss=0.2476 | val_acc=95.43% val_f1=0.9475 | test_acc=90.17% test_f1=0.8685
Epoch 017 | train_loss=0.2050 | val_acc=95.43% val_f1=0.9475 | test_acc=88.48% test_f1=0.8446
Epoch 018 | train_loss=0.2161 | val_acc=96.00% val_f1=0.9557 | test_acc=88.20% test_f1=0.8393
Epoch 019 | train_loss=0.1871 | val_acc=96.00% val_f1=0.9561 | test_acc=85.67% test_f1=0.7976
Epoch 020 | train_loss=0.1694 | val_acc=97.71% val_f1=0.9724 | test_acc=83.43% test_f1=0.7624
Epoch 021 | train_loss=0.1490 | val_acc=96.57% val_f1=0.9639 | test_acc=87.64% test_f1=0.8324
Epoch 022 | train_loss=0.1356 | val_acc=97.14% val_f1=0.9694 | test_acc=86.24% test_f1=0.8123
Epoch 023 | train_loss=0.1413 | val_acc=98.29% val_f1=0.9804 | test_acc=86.52% test_f1=0.8160
Epoch 024 | train_loss=0.1351 | val_acc=98.29% val_f1=0.9804 | test_acc=85.96% test_f1=0.8097
Epoch 025 | train_loss=0.1215 | val_acc=98.86% val_f1=0.9862 | test_acc=85.39% test_f1=0.7998
Epoch 026 | train_loss=0.1311 | val_acc=98.86% val_f1=0.9862 | test_acc=83.43% test_f1=0.7624
Epoch 027 | train_loss=0.1204 | val_acc=98.86% val_f1=0.9862 | test_acc=84.27% test_f1=0.7776
Epoch 028 | train_loss=0.1168 | val_acc=98.86% val_f1=0.9862 | test_acc=87.08% test_f1=0.8253
Epoch 029 | train_loss=0.1059 | val_acc=98.86% val_f1=0.9862 | test_acc=86.80% test_f1=0.8207
Epoch 030 | train_loss=0.1020 | val_acc=99.43% val_f1=0.9943 | test_acc=86.80% test_f1=0.8207
Epoch 031 | train_loss=0.1055 | val_acc=98.86% val_f1=0.9886 | test_acc=85.11% test_f1=0.7906
Epoch 032 | train_loss=0.0834 | val_acc=98.86% val_f1=0.9886 | test_acc=85.11% test_f1=0.7906
Epoch 033 | train_loss=0.0807 | val_acc=99.43% val_f1=0.9943 | test_acc=85.11% test_f1=0.7906
Epoch 034 | train_loss=0.0762 | val_acc=99.43% val_f1=0.9943 | test_acc=84.83% test_f1=0.7875
Epoch 035 | train_loss=0.0770 | val_acc=99.43% val_f1=0.9943 | test_acc=85.11% test_f1=0.7971
Epoch 036 | train_loss=0.0629 | val_acc=99.43% val_f1=0.9943 | test_acc=84.55% test_f1=0.7877
Epoch 037 | train_loss=0.0722 | val_acc=99.43% val_f1=0.9943 | test_acc=85.96% test_f1=0.8111
Epoch 038 | train_loss=0.0646 | val_acc=99.43% val_f1=0.9943 | test_acc=83.71% test_f1=0.7748
Epoch 039 | train_loss=0.0651 | val_acc=99.43% val_f1=0.9943 | test_acc=83.71% test_f1=0.7731
Epoch 040 | train_loss=0.0688 | val_acc=99.43% val_f1=0.9943 | test_acc=83.71% test_f1=0.7748
Epoch 041 | train_loss=0.0662 | val_acc=99.43% val_f1=0.9943 | test_acc=83.71% test_f1=0.7748
Epoch 042 | train_loss=0.0706 | val_acc=99.43% val_f1=0.9943 | test_acc=83.71% test_f1=0.7748
Epoch 043 | train_loss=0.0566 | val_acc=99.43% val_f1=0.9943 | test_acc=85.67% test_f1=0.8035
Epoch 044 | train_loss=0.0622 | val_acc=99.43% val_f1=0.9943 | test_acc=84.83% test_f1=0.7939
Epoch 045 | train_loss=0.0571 | val_acc=99.43% val_f1=0.9943 | test_acc=85.11% test_f1=0.7971
Epoch 046 | train_loss=0.0503 | val_acc=99.43% val_f1=0.9943 | test_acc=82.58% test_f1=0.7549
Early stopping at epoch 46 (best=30, score=0.994277)
================================================================================
Best epoch: 30
Best score (val_macro_f1): 0.994277
Final test accuracy: 86.80%
Saved to: ablation_experiments/h1/results/comparison_18d_baselines/inception/inception_weld_seam_windows_ws5_tf75_pg0_h1_oc16_blk3_bn32_do0.1_ep80_lr0.0001_wd0.0005_bs128_seed122
================================================================================
Comparison baseline | model=inception
================================================================================
Dataset: /home/huang_kai/wind_turbine_phm/PHOENIX-main/autoencoder_benchmark/Data/processed_data/weld_seam_windows_ws5_tf75_pg0_h1.npz
Device: cuda
Train/Val/Test: 990 / 175 / 356
Epoch 001 | train_loss=1.2725 | val_acc=25.14% val_f1=0.1447 | test_acc=25.28% test_f1=0.1512
Epoch 002 | train_loss=1.1274 | val_acc=25.14% val_f1=0.1538 | test_acc=25.84% test_f1=0.1593
Epoch 003 | train_loss=1.0270 | val_acc=33.71% val_f1=0.3243 | test_acc=33.43% test_f1=0.2429
Epoch 004 | train_loss=0.9665 | val_acc=45.71% val_f1=0.4812 | test_acc=45.79% test_f1=0.3747
Epoch 005 | train_loss=0.9213 | val_acc=60.57% val_f1=0.6353 | test_acc=63.20% test_f1=0.5960
Epoch 006 | train_loss=0.8565 | val_acc=73.71% val_f1=0.7558 | test_acc=72.75% test_f1=0.6931
Epoch 007 | train_loss=0.8042 | val_acc=82.86% val_f1=0.8428 | test_acc=80.06% test_f1=0.7578
Epoch 008 | train_loss=0.7258 | val_acc=85.71% val_f1=0.8701 | test_acc=88.48% test_f1=0.8504
Epoch 009 | train_loss=0.6576 | val_acc=88.00% val_f1=0.8909 | test_acc=91.01% test_f1=0.8793
Epoch 010 | train_loss=0.5980 | val_acc=88.57% val_f1=0.8957 | test_acc=91.01% test_f1=0.8811
Epoch 011 | train_loss=0.5341 | val_acc=89.14% val_f1=0.9006 | test_acc=91.85% test_f1=0.8921
Epoch 012 | train_loss=0.4568 | val_acc=92.57% val_f1=0.9303 | test_acc=91.29% test_f1=0.8829
Epoch 013 | train_loss=0.4297 | val_acc=92.57% val_f1=0.9303 | test_acc=91.85% test_f1=0.8940
Epoch 014 | train_loss=0.3737 | val_acc=93.14% val_f1=0.9353 | test_acc=92.13% test_f1=0.8945
Epoch 015 | train_loss=0.3175 | val_acc=95.43% val_f1=0.9560 | test_acc=90.17% test_f1=0.8629
Epoch 016 | train_loss=0.3069 | val_acc=95.43% val_f1=0.9560 | test_acc=90.45% test_f1=0.8680
Epoch 017 | train_loss=0.2487 | val_acc=95.43% val_f1=0.9560 | test_acc=90.17% test_f1=0.8635
Epoch 018 | train_loss=0.2233 | val_acc=96.00% val_f1=0.9613 | test_acc=89.89% test_f1=0.8607
Epoch 019 | train_loss=0.2197 | val_acc=96.00% val_f1=0.9613 | test_acc=89.33% test_f1=0.8532
Epoch 020 | train_loss=0.1904 | val_acc=96.57% val_f1=0.9667 | test_acc=89.61% test_f1=0.8594
Epoch 021 | train_loss=0.1858 | val_acc=97.14% val_f1=0.9721 | test_acc=88.76% test_f1=0.8490
Epoch 022 | train_loss=0.1750 | val_acc=97.14% val_f1=0.9721 | test_acc=89.33% test_f1=0.8565
Epoch 023 | train_loss=0.1499 | val_acc=97.14% val_f1=0.9721 | test_acc=88.48% test_f1=0.8445
Epoch 024 | train_loss=0.1393 | val_acc=97.14% val_f1=0.9721 | test_acc=87.92% test_f1=0.8353
Epoch 025 | train_loss=0.1097 | val_acc=97.71% val_f1=0.9775 | test_acc=87.92% test_f1=0.8353
Epoch 026 | train_loss=0.1245 | val_acc=97.71% val_f1=0.9775 | test_acc=87.92% test_f1=0.8353
Epoch 027 | train_loss=0.1028 | val_acc=97.71% val_f1=0.9775 | test_acc=87.92% test_f1=0.8370
Epoch 028 | train_loss=0.1282 | val_acc=98.29% val_f1=0.9830 | test_acc=86.80% test_f1=0.8201
Epoch 029 | train_loss=0.1021 | val_acc=99.43% val_f1=0.9943 | test_acc=84.83% test_f1=0.7957
Epoch 030 | train_loss=0.0948 | val_acc=98.86% val_f1=0.9886 | test_acc=87.92% test_f1=0.8416
Epoch 031 | train_loss=0.1003 | val_acc=99.43% val_f1=0.9943 | test_acc=86.80% test_f1=0.8265
Epoch 032 | train_loss=0.0954 | val_acc=98.86% val_f1=0.9886 | test_acc=87.92% test_f1=0.8409
Epoch 033 | train_loss=0.0865 | val_acc=99.43% val_f1=0.9943 | test_acc=85.96% test_f1=0.8095
Epoch 034 | train_loss=0.0677 | val_acc=99.43% val_f1=0.9943 | test_acc=82.58% test_f1=0.7561
Epoch 035 | train_loss=0.0698 | val_acc=99.43% val_f1=0.9943 | test_acc=81.74% test_f1=0.7329
Epoch 036 | train_loss=0.0641 | val_acc=99.43% val_f1=0.9943 | test_acc=83.99% test_f1=0.7783
Epoch 037 | train_loss=0.0558 | val_acc=98.86% val_f1=0.9886 | test_acc=87.08% test_f1=0.8304
Epoch 038 | train_loss=0.0504 | val_acc=100.00% val_f1=1.0000 | test_acc=86.80% test_f1=0.8265
Epoch 039 | train_loss=0.0532 | val_acc=100.00% val_f1=1.0000 | test_acc=84.83% test_f1=0.7957
Epoch 040 | train_loss=0.0615 | val_acc=99.43% val_f1=0.9943 | test_acc=86.80% test_f1=0.8258
Epoch 041 | train_loss=0.0473 | val_acc=99.43% val_f1=0.9943 | test_acc=82.58% test_f1=0.7526
Epoch 042 | train_loss=0.0620 | val_acc=99.43% val_f1=0.9943 | test_acc=83.99% test_f1=0.7783
Epoch 043 | train_loss=0.0581 | val_acc=100.00% val_f1=1.0000 | test_acc=78.93% test_f1=0.6951
Epoch 044 | train_loss=0.0436 | val_acc=100.00% val_f1=1.0000 | test_acc=79.78% test_f1=0.7095
Epoch 045 | train_loss=0.0467 | val_acc=100.00% val_f1=1.0000 | test_acc=82.87% test_f1=0.7613
Epoch 046 | train_loss=0.0432 | val_acc=100.00% val_f1=1.0000 | test_acc=83.43% test_f1=0.7723
Epoch 047 | train_loss=0.0425 | val_acc=99.43% val_f1=0.9943 | test_acc=82.58% test_f1=0.7549
Epoch 048 | train_loss=0.0303 | val_acc=100.00% val_f1=1.0000 | test_acc=81.74% test_f1=0.7414
Epoch 049 | train_loss=0.0491 | val_acc=100.00% val_f1=1.0000 | test_acc=82.87% test_f1=0.7622
Epoch 050 | train_loss=0.0361 | val_acc=100.00% val_f1=1.0000 | test_acc=84.83% test_f1=0.7983
Epoch 051 | train_loss=0.0453 | val_acc=100.00% val_f1=1.0000 | test_acc=80.34% test_f1=0.7252
Epoch 052 | train_loss=0.0342 | val_acc=100.00% val_f1=1.0000 | test_acc=78.65% test_f1=0.7043
Epoch 053 | train_loss=0.0375 | val_acc=100.00% val_f1=1.0000 | test_acc=78.93% test_f1=0.7136
Epoch 054 | train_loss=0.0379 | val_acc=100.00% val_f1=1.0000 | test_acc=79.21% test_f1=0.7168
Early stopping at epoch 54 (best=38, score=1.000000)
================================================================================
Best epoch: 38
Best score (val_macro_f1): 1.000000
Final test accuracy: 86.80%
Saved to: ablation_experiments/h1/results/comparison_18d_baselines/inception/inception_weld_seam_windows_ws5_tf75_pg0_h1_oc24_blk9_bn32_do0.2_ep80_lr0.0001_wd0.0001_bs128_seed77
================================================================================
Comparison baseline | model=inception
================================================================================
Dataset: /home/huang_kai/wind_turbine_phm/PHOENIX-main/autoencoder_benchmark/Data/processed_data/weld_seam_windows_ws5_tf75_pg0_h1.npz
Device: cuda
Train/Val/Test: 990 / 175 / 356
Epoch 001 | train_loss=1.0907 | val_acc=57.71% val_f1=0.5849 | test_acc=69.10% test_f1=0.7058
Epoch 002 | train_loss=0.8756 | val_acc=78.29% val_f1=0.7424 | test_acc=92.98% test_f1=0.9059
Epoch 003 | train_loss=0.7458 | val_acc=85.14% val_f1=0.8181 | test_acc=94.66% test_f1=0.9320
Epoch 004 | train_loss=0.6530 | val_acc=88.00% val_f1=0.8532 | test_acc=95.79% test_f1=0.9485
Epoch 005 | train_loss=0.5595 | val_acc=89.71% val_f1=0.8777 | test_acc=94.94% test_f1=0.9373
Epoch 006 | train_loss=0.4699 | val_acc=90.29% val_f1=0.8829 | test_acc=94.10% test_f1=0.9271
Epoch 007 | train_loss=0.4152 | val_acc=93.14% val_f1=0.9206 | test_acc=92.70% test_f1=0.9089
Epoch 008 | train_loss=0.3690 | val_acc=93.14% val_f1=0.9206 | test_acc=92.13% test_f1=0.9015
Epoch 009 | train_loss=0.2918 | val_acc=93.71% val_f1=0.9260 | test_acc=91.01% test_f1=0.8875
Epoch 010 | train_loss=0.2695 | val_acc=97.71% val_f1=0.9771 | test_acc=85.96% test_f1=0.8196
Epoch 011 | train_loss=0.2455 | val_acc=97.71% val_f1=0.9771 | test_acc=87.08% test_f1=0.8325
Epoch 012 | train_loss=0.2010 | val_acc=97.71% val_f1=0.9771 | test_acc=87.08% test_f1=0.8325
Epoch 013 | train_loss=0.1810 | val_acc=97.71% val_f1=0.9771 | test_acc=85.67% test_f1=0.8103
Epoch 014 | train_loss=0.1751 | val_acc=98.29% val_f1=0.9830 | test_acc=85.39% test_f1=0.8045
Epoch 015 | train_loss=0.1447 | val_acc=97.71% val_f1=0.9771 | test_acc=85.11% test_f1=0.7986
Epoch 016 | train_loss=0.1242 | val_acc=100.00% val_f1=1.0000 | test_acc=83.99% test_f1=0.7841
Epoch 017 | train_loss=0.1248 | val_acc=99.43% val_f1=0.9943 | test_acc=84.27% test_f1=0.7900
Epoch 018 | train_loss=0.1035 | val_acc=99.43% val_f1=0.9943 | test_acc=84.55% test_f1=0.7969
Epoch 019 | train_loss=0.0998 | val_acc=100.00% val_f1=1.0000 | test_acc=81.18% test_f1=0.7476
Epoch 020 | train_loss=0.0767 | val_acc=100.00% val_f1=1.0000 | test_acc=81.74% test_f1=0.7571
Epoch 021 | train_loss=0.0763 | val_acc=100.00% val_f1=1.0000 | test_acc=80.34% test_f1=0.7401
Epoch 022 | train_loss=0.0652 | val_acc=100.00% val_f1=1.0000 | test_acc=80.62% test_f1=0.7459
Epoch 023 | train_loss=0.0812 | val_acc=100.00% val_f1=1.0000 | test_acc=79.49% test_f1=0.7340
Epoch 024 | train_loss=0.0768 | val_acc=100.00% val_f1=1.0000 | test_acc=80.06% test_f1=0.7415
Epoch 025 | train_loss=0.0542 | val_acc=100.00% val_f1=1.0000 | test_acc=81.46% test_f1=0.7619
Epoch 026 | train_loss=0.0506 | val_acc=100.00% val_f1=1.0000 | test_acc=80.34% test_f1=0.7449
Epoch 027 | train_loss=0.0435 | val_acc=100.00% val_f1=1.0000 | test_acc=80.34% test_f1=0.7439
Epoch 028 | train_loss=0.0457 | val_acc=100.00% val_f1=1.0000 | test_acc=79.21% test_f1=0.7264
Epoch 029 | train_loss=0.0523 | val_acc=100.00% val_f1=1.0000 | test_acc=78.93% test_f1=0.7241
Epoch 030 | train_loss=0.0402 | val_acc=100.00% val_f1=1.0000 | test_acc=78.37% test_f1=0.7187
Epoch 031 | train_loss=0.0361 | val_acc=100.00% val_f1=1.0000 | test_acc=80.62% test_f1=0.7531
Epoch 032 | train_loss=0.0366 | val_acc=100.00% val_f1=1.0000 | test_acc=79.78% test_f1=0.7387
Early stopping at epoch 32 (best=16, score=1.000000)
================================================================================
Best epoch: 16
Best score (val_macro_f1): 1.000000
Final test accuracy: 83.99%
Saved to: ablation_experiments/h1/results/comparison_18d_baselines/inception/inception_weld_seam_windows_ws5_tf75_pg0_h1_oc32_blk3_bn32_do0.1_ep80_lr0.0002_wd0.0005_bs128_seed183
================================================================================
Comparison baseline | model=inception
================================================================================
Dataset: /home/huang_kai/wind_turbine_phm/PHOENIX-main/autoencoder_benchmark/Data/processed_data/weld_seam_windows_ws5_tf75_pg0_h1.npz
Device: cuda
Train/Val/Test: 990 / 175 / 356
Epoch 001 | train_loss=0.8979 | val_acc=61.71% val_f1=0.6588 | test_acc=40.17% test_f1=0.4386
Epoch 002 | train_loss=0.5129 | val_acc=90.86% val_f1=0.9086 | test_acc=88.20% test_f1=0.8322
Epoch 003 | train_loss=0.2734 | val_acc=93.71% val_f1=0.9344 | test_acc=92.13% test_f1=0.8874
Epoch 004 | train_loss=0.1736 | val_acc=97.14% val_f1=0.9669 | test_acc=88.20% test_f1=0.8294
Epoch 005 | train_loss=0.0956 | val_acc=98.86% val_f1=0.9886 | test_acc=88.20% test_f1=0.8262
Epoch 006 | train_loss=0.1086 | val_acc=98.86% val_f1=0.9862 | test_acc=85.67% test_f1=0.7859
Epoch 007 | train_loss=0.0507 | val_acc=100.00% val_f1=1.0000 | test_acc=81.74% test_f1=0.7126
Epoch 008 | train_loss=0.0453 | val_acc=100.00% val_f1=1.0000 | test_acc=89.33% test_f1=0.8544
Epoch 009 | train_loss=0.0293 | val_acc=100.00% val_f1=1.0000 | test_acc=85.96% test_f1=0.7918
Epoch 010 | train_loss=0.0204 | val_acc=100.00% val_f1=1.0000 | test_acc=87.36% test_f1=0.8220
Epoch 011 | train_loss=0.0191 | val_acc=100.00% val_f1=1.0000 | test_acc=83.71% test_f1=0.7880
Epoch 012 | train_loss=0.0195 | val_acc=100.00% val_f1=1.0000 | test_acc=86.80% test_f1=0.8158
Epoch 013 | train_loss=0.0112 | val_acc=100.00% val_f1=1.0000 | test_acc=79.49% test_f1=0.7091
Epoch 014 | train_loss=0.0193 | val_acc=100.00% val_f1=1.0000 | test_acc=86.52% test_f1=0.8180
Epoch 015 | train_loss=0.0174 | val_acc=100.00% val_f1=1.0000 | test_acc=75.28% test_f1=0.6526
Epoch 016 | train_loss=0.0080 | val_acc=100.00% val_f1=1.0000 | test_acc=77.81% test_f1=0.6762
Epoch 017 | train_loss=0.0077 | val_acc=100.00% val_f1=1.0000 | test_acc=81.74% test_f1=0.7510
Epoch 018 | train_loss=0.0358 | val_acc=100.00% val_f1=1.0000 | test_acc=83.43% test_f1=0.7821
Epoch 019 | train_loss=0.0205 | val_acc=100.00% val_f1=1.0000 | test_acc=76.97% test_f1=0.6669
Epoch 020 | train_loss=0.0092 | val_acc=100.00% val_f1=1.0000 | test_acc=80.62% test_f1=0.7236
Epoch 021 | train_loss=0.0073 | val_acc=100.00% val_f1=1.0000 | test_acc=87.92% test_f1=0.8480
Epoch 022 | train_loss=0.0049 | val_acc=100.00% val_f1=1.0000 | test_acc=83.43% test_f1=0.7915
Epoch 023 | train_loss=0.0058 | val_acc=100.00% val_f1=1.0000 | test_acc=82.58% test_f1=0.7735
Early stopping at epoch 23 (best=7, score=1.000000)
================================================================================
Best epoch: 7
Best score (val_macro_f1): 1.000000
Final test accuracy: 81.74%
Saved to: ablation_experiments/h1/results/comparison_18d_baselines/inception/inception_weld_seam_windows_ws5_tf75_pg0_h1_oc24_blk6_bn32_do0.1_ep80_lr0.0002_wd0.0001_bs64_seed122
================================================================================
Comparison baseline | model=inception
================================================================================
Dataset: /home/huang_kai/wind_turbine_phm/PHOENIX-main/autoencoder_benchmark/Data/processed_data/weld_seam_windows_ws5_tf75_pg0_h1.npz
Device: cuda
Train/Val/Test: 990 / 175 / 356
Epoch 001 | train_loss=1.2379 | val_acc=73.71% val_f1=0.5510 | test_acc=68.82% test_f1=0.4910
Epoch 002 | train_loss=1.0547 | val_acc=74.86% val_f1=0.7070 | test_acc=85.96% test_f1=0.7758
Epoch 003 | train_loss=0.9404 | val_acc=80.57% val_f1=0.8086 | test_acc=93.82% test_f1=0.9100
Epoch 004 | train_loss=0.8393 | val_acc=84.57% val_f1=0.8556 | test_acc=96.07% test_f1=0.9415
Epoch 005 | train_loss=0.7586 | val_acc=85.71% val_f1=0.8662 | test_acc=92.42% test_f1=0.8836
Epoch 006 | train_loss=0.6705 | val_acc=87.43% val_f1=0.8821 | test_acc=91.85% test_f1=0.8743
Epoch 007 | train_loss=0.6198 | val_acc=89.71% val_f1=0.9013 | test_acc=92.98% test_f1=0.8928
Epoch 008 | train_loss=0.5380 | val_acc=90.29% val_f1=0.9061 | test_acc=90.17% test_f1=0.8516
Epoch 009 | train_loss=0.4518 | val_acc=91.43% val_f1=0.9159 | test_acc=88.20% test_f1=0.8235
Epoch 010 | train_loss=0.4068 | val_acc=90.86% val_f1=0.9110 | test_acc=87.64% test_f1=0.8135
Epoch 011 | train_loss=0.3696 | val_acc=92.00% val_f1=0.9208 | test_acc=86.52% test_f1=0.7929
Epoch 012 | train_loss=0.3081 | val_acc=92.00% val_f1=0.9208 | test_acc=85.39% test_f1=0.7714
Epoch 013 | train_loss=0.2696 | val_acc=92.00% val_f1=0.9208 | test_acc=86.24% test_f1=0.7852
Epoch 014 | train_loss=0.2515 | val_acc=92.57% val_f1=0.9258 | test_acc=85.67% test_f1=0.7769
Epoch 015 | train_loss=0.1949 | val_acc=92.57% val_f1=0.9258 | test_acc=85.39% test_f1=0.7740
Epoch 016 | train_loss=0.1962 | val_acc=93.14% val_f1=0.9308 | test_acc=82.87% test_f1=0.7344
Epoch 017 | train_loss=0.1707 | val_acc=94.86% val_f1=0.9485 | test_acc=82.02% test_f1=0.7283
Epoch 018 | train_loss=0.1401 | val_acc=96.00% val_f1=0.9590 | test_acc=81.46% test_f1=0.7249
Epoch 019 | train_loss=0.1408 | val_acc=96.00% val_f1=0.9590 | test_acc=80.62% test_f1=0.7078
Epoch 020 | train_loss=0.1246 | val_acc=96.00% val_f1=0.9590 | test_acc=79.78% test_f1=0.6986
Epoch 021 | train_loss=0.1284 | val_acc=96.00% val_f1=0.9590 | test_acc=80.34% test_f1=0.7075
Epoch 022 | train_loss=0.0960 | val_acc=96.00% val_f1=0.9590 | test_acc=78.93% test_f1=0.6866
Epoch 023 | train_loss=0.0815 | val_acc=98.86% val_f1=0.9862 | test_acc=76.40% test_f1=0.6524
Epoch 024 | train_loss=0.0833 | val_acc=98.86% val_f1=0.9861 | test_acc=75.28% test_f1=0.6337
Epoch 025 | train_loss=0.0735 | val_acc=99.43% val_f1=0.9919 | test_acc=75.84% test_f1=0.6458
Epoch 026 | train_loss=0.0705 | val_acc=98.86% val_f1=0.9862 | test_acc=77.81% test_f1=0.6812
Epoch 027 | train_loss=0.0685 | val_acc=98.86% val_f1=0.9862 | test_acc=77.81% test_f1=0.6834
Epoch 028 | train_loss=0.0581 | val_acc=98.29% val_f1=0.9807 | test_acc=77.25% test_f1=0.6699
Epoch 029 | train_loss=0.0645 | val_acc=98.29% val_f1=0.9807 | test_acc=77.81% test_f1=0.6764
Epoch 030 | train_loss=0.0445 | val_acc=98.86% val_f1=0.9862 | test_acc=77.53% test_f1=0.6779
Epoch 031 | train_loss=0.0469 | val_acc=98.86% val_f1=0.9862 | test_acc=78.65% test_f1=0.6996
Epoch 032 | train_loss=0.0425 | val_acc=99.43% val_f1=0.9919 | test_acc=76.69% test_f1=0.6656
Epoch 033 | train_loss=0.0448 | val_acc=99.43% val_f1=0.9919 | test_acc=75.56% test_f1=0.6424
Epoch 034 | train_loss=0.0462 | val_acc=99.43% val_f1=0.9919 | test_acc=77.25% test_f1=0.6723
Epoch 035 | train_loss=0.0432 | val_acc=99.43% val_f1=0.9919 | test_acc=78.09% test_f1=0.6889
Epoch 036 | train_loss=0.0347 | val_acc=99.43% val_f1=0.9919 | test_acc=77.81% test_f1=0.6834
Epoch 037 | train_loss=0.0368 | val_acc=99.43% val_f1=0.9919 | test_acc=76.69% test_f1=0.6698
Epoch 038 | train_loss=0.0421 | val_acc=99.43% val_f1=0.9919 | test_acc=77.81% test_f1=0.6834
Epoch 039 | train_loss=0.0310 | val_acc=99.43% val_f1=0.9919 | test_acc=76.40% test_f1=0.6575
Epoch 040 | train_loss=0.0302 | val_acc=99.43% val_f1=0.9919 | test_acc=76.97% test_f1=0.6704
Epoch 041 | train_loss=0.0269 | val_acc=99.43% val_f1=0.9919 | test_acc=78.09% test_f1=0.6889
Early stopping at epoch 41 (best=25, score=0.991859)
================================================================================
Best epoch: 25
Best score (val_macro_f1): 0.991859
Final test accuracy: 75.84%
Saved to: ablation_experiments/h1/results/comparison_18d_baselines/inception/inception_weld_seam_windows_ws5_tf75_pg0_h1_oc32_blk6_bn16_do0.2_ep80_lr0.0001_wd0.0002_bs128_seed14
================================================================================
Comparison baseline | model=inception
================================================================================
Dataset: /home/huang_kai/wind_turbine_phm/PHOENIX-main/autoencoder_benchmark/Data/processed_data/weld_seam_windows_ws5_tf75_pg0_h1.npz
Device: cuda
Train/Val/Test: 990 / 175 / 356
Epoch 001 | train_loss=0.8278 | val_acc=61.71% val_f1=0.6582 | test_acc=59.27% test_f1=0.6401
Epoch 002 | train_loss=0.3663 | val_acc=94.29% val_f1=0.9456 | test_acc=87.64% test_f1=0.8296
Epoch 003 | train_loss=0.1809 | val_acc=97.14% val_f1=0.9721 | test_acc=85.39% test_f1=0.8009
Epoch 004 | train_loss=0.1180 | val_acc=100.00% val_f1=1.0000 | test_acc=79.21% test_f1=0.7009
Epoch 005 | train_loss=0.0765 | val_acc=100.00% val_f1=1.0000 | test_acc=78.93% test_f1=0.7026
Epoch 006 | train_loss=0.0621 | val_acc=100.00% val_f1=1.0000 | test_acc=76.69% test_f1=0.6716
Epoch 007 | train_loss=0.0217 | val_acc=99.43% val_f1=0.9943 | test_acc=74.44% test_f1=0.6329
Epoch 008 | train_loss=0.0267 | val_acc=100.00% val_f1=1.0000 | test_acc=69.94% test_f1=0.6121
Epoch 009 | train_loss=0.0495 | val_acc=100.00% val_f1=1.0000 | test_acc=68.54% test_f1=0.5955
Epoch 010 | train_loss=0.0386 | val_acc=100.00% val_f1=1.0000 | test_acc=76.12% test_f1=0.6900
Epoch 011 | train_loss=0.0265 | val_acc=100.00% val_f1=1.0000 | test_acc=78.09% test_f1=0.6959
Epoch 012 | train_loss=0.0441 | val_acc=98.29% val_f1=0.9830 | test_acc=70.22% test_f1=0.6171
Epoch 013 | train_loss=0.0113 | val_acc=100.00% val_f1=1.0000 | test_acc=67.42% test_f1=0.5866
Epoch 014 | train_loss=0.0089 | val_acc=100.00% val_f1=1.0000 | test_acc=72.47% test_f1=0.6311
Epoch 015 | train_loss=0.0075 | val_acc=100.00% val_f1=1.0000 | test_acc=74.72% test_f1=0.6586
Epoch 016 | train_loss=0.0072 | val_acc=100.00% val_f1=1.0000 | test_acc=76.97% test_f1=0.6862
Epoch 017 | train_loss=0.0072 | val_acc=100.00% val_f1=1.0000 | test_acc=71.07% test_f1=0.5903
Epoch 018 | train_loss=0.0099 | val_acc=100.00% val_f1=1.0000 | test_acc=75.28% test_f1=0.6679
Epoch 019 | train_loss=0.0068 | val_acc=100.00% val_f1=1.0000 | test_acc=70.51% test_f1=0.5684
Epoch 020 | train_loss=0.0077 | val_acc=100.00% val_f1=1.0000 | test_acc=79.21% test_f1=0.7347
Early stopping at epoch 20 (best=4, score=1.000000)
================================================================================
Best epoch: 4
Best score (val_macro_f1): 1.000000
Final test accuracy: 79.21%
Saved to: ablation_experiments/h1/results/comparison_18d_baselines/inception/inception_weld_seam_windows_ws5_tf75_pg0_h1_oc32_blk6_bn16_do0.2_ep80_lr0.0005_wd0.0001_bs64_seed77
================================================================================
Comparison baseline | model=inception
================================================================================
Dataset: /home/huang_kai/wind_turbine_phm/PHOENIX-main/autoencoder_benchmark/Data/processed_data/weld_seam_windows_ws5_tf75_pg0_h1.npz
Device: cuda
Train/Val/Test: 990 / 175 / 356
Epoch 001 | train_loss=1.2087 | val_acc=45.71% val_f1=0.4172 | test_acc=36.52% test_f1=0.2938
Epoch 002 | train_loss=1.0768 | val_acc=67.43% val_f1=0.6763 | test_acc=58.99% test_f1=0.5639
Epoch 003 | train_loss=0.9720 | val_acc=79.43% val_f1=0.7687 | test_acc=67.98% test_f1=0.6597
Epoch 004 | train_loss=0.8824 | val_acc=81.14% val_f1=0.7711 | test_acc=71.35% test_f1=0.6969
Epoch 005 | train_loss=0.8012 | val_acc=83.43% val_f1=0.7963 | test_acc=76.69% test_f1=0.7515
Epoch 006 | train_loss=0.7588 | val_acc=84.57% val_f1=0.8096 | test_acc=84.83% test_f1=0.8315
Epoch 007 | train_loss=0.6831 | val_acc=85.71% val_f1=0.8231 | test_acc=87.64% test_f1=0.8617
Epoch 008 | train_loss=0.6445 | val_acc=86.29% val_f1=0.8315 | test_acc=91.29% test_f1=0.9046
Epoch 009 | train_loss=0.5908 | val_acc=88.00% val_f1=0.8593 | test_acc=93.54% test_f1=0.9293
Epoch 010 | train_loss=0.5386 | val_acc=88.57% val_f1=0.8658 | test_acc=94.10% test_f1=0.9318
Epoch 011 | train_loss=0.5035 | val_acc=90.29% val_f1=0.8845 | test_acc=93.82% test_f1=0.9261
Epoch 012 | train_loss=0.4551 | val_acc=89.71% val_f1=0.8793 | test_acc=94.66% test_f1=0.9363
Epoch 013 | train_loss=0.4237 | val_acc=90.86% val_f1=0.8934 | test_acc=92.98% test_f1=0.9131
Epoch 014 | train_loss=0.3951 | val_acc=92.00% val_f1=0.9068 | test_acc=92.42% test_f1=0.9069
Epoch 015 | train_loss=0.3523 | val_acc=93.71% val_f1=0.9310 | test_acc=91.29% test_f1=0.8901
Epoch 016 | train_loss=0.3411 | val_acc=93.71% val_f1=0.9310 | test_acc=91.29% test_f1=0.8901
Epoch 017 | train_loss=0.3123 | val_acc=93.71% val_f1=0.9339 | test_acc=90.73% test_f1=0.8816
Epoch 018 | train_loss=0.3046 | val_acc=95.43% val_f1=0.9526 | test_acc=90.17% test_f1=0.8731
Epoch 019 | train_loss=0.2783 | val_acc=96.57% val_f1=0.9634 | test_acc=89.89% test_f1=0.8699
Epoch 020 | train_loss=0.2724 | val_acc=95.43% val_f1=0.9526 | test_acc=89.89% test_f1=0.8687
Epoch 021 | train_loss=0.2358 | val_acc=96.00% val_f1=0.9575 | test_acc=88.76% test_f1=0.8525
Epoch 022 | train_loss=0.2388 | val_acc=96.00% val_f1=0.9575 | test_acc=89.33% test_f1=0.8593
Epoch 023 | train_loss=0.2497 | val_acc=96.00% val_f1=0.9603 | test_acc=89.89% test_f1=0.8687
Epoch 024 | train_loss=0.2080 | val_acc=96.57% val_f1=0.9654 | test_acc=89.89% test_f1=0.8660
Epoch 025 | train_loss=0.1884 | val_acc=97.71% val_f1=0.9767 | test_acc=88.76% test_f1=0.8483
Epoch 026 | train_loss=0.1888 | val_acc=97.14% val_f1=0.9713 | test_acc=89.61% test_f1=0.8616
Epoch 027 | train_loss=0.1713 | val_acc=97.71% val_f1=0.9767 | test_acc=89.61% test_f1=0.8616
Epoch 028 | train_loss=0.1750 | val_acc=98.29% val_f1=0.9825 | test_acc=88.76% test_f1=0.8483
Epoch 029 | train_loss=0.1513 | val_acc=97.71% val_f1=0.9769 | test_acc=89.04% test_f1=0.8528
Epoch 030 | train_loss=0.1612 | val_acc=98.29% val_f1=0.9825 | test_acc=89.89% test_f1=0.8660
Epoch 031 | train_loss=0.1535 | val_acc=97.71% val_f1=0.9767 | test_acc=88.20% test_f1=0.8407
Epoch 032 | train_loss=0.1593 | val_acc=97.71% val_f1=0.9767 | test_acc=85.11% test_f1=0.7986
Epoch 033 | train_loss=0.1411 | val_acc=97.71% val_f1=0.9767 | test_acc=85.67% test_f1=0.8065
Epoch 034 | train_loss=0.1288 | val_acc=97.71% val_f1=0.9767 | test_acc=86.24% test_f1=0.8169
Epoch 035 | train_loss=0.1155 | val_acc=98.29% val_f1=0.9825 | test_acc=89.33% test_f1=0.8597
Epoch 036 | train_loss=0.1103 | val_acc=98.29% val_f1=0.9825 | test_acc=89.61% test_f1=0.8603
Epoch 037 | train_loss=0.1382 | val_acc=98.29% val_f1=0.9825 | test_acc=89.61% test_f1=0.8603
Epoch 038 | train_loss=0.1259 | val_acc=98.29% val_f1=0.9825 | test_acc=85.39% test_f1=0.8018
Epoch 039 | train_loss=0.1057 | val_acc=98.29% val_f1=0.9825 | test_acc=86.80% test_f1=0.8221
Epoch 040 | train_loss=0.1045 | val_acc=98.29% val_f1=0.9825 | test_acc=87.36% test_f1=0.8269
Epoch 041 | train_loss=0.0978 | val_acc=98.29% val_f1=0.9825 | test_acc=86.80% test_f1=0.8221
Epoch 042 | train_loss=0.1026 | val_acc=98.86% val_f1=0.9883 | test_acc=86.24% test_f1=0.8156
Epoch 043 | train_loss=0.0999 | val_acc=98.29% val_f1=0.9825 | test_acc=89.33% test_f1=0.8585
Epoch 044 | train_loss=0.0949 | val_acc=98.29% val_f1=0.9825 | test_acc=89.33% test_f1=0.8585
Epoch 045 | train_loss=0.1165 | val_acc=98.86% val_f1=0.9883 | test_acc=85.39% test_f1=0.8018
Epoch 046 | train_loss=0.0844 | val_acc=98.86% val_f1=0.9883 | test_acc=84.83% test_f1=0.7924
Epoch 047 | train_loss=0.0859 | val_acc=98.29% val_f1=0.9825 | test_acc=86.80% test_f1=0.8234
Epoch 048 | train_loss=0.0868 | val_acc=98.86% val_f1=0.9883 | test_acc=87.36% test_f1=0.8336
Epoch 049 | train_loss=0.0915 | val_acc=98.29% val_f1=0.9825 | test_acc=88.20% test_f1=0.8445
Epoch 050 | train_loss=0.0913 | val_acc=98.86% val_f1=0.9883 | test_acc=84.55% test_f1=0.7892
Epoch 051 | train_loss=0.0943 | val_acc=99.43% val_f1=0.9941 | test_acc=86.24% test_f1=0.8156
Epoch 052 | train_loss=0.0868 | val_acc=98.86% val_f1=0.9883 | test_acc=87.64% test_f1=0.8330
Epoch 053 | train_loss=0.0746 | val_acc=99.43% val_f1=0.9941 | test_acc=84.55% test_f1=0.7892
Epoch 054 | train_loss=0.0947 | val_acc=99.43% val_f1=0.9941 | test_acc=84.55% test_f1=0.7892
Epoch 055 | train_loss=0.0920 | val_acc=98.86% val_f1=0.9883 | test_acc=84.83% test_f1=0.7979
Epoch 056 | train_loss=0.0742 | val_acc=98.86% val_f1=0.9883 | test_acc=84.27% test_f1=0.7874
Epoch 057 | train_loss=0.0743 | val_acc=99.43% val_f1=0.9941 | test_acc=86.24% test_f1=0.8169
Epoch 058 | train_loss=0.0748 | val_acc=99.43% val_f1=0.9941 | test_acc=83.71% test_f1=0.7748
Epoch 059 | train_loss=0.0722 | val_acc=99.43% val_f1=0.9941 | test_acc=85.39% test_f1=0.8018
Epoch 060 | train_loss=0.0819 | val_acc=99.43% val_f1=0.9941 | test_acc=84.83% test_f1=0.7939
Epoch 061 | train_loss=0.0878 | val_acc=99.43% val_f1=0.9941 | test_acc=83.99% test_f1=0.7827
Epoch 062 | train_loss=0.0740 | val_acc=99.43% val_f1=0.9941 | test_acc=86.52% test_f1=0.8202
Epoch 063 | train_loss=0.0815 | val_acc=99.43% val_f1=0.9941 | test_acc=87.08% test_f1=0.8303
Epoch 064 | train_loss=0.0764 | val_acc=99.43% val_f1=0.9941 | test_acc=86.80% test_f1=0.8270
Epoch 065 | train_loss=0.0772 | val_acc=99.43% val_f1=0.9941 | test_acc=86.80% test_f1=0.8259
Epoch 066 | train_loss=0.0912 | val_acc=99.43% val_f1=0.9941 | test_acc=85.11% test_f1=0.8025
Epoch 067 | train_loss=0.0743 | val_acc=98.86% val_f1=0.9883 | test_acc=83.43% test_f1=0.7786
Early stopping at epoch 67 (best=51, score=0.994083)
================================================================================
Best epoch: 51
Best score (val_macro_f1): 0.994083
Final test accuracy: 86.24%
Saved to: ablation_experiments/h1/results/comparison_18d_baselines/inception/inception_weld_seam_windows_ws5_tf75_pg0_h1_oc24_blk3_bn32_do0.2_ep80_lr0.0001_wd0.0005_bs128_seed183
================================================================================
Comparison baseline | model=inception
================================================================================
Dataset: /home/huang_kai/wind_turbine_phm/PHOENIX-main/autoencoder_benchmark/Data/processed_data/weld_seam_windows_ws5_tf75_pg0_h1.npz
Device: cuda
Train/Val/Test: 990 / 175 / 356
Epoch 001 | train_loss=1.2254 | val_acc=28.57% val_f1=0.1932 | test_acc=25.28% test_f1=0.1860
Epoch 002 | train_loss=1.0759 | val_acc=38.29% val_f1=0.3705 | test_acc=32.02% test_f1=0.3318
Epoch 003 | train_loss=0.9890 | val_acc=57.14% val_f1=0.5688 | test_acc=45.51% test_f1=0.4923
Epoch 004 | train_loss=0.9121 | val_acc=74.29% val_f1=0.7248 | test_acc=50.56% test_f1=0.5489
Epoch 005 | train_loss=0.8448 | val_acc=78.29% val_f1=0.7704 | test_acc=60.67% test_f1=0.6426
Epoch 006 | train_loss=0.7737 | val_acc=84.00% val_f1=0.8245 | test_acc=70.51% test_f1=0.7253
Epoch 007 | train_loss=0.7165 | val_acc=85.71% val_f1=0.8392 | test_acc=74.72% test_f1=0.7583
Epoch 008 | train_loss=0.6412 | val_acc=88.57% val_f1=0.8644 | test_acc=77.53% test_f1=0.7807
Epoch 009 | train_loss=0.6014 | val_acc=89.14% val_f1=0.8725 | test_acc=79.21% test_f1=0.7984
Epoch 010 | train_loss=0.5344 | val_acc=89.14% val_f1=0.8725 | test_acc=80.90% test_f1=0.8109
Epoch 011 | train_loss=0.5178 | val_acc=89.14% val_f1=0.8753 | test_acc=81.18% test_f1=0.8130
Epoch 012 | train_loss=0.4715 | val_acc=89.71% val_f1=0.8833 | test_acc=85.11% test_f1=0.8452
Epoch 013 | train_loss=0.4465 | val_acc=90.29% val_f1=0.8913 | test_acc=86.80% test_f1=0.8572
Epoch 014 | train_loss=0.4174 | val_acc=93.14% val_f1=0.9260 | test_acc=87.36% test_f1=0.8579
Epoch 015 | train_loss=0.3787 | val_acc=93.14% val_f1=0.9287 | test_acc=86.52% test_f1=0.8450
Epoch 016 | train_loss=0.3428 | val_acc=93.71% val_f1=0.9340 | test_acc=87.64% test_f1=0.8535
Epoch 017 | train_loss=0.3145 | val_acc=94.86% val_f1=0.9446 | test_acc=87.36% test_f1=0.8505
Epoch 018 | train_loss=0.2976 | val_acc=96.00% val_f1=0.9580 | test_acc=88.20% test_f1=0.8535
Epoch 019 | train_loss=0.2911 | val_acc=97.14% val_f1=0.9715 | test_acc=87.92% test_f1=0.8472
Epoch 020 | train_loss=0.2825 | val_acc=97.14% val_f1=0.9715 | test_acc=87.92% test_f1=0.8464
Epoch 021 | train_loss=0.2477 | val_acc=96.57% val_f1=0.9660 | test_acc=87.64% test_f1=0.8399
Epoch 022 | train_loss=0.2624 | val_acc=98.29% val_f1=0.9827 | test_acc=87.36% test_f1=0.8373
Epoch 023 | train_loss=0.2368 | val_acc=98.29% val_f1=0.9827 | test_acc=88.20% test_f1=0.8420
Epoch 024 | train_loss=0.2261 | val_acc=98.29% val_f1=0.9827 | test_acc=87.64% test_f1=0.8343
Epoch 025 | train_loss=0.1955 | val_acc=97.71% val_f1=0.9771 | test_acc=86.24% test_f1=0.8218
Epoch 026 | train_loss=0.1937 | val_acc=97.14% val_f1=0.9715 | test_acc=86.52% test_f1=0.8262
Epoch 027 | train_loss=0.1793 | val_acc=98.29% val_f1=0.9827 | test_acc=86.52% test_f1=0.8217
Epoch 028 | train_loss=0.1851 | val_acc=97.14% val_f1=0.9715 | test_acc=85.96% test_f1=0.8173
Epoch 029 | train_loss=0.1807 | val_acc=98.86% val_f1=0.9886 | test_acc=87.08% test_f1=0.8253
Epoch 030 | train_loss=0.1639 | val_acc=99.43% val_f1=0.9943 | test_acc=85.39% test_f1=0.7988
Epoch 031 | train_loss=0.1689 | val_acc=99.43% val_f1=0.9943 | test_acc=84.55% test_f1=0.7843
Epoch 032 | train_loss=0.1549 | val_acc=99.43% val_f1=0.9943 | test_acc=86.80% test_f1=0.8207
Epoch 033 | train_loss=0.1326 | val_acc=98.86% val_f1=0.9886 | test_acc=85.96% test_f1=0.8140
Epoch 034 | train_loss=0.1458 | val_acc=98.86% val_f1=0.9886 | test_acc=86.24% test_f1=0.8162
Epoch 035 | train_loss=0.1549 | val_acc=97.71% val_f1=0.9771 | test_acc=86.52% test_f1=0.8253
Epoch 036 | train_loss=0.1232 | val_acc=99.43% val_f1=0.9943 | test_acc=85.39% test_f1=0.8038
Epoch 037 | train_loss=0.1328 | val_acc=99.43% val_f1=0.9943 | test_acc=83.99% test_f1=0.7796
Epoch 038 | train_loss=0.1225 | val_acc=100.00% val_f1=1.0000 | test_acc=83.43% test_f1=0.7699
Epoch 039 | train_loss=0.1207 | val_acc=100.00% val_f1=1.0000 | test_acc=84.27% test_f1=0.7844
Epoch 040 | train_loss=0.1155 | val_acc=100.00% val_f1=1.0000 | test_acc=85.67% test_f1=0.8078
Epoch 041 | train_loss=0.1175 | val_acc=100.00% val_f1=1.0000 | test_acc=85.67% test_f1=0.8078
Epoch 042 | train_loss=0.1074 | val_acc=100.00% val_f1=1.0000 | test_acc=85.11% test_f1=0.8010
Epoch 043 | train_loss=0.1020 | val_acc=100.00% val_f1=1.0000 | test_acc=84.83% test_f1=0.7978
Epoch 044 | train_loss=0.1225 | val_acc=100.00% val_f1=1.0000 | test_acc=84.55% test_f1=0.7933
Epoch 045 | train_loss=0.1022 | val_acc=99.43% val_f1=0.9943 | test_acc=84.83% test_f1=0.7988
Epoch 046 | train_loss=0.1058 | val_acc=100.00% val_f1=1.0000 | test_acc=83.71% test_f1=0.7775
Epoch 047 | train_loss=0.1014 | val_acc=100.00% val_f1=1.0000 | test_acc=83.15% test_f1=0.7683
Epoch 048 | train_loss=0.0998 | val_acc=99.43% val_f1=0.9943 | test_acc=84.27% test_f1=0.7896
Epoch 049 | train_loss=0.0884 | val_acc=99.43% val_f1=0.9943 | test_acc=84.55% test_f1=0.7967
Epoch 050 | train_loss=0.0888 | val_acc=100.00% val_f1=1.0000 | test_acc=84.27% test_f1=0.7870
Epoch 051 | train_loss=0.0913 | val_acc=100.00% val_f1=1.0000 | test_acc=81.46% test_f1=0.7456
Epoch 052 | train_loss=0.0818 | val_acc=100.00% val_f1=1.0000 | test_acc=82.87% test_f1=0.7646
Epoch 053 | train_loss=0.0964 | val_acc=100.00% val_f1=1.0000 | test_acc=84.55% test_f1=0.7907
Epoch 054 | train_loss=0.0875 | val_acc=100.00% val_f1=1.0000 | test_acc=83.43% test_f1=0.7716
Early stopping at epoch 54 (best=38, score=1.000000)
================================================================================
Best epoch: 38
Best score (val_macro_f1): 1.000000
Final test accuracy: 83.43%
Saved to: ablation_experiments/h1/results/comparison_18d_baselines/inception/inception_weld_seam_windows_ws5_tf75_pg0_h1_oc16_blk3_bn32_do0.2_ep80_lr0.0001_wd0.0001_bs128_seed77
================================================================================
Comparison baseline | model=inception
================================================================================
Dataset: /home/huang_kai/wind_turbine_phm/PHOENIX-main/autoencoder_benchmark/Data/processed_data/weld_seam_windows_ws5_tf75_pg0_h1.npz
Device: cuda
Train/Val/Test: 990 / 175 / 356
Epoch 001 | train_loss=1.0856 | val_acc=63.43% val_f1=0.4729 | test_acc=70.79% test_f1=0.5192
Epoch 002 | train_loss=0.9275 | val_acc=68.57% val_f1=0.5053 | test_acc=75.00% test_f1=0.5470
Epoch 003 | train_loss=0.8216 | val_acc=86.29% val_f1=0.8010 | test_acc=87.36% test_f1=0.8146
Epoch 004 | train_loss=0.7050 | val_acc=88.00% val_f1=0.8429 | test_acc=94.38% test_f1=0.9354
Epoch 005 | train_loss=0.6075 | val_acc=91.43% val_f1=0.8905 | test_acc=96.35% test_f1=0.9599
Epoch 006 | train_loss=0.5045 | val_acc=91.43% val_f1=0.8964 | test_acc=94.38% test_f1=0.9298
Epoch 007 | train_loss=0.4386 | val_acc=95.43% val_f1=0.9505 | test_acc=91.29% test_f1=0.8877
Epoch 008 | train_loss=0.3509 | val_acc=94.86% val_f1=0.9479 | test_acc=92.70% test_f1=0.9044
Epoch 009 | train_loss=0.2956 | val_acc=96.00% val_f1=0.9613 | test_acc=92.13% test_f1=0.8982
Epoch 010 | train_loss=0.2540 | val_acc=94.86% val_f1=0.9462 | test_acc=91.01% test_f1=0.8810
Epoch 011 | train_loss=0.2088 | val_acc=96.57% val_f1=0.9644 | test_acc=89.33% test_f1=0.8559
Epoch 012 | train_loss=0.1697 | val_acc=97.14% val_f1=0.9697 | test_acc=88.76% test_f1=0.8454
Epoch 013 | train_loss=0.1648 | val_acc=96.57% val_f1=0.9644 | test_acc=88.48% test_f1=0.8408
Epoch 014 | train_loss=0.1374 | val_acc=97.14% val_f1=0.9697 | test_acc=87.64% test_f1=0.8301
Epoch 015 | train_loss=0.1354 | val_acc=97.71% val_f1=0.9752 | test_acc=84.55% test_f1=0.7920
Epoch 016 | train_loss=0.1069 | val_acc=97.71% val_f1=0.9752 | test_acc=81.46% test_f1=0.7402
Epoch 017 | train_loss=0.0791 | val_acc=98.29% val_f1=0.9807 | test_acc=79.49% test_f1=0.7075
Epoch 018 | train_loss=0.0790 | val_acc=98.86% val_f1=0.9861 | test_acc=79.78% test_f1=0.7247
Epoch 019 | train_loss=0.0822 | val_acc=99.43% val_f1=0.9919 | test_acc=81.18% test_f1=0.7449
Epoch 020 | train_loss=0.0680 | val_acc=99.43% val_f1=0.9919 | test_acc=83.43% test_f1=0.7809
Epoch 021 | train_loss=0.0643 | val_acc=99.43% val_f1=0.9919 | test_acc=82.30% test_f1=0.7599
Epoch 022 | train_loss=0.0647 | val_acc=98.86% val_f1=0.9862 | test_acc=80.06% test_f1=0.7174
Epoch 023 | train_loss=0.0507 | val_acc=99.43% val_f1=0.9919 | test_acc=78.65% test_f1=0.6996
Epoch 024 | train_loss=0.0519 | val_acc=99.43% val_f1=0.9919 | test_acc=78.65% test_f1=0.7029
Epoch 025 | train_loss=0.0504 | val_acc=99.43% val_f1=0.9919 | test_acc=79.21% test_f1=0.7115
Epoch 026 | train_loss=0.0390 | val_acc=99.43% val_f1=0.9919 | test_acc=78.65% test_f1=0.7080
Epoch 027 | train_loss=0.0333 | val_acc=99.43% val_f1=0.9919 | test_acc=75.56% test_f1=0.6535
Epoch 028 | train_loss=0.0360 | val_acc=99.43% val_f1=0.9919 | test_acc=75.00% test_f1=0.6466
Epoch 029 | train_loss=0.0308 | val_acc=99.43% val_f1=0.9919 | test_acc=78.65% test_f1=0.7133
Epoch 030 | train_loss=0.0419 | val_acc=99.43% val_f1=0.9919 | test_acc=80.34% test_f1=0.7393
Epoch 031 | train_loss=0.0313 | val_acc=99.43% val_f1=0.9919 | test_acc=79.78% test_f1=0.7248
Epoch 032 | train_loss=0.0302 | val_acc=99.43% val_f1=0.9919 | test_acc=78.09% test_f1=0.7037
Epoch 033 | train_loss=0.0250 | val_acc=99.43% val_f1=0.9919 | test_acc=76.97% test_f1=0.6838
Epoch 034 | train_loss=0.0202 | val_acc=99.43% val_f1=0.9919 | test_acc=77.81% test_f1=0.6974
Epoch 035 | train_loss=0.0212 | val_acc=99.43% val_f1=0.9919 | test_acc=78.09% test_f1=0.7024
Early stopping at epoch 35 (best=19, score=0.991859)
================================================================================
Best epoch: 19
Best score (val_macro_f1): 0.991859
Final test accuracy: 81.18%
Saved to: ablation_experiments/h1/results/comparison_18d_baselines/inception/inception_weld_seam_windows_ws5_tf75_pg0_h1_oc16_blk3_bn32_do0.1_ep80_lr0.0002_wd1e-05_bs128_seed14
================================================================================
Comparison baseline | model=inception
================================================================================
Dataset: /home/huang_kai/wind_turbine_phm/PHOENIX-main/autoencoder_benchmark/Data/processed_data/weld_seam_windows_ws5_tf75_pg0_h1.npz
Device: cuda
Train/Val/Test: 990 / 175 / 356
Epoch 001 | train_loss=1.1686 | val_acc=46.86% val_f1=0.4277 | test_acc=72.47% test_f1=0.5322
Epoch 002 | train_loss=1.0956 | val_acc=52.57% val_f1=0.5606 | test_acc=78.65% test_f1=0.7891
Epoch 003 | train_loss=1.0141 | val_acc=46.29% val_f1=0.4910 | test_acc=74.72% test_f1=0.7660
Epoch 004 | train_loss=0.9547 | val_acc=47.43% val_f1=0.5013 | test_acc=68.26% test_f1=0.7187
Epoch 005 | train_loss=0.9224 | val_acc=50.86% val_f1=0.5419 | test_acc=72.47% test_f1=0.7542
Epoch 006 | train_loss=0.8540 | val_acc=60.00% val_f1=0.6417 | test_acc=76.12% test_f1=0.7774
Epoch 007 | train_loss=0.7805 | val_acc=72.00% val_f1=0.7519 | test_acc=79.21% test_f1=0.7876
Epoch 008 | train_loss=0.7338 | val_acc=77.14% val_f1=0.7975 | test_acc=82.58% test_f1=0.8165
Epoch 009 | train_loss=0.6896 | val_acc=80.00% val_f1=0.8211 | test_acc=83.71% test_f1=0.8172
Epoch 010 | train_loss=0.6193 | val_acc=81.71% val_f1=0.8351 | test_acc=85.96% test_f1=0.8322
Epoch 011 | train_loss=0.5896 | val_acc=85.71% val_f1=0.8699 | test_acc=87.64% test_f1=0.8424
Epoch 012 | train_loss=0.5100 | val_acc=87.43% val_f1=0.8842 | test_acc=87.92% test_f1=0.8376
Epoch 013 | train_loss=0.4766 | val_acc=89.71% val_f1=0.9034 | test_acc=87.64% test_f1=0.8233
Epoch 014 | train_loss=0.4457 | val_acc=89.71% val_f1=0.9034 | test_acc=87.36% test_f1=0.8211
Epoch 015 | train_loss=0.4141 | val_acc=90.86% val_f1=0.9132 | test_acc=89.04% test_f1=0.8420
Epoch 016 | train_loss=0.3491 | val_acc=90.86% val_f1=0.9132 | test_acc=87.36% test_f1=0.8121
Epoch 017 | train_loss=0.3129 | val_acc=91.43% val_f1=0.9181 | test_acc=85.11% test_f1=0.7701
Epoch 018 | train_loss=0.2767 | val_acc=91.43% val_f1=0.9181 | test_acc=85.67% test_f1=0.7777
Epoch 019 | train_loss=0.2587 | val_acc=91.43% val_f1=0.9181 | test_acc=87.36% test_f1=0.8121
Epoch 020 | train_loss=0.2439 | val_acc=92.57% val_f1=0.9281 | test_acc=86.80% test_f1=0.7958
Epoch 021 | train_loss=0.2276 | val_acc=92.00% val_f1=0.9231 | test_acc=88.76% test_f1=0.8293
Epoch 022 | train_loss=0.1944 | val_acc=93.71% val_f1=0.9382 | test_acc=87.36% test_f1=0.8062
Epoch 023 | train_loss=0.1790 | val_acc=95.43% val_f1=0.9538 | test_acc=85.39% test_f1=0.7790
Epoch 024 | train_loss=0.1689 | val_acc=96.00% val_f1=0.9613 | test_acc=85.96% test_f1=0.7848
Epoch 025 | train_loss=0.1505 | val_acc=96.00% val_f1=0.9613 | test_acc=84.83% test_f1=0.7707
Epoch 026 | train_loss=0.1548 | val_acc=96.00% val_f1=0.9613 | test_acc=85.39% test_f1=0.7813
Epoch 027 | train_loss=0.1553 | val_acc=96.00% val_f1=0.9613 | test_acc=82.30% test_f1=0.7340
Epoch 028 | train_loss=0.1209 | val_acc=96.00% val_f1=0.9613 | test_acc=83.71% test_f1=0.7514
Epoch 029 | train_loss=0.1095 | val_acc=97.71% val_f1=0.9775 | test_acc=84.27% test_f1=0.7737
Epoch 030 | train_loss=0.1126 | val_acc=96.00% val_f1=0.9613 | test_acc=85.11% test_f1=0.7784
Epoch 031 | train_loss=0.1108 | val_acc=96.57% val_f1=0.9667 | test_acc=82.87% test_f1=0.7475
Epoch 032 | train_loss=0.1030 | val_acc=96.57% val_f1=0.9667 | test_acc=85.11% test_f1=0.7806
Epoch 033 | train_loss=0.0815 | val_acc=96.57% val_f1=0.9667 | test_acc=85.67% test_f1=0.7909
Epoch 034 | train_loss=0.0857 | val_acc=96.57% val_f1=0.9667 | test_acc=86.52% test_f1=0.7997
Epoch 035 | train_loss=0.0875 | val_acc=97.71% val_f1=0.9775 | test_acc=83.43% test_f1=0.7603
Epoch 036 | train_loss=0.0779 | val_acc=97.71% val_f1=0.9775 | test_acc=83.15% test_f1=0.7551
Epoch 037 | train_loss=0.0762 | val_acc=97.71% val_f1=0.9775 | test_acc=84.55% test_f1=0.7788
Epoch 038 | train_loss=0.0691 | val_acc=97.71% val_f1=0.9775 | test_acc=84.27% test_f1=0.7757
Epoch 039 | train_loss=0.0673 | val_acc=98.86% val_f1=0.9886 | test_acc=81.74% test_f1=0.7279
Epoch 040 | train_loss=0.0641 | val_acc=98.86% val_f1=0.9886 | test_acc=81.74% test_f1=0.7279
Epoch 041 | train_loss=0.0726 | val_acc=98.86% val_f1=0.9886 | test_acc=82.30% test_f1=0.7365
Epoch 042 | train_loss=0.0734 | val_acc=98.86% val_f1=0.9886 | test_acc=83.71% test_f1=0.7634
Epoch 043 | train_loss=0.0491 | val_acc=98.29% val_f1=0.9830 | test_acc=83.71% test_f1=0.7634
Epoch 044 | train_loss=0.0522 | val_acc=98.86% val_f1=0.9886 | test_acc=84.27% test_f1=0.7757
Epoch 045 | train_loss=0.0738 | val_acc=99.43% val_f1=0.9943 | test_acc=82.02% test_f1=0.7405
Epoch 046 | train_loss=0.0735 | val_acc=98.86% val_f1=0.9886 | test_acc=82.02% test_f1=0.7335
Epoch 047 | train_loss=0.0632 | val_acc=98.86% val_f1=0.9886 | test_acc=84.27% test_f1=0.7737
Epoch 048 | train_loss=0.0807 | val_acc=98.29% val_f1=0.9830 | test_acc=85.67% test_f1=0.7967
Epoch 049 | train_loss=0.0490 | val_acc=98.86% val_f1=0.9886 | test_acc=83.15% test_f1=0.7528
Epoch 050 | train_loss=0.0480 | val_acc=99.43% val_f1=0.9943 | test_acc=79.21% test_f1=0.6924
Epoch 051 | train_loss=0.0483 | val_acc=98.86% val_f1=0.9886 | test_acc=82.87% test_f1=0.7498
Epoch 052 | train_loss=0.0549 | val_acc=98.86% val_f1=0.9886 | test_acc=80.90% test_f1=0.7108
Epoch 053 | train_loss=0.0539 | val_acc=98.86% val_f1=0.9886 | test_acc=83.15% test_f1=0.7551
Epoch 054 | train_loss=0.0510 | val_acc=99.43% val_f1=0.9943 | test_acc=81.46% test_f1=0.7223
Epoch 055 | train_loss=0.0425 | val_acc=98.86% val_f1=0.9886 | test_acc=82.58% test_f1=0.7395
Epoch 056 | train_loss=0.0541 | val_acc=98.86% val_f1=0.9886 | test_acc=84.27% test_f1=0.7757
Epoch 057 | train_loss=0.0480 | val_acc=98.86% val_f1=0.9886 | test_acc=84.55% test_f1=0.7788
Epoch 058 | train_loss=0.0423 | val_acc=98.86% val_f1=0.9886 | test_acc=83.43% test_f1=0.7603
Epoch 059 | train_loss=0.0429 | val_acc=98.86% val_f1=0.9886 | test_acc=84.55% test_f1=0.7767
Epoch 060 | train_loss=0.0502 | val_acc=97.71% val_f1=0.9775 | test_acc=84.83% test_f1=0.7818
Epoch 061 | train_loss=0.0474 | val_acc=97.71% val_f1=0.9775 | test_acc=83.99% test_f1=0.7664
Early stopping at epoch 61 (best=45, score=0.994277)
================================================================================
Best epoch: 45
Best score (val_macro_f1): 0.994277
Final test accuracy: 82.02%
Saved to: ablation_experiments/h1/results/comparison_18d_baselines/inception/inception_weld_seam_windows_ws5_tf75_pg0_h1_oc24_blk9_bn32_do0.2_ep80_lr0.0001_wd1e-05_bs128_seed42
================================================================================
Comparison baseline | model=inception
================================================================================
Dataset: /home/huang_kai/wind_turbine_phm/PHOENIX-main/autoencoder_benchmark/Data/processed_data/weld_seam_windows_ws5_tf75_pg0_h1.npz
Device: cuda
Train/Val/Test: 990 / 175 / 356
Epoch 001 | train_loss=1.1812 | val_acc=50.29% val_f1=0.4401 | test_acc=44.66% test_f1=0.3495
Epoch 002 | train_loss=0.9551 | val_acc=42.29% val_f1=0.4357 | test_acc=43.26% test_f1=0.4538
Epoch 003 | train_loss=0.8034 | val_acc=47.43% val_f1=0.4942 | test_acc=41.01% test_f1=0.4452
Epoch 004 | train_loss=0.6836 | val_acc=50.29% val_f1=0.5316 | test_acc=41.01% test_f1=0.4492
Epoch 005 | train_loss=0.6033 | val_acc=60.57% val_f1=0.6474 | test_acc=50.56% test_f1=0.5523
Epoch 006 | train_loss=0.4616 | val_acc=85.14% val_f1=0.8653 | test_acc=80.34% test_f1=0.7705
Epoch 007 | train_loss=0.3893 | val_acc=88.57% val_f1=0.8957 | test_acc=86.24% test_f1=0.8021
Epoch 008 | train_loss=0.3450 | val_acc=93.14% val_f1=0.9353 | test_acc=86.52% test_f1=0.7998
Epoch 009 | train_loss=0.2872 | val_acc=95.43% val_f1=0.9560 | test_acc=83.15% test_f1=0.7250
Epoch 010 | train_loss=0.2414 | val_acc=96.00% val_f1=0.9613 | test_acc=84.83% test_f1=0.7657
Epoch 011 | train_loss=0.1901 | val_acc=96.00% val_f1=0.9613 | test_acc=82.87% test_f1=0.7315
Epoch 012 | train_loss=0.1825 | val_acc=96.00% val_f1=0.9613 | test_acc=80.90% test_f1=0.6885
Epoch 013 | train_loss=0.1510 | val_acc=96.57% val_f1=0.9667 | test_acc=80.62% test_f1=0.6925
Epoch 014 | train_loss=0.1207 | val_acc=96.57% val_f1=0.9667 | test_acc=80.06% test_f1=0.6899
Epoch 015 | train_loss=0.1102 | val_acc=96.57% val_f1=0.9667 | test_acc=81.18% test_f1=0.7049
Epoch 016 | train_loss=0.0752 | val_acc=96.57% val_f1=0.9667 | test_acc=80.34% test_f1=0.6896
Epoch 017 | train_loss=0.0806 | val_acc=97.14% val_f1=0.9721 | test_acc=79.21% test_f1=0.6777
Epoch 018 | train_loss=0.0619 | val_acc=96.57% val_f1=0.9667 | test_acc=80.90% test_f1=0.7019
Epoch 019 | train_loss=0.0668 | val_acc=98.29% val_f1=0.9830 | test_acc=77.81% test_f1=0.6453
Epoch 020 | train_loss=0.0579 | val_acc=100.00% val_f1=1.0000 | test_acc=75.28% test_f1=0.6064
Epoch 021 | train_loss=0.0452 | val_acc=100.00% val_f1=1.0000 | test_acc=75.00% test_f1=0.6180
Epoch 022 | train_loss=0.0465 | val_acc=100.00% val_f1=1.0000 | test_acc=80.62% test_f1=0.7105
Epoch 023 | train_loss=0.0589 | val_acc=100.00% val_f1=1.0000 | test_acc=79.49% test_f1=0.6899
Epoch 024 | train_loss=0.0408 | val_acc=100.00% val_f1=1.0000 | test_acc=73.88% test_f1=0.5869
Epoch 025 | train_loss=0.0358 | val_acc=100.00% val_f1=1.0000 | test_acc=78.93% test_f1=0.6838
Epoch 026 | train_loss=0.0278 | val_acc=100.00% val_f1=1.0000 | test_acc=78.65% test_f1=0.6834
Epoch 027 | train_loss=0.0217 | val_acc=100.00% val_f1=1.0000 | test_acc=77.53% test_f1=0.6529
Epoch 028 | train_loss=0.0216 | val_acc=100.00% val_f1=1.0000 | test_acc=78.93% test_f1=0.6866
Epoch 029 | train_loss=0.0211 | val_acc=100.00% val_f1=1.0000 | test_acc=77.25% test_f1=0.6592
Epoch 030 | train_loss=0.0146 | val_acc=100.00% val_f1=1.0000 | test_acc=74.72% test_f1=0.6242
Epoch 031 | train_loss=0.0294 | val_acc=100.00% val_f1=1.0000 | test_acc=72.75% test_f1=0.5817
Epoch 032 | train_loss=0.0209 | val_acc=100.00% val_f1=1.0000 | test_acc=76.69% test_f1=0.6678
Epoch 033 | train_loss=0.0202 | val_acc=100.00% val_f1=1.0000 | test_acc=83.43% test_f1=0.7727
Epoch 034 | train_loss=0.0190 | val_acc=100.00% val_f1=1.0000 | test_acc=81.18% test_f1=0.7254
Epoch 035 | train_loss=0.0164 | val_acc=100.00% val_f1=1.0000 | test_acc=77.81% test_f1=0.6752
Epoch 036 | train_loss=0.0210 | val_acc=100.00% val_f1=1.0000 | test_acc=78.09% test_f1=0.6691
Early stopping at epoch 36 (best=20, score=1.000000)
================================================================================
Best epoch: 20
Best score (val_macro_f1): 1.000000
Final test accuracy: 75.28%
Saved to: ablation_experiments/h1/results/comparison_18d_baselines/inception/inception_weld_seam_windows_ws5_tf75_pg0_h1_oc24_blk9_bn16_do0.2_ep80_lr0.0002_wd0.0002_bs128_seed77
================================================================================
Comparison baseline | model=inception
================================================================================
Dataset: /home/huang_kai/wind_turbine_phm/PHOENIX-main/autoencoder_benchmark/Data/processed_data/weld_seam_windows_ws5_tf75_pg0_h1.npz
Device: cuda
Train/Val/Test: 990 / 175 / 356
Epoch 001 | train_loss=1.2080 | val_acc=22.86% val_f1=0.1240 | test_acc=21.91% test_f1=0.1198
Epoch 002 | train_loss=0.9696 | val_acc=30.86% val_f1=0.2709 | test_acc=37.36% test_f1=0.3511
Epoch 003 | train_loss=0.8521 | val_acc=57.14% val_f1=0.6069 | test_acc=64.33% test_f1=0.6862
Epoch 004 | train_loss=0.6868 | val_acc=77.14% val_f1=0.7870 | test_acc=80.34% test_f1=0.8154
Epoch 005 | train_loss=0.5955 | val_acc=90.29% val_f1=0.8972 | test_acc=92.13% test_f1=0.9036
Epoch 006 | train_loss=0.4520 | val_acc=92.57% val_f1=0.9206 | test_acc=91.85% test_f1=0.8861
Epoch 007 | train_loss=0.3437 | val_acc=92.00% val_f1=0.9131 | test_acc=92.13% test_f1=0.8884
Epoch 008 | train_loss=0.2825 | val_acc=93.14% val_f1=0.9298 | test_acc=92.13% test_f1=0.8889
Epoch 009 | train_loss=0.2086 | val_acc=94.86% val_f1=0.9453 | test_acc=91.29% test_f1=0.8755
Epoch 010 | train_loss=0.1586 | val_acc=96.00% val_f1=0.9559 | test_acc=89.04% test_f1=0.8401
Epoch 011 | train_loss=0.1123 | val_acc=97.71% val_f1=0.9727 | test_acc=87.36% test_f1=0.8163
Epoch 012 | train_loss=0.1059 | val_acc=98.29% val_f1=0.9782 | test_acc=87.08% test_f1=0.8135
Epoch 013 | train_loss=0.0636 | val_acc=99.43% val_f1=0.9943 | test_acc=87.08% test_f1=0.8155
Epoch 014 | train_loss=0.0717 | val_acc=99.43% val_f1=0.9943 | test_acc=87.92% test_f1=0.8318
Epoch 015 | train_loss=0.0541 | val_acc=99.43% val_f1=0.9943 | test_acc=81.46% test_f1=0.7187
Epoch 016 | train_loss=0.0441 | val_acc=99.43% val_f1=0.9943 | test_acc=82.58% test_f1=0.7388
Epoch 017 | train_loss=0.0699 | val_acc=100.00% val_f1=1.0000 | test_acc=84.83% test_f1=0.7827
Epoch 018 | train_loss=0.0402 | val_acc=100.00% val_f1=1.0000 | test_acc=88.20% test_f1=0.8406
Epoch 019 | train_loss=0.0337 | val_acc=100.00% val_f1=1.0000 | test_acc=89.04% test_f1=0.8510
Epoch 020 | train_loss=0.0467 | val_acc=98.86% val_f1=0.9886 | test_acc=90.45% test_f1=0.8718
Epoch 021 | train_loss=0.0268 | val_acc=99.43% val_f1=0.9919 | test_acc=83.15% test_f1=0.7526
Epoch 022 | train_loss=0.0460 | val_acc=99.43% val_f1=0.9919 | test_acc=78.09% test_f1=0.6323
Epoch 023 | train_loss=0.0240 | val_acc=100.00% val_f1=1.0000 | test_acc=79.49% test_f1=0.6715
Epoch 024 | train_loss=0.0454 | val_acc=100.00% val_f1=1.0000 | test_acc=87.36% test_f1=0.8249
Epoch 025 | train_loss=0.0201 | val_acc=100.00% val_f1=1.0000 | test_acc=85.39% test_f1=0.8026
Epoch 026 | train_loss=0.0247 | val_acc=100.00% val_f1=1.0000 | test_acc=83.43% test_f1=0.7786
Epoch 027 | train_loss=0.0193 | val_acc=100.00% val_f1=1.0000 | test_acc=80.06% test_f1=0.7161
Epoch 028 | train_loss=0.0130 | val_acc=100.00% val_f1=1.0000 | test_acc=82.30% test_f1=0.7519
Epoch 029 | train_loss=0.0166 | val_acc=100.00% val_f1=1.0000 | test_acc=83.15% test_f1=0.7673
Epoch 030 | train_loss=0.0160 | val_acc=100.00% val_f1=1.0000 | test_acc=85.67% test_f1=0.8073
Epoch 031 | train_loss=0.0150 | val_acc=100.00% val_f1=1.0000 | test_acc=82.02% test_f1=0.7489
Epoch 032 | train_loss=0.0181 | val_acc=100.00% val_f1=1.0000 | test_acc=81.46% test_f1=0.7429
Epoch 033 | train_loss=0.0114 | val_acc=100.00% val_f1=1.0000 | test_acc=84.27% test_f1=0.7791
Early stopping at epoch 33 (best=17, score=1.000000)
================================================================================
Best epoch: 17
Best score (val_macro_f1): 1.000000
Final test accuracy: 84.83%
Saved to: ablation_experiments/h1/results/comparison_18d_baselines/inception/inception_weld_seam_windows_ws5_tf75_pg0_h1_oc24_blk9_bn32_do0.2_ep80_lr0.0003_wd0.0001_bs128_seed122
================================================================================
Comparison baseline | model=inception
================================================================================
Dataset: /home/huang_kai/wind_turbine_phm/PHOENIX-main/autoencoder_benchmark/Data/processed_data/weld_seam_windows_ws5_tf75_pg0_h1.npz
Device: cuda
Train/Val/Test: 990 / 175 / 356
Epoch 001 | train_loss=0.9112 | val_acc=30.86% val_f1=0.2770 | test_acc=40.45% test_f1=0.3398
Epoch 002 | train_loss=0.4555 | val_acc=88.00% val_f1=0.8815 | test_acc=87.92% test_f1=0.8591
Epoch 003 | train_loss=0.2056 | val_acc=94.29% val_f1=0.9456 | test_acc=92.42% test_f1=0.8854
Epoch 004 | train_loss=0.1210 | val_acc=97.14% val_f1=0.9721 | test_acc=92.98% test_f1=0.8977
Epoch 005 | train_loss=0.0513 | val_acc=100.00% val_f1=1.0000 | test_acc=83.15% test_f1=0.7514
Epoch 006 | train_loss=0.0296 | val_acc=100.00% val_f1=1.0000 | test_acc=83.99% test_f1=0.7775
Epoch 007 | train_loss=0.0149 | val_acc=100.00% val_f1=1.0000 | test_acc=85.11% test_f1=0.8123
Epoch 008 | train_loss=0.0126 | val_acc=100.00% val_f1=1.0000 | test_acc=83.99% test_f1=0.7968
Epoch 009 | train_loss=0.0083 | val_acc=100.00% val_f1=1.0000 | test_acc=74.16% test_f1=0.6588
Epoch 010 | train_loss=0.0068 | val_acc=100.00% val_f1=1.0000 | test_acc=72.75% test_f1=0.6363
Epoch 011 | train_loss=0.0051 | val_acc=100.00% val_f1=1.0000 | test_acc=76.12% test_f1=0.6894
Epoch 012 | train_loss=0.0054 | val_acc=100.00% val_f1=1.0000 | test_acc=81.46% test_f1=0.7630
Epoch 013 | train_loss=0.0034 | val_acc=100.00% val_f1=1.0000 | test_acc=78.65% test_f1=0.7219
Epoch 014 | train_loss=0.0070 | val_acc=100.00% val_f1=1.0000 | test_acc=72.75% test_f1=0.6214
Epoch 015 | train_loss=0.0088 | val_acc=100.00% val_f1=1.0000 | test_acc=73.03% test_f1=0.6242
Epoch 016 | train_loss=0.0046 | val_acc=100.00% val_f1=1.0000 | test_acc=82.02% test_f1=0.7705
Epoch 017 | train_loss=0.0087 | val_acc=100.00% val_f1=1.0000 | test_acc=78.93% test_f1=0.7340
Epoch 018 | train_loss=0.0047 | val_acc=100.00% val_f1=1.0000 | test_acc=75.56% test_f1=0.6849
Epoch 019 | train_loss=0.0025 | val_acc=100.00% val_f1=1.0000 | test_acc=76.69% test_f1=0.7015
Epoch 020 | train_loss=0.0031 | val_acc=100.00% val_f1=1.0000 | test_acc=73.03% test_f1=0.6467
Epoch 021 | train_loss=0.0014 | val_acc=100.00% val_f1=1.0000 | test_acc=71.91% test_f1=0.6294
Early stopping at epoch 21 (best=5, score=1.000000)
================================================================================
Best epoch: 5
Best score (val_macro_f1): 1.000000
Final test accuracy: 83.15%
Saved to: ablation_experiments/h1/results/comparison_18d_baselines/inception/inception_weld_seam_windows_ws5_tf75_pg0_h1_oc32_blk9_bn32_do0.2_ep80_lr0.0005_wd0.0001_bs128_seed183
================================================================================
Comparison baseline | model=inception
================================================================================
Dataset: /home/huang_kai/wind_turbine_phm/PHOENIX-main/autoencoder_benchmark/Data/processed_data/weld_seam_windows_ws5_tf75_pg0_h1.npz
Device: cuda
Train/Val/Test: 990 / 175 / 356
Epoch 001 | train_loss=1.1496 | val_acc=32.00% val_f1=0.2857 | test_acc=27.81% test_f1=0.2606
Epoch 002 | train_loss=1.0123 | val_acc=45.71% val_f1=0.4791 | test_acc=41.57% test_f1=0.4514
Epoch 003 | train_loss=0.8575 | val_acc=52.00% val_f1=0.5473 | test_acc=40.17% test_f1=0.4382
Epoch 004 | train_loss=0.7963 | val_acc=68.00% val_f1=0.6918 | test_acc=54.78% test_f1=0.5942
Epoch 005 | train_loss=0.7310 | val_acc=82.86% val_f1=0.8180 | test_acc=85.11% test_f1=0.8352
Epoch 006 | train_loss=0.6387 | val_acc=85.71% val_f1=0.8396 | test_acc=93.82% test_f1=0.9137
Epoch 007 | train_loss=0.5382 | val_acc=86.86% val_f1=0.8494 | test_acc=93.54% test_f1=0.9095
Epoch 008 | train_loss=0.5000 | val_acc=89.71% val_f1=0.8849 | test_acc=92.98% test_f1=0.9007
Epoch 009 | train_loss=0.4497 | val_acc=90.29% val_f1=0.8930 | test_acc=91.85% test_f1=0.8813
Epoch 010 | train_loss=0.4421 | val_acc=90.86% val_f1=0.9010 | test_acc=91.85% test_f1=0.8796
Epoch 011 | train_loss=0.3541 | val_acc=91.43% val_f1=0.9104 | test_acc=90.73% test_f1=0.8611
Epoch 012 | train_loss=0.3383 | val_acc=92.57% val_f1=0.9234 | test_acc=90.73% test_f1=0.8611
Epoch 013 | train_loss=0.3227 | val_acc=93.71% val_f1=0.9334 | test_acc=89.61% test_f1=0.8439
Epoch 014 | train_loss=0.2714 | val_acc=93.71% val_f1=0.9334 | test_acc=90.45% test_f1=0.8564
Epoch 015 | train_loss=0.2363 | val_acc=93.71% val_f1=0.9334 | test_acc=90.17% test_f1=0.8535
Epoch 016 | train_loss=0.2384 | val_acc=94.29% val_f1=0.9385 | test_acc=90.17% test_f1=0.8535
Epoch 017 | train_loss=0.2400 | val_acc=94.86% val_f1=0.9436 | test_acc=91.01% test_f1=0.8676
Epoch 018 | train_loss=0.1809 | val_acc=96.00% val_f1=0.9540 | test_acc=88.48% test_f1=0.8264
Epoch 019 | train_loss=0.1909 | val_acc=96.00% val_f1=0.9540 | test_acc=87.64% test_f1=0.8113
Epoch 020 | train_loss=0.1918 | val_acc=96.00% val_f1=0.9540 | test_acc=89.04% test_f1=0.8321
Epoch 021 | train_loss=0.1713 | val_acc=96.57% val_f1=0.9593 | test_acc=88.48% test_f1=0.8221
Epoch 022 | train_loss=0.1490 | val_acc=96.57% val_f1=0.9593 | test_acc=89.61% test_f1=0.8420
Epoch 023 | train_loss=0.1476 | val_acc=96.57% val_f1=0.9593 | test_acc=87.64% test_f1=0.8135
Epoch 024 | train_loss=0.1348 | val_acc=97.14% val_f1=0.9647 | test_acc=87.36% test_f1=0.8148
Epoch 025 | train_loss=0.1206 | val_acc=97.14% val_f1=0.9647 | test_acc=88.76% test_f1=0.8371
Epoch 026 | train_loss=0.1117 | val_acc=97.14% val_f1=0.9647 | test_acc=85.96% test_f1=0.7959
Epoch 027 | train_loss=0.1011 | val_acc=97.14% val_f1=0.9647 | test_acc=85.39% test_f1=0.7813
Epoch 028 | train_loss=0.1111 | val_acc=97.14% val_f1=0.9647 | test_acc=87.08% test_f1=0.8077
Epoch 029 | train_loss=0.1181 | val_acc=97.14% val_f1=0.9647 | test_acc=85.96% test_f1=0.7938
Epoch 030 | train_loss=0.0832 | val_acc=97.14% val_f1=0.9647 | test_acc=83.15% test_f1=0.7429
Epoch 031 | train_loss=0.1006 | val_acc=97.14% val_f1=0.9647 | test_acc=86.52% test_f1=0.7997
Epoch 032 | train_loss=0.1092 | val_acc=97.14% val_f1=0.9647 | test_acc=83.15% test_f1=0.7480
Epoch 033 | train_loss=0.1178 | val_acc=97.14% val_f1=0.9647 | test_acc=82.30% test_f1=0.7313
Epoch 034 | train_loss=0.0783 | val_acc=97.71% val_f1=0.9701 | test_acc=80.62% test_f1=0.7105
Epoch 035 | train_loss=0.0830 | val_acc=97.14% val_f1=0.9647 | test_acc=82.87% test_f1=0.7475
Epoch 036 | train_loss=0.0767 | val_acc=97.71% val_f1=0.9727 | test_acc=85.39% test_f1=0.7879
Epoch 037 | train_loss=0.0867 | val_acc=97.71% val_f1=0.9727 | test_acc=85.39% test_f1=0.7836
Epoch 038 | train_loss=0.0629 | val_acc=97.14% val_f1=0.9647 | test_acc=83.71% test_f1=0.7540
Epoch 039 | train_loss=0.0678 | val_acc=97.14% val_f1=0.9647 | test_acc=83.43% test_f1=0.7558
Epoch 040 | train_loss=0.0829 | val_acc=97.71% val_f1=0.9701 | test_acc=80.06% test_f1=0.7069
Epoch 041 | train_loss=0.0651 | val_acc=98.29% val_f1=0.9782 | test_acc=84.27% test_f1=0.7694
Epoch 042 | train_loss=0.0696 | val_acc=98.29% val_f1=0.9807 | test_acc=87.08% test_f1=0.8191
Epoch 043 | train_loss=0.0547 | val_acc=98.86% val_f1=0.9862 | test_acc=84.27% test_f1=0.7716
Epoch 044 | train_loss=0.0564 | val_acc=97.71% val_f1=0.9701 | test_acc=82.30% test_f1=0.7365
Epoch 045 | train_loss=0.0565 | val_acc=97.71% val_f1=0.9701 | test_acc=81.46% test_f1=0.7274
Epoch 046 | train_loss=0.0642 | val_acc=97.71% val_f1=0.9701 | test_acc=79.21% test_f1=0.6998
Epoch 047 | train_loss=0.0714 | val_acc=97.71% val_f1=0.9701 | test_acc=79.21% test_f1=0.7021
Epoch 048 | train_loss=0.0672 | val_acc=98.86% val_f1=0.9862 | test_acc=83.15% test_f1=0.7572
Epoch 049 | train_loss=0.0570 | val_acc=98.86% val_f1=0.9862 | test_acc=84.55% test_f1=0.7788
Epoch 050 | train_loss=0.0441 | val_acc=98.86% val_f1=0.9862 | test_acc=82.87% test_f1=0.7541
Epoch 051 | train_loss=0.0510 | val_acc=98.86% val_f1=0.9862 | test_acc=82.58% test_f1=0.7467
Epoch 052 | train_loss=0.0525 | val_acc=98.29% val_f1=0.9782 | test_acc=82.58% test_f1=0.7467
Epoch 053 | train_loss=0.0527 | val_acc=98.86% val_f1=0.9862 | test_acc=83.99% test_f1=0.7685
Epoch 054 | train_loss=0.0500 | val_acc=98.29% val_f1=0.9782 | test_acc=80.90% test_f1=0.7279
Epoch 055 | train_loss=0.0698 | val_acc=99.43% val_f1=0.9943 | test_acc=85.11% test_f1=0.7887
Epoch 056 | train_loss=0.0369 | val_acc=98.29% val_f1=0.9782 | test_acc=81.18% test_f1=0.7351
Epoch 057 | train_loss=0.0574 | val_acc=97.71% val_f1=0.9701 | test_acc=81.46% test_f1=0.7342
Epoch 058 | train_loss=0.0538 | val_acc=98.86% val_f1=0.9862 | test_acc=82.87% test_f1=0.7541
Epoch 059 | train_loss=0.0405 | val_acc=97.71% val_f1=0.9701 | test_acc=81.18% test_f1=0.7311
Epoch 060 | train_loss=0.0457 | val_acc=97.71% val_f1=0.9701 | test_acc=80.62% test_f1=0.7266
Epoch 061 | train_loss=0.0574 | val_acc=98.86% val_f1=0.9862 | test_acc=83.15% test_f1=0.7593
Epoch 062 | train_loss=0.0508 | val_acc=98.29% val_f1=0.9782 | test_acc=81.74% test_f1=0.7374
Epoch 063 | train_loss=0.0362 | val_acc=97.71% val_f1=0.9701 | test_acc=81.18% test_f1=0.7311
Epoch 064 | train_loss=0.0522 | val_acc=98.29% val_f1=0.9755 | test_acc=78.37% test_f1=0.6943
Epoch 065 | train_loss=0.0579 | val_acc=98.29% val_f1=0.9755 | test_acc=77.53% test_f1=0.6821
Epoch 066 | train_loss=0.0505 | val_acc=97.71% val_f1=0.9701 | test_acc=81.46% test_f1=0.7320
Epoch 067 | train_loss=0.0537 | val_acc=98.86% val_f1=0.9862 | test_acc=83.43% test_f1=0.7603
Epoch 068 | train_loss=0.0448 | val_acc=99.43% val_f1=0.9943 | test_acc=84.27% test_f1=0.7737
Epoch 069 | train_loss=0.0395 | val_acc=98.29% val_f1=0.9782 | test_acc=81.18% test_f1=0.7311
Epoch 070 | train_loss=0.0434 | val_acc=99.43% val_f1=0.9943 | test_acc=83.71% test_f1=0.7675
Epoch 071 | train_loss=0.0556 | val_acc=99.43% val_f1=0.9943 | test_acc=87.08% test_f1=0.8207
Early stopping at epoch 71 (best=55, score=0.994277)
================================================================================
Best epoch: 55
Best score (val_macro_f1): 0.994277
Final test accuracy: 85.11%
Saved to: ablation_experiments/h1/results/comparison_18d_baselines/inception/inception_weld_seam_windows_ws5_tf75_pg0_h1_oc16_blk3_bn16_do0.2_ep80_lr0.0002_wd0.0002_bs128_seed100
================================================================================
Comparison baseline | model=inception
================================================================================
Dataset: /home/huang_kai/wind_turbine_phm/PHOENIX-main/autoencoder_benchmark/Data/processed_data/weld_seam_windows_ws5_tf75_pg0_h1.npz
Device: cuda
Train/Val/Test: 990 / 175 / 356
Epoch 001 | train_loss=0.6723 | val_acc=51.43% val_f1=0.5491 | test_acc=50.56% test_f1=0.5312
Epoch 002 | train_loss=0.2384 | val_acc=92.57% val_f1=0.9303 | test_acc=89.61% test_f1=0.8525
Epoch 003 | train_loss=0.0734 | val_acc=98.29% val_f1=0.9830 | test_acc=87.64% test_f1=0.8377
Epoch 004 | train_loss=0.0472 | val_acc=100.00% val_f1=1.0000 | test_acc=79.78% test_f1=0.7247
Epoch 005 | train_loss=0.0660 | val_acc=99.43% val_f1=0.9943 | test_acc=79.21% test_f1=0.7237
Epoch 006 | train_loss=0.0418 | val_acc=100.00% val_f1=1.0000 | test_acc=79.78% test_f1=0.7378
Epoch 007 | train_loss=0.0224 | val_acc=100.00% val_f1=1.0000 | test_acc=80.06% test_f1=0.7379
Epoch 008 | train_loss=0.0280 | val_acc=99.43% val_f1=0.9943 | test_acc=88.20% test_f1=0.8457
Epoch 009 | train_loss=0.0156 | val_acc=100.00% val_f1=1.0000 | test_acc=79.78% test_f1=0.7038
Epoch 010 | train_loss=0.0085 | val_acc=100.00% val_f1=1.0000 | test_acc=87.36% test_f1=0.8311
Epoch 011 | train_loss=0.0106 | val_acc=100.00% val_f1=1.0000 | test_acc=85.67% test_f1=0.8168
Epoch 012 | train_loss=0.0065 | val_acc=99.43% val_f1=0.9942 | test_acc=77.25% test_f1=0.6948
Epoch 013 | train_loss=0.0064 | val_acc=100.00% val_f1=1.0000 | test_acc=81.74% test_f1=0.7556
Epoch 014 | train_loss=0.0075 | val_acc=99.43% val_f1=0.9943 | test_acc=82.87% test_f1=0.7600
Epoch 015 | train_loss=0.0150 | val_acc=99.43% val_f1=0.9943 | test_acc=82.87% test_f1=0.7666
Epoch 016 | train_loss=0.0026 | val_acc=99.43% val_f1=0.9943 | test_acc=84.55% test_f1=0.7990
Epoch 017 | train_loss=0.0230 | val_acc=100.00% val_f1=1.0000 | test_acc=72.75% test_f1=0.6078
Epoch 018 | train_loss=0.0131 | val_acc=100.00% val_f1=1.0000 | test_acc=83.43% test_f1=0.7644
Epoch 019 | train_loss=0.0161 | val_acc=99.43% val_f1=0.9943 | test_acc=84.27% test_f1=0.7923
Epoch 020 | train_loss=0.0174 | val_acc=100.00% val_f1=1.0000 | test_acc=83.43% test_f1=0.7862
Early stopping at epoch 20 (best=4, score=1.000000)
================================================================================
Best epoch: 4
Best score (val_macro_f1): 1.000000
Final test accuracy: 79.78%
Saved to: ablation_experiments/h1/results/comparison_18d_baselines/inception/inception_weld_seam_windows_ws5_tf75_pg0_h1_oc24_blk9_bn32_do0.2_ep80_lr0.0005_wd0.0002_bs64_seed42
================================================================================
Comparison baseline | model=inception
================================================================================
Dataset: /home/huang_kai/wind_turbine_phm/PHOENIX-main/autoencoder_benchmark/Data/processed_data/weld_seam_windows_ws5_tf75_pg0_h1.npz
Device: cuda
Train/Val/Test: 990 / 175 / 356
Epoch 001 | train_loss=1.0505 | val_acc=29.71% val_f1=0.2921 | test_acc=31.18% test_f1=0.2993
Epoch 002 | train_loss=0.8348 | val_acc=56.00% val_f1=0.5845 | test_acc=47.19% test_f1=0.5156
Epoch 003 | train_loss=0.6902 | val_acc=84.57% val_f1=0.8324 | test_acc=79.21% test_f1=0.8120
Epoch 004 | train_loss=0.5461 | val_acc=89.14% val_f1=0.8815 | test_acc=89.33% test_f1=0.8749
Epoch 005 | train_loss=0.4449 | val_acc=92.57% val_f1=0.9292 | test_acc=89.33% test_f1=0.8737
Epoch 006 | train_loss=0.3609 | val_acc=93.14% val_f1=0.9343 | test_acc=89.61% test_f1=0.8604
Epoch 007 | train_loss=0.2916 | val_acc=93.71% val_f1=0.9395 | test_acc=88.20% test_f1=0.8400
Epoch 008 | train_loss=0.2391 | val_acc=94.86% val_f1=0.9508 | test_acc=87.08% test_f1=0.8232
Epoch 009 | train_loss=0.1972 | val_acc=93.71% val_f1=0.9395 | test_acc=87.64% test_f1=0.8293
Epoch 010 | train_loss=0.1868 | val_acc=94.29% val_f1=0.9447 | test_acc=87.64% test_f1=0.8309
Epoch 011 | train_loss=0.1575 | val_acc=97.14% val_f1=0.9721 | test_acc=83.99% test_f1=0.7745
Epoch 012 | train_loss=0.1150 | val_acc=96.57% val_f1=0.9660 | test_acc=85.96% test_f1=0.8082
Epoch 013 | train_loss=0.1125 | val_acc=97.71% val_f1=0.9771 | test_acc=85.96% test_f1=0.8097
Epoch 014 | train_loss=0.0973 | val_acc=98.29% val_f1=0.9830 | test_acc=83.99% test_f1=0.7796
Epoch 015 | train_loss=0.1062 | val_acc=98.29% val_f1=0.9830 | test_acc=85.39% test_f1=0.8018
Epoch 016 | train_loss=0.0767 | val_acc=98.29% val_f1=0.9830 | test_acc=82.30% test_f1=0.7569
Epoch 017 | train_loss=0.0821 | val_acc=98.86% val_f1=0.9886 | test_acc=82.30% test_f1=0.7625
Epoch 018 | train_loss=0.0621 | val_acc=98.29% val_f1=0.9830 | test_acc=84.27% test_f1=0.7899
Epoch 019 | train_loss=0.0612 | val_acc=98.29% val_f1=0.9830 | test_acc=83.15% test_f1=0.7739
Epoch 020 | train_loss=0.0536 | val_acc=99.43% val_f1=0.9943 | test_acc=82.02% test_f1=0.7590
Epoch 021 | train_loss=0.0711 | val_acc=98.86% val_f1=0.9886 | test_acc=83.43% test_f1=0.7786
Epoch 022 | train_loss=0.0451 | val_acc=98.86% val_f1=0.9886 | test_acc=82.58% test_f1=0.7617
Epoch 023 | train_loss=0.0495 | val_acc=98.29% val_f1=0.9830 | test_acc=85.96% test_f1=0.8107
Epoch 024 | train_loss=0.0268 | val_acc=98.86% val_f1=0.9886 | test_acc=83.43% test_f1=0.7774
Epoch 025 | train_loss=0.0511 | val_acc=99.43% val_f1=0.9943 | test_acc=82.58% test_f1=0.7659
Epoch 026 | train_loss=0.0262 | val_acc=99.43% val_f1=0.9943 | test_acc=82.58% test_f1=0.7659
Epoch 027 | train_loss=0.0352 | val_acc=99.43% val_f1=0.9943 | test_acc=82.87% test_f1=0.7693
Epoch 028 | train_loss=0.0240 | val_acc=99.43% val_f1=0.9943 | test_acc=82.58% test_f1=0.7659
Epoch 029 | train_loss=0.0260 | val_acc=99.43% val_f1=0.9943 | test_acc=83.15% test_f1=0.7752
Epoch 030 | train_loss=0.0307 | val_acc=99.43% val_f1=0.9943 | test_acc=81.74% test_f1=0.7556
Epoch 031 | train_loss=0.0239 | val_acc=99.43% val_f1=0.9943 | test_acc=82.58% test_f1=0.7683
Epoch 032 | train_loss=0.0214 | val_acc=99.43% val_f1=0.9943 | test_acc=81.74% test_f1=0.7556
Epoch 033 | train_loss=0.0178 | val_acc=98.86% val_f1=0.9886 | test_acc=82.87% test_f1=0.7706
Epoch 034 | train_loss=0.0181 | val_acc=98.86% val_f1=0.9886 | test_acc=82.87% test_f1=0.7693
Epoch 035 | train_loss=0.0248 | val_acc=99.43% val_f1=0.9943 | test_acc=81.74% test_f1=0.7577
Epoch 036 | train_loss=0.0162 | val_acc=100.00% val_f1=1.0000 | test_acc=78.93% test_f1=0.7182
Epoch 037 | train_loss=0.0313 | val_acc=99.43% val_f1=0.9943 | test_acc=83.15% test_f1=0.7740
Epoch 038 | train_loss=0.0335 | val_acc=98.86% val_f1=0.9886 | test_acc=85.39% test_f1=0.8018
Epoch 039 | train_loss=0.0256 | val_acc=99.43% val_f1=0.9943 | test_acc=81.74% test_f1=0.7567
Epoch 040 | train_loss=0.0145 | val_acc=100.00% val_f1=1.0000 | test_acc=80.06% test_f1=0.7330
Epoch 041 | train_loss=0.0165 | val_acc=100.00% val_f1=1.0000 | test_acc=80.06% test_f1=0.7320
Epoch 042 | train_loss=0.0179 | val_acc=99.43% val_f1=0.9943 | test_acc=80.34% test_f1=0.7356
Epoch 043 | train_loss=0.0194 | val_acc=99.43% val_f1=0.9943 | test_acc=80.90% test_f1=0.7449
Epoch 044 | train_loss=0.0191 | val_acc=99.43% val_f1=0.9943 | test_acc=80.06% test_f1=0.7320
Epoch 045 | train_loss=0.0133 | val_acc=99.43% val_f1=0.9943 | test_acc=80.90% test_f1=0.7459
Epoch 046 | train_loss=0.0119 | val_acc=100.00% val_f1=1.0000 | test_acc=79.49% test_f1=0.7257
Epoch 047 | train_loss=0.0114 | val_acc=100.00% val_f1=1.0000 | test_acc=79.21% test_f1=0.7210
Epoch 048 | train_loss=0.0248 | val_acc=100.00% val_f1=1.0000 | test_acc=79.49% test_f1=0.7265
Epoch 049 | train_loss=0.0109 | val_acc=100.00% val_f1=1.0000 | test_acc=79.21% test_f1=0.7227
Epoch 050 | train_loss=0.0112 | val_acc=99.43% val_f1=0.9943 | test_acc=79.78% test_f1=0.7294
Epoch 051 | train_loss=0.0165 | val_acc=99.43% val_f1=0.9943 | test_acc=80.90% test_f1=0.7475
Epoch 052 | train_loss=0.0132 | val_acc=99.43% val_f1=0.9943 | test_acc=82.02% test_f1=0.7604
Early stopping at epoch 52 (best=36, score=1.000000)
================================================================================
Best epoch: 36
Best score (val_macro_f1): 1.000000
Final test accuracy: 78.93%
Saved to: ablation_experiments/h1/results/comparison_18d_baselines/inception/inception_weld_seam_windows_ws5_tf75_pg0_h1_oc24_blk3_bn32_do0.1_ep80_lr0.0001_wd0.0001_bs64_seed42
================================================================================
Comparison baseline | model=inception
================================================================================
Dataset: /home/huang_kai/wind_turbine_phm/PHOENIX-main/autoencoder_benchmark/Data/processed_data/weld_seam_windows_ws5_tf75_pg0_h1.npz
Device: cuda
Train/Val/Test: 990 / 175 / 356
Epoch 001 | train_loss=1.1643 | val_acc=37.14% val_f1=0.3576 | test_acc=37.08% test_f1=0.3526
Epoch 002 | train_loss=0.9163 | val_acc=58.86% val_f1=0.5874 | test_acc=48.88% test_f1=0.4960
Epoch 003 | train_loss=0.7829 | val_acc=85.14% val_f1=0.8357 | test_acc=89.61% test_f1=0.8817
Epoch 004 | train_loss=0.6829 | val_acc=86.86% val_f1=0.8505 | test_acc=91.01% test_f1=0.8846
Epoch 005 | train_loss=0.5976 | val_acc=89.71% val_f1=0.8883 | test_acc=89.61% test_f1=0.8577
Epoch 006 | train_loss=0.4860 | val_acc=90.86% val_f1=0.8964 | test_acc=87.36% test_f1=0.8284
Epoch 007 | train_loss=0.4400 | val_acc=90.86% val_f1=0.8964 | test_acc=88.76% test_f1=0.8509
Epoch 008 | train_loss=0.3972 | val_acc=92.57% val_f1=0.9183 | test_acc=86.52% test_f1=0.8145
Epoch 009 | train_loss=0.3211 | val_acc=94.29% val_f1=0.9340 | test_acc=85.67% test_f1=0.8035
Epoch 010 | train_loss=0.2920 | val_acc=94.86% val_f1=0.9426 | test_acc=83.71% test_f1=0.7675
Epoch 011 | train_loss=0.2794 | val_acc=94.29% val_f1=0.9369 | test_acc=85.67% test_f1=0.8003
Epoch 012 | train_loss=0.2203 | val_acc=94.29% val_f1=0.9369 | test_acc=85.39% test_f1=0.7955
Epoch 013 | train_loss=0.2178 | val_acc=96.57% val_f1=0.9639 | test_acc=83.15% test_f1=0.7632
Epoch 014 | train_loss=0.1933 | val_acc=97.14% val_f1=0.9669 | test_acc=79.21% test_f1=0.6998
Epoch 015 | train_loss=0.1742 | val_acc=95.43% val_f1=0.9514 | test_acc=80.62% test_f1=0.7050
Epoch 016 | train_loss=0.1515 | val_acc=96.00% val_f1=0.9590 | test_acc=83.99% test_f1=0.7685
Epoch 017 | train_loss=0.1758 | val_acc=97.71% val_f1=0.9752 | test_acc=81.74% test_f1=0.7415
Epoch 018 | train_loss=0.1366 | val_acc=96.57% val_f1=0.9644 | test_acc=83.71% test_f1=0.7634
Epoch 019 | train_loss=0.1460 | val_acc=96.00% val_f1=0.9566 | test_acc=82.02% test_f1=0.7310
Epoch 020 | train_loss=0.1054 | val_acc=97.14% val_f1=0.9673 | test_acc=79.21% test_f1=0.6839
Epoch 021 | train_loss=0.1037 | val_acc=96.57% val_f1=0.9619 | test_acc=82.87% test_f1=0.7475
Epoch 022 | train_loss=0.1045 | val_acc=97.71% val_f1=0.9727 | test_acc=79.21% test_f1=0.6839
Epoch 023 | train_loss=0.1060 | val_acc=98.29% val_f1=0.9782 | test_acc=76.40% test_f1=0.6467
Epoch 024 | train_loss=0.1106 | val_acc=98.86% val_f1=0.9862 | test_acc=81.18% test_f1=0.7387
Epoch 025 | train_loss=0.1013 | val_acc=99.43% val_f1=0.9919 | test_acc=77.53% test_f1=0.6707
Epoch 026 | train_loss=0.0945 | val_acc=98.29% val_f1=0.9807 | test_acc=82.02% test_f1=0.7405
Epoch 027 | train_loss=0.1312 | val_acc=99.43% val_f1=0.9919 | test_acc=77.53% test_f1=0.6707
Epoch 028 | train_loss=0.0748 | val_acc=98.86% val_f1=0.9862 | test_acc=78.37% test_f1=0.6854
Epoch 029 | train_loss=0.0847 | val_acc=100.00% val_f1=1.0000 | test_acc=78.37% test_f1=0.6854
Epoch 030 | train_loss=0.1311 | val_acc=99.43% val_f1=0.9919 | test_acc=78.37% test_f1=0.6854
Epoch 031 | train_loss=0.1062 | val_acc=100.00% val_f1=1.0000 | test_acc=79.49% test_f1=0.7053
Epoch 032 | train_loss=0.0882 | val_acc=100.00% val_f1=1.0000 | test_acc=77.25% test_f1=0.6674
Epoch 033 | train_loss=0.0894 | val_acc=100.00% val_f1=1.0000 | test_acc=77.25% test_f1=0.6674
Epoch 034 | train_loss=0.0864 | val_acc=100.00% val_f1=1.0000 | test_acc=78.93% test_f1=0.7009
Epoch 035 | train_loss=0.0740 | val_acc=100.00% val_f1=1.0000 | test_acc=77.53% test_f1=0.6732
Epoch 036 | train_loss=0.0891 | val_acc=99.43% val_f1=0.9919 | test_acc=76.40% test_f1=0.6496
Epoch 037 | train_loss=0.0692 | val_acc=98.86% val_f1=0.9886 | test_acc=78.93% test_f1=0.6966
Epoch 038 | train_loss=0.0809 | val_acc=100.00% val_f1=1.0000 | test_acc=80.62% test_f1=0.7285
Epoch 039 | train_loss=0.0684 | val_acc=100.00% val_f1=1.0000 | test_acc=78.93% test_f1=0.7009
Epoch 040 | train_loss=0.0764 | val_acc=99.43% val_f1=0.9943 | test_acc=82.58% test_f1=0.7617
Epoch 041 | train_loss=0.0701 | val_acc=100.00% val_f1=1.0000 | test_acc=82.02% test_f1=0.7536
Epoch 042 | train_loss=0.0556 | val_acc=100.00% val_f1=1.0000 | test_acc=78.93% test_f1=0.6988
Epoch 043 | train_loss=0.0715 | val_acc=100.00% val_f1=1.0000 | test_acc=78.37% test_f1=0.6900
Epoch 044 | train_loss=0.0624 | val_acc=100.00% val_f1=1.0000 | test_acc=76.97% test_f1=0.6615
Epoch 045 | train_loss=0.0640 | val_acc=100.00% val_f1=1.0000 | test_acc=75.56% test_f1=0.6519
Early stopping at epoch 45 (best=29, score=1.000000)
================================================================================
Best epoch: 29
Best score (val_macro_f1): 1.000000
Final test accuracy: 78.37%
Saved to: ablation_experiments/h1/results/comparison_18d_baselines/inception/inception_weld_seam_windows_ws5_tf75_pg0_h1_oc16_blk3_bn16_do0.3_ep80_lr0.0002_wd1e-05_bs64_seed122
================================================================================
Comparison baseline | model=inception
================================================================================
Dataset: /home/huang_kai/wind_turbine_phm/PHOENIX-main/autoencoder_benchmark/Data/processed_data/weld_seam_windows_ws5_tf75_pg0_h1.npz
Device: cuda
Train/Val/Test: 990 / 175 / 356
Epoch 001 | train_loss=1.0238 | val_acc=24.57% val_f1=0.1558 | test_acc=27.53% test_f1=0.2417
Epoch 002 | train_loss=0.7713 | val_acc=67.43% val_f1=0.6716 | test_acc=62.08% test_f1=0.6332
Epoch 003 | train_loss=0.5866 | val_acc=86.29% val_f1=0.8565 | test_acc=82.30% test_f1=0.8386
Epoch 004 | train_loss=0.4554 | val_acc=89.14% val_f1=0.8815 | test_acc=89.33% test_f1=0.8907
Epoch 005 | train_loss=0.2979 | val_acc=95.43% val_f1=0.9488 | test_acc=89.61% test_f1=0.8742
Epoch 006 | train_loss=0.1962 | val_acc=95.43% val_f1=0.9488 | test_acc=89.33% test_f1=0.8609
Epoch 007 | train_loss=0.1482 | val_acc=96.57% val_f1=0.9593 | test_acc=86.80% test_f1=0.8265
Epoch 008 | train_loss=0.1138 | val_acc=99.43% val_f1=0.9919 | test_acc=83.15% test_f1=0.7813
Epoch 009 | train_loss=0.0858 | val_acc=98.86% val_f1=0.9837 | test_acc=82.02% test_f1=0.7705
Epoch 010 | train_loss=0.0691 | val_acc=99.43% val_f1=0.9919 | test_acc=80.90% test_f1=0.7491
Epoch 011 | train_loss=0.0513 | val_acc=100.00% val_f1=1.0000 | test_acc=84.55% test_f1=0.7983
Epoch 012 | train_loss=0.0418 | val_acc=100.00% val_f1=1.0000 | test_acc=85.11% test_f1=0.8124
Epoch 013 | train_loss=0.0401 | val_acc=98.86% val_f1=0.9837 | test_acc=81.46% test_f1=0.7613
Epoch 014 | train_loss=0.0199 | val_acc=99.43% val_f1=0.9919 | test_acc=81.46% test_f1=0.7615
Epoch 015 | train_loss=0.0262 | val_acc=100.00% val_f1=1.0000 | test_acc=82.87% test_f1=0.7781
Epoch 016 | train_loss=0.0292 | val_acc=99.43% val_f1=0.9919 | test_acc=77.81% test_f1=0.6925
Epoch 017 | train_loss=0.0153 | val_acc=99.43% val_f1=0.9919 | test_acc=78.37% test_f1=0.7032
Epoch 018 | train_loss=0.0283 | val_acc=100.00% val_f1=1.0000 | test_acc=82.87% test_f1=0.7700
Epoch 019 | train_loss=0.0292 | val_acc=100.00% val_f1=1.0000 | test_acc=80.34% test_f1=0.7401
Epoch 020 | train_loss=0.0422 | val_acc=99.43% val_f1=0.9919 | test_acc=79.78% test_f1=0.7371
Epoch 021 | train_loss=0.0108 | val_acc=100.00% val_f1=1.0000 | test_acc=83.43% test_f1=0.7883
Epoch 022 | train_loss=0.0183 | val_acc=100.00% val_f1=1.0000 | test_acc=83.15% test_f1=0.7860
Epoch 023 | train_loss=0.0102 | val_acc=100.00% val_f1=1.0000 | test_acc=80.62% test_f1=0.7527
Epoch 024 | train_loss=0.0159 | val_acc=100.00% val_f1=1.0000 | test_acc=81.18% test_f1=0.7615
Epoch 025 | train_loss=0.0105 | val_acc=100.00% val_f1=1.0000 | test_acc=79.21% test_f1=0.7222
Epoch 026 | train_loss=0.0075 | val_acc=100.00% val_f1=1.0000 | test_acc=77.25% test_f1=0.6937
Epoch 027 | train_loss=0.0067 | val_acc=100.00% val_f1=1.0000 | test_acc=76.97% test_f1=0.6886
Early stopping at epoch 27 (best=11, score=1.000000)
================================================================================
Best epoch: 11
Best score (val_macro_f1): 1.000000
Final test accuracy: 84.55%
Saved to: ablation_experiments/h1/results/comparison_18d_baselines/inception/inception_weld_seam_windows_ws5_tf75_pg0_h1_oc16_blk6_bn32_do0.1_ep80_lr0.0005_wd0.0002_bs128_seed100
================================================================================
Comparison baseline | model=inception
================================================================================
Dataset: /home/huang_kai/wind_turbine_phm/PHOENIX-main/autoencoder_benchmark/Data/processed_data/weld_seam_windows_ws5_tf75_pg0_h1.npz
Device: cuda
Train/Val/Test: 990 / 175 / 356
Epoch 001 | train_loss=1.0717 | val_acc=48.00% val_f1=0.4987 | test_acc=23.60% test_f1=0.1777
Epoch 002 | train_loss=0.8841 | val_acc=83.43% val_f1=0.8203 | test_acc=72.19% test_f1=0.7346
Epoch 003 | train_loss=0.7275 | val_acc=89.14% val_f1=0.8696 | test_acc=91.57% test_f1=0.9010
Epoch 004 | train_loss=0.5571 | val_acc=93.71% val_f1=0.9178 | test_acc=90.17% test_f1=0.8833
Epoch 005 | train_loss=0.4449 | val_acc=95.43% val_f1=0.9451 | test_acc=92.13% test_f1=0.9011
Epoch 006 | train_loss=0.3518 | val_acc=97.14% val_f1=0.9670 | test_acc=85.39% test_f1=0.8102
Epoch 007 | train_loss=0.2934 | val_acc=94.86% val_f1=0.9462 | test_acc=87.08% test_f1=0.8287
Epoch 008 | train_loss=0.2226 | val_acc=95.43% val_f1=0.9538 | test_acc=89.04% test_f1=0.8564
Epoch 009 | train_loss=0.2069 | val_acc=96.57% val_f1=0.9644 | test_acc=85.96% test_f1=0.8131
Epoch 010 | train_loss=0.1660 | val_acc=98.29% val_f1=0.9782 | test_acc=82.30% test_f1=0.7547
Epoch 011 | train_loss=0.1636 | val_acc=96.57% val_f1=0.9619 | test_acc=84.55% test_f1=0.7897
Epoch 012 | train_loss=0.1204 | val_acc=97.71% val_f1=0.9752 | test_acc=87.36% test_f1=0.8355
Epoch 013 | train_loss=0.1047 | val_acc=97.71% val_f1=0.9752 | test_acc=86.24% test_f1=0.8189
Epoch 014 | train_loss=0.0965 | val_acc=97.71% val_f1=0.9752 | test_acc=83.71% test_f1=0.7831
Epoch 015 | train_loss=0.0799 | val_acc=98.86% val_f1=0.9862 | test_acc=82.87% test_f1=0.7756
Epoch 016 | train_loss=0.0912 | val_acc=97.71% val_f1=0.9752 | test_acc=85.11% test_f1=0.8055
Epoch 017 | train_loss=0.0673 | val_acc=98.86% val_f1=0.9862 | test_acc=77.25% test_f1=0.6906
Epoch 018 | train_loss=0.0663 | val_acc=99.43% val_f1=0.9919 | test_acc=80.62% test_f1=0.7496
Epoch 019 | train_loss=0.0689 | val_acc=98.86% val_f1=0.9862 | test_acc=78.37% test_f1=0.7105
Epoch 020 | train_loss=0.0430 | val_acc=98.86% val_f1=0.9862 | test_acc=76.97% test_f1=0.6855
Epoch 021 | train_loss=0.0324 | val_acc=99.43% val_f1=0.9919 | test_acc=79.21% test_f1=0.7280
Epoch 022 | train_loss=0.0435 | val_acc=99.43% val_f1=0.9919 | test_acc=74.16% test_f1=0.6433
Epoch 023 | train_loss=0.0368 | val_acc=99.43% val_f1=0.9919 | test_acc=81.18% test_f1=0.7576
Epoch 024 | train_loss=0.0281 | val_acc=99.43% val_f1=0.9919 | test_acc=75.00% test_f1=0.6591
Epoch 025 | train_loss=0.0344 | val_acc=99.43% val_f1=0.9919 | test_acc=75.00% test_f1=0.6575
Epoch 026 | train_loss=0.0348 | val_acc=99.43% val_f1=0.9919 | test_acc=78.37% test_f1=0.7134
Epoch 027 | train_loss=0.0274 | val_acc=99.43% val_f1=0.9919 | test_acc=76.97% test_f1=0.6931
Epoch 028 | train_loss=0.0259 | val_acc=98.86% val_f1=0.9862 | test_acc=77.53% test_f1=0.7003
Epoch 029 | train_loss=0.0383 | val_acc=98.86% val_f1=0.9862 | test_acc=79.78% test_f1=0.7346
Epoch 030 | train_loss=0.0271 | val_acc=99.43% val_f1=0.9919 | test_acc=71.63% test_f1=0.5926
Epoch 031 | train_loss=0.0278 | val_acc=99.43% val_f1=0.9919 | test_acc=74.16% test_f1=0.6451
Epoch 032 | train_loss=0.0357 | val_acc=99.43% val_f1=0.9919 | test_acc=78.93% test_f1=0.7301
Epoch 033 | train_loss=0.0397 | val_acc=99.43% val_f1=0.9919 | test_acc=83.43% test_f1=0.7951
Epoch 034 | train_loss=0.0366 | val_acc=99.43% val_f1=0.9919 | test_acc=74.16% test_f1=0.6504
Early stopping at epoch 34 (best=18, score=0.991859)
================================================================================
Best epoch: 18
Best score (val_macro_f1): 0.991859
Final test accuracy: 80.62%
Saved to: ablation_experiments/h1/results/comparison_18d_baselines/inception/inception_weld_seam_windows_ws5_tf75_pg0_h1_oc16_blk3_bn16_do0.2_ep80_lr0.0002_wd0.0001_bs64_seed14
================================================================================
Comparison baseline | model=inception
================================================================================
Dataset: /home/huang_kai/wind_turbine_phm/PHOENIX-main/autoencoder_benchmark/Data/processed_data/weld_seam_windows_ws5_tf75_pg0_h1.npz
Device: cuda
Train/Val/Test: 990 / 175 / 356
Epoch 001 | train_loss=1.0358 | val_acc=29.14% val_f1=0.2896 | test_acc=24.16% test_f1=0.1516
Epoch 002 | train_loss=0.7939 | val_acc=49.71% val_f1=0.5251 | test_acc=49.44% test_f1=0.5440
Epoch 003 | train_loss=0.6331 | val_acc=85.71% val_f1=0.8497 | test_acc=76.97% test_f1=0.7874
Epoch 004 | train_loss=0.5131 | val_acc=86.86% val_f1=0.8573 | test_acc=94.38% test_f1=0.9244
Epoch 005 | train_loss=0.3964 | val_acc=93.14% val_f1=0.9302 | test_acc=91.01% test_f1=0.8676
Epoch 006 | train_loss=0.3245 | val_acc=93.14% val_f1=0.9302 | test_acc=91.29% test_f1=0.8673
Epoch 007 | train_loss=0.2292 | val_acc=93.71% val_f1=0.9382 | test_acc=88.20% test_f1=0.8199
Epoch 008 | train_loss=0.2082 | val_acc=96.00% val_f1=0.9590 | test_acc=83.43% test_f1=0.7467
Epoch 009 | train_loss=0.1780 | val_acc=96.00% val_f1=0.9613 | test_acc=81.74% test_f1=0.7208
Epoch 010 | train_loss=0.1312 | val_acc=96.57% val_f1=0.9667 | test_acc=83.99% test_f1=0.7714
Epoch 011 | train_loss=0.1416 | val_acc=98.29% val_f1=0.9830 | test_acc=82.87% test_f1=0.7562
Epoch 012 | train_loss=0.0994 | val_acc=98.86% val_f1=0.9886 | test_acc=78.65% test_f1=0.6801
Epoch 013 | train_loss=0.0884 | val_acc=98.86% val_f1=0.9886 | test_acc=82.02% test_f1=0.7437
Epoch 014 | train_loss=0.0786 | val_acc=98.86% val_f1=0.9886 | test_acc=78.37% test_f1=0.6800
Epoch 015 | train_loss=0.0797 | val_acc=98.86% val_f1=0.9886 | test_acc=77.81% test_f1=0.6680
Epoch 016 | train_loss=0.0671 | val_acc=99.43% val_f1=0.9943 | test_acc=81.74% test_f1=0.7465
Epoch 017 | train_loss=0.0685 | val_acc=98.86% val_f1=0.9886 | test_acc=79.78% test_f1=0.7062
Epoch 018 | train_loss=0.0618 | val_acc=99.43% val_f1=0.9943 | test_acc=75.84% test_f1=0.6386
Epoch 019 | train_loss=0.0575 | val_acc=99.43% val_f1=0.9943 | test_acc=76.97% test_f1=0.6569
Epoch 020 | train_loss=0.0462 | val_acc=99.43% val_f1=0.9943 | test_acc=76.97% test_f1=0.6560
Epoch 021 | train_loss=0.0435 | val_acc=99.43% val_f1=0.9943 | test_acc=77.81% test_f1=0.6712
Epoch 022 | train_loss=0.0461 | val_acc=98.86% val_f1=0.9886 | test_acc=81.74% test_f1=0.7417
Epoch 023 | train_loss=0.0698 | val_acc=100.00% val_f1=1.0000 | test_acc=75.28% test_f1=0.6259
Epoch 024 | train_loss=0.0379 | val_acc=99.43% val_f1=0.9943 | test_acc=78.37% test_f1=0.6880
Epoch 025 | train_loss=0.0422 | val_acc=99.43% val_f1=0.9943 | test_acc=79.21% test_f1=0.7047
Epoch 026 | train_loss=0.0347 | val_acc=100.00% val_f1=1.0000 | test_acc=78.37% test_f1=0.6904
Epoch 027 | train_loss=0.0371 | val_acc=99.43% val_f1=0.9943 | test_acc=75.28% test_f1=0.6252
Epoch 028 | train_loss=0.0508 | val_acc=99.43% val_f1=0.9943 | test_acc=77.81% test_f1=0.6804
Epoch 029 | train_loss=0.0196 | val_acc=99.43% val_f1=0.9943 | test_acc=79.21% test_f1=0.7103
Epoch 030 | train_loss=0.0197 | val_acc=99.43% val_f1=0.9943 | test_acc=76.69% test_f1=0.6651
Epoch 031 | train_loss=0.0317 | val_acc=100.00% val_f1=1.0000 | test_acc=75.00% test_f1=0.6438
Epoch 032 | train_loss=0.0338 | val_acc=99.43% val_f1=0.9943 | test_acc=77.53% test_f1=0.6746
Epoch 033 | train_loss=0.0198 | val_acc=99.43% val_f1=0.9943 | test_acc=76.97% test_f1=0.6696
Epoch 034 | train_loss=0.0154 | val_acc=100.00% val_f1=1.0000 | test_acc=75.56% test_f1=0.6535
Epoch 035 | train_loss=0.0164 | val_acc=99.43% val_f1=0.9943 | test_acc=75.84% test_f1=0.6568
Epoch 036 | train_loss=0.0347 | val_acc=100.00% val_f1=1.0000 | test_acc=73.03% test_f1=0.6030
Epoch 037 | train_loss=0.0207 | val_acc=100.00% val_f1=1.0000 | test_acc=78.93% test_f1=0.7083
Epoch 038 | train_loss=0.0415 | val_acc=99.43% val_f1=0.9943 | test_acc=80.62% test_f1=0.7372
Epoch 039 | train_loss=0.0280 | val_acc=99.43% val_f1=0.9943 | test_acc=75.56% test_f1=0.6363
Early stopping at epoch 39 (best=23, score=1.000000)
================================================================================
Best epoch: 23
Best score (val_macro_f1): 1.000000
Final test accuracy: 75.28%
Saved to: ablation_experiments/h1/results/comparison_18d_baselines/inception/inception_weld_seam_windows_ws5_tf75_pg0_h1_oc16_blk3_bn16_do0.2_ep80_lr0.0002_wd0.0001_bs64_seed42
================================================================================
Comparison baseline | model=inception
================================================================================
Dataset: /home/huang_kai/wind_turbine_phm/PHOENIX-main/autoencoder_benchmark/Data/processed_data/weld_seam_windows_ws5_tf75_pg0_h1.npz
Device: cuda
Train/Val/Test: 990 / 175 / 356
Epoch 001 | train_loss=0.9939 | val_acc=38.29% val_f1=0.3469 | test_acc=29.21% test_f1=0.2862
Epoch 002 | train_loss=0.7804 | val_acc=85.14% val_f1=0.8114 | test_acc=78.09% test_f1=0.7642
Epoch 003 | train_loss=0.6228 | val_acc=89.71% val_f1=0.8720 | test_acc=87.92% test_f1=0.8621
Epoch 004 | train_loss=0.4983 | val_acc=92.00% val_f1=0.9017 | test_acc=91.29% test_f1=0.8912
Epoch 005 | train_loss=0.3774 | val_acc=97.14% val_f1=0.9642 | test_acc=91.57% test_f1=0.8897
Epoch 006 | train_loss=0.3136 | val_acc=98.29% val_f1=0.9805 | test_acc=90.73% test_f1=0.8766
Epoch 007 | train_loss=0.2395 | val_acc=97.14% val_f1=0.9694 | test_acc=89.89% test_f1=0.8648
Epoch 008 | train_loss=0.1966 | val_acc=99.43% val_f1=0.9943 | test_acc=89.61% test_f1=0.8560
Epoch 009 | train_loss=0.1701 | val_acc=99.43% val_f1=0.9943 | test_acc=86.52% test_f1=0.8039
Epoch 010 | train_loss=0.1421 | val_acc=100.00% val_f1=1.0000 | test_acc=85.96% test_f1=0.8016
Epoch 011 | train_loss=0.1370 | val_acc=100.00% val_f1=1.0000 | test_acc=88.48% test_f1=0.8423
Epoch 012 | train_loss=0.1224 | val_acc=100.00% val_f1=1.0000 | test_acc=84.27% test_f1=0.7757
Epoch 013 | train_loss=0.1149 | val_acc=100.00% val_f1=1.0000 | test_acc=83.43% test_f1=0.7535
Epoch 014 | train_loss=0.1179 | val_acc=100.00% val_f1=1.0000 | test_acc=86.80% test_f1=0.8192
Epoch 015 | train_loss=0.0854 | val_acc=100.00% val_f1=1.0000 | test_acc=80.62% test_f1=0.7203
Epoch 016 | train_loss=0.0626 | val_acc=100.00% val_f1=1.0000 | test_acc=83.71% test_f1=0.7695
Epoch 017 | train_loss=0.0677 | val_acc=100.00% val_f1=1.0000 | test_acc=80.90% test_f1=0.7235
Epoch 018 | train_loss=0.0739 | val_acc=100.00% val_f1=1.0000 | test_acc=82.87% test_f1=0.7634
Epoch 019 | train_loss=0.0723 | val_acc=100.00% val_f1=1.0000 | test_acc=78.65% test_f1=0.6834
Epoch 020 | train_loss=0.0766 | val_acc=100.00% val_f1=1.0000 | test_acc=75.28% test_f1=0.6484
Epoch 021 | train_loss=0.0597 | val_acc=100.00% val_f1=1.0000 | test_acc=80.62% test_f1=0.7303
Epoch 022 | train_loss=0.0525 | val_acc=100.00% val_f1=1.0000 | test_acc=78.09% test_f1=0.6845
Epoch 023 | train_loss=0.0481 | val_acc=100.00% val_f1=1.0000 | test_acc=78.65% test_f1=0.6886
Epoch 024 | train_loss=0.0706 | val_acc=100.00% val_f1=1.0000 | test_acc=77.81% test_f1=0.6875
Epoch 025 | train_loss=0.0368 | val_acc=100.00% val_f1=1.0000 | test_acc=79.49% test_f1=0.7134
Epoch 026 | train_loss=0.0343 | val_acc=100.00% val_f1=1.0000 | test_acc=80.62% test_f1=0.7337
Early stopping at epoch 26 (best=10, score=1.000000)
================================================================================
Best epoch: 10
Best score (val_macro_f1): 1.000000
Final test accuracy: 85.96%
Saved to: ablation_experiments/h1/results/comparison_18d_baselines/inception/inception_weld_seam_windows_ws5_tf75_pg0_h1_oc16_blk3_bn16_do0.2_ep80_lr0.0002_wd0.0001_bs64_seed77
================================================================================
Comparison baseline | model=inception
================================================================================
Dataset: /home/huang_kai/wind_turbine_phm/PHOENIX-main/autoencoder_benchmark/Data/processed_data/weld_seam_windows_ws5_tf75_pg0_h1.npz
Device: cuda
Train/Val/Test: 990 / 175 / 356
Epoch 001 | train_loss=0.9578 | val_acc=30.29% val_f1=0.2674 | test_acc=30.06% test_f1=0.2933
Epoch 002 | train_loss=0.7738 | val_acc=76.57% val_f1=0.7463 | test_acc=64.61% test_f1=0.6582
Epoch 003 | train_loss=0.5927 | val_acc=86.29% val_f1=0.8496 | test_acc=84.83% test_f1=0.8319
Epoch 004 | train_loss=0.4506 | val_acc=89.14% val_f1=0.8815 | test_acc=91.29% test_f1=0.8842
Epoch 005 | train_loss=0.3248 | val_acc=90.86% val_f1=0.9003 | test_acc=89.89% test_f1=0.8645
Epoch 006 | train_loss=0.2622 | val_acc=93.14% val_f1=0.9249 | test_acc=85.96% test_f1=0.8020
Epoch 007 | train_loss=0.1868 | val_acc=95.43% val_f1=0.9457 | test_acc=83.99% test_f1=0.7821
Epoch 008 | train_loss=0.1831 | val_acc=96.57% val_f1=0.9619 | test_acc=84.27% test_f1=0.7833
Epoch 009 | train_loss=0.1459 | val_acc=96.57% val_f1=0.9619 | test_acc=81.18% test_f1=0.7260
Epoch 010 | train_loss=0.1323 | val_acc=97.14% val_f1=0.9673 | test_acc=79.49% test_f1=0.6903
Epoch 011 | train_loss=0.1021 | val_acc=97.14% val_f1=0.9673 | test_acc=79.78% test_f1=0.7002
Epoch 012 | train_loss=0.0923 | val_acc=98.29% val_f1=0.9782 | test_acc=81.46% test_f1=0.7364
Epoch 013 | train_loss=0.0703 | val_acc=99.43% val_f1=0.9943 | test_acc=84.27% test_f1=0.7852
Epoch 014 | train_loss=0.0837 | val_acc=100.00% val_f1=1.0000 | test_acc=78.93% test_f1=0.7070
Epoch 015 | train_loss=0.0891 | val_acc=99.43% val_f1=0.9943 | test_acc=80.34% test_f1=0.7170
Epoch 016 | train_loss=0.0519 | val_acc=99.43% val_f1=0.9943 | test_acc=80.34% test_f1=0.7170
Epoch 017 | train_loss=0.0654 | val_acc=100.00% val_f1=1.0000 | test_acc=78.93% test_f1=0.7040
Epoch 018 | train_loss=0.0574 | val_acc=100.00% val_f1=1.0000 | test_acc=81.18% test_f1=0.7356
Epoch 019 | train_loss=0.0514 | val_acc=99.43% val_f1=0.9943 | test_acc=79.49% test_f1=0.7028
Epoch 020 | train_loss=0.0355 | val_acc=99.43% val_f1=0.9943 | test_acc=81.18% test_f1=0.7286
Epoch 021 | train_loss=0.0599 | val_acc=100.00% val_f1=1.0000 | test_acc=78.37% test_f1=0.6930
Epoch 022 | train_loss=0.0475 | val_acc=99.43% val_f1=0.9943 | test_acc=86.24% test_f1=0.8180
Epoch 023 | train_loss=0.0424 | val_acc=100.00% val_f1=1.0000 | test_acc=81.46% test_f1=0.7376
Epoch 024 | train_loss=0.0511 | val_acc=100.00% val_f1=1.0000 | test_acc=78.09% test_f1=0.6769
Epoch 025 | train_loss=0.0301 | val_acc=99.43% val_f1=0.9943 | test_acc=80.34% test_f1=0.7219
Epoch 026 | train_loss=0.0488 | val_acc=100.00% val_f1=1.0000 | test_acc=80.06% test_f1=0.7140
Epoch 027 | train_loss=0.0426 | val_acc=100.00% val_f1=1.0000 | test_acc=78.09% test_f1=0.6944
Epoch 028 | train_loss=0.0386 | val_acc=100.00% val_f1=1.0000 | test_acc=80.34% test_f1=0.7357
Epoch 029 | train_loss=0.0432 | val_acc=100.00% val_f1=1.0000 | test_acc=81.46% test_f1=0.7486
Epoch 030 | train_loss=0.0191 | val_acc=100.00% val_f1=1.0000 | test_acc=78.37% test_f1=0.7018
Early stopping at epoch 30 (best=14, score=1.000000)
================================================================================
Best epoch: 14
Best score (val_macro_f1): 1.000000
Final test accuracy: 78.93%
Saved to: ablation_experiments/h1/results/comparison_18d_baselines/inception/inception_weld_seam_windows_ws5_tf75_pg0_h1_oc16_blk3_bn16_do0.2_ep80_lr0.0002_wd0.0001_bs64_seed122
================================================================================
Comparison baseline | model=inception
================================================================================
Dataset: /home/huang_kai/wind_turbine_phm/PHOENIX-main/autoencoder_benchmark/Data/processed_data/weld_seam_windows_ws5_tf75_pg0_h1.npz
Device: cuda
Train/Val/Test: 990 / 175 / 356
Epoch 001 | train_loss=1.0017 | val_acc=74.29% val_f1=0.7061 | test_acc=90.73% test_f1=0.8841
Epoch 002 | train_loss=0.7606 | val_acc=78.29% val_f1=0.7721 | test_acc=95.79% test_f1=0.9529
Epoch 003 | train_loss=0.6220 | val_acc=87.43% val_f1=0.8575 | test_acc=96.63% test_f1=0.9582
Epoch 004 | train_loss=0.4678 | val_acc=89.71% val_f1=0.8762 | test_acc=94.94% test_f1=0.9297
Epoch 005 | train_loss=0.3853 | val_acc=93.71% val_f1=0.9333 | test_acc=91.85% test_f1=0.8813
Epoch 006 | train_loss=0.3133 | val_acc=94.86% val_f1=0.9468 | test_acc=92.13% test_f1=0.8904
Epoch 007 | train_loss=0.2477 | val_acc=97.14% val_f1=0.9717 | test_acc=91.57% test_f1=0.8844
Epoch 008 | train_loss=0.2245 | val_acc=97.14% val_f1=0.9717 | test_acc=89.33% test_f1=0.8483
Epoch 009 | train_loss=0.1772 | val_acc=97.71% val_f1=0.9775 | test_acc=88.48% test_f1=0.8376
Epoch 010 | train_loss=0.1757 | val_acc=97.14% val_f1=0.9721 | test_acc=89.04% test_f1=0.8432
Epoch 011 | train_loss=0.1402 | val_acc=98.29% val_f1=0.9830 | test_acc=85.67% test_f1=0.7887
Epoch 012 | train_loss=0.1517 | val_acc=97.71% val_f1=0.9775 | test_acc=90.17% test_f1=0.8651
Epoch 013 | train_loss=0.1107 | val_acc=98.29% val_f1=0.9830 | test_acc=89.33% test_f1=0.8515
Epoch 014 | train_loss=0.1146 | val_acc=98.86% val_f1=0.9886 | test_acc=86.52% test_f1=0.8095
Epoch 015 | train_loss=0.1175 | val_acc=98.29% val_f1=0.9830 | test_acc=89.89% test_f1=0.8648
Epoch 016 | train_loss=0.1065 | val_acc=98.86% val_f1=0.9886 | test_acc=87.64% test_f1=0.8285
Epoch 017 | train_loss=0.0736 | val_acc=99.43% val_f1=0.9943 | test_acc=85.96% test_f1=0.8051
Epoch 018 | train_loss=0.0688 | val_acc=98.86% val_f1=0.9886 | test_acc=87.64% test_f1=0.8347
Epoch 019 | train_loss=0.0765 | val_acc=99.43% val_f1=0.9943 | test_acc=89.04% test_f1=0.8549
Epoch 020 | train_loss=0.0875 | val_acc=99.43% val_f1=0.9943 | test_acc=87.08% test_f1=0.8223
Epoch 021 | train_loss=0.0477 | val_acc=100.00% val_f1=1.0000 | test_acc=84.55% test_f1=0.7807
Epoch 022 | train_loss=0.0621 | val_acc=100.00% val_f1=1.0000 | test_acc=83.99% test_f1=0.7783
Epoch 023 | train_loss=0.0495 | val_acc=100.00% val_f1=1.0000 | test_acc=87.36% test_f1=0.8343
Epoch 024 | train_loss=0.0519 | val_acc=100.00% val_f1=1.0000 | test_acc=87.36% test_f1=0.8367
Epoch 025 | train_loss=0.0467 | val_acc=100.00% val_f1=1.0000 | test_acc=87.92% test_f1=0.8464
Epoch 026 | train_loss=0.0378 | val_acc=100.00% val_f1=1.0000 | test_acc=83.99% test_f1=0.7834
Epoch 027 | train_loss=0.0360 | val_acc=100.00% val_f1=1.0000 | test_acc=87.64% test_f1=0.8419
Epoch 028 | train_loss=0.0459 | val_acc=100.00% val_f1=1.0000 | test_acc=85.39% test_f1=0.8103
Epoch 029 | train_loss=0.0550 | val_acc=100.00% val_f1=1.0000 | test_acc=83.99% test_f1=0.7855
Epoch 030 | train_loss=0.0331 | val_acc=100.00% val_f1=1.0000 | test_acc=84.83% test_f1=0.8047
Epoch 031 | train_loss=0.0414 | val_acc=100.00% val_f1=1.0000 | test_acc=85.96% test_f1=0.8177
Epoch 032 | train_loss=0.0414 | val_acc=100.00% val_f1=1.0000 | test_acc=83.71% test_f1=0.7854
Epoch 033 | train_loss=0.0348 | val_acc=100.00% val_f1=1.0000 | test_acc=86.52% test_f1=0.8288
Epoch 034 | train_loss=0.0418 | val_acc=100.00% val_f1=1.0000 | test_acc=87.08% test_f1=0.8353
Epoch 035 | train_loss=0.0318 | val_acc=100.00% val_f1=1.0000 | test_acc=84.27% test_f1=0.7978
Epoch 036 | train_loss=0.0511 | val_acc=100.00% val_f1=1.0000 | test_acc=83.43% test_f1=0.7881
Epoch 037 | train_loss=0.0293 | val_acc=100.00% val_f1=1.0000 | test_acc=84.27% test_f1=0.8004
Early stopping at epoch 37 (best=21, score=1.000000)
================================================================================
Best epoch: 21
Best score (val_macro_f1): 1.000000
Final test accuracy: 84.55%
Saved to: ablation_experiments/h1/results/comparison_18d_baselines/inception/inception_weld_seam_windows_ws5_tf75_pg0_h1_oc16_blk3_bn16_do0.2_ep80_lr0.0002_wd0.0001_bs64_seed183
================================================================================
Comparison baseline | model=inception
================================================================================
Dataset: /home/huang_kai/wind_turbine_phm/PHOENIX-main/autoencoder_benchmark/Data/processed_data/weld_seam_windows_ws5_tf75_pg0_h1.npz
Device: cuda
Train/Val/Test: 990 / 175 / 356
Epoch 001 | train_loss=1.1560 | val_acc=24.00% val_f1=0.1290 | test_acc=25.00% test_f1=0.1477
Epoch 002 | train_loss=1.0672 | val_acc=24.57% val_f1=0.1459 | test_acc=23.88% test_f1=0.1340
Epoch 003 | train_loss=0.9876 | val_acc=26.29% val_f1=0.1913 | test_acc=23.60% test_f1=0.1309
Epoch 004 | train_loss=0.9364 | val_acc=33.71% val_f1=0.3349 | test_acc=25.00% test_f1=0.1480
Epoch 005 | train_loss=0.8436 | val_acc=38.86% val_f1=0.4040 | test_acc=28.09% test_f1=0.2005
Epoch 006 | train_loss=0.7836 | val_acc=45.71% val_f1=0.4855 | test_acc=30.62% test_f1=0.2481
Epoch 007 | train_loss=0.7352 | val_acc=52.00% val_f1=0.5632 | test_acc=40.73% test_f1=0.3945
Epoch 008 | train_loss=0.6748 | val_acc=57.71% val_f1=0.6251 | test_acc=50.00% test_f1=0.5047
Epoch 009 | train_loss=0.6058 | val_acc=67.43% val_f1=0.7159 | test_acc=61.24% test_f1=0.6145
Epoch 010 | train_loss=0.5426 | val_acc=77.14% val_f1=0.7983 | test_acc=69.94% test_f1=0.6799
Epoch 011 | train_loss=0.4813 | val_acc=81.14% val_f1=0.8308 | test_acc=73.31% test_f1=0.7063
Epoch 012 | train_loss=0.4190 | val_acc=81.71% val_f1=0.8335 | test_acc=72.47% test_f1=0.6791
Epoch 013 | train_loss=0.3990 | val_acc=84.00% val_f1=0.8540 | test_acc=75.56% test_f1=0.7100
Epoch 014 | train_loss=0.3520 | val_acc=86.29% val_f1=0.8727 | test_acc=79.21% test_f1=0.7385
Epoch 015 | train_loss=0.3293 | val_acc=87.43% val_f1=0.8821 | test_acc=82.87% test_f1=0.7736
Epoch 016 | train_loss=0.2857 | val_acc=89.14% val_f1=0.8964 | test_acc=85.39% test_f1=0.8035
Epoch 017 | train_loss=0.2403 | val_acc=91.43% val_f1=0.9159 | test_acc=86.52% test_f1=0.8062
Epoch 018 | train_loss=0.2325 | val_acc=92.57% val_f1=0.9258 | test_acc=87.08% test_f1=0.8062
Epoch 019 | train_loss=0.2020 | val_acc=92.57% val_f1=0.9258 | test_acc=87.08% test_f1=0.8133
Epoch 020 | train_loss=0.1601 | val_acc=93.71% val_f1=0.9359 | test_acc=85.39% test_f1=0.7745
Epoch 021 | train_loss=0.1712 | val_acc=94.29% val_f1=0.9410 | test_acc=83.15% test_f1=0.7198
Epoch 022 | train_loss=0.1508 | val_acc=94.86% val_f1=0.9462 | test_acc=83.71% test_f1=0.7322
Epoch 023 | train_loss=0.1251 | val_acc=94.29% val_f1=0.9410 | test_acc=83.71% test_f1=0.7411
Epoch 024 | train_loss=0.1226 | val_acc=95.43% val_f1=0.9538 | test_acc=82.30% test_f1=0.7140
Epoch 025 | train_loss=0.0954 | val_acc=96.57% val_f1=0.9644 | test_acc=82.58% test_f1=0.7211
Epoch 026 | train_loss=0.1076 | val_acc=97.71% val_f1=0.9752 | test_acc=81.74% test_f1=0.7075
Epoch 027 | train_loss=0.0951 | val_acc=97.71% val_f1=0.9752 | test_acc=84.27% test_f1=0.7572
Epoch 028 | train_loss=0.0702 | val_acc=98.29% val_f1=0.9807 | test_acc=80.90% test_f1=0.6974
Epoch 029 | train_loss=0.0695 | val_acc=99.43% val_f1=0.9919 | test_acc=80.90% test_f1=0.6920
Epoch 030 | train_loss=0.0667 | val_acc=98.29% val_f1=0.9807 | test_acc=81.74% test_f1=0.7084
Epoch 031 | train_loss=0.0571 | val_acc=98.86% val_f1=0.9862 | test_acc=82.02% test_f1=0.7136
Epoch 032 | train_loss=0.0633 | val_acc=98.86% val_f1=0.9862 | test_acc=80.90% test_f1=0.6920
Epoch 033 | train_loss=0.0561 | val_acc=98.86% val_f1=0.9862 | test_acc=82.30% test_f1=0.7257
Epoch 034 | train_loss=0.0649 | val_acc=99.43% val_f1=0.9919 | test_acc=80.34% test_f1=0.6862
Epoch 035 | train_loss=0.0479 | val_acc=98.86% val_f1=0.9862 | test_acc=81.46% test_f1=0.7046
Epoch 036 | train_loss=0.0569 | val_acc=98.86% val_f1=0.9862 | test_acc=82.30% test_f1=0.7132
Epoch 037 | train_loss=0.0438 | val_acc=98.86% val_f1=0.9862 | test_acc=81.18% test_f1=0.6983
Epoch 038 | train_loss=0.0548 | val_acc=98.86% val_f1=0.9862 | test_acc=82.58% test_f1=0.7286
Epoch 039 | train_loss=0.0371 | val_acc=98.86% val_f1=0.9862 | test_acc=82.58% test_f1=0.7286
Epoch 040 | train_loss=0.0426 | val_acc=98.86% val_f1=0.9862 | test_acc=80.62% test_f1=0.6925
Epoch 041 | train_loss=0.0429 | val_acc=99.43% val_f1=0.9919 | test_acc=79.21% test_f1=0.6710
Epoch 042 | train_loss=0.0354 | val_acc=99.43% val_f1=0.9919 | test_acc=79.49% test_f1=0.6807
Epoch 043 | train_loss=0.0301 | val_acc=98.86% val_f1=0.9862 | test_acc=82.02% test_f1=0.7228
Epoch 044 | train_loss=0.0301 | val_acc=98.86% val_f1=0.9862 | test_acc=80.90% test_f1=0.7019
Epoch 045 | train_loss=0.0387 | val_acc=99.43% val_f1=0.9919 | test_acc=81.46% test_f1=0.7168
Early stopping at epoch 45 (best=29, score=0.991859)
================================================================================
Best epoch: 29
Best score (val_macro_f1): 0.991859
Final test accuracy: 80.90%
Saved to: ablation_experiments/h1/results/comparison_18d_baselines/inception/inception_weld_seam_windows_ws5_tf75_pg0_h1_oc24_blk9_bn32_do0.2_ep80_lr0.0001_wd0.0001_bs128_seed14
[A] inception_weld_seam_windows_ws5_tf75_pg0_h1_oc24_blk3_bn16_do0.2_ep80_lr0.0002_wd1e-05_bs64_seed77 | status=success test_acc=80.62% f1=0.7105
[A] inception_weld_seam_windows_ws5_tf75_pg0_h1_oc16_blk3_bn16_do0.1_ep80_lr0.0005_wd1e-05_bs128_seed14 | status=success test_acc=78.09% f1=0.7049
[A] inception_weld_seam_windows_ws5_tf75_pg0_h1_oc16_blk3_bn16_do0.1_ep80_lr0.0005_wd0.0002_bs128_seed14 | status=success test_acc=78.37% f1=0.7056
[A] inception_weld_seam_windows_ws5_tf75_pg0_h1_oc24_blk3_bn16_do0.2_ep80_lr0.0003_wd0.0005_bs64_seed122 | status=success test_acc=86.24% f1=0.8148
[A] inception_weld_seam_windows_ws5_tf75_pg0_h1_oc32_blk3_bn16_do0.2_ep80_lr0.0005_wd0.0002_bs128_seed183 | status=success test_acc=80.90% f1=0.7380
[A] inception_weld_seam_windows_ws5_tf75_pg0_h1_oc16_blk6_bn16_do0.1_ep80_lr0.0002_wd0.0002_bs128_seed14 | status=success test_acc=79.78% f1=0.7120
[A] inception_weld_seam_windows_ws5_tf75_pg0_h1_oc24_blk9_bn32_do0.1_ep80_lr0.0002_wd0.0005_bs128_seed77 | status=success test_acc=83.71% f1=0.7810
[A] inception_weld_seam_windows_ws5_tf75_pg0_h1_oc24_blk6_bn16_do0.2_ep80_lr0.0002_wd1e-05_bs64_seed100 | status=success test_acc=83.71% f1=0.7828
[A] inception_weld_seam_windows_ws5_tf75_pg0_h1_oc24_blk6_bn16_do0.1_ep80_lr0.0002_wd0.0001_bs64_seed122 | status=success test_acc=85.67% f1=0.8030
[A] inception_weld_seam_windows_ws5_tf75_pg0_h1_oc16_blk3_bn16_do0.2_ep80_lr0.0002_wd0.0001_bs64_seed100 | status=success test_acc=87.36% f1=0.8324
[A] inception_weld_seam_windows_ws5_tf75_pg0_h1_oc16_blk9_bn32_do0.1_ep80_lr0.0003_wd0.0005_bs128_seed14 | status=success test_acc=83.71% f1=0.7904
[A] inception_weld_seam_windows_ws5_tf75_pg0_h1_oc24_blk9_bn32_do0.3_ep80_lr0.0001_wd0.0001_bs64_seed14 | status=success test_acc=78.65% f1=0.6717
[A] inception_weld_seam_windows_ws5_tf75_pg0_h1_oc24_blk9_bn16_do0.3_ep80_lr0.0001_wd0.0001_bs64_seed122 | status=success test_acc=81.46% f1=0.7091
[A] inception_weld_seam_windows_ws5_tf75_pg0_h1_oc32_blk9_bn32_do0.2_ep80_lr0.0002_wd0.0001_bs128_seed183 | status=success test_acc=83.15% f1=0.7474
[A] inception_weld_seam_windows_ws5_tf75_pg0_h1_oc24_blk9_bn32_do0.3_ep80_lr0.0001_wd0.0005_bs64_seed14 | status=success test_acc=78.93% f1=0.6780
[A] inception_weld_seam_windows_ws5_tf75_pg0_h1_oc32_blk3_bn32_do0.2_ep80_lr0.0001_wd0.0002_bs64_seed183 | status=success test_acc=84.83% f1=0.8025
[A] inception_weld_seam_windows_ws5_tf75_pg0_h1_oc32_blk9_bn16_do0.2_ep80_lr0.0003_wd0.0001_bs128_seed77 | status=success test_acc=77.53% f1=0.6836
[A] inception_weld_seam_windows_ws5_tf75_pg0_h1_oc16_blk3_bn16_do0.3_ep80_lr0.0003_wd0.0001_bs128_seed183 | status=success test_acc=84.83% f1=0.8059
[A] inception_weld_seam_windows_ws5_tf75_pg0_h1_oc24_blk3_bn32_do0.3_ep80_lr0.0003_wd0.0005_bs128_seed183 | status=success test_acc=84.83% f1=0.8053
[A] inception_weld_seam_windows_ws5_tf75_pg0_h1_oc16_blk3_bn16_do0.1_ep80_lr0.0005_wd0.0001_bs64_seed183 | status=success test_acc=83.71% f1=0.7854
[A] inception_weld_seam_windows_ws5_tf75_pg0_h1_oc32_blk3_bn32_do0.2_ep80_lr0.0001_wd0.0001_bs128_seed183 | status=success test_acc=82.30% f1=0.7648
[A] inception_weld_seam_windows_ws5_tf75_pg0_h1_oc16_blk6_bn16_do0.3_ep80_lr0.0003_wd0.0002_bs64_seed77 | status=success test_acc=76.12% f1=0.6271
[A] inception_weld_seam_windows_ws5_tf75_pg0_h1_oc32_blk9_bn16_do0.3_ep80_lr0.0003_wd0.0001_bs128_seed42 | status=success test_acc=80.90% f1=0.7235
[A] inception_weld_seam_windows_ws5_tf75_pg0_h1_oc24_blk3_bn32_do0.3_ep80_lr0.0003_wd0.0002_bs64_seed100 | status=success test_acc=78.37% f1=0.7122
[A] inception_weld_seam_windows_ws5_tf75_pg0_h1_oc32_blk9_bn32_do0.3_ep80_lr0.0001_wd0.0001_bs128_seed77 | status=success test_acc=79.21% f1=0.7217
[A] inception_weld_seam_windows_ws5_tf75_pg0_h1_oc24_blk3_bn16_do0.3_ep80_lr0.0001_wd0.0001_bs128_seed14 | status=success test_acc=78.93% f1=0.6823
[A] inception_weld_seam_windows_ws5_tf75_pg0_h1_oc24_blk6_bn16_do0.2_ep80_lr0.0002_wd0.0002_bs128_seed122 | status=success test_acc=82.30% f1=0.7390
[A] inception_weld_seam_windows_ws5_tf75_pg0_h1_oc24_blk3_bn16_do0.2_ep80_lr0.0005_wd0.0001_bs64_seed42 | status=success test_acc=76.40% f1=0.6622
[A] inception_weld_seam_windows_ws5_tf75_pg0_h1_oc16_blk3_bn16_do0.3_ep80_lr0.0005_wd1e-05_bs128_seed77 | status=success test_acc=85.11% f1=0.7923
[A] inception_weld_seam_windows_ws5_tf75_pg0_h1_oc32_blk3_bn16_do0.1_ep80_lr0.0005_wd0.0005_bs128_seed100 | status=success test_acc=81.46% f1=0.7507
[A] inception_weld_seam_windows_ws5_tf75_pg0_h1_oc16_blk3_bn32_do0.1_ep80_lr0.0001_wd0.0005_bs128_seed122 | status=success test_acc=86.80% f1=0.8207
[A] inception_weld_seam_windows_ws5_tf75_pg0_h1_oc24_blk9_bn32_do0.2_ep80_lr0.0001_wd0.0001_bs128_seed77 | status=success test_acc=86.80% f1=0.8265
[A] inception_weld_seam_windows_ws5_tf75_pg0_h1_oc32_blk3_bn32_do0.1_ep80_lr0.0002_wd0.0005_bs128_seed183 | status=success test_acc=83.99% f1=0.7841
[A] inception_weld_seam_windows_ws5_tf75_pg0_h1_oc24_blk6_bn32_do0.1_ep80_lr0.0002_wd0.0001_bs64_seed122 | status=success test_acc=81.74% f1=0.7126
[A] inception_weld_seam_windows_ws5_tf75_pg0_h1_oc32_blk6_bn16_do0.2_ep80_lr0.0001_wd0.0002_bs128_seed14 | status=success test_acc=75.84% f1=0.6458
[A] inception_weld_seam_windows_ws5_tf75_pg0_h1_oc32_blk6_bn16_do0.2_ep80_lr0.0005_wd0.0001_bs64_seed77 | status=success test_acc=79.21% f1=0.7009
[B] inception_weld_seam_windows_ws5_tf75_pg0_h1_oc24_blk3_bn32_do0.2_ep80_lr0.0001_wd0.0005_bs128_seed183 | status=success test_acc=86.24% f1=0.8156
[B] inception_weld_seam_windows_ws5_tf75_pg0_h1_oc16_blk3_bn32_do0.2_ep80_lr0.0001_wd0.0001_bs128_seed77 | status=success test_acc=83.43% f1=0.7699
[B] inception_weld_seam_windows_ws5_tf75_pg0_h1_oc16_blk3_bn32_do0.1_ep80_lr0.0002_wd1e-05_bs128_seed14 | status=success test_acc=81.18% f1=0.7449
[B] inception_weld_seam_windows_ws5_tf75_pg0_h1_oc24_blk9_bn32_do0.2_ep80_lr0.0001_wd1e-05_bs128_seed42 | status=success test_acc=82.02% f1=0.7405
[B] inception_weld_seam_windows_ws5_tf75_pg0_h1_oc24_blk9_bn16_do0.2_ep80_lr0.0002_wd0.0002_bs128_seed77 | status=success test_acc=75.28% f1=0.6064
[B] inception_weld_seam_windows_ws5_tf75_pg0_h1_oc24_blk9_bn32_do0.2_ep80_lr0.0003_wd0.0001_bs128_seed122 | status=success test_acc=84.83% f1=0.7827
[B] inception_weld_seam_windows_ws5_tf75_pg0_h1_oc32_blk9_bn32_do0.2_ep80_lr0.0005_wd0.0001_bs128_seed183 | status=success test_acc=83.15% f1=0.7514
[B] inception_weld_seam_windows_ws5_tf75_pg0_h1_oc16_blk3_bn16_do0.2_ep80_lr0.0002_wd0.0002_bs128_seed100 | status=success test_acc=85.11% f1=0.7887
[B] inception_weld_seam_windows_ws5_tf75_pg0_h1_oc24_blk9_bn32_do0.2_ep80_lr0.0005_wd0.0002_bs64_seed42 | status=success test_acc=79.78% f1=0.7247
[B] inception_weld_seam_windows_ws5_tf75_pg0_h1_oc24_blk3_bn32_do0.1_ep80_lr0.0001_wd0.0001_bs64_seed42 | status=success test_acc=78.93% f1=0.7182
[B] inception_weld_seam_windows_ws5_tf75_pg0_h1_oc16_blk3_bn16_do0.3_ep80_lr0.0002_wd1e-05_bs64_seed122 | status=success test_acc=78.37% f1=0.6854
[B] inception_weld_seam_windows_ws5_tf75_pg0_h1_oc16_blk6_bn32_do0.1_ep80_lr0.0005_wd0.0002_bs128_seed100 | status=success test_acc=84.55% f1=0.7983
[seed_eval] inception_weld_seam_windows_ws5_tf75_pg0_h1_oc16_blk3_bn16_do0.2_ep80_lr0.0002_wd0.0001_bs64_seed14 | status=success test_acc=80.62% f1=0.7496
[seed_eval] inception_weld_seam_windows_ws5_tf75_pg0_h1_oc16_blk3_bn16_do0.2_ep80_lr0.0002_wd0.0001_bs64_seed42 | status=success test_acc=75.28% f1=0.6259
[seed_eval] inception_weld_seam_windows_ws5_tf75_pg0_h1_oc16_blk3_bn16_do0.2_ep80_lr0.0002_wd0.0001_bs64_seed77 | status=success test_acc=85.96% f1=0.8016
[seed_eval] inception_weld_seam_windows_ws5_tf75_pg0_h1_oc16_blk3_bn16_do0.2_ep80_lr0.0002_wd0.0001_bs64_seed100 | status=skipped_existing test_acc=87.36% f1=0.8324
[seed_eval] inception_weld_seam_windows_ws5_tf75_pg0_h1_oc16_blk3_bn16_do0.2_ep80_lr0.0002_wd0.0001_bs64_seed122 | status=success test_acc=78.93% f1=0.7070
[seed_eval] inception_weld_seam_windows_ws5_tf75_pg0_h1_oc16_blk3_bn16_do0.2_ep80_lr0.0002_wd0.0001_bs64_seed183 | status=success test_acc=84.55% f1=0.7807
================================================================================
Comparison baseline | model=inception
================================================================================
Dataset: /home/huang_kai/wind_turbine_phm/PHOENIX-main/autoencoder_benchmark/Data/processed_data/weld_seam_windows_ws5_tf75_pg0_h1.npz
Device: cuda
Train/Val/Test: 990 / 175 / 356
Epoch 001 | train_loss=1.1022 | val_acc=22.86% val_f1=0.1240 | test_acc=21.91% test_f1=0.1198
Epoch 002 | train_loss=1.0111 | val_acc=36.00% val_f1=0.3291 | test_acc=35.96% test_f1=0.3419
Epoch 003 | train_loss=0.9875 | val_acc=44.00% val_f1=0.4002 | test_acc=36.52% test_f1=0.3357
Epoch 004 | train_loss=0.9101 | val_acc=54.86% val_f1=0.5443 | test_acc=47.75% test_f1=0.4867
Epoch 005 | train_loss=0.8622 | val_acc=69.14% val_f1=0.7153 | test_acc=61.24% test_f1=0.6447
Epoch 006 | train_loss=0.7781 | val_acc=76.00% val_f1=0.7817 | test_acc=65.73% test_f1=0.6804
Epoch 007 | train_loss=0.6843 | val_acc=78.86% val_f1=0.8082 | test_acc=69.38% test_f1=0.7095
Epoch 008 | train_loss=0.6798 | val_acc=81.14% val_f1=0.8301 | test_acc=69.38% test_f1=0.7082
Epoch 009 | train_loss=0.5919 | val_acc=84.00% val_f1=0.8540 | test_acc=69.38% test_f1=0.7034
Epoch 010 | train_loss=0.5258 | val_acc=87.43% val_f1=0.8831 | test_acc=71.35% test_f1=0.7093
Epoch 011 | train_loss=0.4516 | val_acc=89.14% val_f1=0.8971 | test_acc=75.28% test_f1=0.7349
Epoch 012 | train_loss=0.4177 | val_acc=89.71% val_f1=0.9020 | test_acc=79.49% test_f1=0.7598
Epoch 013 | train_loss=0.3822 | val_acc=90.29% val_f1=0.9070 | test_acc=83.99% test_f1=0.8001
Epoch 014 | train_loss=0.3306 | val_acc=90.29% val_f1=0.9070 | test_acc=83.99% test_f1=0.7861
Epoch 015 | train_loss=0.3077 | val_acc=90.29% val_f1=0.9070 | test_acc=86.24% test_f1=0.8163
Epoch 016 | train_loss=0.2666 | val_acc=92.00% val_f1=0.9219 | test_acc=84.55% test_f1=0.7767
Epoch 017 | train_loss=0.2384 | val_acc=93.14% val_f1=0.9332 | test_acc=85.67% test_f1=0.7946
Epoch 018 | train_loss=0.2223 | val_acc=93.71% val_f1=0.9405 | test_acc=85.11% test_f1=0.7845
Epoch 019 | train_loss=0.1864 | val_acc=94.86% val_f1=0.9508 | test_acc=85.96% test_f1=0.7996
Epoch 020 | train_loss=0.1804 | val_acc=96.57% val_f1=0.9667 | test_acc=86.24% test_f1=0.7989
Epoch 021 | train_loss=0.1506 | val_acc=97.14% val_f1=0.9721 | test_acc=86.24% test_f1=0.7989
Epoch 022 | train_loss=0.1397 | val_acc=97.14% val_f1=0.9721 | test_acc=85.39% test_f1=0.7899
Epoch 023 | train_loss=0.1240 | val_acc=97.14% val_f1=0.9721 | test_acc=86.24% test_f1=0.8028
Epoch 024 | train_loss=0.1051 | val_acc=97.71% val_f1=0.9775 | test_acc=84.55% test_f1=0.7746
Epoch 025 | train_loss=0.0954 | val_acc=98.86% val_f1=0.9886 | test_acc=82.87% test_f1=0.7498
Epoch 026 | train_loss=0.0883 | val_acc=98.86% val_f1=0.9886 | test_acc=83.71% test_f1=0.7612
Epoch 027 | train_loss=0.0813 | val_acc=98.86% val_f1=0.9886 | test_acc=84.27% test_f1=0.7716
Epoch 028 | train_loss=0.0835 | val_acc=98.86% val_f1=0.9886 | test_acc=84.83% test_f1=0.7818
Epoch 029 | train_loss=0.0725 | val_acc=98.86% val_f1=0.9886 | test_acc=83.43% test_f1=0.7603
Epoch 030 | train_loss=0.0716 | val_acc=98.86% val_f1=0.9886 | test_acc=87.08% test_f1=0.8223
Epoch 031 | train_loss=0.0778 | val_acc=98.86% val_f1=0.9886 | test_acc=87.36% test_f1=0.8269
Epoch 032 | train_loss=0.0762 | val_acc=98.86% val_f1=0.9886 | test_acc=84.55% test_f1=0.7788
Epoch 033 | train_loss=0.0649 | val_acc=98.86% val_f1=0.9886 | test_acc=81.46% test_f1=0.7320
Epoch 034 | train_loss=0.0482 | val_acc=98.86% val_f1=0.9886 | test_acc=82.87% test_f1=0.7520
Epoch 035 | train_loss=0.0464 | val_acc=98.86% val_f1=0.9886 | test_acc=83.43% test_f1=0.7644
Epoch 036 | train_loss=0.0504 | val_acc=98.86% val_f1=0.9886 | test_acc=83.43% test_f1=0.7624
Epoch 037 | train_loss=0.0395 | val_acc=98.86% val_f1=0.9886 | test_acc=85.67% test_f1=0.7967
Epoch 038 | train_loss=0.0421 | val_acc=98.86% val_f1=0.9886 | test_acc=84.27% test_f1=0.7828
Epoch 039 | train_loss=0.0585 | val_acc=98.86% val_f1=0.9886 | test_acc=84.55% test_f1=0.7788
Epoch 040 | train_loss=0.0434 | val_acc=98.86% val_f1=0.9886 | test_acc=83.43% test_f1=0.7603
Epoch 041 | train_loss=0.0445 | val_acc=98.86% val_f1=0.9886 | test_acc=87.36% test_f1=0.8238
Early stopping at epoch 41 (best=25, score=0.988625)
================================================================================
Best epoch: 25
Best score (val_macro_f1): 0.988625
Final test accuracy: 82.87%
Saved to: ablation_experiments/h1/results/comparison_18d_baselines/inception/inception_weld_seam_windows_ws5_tf75_pg0_h1_oc24_blk9_bn32_do0.2_ep80_lr0.0001_wd0.0001_bs128_seed42
================================================================================
Comparison baseline | model=inception
================================================================================
Dataset: /home/huang_kai/wind_turbine_phm/PHOENIX-main/autoencoder_benchmark/Data/processed_data/weld_seam_windows_ws5_tf75_pg0_h1.npz
Device: cuda
Train/Val/Test: 990 / 175 / 356
Epoch 001 | train_loss=1.2134 | val_acc=32.00% val_f1=0.3185 | test_acc=38.20% test_f1=0.3786
Epoch 002 | train_loss=1.0387 | val_acc=35.43% val_f1=0.3340 | test_acc=40.17% test_f1=0.3869
Epoch 003 | train_loss=0.9628 | val_acc=37.71% val_f1=0.3484 | test_acc=40.17% test_f1=0.3867
Epoch 004 | train_loss=0.9190 | val_acc=50.29% val_f1=0.5041 | test_acc=44.66% test_f1=0.4494
Epoch 005 | train_loss=0.8307 | val_acc=73.71% val_f1=0.7491 | test_acc=61.80% test_f1=0.6274
Epoch 006 | train_loss=0.7938 | val_acc=82.86% val_f1=0.8373 | test_acc=75.28% test_f1=0.7380
Epoch 007 | train_loss=0.7151 | val_acc=87.43% val_f1=0.8783 | test_acc=80.34% test_f1=0.7718
Epoch 008 | train_loss=0.6672 | val_acc=88.57% val_f1=0.8879 | test_acc=84.83% test_f1=0.8007
Epoch 009 | train_loss=0.5820 | val_acc=88.57% val_f1=0.8879 | test_acc=85.67% test_f1=0.8001
Epoch 010 | train_loss=0.4766 | val_acc=89.71% val_f1=0.8976 | test_acc=86.24% test_f1=0.7984
Epoch 011 | train_loss=0.4498 | val_acc=89.14% val_f1=0.8927 | test_acc=87.08% test_f1=0.8135
Epoch 012 | train_loss=0.4180 | val_acc=90.86% val_f1=0.9086 | test_acc=87.36% test_f1=0.8149
Epoch 013 | train_loss=0.3267 | val_acc=93.14% val_f1=0.9284 | test_acc=85.96% test_f1=0.7933
Epoch 014 | train_loss=0.3029 | val_acc=94.86% val_f1=0.9436 | test_acc=84.55% test_f1=0.7678
Epoch 015 | train_loss=0.2651 | val_acc=94.86% val_f1=0.9436 | test_acc=86.52% test_f1=0.8018
Epoch 016 | train_loss=0.2360 | val_acc=95.43% val_f1=0.9488 | test_acc=85.67% test_f1=0.7865
Epoch 017 | train_loss=0.2068 | val_acc=96.57% val_f1=0.9593 | test_acc=83.71% test_f1=0.7589
Epoch 018 | train_loss=0.1827 | val_acc=96.57% val_f1=0.9593 | test_acc=84.55% test_f1=0.7767
Epoch 019 | train_loss=0.1932 | val_acc=96.57% val_f1=0.9593 | test_acc=84.83% test_f1=0.7818
Epoch 020 | train_loss=0.1748 | val_acc=97.71% val_f1=0.9701 | test_acc=85.11% test_f1=0.7887
Epoch 021 | train_loss=0.1513 | val_acc=97.71% val_f1=0.9701 | test_acc=83.43% test_f1=0.7682
Epoch 022 | train_loss=0.1222 | val_acc=98.29% val_f1=0.9755 | test_acc=80.90% test_f1=0.7318
Epoch 023 | train_loss=0.1204 | val_acc=98.29% val_f1=0.9755 | test_acc=81.74% test_f1=0.7434
Epoch 024 | train_loss=0.1072 | val_acc=98.29% val_f1=0.9755 | test_acc=81.18% test_f1=0.7351
Epoch 025 | train_loss=0.0973 | val_acc=98.29% val_f1=0.9755 | test_acc=80.62% test_f1=0.7266
Epoch 026 | train_loss=0.0831 | val_acc=98.29% val_f1=0.9755 | test_acc=78.65% test_f1=0.6955
Epoch 027 | train_loss=0.0991 | val_acc=98.29% val_f1=0.9755 | test_acc=81.18% test_f1=0.7387
Epoch 028 | train_loss=0.0732 | val_acc=98.86% val_f1=0.9837 | test_acc=82.02% test_f1=0.7503
Epoch 029 | train_loss=0.0719 | val_acc=98.29% val_f1=0.9755 | test_acc=80.62% test_f1=0.7266
Epoch 030 | train_loss=0.0868 | val_acc=98.29% val_f1=0.9755 | test_acc=82.02% test_f1=0.7485
Epoch 031 | train_loss=0.0587 | val_acc=98.86% val_f1=0.9837 | test_acc=80.06% test_f1=0.7219
Epoch 032 | train_loss=0.0781 | val_acc=98.86% val_f1=0.9837 | test_acc=83.15% test_f1=0.7713
Epoch 033 | train_loss=0.0606 | val_acc=98.86% val_f1=0.9837 | test_acc=79.49% test_f1=0.7168
Epoch 034 | train_loss=0.0683 | val_acc=98.86% val_f1=0.9837 | test_acc=79.21% test_f1=0.7118
Epoch 035 | train_loss=0.0578 | val_acc=98.86% val_f1=0.9837 | test_acc=79.21% test_f1=0.7149
Epoch 036 | train_loss=0.0509 | val_acc=98.86% val_f1=0.9837 | test_acc=80.34% test_f1=0.7302
Epoch 037 | train_loss=0.0400 | val_acc=98.86% val_f1=0.9837 | test_acc=81.18% test_f1=0.7420
Epoch 038 | train_loss=0.0454 | val_acc=98.29% val_f1=0.9755 | test_acc=78.93% test_f1=0.7029
Epoch 039 | train_loss=0.0490 | val_acc=98.86% val_f1=0.9837 | test_acc=81.18% test_f1=0.7404
Epoch 040 | train_loss=0.0629 | val_acc=98.86% val_f1=0.9837 | test_acc=82.02% test_f1=0.7590
Epoch 041 | train_loss=0.0431 | val_acc=98.86% val_f1=0.9837 | test_acc=81.18% test_f1=0.7449
Epoch 042 | train_loss=0.0429 | val_acc=98.86% val_f1=0.9837 | test_acc=81.18% test_f1=0.7474
Epoch 043 | train_loss=0.0387 | val_acc=98.86% val_f1=0.9837 | test_acc=80.34% test_f1=0.7331
Epoch 044 | train_loss=0.0376 | val_acc=98.86% val_f1=0.9837 | test_acc=82.58% test_f1=0.7659
Early stopping at epoch 44 (best=28, score=0.983701)
================================================================================
Best epoch: 28
Best score (val_macro_f1): 0.983701
Final test accuracy: 82.02%
Saved to: ablation_experiments/h1/results/comparison_18d_baselines/inception/inception_weld_seam_windows_ws5_tf75_pg0_h1_oc24_blk9_bn32_do0.2_ep80_lr0.0001_wd0.0001_bs128_seed100
================================================================================
Comparison baseline | model=inception
================================================================================
Dataset: /home/huang_kai/wind_turbine_phm/PHOENIX-main/autoencoder_benchmark/Data/processed_data/weld_seam_windows_ws5_tf75_pg0_h1.npz
Device: cuda
Train/Val/Test: 990 / 175 / 356
Epoch 001 | train_loss=1.1555 | val_acc=25.14% val_f1=0.1942 | test_acc=24.72% test_f1=0.1840
Epoch 002 | train_loss=1.0754 | val_acc=29.14% val_f1=0.2581 | test_acc=25.84% test_f1=0.1933
Epoch 003 | train_loss=1.0101 | val_acc=30.29% val_f1=0.2776 | test_acc=25.84% test_f1=0.1950
Epoch 004 | train_loss=0.9411 | val_acc=38.29% val_f1=0.3961 | test_acc=26.40% test_f1=0.2111
Epoch 005 | train_loss=0.8830 | val_acc=45.14% val_f1=0.4744 | test_acc=31.18% test_f1=0.2946
Epoch 006 | train_loss=0.7836 | val_acc=50.29% val_f1=0.5367 | test_acc=46.91% test_f1=0.4943
Epoch 007 | train_loss=0.7397 | val_acc=56.57% val_f1=0.6064 | test_acc=63.76% test_f1=0.6383
Epoch 008 | train_loss=0.6583 | val_acc=68.00% val_f1=0.7167 | test_acc=73.60% test_f1=0.7082
Epoch 009 | train_loss=0.6361 | val_acc=77.14% val_f1=0.7961 | test_acc=80.06% test_f1=0.7620
Epoch 010 | train_loss=0.5611 | val_acc=82.29% val_f1=0.8381 | test_acc=85.67% test_f1=0.7970
Epoch 011 | train_loss=0.5143 | val_acc=85.14% val_f1=0.8615 | test_acc=86.52% test_f1=0.8033
Epoch 012 | train_loss=0.4571 | val_acc=91.43% val_f1=0.9147 | test_acc=85.96% test_f1=0.7793
Epoch 013 | train_loss=0.4201 | val_acc=90.86% val_f1=0.9097 | test_acc=87.08% test_f1=0.8007
Epoch 014 | train_loss=0.3789 | val_acc=93.14% val_f1=0.9298 | test_acc=87.36% test_f1=0.8060
Epoch 015 | train_loss=0.3054 | val_acc=93.71% val_f1=0.9359 | test_acc=85.67% test_f1=0.7738
Epoch 016 | train_loss=0.2786 | val_acc=93.14% val_f1=0.9284 | test_acc=85.11% test_f1=0.7588
Epoch 017 | train_loss=0.2569 | val_acc=94.29% val_f1=0.9385 | test_acc=85.96% test_f1=0.7786
Epoch 018 | train_loss=0.2447 | val_acc=94.86% val_f1=0.9462 | test_acc=88.76% test_f1=0.8284
Epoch 019 | train_loss=0.2167 | val_acc=97.14% val_f1=0.9673 | test_acc=85.96% test_f1=0.7715
Epoch 020 | train_loss=0.2054 | val_acc=96.57% val_f1=0.9619 | test_acc=87.36% test_f1=0.8022
Epoch 021 | train_loss=0.1650 | val_acc=97.71% val_f1=0.9727 | test_acc=83.99% test_f1=0.7334
Epoch 022 | train_loss=0.1500 | val_acc=97.71% val_f1=0.9727 | test_acc=83.43% test_f1=0.7210
Epoch 023 | train_loss=0.1601 | val_acc=97.71% val_f1=0.9727 | test_acc=85.67% test_f1=0.7702
Epoch 024 | train_loss=0.1174 | val_acc=97.71% val_f1=0.9727 | test_acc=84.27% test_f1=0.7395
Epoch 025 | train_loss=0.1218 | val_acc=97.14% val_f1=0.9647 | test_acc=83.15% test_f1=0.7146
Epoch 026 | train_loss=0.1129 | val_acc=97.14% val_f1=0.9647 | test_acc=83.43% test_f1=0.7295
Epoch 027 | train_loss=0.0969 | val_acc=97.14% val_f1=0.9647 | test_acc=84.55% test_f1=0.7470
Epoch 028 | train_loss=0.0904 | val_acc=97.71% val_f1=0.9727 | test_acc=85.39% test_f1=0.7702
Epoch 029 | train_loss=0.1085 | val_acc=97.71% val_f1=0.9727 | test_acc=85.96% test_f1=0.7778
Epoch 030 | train_loss=0.0862 | val_acc=98.86% val_f1=0.9862 | test_acc=89.33% test_f1=0.8371
Epoch 031 | train_loss=0.0799 | val_acc=98.29% val_f1=0.9782 | test_acc=86.52% test_f1=0.7905
Epoch 032 | train_loss=0.0626 | val_acc=97.71% val_f1=0.9727 | test_acc=86.52% test_f1=0.7880
Epoch 033 | train_loss=0.0673 | val_acc=98.29% val_f1=0.9782 | test_acc=83.71% test_f1=0.7339
Epoch 034 | train_loss=0.0668 | val_acc=98.29% val_f1=0.9782 | test_acc=83.43% test_f1=0.7278
Epoch 035 | train_loss=0.0595 | val_acc=97.71% val_f1=0.9727 | test_acc=83.71% test_f1=0.7322
Epoch 036 | train_loss=0.0534 | val_acc=98.29% val_f1=0.9782 | test_acc=83.43% test_f1=0.7295
Epoch 037 | train_loss=0.0453 | val_acc=98.29% val_f1=0.9782 | test_acc=83.15% test_f1=0.7267
Epoch 038 | train_loss=0.0626 | val_acc=98.29% val_f1=0.9782 | test_acc=82.87% test_f1=0.7239
Epoch 039 | train_loss=0.0500 | val_acc=98.29% val_f1=0.9782 | test_acc=83.15% test_f1=0.7267
Epoch 040 | train_loss=0.0482 | val_acc=98.29% val_f1=0.9782 | test_acc=80.62% test_f1=0.6911
Epoch 041 | train_loss=0.0516 | val_acc=98.86% val_f1=0.9862 | test_acc=84.27% test_f1=0.7657
Epoch 042 | train_loss=0.0582 | val_acc=98.86% val_f1=0.9862 | test_acc=81.46% test_f1=0.7046
Epoch 043 | train_loss=0.0450 | val_acc=98.86% val_f1=0.9862 | test_acc=82.02% test_f1=0.7154
Epoch 044 | train_loss=0.0523 | val_acc=98.86% val_f1=0.9862 | test_acc=81.18% test_f1=0.6931
Epoch 045 | train_loss=0.0395 | val_acc=98.86% val_f1=0.9862 | test_acc=83.99% test_f1=0.7505
Epoch 046 | train_loss=0.0470 | val_acc=98.86% val_f1=0.9862 | test_acc=84.55% test_f1=0.7618
Early stopping at epoch 46 (best=30, score=0.986227)
================================================================================
Best epoch: 30
Best score (val_macro_f1): 0.986227
Final test accuracy: 89.33%
Saved to: ablation_experiments/h1/results/comparison_18d_baselines/inception/inception_weld_seam_windows_ws5_tf75_pg0_h1_oc24_blk9_bn32_do0.2_ep80_lr0.0001_wd0.0001_bs128_seed122
================================================================================
Comparison baseline | model=inception
================================================================================
Dataset: /home/huang_kai/wind_turbine_phm/PHOENIX-main/autoencoder_benchmark/Data/processed_data/weld_seam_windows_ws5_tf75_pg0_h1.npz
Device: cuda
Train/Val/Test: 990 / 175 / 356
Epoch 001 | train_loss=1.1608 | val_acc=40.00% val_f1=0.4195 | test_acc=27.53% test_f1=0.2380
Epoch 002 | train_loss=1.0465 | val_acc=34.29% val_f1=0.3396 | test_acc=23.88% test_f1=0.1436
Epoch 003 | train_loss=0.9859 | val_acc=41.14% val_f1=0.4261 | test_acc=25.84% test_f1=0.1943
Epoch 004 | train_loss=0.9039 | val_acc=44.57% val_f1=0.4582 | test_acc=29.49% test_f1=0.2693
Epoch 005 | train_loss=0.8447 | val_acc=46.29% val_f1=0.4715 | test_acc=35.67% test_f1=0.3587
Epoch 006 | train_loss=0.8154 | val_acc=49.71% val_f1=0.5232 | test_acc=49.72% test_f1=0.5271
Epoch 007 | train_loss=0.7308 | val_acc=60.57% val_f1=0.6477 | test_acc=57.30% test_f1=0.6035
Epoch 008 | train_loss=0.6508 | val_acc=68.57% val_f1=0.7223 | test_acc=64.89% test_f1=0.6664
Epoch 009 | train_loss=0.5753 | val_acc=78.29% val_f1=0.8049 | test_acc=71.07% test_f1=0.7032
Epoch 010 | train_loss=0.5427 | val_acc=82.86% val_f1=0.8445 | test_acc=74.72% test_f1=0.7286
Epoch 011 | train_loss=0.4657 | val_acc=86.86% val_f1=0.8778 | test_acc=82.30% test_f1=0.7802
Epoch 012 | train_loss=0.4199 | val_acc=88.00% val_f1=0.8853 | test_acc=83.15% test_f1=0.7779
Epoch 013 | train_loss=0.3862 | val_acc=89.71% val_f1=0.9013 | test_acc=83.43% test_f1=0.7676
Epoch 014 | train_loss=0.3217 | val_acc=90.86% val_f1=0.9110 | test_acc=85.96% test_f1=0.7860
Epoch 015 | train_loss=0.3222 | val_acc=92.00% val_f1=0.9231 | test_acc=86.52% test_f1=0.7965
Epoch 016 | train_loss=0.2978 | val_acc=92.00% val_f1=0.9208 | test_acc=85.96% test_f1=0.7686
Epoch 017 | train_loss=0.2550 | val_acc=93.14% val_f1=0.9332 | test_acc=86.24% test_f1=0.7772
Epoch 018 | train_loss=0.2471 | val_acc=93.14% val_f1=0.9332 | test_acc=88.20% test_f1=0.8123
Epoch 019 | train_loss=0.1905 | val_acc=93.14% val_f1=0.9332 | test_acc=88.48% test_f1=0.8175
Epoch 020 | train_loss=0.1703 | val_acc=94.29% val_f1=0.9434 | test_acc=86.24% test_f1=0.7772
Epoch 021 | train_loss=0.1806 | val_acc=94.29% val_f1=0.9434 | test_acc=85.39% test_f1=0.7630
Epoch 022 | train_loss=0.1369 | val_acc=94.86% val_f1=0.9508 | test_acc=84.83% test_f1=0.7545
Epoch 023 | train_loss=0.1549 | val_acc=94.86% val_f1=0.9508 | test_acc=86.24% test_f1=0.7826
Epoch 024 | train_loss=0.1218 | val_acc=94.86% val_f1=0.9508 | test_acc=86.24% test_f1=0.7826
Epoch 025 | train_loss=0.1183 | val_acc=96.00% val_f1=0.9613 | test_acc=84.83% test_f1=0.7545
Epoch 026 | train_loss=0.1066 | val_acc=96.00% val_f1=0.9613 | test_acc=84.55% test_f1=0.7517
Epoch 027 | train_loss=0.0936 | val_acc=96.00% val_f1=0.9613 | test_acc=84.27% test_f1=0.7458
Epoch 028 | train_loss=0.0914 | val_acc=96.00% val_f1=0.9613 | test_acc=83.15% test_f1=0.7339
Epoch 029 | train_loss=0.0862 | val_acc=96.00% val_f1=0.9613 | test_acc=83.71% test_f1=0.7493
Epoch 030 | train_loss=0.0810 | val_acc=96.00% val_f1=0.9613 | test_acc=85.11% test_f1=0.7768
Epoch 031 | train_loss=0.0710 | val_acc=97.71% val_f1=0.9775 | test_acc=85.39% test_f1=0.7822
Epoch 032 | train_loss=0.0720 | val_acc=98.86% val_f1=0.9886 | test_acc=82.87% test_f1=0.7427
Epoch 033 | train_loss=0.0670 | val_acc=98.86% val_f1=0.9886 | test_acc=81.18% test_f1=0.7177
Epoch 034 | train_loss=0.0590 | val_acc=98.86% val_f1=0.9886 | test_acc=81.74% test_f1=0.7283
Epoch 035 | train_loss=0.0528 | val_acc=98.86% val_f1=0.9886 | test_acc=82.30% test_f1=0.7323
Epoch 036 | train_loss=0.0725 | val_acc=98.86% val_f1=0.9886 | test_acc=80.90% test_f1=0.7167
Epoch 037 | train_loss=0.0706 | val_acc=98.86% val_f1=0.9886 | test_acc=82.87% test_f1=0.7488
Epoch 038 | train_loss=0.0433 | val_acc=98.86% val_f1=0.9886 | test_acc=80.62% test_f1=0.7164
Epoch 039 | train_loss=0.0518 | val_acc=99.43% val_f1=0.9943 | test_acc=80.90% test_f1=0.7194
Epoch 040 | train_loss=0.0377 | val_acc=99.43% val_f1=0.9943 | test_acc=76.69% test_f1=0.6507
Epoch 041 | train_loss=0.0457 | val_acc=99.43% val_f1=0.9943 | test_acc=79.21% test_f1=0.6809
Epoch 042 | train_loss=0.0511 | val_acc=99.43% val_f1=0.9943 | test_acc=78.93% test_f1=0.6812
Epoch 043 | train_loss=0.0439 | val_acc=98.86% val_f1=0.9886 | test_acc=80.34% test_f1=0.7001
Epoch 044 | train_loss=0.0368 | val_acc=98.86% val_f1=0.9886 | test_acc=79.78% test_f1=0.6844
Epoch 045 | train_loss=0.0377 | val_acc=98.86% val_f1=0.9886 | test_acc=82.30% test_f1=0.7263
Epoch 046 | train_loss=0.0379 | val_acc=98.86% val_f1=0.9886 | test_acc=83.99% test_f1=0.7604
Epoch 047 | train_loss=0.0440 | val_acc=98.86% val_f1=0.9886 | test_acc=83.43% test_f1=0.7493
Epoch 048 | train_loss=0.0441 | val_acc=99.43% val_f1=0.9943 | test_acc=80.34% test_f1=0.7170
Epoch 049 | train_loss=0.0303 | val_acc=98.86% val_f1=0.9886 | test_acc=79.78% test_f1=0.7002
Epoch 050 | train_loss=0.0452 | val_acc=98.86% val_f1=0.9886 | test_acc=81.46% test_f1=0.7316
Epoch 051 | train_loss=0.0344 | val_acc=100.00% val_f1=1.0000 | test_acc=78.65% test_f1=0.6882
Epoch 052 | train_loss=0.0302 | val_acc=100.00% val_f1=1.0000 | test_acc=78.93% test_f1=0.6992
Epoch 053 | train_loss=0.0412 | val_acc=100.00% val_f1=1.0000 | test_acc=77.81% test_f1=0.6842
Epoch 054 | train_loss=0.0363 | val_acc=100.00% val_f1=1.0000 | test_acc=78.37% test_f1=0.6976
Epoch 055 | train_loss=0.0329 | val_acc=99.43% val_f1=0.9943 | test_acc=79.78% test_f1=0.7084
Epoch 056 | train_loss=0.0260 | val_acc=98.86% val_f1=0.9886 | test_acc=81.74% test_f1=0.7320
Epoch 057 | train_loss=0.0417 | val_acc=100.00% val_f1=1.0000 | test_acc=76.40% test_f1=0.6488
Epoch 058 | train_loss=0.0308 | val_acc=100.00% val_f1=1.0000 | test_acc=78.93% test_f1=0.6992
Epoch 059 | train_loss=0.0348 | val_acc=98.86% val_f1=0.9886 | test_acc=80.90% test_f1=0.7256
Epoch 060 | train_loss=0.0348 | val_acc=98.86% val_f1=0.9886 | test_acc=81.46% test_f1=0.7340
Epoch 061 | train_loss=0.0255 | val_acc=99.43% val_f1=0.9943 | test_acc=80.06% test_f1=0.7164
Epoch 062 | train_loss=0.0285 | val_acc=100.00% val_f1=1.0000 | test_acc=76.69% test_f1=0.6780
Epoch 063 | train_loss=0.0220 | val_acc=100.00% val_f1=1.0000 | test_acc=77.81% test_f1=0.6912
Epoch 064 | train_loss=0.0260 | val_acc=100.00% val_f1=1.0000 | test_acc=77.53% test_f1=0.6834
Epoch 065 | train_loss=0.0324 | val_acc=100.00% val_f1=1.0000 | test_acc=76.12% test_f1=0.6600
Epoch 066 | train_loss=0.0299 | val_acc=100.00% val_f1=1.0000 | test_acc=78.09% test_f1=0.6922
Epoch 067 | train_loss=0.0265 | val_acc=100.00% val_f1=1.0000 | test_acc=76.12% test_f1=0.6625
Early stopping at epoch 67 (best=51, score=1.000000)
================================================================================
Best epoch: 51
Best score (val_macro_f1): 1.000000
Final test accuracy: 78.65%
Saved to: ablation_experiments/h1/results/comparison_18d_baselines/inception/inception_weld_seam_windows_ws5_tf75_pg0_h1_oc24_blk9_bn32_do0.2_ep80_lr0.0001_wd0.0001_bs128_seed183
================================================================================
Comparison baseline | model=inception
================================================================================
Dataset: /home/huang_kai/wind_turbine_phm/PHOENIX-main/autoencoder_benchmark/Data/processed_data/weld_seam_windows_ws5_tf75_pg0_h1.npz
Device: cuda
Train/Val/Test: 990 / 175 / 356
Epoch 001 | train_loss=1.0604 | val_acc=28.57% val_f1=0.2451 | test_acc=26.12% test_f1=0.2047
Epoch 002 | train_loss=0.9380 | val_acc=40.57% val_f1=0.4285 | test_acc=37.36% test_f1=0.4027
Epoch 003 | train_loss=0.8624 | val_acc=49.14% val_f1=0.5253 | test_acc=43.82% test_f1=0.4791
Epoch 004 | train_loss=0.7816 | val_acc=63.43% val_f1=0.6645 | test_acc=58.15% test_f1=0.6364
Epoch 005 | train_loss=0.7158 | val_acc=80.00% val_f1=0.8030 | test_acc=73.60% test_f1=0.7715
Epoch 006 | train_loss=0.6523 | val_acc=85.71% val_f1=0.8497 | test_acc=86.52% test_f1=0.8724
Epoch 007 | train_loss=0.5760 | val_acc=88.57% val_f1=0.8771 | test_acc=89.61% test_f1=0.8954
Epoch 008 | train_loss=0.5342 | val_acc=89.71% val_f1=0.8901 | test_acc=89.89% test_f1=0.8935
Epoch 009 | train_loss=0.4871 | val_acc=91.43% val_f1=0.9112 | test_acc=90.45% test_f1=0.8952
Epoch 010 | train_loss=0.4479 | val_acc=92.57% val_f1=0.9273 | test_acc=91.57% test_f1=0.9046
Epoch 011 | train_loss=0.4164 | val_acc=94.86% val_f1=0.9479 | test_acc=91.57% test_f1=0.9032
Epoch 012 | train_loss=0.3699 | val_acc=95.43% val_f1=0.9538 | test_acc=90.73% test_f1=0.8840
Epoch 013 | train_loss=0.3188 | val_acc=95.43% val_f1=0.9538 | test_acc=89.89% test_f1=0.8707
Epoch 014 | train_loss=0.2952 | val_acc=95.43% val_f1=0.9514 | test_acc=88.48% test_f1=0.8518
Epoch 015 | train_loss=0.2769 | val_acc=96.00% val_f1=0.9613 | test_acc=88.76% test_f1=0.8576
Epoch 016 | train_loss=0.2517 | val_acc=96.00% val_f1=0.9613 | test_acc=88.76% test_f1=0.8576
Epoch 017 | train_loss=0.2195 | val_acc=95.43% val_f1=0.9538 | test_acc=89.33% test_f1=0.8649
Epoch 018 | train_loss=0.2083 | val_acc=94.86% val_f1=0.9485 | test_acc=89.89% test_f1=0.8692
Epoch 019 | train_loss=0.1943 | val_acc=94.86% val_f1=0.9485 | test_acc=89.61% test_f1=0.8665
Epoch 020 | train_loss=0.1747 | val_acc=95.43% val_f1=0.9538 | test_acc=89.33% test_f1=0.8636
Epoch 021 | train_loss=0.1652 | val_acc=95.43% val_f1=0.9538 | test_acc=89.61% test_f1=0.8652
Epoch 022 | train_loss=0.1664 | val_acc=95.43% val_f1=0.9538 | test_acc=89.33% test_f1=0.8594
Epoch 023 | train_loss=0.1405 | val_acc=96.00% val_f1=0.9590 | test_acc=86.24% test_f1=0.8125
Epoch 024 | train_loss=0.1447 | val_acc=98.29% val_f1=0.9807 | test_acc=85.96% test_f1=0.8103
Epoch 025 | train_loss=0.1294 | val_acc=98.29% val_f1=0.9807 | test_acc=87.64% test_f1=0.8391
Epoch 026 | train_loss=0.1307 | val_acc=96.00% val_f1=0.9590 | test_acc=88.20% test_f1=0.8446
Epoch 027 | train_loss=0.1102 | val_acc=96.00% val_f1=0.9590 | test_acc=88.20% test_f1=0.8460
Epoch 028 | train_loss=0.0967 | val_acc=98.29% val_f1=0.9807 | test_acc=87.92% test_f1=0.8422
Epoch 029 | train_loss=0.0864 | val_acc=98.29% val_f1=0.9807 | test_acc=85.67% test_f1=0.8089
Epoch 030 | train_loss=0.0916 | val_acc=98.29% val_f1=0.9807 | test_acc=85.39% test_f1=0.8058
Epoch 031 | train_loss=0.0860 | val_acc=98.29% val_f1=0.9807 | test_acc=87.08% test_f1=0.8302
Epoch 032 | train_loss=0.0801 | val_acc=98.29% val_f1=0.9807 | test_acc=86.80% test_f1=0.8257
Epoch 033 | train_loss=0.0786 | val_acc=98.29% val_f1=0.9807 | test_acc=85.96% test_f1=0.8103
Epoch 034 | train_loss=0.0660 | val_acc=98.29% val_f1=0.9807 | test_acc=84.83% test_f1=0.7964
Epoch 035 | train_loss=0.0728 | val_acc=98.29% val_f1=0.9807 | test_acc=85.11% test_f1=0.7978
Epoch 036 | train_loss=0.0785 | val_acc=98.29% val_f1=0.9807 | test_acc=85.96% test_f1=0.8144
Epoch 037 | train_loss=0.0639 | val_acc=98.29% val_f1=0.9807 | test_acc=85.96% test_f1=0.8149
Epoch 038 | train_loss=0.0542 | val_acc=98.29% val_f1=0.9807 | test_acc=85.39% test_f1=0.8087
Epoch 039 | train_loss=0.0554 | val_acc=98.86% val_f1=0.9862 | test_acc=85.11% test_f1=0.8041
Epoch 040 | train_loss=0.0670 | val_acc=98.86% val_f1=0.9862 | test_acc=85.96% test_f1=0.8177
Epoch 041 | train_loss=0.0695 | val_acc=98.86% val_f1=0.9862 | test_acc=82.87% test_f1=0.7756
Epoch 042 | train_loss=0.0587 | val_acc=98.86% val_f1=0.9862 | test_acc=83.99% test_f1=0.7899
Epoch 043 | train_loss=0.0521 | val_acc=98.86% val_f1=0.9862 | test_acc=83.99% test_f1=0.7899
Epoch 044 | train_loss=0.0448 | val_acc=98.86% val_f1=0.9862 | test_acc=84.27% test_f1=0.7932
Epoch 045 | train_loss=0.0558 | val_acc=98.86% val_f1=0.9862 | test_acc=84.55% test_f1=0.7963
Epoch 046 | train_loss=0.0450 | val_acc=98.86% val_f1=0.9862 | test_acc=84.27% test_f1=0.7932
Epoch 047 | train_loss=0.0448 | val_acc=98.86% val_f1=0.9862 | test_acc=83.99% test_f1=0.7899
Epoch 048 | train_loss=0.0489 | val_acc=98.86% val_f1=0.9862 | test_acc=82.58% test_f1=0.7735
Epoch 049 | train_loss=0.0459 | val_acc=98.86% val_f1=0.9862 | test_acc=83.99% test_f1=0.7899
Epoch 050 | train_loss=0.0394 | val_acc=98.86% val_f1=0.9862 | test_acc=84.55% test_f1=0.7963
Epoch 051 | train_loss=0.0426 | val_acc=98.29% val_f1=0.9807 | test_acc=85.39% test_f1=0.8096
Epoch 052 | train_loss=0.0369 | val_acc=98.86% val_f1=0.9862 | test_acc=85.39% test_f1=0.8096
Epoch 053 | train_loss=0.0419 | val_acc=98.86% val_f1=0.9862 | test_acc=84.27% test_f1=0.7932
Epoch 054 | train_loss=0.0393 | val_acc=98.86% val_f1=0.9862 | test_acc=84.27% test_f1=0.7958
Epoch 055 | train_loss=0.0412 | val_acc=98.86% val_f1=0.9862 | test_acc=83.99% test_f1=0.7924
Early stopping at epoch 55 (best=39, score=0.986227)
================================================================================
Best epoch: 39
Best score (val_macro_f1): 0.986227
Final test accuracy: 85.11%
Saved to: ablation_experiments/h1/results/comparison_18d_baselines/inception/inception_weld_seam_windows_ws5_tf75_pg0_h1_oc16_blk3_bn32_do0.1_ep80_lr0.0001_wd0.0005_bs128_seed14
================================================================================
Comparison baseline | model=inception
================================================================================
Dataset: /home/huang_kai/wind_turbine_phm/PHOENIX-main/autoencoder_benchmark/Data/processed_data/weld_seam_windows_ws5_tf75_pg0_h1.npz
Device: cuda
Train/Val/Test: 990 / 175 / 356
Epoch 001 | train_loss=1.0214 | val_acc=34.86% val_f1=0.3056 | test_acc=31.46% test_f1=0.3029
Epoch 002 | train_loss=0.9229 | val_acc=38.29% val_f1=0.3771 | test_acc=38.76% test_f1=0.3570
Epoch 003 | train_loss=0.8407 | val_acc=48.00% val_f1=0.4938 | test_acc=46.07% test_f1=0.4700
Epoch 004 | train_loss=0.7529 | val_acc=67.43% val_f1=0.6872 | test_acc=67.70% test_f1=0.7180
Epoch 005 | train_loss=0.6664 | val_acc=82.29% val_f1=0.8102 | test_acc=89.61% test_f1=0.8966
Epoch 006 | train_loss=0.6174 | val_acc=87.43% val_f1=0.8575 | test_acc=93.82% test_f1=0.9274
Epoch 007 | train_loss=0.5504 | val_acc=87.43% val_f1=0.8575 | test_acc=94.38% test_f1=0.9292
Epoch 008 | train_loss=0.4910 | val_acc=88.00% val_f1=0.8625 | test_acc=93.26% test_f1=0.9137
Epoch 009 | train_loss=0.4519 | val_acc=90.29% val_f1=0.8887 | test_acc=91.85% test_f1=0.8932
Epoch 010 | train_loss=0.3984 | val_acc=90.29% val_f1=0.8916 | test_acc=91.01% test_f1=0.8835
Epoch 011 | train_loss=0.3592 | val_acc=90.86% val_f1=0.8996 | test_acc=91.29% test_f1=0.8865
Epoch 012 | train_loss=0.3265 | val_acc=94.29% val_f1=0.9420 | test_acc=89.61% test_f1=0.8645
Epoch 013 | train_loss=0.2798 | val_acc=94.86% val_f1=0.9473 | test_acc=87.36% test_f1=0.8360
Epoch 014 | train_loss=0.2565 | val_acc=96.00% val_f1=0.9606 | test_acc=87.08% test_f1=0.8316
Epoch 015 | train_loss=0.2252 | val_acc=95.43% val_f1=0.9553 | test_acc=88.20% test_f1=0.8479
Epoch 016 | train_loss=0.2040 | val_acc=96.57% val_f1=0.9660 | test_acc=86.80% test_f1=0.8332
Epoch 017 | train_loss=0.1876 | val_acc=96.57% val_f1=0.9660 | test_acc=85.67% test_f1=0.8190
Epoch 018 | train_loss=0.1656 | val_acc=97.71% val_f1=0.9775 | test_acc=82.58% test_f1=0.7745
Epoch 019 | train_loss=0.1482 | val_acc=97.14% val_f1=0.9721 | test_acc=83.99% test_f1=0.7925
Epoch 020 | train_loss=0.1381 | val_acc=97.14% val_f1=0.9721 | test_acc=83.99% test_f1=0.7925
Epoch 021 | train_loss=0.1079 | val_acc=97.14% val_f1=0.9721 | test_acc=83.71% test_f1=0.7893
Epoch 022 | train_loss=0.1146 | val_acc=98.86% val_f1=0.9886 | test_acc=82.58% test_f1=0.7768
Epoch 023 | train_loss=0.1115 | val_acc=98.86% val_f1=0.9886 | test_acc=82.87% test_f1=0.7803
Epoch 024 | train_loss=0.1034 | val_acc=99.43% val_f1=0.9943 | test_acc=81.46% test_f1=0.7628
Epoch 025 | train_loss=0.1043 | val_acc=99.43% val_f1=0.9943 | test_acc=82.02% test_f1=0.7699
Epoch 026 | train_loss=0.0867 | val_acc=98.86% val_f1=0.9886 | test_acc=82.30% test_f1=0.7747
Epoch 027 | train_loss=0.0832 | val_acc=99.43% val_f1=0.9943 | test_acc=82.30% test_f1=0.7734
Epoch 028 | train_loss=0.0863 | val_acc=99.43% val_f1=0.9943 | test_acc=81.46% test_f1=0.7628
Epoch 029 | train_loss=0.0780 | val_acc=99.43% val_f1=0.9943 | test_acc=82.58% test_f1=0.7791
Epoch 030 | train_loss=0.0673 | val_acc=100.00% val_f1=1.0000 | test_acc=81.74% test_f1=0.7694
Epoch 031 | train_loss=0.0820 | val_acc=99.43% val_f1=0.9943 | test_acc=83.71% test_f1=0.7950
Epoch 032 | train_loss=0.0605 | val_acc=99.43% val_f1=0.9943 | test_acc=82.87% test_f1=0.7825
Epoch 033 | train_loss=0.0584 | val_acc=98.86% val_f1=0.9886 | test_acc=83.71% test_f1=0.7927
Epoch 034 | train_loss=0.0495 | val_acc=99.43% val_f1=0.9943 | test_acc=82.87% test_f1=0.7812
Epoch 035 | train_loss=0.0579 | val_acc=100.00% val_f1=1.0000 | test_acc=81.46% test_f1=0.7628
Epoch 036 | train_loss=0.0454 | val_acc=99.43% val_f1=0.9943 | test_acc=81.46% test_f1=0.7624
Epoch 037 | train_loss=0.0433 | val_acc=99.43% val_f1=0.9943 | test_acc=82.30% test_f1=0.7770
Epoch 038 | train_loss=0.0494 | val_acc=100.00% val_f1=1.0000 | test_acc=83.99% test_f1=0.8006
Epoch 039 | train_loss=0.0457 | val_acc=100.00% val_f1=1.0000 | test_acc=82.30% test_f1=0.7756
Epoch 040 | train_loss=0.0496 | val_acc=99.43% val_f1=0.9943 | test_acc=82.30% test_f1=0.7747
Epoch 041 | train_loss=0.0431 | val_acc=100.00% val_f1=1.0000 | test_acc=82.58% test_f1=0.7800
Epoch 042 | train_loss=0.0437 | val_acc=99.43% val_f1=0.9943 | test_acc=83.43% test_f1=0.7912
Epoch 043 | train_loss=0.0390 | val_acc=99.43% val_f1=0.9943 | test_acc=83.15% test_f1=0.7878
Epoch 044 | train_loss=0.0391 | val_acc=99.43% val_f1=0.9943 | test_acc=81.74% test_f1=0.7686
Epoch 045 | train_loss=0.0333 | val_acc=100.00% val_f1=1.0000 | test_acc=81.46% test_f1=0.7642
Epoch 046 | train_loss=0.0389 | val_acc=100.00% val_f1=1.0000 | test_acc=80.90% test_f1=0.7563
Early stopping at epoch 46 (best=30, score=1.000000)
================================================================================
Best epoch: 30
Best score (val_macro_f1): 1.000000
Final test accuracy: 81.74%
Saved to: ablation_experiments/h1/results/comparison_18d_baselines/inception/inception_weld_seam_windows_ws5_tf75_pg0_h1_oc16_blk3_bn32_do0.1_ep80_lr0.0001_wd0.0005_bs128_seed42
================================================================================
Comparison baseline | model=inception
================================================================================
Dataset: /home/huang_kai/wind_turbine_phm/PHOENIX-main/autoencoder_benchmark/Data/processed_data/weld_seam_windows_ws5_tf75_pg0_h1.npz
Device: cuda
Train/Val/Test: 990 / 175 / 356
Epoch 001 | train_loss=1.1822 | val_acc=29.71% val_f1=0.2063 | test_acc=25.56% test_f1=0.1853
Epoch 002 | train_loss=1.0311 | val_acc=42.86% val_f1=0.4200 | test_acc=34.55% test_f1=0.3583
Epoch 003 | train_loss=0.9344 | val_acc=66.29% val_f1=0.6647 | test_acc=46.63% test_f1=0.5144
Epoch 004 | train_loss=0.8339 | val_acc=78.29% val_f1=0.7756 | test_acc=56.74% test_f1=0.6094
Epoch 005 | train_loss=0.7517 | val_acc=79.43% val_f1=0.7858 | test_acc=65.73% test_f1=0.6896
Epoch 006 | train_loss=0.6808 | val_acc=85.14% val_f1=0.8403 | test_acc=73.60% test_f1=0.7527
Epoch 007 | train_loss=0.6082 | val_acc=86.29% val_f1=0.8471 | test_acc=77.53% test_f1=0.7803
Epoch 008 | train_loss=0.5362 | val_acc=90.86% val_f1=0.8965 | test_acc=80.90% test_f1=0.8088
Epoch 009 | train_loss=0.4882 | val_acc=92.00% val_f1=0.9150 | test_acc=82.30% test_f1=0.8155
Epoch 010 | train_loss=0.4234 | val_acc=92.00% val_f1=0.9150 | test_acc=83.71% test_f1=0.8229
Epoch 011 | train_loss=0.4164 | val_acc=92.00% val_f1=0.9150 | test_acc=83.99% test_f1=0.8251
Epoch 012 | train_loss=0.3665 | val_acc=93.14% val_f1=0.9287 | test_acc=87.64% test_f1=0.8541
Epoch 013 | train_loss=0.3350 | val_acc=93.71% val_f1=0.9340 | test_acc=87.64% test_f1=0.8533
Epoch 014 | train_loss=0.3066 | val_acc=94.86% val_f1=0.9446 | test_acc=87.64% test_f1=0.8535
Epoch 015 | train_loss=0.2731 | val_acc=95.43% val_f1=0.9553 | test_acc=86.80% test_f1=0.8410
Epoch 016 | train_loss=0.2500 | val_acc=96.00% val_f1=0.9606 | test_acc=87.64% test_f1=0.8457
Epoch 017 | train_loss=0.2225 | val_acc=97.14% val_f1=0.9715 | test_acc=87.92% test_f1=0.8464
Epoch 018 | train_loss=0.2065 | val_acc=97.71% val_f1=0.9771 | test_acc=87.64% test_f1=0.8412
Epoch 019 | train_loss=0.2102 | val_acc=97.71% val_f1=0.9771 | test_acc=86.80% test_f1=0.8284
Epoch 020 | train_loss=0.1939 | val_acc=98.29% val_f1=0.9827 | test_acc=86.80% test_f1=0.8284
Epoch 021 | train_loss=0.1598 | val_acc=99.43% val_f1=0.9943 | test_acc=85.96% test_f1=0.8140
Epoch 022 | train_loss=0.1760 | val_acc=99.43% val_f1=0.9943 | test_acc=87.08% test_f1=0.8266
Epoch 023 | train_loss=0.1556 | val_acc=100.00% val_f1=1.0000 | test_acc=85.67% test_f1=0.8078
Epoch 024 | train_loss=0.1511 | val_acc=100.00% val_f1=1.0000 | test_acc=84.83% test_f1=0.7953
Epoch 025 | train_loss=0.1267 | val_acc=100.00% val_f1=1.0000 | test_acc=85.67% test_f1=0.8112
Epoch 026 | train_loss=0.1236 | val_acc=98.86% val_f1=0.9883 | test_acc=85.67% test_f1=0.8132
Epoch 027 | train_loss=0.1091 | val_acc=100.00% val_f1=1.0000 | test_acc=84.27% test_f1=0.7870
Epoch 028 | train_loss=0.1103 | val_acc=99.43% val_f1=0.9943 | test_acc=84.27% test_f1=0.7921
Epoch 029 | train_loss=0.1113 | val_acc=100.00% val_f1=1.0000 | test_acc=83.99% test_f1=0.7796
Epoch 030 | train_loss=0.1057 | val_acc=100.00% val_f1=1.0000 | test_acc=81.74% test_f1=0.7453
Epoch 031 | train_loss=0.1019 | val_acc=100.00% val_f1=1.0000 | test_acc=81.46% test_f1=0.7383
Epoch 032 | train_loss=0.0879 | val_acc=100.00% val_f1=1.0000 | test_acc=83.15% test_f1=0.7710
Epoch 033 | train_loss=0.0792 | val_acc=100.00% val_f1=1.0000 | test_acc=82.58% test_f1=0.7625
Epoch 034 | train_loss=0.0836 | val_acc=100.00% val_f1=1.0000 | test_acc=82.02% test_f1=0.7560
Epoch 035 | train_loss=0.0892 | val_acc=100.00% val_f1=1.0000 | test_acc=84.27% test_f1=0.7947
Epoch 036 | train_loss=0.0719 | val_acc=100.00% val_f1=1.0000 | test_acc=81.74% test_f1=0.7512
Epoch 037 | train_loss=0.0687 | val_acc=100.00% val_f1=1.0000 | test_acc=80.34% test_f1=0.7270
Epoch 038 | train_loss=0.0688 | val_acc=100.00% val_f1=1.0000 | test_acc=80.06% test_f1=0.7236
Epoch 039 | train_loss=0.0649 | val_acc=100.00% val_f1=1.0000 | test_acc=80.90% test_f1=0.7400
Early stopping at epoch 39 (best=23, score=1.000000)
================================================================================
Best epoch: 23
Best score (val_macro_f1): 1.000000
Final test accuracy: 85.67%
Saved to: ablation_experiments/h1/results/comparison_18d_baselines/inception/inception_weld_seam_windows_ws5_tf75_pg0_h1_oc16_blk3_bn32_do0.1_ep80_lr0.0001_wd0.0005_bs128_seed77
================================================================================
Comparison baseline | model=inception
================================================================================
Dataset: /home/huang_kai/wind_turbine_phm/PHOENIX-main/autoencoder_benchmark/Data/processed_data/weld_seam_windows_ws5_tf75_pg0_h1.npz
Device: cuda
Train/Val/Test: 990 / 175 / 356
Epoch 001 | train_loss=1.0683 | val_acc=39.43% val_f1=0.3776 | test_acc=31.46% test_f1=0.2985
Epoch 002 | train_loss=0.9426 | val_acc=44.00% val_f1=0.4291 | test_acc=39.89% test_f1=0.3860
Epoch 003 | train_loss=0.8593 | val_acc=68.00% val_f1=0.6757 | test_acc=57.02% test_f1=0.5738
Epoch 004 | train_loss=0.7811 | val_acc=81.14% val_f1=0.7951 | test_acc=79.49% test_f1=0.7975
Epoch 005 | train_loss=0.6872 | val_acc=86.86% val_f1=0.8521 | test_acc=87.08% test_f1=0.8613
Epoch 006 | train_loss=0.6281 | val_acc=89.71% val_f1=0.8777 | test_acc=88.48% test_f1=0.8674
Epoch 007 | train_loss=0.5732 | val_acc=91.43% val_f1=0.8992 | test_acc=88.48% test_f1=0.8612
Epoch 008 | train_loss=0.4953 | val_acc=91.43% val_f1=0.9020 | test_acc=88.20% test_f1=0.8542
Epoch 009 | train_loss=0.4763 | val_acc=92.00% val_f1=0.9106 | test_acc=89.33% test_f1=0.8589
Epoch 010 | train_loss=0.4228 | val_acc=91.43% val_f1=0.9059 | test_acc=88.76% test_f1=0.8504
Epoch 011 | train_loss=0.3618 | val_acc=94.29% val_f1=0.9381 | test_acc=87.92% test_f1=0.8386
Epoch 012 | train_loss=0.3258 | val_acc=94.86% val_f1=0.9462 | test_acc=88.48% test_f1=0.8408
Epoch 013 | train_loss=0.3026 | val_acc=94.29% val_f1=0.9381 | test_acc=89.04% test_f1=0.8514
Epoch 014 | train_loss=0.2803 | val_acc=95.43% val_f1=0.9514 | test_acc=88.48% test_f1=0.8423
Epoch 015 | train_loss=0.2570 | val_acc=94.86% val_f1=0.9436 | test_acc=86.80% test_f1=0.8177
Epoch 016 | train_loss=0.2133 | val_acc=94.86% val_f1=0.9436 | test_acc=84.83% test_f1=0.7856
Epoch 017 | train_loss=0.2164 | val_acc=94.86% val_f1=0.9436 | test_acc=85.67% test_f1=0.8004
Epoch 018 | train_loss=0.1843 | val_acc=94.86% val_f1=0.9436 | test_acc=85.67% test_f1=0.7966
Epoch 019 | train_loss=0.1800 | val_acc=94.86% val_f1=0.9436 | test_acc=86.24% test_f1=0.8025
Epoch 020 | train_loss=0.1697 | val_acc=94.86% val_f1=0.9436 | test_acc=84.83% test_f1=0.7876
Epoch 021 | train_loss=0.1471 | val_acc=94.86% val_f1=0.9436 | test_acc=85.39% test_f1=0.7964
Epoch 022 | train_loss=0.1307 | val_acc=94.86% val_f1=0.9436 | test_acc=84.83% test_f1=0.7866
Epoch 023 | train_loss=0.1371 | val_acc=94.86% val_f1=0.9436 | test_acc=83.71% test_f1=0.7705
Epoch 024 | train_loss=0.1079 | val_acc=94.86% val_f1=0.9436 | test_acc=84.27% test_f1=0.7804
Epoch 025 | train_loss=0.1127 | val_acc=94.86% val_f1=0.9436 | test_acc=84.27% test_f1=0.7804
Epoch 026 | train_loss=0.0983 | val_acc=96.57% val_f1=0.9593 | test_acc=82.87% test_f1=0.7572
Epoch 027 | train_loss=0.0941 | val_acc=96.57% val_f1=0.9593 | test_acc=82.02% test_f1=0.7416
Epoch 028 | train_loss=0.1112 | val_acc=95.43% val_f1=0.9514 | test_acc=85.67% test_f1=0.7985
Epoch 029 | train_loss=0.0837 | val_acc=98.29% val_f1=0.9782 | test_acc=83.43% test_f1=0.7663
Epoch 030 | train_loss=0.0885 | val_acc=98.29% val_f1=0.9782 | test_acc=81.74% test_f1=0.7374
Epoch 031 | train_loss=0.0797 | val_acc=98.29% val_f1=0.9782 | test_acc=81.46% test_f1=0.7342
Epoch 032 | train_loss=0.0716 | val_acc=98.29% val_f1=0.9782 | test_acc=81.74% test_f1=0.7374
Epoch 033 | train_loss=0.0795 | val_acc=98.29% val_f1=0.9782 | test_acc=84.27% test_f1=0.7828
Epoch 034 | train_loss=0.0637 | val_acc=98.29% val_f1=0.9782 | test_acc=83.15% test_f1=0.7632
Epoch 035 | train_loss=0.0600 | val_acc=98.29% val_f1=0.9782 | test_acc=82.58% test_f1=0.7510
Epoch 036 | train_loss=0.0658 | val_acc=98.29% val_f1=0.9782 | test_acc=81.74% test_f1=0.7374
Epoch 037 | train_loss=0.0675 | val_acc=98.29% val_f1=0.9782 | test_acc=81.74% test_f1=0.7395
Epoch 038 | train_loss=0.0560 | val_acc=98.29% val_f1=0.9782 | test_acc=83.43% test_f1=0.7692
Epoch 039 | train_loss=0.0538 | val_acc=98.86% val_f1=0.9862 | test_acc=83.43% test_f1=0.7699
Epoch 040 | train_loss=0.0578 | val_acc=98.29% val_f1=0.9782 | test_acc=82.58% test_f1=0.7579
Epoch 041 | train_loss=0.0521 | val_acc=98.86% val_f1=0.9862 | test_acc=83.43% test_f1=0.7710
Epoch 042 | train_loss=0.0546 | val_acc=98.86% val_f1=0.9837 | test_acc=81.18% test_f1=0.7351
Epoch 043 | train_loss=0.0558 | val_acc=98.86% val_f1=0.9837 | test_acc=81.46% test_f1=0.7363
Epoch 044 | train_loss=0.0638 | val_acc=98.29% val_f1=0.9782 | test_acc=83.15% test_f1=0.7650
Epoch 045 | train_loss=0.0493 | val_acc=99.43% val_f1=0.9943 | test_acc=83.71% test_f1=0.7731
Epoch 046 | train_loss=0.0450 | val_acc=99.43% val_f1=0.9943 | test_acc=83.71% test_f1=0.7759
Epoch 047 | train_loss=0.0410 | val_acc=98.86% val_f1=0.9862 | test_acc=82.58% test_f1=0.7568
Epoch 048 | train_loss=0.0421 | val_acc=98.86% val_f1=0.9837 | test_acc=82.02% test_f1=0.7467
Epoch 049 | train_loss=0.0450 | val_acc=98.86% val_f1=0.9862 | test_acc=83.99% test_f1=0.7773
Epoch 050 | train_loss=0.0404 | val_acc=98.86% val_f1=0.9862 | test_acc=82.87% test_f1=0.7618
Epoch 051 | train_loss=0.0477 | val_acc=98.86% val_f1=0.9862 | test_acc=83.71% test_f1=0.7731
Epoch 052 | train_loss=0.0436 | val_acc=99.43% val_f1=0.9919 | test_acc=83.43% test_f1=0.7699
Epoch 053 | train_loss=0.0388 | val_acc=98.86% val_f1=0.9837 | test_acc=80.90% test_f1=0.7354
Epoch 054 | train_loss=0.0357 | val_acc=99.43% val_f1=0.9919 | test_acc=83.15% test_f1=0.7667
Epoch 055 | train_loss=0.0320 | val_acc=99.43% val_f1=0.9919 | test_acc=82.58% test_f1=0.7568
Epoch 056 | train_loss=0.0336 | val_acc=98.86% val_f1=0.9837 | test_acc=80.06% test_f1=0.7201
Epoch 057 | train_loss=0.0365 | val_acc=98.86% val_f1=0.9837 | test_acc=80.34% test_f1=0.7252
Epoch 058 | train_loss=0.0453 | val_acc=99.43% val_f1=0.9919 | test_acc=81.74% test_f1=0.7453
Epoch 059 | train_loss=0.0323 | val_acc=98.86% val_f1=0.9862 | test_acc=82.02% test_f1=0.7467
Epoch 060 | train_loss=0.0344 | val_acc=98.86% val_f1=0.9837 | test_acc=79.21% test_f1=0.7082
Epoch 061 | train_loss=0.0321 | val_acc=98.86% val_f1=0.9837 | test_acc=79.49% test_f1=0.7168
Early stopping at epoch 61 (best=45, score=0.994277)
================================================================================
Best epoch: 45
Best score (val_macro_f1): 0.994277
Final test accuracy: 83.71%
Saved to: ablation_experiments/h1/results/comparison_18d_baselines/inception/inception_weld_seam_windows_ws5_tf75_pg0_h1_oc16_blk3_bn32_do0.1_ep80_lr0.0001_wd0.0005_bs128_seed100
================================================================================
Comparison baseline | model=inception
================================================================================
Dataset: /home/huang_kai/wind_turbine_phm/PHOENIX-main/autoencoder_benchmark/Data/processed_data/weld_seam_windows_ws5_tf75_pg0_h1.npz
Device: cuda
Train/Val/Test: 990 / 175 / 356
Epoch 001 | train_loss=1.0433 | val_acc=25.14% val_f1=0.2341 | test_acc=26.40% test_f1=0.2552
Epoch 002 | train_loss=0.9503 | val_acc=36.00% val_f1=0.3512 | test_acc=33.99% test_f1=0.3295
Epoch 003 | train_loss=0.8837 | val_acc=45.14% val_f1=0.4666 | test_acc=37.64% test_f1=0.3719
Epoch 004 | train_loss=0.8000 | val_acc=58.29% val_f1=0.6116 | test_acc=42.98% test_f1=0.4432
Epoch 005 | train_loss=0.7347 | val_acc=70.86% val_f1=0.7220 | test_acc=52.53% test_f1=0.5611
Epoch 006 | train_loss=0.7045 | val_acc=80.00% val_f1=0.7974 | test_acc=70.51% test_f1=0.7302
Epoch 007 | train_loss=0.6221 | val_acc=86.86% val_f1=0.8647 | test_acc=81.74% test_f1=0.8117
Epoch 008 | train_loss=0.5535 | val_acc=87.43% val_f1=0.8724 | test_acc=83.15% test_f1=0.8172
Epoch 009 | train_loss=0.5152 | val_acc=89.14% val_f1=0.8901 | test_acc=88.20% test_f1=0.8620
Epoch 010 | train_loss=0.4527 | val_acc=90.86% val_f1=0.9052 | test_acc=88.76% test_f1=0.8534
Epoch 011 | train_loss=0.4034 | val_acc=90.86% val_f1=0.9052 | test_acc=89.04% test_f1=0.8551
Epoch 012 | train_loss=0.3857 | val_acc=91.43% val_f1=0.9125 | test_acc=89.89% test_f1=0.8618
Epoch 013 | train_loss=0.3212 | val_acc=92.57% val_f1=0.9255 | test_acc=88.48% test_f1=0.8338
Epoch 014 | train_loss=0.2856 | val_acc=93.14% val_f1=0.9334 | test_acc=88.76% test_f1=0.8423
Epoch 015 | train_loss=0.2580 | val_acc=94.29% val_f1=0.9447 | test_acc=89.33% test_f1=0.8467
Epoch 016 | train_loss=0.2358 | val_acc=95.43% val_f1=0.9553 | test_acc=87.08% test_f1=0.8113
Epoch 017 | train_loss=0.2220 | val_acc=97.14% val_f1=0.9721 | test_acc=88.48% test_f1=0.8374
Epoch 018 | train_loss=0.1916 | val_acc=97.71% val_f1=0.9775 | test_acc=87.08% test_f1=0.8145
Epoch 019 | train_loss=0.1805 | val_acc=97.71% val_f1=0.9775 | test_acc=87.36% test_f1=0.8175
Epoch 020 | train_loss=0.1660 | val_acc=97.71% val_f1=0.9775 | test_acc=86.80% test_f1=0.8116
Epoch 021 | train_loss=0.1469 | val_acc=97.71% val_f1=0.9775 | test_acc=87.36% test_f1=0.8186
Epoch 022 | train_loss=0.1412 | val_acc=98.29% val_f1=0.9830 | test_acc=85.67% test_f1=0.7909
Epoch 023 | train_loss=0.1347 | val_acc=97.71% val_f1=0.9775 | test_acc=85.96% test_f1=0.7917
Epoch 024 | train_loss=0.1222 | val_acc=98.29% val_f1=0.9830 | test_acc=84.27% test_f1=0.7624
Epoch 025 | train_loss=0.1230 | val_acc=98.86% val_f1=0.9886 | test_acc=85.39% test_f1=0.7858
Epoch 026 | train_loss=0.1017 | val_acc=98.86% val_f1=0.9886 | test_acc=82.02% test_f1=0.7198
Epoch 027 | train_loss=0.0998 | val_acc=98.86% val_f1=0.9886 | test_acc=84.55% test_f1=0.7746
Epoch 028 | train_loss=0.0969 | val_acc=99.43% val_f1=0.9943 | test_acc=83.15% test_f1=0.7551
Epoch 029 | train_loss=0.0813 | val_acc=99.43% val_f1=0.9943 | test_acc=82.87% test_f1=0.7475
Epoch 030 | train_loss=0.0807 | val_acc=99.43% val_f1=0.9943 | test_acc=83.43% test_f1=0.7603
Epoch 031 | train_loss=0.0786 | val_acc=99.43% val_f1=0.9943 | test_acc=82.58% test_f1=0.7420
Epoch 032 | train_loss=0.0766 | val_acc=98.86% val_f1=0.9886 | test_acc=83.43% test_f1=0.7581
Epoch 033 | train_loss=0.0673 | val_acc=98.86% val_f1=0.9886 | test_acc=83.43% test_f1=0.7581
Epoch 034 | train_loss=0.0577 | val_acc=98.86% val_f1=0.9886 | test_acc=82.02% test_f1=0.7310
Epoch 035 | train_loss=0.0879 | val_acc=100.00% val_f1=1.0000 | test_acc=83.43% test_f1=0.7624
Epoch 036 | train_loss=0.0548 | val_acc=100.00% val_f1=1.0000 | test_acc=80.62% test_f1=0.7156
Epoch 037 | train_loss=0.0630 | val_acc=100.00% val_f1=1.0000 | test_acc=82.58% test_f1=0.7444
Epoch 038 | train_loss=0.0657 | val_acc=100.00% val_f1=1.0000 | test_acc=83.15% test_f1=0.7551
Epoch 039 | train_loss=0.0508 | val_acc=98.86% val_f1=0.9886 | test_acc=85.39% test_f1=0.7918
Epoch 040 | train_loss=0.0571 | val_acc=98.29% val_f1=0.9830 | test_acc=84.55% test_f1=0.7767
Epoch 041 | train_loss=0.0641 | val_acc=100.00% val_f1=1.0000 | test_acc=82.87% test_f1=0.7520
Epoch 042 | train_loss=0.0445 | val_acc=100.00% val_f1=1.0000 | test_acc=82.58% test_f1=0.7489
Epoch 043 | train_loss=0.0418 | val_acc=100.00% val_f1=1.0000 | test_acc=82.58% test_f1=0.7489
Epoch 044 | train_loss=0.0446 | val_acc=100.00% val_f1=1.0000 | test_acc=80.90% test_f1=0.7212
Epoch 045 | train_loss=0.0480 | val_acc=100.00% val_f1=1.0000 | test_acc=82.02% test_f1=0.7383
Epoch 046 | train_loss=0.0432 | val_acc=100.00% val_f1=1.0000 | test_acc=83.15% test_f1=0.7593
Epoch 047 | train_loss=0.0461 | val_acc=100.00% val_f1=1.0000 | test_acc=82.30% test_f1=0.7436
Epoch 048 | train_loss=0.0382 | val_acc=99.43% val_f1=0.9943 | test_acc=83.43% test_f1=0.7624
Epoch 049 | train_loss=0.0491 | val_acc=100.00% val_f1=1.0000 | test_acc=80.90% test_f1=0.7257
Epoch 050 | train_loss=0.0384 | val_acc=100.00% val_f1=1.0000 | test_acc=81.74% test_f1=0.7329
Epoch 051 | train_loss=0.0395 | val_acc=100.00% val_f1=1.0000 | test_acc=84.55% test_f1=0.7843
Early stopping at epoch 51 (best=35, score=1.000000)
================================================================================
Best epoch: 35
Best score (val_macro_f1): 1.000000
Final test accuracy: 83.43%
Saved to: ablation_experiments/h1/results/comparison_18d_baselines/inception/inception_weld_seam_windows_ws5_tf75_pg0_h1_oc16_blk3_bn32_do0.1_ep80_lr0.0001_wd0.0005_bs128_seed183
================================================================================
Comparison baseline | model=inception
================================================================================
Dataset: /home/huang_kai/wind_turbine_phm/PHOENIX-main/autoencoder_benchmark/Data/processed_data/weld_seam_windows_ws5_tf75_pg0_h1.npz
Device: cuda
Train/Val/Test: 990 / 175 / 356
Epoch 001 | train_loss=1.1206 | val_acc=32.57% val_f1=0.3221 | test_acc=23.60% test_f1=0.1888
Epoch 002 | train_loss=1.0225 | val_acc=46.29% val_f1=0.4550 | test_acc=33.99% test_f1=0.3328
Epoch 003 | train_loss=0.9289 | val_acc=66.86% val_f1=0.6716 | test_acc=49.16% test_f1=0.5065
Epoch 004 | train_loss=0.8650 | val_acc=78.86% val_f1=0.7938 | test_acc=59.55% test_f1=0.6164
Epoch 005 | train_loss=0.8054 | val_acc=81.14% val_f1=0.8122 | test_acc=68.26% test_f1=0.7118
Epoch 006 | train_loss=0.7245 | val_acc=84.00% val_f1=0.8387 | test_acc=74.72% test_f1=0.7662
Epoch 007 | train_loss=0.6948 | val_acc=85.71% val_f1=0.8561 | test_acc=80.34% test_f1=0.8144
Epoch 008 | train_loss=0.6421 | val_acc=88.00% val_f1=0.8753 | test_acc=84.55% test_f1=0.8456
Epoch 009 | train_loss=0.5778 | val_acc=89.14% val_f1=0.8882 | test_acc=87.36% test_f1=0.8636
Epoch 010 | train_loss=0.5440 | val_acc=93.14% val_f1=0.9295 | test_acc=89.89% test_f1=0.8789
Epoch 011 | train_loss=0.4768 | val_acc=94.86% val_f1=0.9508 | test_acc=89.89% test_f1=0.8728
Epoch 012 | train_loss=0.4470 | val_acc=94.29% val_f1=0.9456 | test_acc=90.17% test_f1=0.8807
Epoch 013 | train_loss=0.4073 | val_acc=93.71% val_f1=0.9405 | test_acc=89.33% test_f1=0.8681
Epoch 014 | train_loss=0.3715 | val_acc=94.29% val_f1=0.9456 | test_acc=89.04% test_f1=0.8619
Epoch 015 | train_loss=0.3328 | val_acc=94.86% val_f1=0.9508 | test_acc=88.76% test_f1=0.8555
Epoch 016 | train_loss=0.3159 | val_acc=95.43% val_f1=0.9560 | test_acc=90.17% test_f1=0.8732
Epoch 017 | train_loss=0.2964 | val_acc=94.29% val_f1=0.9434 | test_acc=89.04% test_f1=0.8557
Epoch 018 | train_loss=0.2757 | val_acc=95.43% val_f1=0.9560 | test_acc=90.17% test_f1=0.8726
Epoch 019 | train_loss=0.2514 | val_acc=94.86% val_f1=0.9485 | test_acc=87.08% test_f1=0.8257
Epoch 020 | train_loss=0.2153 | val_acc=94.86% val_f1=0.9485 | test_acc=85.96% test_f1=0.8025
Epoch 021 | train_loss=0.2334 | val_acc=94.86% val_f1=0.9485 | test_acc=86.24% test_f1=0.8123
Epoch 022 | train_loss=0.2098 | val_acc=94.86% val_f1=0.9485 | test_acc=88.76% test_f1=0.8525
Epoch 023 | train_loss=0.2002 | val_acc=94.86% val_f1=0.9485 | test_acc=89.33% test_f1=0.8602
Epoch 024 | train_loss=0.1754 | val_acc=95.43% val_f1=0.9538 | test_acc=87.92% test_f1=0.8406
Epoch 025 | train_loss=0.1661 | val_acc=94.86% val_f1=0.9485 | test_acc=87.36% test_f1=0.8316
Epoch 026 | train_loss=0.1462 | val_acc=94.86% val_f1=0.9485 | test_acc=86.52% test_f1=0.8179
Epoch 027 | train_loss=0.1557 | val_acc=95.43% val_f1=0.9538 | test_acc=83.71% test_f1=0.7705
Epoch 028 | train_loss=0.1580 | val_acc=94.86% val_f1=0.9485 | test_acc=86.24% test_f1=0.8148
Epoch 029 | train_loss=0.1372 | val_acc=95.43% val_f1=0.9538 | test_acc=85.67% test_f1=0.8070
Epoch 030 | train_loss=0.1121 | val_acc=95.43% val_f1=0.9538 | test_acc=82.02% test_f1=0.7427
Epoch 031 | train_loss=0.1338 | val_acc=95.43% val_f1=0.9538 | test_acc=81.18% test_f1=0.7265
Epoch 032 | train_loss=0.1249 | val_acc=95.43% val_f1=0.9538 | test_acc=83.15% test_f1=0.7663
Early stopping at epoch 32 (best=16, score=0.956033)
================================================================================
Best epoch: 16
Best score (val_macro_f1): 0.956033
Final test accuracy: 90.17%
Saved to: ablation_experiments/h1/results/comparison_18d_baselines/inception/inception_weld_seam_windows_ws5_tf75_pg0_h1_oc24_blk3_bn32_do0.2_ep80_lr0.0001_wd0.0005_bs128_seed14
================================================================================
Comparison baseline | model=inception
================================================================================
Dataset: /home/huang_kai/wind_turbine_phm/PHOENIX-main/autoencoder_benchmark/Data/processed_data/weld_seam_windows_ws5_tf75_pg0_h1.npz
Device: cuda
Train/Val/Test: 990 / 175 / 356
Epoch 001 | train_loss=1.1343 | val_acc=28.00% val_f1=0.2909 | test_acc=20.51% test_f1=0.2181
Epoch 002 | train_loss=1.0041 | val_acc=34.29% val_f1=0.3471 | test_acc=30.90% test_f1=0.3395
Epoch 003 | train_loss=0.9031 | val_acc=42.29% val_f1=0.4233 | test_acc=33.99% test_f1=0.3629
Epoch 004 | train_loss=0.8285 | val_acc=63.43% val_f1=0.6328 | test_acc=42.13% test_f1=0.4711
Epoch 005 | train_loss=0.7654 | val_acc=78.86% val_f1=0.7719 | test_acc=59.27% test_f1=0.6357
Epoch 006 | train_loss=0.6869 | val_acc=85.71% val_f1=0.8458 | test_acc=66.57% test_f1=0.6980
Epoch 007 | train_loss=0.6388 | val_acc=85.71% val_f1=0.8458 | test_acc=70.79% test_f1=0.7297
Epoch 008 | train_loss=0.5769 | val_acc=86.29% val_f1=0.8507 | test_acc=71.63% test_f1=0.7380
Epoch 009 | train_loss=0.5332 | val_acc=88.57% val_f1=0.8765 | test_acc=72.19% test_f1=0.7372
Epoch 010 | train_loss=0.4906 | val_acc=88.57% val_f1=0.8765 | test_acc=75.84% test_f1=0.7580
Epoch 011 | train_loss=0.4416 | val_acc=90.86% val_f1=0.9082 | test_acc=76.40% test_f1=0.7594
Epoch 012 | train_loss=0.4169 | val_acc=90.86% val_f1=0.9082 | test_acc=77.53% test_f1=0.7629
Epoch 013 | train_loss=0.3668 | val_acc=90.86% val_f1=0.9082 | test_acc=78.09% test_f1=0.7689
Epoch 014 | train_loss=0.3421 | val_acc=92.00% val_f1=0.9241 | test_acc=79.78% test_f1=0.7730
Epoch 015 | train_loss=0.3328 | val_acc=92.00% val_f1=0.9241 | test_acc=81.18% test_f1=0.7833
Epoch 016 | train_loss=0.2897 | val_acc=92.00% val_f1=0.9241 | test_acc=80.06% test_f1=0.7684
Epoch 017 | train_loss=0.2861 | val_acc=92.00% val_f1=0.9241 | test_acc=80.06% test_f1=0.7702
Epoch 018 | train_loss=0.2459 | val_acc=92.57% val_f1=0.9292 | test_acc=81.46% test_f1=0.7786
Epoch 019 | train_loss=0.2511 | val_acc=93.14% val_f1=0.9343 | test_acc=83.71% test_f1=0.7929
Epoch 020 | train_loss=0.2375 | val_acc=93.14% val_f1=0.9343 | test_acc=84.83% test_f1=0.8039
Epoch 021 | train_loss=0.2097 | val_acc=93.71% val_f1=0.9395 | test_acc=84.83% test_f1=0.8014
Epoch 022 | train_loss=0.1992 | val_acc=93.71% val_f1=0.9395 | test_acc=84.83% test_f1=0.8014
Epoch 023 | train_loss=0.1854 | val_acc=94.29% val_f1=0.9456 | test_acc=84.55% test_f1=0.7983
Epoch 024 | train_loss=0.1687 | val_acc=94.29% val_f1=0.9456 | test_acc=84.55% test_f1=0.7983
Epoch 025 | train_loss=0.1837 | val_acc=96.57% val_f1=0.9667 | test_acc=83.99% test_f1=0.7881
Epoch 026 | train_loss=0.1603 | val_acc=96.57% val_f1=0.9667 | test_acc=84.27% test_f1=0.7932
Epoch 027 | train_loss=0.1520 | val_acc=96.57% val_f1=0.9667 | test_acc=84.27% test_f1=0.7942
Epoch 028 | train_loss=0.1454 | val_acc=96.57% val_f1=0.9667 | test_acc=84.55% test_f1=0.7949
Epoch 029 | train_loss=0.1329 | val_acc=96.57% val_f1=0.9667 | test_acc=84.83% test_f1=0.7980
Epoch 030 | train_loss=0.1221 | val_acc=96.57% val_f1=0.9667 | test_acc=84.55% test_f1=0.7949
Epoch 031 | train_loss=0.1103 | val_acc=98.86% val_f1=0.9886 | test_acc=83.43% test_f1=0.7792
Epoch 032 | train_loss=0.1162 | val_acc=99.43% val_f1=0.9943 | test_acc=82.30% test_f1=0.7621
Epoch 033 | train_loss=0.1026 | val_acc=98.86% val_f1=0.9886 | test_acc=83.43% test_f1=0.7792
Epoch 034 | train_loss=0.1023 | val_acc=98.86% val_f1=0.9886 | test_acc=84.27% test_f1=0.7932
Epoch 035 | train_loss=0.1066 | val_acc=99.43% val_f1=0.9943 | test_acc=83.43% test_f1=0.7810
Epoch 036 | train_loss=0.0974 | val_acc=99.43% val_f1=0.9943 | test_acc=82.30% test_f1=0.7651
Epoch 037 | train_loss=0.0945 | val_acc=99.43% val_f1=0.9943 | test_acc=81.74% test_f1=0.7570
Epoch 038 | train_loss=0.1019 | val_acc=99.43% val_f1=0.9943 | test_acc=83.43% test_f1=0.7835
Epoch 039 | train_loss=0.0926 | val_acc=99.43% val_f1=0.9943 | test_acc=83.15% test_f1=0.7802
Epoch 040 | train_loss=0.0836 | val_acc=99.43% val_f1=0.9943 | test_acc=82.02% test_f1=0.7615
Epoch 041 | train_loss=0.0840 | val_acc=99.43% val_f1=0.9943 | test_acc=82.87% test_f1=0.7756
Epoch 042 | train_loss=0.0739 | val_acc=99.43% val_f1=0.9943 | test_acc=81.18% test_f1=0.7476
Epoch 043 | train_loss=0.0693 | val_acc=100.00% val_f1=1.0000 | test_acc=80.90% test_f1=0.7428
Epoch 044 | train_loss=0.0808 | val_acc=99.43% val_f1=0.9943 | test_acc=83.43% test_f1=0.7859
Epoch 045 | train_loss=0.0796 | val_acc=99.43% val_f1=0.9943 | test_acc=82.87% test_f1=0.7756
Epoch 046 | train_loss=0.0926 | val_acc=99.43% val_f1=0.9943 | test_acc=83.15% test_f1=0.7802
Epoch 047 | train_loss=0.0732 | val_acc=99.43% val_f1=0.9943 | test_acc=81.74% test_f1=0.7570
Epoch 048 | train_loss=0.0758 | val_acc=99.43% val_f1=0.9943 | test_acc=82.87% test_f1=0.7756
Epoch 049 | train_loss=0.0725 | val_acc=99.43% val_f1=0.9943 | test_acc=82.30% test_f1=0.7689
Epoch 050 | train_loss=0.0676 | val_acc=99.43% val_f1=0.9943 | test_acc=82.87% test_f1=0.7756
Epoch 051 | train_loss=0.0628 | val_acc=99.43% val_f1=0.9943 | test_acc=82.87% test_f1=0.7756
Epoch 052 | train_loss=0.0802 | val_acc=99.43% val_f1=0.9943 | test_acc=82.87% test_f1=0.7756
Epoch 053 | train_loss=0.0631 | val_acc=99.43% val_f1=0.9943 | test_acc=82.02% test_f1=0.7643
Epoch 054 | train_loss=0.0668 | val_acc=99.43% val_f1=0.9943 | test_acc=82.87% test_f1=0.7756
Epoch 055 | train_loss=0.0647 | val_acc=99.43% val_f1=0.9943 | test_acc=82.87% test_f1=0.7756
Epoch 056 | train_loss=0.0558 | val_acc=99.43% val_f1=0.9943 | test_acc=82.87% test_f1=0.7756
Epoch 057 | train_loss=0.0582 | val_acc=99.43% val_f1=0.9943 | test_acc=82.87% test_f1=0.7756
Epoch 058 | train_loss=0.0670 | val_acc=99.43% val_f1=0.9943 | test_acc=82.02% test_f1=0.7617
Epoch 059 | train_loss=0.0663 | val_acc=99.43% val_f1=0.9943 | test_acc=82.30% test_f1=0.7690
Early stopping at epoch 59 (best=43, score=1.000000)
================================================================================
Best epoch: 43
Best score (val_macro_f1): 1.000000
Final test accuracy: 80.90%
Saved to: ablation_experiments/h1/results/comparison_18d_baselines/inception/inception_weld_seam_windows_ws5_tf75_pg0_h1_oc24_blk3_bn32_do0.2_ep80_lr0.0001_wd0.0005_bs128_seed42
================================================================================
Comparison baseline | model=inception
================================================================================
Dataset: /home/huang_kai/wind_turbine_phm/PHOENIX-main/autoencoder_benchmark/Data/processed_data/weld_seam_windows_ws5_tf75_pg0_h1.npz
Device: cuda
Train/Val/Test: 990 / 175 / 356
Epoch 001 | train_loss=1.0485 | val_acc=73.71% val_f1=0.7467 | test_acc=44.66% test_f1=0.4801
Epoch 002 | train_loss=0.9540 | val_acc=82.86% val_f1=0.8164 | test_acc=68.82% test_f1=0.7171
Epoch 003 | train_loss=0.8581 | val_acc=85.71% val_f1=0.8331 | test_acc=87.36% test_f1=0.8672
Epoch 004 | train_loss=0.7836 | val_acc=86.86% val_f1=0.8432 | test_acc=92.98% test_f1=0.9179
Epoch 005 | train_loss=0.7176 | val_acc=88.00% val_f1=0.8564 | test_acc=94.38% test_f1=0.9354
Epoch 006 | train_loss=0.6475 | val_acc=89.71% val_f1=0.8810 | test_acc=94.66% test_f1=0.9354
Epoch 007 | train_loss=0.6079 | val_acc=89.71% val_f1=0.8840 | test_acc=94.66% test_f1=0.9354
Epoch 008 | train_loss=0.5497 | val_acc=92.00% val_f1=0.9163 | test_acc=94.38% test_f1=0.9283
Epoch 009 | train_loss=0.4972 | val_acc=92.57% val_f1=0.9214 | test_acc=94.38% test_f1=0.9250
Epoch 010 | train_loss=0.4551 | val_acc=92.57% val_f1=0.9214 | test_acc=94.38% test_f1=0.9250
Epoch 011 | train_loss=0.4104 | val_acc=93.14% val_f1=0.9295 | test_acc=94.38% test_f1=0.9250
Epoch 012 | train_loss=0.3744 | val_acc=93.14% val_f1=0.9324 | test_acc=94.10% test_f1=0.9207
Epoch 013 | train_loss=0.3374 | val_acc=93.14% val_f1=0.9324 | test_acc=94.38% test_f1=0.9250
Epoch 014 | train_loss=0.3176 | val_acc=96.00% val_f1=0.9613 | test_acc=93.54% test_f1=0.9118
Epoch 015 | train_loss=0.2900 | val_acc=95.43% val_f1=0.9560 | test_acc=93.54% test_f1=0.9104
Epoch 016 | train_loss=0.2624 | val_acc=94.86% val_f1=0.9508 | test_acc=93.54% test_f1=0.9104
Epoch 017 | train_loss=0.2447 | val_acc=96.57% val_f1=0.9667 | test_acc=92.70% test_f1=0.8988
Epoch 018 | train_loss=0.2303 | val_acc=97.14% val_f1=0.9721 | test_acc=92.13% test_f1=0.8929
Epoch 019 | train_loss=0.2375 | val_acc=97.14% val_f1=0.9721 | test_acc=92.13% test_f1=0.8929
Epoch 020 | train_loss=0.2181 | val_acc=97.14% val_f1=0.9721 | test_acc=91.57% test_f1=0.8842
Epoch 021 | train_loss=0.1910 | val_acc=98.86% val_f1=0.9886 | test_acc=90.73% test_f1=0.8723
Epoch 022 | train_loss=0.1744 | val_acc=97.14% val_f1=0.9721 | test_acc=91.29% test_f1=0.8782
Epoch 023 | train_loss=0.1637 | val_acc=98.86% val_f1=0.9886 | test_acc=90.45% test_f1=0.8679
Epoch 024 | train_loss=0.1383 | val_acc=98.86% val_f1=0.9886 | test_acc=89.61% test_f1=0.8542
Epoch 025 | train_loss=0.1642 | val_acc=98.86% val_f1=0.9886 | test_acc=89.61% test_f1=0.8574
Epoch 026 | train_loss=0.1233 | val_acc=99.43% val_f1=0.9943 | test_acc=88.48% test_f1=0.8408
Epoch 027 | train_loss=0.1418 | val_acc=100.00% val_f1=1.0000 | test_acc=85.96% test_f1=0.7996
Epoch 028 | train_loss=0.1109 | val_acc=98.86% val_f1=0.9886 | test_acc=87.64% test_f1=0.8267
Epoch 029 | train_loss=0.1109 | val_acc=98.86% val_f1=0.9886 | test_acc=89.89% test_f1=0.8619
Epoch 030 | train_loss=0.1160 | val_acc=98.86% val_f1=0.9886 | test_acc=89.33% test_f1=0.8544
Epoch 031 | train_loss=0.1143 | val_acc=99.43% val_f1=0.9943 | test_acc=88.76% test_f1=0.8484
Epoch 032 | train_loss=0.0971 | val_acc=100.00% val_f1=1.0000 | test_acc=87.64% test_f1=0.8301
Epoch 033 | train_loss=0.0974 | val_acc=100.00% val_f1=1.0000 | test_acc=86.52% test_f1=0.8130
Epoch 034 | train_loss=0.0958 | val_acc=100.00% val_f1=1.0000 | test_acc=86.24% test_f1=0.8082
Epoch 035 | train_loss=0.0936 | val_acc=100.00% val_f1=1.0000 | test_acc=85.11% test_f1=0.7925
Epoch 036 | train_loss=0.0860 | val_acc=100.00% val_f1=1.0000 | test_acc=87.08% test_f1=0.8270
Epoch 037 | train_loss=0.0897 | val_acc=100.00% val_f1=1.0000 | test_acc=88.76% test_f1=0.8484
Epoch 038 | train_loss=0.0969 | val_acc=100.00% val_f1=1.0000 | test_acc=88.76% test_f1=0.8484
Epoch 039 | train_loss=0.0803 | val_acc=100.00% val_f1=1.0000 | test_acc=86.52% test_f1=0.8130
Epoch 040 | train_loss=0.0794 | val_acc=100.00% val_f1=1.0000 | test_acc=85.96% test_f1=0.8085
Epoch 041 | train_loss=0.0816 | val_acc=100.00% val_f1=1.0000 | test_acc=86.24% test_f1=0.8100
Epoch 042 | train_loss=0.0714 | val_acc=100.00% val_f1=1.0000 | test_acc=86.24% test_f1=0.8082
Epoch 043 | train_loss=0.0715 | val_acc=100.00% val_f1=1.0000 | test_acc=82.58% test_f1=0.7657
Early stopping at epoch 43 (best=27, score=1.000000)
================================================================================
Best epoch: 27
Best score (val_macro_f1): 1.000000
Final test accuracy: 85.96%
Saved to: ablation_experiments/h1/results/comparison_18d_baselines/inception/inception_weld_seam_windows_ws5_tf75_pg0_h1_oc24_blk3_bn32_do0.2_ep80_lr0.0001_wd0.0005_bs128_seed77
================================================================================
Comparison baseline | model=inception
================================================================================
Dataset: /home/huang_kai/wind_turbine_phm/PHOENIX-main/autoencoder_benchmark/Data/processed_data/weld_seam_windows_ws5_tf75_pg0_h1.npz
Device: cuda
Train/Val/Test: 990 / 175 / 356
Epoch 001 | train_loss=1.0321 | val_acc=22.86% val_f1=0.1240 | test_acc=22.75% test_f1=0.1461
Epoch 002 | train_loss=0.9066 | val_acc=39.43% val_f1=0.3349 | test_acc=26.12% test_f1=0.2246
Epoch 003 | train_loss=0.8713 | val_acc=60.00% val_f1=0.5915 | test_acc=32.87% test_f1=0.3514
Epoch 004 | train_loss=0.7818 | val_acc=67.43% val_f1=0.6769 | test_acc=41.29% test_f1=0.4545
Epoch 005 | train_loss=0.7336 | val_acc=69.14% val_f1=0.6960 | test_acc=54.78% test_f1=0.5944
Epoch 006 | train_loss=0.6622 | val_acc=76.00% val_f1=0.7630 | test_acc=64.89% test_f1=0.6698
Epoch 007 | train_loss=0.6260 | val_acc=80.57% val_f1=0.8055 | test_acc=75.84% test_f1=0.7504
Epoch 008 | train_loss=0.5605 | val_acc=84.57% val_f1=0.8393 | test_acc=82.87% test_f1=0.8016
Epoch 009 | train_loss=0.5306 | val_acc=86.29% val_f1=0.8534 | test_acc=87.36% test_f1=0.8373
Epoch 010 | train_loss=0.4965 | val_acc=86.86% val_f1=0.8552 | test_acc=89.04% test_f1=0.8548
Epoch 011 | train_loss=0.4625 | val_acc=90.86% val_f1=0.9024 | test_acc=87.08% test_f1=0.8213
Epoch 012 | train_loss=0.4041 | val_acc=93.14% val_f1=0.9254 | test_acc=86.24% test_f1=0.7997
Epoch 013 | train_loss=0.3978 | val_acc=92.00% val_f1=0.9154 | test_acc=88.20% test_f1=0.8319
Epoch 014 | train_loss=0.3788 | val_acc=92.57% val_f1=0.9203 | test_acc=87.08% test_f1=0.8098
Epoch 015 | train_loss=0.3296 | val_acc=92.57% val_f1=0.9203 | test_acc=85.96% test_f1=0.7895
Epoch 016 | train_loss=0.2998 | val_acc=94.29% val_f1=0.9385 | test_acc=84.27% test_f1=0.7599
Epoch 017 | train_loss=0.2842 | val_acc=94.29% val_f1=0.9385 | test_acc=86.52% test_f1=0.7997
Epoch 018 | train_loss=0.2537 | val_acc=94.86% val_f1=0.9436 | test_acc=85.96% test_f1=0.7917
Epoch 019 | train_loss=0.2504 | val_acc=95.43% val_f1=0.9488 | test_acc=85.67% test_f1=0.7865
Epoch 020 | train_loss=0.2168 | val_acc=95.43% val_f1=0.9488 | test_acc=83.43% test_f1=0.7431
Epoch 021 | train_loss=0.2031 | val_acc=94.86% val_f1=0.9436 | test_acc=84.55% test_f1=0.7653
Epoch 022 | train_loss=0.2077 | val_acc=96.00% val_f1=0.9540 | test_acc=82.87% test_f1=0.7315
Epoch 023 | train_loss=0.1803 | val_acc=97.71% val_f1=0.9701 | test_acc=79.78% test_f1=0.6837
Epoch 024 | train_loss=0.1710 | val_acc=96.57% val_f1=0.9593 | test_acc=82.58% test_f1=0.7286
Epoch 025 | train_loss=0.1732 | val_acc=96.57% val_f1=0.9593 | test_acc=82.58% test_f1=0.7286
Epoch 026 | train_loss=0.1740 | val_acc=97.71% val_f1=0.9701 | test_acc=81.18% test_f1=0.7017
Epoch 027 | train_loss=0.1430 | val_acc=97.71% val_f1=0.9701 | test_acc=80.62% test_f1=0.7050
Epoch 028 | train_loss=0.1288 | val_acc=97.71% val_f1=0.9701 | test_acc=83.99% test_f1=0.7594
Epoch 029 | train_loss=0.1343 | val_acc=97.71% val_f1=0.9701 | test_acc=83.43% test_f1=0.7558
Epoch 030 | train_loss=0.1333 | val_acc=97.71% val_f1=0.9701 | test_acc=84.83% test_f1=0.7754
Epoch 031 | train_loss=0.1109 | val_acc=97.71% val_f1=0.9701 | test_acc=81.74% test_f1=0.7253
Epoch 032 | train_loss=0.1069 | val_acc=97.71% val_f1=0.9701 | test_acc=81.18% test_f1=0.7138
Epoch 033 | train_loss=0.1205 | val_acc=97.71% val_f1=0.9701 | test_acc=80.34% test_f1=0.7020
Epoch 034 | train_loss=0.0994 | val_acc=97.71% val_f1=0.9701 | test_acc=82.30% test_f1=0.7414
Epoch 035 | train_loss=0.1123 | val_acc=97.71% val_f1=0.9701 | test_acc=83.15% test_f1=0.7528
Epoch 036 | train_loss=0.1107 | val_acc=97.71% val_f1=0.9701 | test_acc=82.02% test_f1=0.7359
Epoch 037 | train_loss=0.0905 | val_acc=97.71% val_f1=0.9701 | test_acc=80.62% test_f1=0.7078
Epoch 038 | train_loss=0.0943 | val_acc=97.71% val_f1=0.9701 | test_acc=80.06% test_f1=0.7017
Epoch 039 | train_loss=0.0916 | val_acc=98.29% val_f1=0.9755 | test_acc=77.25% test_f1=0.6498
Epoch 040 | train_loss=0.0878 | val_acc=98.29% val_f1=0.9755 | test_acc=79.49% test_f1=0.6899
Epoch 041 | train_loss=0.0970 | val_acc=98.29% val_f1=0.9782 | test_acc=82.02% test_f1=0.7359
Epoch 042 | train_loss=0.0945 | val_acc=98.86% val_f1=0.9862 | test_acc=82.02% test_f1=0.7335
Epoch 043 | train_loss=0.0705 | val_acc=98.29% val_f1=0.9782 | test_acc=81.18% test_f1=0.7218
Epoch 044 | train_loss=0.0765 | val_acc=98.29% val_f1=0.9755 | test_acc=79.49% test_f1=0.6928
Epoch 045 | train_loss=0.0787 | val_acc=98.29% val_f1=0.9755 | test_acc=79.78% test_f1=0.6986
Epoch 046 | train_loss=0.0669 | val_acc=97.71% val_f1=0.9701 | test_acc=81.46% test_f1=0.7249
Epoch 047 | train_loss=0.0771 | val_acc=98.29% val_f1=0.9755 | test_acc=79.49% test_f1=0.6981
Epoch 048 | train_loss=0.0770 | val_acc=97.71% val_f1=0.9701 | test_acc=81.74% test_f1=0.7305
Epoch 049 | train_loss=0.0589 | val_acc=98.29% val_f1=0.9755 | test_acc=79.49% test_f1=0.6981
Epoch 050 | train_loss=0.0760 | val_acc=98.29% val_f1=0.9755 | test_acc=78.37% test_f1=0.6747
Epoch 051 | train_loss=0.0644 | val_acc=99.43% val_f1=0.9919 | test_acc=80.62% test_f1=0.7181
Epoch 052 | train_loss=0.0589 | val_acc=98.29% val_f1=0.9755 | test_acc=79.78% test_f1=0.7013
Epoch 053 | train_loss=0.0674 | val_acc=98.29% val_f1=0.9755 | test_acc=79.78% test_f1=0.7013
Epoch 054 | train_loss=0.0701 | val_acc=98.29% val_f1=0.9755 | test_acc=78.65% test_f1=0.6861
Epoch 055 | train_loss=0.0588 | val_acc=99.43% val_f1=0.9919 | test_acc=80.62% test_f1=0.7181
Epoch 056 | train_loss=0.0571 | val_acc=98.29% val_f1=0.9755 | test_acc=79.49% test_f1=0.6981
Epoch 057 | train_loss=0.0529 | val_acc=98.29% val_f1=0.9755 | test_acc=79.21% test_f1=0.6950
Epoch 058 | train_loss=0.0683 | val_acc=99.43% val_f1=0.9919 | test_acc=79.21% test_f1=0.6998
Epoch 059 | train_loss=0.0649 | val_acc=98.29% val_f1=0.9755 | test_acc=79.21% test_f1=0.6897
Epoch 060 | train_loss=0.0600 | val_acc=98.86% val_f1=0.9862 | test_acc=82.87% test_f1=0.7520
Epoch 061 | train_loss=0.0487 | val_acc=98.86% val_f1=0.9862 | test_acc=81.18% test_f1=0.7243
Epoch 062 | train_loss=0.0571 | val_acc=98.86% val_f1=0.9862 | test_acc=81.18% test_f1=0.7243
Epoch 063 | train_loss=0.0500 | val_acc=99.43% val_f1=0.9919 | test_acc=80.90% test_f1=0.7212
Epoch 064 | train_loss=0.0581 | val_acc=98.86% val_f1=0.9862 | test_acc=82.02% test_f1=0.7405
Epoch 065 | train_loss=0.0673 | val_acc=99.43% val_f1=0.9919 | test_acc=82.02% test_f1=0.7426
Epoch 066 | train_loss=0.0603 | val_acc=99.43% val_f1=0.9919 | test_acc=80.06% test_f1=0.7094
Epoch 067 | train_loss=0.0651 | val_acc=99.43% val_f1=0.9919 | test_acc=80.34% test_f1=0.7125
Early stopping at epoch 67 (best=51, score=0.991859)
================================================================================
Best epoch: 51
Best score (val_macro_f1): 0.991859
Final test accuracy: 80.62%
Saved to: ablation_experiments/h1/results/comparison_18d_baselines/inception/inception_weld_seam_windows_ws5_tf75_pg0_h1_oc24_blk3_bn32_do0.2_ep80_lr0.0001_wd0.0005_bs128_seed100
================================================================================
Comparison baseline | model=inception
================================================================================
Dataset: /home/huang_kai/wind_turbine_phm/PHOENIX-main/autoencoder_benchmark/Data/processed_data/weld_seam_windows_ws5_tf75_pg0_h1.npz
Device: cuda
Train/Val/Test: 990 / 175 / 356
Epoch 001 | train_loss=1.2266 | val_acc=58.86% val_f1=0.3734 | test_acc=57.30% test_f1=0.3424
Epoch 002 | train_loss=1.0666 | val_acc=71.43% val_f1=0.5230 | test_acc=61.24% test_f1=0.5115
Epoch 003 | train_loss=0.9812 | val_acc=68.57% val_f1=0.5225 | test_acc=55.34% test_f1=0.4968
Epoch 004 | train_loss=0.9086 | val_acc=69.14% val_f1=0.5621 | test_acc=64.33% test_f1=0.5724
Epoch 005 | train_loss=0.8201 | val_acc=76.57% val_f1=0.6634 | test_acc=76.97% test_f1=0.6921
Epoch 006 | train_loss=0.7666 | val_acc=81.71% val_f1=0.7530 | test_acc=85.67% test_f1=0.8079
Epoch 007 | train_loss=0.7190 | val_acc=84.00% val_f1=0.7821 | test_acc=91.01% test_f1=0.8878
Epoch 008 | train_loss=0.6657 | val_acc=87.43% val_f1=0.8304 | test_acc=91.57% test_f1=0.9027
Epoch 009 | train_loss=0.6206 | val_acc=89.14% val_f1=0.8562 | test_acc=92.70% test_f1=0.9176
Epoch 010 | train_loss=0.5501 | val_acc=90.86% val_f1=0.8767 | test_acc=91.85% test_f1=0.9067
Epoch 011 | train_loss=0.5332 | val_acc=91.43% val_f1=0.8873 | test_acc=92.13% test_f1=0.9088
Epoch 012 | train_loss=0.4941 | val_acc=92.00% val_f1=0.8990 | test_acc=92.42% test_f1=0.9112
Epoch 013 | train_loss=0.4548 | val_acc=93.71% val_f1=0.9213 | test_acc=91.01% test_f1=0.8900
Epoch 014 | train_loss=0.4208 | val_acc=93.71% val_f1=0.9213 | test_acc=90.73% test_f1=0.8858
Epoch 015 | train_loss=0.3939 | val_acc=94.86% val_f1=0.9365 | test_acc=89.61% test_f1=0.8679
Epoch 016 | train_loss=0.3623 | val_acc=95.43% val_f1=0.9447 | test_acc=89.04% test_f1=0.8593
Epoch 017 | train_loss=0.3223 | val_acc=95.43% val_f1=0.9447 | test_acc=89.04% test_f1=0.8604
Epoch 018 | train_loss=0.3192 | val_acc=95.43% val_f1=0.9447 | test_acc=89.89% test_f1=0.8722
Epoch 019 | train_loss=0.3062 | val_acc=95.43% val_f1=0.9447 | test_acc=90.17% test_f1=0.8742
Epoch 020 | train_loss=0.2941 | val_acc=95.43% val_f1=0.9447 | test_acc=89.04% test_f1=0.8589
Epoch 021 | train_loss=0.2519 | val_acc=96.00% val_f1=0.9530 | test_acc=88.48% test_f1=0.8481
Epoch 022 | train_loss=0.2512 | val_acc=96.00% val_f1=0.9530 | test_acc=87.08% test_f1=0.8279
Epoch 023 | train_loss=0.2504 | val_acc=96.57% val_f1=0.9612 | test_acc=87.36% test_f1=0.8301
Epoch 024 | train_loss=0.2291 | val_acc=96.00% val_f1=0.9530 | test_acc=88.20% test_f1=0.8445
Epoch 025 | train_loss=0.2219 | val_acc=96.00% val_f1=0.9530 | test_acc=88.20% test_f1=0.8445
Epoch 026 | train_loss=0.2012 | val_acc=96.57% val_f1=0.9612 | test_acc=88.76% test_f1=0.8533
Epoch 027 | train_loss=0.1838 | val_acc=97.14% val_f1=0.9694 | test_acc=87.08% test_f1=0.8264
Epoch 028 | train_loss=0.1747 | val_acc=97.14% val_f1=0.9694 | test_acc=86.24% test_f1=0.8125
Epoch 029 | train_loss=0.1717 | val_acc=96.57% val_f1=0.9639 | test_acc=86.52% test_f1=0.8172
Epoch 030 | train_loss=0.1577 | val_acc=96.57% val_f1=0.9639 | test_acc=85.39% test_f1=0.7982
Epoch 031 | train_loss=0.1531 | val_acc=97.14% val_f1=0.9694 | test_acc=86.24% test_f1=0.8125
Epoch 032 | train_loss=0.1510 | val_acc=97.14% val_f1=0.9694 | test_acc=87.36% test_f1=0.8301
Epoch 033 | train_loss=0.1378 | val_acc=96.57% val_f1=0.9639 | test_acc=88.20% test_f1=0.8445
Epoch 034 | train_loss=0.1264 | val_acc=96.57% val_f1=0.9639 | test_acc=87.92% test_f1=0.8400
Epoch 035 | train_loss=0.1354 | val_acc=97.14% val_f1=0.9694 | test_acc=86.24% test_f1=0.8141
Epoch 036 | train_loss=0.1144 | val_acc=97.71% val_f1=0.9749 | test_acc=85.96% test_f1=0.8069
Epoch 037 | train_loss=0.1393 | val_acc=98.29% val_f1=0.9804 | test_acc=85.39% test_f1=0.7991
Epoch 038 | train_loss=0.1297 | val_acc=98.29% val_f1=0.9804 | test_acc=85.67% test_f1=0.8029
Epoch 039 | train_loss=0.1192 | val_acc=98.86% val_f1=0.9885 | test_acc=87.08% test_f1=0.8256
Epoch 040 | train_loss=0.1118 | val_acc=98.86% val_f1=0.9885 | test_acc=85.96% test_f1=0.8110
Epoch 041 | train_loss=0.1132 | val_acc=98.29% val_f1=0.9828 | test_acc=87.36% test_f1=0.8324
Epoch 042 | train_loss=0.1124 | val_acc=98.29% val_f1=0.9828 | test_acc=87.36% test_f1=0.8324
Epoch 043 | train_loss=0.0976 | val_acc=99.43% val_f1=0.9942 | test_acc=85.11% test_f1=0.7986
Epoch 044 | train_loss=0.0954 | val_acc=99.43% val_f1=0.9942 | test_acc=85.11% test_f1=0.7986
Epoch 045 | train_loss=0.1223 | val_acc=98.86% val_f1=0.9885 | test_acc=85.11% test_f1=0.7986
Epoch 046 | train_loss=0.0905 | val_acc=98.86% val_f1=0.9885 | test_acc=85.11% test_f1=0.7986
Epoch 047 | train_loss=0.1025 | val_acc=98.86% val_f1=0.9885 | test_acc=83.99% test_f1=0.7793
Epoch 048 | train_loss=0.1117 | val_acc=99.43% val_f1=0.9942 | test_acc=82.58% test_f1=0.7542
Epoch 049 | train_loss=0.1016 | val_acc=98.86% val_f1=0.9886 | test_acc=83.99% test_f1=0.7775
Epoch 050 | train_loss=0.0940 | val_acc=99.43% val_f1=0.9942 | test_acc=81.18% test_f1=0.7275
Epoch 051 | train_loss=0.0978 | val_acc=99.43% val_f1=0.9942 | test_acc=82.30% test_f1=0.7490
Epoch 052 | train_loss=0.0915 | val_acc=99.43% val_f1=0.9942 | test_acc=81.74% test_f1=0.7417
Epoch 053 | train_loss=0.0859 | val_acc=99.43% val_f1=0.9942 | test_acc=83.43% test_f1=0.7694
Epoch 054 | train_loss=0.0863 | val_acc=100.00% val_f1=1.0000 | test_acc=81.74% test_f1=0.7384
Epoch 055 | train_loss=0.0870 | val_acc=98.86% val_f1=0.9886 | test_acc=84.83% test_f1=0.7938
Epoch 056 | train_loss=0.0970 | val_acc=99.43% val_f1=0.9943 | test_acc=85.39% test_f1=0.8033
Epoch 057 | train_loss=0.0740 | val_acc=98.86% val_f1=0.9886 | test_acc=84.83% test_f1=0.7903
Epoch 058 | train_loss=0.0741 | val_acc=98.86% val_f1=0.9886 | test_acc=82.58% test_f1=0.7497
Epoch 059 | train_loss=0.0727 | val_acc=98.86% val_f1=0.9886 | test_acc=83.15% test_f1=0.7602
Epoch 060 | train_loss=0.0876 | val_acc=99.43% val_f1=0.9943 | test_acc=83.15% test_f1=0.7644
Epoch 061 | train_loss=0.0873 | val_acc=99.43% val_f1=0.9943 | test_acc=83.99% test_f1=0.7793
Epoch 062 | train_loss=0.0852 | val_acc=98.86% val_f1=0.9886 | test_acc=84.27% test_f1=0.7824
Epoch 063 | train_loss=0.0854 | val_acc=99.43% val_f1=0.9943 | test_acc=82.02% test_f1=0.7437
Epoch 064 | train_loss=0.0921 | val_acc=99.43% val_f1=0.9943 | test_acc=83.43% test_f1=0.7694
Epoch 065 | train_loss=0.0922 | val_acc=100.00% val_f1=1.0000 | test_acc=83.15% test_f1=0.7644
Epoch 066 | train_loss=0.0810 | val_acc=99.43% val_f1=0.9943 | test_acc=84.27% test_f1=0.7842
Epoch 067 | train_loss=0.0818 | val_acc=99.43% val_f1=0.9943 | test_acc=85.67% test_f1=0.8079
Epoch 068 | train_loss=0.0812 | val_acc=100.00% val_f1=1.0000 | test_acc=81.46% test_f1=0.7330
Epoch 069 | train_loss=0.0701 | val_acc=99.43% val_f1=0.9943 | test_acc=82.58% test_f1=0.7542
Epoch 070 | train_loss=0.0900 | val_acc=100.00% val_f1=1.0000 | test_acc=82.30% test_f1=0.7490
Early stopping at epoch 70 (best=54, score=1.000000)
================================================================================
Best epoch: 54
Best score (val_macro_f1): 1.000000
Final test accuracy: 81.74%
Saved to: ablation_experiments/h1/results/comparison_18d_baselines/inception/inception_weld_seam_windows_ws5_tf75_pg0_h1_oc24_blk3_bn32_do0.2_ep80_lr0.0001_wd0.0005_bs128_seed122
[seed_eval] inception_weld_seam_windows_ws5_tf75_pg0_h1_oc24_blk9_bn32_do0.2_ep80_lr0.0001_wd0.0001_bs128_seed14 | status=success test_acc=80.90% f1=0.6920
[seed_eval] inception_weld_seam_windows_ws5_tf75_pg0_h1_oc24_blk9_bn32_do0.2_ep80_lr0.0001_wd0.0001_bs128_seed42 | status=success test_acc=82.87% f1=0.7498
[seed_eval] inception_weld_seam_windows_ws5_tf75_pg0_h1_oc24_blk9_bn32_do0.2_ep80_lr0.0001_wd0.0001_bs128_seed77 | status=skipped_existing test_acc=86.80% f1=0.8265
[seed_eval] inception_weld_seam_windows_ws5_tf75_pg0_h1_oc24_blk9_bn32_do0.2_ep80_lr0.0001_wd0.0001_bs128_seed100 | status=success test_acc=82.02% f1=0.7503
[seed_eval] inception_weld_seam_windows_ws5_tf75_pg0_h1_oc24_blk9_bn32_do0.2_ep80_lr0.0001_wd0.0001_bs128_seed122 | status=success test_acc=89.33% f1=0.8371
[seed_eval] inception_weld_seam_windows_ws5_tf75_pg0_h1_oc24_blk9_bn32_do0.2_ep80_lr0.0001_wd0.0001_bs128_seed183 | status=success test_acc=78.65% f1=0.6882
[seed_eval] inception_weld_seam_windows_ws5_tf75_pg0_h1_oc16_blk3_bn32_do0.1_ep80_lr0.0001_wd0.0005_bs128_seed14 | status=success test_acc=85.11% f1=0.8041
[seed_eval] inception_weld_seam_windows_ws5_tf75_pg0_h1_oc16_blk3_bn32_do0.1_ep80_lr0.0001_wd0.0005_bs128_seed42 | status=success test_acc=81.74% f1=0.7694
[seed_eval] inception_weld_seam_windows_ws5_tf75_pg0_h1_oc16_blk3_bn32_do0.1_ep80_lr0.0001_wd0.0005_bs128_seed77 | status=success test_acc=85.67% f1=0.8078
[seed_eval] inception_weld_seam_windows_ws5_tf75_pg0_h1_oc16_blk3_bn32_do0.1_ep80_lr0.0001_wd0.0005_bs128_seed100 | status=success test_acc=83.71% f1=0.7731
[seed_eval] inception_weld_seam_windows_ws5_tf75_pg0_h1_oc16_blk3_bn32_do0.1_ep80_lr0.0001_wd0.0005_bs128_seed122 | status=skipped_existing test_acc=86.80% f1=0.8207
[seed_eval] inception_weld_seam_windows_ws5_tf75_pg0_h1_oc16_blk3_bn32_do0.1_ep80_lr0.0001_wd0.0005_bs128_seed183 | status=success test_acc=83.43% f1=0.7624
[seed_eval] inception_weld_seam_windows_ws5_tf75_pg0_h1_oc24_blk3_bn32_do0.2_ep80_lr0.0001_wd0.0005_bs128_seed14 | status=success test_acc=90.17% f1=0.8732
[seed_eval] inception_weld_seam_windows_ws5_tf75_pg0_h1_oc24_blk3_bn32_do0.2_ep80_lr0.0001_wd0.0005_bs128_seed42 | status=success test_acc=80.90% f1=0.7428
[seed_eval] inception_weld_seam_windows_ws5_tf75_pg0_h1_oc24_blk3_bn32_do0.2_ep80_lr0.0001_wd0.0005_bs128_seed77 | status=success test_acc=85.96% f1=0.7996
[seed_eval] inception_weld_seam_windows_ws5_tf75_pg0_h1_oc24_blk3_bn32_do0.2_ep80_lr0.0001_wd0.0005_bs128_seed100 | status=success test_acc=80.62% f1=0.7181
[seed_eval] inception_weld_seam_windows_ws5_tf75_pg0_h1_oc24_blk3_bn32_do0.2_ep80_lr0.0001_wd0.0005_bs128_seed122 | status=success test_acc=81.74% f1=0.7384
[seed_eval] inception_weld_seam_windows_ws5_tf75_pg0_h1_oc24_blk3_bn32_do0.2_ep80_lr0.0001_wd0.0005_bs128_seed183 | status=skipped_existing test_acc=86.24% f1=0.8156
Sweep complete for model=inception
Report dir: ablation_experiments/h1/reports/comparison_18d_baselines/round3/inception
