/usr/local/lib/python3.10/dist-packages/torch/nn/modules/transformer.py:385: UserWarning: enable_nested_tensor is True, but self.use_nested_tensor is False because encoder_layer.norm_first was True
  warnings.warn(
================================================================================
Comparison baseline | model=transformer
================================================================================
Dataset: /home/huang_kai/wind_turbine_phm/PHOENIX-main/autoencoder_benchmark/Data/processed_data/weld_seam_windows_ws5_tf75_pg0_h1.npz
Device: cuda
Train/Val/Test: 990 / 175 / 356
Epoch 001 | train_loss=0.9453 | val_acc=54.29% val_f1=0.5778 | test_acc=80.06% test_f1=0.7975
Epoch 002 | train_loss=0.6217 | val_acc=86.86% val_f1=0.8763 | test_acc=91.01% test_f1=0.8737
Epoch 003 | train_loss=0.4065 | val_acc=93.14% val_f1=0.9310 | test_acc=93.26% test_f1=0.8990
Epoch 004 | train_loss=0.2932 | val_acc=95.43% val_f1=0.9550 | test_acc=89.33% test_f1=0.8530
Epoch 005 | train_loss=0.1942 | val_acc=97.14% val_f1=0.9714 | test_acc=85.67% test_f1=0.8103
Epoch 006 | train_loss=0.1291 | val_acc=96.00% val_f1=0.9604 | test_acc=89.04% test_f1=0.8541
Epoch 007 | train_loss=0.1232 | val_acc=96.57% val_f1=0.9663 | test_acc=87.36% test_f1=0.8311
Epoch 008 | train_loss=0.0913 | val_acc=97.14% val_f1=0.9714 | test_acc=86.24% test_f1=0.8231
Epoch 009 | train_loss=0.0649 | val_acc=99.43% val_f1=0.9943 | test_acc=87.64% test_f1=0.8455
Epoch 010 | train_loss=0.0501 | val_acc=98.29% val_f1=0.9805 | test_acc=87.92% test_f1=0.8445
Epoch 011 | train_loss=0.0332 | val_acc=100.00% val_f1=1.0000 | test_acc=84.83% test_f1=0.8058
Epoch 012 | train_loss=0.0363 | val_acc=100.00% val_f1=1.0000 | test_acc=76.69% test_f1=0.6608
Epoch 013 | train_loss=0.0454 | val_acc=99.43% val_f1=0.9942 | test_acc=75.28% test_f1=0.6610
Epoch 014 | train_loss=0.0380 | val_acc=99.43% val_f1=0.9942 | test_acc=84.55% test_f1=0.8033
Epoch 015 | train_loss=0.0259 | val_acc=99.43% val_f1=0.9942 | test_acc=76.12% test_f1=0.6609
Epoch 016 | train_loss=0.0494 | val_acc=99.43% val_f1=0.9942 | test_acc=75.84% test_f1=0.6553
Epoch 017 | train_loss=0.0304 | val_acc=99.43% val_f1=0.9942 | test_acc=79.49% test_f1=0.7258
Epoch 018 | train_loss=0.0157 | val_acc=100.00% val_f1=1.0000 | test_acc=76.40% test_f1=0.6784
Epoch 019 | train_loss=0.0144 | val_acc=100.00% val_f1=1.0000 | test_acc=78.93% test_f1=0.7004
Epoch 020 | train_loss=0.0156 | val_acc=100.00% val_f1=1.0000 | test_acc=77.81% test_f1=0.7018
Epoch 021 | train_loss=0.0136 | val_acc=100.00% val_f1=1.0000 | test_acc=86.52% test_f1=0.8279
Epoch 022 | train_loss=0.0080 | val_acc=100.00% val_f1=1.0000 | test_acc=75.56% test_f1=0.6684
Epoch 023 | train_loss=0.0075 | val_acc=100.00% val_f1=1.0000 | test_acc=78.65% test_f1=0.7133
Epoch 024 | train_loss=0.0066 | val_acc=100.00% val_f1=1.0000 | test_acc=82.30% test_f1=0.7700
Epoch 025 | train_loss=0.0084 | val_acc=100.00% val_f1=1.0000 | test_acc=81.18% test_f1=0.7550
Epoch 026 | train_loss=0.0069 | val_acc=100.00% val_f1=1.0000 | test_acc=78.93% test_f1=0.7213
Epoch 027 | train_loss=0.0052 | val_acc=100.00% val_f1=1.0000 | test_acc=81.74% test_f1=0.7644
Early stopping at epoch 27 (best=11, score=1.000000)
================================================================================
Best epoch: 11
Best score (val_macro_f1): 1.000000
Final test accuracy: 84.83%
Saved to: ablation_experiments/h1/results/comparison_18d_baselines/transformer/transformer_weld_seam_windows_ws5_tf75_pg0_h1_dm64_nh8_l4_ff128_do0.2_ep80_lr0.0003_wd1e-05_bs64_seed183
/usr/local/lib/python3.10/dist-packages/torch/nn/modules/transformer.py:385: UserWarning: enable_nested_tensor is True, but self.use_nested_tensor is False because encoder_layer.norm_first was True
  warnings.warn(
================================================================================
Comparison baseline | model=transformer
================================================================================
Dataset: /home/huang_kai/wind_turbine_phm/PHOENIX-main/autoencoder_benchmark/Data/processed_data/weld_seam_windows_ws5_tf75_pg0_h1.npz
Device: cuda
Train/Val/Test: 990 / 175 / 356
Epoch 001 | train_loss=0.9316 | val_acc=58.29% val_f1=0.6230 | test_acc=49.44% test_f1=0.5442
Epoch 002 | train_loss=0.7147 | val_acc=90.29% val_f1=0.9012 | test_acc=91.29% test_f1=0.8829
Epoch 003 | train_loss=0.5543 | val_acc=93.14% val_f1=0.9317 | test_acc=91.01% test_f1=0.8725
Epoch 004 | train_loss=0.4210 | val_acc=93.71% val_f1=0.9362 | test_acc=90.73% test_f1=0.8726
Epoch 005 | train_loss=0.3222 | val_acc=96.00% val_f1=0.9609 | test_acc=85.96% test_f1=0.7959
Epoch 006 | train_loss=0.2579 | val_acc=95.43% val_f1=0.9550 | test_acc=82.02% test_f1=0.7310
Epoch 007 | train_loss=0.2029 | val_acc=96.00% val_f1=0.9576 | test_acc=89.33% test_f1=0.8666
Epoch 008 | train_loss=0.1592 | val_acc=97.71% val_f1=0.9770 | test_acc=86.80% test_f1=0.8270
Epoch 009 | train_loss=0.1254 | val_acc=97.71% val_f1=0.9775 | test_acc=84.27% test_f1=0.7648
Epoch 010 | train_loss=0.0935 | val_acc=98.86% val_f1=0.9886 | test_acc=82.58% test_f1=0.7549
Epoch 011 | train_loss=0.0841 | val_acc=98.29% val_f1=0.9830 | test_acc=84.55% test_f1=0.7843
Epoch 012 | train_loss=0.0655 | val_acc=100.00% val_f1=1.0000 | test_acc=84.83% test_f1=0.7979
Epoch 013 | train_loss=0.0590 | val_acc=100.00% val_f1=1.0000 | test_acc=85.96% test_f1=0.8188
Epoch 014 | train_loss=0.0522 | val_acc=100.00% val_f1=1.0000 | test_acc=82.02% test_f1=0.7578
Epoch 015 | train_loss=0.0411 | val_acc=100.00% val_f1=1.0000 | test_acc=83.99% test_f1=0.7828
Epoch 016 | train_loss=0.0330 | val_acc=100.00% val_f1=1.0000 | test_acc=81.46% test_f1=0.7524
Epoch 017 | train_loss=0.0292 | val_acc=100.00% val_f1=1.0000 | test_acc=82.58% test_f1=0.7562
Epoch 018 | train_loss=0.0271 | val_acc=100.00% val_f1=1.0000 | test_acc=79.49% test_f1=0.7175
Epoch 019 | train_loss=0.0221 | val_acc=100.00% val_f1=1.0000 | test_acc=84.27% test_f1=0.7970
Epoch 020 | train_loss=0.0225 | val_acc=100.00% val_f1=1.0000 | test_acc=77.81% test_f1=0.7047
Epoch 021 | train_loss=0.0152 | val_acc=100.00% val_f1=1.0000 | test_acc=85.96% test_f1=0.8223
Epoch 022 | train_loss=0.0157 | val_acc=100.00% val_f1=1.0000 | test_acc=80.34% test_f1=0.7459
Epoch 023 | train_loss=0.0203 | val_acc=100.00% val_f1=1.0000 | test_acc=84.83% test_f1=0.8099
Epoch 024 | train_loss=0.0150 | val_acc=100.00% val_f1=1.0000 | test_acc=80.90% test_f1=0.7303
Epoch 025 | train_loss=0.0141 | val_acc=100.00% val_f1=1.0000 | test_acc=77.25% test_f1=0.7016
Epoch 026 | train_loss=0.0115 | val_acc=100.00% val_f1=1.0000 | test_acc=81.74% test_f1=0.7584
Epoch 027 | train_loss=0.0112 | val_acc=100.00% val_f1=1.0000 | test_acc=82.02% test_f1=0.7655
Epoch 028 | train_loss=0.0105 | val_acc=100.00% val_f1=1.0000 | test_acc=82.30% test_f1=0.7636
Early stopping at epoch 28 (best=12, score=1.000000)
================================================================================
Best epoch: 12
Best score (val_macro_f1): 1.000000
Final test accuracy: 84.83%
Saved to: ablation_experiments/h1/results/comparison_18d_baselines/transformer/transformer_weld_seam_windows_ws5_tf75_pg0_h1_dm64_nh4_l4_ff256_do0.1_ep80_lr0.0001_wd1e-05_bs64_seed183
/usr/local/lib/python3.10/dist-packages/torch/nn/modules/transformer.py:385: UserWarning: enable_nested_tensor is True, but self.use_nested_tensor is False because encoder_layer.norm_first was True
  warnings.warn(
================================================================================
Comparison baseline | model=transformer
================================================================================
Dataset: /home/huang_kai/wind_turbine_phm/PHOENIX-main/autoencoder_benchmark/Data/processed_data/weld_seam_windows_ws5_tf75_pg0_h1.npz
Device: cuda
Train/Val/Test: 990 / 175 / 356
Epoch 001 | train_loss=1.0416 | val_acc=55.43% val_f1=0.5715 | test_acc=96.91% test_f1=0.9615
Epoch 002 | train_loss=0.8648 | val_acc=70.86% val_f1=0.6952 | test_acc=95.79% test_f1=0.9507
Epoch 003 | train_loss=0.7580 | val_acc=79.43% val_f1=0.7865 | test_acc=94.94% test_f1=0.9276
Epoch 004 | train_loss=0.6579 | val_acc=87.43% val_f1=0.8671 | test_acc=93.82% test_f1=0.9079
Epoch 005 | train_loss=0.5448 | val_acc=89.71% val_f1=0.8864 | test_acc=93.82% test_f1=0.9079
Epoch 006 | train_loss=0.4825 | val_acc=92.00% val_f1=0.9123 | test_acc=92.98% test_f1=0.8961
Epoch 007 | train_loss=0.3839 | val_acc=92.00% val_f1=0.9123 | test_acc=93.26% test_f1=0.9021
Epoch 008 | train_loss=0.3607 | val_acc=93.14% val_f1=0.9284 | test_acc=92.42% test_f1=0.8934
Epoch 009 | train_loss=0.2978 | val_acc=93.14% val_f1=0.9284 | test_acc=89.89% test_f1=0.8648
Epoch 010 | train_loss=0.2668 | val_acc=93.14% val_f1=0.9284 | test_acc=90.17% test_f1=0.8727
Epoch 011 | train_loss=0.2633 | val_acc=94.86% val_f1=0.9436 | test_acc=89.04% test_f1=0.8565
Epoch 012 | train_loss=0.2242 | val_acc=93.14% val_f1=0.9284 | test_acc=89.33% test_f1=0.8597
Epoch 013 | train_loss=0.1871 | val_acc=93.14% val_f1=0.9284 | test_acc=89.61% test_f1=0.8629
Epoch 014 | train_loss=0.1719 | val_acc=95.43% val_f1=0.9488 | test_acc=86.24% test_f1=0.8143
Epoch 015 | train_loss=0.1315 | val_acc=94.29% val_f1=0.9410 | test_acc=88.76% test_f1=0.8521
Epoch 016 | train_loss=0.1230 | val_acc=97.14% val_f1=0.9697 | test_acc=87.92% test_f1=0.8435
Epoch 017 | train_loss=0.1111 | val_acc=97.71% val_f1=0.9727 | test_acc=84.83% test_f1=0.7991
Epoch 018 | train_loss=0.1014 | val_acc=98.86% val_f1=0.9837 | test_acc=85.11% test_f1=0.8047
Epoch 019 | train_loss=0.0824 | val_acc=98.86% val_f1=0.9837 | test_acc=83.99% test_f1=0.7866
Epoch 020 | train_loss=0.0744 | val_acc=98.86% val_f1=0.9862 | test_acc=85.67% test_f1=0.8115
Epoch 021 | train_loss=0.0610 | val_acc=99.43% val_f1=0.9919 | test_acc=84.27% test_f1=0.7887
Epoch 022 | train_loss=0.0766 | val_acc=100.00% val_f1=1.0000 | test_acc=86.52% test_f1=0.8247
Epoch 023 | train_loss=0.0513 | val_acc=100.00% val_f1=1.0000 | test_acc=84.27% test_f1=0.7900
Epoch 024 | train_loss=0.0474 | val_acc=100.00% val_f1=1.0000 | test_acc=82.58% test_f1=0.7672
Epoch 025 | train_loss=0.0536 | val_acc=100.00% val_f1=1.0000 | test_acc=83.15% test_f1=0.7792
Epoch 026 | train_loss=0.0526 | val_acc=100.00% val_f1=1.0000 | test_acc=83.99% test_f1=0.7854
Epoch 027 | train_loss=0.0426 | val_acc=100.00% val_f1=1.0000 | test_acc=84.83% test_f1=0.8003
Epoch 028 | train_loss=0.0334 | val_acc=100.00% val_f1=1.0000 | test_acc=83.43% test_f1=0.7822
Epoch 029 | train_loss=0.0331 | val_acc=100.00% val_f1=1.0000 | test_acc=83.15% test_f1=0.7843
Epoch 030 | train_loss=0.0326 | val_acc=99.43% val_f1=0.9942 | test_acc=81.46% test_f1=0.7581
Epoch 031 | train_loss=0.0299 | val_acc=100.00% val_f1=1.0000 | test_acc=82.30% test_f1=0.7689
Epoch 032 | train_loss=0.0294 | val_acc=100.00% val_f1=1.0000 | test_acc=82.87% test_f1=0.7807
Epoch 033 | train_loss=0.0243 | val_acc=100.00% val_f1=1.0000 | test_acc=83.15% test_f1=0.7824
Epoch 034 | train_loss=0.0278 | val_acc=100.00% val_f1=1.0000 | test_acc=87.08% test_f1=0.8355
Epoch 035 | train_loss=0.0256 | val_acc=100.00% val_f1=1.0000 | test_acc=84.55% test_f1=0.8050
Epoch 036 | train_loss=0.0235 | val_acc=100.00% val_f1=1.0000 | test_acc=79.49% test_f1=0.7243
Epoch 037 | train_loss=0.0306 | val_acc=100.00% val_f1=1.0000 | test_acc=84.55% test_f1=0.8057
Epoch 038 | train_loss=0.0243 | val_acc=100.00% val_f1=1.0000 | test_acc=83.43% test_f1=0.7917
Early stopping at epoch 38 (best=22, score=1.000000)
================================================================================
Best epoch: 22
Best score (val_macro_f1): 1.000000
Final test accuracy: 86.52%
Saved to: ablation_experiments/h1/results/comparison_18d_baselines/transformer/transformer_weld_seam_windows_ws5_tf75_pg0_h1_dm64_nh8_l2_ff128_do0.2_ep80_lr0.0002_wd0.0005_bs128_seed100
/usr/local/lib/python3.10/dist-packages/torch/nn/modules/transformer.py:385: UserWarning: enable_nested_tensor is True, but self.use_nested_tensor is False because encoder_layer.norm_first was True
  warnings.warn(
================================================================================
Comparison baseline | model=transformer
================================================================================
Dataset: /home/huang_kai/wind_turbine_phm/PHOENIX-main/autoencoder_benchmark/Data/processed_data/weld_seam_windows_ws5_tf75_pg0_h1.npz
Device: cuda
Train/Val/Test: 990 / 175 / 356
Epoch 001 | train_loss=0.6469 | val_acc=96.00% val_f1=0.9576 | test_acc=92.13% test_f1=0.8994
Epoch 002 | train_loss=0.1606 | val_acc=95.43% val_f1=0.9527 | test_acc=78.37% test_f1=0.6654
Epoch 003 | train_loss=0.0804 | val_acc=98.29% val_f1=0.9830 | test_acc=91.57% test_f1=0.8908
Epoch 004 | train_loss=0.0318 | val_acc=98.29% val_f1=0.9830 | test_acc=88.48% test_f1=0.8475
Epoch 005 | train_loss=0.0120 | val_acc=98.29% val_f1=0.9830 | test_acc=86.80% test_f1=0.8321
Epoch 006 | train_loss=0.0081 | val_acc=97.71% val_f1=0.9775 | test_acc=87.92% test_f1=0.8448
Epoch 007 | train_loss=0.0077 | val_acc=99.43% val_f1=0.9942 | test_acc=84.55% test_f1=0.8042
Epoch 008 | train_loss=0.0036 | val_acc=99.43% val_f1=0.9942 | test_acc=80.90% test_f1=0.7476
Epoch 009 | train_loss=0.0020 | val_acc=99.43% val_f1=0.9942 | test_acc=83.71% test_f1=0.7958
Epoch 010 | train_loss=0.0016 | val_acc=99.43% val_f1=0.9942 | test_acc=80.34% test_f1=0.7443
Epoch 011 | train_loss=0.0670 | val_acc=100.00% val_f1=1.0000 | test_acc=85.11% test_f1=0.8165
Epoch 012 | train_loss=0.0403 | val_acc=100.00% val_f1=1.0000 | test_acc=88.76% test_f1=0.8653
Epoch 013 | train_loss=0.0192 | val_acc=98.86% val_f1=0.9883 | test_acc=81.74% test_f1=0.7590
Epoch 014 | train_loss=0.0035 | val_acc=99.43% val_f1=0.9942 | test_acc=83.15% test_f1=0.7885
Epoch 015 | train_loss=0.0096 | val_acc=100.00% val_f1=1.0000 | test_acc=81.74% test_f1=0.7626
Epoch 016 | train_loss=0.0157 | val_acc=100.00% val_f1=1.0000 | test_acc=86.24% test_f1=0.8252
Epoch 017 | train_loss=0.0024 | val_acc=100.00% val_f1=1.0000 | test_acc=83.43% test_f1=0.7861
Epoch 018 | train_loss=0.0012 | val_acc=100.00% val_f1=1.0000 | test_acc=82.87% test_f1=0.7785
Epoch 019 | train_loss=0.0013 | val_acc=100.00% val_f1=1.0000 | test_acc=84.27% test_f1=0.7988
Epoch 020 | train_loss=0.0009 | val_acc=100.00% val_f1=1.0000 | test_acc=84.83% test_f1=0.8063
Epoch 021 | train_loss=0.0007 | val_acc=100.00% val_f1=1.0000 | test_acc=82.30% test_f1=0.7710
Epoch 022 | train_loss=0.0006 | val_acc=100.00% val_f1=1.0000 | test_acc=81.46% test_f1=0.7585
Epoch 023 | train_loss=0.0007 | val_acc=100.00% val_f1=1.0000 | test_acc=82.02% test_f1=0.7668
Epoch 024 | train_loss=0.0008 | val_acc=100.00% val_f1=1.0000 | test_acc=89.04% test_f1=0.8634
Epoch 025 | train_loss=0.0010 | val_acc=100.00% val_f1=1.0000 | test_acc=78.37% test_f1=0.7074
Epoch 026 | train_loss=0.0007 | val_acc=100.00% val_f1=1.0000 | test_acc=79.21% test_f1=0.7220
Epoch 027 | train_loss=0.0004 | val_acc=100.00% val_f1=1.0000 | test_acc=82.30% test_f1=0.7710
Early stopping at epoch 27 (best=11, score=1.000000)
================================================================================
Best epoch: 11
Best score (val_macro_f1): 1.000000
Final test accuracy: 85.11%
Saved to: ablation_experiments/h1/results/comparison_18d_baselines/transformer/transformer_weld_seam_windows_ws5_tf75_pg0_h1_dm96_nh4_l4_ff128_do0.1_ep80_lr0.0005_wd0.0002_bs64_seed183
/usr/local/lib/python3.10/dist-packages/torch/nn/modules/transformer.py:385: UserWarning: enable_nested_tensor is True, but self.use_nested_tensor is False because encoder_layer.norm_first was True
  warnings.warn(
================================================================================
Comparison baseline | model=transformer
================================================================================
Dataset: /home/huang_kai/wind_turbine_phm/PHOENIX-main/autoencoder_benchmark/Data/processed_data/weld_seam_windows_ws5_tf75_pg0_h1.npz
Device: cuda
Train/Val/Test: 990 / 175 / 356
Epoch 001 | train_loss=0.8278 | val_acc=88.00% val_f1=0.8815 | test_acc=89.89% test_f1=0.8505
Epoch 002 | train_loss=0.3621 | val_acc=99.43% val_f1=0.9943 | test_acc=83.71% test_f1=0.7764
Epoch 003 | train_loss=0.1806 | val_acc=97.71% val_f1=0.9775 | test_acc=86.80% test_f1=0.8247
Epoch 004 | train_loss=0.0977 | val_acc=96.57% val_f1=0.9613 | test_acc=89.04% test_f1=0.8577
Epoch 005 | train_loss=0.1165 | val_acc=99.43% val_f1=0.9942 | test_acc=77.25% test_f1=0.6745
Epoch 006 | train_loss=0.0864 | val_acc=99.43% val_f1=0.9943 | test_acc=83.99% test_f1=0.7937
Epoch 007 | train_loss=0.0680 | val_acc=99.43% val_f1=0.9942 | test_acc=79.78% test_f1=0.7358
Epoch 008 | train_loss=0.0662 | val_acc=98.86% val_f1=0.9885 | test_acc=85.67% test_f1=0.8264
Epoch 009 | train_loss=0.0316 | val_acc=99.43% val_f1=0.9942 | test_acc=79.21% test_f1=0.7287
Epoch 010 | train_loss=0.0197 | val_acc=99.43% val_f1=0.9942 | test_acc=80.06% test_f1=0.7455
Epoch 011 | train_loss=0.0137 | val_acc=99.43% val_f1=0.9942 | test_acc=81.74% test_f1=0.7694
Epoch 012 | train_loss=0.0064 | val_acc=99.43% val_f1=0.9942 | test_acc=80.62% test_f1=0.7548
Epoch 013 | train_loss=0.0117 | val_acc=99.43% val_f1=0.9942 | test_acc=78.37% test_f1=0.7218
Epoch 014 | train_loss=0.0059 | val_acc=99.43% val_f1=0.9942 | test_acc=78.09% test_f1=0.7165
Epoch 015 | train_loss=0.0050 | val_acc=99.43% val_f1=0.9942 | test_acc=80.90% test_f1=0.7583
Epoch 016 | train_loss=0.0040 | val_acc=99.43% val_f1=0.9942 | test_acc=80.34% test_f1=0.7493
Epoch 017 | train_loss=0.0028 | val_acc=99.43% val_f1=0.9942 | test_acc=77.53% test_f1=0.7094
Epoch 018 | train_loss=0.0041 | val_acc=99.43% val_f1=0.9942 | test_acc=79.21% test_f1=0.7338
Early stopping at epoch 18 (best=2, score=0.994277)
================================================================================
Best epoch: 2
Best score (val_macro_f1): 0.994277
Final test accuracy: 83.71%
Saved to: ablation_experiments/h1/results/comparison_18d_baselines/transformer/transformer_weld_seam_windows_ws5_tf75_pg0_h1_dm128_nh4_l2_ff256_do0.2_ep80_lr0.0005_wd0.0001_bs128_seed77
/usr/local/lib/python3.10/dist-packages/torch/nn/modules/transformer.py:385: UserWarning: enable_nested_tensor is True, but self.use_nested_tensor is False because encoder_layer.norm_first was True
  warnings.warn(
================================================================================
Comparison baseline | model=transformer
================================================================================
Dataset: /home/huang_kai/wind_turbine_phm/PHOENIX-main/autoencoder_benchmark/Data/processed_data/weld_seam_windows_ws5_tf75_pg0_h1.npz
Device: cuda
Train/Val/Test: 990 / 175 / 356
Epoch 001 | train_loss=0.9059 | val_acc=85.14% val_f1=0.8362 | test_acc=92.98% test_f1=0.9266
Epoch 002 | train_loss=0.4408 | val_acc=96.57% val_f1=0.9631 | test_acc=86.52% test_f1=0.8257
Epoch 003 | train_loss=0.2321 | val_acc=92.57% val_f1=0.9227 | test_acc=92.70% test_f1=0.9056
Epoch 004 | train_loss=0.1288 | val_acc=97.14% val_f1=0.9682 | test_acc=83.43% test_f1=0.7869
Epoch 005 | train_loss=0.0748 | val_acc=97.14% val_f1=0.9690 | test_acc=85.67% test_f1=0.8161
Epoch 006 | train_loss=0.0530 | val_acc=99.43% val_f1=0.9942 | test_acc=78.93% test_f1=0.7206
Epoch 007 | train_loss=0.0312 | val_acc=100.00% val_f1=1.0000 | test_acc=82.87% test_f1=0.7756
Epoch 008 | train_loss=0.0290 | val_acc=100.00% val_f1=1.0000 | test_acc=79.21% test_f1=0.7219
Epoch 009 | train_loss=0.0366 | val_acc=98.29% val_f1=0.9756 | test_acc=87.64% test_f1=0.8474
Epoch 010 | train_loss=0.0208 | val_acc=100.00% val_f1=1.0000 | test_acc=81.46% test_f1=0.7538
Epoch 011 | train_loss=0.0131 | val_acc=100.00% val_f1=1.0000 | test_acc=83.99% test_f1=0.7942
Epoch 012 | train_loss=0.0092 | val_acc=100.00% val_f1=1.0000 | test_acc=77.53% test_f1=0.6991
Epoch 013 | train_loss=0.0075 | val_acc=100.00% val_f1=1.0000 | test_acc=81.46% test_f1=0.7585
Epoch 014 | train_loss=0.0073 | val_acc=100.00% val_f1=1.0000 | test_acc=81.18% test_f1=0.7545
Epoch 015 | train_loss=0.0057 | val_acc=100.00% val_f1=1.0000 | test_acc=79.78% test_f1=0.7358
Epoch 016 | train_loss=0.0056 | val_acc=100.00% val_f1=1.0000 | test_acc=80.34% test_f1=0.7464
Epoch 017 | train_loss=0.0069 | val_acc=100.00% val_f1=1.0000 | test_acc=81.18% test_f1=0.7546
Epoch 018 | train_loss=0.0038 | val_acc=100.00% val_f1=1.0000 | test_acc=87.92% test_f1=0.8502
Epoch 019 | train_loss=0.0103 | val_acc=100.00% val_f1=1.0000 | test_acc=87.08% test_f1=0.8375
Epoch 020 | train_loss=0.0248 | val_acc=98.86% val_f1=0.9883 | test_acc=72.47% test_f1=0.5992
Epoch 021 | train_loss=0.0367 | val_acc=100.00% val_f1=1.0000 | test_acc=80.62% test_f1=0.7504
Epoch 022 | train_loss=0.0236 | val_acc=98.86% val_f1=0.9837 | test_acc=83.71% test_f1=0.7977
Epoch 023 | train_loss=0.0139 | val_acc=100.00% val_f1=1.0000 | test_acc=77.81% test_f1=0.7118
Early stopping at epoch 23 (best=7, score=1.000000)
================================================================================
Best epoch: 7
Best score (val_macro_f1): 1.000000
Final test accuracy: 82.87%
Saved to: ablation_experiments/h1/results/comparison_18d_baselines/transformer/transformer_weld_seam_windows_ws5_tf75_pg0_h1_dm128_nh8_l2_ff256_do0.1_ep80_lr0.0003_wd1e-05_bs64_seed183
/usr/local/lib/python3.10/dist-packages/torch/nn/modules/transformer.py:385: UserWarning: enable_nested_tensor is True, but self.use_nested_tensor is False because encoder_layer.norm_first was True
  warnings.warn(
================================================================================
Comparison baseline | model=transformer
================================================================================
Dataset: /home/huang_kai/wind_turbine_phm/PHOENIX-main/autoencoder_benchmark/Data/processed_data/weld_seam_windows_ws5_tf75_pg0_h1.npz
Device: cuda
Train/Val/Test: 990 / 175 / 356
Epoch 001 | train_loss=0.7718 | val_acc=84.57% val_f1=0.8296 | test_acc=94.66% test_f1=0.9231
Epoch 002 | train_loss=0.3808 | val_acc=93.71% val_f1=0.9362 | test_acc=87.64% test_f1=0.8330
Epoch 003 | train_loss=0.2032 | val_acc=94.29% val_f1=0.9444 | test_acc=88.20% test_f1=0.8420
Epoch 004 | train_loss=0.1108 | val_acc=94.29% val_f1=0.9414 | test_acc=88.20% test_f1=0.8468
Epoch 005 | train_loss=0.0718 | val_acc=97.14% val_f1=0.9710 | test_acc=82.02% test_f1=0.7657
Epoch 006 | train_loss=0.0520 | val_acc=97.71% val_f1=0.9770 | test_acc=79.49% test_f1=0.7152
Epoch 007 | train_loss=0.0346 | val_acc=98.29% val_f1=0.9830 | test_acc=88.76% test_f1=0.8573
Epoch 008 | train_loss=0.0253 | val_acc=100.00% val_f1=1.0000 | test_acc=80.06% test_f1=0.7379
Epoch 009 | train_loss=0.0151 | val_acc=99.43% val_f1=0.9943 | test_acc=86.52% test_f1=0.8304
Epoch 010 | train_loss=0.0117 | val_acc=100.00% val_f1=1.0000 | test_acc=80.62% test_f1=0.7438
Epoch 011 | train_loss=0.0125 | val_acc=99.43% val_f1=0.9943 | test_acc=89.33% test_f1=0.8687
Epoch 012 | train_loss=0.0064 | val_acc=100.00% val_f1=1.0000 | test_acc=81.46% test_f1=0.7586
Epoch 013 | train_loss=0.0044 | val_acc=100.00% val_f1=1.0000 | test_acc=83.71% test_f1=0.7880
Epoch 014 | train_loss=0.0040 | val_acc=100.00% val_f1=1.0000 | test_acc=80.06% test_f1=0.7380
Epoch 015 | train_loss=0.0027 | val_acc=100.00% val_f1=1.0000 | test_acc=81.46% test_f1=0.7587
Epoch 016 | train_loss=0.0021 | val_acc=100.00% val_f1=1.0000 | test_acc=81.46% test_f1=0.7587
Epoch 017 | train_loss=0.0020 | val_acc=100.00% val_f1=1.0000 | test_acc=81.46% test_f1=0.7587
Epoch 018 | train_loss=0.0020 | val_acc=100.00% val_f1=1.0000 | test_acc=80.90% test_f1=0.7505
Epoch 019 | train_loss=0.0018 | val_acc=100.00% val_f1=1.0000 | test_acc=79.78% test_f1=0.7335
Epoch 020 | train_loss=0.0013 | val_acc=100.00% val_f1=1.0000 | test_acc=80.34% test_f1=0.7421
Epoch 021 | train_loss=0.0015 | val_acc=100.00% val_f1=1.0000 | test_acc=81.74% test_f1=0.7628
Epoch 022 | train_loss=0.0012 | val_acc=100.00% val_f1=1.0000 | test_acc=83.15% test_f1=0.7827
Epoch 023 | train_loss=0.0014 | val_acc=100.00% val_f1=1.0000 | test_acc=82.30% test_f1=0.7709
Epoch 024 | train_loss=0.0012 | val_acc=100.00% val_f1=1.0000 | test_acc=79.78% test_f1=0.7335
Early stopping at epoch 24 (best=8, score=1.000000)
================================================================================
Best epoch: 8
Best score (val_macro_f1): 1.000000
Final test accuracy: 80.06%
Saved to: ablation_experiments/h1/results/comparison_18d_baselines/transformer/transformer_weld_seam_windows_ws5_tf75_pg0_h1_dm128_nh4_l2_ff256_do0.1_ep80_lr0.0003_wd0.0001_bs128_seed183
/usr/local/lib/python3.10/dist-packages/torch/nn/modules/transformer.py:385: UserWarning: enable_nested_tensor is True, but self.use_nested_tensor is False because encoder_layer.norm_first was True
  warnings.warn(
================================================================================
Comparison baseline | model=transformer
================================================================================
Dataset: /home/huang_kai/wind_turbine_phm/PHOENIX-main/autoencoder_benchmark/Data/processed_data/weld_seam_windows_ws5_tf75_pg0_h1.npz
Device: cuda
Train/Val/Test: 990 / 175 / 356
Epoch 001 | train_loss=0.9395 | val_acc=91.43% val_f1=0.8874 | test_acc=85.39% test_f1=0.7824
Epoch 002 | train_loss=0.6934 | val_acc=96.00% val_f1=0.9430 | test_acc=90.73% test_f1=0.8838
Epoch 003 | train_loss=0.5354 | val_acc=98.86% val_f1=0.9837 | test_acc=89.89% test_f1=0.8742
Epoch 004 | train_loss=0.4028 | val_acc=96.00% val_f1=0.9590 | test_acc=91.85% test_f1=0.8975
Epoch 005 | train_loss=0.2970 | val_acc=96.00% val_f1=0.9590 | test_acc=90.45% test_f1=0.8814
Epoch 006 | train_loss=0.2130 | val_acc=96.00% val_f1=0.9590 | test_acc=89.61% test_f1=0.8708
Epoch 007 | train_loss=0.1552 | val_acc=98.86% val_f1=0.9862 | test_acc=87.08% test_f1=0.8355
Epoch 008 | train_loss=0.1210 | val_acc=98.86% val_f1=0.9862 | test_acc=84.27% test_f1=0.7994
Epoch 009 | train_loss=0.0835 | val_acc=98.86% val_f1=0.9862 | test_acc=80.62% test_f1=0.7393
Epoch 010 | train_loss=0.0697 | val_acc=98.86% val_f1=0.9862 | test_acc=87.92% test_f1=0.8463
Epoch 011 | train_loss=0.0583 | val_acc=99.43% val_f1=0.9919 | test_acc=85.39% test_f1=0.8114
Epoch 012 | train_loss=0.0461 | val_acc=98.86% val_f1=0.9861 | test_acc=83.15% test_f1=0.7843
Epoch 013 | train_loss=0.0404 | val_acc=99.43% val_f1=0.9919 | test_acc=83.99% test_f1=0.7870
Epoch 014 | train_loss=0.0294 | val_acc=99.43% val_f1=0.9919 | test_acc=81.46% test_f1=0.7576
Epoch 015 | train_loss=0.0247 | val_acc=98.86% val_f1=0.9861 | test_acc=82.02% test_f1=0.7733
Epoch 016 | train_loss=0.0287 | val_acc=100.00% val_f1=1.0000 | test_acc=83.71% test_f1=0.7964
Epoch 017 | train_loss=0.0218 | val_acc=100.00% val_f1=1.0000 | test_acc=86.52% test_f1=0.8299
Epoch 018 | train_loss=0.0196 | val_acc=100.00% val_f1=1.0000 | test_acc=85.39% test_f1=0.8147
Epoch 019 | train_loss=0.0189 | val_acc=99.43% val_f1=0.9919 | test_acc=80.62% test_f1=0.7462
Epoch 020 | train_loss=0.0169 | val_acc=99.43% val_f1=0.9919 | test_acc=86.24% test_f1=0.8285
Epoch 021 | train_loss=0.0133 | val_acc=100.00% val_f1=1.0000 | test_acc=84.55% test_f1=0.8088
Epoch 022 | train_loss=0.0156 | val_acc=99.43% val_f1=0.9919 | test_acc=79.78% test_f1=0.7220
Epoch 023 | train_loss=0.0123 | val_acc=100.00% val_f1=1.0000 | test_acc=83.71% test_f1=0.7957
Epoch 024 | train_loss=0.0104 | val_acc=99.43% val_f1=0.9919 | test_acc=83.43% test_f1=0.7915
Epoch 025 | train_loss=0.0099 | val_acc=99.43% val_f1=0.9919 | test_acc=83.43% test_f1=0.7859
Epoch 026 | train_loss=0.0088 | val_acc=99.43% val_f1=0.9919 | test_acc=81.74% test_f1=0.7654
Epoch 027 | train_loss=0.0087 | val_acc=99.43% val_f1=0.9919 | test_acc=82.87% test_f1=0.7843
Epoch 028 | train_loss=0.0079 | val_acc=99.43% val_f1=0.9919 | test_acc=83.43% test_f1=0.7915
Epoch 029 | train_loss=0.0077 | val_acc=99.43% val_f1=0.9919 | test_acc=84.27% test_f1=0.8020
Epoch 030 | train_loss=0.0064 | val_acc=99.43% val_f1=0.9919 | test_acc=84.83% test_f1=0.8089
Epoch 031 | train_loss=0.0068 | val_acc=99.43% val_f1=0.9919 | test_acc=83.43% test_f1=0.7908
Epoch 032 | train_loss=0.0059 | val_acc=99.43% val_f1=0.9919 | test_acc=83.71% test_f1=0.7950
Early stopping at epoch 32 (best=16, score=1.000000)
================================================================================
Best epoch: 16
Best score (val_macro_f1): 1.000000
Final test accuracy: 83.71%
Saved to: ablation_experiments/h1/results/comparison_18d_baselines/transformer/transformer_weld_seam_windows_ws5_tf75_pg0_h1_dm96_nh4_l4_ff128_do0.1_ep80_lr0.0001_wd1e-05_bs64_seed14
/usr/local/lib/python3.10/dist-packages/torch/nn/modules/transformer.py:385: UserWarning: enable_nested_tensor is True, but self.use_nested_tensor is False because encoder_layer.norm_first was True
  warnings.warn(
================================================================================
Comparison baseline | model=transformer
================================================================================
Dataset: /home/huang_kai/wind_turbine_phm/PHOENIX-main/autoencoder_benchmark/Data/processed_data/weld_seam_windows_ws5_tf75_pg0_h1.npz
Device: cuda
Train/Val/Test: 990 / 175 / 356
Epoch 001 | train_loss=0.7280 | val_acc=94.29% val_f1=0.9410 | test_acc=82.58% test_f1=0.7395
Epoch 002 | train_loss=0.2570 | val_acc=96.00% val_f1=0.9613 | test_acc=88.48% test_f1=0.8408
Epoch 003 | train_loss=0.1056 | val_acc=98.86% val_f1=0.9883 | test_acc=75.56% test_f1=0.6593
Epoch 004 | train_loss=0.0603 | val_acc=97.71% val_f1=0.9752 | test_acc=77.81% test_f1=0.6829
Epoch 005 | train_loss=0.0655 | val_acc=98.86% val_f1=0.9885 | test_acc=80.62% test_f1=0.7377
Epoch 006 | train_loss=0.0417 | val_acc=98.29% val_f1=0.9828 | test_acc=78.93% test_f1=0.7070
Epoch 007 | train_loss=0.0247 | val_acc=98.29% val_f1=0.9826 | test_acc=78.93% test_f1=0.7279
Epoch 008 | train_loss=0.0403 | val_acc=98.29% val_f1=0.9828 | test_acc=84.55% test_f1=0.7824
Epoch 009 | train_loss=0.0144 | val_acc=99.43% val_f1=0.9942 | test_acc=80.90% test_f1=0.7565
Epoch 010 | train_loss=0.0203 | val_acc=99.43% val_f1=0.9942 | test_acc=81.18% test_f1=0.7356
Epoch 011 | train_loss=0.0112 | val_acc=98.86% val_f1=0.9883 | test_acc=72.19% test_f1=0.6169
Epoch 012 | train_loss=0.0265 | val_acc=98.86% val_f1=0.9886 | test_acc=85.96% test_f1=0.8077
Epoch 013 | train_loss=0.0198 | val_acc=99.43% val_f1=0.9942 | test_acc=71.91% test_f1=0.6229
Epoch 014 | train_loss=0.0105 | val_acc=98.86% val_f1=0.9886 | test_acc=88.48% test_f1=0.8604
Epoch 015 | train_loss=0.0121 | val_acc=100.00% val_f1=1.0000 | test_acc=78.65% test_f1=0.7254
Epoch 016 | train_loss=0.0052 | val_acc=100.00% val_f1=1.0000 | test_acc=84.83% test_f1=0.8081
Epoch 017 | train_loss=0.0038 | val_acc=100.00% val_f1=1.0000 | test_acc=82.58% test_f1=0.7791
Epoch 018 | train_loss=0.0027 | val_acc=100.00% val_f1=1.0000 | test_acc=76.97% test_f1=0.7006
Epoch 019 | train_loss=0.0028 | val_acc=100.00% val_f1=1.0000 | test_acc=81.18% test_f1=0.7575
Epoch 020 | train_loss=0.0022 | val_acc=100.00% val_f1=1.0000 | test_acc=82.58% test_f1=0.7748
Epoch 021 | train_loss=0.0029 | val_acc=100.00% val_f1=1.0000 | test_acc=81.46% test_f1=0.7599
Epoch 022 | train_loss=0.0018 | val_acc=100.00% val_f1=1.0000 | test_acc=79.21% test_f1=0.7313
Epoch 023 | train_loss=0.0017 | val_acc=100.00% val_f1=1.0000 | test_acc=80.06% test_f1=0.7423
Epoch 024 | train_loss=0.0012 | val_acc=100.00% val_f1=1.0000 | test_acc=81.18% test_f1=0.7565
Epoch 025 | train_loss=0.0013 | val_acc=100.00% val_f1=1.0000 | test_acc=81.18% test_f1=0.7565
Epoch 026 | train_loss=0.0015 | val_acc=100.00% val_f1=1.0000 | test_acc=81.46% test_f1=0.7599
Epoch 027 | train_loss=0.0013 | val_acc=100.00% val_f1=1.0000 | test_acc=81.46% test_f1=0.7599
Epoch 028 | train_loss=0.0012 | val_acc=100.00% val_f1=1.0000 | test_acc=81.18% test_f1=0.7554
Epoch 029 | train_loss=0.0008 | val_acc=100.00% val_f1=1.0000 | test_acc=81.18% test_f1=0.7554
Epoch 030 | train_loss=0.0011 | val_acc=100.00% val_f1=1.0000 | test_acc=81.18% test_f1=0.7554
Epoch 031 | train_loss=0.0009 | val_acc=100.00% val_f1=1.0000 | test_acc=81.18% test_f1=0.7554
Early stopping at epoch 31 (best=15, score=1.000000)
================================================================================
Best epoch: 15
Best score (val_macro_f1): 1.000000
Final test accuracy: 78.65%
Saved to: ablation_experiments/h1/results/comparison_18d_baselines/transformer/transformer_weld_seam_windows_ws5_tf75_pg0_h1_dm128_nh4_l4_ff256_do0.1_ep80_lr0.0005_wd0.0005_bs128_seed42
/usr/local/lib/python3.10/dist-packages/torch/nn/modules/transformer.py:385: UserWarning: enable_nested_tensor is True, but self.use_nested_tensor is False because encoder_layer.norm_first was True
  warnings.warn(
================================================================================
Comparison baseline | model=transformer
================================================================================
Dataset: /home/huang_kai/wind_turbine_phm/PHOENIX-main/autoencoder_benchmark/Data/processed_data/weld_seam_windows_ws5_tf75_pg0_h1.npz
Device: cuda
Train/Val/Test: 990 / 175 / 356
Epoch 001 | train_loss=0.6946 | val_acc=90.29% val_f1=0.9038 | test_acc=88.76% test_f1=0.8345
Epoch 002 | train_loss=0.2708 | val_acc=93.71% val_f1=0.9334 | test_acc=88.20% test_f1=0.8193
Epoch 003 | train_loss=0.1075 | val_acc=97.71% val_f1=0.9701 | test_acc=80.06% test_f1=0.7236
Epoch 004 | train_loss=0.0578 | val_acc=99.43% val_f1=0.9919 | test_acc=86.52% test_f1=0.8247
Epoch 005 | train_loss=0.0404 | val_acc=99.43% val_f1=0.9942 | test_acc=85.96% test_f1=0.8203
Epoch 006 | train_loss=0.0516 | val_acc=97.71% val_f1=0.9697 | test_acc=80.90% test_f1=0.7438
Epoch 007 | train_loss=0.0649 | val_acc=97.71% val_f1=0.9673 | test_acc=77.81% test_f1=0.6765
Epoch 008 | train_loss=0.0587 | val_acc=98.29% val_f1=0.9780 | test_acc=90.45% test_f1=0.8864
Epoch 009 | train_loss=0.0298 | val_acc=98.29% val_f1=0.9755 | test_acc=83.71% test_f1=0.7790
Epoch 010 | train_loss=0.0112 | val_acc=99.43% val_f1=0.9919 | test_acc=83.43% test_f1=0.7792
Epoch 011 | train_loss=0.0133 | val_acc=100.00% val_f1=1.0000 | test_acc=85.39% test_f1=0.8058
Epoch 012 | train_loss=0.0052 | val_acc=100.00% val_f1=1.0000 | test_acc=79.21% test_f1=0.7280
Epoch 013 | train_loss=0.0061 | val_acc=100.00% val_f1=1.0000 | test_acc=83.15% test_f1=0.7802
Epoch 014 | train_loss=0.0052 | val_acc=100.00% val_f1=1.0000 | test_acc=78.37% test_f1=0.7161
Epoch 015 | train_loss=0.0054 | val_acc=99.43% val_f1=0.9919 | test_acc=83.43% test_f1=0.7759
Epoch 016 | train_loss=0.0040 | val_acc=100.00% val_f1=1.0000 | test_acc=78.93% test_f1=0.7243
Epoch 017 | train_loss=0.0032 | val_acc=100.00% val_f1=1.0000 | test_acc=81.74% test_f1=0.7631
Epoch 018 | train_loss=0.0023 | val_acc=99.43% val_f1=0.9919 | test_acc=80.34% test_f1=0.7327
Epoch 019 | train_loss=0.0025 | val_acc=100.00% val_f1=1.0000 | test_acc=82.02% test_f1=0.7679
Epoch 020 | train_loss=0.0072 | val_acc=100.00% val_f1=1.0000 | test_acc=83.43% test_f1=0.7900
Epoch 021 | train_loss=0.0455 | val_acc=98.29% val_f1=0.9755 | test_acc=87.36% test_f1=0.8444
Epoch 022 | train_loss=0.0609 | val_acc=98.29% val_f1=0.9755 | test_acc=76.12% test_f1=0.6391
Epoch 023 | train_loss=0.0279 | val_acc=97.71% val_f1=0.9697 | test_acc=74.44% test_f1=0.6603
Epoch 024 | train_loss=0.0053 | val_acc=98.29% val_f1=0.9755 | test_acc=78.37% test_f1=0.7038
Epoch 025 | train_loss=0.0064 | val_acc=99.43% val_f1=0.9919 | test_acc=78.93% test_f1=0.7296
Epoch 026 | train_loss=0.0095 | val_acc=98.29% val_f1=0.9755 | test_acc=80.90% test_f1=0.7241
Epoch 027 | train_loss=0.0102 | val_acc=99.43% val_f1=0.9919 | test_acc=77.53% test_f1=0.7054
Early stopping at epoch 27 (best=11, score=1.000000)
================================================================================
Best epoch: 11
Best score (val_macro_f1): 1.000000
Final test accuracy: 85.39%
Saved to: ablation_experiments/h1/results/comparison_18d_baselines/transformer/transformer_weld_seam_windows_ws5_tf75_pg0_h1_dm128_nh8_l4_ff256_do0.3_ep80_lr0.0003_wd0.0002_bs64_seed100
/usr/local/lib/python3.10/dist-packages/torch/nn/modules/transformer.py:385: UserWarning: enable_nested_tensor is True, but self.use_nested_tensor is False because encoder_layer.norm_first was True
  warnings.warn(
================================================================================
Comparison baseline | model=transformer
================================================================================
Dataset: /home/huang_kai/wind_turbine_phm/PHOENIX-main/autoencoder_benchmark/Data/processed_data/weld_seam_windows_ws5_tf75_pg0_h1.npz
Device: cuda
Train/Val/Test: 990 / 175 / 356
Epoch 001 | train_loss=0.7495 | val_acc=89.71% val_f1=0.8813 | test_acc=89.61% test_f1=0.8548
Epoch 002 | train_loss=0.3191 | val_acc=94.29% val_f1=0.9444 | test_acc=87.08% test_f1=0.8314
Epoch 003 | train_loss=0.1590 | val_acc=96.00% val_f1=0.9604 | test_acc=85.39% test_f1=0.8091
Epoch 004 | train_loss=0.1099 | val_acc=96.57% val_f1=0.9667 | test_acc=87.36% test_f1=0.8298
Epoch 005 | train_loss=0.0592 | val_acc=98.86% val_f1=0.9886 | test_acc=82.87% test_f1=0.7756
Epoch 006 | train_loss=0.0370 | val_acc=98.86% val_f1=0.9886 | test_acc=82.30% test_f1=0.7637
Epoch 007 | train_loss=0.0216 | val_acc=97.14% val_f1=0.9721 | test_acc=86.52% test_f1=0.8203
Epoch 008 | train_loss=0.0202 | val_acc=99.43% val_f1=0.9943 | test_acc=84.55% test_f1=0.7995
Epoch 009 | train_loss=0.0139 | val_acc=100.00% val_f1=1.0000 | test_acc=80.90% test_f1=0.7483
Epoch 010 | train_loss=0.0255 | val_acc=100.00% val_f1=1.0000 | test_acc=78.93% test_f1=0.7196
Epoch 011 | train_loss=0.0163 | val_acc=100.00% val_f1=1.0000 | test_acc=87.64% test_f1=0.8474
Epoch 012 | train_loss=0.0109 | val_acc=100.00% val_f1=1.0000 | test_acc=88.20% test_f1=0.8577
Epoch 013 | train_loss=0.0207 | val_acc=99.43% val_f1=0.9919 | test_acc=81.18% test_f1=0.7456
Epoch 014 | train_loss=0.0102 | val_acc=100.00% val_f1=1.0000 | test_acc=80.06% test_f1=0.7326
Epoch 015 | train_loss=0.0353 | val_acc=100.00% val_f1=1.0000 | test_acc=75.28% test_f1=0.6593
Epoch 016 | train_loss=0.0086 | val_acc=100.00% val_f1=1.0000 | test_acc=78.37% test_f1=0.7162
Epoch 017 | train_loss=0.0034 | val_acc=100.00% val_f1=1.0000 | test_acc=77.81% test_f1=0.7093
Epoch 018 | train_loss=0.0034 | val_acc=100.00% val_f1=1.0000 | test_acc=77.53% test_f1=0.7018
Epoch 019 | train_loss=0.0024 | val_acc=100.00% val_f1=1.0000 | test_acc=77.81% test_f1=0.7079
Epoch 020 | train_loss=0.0019 | val_acc=100.00% val_f1=1.0000 | test_acc=78.09% test_f1=0.7118
Epoch 021 | train_loss=0.0019 | val_acc=100.00% val_f1=1.0000 | test_acc=77.81% test_f1=0.7079
Epoch 022 | train_loss=0.0016 | val_acc=100.00% val_f1=1.0000 | test_acc=78.09% test_f1=0.7123
Epoch 023 | train_loss=0.0029 | val_acc=100.00% val_f1=1.0000 | test_acc=79.78% test_f1=0.7402
Epoch 024 | train_loss=0.0026 | val_acc=100.00% val_f1=1.0000 | test_acc=77.25% test_f1=0.7016
Epoch 025 | train_loss=0.0015 | val_acc=100.00% val_f1=1.0000 | test_acc=73.60% test_f1=0.6419
Early stopping at epoch 25 (best=9, score=1.000000)
================================================================================
Best epoch: 9
Best score (val_macro_f1): 1.000000
Final test accuracy: 80.90%
Saved to: ablation_experiments/h1/results/comparison_18d_baselines/transformer/transformer_weld_seam_windows_ws5_tf75_pg0_h1_dm128_nh8_l4_ff256_do0.2_ep80_lr0.0002_wd1e-05_bs64_seed183
/usr/local/lib/python3.10/dist-packages/torch/nn/modules/transformer.py:385: UserWarning: enable_nested_tensor is True, but self.use_nested_tensor is False because encoder_layer.norm_first was True
  warnings.warn(
================================================================================
Comparison baseline | model=transformer
================================================================================
Dataset: /home/huang_kai/wind_turbine_phm/PHOENIX-main/autoencoder_benchmark/Data/processed_data/weld_seam_windows_ws5_tf75_pg0_h1.npz
Device: cuda
Train/Val/Test: 990 / 175 / 356
Epoch 001 | train_loss=0.9065 | val_acc=88.00% val_f1=0.8577 | test_acc=99.16% test_f1=0.9888
Epoch 002 | train_loss=0.4934 | val_acc=93.71% val_f1=0.9272 | test_acc=92.98% test_f1=0.9087
Epoch 003 | train_loss=0.2780 | val_acc=96.57% val_f1=0.9659 | test_acc=92.13% test_f1=0.9004
Epoch 004 | train_loss=0.1562 | val_acc=97.71% val_f1=0.9770 | test_acc=89.89% test_f1=0.8706
Epoch 005 | train_loss=0.0978 | val_acc=97.14% val_f1=0.9714 | test_acc=86.24% test_f1=0.8181
Epoch 006 | train_loss=0.0727 | val_acc=98.29% val_f1=0.9830 | test_acc=86.80% test_f1=0.8281
Epoch 007 | train_loss=0.0477 | val_acc=97.71% val_f1=0.9772 | test_acc=83.15% test_f1=0.7792
Epoch 008 | train_loss=0.0365 | val_acc=99.43% val_f1=0.9942 | test_acc=83.71% test_f1=0.7914
Epoch 009 | train_loss=0.0316 | val_acc=98.29% val_f1=0.9830 | test_acc=89.33% test_f1=0.8657
Epoch 010 | train_loss=0.0250 | val_acc=99.43% val_f1=0.9942 | test_acc=84.27% test_f1=0.7991
Epoch 011 | train_loss=0.0192 | val_acc=98.86% val_f1=0.9861 | test_acc=88.48% test_f1=0.8585
Epoch 012 | train_loss=0.0170 | val_acc=98.29% val_f1=0.9830 | test_acc=86.52% test_f1=0.8268
Epoch 013 | train_loss=0.0094 | val_acc=99.43% val_f1=0.9942 | test_acc=81.74% test_f1=0.7644
Epoch 014 | train_loss=0.0087 | val_acc=99.43% val_f1=0.9942 | test_acc=85.11% test_f1=0.8152
Epoch 015 | train_loss=0.0063 | val_acc=99.43% val_f1=0.9942 | test_acc=85.39% test_f1=0.8145
Epoch 016 | train_loss=0.0061 | val_acc=99.43% val_f1=0.9942 | test_acc=81.46% test_f1=0.7605
Epoch 017 | train_loss=0.0074 | val_acc=98.86% val_f1=0.9860 | test_acc=83.99% test_f1=0.7971
Epoch 018 | train_loss=0.0049 | val_acc=99.43% val_f1=0.9942 | test_acc=79.49% test_f1=0.7319
Epoch 019 | train_loss=0.0046 | val_acc=99.43% val_f1=0.9942 | test_acc=83.43% test_f1=0.7926
Epoch 020 | train_loss=0.0034 | val_acc=99.43% val_f1=0.9942 | test_acc=80.62% test_f1=0.7484
Epoch 021 | train_loss=0.0038 | val_acc=100.00% val_f1=1.0000 | test_acc=84.83% test_f1=0.8099
Epoch 022 | train_loss=0.0028 | val_acc=99.43% val_f1=0.9942 | test_acc=78.93% test_f1=0.7222
Epoch 023 | train_loss=0.0030 | val_acc=100.00% val_f1=1.0000 | test_acc=87.36% test_f1=0.8426
Epoch 024 | train_loss=0.0030 | val_acc=100.00% val_f1=1.0000 | test_acc=83.43% test_f1=0.7901
Epoch 025 | train_loss=0.0024 | val_acc=99.43% val_f1=0.9942 | test_acc=77.81% test_f1=0.7053
Epoch 026 | train_loss=0.0026 | val_acc=100.00% val_f1=1.0000 | test_acc=85.11% test_f1=0.8156
Epoch 027 | train_loss=0.0016 | val_acc=99.43% val_f1=0.9942 | test_acc=80.06% test_f1=0.7410
Epoch 028 | train_loss=0.0012 | val_acc=100.00% val_f1=1.0000 | test_acc=83.99% test_f1=0.8003
Epoch 029 | train_loss=0.0012 | val_acc=100.00% val_f1=1.0000 | test_acc=83.15% test_f1=0.7883
Epoch 030 | train_loss=0.0011 | val_acc=99.43% val_f1=0.9942 | test_acc=80.06% test_f1=0.7441
Epoch 031 | train_loss=0.0013 | val_acc=100.00% val_f1=1.0000 | test_acc=81.46% test_f1=0.7645
Epoch 032 | train_loss=0.0012 | val_acc=100.00% val_f1=1.0000 | test_acc=82.30% test_f1=0.7762
Epoch 033 | train_loss=0.0010 | val_acc=100.00% val_f1=1.0000 | test_acc=83.43% test_f1=0.7927
Epoch 034 | train_loss=0.0008 | val_acc=100.00% val_f1=1.0000 | test_acc=81.46% test_f1=0.7646
Epoch 035 | train_loss=0.0008 | val_acc=100.00% val_f1=1.0000 | test_acc=80.62% test_f1=0.7525
Epoch 036 | train_loss=0.0010 | val_acc=100.00% val_f1=1.0000 | test_acc=79.78% test_f1=0.7402
Epoch 037 | train_loss=0.0009 | val_acc=99.43% val_f1=0.9942 | test_acc=78.93% test_f1=0.7267
Early stopping at epoch 37 (best=21, score=1.000000)
================================================================================
Best epoch: 21
Best score (val_macro_f1): 1.000000
Final test accuracy: 84.83%
Saved to: ablation_experiments/h1/results/comparison_18d_baselines/transformer/transformer_weld_seam_windows_ws5_tf75_pg0_h1_dm96_nh4_l2_ff128_do0.2_ep80_lr0.0002_wd0.0001_bs64_seed183
/usr/local/lib/python3.10/dist-packages/torch/nn/modules/transformer.py:385: UserWarning: enable_nested_tensor is True, but self.use_nested_tensor is False because encoder_layer.norm_first was True
  warnings.warn(
================================================================================
Comparison baseline | model=transformer
================================================================================
Dataset: /home/huang_kai/wind_turbine_phm/PHOENIX-main/autoencoder_benchmark/Data/processed_data/weld_seam_windows_ws5_tf75_pg0_h1.npz
Device: cuda
Train/Val/Test: 990 / 175 / 356
Epoch 001 | train_loss=0.8226 | val_acc=72.00% val_f1=0.7329 | test_acc=73.60% test_f1=0.7652
Epoch 002 | train_loss=0.4213 | val_acc=98.86% val_f1=0.9885 | test_acc=80.62% test_f1=0.7352
Epoch 003 | train_loss=0.2202 | val_acc=96.57% val_f1=0.9667 | test_acc=88.76% test_f1=0.8483
Epoch 004 | train_loss=0.1287 | val_acc=96.57% val_f1=0.9667 | test_acc=87.64% test_f1=0.8380
Epoch 005 | train_loss=0.0833 | val_acc=97.14% val_f1=0.9717 | test_acc=81.46% test_f1=0.7420
Epoch 006 | train_loss=0.0608 | val_acc=97.71% val_f1=0.9772 | test_acc=80.34% test_f1=0.7234
Epoch 007 | train_loss=0.0506 | val_acc=99.43% val_f1=0.9942 | test_acc=83.15% test_f1=0.7800
Epoch 008 | train_loss=0.0354 | val_acc=99.43% val_f1=0.9943 | test_acc=80.06% test_f1=0.7201
Epoch 009 | train_loss=0.0210 | val_acc=98.29% val_f1=0.9830 | test_acc=82.87% test_f1=0.7657
Epoch 010 | train_loss=0.0196 | val_acc=99.43% val_f1=0.9942 | test_acc=78.65% test_f1=0.7190
Epoch 011 | train_loss=0.0178 | val_acc=98.29% val_f1=0.9828 | test_acc=86.24% test_f1=0.8256
Epoch 012 | train_loss=0.0161 | val_acc=99.43% val_f1=0.9942 | test_acc=81.74% test_f1=0.7640
Epoch 013 | train_loss=0.0099 | val_acc=99.43% val_f1=0.9942 | test_acc=81.18% test_f1=0.7554
Epoch 014 | train_loss=0.0092 | val_acc=99.43% val_f1=0.9942 | test_acc=80.62% test_f1=0.7514
Epoch 015 | train_loss=0.0063 | val_acc=99.43% val_f1=0.9943 | test_acc=84.27% test_f1=0.7982
Epoch 016 | train_loss=0.0059 | val_acc=100.00% val_f1=1.0000 | test_acc=79.49% test_f1=0.7358
Epoch 017 | train_loss=0.0064 | val_acc=100.00% val_f1=1.0000 | test_acc=78.93% test_f1=0.7204
Epoch 018 | train_loss=0.0045 | val_acc=100.00% val_f1=1.0000 | test_acc=82.58% test_f1=0.7778
Epoch 019 | train_loss=0.0040 | val_acc=99.43% val_f1=0.9942 | test_acc=76.97% test_f1=0.6956
Epoch 020 | train_loss=0.0029 | val_acc=99.43% val_f1=0.9942 | test_acc=81.18% test_f1=0.7624
Epoch 021 | train_loss=0.0033 | val_acc=99.43% val_f1=0.9942 | test_acc=79.49% test_f1=0.7311
Epoch 022 | train_loss=0.0020 | val_acc=99.43% val_f1=0.9942 | test_acc=75.84% test_f1=0.6747
Epoch 023 | train_loss=0.0023 | val_acc=98.86% val_f1=0.9860 | test_acc=80.06% test_f1=0.7463
Epoch 024 | train_loss=0.0053 | val_acc=99.43% val_f1=0.9942 | test_acc=76.97% test_f1=0.6955
Epoch 025 | train_loss=0.0062 | val_acc=99.43% val_f1=0.9942 | test_acc=77.25% test_f1=0.6992
Epoch 026 | train_loss=0.0032 | val_acc=99.43% val_f1=0.9942 | test_acc=75.28% test_f1=0.6688
Epoch 027 | train_loss=0.0017 | val_acc=98.86% val_f1=0.9860 | test_acc=78.37% test_f1=0.7158
Epoch 028 | train_loss=0.0063 | val_acc=100.00% val_f1=1.0000 | test_acc=76.69% test_f1=0.6703
Epoch 029 | train_loss=0.0122 | val_acc=100.00% val_f1=1.0000 | test_acc=83.71% test_f1=0.7980
Epoch 030 | train_loss=0.0041 | val_acc=100.00% val_f1=1.0000 | test_acc=82.58% test_f1=0.7823
Epoch 031 | train_loss=0.0011 | val_acc=100.00% val_f1=1.0000 | test_acc=79.49% test_f1=0.7342
Epoch 032 | train_loss=0.0011 | val_acc=100.00% val_f1=1.0000 | test_acc=77.81% test_f1=0.7051
Early stopping at epoch 32 (best=16, score=1.000000)
================================================================================
Best epoch: 16
Best score (val_macro_f1): 1.000000
Final test accuracy: 79.49%
Saved to: ablation_experiments/h1/results/comparison_18d_baselines/transformer/transformer_weld_seam_windows_ws5_tf75_pg0_h1_dm128_nh8_l2_ff128_do0.1_ep80_lr0.0003_wd0.0001_bs128_seed77
/usr/local/lib/python3.10/dist-packages/torch/nn/modules/transformer.py:385: UserWarning: enable_nested_tensor is True, but self.use_nested_tensor is False because encoder_layer.norm_first was True
  warnings.warn(
================================================================================
Comparison baseline | model=transformer
================================================================================
Dataset: /home/huang_kai/wind_turbine_phm/PHOENIX-main/autoencoder_benchmark/Data/processed_data/weld_seam_windows_ws5_tf75_pg0_h1.npz
Device: cuda
Train/Val/Test: 990 / 175 / 356
Epoch 001 | train_loss=1.0410 | val_acc=54.86% val_f1=0.5739 | test_acc=43.54% test_f1=0.4770
Epoch 002 | train_loss=0.7736 | val_acc=84.57% val_f1=0.8393 | test_acc=71.35% test_f1=0.7120
Epoch 003 | train_loss=0.5423 | val_acc=89.71% val_f1=0.8813 | test_acc=91.29% test_f1=0.8847
Epoch 004 | train_loss=0.4016 | val_acc=94.86% val_f1=0.9468 | test_acc=85.67% test_f1=0.8019
Epoch 005 | train_loss=0.2796 | val_acc=93.71% val_f1=0.9392 | test_acc=91.57% test_f1=0.8836
Epoch 006 | train_loss=0.2239 | val_acc=93.71% val_f1=0.9392 | test_acc=90.17% test_f1=0.8665
Epoch 007 | train_loss=0.1402 | val_acc=96.57% val_f1=0.9659 | test_acc=84.27% test_f1=0.7960
Epoch 008 | train_loss=0.1157 | val_acc=97.71% val_f1=0.9770 | test_acc=82.87% test_f1=0.7776
Epoch 009 | train_loss=0.0823 | val_acc=97.14% val_f1=0.9717 | test_acc=85.96% test_f1=0.8136
Epoch 010 | train_loss=0.0678 | val_acc=98.29% val_f1=0.9828 | test_acc=81.46% test_f1=0.7550
Epoch 011 | train_loss=0.0532 | val_acc=98.29% val_f1=0.9805 | test_acc=83.99% test_f1=0.7952
Epoch 012 | train_loss=0.0315 | val_acc=97.71% val_f1=0.9775 | test_acc=84.83% test_f1=0.7991
Epoch 013 | train_loss=0.0288 | val_acc=100.00% val_f1=1.0000 | test_acc=78.93% test_f1=0.7212
Epoch 014 | train_loss=0.0250 | val_acc=98.86% val_f1=0.9886 | test_acc=83.99% test_f1=0.7959
Epoch 015 | train_loss=0.0171 | val_acc=100.00% val_f1=1.0000 | test_acc=83.71% test_f1=0.7946
Epoch 016 | train_loss=0.0147 | val_acc=100.00% val_f1=1.0000 | test_acc=82.58% test_f1=0.7786
Epoch 017 | train_loss=0.0170 | val_acc=100.00% val_f1=1.0000 | test_acc=82.58% test_f1=0.7786
Epoch 018 | train_loss=0.0120 | val_acc=100.00% val_f1=1.0000 | test_acc=84.27% test_f1=0.8029
Epoch 019 | train_loss=0.0113 | val_acc=100.00% val_f1=1.0000 | test_acc=79.78% test_f1=0.7353
Epoch 020 | train_loss=0.0114 | val_acc=99.43% val_f1=0.9942 | test_acc=80.34% test_f1=0.7458
Epoch 021 | train_loss=0.0084 | val_acc=99.43% val_f1=0.9942 | test_acc=78.09% test_f1=0.7132
Epoch 022 | train_loss=0.0086 | val_acc=100.00% val_f1=1.0000 | test_acc=84.27% test_f1=0.7999
Epoch 023 | train_loss=0.0076 | val_acc=100.00% val_f1=1.0000 | test_acc=81.46% test_f1=0.7625
Epoch 024 | train_loss=0.0068 | val_acc=100.00% val_f1=1.0000 | test_acc=78.37% test_f1=0.7173
Epoch 025 | train_loss=0.0055 | val_acc=100.00% val_f1=1.0000 | test_acc=80.90% test_f1=0.7556
Epoch 026 | train_loss=0.0046 | val_acc=100.00% val_f1=1.0000 | test_acc=79.78% test_f1=0.7375
Epoch 027 | train_loss=0.0051 | val_acc=100.00% val_f1=1.0000 | test_acc=81.46% test_f1=0.7644
Epoch 028 | train_loss=0.0044 | val_acc=100.00% val_f1=1.0000 | test_acc=81.74% test_f1=0.7679
Epoch 029 | train_loss=0.0037 | val_acc=100.00% val_f1=1.0000 | test_acc=82.30% test_f1=0.7749
Early stopping at epoch 29 (best=13, score=1.000000)
================================================================================
Best epoch: 13
Best score (val_macro_f1): 1.000000
Final test accuracy: 78.93%
Saved to: ablation_experiments/h1/results/comparison_18d_baselines/transformer/transformer_weld_seam_windows_ws5_tf75_pg0_h1_dm128_nh4_l3_ff128_do0.1_ep80_lr0.0002_wd0.0001_bs128_seed183
/usr/local/lib/python3.10/dist-packages/torch/nn/modules/transformer.py:385: UserWarning: enable_nested_tensor is True, but self.use_nested_tensor is False because encoder_layer.norm_first was True
  warnings.warn(
================================================================================
Comparison baseline | model=transformer
================================================================================
Dataset: /home/huang_kai/wind_turbine_phm/PHOENIX-main/autoencoder_benchmark/Data/processed_data/weld_seam_windows_ws5_tf75_pg0_h1.npz
Device: cuda
Train/Val/Test: 990 / 175 / 356
Epoch 001 | train_loss=1.0612 | val_acc=76.57% val_f1=0.7184 | test_acc=78.65% test_f1=0.6355
Epoch 002 | train_loss=0.7826 | val_acc=86.86% val_f1=0.8498 | test_acc=94.94% test_f1=0.9309
Epoch 003 | train_loss=0.5624 | val_acc=93.14% val_f1=0.9152 | test_acc=93.54% test_f1=0.9160
Epoch 004 | train_loss=0.4304 | val_acc=96.00% val_f1=0.9561 | test_acc=85.96% test_f1=0.8124
Epoch 005 | train_loss=0.2944 | val_acc=94.29% val_f1=0.9434 | test_acc=92.98% test_f1=0.9064
Epoch 006 | train_loss=0.1986 | val_acc=95.43% val_f1=0.9538 | test_acc=89.89% test_f1=0.8699
Epoch 007 | train_loss=0.1644 | val_acc=96.00% val_f1=0.9590 | test_acc=84.83% test_f1=0.8003
Epoch 008 | train_loss=0.1220 | val_acc=97.14% val_f1=0.9697 | test_acc=87.64% test_f1=0.8421
Epoch 009 | train_loss=0.0834 | val_acc=96.00% val_f1=0.9590 | test_acc=81.18% test_f1=0.7323
Epoch 010 | train_loss=0.0656 | val_acc=97.71% val_f1=0.9752 | test_acc=85.11% test_f1=0.8081
Epoch 011 | train_loss=0.0506 | val_acc=98.29% val_f1=0.9807 | test_acc=83.99% test_f1=0.7889
Epoch 012 | train_loss=0.0392 | val_acc=98.29% val_f1=0.9807 | test_acc=81.46% test_f1=0.7418
Epoch 013 | train_loss=0.0340 | val_acc=98.86% val_f1=0.9886 | test_acc=85.39% test_f1=0.8113
Epoch 014 | train_loss=0.0300 | val_acc=99.43% val_f1=0.9919 | test_acc=79.21% test_f1=0.7142
Epoch 015 | train_loss=0.0196 | val_acc=99.43% val_f1=0.9919 | test_acc=80.06% test_f1=0.7271
Epoch 016 | train_loss=0.0186 | val_acc=99.43% val_f1=0.9919 | test_acc=81.74% test_f1=0.7645
Epoch 017 | train_loss=0.0157 | val_acc=98.86% val_f1=0.9861 | test_acc=80.90% test_f1=0.7519
Epoch 018 | train_loss=0.0115 | val_acc=98.86% val_f1=0.9861 | test_acc=79.49% test_f1=0.7299
Epoch 019 | train_loss=0.0125 | val_acc=98.86% val_f1=0.9861 | test_acc=81.46% test_f1=0.7610
Epoch 020 | train_loss=0.0099 | val_acc=98.86% val_f1=0.9861 | test_acc=82.02% test_f1=0.7679
Epoch 021 | train_loss=0.0110 | val_acc=99.43% val_f1=0.9919 | test_acc=83.43% test_f1=0.7859
Epoch 022 | train_loss=0.0105 | val_acc=99.43% val_f1=0.9919 | test_acc=84.83% test_f1=0.8019
Epoch 023 | train_loss=0.0088 | val_acc=99.43% val_f1=0.9919 | test_acc=80.06% test_f1=0.7423
Epoch 024 | train_loss=0.0096 | val_acc=99.43% val_f1=0.9919 | test_acc=80.62% test_f1=0.7402
Epoch 025 | train_loss=0.0086 | val_acc=99.43% val_f1=0.9919 | test_acc=85.96% test_f1=0.8199
Epoch 026 | train_loss=0.0072 | val_acc=99.43% val_f1=0.9919 | test_acc=81.18% test_f1=0.7487
Epoch 027 | train_loss=0.0062 | val_acc=99.43% val_f1=0.9919 | test_acc=77.25% test_f1=0.6922
Epoch 028 | train_loss=0.0068 | val_acc=99.43% val_f1=0.9919 | test_acc=80.34% test_f1=0.7475
Epoch 029 | train_loss=0.0058 | val_acc=99.43% val_f1=0.9919 | test_acc=82.02% test_f1=0.7668
Epoch 030 | train_loss=0.0049 | val_acc=99.43% val_f1=0.9919 | test_acc=82.30% test_f1=0.7674
Early stopping at epoch 30 (best=14, score=0.991859)
================================================================================
Best epoch: 14
Best score (val_macro_f1): 0.991859
Final test accuracy: 79.21%
Saved to: ablation_experiments/h1/results/comparison_18d_baselines/transformer/transformer_weld_seam_windows_ws5_tf75_pg0_h1_dm96_nh8_l3_ff256_do0.2_ep80_lr0.0002_wd0.0001_bs128_seed14
/usr/local/lib/python3.10/dist-packages/torch/nn/modules/transformer.py:385: UserWarning: enable_nested_tensor is True, but self.use_nested_tensor is False because encoder_layer.norm_first was True
  warnings.warn(
================================================================================
Comparison baseline | model=transformer
================================================================================
Dataset: /home/huang_kai/wind_turbine_phm/PHOENIX-main/autoencoder_benchmark/Data/processed_data/weld_seam_windows_ws5_tf75_pg0_h1.npz
Device: cuda
Train/Val/Test: 990 / 175 / 356
Epoch 001 | train_loss=0.6684 | val_acc=94.29% val_f1=0.9381 | test_acc=82.58% test_f1=0.7450
Epoch 002 | train_loss=0.2594 | val_acc=97.14% val_f1=0.9721 | test_acc=87.36% test_f1=0.8284
Epoch 003 | train_loss=0.1221 | val_acc=97.14% val_f1=0.9721 | test_acc=85.11% test_f1=0.7906
Epoch 004 | train_loss=0.0688 | val_acc=98.29% val_f1=0.9830 | test_acc=80.62% test_f1=0.7116
Epoch 005 | train_loss=0.0626 | val_acc=97.71% val_f1=0.9772 | test_acc=80.90% test_f1=0.7314
Epoch 006 | train_loss=0.0306 | val_acc=99.43% val_f1=0.9942 | test_acc=78.93% test_f1=0.7160
Epoch 007 | train_loss=0.0186 | val_acc=99.43% val_f1=0.9942 | test_acc=78.93% test_f1=0.7144
Epoch 008 | train_loss=0.0144 | val_acc=98.29% val_f1=0.9830 | test_acc=84.55% test_f1=0.7864
Epoch 009 | train_loss=0.0116 | val_acc=100.00% val_f1=1.0000 | test_acc=82.87% test_f1=0.7696
Epoch 010 | train_loss=0.0087 | val_acc=100.00% val_f1=1.0000 | test_acc=82.30% test_f1=0.7736
Epoch 011 | train_loss=0.0087 | val_acc=99.43% val_f1=0.9943 | test_acc=87.64% test_f1=0.8377
Epoch 012 | train_loss=0.0341 | val_acc=99.43% val_f1=0.9919 | test_acc=88.48% test_f1=0.8622
Epoch 013 | train_loss=0.0153 | val_acc=100.00% val_f1=1.0000 | test_acc=80.90% test_f1=0.7515
Epoch 014 | train_loss=0.0059 | val_acc=100.00% val_f1=1.0000 | test_acc=83.15% test_f1=0.7856
Epoch 015 | train_loss=0.0275 | val_acc=100.00% val_f1=1.0000 | test_acc=82.87% test_f1=0.7844
Epoch 016 | train_loss=0.0061 | val_acc=100.00% val_f1=1.0000 | test_acc=77.25% test_f1=0.6779
Epoch 017 | train_loss=0.0104 | val_acc=100.00% val_f1=1.0000 | test_acc=81.74% test_f1=0.7705
Epoch 018 | train_loss=0.0019 | val_acc=100.00% val_f1=1.0000 | test_acc=83.43% test_f1=0.7807
Epoch 019 | train_loss=0.0023 | val_acc=100.00% val_f1=1.0000 | test_acc=79.78% test_f1=0.7346
Epoch 020 | train_loss=0.0019 | val_acc=100.00% val_f1=1.0000 | test_acc=83.15% test_f1=0.7872
Epoch 021 | train_loss=0.0016 | val_acc=100.00% val_f1=1.0000 | test_acc=85.67% test_f1=0.8200
Epoch 022 | train_loss=0.0017 | val_acc=100.00% val_f1=1.0000 | test_acc=82.30% test_f1=0.7743
Epoch 023 | train_loss=0.0011 | val_acc=100.00% val_f1=1.0000 | test_acc=79.49% test_f1=0.7370
Epoch 024 | train_loss=0.0016 | val_acc=100.00% val_f1=1.0000 | test_acc=83.99% test_f1=0.7948
Epoch 025 | train_loss=0.0011 | val_acc=100.00% val_f1=1.0000 | test_acc=85.11% test_f1=0.8091
Early stopping at epoch 25 (best=9, score=1.000000)
================================================================================
Best epoch: 9
Best score (val_macro_f1): 1.000000
Final test accuracy: 82.87%
Saved to: ablation_experiments/h1/results/comparison_18d_baselines/transformer/transformer_weld_seam_windows_ws5_tf75_pg0_h1_dm96_nh8_l3_ff128_do0.1_ep80_lr0.0003_wd1e-05_bs64_seed42
/usr/local/lib/python3.10/dist-packages/torch/nn/modules/transformer.py:385: UserWarning: enable_nested_tensor is True, but self.use_nested_tensor is False because encoder_layer.norm_first was True
  warnings.warn(
================================================================================
Comparison baseline | model=transformer
================================================================================
Dataset: /home/huang_kai/wind_turbine_phm/PHOENIX-main/autoencoder_benchmark/Data/processed_data/weld_seam_windows_ws5_tf75_pg0_h1.npz
Device: cuda
Train/Val/Test: 990 / 175 / 356
Epoch 001 | train_loss=0.9963 | val_acc=49.14% val_f1=0.4985 | test_acc=77.81% test_f1=0.7834
Epoch 002 | train_loss=0.8063 | val_acc=73.71% val_f1=0.7129 | test_acc=92.42% test_f1=0.9137
Epoch 003 | train_loss=0.6734 | val_acc=86.86% val_f1=0.8491 | test_acc=93.54% test_f1=0.9114
Epoch 004 | train_loss=0.5498 | val_acc=90.86% val_f1=0.8821 | test_acc=93.26% test_f1=0.9050
Epoch 005 | train_loss=0.4496 | val_acc=93.14% val_f1=0.9161 | test_acc=91.85% test_f1=0.8880
Epoch 006 | train_loss=0.3798 | val_acc=94.29% val_f1=0.9329 | test_acc=89.33% test_f1=0.8490
Epoch 007 | train_loss=0.3152 | val_acc=93.71% val_f1=0.9339 | test_acc=89.61% test_f1=0.8496
Epoch 008 | train_loss=0.2659 | val_acc=93.71% val_f1=0.9346 | test_acc=87.64% test_f1=0.8275
Epoch 009 | train_loss=0.2169 | val_acc=94.29% val_f1=0.9391 | test_acc=85.96% test_f1=0.8052
Epoch 010 | train_loss=0.1832 | val_acc=94.86% val_f1=0.9450 | test_acc=87.08% test_f1=0.8240
Epoch 011 | train_loss=0.1709 | val_acc=95.43% val_f1=0.9533 | test_acc=87.92% test_f1=0.8378
Epoch 012 | train_loss=0.1242 | val_acc=96.57% val_f1=0.9615 | test_acc=85.39% test_f1=0.7981
Epoch 013 | train_loss=0.1020 | val_acc=97.14% val_f1=0.9694 | test_acc=84.55% test_f1=0.7871
Epoch 014 | train_loss=0.1002 | val_acc=96.57% val_f1=0.9639 | test_acc=85.11% test_f1=0.7943
Epoch 015 | train_loss=0.0921 | val_acc=97.14% val_f1=0.9694 | test_acc=85.39% test_f1=0.8043
Epoch 016 | train_loss=0.0806 | val_acc=97.14% val_f1=0.9694 | test_acc=85.67% test_f1=0.8054
Epoch 017 | train_loss=0.0730 | val_acc=97.71% val_f1=0.9752 | test_acc=83.43% test_f1=0.7665
Epoch 018 | train_loss=0.0628 | val_acc=97.71% val_f1=0.9749 | test_acc=88.48% test_f1=0.8518
Epoch 019 | train_loss=0.0596 | val_acc=98.86% val_f1=0.9862 | test_acc=82.02% test_f1=0.7527
Epoch 020 | train_loss=0.0450 | val_acc=99.43% val_f1=0.9919 | test_acc=82.02% test_f1=0.7605
Epoch 021 | train_loss=0.0453 | val_acc=98.29% val_f1=0.9807 | test_acc=87.08% test_f1=0.8355
Epoch 022 | train_loss=0.0425 | val_acc=98.86% val_f1=0.9862 | test_acc=82.30% test_f1=0.7664
Epoch 023 | train_loss=0.0385 | val_acc=99.43% val_f1=0.9919 | test_acc=80.34% test_f1=0.7327
Epoch 024 | train_loss=0.0327 | val_acc=99.43% val_f1=0.9919 | test_acc=84.55% test_f1=0.8034
Epoch 025 | train_loss=0.0321 | val_acc=99.43% val_f1=0.9919 | test_acc=84.83% test_f1=0.8048
Epoch 026 | train_loss=0.0258 | val_acc=99.43% val_f1=0.9919 | test_acc=83.43% test_f1=0.7868
Epoch 027 | train_loss=0.0271 | val_acc=99.43% val_f1=0.9919 | test_acc=81.74% test_f1=0.7663
Epoch 028 | train_loss=0.0227 | val_acc=99.43% val_f1=0.9919 | test_acc=80.62% test_f1=0.7470
Epoch 029 | train_loss=0.0218 | val_acc=99.43% val_f1=0.9919 | test_acc=81.46% test_f1=0.7550
Epoch 030 | train_loss=0.0172 | val_acc=99.43% val_f1=0.9919 | test_acc=82.02% test_f1=0.7630
Epoch 031 | train_loss=0.0175 | val_acc=100.00% val_f1=1.0000 | test_acc=83.15% test_f1=0.7856
Epoch 032 | train_loss=0.0163 | val_acc=100.00% val_f1=1.0000 | test_acc=82.58% test_f1=0.7758
Epoch 033 | train_loss=0.0160 | val_acc=99.43% val_f1=0.9919 | test_acc=82.02% test_f1=0.7668
Epoch 034 | train_loss=0.0131 | val_acc=100.00% val_f1=1.0000 | test_acc=79.78% test_f1=0.7395
Epoch 035 | train_loss=0.0127 | val_acc=100.00% val_f1=1.0000 | test_acc=82.02% test_f1=0.7679
Epoch 036 | train_loss=0.0131 | val_acc=99.43% val_f1=0.9919 | test_acc=79.49% test_f1=0.7333
Epoch 037 | train_loss=0.0102 | val_acc=99.43% val_f1=0.9919 | test_acc=79.78% test_f1=0.7387
Epoch 038 | train_loss=0.0122 | val_acc=100.00% val_f1=1.0000 | test_acc=82.02% test_f1=0.7689
Epoch 039 | train_loss=0.0090 | val_acc=100.00% val_f1=1.0000 | test_acc=80.90% test_f1=0.7539
Epoch 040 | train_loss=0.0109 | val_acc=100.00% val_f1=1.0000 | test_acc=82.87% test_f1=0.7781
Epoch 041 | train_loss=0.0103 | val_acc=100.00% val_f1=1.0000 | test_acc=82.87% test_f1=0.7803
Epoch 042 | train_loss=0.0102 | val_acc=100.00% val_f1=1.0000 | test_acc=83.15% test_f1=0.7847
Epoch 043 | train_loss=0.0082 | val_acc=100.00% val_f1=1.0000 | test_acc=82.58% test_f1=0.7758
Epoch 044 | train_loss=0.0095 | val_acc=100.00% val_f1=1.0000 | test_acc=80.34% test_f1=0.7468
Epoch 045 | train_loss=0.0076 | val_acc=100.00% val_f1=1.0000 | test_acc=80.90% test_f1=0.7539
Epoch 046 | train_loss=0.0094 | val_acc=99.43% val_f1=0.9919 | test_acc=79.78% test_f1=0.7368
Epoch 047 | train_loss=0.0062 | val_acc=99.43% val_f1=0.9919 | test_acc=79.49% test_f1=0.7311
Early stopping at epoch 47 (best=31, score=1.000000)
================================================================================
Best epoch: 31
Best score (val_macro_f1): 1.000000
Final test accuracy: 83.15%
Saved to: ablation_experiments/h1/results/comparison_18d_baselines/transformer/transformer_weld_seam_windows_ws5_tf75_pg0_h1_dm128_nh8_l2_ff128_do0.1_ep80_lr0.0001_wd0.0001_bs128_seed122
/usr/local/lib/python3.10/dist-packages/torch/nn/modules/transformer.py:385: UserWarning: enable_nested_tensor is True, but self.use_nested_tensor is False because encoder_layer.norm_first was True
  warnings.warn(
================================================================================
Comparison baseline | model=transformer
================================================================================
Dataset: /home/huang_kai/wind_turbine_phm/PHOENIX-main/autoencoder_benchmark/Data/processed_data/weld_seam_windows_ws5_tf75_pg0_h1.npz
Device: cuda
Train/Val/Test: 990 / 175 / 356
Epoch 001 | train_loss=1.0173 | val_acc=45.14% val_f1=0.4706 | test_acc=40.45% test_f1=0.4376
Epoch 002 | train_loss=0.9235 | val_acc=45.71% val_f1=0.4777 | test_acc=41.57% test_f1=0.4510
Epoch 003 | train_loss=0.8643 | val_acc=51.43% val_f1=0.5476 | test_acc=42.42% test_f1=0.4627
Epoch 004 | train_loss=0.7824 | val_acc=64.00% val_f1=0.6629 | test_acc=49.72% test_f1=0.5467
Epoch 005 | train_loss=0.7320 | val_acc=75.43% val_f1=0.7723 | test_acc=66.01% test_f1=0.6960
Epoch 006 | train_loss=0.6556 | val_acc=81.71% val_f1=0.8294 | test_acc=76.97% test_f1=0.7776
Epoch 007 | train_loss=0.5960 | val_acc=85.71% val_f1=0.8655 | test_acc=82.58% test_f1=0.8108
Epoch 008 | train_loss=0.5359 | val_acc=90.29% val_f1=0.9073 | test_acc=87.64% test_f1=0.8515
Epoch 009 | train_loss=0.4666 | val_acc=92.57% val_f1=0.9273 | test_acc=89.61% test_f1=0.8690
Epoch 010 | train_loss=0.4140 | val_acc=92.57% val_f1=0.9273 | test_acc=89.04% test_f1=0.8599
Epoch 011 | train_loss=0.3824 | val_acc=93.14% val_f1=0.9353 | test_acc=88.48% test_f1=0.8483
Epoch 012 | train_loss=0.3186 | val_acc=93.14% val_f1=0.9353 | test_acc=88.48% test_f1=0.8476
Epoch 013 | train_loss=0.2916 | val_acc=94.29% val_f1=0.9456 | test_acc=86.52% test_f1=0.8196
Epoch 014 | train_loss=0.2517 | val_acc=95.43% val_f1=0.9560 | test_acc=86.52% test_f1=0.8147
Epoch 015 | train_loss=0.2179 | val_acc=95.43% val_f1=0.9560 | test_acc=88.76% test_f1=0.8538
Epoch 016 | train_loss=0.2027 | val_acc=95.43% val_f1=0.9560 | test_acc=88.20% test_f1=0.8437
Epoch 017 | train_loss=0.1729 | val_acc=95.43% val_f1=0.9560 | test_acc=86.80% test_f1=0.8210
Epoch 018 | train_loss=0.1552 | val_acc=96.57% val_f1=0.9663 | test_acc=86.52% test_f1=0.8234
Epoch 019 | train_loss=0.1558 | val_acc=97.71% val_f1=0.9772 | test_acc=87.08% test_f1=0.8345
Epoch 020 | train_loss=0.1239 | val_acc=97.14% val_f1=0.9721 | test_acc=84.83% test_f1=0.7894
Epoch 021 | train_loss=0.1259 | val_acc=97.14% val_f1=0.9721 | test_acc=86.52% test_f1=0.8163
Epoch 022 | train_loss=0.1208 | val_acc=97.71% val_f1=0.9775 | test_acc=88.76% test_f1=0.8538
Epoch 023 | train_loss=0.1112 | val_acc=98.29% val_f1=0.9830 | test_acc=84.83% test_f1=0.7945
Epoch 024 | train_loss=0.1070 | val_acc=99.43% val_f1=0.9943 | test_acc=86.80% test_f1=0.8312
Epoch 025 | train_loss=0.0950 | val_acc=99.43% val_f1=0.9943 | test_acc=83.99% test_f1=0.7864
Epoch 026 | train_loss=0.0877 | val_acc=98.29% val_f1=0.9830 | test_acc=83.71% test_f1=0.7817
Epoch 027 | train_loss=0.0930 | val_acc=98.29% val_f1=0.9830 | test_acc=85.39% test_f1=0.8092
Epoch 028 | train_loss=0.0810 | val_acc=98.29% val_f1=0.9830 | test_acc=83.71% test_f1=0.7817
Epoch 029 | train_loss=0.0662 | val_acc=98.29% val_f1=0.9830 | test_acc=84.27% test_f1=0.7896
Epoch 030 | train_loss=0.0753 | val_acc=98.29% val_f1=0.9830 | test_acc=83.99% test_f1=0.7849
Epoch 031 | train_loss=0.0619 | val_acc=99.43% val_f1=0.9943 | test_acc=83.15% test_f1=0.7765
Epoch 032 | train_loss=0.0608 | val_acc=99.43% val_f1=0.9943 | test_acc=83.71% test_f1=0.7892
Epoch 033 | train_loss=0.0693 | val_acc=100.00% val_f1=1.0000 | test_acc=85.11% test_f1=0.8111
Epoch 034 | train_loss=0.0625 | val_acc=100.00% val_f1=1.0000 | test_acc=83.99% test_f1=0.7937
Epoch 035 | train_loss=0.0541 | val_acc=100.00% val_f1=1.0000 | test_acc=83.71% test_f1=0.7892
Epoch 036 | train_loss=0.0506 | val_acc=100.00% val_f1=1.0000 | test_acc=84.55% test_f1=0.8025
Epoch 037 | train_loss=0.0490 | val_acc=100.00% val_f1=1.0000 | test_acc=83.71% test_f1=0.7903
Epoch 038 | train_loss=0.0463 | val_acc=100.00% val_f1=1.0000 | test_acc=82.87% test_f1=0.7799
Epoch 039 | train_loss=0.0481 | val_acc=100.00% val_f1=1.0000 | test_acc=83.99% test_f1=0.7947
Epoch 040 | train_loss=0.0472 | val_acc=100.00% val_f1=1.0000 | test_acc=84.27% test_f1=0.7981
Epoch 041 | train_loss=0.0544 | val_acc=100.00% val_f1=1.0000 | test_acc=83.15% test_f1=0.7824
Epoch 042 | train_loss=0.0447 | val_acc=100.00% val_f1=1.0000 | test_acc=83.43% test_f1=0.7886
Epoch 043 | train_loss=0.0407 | val_acc=100.00% val_f1=1.0000 | test_acc=83.43% test_f1=0.7886
Epoch 044 | train_loss=0.0441 | val_acc=100.00% val_f1=1.0000 | test_acc=82.58% test_f1=0.7755
Epoch 045 | train_loss=0.0376 | val_acc=100.00% val_f1=1.0000 | test_acc=82.87% test_f1=0.7807
Epoch 046 | train_loss=0.0406 | val_acc=100.00% val_f1=1.0000 | test_acc=83.71% test_f1=0.7929
Epoch 047 | train_loss=0.0444 | val_acc=100.00% val_f1=1.0000 | test_acc=83.71% test_f1=0.7921
Epoch 048 | train_loss=0.0331 | val_acc=100.00% val_f1=1.0000 | test_acc=82.87% test_f1=0.7812
Epoch 049 | train_loss=0.0356 | val_acc=100.00% val_f1=1.0000 | test_acc=83.43% test_f1=0.7881
Early stopping at epoch 49 (best=33, score=1.000000)
================================================================================
Best epoch: 33
Best score (val_macro_f1): 1.000000
Final test accuracy: 85.11%
Saved to: ablation_experiments/h1/results/comparison_18d_baselines/transformer/transformer_weld_seam_windows_ws5_tf75_pg0_h1_dm64_nh4_l2_ff256_do0.1_ep80_lr0.0001_wd1e-05_bs128_seed77
/usr/local/lib/python3.10/dist-packages/torch/nn/modules/transformer.py:385: UserWarning: enable_nested_tensor is True, but self.use_nested_tensor is False because encoder_layer.norm_first was True
  warnings.warn(
================================================================================
Comparison baseline | model=transformer
================================================================================
Dataset: /home/huang_kai/wind_turbine_phm/PHOENIX-main/autoencoder_benchmark/Data/processed_data/weld_seam_windows_ws5_tf75_pg0_h1.npz
Device: cuda
Train/Val/Test: 990 / 175 / 356
Epoch 001 | train_loss=0.9851 | val_acc=85.14% val_f1=0.8533 | test_acc=55.62% test_f1=0.4494
Epoch 002 | train_loss=0.7179 | val_acc=93.14% val_f1=0.9136 | test_acc=73.03% test_f1=0.6733
Epoch 003 | train_loss=0.5124 | val_acc=96.00% val_f1=0.9510 | test_acc=79.21% test_f1=0.7248
Epoch 004 | train_loss=0.3697 | val_acc=97.71% val_f1=0.9752 | test_acc=79.49% test_f1=0.7215
Epoch 005 | train_loss=0.3022 | val_acc=97.71% val_f1=0.9749 | test_acc=86.24% test_f1=0.8306
Epoch 006 | train_loss=0.2219 | val_acc=98.29% val_f1=0.9828 | test_acc=78.93% test_f1=0.7251
Epoch 007 | train_loss=0.1456 | val_acc=98.29% val_f1=0.9830 | test_acc=83.99% test_f1=0.7848
Epoch 008 | train_loss=0.1102 | val_acc=98.86% val_f1=0.9885 | test_acc=75.56% test_f1=0.6598
Epoch 009 | train_loss=0.0939 | val_acc=97.14% val_f1=0.9690 | test_acc=81.74% test_f1=0.7621
Epoch 010 | train_loss=0.0817 | val_acc=98.29% val_f1=0.9828 | test_acc=77.53% test_f1=0.6906
Epoch 011 | train_loss=0.0769 | val_acc=98.29% val_f1=0.9830 | test_acc=83.43% test_f1=0.7796
Epoch 012 | train_loss=0.0512 | val_acc=98.86% val_f1=0.9885 | test_acc=80.62% test_f1=0.7462
Epoch 013 | train_loss=0.0500 | val_acc=99.43% val_f1=0.9942 | test_acc=77.53% test_f1=0.7061
Epoch 014 | train_loss=0.0445 | val_acc=99.43% val_f1=0.9942 | test_acc=76.12% test_f1=0.6799
Epoch 015 | train_loss=0.0406 | val_acc=97.14% val_f1=0.9721 | test_acc=79.78% test_f1=0.7127
Epoch 016 | train_loss=0.0499 | val_acc=99.43% val_f1=0.9943 | test_acc=86.80% test_f1=0.8418
Epoch 017 | train_loss=0.0320 | val_acc=99.43% val_f1=0.9942 | test_acc=78.37% test_f1=0.7195
Epoch 018 | train_loss=0.0352 | val_acc=98.86% val_f1=0.9886 | test_acc=89.33% test_f1=0.8709
Epoch 019 | train_loss=0.0271 | val_acc=100.00% val_f1=1.0000 | test_acc=79.21% test_f1=0.7294
Epoch 020 | train_loss=0.0232 | val_acc=100.00% val_f1=1.0000 | test_acc=79.49% test_f1=0.7232
Epoch 021 | train_loss=0.0154 | val_acc=99.43% val_f1=0.9943 | test_acc=84.27% test_f1=0.7966
Epoch 022 | train_loss=0.0196 | val_acc=100.00% val_f1=1.0000 | test_acc=79.21% test_f1=0.7303
Epoch 023 | train_loss=0.0206 | val_acc=99.43% val_f1=0.9942 | test_acc=74.16% test_f1=0.6547
Epoch 024 | train_loss=0.0158 | val_acc=100.00% val_f1=1.0000 | test_acc=83.71% test_f1=0.7968
Epoch 025 | train_loss=0.0148 | val_acc=100.00% val_f1=1.0000 | test_acc=80.06% test_f1=0.7349
Epoch 026 | train_loss=0.0115 | val_acc=100.00% val_f1=1.0000 | test_acc=78.65% test_f1=0.7116
Epoch 027 | train_loss=0.0110 | val_acc=100.00% val_f1=1.0000 | test_acc=80.62% test_f1=0.7447
Epoch 028 | train_loss=0.0129 | val_acc=100.00% val_f1=1.0000 | test_acc=79.78% test_f1=0.7317
Epoch 029 | train_loss=0.0094 | val_acc=100.00% val_f1=1.0000 | test_acc=78.09% test_f1=0.7032
Epoch 030 | train_loss=0.0110 | val_acc=100.00% val_f1=1.0000 | test_acc=75.28% test_f1=0.6693
Epoch 031 | train_loss=0.0086 | val_acc=100.00% val_f1=1.0000 | test_acc=75.00% test_f1=0.6657
Epoch 032 | train_loss=0.0092 | val_acc=100.00% val_f1=1.0000 | test_acc=75.84% test_f1=0.6804
Epoch 033 | train_loss=0.0095 | val_acc=100.00% val_f1=1.0000 | test_acc=80.06% test_f1=0.7444
Epoch 034 | train_loss=0.0090 | val_acc=100.00% val_f1=1.0000 | test_acc=80.90% test_f1=0.7569
Epoch 035 | train_loss=0.0082 | val_acc=100.00% val_f1=1.0000 | test_acc=79.78% test_f1=0.7411
Early stopping at epoch 35 (best=19, score=1.000000)
================================================================================
Best epoch: 19
Best score (val_macro_f1): 1.000000
Final test accuracy: 79.21%
Saved to: ablation_experiments/h1/results/comparison_18d_baselines/transformer/transformer_weld_seam_windows_ws5_tf75_pg0_h1_dm96_nh4_l4_ff256_do0.2_ep80_lr0.0002_wd0.0002_bs128_seed42
/usr/local/lib/python3.10/dist-packages/torch/nn/modules/transformer.py:385: UserWarning: enable_nested_tensor is True, but self.use_nested_tensor is False because encoder_layer.norm_first was True
  warnings.warn(
================================================================================
Comparison baseline | model=transformer
================================================================================
Dataset: /home/huang_kai/wind_turbine_phm/PHOENIX-main/autoencoder_benchmark/Data/processed_data/weld_seam_windows_ws5_tf75_pg0_h1.npz
Device: cuda
Train/Val/Test: 990 / 175 / 356
Epoch 001 | train_loss=0.7949 | val_acc=95.43% val_f1=0.9400 | test_acc=85.67% test_f1=0.8179
Epoch 002 | train_loss=0.3980 | val_acc=96.00% val_f1=0.9556 | test_acc=86.52% test_f1=0.8237
Epoch 003 | train_loss=0.1951 | val_acc=97.14% val_f1=0.9669 | test_acc=83.43% test_f1=0.7774
Epoch 004 | train_loss=0.1266 | val_acc=98.29% val_f1=0.9779 | test_acc=84.27% test_f1=0.7960
Epoch 005 | train_loss=0.1097 | val_acc=96.00% val_f1=0.9566 | test_acc=84.55% test_f1=0.7767
Epoch 006 | train_loss=0.0659 | val_acc=98.29% val_f1=0.9781 | test_acc=87.36% test_f1=0.8368
Epoch 007 | train_loss=0.0617 | val_acc=98.86% val_f1=0.9861 | test_acc=82.02% test_f1=0.7668
Epoch 008 | train_loss=0.0398 | val_acc=99.43% val_f1=0.9919 | test_acc=86.52% test_f1=0.8237
Epoch 009 | train_loss=0.0301 | val_acc=99.43% val_f1=0.9919 | test_acc=77.53% test_f1=0.6934
Epoch 010 | train_loss=0.0296 | val_acc=99.43% val_f1=0.9919 | test_acc=76.12% test_f1=0.6648
Epoch 011 | train_loss=0.0169 | val_acc=99.43% val_f1=0.9919 | test_acc=80.06% test_f1=0.7380
Epoch 012 | train_loss=0.0149 | val_acc=99.43% val_f1=0.9919 | test_acc=86.52% test_f1=0.8102
Epoch 013 | train_loss=0.0172 | val_acc=99.43% val_f1=0.9919 | test_acc=80.62% test_f1=0.7479
Epoch 014 | train_loss=0.0113 | val_acc=100.00% val_f1=1.0000 | test_acc=85.67% test_f1=0.8219
Epoch 015 | train_loss=0.0172 | val_acc=99.43% val_f1=0.9919 | test_acc=80.34% test_f1=0.7398
Epoch 016 | train_loss=0.0146 | val_acc=99.43% val_f1=0.9919 | test_acc=83.15% test_f1=0.7700
Epoch 017 | train_loss=0.0058 | val_acc=100.00% val_f1=1.0000 | test_acc=81.46% test_f1=0.7606
Epoch 018 | train_loss=0.0130 | val_acc=99.43% val_f1=0.9919 | test_acc=78.09% test_f1=0.7041
Epoch 019 | train_loss=0.0058 | val_acc=100.00% val_f1=1.0000 | test_acc=85.67% test_f1=0.8188
Epoch 020 | train_loss=0.0045 | val_acc=99.43% val_f1=0.9919 | test_acc=79.21% test_f1=0.7296
Epoch 021 | train_loss=0.0252 | val_acc=98.86% val_f1=0.9837 | test_acc=71.63% test_f1=0.6039
Epoch 022 | train_loss=0.0267 | val_acc=99.43% val_f1=0.9919 | test_acc=80.34% test_f1=0.7441
Epoch 023 | train_loss=0.0140 | val_acc=100.00% val_f1=1.0000 | test_acc=85.96% test_f1=0.8270
Epoch 024 | train_loss=0.0122 | val_acc=98.86% val_f1=0.9837 | test_acc=70.22% test_f1=0.5908
Epoch 025 | train_loss=0.0147 | val_acc=99.43% val_f1=0.9919 | test_acc=82.87% test_f1=0.7846
Epoch 026 | train_loss=0.0028 | val_acc=100.00% val_f1=1.0000 | test_acc=81.74% test_f1=0.7685
Epoch 027 | train_loss=0.0023 | val_acc=100.00% val_f1=1.0000 | test_acc=80.06% test_f1=0.7404
Epoch 028 | train_loss=0.0050 | val_acc=99.43% val_f1=0.9919 | test_acc=84.83% test_f1=0.8112
Epoch 029 | train_loss=0.0043 | val_acc=99.43% val_f1=0.9919 | test_acc=78.37% test_f1=0.7158
Epoch 030 | train_loss=0.0023 | val_acc=99.43% val_f1=0.9919 | test_acc=82.58% test_f1=0.7806
Early stopping at epoch 30 (best=14, score=1.000000)
================================================================================
Best epoch: 14
Best score (val_macro_f1): 1.000000
Final test accuracy: 85.67%
Saved to: ablation_experiments/h1/results/comparison_18d_baselines/transformer/transformer_weld_seam_windows_ws5_tf75_pg0_h1_dm64_nh8_l3_ff256_do0.3_ep80_lr0.0003_wd0.0002_bs64_seed122
/usr/local/lib/python3.10/dist-packages/torch/nn/modules/transformer.py:385: UserWarning: enable_nested_tensor is True, but self.use_nested_tensor is False because encoder_layer.norm_first was True
  warnings.warn(
================================================================================
Comparison baseline | model=transformer
================================================================================
Dataset: /home/huang_kai/wind_turbine_phm/PHOENIX-main/autoencoder_benchmark/Data/processed_data/weld_seam_windows_ws5_tf75_pg0_h1.npz
Device: cuda
Train/Val/Test: 990 / 175 / 356
Epoch 001 | train_loss=1.1000 | val_acc=42.86% val_f1=0.4198 | test_acc=27.25% test_f1=0.2574
Epoch 002 | train_loss=0.9449 | val_acc=66.29% val_f1=0.6701 | test_acc=58.15% test_f1=0.5894
Epoch 003 | train_loss=0.7896 | val_acc=84.57% val_f1=0.8318 | test_acc=83.99% test_f1=0.8156
Epoch 004 | train_loss=0.6498 | val_acc=90.86% val_f1=0.9010 | test_acc=87.08% test_f1=0.8276
Epoch 005 | train_loss=0.5299 | val_acc=92.00% val_f1=0.9133 | test_acc=88.76% test_f1=0.8522
Epoch 006 | train_loss=0.4258 | val_acc=93.14% val_f1=0.9266 | test_acc=88.48% test_f1=0.8469
Epoch 007 | train_loss=0.3465 | val_acc=94.86% val_f1=0.9508 | test_acc=86.80% test_f1=0.8186
Epoch 008 | train_loss=0.2406 | val_acc=94.86% val_f1=0.9508 | test_acc=87.92% test_f1=0.8378
Epoch 009 | train_loss=0.1934 | val_acc=94.29% val_f1=0.9450 | test_acc=83.43% test_f1=0.7665
Epoch 010 | train_loss=0.1544 | val_acc=94.86% val_f1=0.9508 | test_acc=82.58% test_f1=0.7572
Epoch 011 | train_loss=0.1241 | val_acc=94.86% val_f1=0.9508 | test_acc=84.55% test_f1=0.7845
Epoch 012 | train_loss=0.1157 | val_acc=98.29% val_f1=0.9830 | test_acc=84.55% test_f1=0.7942
Epoch 013 | train_loss=0.0987 | val_acc=99.43% val_f1=0.9943 | test_acc=82.30% test_f1=0.7593
Epoch 014 | train_loss=0.0916 | val_acc=99.43% val_f1=0.9943 | test_acc=82.30% test_f1=0.7593
Epoch 015 | train_loss=0.0901 | val_acc=98.86% val_f1=0.9886 | test_acc=82.58% test_f1=0.7619
Epoch 016 | train_loss=0.0690 | val_acc=99.43% val_f1=0.9943 | test_acc=80.90% test_f1=0.7438
Epoch 017 | train_loss=0.0609 | val_acc=98.86% val_f1=0.9886 | test_acc=80.62% test_f1=0.7449
Epoch 018 | train_loss=0.0582 | val_acc=98.29% val_f1=0.9830 | test_acc=81.74% test_f1=0.7510
Epoch 019 | train_loss=0.0581 | val_acc=100.00% val_f1=1.0000 | test_acc=80.34% test_f1=0.7453
Epoch 020 | train_loss=0.0457 | val_acc=98.29% val_f1=0.9830 | test_acc=79.21% test_f1=0.7205
Epoch 021 | train_loss=0.0542 | val_acc=100.00% val_f1=1.0000 | test_acc=81.18% test_f1=0.7645
Epoch 022 | train_loss=0.0437 | val_acc=100.00% val_f1=1.0000 | test_acc=71.91% test_f1=0.6179
Epoch 023 | train_loss=0.0501 | val_acc=98.86% val_f1=0.9860 | test_acc=82.58% test_f1=0.7847
Epoch 024 | train_loss=0.0280 | val_acc=99.43% val_f1=0.9943 | test_acc=82.02% test_f1=0.7751
Epoch 025 | train_loss=0.0286 | val_acc=99.43% val_f1=0.9942 | test_acc=77.81% test_f1=0.7148
Epoch 026 | train_loss=0.0285 | val_acc=99.43% val_f1=0.9942 | test_acc=79.49% test_f1=0.7403
Epoch 027 | train_loss=0.0275 | val_acc=100.00% val_f1=1.0000 | test_acc=80.34% test_f1=0.7499
Epoch 028 | train_loss=0.0249 | val_acc=100.00% val_f1=1.0000 | test_acc=79.78% test_f1=0.7411
Epoch 029 | train_loss=0.0183 | val_acc=99.43% val_f1=0.9942 | test_acc=78.65% test_f1=0.7257
Epoch 030 | train_loss=0.0249 | val_acc=99.43% val_f1=0.9942 | test_acc=76.12% test_f1=0.6888
Epoch 031 | train_loss=0.0167 | val_acc=100.00% val_f1=1.0000 | test_acc=76.97% test_f1=0.7022
Epoch 032 | train_loss=0.0160 | val_acc=99.43% val_f1=0.9942 | test_acc=78.93% test_f1=0.7322
Epoch 033 | train_loss=0.0136 | val_acc=99.43% val_f1=0.9942 | test_acc=78.93% test_f1=0.7321
Epoch 034 | train_loss=0.0167 | val_acc=100.00% val_f1=1.0000 | test_acc=79.49% test_f1=0.7392
Epoch 035 | train_loss=0.0121 | val_acc=99.43% val_f1=0.9942 | test_acc=77.25% test_f1=0.7070
Early stopping at epoch 35 (best=19, score=1.000000)
================================================================================
Best epoch: 19
Best score (val_macro_f1): 1.000000
Final test accuracy: 80.34%
Saved to: ablation_experiments/h1/results/comparison_18d_baselines/transformer/transformer_weld_seam_windows_ws5_tf75_pg0_h1_dm64_nh8_l4_ff128_do0.2_ep80_lr0.0002_wd0.0002_bs128_seed77
/usr/local/lib/python3.10/dist-packages/torch/nn/modules/transformer.py:385: UserWarning: enable_nested_tensor is True, but self.use_nested_tensor is False because encoder_layer.norm_first was True
  warnings.warn(
================================================================================
Comparison baseline | model=transformer
================================================================================
Dataset: /home/huang_kai/wind_turbine_phm/PHOENIX-main/autoencoder_benchmark/Data/processed_data/weld_seam_windows_ws5_tf75_pg0_h1.npz
Device: cuda
Train/Val/Test: 990 / 175 / 356
Epoch 001 | train_loss=0.8984 | val_acc=89.71% val_f1=0.8717 | test_acc=94.10% test_f1=0.9147
Epoch 002 | train_loss=0.5936 | val_acc=97.14% val_f1=0.9615 | test_acc=89.33% test_f1=0.8658
Epoch 003 | train_loss=0.4056 | val_acc=98.86% val_f1=0.9837 | test_acc=88.76% test_f1=0.8590
Epoch 004 | train_loss=0.2587 | val_acc=95.43% val_f1=0.9514 | test_acc=90.73% test_f1=0.8838
Epoch 005 | train_loss=0.1716 | val_acc=98.29% val_f1=0.9807 | test_acc=90.45% test_f1=0.8817
Epoch 006 | train_loss=0.1187 | val_acc=98.29% val_f1=0.9807 | test_acc=85.11% test_f1=0.8059
Epoch 007 | train_loss=0.0780 | val_acc=98.86% val_f1=0.9862 | test_acc=79.49% test_f1=0.7184
Epoch 008 | train_loss=0.0635 | val_acc=98.29% val_f1=0.9807 | test_acc=84.83% test_f1=0.8025
Epoch 009 | train_loss=0.0313 | val_acc=98.86% val_f1=0.9862 | test_acc=81.74% test_f1=0.7609
Epoch 010 | train_loss=0.0321 | val_acc=99.43% val_f1=0.9919 | test_acc=86.24% test_f1=0.8301
Epoch 011 | train_loss=0.0266 | val_acc=99.43% val_f1=0.9919 | test_acc=81.74% test_f1=0.7609
Epoch 012 | train_loss=0.0146 | val_acc=98.86% val_f1=0.9861 | test_acc=79.21% test_f1=0.7280
Epoch 013 | train_loss=0.0192 | val_acc=99.43% val_f1=0.9919 | test_acc=81.74% test_f1=0.7568
Epoch 014 | train_loss=0.0147 | val_acc=99.43% val_f1=0.9919 | test_acc=87.64% test_f1=0.8478
Epoch 015 | train_loss=0.0085 | val_acc=99.43% val_f1=0.9919 | test_acc=80.06% test_f1=0.7398
Epoch 016 | train_loss=0.0111 | val_acc=99.43% val_f1=0.9942 | test_acc=82.58% test_f1=0.7791
Epoch 017 | train_loss=0.0083 | val_acc=99.43% val_f1=0.9919 | test_acc=85.39% test_f1=0.8174
Epoch 018 | train_loss=0.0090 | val_acc=100.00% val_f1=1.0000 | test_acc=86.52% test_f1=0.8335
Epoch 019 | train_loss=0.0084 | val_acc=99.43% val_f1=0.9919 | test_acc=84.55% test_f1=0.8055
Epoch 020 | train_loss=0.0094 | val_acc=99.43% val_f1=0.9919 | test_acc=86.80% test_f1=0.8361
Epoch 021 | train_loss=0.0067 | val_acc=99.43% val_f1=0.9919 | test_acc=80.06% test_f1=0.7368
Epoch 022 | train_loss=0.0048 | val_acc=99.43% val_f1=0.9919 | test_acc=80.90% test_f1=0.7556
Epoch 023 | train_loss=0.0150 | val_acc=99.43% val_f1=0.9919 | test_acc=79.49% test_f1=0.7241
Epoch 024 | train_loss=0.0161 | val_acc=100.00% val_f1=1.0000 | test_acc=86.80% test_f1=0.8409
Epoch 025 | train_loss=0.0144 | val_acc=99.43% val_f1=0.9919 | test_acc=76.69% test_f1=0.6836
Epoch 026 | train_loss=0.0045 | val_acc=100.00% val_f1=1.0000 | test_acc=82.30% test_f1=0.7774
Epoch 027 | train_loss=0.0054 | val_acc=100.00% val_f1=1.0000 | test_acc=84.83% test_f1=0.8142
Epoch 028 | train_loss=0.0041 | val_acc=99.43% val_f1=0.9919 | test_acc=87.08% test_f1=0.8431
Epoch 029 | train_loss=0.0035 | val_acc=99.43% val_f1=0.9919 | test_acc=85.39% test_f1=0.8201
Epoch 030 | train_loss=0.0026 | val_acc=99.43% val_f1=0.9919 | test_acc=83.43% test_f1=0.7932
Epoch 031 | train_loss=0.0023 | val_acc=99.43% val_f1=0.9919 | test_acc=82.58% test_f1=0.7820
Epoch 032 | train_loss=0.0026 | val_acc=99.43% val_f1=0.9919 | test_acc=83.43% test_f1=0.7927
Epoch 033 | train_loss=0.0026 | val_acc=99.43% val_f1=0.9919 | test_acc=83.71% test_f1=0.7964
Epoch 034 | train_loss=0.0026 | val_acc=99.43% val_f1=0.9919 | test_acc=83.71% test_f1=0.7964
Early stopping at epoch 34 (best=18, score=1.000000)
================================================================================
Best epoch: 18
Best score (val_macro_f1): 1.000000
Final test accuracy: 86.52%
Saved to: ablation_experiments/h1/results/comparison_18d_baselines/transformer/transformer_weld_seam_windows_ws5_tf75_pg0_h1_dm96_nh4_l3_ff128_do0.1_ep80_lr0.0003_wd0.0002_bs128_seed14
/usr/local/lib/python3.10/dist-packages/torch/nn/modules/transformer.py:385: UserWarning: enable_nested_tensor is True, but self.use_nested_tensor is False because encoder_layer.norm_first was True
  warnings.warn(
================================================================================
Comparison baseline | model=transformer
================================================================================
Dataset: /home/huang_kai/wind_turbine_phm/PHOENIX-main/autoencoder_benchmark/Data/processed_data/weld_seam_windows_ws5_tf75_pg0_h1.npz
Device: cuda
Train/Val/Test: 990 / 175 / 356
Epoch 001 | train_loss=0.9012 | val_acc=76.57% val_f1=0.7476 | test_acc=95.22% test_f1=0.9336
Epoch 002 | train_loss=0.5890 | val_acc=89.14% val_f1=0.8847 | test_acc=93.82% test_f1=0.9079
Epoch 003 | train_loss=0.4046 | val_acc=92.57% val_f1=0.9203 | test_acc=92.42% test_f1=0.8919
Epoch 004 | train_loss=0.2979 | val_acc=93.14% val_f1=0.9284 | test_acc=91.29% test_f1=0.8704
Epoch 005 | train_loss=0.1847 | val_acc=95.43% val_f1=0.9488 | test_acc=88.76% test_f1=0.8533
Epoch 006 | train_loss=0.1433 | val_acc=96.00% val_f1=0.9558 | test_acc=91.85% test_f1=0.8983
Epoch 007 | train_loss=0.1044 | val_acc=96.00% val_f1=0.9566 | test_acc=86.80% test_f1=0.8207
Epoch 008 | train_loss=0.0734 | val_acc=98.29% val_f1=0.9755 | test_acc=79.78% test_f1=0.7128
Epoch 009 | train_loss=0.0522 | val_acc=100.00% val_f1=1.0000 | test_acc=85.67% test_f1=0.8135
Epoch 010 | train_loss=0.0425 | val_acc=100.00% val_f1=1.0000 | test_acc=85.96% test_f1=0.8111
Epoch 011 | train_loss=0.0388 | val_acc=100.00% val_f1=1.0000 | test_acc=85.96% test_f1=0.8124
Epoch 012 | train_loss=0.0355 | val_acc=100.00% val_f1=1.0000 | test_acc=83.71% test_f1=0.7794
Epoch 013 | train_loss=0.0210 | val_acc=100.00% val_f1=1.0000 | test_acc=77.81% test_f1=0.6994
Epoch 014 | train_loss=0.0194 | val_acc=100.00% val_f1=1.0000 | test_acc=82.02% test_f1=0.7503
Epoch 015 | train_loss=0.0148 | val_acc=100.00% val_f1=1.0000 | test_acc=83.15% test_f1=0.7699
Epoch 016 | train_loss=0.0245 | val_acc=100.00% val_f1=1.0000 | test_acc=82.30% test_f1=0.7736
Epoch 017 | train_loss=0.0210 | val_acc=99.43% val_f1=0.9919 | test_acc=83.15% test_f1=0.7875
Epoch 018 | train_loss=0.0122 | val_acc=98.86% val_f1=0.9837 | test_acc=83.99% test_f1=0.7889
Epoch 019 | train_loss=0.0093 | val_acc=99.43% val_f1=0.9919 | test_acc=83.43% test_f1=0.7847
Epoch 020 | train_loss=0.0078 | val_acc=98.86% val_f1=0.9837 | test_acc=79.78% test_f1=0.7353
Epoch 021 | train_loss=0.0065 | val_acc=98.86% val_f1=0.9837 | test_acc=82.02% test_f1=0.7643
Epoch 022 | train_loss=0.0072 | val_acc=100.00% val_f1=1.0000 | test_acc=81.18% test_f1=0.7576
Epoch 023 | train_loss=0.0058 | val_acc=100.00% val_f1=1.0000 | test_acc=81.18% test_f1=0.7576
Epoch 024 | train_loss=0.0065 | val_acc=98.86% val_f1=0.9837 | test_acc=78.93% test_f1=0.7175
Epoch 025 | train_loss=0.0069 | val_acc=100.00% val_f1=1.0000 | test_acc=82.87% test_f1=0.7838
Early stopping at epoch 25 (best=9, score=1.000000)
================================================================================
Best epoch: 9
Best score (val_macro_f1): 1.000000
Final test accuracy: 85.67%
Saved to: ablation_experiments/h1/results/comparison_18d_baselines/transformer/transformer_weld_seam_windows_ws5_tf75_pg0_h1_dm64_nh8_l3_ff128_do0.1_ep80_lr0.0002_wd0.0001_bs64_seed100
/usr/local/lib/python3.10/dist-packages/torch/nn/modules/transformer.py:385: UserWarning: enable_nested_tensor is True, but self.use_nested_tensor is False because encoder_layer.norm_first was True
  warnings.warn(
================================================================================
Comparison baseline | model=transformer
================================================================================
Dataset: /home/huang_kai/wind_turbine_phm/PHOENIX-main/autoencoder_benchmark/Data/processed_data/weld_seam_windows_ws5_tf75_pg0_h1.npz
Device: cuda
Train/Val/Test: 990 / 175 / 356
Epoch 001 | train_loss=0.8558 | val_acc=90.86% val_f1=0.8706 | test_acc=96.35% test_f1=0.9586
Epoch 002 | train_loss=0.5352 | val_acc=97.71% val_f1=0.9720 | test_acc=80.90% test_f1=0.7489
Epoch 003 | train_loss=0.2893 | val_acc=96.57% val_f1=0.9619 | test_acc=83.15% test_f1=0.7774
Epoch 004 | train_loss=0.1877 | val_acc=94.86% val_f1=0.9485 | test_acc=87.92% test_f1=0.8316
Epoch 005 | train_loss=0.1115 | val_acc=97.71% val_f1=0.9752 | test_acc=80.34% test_f1=0.7252
Epoch 006 | train_loss=0.0779 | val_acc=98.29% val_f1=0.9802 | test_acc=82.02% test_f1=0.7639
Epoch 007 | train_loss=0.0830 | val_acc=97.14% val_f1=0.9694 | test_acc=86.52% test_f1=0.8214
Epoch 008 | train_loss=0.0411 | val_acc=98.86% val_f1=0.9861 | test_acc=83.99% test_f1=0.7899
Epoch 009 | train_loss=0.0321 | val_acc=98.29% val_f1=0.9802 | test_acc=76.69% test_f1=0.6784
Epoch 010 | train_loss=0.0327 | val_acc=98.29% val_f1=0.9804 | test_acc=84.27% test_f1=0.7923
Epoch 011 | train_loss=0.0250 | val_acc=98.86% val_f1=0.9861 | test_acc=83.43% test_f1=0.7836
Epoch 012 | train_loss=0.0322 | val_acc=99.43% val_f1=0.9942 | test_acc=82.30% test_f1=0.7701
Epoch 013 | train_loss=0.0461 | val_acc=98.86% val_f1=0.9861 | test_acc=82.02% test_f1=0.7591
Epoch 014 | train_loss=0.0195 | val_acc=99.43% val_f1=0.9919 | test_acc=84.83% test_f1=0.8025
Epoch 015 | train_loss=0.0143 | val_acc=99.43% val_f1=0.9942 | test_acc=81.46% test_f1=0.7598
Epoch 016 | train_loss=0.0106 | val_acc=100.00% val_f1=1.0000 | test_acc=83.71% test_f1=0.7892
Epoch 017 | train_loss=0.0090 | val_acc=99.43% val_f1=0.9942 | test_acc=79.21% test_f1=0.7276
Epoch 018 | train_loss=0.0101 | val_acc=100.00% val_f1=1.0000 | test_acc=85.67% test_f1=0.8169
Epoch 019 | train_loss=0.0089 | val_acc=99.43% val_f1=0.9942 | test_acc=78.37% test_f1=0.7125
Epoch 020 | train_loss=0.0075 | val_acc=100.00% val_f1=1.0000 | test_acc=84.55% test_f1=0.8025
Epoch 021 | train_loss=0.0068 | val_acc=100.00% val_f1=1.0000 | test_acc=82.30% test_f1=0.7728
Epoch 022 | train_loss=0.0066 | val_acc=99.43% val_f1=0.9919 | test_acc=79.78% test_f1=0.7353
Epoch 023 | train_loss=0.0060 | val_acc=100.00% val_f1=1.0000 | test_acc=82.30% test_f1=0.7749
Epoch 024 | train_loss=0.0036 | val_acc=100.00% val_f1=1.0000 | test_acc=81.46% test_f1=0.7587
Epoch 025 | train_loss=0.0066 | val_acc=100.00% val_f1=1.0000 | test_acc=85.67% test_f1=0.8179
Epoch 026 | train_loss=0.0057 | val_acc=99.43% val_f1=0.9919 | test_acc=80.90% test_f1=0.7539
Epoch 027 | train_loss=0.0049 | val_acc=100.00% val_f1=1.0000 | test_acc=83.71% test_f1=0.7929
Epoch 028 | train_loss=0.0028 | val_acc=99.43% val_f1=0.9919 | test_acc=80.90% test_f1=0.7516
Epoch 029 | train_loss=0.0041 | val_acc=99.43% val_f1=0.9919 | test_acc=79.78% test_f1=0.7306
Epoch 030 | train_loss=0.0040 | val_acc=99.43% val_f1=0.9919 | test_acc=84.83% test_f1=0.8036
Epoch 031 | train_loss=0.0027 | val_acc=99.43% val_f1=0.9919 | test_acc=82.02% test_f1=0.7692
Epoch 032 | train_loss=0.0019 | val_acc=99.43% val_f1=0.9919 | test_acc=81.46% test_f1=0.7620
Early stopping at epoch 32 (best=16, score=1.000000)
================================================================================
Best epoch: 16
Best score (val_macro_f1): 1.000000
Final test accuracy: 83.71%
Saved to: ablation_experiments/h1/results/comparison_18d_baselines/transformer/transformer_weld_seam_windows_ws5_tf75_pg0_h1_dm64_nh8_l2_ff128_do0.3_ep80_lr0.0005_wd0.0005_bs64_seed14
/usr/local/lib/python3.10/dist-packages/torch/nn/modules/transformer.py:385: UserWarning: enable_nested_tensor is True, but self.use_nested_tensor is False because encoder_layer.norm_first was True
  warnings.warn(
================================================================================
Comparison baseline | model=transformer
================================================================================
Dataset: /home/huang_kai/wind_turbine_phm/PHOENIX-main/autoencoder_benchmark/Data/processed_data/weld_seam_windows_ws5_tf75_pg0_h1.npz
Device: cuda
Train/Val/Test: 990 / 175 / 356
Epoch 001 | train_loss=0.9028 | val_acc=76.00% val_f1=0.7817 | test_acc=85.96% test_f1=0.7961
Epoch 002 | train_loss=0.4959 | val_acc=96.57% val_f1=0.9577 | test_acc=80.90% test_f1=0.7354
Epoch 003 | train_loss=0.2883 | val_acc=92.00% val_f1=0.9120 | test_acc=92.98% test_f1=0.8961
Epoch 004 | train_loss=0.1427 | val_acc=94.86% val_f1=0.9444 | test_acc=81.74% test_f1=0.7253
Epoch 005 | train_loss=0.1078 | val_acc=95.43% val_f1=0.9508 | test_acc=84.27% test_f1=0.7757
Epoch 006 | train_loss=0.0803 | val_acc=97.14% val_f1=0.9690 | test_acc=88.48% test_f1=0.8540
Epoch 007 | train_loss=0.0583 | val_acc=97.14% val_f1=0.9694 | test_acc=83.15% test_f1=0.7699
Epoch 008 | train_loss=0.0440 | val_acc=97.71% val_f1=0.9752 | test_acc=83.99% test_f1=0.7745
Epoch 009 | train_loss=0.0378 | val_acc=98.86% val_f1=0.9837 | test_acc=81.74% test_f1=0.7627
Epoch 010 | train_loss=0.0265 | val_acc=99.43% val_f1=0.9919 | test_acc=81.18% test_f1=0.7243
Epoch 011 | train_loss=0.0161 | val_acc=100.00% val_f1=1.0000 | test_acc=76.12% test_f1=0.6784
Epoch 012 | train_loss=0.0134 | val_acc=98.86% val_f1=0.9886 | test_acc=86.80% test_f1=0.8218
Epoch 013 | train_loss=0.0147 | val_acc=100.00% val_f1=1.0000 | test_acc=79.78% test_f1=0.7338
Epoch 014 | train_loss=0.0123 | val_acc=99.43% val_f1=0.9919 | test_acc=82.87% test_f1=0.7716
Epoch 015 | train_loss=0.0189 | val_acc=100.00% val_f1=1.0000 | test_acc=77.53% test_f1=0.6985
Epoch 016 | train_loss=0.0098 | val_acc=98.86% val_f1=0.9837 | test_acc=80.62% test_f1=0.7481
Epoch 017 | train_loss=0.0056 | val_acc=99.43% val_f1=0.9919 | test_acc=82.87% test_f1=0.7668
Epoch 018 | train_loss=0.0048 | val_acc=99.43% val_f1=0.9919 | test_acc=80.34% test_f1=0.7430
Epoch 019 | train_loss=0.0052 | val_acc=99.43% val_f1=0.9919 | test_acc=77.53% test_f1=0.7011
Epoch 020 | train_loss=0.0035 | val_acc=100.00% val_f1=1.0000 | test_acc=84.83% test_f1=0.8077
Epoch 021 | train_loss=0.0026 | val_acc=100.00% val_f1=1.0000 | test_acc=83.43% test_f1=0.7901
Epoch 022 | train_loss=0.0019 | val_acc=100.00% val_f1=1.0000 | test_acc=79.78% test_f1=0.7353
Epoch 023 | train_loss=0.0014 | val_acc=99.43% val_f1=0.9919 | test_acc=78.65% test_f1=0.7198
Epoch 024 | train_loss=0.0020 | val_acc=100.00% val_f1=1.0000 | test_acc=80.90% test_f1=0.7515
Epoch 025 | train_loss=0.0019 | val_acc=100.00% val_f1=1.0000 | test_acc=80.62% test_f1=0.7479
Epoch 026 | train_loss=0.0017 | val_acc=100.00% val_f1=1.0000 | test_acc=80.62% test_f1=0.7488
Epoch 027 | train_loss=0.0015 | val_acc=100.00% val_f1=1.0000 | test_acc=80.62% test_f1=0.7479
Early stopping at epoch 27 (best=11, score=1.000000)
================================================================================
Best epoch: 11
Best score (val_macro_f1): 1.000000
Final test accuracy: 76.12%
Saved to: ablation_experiments/h1/results/comparison_18d_baselines/transformer/transformer_weld_seam_windows_ws5_tf75_pg0_h1_dm128_nh8_l3_ff128_do0.1_ep80_lr0.0003_wd1e-05_bs128_seed122
/usr/local/lib/python3.10/dist-packages/torch/nn/modules/transformer.py:385: UserWarning: enable_nested_tensor is True, but self.use_nested_tensor is False because encoder_layer.norm_first was True
  warnings.warn(
================================================================================
Comparison baseline | model=transformer
================================================================================
Dataset: /home/huang_kai/wind_turbine_phm/PHOENIX-main/autoencoder_benchmark/Data/processed_data/weld_seam_windows_ws5_tf75_pg0_h1.npz
Device: cuda
Train/Val/Test: 990 / 175 / 356
Epoch 001 | train_loss=0.6631 | val_acc=92.00% val_f1=0.9163 | test_acc=95.22% test_f1=0.9315
Epoch 002 | train_loss=0.1513 | val_acc=98.29% val_f1=0.9826 | test_acc=81.18% test_f1=0.7527
Epoch 003 | train_loss=0.0505 | val_acc=99.43% val_f1=0.9919 | test_acc=79.49% test_f1=0.7294
Epoch 004 | train_loss=0.0767 | val_acc=99.43% val_f1=0.9942 | test_acc=85.96% test_f1=0.8236
Epoch 005 | train_loss=0.0281 | val_acc=97.71% val_f1=0.9675 | test_acc=89.89% test_f1=0.8790
Epoch 006 | train_loss=0.1175 | val_acc=99.43% val_f1=0.9919 | test_acc=85.67% test_f1=0.8195
Epoch 007 | train_loss=0.0466 | val_acc=99.43% val_f1=0.9942 | test_acc=81.46% test_f1=0.7587
Epoch 008 | train_loss=0.0157 | val_acc=99.43% val_f1=0.9942 | test_acc=81.74% test_f1=0.7627
Epoch 009 | train_loss=0.0174 | val_acc=100.00% val_f1=1.0000 | test_acc=78.93% test_f1=0.7189
Epoch 010 | train_loss=0.0146 | val_acc=100.00% val_f1=1.0000 | test_acc=76.97% test_f1=0.6759
Epoch 011 | train_loss=0.0057 | val_acc=100.00% val_f1=1.0000 | test_acc=82.02% test_f1=0.7667
Epoch 012 | train_loss=0.0151 | val_acc=100.00% val_f1=1.0000 | test_acc=84.83% test_f1=0.8073
Epoch 013 | train_loss=0.0599 | val_acc=95.43% val_f1=0.9532 | test_acc=96.35% test_f1=0.9469
Epoch 014 | train_loss=0.0605 | val_acc=98.29% val_f1=0.9824 | test_acc=77.25% test_f1=0.6854
Epoch 015 | train_loss=0.0162 | val_acc=100.00% val_f1=1.0000 | test_acc=80.90% test_f1=0.7505
Epoch 016 | train_loss=0.0052 | val_acc=100.00% val_f1=1.0000 | test_acc=84.83% test_f1=0.8071
Epoch 017 | train_loss=0.0027 | val_acc=100.00% val_f1=1.0000 | test_acc=79.49% test_f1=0.7295
Epoch 018 | train_loss=0.0021 | val_acc=100.00% val_f1=1.0000 | test_acc=80.90% test_f1=0.7505
Epoch 019 | train_loss=0.0016 | val_acc=100.00% val_f1=1.0000 | test_acc=80.06% test_f1=0.7371
Epoch 020 | train_loss=0.0018 | val_acc=100.00% val_f1=1.0000 | test_acc=78.65% test_f1=0.7143
Epoch 021 | train_loss=0.0014 | val_acc=100.00% val_f1=1.0000 | test_acc=78.93% test_f1=0.7189
Epoch 022 | train_loss=0.0013 | val_acc=100.00% val_f1=1.0000 | test_acc=79.49% test_f1=0.7281
Epoch 023 | train_loss=0.0010 | val_acc=100.00% val_f1=1.0000 | test_acc=80.90% test_f1=0.7499
Epoch 024 | train_loss=0.0007 | val_acc=100.00% val_f1=1.0000 | test_acc=81.74% test_f1=0.7622
Epoch 025 | train_loss=0.0012 | val_acc=100.00% val_f1=1.0000 | test_acc=81.74% test_f1=0.7622
Early stopping at epoch 25 (best=9, score=1.000000)
================================================================================
Best epoch: 9
Best score (val_macro_f1): 1.000000
Final test accuracy: 78.93%
Saved to: ablation_experiments/h1/results/comparison_18d_baselines/transformer/transformer_weld_seam_windows_ws5_tf75_pg0_h1_dm128_nh8_l4_ff256_do0.1_ep80_lr0.0005_wd0.0002_bs64_seed183
/usr/local/lib/python3.10/dist-packages/torch/nn/modules/transformer.py:385: UserWarning: enable_nested_tensor is True, but self.use_nested_tensor is False because encoder_layer.norm_first was True
  warnings.warn(
================================================================================
Comparison baseline | model=transformer
================================================================================
Dataset: /home/huang_kai/wind_turbine_phm/PHOENIX-main/autoencoder_benchmark/Data/processed_data/weld_seam_windows_ws5_tf75_pg0_h1.npz
Device: cuda
Train/Val/Test: 990 / 175 / 356
Epoch 001 | train_loss=0.8564 | val_acc=89.14% val_f1=0.8633 | test_acc=97.19% test_f1=0.9634
Epoch 002 | train_loss=0.4088 | val_acc=98.29% val_f1=0.9830 | test_acc=85.11% test_f1=0.8000
Epoch 003 | train_loss=0.2053 | val_acc=96.00% val_f1=0.9613 | test_acc=85.39% test_f1=0.8045
Epoch 004 | train_loss=0.1054 | val_acc=98.86% val_f1=0.9886 | test_acc=80.62% test_f1=0.7337
Epoch 005 | train_loss=0.0786 | val_acc=98.29% val_f1=0.9830 | test_acc=83.43% test_f1=0.7624
Epoch 006 | train_loss=0.0753 | val_acc=98.86% val_f1=0.9883 | test_acc=80.34% test_f1=0.7401
Epoch 007 | train_loss=0.0458 | val_acc=97.71% val_f1=0.9717 | test_acc=86.52% test_f1=0.8308
Epoch 008 | train_loss=0.0495 | val_acc=97.71% val_f1=0.9749 | test_acc=88.20% test_f1=0.8454
Epoch 009 | train_loss=0.0678 | val_acc=99.43% val_f1=0.9942 | test_acc=79.21% test_f1=0.7254
Epoch 010 | train_loss=0.0314 | val_acc=99.43% val_f1=0.9942 | test_acc=82.87% test_f1=0.7756
Epoch 011 | train_loss=0.0120 | val_acc=100.00% val_f1=1.0000 | test_acc=84.27% test_f1=0.7968
Epoch 012 | train_loss=0.0136 | val_acc=100.00% val_f1=1.0000 | test_acc=83.71% test_f1=0.7863
Epoch 013 | train_loss=0.0110 | val_acc=100.00% val_f1=1.0000 | test_acc=81.74% test_f1=0.7609
Epoch 014 | train_loss=0.0084 | val_acc=100.00% val_f1=1.0000 | test_acc=85.39% test_f1=0.8069
Epoch 015 | train_loss=0.0070 | val_acc=100.00% val_f1=1.0000 | test_acc=82.30% test_f1=0.7704
Epoch 016 | train_loss=0.0053 | val_acc=100.00% val_f1=1.0000 | test_acc=82.58% test_f1=0.7712
Epoch 017 | train_loss=0.0050 | val_acc=100.00% val_f1=1.0000 | test_acc=86.52% test_f1=0.8234
Epoch 018 | train_loss=0.0038 | val_acc=100.00% val_f1=1.0000 | test_acc=83.99% test_f1=0.7899
Epoch 019 | train_loss=0.0033 | val_acc=100.00% val_f1=1.0000 | test_acc=82.30% test_f1=0.7690
Epoch 020 | train_loss=0.0031 | val_acc=100.00% val_f1=1.0000 | test_acc=82.02% test_f1=0.7560
Epoch 021 | train_loss=0.0020 | val_acc=100.00% val_f1=1.0000 | test_acc=83.71% test_f1=0.7877
Epoch 022 | train_loss=0.0022 | val_acc=100.00% val_f1=1.0000 | test_acc=86.52% test_f1=0.8279
Epoch 023 | train_loss=0.0031 | val_acc=100.00% val_f1=1.0000 | test_acc=77.81% test_f1=0.6994
Epoch 024 | train_loss=0.0051 | val_acc=100.00% val_f1=1.0000 | test_acc=88.48% test_f1=0.8489
Epoch 025 | train_loss=0.0025 | val_acc=100.00% val_f1=1.0000 | test_acc=85.39% test_f1=0.8125
Epoch 026 | train_loss=0.0042 | val_acc=100.00% val_f1=1.0000 | test_acc=82.58% test_f1=0.7751
Epoch 027 | train_loss=0.0085 | val_acc=100.00% val_f1=1.0000 | test_acc=79.21% test_f1=0.7254
Early stopping at epoch 27 (best=11, score=1.000000)
================================================================================
Best epoch: 11
Best score (val_macro_f1): 1.000000
Final test accuracy: 84.27%
Saved to: ablation_experiments/h1/results/comparison_18d_baselines/transformer/transformer_weld_seam_windows_ws5_tf75_pg0_h1_dm128_nh8_l2_ff256_do0.3_ep80_lr0.0003_wd1e-05_bs64_seed42
/usr/local/lib/python3.10/dist-packages/torch/nn/modules/transformer.py:385: UserWarning: enable_nested_tensor is True, but self.use_nested_tensor is False because encoder_layer.norm_first was True
  warnings.warn(
================================================================================
Comparison baseline | model=transformer
================================================================================
Dataset: /home/huang_kai/wind_turbine_phm/PHOENIX-main/autoencoder_benchmark/Data/processed_data/weld_seam_windows_ws5_tf75_pg0_h1.npz
Device: cuda
Train/Val/Test: 990 / 175 / 356
Epoch 001 | train_loss=0.6973 | val_acc=94.29% val_f1=0.9405 | test_acc=83.99% test_f1=0.7889
Epoch 002 | train_loss=0.2876 | val_acc=97.14% val_f1=0.9694 | test_acc=80.06% test_f1=0.7044
Epoch 003 | train_loss=0.1426 | val_acc=99.43% val_f1=0.9942 | test_acc=82.87% test_f1=0.7770
Epoch 004 | train_loss=0.0775 | val_acc=99.43% val_f1=0.9942 | test_acc=78.65% test_f1=0.7079
Epoch 005 | train_loss=0.0408 | val_acc=99.43% val_f1=0.9942 | test_acc=81.46% test_f1=0.7580
Epoch 006 | train_loss=0.0932 | val_acc=98.86% val_f1=0.9860 | test_acc=85.96% test_f1=0.8226
Epoch 007 | train_loss=0.0548 | val_acc=99.43% val_f1=0.9942 | test_acc=78.65% test_f1=0.7157
Epoch 008 | train_loss=0.0262 | val_acc=98.29% val_f1=0.9830 | test_acc=80.06% test_f1=0.7164
Epoch 009 | train_loss=0.0331 | val_acc=100.00% val_f1=1.0000 | test_acc=80.62% test_f1=0.7459
Epoch 010 | train_loss=0.0089 | val_acc=100.00% val_f1=1.0000 | test_acc=80.62% test_f1=0.7503
Epoch 011 | train_loss=0.0068 | val_acc=100.00% val_f1=1.0000 | test_acc=78.09% test_f1=0.7056
Epoch 012 | train_loss=0.0067 | val_acc=99.43% val_f1=0.9942 | test_acc=74.72% test_f1=0.6601
Epoch 013 | train_loss=0.0066 | val_acc=99.43% val_f1=0.9942 | test_acc=76.69% test_f1=0.6873
Epoch 014 | train_loss=0.0100 | val_acc=100.00% val_f1=1.0000 | test_acc=80.34% test_f1=0.7407
Epoch 015 | train_loss=0.0182 | val_acc=100.00% val_f1=1.0000 | test_acc=83.99% test_f1=0.7952
Epoch 016 | train_loss=0.0141 | val_acc=99.43% val_f1=0.9943 | test_acc=81.46% test_f1=0.7522
Epoch 017 | train_loss=0.0126 | val_acc=98.86% val_f1=0.9886 | test_acc=85.96% test_f1=0.8119
Epoch 018 | train_loss=0.0222 | val_acc=99.43% val_f1=0.9942 | test_acc=76.12% test_f1=0.6825
Epoch 019 | train_loss=0.0079 | val_acc=99.43% val_f1=0.9942 | test_acc=75.84% test_f1=0.6663
Epoch 020 | train_loss=0.0068 | val_acc=100.00% val_f1=1.0000 | test_acc=80.06% test_f1=0.7104
Epoch 021 | train_loss=0.0031 | val_acc=99.43% val_f1=0.9942 | test_acc=77.53% test_f1=0.6994
Epoch 022 | train_loss=0.0021 | val_acc=100.00% val_f1=1.0000 | test_acc=78.65% test_f1=0.7178
Epoch 023 | train_loss=0.0015 | val_acc=99.43% val_f1=0.9942 | test_acc=77.25% test_f1=0.6935
Epoch 024 | train_loss=0.0020 | val_acc=100.00% val_f1=1.0000 | test_acc=79.21% test_f1=0.7217
Epoch 025 | train_loss=0.0011 | val_acc=100.00% val_f1=1.0000 | test_acc=83.71% test_f1=0.7780
Early stopping at epoch 25 (best=9, score=1.000000)
================================================================================
Best epoch: 9
Best score (val_macro_f1): 1.000000
Final test accuracy: 80.62%
Saved to: ablation_experiments/h1/results/comparison_18d_baselines/transformer/transformer_weld_seam_windows_ws5_tf75_pg0_h1_dm64_nh4_l4_ff256_do0.2_ep80_lr0.0005_wd1e-05_bs64_seed42
/usr/local/lib/python3.10/dist-packages/torch/nn/modules/transformer.py:385: UserWarning: enable_nested_tensor is True, but self.use_nested_tensor is False because encoder_layer.norm_first was True
  warnings.warn(
================================================================================
Comparison baseline | model=transformer
================================================================================
Dataset: /home/huang_kai/wind_turbine_phm/PHOENIX-main/autoencoder_benchmark/Data/processed_data/weld_seam_windows_ws5_tf75_pg0_h1.npz
Device: cuda
Train/Val/Test: 990 / 175 / 356
Epoch 001 | train_loss=0.9647 | val_acc=79.43% val_f1=0.7679 | test_acc=80.34% test_f1=0.8153
Epoch 002 | train_loss=0.7124 | val_acc=92.00% val_f1=0.9046 | test_acc=93.26% test_f1=0.9079
Epoch 003 | train_loss=0.4812 | val_acc=94.29% val_f1=0.9376 | test_acc=89.04% test_f1=0.8485
Epoch 004 | train_loss=0.3386 | val_acc=96.57% val_f1=0.9644 | test_acc=85.11% test_f1=0.8000
Epoch 005 | train_loss=0.2254 | val_acc=97.14% val_f1=0.9721 | test_acc=82.58% test_f1=0.7602
Epoch 006 | train_loss=0.1558 | val_acc=95.43% val_f1=0.9560 | test_acc=86.52% test_f1=0.8202
Epoch 007 | train_loss=0.1329 | val_acc=98.86% val_f1=0.9885 | test_acc=78.09% test_f1=0.7007
Epoch 008 | train_loss=0.1128 | val_acc=96.00% val_f1=0.9613 | test_acc=82.58% test_f1=0.7489
Epoch 009 | train_loss=0.0904 | val_acc=97.14% val_f1=0.9721 | test_acc=81.18% test_f1=0.7369
Epoch 010 | train_loss=0.0603 | val_acc=97.71% val_f1=0.9775 | test_acc=78.93% test_f1=0.7009
Epoch 011 | train_loss=0.0658 | val_acc=97.14% val_f1=0.9721 | test_acc=84.27% test_f1=0.7900
Epoch 012 | train_loss=0.0533 | val_acc=97.71% val_f1=0.9775 | test_acc=82.30% test_f1=0.7535
Epoch 013 | train_loss=0.0462 | val_acc=98.29% val_f1=0.9828 | test_acc=81.74% test_f1=0.7567
Epoch 014 | train_loss=0.0399 | val_acc=99.43% val_f1=0.9942 | test_acc=83.43% test_f1=0.7856
Epoch 015 | train_loss=0.0399 | val_acc=98.29% val_f1=0.9828 | test_acc=79.78% test_f1=0.7107
Epoch 016 | train_loss=0.0260 | val_acc=98.29% val_f1=0.9830 | test_acc=83.71% test_f1=0.7880
Epoch 017 | train_loss=0.0177 | val_acc=99.43% val_f1=0.9942 | test_acc=80.06% test_f1=0.7348
Epoch 018 | train_loss=0.0171 | val_acc=98.29% val_f1=0.9830 | test_acc=80.90% test_f1=0.7392
Epoch 019 | train_loss=0.0170 | val_acc=98.86% val_f1=0.9883 | test_acc=76.12% test_f1=0.6786
Epoch 020 | train_loss=0.0146 | val_acc=99.43% val_f1=0.9942 | test_acc=78.37% test_f1=0.7056
Epoch 021 | train_loss=0.0112 | val_acc=99.43% val_f1=0.9943 | test_acc=82.30% test_f1=0.7664
Epoch 022 | train_loss=0.0091 | val_acc=100.00% val_f1=1.0000 | test_acc=82.87% test_f1=0.7785
Epoch 023 | train_loss=0.0120 | val_acc=98.86% val_f1=0.9886 | test_acc=81.74% test_f1=0.7570
Epoch 024 | train_loss=0.0114 | val_acc=99.43% val_f1=0.9942 | test_acc=78.93% test_f1=0.7196
Epoch 025 | train_loss=0.0117 | val_acc=99.43% val_f1=0.9942 | test_acc=80.06% test_f1=0.7330
Epoch 026 | train_loss=0.0086 | val_acc=100.00% val_f1=1.0000 | test_acc=80.34% test_f1=0.7398
Epoch 027 | train_loss=0.0065 | val_acc=100.00% val_f1=1.0000 | test_acc=79.78% test_f1=0.7284
Epoch 028 | train_loss=0.0050 | val_acc=100.00% val_f1=1.0000 | test_acc=79.49% test_f1=0.7236
Epoch 029 | train_loss=0.0049 | val_acc=100.00% val_f1=1.0000 | test_acc=79.49% test_f1=0.7243
Epoch 030 | train_loss=0.0038 | val_acc=100.00% val_f1=1.0000 | test_acc=79.49% test_f1=0.7212
Epoch 031 | train_loss=0.0045 | val_acc=100.00% val_f1=1.0000 | test_acc=79.78% test_f1=0.7288
Epoch 032 | train_loss=0.0048 | val_acc=100.00% val_f1=1.0000 | test_acc=79.49% test_f1=0.7236
Epoch 033 | train_loss=0.0054 | val_acc=100.00% val_f1=1.0000 | test_acc=80.90% test_f1=0.7494
Epoch 034 | train_loss=0.0094 | val_acc=100.00% val_f1=1.0000 | test_acc=78.09% test_f1=0.7009
Epoch 035 | train_loss=0.0046 | val_acc=100.00% val_f1=1.0000 | test_acc=80.62% test_f1=0.7472
Epoch 036 | train_loss=0.0033 | val_acc=100.00% val_f1=1.0000 | test_acc=81.74% test_f1=0.7625
Epoch 037 | train_loss=0.0064 | val_acc=100.00% val_f1=1.0000 | test_acc=80.06% test_f1=0.7382
Epoch 038 | train_loss=0.0035 | val_acc=100.00% val_f1=1.0000 | test_acc=81.18% test_f1=0.7540
Early stopping at epoch 38 (best=22, score=1.000000)
================================================================================
Best epoch: 22
Best score (val_macro_f1): 1.000000
Final test accuracy: 82.87%
Saved to: ablation_experiments/h1/results/comparison_18d_baselines/transformer/transformer_weld_seam_windows_ws5_tf75_pg0_h1_dm64_nh8_l2_ff256_do0.1_ep80_lr0.0002_wd0.0001_bs64_seed42
/usr/local/lib/python3.10/dist-packages/torch/nn/modules/transformer.py:385: UserWarning: enable_nested_tensor is True, but self.use_nested_tensor is False because encoder_layer.norm_first was True
  warnings.warn(
================================================================================
Comparison baseline | model=transformer
================================================================================
Dataset: /home/huang_kai/wind_turbine_phm/PHOENIX-main/autoencoder_benchmark/Data/processed_data/weld_seam_windows_ws5_tf75_pg0_h1.npz
Device: cuda
Train/Val/Test: 990 / 175 / 356
Epoch 001 | train_loss=1.0982 | val_acc=38.86% val_f1=0.3963 | test_acc=58.43% test_f1=0.6218
Epoch 002 | train_loss=0.9639 | val_acc=63.43% val_f1=0.6430 | test_acc=67.42% test_f1=0.7093
Epoch 003 | train_loss=0.8356 | val_acc=82.29% val_f1=0.8084 | test_acc=90.73% test_f1=0.9066
Epoch 004 | train_loss=0.7228 | val_acc=89.14% val_f1=0.8665 | test_acc=96.07% test_f1=0.9511
Epoch 005 | train_loss=0.6224 | val_acc=92.00% val_f1=0.9034 | test_acc=92.98% test_f1=0.9127
Epoch 006 | train_loss=0.5621 | val_acc=95.43% val_f1=0.9527 | test_acc=89.89% test_f1=0.8695
Epoch 007 | train_loss=0.5020 | val_acc=95.43% val_f1=0.9532 | test_acc=89.04% test_f1=0.8587
Epoch 008 | train_loss=0.4197 | val_acc=96.00% val_f1=0.9558 | test_acc=89.04% test_f1=0.8607
Epoch 009 | train_loss=0.3794 | val_acc=98.29% val_f1=0.9830 | test_acc=83.43% test_f1=0.7774
Epoch 010 | train_loss=0.3393 | val_acc=96.00% val_f1=0.9613 | test_acc=87.92% test_f1=0.8473
Epoch 011 | train_loss=0.3102 | val_acc=96.57% val_f1=0.9667 | test_acc=85.11% test_f1=0.8048
Epoch 012 | train_loss=0.2670 | val_acc=96.57% val_f1=0.9667 | test_acc=86.80% test_f1=0.8311
Epoch 013 | train_loss=0.2426 | val_acc=96.57% val_f1=0.9667 | test_acc=86.80% test_f1=0.8312
Epoch 014 | train_loss=0.2110 | val_acc=96.00% val_f1=0.9613 | test_acc=86.80% test_f1=0.8301
Epoch 015 | train_loss=0.1913 | val_acc=96.57% val_f1=0.9667 | test_acc=83.15% test_f1=0.7737
Epoch 016 | train_loss=0.1691 | val_acc=96.57% val_f1=0.9667 | test_acc=86.52% test_f1=0.8258
Epoch 017 | train_loss=0.1604 | val_acc=100.00% val_f1=1.0000 | test_acc=83.71% test_f1=0.7877
Epoch 018 | train_loss=0.1245 | val_acc=100.00% val_f1=1.0000 | test_acc=82.30% test_f1=0.7651
Epoch 019 | train_loss=0.1295 | val_acc=98.29% val_f1=0.9830 | test_acc=84.83% test_f1=0.8047
Epoch 020 | train_loss=0.1133 | val_acc=98.86% val_f1=0.9886 | test_acc=83.15% test_f1=0.7778
Epoch 021 | train_loss=0.0997 | val_acc=98.86% val_f1=0.9886 | test_acc=84.55% test_f1=0.7980
Epoch 022 | train_loss=0.0945 | val_acc=100.00% val_f1=1.0000 | test_acc=81.74% test_f1=0.7616
Epoch 023 | train_loss=0.0906 | val_acc=100.00% val_f1=1.0000 | test_acc=82.87% test_f1=0.7813
Epoch 024 | train_loss=0.0763 | val_acc=100.00% val_f1=1.0000 | test_acc=83.99% test_f1=0.7937
Epoch 025 | train_loss=0.0730 | val_acc=100.00% val_f1=1.0000 | test_acc=83.99% test_f1=0.7937
Epoch 026 | train_loss=0.0700 | val_acc=98.86% val_f1=0.9886 | test_acc=84.27% test_f1=0.7958
Epoch 027 | train_loss=0.0655 | val_acc=100.00% val_f1=1.0000 | test_acc=83.71% test_f1=0.7904
Epoch 028 | train_loss=0.0668 | val_acc=100.00% val_f1=1.0000 | test_acc=82.02% test_f1=0.7706
Epoch 029 | train_loss=0.0583 | val_acc=100.00% val_f1=1.0000 | test_acc=81.74% test_f1=0.7634
Epoch 030 | train_loss=0.0552 | val_acc=100.00% val_f1=1.0000 | test_acc=83.71% test_f1=0.7934
Epoch 031 | train_loss=0.0607 | val_acc=100.00% val_f1=1.0000 | test_acc=80.90% test_f1=0.7532
Epoch 032 | train_loss=0.0576 | val_acc=100.00% val_f1=1.0000 | test_acc=80.90% test_f1=0.7548
Epoch 033 | train_loss=0.0600 | val_acc=100.00% val_f1=1.0000 | test_acc=84.55% test_f1=0.8055
Early stopping at epoch 33 (best=17, score=1.000000)
================================================================================
Best epoch: 17
Best score (val_macro_f1): 1.000000
Final test accuracy: 83.71%
Saved to: ablation_experiments/h1/results/comparison_18d_baselines/transformer/transformer_weld_seam_windows_ws5_tf75_pg0_h1_dm64_nh4_l2_ff256_do0.3_ep80_lr0.0001_wd0.0001_bs64_seed77
/usr/local/lib/python3.10/dist-packages/torch/nn/modules/transformer.py:385: UserWarning: enable_nested_tensor is True, but self.use_nested_tensor is False because encoder_layer.norm_first was True
  warnings.warn(
================================================================================
Comparison baseline | model=transformer
================================================================================
Dataset: /home/huang_kai/wind_turbine_phm/PHOENIX-main/autoencoder_benchmark/Data/processed_data/weld_seam_windows_ws5_tf75_pg0_h1.npz
Device: cuda
Train/Val/Test: 990 / 175 / 356
Epoch 001 | train_loss=0.9116 | val_acc=88.00% val_f1=0.8289 | test_acc=97.19% test_f1=0.9690
Epoch 002 | train_loss=0.6024 | val_acc=97.71% val_f1=0.9763 | test_acc=76.12% test_f1=0.6787
Epoch 003 | train_loss=0.3770 | val_acc=94.29% val_f1=0.9410 | test_acc=84.27% test_f1=0.7757
Epoch 004 | train_loss=0.2497 | val_acc=95.43% val_f1=0.9538 | test_acc=83.15% test_f1=0.7667
Epoch 005 | train_loss=0.1662 | val_acc=94.86% val_f1=0.9485 | test_acc=82.30% test_f1=0.7458
Epoch 006 | train_loss=0.1165 | val_acc=97.71% val_f1=0.9770 | test_acc=79.78% test_f1=0.7247
Epoch 007 | train_loss=0.1002 | val_acc=97.71% val_f1=0.9752 | test_acc=84.27% test_f1=0.7794
Epoch 008 | train_loss=0.0669 | val_acc=97.71% val_f1=0.9749 | test_acc=79.78% test_f1=0.7168
Epoch 009 | train_loss=0.0437 | val_acc=98.29% val_f1=0.9802 | test_acc=78.93% test_f1=0.7128
Epoch 010 | train_loss=0.0417 | val_acc=98.29% val_f1=0.9804 | test_acc=78.93% test_f1=0.7145
Epoch 011 | train_loss=0.0268 | val_acc=98.86% val_f1=0.9861 | test_acc=80.34% test_f1=0.7442
Epoch 012 | train_loss=0.0262 | val_acc=98.86% val_f1=0.9861 | test_acc=80.06% test_f1=0.7340
Epoch 013 | train_loss=0.0207 | val_acc=98.86% val_f1=0.9861 | test_acc=76.12% test_f1=0.6807
Epoch 014 | train_loss=0.0173 | val_acc=98.86% val_f1=0.9861 | test_acc=79.49% test_f1=0.7307
Epoch 015 | train_loss=0.0125 | val_acc=98.86% val_f1=0.9861 | test_acc=79.21% test_f1=0.7276
Epoch 016 | train_loss=0.0370 | val_acc=100.00% val_f1=1.0000 | test_acc=79.78% test_f1=0.7319
Epoch 017 | train_loss=0.0345 | val_acc=99.43% val_f1=0.9919 | test_acc=87.08% test_f1=0.8433
Epoch 018 | train_loss=0.0512 | val_acc=99.43% val_f1=0.9919 | test_acc=88.20% test_f1=0.8597
Epoch 019 | train_loss=0.0758 | val_acc=99.43% val_f1=0.9919 | test_acc=76.40% test_f1=0.6815
Epoch 020 | train_loss=0.0110 | val_acc=99.43% val_f1=0.9919 | test_acc=82.30% test_f1=0.7764
Epoch 021 | train_loss=0.0105 | val_acc=99.43% val_f1=0.9919 | test_acc=83.43% test_f1=0.7921
Epoch 022 | train_loss=0.0142 | val_acc=99.43% val_f1=0.9919 | test_acc=78.93% test_f1=0.7278
Epoch 023 | train_loss=0.0097 | val_acc=99.43% val_f1=0.9919 | test_acc=82.02% test_f1=0.7689
Epoch 024 | train_loss=0.0092 | val_acc=99.43% val_f1=0.9919 | test_acc=82.58% test_f1=0.7807
Epoch 025 | train_loss=0.0059 | val_acc=99.43% val_f1=0.9919 | test_acc=81.46% test_f1=0.7641
Epoch 026 | train_loss=0.0052 | val_acc=99.43% val_f1=0.9919 | test_acc=80.34% test_f1=0.7471
Epoch 027 | train_loss=0.0075 | val_acc=99.43% val_f1=0.9919 | test_acc=80.34% test_f1=0.7465
Epoch 028 | train_loss=0.0046 | val_acc=99.43% val_f1=0.9919 | test_acc=79.49% test_f1=0.7346
Epoch 029 | train_loss=0.0049 | val_acc=99.43% val_f1=0.9919 | test_acc=79.78% test_f1=0.7384
Epoch 030 | train_loss=0.0043 | val_acc=99.43% val_f1=0.9919 | test_acc=81.18% test_f1=0.7569
Epoch 031 | train_loss=0.0058 | val_acc=99.43% val_f1=0.9919 | test_acc=78.93% test_f1=0.7269
Epoch 032 | train_loss=0.0044 | val_acc=99.43% val_f1=0.9919 | test_acc=77.81% test_f1=0.7111
Early stopping at epoch 32 (best=16, score=1.000000)
================================================================================
Best epoch: 16
Best score (val_macro_f1): 1.000000
Final test accuracy: 79.78%
Saved to: ablation_experiments/h1/results/comparison_18d_baselines/transformer/transformer_weld_seam_windows_ws5_tf75_pg0_h1_dm64_nh4_l4_ff128_do0.1_ep80_lr0.0003_wd0.0002_bs64_seed14
/usr/local/lib/python3.10/dist-packages/torch/nn/modules/transformer.py:385: UserWarning: enable_nested_tensor is True, but self.use_nested_tensor is False because encoder_layer.norm_first was True
  warnings.warn(
================================================================================
Comparison baseline | model=transformer
================================================================================
Dataset: /home/huang_kai/wind_turbine_phm/PHOENIX-main/autoencoder_benchmark/Data/processed_data/weld_seam_windows_ws5_tf75_pg0_h1.npz
Device: cuda
Train/Val/Test: 990 / 175 / 356
Epoch 001 | train_loss=1.0285 | val_acc=74.86% val_f1=0.7780 | test_acc=65.73% test_f1=0.6599
Epoch 002 | train_loss=0.7268 | val_acc=92.00% val_f1=0.9133 | test_acc=92.98% test_f1=0.9045
Epoch 003 | train_loss=0.5246 | val_acc=95.43% val_f1=0.9532 | test_acc=89.04% test_f1=0.8381
Epoch 004 | train_loss=0.3773 | val_acc=96.00% val_f1=0.9613 | test_acc=91.01% test_f1=0.8726
Epoch 005 | train_loss=0.2781 | val_acc=98.29% val_f1=0.9830 | test_acc=86.52% test_f1=0.8246
Epoch 006 | train_loss=0.1998 | val_acc=97.14% val_f1=0.9721 | test_acc=82.87% test_f1=0.7613
Epoch 007 | train_loss=0.1599 | val_acc=97.14% val_f1=0.9721 | test_acc=85.39% test_f1=0.8113
Epoch 008 | train_loss=0.1074 | val_acc=99.43% val_f1=0.9942 | test_acc=83.15% test_f1=0.7843
Epoch 009 | train_loss=0.0925 | val_acc=100.00% val_f1=1.0000 | test_acc=82.02% test_f1=0.7643
Epoch 010 | train_loss=0.0859 | val_acc=98.86% val_f1=0.9886 | test_acc=86.24% test_f1=0.8295
Epoch 011 | train_loss=0.0638 | val_acc=99.43% val_f1=0.9942 | test_acc=75.84% test_f1=0.6714
Epoch 012 | train_loss=0.0501 | val_acc=99.43% val_f1=0.9942 | test_acc=80.90% test_f1=0.7554
Epoch 013 | train_loss=0.0501 | val_acc=100.00% val_f1=1.0000 | test_acc=83.43% test_f1=0.7942
Epoch 014 | train_loss=0.0375 | val_acc=100.00% val_f1=1.0000 | test_acc=83.43% test_f1=0.7942
Epoch 015 | train_loss=0.0322 | val_acc=99.43% val_f1=0.9942 | test_acc=80.06% test_f1=0.7462
Epoch 016 | train_loss=0.0314 | val_acc=99.43% val_f1=0.9942 | test_acc=81.18% test_f1=0.7637
Epoch 017 | train_loss=0.0213 | val_acc=100.00% val_f1=1.0000 | test_acc=82.58% test_f1=0.7748
Epoch 018 | train_loss=0.0186 | val_acc=99.43% val_f1=0.9942 | test_acc=77.81% test_f1=0.7130
Epoch 019 | train_loss=0.0192 | val_acc=100.00% val_f1=1.0000 | test_acc=79.78% test_f1=0.7411
Epoch 020 | train_loss=0.0176 | val_acc=99.43% val_f1=0.9942 | test_acc=81.46% test_f1=0.7681
Epoch 021 | train_loss=0.0150 | val_acc=100.00% val_f1=1.0000 | test_acc=83.43% test_f1=0.7921
Epoch 022 | train_loss=0.0148 | val_acc=99.43% val_f1=0.9942 | test_acc=76.12% test_f1=0.6888
Epoch 023 | train_loss=0.0119 | val_acc=99.43% val_f1=0.9942 | test_acc=78.65% test_f1=0.7281
Epoch 024 | train_loss=0.0101 | val_acc=100.00% val_f1=1.0000 | test_acc=81.18% test_f1=0.7637
Epoch 025 | train_loss=0.0117 | val_acc=100.00% val_f1=1.0000 | test_acc=80.62% test_f1=0.7542
Early stopping at epoch 25 (best=9, score=1.000000)
================================================================================
Best epoch: 9
Best score (val_macro_f1): 1.000000
Final test accuracy: 82.02%
Saved to: ablation_experiments/h1/results/comparison_18d_baselines/transformer/transformer_weld_seam_windows_ws5_tf75_pg0_h1_dm128_nh4_l3_ff128_do0.1_ep80_lr0.0002_wd1e-05_bs128_seed77
/usr/local/lib/python3.10/dist-packages/torch/nn/modules/transformer.py:385: UserWarning: enable_nested_tensor is True, but self.use_nested_tensor is False because encoder_layer.norm_first was True
  warnings.warn(
================================================================================
Comparison baseline | model=transformer
================================================================================
Dataset: /home/huang_kai/wind_turbine_phm/PHOENIX-main/autoencoder_benchmark/Data/processed_data/weld_seam_windows_ws5_tf75_pg0_h1.npz
Device: cuda
Train/Val/Test: 990 / 175 / 356
Epoch 001 | train_loss=1.0796 | val_acc=44.00% val_f1=0.4700 | test_acc=32.30% test_f1=0.2832
Epoch 002 | train_loss=0.9220 | val_acc=74.29% val_f1=0.7716 | test_acc=71.07% test_f1=0.7318
Epoch 003 | train_loss=0.7593 | val_acc=92.57% val_f1=0.9185 | test_acc=95.22% test_f1=0.9352
Epoch 004 | train_loss=0.6338 | val_acc=98.86% val_f1=0.9862 | test_acc=87.64% test_f1=0.8316
Epoch 005 | train_loss=0.4937 | val_acc=97.14% val_f1=0.9673 | test_acc=84.27% test_f1=0.7874
Epoch 006 | train_loss=0.4205 | val_acc=95.43% val_f1=0.9514 | test_acc=82.58% test_f1=0.7602
Epoch 007 | train_loss=0.3205 | val_acc=98.29% val_f1=0.9807 | test_acc=87.92% test_f1=0.8478
Epoch 008 | train_loss=0.2513 | val_acc=97.71% val_f1=0.9775 | test_acc=90.17% test_f1=0.8791
Epoch 009 | train_loss=0.2170 | val_acc=97.71% val_f1=0.9752 | test_acc=82.87% test_f1=0.7650
Epoch 010 | train_loss=0.1788 | val_acc=97.71% val_f1=0.9752 | test_acc=82.30% test_f1=0.7553
Epoch 011 | train_loss=0.1510 | val_acc=97.71% val_f1=0.9752 | test_acc=83.43% test_f1=0.7774
Epoch 012 | train_loss=0.1124 | val_acc=98.29% val_f1=0.9830 | test_acc=84.83% test_f1=0.7991
Epoch 013 | train_loss=0.0896 | val_acc=97.71% val_f1=0.9752 | test_acc=80.90% test_f1=0.7318
Epoch 014 | train_loss=0.0847 | val_acc=98.29% val_f1=0.9828 | test_acc=85.96% test_f1=0.8188
Epoch 015 | train_loss=0.0783 | val_acc=97.71% val_f1=0.9752 | test_acc=85.96% test_f1=0.8124
Epoch 016 | train_loss=0.0636 | val_acc=98.29% val_f1=0.9807 | test_acc=79.78% test_f1=0.7168
Epoch 017 | train_loss=0.0554 | val_acc=97.71% val_f1=0.9752 | test_acc=82.30% test_f1=0.7436
Epoch 018 | train_loss=0.0491 | val_acc=97.71% val_f1=0.9752 | test_acc=83.43% test_f1=0.7682
Epoch 019 | train_loss=0.0383 | val_acc=98.86% val_f1=0.9862 | test_acc=81.46% test_f1=0.7437
Epoch 020 | train_loss=0.0401 | val_acc=99.43% val_f1=0.9942 | test_acc=82.30% test_f1=0.7676
Epoch 021 | train_loss=0.0430 | val_acc=98.29% val_f1=0.9830 | test_acc=84.83% test_f1=0.7953
Epoch 022 | train_loss=0.0384 | val_acc=99.43% val_f1=0.9919 | test_acc=78.65% test_f1=0.7014
Epoch 023 | train_loss=0.0326 | val_acc=98.86% val_f1=0.9861 | test_acc=79.49% test_f1=0.7236
Epoch 024 | train_loss=0.0243 | val_acc=99.43% val_f1=0.9919 | test_acc=79.78% test_f1=0.7218
Epoch 025 | train_loss=0.0253 | val_acc=100.00% val_f1=1.0000 | test_acc=83.99% test_f1=0.7916
Epoch 026 | train_loss=0.0293 | val_acc=99.43% val_f1=0.9919 | test_acc=78.93% test_f1=0.7066
Epoch 027 | train_loss=0.0236 | val_acc=100.00% val_f1=1.0000 | test_acc=83.99% test_f1=0.7916
Epoch 028 | train_loss=0.0178 | val_acc=99.43% val_f1=0.9919 | test_acc=80.90% test_f1=0.7386
Epoch 029 | train_loss=0.0148 | val_acc=99.43% val_f1=0.9919 | test_acc=81.74% test_f1=0.7556
Epoch 030 | train_loss=0.0149 | val_acc=99.43% val_f1=0.9919 | test_acc=82.02% test_f1=0.7602
Epoch 031 | train_loss=0.0145 | val_acc=99.43% val_f1=0.9919 | test_acc=80.90% test_f1=0.7438
Epoch 032 | train_loss=0.0134 | val_acc=99.43% val_f1=0.9919 | test_acc=80.34% test_f1=0.7344
Epoch 033 | train_loss=0.0121 | val_acc=100.00% val_f1=1.0000 | test_acc=81.18% test_f1=0.7520
Epoch 034 | train_loss=0.0120 | val_acc=100.00% val_f1=1.0000 | test_acc=82.87% test_f1=0.7748
Epoch 035 | train_loss=0.0122 | val_acc=99.43% val_f1=0.9919 | test_acc=80.62% test_f1=0.7422
Epoch 036 | train_loss=0.0105 | val_acc=99.43% val_f1=0.9919 | test_acc=80.06% test_f1=0.7362
Epoch 037 | train_loss=0.0109 | val_acc=99.43% val_f1=0.9919 | test_acc=79.78% test_f1=0.7294
Epoch 038 | train_loss=0.0114 | val_acc=99.43% val_f1=0.9919 | test_acc=82.30% test_f1=0.7625
Epoch 039 | train_loss=0.0086 | val_acc=99.43% val_f1=0.9919 | test_acc=83.43% test_f1=0.7786
Epoch 040 | train_loss=0.0093 | val_acc=99.43% val_f1=0.9919 | test_acc=79.78% test_f1=0.7218
Epoch 041 | train_loss=0.0084 | val_acc=99.43% val_f1=0.9919 | test_acc=79.49% test_f1=0.7199
Early stopping at epoch 41 (best=25, score=1.000000)
================================================================================
Best epoch: 25
Best score (val_macro_f1): 1.000000
Final test accuracy: 83.99%
Saved to: ablation_experiments/h1/results/comparison_18d_baselines/transformer/transformer_weld_seam_windows_ws5_tf75_pg0_h1_dm64_nh8_l3_ff256_do0.1_ep80_lr0.0001_wd0.0005_bs64_seed14
/usr/local/lib/python3.10/dist-packages/torch/nn/modules/transformer.py:385: UserWarning: enable_nested_tensor is True, but self.use_nested_tensor is False because encoder_layer.norm_first was True
  warnings.warn(
================================================================================
Comparison baseline | model=transformer
================================================================================
Dataset: /home/huang_kai/wind_turbine_phm/PHOENIX-main/autoencoder_benchmark/Data/processed_data/weld_seam_windows_ws5_tf75_pg0_h1.npz
Device: cuda
Train/Val/Test: 990 / 175 / 356
Epoch 001 | train_loss=0.7563 | val_acc=97.71% val_f1=0.9697 | test_acc=91.57% test_f1=0.8815
Epoch 002 | train_loss=0.3385 | val_acc=95.43% val_f1=0.9488 | test_acc=92.13% test_f1=0.8932
Epoch 003 | train_loss=0.1655 | val_acc=96.57% val_f1=0.9563 | test_acc=89.89% test_f1=0.8734
Epoch 004 | train_loss=0.0870 | val_acc=98.29% val_f1=0.9807 | test_acc=84.27% test_f1=0.7887
Epoch 005 | train_loss=0.0504 | val_acc=98.29% val_f1=0.9780 | test_acc=87.92% test_f1=0.8478
Epoch 006 | train_loss=0.0537 | val_acc=100.00% val_f1=1.0000 | test_acc=83.71% test_f1=0.7913
Epoch 007 | train_loss=0.0200 | val_acc=100.00% val_f1=1.0000 | test_acc=85.96% test_f1=0.8260
Epoch 008 | train_loss=0.0116 | val_acc=98.86% val_f1=0.9837 | test_acc=77.25% test_f1=0.6967
Epoch 009 | train_loss=0.0094 | val_acc=100.00% val_f1=1.0000 | test_acc=83.99% test_f1=0.8024
Epoch 010 | train_loss=0.0062 | val_acc=100.00% val_f1=1.0000 | test_acc=80.06% test_f1=0.7353
Epoch 011 | train_loss=0.0044 | val_acc=100.00% val_f1=1.0000 | test_acc=78.65% test_f1=0.7254
Epoch 012 | train_loss=0.0037 | val_acc=100.00% val_f1=1.0000 | test_acc=81.74% test_f1=0.7654
Epoch 013 | train_loss=0.0027 | val_acc=100.00% val_f1=1.0000 | test_acc=77.53% test_f1=0.7028
Epoch 014 | train_loss=0.0047 | val_acc=100.00% val_f1=1.0000 | test_acc=80.62% test_f1=0.7418
Epoch 015 | train_loss=0.0032 | val_acc=100.00% val_f1=1.0000 | test_acc=80.06% test_f1=0.7368
Epoch 016 | train_loss=0.0026 | val_acc=100.00% val_f1=1.0000 | test_acc=78.65% test_f1=0.7245
Epoch 017 | train_loss=0.0019 | val_acc=100.00% val_f1=1.0000 | test_acc=76.40% test_f1=0.6871
Epoch 018 | train_loss=0.0033 | val_acc=99.43% val_f1=0.9943 | test_acc=84.27% test_f1=0.7738
Epoch 019 | train_loss=0.0028 | val_acc=100.00% val_f1=1.0000 | test_acc=78.09% test_f1=0.7101
Epoch 020 | train_loss=0.0013 | val_acc=100.00% val_f1=1.0000 | test_acc=82.58% test_f1=0.7675
Epoch 021 | train_loss=0.0010 | val_acc=100.00% val_f1=1.0000 | test_acc=81.74% test_f1=0.7609
Epoch 022 | train_loss=0.0010 | val_acc=100.00% val_f1=1.0000 | test_acc=80.62% test_f1=0.7463
Early stopping at epoch 22 (best=6, score=1.000000)
================================================================================
Best epoch: 6
Best score (val_macro_f1): 1.000000
Final test accuracy: 83.71%
Saved to: ablation_experiments/h1/results/comparison_18d_baselines/transformer/transformer_weld_seam_windows_ws5_tf75_pg0_h1_dm64_nh4_l3_ff256_do0.1_ep80_lr0.0003_wd0.0001_bs64_seed100
/usr/local/lib/python3.10/dist-packages/torch/nn/modules/transformer.py:385: UserWarning: enable_nested_tensor is True, but self.use_nested_tensor is False because encoder_layer.norm_first was True
  warnings.warn(
================================================================================
Comparison baseline | model=transformer
================================================================================
Dataset: /home/huang_kai/wind_turbine_phm/PHOENIX-main/autoencoder_benchmark/Data/processed_data/weld_seam_windows_ws5_tf75_pg0_h1.npz
Device: cuda
Train/Val/Test: 990 / 175 / 356
Epoch 001 | train_loss=0.8948 | val_acc=92.57% val_f1=0.9099 | test_acc=94.66% test_f1=0.9293
Epoch 002 | train_loss=0.4970 | val_acc=97.71% val_f1=0.9720 | test_acc=79.78% test_f1=0.7294
Epoch 003 | train_loss=0.2497 | val_acc=94.29% val_f1=0.9410 | test_acc=79.78% test_f1=0.7013
Epoch 004 | train_loss=0.1355 | val_acc=97.71% val_f1=0.9752 | test_acc=82.87% test_f1=0.7650
Epoch 005 | train_loss=0.0987 | val_acc=97.71% val_f1=0.9752 | test_acc=85.11% test_f1=0.8000
Epoch 006 | train_loss=0.0778 | val_acc=97.14% val_f1=0.9682 | test_acc=72.47% test_f1=0.6204
Epoch 007 | train_loss=0.0564 | val_acc=97.71% val_f1=0.9772 | test_acc=90.45% test_f1=0.8846
Epoch 008 | train_loss=0.0683 | val_acc=98.29% val_f1=0.9830 | test_acc=88.20% test_f1=0.8505
Epoch 009 | train_loss=0.0270 | val_acc=98.86% val_f1=0.9861 | test_acc=80.34% test_f1=0.7367
Epoch 010 | train_loss=0.0202 | val_acc=98.29% val_f1=0.9830 | test_acc=84.83% test_f1=0.7953
Epoch 011 | train_loss=0.0151 | val_acc=99.43% val_f1=0.9942 | test_acc=83.71% test_f1=0.7914
Epoch 012 | train_loss=0.0215 | val_acc=98.86% val_f1=0.9862 | test_acc=77.53% test_f1=0.6821
Epoch 013 | train_loss=0.0158 | val_acc=98.86% val_f1=0.9861 | test_acc=76.40% test_f1=0.6812
Epoch 014 | train_loss=0.0154 | val_acc=100.00% val_f1=1.0000 | test_acc=88.76% test_f1=0.8620
Epoch 015 | train_loss=0.0154 | val_acc=100.00% val_f1=1.0000 | test_acc=87.08% test_f1=0.8372
Epoch 016 | train_loss=0.0105 | val_acc=99.43% val_f1=0.9919 | test_acc=77.81% test_f1=0.6943
Epoch 017 | train_loss=0.0055 | val_acc=99.43% val_f1=0.9919 | test_acc=81.46% test_f1=0.7580
Epoch 018 | train_loss=0.0091 | val_acc=100.00% val_f1=1.0000 | test_acc=87.36% test_f1=0.8433
Epoch 019 | train_loss=0.0104 | val_acc=98.86% val_f1=0.9861 | test_acc=73.03% test_f1=0.6299
Epoch 020 | train_loss=0.0143 | val_acc=99.43% val_f1=0.9943 | test_acc=89.04% test_f1=0.8643
Epoch 021 | train_loss=0.0123 | val_acc=99.43% val_f1=0.9919 | test_acc=80.62% test_f1=0.7366
Epoch 022 | train_loss=0.0037 | val_acc=100.00% val_f1=1.0000 | test_acc=83.43% test_f1=0.7828
Epoch 023 | train_loss=0.0048 | val_acc=99.43% val_f1=0.9919 | test_acc=78.09% test_f1=0.6993
Epoch 024 | train_loss=0.0062 | val_acc=100.00% val_f1=1.0000 | test_acc=82.58% test_f1=0.7727
Epoch 025 | train_loss=0.0027 | val_acc=99.43% val_f1=0.9919 | test_acc=79.49% test_f1=0.7184
Epoch 026 | train_loss=0.0026 | val_acc=99.43% val_f1=0.9919 | test_acc=82.87% test_f1=0.7748
Epoch 027 | train_loss=0.0019 | val_acc=100.00% val_f1=1.0000 | test_acc=83.43% test_f1=0.7851
Epoch 028 | train_loss=0.0017 | val_acc=100.00% val_f1=1.0000 | test_acc=81.74% test_f1=0.7623
Epoch 029 | train_loss=0.0045 | val_acc=99.43% val_f1=0.9943 | test_acc=85.11% test_f1=0.8090
Epoch 030 | train_loss=0.0033 | val_acc=99.43% val_f1=0.9919 | test_acc=80.62% test_f1=0.7413
Early stopping at epoch 30 (best=14, score=1.000000)
================================================================================
Best epoch: 14
Best score (val_macro_f1): 1.000000
Final test accuracy: 88.76%
Saved to: ablation_experiments/h1/results/comparison_18d_baselines/transformer/transformer_weld_seam_windows_ws5_tf75_pg0_h1_dm64_nh8_l4_ff256_do0.3_ep80_lr0.0003_wd0.0005_bs64_seed14
/usr/local/lib/python3.10/dist-packages/torch/nn/modules/transformer.py:385: UserWarning: enable_nested_tensor is True, but self.use_nested_tensor is False because encoder_layer.norm_first was True
  warnings.warn(
================================================================================
Comparison baseline | model=transformer
================================================================================
Dataset: /home/huang_kai/wind_turbine_phm/PHOENIX-main/autoencoder_benchmark/Data/processed_data/weld_seam_windows_ws5_tf75_pg0_h1.npz
Device: cuda
Train/Val/Test: 990 / 175 / 356
Epoch 001 | train_loss=0.6515 | val_acc=97.14% val_f1=0.9682 | test_acc=84.27% test_f1=0.7988
Epoch 002 | train_loss=0.2230 | val_acc=98.86% val_f1=0.9861 | test_acc=87.36% test_f1=0.8401
Epoch 003 | train_loss=0.0920 | val_acc=99.43% val_f1=0.9943 | test_acc=81.46% test_f1=0.7420
Epoch 004 | train_loss=0.0735 | val_acc=100.00% val_f1=1.0000 | test_acc=78.37% test_f1=0.6998
Epoch 005 | train_loss=0.0873 | val_acc=100.00% val_f1=1.0000 | test_acc=85.11% test_f1=0.8100
Epoch 006 | train_loss=0.0322 | val_acc=99.43% val_f1=0.9942 | test_acc=83.15% test_f1=0.7835
Epoch 007 | train_loss=0.0177 | val_acc=98.86% val_f1=0.9883 | test_acc=73.60% test_f1=0.6327
Epoch 008 | train_loss=0.0163 | val_acc=100.00% val_f1=1.0000 | test_acc=77.53% test_f1=0.7068
Epoch 009 | train_loss=0.0322 | val_acc=98.29% val_f1=0.9830 | test_acc=83.99% test_f1=0.7858
Epoch 010 | train_loss=0.0137 | val_acc=98.86% val_f1=0.9886 | test_acc=86.24% test_f1=0.8286
Epoch 011 | train_loss=0.0072 | val_acc=100.00% val_f1=1.0000 | test_acc=73.31% test_f1=0.6404
Epoch 012 | train_loss=0.0051 | val_acc=100.00% val_f1=1.0000 | test_acc=78.65% test_f1=0.7236
Epoch 013 | train_loss=0.0052 | val_acc=100.00% val_f1=1.0000 | test_acc=82.30% test_f1=0.7762
Epoch 014 | train_loss=0.0122 | val_acc=99.43% val_f1=0.9919 | test_acc=87.08% test_f1=0.8365
Epoch 015 | train_loss=0.0206 | val_acc=100.00% val_f1=1.0000 | test_acc=89.04% test_f1=0.8651
Epoch 016 | train_loss=0.0336 | val_acc=100.00% val_f1=1.0000 | test_acc=76.40% test_f1=0.6892
Epoch 017 | train_loss=0.0115 | val_acc=100.00% val_f1=1.0000 | test_acc=84.83% test_f1=0.8115
Epoch 018 | train_loss=0.0042 | val_acc=100.00% val_f1=1.0000 | test_acc=79.78% test_f1=0.7398
Epoch 019 | train_loss=0.0019 | val_acc=100.00% val_f1=1.0000 | test_acc=79.78% test_f1=0.7401
Epoch 020 | train_loss=0.0016 | val_acc=100.00% val_f1=1.0000 | test_acc=77.81% test_f1=0.7113
Early stopping at epoch 20 (best=4, score=1.000000)
================================================================================
Best epoch: 4
Best score (val_macro_f1): 1.000000
Final test accuracy: 78.37%
Saved to: ablation_experiments/h1/results/comparison_18d_baselines/transformer/transformer_weld_seam_windows_ws5_tf75_pg0_h1_dm96_nh8_l4_ff128_do0.2_ep80_lr0.0005_wd0.0005_bs64_seed77
/usr/local/lib/python3.10/dist-packages/torch/nn/modules/transformer.py:385: UserWarning: enable_nested_tensor is True, but self.use_nested_tensor is False because encoder_layer.norm_first was True
  warnings.warn(
================================================================================
Comparison baseline | model=transformer
================================================================================
Dataset: /home/huang_kai/wind_turbine_phm/PHOENIX-main/autoencoder_benchmark/Data/processed_data/weld_seam_windows_ws5_tf75_pg0_h1.npz
Device: cuda
Train/Val/Test: 990 / 175 / 356
Epoch 001 | train_loss=0.8333 | val_acc=95.43% val_f1=0.9437 | test_acc=82.87% test_f1=0.7342
Epoch 002 | train_loss=0.4338 | val_acc=96.57% val_f1=0.9577 | test_acc=80.06% test_f1=0.7219
Epoch 003 | train_loss=0.2233 | val_acc=97.14% val_f1=0.9637 | test_acc=77.53% test_f1=0.6934
Epoch 004 | train_loss=0.1407 | val_acc=96.00% val_f1=0.9557 | test_acc=84.55% test_f1=0.8004
Epoch 005 | train_loss=0.1024 | val_acc=97.71% val_f1=0.9720 | test_acc=75.84% test_f1=0.6629
Epoch 006 | train_loss=0.0672 | val_acc=98.86% val_f1=0.9861 | test_acc=76.40% test_f1=0.6784
Epoch 007 | train_loss=0.0506 | val_acc=99.43% val_f1=0.9919 | test_acc=80.62% test_f1=0.7459
Epoch 008 | train_loss=0.0452 | val_acc=98.86% val_f1=0.9861 | test_acc=77.25% test_f1=0.6945
Epoch 009 | train_loss=0.0339 | val_acc=99.43% val_f1=0.9919 | test_acc=80.90% test_f1=0.7325
Epoch 010 | train_loss=0.0279 | val_acc=98.86% val_f1=0.9837 | test_acc=79.21% test_f1=0.7319
Epoch 011 | train_loss=0.0190 | val_acc=99.43% val_f1=0.9919 | test_acc=82.87% test_f1=0.7672
Epoch 012 | train_loss=0.0160 | val_acc=99.43% val_f1=0.9919 | test_acc=73.31% test_f1=0.6391
Epoch 013 | train_loss=0.0189 | val_acc=98.86% val_f1=0.9837 | test_acc=79.21% test_f1=0.7264
Epoch 014 | train_loss=0.0200 | val_acc=98.86% val_f1=0.9837 | test_acc=87.92% test_f1=0.8527
Epoch 015 | train_loss=0.0151 | val_acc=99.43% val_f1=0.9919 | test_acc=76.97% test_f1=0.6991
Epoch 016 | train_loss=0.0105 | val_acc=99.43% val_f1=0.9919 | test_acc=83.15% test_f1=0.7847
Epoch 017 | train_loss=0.0051 | val_acc=99.43% val_f1=0.9919 | test_acc=78.37% test_f1=0.7169
Epoch 018 | train_loss=0.0066 | val_acc=99.43% val_f1=0.9919 | test_acc=78.37% test_f1=0.7121
Epoch 019 | train_loss=0.0086 | val_acc=99.43% val_f1=0.9919 | test_acc=79.21% test_f1=0.7335
Epoch 020 | train_loss=0.0040 | val_acc=99.43% val_f1=0.9919 | test_acc=75.84% test_f1=0.6823
Epoch 021 | train_loss=0.0027 | val_acc=99.43% val_f1=0.9919 | test_acc=75.56% test_f1=0.6749
Epoch 022 | train_loss=0.0030 | val_acc=99.43% val_f1=0.9919 | test_acc=75.28% test_f1=0.6711
Epoch 023 | train_loss=0.0038 | val_acc=99.43% val_f1=0.9919 | test_acc=77.81% test_f1=0.7053
Early stopping at epoch 23 (best=7, score=0.991859)
================================================================================
Best epoch: 7
Best score (val_macro_f1): 0.991859
Final test accuracy: 80.62%
Saved to: ablation_experiments/h1/results/comparison_18d_baselines/transformer/transformer_weld_seam_windows_ws5_tf75_pg0_h1_dm96_nh4_l3_ff128_do0.3_ep80_lr0.0002_wd0.0001_bs64_seed122
/usr/local/lib/python3.10/dist-packages/torch/nn/modules/transformer.py:385: UserWarning: enable_nested_tensor is True, but self.use_nested_tensor is False because encoder_layer.norm_first was True
  warnings.warn(
================================================================================
Comparison baseline | model=transformer
================================================================================
Dataset: /home/huang_kai/wind_turbine_phm/PHOENIX-main/autoencoder_benchmark/Data/processed_data/weld_seam_windows_ws5_tf75_pg0_h1.npz
Device: cuda
Train/Val/Test: 990 / 175 / 356
Epoch 001 | train_loss=1.0288 | val_acc=75.43% val_f1=0.7064 | test_acc=76.97% test_f1=0.5521
Epoch 002 | train_loss=0.7323 | val_acc=91.43% val_f1=0.8971 | test_acc=91.01% test_f1=0.8621
Epoch 003 | train_loss=0.5314 | val_acc=95.43% val_f1=0.9454 | test_acc=89.89% test_f1=0.8620
Epoch 004 | train_loss=0.3934 | val_acc=93.71% val_f1=0.9304 | test_acc=90.17% test_f1=0.8665
Epoch 005 | train_loss=0.2831 | val_acc=93.71% val_f1=0.9304 | test_acc=90.45% test_f1=0.8735
Epoch 006 | train_loss=0.2071 | val_acc=95.43% val_f1=0.9488 | test_acc=89.61% test_f1=0.8603
Epoch 007 | train_loss=0.1521 | val_acc=97.14% val_f1=0.9647 | test_acc=89.33% test_f1=0.8559
Epoch 008 | train_loss=0.1190 | val_acc=97.71% val_f1=0.9701 | test_acc=86.80% test_f1=0.8259
Epoch 009 | train_loss=0.0784 | val_acc=98.29% val_f1=0.9807 | test_acc=89.33% test_f1=0.8545
Epoch 010 | train_loss=0.0611 | val_acc=99.43% val_f1=0.9943 | test_acc=87.36% test_f1=0.8298
Epoch 011 | train_loss=0.0508 | val_acc=99.43% val_f1=0.9943 | test_acc=87.36% test_f1=0.8298
Epoch 012 | train_loss=0.0467 | val_acc=100.00% val_f1=1.0000 | test_acc=85.96% test_f1=0.8067
Epoch 013 | train_loss=0.0360 | val_acc=98.86% val_f1=0.9837 | test_acc=82.58% test_f1=0.7467
Epoch 014 | train_loss=0.0265 | val_acc=100.00% val_f1=1.0000 | test_acc=87.36% test_f1=0.8269
Epoch 015 | train_loss=0.0239 | val_acc=100.00% val_f1=1.0000 | test_acc=84.83% test_f1=0.7892
Epoch 016 | train_loss=0.0189 | val_acc=100.00% val_f1=1.0000 | test_acc=83.99% test_f1=0.7642
Epoch 017 | train_loss=0.0153 | val_acc=100.00% val_f1=1.0000 | test_acc=85.67% test_f1=0.7949
Epoch 018 | train_loss=0.0126 | val_acc=100.00% val_f1=1.0000 | test_acc=83.15% test_f1=0.7593
Epoch 019 | train_loss=0.0121 | val_acc=100.00% val_f1=1.0000 | test_acc=79.78% test_f1=0.7203
Epoch 020 | train_loss=0.0108 | val_acc=100.00% val_f1=1.0000 | test_acc=90.17% test_f1=0.8665
Epoch 021 | train_loss=0.0102 | val_acc=100.00% val_f1=1.0000 | test_acc=88.20% test_f1=0.8433
Epoch 022 | train_loss=0.0086 | val_acc=99.43% val_f1=0.9919 | test_acc=76.12% test_f1=0.6609
Epoch 023 | train_loss=0.0080 | val_acc=100.00% val_f1=1.0000 | test_acc=81.18% test_f1=0.7420
Epoch 024 | train_loss=0.0080 | val_acc=100.00% val_f1=1.0000 | test_acc=90.17% test_f1=0.8692
Epoch 025 | train_loss=0.0229 | val_acc=99.43% val_f1=0.9919 | test_acc=85.11% test_f1=0.7848
Epoch 026 | train_loss=0.0170 | val_acc=97.71% val_f1=0.9673 | test_acc=75.56% test_f1=0.6519
Epoch 027 | train_loss=0.0197 | val_acc=100.00% val_f1=1.0000 | test_acc=86.24% test_f1=0.8267
Epoch 028 | train_loss=0.0147 | val_acc=98.86% val_f1=0.9837 | test_acc=79.78% test_f1=0.7149
Early stopping at epoch 28 (best=12, score=1.000000)
================================================================================
Best epoch: 12
Best score (val_macro_f1): 1.000000
Final test accuracy: 85.96%
Saved to: ablation_experiments/h1/results/comparison_18d_baselines/transformer/transformer_weld_seam_windows_ws5_tf75_pg0_h1_dm96_nh4_l3_ff256_do0.2_ep80_lr0.0002_wd0.0005_bs128_seed100
/usr/local/lib/python3.10/dist-packages/torch/nn/modules/transformer.py:385: UserWarning: enable_nested_tensor is True, but self.use_nested_tensor is False because encoder_layer.norm_first was True
  warnings.warn(
================================================================================
Comparison baseline | model=transformer
================================================================================
Dataset: /home/huang_kai/wind_turbine_phm/PHOENIX-main/autoencoder_benchmark/Data/processed_data/weld_seam_windows_ws5_tf75_pg0_h1.npz
Device: cuda
Train/Val/Test: 990 / 175 / 356
Epoch 001 | train_loss=0.8683 | val_acc=92.00% val_f1=0.9208 | test_acc=89.33% test_f1=0.8328
Epoch 002 | train_loss=0.4550 | val_acc=94.86% val_f1=0.9462 | test_acc=88.20% test_f1=0.8400
Epoch 003 | train_loss=0.2097 | val_acc=94.86% val_f1=0.9485 | test_acc=89.33% test_f1=0.8613
Epoch 004 | train_loss=0.1226 | val_acc=94.86% val_f1=0.9485 | test_acc=84.27% test_f1=0.7767
Epoch 005 | train_loss=0.0792 | val_acc=96.00% val_f1=0.9590 | test_acc=81.46% test_f1=0.7466
Epoch 006 | train_loss=0.0470 | val_acc=98.29% val_f1=0.9804 | test_acc=78.93% test_f1=0.7144
Epoch 007 | train_loss=0.0331 | val_acc=98.29% val_f1=0.9807 | test_acc=78.93% test_f1=0.7188
Epoch 008 | train_loss=0.0261 | val_acc=98.86% val_f1=0.9861 | test_acc=78.65% test_f1=0.7231
Epoch 009 | train_loss=0.0145 | val_acc=98.86% val_f1=0.9861 | test_acc=73.88% test_f1=0.6541
Epoch 010 | train_loss=0.0141 | val_acc=98.29% val_f1=0.9802 | test_acc=73.03% test_f1=0.6414
Epoch 011 | train_loss=0.0104 | val_acc=98.86% val_f1=0.9861 | test_acc=78.65% test_f1=0.7249
Epoch 012 | train_loss=0.0118 | val_acc=98.29% val_f1=0.9807 | test_acc=82.02% test_f1=0.7654
Epoch 013 | train_loss=0.0067 | val_acc=99.43% val_f1=0.9943 | test_acc=82.30% test_f1=0.7779
Epoch 014 | train_loss=0.0062 | val_acc=99.43% val_f1=0.9919 | test_acc=76.97% test_f1=0.6973
Epoch 015 | train_loss=0.0122 | val_acc=99.43% val_f1=0.9919 | test_acc=75.00% test_f1=0.6568
Epoch 016 | train_loss=0.0301 | val_acc=99.43% val_f1=0.9919 | test_acc=83.71% test_f1=0.7983
Epoch 017 | train_loss=0.0061 | val_acc=99.43% val_f1=0.9919 | test_acc=83.71% test_f1=0.7992
Epoch 018 | train_loss=0.0088 | val_acc=100.00% val_f1=1.0000 | test_acc=80.34% test_f1=0.7518
Epoch 019 | train_loss=0.0202 | val_acc=99.43% val_f1=0.9919 | test_acc=78.09% test_f1=0.6886
Epoch 020 | train_loss=0.0141 | val_acc=99.43% val_f1=0.9919 | test_acc=79.78% test_f1=0.7168
Epoch 021 | train_loss=0.0079 | val_acc=99.43% val_f1=0.9919 | test_acc=77.53% test_f1=0.6987
Epoch 022 | train_loss=0.0040 | val_acc=100.00% val_f1=1.0000 | test_acc=78.09% test_f1=0.7167
Epoch 023 | train_loss=0.0026 | val_acc=100.00% val_f1=1.0000 | test_acc=81.18% test_f1=0.7622
Epoch 024 | train_loss=0.0032 | val_acc=100.00% val_f1=1.0000 | test_acc=78.93% test_f1=0.7301
Epoch 025 | train_loss=0.0023 | val_acc=99.43% val_f1=0.9919 | test_acc=80.90% test_f1=0.7547
Epoch 026 | train_loss=0.0020 | val_acc=99.43% val_f1=0.9919 | test_acc=80.34% test_f1=0.7468
Epoch 027 | train_loss=0.0025 | val_acc=99.43% val_f1=0.9919 | test_acc=79.21% test_f1=0.7313
Epoch 028 | train_loss=0.0020 | val_acc=99.43% val_f1=0.9919 | test_acc=78.93% test_f1=0.7277
Epoch 029 | train_loss=0.0019 | val_acc=99.43% val_f1=0.9919 | test_acc=79.21% test_f1=0.7313
Epoch 030 | train_loss=0.0018 | val_acc=99.43% val_f1=0.9919 | test_acc=78.93% test_f1=0.7277
Epoch 031 | train_loss=0.0019 | val_acc=99.43% val_f1=0.9919 | test_acc=79.21% test_f1=0.7313
Epoch 032 | train_loss=0.0016 | val_acc=99.43% val_f1=0.9919 | test_acc=79.21% test_f1=0.7313
Epoch 033 | train_loss=0.0012 | val_acc=99.43% val_f1=0.9919 | test_acc=77.25% test_f1=0.7040
Epoch 034 | train_loss=0.0013 | val_acc=99.43% val_f1=0.9919 | test_acc=77.25% test_f1=0.7040
Early stopping at epoch 34 (best=18, score=1.000000)
================================================================================
Best epoch: 18
Best score (val_macro_f1): 1.000000
Final test accuracy: 80.34%
Saved to: ablation_experiments/h1/results/comparison_18d_baselines/transformer/transformer_weld_seam_windows_ws5_tf75_pg0_h1_dm128_nh4_l4_ff128_do0.1_ep80_lr0.0002_wd0.0002_bs64_seed14
/usr/local/lib/python3.10/dist-packages/torch/nn/modules/transformer.py:385: UserWarning: enable_nested_tensor is True, but self.use_nested_tensor is False because encoder_layer.norm_first was True
  warnings.warn(
================================================================================
Comparison baseline | model=transformer
================================================================================
Dataset: /home/huang_kai/wind_turbine_phm/PHOENIX-main/autoencoder_benchmark/Data/processed_data/weld_seam_windows_ws5_tf75_pg0_h1.npz
Device: cuda
Train/Val/Test: 990 / 175 / 356
Epoch 001 | train_loss=1.0802 | val_acc=41.71% val_f1=0.4293 | test_acc=40.17% test_f1=0.4252
Epoch 002 | train_loss=0.8706 | val_acc=49.14% val_f1=0.5197 | test_acc=81.18% test_f1=0.7945
Epoch 003 | train_loss=0.6550 | val_acc=88.00% val_f1=0.8685 | test_acc=87.36% test_f1=0.8096
Epoch 004 | train_loss=0.4646 | val_acc=92.57% val_f1=0.9228 | test_acc=86.24% test_f1=0.7946
Epoch 005 | train_loss=0.3351 | val_acc=93.71% val_f1=0.9329 | test_acc=87.92% test_f1=0.8316
Epoch 006 | train_loss=0.2410 | val_acc=95.43% val_f1=0.9514 | test_acc=86.52% test_f1=0.8095
Epoch 007 | train_loss=0.1852 | val_acc=95.43% val_f1=0.9514 | test_acc=83.43% test_f1=0.7624
Epoch 008 | train_loss=0.1309 | val_acc=97.14% val_f1=0.9669 | test_acc=87.08% test_f1=0.8279
Epoch 009 | train_loss=0.1030 | val_acc=96.00% val_f1=0.9566 | test_acc=85.96% test_f1=0.7959
Epoch 010 | train_loss=0.0785 | val_acc=98.29% val_f1=0.9782 | test_acc=85.96% test_f1=0.8111
Epoch 011 | train_loss=0.0770 | val_acc=99.43% val_f1=0.9919 | test_acc=85.67% test_f1=0.7967
Epoch 012 | train_loss=0.0615 | val_acc=98.86% val_f1=0.9837 | test_acc=88.20% test_f1=0.8513
Epoch 013 | train_loss=0.0416 | val_acc=99.43% val_f1=0.9919 | test_acc=79.21% test_f1=0.6998
Epoch 014 | train_loss=0.0814 | val_acc=98.86% val_f1=0.9837 | test_acc=89.89% test_f1=0.8734
Epoch 015 | train_loss=0.0416 | val_acc=98.86% val_f1=0.9837 | test_acc=81.46% test_f1=0.7249
Epoch 016 | train_loss=0.0426 | val_acc=98.86% val_f1=0.9837 | test_acc=92.70% test_f1=0.9078
Epoch 017 | train_loss=0.0286 | val_acc=99.43% val_f1=0.9919 | test_acc=84.27% test_f1=0.7648
Epoch 018 | train_loss=0.0346 | val_acc=99.43% val_f1=0.9919 | test_acc=81.74% test_f1=0.7531
Epoch 019 | train_loss=0.0167 | val_acc=99.43% val_f1=0.9919 | test_acc=91.57% test_f1=0.8897
Epoch 020 | train_loss=0.0164 | val_acc=99.43% val_f1=0.9919 | test_acc=85.67% test_f1=0.8050
Epoch 021 | train_loss=0.0104 | val_acc=99.43% val_f1=0.9919 | test_acc=79.78% test_f1=0.7273
Epoch 022 | train_loss=0.0112 | val_acc=99.43% val_f1=0.9919 | test_acc=80.06% test_f1=0.7320
Epoch 023 | train_loss=0.0090 | val_acc=99.43% val_f1=0.9919 | test_acc=83.71% test_f1=0.7794
Epoch 024 | train_loss=0.0094 | val_acc=99.43% val_f1=0.9919 | test_acc=88.20% test_f1=0.8488
Epoch 025 | train_loss=0.0086 | val_acc=99.43% val_f1=0.9919 | test_acc=83.15% test_f1=0.7832
Epoch 026 | train_loss=0.0095 | val_acc=99.43% val_f1=0.9919 | test_acc=83.43% test_f1=0.7851
Epoch 027 | train_loss=0.0068 | val_acc=99.43% val_f1=0.9919 | test_acc=87.64% test_f1=0.8309
Early stopping at epoch 27 (best=11, score=0.991859)
================================================================================
Best epoch: 11
Best score (val_macro_f1): 0.991859
Final test accuracy: 85.67%
Saved to: ablation_experiments/h1/results/comparison_18d_baselines/transformer/transformer_weld_seam_windows_ws5_tf75_pg0_h1_dm64_nh8_l3_ff128_do0.1_ep80_lr0.0003_wd0.0001_bs128_seed122
/usr/local/lib/python3.10/dist-packages/torch/nn/modules/transformer.py:385: UserWarning: enable_nested_tensor is True, but self.use_nested_tensor is False because encoder_layer.norm_first was True
  warnings.warn(
================================================================================
Comparison baseline | model=transformer
================================================================================
Dataset: /home/huang_kai/wind_turbine_phm/PHOENIX-main/autoencoder_benchmark/Data/processed_data/weld_seam_windows_ws5_tf75_pg0_h1.npz
Device: cuda
Train/Val/Test: 990 / 175 / 356
Epoch 001 | train_loss=0.8126 | val_acc=92.57% val_f1=0.9070 | test_acc=96.35% test_f1=0.9533
Epoch 002 | train_loss=0.4023 | val_acc=94.29% val_f1=0.9410 | test_acc=84.27% test_f1=0.7757
Epoch 003 | train_loss=0.2092 | val_acc=94.29% val_f1=0.9306 | test_acc=90.73% test_f1=0.8892
Epoch 004 | train_loss=0.1224 | val_acc=97.14% val_f1=0.9717 | test_acc=90.17% test_f1=0.8767
Epoch 005 | train_loss=0.0743 | val_acc=97.14% val_f1=0.9717 | test_acc=88.76% test_f1=0.8554
Epoch 006 | train_loss=0.0515 | val_acc=98.29% val_f1=0.9828 | test_acc=83.99% test_f1=0.7908
Epoch 007 | train_loss=0.0358 | val_acc=99.43% val_f1=0.9942 | test_acc=80.34% test_f1=0.7356
Epoch 008 | train_loss=0.0297 | val_acc=99.43% val_f1=0.9943 | test_acc=86.52% test_f1=0.8266
Epoch 009 | train_loss=0.0158 | val_acc=98.29% val_f1=0.9807 | test_acc=80.90% test_f1=0.7299
Epoch 010 | train_loss=0.0175 | val_acc=97.71% val_f1=0.9742 | test_acc=73.60% test_f1=0.6384
Epoch 011 | train_loss=0.0135 | val_acc=99.43% val_f1=0.9942 | test_acc=88.76% test_f1=0.8604
Epoch 012 | train_loss=0.0111 | val_acc=98.86% val_f1=0.9862 | test_acc=85.11% test_f1=0.8047
Epoch 013 | train_loss=0.0088 | val_acc=99.43% val_f1=0.9919 | test_acc=81.74% test_f1=0.7614
Epoch 014 | train_loss=0.0076 | val_acc=99.43% val_f1=0.9919 | test_acc=84.55% test_f1=0.7969
Epoch 015 | train_loss=0.0059 | val_acc=99.43% val_f1=0.9919 | test_acc=83.99% test_f1=0.7930
Epoch 016 | train_loss=0.0103 | val_acc=99.43% val_f1=0.9919 | test_acc=83.71% test_f1=0.7877
Epoch 017 | train_loss=0.0167 | val_acc=99.43% val_f1=0.9942 | test_acc=81.18% test_f1=0.7541
Epoch 018 | train_loss=0.0218 | val_acc=98.86% val_f1=0.9861 | test_acc=80.62% test_f1=0.7419
Epoch 019 | train_loss=0.0348 | val_acc=99.43% val_f1=0.9943 | test_acc=91.01% test_f1=0.8872
Epoch 020 | train_loss=0.0070 | val_acc=99.43% val_f1=0.9919 | test_acc=77.25% test_f1=0.6922
Epoch 021 | train_loss=0.0108 | val_acc=98.86% val_f1=0.9862 | test_acc=85.67% test_f1=0.8030
Epoch 022 | train_loss=0.0073 | val_acc=99.43% val_f1=0.9919 | test_acc=83.99% test_f1=0.7936
Epoch 023 | train_loss=0.0034 | val_acc=99.43% val_f1=0.9919 | test_acc=84.83% test_f1=0.8052
Epoch 024 | train_loss=0.0028 | val_acc=99.43% val_f1=0.9919 | test_acc=86.24% test_f1=0.8258
Early stopping at epoch 24 (best=8, score=0.994277)
================================================================================
Best epoch: 8
Best score (val_macro_f1): 0.994277
Final test accuracy: 86.52%
Saved to: ablation_experiments/h1/results/comparison_18d_baselines/transformer/transformer_weld_seam_windows_ws5_tf75_pg0_h1_dm64_nh8_l2_ff256_do0.3_ep80_lr0.0005_wd0.0005_bs64_seed14
/usr/local/lib/python3.10/dist-packages/torch/nn/modules/transformer.py:385: UserWarning: enable_nested_tensor is True, but self.use_nested_tensor is False because encoder_layer.norm_first was True
  warnings.warn(
================================================================================
Comparison baseline | model=transformer
================================================================================
Dataset: /home/huang_kai/wind_turbine_phm/PHOENIX-main/autoencoder_benchmark/Data/processed_data/weld_seam_windows_ws5_tf75_pg0_h1.npz
Device: cuda
Train/Val/Test: 990 / 175 / 356
Epoch 001 | train_loss=0.9191 | val_acc=86.29% val_f1=0.8266 | test_acc=96.91% test_f1=0.9556
Epoch 002 | train_loss=0.4728 | val_acc=93.14% val_f1=0.9279 | test_acc=96.91% test_f1=0.9567
Epoch 003 | train_loss=0.2544 | val_acc=97.71% val_f1=0.9770 | test_acc=87.36% test_f1=0.8336
Epoch 004 | train_loss=0.1300 | val_acc=97.14% val_f1=0.9714 | test_acc=87.36% test_f1=0.8269
Epoch 005 | train_loss=0.0896 | val_acc=97.71% val_f1=0.9770 | test_acc=86.24% test_f1=0.8203
Epoch 006 | train_loss=0.0592 | val_acc=98.86% val_f1=0.9886 | test_acc=80.90% test_f1=0.7299
Epoch 007 | train_loss=0.0525 | val_acc=98.86% val_f1=0.9886 | test_acc=79.49% test_f1=0.7053
Epoch 008 | train_loss=0.0853 | val_acc=100.00% val_f1=1.0000 | test_acc=80.34% test_f1=0.7367
Epoch 009 | train_loss=0.0354 | val_acc=100.00% val_f1=1.0000 | test_acc=82.30% test_f1=0.7625
Epoch 010 | train_loss=0.0289 | val_acc=99.43% val_f1=0.9942 | test_acc=81.74% test_f1=0.7567
Epoch 011 | train_loss=0.0204 | val_acc=99.43% val_f1=0.9919 | test_acc=85.96% test_f1=0.8226
Epoch 012 | train_loss=0.0154 | val_acc=98.29% val_f1=0.9824 | test_acc=78.93% test_f1=0.7202
Epoch 013 | train_loss=0.0183 | val_acc=99.43% val_f1=0.9943 | test_acc=86.52% test_f1=0.8279
Epoch 014 | train_loss=0.0134 | val_acc=98.86% val_f1=0.9886 | test_acc=81.18% test_f1=0.7436
Epoch 015 | train_loss=0.0126 | val_acc=99.43% val_f1=0.9942 | test_acc=80.90% test_f1=0.7550
Epoch 016 | train_loss=0.0089 | val_acc=99.43% val_f1=0.9942 | test_acc=85.11% test_f1=0.8170
Epoch 017 | train_loss=0.0137 | val_acc=99.43% val_f1=0.9942 | test_acc=78.93% test_f1=0.7296
Epoch 018 | train_loss=0.0054 | val_acc=100.00% val_f1=1.0000 | test_acc=81.18% test_f1=0.7640
Epoch 019 | train_loss=0.0056 | val_acc=100.00% val_f1=1.0000 | test_acc=83.99% test_f1=0.7998
Epoch 020 | train_loss=0.0057 | val_acc=99.43% val_f1=0.9942 | test_acc=78.93% test_f1=0.7321
Epoch 021 | train_loss=0.0061 | val_acc=100.00% val_f1=1.0000 | test_acc=81.18% test_f1=0.7622
Epoch 022 | train_loss=0.0059 | val_acc=100.00% val_f1=1.0000 | test_acc=85.39% test_f1=0.8177
Epoch 023 | train_loss=0.0044 | val_acc=100.00% val_f1=1.0000 | test_acc=79.49% test_f1=0.7355
Epoch 024 | train_loss=0.0020 | val_acc=99.43% val_f1=0.9919 | test_acc=79.21% test_f1=0.7311
Early stopping at epoch 24 (best=8, score=1.000000)
================================================================================
Best epoch: 8
Best score (val_macro_f1): 1.000000
Final test accuracy: 80.34%
Saved to: ablation_experiments/h1/results/comparison_18d_baselines/transformer/transformer_weld_seam_windows_ws5_tf75_pg0_h1_dm64_nh8_l4_ff128_do0.3_ep80_lr0.0003_wd1e-05_bs64_seed183
/usr/local/lib/python3.10/dist-packages/torch/nn/modules/transformer.py:385: UserWarning: enable_nested_tensor is True, but self.use_nested_tensor is False because encoder_layer.norm_first was True
  warnings.warn(
================================================================================
Comparison baseline | model=transformer
================================================================================
Dataset: /home/huang_kai/wind_turbine_phm/PHOENIX-main/autoencoder_benchmark/Data/processed_data/weld_seam_windows_ws5_tf75_pg0_h1.npz
Device: cuda
Train/Val/Test: 990 / 175 / 356
Epoch 001 | train_loss=1.0619 | val_acc=56.00% val_f1=0.5669 | test_acc=56.18% test_f1=0.4862
Epoch 002 | train_loss=0.8459 | val_acc=78.29% val_f1=0.7763 | test_acc=86.24% test_f1=0.7951
Epoch 003 | train_loss=0.6873 | val_acc=88.57% val_f1=0.8688 | test_acc=91.29% test_f1=0.8720
Epoch 004 | train_loss=0.5452 | val_acc=93.14% val_f1=0.9219 | test_acc=87.64% test_f1=0.8043
Epoch 005 | train_loss=0.4325 | val_acc=96.00% val_f1=0.9581 | test_acc=89.89% test_f1=0.8448
Epoch 006 | train_loss=0.3313 | val_acc=96.57% val_f1=0.9659 | test_acc=92.42% test_f1=0.8903
Epoch 007 | train_loss=0.2605 | val_acc=97.14% val_f1=0.9721 | test_acc=92.13% test_f1=0.8889
Epoch 008 | train_loss=0.2267 | val_acc=96.57% val_f1=0.9663 | test_acc=91.85% test_f1=0.8915
Epoch 009 | train_loss=0.1625 | val_acc=97.14% val_f1=0.9717 | test_acc=87.08% test_f1=0.8207
Epoch 010 | train_loss=0.1382 | val_acc=97.14% val_f1=0.9717 | test_acc=87.64% test_f1=0.8411
Epoch 011 | train_loss=0.1111 | val_acc=97.14% val_f1=0.9721 | test_acc=87.64% test_f1=0.8269
Epoch 012 | train_loss=0.0936 | val_acc=97.71% val_f1=0.9775 | test_acc=87.36% test_f1=0.8284
Epoch 013 | train_loss=0.0753 | val_acc=98.29% val_f1=0.9830 | test_acc=84.83% test_f1=0.7991
Epoch 014 | train_loss=0.0653 | val_acc=98.29% val_f1=0.9830 | test_acc=82.58% test_f1=0.7602
Epoch 015 | train_loss=0.0513 | val_acc=98.29% val_f1=0.9830 | test_acc=83.99% test_f1=0.7854
Epoch 016 | train_loss=0.0527 | val_acc=97.71% val_f1=0.9775 | test_acc=84.55% test_f1=0.7907
Epoch 017 | train_loss=0.0430 | val_acc=99.43% val_f1=0.9943 | test_acc=84.27% test_f1=0.7900
Epoch 018 | train_loss=0.0361 | val_acc=99.43% val_f1=0.9943 | test_acc=84.27% test_f1=0.7933
Epoch 019 | train_loss=0.0357 | val_acc=99.43% val_f1=0.9943 | test_acc=82.87% test_f1=0.7680
Epoch 020 | train_loss=0.0340 | val_acc=98.86% val_f1=0.9886 | test_acc=85.96% test_f1=0.8181
Epoch 021 | train_loss=0.0300 | val_acc=100.00% val_f1=1.0000 | test_acc=83.71% test_f1=0.7854
Epoch 022 | train_loss=0.0254 | val_acc=100.00% val_f1=1.0000 | test_acc=82.58% test_f1=0.7672
Epoch 023 | train_loss=0.0193 | val_acc=99.43% val_f1=0.9943 | test_acc=83.99% test_f1=0.7926
Epoch 024 | train_loss=0.0209 | val_acc=100.00% val_f1=1.0000 | test_acc=82.58% test_f1=0.7685
Epoch 025 | train_loss=0.0181 | val_acc=100.00% val_f1=1.0000 | test_acc=83.99% test_f1=0.7924
Epoch 026 | train_loss=0.0156 | val_acc=100.00% val_f1=1.0000 | test_acc=84.27% test_f1=0.7970
Epoch 027 | train_loss=0.0122 | val_acc=99.43% val_f1=0.9943 | test_acc=83.43% test_f1=0.7835
Epoch 028 | train_loss=0.0138 | val_acc=100.00% val_f1=1.0000 | test_acc=84.27% test_f1=0.7970
Epoch 029 | train_loss=0.0121 | val_acc=100.00% val_f1=1.0000 | test_acc=83.15% test_f1=0.7837
Epoch 030 | train_loss=0.0104 | val_acc=100.00% val_f1=1.0000 | test_acc=82.87% test_f1=0.7799
Epoch 031 | train_loss=0.0097 | val_acc=100.00% val_f1=1.0000 | test_acc=83.15% test_f1=0.7834
Epoch 032 | train_loss=0.0087 | val_acc=100.00% val_f1=1.0000 | test_acc=83.43% test_f1=0.7868
Epoch 033 | train_loss=0.0118 | val_acc=100.00% val_f1=1.0000 | test_acc=83.15% test_f1=0.7843
Epoch 034 | train_loss=0.0101 | val_acc=100.00% val_f1=1.0000 | test_acc=82.58% test_f1=0.7745
Epoch 035 | train_loss=0.0085 | val_acc=100.00% val_f1=1.0000 | test_acc=83.71% test_f1=0.7921
Epoch 036 | train_loss=0.0069 | val_acc=100.00% val_f1=1.0000 | test_acc=83.15% test_f1=0.7851
Epoch 037 | train_loss=0.0075 | val_acc=100.00% val_f1=1.0000 | test_acc=81.74% test_f1=0.7669
Early stopping at epoch 37 (best=21, score=1.000000)
================================================================================
Best epoch: 21
Best score (val_macro_f1): 1.000000
Final test accuracy: 83.71%
Saved to: ablation_experiments/h1/results/comparison_18d_baselines/transformer/transformer_weld_seam_windows_ws5_tf75_pg0_h1_dm96_nh4_l3_ff256_do0.2_ep80_lr0.0001_wd0.0005_bs128_seed183
/usr/local/lib/python3.10/dist-packages/torch/nn/modules/transformer.py:385: UserWarning: enable_nested_tensor is True, but self.use_nested_tensor is False because encoder_layer.norm_first was True
  warnings.warn(
================================================================================
Comparison baseline | model=transformer
================================================================================
Dataset: /home/huang_kai/wind_turbine_phm/PHOENIX-main/autoencoder_benchmark/Data/processed_data/weld_seam_windows_ws5_tf75_pg0_h1.npz
Device: cuda
Train/Val/Test: 990 / 175 / 356
Epoch 001 | train_loss=0.9387 | val_acc=77.71% val_f1=0.7582 | test_acc=94.94% test_f1=0.9239
Epoch 002 | train_loss=0.7570 | val_acc=86.29% val_f1=0.8349 | test_acc=94.38% test_f1=0.9151
Epoch 003 | train_loss=0.5978 | val_acc=90.29% val_f1=0.8869 | test_acc=92.70% test_f1=0.8899
Epoch 004 | train_loss=0.4892 | val_acc=93.14% val_f1=0.9254 | test_acc=89.61% test_f1=0.8512
Epoch 005 | train_loss=0.3913 | val_acc=92.57% val_f1=0.9203 | test_acc=91.29% test_f1=0.8800
Epoch 006 | train_loss=0.3145 | val_acc=92.57% val_f1=0.9173 | test_acc=90.45% test_f1=0.8709
Epoch 007 | train_loss=0.2635 | val_acc=95.43% val_f1=0.9460 | test_acc=89.04% test_f1=0.8514
Epoch 008 | train_loss=0.2116 | val_acc=94.86% val_f1=0.9407 | test_acc=89.33% test_f1=0.8545
Epoch 009 | train_loss=0.1718 | val_acc=96.57% val_f1=0.9593 | test_acc=88.20% test_f1=0.8407
Epoch 010 | train_loss=0.1475 | val_acc=97.14% val_f1=0.9647 | test_acc=86.80% test_f1=0.8207
Epoch 011 | train_loss=0.1262 | val_acc=96.00% val_f1=0.9540 | test_acc=85.96% test_f1=0.8051
Epoch 012 | train_loss=0.1083 | val_acc=97.14% val_f1=0.9673 | test_acc=87.64% test_f1=0.8330
Epoch 013 | train_loss=0.0921 | val_acc=98.86% val_f1=0.9886 | test_acc=87.92% test_f1=0.8388
Epoch 014 | train_loss=0.0801 | val_acc=98.29% val_f1=0.9782 | test_acc=81.74% test_f1=0.7415
Epoch 015 | train_loss=0.0663 | val_acc=98.86% val_f1=0.9862 | test_acc=83.15% test_f1=0.7740
Epoch 016 | train_loss=0.0529 | val_acc=98.29% val_f1=0.9782 | test_acc=83.15% test_f1=0.7572
Epoch 017 | train_loss=0.0594 | val_acc=99.43% val_f1=0.9943 | test_acc=87.08% test_f1=0.8253
Epoch 018 | train_loss=0.0492 | val_acc=99.43% val_f1=0.9919 | test_acc=83.71% test_f1=0.7764
Epoch 019 | train_loss=0.0656 | val_acc=99.43% val_f1=0.9919 | test_acc=86.52% test_f1=0.8077
Epoch 020 | train_loss=0.0452 | val_acc=100.00% val_f1=1.0000 | test_acc=85.67% test_f1=0.8078
Epoch 021 | train_loss=0.0343 | val_acc=98.29% val_f1=0.9755 | test_acc=83.43% test_f1=0.7510
Epoch 022 | train_loss=0.0335 | val_acc=99.43% val_f1=0.9919 | test_acc=86.80% test_f1=0.8126
Epoch 023 | train_loss=0.0241 | val_acc=100.00% val_f1=1.0000 | test_acc=85.96% test_f1=0.8148
Epoch 024 | train_loss=0.0233 | val_acc=100.00% val_f1=1.0000 | test_acc=86.52% test_f1=0.8145
Epoch 025 | train_loss=0.0216 | val_acc=100.00% val_f1=1.0000 | test_acc=85.11% test_f1=0.8012
Epoch 026 | train_loss=0.0182 | val_acc=100.00% val_f1=1.0000 | test_acc=83.15% test_f1=0.7740
Epoch 027 | train_loss=0.0177 | val_acc=99.43% val_f1=0.9919 | test_acc=83.71% test_f1=0.7655
Epoch 028 | train_loss=0.0165 | val_acc=99.43% val_f1=0.9919 | test_acc=84.27% test_f1=0.7757
Epoch 029 | train_loss=0.0149 | val_acc=100.00% val_f1=1.0000 | test_acc=84.83% test_f1=0.7967
Epoch 030 | train_loss=0.0130 | val_acc=100.00% val_f1=1.0000 | test_acc=85.67% test_f1=0.8065
Epoch 031 | train_loss=0.0162 | val_acc=100.00% val_f1=1.0000 | test_acc=84.83% test_f1=0.7908
Epoch 032 | train_loss=0.0198 | val_acc=100.00% val_f1=1.0000 | test_acc=85.67% test_f1=0.8115
Epoch 033 | train_loss=0.0124 | val_acc=100.00% val_f1=1.0000 | test_acc=80.34% test_f1=0.7287
Epoch 034 | train_loss=0.0102 | val_acc=100.00% val_f1=1.0000 | test_acc=81.18% test_f1=0.7331
Epoch 035 | train_loss=0.0108 | val_acc=100.00% val_f1=1.0000 | test_acc=82.30% test_f1=0.7535
Epoch 036 | train_loss=0.0135 | val_acc=100.00% val_f1=1.0000 | test_acc=85.67% test_f1=0.8125
Early stopping at epoch 36 (best=20, score=1.000000)
================================================================================
Best epoch: 20
Best score (val_macro_f1): 1.000000
Final test accuracy: 85.67%
Saved to: ablation_experiments/h1/results/comparison_18d_baselines/transformer/transformer_weld_seam_windows_ws5_tf75_pg0_h1_dm96_nh4_l3_ff256_do0.2_ep80_lr0.0001_wd1e-05_bs128_seed100
/usr/local/lib/python3.10/dist-packages/torch/nn/modules/transformer.py:385: UserWarning: enable_nested_tensor is True, but self.use_nested_tensor is False because encoder_layer.norm_first was True
  warnings.warn(
================================================================================
Comparison baseline | model=transformer
================================================================================
Dataset: /home/huang_kai/wind_turbine_phm/PHOENIX-main/autoencoder_benchmark/Data/processed_data/weld_seam_windows_ws5_tf75_pg0_h1.npz
Device: cuda
Train/Val/Test: 990 / 175 / 356
Epoch 001 | train_loss=0.8327 | val_acc=93.14% val_f1=0.9117 | test_acc=80.90% test_f1=0.7601
Epoch 002 | train_loss=0.4074 | val_acc=95.43% val_f1=0.9538 | test_acc=83.99% test_f1=0.7891
Epoch 003 | train_loss=0.2049 | val_acc=98.29% val_f1=0.9830 | test_acc=82.58% test_f1=0.7695
Epoch 004 | train_loss=0.1058 | val_acc=96.00% val_f1=0.9526 | test_acc=83.71% test_f1=0.7893
Epoch 005 | train_loss=0.0814 | val_acc=97.71% val_f1=0.9772 | test_acc=80.34% test_f1=0.7295
Epoch 006 | train_loss=0.0698 | val_acc=98.29% val_f1=0.9824 | test_acc=74.44% test_f1=0.6545
Epoch 007 | train_loss=0.0474 | val_acc=97.71% val_f1=0.9772 | test_acc=80.62% test_f1=0.7347
Epoch 008 | train_loss=0.0329 | val_acc=98.86% val_f1=0.9885 | test_acc=85.11% test_f1=0.8188
Epoch 009 | train_loss=0.0255 | val_acc=98.86% val_f1=0.9885 | test_acc=80.06% test_f1=0.7471
Epoch 010 | train_loss=0.0197 | val_acc=99.43% val_f1=0.9942 | test_acc=81.46% test_f1=0.7651
Epoch 011 | train_loss=0.0181 | val_acc=99.43% val_f1=0.9943 | test_acc=81.46% test_f1=0.7526
Epoch 012 | train_loss=0.0095 | val_acc=99.43% val_f1=0.9942 | test_acc=78.09% test_f1=0.7197
Epoch 013 | train_loss=0.0223 | val_acc=100.00% val_f1=1.0000 | test_acc=80.06% test_f1=0.7320
Epoch 014 | train_loss=0.0219 | val_acc=100.00% val_f1=1.0000 | test_acc=80.90% test_f1=0.7508
Epoch 015 | train_loss=0.0266 | val_acc=97.14% val_f1=0.9697 | test_acc=80.90% test_f1=0.7178
Epoch 016 | train_loss=0.0160 | val_acc=99.43% val_f1=0.9942 | test_acc=78.37% test_f1=0.7100
Epoch 017 | train_loss=0.0285 | val_acc=98.29% val_f1=0.9830 | test_acc=83.99% test_f1=0.7803
Epoch 018 | train_loss=0.0202 | val_acc=100.00% val_f1=1.0000 | test_acc=85.39% test_f1=0.8177
Epoch 019 | train_loss=0.0071 | val_acc=100.00% val_f1=1.0000 | test_acc=76.12% test_f1=0.6867
Epoch 020 | train_loss=0.0056 | val_acc=100.00% val_f1=1.0000 | test_acc=78.93% test_f1=0.7300
Epoch 021 | train_loss=0.0038 | val_acc=100.00% val_f1=1.0000 | test_acc=83.71% test_f1=0.7964
Epoch 022 | train_loss=0.0058 | val_acc=100.00% val_f1=1.0000 | test_acc=81.74% test_f1=0.7668
Epoch 023 | train_loss=0.0060 | val_acc=100.00% val_f1=1.0000 | test_acc=80.62% test_f1=0.7499
Epoch 024 | train_loss=0.0038 | val_acc=100.00% val_f1=1.0000 | test_acc=85.11% test_f1=0.8188
Epoch 025 | train_loss=0.0075 | val_acc=100.00% val_f1=1.0000 | test_acc=73.60% test_f1=0.6483
Epoch 026 | train_loss=0.0028 | val_acc=100.00% val_f1=1.0000 | test_acc=73.60% test_f1=0.6493
Epoch 027 | train_loss=0.0031 | val_acc=100.00% val_f1=1.0000 | test_acc=79.49% test_f1=0.7400
Epoch 028 | train_loss=0.0030 | val_acc=100.00% val_f1=1.0000 | test_acc=80.90% test_f1=0.7585
Epoch 029 | train_loss=0.0026 | val_acc=100.00% val_f1=1.0000 | test_acc=77.53% test_f1=0.7044
Early stopping at epoch 29 (best=13, score=1.000000)
================================================================================
Best epoch: 13
Best score (val_macro_f1): 1.000000
Final test accuracy: 80.06%
Saved to: ablation_experiments/h1/results/comparison_18d_baselines/transformer/transformer_weld_seam_windows_ws5_tf75_pg0_h1_dm96_nh4_l4_ff256_do0.2_ep80_lr0.0005_wd1e-05_bs128_seed42
/usr/local/lib/python3.10/dist-packages/torch/nn/modules/transformer.py:385: UserWarning: enable_nested_tensor is True, but self.use_nested_tensor is False because encoder_layer.norm_first was True
  warnings.warn(
================================================================================
Comparison baseline | model=transformer
================================================================================
Dataset: /home/huang_kai/wind_turbine_phm/PHOENIX-main/autoencoder_benchmark/Data/processed_data/weld_seam_windows_ws5_tf75_pg0_h1.npz
Device: cuda
Train/Val/Test: 990 / 175 / 356
Epoch 001 | train_loss=0.9730 | val_acc=69.71% val_f1=0.7117 | test_acc=80.90% test_f1=0.8190
Epoch 002 | train_loss=0.5795 | val_acc=94.86% val_f1=0.9431 | test_acc=89.89% test_f1=0.8673
Epoch 003 | train_loss=0.3524 | val_acc=95.43% val_f1=0.9515 | test_acc=89.04% test_f1=0.8587
Epoch 004 | train_loss=0.2191 | val_acc=97.14% val_f1=0.9721 | test_acc=87.92% test_f1=0.8424
Epoch 005 | train_loss=0.1416 | val_acc=97.71% val_f1=0.9749 | test_acc=87.08% test_f1=0.8343
Epoch 006 | train_loss=0.0941 | val_acc=97.14% val_f1=0.9721 | test_acc=80.06% test_f1=0.7044
Epoch 007 | train_loss=0.0839 | val_acc=98.86% val_f1=0.9861 | test_acc=85.39% test_f1=0.8131
Epoch 008 | train_loss=0.0485 | val_acc=99.43% val_f1=0.9943 | test_acc=84.55% test_f1=0.7933
Epoch 009 | train_loss=0.0333 | val_acc=100.00% val_f1=1.0000 | test_acc=82.58% test_f1=0.7727
Epoch 010 | train_loss=0.0316 | val_acc=100.00% val_f1=1.0000 | test_acc=81.74% test_f1=0.7623
Epoch 011 | train_loss=0.0231 | val_acc=100.00% val_f1=1.0000 | test_acc=80.62% test_f1=0.7461
Epoch 012 | train_loss=0.0199 | val_acc=100.00% val_f1=1.0000 | test_acc=82.87% test_f1=0.7770
Epoch 013 | train_loss=0.0150 | val_acc=100.00% val_f1=1.0000 | test_acc=78.65% test_f1=0.7170
Epoch 014 | train_loss=0.0150 | val_acc=100.00% val_f1=1.0000 | test_acc=82.58% test_f1=0.7735
Epoch 015 | train_loss=0.0099 | val_acc=100.00% val_f1=1.0000 | test_acc=76.69% test_f1=0.6844
Epoch 016 | train_loss=0.0081 | val_acc=100.00% val_f1=1.0000 | test_acc=80.06% test_f1=0.7437
Epoch 017 | train_loss=0.0086 | val_acc=100.00% val_f1=1.0000 | test_acc=79.78% test_f1=0.7338
Epoch 018 | train_loss=0.0083 | val_acc=100.00% val_f1=1.0000 | test_acc=80.06% test_f1=0.7437
Epoch 019 | train_loss=0.0081 | val_acc=100.00% val_f1=1.0000 | test_acc=80.06% test_f1=0.7379
Epoch 020 | train_loss=0.0038 | val_acc=100.00% val_f1=1.0000 | test_acc=81.18% test_f1=0.7544
Epoch 021 | train_loss=0.0031 | val_acc=100.00% val_f1=1.0000 | test_acc=80.90% test_f1=0.7503
Epoch 022 | train_loss=0.0026 | val_acc=100.00% val_f1=1.0000 | test_acc=80.34% test_f1=0.7422
Epoch 023 | train_loss=0.0027 | val_acc=100.00% val_f1=1.0000 | test_acc=80.90% test_f1=0.7523
Epoch 024 | train_loss=0.0021 | val_acc=100.00% val_f1=1.0000 | test_acc=79.49% test_f1=0.7355
Epoch 025 | train_loss=0.0024 | val_acc=100.00% val_f1=1.0000 | test_acc=78.37% test_f1=0.7149
Early stopping at epoch 25 (best=9, score=1.000000)
================================================================================
Best epoch: 9
Best score (val_macro_f1): 1.000000
Final test accuracy: 82.58%
Saved to: ablation_experiments/h1/results/comparison_18d_baselines/transformer/transformer_weld_seam_windows_ws5_tf75_pg0_h1_dm96_nh4_l3_ff256_do0.2_ep80_lr0.0003_wd0.0001_bs128_seed77
/usr/local/lib/python3.10/dist-packages/torch/nn/modules/transformer.py:385: UserWarning: enable_nested_tensor is True, but self.use_nested_tensor is False because encoder_layer.norm_first was True
  warnings.warn(
================================================================================
Comparison baseline | model=transformer
================================================================================
Dataset: /home/huang_kai/wind_turbine_phm/PHOENIX-main/autoencoder_benchmark/Data/processed_data/weld_seam_windows_ws5_tf75_pg0_h1.npz
Device: cuda
Train/Val/Test: 990 / 175 / 356
Epoch 001 | train_loss=1.0397 | val_acc=72.00% val_f1=0.7073 | test_acc=55.90% test_f1=0.6106
Epoch 002 | train_loss=0.8371 | val_acc=84.00% val_f1=0.8121 | test_acc=98.60% test_f1=0.9817
Epoch 003 | train_loss=0.6612 | val_acc=91.43% val_f1=0.9001 | test_acc=91.57% test_f1=0.8858
Epoch 004 | train_loss=0.5408 | val_acc=94.86% val_f1=0.9428 | test_acc=86.52% test_f1=0.8226
Epoch 005 | train_loss=0.4257 | val_acc=94.29% val_f1=0.9405 | test_acc=83.99% test_f1=0.7889
Epoch 006 | train_loss=0.3306 | val_acc=94.86% val_f1=0.9485 | test_acc=85.96% test_f1=0.8051
Epoch 007 | train_loss=0.2612 | val_acc=95.43% val_f1=0.9560 | test_acc=84.83% test_f1=0.7908
Epoch 008 | train_loss=0.2137 | val_acc=96.57% val_f1=0.9639 | test_acc=85.96% test_f1=0.8196
Epoch 009 | train_loss=0.1690 | val_acc=95.43% val_f1=0.9560 | test_acc=80.62% test_f1=0.7225
Epoch 010 | train_loss=0.1484 | val_acc=95.43% val_f1=0.9560 | test_acc=84.27% test_f1=0.7844
Epoch 011 | train_loss=0.1497 | val_acc=97.71% val_f1=0.9775 | test_acc=81.46% test_f1=0.7420
Epoch 012 | train_loss=0.1259 | val_acc=97.71% val_f1=0.9775 | test_acc=80.34% test_f1=0.7193
Epoch 013 | train_loss=0.0962 | val_acc=97.71% val_f1=0.9775 | test_acc=87.36% test_f1=0.8358
Epoch 014 | train_loss=0.0837 | val_acc=98.29% val_f1=0.9828 | test_acc=79.49% test_f1=0.7152
Epoch 015 | train_loss=0.0896 | val_acc=98.29% val_f1=0.9828 | test_acc=80.34% test_f1=0.7302
Epoch 016 | train_loss=0.0562 | val_acc=97.14% val_f1=0.9721 | test_acc=83.15% test_f1=0.7613
Epoch 017 | train_loss=0.0523 | val_acc=98.29% val_f1=0.9828 | test_acc=81.18% test_f1=0.7449
Epoch 018 | train_loss=0.0503 | val_acc=98.29% val_f1=0.9828 | test_acc=80.06% test_f1=0.7253
Epoch 019 | train_loss=0.0453 | val_acc=98.86% val_f1=0.9885 | test_acc=80.62% test_f1=0.7391
Epoch 020 | train_loss=0.0397 | val_acc=98.29% val_f1=0.9828 | test_acc=80.34% test_f1=0.7317
Epoch 021 | train_loss=0.0335 | val_acc=98.29% val_f1=0.9828 | test_acc=84.55% test_f1=0.7987
Epoch 022 | train_loss=0.0336 | val_acc=99.43% val_f1=0.9942 | test_acc=79.49% test_f1=0.7212
Epoch 023 | train_loss=0.0304 | val_acc=98.86% val_f1=0.9885 | test_acc=79.21% test_f1=0.7163
Epoch 024 | train_loss=0.0265 | val_acc=98.29% val_f1=0.9828 | test_acc=79.21% test_f1=0.7076
Epoch 025 | train_loss=0.0370 | val_acc=98.86% val_f1=0.9885 | test_acc=78.93% test_f1=0.7083
Epoch 026 | train_loss=0.0249 | val_acc=98.86% val_f1=0.9885 | test_acc=79.49% test_f1=0.7225
Epoch 027 | train_loss=0.0206 | val_acc=99.43% val_f1=0.9942 | test_acc=77.81% test_f1=0.6994
Epoch 028 | train_loss=0.0271 | val_acc=98.86% val_f1=0.9885 | test_acc=80.90% test_f1=0.7459
Epoch 029 | train_loss=0.0178 | val_acc=98.86% val_f1=0.9885 | test_acc=79.21% test_f1=0.7164
Epoch 030 | train_loss=0.0183 | val_acc=99.43% val_f1=0.9942 | test_acc=79.78% test_f1=0.7303
Epoch 031 | train_loss=0.0135 | val_acc=99.43% val_f1=0.9943 | test_acc=82.58% test_f1=0.7772
Epoch 032 | train_loss=0.0149 | val_acc=99.43% val_f1=0.9943 | test_acc=80.34% test_f1=0.7388
Epoch 033 | train_loss=0.0233 | val_acc=99.43% val_f1=0.9942 | test_acc=81.46% test_f1=0.7588
Epoch 034 | train_loss=0.0201 | val_acc=99.43% val_f1=0.9942 | test_acc=76.97% test_f1=0.6871
Epoch 035 | train_loss=0.0183 | val_acc=99.43% val_f1=0.9943 | test_acc=80.06% test_f1=0.7398
Epoch 036 | train_loss=0.0142 | val_acc=100.00% val_f1=1.0000 | test_acc=77.81% test_f1=0.6988
Epoch 037 | train_loss=0.0130 | val_acc=99.43% val_f1=0.9942 | test_acc=78.93% test_f1=0.7189
Epoch 038 | train_loss=0.0103 | val_acc=99.43% val_f1=0.9942 | test_acc=79.49% test_f1=0.7273
Epoch 039 | train_loss=0.0196 | val_acc=99.43% val_f1=0.9942 | test_acc=79.49% test_f1=0.7264
Epoch 040 | train_loss=0.0161 | val_acc=99.43% val_f1=0.9942 | test_acc=83.99% test_f1=0.7949
Epoch 041 | train_loss=0.0382 | val_acc=99.43% val_f1=0.9942 | test_acc=78.09% test_f1=0.7007
Epoch 042 | train_loss=0.0133 | val_acc=99.43% val_f1=0.9942 | test_acc=82.87% test_f1=0.7790
Epoch 043 | train_loss=0.0241 | val_acc=99.43% val_f1=0.9942 | test_acc=80.06% test_f1=0.7379
Epoch 044 | train_loss=0.0104 | val_acc=99.43% val_f1=0.9942 | test_acc=77.25% test_f1=0.6897
Epoch 045 | train_loss=0.0099 | val_acc=99.43% val_f1=0.9942 | test_acc=80.06% test_f1=0.7348
Epoch 046 | train_loss=0.0089 | val_acc=99.43% val_f1=0.9942 | test_acc=81.74% test_f1=0.7619
Epoch 047 | train_loss=0.0078 | val_acc=99.43% val_f1=0.9942 | test_acc=80.90% test_f1=0.7503
Epoch 048 | train_loss=0.0073 | val_acc=99.43% val_f1=0.9942 | test_acc=78.65% test_f1=0.7162
Epoch 049 | train_loss=0.0111 | val_acc=99.43% val_f1=0.9942 | test_acc=79.49% test_f1=0.7279
Epoch 050 | train_loss=0.0100 | val_acc=99.43% val_f1=0.9942 | test_acc=77.53% test_f1=0.6946
Epoch 051 | train_loss=0.0085 | val_acc=99.43% val_f1=0.9942 | test_acc=77.25% test_f1=0.6908
Epoch 052 | train_loss=0.0084 | val_acc=99.43% val_f1=0.9942 | test_acc=77.53% test_f1=0.6921
Early stopping at epoch 52 (best=36, score=1.000000)
================================================================================
Best epoch: 36
Best score (val_macro_f1): 1.000000
Final test accuracy: 77.81%
Saved to: ablation_experiments/h1/results/comparison_18d_baselines/transformer/transformer_weld_seam_windows_ws5_tf75_pg0_h1_dm64_nh4_l4_ff256_do0.3_ep80_lr0.0002_wd1e-05_bs128_seed42
/usr/local/lib/python3.10/dist-packages/torch/nn/modules/transformer.py:385: UserWarning: enable_nested_tensor is True, but self.use_nested_tensor is False because encoder_layer.norm_first was True
  warnings.warn(
================================================================================
Comparison baseline | model=transformer
================================================================================
Dataset: /home/huang_kai/wind_turbine_phm/PHOENIX-main/autoencoder_benchmark/Data/processed_data/weld_seam_windows_ws5_tf75_pg0_h1.npz
Device: cuda
Train/Val/Test: 990 / 175 / 356
Epoch 001 | train_loss=1.0972 | val_acc=42.29% val_f1=0.4416 | test_acc=61.24% test_f1=0.6528
Epoch 002 | train_loss=0.9371 | val_acc=51.43% val_f1=0.5510 | test_acc=70.79% test_f1=0.7180
Epoch 003 | train_loss=0.8071 | val_acc=73.71% val_f1=0.7575 | test_acc=90.73% test_f1=0.8803
Epoch 004 | train_loss=0.6618 | val_acc=86.29% val_f1=0.8616 | test_acc=94.94% test_f1=0.9254
Epoch 005 | train_loss=0.6032 | val_acc=89.71% val_f1=0.9006 | test_acc=93.26% test_f1=0.8990
Epoch 006 | train_loss=0.4686 | val_acc=90.86% val_f1=0.9106 | test_acc=95.51% test_f1=0.9341
Epoch 007 | train_loss=0.4086 | val_acc=92.00% val_f1=0.9207 | test_acc=94.94% test_f1=0.9254
Epoch 008 | train_loss=0.3602 | val_acc=93.14% val_f1=0.9340 | test_acc=93.26% test_f1=0.8990
Epoch 009 | train_loss=0.3203 | val_acc=94.29% val_f1=0.9444 | test_acc=95.51% test_f1=0.9355
Epoch 010 | train_loss=0.2566 | val_acc=94.86% val_f1=0.9497 | test_acc=90.45% test_f1=0.8681
Epoch 011 | train_loss=0.2324 | val_acc=95.43% val_f1=0.9550 | test_acc=91.29% test_f1=0.8814
Epoch 012 | train_loss=0.2066 | val_acc=95.43% val_f1=0.9550 | test_acc=89.33% test_f1=0.8515
Epoch 013 | train_loss=0.1796 | val_acc=95.43% val_f1=0.9550 | test_acc=89.33% test_f1=0.8530
Epoch 014 | train_loss=0.1488 | val_acc=95.43% val_f1=0.9550 | test_acc=87.36% test_f1=0.8284
Epoch 015 | train_loss=0.1324 | val_acc=96.00% val_f1=0.9604 | test_acc=82.30% test_f1=0.7498
Epoch 016 | train_loss=0.1223 | val_acc=97.14% val_f1=0.9686 | test_acc=86.80% test_f1=0.8300
Epoch 017 | train_loss=0.1066 | val_acc=96.00% val_f1=0.9604 | test_acc=86.24% test_f1=0.8143
Epoch 018 | train_loss=0.0870 | val_acc=96.00% val_f1=0.9604 | test_acc=87.08% test_f1=0.8292
Epoch 019 | train_loss=0.0809 | val_acc=97.71% val_f1=0.9770 | test_acc=84.27% test_f1=0.7923
Epoch 020 | train_loss=0.0831 | val_acc=97.71% val_f1=0.9770 | test_acc=84.55% test_f1=0.7968
Epoch 021 | train_loss=0.0730 | val_acc=97.71% val_f1=0.9772 | test_acc=84.83% test_f1=0.7979
Epoch 022 | train_loss=0.0617 | val_acc=97.71% val_f1=0.9775 | test_acc=87.36% test_f1=0.8336
Epoch 023 | train_loss=0.0523 | val_acc=99.43% val_f1=0.9943 | test_acc=85.11% test_f1=0.8066
Epoch 024 | train_loss=0.0510 | val_acc=100.00% val_f1=1.0000 | test_acc=80.62% test_f1=0.7413
Epoch 025 | train_loss=0.0504 | val_acc=98.86% val_f1=0.9886 | test_acc=85.67% test_f1=0.8103
Epoch 026 | train_loss=0.0474 | val_acc=98.86% val_f1=0.9886 | test_acc=85.11% test_f1=0.8036
Epoch 027 | train_loss=0.0471 | val_acc=99.43% val_f1=0.9943 | test_acc=82.02% test_f1=0.7551
Epoch 028 | train_loss=0.0421 | val_acc=98.86% val_f1=0.9886 | test_acc=85.96% test_f1=0.8136
Epoch 029 | train_loss=0.0322 | val_acc=98.86% val_f1=0.9886 | test_acc=83.15% test_f1=0.7699
Epoch 030 | train_loss=0.0317 | val_acc=100.00% val_f1=1.0000 | test_acc=82.58% test_f1=0.7672
Epoch 031 | train_loss=0.0311 | val_acc=100.00% val_f1=1.0000 | test_acc=83.71% test_f1=0.7863
Epoch 032 | train_loss=0.0303 | val_acc=100.00% val_f1=1.0000 | test_acc=85.39% test_f1=0.8110
Epoch 033 | train_loss=0.0323 | val_acc=99.43% val_f1=0.9943 | test_acc=85.96% test_f1=0.8136
Epoch 034 | train_loss=0.0308 | val_acc=100.00% val_f1=1.0000 | test_acc=85.39% test_f1=0.8137
Epoch 035 | train_loss=0.0387 | val_acc=100.00% val_f1=1.0000 | test_acc=86.52% test_f1=0.8294
Epoch 036 | train_loss=0.0214 | val_acc=100.00% val_f1=1.0000 | test_acc=83.71% test_f1=0.7820
Epoch 037 | train_loss=0.0248 | val_acc=100.00% val_f1=1.0000 | test_acc=84.27% test_f1=0.7979
Epoch 038 | train_loss=0.0275 | val_acc=100.00% val_f1=1.0000 | test_acc=87.36% test_f1=0.8386
Epoch 039 | train_loss=0.0190 | val_acc=100.00% val_f1=1.0000 | test_acc=86.24% test_f1=0.8203
Epoch 040 | train_loss=0.0200 | val_acc=100.00% val_f1=1.0000 | test_acc=83.43% test_f1=0.7836
Early stopping at epoch 40 (best=24, score=1.000000)
================================================================================
Best epoch: 24
Best score (val_macro_f1): 1.000000
Final test accuracy: 80.62%
Saved to: ablation_experiments/h1/results/comparison_18d_baselines/transformer/transformer_weld_seam_windows_ws5_tf75_pg0_h1_dm64_nh8_l3_ff128_do0.2_ep80_lr0.0002_wd1e-05_bs128_seed183
/usr/local/lib/python3.10/dist-packages/torch/nn/modules/transformer.py:385: UserWarning: enable_nested_tensor is True, but self.use_nested_tensor is False because encoder_layer.norm_first was True
  warnings.warn(
================================================================================
Comparison baseline | model=transformer
================================================================================
Dataset: /home/huang_kai/wind_turbine_phm/PHOENIX-main/autoencoder_benchmark/Data/processed_data/weld_seam_windows_ws5_tf75_pg0_h1.npz
Device: cuda
Train/Val/Test: 990 / 175 / 356
Epoch 001 | train_loss=0.9008 | val_acc=86.29% val_f1=0.8679 | test_acc=85.96% test_f1=0.7860
Epoch 002 | train_loss=0.4787 | val_acc=96.00% val_f1=0.9521 | test_acc=83.15% test_f1=0.7593
Epoch 003 | train_loss=0.2826 | val_acc=93.71% val_f1=0.9307 | test_acc=89.04% test_f1=0.8436
Epoch 004 | train_loss=0.1434 | val_acc=95.43% val_f1=0.9497 | test_acc=84.27% test_f1=0.7844
Epoch 005 | train_loss=0.1053 | val_acc=96.57% val_f1=0.9615 | test_acc=82.87% test_f1=0.7600
Epoch 006 | train_loss=0.0868 | val_acc=97.14% val_f1=0.9690 | test_acc=85.39% test_f1=0.8110
Epoch 007 | train_loss=0.0631 | val_acc=97.71% val_f1=0.9749 | test_acc=84.55% test_f1=0.7907
Epoch 008 | train_loss=0.0452 | val_acc=99.43% val_f1=0.9919 | test_acc=82.87% test_f1=0.7693
Epoch 009 | train_loss=0.0340 | val_acc=99.43% val_f1=0.9919 | test_acc=85.96% test_f1=0.8210
Epoch 010 | train_loss=0.0302 | val_acc=100.00% val_f1=1.0000 | test_acc=80.34% test_f1=0.7421
Epoch 011 | train_loss=0.0172 | val_acc=99.43% val_f1=0.9919 | test_acc=81.18% test_f1=0.7504
Epoch 012 | train_loss=0.0119 | val_acc=99.43% val_f1=0.9919 | test_acc=82.87% test_f1=0.7693
Epoch 013 | train_loss=0.0184 | val_acc=99.43% val_f1=0.9919 | test_acc=74.16% test_f1=0.6452
Epoch 014 | train_loss=0.0172 | val_acc=100.00% val_f1=1.0000 | test_acc=83.71% test_f1=0.7921
Epoch 015 | train_loss=0.0149 | val_acc=98.86% val_f1=0.9837 | test_acc=82.87% test_f1=0.7792
Epoch 016 | train_loss=0.0091 | val_acc=99.43% val_f1=0.9919 | test_acc=80.62% test_f1=0.7463
Epoch 017 | train_loss=0.0062 | val_acc=99.43% val_f1=0.9919 | test_acc=76.97% test_f1=0.6871
Epoch 018 | train_loss=0.0072 | val_acc=100.00% val_f1=1.0000 | test_acc=75.28% test_f1=0.6657
Epoch 019 | train_loss=0.0060 | val_acc=99.43% val_f1=0.9919 | test_acc=80.34% test_f1=0.7401
Epoch 020 | train_loss=0.0048 | val_acc=100.00% val_f1=1.0000 | test_acc=73.88% test_f1=0.6447
Epoch 021 | train_loss=0.0032 | val_acc=100.00% val_f1=1.0000 | test_acc=78.93% test_f1=0.7160
Epoch 022 | train_loss=0.0035 | val_acc=100.00% val_f1=1.0000 | test_acc=78.09% test_f1=0.7083
Epoch 023 | train_loss=0.0020 | val_acc=100.00% val_f1=1.0000 | test_acc=78.09% test_f1=0.7119
Epoch 024 | train_loss=0.0024 | val_acc=100.00% val_f1=1.0000 | test_acc=82.87% test_f1=0.7779
Epoch 025 | train_loss=0.0068 | val_acc=100.00% val_f1=1.0000 | test_acc=79.78% test_f1=0.7402
Epoch 026 | train_loss=0.0054 | val_acc=99.43% val_f1=0.9919 | test_acc=83.99% test_f1=0.7979
Early stopping at epoch 26 (best=10, score=1.000000)
================================================================================
Best epoch: 10
Best score (val_macro_f1): 1.000000
Final test accuracy: 80.34%
Saved to: ablation_experiments/h1/results/comparison_18d_baselines/transformer/transformer_weld_seam_windows_ws5_tf75_pg0_h1_dm128_nh8_l2_ff128_do0.2_ep80_lr0.0002_wd0.0005_bs64_seed122
/usr/local/lib/python3.10/dist-packages/torch/nn/modules/transformer.py:385: UserWarning: enable_nested_tensor is True, but self.use_nested_tensor is False because encoder_layer.norm_first was True
  warnings.warn(
================================================================================
Comparison baseline | model=transformer
================================================================================
Dataset: /home/huang_kai/wind_turbine_phm/PHOENIX-main/autoencoder_benchmark/Data/processed_data/weld_seam_windows_ws5_tf75_pg0_h1.npz
Device: cuda
Train/Val/Test: 990 / 175 / 356
Epoch 001 | train_loss=1.0374 | val_acc=32.00% val_f1=0.2951 | test_acc=32.02% test_f1=0.3271
Epoch 002 | train_loss=0.9494 | val_acc=46.86% val_f1=0.4917 | test_acc=42.98% test_f1=0.4623
Epoch 003 | train_loss=0.8524 | val_acc=65.14% val_f1=0.6551 | test_acc=66.85% test_f1=0.7066
Epoch 004 | train_loss=0.7795 | val_acc=80.57% val_f1=0.7912 | test_acc=85.11% test_f1=0.8501
Epoch 005 | train_loss=0.6863 | val_acc=86.86% val_f1=0.8498 | test_acc=91.29% test_f1=0.8964
Epoch 006 | train_loss=0.6177 | val_acc=90.86% val_f1=0.9002 | test_acc=88.20% test_f1=0.8474
Epoch 007 | train_loss=0.5470 | val_acc=92.00% val_f1=0.9163 | test_acc=86.24% test_f1=0.8196
Epoch 008 | train_loss=0.5152 | val_acc=93.14% val_f1=0.9295 | test_acc=86.52% test_f1=0.8181
Epoch 009 | train_loss=0.4370 | val_acc=93.14% val_f1=0.9266 | test_acc=87.64% test_f1=0.8387
Epoch 010 | train_loss=0.3969 | val_acc=94.29% val_f1=0.9427 | test_acc=87.08% test_f1=0.8276
Epoch 011 | train_loss=0.3483 | val_acc=94.29% val_f1=0.9456 | test_acc=85.39% test_f1=0.7973
Epoch 012 | train_loss=0.3119 | val_acc=93.71% val_f1=0.9405 | test_acc=87.36% test_f1=0.8255
Epoch 013 | train_loss=0.2612 | val_acc=94.86% val_f1=0.9508 | test_acc=87.36% test_f1=0.8333
Epoch 014 | train_loss=0.2300 | val_acc=94.86% val_f1=0.9508 | test_acc=83.71% test_f1=0.7742
Epoch 015 | train_loss=0.1910 | val_acc=94.86% val_f1=0.9508 | test_acc=86.24% test_f1=0.8138
Epoch 016 | train_loss=0.1729 | val_acc=94.86% val_f1=0.9508 | test_acc=86.52% test_f1=0.8194
Epoch 017 | train_loss=0.1613 | val_acc=96.00% val_f1=0.9613 | test_acc=83.99% test_f1=0.7791
Epoch 018 | train_loss=0.1434 | val_acc=97.71% val_f1=0.9775 | test_acc=82.02% test_f1=0.7515
Epoch 019 | train_loss=0.1448 | val_acc=97.71% val_f1=0.9775 | test_acc=84.83% test_f1=0.8014
Epoch 020 | train_loss=0.1290 | val_acc=97.71% val_f1=0.9775 | test_acc=81.74% test_f1=0.7488
Epoch 021 | train_loss=0.1129 | val_acc=97.71% val_f1=0.9775 | test_acc=82.30% test_f1=0.7588
Epoch 022 | train_loss=0.1022 | val_acc=97.71% val_f1=0.9775 | test_acc=82.58% test_f1=0.7630
Epoch 023 | train_loss=0.0926 | val_acc=97.71% val_f1=0.9775 | test_acc=82.02% test_f1=0.7560
Epoch 024 | train_loss=0.0837 | val_acc=98.29% val_f1=0.9830 | test_acc=82.30% test_f1=0.7610
Epoch 025 | train_loss=0.0901 | val_acc=98.29% val_f1=0.9830 | test_acc=81.46% test_f1=0.7515
Epoch 026 | train_loss=0.0777 | val_acc=99.43% val_f1=0.9943 | test_acc=79.78% test_f1=0.7306
Epoch 027 | train_loss=0.0712 | val_acc=100.00% val_f1=1.0000 | test_acc=79.21% test_f1=0.7252
Epoch 028 | train_loss=0.0610 | val_acc=98.29% val_f1=0.9830 | test_acc=81.18% test_f1=0.7529
Epoch 029 | train_loss=0.0602 | val_acc=98.29% val_f1=0.9830 | test_acc=80.62% test_f1=0.7434
Epoch 030 | train_loss=0.0522 | val_acc=99.43% val_f1=0.9943 | test_acc=78.93% test_f1=0.7188
Epoch 031 | train_loss=0.0635 | val_acc=100.00% val_f1=1.0000 | test_acc=78.37% test_f1=0.7185
Epoch 032 | train_loss=0.0609 | val_acc=100.00% val_f1=1.0000 | test_acc=79.21% test_f1=0.7291
Epoch 033 | train_loss=0.0495 | val_acc=98.29% val_f1=0.9830 | test_acc=79.21% test_f1=0.7218
Epoch 034 | train_loss=0.0491 | val_acc=98.29% val_f1=0.9830 | test_acc=80.34% test_f1=0.7415
Epoch 035 | train_loss=0.0524 | val_acc=98.86% val_f1=0.9886 | test_acc=80.90% test_f1=0.7533
Epoch 036 | train_loss=0.0446 | val_acc=100.00% val_f1=1.0000 | test_acc=78.65% test_f1=0.7197
Epoch 037 | train_loss=0.0386 | val_acc=100.00% val_f1=1.0000 | test_acc=76.69% test_f1=0.6947
Epoch 038 | train_loss=0.0365 | val_acc=100.00% val_f1=1.0000 | test_acc=78.09% test_f1=0.7139
Epoch 039 | train_loss=0.0369 | val_acc=100.00% val_f1=1.0000 | test_acc=78.09% test_f1=0.7127
Epoch 040 | train_loss=0.0364 | val_acc=100.00% val_f1=1.0000 | test_acc=77.25% test_f1=0.6969
Epoch 041 | train_loss=0.0427 | val_acc=100.00% val_f1=1.0000 | test_acc=78.09% test_f1=0.7127
Epoch 042 | train_loss=0.0335 | val_acc=100.00% val_f1=1.0000 | test_acc=78.09% test_f1=0.7127
Epoch 043 | train_loss=0.0311 | val_acc=100.00% val_f1=1.0000 | test_acc=78.37% test_f1=0.7185
Early stopping at epoch 43 (best=27, score=1.000000)
================================================================================
Best epoch: 27
Best score (val_macro_f1): 1.000000
Final test accuracy: 79.21%
Saved to: ablation_experiments/h1/results/comparison_18d_baselines/transformer/transformer_weld_seam_windows_ws5_tf75_pg0_h1_dm64_nh8_l3_ff128_do0.2_ep80_lr0.0001_wd0.0005_bs128_seed77
/usr/local/lib/python3.10/dist-packages/torch/nn/modules/transformer.py:385: UserWarning: enable_nested_tensor is True, but self.use_nested_tensor is False because encoder_layer.norm_first was True
  warnings.warn(
================================================================================
Comparison baseline | model=transformer
================================================================================
Dataset: /home/huang_kai/wind_turbine_phm/PHOENIX-main/autoencoder_benchmark/Data/processed_data/weld_seam_windows_ws5_tf75_pg0_h1.npz
Device: cuda
Train/Val/Test: 990 / 175 / 356
Epoch 001 | train_loss=0.7483 | val_acc=94.86% val_f1=0.9393 | test_acc=81.46% test_f1=0.7576
Epoch 002 | train_loss=0.3093 | val_acc=93.14% val_f1=0.9353 | test_acc=93.26% test_f1=0.9041
Epoch 003 | train_loss=0.1226 | val_acc=97.14% val_f1=0.9668 | test_acc=86.80% test_f1=0.8330
Epoch 004 | train_loss=0.0618 | val_acc=98.29% val_f1=0.9830 | test_acc=83.71% test_f1=0.7820
Epoch 005 | train_loss=0.0429 | val_acc=98.29% val_f1=0.9830 | test_acc=86.52% test_f1=0.8237
Epoch 006 | train_loss=0.0239 | val_acc=100.00% val_f1=1.0000 | test_acc=80.90% test_f1=0.7501
Epoch 007 | train_loss=0.0211 | val_acc=100.00% val_f1=1.0000 | test_acc=82.30% test_f1=0.7700
Epoch 008 | train_loss=0.0105 | val_acc=100.00% val_f1=1.0000 | test_acc=80.34% test_f1=0.7416
Epoch 009 | train_loss=0.0081 | val_acc=100.00% val_f1=1.0000 | test_acc=77.81% test_f1=0.7021
Epoch 010 | train_loss=0.0133 | val_acc=100.00% val_f1=1.0000 | test_acc=78.65% test_f1=0.7166
Epoch 011 | train_loss=0.0083 | val_acc=98.29% val_f1=0.9800 | test_acc=80.62% test_f1=0.7396
Epoch 012 | train_loss=0.0129 | val_acc=99.43% val_f1=0.9942 | test_acc=77.53% test_f1=0.6996
Epoch 013 | train_loss=0.0105 | val_acc=98.86% val_f1=0.9886 | test_acc=89.61% test_f1=0.8671
Epoch 014 | train_loss=0.0080 | val_acc=100.00% val_f1=1.0000 | test_acc=73.88% test_f1=0.6431
Epoch 015 | train_loss=0.0051 | val_acc=100.00% val_f1=1.0000 | test_acc=78.93% test_f1=0.7234
Epoch 016 | train_loss=0.0027 | val_acc=99.43% val_f1=0.9919 | test_acc=81.46% test_f1=0.7641
Epoch 017 | train_loss=0.0025 | val_acc=100.00% val_f1=1.0000 | test_acc=79.21% test_f1=0.7293
Epoch 018 | train_loss=0.0028 | val_acc=100.00% val_f1=1.0000 | test_acc=75.84% test_f1=0.6756
Epoch 019 | train_loss=0.0030 | val_acc=99.43% val_f1=0.9919 | test_acc=78.37% test_f1=0.7195
Epoch 020 | train_loss=0.0009 | val_acc=100.00% val_f1=1.0000 | test_acc=74.44% test_f1=0.6556
Epoch 021 | train_loss=0.0007 | val_acc=100.00% val_f1=1.0000 | test_acc=75.28% test_f1=0.6681
Epoch 022 | train_loss=0.0018 | val_acc=100.00% val_f1=1.0000 | test_acc=78.93% test_f1=0.7273
Early stopping at epoch 22 (best=6, score=1.000000)
================================================================================
Best epoch: 6
Best score (val_macro_f1): 1.000000
Final test accuracy: 80.90%
Saved to: ablation_experiments/h1/results/comparison_18d_baselines/transformer/transformer_weld_seam_windows_ws5_tf75_pg0_h1_dm96_nh4_l3_ff256_do0.2_ep80_lr0.0003_wd0.0001_bs64_seed77
/usr/local/lib/python3.10/dist-packages/torch/nn/modules/transformer.py:385: UserWarning: enable_nested_tensor is True, but self.use_nested_tensor is False because encoder_layer.norm_first was True
  warnings.warn(
================================================================================
Comparison baseline | model=transformer
================================================================================
Dataset: /home/huang_kai/wind_turbine_phm/PHOENIX-main/autoencoder_benchmark/Data/processed_data/weld_seam_windows_ws5_tf75_pg0_h1.npz
Device: cuda
Train/Val/Test: 990 / 175 / 356
Epoch 001 | train_loss=0.8456 | val_acc=82.86% val_f1=0.8275 | test_acc=87.92% test_f1=0.8524
Epoch 002 | train_loss=0.4284 | val_acc=94.29% val_f1=0.9405 | test_acc=85.96% test_f1=0.7979
Epoch 003 | train_loss=0.1878 | val_acc=96.00% val_f1=0.9613 | test_acc=85.39% test_f1=0.7899
Epoch 004 | train_loss=0.1295 | val_acc=97.14% val_f1=0.9721 | test_acc=81.46% test_f1=0.7223
Epoch 005 | train_loss=0.0673 | val_acc=96.00% val_f1=0.9613 | test_acc=84.55% test_f1=0.7733
Epoch 006 | train_loss=0.0505 | val_acc=97.71% val_f1=0.9772 | test_acc=81.18% test_f1=0.7166
Epoch 007 | train_loss=0.0352 | val_acc=97.71% val_f1=0.9772 | test_acc=83.43% test_f1=0.7624
Epoch 008 | train_loss=0.0281 | val_acc=99.43% val_f1=0.9942 | test_acc=78.37% test_f1=0.7029
Epoch 009 | train_loss=0.0223 | val_acc=99.43% val_f1=0.9942 | test_acc=79.49% test_f1=0.7115
Epoch 010 | train_loss=0.0234 | val_acc=99.43% val_f1=0.9943 | test_acc=79.49% test_f1=0.7078
Epoch 011 | train_loss=0.0554 | val_acc=99.43% val_f1=0.9942 | test_acc=76.12% test_f1=0.6681
Epoch 012 | train_loss=0.0270 | val_acc=99.43% val_f1=0.9942 | test_acc=80.62% test_f1=0.7360
Epoch 013 | train_loss=0.0123 | val_acc=98.86% val_f1=0.9886 | test_acc=82.02% test_f1=0.7414
Epoch 014 | train_loss=0.0098 | val_acc=100.00% val_f1=1.0000 | test_acc=82.87% test_f1=0.7632
Epoch 015 | train_loss=0.0082 | val_acc=99.43% val_f1=0.9942 | test_acc=80.34% test_f1=0.7344
Epoch 016 | train_loss=0.0071 | val_acc=99.43% val_f1=0.9943 | test_acc=85.39% test_f1=0.8000
Epoch 017 | train_loss=0.0042 | val_acc=100.00% val_f1=1.0000 | test_acc=81.74% test_f1=0.7584
Epoch 018 | train_loss=0.0053 | val_acc=100.00% val_f1=1.0000 | test_acc=83.43% test_f1=0.7713
Epoch 019 | train_loss=0.0040 | val_acc=100.00% val_f1=1.0000 | test_acc=80.06% test_f1=0.7340
Epoch 020 | train_loss=0.0029 | val_acc=100.00% val_f1=1.0000 | test_acc=82.58% test_f1=0.7619
Epoch 021 | train_loss=0.0020 | val_acc=100.00% val_f1=1.0000 | test_acc=83.71% test_f1=0.7744
Epoch 022 | train_loss=0.0025 | val_acc=100.00% val_f1=1.0000 | test_acc=80.90% test_f1=0.7505
Epoch 023 | train_loss=0.0064 | val_acc=100.00% val_f1=1.0000 | test_acc=81.46% test_f1=0.7376
Epoch 024 | train_loss=0.0045 | val_acc=100.00% val_f1=1.0000 | test_acc=84.55% test_f1=0.8034
Epoch 025 | train_loss=0.0036 | val_acc=100.00% val_f1=1.0000 | test_acc=80.34% test_f1=0.7134
Epoch 026 | train_loss=0.0035 | val_acc=100.00% val_f1=1.0000 | test_acc=80.06% test_f1=0.7310
Epoch 027 | train_loss=0.0014 | val_acc=100.00% val_f1=1.0000 | test_acc=81.46% test_f1=0.7550
Epoch 028 | train_loss=0.0018 | val_acc=100.00% val_f1=1.0000 | test_acc=78.37% test_f1=0.7124
Epoch 029 | train_loss=0.0013 | val_acc=100.00% val_f1=1.0000 | test_acc=78.93% test_f1=0.7189
Epoch 030 | train_loss=0.0011 | val_acc=100.00% val_f1=1.0000 | test_acc=76.69% test_f1=0.6785
Early stopping at epoch 30 (best=14, score=1.000000)
================================================================================
Best epoch: 14
Best score (val_macro_f1): 1.000000
Final test accuracy: 82.87%
Saved to: ablation_experiments/h1/results/comparison_18d_baselines/transformer/transformer_weld_seam_windows_ws5_tf75_pg0_h1_dm96_nh8_l2_ff128_do0.2_ep80_lr0.0003_wd1e-05_bs64_seed42
/usr/local/lib/python3.10/dist-packages/torch/nn/modules/transformer.py:385: UserWarning: enable_nested_tensor is True, but self.use_nested_tensor is False because encoder_layer.norm_first was True
  warnings.warn(
================================================================================
Comparison baseline | model=transformer
================================================================================
Dataset: /home/huang_kai/wind_turbine_phm/PHOENIX-main/autoencoder_benchmark/Data/processed_data/weld_seam_windows_ws5_tf75_pg0_h1.npz
Device: cuda
Train/Val/Test: 990 / 175 / 356
Epoch 001 | train_loss=0.8287 | val_acc=93.71% val_f1=0.9123 | test_acc=91.57% test_f1=0.8955
Epoch 002 | train_loss=0.4359 | val_acc=93.14% val_f1=0.9272 | test_acc=91.85% test_f1=0.8845
Epoch 003 | train_loss=0.2242 | val_acc=95.43% val_f1=0.9538 | test_acc=78.09% test_f1=0.6845
Epoch 004 | train_loss=0.1552 | val_acc=98.86% val_f1=0.9885 | test_acc=76.97% test_f1=0.6771
Epoch 005 | train_loss=0.0976 | val_acc=95.43% val_f1=0.9538 | test_acc=79.21% test_f1=0.6839
Epoch 006 | train_loss=0.0648 | val_acc=98.86% val_f1=0.9885 | test_acc=81.18% test_f1=0.7504
Epoch 007 | train_loss=0.0614 | val_acc=99.43% val_f1=0.9942 | test_acc=76.40% test_f1=0.6748
Epoch 008 | train_loss=0.0472 | val_acc=98.29% val_f1=0.9830 | test_acc=84.55% test_f1=0.7843
Epoch 009 | train_loss=0.0440 | val_acc=98.29% val_f1=0.9830 | test_acc=82.30% test_f1=0.7553
Epoch 010 | train_loss=0.0312 | val_acc=99.43% val_f1=0.9942 | test_acc=74.44% test_f1=0.6445
Epoch 011 | train_loss=0.0175 | val_acc=98.29% val_f1=0.9830 | test_acc=82.87% test_f1=0.7618
Epoch 012 | train_loss=0.0186 | val_acc=98.29% val_f1=0.9830 | test_acc=82.87% test_f1=0.7618
Epoch 013 | train_loss=0.0164 | val_acc=99.43% val_f1=0.9942 | test_acc=73.88% test_f1=0.6419
Epoch 014 | train_loss=0.0141 | val_acc=98.86% val_f1=0.9886 | test_acc=85.11% test_f1=0.8081
Epoch 015 | train_loss=0.0179 | val_acc=100.00% val_f1=1.0000 | test_acc=85.67% test_f1=0.8135
Epoch 016 | train_loss=0.0145 | val_acc=100.00% val_f1=1.0000 | test_acc=79.78% test_f1=0.7149
Epoch 017 | train_loss=0.0141 | val_acc=100.00% val_f1=1.0000 | test_acc=75.28% test_f1=0.6484
Epoch 018 | train_loss=0.0125 | val_acc=100.00% val_f1=1.0000 | test_acc=75.84% test_f1=0.6553
Epoch 019 | train_loss=0.0076 | val_acc=100.00% val_f1=1.0000 | test_acc=84.27% test_f1=0.7993
Epoch 020 | train_loss=0.0120 | val_acc=100.00% val_f1=1.0000 | test_acc=80.34% test_f1=0.7377
Epoch 021 | train_loss=0.0057 | val_acc=98.29% val_f1=0.9830 | test_acc=90.17% test_f1=0.8779
Epoch 022 | train_loss=0.0077 | val_acc=99.43% val_f1=0.9942 | test_acc=82.30% test_f1=0.7695
Epoch 023 | train_loss=0.0046 | val_acc=100.00% val_f1=1.0000 | test_acc=84.55% test_f1=0.8014
Epoch 024 | train_loss=0.0050 | val_acc=100.00% val_f1=1.0000 | test_acc=81.18% test_f1=0.7537
Epoch 025 | train_loss=0.0023 | val_acc=100.00% val_f1=1.0000 | test_acc=82.87% test_f1=0.7779
Epoch 026 | train_loss=0.0020 | val_acc=100.00% val_f1=1.0000 | test_acc=82.58% test_f1=0.7727
Epoch 027 | train_loss=0.0022 | val_acc=100.00% val_f1=1.0000 | test_acc=80.34% test_f1=0.7356
Epoch 028 | train_loss=0.0023 | val_acc=100.00% val_f1=1.0000 | test_acc=80.06% test_f1=0.7308
Epoch 029 | train_loss=0.0020 | val_acc=100.00% val_f1=1.0000 | test_acc=80.90% test_f1=0.7479
Epoch 030 | train_loss=0.0027 | val_acc=100.00% val_f1=1.0000 | test_acc=78.65% test_f1=0.7162
Epoch 031 | train_loss=0.0011 | val_acc=100.00% val_f1=1.0000 | test_acc=79.78% test_f1=0.7342
Early stopping at epoch 31 (best=15, score=1.000000)
================================================================================
Best epoch: 15
Best score (val_macro_f1): 1.000000
Final test accuracy: 85.67%
Saved to: ablation_experiments/h1/results/comparison_18d_baselines/transformer/transformer_weld_seam_windows_ws5_tf75_pg0_h1_dm64_nh8_l4_ff256_do0.3_ep80_lr0.0003_wd0.0005_bs64_seed42
[A] transformer_weld_seam_windows_ws5_tf75_pg0_h1_dm64_nh8_l4_ff128_do0.2_ep80_lr0.0003_wd1e-05_bs64_seed183 | status=success test_acc=84.83% f1=0.8058
[A] transformer_weld_seam_windows_ws5_tf75_pg0_h1_dm64_nh4_l4_ff256_do0.1_ep80_lr0.0001_wd1e-05_bs64_seed183 | status=success test_acc=84.83% f1=0.7979
[A] transformer_weld_seam_windows_ws5_tf75_pg0_h1_dm64_nh8_l2_ff128_do0.2_ep80_lr0.0002_wd0.0005_bs128_seed100 | status=success test_acc=86.52% f1=0.8247
[A] transformer_weld_seam_windows_ws5_tf75_pg0_h1_dm96_nh4_l4_ff128_do0.1_ep80_lr0.0005_wd0.0002_bs64_seed183 | status=success test_acc=85.11% f1=0.8165
[A] transformer_weld_seam_windows_ws5_tf75_pg0_h1_dm128_nh4_l2_ff256_do0.2_ep80_lr0.0005_wd0.0001_bs128_seed77 | status=success test_acc=83.71% f1=0.7764
[A] transformer_weld_seam_windows_ws5_tf75_pg0_h1_dm128_nh8_l2_ff256_do0.1_ep80_lr0.0003_wd1e-05_bs64_seed183 | status=success test_acc=82.87% f1=0.7756
[A] transformer_weld_seam_windows_ws5_tf75_pg0_h1_dm128_nh4_l2_ff256_do0.1_ep80_lr0.0003_wd0.0001_bs128_seed183 | status=success test_acc=80.06% f1=0.7379
[A] transformer_weld_seam_windows_ws5_tf75_pg0_h1_dm96_nh4_l4_ff128_do0.1_ep80_lr0.0001_wd1e-05_bs64_seed14 | status=success test_acc=83.71% f1=0.7964
[A] transformer_weld_seam_windows_ws5_tf75_pg0_h1_dm128_nh4_l4_ff256_do0.1_ep80_lr0.0005_wd0.0005_bs128_seed42 | status=success test_acc=78.65% f1=0.7254
[A] transformer_weld_seam_windows_ws5_tf75_pg0_h1_dm128_nh8_l4_ff256_do0.3_ep80_lr0.0003_wd0.0002_bs64_seed100 | status=success test_acc=85.39% f1=0.8058
[A] transformer_weld_seam_windows_ws5_tf75_pg0_h1_dm128_nh8_l4_ff256_do0.2_ep80_lr0.0002_wd1e-05_bs64_seed183 | status=success test_acc=80.90% f1=0.7483
[A] transformer_weld_seam_windows_ws5_tf75_pg0_h1_dm96_nh4_l2_ff128_do0.2_ep80_lr0.0002_wd0.0001_bs64_seed183 | status=success test_acc=84.83% f1=0.8099
[A] transformer_weld_seam_windows_ws5_tf75_pg0_h1_dm128_nh8_l2_ff128_do0.1_ep80_lr0.0003_wd0.0001_bs128_seed77 | status=success test_acc=79.49% f1=0.7358
[A] transformer_weld_seam_windows_ws5_tf75_pg0_h1_dm128_nh4_l3_ff128_do0.1_ep80_lr0.0002_wd0.0001_bs128_seed183 | status=success test_acc=78.93% f1=0.7212
[A] transformer_weld_seam_windows_ws5_tf75_pg0_h1_dm96_nh8_l3_ff256_do0.2_ep80_lr0.0002_wd0.0001_bs128_seed14 | status=success test_acc=79.21% f1=0.7142
[A] transformer_weld_seam_windows_ws5_tf75_pg0_h1_dm96_nh8_l3_ff128_do0.1_ep80_lr0.0003_wd1e-05_bs64_seed42 | status=success test_acc=82.87% f1=0.7696
[A] transformer_weld_seam_windows_ws5_tf75_pg0_h1_dm128_nh8_l2_ff128_do0.1_ep80_lr0.0001_wd0.0001_bs128_seed122 | status=success test_acc=83.15% f1=0.7856
[A] transformer_weld_seam_windows_ws5_tf75_pg0_h1_dm64_nh4_l2_ff256_do0.1_ep80_lr0.0001_wd1e-05_bs128_seed77 | status=success test_acc=85.11% f1=0.8111
[A] transformer_weld_seam_windows_ws5_tf75_pg0_h1_dm96_nh4_l4_ff256_do0.2_ep80_lr0.0002_wd0.0002_bs128_seed42 | status=success test_acc=79.21% f1=0.7294
[A] transformer_weld_seam_windows_ws5_tf75_pg0_h1_dm64_nh8_l3_ff256_do0.3_ep80_lr0.0003_wd0.0002_bs64_seed122 | status=success test_acc=85.67% f1=0.8219
[A] transformer_weld_seam_windows_ws5_tf75_pg0_h1_dm64_nh8_l4_ff128_do0.2_ep80_lr0.0002_wd0.0002_bs128_seed77 | status=success test_acc=80.34% f1=0.7453
[A] transformer_weld_seam_windows_ws5_tf75_pg0_h1_dm96_nh4_l3_ff128_do0.1_ep80_lr0.0003_wd0.0002_bs128_seed14 | status=success test_acc=86.52% f1=0.8335
[A] transformer_weld_seam_windows_ws5_tf75_pg0_h1_dm64_nh8_l3_ff128_do0.1_ep80_lr0.0002_wd0.0001_bs64_seed100 | status=success test_acc=85.67% f1=0.8135
[A] transformer_weld_seam_windows_ws5_tf75_pg0_h1_dm64_nh8_l2_ff128_do0.3_ep80_lr0.0005_wd0.0005_bs64_seed14 | status=success test_acc=83.71% f1=0.7892
[A] transformer_weld_seam_windows_ws5_tf75_pg0_h1_dm128_nh8_l3_ff128_do0.1_ep80_lr0.0003_wd1e-05_bs128_seed122 | status=success test_acc=76.12% f1=0.6784
[A] transformer_weld_seam_windows_ws5_tf75_pg0_h1_dm128_nh8_l4_ff256_do0.1_ep80_lr0.0005_wd0.0002_bs64_seed183 | status=success test_acc=78.93% f1=0.7189
[A] transformer_weld_seam_windows_ws5_tf75_pg0_h1_dm128_nh8_l2_ff256_do0.3_ep80_lr0.0003_wd1e-05_bs64_seed42 | status=success test_acc=84.27% f1=0.7968
[A] transformer_weld_seam_windows_ws5_tf75_pg0_h1_dm64_nh4_l4_ff256_do0.2_ep80_lr0.0005_wd1e-05_bs64_seed42 | status=success test_acc=80.62% f1=0.7459
[A] transformer_weld_seam_windows_ws5_tf75_pg0_h1_dm64_nh8_l2_ff256_do0.1_ep80_lr0.0002_wd0.0001_bs64_seed42 | status=success test_acc=82.87% f1=0.7785
[A] transformer_weld_seam_windows_ws5_tf75_pg0_h1_dm64_nh4_l2_ff256_do0.3_ep80_lr0.0001_wd0.0001_bs64_seed77 | status=success test_acc=83.71% f1=0.7877
[A] transformer_weld_seam_windows_ws5_tf75_pg0_h1_dm64_nh4_l4_ff128_do0.1_ep80_lr0.0003_wd0.0002_bs64_seed14 | status=success test_acc=79.78% f1=0.7319
[A] transformer_weld_seam_windows_ws5_tf75_pg0_h1_dm128_nh4_l3_ff128_do0.1_ep80_lr0.0002_wd1e-05_bs128_seed77 | status=success test_acc=82.02% f1=0.7643
[A] transformer_weld_seam_windows_ws5_tf75_pg0_h1_dm64_nh8_l3_ff256_do0.1_ep80_lr0.0001_wd0.0005_bs64_seed14 | status=success test_acc=83.99% f1=0.7916
[A] transformer_weld_seam_windows_ws5_tf75_pg0_h1_dm64_nh4_l3_ff256_do0.1_ep80_lr0.0003_wd0.0001_bs64_seed100 | status=success test_acc=83.71% f1=0.7913
[A] transformer_weld_seam_windows_ws5_tf75_pg0_h1_dm64_nh8_l4_ff256_do0.3_ep80_lr0.0003_wd0.0005_bs64_seed14 | status=success test_acc=88.76% f1=0.8620
[A] transformer_weld_seam_windows_ws5_tf75_pg0_h1_dm96_nh8_l4_ff128_do0.2_ep80_lr0.0005_wd0.0005_bs64_seed77 | status=success test_acc=78.37% f1=0.6998
[A] transformer_weld_seam_windows_ws5_tf75_pg0_h1_dm96_nh4_l3_ff128_do0.3_ep80_lr0.0002_wd0.0001_bs64_seed122 | status=success test_acc=80.62% f1=0.7459
[A] transformer_weld_seam_windows_ws5_tf75_pg0_h1_dm96_nh4_l3_ff256_do0.2_ep80_lr0.0002_wd0.0005_bs128_seed100 | status=success test_acc=85.96% f1=0.8067
[A] transformer_weld_seam_windows_ws5_tf75_pg0_h1_dm128_nh4_l4_ff128_do0.1_ep80_lr0.0002_wd0.0002_bs64_seed14 | status=success test_acc=80.34% f1=0.7518
[A] transformer_weld_seam_windows_ws5_tf75_pg0_h1_dm64_nh8_l3_ff128_do0.1_ep80_lr0.0003_wd0.0001_bs128_seed122 | status=success test_acc=85.67% f1=0.7967
[B] transformer_weld_seam_windows_ws5_tf75_pg0_h1_dm64_nh8_l2_ff256_do0.3_ep80_lr0.0005_wd0.0005_bs64_seed14 | status=success test_acc=86.52% f1=0.8266
[B] transformer_weld_seam_windows_ws5_tf75_pg0_h1_dm64_nh8_l4_ff128_do0.3_ep80_lr0.0003_wd1e-05_bs64_seed183 | status=success test_acc=80.34% f1=0.7367
[B] transformer_weld_seam_windows_ws5_tf75_pg0_h1_dm96_nh4_l3_ff256_do0.2_ep80_lr0.0001_wd0.0005_bs128_seed183 | status=success test_acc=83.71% f1=0.7854
[B] transformer_weld_seam_windows_ws5_tf75_pg0_h1_dm96_nh4_l3_ff256_do0.2_ep80_lr0.0001_wd1e-05_bs128_seed100 | status=success test_acc=85.67% f1=0.8078
[B] transformer_weld_seam_windows_ws5_tf75_pg0_h1_dm96_nh4_l4_ff256_do0.2_ep80_lr0.0005_wd1e-05_bs128_seed42 | status=success test_acc=80.06% f1=0.7320
[B] transformer_weld_seam_windows_ws5_tf75_pg0_h1_dm96_nh4_l3_ff256_do0.2_ep80_lr0.0003_wd0.0001_bs128_seed77 | status=success test_acc=82.58% f1=0.7727
[B] transformer_weld_seam_windows_ws5_tf75_pg0_h1_dm64_nh4_l4_ff256_do0.3_ep80_lr0.0002_wd1e-05_bs128_seed42 | status=success test_acc=77.81% f1=0.6988
[B] transformer_weld_seam_windows_ws5_tf75_pg0_h1_dm64_nh8_l3_ff128_do0.2_ep80_lr0.0002_wd1e-05_bs128_seed183 | status=success test_acc=80.62% f1=0.7413
[B] transformer_weld_seam_windows_ws5_tf75_pg0_h1_dm128_nh8_l2_ff128_do0.2_ep80_lr0.0002_wd0.0005_bs64_seed122 | status=success test_acc=80.34% f1=0.7421
[B] transformer_weld_seam_windows_ws5_tf75_pg0_h1_dm64_nh8_l3_ff128_do0.2_ep80_lr0.0001_wd0.0005_bs128_seed77 | status=success test_acc=79.21% f1=0.7252
[B] transformer_weld_seam_windows_ws5_tf75_pg0_h1_dm96_nh4_l3_ff256_do0.2_ep80_lr0.0003_wd0.0001_bs64_seed77 | status=success test_acc=80.90% f1=0.7501
[B] transformer_weld_seam_windows_ws5_tf75_pg0_h1_dm96_nh8_l2_ff128_do0.2_ep80_lr0.0003_wd1e-05_bs64_seed42 | status=success test_acc=82.87% f1=0.7632
[seed_eval] transformer_weld_seam_windows_ws5_tf75_pg0_h1_dm64_nh8_l4_ff256_do0.3_ep80_lr0.0003_wd0.0005_bs64_seed14 | status=skipped_existing test_acc=88.76% f1=0.8620
/usr/local/lib/python3.10/dist-packages/torch/nn/modules/transformer.py:385: UserWarning: enable_nested_tensor is True, but self.use_nested_tensor is False because encoder_layer.norm_first was True
  warnings.warn(
================================================================================
Comparison baseline | model=transformer
================================================================================
Dataset: /home/huang_kai/wind_turbine_phm/PHOENIX-main/autoencoder_benchmark/Data/processed_data/weld_seam_windows_ws5_tf75_pg0_h1.npz
Device: cuda
Train/Val/Test: 990 / 175 / 356
Epoch 001 | train_loss=0.8267 | val_acc=85.71% val_f1=0.8573 | test_acc=79.49% test_f1=0.7732
Epoch 002 | train_loss=0.4509 | val_acc=92.57% val_f1=0.9273 | test_acc=89.04% test_f1=0.8558
Epoch 003 | train_loss=0.2321 | val_acc=98.86% val_f1=0.9886 | test_acc=88.20% test_f1=0.8477
Epoch 004 | train_loss=0.1390 | val_acc=95.43% val_f1=0.9560 | test_acc=91.01% test_f1=0.8836
Epoch 005 | train_loss=0.0976 | val_acc=97.71% val_f1=0.9724 | test_acc=87.64% test_f1=0.8465
Epoch 006 | train_loss=0.1131 | val_acc=100.00% val_f1=1.0000 | test_acc=84.83% test_f1=0.8085
Epoch 007 | train_loss=0.0485 | val_acc=100.00% val_f1=1.0000 | test_acc=78.93% test_f1=0.7174
Epoch 008 | train_loss=0.0423 | val_acc=98.29% val_f1=0.9830 | test_acc=79.21% test_f1=0.7205
Epoch 009 | train_loss=0.0495 | val_acc=97.71% val_f1=0.9772 | test_acc=80.90% test_f1=0.7479
Epoch 010 | train_loss=0.0438 | val_acc=98.86% val_f1=0.9837 | test_acc=81.74% test_f1=0.7716
Epoch 011 | train_loss=0.0338 | val_acc=99.43% val_f1=0.9943 | test_acc=81.74% test_f1=0.7722
Epoch 012 | train_loss=0.0263 | val_acc=99.43% val_f1=0.9942 | test_acc=72.75% test_f1=0.6344
Epoch 013 | train_loss=0.0197 | val_acc=100.00% val_f1=1.0000 | test_acc=80.90% test_f1=0.7585
Epoch 014 | train_loss=0.0078 | val_acc=100.00% val_f1=1.0000 | test_acc=80.90% test_f1=0.7578
Epoch 015 | train_loss=0.0109 | val_acc=100.00% val_f1=1.0000 | test_acc=81.46% test_f1=0.7664
Epoch 016 | train_loss=0.0079 | val_acc=100.00% val_f1=1.0000 | test_acc=79.21% test_f1=0.7335
Epoch 017 | train_loss=0.0045 | val_acc=100.00% val_f1=1.0000 | test_acc=78.65% test_f1=0.7250
Epoch 018 | train_loss=0.0054 | val_acc=100.00% val_f1=1.0000 | test_acc=77.25% test_f1=0.7051
Epoch 019 | train_loss=0.0158 | val_acc=99.43% val_f1=0.9942 | test_acc=78.93% test_f1=0.7321
Epoch 020 | train_loss=0.0113 | val_acc=100.00% val_f1=1.0000 | test_acc=82.58% test_f1=0.7842
Epoch 021 | train_loss=0.0092 | val_acc=100.00% val_f1=1.0000 | test_acc=77.53% test_f1=0.7109
Epoch 022 | train_loss=0.0063 | val_acc=100.00% val_f1=1.0000 | test_acc=84.55% test_f1=0.8083
Early stopping at epoch 22 (best=6, score=1.000000)
================================================================================
Best epoch: 6
Best score (val_macro_f1): 1.000000
Final test accuracy: 84.83%
Saved to: ablation_experiments/h1/results/comparison_18d_baselines/transformer/transformer_weld_seam_windows_ws5_tf75_pg0_h1_dm64_nh8_l4_ff256_do0.3_ep80_lr0.0003_wd0.0005_bs64_seed77
/usr/local/lib/python3.10/dist-packages/torch/nn/modules/transformer.py:385: UserWarning: enable_nested_tensor is True, but self.use_nested_tensor is False because encoder_layer.norm_first was True
  warnings.warn(
================================================================================
Comparison baseline | model=transformer
================================================================================
Dataset: /home/huang_kai/wind_turbine_phm/PHOENIX-main/autoencoder_benchmark/Data/processed_data/weld_seam_windows_ws5_tf75_pg0_h1.npz
Device: cuda
Train/Val/Test: 990 / 175 / 356
Epoch 001 | train_loss=0.8008 | val_acc=97.14% val_f1=0.9615 | test_acc=91.85% test_f1=0.8888
Epoch 002 | train_loss=0.4155 | val_acc=95.43% val_f1=0.9483 | test_acc=92.42% test_f1=0.8903
Epoch 003 | train_loss=0.2240 | val_acc=97.14% val_f1=0.9646 | test_acc=88.48% test_f1=0.8521
Epoch 004 | train_loss=0.1192 | val_acc=96.57% val_f1=0.9619 | test_acc=85.39% test_f1=0.8032
Epoch 005 | train_loss=0.0813 | val_acc=98.86% val_f1=0.9861 | test_acc=88.20% test_f1=0.8520
Epoch 006 | train_loss=0.0705 | val_acc=100.00% val_f1=1.0000 | test_acc=78.93% test_f1=0.7212
Epoch 007 | train_loss=0.0500 | val_acc=100.00% val_f1=1.0000 | test_acc=83.43% test_f1=0.7894
Epoch 008 | train_loss=0.0285 | val_acc=100.00% val_f1=1.0000 | test_acc=85.96% test_f1=0.8226
Epoch 009 | train_loss=0.0273 | val_acc=99.43% val_f1=0.9919 | test_acc=77.25% test_f1=0.6789
Epoch 010 | train_loss=0.0240 | val_acc=99.43% val_f1=0.9919 | test_acc=87.36% test_f1=0.8382
Epoch 011 | train_loss=0.0293 | val_acc=100.00% val_f1=1.0000 | test_acc=87.92% test_f1=0.8493
Epoch 012 | train_loss=0.0361 | val_acc=98.29% val_f1=0.9830 | test_acc=91.01% test_f1=0.8785
Epoch 013 | train_loss=0.0231 | val_acc=99.43% val_f1=0.9942 | test_acc=81.46% test_f1=0.7634
Epoch 014 | train_loss=0.0127 | val_acc=98.86% val_f1=0.9861 | test_acc=75.28% test_f1=0.6666
Epoch 015 | train_loss=0.0089 | val_acc=99.43% val_f1=0.9942 | test_acc=80.34% test_f1=0.7477
Epoch 016 | train_loss=0.0116 | val_acc=100.00% val_f1=1.0000 | test_acc=82.58% test_f1=0.7722
Epoch 017 | train_loss=0.0071 | val_acc=100.00% val_f1=1.0000 | test_acc=84.27% test_f1=0.8036
Epoch 018 | train_loss=0.0423 | val_acc=100.00% val_f1=1.0000 | test_acc=82.87% test_f1=0.7869
Epoch 019 | train_loss=0.0457 | val_acc=98.29% val_f1=0.9755 | test_acc=72.75% test_f1=0.6271
Epoch 020 | train_loss=0.0404 | val_acc=98.86% val_f1=0.9837 | test_acc=78.65% test_f1=0.7184
Epoch 021 | train_loss=0.0175 | val_acc=100.00% val_f1=1.0000 | test_acc=83.43% test_f1=0.7933
Epoch 022 | train_loss=0.0078 | val_acc=100.00% val_f1=1.0000 | test_acc=80.90% test_f1=0.7590
Early stopping at epoch 22 (best=6, score=1.000000)
================================================================================
Best epoch: 6
Best score (val_macro_f1): 1.000000
Final test accuracy: 78.93%
Saved to: ablation_experiments/h1/results/comparison_18d_baselines/transformer/transformer_weld_seam_windows_ws5_tf75_pg0_h1_dm64_nh8_l4_ff256_do0.3_ep80_lr0.0003_wd0.0005_bs64_seed100
/usr/local/lib/python3.10/dist-packages/torch/nn/modules/transformer.py:385: UserWarning: enable_nested_tensor is True, but self.use_nested_tensor is False because encoder_layer.norm_first was True
  warnings.warn(
================================================================================
Comparison baseline | model=transformer
================================================================================
Dataset: /home/huang_kai/wind_turbine_phm/PHOENIX-main/autoencoder_benchmark/Data/processed_data/weld_seam_windows_ws5_tf75_pg0_h1.npz
Device: cuda
Train/Val/Test: 990 / 175 / 356
Epoch 001 | train_loss=0.8872 | val_acc=93.71% val_f1=0.9219 | test_acc=82.02% test_f1=0.7667
Epoch 002 | train_loss=0.4971 | val_acc=96.00% val_f1=0.9533 | test_acc=82.87% test_f1=0.7693
Epoch 003 | train_loss=0.2483 | val_acc=96.57% val_f1=0.9610 | test_acc=82.30% test_f1=0.7676
Epoch 004 | train_loss=0.1316 | val_acc=98.86% val_f1=0.9861 | test_acc=85.39% test_f1=0.8125
Epoch 005 | train_loss=0.0924 | val_acc=98.29% val_f1=0.9756 | test_acc=85.96% test_f1=0.8216
Epoch 006 | train_loss=0.0605 | val_acc=99.43% val_f1=0.9919 | test_acc=85.39% test_f1=0.8063
Epoch 007 | train_loss=0.0414 | val_acc=99.43% val_f1=0.9919 | test_acc=77.81% test_f1=0.7047
Epoch 008 | train_loss=0.0335 | val_acc=99.43% val_f1=0.9919 | test_acc=88.20% test_f1=0.8438
Epoch 009 | train_loss=0.0168 | val_acc=99.43% val_f1=0.9919 | test_acc=84.55% test_f1=0.7933
Epoch 010 | train_loss=0.0283 | val_acc=99.43% val_f1=0.9919 | test_acc=80.06% test_f1=0.7415
Epoch 011 | train_loss=0.0443 | val_acc=99.43% val_f1=0.9919 | test_acc=82.30% test_f1=0.7521
Epoch 012 | train_loss=0.0172 | val_acc=100.00% val_f1=1.0000 | test_acc=76.97% test_f1=0.6964
Epoch 013 | train_loss=0.0174 | val_acc=100.00% val_f1=1.0000 | test_acc=89.61% test_f1=0.8652
Epoch 014 | train_loss=0.0193 | val_acc=99.43% val_f1=0.9919 | test_acc=68.82% test_f1=0.5656
Epoch 015 | train_loss=0.0099 | val_acc=100.00% val_f1=1.0000 | test_acc=86.24% test_f1=0.8245
Epoch 016 | train_loss=0.0124 | val_acc=99.43% val_f1=0.9919 | test_acc=72.75% test_f1=0.6352
Epoch 017 | train_loss=0.0138 | val_acc=99.43% val_f1=0.9919 | test_acc=87.36% test_f1=0.8407
Epoch 018 | train_loss=0.0133 | val_acc=98.86% val_f1=0.9837 | test_acc=87.64% test_f1=0.8511
Epoch 019 | train_loss=0.0107 | val_acc=99.43% val_f1=0.9943 | test_acc=82.02% test_f1=0.7600
Epoch 020 | train_loss=0.0041 | val_acc=99.43% val_f1=0.9919 | test_acc=76.12% test_f1=0.6810
Epoch 021 | train_loss=0.0061 | val_acc=100.00% val_f1=1.0000 | test_acc=80.06% test_f1=0.7381
Epoch 022 | train_loss=0.0154 | val_acc=100.00% val_f1=1.0000 | test_acc=81.18% test_f1=0.7595
Epoch 023 | train_loss=0.0094 | val_acc=98.86% val_f1=0.9837 | test_acc=67.98% test_f1=0.5574
Epoch 024 | train_loss=0.0257 | val_acc=99.43% val_f1=0.9919 | test_acc=77.25% test_f1=0.6792
Epoch 025 | train_loss=0.0269 | val_acc=99.43% val_f1=0.9919 | test_acc=82.30% test_f1=0.7784
Epoch 026 | train_loss=0.0207 | val_acc=99.43% val_f1=0.9919 | test_acc=79.78% test_f1=0.7422
Epoch 027 | train_loss=0.0178 | val_acc=99.43% val_f1=0.9919 | test_acc=76.69% test_f1=0.6908
Epoch 028 | train_loss=0.0042 | val_acc=99.43% val_f1=0.9919 | test_acc=79.78% test_f1=0.7270
Early stopping at epoch 28 (best=12, score=1.000000)
================================================================================
Best epoch: 12
Best score (val_macro_f1): 1.000000
Final test accuracy: 76.97%
Saved to: ablation_experiments/h1/results/comparison_18d_baselines/transformer/transformer_weld_seam_windows_ws5_tf75_pg0_h1_dm64_nh8_l4_ff256_do0.3_ep80_lr0.0003_wd0.0005_bs64_seed122
/usr/local/lib/python3.10/dist-packages/torch/nn/modules/transformer.py:385: UserWarning: enable_nested_tensor is True, but self.use_nested_tensor is False because encoder_layer.norm_first was True
  warnings.warn(
================================================================================
Comparison baseline | model=transformer
================================================================================
Dataset: /home/huang_kai/wind_turbine_phm/PHOENIX-main/autoencoder_benchmark/Data/processed_data/weld_seam_windows_ws5_tf75_pg0_h1.npz
Device: cuda
Train/Val/Test: 990 / 175 / 356
Epoch 001 | train_loss=0.9176 | val_acc=90.86% val_f1=0.9117 | test_acc=86.52% test_f1=0.8218
Epoch 002 | train_loss=0.5278 | val_acc=96.57% val_f1=0.9635 | test_acc=82.02% test_f1=0.7520
Epoch 003 | train_loss=0.2837 | val_acc=97.71% val_f1=0.9770 | test_acc=86.52% test_f1=0.8274
Epoch 004 | train_loss=0.1810 | val_acc=96.57% val_f1=0.9663 | test_acc=84.83% test_f1=0.7908
Epoch 005 | train_loss=0.0909 | val_acc=98.86% val_f1=0.9886 | test_acc=79.78% test_f1=0.7168
Epoch 006 | train_loss=0.0652 | val_acc=99.43% val_f1=0.9943 | test_acc=82.58% test_f1=0.7683
Epoch 007 | train_loss=0.0449 | val_acc=99.43% val_f1=0.9919 | test_acc=85.11% test_f1=0.8089
Epoch 008 | train_loss=0.0302 | val_acc=98.86% val_f1=0.9886 | test_acc=82.58% test_f1=0.7637
Epoch 009 | train_loss=0.0216 | val_acc=100.00% val_f1=1.0000 | test_acc=81.74% test_f1=0.7568
Epoch 010 | train_loss=0.0250 | val_acc=99.43% val_f1=0.9919 | test_acc=82.30% test_f1=0.7744
Epoch 011 | train_loss=0.0212 | val_acc=100.00% val_f1=1.0000 | test_acc=80.62% test_f1=0.7449
Epoch 012 | train_loss=0.0458 | val_acc=99.43% val_f1=0.9919 | test_acc=88.76% test_f1=0.8667
Epoch 013 | train_loss=0.0111 | val_acc=100.00% val_f1=1.0000 | test_acc=77.25% test_f1=0.6867
Epoch 014 | train_loss=0.0250 | val_acc=100.00% val_f1=1.0000 | test_acc=83.15% test_f1=0.7837
Epoch 015 | train_loss=0.0246 | val_acc=99.43% val_f1=0.9919 | test_acc=91.57% test_f1=0.9012
Epoch 016 | train_loss=0.0224 | val_acc=100.00% val_f1=1.0000 | test_acc=74.72% test_f1=0.6630
Epoch 017 | train_loss=0.0052 | val_acc=99.43% val_f1=0.9919 | test_acc=81.74% test_f1=0.7649
Epoch 018 | train_loss=0.0196 | val_acc=100.00% val_f1=1.0000 | test_acc=73.88% test_f1=0.6509
Epoch 019 | train_loss=0.0220 | val_acc=100.00% val_f1=1.0000 | test_acc=84.27% test_f1=0.8059
Epoch 020 | train_loss=0.0149 | val_acc=100.00% val_f1=1.0000 | test_acc=81.74% test_f1=0.7705
Epoch 021 | train_loss=0.0050 | val_acc=100.00% val_f1=1.0000 | test_acc=85.39% test_f1=0.8201
Epoch 022 | train_loss=0.0063 | val_acc=99.43% val_f1=0.9943 | test_acc=89.33% test_f1=0.8678
Epoch 023 | train_loss=0.0050 | val_acc=100.00% val_f1=1.0000 | test_acc=76.40% test_f1=0.6888
Epoch 024 | train_loss=0.0110 | val_acc=100.00% val_f1=1.0000 | test_acc=87.08% test_f1=0.8393
Epoch 025 | train_loss=0.0072 | val_acc=100.00% val_f1=1.0000 | test_acc=83.15% test_f1=0.7895
Early stopping at epoch 25 (best=9, score=1.000000)
================================================================================
Best epoch: 9
Best score (val_macro_f1): 1.000000
Final test accuracy: 81.74%
Saved to: ablation_experiments/h1/results/comparison_18d_baselines/transformer/transformer_weld_seam_windows_ws5_tf75_pg0_h1_dm64_nh8_l4_ff256_do0.3_ep80_lr0.0003_wd0.0005_bs64_seed183
/usr/local/lib/python3.10/dist-packages/torch/nn/modules/transformer.py:385: UserWarning: enable_nested_tensor is True, but self.use_nested_tensor is False because encoder_layer.norm_first was True
  warnings.warn(
================================================================================
Comparison baseline | model=transformer
================================================================================
Dataset: /home/huang_kai/wind_turbine_phm/PHOENIX-main/autoencoder_benchmark/Data/processed_data/weld_seam_windows_ws5_tf75_pg0_h1.npz
Device: cuda
Train/Val/Test: 990 / 175 / 356
Epoch 001 | train_loss=0.8565 | val_acc=82.86% val_f1=0.8255 | test_acc=75.56% test_f1=0.7002
Epoch 002 | train_loss=0.5329 | val_acc=93.71% val_f1=0.9295 | test_acc=85.96% test_f1=0.8024
Epoch 003 | train_loss=0.3466 | val_acc=97.14% val_f1=0.9697 | test_acc=83.15% test_f1=0.7538
Epoch 004 | train_loss=0.2092 | val_acc=96.57% val_f1=0.9667 | test_acc=86.52% test_f1=0.8154
Epoch 005 | train_loss=0.1430 | val_acc=98.29% val_f1=0.9830 | test_acc=83.99% test_f1=0.7780
Epoch 006 | train_loss=0.0899 | val_acc=99.43% val_f1=0.9943 | test_acc=80.62% test_f1=0.7285
Epoch 007 | train_loss=0.0670 | val_acc=98.29% val_f1=0.9830 | test_acc=82.58% test_f1=0.7488
Epoch 008 | train_loss=0.0547 | val_acc=98.29% val_f1=0.9830 | test_acc=83.43% test_f1=0.7713
Epoch 009 | train_loss=0.0441 | val_acc=97.71% val_f1=0.9772 | test_acc=82.30% test_f1=0.7531
Epoch 010 | train_loss=0.0349 | val_acc=97.71% val_f1=0.9746 | test_acc=90.17% test_f1=0.8825
Epoch 011 | train_loss=0.0612 | val_acc=98.29% val_f1=0.9830 | test_acc=81.18% test_f1=0.7169
Epoch 012 | train_loss=0.0253 | val_acc=97.71% val_f1=0.9749 | test_acc=92.42% test_f1=0.9085
Epoch 013 | train_loss=0.0281 | val_acc=99.43% val_f1=0.9942 | test_acc=79.49% test_f1=0.7243
Epoch 014 | train_loss=0.0220 | val_acc=98.29% val_f1=0.9830 | test_acc=87.92% test_f1=0.8427
Epoch 015 | train_loss=0.0119 | val_acc=99.43% val_f1=0.9942 | test_acc=79.21% test_f1=0.7274
Epoch 016 | train_loss=0.0120 | val_acc=98.29% val_f1=0.9830 | test_acc=84.83% test_f1=0.7921
Epoch 017 | train_loss=0.0172 | val_acc=99.43% val_f1=0.9942 | test_acc=85.39% test_f1=0.8154
Epoch 018 | train_loss=0.0100 | val_acc=99.43% val_f1=0.9942 | test_acc=78.09% test_f1=0.7105
Epoch 019 | train_loss=0.0117 | val_acc=98.29% val_f1=0.9830 | test_acc=82.02% test_f1=0.7424
Epoch 020 | train_loss=0.0098 | val_acc=100.00% val_f1=1.0000 | test_acc=84.27% test_f1=0.7947
Epoch 021 | train_loss=0.0054 | val_acc=100.00% val_f1=1.0000 | test_acc=80.62% test_f1=0.7503
Epoch 022 | train_loss=0.0062 | val_acc=100.00% val_f1=1.0000 | test_acc=80.90% test_f1=0.7540
Epoch 023 | train_loss=0.0040 | val_acc=100.00% val_f1=1.0000 | test_acc=82.87% test_f1=0.7789
Epoch 024 | train_loss=0.0049 | val_acc=100.00% val_f1=1.0000 | test_acc=83.15% test_f1=0.7749
Epoch 025 | train_loss=0.0042 | val_acc=100.00% val_f1=1.0000 | test_acc=81.74% test_f1=0.7570
Epoch 026 | train_loss=0.0054 | val_acc=100.00% val_f1=1.0000 | test_acc=78.09% test_f1=0.7138
Epoch 027 | train_loss=0.0040 | val_acc=100.00% val_f1=1.0000 | test_acc=82.87% test_f1=0.7756
Epoch 028 | train_loss=0.0038 | val_acc=100.00% val_f1=1.0000 | test_acc=83.43% test_f1=0.7847
Epoch 029 | train_loss=0.0036 | val_acc=100.00% val_f1=1.0000 | test_acc=82.87% test_f1=0.7756
Epoch 030 | train_loss=0.0029 | val_acc=100.00% val_f1=1.0000 | test_acc=82.30% test_f1=0.7689
Epoch 031 | train_loss=0.0029 | val_acc=100.00% val_f1=1.0000 | test_acc=83.99% test_f1=0.7926
Epoch 032 | train_loss=0.0026 | val_acc=100.00% val_f1=1.0000 | test_acc=83.99% test_f1=0.7937
Epoch 033 | train_loss=0.0028 | val_acc=100.00% val_f1=1.0000 | test_acc=82.58% test_f1=0.7745
Epoch 034 | train_loss=0.0031 | val_acc=100.00% val_f1=1.0000 | test_acc=79.78% test_f1=0.7292
Epoch 035 | train_loss=0.0025 | val_acc=100.00% val_f1=1.0000 | test_acc=78.37% test_f1=0.7142
Epoch 036 | train_loss=0.0023 | val_acc=100.00% val_f1=1.0000 | test_acc=80.34% test_f1=0.7459
Early stopping at epoch 36 (best=20, score=1.000000)
================================================================================
Best epoch: 20
Best score (val_macro_f1): 1.000000
Final test accuracy: 84.27%
Saved to: ablation_experiments/h1/results/comparison_18d_baselines/transformer/transformer_weld_seam_windows_ws5_tf75_pg0_h1_dm96_nh4_l3_ff128_do0.1_ep80_lr0.0003_wd0.0002_bs128_seed42
/usr/local/lib/python3.10/dist-packages/torch/nn/modules/transformer.py:385: UserWarning: enable_nested_tensor is True, but self.use_nested_tensor is False because encoder_layer.norm_first was True
  warnings.warn(
================================================================================
Comparison baseline | model=transformer
================================================================================
Dataset: /home/huang_kai/wind_turbine_phm/PHOENIX-main/autoencoder_benchmark/Data/processed_data/weld_seam_windows_ws5_tf75_pg0_h1.npz
Device: cuda
Train/Val/Test: 990 / 175 / 356
Epoch 001 | train_loss=0.9001 | val_acc=46.29% val_f1=0.4845 | test_acc=45.51% test_f1=0.5027
Epoch 002 | train_loss=0.6041 | val_acc=83.43% val_f1=0.8497 | test_acc=86.80% test_f1=0.8526
Epoch 003 | train_loss=0.3961 | val_acc=96.00% val_f1=0.9609 | test_acc=89.61% test_f1=0.8512
Epoch 004 | train_loss=0.2698 | val_acc=97.14% val_f1=0.9721 | test_acc=89.33% test_f1=0.8597
Epoch 005 | train_loss=0.1679 | val_acc=96.00% val_f1=0.9613 | test_acc=89.89% test_f1=0.8606
Epoch 006 | train_loss=0.1183 | val_acc=98.86% val_f1=0.9886 | test_acc=83.43% test_f1=0.7716
Epoch 007 | train_loss=0.0821 | val_acc=97.14% val_f1=0.9721 | test_acc=85.39% test_f1=0.7918
Epoch 008 | train_loss=0.0600 | val_acc=100.00% val_f1=1.0000 | test_acc=80.34% test_f1=0.7356
Epoch 009 | train_loss=0.0466 | val_acc=100.00% val_f1=1.0000 | test_acc=79.21% test_f1=0.7118
Epoch 010 | train_loss=0.0310 | val_acc=99.43% val_f1=0.9919 | test_acc=85.67% test_f1=0.8144
Epoch 011 | train_loss=0.0315 | val_acc=100.00% val_f1=1.0000 | test_acc=79.78% test_f1=0.7226
Epoch 012 | train_loss=0.0215 | val_acc=99.43% val_f1=0.9942 | test_acc=81.74% test_f1=0.7631
Epoch 013 | train_loss=0.0165 | val_acc=100.00% val_f1=1.0000 | test_acc=82.02% test_f1=0.7675
Epoch 014 | train_loss=0.0147 | val_acc=100.00% val_f1=1.0000 | test_acc=76.97% test_f1=0.6837
Epoch 015 | train_loss=0.0125 | val_acc=100.00% val_f1=1.0000 | test_acc=83.99% test_f1=0.7991
Epoch 016 | train_loss=0.0129 | val_acc=99.43% val_f1=0.9942 | test_acc=74.72% test_f1=0.6485
Epoch 017 | train_loss=0.0196 | val_acc=99.43% val_f1=0.9942 | test_acc=82.02% test_f1=0.7721
Epoch 018 | train_loss=0.0063 | val_acc=99.43% val_f1=0.9942 | test_acc=78.65% test_f1=0.7140
Epoch 019 | train_loss=0.0105 | val_acc=99.43% val_f1=0.9942 | test_acc=79.21% test_f1=0.7296
Epoch 020 | train_loss=0.0115 | val_acc=100.00% val_f1=1.0000 | test_acc=78.93% test_f1=0.7189
Epoch 021 | train_loss=0.0104 | val_acc=100.00% val_f1=1.0000 | test_acc=82.30% test_f1=0.7648
Epoch 022 | train_loss=0.0074 | val_acc=99.43% val_f1=0.9942 | test_acc=75.00% test_f1=0.6597
Epoch 023 | train_loss=0.0127 | val_acc=100.00% val_f1=1.0000 | test_acc=80.06% test_f1=0.7210
Epoch 024 | train_loss=0.0177 | val_acc=100.00% val_f1=1.0000 | test_acc=76.97% test_f1=0.6887
Early stopping at epoch 24 (best=8, score=1.000000)
================================================================================
Best epoch: 8
Best score (val_macro_f1): 1.000000
Final test accuracy: 80.34%
Saved to: ablation_experiments/h1/results/comparison_18d_baselines/transformer/transformer_weld_seam_windows_ws5_tf75_pg0_h1_dm96_nh4_l3_ff128_do0.1_ep80_lr0.0003_wd0.0002_bs128_seed77
/usr/local/lib/python3.10/dist-packages/torch/nn/modules/transformer.py:385: UserWarning: enable_nested_tensor is True, but self.use_nested_tensor is False because encoder_layer.norm_first was True
  warnings.warn(
================================================================================
Comparison baseline | model=transformer
================================================================================
Dataset: /home/huang_kai/wind_turbine_phm/PHOENIX-main/autoencoder_benchmark/Data/processed_data/weld_seam_windows_ws5_tf75_pg0_h1.npz
Device: cuda
Train/Val/Test: 990 / 175 / 356
Epoch 001 | train_loss=0.8673 | val_acc=87.43% val_f1=0.8563 | test_acc=96.35% test_f1=0.9469
Epoch 002 | train_loss=0.5389 | val_acc=97.71% val_f1=0.9697 | test_acc=87.64% test_f1=0.8356
Epoch 003 | train_loss=0.3379 | val_acc=94.86% val_f1=0.9401 | test_acc=91.29% test_f1=0.8841
Epoch 004 | train_loss=0.2216 | val_acc=94.86% val_f1=0.9436 | test_acc=90.17% test_f1=0.8692
Epoch 005 | train_loss=0.1745 | val_acc=95.43% val_f1=0.9488 | test_acc=88.76% test_f1=0.8496
Epoch 006 | train_loss=0.1237 | val_acc=96.00% val_f1=0.9540 | test_acc=85.39% test_f1=0.7937
Epoch 007 | train_loss=0.0901 | val_acc=98.29% val_f1=0.9807 | test_acc=88.76% test_f1=0.8533
Epoch 008 | train_loss=0.0743 | val_acc=98.86% val_f1=0.9837 | test_acc=80.90% test_f1=0.7318
Epoch 009 | train_loss=0.0499 | val_acc=98.86% val_f1=0.9861 | test_acc=87.92% test_f1=0.8454
Epoch 010 | train_loss=0.0467 | val_acc=98.29% val_f1=0.9782 | test_acc=82.02% test_f1=0.7405
Epoch 011 | train_loss=0.0240 | val_acc=100.00% val_f1=1.0000 | test_acc=82.87% test_f1=0.7680
Epoch 012 | train_loss=0.0214 | val_acc=100.00% val_f1=1.0000 | test_acc=82.87% test_f1=0.7666
Epoch 013 | train_loss=0.0204 | val_acc=99.43% val_f1=0.9919 | test_acc=79.49% test_f1=0.7075
Epoch 014 | train_loss=0.0146 | val_acc=100.00% val_f1=1.0000 | test_acc=81.74% test_f1=0.7434
Epoch 015 | train_loss=0.0139 | val_acc=100.00% val_f1=1.0000 | test_acc=83.99% test_f1=0.7841
Epoch 016 | train_loss=0.0085 | val_acc=100.00% val_f1=1.0000 | test_acc=84.83% test_f1=0.8002
Epoch 017 | train_loss=0.0096 | val_acc=98.86% val_f1=0.9837 | test_acc=83.15% test_f1=0.7613
Epoch 018 | train_loss=0.0075 | val_acc=100.00% val_f1=1.0000 | test_acc=85.11% test_f1=0.8066
Epoch 019 | train_loss=0.0073 | val_acc=98.29% val_f1=0.9755 | test_acc=77.81% test_f1=0.6789
Epoch 020 | train_loss=0.0063 | val_acc=100.00% val_f1=1.0000 | test_acc=84.55% test_f1=0.7978
Epoch 021 | train_loss=0.0085 | val_acc=98.29% val_f1=0.9755 | test_acc=80.34% test_f1=0.7234
Epoch 022 | train_loss=0.0129 | val_acc=100.00% val_f1=1.0000 | test_acc=86.80% test_f1=0.8359
Epoch 023 | train_loss=0.0083 | val_acc=98.86% val_f1=0.9837 | test_acc=78.37% test_f1=0.6880
Epoch 024 | train_loss=0.0196 | val_acc=100.00% val_f1=1.0000 | test_acc=88.48% test_f1=0.8579
Epoch 025 | train_loss=0.0053 | val_acc=100.00% val_f1=1.0000 | test_acc=84.83% test_f1=0.8053
Epoch 026 | train_loss=0.0039 | val_acc=99.43% val_f1=0.9919 | test_acc=77.25% test_f1=0.6767
Epoch 027 | train_loss=0.0035 | val_acc=98.86% val_f1=0.9837 | test_acc=77.25% test_f1=0.6760
Early stopping at epoch 27 (best=11, score=1.000000)
================================================================================
Best epoch: 11
Best score (val_macro_f1): 1.000000
Final test accuracy: 82.87%
Saved to: ablation_experiments/h1/results/comparison_18d_baselines/transformer/transformer_weld_seam_windows_ws5_tf75_pg0_h1_dm96_nh4_l3_ff128_do0.1_ep80_lr0.0003_wd0.0002_bs128_seed100
/usr/local/lib/python3.10/dist-packages/torch/nn/modules/transformer.py:385: UserWarning: enable_nested_tensor is True, but self.use_nested_tensor is False because encoder_layer.norm_first was True
  warnings.warn(
================================================================================
Comparison baseline | model=transformer
================================================================================
Dataset: /home/huang_kai/wind_turbine_phm/PHOENIX-main/autoencoder_benchmark/Data/processed_data/weld_seam_windows_ws5_tf75_pg0_h1.npz
Device: cuda
Train/Val/Test: 990 / 175 / 356
Epoch 001 | train_loss=0.9442 | val_acc=79.43% val_f1=0.7804 | test_acc=73.88% test_f1=0.7133
Epoch 002 | train_loss=0.6341 | val_acc=89.71% val_f1=0.8827 | test_acc=80.90% test_f1=0.7325
Epoch 003 | train_loss=0.4487 | val_acc=92.57% val_f1=0.9159 | test_acc=82.87% test_f1=0.7623
Epoch 004 | train_loss=0.3064 | val_acc=93.71% val_f1=0.9346 | test_acc=81.18% test_f1=0.7345
Epoch 005 | train_loss=0.2223 | val_acc=96.00% val_f1=0.9561 | test_acc=78.09% test_f1=0.6909
Epoch 006 | train_loss=0.1619 | val_acc=98.29% val_f1=0.9778 | test_acc=82.02% test_f1=0.7639
Epoch 007 | train_loss=0.1010 | val_acc=98.86% val_f1=0.9861 | test_acc=79.49% test_f1=0.7241
Epoch 008 | train_loss=0.0832 | val_acc=96.00% val_f1=0.9530 | test_acc=82.30% test_f1=0.7605
Epoch 009 | train_loss=0.0523 | val_acc=98.86% val_f1=0.9861 | test_acc=77.25% test_f1=0.6950
Epoch 010 | train_loss=0.0390 | val_acc=97.71% val_f1=0.9752 | test_acc=81.18% test_f1=0.7454
Epoch 011 | train_loss=0.0337 | val_acc=98.86% val_f1=0.9837 | test_acc=78.37% test_f1=0.7147
Epoch 012 | train_loss=0.0270 | val_acc=99.43% val_f1=0.9919 | test_acc=72.75% test_f1=0.6338
Epoch 013 | train_loss=0.0187 | val_acc=98.29% val_f1=0.9756 | test_acc=85.11% test_f1=0.8011
Epoch 014 | train_loss=0.0256 | val_acc=99.43% val_f1=0.9919 | test_acc=80.62% test_f1=0.7436
Epoch 015 | train_loss=0.0267 | val_acc=99.43% val_f1=0.9919 | test_acc=75.00% test_f1=0.6575
Epoch 016 | train_loss=0.0201 | val_acc=99.43% val_f1=0.9919 | test_acc=80.62% test_f1=0.7462
Epoch 017 | train_loss=0.0130 | val_acc=99.43% val_f1=0.9919 | test_acc=76.69% test_f1=0.6908
Epoch 018 | train_loss=0.0085 | val_acc=98.29% val_f1=0.9756 | test_acc=81.74% test_f1=0.7679
Epoch 019 | train_loss=0.0087 | val_acc=99.43% val_f1=0.9919 | test_acc=78.93% test_f1=0.7260
Epoch 020 | train_loss=0.0077 | val_acc=99.43% val_f1=0.9919 | test_acc=75.84% test_f1=0.6815
Epoch 021 | train_loss=0.0063 | val_acc=99.43% val_f1=0.9919 | test_acc=79.49% test_f1=0.7322
Epoch 022 | train_loss=0.0045 | val_acc=99.43% val_f1=0.9919 | test_acc=79.78% test_f1=0.7358
Epoch 023 | train_loss=0.0043 | val_acc=99.43% val_f1=0.9919 | test_acc=78.09% test_f1=0.7141
Epoch 024 | train_loss=0.0050 | val_acc=99.43% val_f1=0.9919 | test_acc=77.25% test_f1=0.6992
Epoch 025 | train_loss=0.0041 | val_acc=99.43% val_f1=0.9919 | test_acc=78.65% test_f1=0.7169
Epoch 026 | train_loss=0.0049 | val_acc=98.29% val_f1=0.9756 | test_acc=82.02% test_f1=0.7743
Epoch 027 | train_loss=0.0086 | val_acc=99.43% val_f1=0.9919 | test_acc=77.25% test_f1=0.6766
Epoch 028 | train_loss=0.0122 | val_acc=98.86% val_f1=0.9837 | test_acc=80.90% test_f1=0.7519
Early stopping at epoch 28 (best=12, score=0.991859)
================================================================================
Best epoch: 12
Best score (val_macro_f1): 0.991859
Final test accuracy: 72.75%
Saved to: ablation_experiments/h1/results/comparison_18d_baselines/transformer/transformer_weld_seam_windows_ws5_tf75_pg0_h1_dm96_nh4_l3_ff128_do0.1_ep80_lr0.0003_wd0.0002_bs128_seed122
/usr/local/lib/python3.10/dist-packages/torch/nn/modules/transformer.py:385: UserWarning: enable_nested_tensor is True, but self.use_nested_tensor is False because encoder_layer.norm_first was True
  warnings.warn(
================================================================================
Comparison baseline | model=transformer
================================================================================
Dataset: /home/huang_kai/wind_turbine_phm/PHOENIX-main/autoencoder_benchmark/Data/processed_data/weld_seam_windows_ws5_tf75_pg0_h1.npz
Device: cuda
Train/Val/Test: 990 / 175 / 356
Epoch 001 | train_loss=0.9218 | val_acc=62.29% val_f1=0.6582 | test_acc=74.16% test_f1=0.7551
Epoch 002 | train_loss=0.5841 | val_acc=88.57% val_f1=0.8745 | test_acc=98.31% test_f1=0.9763
Epoch 003 | train_loss=0.3997 | val_acc=95.43% val_f1=0.9550 | test_acc=95.51% test_f1=0.9355
Epoch 004 | train_loss=0.2678 | val_acc=96.57% val_f1=0.9659 | test_acc=87.64% test_f1=0.8301
Epoch 005 | train_loss=0.1854 | val_acc=94.86% val_f1=0.9497 | test_acc=92.13% test_f1=0.8958
Epoch 006 | train_loss=0.1330 | val_acc=96.57% val_f1=0.9626 | test_acc=86.24% test_f1=0.8252
Epoch 007 | train_loss=0.1128 | val_acc=95.43% val_f1=0.9550 | test_acc=87.36% test_f1=0.8284
Epoch 008 | train_loss=0.0684 | val_acc=96.00% val_f1=0.9599 | test_acc=85.67% test_f1=0.8091
Epoch 009 | train_loss=0.0607 | val_acc=97.14% val_f1=0.9717 | test_acc=84.55% test_f1=0.7968
Epoch 010 | train_loss=0.0529 | val_acc=97.71% val_f1=0.9775 | test_acc=87.36% test_f1=0.8311
Epoch 011 | train_loss=0.0323 | val_acc=98.86% val_f1=0.9886 | test_acc=87.36% test_f1=0.8414
Epoch 012 | train_loss=0.0302 | val_acc=97.71% val_f1=0.9775 | test_acc=89.61% test_f1=0.8660
Epoch 013 | train_loss=0.0275 | val_acc=98.29% val_f1=0.9826 | test_acc=83.43% test_f1=0.7869
Epoch 014 | train_loss=0.0231 | val_acc=98.86% val_f1=0.9886 | test_acc=85.96% test_f1=0.8181
Epoch 015 | train_loss=0.0244 | val_acc=100.00% val_f1=1.0000 | test_acc=83.99% test_f1=0.7961
Epoch 016 | train_loss=0.0164 | val_acc=100.00% val_f1=1.0000 | test_acc=82.30% test_f1=0.7743
Epoch 017 | train_loss=0.0148 | val_acc=98.29% val_f1=0.9828 | test_acc=86.80% test_f1=0.8322
Epoch 018 | train_loss=0.0104 | val_acc=99.43% val_f1=0.9942 | test_acc=80.34% test_f1=0.7465
Epoch 019 | train_loss=0.0093 | val_acc=99.43% val_f1=0.9942 | test_acc=84.83% test_f1=0.8077
Epoch 020 | train_loss=0.0087 | val_acc=99.43% val_f1=0.9942 | test_acc=84.27% test_f1=0.8033
Epoch 021 | train_loss=0.0063 | val_acc=99.43% val_f1=0.9942 | test_acc=81.74% test_f1=0.7679
Epoch 022 | train_loss=0.0061 | val_acc=99.43% val_f1=0.9942 | test_acc=79.78% test_f1=0.7402
Epoch 023 | train_loss=0.0067 | val_acc=99.43% val_f1=0.9942 | test_acc=79.21% test_f1=0.7320
Epoch 024 | train_loss=0.0055 | val_acc=99.43% val_f1=0.9942 | test_acc=82.02% test_f1=0.7727
Epoch 025 | train_loss=0.0046 | val_acc=100.00% val_f1=1.0000 | test_acc=82.30% test_f1=0.7754
Epoch 026 | train_loss=0.0040 | val_acc=100.00% val_f1=1.0000 | test_acc=82.02% test_f1=0.7712
Epoch 027 | train_loss=0.0042 | val_acc=100.00% val_f1=1.0000 | test_acc=81.46% test_f1=0.7637
Epoch 028 | train_loss=0.0049 | val_acc=100.00% val_f1=1.0000 | test_acc=81.74% test_f1=0.7669
Epoch 029 | train_loss=0.0037 | val_acc=99.43% val_f1=0.9942 | test_acc=81.46% test_f1=0.7637
Epoch 030 | train_loss=0.0036 | val_acc=100.00% val_f1=1.0000 | test_acc=81.46% test_f1=0.7637
Epoch 031 | train_loss=0.0036 | val_acc=100.00% val_f1=1.0000 | test_acc=82.02% test_f1=0.7712
Early stopping at epoch 31 (best=15, score=1.000000)
================================================================================
Best epoch: 15
Best score (val_macro_f1): 1.000000
Final test accuracy: 83.99%
Saved to: ablation_experiments/h1/results/comparison_18d_baselines/transformer/transformer_weld_seam_windows_ws5_tf75_pg0_h1_dm96_nh4_l3_ff128_do0.1_ep80_lr0.0003_wd0.0002_bs128_seed183
/usr/local/lib/python3.10/dist-packages/torch/nn/modules/transformer.py:385: UserWarning: enable_nested_tensor is True, but self.use_nested_tensor is False because encoder_layer.norm_first was True
  warnings.warn(
================================================================================
Comparison baseline | model=transformer
================================================================================
Dataset: /home/huang_kai/wind_turbine_phm/PHOENIX-main/autoencoder_benchmark/Data/processed_data/weld_seam_windows_ws5_tf75_pg0_h1.npz
Device: cuda
Train/Val/Test: 990 / 175 / 356
Epoch 001 | train_loss=0.8022 | val_acc=92.57% val_f1=0.9076 | test_acc=92.13% test_f1=0.9015
Epoch 002 | train_loss=0.3821 | val_acc=95.43% val_f1=0.9538 | test_acc=84.27% test_f1=0.7912
Epoch 003 | train_loss=0.2104 | val_acc=97.14% val_f1=0.9694 | test_acc=87.08% test_f1=0.8351
Epoch 004 | train_loss=0.1229 | val_acc=98.29% val_f1=0.9803 | test_acc=83.43% test_f1=0.7828
Epoch 005 | train_loss=0.0874 | val_acc=98.86% val_f1=0.9885 | test_acc=80.90% test_f1=0.7414
Epoch 006 | train_loss=0.0587 | val_acc=98.29% val_f1=0.9830 | test_acc=84.55% test_f1=0.7978
Epoch 007 | train_loss=0.0336 | val_acc=98.86% val_f1=0.9885 | test_acc=84.83% test_f1=0.8053
Epoch 008 | train_loss=0.0369 | val_acc=98.29% val_f1=0.9830 | test_acc=84.27% test_f1=0.7859
Epoch 009 | train_loss=0.0259 | val_acc=97.71% val_f1=0.9775 | test_acc=83.99% test_f1=0.7775
Epoch 010 | train_loss=0.0184 | val_acc=100.00% val_f1=1.0000 | test_acc=81.46% test_f1=0.7469
Epoch 011 | train_loss=0.0119 | val_acc=100.00% val_f1=1.0000 | test_acc=83.99% test_f1=0.7899
Epoch 012 | train_loss=0.0109 | val_acc=100.00% val_f1=1.0000 | test_acc=84.55% test_f1=0.8010
Epoch 013 | train_loss=0.0073 | val_acc=100.00% val_f1=1.0000 | test_acc=77.53% test_f1=0.6908
Epoch 014 | train_loss=0.0087 | val_acc=100.00% val_f1=1.0000 | test_acc=80.90% test_f1=0.7476
Epoch 015 | train_loss=0.0166 | val_acc=97.71% val_f1=0.9775 | test_acc=90.73% test_f1=0.8863
Epoch 016 | train_loss=0.0109 | val_acc=100.00% val_f1=1.0000 | test_acc=79.49% test_f1=0.7295
Epoch 017 | train_loss=0.0154 | val_acc=100.00% val_f1=1.0000 | test_acc=80.62% test_f1=0.7462
Epoch 018 | train_loss=0.0215 | val_acc=100.00% val_f1=1.0000 | test_acc=73.88% test_f1=0.6323
Epoch 019 | train_loss=0.0257 | val_acc=99.43% val_f1=0.9942 | test_acc=69.38% test_f1=0.5675
Epoch 020 | train_loss=0.0240 | val_acc=100.00% val_f1=1.0000 | test_acc=82.58% test_f1=0.7745
Epoch 021 | train_loss=0.0114 | val_acc=100.00% val_f1=1.0000 | test_acc=81.46% test_f1=0.7582
Epoch 022 | train_loss=0.0068 | val_acc=100.00% val_f1=1.0000 | test_acc=81.74% test_f1=0.7524
Epoch 023 | train_loss=0.0077 | val_acc=100.00% val_f1=1.0000 | test_acc=75.28% test_f1=0.6656
Epoch 024 | train_loss=0.0049 | val_acc=100.00% val_f1=1.0000 | test_acc=80.34% test_f1=0.7427
Epoch 025 | train_loss=0.0020 | val_acc=100.00% val_f1=1.0000 | test_acc=80.62% test_f1=0.7431
Epoch 026 | train_loss=0.0022 | val_acc=100.00% val_f1=1.0000 | test_acc=81.18% test_f1=0.7569
Early stopping at epoch 26 (best=10, score=1.000000)
================================================================================
Best epoch: 10
Best score (val_macro_f1): 1.000000
Final test accuracy: 81.46%
Saved to: ablation_experiments/h1/results/comparison_18d_baselines/transformer/transformer_weld_seam_windows_ws5_tf75_pg0_h1_dm64_nh8_l2_ff256_do0.3_ep80_lr0.0005_wd0.0005_bs64_seed42
/usr/local/lib/python3.10/dist-packages/torch/nn/modules/transformer.py:385: UserWarning: enable_nested_tensor is True, but self.use_nested_tensor is False because encoder_layer.norm_first was True
  warnings.warn(
================================================================================
Comparison baseline | model=transformer
================================================================================
Dataset: /home/huang_kai/wind_turbine_phm/PHOENIX-main/autoencoder_benchmark/Data/processed_data/weld_seam_windows_ws5_tf75_pg0_h1.npz
Device: cuda
Train/Val/Test: 990 / 175 / 356
Epoch 001 | train_loss=0.8201 | val_acc=89.71% val_f1=0.8764 | test_acc=96.07% test_f1=0.9469
Epoch 002 | train_loss=0.4034 | val_acc=95.43% val_f1=0.9560 | test_acc=86.52% test_f1=0.8175
Epoch 003 | train_loss=0.1985 | val_acc=96.00% val_f1=0.9558 | test_acc=87.92% test_f1=0.8463
Epoch 004 | train_loss=0.1091 | val_acc=98.29% val_f1=0.9830 | test_acc=81.46% test_f1=0.7402
Epoch 005 | train_loss=0.0710 | val_acc=100.00% val_f1=1.0000 | test_acc=77.53% test_f1=0.6876
Epoch 006 | train_loss=0.0629 | val_acc=98.86% val_f1=0.9886 | test_acc=89.33% test_f1=0.8693
Epoch 007 | train_loss=0.0571 | val_acc=100.00% val_f1=1.0000 | test_acc=84.83% test_f1=0.8109
Epoch 008 | train_loss=0.0312 | val_acc=100.00% val_f1=1.0000 | test_acc=76.69% test_f1=0.6920
Epoch 009 | train_loss=0.0290 | val_acc=99.43% val_f1=0.9942 | test_acc=72.47% test_f1=0.6292
Epoch 010 | train_loss=0.0304 | val_acc=100.00% val_f1=1.0000 | test_acc=75.56% test_f1=0.6713
Epoch 011 | train_loss=0.0178 | val_acc=100.00% val_f1=1.0000 | test_acc=79.78% test_f1=0.7425
Epoch 012 | train_loss=0.0205 | val_acc=99.43% val_f1=0.9919 | test_acc=77.25% test_f1=0.7021
Epoch 013 | train_loss=0.0100 | val_acc=100.00% val_f1=1.0000 | test_acc=74.16% test_f1=0.6469
Epoch 014 | train_loss=0.0256 | val_acc=100.00% val_f1=1.0000 | test_acc=80.06% test_f1=0.7480
Epoch 015 | train_loss=0.0158 | val_acc=100.00% val_f1=1.0000 | test_acc=72.75% test_f1=0.6273
Epoch 016 | train_loss=0.0228 | val_acc=99.43% val_f1=0.9942 | test_acc=75.84% test_f1=0.6866
Epoch 017 | train_loss=0.0075 | val_acc=100.00% val_f1=1.0000 | test_acc=78.65% test_f1=0.7281
Epoch 018 | train_loss=0.0048 | val_acc=99.43% val_f1=0.9942 | test_acc=76.12% test_f1=0.6888
Epoch 019 | train_loss=0.0033 | val_acc=99.43% val_f1=0.9942 | test_acc=75.84% test_f1=0.6867
Epoch 020 | train_loss=0.0028 | val_acc=99.43% val_f1=0.9942 | test_acc=77.25% test_f1=0.7055
Epoch 021 | train_loss=0.0050 | val_acc=99.43% val_f1=0.9942 | test_acc=76.12% test_f1=0.6895
Early stopping at epoch 21 (best=5, score=1.000000)
================================================================================
Best epoch: 5
Best score (val_macro_f1): 1.000000
Final test accuracy: 77.53%
Saved to: ablation_experiments/h1/results/comparison_18d_baselines/transformer/transformer_weld_seam_windows_ws5_tf75_pg0_h1_dm64_nh8_l2_ff256_do0.3_ep80_lr0.0005_wd0.0005_bs64_seed77
/usr/local/lib/python3.10/dist-packages/torch/nn/modules/transformer.py:385: UserWarning: enable_nested_tensor is True, but self.use_nested_tensor is False because encoder_layer.norm_first was True
  warnings.warn(
================================================================================
Comparison baseline | model=transformer
================================================================================
Dataset: /home/huang_kai/wind_turbine_phm/PHOENIX-main/autoencoder_benchmark/Data/processed_data/weld_seam_windows_ws5_tf75_pg0_h1.npz
Device: cuda
Train/Val/Test: 990 / 175 / 356
Epoch 001 | train_loss=0.7907 | val_acc=84.00% val_f1=0.8326 | test_acc=93.54% test_f1=0.9116
Epoch 002 | train_loss=0.4090 | val_acc=92.57% val_f1=0.9165 | test_acc=92.13% test_f1=0.8889
Epoch 003 | train_loss=0.2242 | val_acc=93.14% val_f1=0.9271 | test_acc=91.29% test_f1=0.8853
Epoch 004 | train_loss=0.1199 | val_acc=94.29% val_f1=0.9410 | test_acc=86.80% test_f1=0.8176
Epoch 005 | train_loss=0.0770 | val_acc=97.71% val_f1=0.9749 | test_acc=88.20% test_f1=0.8488
Epoch 006 | train_loss=0.0662 | val_acc=100.00% val_f1=1.0000 | test_acc=87.36% test_f1=0.8336
Epoch 007 | train_loss=0.0353 | val_acc=98.86% val_f1=0.9860 | test_acc=86.52% test_f1=0.8288
Epoch 008 | train_loss=0.0227 | val_acc=100.00% val_f1=1.0000 | test_acc=89.89% test_f1=0.8660
Epoch 009 | train_loss=0.0219 | val_acc=100.00% val_f1=1.0000 | test_acc=83.71% test_f1=0.7904
Epoch 010 | train_loss=0.0168 | val_acc=100.00% val_f1=1.0000 | test_acc=82.58% test_f1=0.7751
Epoch 011 | train_loss=0.0231 | val_acc=100.00% val_f1=1.0000 | test_acc=79.78% test_f1=0.7311
Epoch 012 | train_loss=0.0253 | val_acc=100.00% val_f1=1.0000 | test_acc=82.58% test_f1=0.7749
Epoch 013 | train_loss=0.0206 | val_acc=99.43% val_f1=0.9919 | test_acc=87.36% test_f1=0.8465
Epoch 014 | train_loss=0.0127 | val_acc=100.00% val_f1=1.0000 | test_acc=83.15% test_f1=0.7811
Epoch 015 | train_loss=0.0060 | val_acc=100.00% val_f1=1.0000 | test_acc=85.11% test_f1=0.8058
Epoch 016 | train_loss=0.0058 | val_acc=100.00% val_f1=1.0000 | test_acc=78.65% test_f1=0.7126
Epoch 017 | train_loss=0.0108 | val_acc=100.00% val_f1=1.0000 | test_acc=83.43% test_f1=0.7871
Epoch 018 | train_loss=0.0119 | val_acc=99.43% val_f1=0.9943 | test_acc=87.92% test_f1=0.8371
Epoch 019 | train_loss=0.0032 | val_acc=100.00% val_f1=1.0000 | test_acc=79.78% test_f1=0.7328
Epoch 020 | train_loss=0.0070 | val_acc=99.43% val_f1=0.9943 | test_acc=85.67% test_f1=0.8021
Epoch 021 | train_loss=0.0079 | val_acc=100.00% val_f1=1.0000 | test_acc=76.12% test_f1=0.6697
Epoch 022 | train_loss=0.0251 | val_acc=96.57% val_f1=0.9508 | test_acc=74.44% test_f1=0.6386
Early stopping at epoch 22 (best=6, score=1.000000)
================================================================================
Best epoch: 6
Best score (val_macro_f1): 1.000000
Final test accuracy: 87.36%
Saved to: ablation_experiments/h1/results/comparison_18d_baselines/transformer/transformer_weld_seam_windows_ws5_tf75_pg0_h1_dm64_nh8_l2_ff256_do0.3_ep80_lr0.0005_wd0.0005_bs64_seed100
/usr/local/lib/python3.10/dist-packages/torch/nn/modules/transformer.py:385: UserWarning: enable_nested_tensor is True, but self.use_nested_tensor is False because encoder_layer.norm_first was True
  warnings.warn(
================================================================================
Comparison baseline | model=transformer
================================================================================
Dataset: /home/huang_kai/wind_turbine_phm/PHOENIX-main/autoencoder_benchmark/Data/processed_data/weld_seam_windows_ws5_tf75_pg0_h1.npz
Device: cuda
Train/Val/Test: 990 / 175 / 356
Epoch 001 | train_loss=0.7853 | val_acc=94.29% val_f1=0.9228 | test_acc=86.24% test_f1=0.8252
Epoch 002 | train_loss=0.3470 | val_acc=95.43% val_f1=0.9508 | test_acc=88.20% test_f1=0.8468
Epoch 003 | train_loss=0.1499 | val_acc=96.57% val_f1=0.9615 | test_acc=84.83% test_f1=0.7967
Epoch 004 | train_loss=0.1160 | val_acc=98.29% val_f1=0.9804 | test_acc=82.87% test_f1=0.7718
Epoch 005 | train_loss=0.0867 | val_acc=98.29% val_f1=0.9805 | test_acc=88.20% test_f1=0.8468
Epoch 006 | train_loss=0.0660 | val_acc=95.43% val_f1=0.9505 | test_acc=92.42% test_f1=0.9013
Epoch 007 | train_loss=0.0613 | val_acc=98.86% val_f1=0.9837 | test_acc=81.18% test_f1=0.7495
Epoch 008 | train_loss=0.0475 | val_acc=99.43% val_f1=0.9919 | test_acc=81.46% test_f1=0.7509
Epoch 009 | train_loss=0.0264 | val_acc=98.86% val_f1=0.9837 | test_acc=78.65% test_f1=0.6955
Epoch 010 | train_loss=0.0394 | val_acc=99.43% val_f1=0.9919 | test_acc=76.97% test_f1=0.6896
Epoch 011 | train_loss=0.0177 | val_acc=99.43% val_f1=0.9919 | test_acc=85.39% test_f1=0.8156
Epoch 012 | train_loss=0.0264 | val_acc=99.43% val_f1=0.9919 | test_acc=87.08% test_f1=0.8307
Epoch 013 | train_loss=0.0270 | val_acc=99.43% val_f1=0.9919 | test_acc=73.88% test_f1=0.6436
Epoch 014 | train_loss=0.0201 | val_acc=98.86% val_f1=0.9837 | test_acc=84.55% test_f1=0.8009
Epoch 015 | train_loss=0.0064 | val_acc=99.43% val_f1=0.9919 | test_acc=79.49% test_f1=0.7265
Epoch 016 | train_loss=0.0100 | val_acc=99.43% val_f1=0.9919 | test_acc=83.43% test_f1=0.7858
Epoch 017 | train_loss=0.0068 | val_acc=99.43% val_f1=0.9919 | test_acc=80.90% test_f1=0.7500
Epoch 018 | train_loss=0.0065 | val_acc=99.43% val_f1=0.9919 | test_acc=83.43% test_f1=0.7810
Epoch 019 | train_loss=0.0038 | val_acc=99.43% val_f1=0.9919 | test_acc=80.90% test_f1=0.7494
Epoch 020 | train_loss=0.0063 | val_acc=99.43% val_f1=0.9919 | test_acc=82.87% test_f1=0.7779
Epoch 021 | train_loss=0.0042 | val_acc=99.43% val_f1=0.9919 | test_acc=73.88% test_f1=0.6509
Epoch 022 | train_loss=0.0042 | val_acc=99.43% val_f1=0.9919 | test_acc=80.62% test_f1=0.7422
Epoch 023 | train_loss=0.0024 | val_acc=99.43% val_f1=0.9919 | test_acc=81.74% test_f1=0.7656
Epoch 024 | train_loss=0.0032 | val_acc=99.43% val_f1=0.9919 | test_acc=76.40% test_f1=0.6896
Epoch 025 | train_loss=0.0016 | val_acc=99.43% val_f1=0.9919 | test_acc=77.81% test_f1=0.7111
Epoch 026 | train_loss=0.0015 | val_acc=99.43% val_f1=0.9919 | test_acc=80.90% test_f1=0.7532
Epoch 027 | train_loss=0.0014 | val_acc=99.43% val_f1=0.9919 | test_acc=81.18% test_f1=0.7569
Early stopping at epoch 27 (best=11, score=0.991869)
================================================================================
Best epoch: 11
Best score (val_macro_f1): 0.991869
Final test accuracy: 85.39%
Saved to: ablation_experiments/h1/results/comparison_18d_baselines/transformer/transformer_weld_seam_windows_ws5_tf75_pg0_h1_dm64_nh8_l2_ff256_do0.3_ep80_lr0.0005_wd0.0005_bs64_seed122
/usr/local/lib/python3.10/dist-packages/torch/nn/modules/transformer.py:385: UserWarning: enable_nested_tensor is True, but self.use_nested_tensor is False because encoder_layer.norm_first was True
  warnings.warn(
================================================================================
Comparison baseline | model=transformer
================================================================================
Dataset: /home/huang_kai/wind_turbine_phm/PHOENIX-main/autoencoder_benchmark/Data/processed_data/weld_seam_windows_ws5_tf75_pg0_h1.npz
Device: cuda
Train/Val/Test: 990 / 175 / 356
Epoch 001 | train_loss=0.7941 | val_acc=89.14% val_f1=0.8696 | test_acc=95.51% test_f1=0.9395
Epoch 002 | train_loss=0.3769 | val_acc=95.43% val_f1=0.9550 | test_acc=87.64% test_f1=0.8301
Epoch 003 | train_loss=0.1975 | val_acc=95.43% val_f1=0.9527 | test_acc=80.06% test_f1=0.6930
Epoch 004 | train_loss=0.1276 | val_acc=97.71% val_f1=0.9770 | test_acc=78.65% test_f1=0.7032
Epoch 005 | train_loss=0.0851 | val_acc=98.86% val_f1=0.9886 | test_acc=81.74% test_f1=0.7502
Epoch 006 | train_loss=0.0437 | val_acc=98.29% val_f1=0.9830 | test_acc=80.90% test_f1=0.7302
Epoch 007 | train_loss=0.0468 | val_acc=100.00% val_f1=1.0000 | test_acc=85.39% test_f1=0.8131
Epoch 008 | train_loss=0.0281 | val_acc=98.86% val_f1=0.9860 | test_acc=84.83% test_f1=0.8109
Epoch 009 | train_loss=0.0369 | val_acc=98.29% val_f1=0.9803 | test_acc=89.04% test_f1=0.8691
Epoch 010 | train_loss=0.0263 | val_acc=100.00% val_f1=1.0000 | test_acc=85.39% test_f1=0.8163
Epoch 011 | train_loss=0.0105 | val_acc=100.00% val_f1=1.0000 | test_acc=83.71% test_f1=0.7880
Epoch 012 | train_loss=0.0083 | val_acc=100.00% val_f1=1.0000 | test_acc=78.65% test_f1=0.7197
Epoch 013 | train_loss=0.0086 | val_acc=100.00% val_f1=1.0000 | test_acc=80.62% test_f1=0.7448
Epoch 014 | train_loss=0.0097 | val_acc=100.00% val_f1=1.0000 | test_acc=76.12% test_f1=0.6859
Epoch 015 | train_loss=0.0069 | val_acc=100.00% val_f1=1.0000 | test_acc=85.39% test_f1=0.8026
Epoch 016 | train_loss=0.0109 | val_acc=100.00% val_f1=1.0000 | test_acc=76.97% test_f1=0.6910
Epoch 017 | train_loss=0.0120 | val_acc=99.43% val_f1=0.9919 | test_acc=82.87% test_f1=0.7807
Epoch 018 | train_loss=0.0075 | val_acc=100.00% val_f1=1.0000 | test_acc=76.97% test_f1=0.6981
Epoch 019 | train_loss=0.0032 | val_acc=99.43% val_f1=0.9919 | test_acc=81.18% test_f1=0.7602
Epoch 020 | train_loss=0.0025 | val_acc=100.00% val_f1=1.0000 | test_acc=78.65% test_f1=0.7230
Epoch 021 | train_loss=0.0019 | val_acc=100.00% val_f1=1.0000 | test_acc=81.18% test_f1=0.7516
Epoch 022 | train_loss=0.0028 | val_acc=100.00% val_f1=1.0000 | test_acc=75.84% test_f1=0.6802
Epoch 023 | train_loss=0.0022 | val_acc=100.00% val_f1=1.0000 | test_acc=81.18% test_f1=0.7589
Early stopping at epoch 23 (best=7, score=1.000000)
================================================================================
Best epoch: 7
Best score (val_macro_f1): 1.000000
Final test accuracy: 85.39%
Saved to: ablation_experiments/h1/results/comparison_18d_baselines/transformer/transformer_weld_seam_windows_ws5_tf75_pg0_h1_dm64_nh8_l2_ff256_do0.3_ep80_lr0.0005_wd0.0005_bs64_seed183
/usr/local/lib/python3.10/dist-packages/torch/nn/modules/transformer.py:385: UserWarning: enable_nested_tensor is True, but self.use_nested_tensor is False because encoder_layer.norm_first was True
  warnings.warn(
================================================================================
Comparison baseline | model=transformer
================================================================================
Dataset: /home/huang_kai/wind_turbine_phm/PHOENIX-main/autoencoder_benchmark/Data/processed_data/weld_seam_windows_ws5_tf75_pg0_h1.npz
Device: cuda
Train/Val/Test: 990 / 175 / 356
Epoch 001 | train_loss=1.0150 | val_acc=57.14% val_f1=0.5882 | test_acc=80.34% test_f1=0.8244
Epoch 002 | train_loss=0.8875 | val_acc=78.29% val_f1=0.7797 | test_acc=93.54% test_f1=0.9358
Epoch 003 | train_loss=0.7740 | val_acc=87.43% val_f1=0.8547 | test_acc=97.47% test_f1=0.9668
Epoch 004 | train_loss=0.6761 | val_acc=92.00% val_f1=0.8958 | test_acc=96.63% test_f1=0.9575
Epoch 005 | train_loss=0.5833 | val_acc=95.43% val_f1=0.9390 | test_acc=90.17% test_f1=0.8776
Epoch 006 | train_loss=0.5220 | val_acc=98.29% val_f1=0.9826 | test_acc=85.39% test_f1=0.8131
Epoch 007 | train_loss=0.4343 | val_acc=98.29% val_f1=0.9826 | test_acc=83.15% test_f1=0.7807
Epoch 008 | train_loss=0.3901 | val_acc=97.14% val_f1=0.9669 | test_acc=80.90% test_f1=0.7427
Epoch 009 | train_loss=0.3072 | val_acc=97.14% val_f1=0.9697 | test_acc=85.67% test_f1=0.8135
Epoch 010 | train_loss=0.2757 | val_acc=96.57% val_f1=0.9644 | test_acc=85.96% test_f1=0.8159
Epoch 011 | train_loss=0.2362 | val_acc=97.14% val_f1=0.9697 | test_acc=85.67% test_f1=0.8125
Epoch 012 | train_loss=0.2107 | val_acc=97.71% val_f1=0.9775 | test_acc=88.20% test_f1=0.8520
Epoch 013 | train_loss=0.1774 | val_acc=97.71% val_f1=0.9752 | test_acc=81.74% test_f1=0.7544
Epoch 014 | train_loss=0.1569 | val_acc=95.43% val_f1=0.9560 | test_acc=87.64% test_f1=0.8369
Epoch 015 | train_loss=0.1448 | val_acc=95.43% val_f1=0.9560 | test_acc=87.64% test_f1=0.8369
Epoch 016 | train_loss=0.1323 | val_acc=97.71% val_f1=0.9752 | test_acc=81.18% test_f1=0.7369
Epoch 017 | train_loss=0.1343 | val_acc=98.29% val_f1=0.9830 | test_acc=85.67% test_f1=0.8125
Epoch 018 | train_loss=0.0990 | val_acc=97.71% val_f1=0.9752 | test_acc=83.15% test_f1=0.7713
Epoch 019 | train_loss=0.1043 | val_acc=97.71% val_f1=0.9752 | test_acc=82.58% test_f1=0.7672
Epoch 020 | train_loss=0.0947 | val_acc=97.14% val_f1=0.9690 | test_acc=83.43% test_f1=0.7851
Epoch 021 | train_loss=0.0732 | val_acc=97.71% val_f1=0.9752 | test_acc=83.43% test_f1=0.7809
Epoch 022 | train_loss=0.0775 | val_acc=97.71% val_f1=0.9752 | test_acc=84.55% test_f1=0.7957
Epoch 023 | train_loss=0.0756 | val_acc=98.29% val_f1=0.9830 | test_acc=85.96% test_f1=0.8136
Epoch 024 | train_loss=0.0650 | val_acc=97.71% val_f1=0.9752 | test_acc=81.18% test_f1=0.7435
Epoch 025 | train_loss=0.0615 | val_acc=98.29% val_f1=0.9830 | test_acc=82.30% test_f1=0.7648
Epoch 026 | train_loss=0.0497 | val_acc=98.29% val_f1=0.9804 | test_acc=80.62% test_f1=0.7379
Epoch 027 | train_loss=0.0565 | val_acc=98.29% val_f1=0.9830 | test_acc=82.58% test_f1=0.7707
Epoch 028 | train_loss=0.0569 | val_acc=97.71% val_f1=0.9752 | test_acc=84.83% test_f1=0.7975
Epoch 029 | train_loss=0.0488 | val_acc=97.71% val_f1=0.9752 | test_acc=83.71% test_f1=0.7786
Epoch 030 | train_loss=0.0433 | val_acc=97.71% val_f1=0.9752 | test_acc=82.30% test_f1=0.7624
Epoch 031 | train_loss=0.0338 | val_acc=97.71% val_f1=0.9752 | test_acc=81.74% test_f1=0.7515
Epoch 032 | train_loss=0.0316 | val_acc=98.86% val_f1=0.9861 | test_acc=82.30% test_f1=0.7638
Epoch 033 | train_loss=0.0373 | val_acc=98.86% val_f1=0.9861 | test_acc=83.99% test_f1=0.7921
Epoch 034 | train_loss=0.0388 | val_acc=97.71% val_f1=0.9752 | test_acc=84.83% test_f1=0.8026
Epoch 035 | train_loss=0.0365 | val_acc=97.71% val_f1=0.9752 | test_acc=82.58% test_f1=0.7637
Epoch 036 | train_loss=0.0324 | val_acc=99.43% val_f1=0.9919 | test_acc=84.83% test_f1=0.8036
Epoch 037 | train_loss=0.0313 | val_acc=99.43% val_f1=0.9942 | test_acc=84.55% test_f1=0.8030
Epoch 038 | train_loss=0.0299 | val_acc=99.43% val_f1=0.9919 | test_acc=83.71% test_f1=0.7899
Epoch 039 | train_loss=0.0292 | val_acc=99.43% val_f1=0.9943 | test_acc=85.39% test_f1=0.8136
Epoch 040 | train_loss=0.0223 | val_acc=100.00% val_f1=1.0000 | test_acc=84.83% test_f1=0.8058
Epoch 041 | train_loss=0.0232 | val_acc=99.43% val_f1=0.9919 | test_acc=83.43% test_f1=0.7878
Epoch 042 | train_loss=0.0246 | val_acc=99.43% val_f1=0.9919 | test_acc=83.15% test_f1=0.7834
Epoch 043 | train_loss=0.0230 | val_acc=100.00% val_f1=1.0000 | test_acc=83.71% test_f1=0.7921
Epoch 044 | train_loss=0.0235 | val_acc=99.43% val_f1=0.9919 | test_acc=81.74% test_f1=0.7620
Epoch 045 | train_loss=0.0211 | val_acc=99.43% val_f1=0.9919 | test_acc=81.46% test_f1=0.7563
Epoch 046 | train_loss=0.0216 | val_acc=100.00% val_f1=1.0000 | test_acc=83.71% test_f1=0.7921
Epoch 047 | train_loss=0.0189 | val_acc=99.43% val_f1=0.9919 | test_acc=82.87% test_f1=0.7789
Epoch 048 | train_loss=0.0227 | val_acc=99.43% val_f1=0.9919 | test_acc=82.30% test_f1=0.7700
Epoch 049 | train_loss=0.0200 | val_acc=99.43% val_f1=0.9919 | test_acc=82.58% test_f1=0.7764
Epoch 050 | train_loss=0.0175 | val_acc=99.43% val_f1=0.9919 | test_acc=82.87% test_f1=0.7807
Epoch 051 | train_loss=0.0188 | val_acc=99.43% val_f1=0.9919 | test_acc=83.43% test_f1=0.7878
Epoch 052 | train_loss=0.0137 | val_acc=99.43% val_f1=0.9919 | test_acc=83.43% test_f1=0.7878
Epoch 053 | train_loss=0.0201 | val_acc=99.43% val_f1=0.9919 | test_acc=83.15% test_f1=0.7824
Epoch 054 | train_loss=0.0150 | val_acc=99.43% val_f1=0.9919 | test_acc=84.83% test_f1=0.8037
Epoch 055 | train_loss=0.0177 | val_acc=99.43% val_f1=0.9919 | test_acc=83.71% test_f1=0.7912
Epoch 056 | train_loss=0.0136 | val_acc=99.43% val_f1=0.9919 | test_acc=83.43% test_f1=0.7878
Early stopping at epoch 56 (best=40, score=1.000000)
================================================================================
Best epoch: 40
Best score (val_macro_f1): 1.000000
Final test accuracy: 84.83%
Saved to: ablation_experiments/h1/results/comparison_18d_baselines/transformer/transformer_weld_seam_windows_ws5_tf75_pg0_h1_dm64_nh8_l2_ff128_do0.2_ep80_lr0.0002_wd0.0005_bs128_seed14
/usr/local/lib/python3.10/dist-packages/torch/nn/modules/transformer.py:385: UserWarning: enable_nested_tensor is True, but self.use_nested_tensor is False because encoder_layer.norm_first was True
  warnings.warn(
================================================================================
Comparison baseline | model=transformer
================================================================================
Dataset: /home/huang_kai/wind_turbine_phm/PHOENIX-main/autoencoder_benchmark/Data/processed_data/weld_seam_windows_ws5_tf75_pg0_h1.npz
Device: cuda
Train/Val/Test: 990 / 175 / 356
Epoch 001 | train_loss=1.1844 | val_acc=54.86% val_f1=0.4167 | test_acc=64.61% test_f1=0.4760
Epoch 002 | train_loss=1.0021 | val_acc=79.43% val_f1=0.7916 | test_acc=80.62% test_f1=0.6659
Epoch 003 | train_loss=0.8730 | val_acc=85.71% val_f1=0.8433 | test_acc=93.54% test_f1=0.9049
Epoch 004 | train_loss=0.7556 | val_acc=90.29% val_f1=0.8921 | test_acc=92.13% test_f1=0.8865
Epoch 005 | train_loss=0.6486 | val_acc=92.00% val_f1=0.9111 | test_acc=90.17% test_f1=0.8636
Epoch 006 | train_loss=0.5300 | val_acc=93.14% val_f1=0.9243 | test_acc=87.92% test_f1=0.8375
Epoch 007 | train_loss=0.4622 | val_acc=94.29% val_f1=0.9376 | test_acc=86.52% test_f1=0.8202
Epoch 008 | train_loss=0.3839 | val_acc=93.71% val_f1=0.9324 | test_acc=86.80% test_f1=0.8221
Epoch 009 | train_loss=0.3299 | val_acc=94.29% val_f1=0.9376 | test_acc=85.11% test_f1=0.8025
Epoch 010 | train_loss=0.2924 | val_acc=95.43% val_f1=0.9538 | test_acc=83.43% test_f1=0.7798
Epoch 011 | train_loss=0.2823 | val_acc=95.43% val_f1=0.9538 | test_acc=82.87% test_f1=0.7650
Epoch 012 | train_loss=0.2338 | val_acc=96.57% val_f1=0.9667 | test_acc=85.96% test_f1=0.8196
Epoch 013 | train_loss=0.1978 | val_acc=98.86% val_f1=0.9886 | test_acc=80.62% test_f1=0.7413
Epoch 014 | train_loss=0.1860 | val_acc=96.57% val_f1=0.9667 | test_acc=85.96% test_f1=0.8188
Epoch 015 | train_loss=0.1512 | val_acc=96.00% val_f1=0.9613 | test_acc=82.58% test_f1=0.7549
Epoch 016 | train_loss=0.1430 | val_acc=96.57% val_f1=0.9667 | test_acc=81.18% test_f1=0.7449
Epoch 017 | train_loss=0.1273 | val_acc=98.86% val_f1=0.9886 | test_acc=80.34% test_f1=0.7344
Epoch 018 | train_loss=0.1069 | val_acc=97.71% val_f1=0.9775 | test_acc=78.65% test_f1=0.7032
Epoch 019 | train_loss=0.0979 | val_acc=98.86% val_f1=0.9886 | test_acc=78.65% test_f1=0.7064
Epoch 020 | train_loss=0.1019 | val_acc=98.86% val_f1=0.9885 | test_acc=77.81% test_f1=0.6928
Epoch 021 | train_loss=0.0888 | val_acc=96.00% val_f1=0.9613 | test_acc=84.27% test_f1=0.7859
Epoch 022 | train_loss=0.0789 | val_acc=97.71% val_f1=0.9775 | test_acc=80.34% test_f1=0.7234
Epoch 023 | train_loss=0.0719 | val_acc=99.43% val_f1=0.9942 | test_acc=77.25% test_f1=0.6871
Epoch 024 | train_loss=0.0662 | val_acc=100.00% val_f1=1.0000 | test_acc=82.87% test_f1=0.7781
Epoch 025 | train_loss=0.0608 | val_acc=98.29% val_f1=0.9830 | test_acc=82.02% test_f1=0.7551
Epoch 026 | train_loss=0.0538 | val_acc=98.86% val_f1=0.9885 | test_acc=80.34% test_f1=0.7356
Epoch 027 | train_loss=0.0541 | val_acc=99.43% val_f1=0.9942 | test_acc=78.37% test_f1=0.7097
Epoch 028 | train_loss=0.0535 | val_acc=98.86% val_f1=0.9885 | test_acc=80.62% test_f1=0.7337
Epoch 029 | train_loss=0.0379 | val_acc=98.29% val_f1=0.9830 | test_acc=81.46% test_f1=0.7402
Epoch 030 | train_loss=0.0356 | val_acc=98.86% val_f1=0.9886 | test_acc=79.78% test_f1=0.7168
Epoch 031 | train_loss=0.0386 | val_acc=99.43% val_f1=0.9942 | test_acc=77.81% test_f1=0.6894
Epoch 032 | train_loss=0.0348 | val_acc=99.43% val_f1=0.9942 | test_acc=77.53% test_f1=0.6982
Epoch 033 | train_loss=0.0480 | val_acc=99.43% val_f1=0.9943 | test_acc=79.21% test_f1=0.7100
Epoch 034 | train_loss=0.0301 | val_acc=99.43% val_f1=0.9943 | test_acc=80.06% test_f1=0.7201
Epoch 035 | train_loss=0.0326 | val_acc=99.43% val_f1=0.9943 | test_acc=83.99% test_f1=0.7908
Epoch 036 | train_loss=0.0340 | val_acc=99.43% val_f1=0.9943 | test_acc=81.18% test_f1=0.7462
Epoch 037 | train_loss=0.0245 | val_acc=99.43% val_f1=0.9942 | test_acc=78.37% test_f1=0.7068
Epoch 038 | train_loss=0.0304 | val_acc=99.43% val_f1=0.9942 | test_acc=76.12% test_f1=0.6735
Epoch 039 | train_loss=0.0281 | val_acc=99.43% val_f1=0.9942 | test_acc=79.21% test_f1=0.7189
Epoch 040 | train_loss=0.0260 | val_acc=99.43% val_f1=0.9943 | test_acc=80.62% test_f1=0.7394
Early stopping at epoch 40 (best=24, score=1.000000)
================================================================================
Best epoch: 24
Best score (val_macro_f1): 1.000000
Final test accuracy: 82.87%
Saved to: ablation_experiments/h1/results/comparison_18d_baselines/transformer/transformer_weld_seam_windows_ws5_tf75_pg0_h1_dm64_nh8_l2_ff128_do0.2_ep80_lr0.0002_wd0.0005_bs128_seed42
/usr/local/lib/python3.10/dist-packages/torch/nn/modules/transformer.py:385: UserWarning: enable_nested_tensor is True, but self.use_nested_tensor is False because encoder_layer.norm_first was True
  warnings.warn(
================================================================================
Comparison baseline | model=transformer
================================================================================
Dataset: /home/huang_kai/wind_turbine_phm/PHOENIX-main/autoencoder_benchmark/Data/processed_data/weld_seam_windows_ws5_tf75_pg0_h1.npz
Device: cuda
Train/Val/Test: 990 / 175 / 356
Epoch 001 | train_loss=1.0477 | val_acc=38.86% val_f1=0.4049 | test_acc=40.17% test_f1=0.4314
Epoch 002 | train_loss=0.9407 | val_acc=52.00% val_f1=0.5492 | test_acc=56.74% test_f1=0.6203
Epoch 003 | train_loss=0.8290 | val_acc=80.00% val_f1=0.7797 | test_acc=79.49% test_f1=0.8061
Epoch 004 | train_loss=0.7412 | val_acc=88.57% val_f1=0.8695 | test_acc=90.45% test_f1=0.8883
Epoch 005 | train_loss=0.6212 | val_acc=90.29% val_f1=0.8909 | test_acc=89.04% test_f1=0.8655
Epoch 006 | train_loss=0.5431 | val_acc=93.71% val_f1=0.9346 | test_acc=84.55% test_f1=0.7923
Epoch 007 | train_loss=0.4539 | val_acc=94.29% val_f1=0.9427 | test_acc=85.96% test_f1=0.8131
Epoch 008 | train_loss=0.4447 | val_acc=94.29% val_f1=0.9427 | test_acc=84.83% test_f1=0.7924
Epoch 009 | train_loss=0.3588 | val_acc=93.71% val_f1=0.9369 | test_acc=86.24% test_f1=0.8193
Epoch 010 | train_loss=0.3211 | val_acc=94.29% val_f1=0.9450 | test_acc=85.96% test_f1=0.8147
Epoch 011 | train_loss=0.2678 | val_acc=94.86% val_f1=0.9508 | test_acc=86.80% test_f1=0.8230
Epoch 012 | train_loss=0.2208 | val_acc=94.86% val_f1=0.9508 | test_acc=88.76% test_f1=0.8563
Epoch 013 | train_loss=0.1906 | val_acc=96.00% val_f1=0.9609 | test_acc=81.74% test_f1=0.7517
Epoch 014 | train_loss=0.1628 | val_acc=97.71% val_f1=0.9772 | test_acc=81.74% test_f1=0.7557
Epoch 015 | train_loss=0.1328 | val_acc=97.14% val_f1=0.9721 | test_acc=84.83% test_f1=0.7975
Epoch 016 | train_loss=0.1285 | val_acc=97.71% val_f1=0.9775 | test_acc=85.96% test_f1=0.8192
Epoch 017 | train_loss=0.1239 | val_acc=100.00% val_f1=1.0000 | test_acc=80.62% test_f1=0.7394
Epoch 018 | train_loss=0.1154 | val_acc=98.29% val_f1=0.9830 | test_acc=81.74% test_f1=0.7524
Epoch 019 | train_loss=0.1045 | val_acc=98.29% val_f1=0.9830 | test_acc=85.39% test_f1=0.8114
Epoch 020 | train_loss=0.0908 | val_acc=100.00% val_f1=1.0000 | test_acc=79.49% test_f1=0.7227
Epoch 021 | train_loss=0.0718 | val_acc=100.00% val_f1=1.0000 | test_acc=78.65% test_f1=0.7166
Epoch 022 | train_loss=0.0765 | val_acc=98.29% val_f1=0.9830 | test_acc=79.78% test_f1=0.7304
Epoch 023 | train_loss=0.0700 | val_acc=98.29% val_f1=0.9830 | test_acc=80.62% test_f1=0.7414
Epoch 024 | train_loss=0.0572 | val_acc=98.29% val_f1=0.9830 | test_acc=81.74% test_f1=0.7635
Epoch 025 | train_loss=0.0669 | val_acc=98.86% val_f1=0.9886 | test_acc=79.21% test_f1=0.7252
Epoch 026 | train_loss=0.0580 | val_acc=100.00% val_f1=1.0000 | test_acc=77.53% test_f1=0.7044
Epoch 027 | train_loss=0.0400 | val_acc=100.00% val_f1=1.0000 | test_acc=79.49% test_f1=0.7397
Epoch 028 | train_loss=0.0408 | val_acc=100.00% val_f1=1.0000 | test_acc=77.53% test_f1=0.7048
Epoch 029 | train_loss=0.0430 | val_acc=100.00% val_f1=1.0000 | test_acc=81.18% test_f1=0.7637
Epoch 030 | train_loss=0.0403 | val_acc=100.00% val_f1=1.0000 | test_acc=78.09% test_f1=0.7191
Epoch 031 | train_loss=0.0501 | val_acc=100.00% val_f1=1.0000 | test_acc=75.28% test_f1=0.6707
Epoch 032 | train_loss=0.0387 | val_acc=99.43% val_f1=0.9942 | test_acc=82.02% test_f1=0.7764
Epoch 033 | train_loss=0.0404 | val_acc=100.00% val_f1=1.0000 | test_acc=76.69% test_f1=0.6915
Early stopping at epoch 33 (best=17, score=1.000000)
================================================================================
Best epoch: 17
Best score (val_macro_f1): 1.000000
Final test accuracy: 80.62%
Saved to: ablation_experiments/h1/results/comparison_18d_baselines/transformer/transformer_weld_seam_windows_ws5_tf75_pg0_h1_dm64_nh8_l2_ff128_do0.2_ep80_lr0.0002_wd0.0005_bs128_seed77
/usr/local/lib/python3.10/dist-packages/torch/nn/modules/transformer.py:385: UserWarning: enable_nested_tensor is True, but self.use_nested_tensor is False because encoder_layer.norm_first was True
  warnings.warn(
================================================================================
Comparison baseline | model=transformer
================================================================================
Dataset: /home/huang_kai/wind_turbine_phm/PHOENIX-main/autoencoder_benchmark/Data/processed_data/weld_seam_windows_ws5_tf75_pg0_h1.npz
Device: cuda
Train/Val/Test: 990 / 175 / 356
Epoch 001 | train_loss=1.0541 | val_acc=45.14% val_f1=0.4763 | test_acc=51.12% test_f1=0.5612
Epoch 002 | train_loss=0.9252 | val_acc=66.29% val_f1=0.6700 | test_acc=87.36% test_f1=0.8673
Epoch 003 | train_loss=0.7898 | val_acc=87.43% val_f1=0.8526 | test_acc=93.26% test_f1=0.9030
Epoch 004 | train_loss=0.6959 | val_acc=94.86% val_f1=0.9337 | test_acc=87.64% test_f1=0.8216
Epoch 005 | train_loss=0.5609 | val_acc=94.29% val_f1=0.9255 | test_acc=87.08% test_f1=0.8238
Epoch 006 | train_loss=0.4713 | val_acc=95.43% val_f1=0.9412 | test_acc=87.64% test_f1=0.8369
Epoch 007 | train_loss=0.4090 | val_acc=97.14% val_f1=0.9637 | test_acc=79.78% test_f1=0.7168
Epoch 008 | train_loss=0.3507 | val_acc=96.00% val_f1=0.9533 | test_acc=84.55% test_f1=0.7907
Epoch 009 | train_loss=0.2935 | val_acc=94.29% val_f1=0.9381 | test_acc=86.24% test_f1=0.8082
Epoch 010 | train_loss=0.2363 | val_acc=94.86% val_f1=0.9433 | test_acc=86.52% test_f1=0.8145
Epoch 011 | train_loss=0.2137 | val_acc=96.00% val_f1=0.9566 | test_acc=83.43% test_f1=0.7716
Epoch 012 | train_loss=0.1929 | val_acc=95.43% val_f1=0.9514 | test_acc=84.55% test_f1=0.7826
Epoch 013 | train_loss=0.1669 | val_acc=96.57% val_f1=0.9644 | test_acc=87.36% test_f1=0.8347
Epoch 014 | train_loss=0.1250 | val_acc=97.71% val_f1=0.9724 | test_acc=81.18% test_f1=0.7404
Epoch 015 | train_loss=0.1515 | val_acc=95.43% val_f1=0.9509 | test_acc=89.04% test_f1=0.8553
Epoch 016 | train_loss=0.1227 | val_acc=96.00% val_f1=0.9590 | test_acc=87.36% test_f1=0.8269
Epoch 017 | train_loss=0.1143 | val_acc=98.86% val_f1=0.9862 | test_acc=85.39% test_f1=0.8070
Epoch 018 | train_loss=0.0967 | val_acc=99.43% val_f1=0.9919 | test_acc=85.96% test_f1=0.8179
Epoch 019 | train_loss=0.0744 | val_acc=98.86% val_f1=0.9862 | test_acc=81.46% test_f1=0.7383
Epoch 020 | train_loss=0.0853 | val_acc=98.86% val_f1=0.9862 | test_acc=87.36% test_f1=0.8347
Epoch 021 | train_loss=0.0685 | val_acc=98.86% val_f1=0.9837 | test_acc=87.92% test_f1=0.8454
Epoch 022 | train_loss=0.0764 | val_acc=99.43% val_f1=0.9919 | test_acc=81.18% test_f1=0.7435
Epoch 023 | train_loss=0.0599 | val_acc=98.86% val_f1=0.9837 | test_acc=83.71% test_f1=0.7854
Epoch 024 | train_loss=0.0613 | val_acc=99.43% val_f1=0.9919 | test_acc=85.39% test_f1=0.8018
Epoch 025 | train_loss=0.0537 | val_acc=99.43% val_f1=0.9919 | test_acc=83.99% test_f1=0.7763
Epoch 026 | train_loss=0.0521 | val_acc=99.43% val_f1=0.9919 | test_acc=83.71% test_f1=0.7820
Epoch 027 | train_loss=0.0407 | val_acc=99.43% val_f1=0.9919 | test_acc=82.30% test_f1=0.7637
Epoch 028 | train_loss=0.0453 | val_acc=99.43% val_f1=0.9919 | test_acc=82.30% test_f1=0.7612
Epoch 029 | train_loss=0.0386 | val_acc=99.43% val_f1=0.9919 | test_acc=82.30% test_f1=0.7584
Epoch 030 | train_loss=0.0393 | val_acc=99.43% val_f1=0.9919 | test_acc=83.43% test_f1=0.7786
Epoch 031 | train_loss=0.0328 | val_acc=99.43% val_f1=0.9919 | test_acc=85.96% test_f1=0.8203
Epoch 032 | train_loss=0.0303 | val_acc=99.43% val_f1=0.9919 | test_acc=86.24% test_f1=0.8193
Epoch 033 | train_loss=0.0283 | val_acc=99.43% val_f1=0.9919 | test_acc=83.71% test_f1=0.7820
Epoch 034 | train_loss=0.0310 | val_acc=99.43% val_f1=0.9919 | test_acc=85.39% test_f1=0.7988
Early stopping at epoch 34 (best=18, score=0.991859)
================================================================================
Best epoch: 18
Best score (val_macro_f1): 0.991859
Final test accuracy: 85.96%
Saved to: ablation_experiments/h1/results/comparison_18d_baselines/transformer/transformer_weld_seam_windows_ws5_tf75_pg0_h1_dm64_nh8_l2_ff128_do0.2_ep80_lr0.0002_wd0.0005_bs128_seed122
/usr/local/lib/python3.10/dist-packages/torch/nn/modules/transformer.py:385: UserWarning: enable_nested_tensor is True, but self.use_nested_tensor is False because encoder_layer.norm_first was True
  warnings.warn(
================================================================================
Comparison baseline | model=transformer
================================================================================
Dataset: /home/huang_kai/wind_turbine_phm/PHOENIX-main/autoencoder_benchmark/Data/processed_data/weld_seam_windows_ws5_tf75_pg0_h1.npz
Device: cuda
Train/Val/Test: 990 / 175 / 356
Epoch 001 | train_loss=1.1017 | val_acc=41.14% val_f1=0.4300 | test_acc=81.74% test_f1=0.8194
Epoch 002 | train_loss=0.9580 | val_acc=48.00% val_f1=0.5099 | test_acc=78.65% test_f1=0.7966
Epoch 003 | train_loss=0.8405 | val_acc=66.86% val_f1=0.6962 | test_acc=85.67% test_f1=0.8420
Epoch 004 | train_loss=0.7191 | val_acc=80.00% val_f1=0.7966 | test_acc=93.82% test_f1=0.9208
Epoch 005 | train_loss=0.6586 | val_acc=87.43% val_f1=0.8646 | test_acc=94.94% test_f1=0.9254
Epoch 006 | train_loss=0.5480 | val_acc=92.57% val_f1=0.9227 | test_acc=95.22% test_f1=0.9297
Epoch 007 | train_loss=0.4860 | val_acc=93.14% val_f1=0.9310 | test_acc=93.54% test_f1=0.9034
Epoch 008 | train_loss=0.4206 | val_acc=92.57% val_f1=0.9258 | test_acc=93.54% test_f1=0.9034
Epoch 009 | train_loss=0.3574 | val_acc=93.14% val_f1=0.9310 | test_acc=94.66% test_f1=0.9211
Epoch 010 | train_loss=0.3138 | val_acc=93.71% val_f1=0.9362 | test_acc=94.38% test_f1=0.9167
Epoch 011 | train_loss=0.2878 | val_acc=94.29% val_f1=0.9444 | test_acc=92.13% test_f1=0.8889
Epoch 012 | train_loss=0.2431 | val_acc=94.29% val_f1=0.9444 | test_acc=92.70% test_f1=0.8978
Epoch 013 | train_loss=0.2225 | val_acc=94.29% val_f1=0.9444 | test_acc=90.17% test_f1=0.8621
Epoch 014 | train_loss=0.1856 | val_acc=95.43% val_f1=0.9550 | test_acc=90.73% test_f1=0.8753
Epoch 015 | train_loss=0.1795 | val_acc=96.00% val_f1=0.9604 | test_acc=84.55% test_f1=0.7746
Epoch 016 | train_loss=0.1723 | val_acc=96.00% val_f1=0.9604 | test_acc=89.61% test_f1=0.8652
Epoch 017 | train_loss=0.1490 | val_acc=95.43% val_f1=0.9550 | test_acc=90.17% test_f1=0.8679
Epoch 018 | train_loss=0.1279 | val_acc=95.43% val_f1=0.9550 | test_acc=88.20% test_f1=0.8329
Epoch 019 | train_loss=0.1215 | val_acc=96.00% val_f1=0.9604 | test_acc=87.92% test_f1=0.8445
Epoch 020 | train_loss=0.1130 | val_acc=97.71% val_f1=0.9770 | test_acc=84.55% test_f1=0.7978
Epoch 021 | train_loss=0.0951 | val_acc=96.57% val_f1=0.9659 | test_acc=84.27% test_f1=0.7844
Epoch 022 | train_loss=0.1033 | val_acc=96.57% val_f1=0.9663 | test_acc=85.96% test_f1=0.8067
Epoch 023 | train_loss=0.0831 | val_acc=97.14% val_f1=0.9717 | test_acc=86.80% test_f1=0.8259
Epoch 024 | train_loss=0.0828 | val_acc=97.71% val_f1=0.9772 | test_acc=84.83% test_f1=0.7991
Epoch 025 | train_loss=0.0654 | val_acc=97.71% val_f1=0.9775 | test_acc=85.67% test_f1=0.8115
Epoch 026 | train_loss=0.0689 | val_acc=97.71% val_f1=0.9775 | test_acc=84.27% test_f1=0.7887
Epoch 027 | train_loss=0.0598 | val_acc=98.86% val_f1=0.9886 | test_acc=84.55% test_f1=0.7957
Epoch 028 | train_loss=0.0538 | val_acc=98.29% val_f1=0.9805 | test_acc=85.67% test_f1=0.8135
Epoch 029 | train_loss=0.0537 | val_acc=98.86% val_f1=0.9886 | test_acc=83.71% test_f1=0.7807
Epoch 030 | train_loss=0.0425 | val_acc=99.43% val_f1=0.9943 | test_acc=82.58% test_f1=0.7693
Epoch 031 | train_loss=0.0412 | val_acc=100.00% val_f1=1.0000 | test_acc=85.11% test_f1=0.8057
Epoch 032 | train_loss=0.0419 | val_acc=98.86% val_f1=0.9886 | test_acc=85.96% test_f1=0.8169
Epoch 033 | train_loss=0.0383 | val_acc=98.29% val_f1=0.9830 | test_acc=86.52% test_f1=0.8214
Epoch 034 | train_loss=0.0352 | val_acc=100.00% val_f1=1.0000 | test_acc=83.71% test_f1=0.7854
Epoch 035 | train_loss=0.0351 | val_acc=100.00% val_f1=1.0000 | test_acc=84.55% test_f1=0.7968
Epoch 036 | train_loss=0.0306 | val_acc=100.00% val_f1=1.0000 | test_acc=84.27% test_f1=0.7923
Epoch 037 | train_loss=0.0269 | val_acc=100.00% val_f1=1.0000 | test_acc=84.83% test_f1=0.8039
Epoch 038 | train_loss=0.0275 | val_acc=100.00% val_f1=1.0000 | test_acc=85.96% test_f1=0.8196
Epoch 039 | train_loss=0.0253 | val_acc=100.00% val_f1=1.0000 | test_acc=84.27% test_f1=0.7923
Epoch 040 | train_loss=0.0273 | val_acc=100.00% val_f1=1.0000 | test_acc=83.15% test_f1=0.7763
Epoch 041 | train_loss=0.0242 | val_acc=100.00% val_f1=1.0000 | test_acc=83.43% test_f1=0.7828
Epoch 042 | train_loss=0.0249 | val_acc=100.00% val_f1=1.0000 | test_acc=86.80% test_f1=0.8300
Epoch 043 | train_loss=0.0262 | val_acc=100.00% val_f1=1.0000 | test_acc=86.80% test_f1=0.8300
Epoch 044 | train_loss=0.0199 | val_acc=100.00% val_f1=1.0000 | test_acc=85.96% test_f1=0.8188
Epoch 045 | train_loss=0.0217 | val_acc=100.00% val_f1=1.0000 | test_acc=85.39% test_f1=0.8118
Epoch 046 | train_loss=0.0191 | val_acc=100.00% val_f1=1.0000 | test_acc=85.11% test_f1=0.8089
Epoch 047 | train_loss=0.0182 | val_acc=100.00% val_f1=1.0000 | test_acc=85.67% test_f1=0.8161
Early stopping at epoch 47 (best=31, score=1.000000)
================================================================================
Best epoch: 31
Best score (val_macro_f1): 1.000000
Final test accuracy: 85.11%
Saved to: ablation_experiments/h1/results/comparison_18d_baselines/transformer/transformer_weld_seam_windows_ws5_tf75_pg0_h1_dm64_nh8_l2_ff128_do0.2_ep80_lr0.0002_wd0.0005_bs128_seed183
[seed_eval] transformer_weld_seam_windows_ws5_tf75_pg0_h1_dm64_nh8_l4_ff256_do0.3_ep80_lr0.0003_wd0.0005_bs64_seed42 | status=success test_acc=85.67% f1=0.8135
[seed_eval] transformer_weld_seam_windows_ws5_tf75_pg0_h1_dm64_nh8_l4_ff256_do0.3_ep80_lr0.0003_wd0.0005_bs64_seed77 | status=success test_acc=84.83% f1=0.8085
[seed_eval] transformer_weld_seam_windows_ws5_tf75_pg0_h1_dm64_nh8_l4_ff256_do0.3_ep80_lr0.0003_wd0.0005_bs64_seed100 | status=success test_acc=78.93% f1=0.7212
[seed_eval] transformer_weld_seam_windows_ws5_tf75_pg0_h1_dm64_nh8_l4_ff256_do0.3_ep80_lr0.0003_wd0.0005_bs64_seed122 | status=success test_acc=76.97% f1=0.6964
[seed_eval] transformer_weld_seam_windows_ws5_tf75_pg0_h1_dm64_nh8_l4_ff256_do0.3_ep80_lr0.0003_wd0.0005_bs64_seed183 | status=success test_acc=81.74% f1=0.7568
[seed_eval] transformer_weld_seam_windows_ws5_tf75_pg0_h1_dm96_nh4_l3_ff128_do0.1_ep80_lr0.0003_wd0.0002_bs128_seed14 | status=skipped_existing test_acc=86.52% f1=0.8335
[seed_eval] transformer_weld_seam_windows_ws5_tf75_pg0_h1_dm96_nh4_l3_ff128_do0.1_ep80_lr0.0003_wd0.0002_bs128_seed42 | status=success test_acc=84.27% f1=0.7947
[seed_eval] transformer_weld_seam_windows_ws5_tf75_pg0_h1_dm96_nh4_l3_ff128_do0.1_ep80_lr0.0003_wd0.0002_bs128_seed77 | status=success test_acc=80.34% f1=0.7356
[seed_eval] transformer_weld_seam_windows_ws5_tf75_pg0_h1_dm96_nh4_l3_ff128_do0.1_ep80_lr0.0003_wd0.0002_bs128_seed100 | status=success test_acc=82.87% f1=0.7680
[seed_eval] transformer_weld_seam_windows_ws5_tf75_pg0_h1_dm96_nh4_l3_ff128_do0.1_ep80_lr0.0003_wd0.0002_bs128_seed122 | status=success test_acc=72.75% f1=0.6338
[seed_eval] transformer_weld_seam_windows_ws5_tf75_pg0_h1_dm96_nh4_l3_ff128_do0.1_ep80_lr0.0003_wd0.0002_bs128_seed183 | status=success test_acc=83.99% f1=0.7961
[seed_eval] transformer_weld_seam_windows_ws5_tf75_pg0_h1_dm64_nh8_l2_ff256_do0.3_ep80_lr0.0005_wd0.0005_bs64_seed14 | status=skipped_existing test_acc=86.52% f1=0.8266
[seed_eval] transformer_weld_seam_windows_ws5_tf75_pg0_h1_dm64_nh8_l2_ff256_do0.3_ep80_lr0.0005_wd0.0005_bs64_seed42 | status=success test_acc=81.46% f1=0.7469
[seed_eval] transformer_weld_seam_windows_ws5_tf75_pg0_h1_dm64_nh8_l2_ff256_do0.3_ep80_lr0.0005_wd0.0005_bs64_seed77 | status=success test_acc=77.53% f1=0.6876
[seed_eval] transformer_weld_seam_windows_ws5_tf75_pg0_h1_dm64_nh8_l2_ff256_do0.3_ep80_lr0.0005_wd0.0005_bs64_seed100 | status=success test_acc=87.36% f1=0.8336
[seed_eval] transformer_weld_seam_windows_ws5_tf75_pg0_h1_dm64_nh8_l2_ff256_do0.3_ep80_lr0.0005_wd0.0005_bs64_seed122 | status=success test_acc=85.39% f1=0.8156
[seed_eval] transformer_weld_seam_windows_ws5_tf75_pg0_h1_dm64_nh8_l2_ff256_do0.3_ep80_lr0.0005_wd0.0005_bs64_seed183 | status=success test_acc=85.39% f1=0.8132
[seed_eval] transformer_weld_seam_windows_ws5_tf75_pg0_h1_dm64_nh8_l2_ff128_do0.2_ep80_lr0.0002_wd0.0005_bs128_seed14 | status=success test_acc=84.83% f1=0.8058
[seed_eval] transformer_weld_seam_windows_ws5_tf75_pg0_h1_dm64_nh8_l2_ff128_do0.2_ep80_lr0.0002_wd0.0005_bs128_seed42 | status=success test_acc=82.87% f1=0.7781
[seed_eval] transformer_weld_seam_windows_ws5_tf75_pg0_h1_dm64_nh8_l2_ff128_do0.2_ep80_lr0.0002_wd0.0005_bs128_seed77 | status=success test_acc=80.62% f1=0.7394
[seed_eval] transformer_weld_seam_windows_ws5_tf75_pg0_h1_dm64_nh8_l2_ff128_do0.2_ep80_lr0.0002_wd0.0005_bs128_seed100 | status=skipped_existing test_acc=86.52% f1=0.8247
[seed_eval] transformer_weld_seam_windows_ws5_tf75_pg0_h1_dm64_nh8_l2_ff128_do0.2_ep80_lr0.0002_wd0.0005_bs128_seed122 | status=success test_acc=85.96% f1=0.8179
[seed_eval] transformer_weld_seam_windows_ws5_tf75_pg0_h1_dm64_nh8_l2_ff128_do0.2_ep80_lr0.0002_wd0.0005_bs128_seed183 | status=success test_acc=85.11% f1=0.8057
Sweep complete for model=transformer
Report dir: ablation_experiments/h1/reports/comparison_18d_baselines/round3/transformer
