================================================================================
Comparison baseline | model=inception
================================================================================
Dataset: /home/huang_kai/wind_turbine_phm/PHOENIX-main/autoencoder_benchmark/Data/processed_data/weld_seam_windows_ws5_tf75_pg0_h1.npz
Device: cuda
Train/Val/Test: 990 / 175 / 356
Epoch 001 | train_loss=1.0463 | val_acc=42.29% val_f1=0.4302 | test_acc=46.63% test_f1=0.4881
Epoch 002 | train_loss=0.9763 | val_acc=58.29% val_f1=0.5879 | test_acc=59.55% test_f1=0.6325
Epoch 003 | train_loss=0.8801 | val_acc=66.29% val_f1=0.6648 | test_acc=69.10% test_f1=0.7320
Epoch 004 | train_loss=0.8002 | val_acc=72.57% val_f1=0.7197 | test_acc=69.66% test_f1=0.7349
Epoch 005 | train_loss=0.7473 | val_acc=77.14% val_f1=0.7618 | test_acc=73.60% test_f1=0.7577
Epoch 006 | train_loss=0.7099 | val_acc=81.14% val_f1=0.7938 | test_acc=82.30% test_f1=0.8257
Epoch 007 | train_loss=0.6246 | val_acc=82.29% val_f1=0.8019 | test_acc=87.92% test_f1=0.8700
Epoch 008 | train_loss=0.6096 | val_acc=85.14% val_f1=0.8260 | test_acc=93.26% test_f1=0.9121
Epoch 009 | train_loss=0.5770 | val_acc=87.43% val_f1=0.8490 | test_acc=93.54% test_f1=0.9141
Epoch 010 | train_loss=0.5060 | val_acc=90.29% val_f1=0.8807 | test_acc=93.54% test_f1=0.9153
Epoch 011 | train_loss=0.4703 | val_acc=90.86% val_f1=0.8888 | test_acc=92.98% test_f1=0.9090
Epoch 012 | train_loss=0.4547 | val_acc=92.57% val_f1=0.9130 | test_acc=92.42% test_f1=0.9018
Epoch 013 | train_loss=0.4050 | val_acc=92.57% val_f1=0.9106 | test_acc=89.33% test_f1=0.8625
Epoch 014 | train_loss=0.3847 | val_acc=92.00% val_f1=0.9054 | test_acc=91.01% test_f1=0.8823
Epoch 015 | train_loss=0.3514 | val_acc=92.57% val_f1=0.9134 | test_acc=87.64% test_f1=0.8347
Epoch 016 | train_loss=0.3504 | val_acc=92.57% val_f1=0.9134 | test_acc=90.73% test_f1=0.8780
Epoch 017 | train_loss=0.3119 | val_acc=92.57% val_f1=0.9162 | test_acc=90.73% test_f1=0.8773
Epoch 018 | train_loss=0.2965 | val_acc=93.71% val_f1=0.9294 | test_acc=88.20% test_f1=0.8408
Epoch 019 | train_loss=0.2538 | val_acc=94.29% val_f1=0.9346 | test_acc=87.64% test_f1=0.8332
Epoch 020 | train_loss=0.2651 | val_acc=96.57% val_f1=0.9613 | test_acc=87.08% test_f1=0.8256
Epoch 021 | train_loss=0.2311 | val_acc=96.57% val_f1=0.9613 | test_acc=86.52% test_f1=0.8170
Epoch 022 | train_loss=0.2152 | val_acc=97.14% val_f1=0.9667 | test_acc=85.67% test_f1=0.8060
Epoch 023 | train_loss=0.1957 | val_acc=96.00% val_f1=0.9533 | test_acc=87.08% test_f1=0.8285
Epoch 024 | train_loss=0.1940 | val_acc=95.43% val_f1=0.9453 | test_acc=87.92% test_f1=0.8406
Epoch 025 | train_loss=0.2007 | val_acc=96.00% val_f1=0.9533 | test_acc=88.48% test_f1=0.8481
Epoch 026 | train_loss=0.1626 | val_acc=96.57% val_f1=0.9613 | test_acc=86.24% test_f1=0.8148
Epoch 027 | train_loss=0.1602 | val_acc=96.57% val_f1=0.9613 | test_acc=85.39% test_f1=0.8007
Epoch 028 | train_loss=0.1925 | val_acc=98.29% val_f1=0.9782 | test_acc=84.55% test_f1=0.7881
Epoch 029 | train_loss=0.1627 | val_acc=97.14% val_f1=0.9673 | test_acc=85.11% test_f1=0.7960
Epoch 030 | train_loss=0.1523 | val_acc=97.14% val_f1=0.9673 | test_acc=85.11% test_f1=0.7960
Epoch 031 | train_loss=0.1722 | val_acc=97.14% val_f1=0.9673 | test_acc=85.67% test_f1=0.8021
Epoch 032 | train_loss=0.1260 | val_acc=98.29% val_f1=0.9782 | test_acc=84.27% test_f1=0.7832
Epoch 033 | train_loss=0.1321 | val_acc=97.71% val_f1=0.9727 | test_acc=84.55% test_f1=0.7863
Epoch 034 | train_loss=0.1220 | val_acc=97.14% val_f1=0.9673 | test_acc=84.55% test_f1=0.7845
Epoch 035 | train_loss=0.1173 | val_acc=98.29% val_f1=0.9782 | test_acc=83.99% test_f1=0.7783
Epoch 036 | train_loss=0.1153 | val_acc=98.29% val_f1=0.9782 | test_acc=85.39% test_f1=0.8023
Epoch 037 | train_loss=0.1077 | val_acc=98.29% val_f1=0.9782 | test_acc=84.27% test_f1=0.7849
Epoch 038 | train_loss=0.1011 | val_acc=98.29% val_f1=0.9782 | test_acc=85.67% test_f1=0.8094
Epoch 039 | train_loss=0.0987 | val_acc=98.29% val_f1=0.9782 | test_acc=84.55% test_f1=0.7897
Epoch 040 | train_loss=0.1009 | val_acc=98.29% val_f1=0.9782 | test_acc=84.27% test_f1=0.7859
Epoch 041 | train_loss=0.1062 | val_acc=98.29% val_f1=0.9782 | test_acc=83.71% test_f1=0.7752
Epoch 042 | train_loss=0.1047 | val_acc=98.29% val_f1=0.9782 | test_acc=83.43% test_f1=0.7703
Epoch 043 | train_loss=0.0977 | val_acc=98.86% val_f1=0.9837 | test_acc=83.43% test_f1=0.7703
Epoch 044 | train_loss=0.1060 | val_acc=98.86% val_f1=0.9837 | test_acc=84.55% test_f1=0.7897
Epoch 045 | train_loss=0.1068 | val_acc=98.86% val_f1=0.9837 | test_acc=84.27% test_f1=0.7849
Epoch 046 | train_loss=0.0999 | val_acc=98.86% val_f1=0.9862 | test_acc=85.11% test_f1=0.7992
Epoch 047 | train_loss=0.0907 | val_acc=98.86% val_f1=0.9862 | test_acc=85.96% test_f1=0.8154
Epoch 048 | train_loss=0.0851 | val_acc=98.86% val_f1=0.9837 | test_acc=83.71% test_f1=0.7752
Epoch 049 | train_loss=0.0839 | val_acc=98.86% val_f1=0.9837 | test_acc=83.99% test_f1=0.7801
Epoch 050 | train_loss=0.1087 | val_acc=98.86% val_f1=0.9862 | test_acc=86.80% test_f1=0.8275
Epoch 051 | train_loss=0.0849 | val_acc=98.86% val_f1=0.9862 | test_acc=84.55% test_f1=0.7923
Epoch 052 | train_loss=0.0932 | val_acc=99.43% val_f1=0.9919 | test_acc=83.43% test_f1=0.7703
Epoch 053 | train_loss=0.0910 | val_acc=98.86% val_f1=0.9837 | test_acc=82.87% test_f1=0.7603
Epoch 054 | train_loss=0.0928 | val_acc=98.86% val_f1=0.9837 | test_acc=82.87% test_f1=0.7632
Epoch 055 | train_loss=0.0844 | val_acc=98.86% val_f1=0.9837 | test_acc=78.93% test_f1=0.6832
Epoch 056 | train_loss=0.0824 | val_acc=98.86% val_f1=0.9837 | test_acc=81.18% test_f1=0.7323
Epoch 057 | train_loss=0.0711 | val_acc=98.86% val_f1=0.9837 | test_acc=83.15% test_f1=0.7653
Epoch 058 | train_loss=0.0743 | val_acc=98.86% val_f1=0.9837 | test_acc=82.87% test_f1=0.7603
Epoch 059 | train_loss=0.0758 | val_acc=98.86% val_f1=0.9837 | test_acc=81.74% test_f1=0.7396
Epoch 060 | train_loss=0.0801 | val_acc=99.43% val_f1=0.9919 | test_acc=83.99% test_f1=0.7828
Epoch 061 | train_loss=0.0848 | val_acc=99.43% val_f1=0.9919 | test_acc=84.27% test_f1=0.7876
Epoch 062 | train_loss=0.0699 | val_acc=98.86% val_f1=0.9862 | test_acc=83.43% test_f1=0.7731
Epoch 063 | train_loss=0.0638 | val_acc=98.86% val_f1=0.9862 | test_acc=83.43% test_f1=0.7713
Epoch 064 | train_loss=0.0822 | val_acc=98.86% val_f1=0.9862 | test_acc=83.71% test_f1=0.7762
Epoch 065 | train_loss=0.0715 | val_acc=99.43% val_f1=0.9919 | test_acc=83.43% test_f1=0.7731
Epoch 066 | train_loss=0.0753 | val_acc=99.43% val_f1=0.9919 | test_acc=83.43% test_f1=0.7731
Epoch 067 | train_loss=0.0723 | val_acc=98.86% val_f1=0.9862 | test_acc=85.11% test_f1=0.8002
Epoch 068 | train_loss=0.0829 | val_acc=98.86% val_f1=0.9862 | test_acc=84.55% test_f1=0.7907
Early stopping at epoch 68 (best=52, score=0.991859)
================================================================================
Best epoch: 52
Best score (val_macro_f1): 0.991859
Final test accuracy: 83.43%
Saved to: ablation_experiments/h1/results/comparison_18d_baselines/inception/inception_weld_seam_windows_ws5_tf75_pg0_h1_oc24_blk3_bn16_do0.2_ep80_lr0.0001_wd0.0002_bs128_seed122
================================================================================
Comparison baseline | model=inception
================================================================================
Dataset: /home/huang_kai/wind_turbine_phm/PHOENIX-main/autoencoder_benchmark/Data/processed_data/weld_seam_windows_ws5_tf75_pg0_h1.npz
Device: cuda
Train/Val/Test: 990 / 175 / 356
Epoch 001 | train_loss=1.0623 | val_acc=18.29% val_f1=0.1659 | test_acc=11.24% test_f1=0.1263
Epoch 002 | train_loss=0.9880 | val_acc=30.86% val_f1=0.2815 | test_acc=22.47% test_f1=0.2297
Epoch 003 | train_loss=0.9143 | val_acc=40.57% val_f1=0.4041 | test_acc=26.69% test_f1=0.2702
Epoch 004 | train_loss=0.8648 | val_acc=56.00% val_f1=0.5637 | test_acc=40.45% test_f1=0.4263
Epoch 005 | train_loss=0.7883 | val_acc=72.57% val_f1=0.7080 | test_acc=64.33% test_f1=0.6530
Epoch 006 | train_loss=0.7147 | val_acc=78.29% val_f1=0.7577 | test_acc=73.03% test_f1=0.7340
Epoch 007 | train_loss=0.6737 | val_acc=84.00% val_f1=0.8116 | test_acc=76.69% test_f1=0.7705
Epoch 008 | train_loss=0.6181 | val_acc=86.86% val_f1=0.8430 | test_acc=81.18% test_f1=0.8100
Epoch 009 | train_loss=0.5933 | val_acc=88.57% val_f1=0.8645 | test_acc=85.96% test_f1=0.8470
Epoch 010 | train_loss=0.5340 | val_acc=89.71% val_f1=0.8807 | test_acc=89.04% test_f1=0.8717
Epoch 011 | train_loss=0.5099 | val_acc=89.71% val_f1=0.8807 | test_acc=90.73% test_f1=0.8880
Epoch 012 | train_loss=0.4705 | val_acc=90.86% val_f1=0.8911 | test_acc=91.29% test_f1=0.8912
Epoch 013 | train_loss=0.4388 | val_acc=92.00% val_f1=0.9100 | test_acc=91.01% test_f1=0.8895
Epoch 014 | train_loss=0.4064 | val_acc=94.29% val_f1=0.9340 | test_acc=91.85% test_f1=0.8962
Epoch 015 | train_loss=0.3617 | val_acc=97.71% val_f1=0.9749 | test_acc=91.85% test_f1=0.8945
Epoch 016 | train_loss=0.3307 | val_acc=98.29% val_f1=0.9805 | test_acc=91.85% test_f1=0.8927
Epoch 017 | train_loss=0.3176 | val_acc=97.71% val_f1=0.9749 | test_acc=90.73% test_f1=0.8753
Epoch 018 | train_loss=0.2965 | val_acc=97.71% val_f1=0.9749 | test_acc=91.29% test_f1=0.8840
Epoch 019 | train_loss=0.2804 | val_acc=97.14% val_f1=0.9694 | test_acc=90.73% test_f1=0.8753
Epoch 020 | train_loss=0.2625 | val_acc=99.43% val_f1=0.9943 | test_acc=89.61% test_f1=0.8589
Epoch 021 | train_loss=0.2340 | val_acc=98.86% val_f1=0.9886 | test_acc=90.17% test_f1=0.8657
Epoch 022 | train_loss=0.2252 | val_acc=98.86% val_f1=0.9886 | test_acc=90.45% test_f1=0.8681
Epoch 023 | train_loss=0.2097 | val_acc=98.86% val_f1=0.9886 | test_acc=89.04% test_f1=0.8469
Epoch 024 | train_loss=0.2047 | val_acc=98.86% val_f1=0.9886 | test_acc=89.33% test_f1=0.8515
Epoch 025 | train_loss=0.1838 | val_acc=99.43% val_f1=0.9943 | test_acc=88.20% test_f1=0.8329
Epoch 026 | train_loss=0.1780 | val_acc=99.43% val_f1=0.9943 | test_acc=89.61% test_f1=0.8560
Epoch 027 | train_loss=0.1641 | val_acc=99.43% val_f1=0.9943 | test_acc=89.61% test_f1=0.8560
Epoch 028 | train_loss=0.1621 | val_acc=99.43% val_f1=0.9943 | test_acc=87.64% test_f1=0.8285
Epoch 029 | train_loss=0.1596 | val_acc=100.00% val_f1=1.0000 | test_acc=87.36% test_f1=0.8238
Epoch 030 | train_loss=0.1738 | val_acc=100.00% val_f1=1.0000 | test_acc=87.92% test_f1=0.8375
Epoch 031 | train_loss=0.1557 | val_acc=100.00% val_f1=1.0000 | test_acc=86.24% test_f1=0.8065
Epoch 032 | train_loss=0.1468 | val_acc=100.00% val_f1=1.0000 | test_acc=85.39% test_f1=0.7955
Epoch 033 | train_loss=0.1299 | val_acc=100.00% val_f1=1.0000 | test_acc=86.52% test_f1=0.8113
Epoch 034 | train_loss=0.1341 | val_acc=100.00% val_f1=1.0000 | test_acc=86.52% test_f1=0.8113
Epoch 035 | train_loss=0.1170 | val_acc=100.00% val_f1=1.0000 | test_acc=85.96% test_f1=0.8016
Epoch 036 | train_loss=0.1402 | val_acc=100.00% val_f1=1.0000 | test_acc=86.24% test_f1=0.8065
Epoch 037 | train_loss=0.1268 | val_acc=100.00% val_f1=1.0000 | test_acc=85.39% test_f1=0.7955
Epoch 038 | train_loss=0.1164 | val_acc=100.00% val_f1=1.0000 | test_acc=83.15% test_f1=0.7572
Epoch 039 | train_loss=0.1009 | val_acc=100.00% val_f1=1.0000 | test_acc=83.71% test_f1=0.7655
Epoch 040 | train_loss=0.1031 | val_acc=100.00% val_f1=1.0000 | test_acc=83.71% test_f1=0.7675
Epoch 041 | train_loss=0.0983 | val_acc=100.00% val_f1=1.0000 | test_acc=85.39% test_f1=0.7972
Epoch 042 | train_loss=0.1012 | val_acc=100.00% val_f1=1.0000 | test_acc=85.39% test_f1=0.7972
Epoch 043 | train_loss=0.0953 | val_acc=100.00% val_f1=1.0000 | test_acc=85.39% test_f1=0.7955
Epoch 044 | train_loss=0.0912 | val_acc=100.00% val_f1=1.0000 | test_acc=84.83% test_f1=0.7875
Epoch 045 | train_loss=0.0972 | val_acc=100.00% val_f1=1.0000 | test_acc=83.15% test_f1=0.7593
Early stopping at epoch 45 (best=29, score=1.000000)
================================================================================
Best epoch: 29
Best score (val_macro_f1): 1.000000
Final test accuracy: 87.36%
Saved to: ablation_experiments/h1/results/comparison_18d_baselines/inception/inception_weld_seam_windows_ws5_tf75_pg0_h1_oc16_blk3_bn16_do0.1_ep80_lr0.0001_wd0.0001_bs128_seed77
================================================================================
Comparison baseline | model=inception
================================================================================
Dataset: /home/huang_kai/wind_turbine_phm/PHOENIX-main/autoencoder_benchmark/Data/processed_data/weld_seam_windows_ws5_tf75_pg0_h1.npz
Device: cuda
Train/Val/Test: 990 / 175 / 356
Epoch 001 | train_loss=0.9374 | val_acc=84.57% val_f1=0.8198 | test_acc=93.26% test_f1=0.9015
Epoch 002 | train_loss=0.5800 | val_acc=88.00% val_f1=0.8634 | test_acc=96.07% test_f1=0.9440
Epoch 003 | train_loss=0.3869 | val_acc=94.29% val_f1=0.9376 | test_acc=91.57% test_f1=0.8884
Epoch 004 | train_loss=0.2855 | val_acc=96.57% val_f1=0.9644 | test_acc=89.04% test_f1=0.8541
Epoch 005 | train_loss=0.1968 | val_acc=97.14% val_f1=0.9721 | test_acc=89.33% test_f1=0.8559
Epoch 006 | train_loss=0.1272 | val_acc=98.86% val_f1=0.9885 | test_acc=82.58% test_f1=0.7632
Epoch 007 | train_loss=0.1063 | val_acc=98.29% val_f1=0.9830 | test_acc=85.96% test_f1=0.8016
Epoch 008 | train_loss=0.0883 | val_acc=98.86% val_f1=0.9885 | test_acc=80.62% test_f1=0.7246
Epoch 009 | train_loss=0.0736 | val_acc=99.43% val_f1=0.9943 | test_acc=81.74% test_f1=0.7470
Epoch 010 | train_loss=0.0454 | val_acc=99.43% val_f1=0.9943 | test_acc=79.78% test_f1=0.7168
Epoch 011 | train_loss=0.0647 | val_acc=99.43% val_f1=0.9943 | test_acc=76.40% test_f1=0.6467
Epoch 012 | train_loss=0.0400 | val_acc=99.43% val_f1=0.9943 | test_acc=84.27% test_f1=0.7933
Epoch 013 | train_loss=0.0386 | val_acc=99.43% val_f1=0.9943 | test_acc=83.71% test_f1=0.7807
Epoch 014 | train_loss=0.0223 | val_acc=100.00% val_f1=1.0000 | test_acc=80.06% test_f1=0.7236
Epoch 015 | train_loss=0.0237 | val_acc=100.00% val_f1=1.0000 | test_acc=80.34% test_f1=0.7302
Epoch 016 | train_loss=0.0382 | val_acc=100.00% val_f1=1.0000 | test_acc=73.88% test_f1=0.6265
Epoch 017 | train_loss=0.0170 | val_acc=100.00% val_f1=1.0000 | test_acc=81.74% test_f1=0.7556
Epoch 018 | train_loss=0.0243 | val_acc=100.00% val_f1=1.0000 | test_acc=78.09% test_f1=0.6963
Epoch 019 | train_loss=0.0169 | val_acc=100.00% val_f1=1.0000 | test_acc=76.97% test_f1=0.6771
Epoch 020 | train_loss=0.0166 | val_acc=100.00% val_f1=1.0000 | test_acc=82.30% test_f1=0.7667
Epoch 021 | train_loss=0.0148 | val_acc=100.00% val_f1=1.0000 | test_acc=84.27% test_f1=0.7912
Epoch 022 | train_loss=0.0103 | val_acc=100.00% val_f1=1.0000 | test_acc=78.09% test_f1=0.6821
Epoch 023 | train_loss=0.0084 | val_acc=100.00% val_f1=1.0000 | test_acc=78.37% test_f1=0.6943
Epoch 024 | train_loss=0.0095 | val_acc=100.00% val_f1=1.0000 | test_acc=78.93% test_f1=0.7128
Epoch 025 | train_loss=0.0081 | val_acc=100.00% val_f1=1.0000 | test_acc=78.37% test_f1=0.6980
Epoch 026 | train_loss=0.0082 | val_acc=100.00% val_f1=1.0000 | test_acc=75.00% test_f1=0.6468
Epoch 027 | train_loss=0.0158 | val_acc=100.00% val_f1=1.0000 | test_acc=82.02% test_f1=0.7590
Epoch 028 | train_loss=0.0089 | val_acc=100.00% val_f1=1.0000 | test_acc=78.93% test_f1=0.7141
Epoch 029 | train_loss=0.0073 | val_acc=100.00% val_f1=1.0000 | test_acc=78.93% test_f1=0.7189
Epoch 030 | train_loss=0.0073 | val_acc=100.00% val_f1=1.0000 | test_acc=76.12% test_f1=0.6746
Early stopping at epoch 30 (best=14, score=1.000000)
================================================================================
Best epoch: 14
Best score (val_macro_f1): 1.000000
Final test accuracy: 80.06%
Saved to: ablation_experiments/h1/results/comparison_18d_baselines/inception/inception_weld_seam_windows_ws5_tf75_pg0_h1_oc32_blk3_bn32_do0.1_ep80_lr0.0002_wd0.0002_bs64_seed42
================================================================================
Comparison baseline | model=inception
================================================================================
Dataset: /home/huang_kai/wind_turbine_phm/PHOENIX-main/autoencoder_benchmark/Data/processed_data/weld_seam_windows_ws5_tf75_pg0_h1.npz
Device: cuda
Train/Val/Test: 990 / 175 / 356
Epoch 001 | train_loss=0.9089 | val_acc=45.14% val_f1=0.4747 | test_acc=48.31% test_f1=0.5209
Epoch 002 | train_loss=0.4587 | val_acc=86.86% val_f1=0.8696 | test_acc=78.65% test_f1=0.7626
Epoch 003 | train_loss=0.2522 | val_acc=92.00% val_f1=0.9147 | test_acc=87.36% test_f1=0.8377
Epoch 004 | train_loss=0.2018 | val_acc=95.43% val_f1=0.9538 | test_acc=87.08% test_f1=0.8248
Epoch 005 | train_loss=0.1429 | val_acc=98.86% val_f1=0.9837 | test_acc=82.02% test_f1=0.7560
Epoch 006 | train_loss=0.0795 | val_acc=97.14% val_f1=0.9697 | test_acc=82.02% test_f1=0.7385
Epoch 007 | train_loss=0.0492 | val_acc=98.29% val_f1=0.9782 | test_acc=77.53% test_f1=0.6598
Epoch 008 | train_loss=0.0519 | val_acc=99.43% val_f1=0.9919 | test_acc=78.65% test_f1=0.6876
Epoch 009 | train_loss=0.0252 | val_acc=98.86% val_f1=0.9862 | test_acc=81.74% test_f1=0.7522
Epoch 010 | train_loss=0.0382 | val_acc=98.29% val_f1=0.9807 | test_acc=79.49% test_f1=0.7342
Epoch 011 | train_loss=0.0636 | val_acc=95.43% val_f1=0.9560 | test_acc=81.74% test_f1=0.7556
Epoch 012 | train_loss=0.0321 | val_acc=100.00% val_f1=1.0000 | test_acc=82.58% test_f1=0.7697
Epoch 013 | train_loss=0.0342 | val_acc=100.00% val_f1=1.0000 | test_acc=79.21% test_f1=0.7071
Epoch 014 | train_loss=0.0750 | val_acc=98.86% val_f1=0.9886 | test_acc=75.84% test_f1=0.6843
Epoch 015 | train_loss=0.0230 | val_acc=99.43% val_f1=0.9919 | test_acc=75.84% test_f1=0.6760
Epoch 016 | train_loss=0.0152 | val_acc=99.43% val_f1=0.9919 | test_acc=77.25% test_f1=0.7195
Epoch 017 | train_loss=0.0215 | val_acc=100.00% val_f1=1.0000 | test_acc=79.49% test_f1=0.7680
Epoch 018 | train_loss=0.0387 | val_acc=100.00% val_f1=1.0000 | test_acc=76.69% test_f1=0.7148
Epoch 019 | train_loss=0.0205 | val_acc=99.43% val_f1=0.9943 | test_acc=81.74% test_f1=0.7725
Epoch 020 | train_loss=0.0201 | val_acc=100.00% val_f1=1.0000 | test_acc=82.87% test_f1=0.7885
Epoch 021 | train_loss=0.0139 | val_acc=100.00% val_f1=1.0000 | test_acc=79.21% test_f1=0.7392
Epoch 022 | train_loss=0.0402 | val_acc=100.00% val_f1=1.0000 | test_acc=84.27% test_f1=0.8187
Epoch 023 | train_loss=0.0242 | val_acc=99.43% val_f1=0.9943 | test_acc=82.87% test_f1=0.8063
Epoch 024 | train_loss=0.0089 | val_acc=99.43% val_f1=0.9943 | test_acc=81.46% test_f1=0.7914
Epoch 025 | train_loss=0.0093 | val_acc=100.00% val_f1=1.0000 | test_acc=81.18% test_f1=0.7829
Epoch 026 | train_loss=0.0238 | val_acc=100.00% val_f1=1.0000 | test_acc=78.65% test_f1=0.7529
Epoch 027 | train_loss=0.0106 | val_acc=100.00% val_f1=1.0000 | test_acc=80.62% test_f1=0.7694
Epoch 028 | train_loss=0.0493 | val_acc=100.00% val_f1=1.0000 | test_acc=79.21% test_f1=0.7347
Early stopping at epoch 28 (best=12, score=1.000000)
================================================================================
Best epoch: 12
Best score (val_macro_f1): 1.000000
Final test accuracy: 82.58%
Saved to: ablation_experiments/h1/results/comparison_18d_baselines/inception/inception_weld_seam_windows_ws5_tf75_pg0_h1_oc32_blk9_bn16_do0.3_ep80_lr0.0005_wd0.0002_bs64_seed122
================================================================================
Comparison baseline | model=inception
================================================================================
Dataset: /home/huang_kai/wind_turbine_phm/PHOENIX-main/autoencoder_benchmark/Data/processed_data/weld_seam_windows_ws5_tf75_pg0_h1.npz
Device: cuda
Train/Val/Test: 990 / 175 / 356
Epoch 001 | train_loss=1.0240 | val_acc=78.86% val_f1=0.7353 | test_acc=55.90% test_f1=0.5863
Epoch 002 | train_loss=0.8010 | val_acc=83.43% val_f1=0.7999 | test_acc=71.35% test_f1=0.7343
Epoch 003 | train_loss=0.6350 | val_acc=84.00% val_f1=0.8083 | test_acc=78.37% test_f1=0.8042
Epoch 004 | train_loss=0.5337 | val_acc=87.43% val_f1=0.8547 | test_acc=82.58% test_f1=0.8370
Epoch 005 | train_loss=0.4307 | val_acc=89.14% val_f1=0.8759 | test_acc=85.67% test_f1=0.8547
Epoch 006 | train_loss=0.3855 | val_acc=90.86% val_f1=0.8912 | test_acc=88.76% test_f1=0.8758
Epoch 007 | train_loss=0.3204 | val_acc=92.57% val_f1=0.9221 | test_acc=88.20% test_f1=0.8657
Epoch 008 | train_loss=0.2478 | val_acc=92.57% val_f1=0.9258 | test_acc=87.36% test_f1=0.8477
Epoch 009 | train_loss=0.2116 | val_acc=93.14% val_f1=0.9308 | test_acc=86.52% test_f1=0.8305
Epoch 010 | train_loss=0.1919 | val_acc=92.57% val_f1=0.9258 | test_acc=87.08% test_f1=0.8378
Epoch 011 | train_loss=0.1706 | val_acc=93.14% val_f1=0.9332 | test_acc=88.20% test_f1=0.8537
Epoch 012 | train_loss=0.1393 | val_acc=93.14% val_f1=0.9332 | test_acc=86.52% test_f1=0.8290
Epoch 013 | train_loss=0.1270 | val_acc=93.14% val_f1=0.9332 | test_acc=84.27% test_f1=0.7921
Epoch 014 | train_loss=0.1119 | val_acc=94.86% val_f1=0.9485 | test_acc=83.15% test_f1=0.7729
Epoch 015 | train_loss=0.0987 | val_acc=94.86% val_f1=0.9485 | test_acc=82.87% test_f1=0.7680
Epoch 016 | train_loss=0.0993 | val_acc=95.43% val_f1=0.9538 | test_acc=81.46% test_f1=0.7469
Epoch 017 | train_loss=0.0894 | val_acc=96.00% val_f1=0.9590 | test_acc=80.62% test_f1=0.7291
Epoch 018 | train_loss=0.0761 | val_acc=96.57% val_f1=0.9644 | test_acc=78.09% test_f1=0.6848
Epoch 019 | train_loss=0.0776 | val_acc=97.71% val_f1=0.9752 | test_acc=77.53% test_f1=0.6807
Epoch 020 | train_loss=0.0704 | val_acc=95.43% val_f1=0.9538 | test_acc=82.30% test_f1=0.7688
Epoch 021 | train_loss=0.0635 | val_acc=95.43% val_f1=0.9538 | test_acc=82.87% test_f1=0.7720
Epoch 022 | train_loss=0.0591 | val_acc=96.57% val_f1=0.9644 | test_acc=78.37% test_f1=0.6962
Epoch 023 | train_loss=0.0405 | val_acc=97.71% val_f1=0.9752 | test_acc=75.84% test_f1=0.6648
Epoch 024 | train_loss=0.0384 | val_acc=98.86% val_f1=0.9862 | test_acc=75.56% test_f1=0.6591
Epoch 025 | train_loss=0.0398 | val_acc=97.71% val_f1=0.9752 | test_acc=75.28% test_f1=0.6573
Epoch 026 | train_loss=0.0457 | val_acc=98.86% val_f1=0.9862 | test_acc=75.84% test_f1=0.6686
Epoch 027 | train_loss=0.0288 | val_acc=98.29% val_f1=0.9830 | test_acc=79.21% test_f1=0.7255
Epoch 028 | train_loss=0.0342 | val_acc=97.71% val_f1=0.9752 | test_acc=76.40% test_f1=0.6773
Epoch 029 | train_loss=0.0304 | val_acc=97.71% val_f1=0.9752 | test_acc=75.84% test_f1=0.6686
Epoch 030 | train_loss=0.0273 | val_acc=97.71% val_f1=0.9752 | test_acc=75.28% test_f1=0.6573
Epoch 031 | train_loss=0.0242 | val_acc=97.71% val_f1=0.9752 | test_acc=75.28% test_f1=0.6573
Epoch 032 | train_loss=0.0269 | val_acc=98.29% val_f1=0.9807 | test_acc=75.28% test_f1=0.6573
Epoch 033 | train_loss=0.0206 | val_acc=98.86% val_f1=0.9862 | test_acc=73.88% test_f1=0.6413
Epoch 034 | train_loss=0.0186 | val_acc=99.43% val_f1=0.9919 | test_acc=73.88% test_f1=0.6383
Epoch 035 | train_loss=0.0216 | val_acc=98.86% val_f1=0.9862 | test_acc=74.72% test_f1=0.6543
Epoch 036 | train_loss=0.0204 | val_acc=98.86% val_f1=0.9862 | test_acc=74.72% test_f1=0.6558
Epoch 037 | train_loss=0.0297 | val_acc=97.71% val_f1=0.9752 | test_acc=75.84% test_f1=0.6699
Epoch 038 | train_loss=0.0214 | val_acc=98.29% val_f1=0.9807 | test_acc=75.00% test_f1=0.6590
Epoch 039 | train_loss=0.0163 | val_acc=99.43% val_f1=0.9919 | test_acc=73.88% test_f1=0.6421
Epoch 040 | train_loss=0.0209 | val_acc=98.86% val_f1=0.9886 | test_acc=75.84% test_f1=0.6686
Epoch 041 | train_loss=0.0160 | val_acc=99.43% val_f1=0.9919 | test_acc=73.88% test_f1=0.6413
Epoch 042 | train_loss=0.0147 | val_acc=100.00% val_f1=1.0000 | test_acc=74.16% test_f1=0.6469
Epoch 043 | train_loss=0.0151 | val_acc=100.00% val_f1=1.0000 | test_acc=74.16% test_f1=0.6492
Epoch 044 | train_loss=0.0312 | val_acc=99.43% val_f1=0.9919 | test_acc=74.44% test_f1=0.6502
Epoch 045 | train_loss=0.0170 | val_acc=99.43% val_f1=0.9943 | test_acc=75.28% test_f1=0.6649
Epoch 046 | train_loss=0.0169 | val_acc=99.43% val_f1=0.9943 | test_acc=77.53% test_f1=0.7058
Epoch 047 | train_loss=0.0144 | val_acc=99.43% val_f1=0.9943 | test_acc=76.69% test_f1=0.6884
Epoch 048 | train_loss=0.0179 | val_acc=99.43% val_f1=0.9943 | test_acc=76.12% test_f1=0.6777
Epoch 049 | train_loss=0.0113 | val_acc=100.00% val_f1=1.0000 | test_acc=74.44% test_f1=0.6525
Epoch 050 | train_loss=0.0132 | val_acc=100.00% val_f1=1.0000 | test_acc=74.72% test_f1=0.6580
Epoch 051 | train_loss=0.0103 | val_acc=100.00% val_f1=1.0000 | test_acc=74.72% test_f1=0.6572
Epoch 052 | train_loss=0.0114 | val_acc=100.00% val_f1=1.0000 | test_acc=74.44% test_f1=0.6540
Epoch 053 | train_loss=0.0229 | val_acc=100.00% val_f1=1.0000 | test_acc=74.16% test_f1=0.6484
Epoch 054 | train_loss=0.0104 | val_acc=100.00% val_f1=1.0000 | test_acc=73.88% test_f1=0.6427
Epoch 055 | train_loss=0.0129 | val_acc=100.00% val_f1=1.0000 | test_acc=74.44% test_f1=0.6591
Epoch 056 | train_loss=0.0116 | val_acc=100.00% val_f1=1.0000 | test_acc=73.88% test_f1=0.6413
Epoch 057 | train_loss=0.0185 | val_acc=100.00% val_f1=1.0000 | test_acc=73.31% test_f1=0.6392
Epoch 058 | train_loss=0.0146 | val_acc=100.00% val_f1=1.0000 | test_acc=74.44% test_f1=0.6540
Early stopping at epoch 58 (best=42, score=1.000000)
================================================================================
Best epoch: 42
Best score (val_macro_f1): 1.000000
Final test accuracy: 74.16%
Saved to: ablation_experiments/h1/results/comparison_18d_baselines/inception/inception_weld_seam_windows_ws5_tf75_pg0_h1_oc24_blk3_bn16_do0.2_ep80_lr0.0002_wd0.0005_bs128_seed14
================================================================================
Comparison baseline | model=inception
================================================================================
Dataset: /home/huang_kai/wind_turbine_phm/PHOENIX-main/autoencoder_benchmark/Data/processed_data/weld_seam_windows_ws5_tf75_pg0_h1.npz
Device: cuda
Train/Val/Test: 990 / 175 / 356
Epoch 001 | train_loss=0.9234 | val_acc=43.43% val_f1=0.4507 | test_acc=59.83% test_f1=0.6506
Epoch 002 | train_loss=0.5089 | val_acc=53.14% val_f1=0.5721 | test_acc=55.34% test_f1=0.4977
Epoch 003 | train_loss=0.2345 | val_acc=82.29% val_f1=0.8418 | test_acc=86.24% test_f1=0.8091
Epoch 004 | train_loss=0.1237 | val_acc=90.86% val_f1=0.9153 | test_acc=91.29% test_f1=0.8772
Epoch 005 | train_loss=0.0540 | val_acc=96.57% val_f1=0.9667 | test_acc=87.08% test_f1=0.8279
Epoch 006 | train_loss=0.0326 | val_acc=98.29% val_f1=0.9830 | test_acc=82.58% test_f1=0.7630
Epoch 007 | train_loss=0.0189 | val_acc=99.43% val_f1=0.9943 | test_acc=82.30% test_f1=0.7689
Epoch 008 | train_loss=0.0255 | val_acc=100.00% val_f1=1.0000 | test_acc=81.18% test_f1=0.7516
Epoch 009 | train_loss=0.0129 | val_acc=100.00% val_f1=1.0000 | test_acc=83.71% test_f1=0.7916
Epoch 010 | train_loss=0.0224 | val_acc=99.43% val_f1=0.9943 | test_acc=82.58% test_f1=0.7721
Epoch 011 | train_loss=0.0400 | val_acc=99.43% val_f1=0.9943 | test_acc=81.46% test_f1=0.7537
Epoch 012 | train_loss=0.0224 | val_acc=100.00% val_f1=1.0000 | test_acc=75.84% test_f1=0.6513
Epoch 013 | train_loss=0.0194 | val_acc=99.43% val_f1=0.9943 | test_acc=77.25% test_f1=0.6700
Epoch 014 | train_loss=0.0160 | val_acc=100.00% val_f1=1.0000 | test_acc=83.43% test_f1=0.7891
Epoch 015 | train_loss=0.0061 | val_acc=100.00% val_f1=1.0000 | test_acc=83.71% test_f1=0.7943
Epoch 016 | train_loss=0.0057 | val_acc=100.00% val_f1=1.0000 | test_acc=82.02% test_f1=0.7665
Epoch 017 | train_loss=0.0039 | val_acc=100.00% val_f1=1.0000 | test_acc=80.34% test_f1=0.7415
Epoch 018 | train_loss=0.0046 | val_acc=100.00% val_f1=1.0000 | test_acc=77.25% test_f1=0.6886
Epoch 019 | train_loss=0.0021 | val_acc=100.00% val_f1=1.0000 | test_acc=80.34% test_f1=0.7427
Epoch 020 | train_loss=0.0038 | val_acc=100.00% val_f1=1.0000 | test_acc=78.65% test_f1=0.7170
Epoch 021 | train_loss=0.0040 | val_acc=100.00% val_f1=1.0000 | test_acc=79.21% test_f1=0.7330
Epoch 022 | train_loss=0.0021 | val_acc=100.00% val_f1=1.0000 | test_acc=82.58% test_f1=0.7827
Epoch 023 | train_loss=0.0012 | val_acc=100.00% val_f1=1.0000 | test_acc=83.71% test_f1=0.7977
Epoch 024 | train_loss=0.0014 | val_acc=100.00% val_f1=1.0000 | test_acc=83.43% test_f1=0.7935
Early stopping at epoch 24 (best=8, score=1.000000)
================================================================================
Best epoch: 8
Best score (val_macro_f1): 1.000000
Final test accuracy: 81.18%
Saved to: ablation_experiments/h1/results/comparison_18d_baselines/inception/inception_weld_seam_windows_ws5_tf75_pg0_h1_oc24_blk9_bn16_do0.2_ep80_lr0.0005_wd0.0001_bs128_seed42
================================================================================
Comparison baseline | model=inception
================================================================================
Dataset: /home/huang_kai/wind_turbine_phm/PHOENIX-main/autoencoder_benchmark/Data/processed_data/weld_seam_windows_ws5_tf75_pg0_h1.npz
Device: cuda
Train/Val/Test: 990 / 175 / 356
Epoch 001 | train_loss=0.9205 | val_acc=71.43% val_f1=0.7075 | test_acc=71.07% test_f1=0.7403
Epoch 002 | train_loss=0.6454 | val_acc=84.57% val_f1=0.8198 | test_acc=96.35% test_f1=0.9546
Epoch 003 | train_loss=0.4554 | val_acc=92.00% val_f1=0.9068 | test_acc=91.85% test_f1=0.8845
Epoch 004 | train_loss=0.3114 | val_acc=94.29% val_f1=0.9309 | test_acc=87.64% test_f1=0.8374
Epoch 005 | train_loss=0.2297 | val_acc=94.86% val_f1=0.9391 | test_acc=89.04% test_f1=0.8593
Epoch 006 | train_loss=0.1760 | val_acc=96.57% val_f1=0.9558 | test_acc=87.92% test_f1=0.8455
Epoch 007 | train_loss=0.1110 | val_acc=97.14% val_f1=0.9640 | test_acc=88.48% test_f1=0.8506
Epoch 008 | train_loss=0.1132 | val_acc=98.29% val_f1=0.9804 | test_acc=88.20% test_f1=0.8463
Epoch 009 | train_loss=0.1130 | val_acc=98.29% val_f1=0.9803 | test_acc=85.11% test_f1=0.7986
Epoch 010 | train_loss=0.0758 | val_acc=98.86% val_f1=0.9837 | test_acc=79.78% test_f1=0.7047
Epoch 011 | train_loss=0.0937 | val_acc=98.86% val_f1=0.9837 | test_acc=82.30% test_f1=0.7531
Epoch 012 | train_loss=0.0647 | val_acc=99.43% val_f1=0.9919 | test_acc=82.30% test_f1=0.7542
Epoch 013 | train_loss=0.0456 | val_acc=99.43% val_f1=0.9919 | test_acc=79.78% test_f1=0.7084
Epoch 014 | train_loss=0.0412 | val_acc=98.86% val_f1=0.9862 | test_acc=79.78% test_f1=0.7058
Epoch 015 | train_loss=0.0586 | val_acc=100.00% val_f1=1.0000 | test_acc=81.46% test_f1=0.7408
Epoch 016 | train_loss=0.0450 | val_acc=100.00% val_f1=1.0000 | test_acc=87.08% test_f1=0.8353
Epoch 017 | train_loss=0.0221 | val_acc=100.00% val_f1=1.0000 | test_acc=82.02% test_f1=0.7511
Epoch 018 | train_loss=0.0436 | val_acc=100.00% val_f1=1.0000 | test_acc=80.62% test_f1=0.7249
Epoch 019 | train_loss=0.0205 | val_acc=100.00% val_f1=1.0000 | test_acc=84.55% test_f1=0.7917
Epoch 020 | train_loss=0.0319 | val_acc=100.00% val_f1=1.0000 | test_acc=79.78% test_f1=0.7058
Epoch 021 | train_loss=0.0261 | val_acc=100.00% val_f1=1.0000 | test_acc=79.21% test_f1=0.6971
Epoch 022 | train_loss=0.0215 | val_acc=100.00% val_f1=1.0000 | test_acc=81.74% test_f1=0.7499
Epoch 023 | train_loss=0.0168 | val_acc=100.00% val_f1=1.0000 | test_acc=83.71% test_f1=0.7823
Epoch 024 | train_loss=0.0206 | val_acc=100.00% val_f1=1.0000 | test_acc=82.02% test_f1=0.7531
Epoch 025 | train_loss=0.0179 | val_acc=100.00% val_f1=1.0000 | test_acc=81.18% test_f1=0.7356
Epoch 026 | train_loss=0.0135 | val_acc=100.00% val_f1=1.0000 | test_acc=78.93% test_f1=0.6940
Epoch 027 | train_loss=0.0168 | val_acc=100.00% val_f1=1.0000 | test_acc=79.49% test_f1=0.7054
Epoch 028 | train_loss=0.0218 | val_acc=100.00% val_f1=1.0000 | test_acc=80.62% test_f1=0.7294
Epoch 029 | train_loss=0.0202 | val_acc=100.00% val_f1=1.0000 | test_acc=84.27% test_f1=0.7896
Epoch 030 | train_loss=0.0121 | val_acc=100.00% val_f1=1.0000 | test_acc=84.27% test_f1=0.7886
Epoch 031 | train_loss=0.0317 | val_acc=100.00% val_f1=1.0000 | test_acc=81.74% test_f1=0.7417
Early stopping at epoch 31 (best=15, score=1.000000)
================================================================================
Best epoch: 15
Best score (val_macro_f1): 1.000000
Final test accuracy: 81.46%
Saved to: ablation_experiments/h1/results/comparison_18d_baselines/inception/inception_weld_seam_windows_ws5_tf75_pg0_h1_oc24_blk3_bn16_do0.3_ep80_lr0.0005_wd0.0001_bs128_seed122
================================================================================
Comparison baseline | model=inception
================================================================================
Dataset: /home/huang_kai/wind_turbine_phm/PHOENIX-main/autoencoder_benchmark/Data/processed_data/weld_seam_windows_ws5_tf75_pg0_h1.npz
Device: cuda
Train/Val/Test: 990 / 175 / 356
Epoch 001 | train_loss=0.9451 | val_acc=89.14% val_f1=0.8823 | test_acc=89.61% test_f1=0.8667
Epoch 002 | train_loss=0.6420 | val_acc=96.00% val_f1=0.9530 | test_acc=83.71% test_f1=0.7863
Epoch 003 | train_loss=0.4336 | val_acc=97.14% val_f1=0.9647 | test_acc=87.92% test_f1=0.8413
Epoch 004 | train_loss=0.2435 | val_acc=97.14% val_f1=0.9647 | test_acc=85.67% test_f1=0.8003
Epoch 005 | train_loss=0.1926 | val_acc=97.14% val_f1=0.9647 | test_acc=82.58% test_f1=0.7444
Epoch 006 | train_loss=0.1481 | val_acc=97.71% val_f1=0.9701 | test_acc=83.99% test_f1=0.7780
Epoch 007 | train_loss=0.1256 | val_acc=97.71% val_f1=0.9701 | test_acc=78.65% test_f1=0.6650
Epoch 008 | train_loss=0.0776 | val_acc=97.71% val_f1=0.9701 | test_acc=79.21% test_f1=0.6897
Epoch 009 | train_loss=0.0667 | val_acc=98.29% val_f1=0.9755 | test_acc=81.46% test_f1=0.7420
Epoch 010 | train_loss=0.0702 | val_acc=98.29% val_f1=0.9755 | test_acc=74.44% test_f1=0.6209
Epoch 011 | train_loss=0.0636 | val_acc=100.00% val_f1=1.0000 | test_acc=80.62% test_f1=0.7246
Epoch 012 | train_loss=0.0416 | val_acc=100.00% val_f1=1.0000 | test_acc=79.21% test_f1=0.6897
Epoch 013 | train_loss=0.0426 | val_acc=98.86% val_f1=0.9837 | test_acc=80.62% test_f1=0.7337
Epoch 014 | train_loss=0.0445 | val_acc=100.00% val_f1=1.0000 | test_acc=81.18% test_f1=0.7495
Epoch 015 | train_loss=0.0726 | val_acc=100.00% val_f1=1.0000 | test_acc=75.56% test_f1=0.6697
Epoch 016 | train_loss=0.0300 | val_acc=98.86% val_f1=0.9837 | test_acc=71.35% test_f1=0.5893
Epoch 017 | train_loss=0.0315 | val_acc=98.86% val_f1=0.9837 | test_acc=77.81% test_f1=0.6739
Epoch 018 | train_loss=0.0211 | val_acc=100.00% val_f1=1.0000 | test_acc=79.78% test_f1=0.7107
Epoch 019 | train_loss=0.0236 | val_acc=100.00% val_f1=1.0000 | test_acc=72.47% test_f1=0.6082
Epoch 020 | train_loss=0.0352 | val_acc=100.00% val_f1=1.0000 | test_acc=74.16% test_f1=0.6341
Epoch 021 | train_loss=0.0160 | val_acc=99.43% val_f1=0.9943 | test_acc=83.43% test_f1=0.7716
Epoch 022 | train_loss=0.0180 | val_acc=100.00% val_f1=1.0000 | test_acc=80.62% test_f1=0.7379
Epoch 023 | train_loss=0.0143 | val_acc=100.00% val_f1=1.0000 | test_acc=77.25% test_f1=0.6806
Epoch 024 | train_loss=0.0153 | val_acc=100.00% val_f1=1.0000 | test_acc=75.56% test_f1=0.6636
Epoch 025 | train_loss=0.0103 | val_acc=100.00% val_f1=1.0000 | test_acc=83.71% test_f1=0.7820
Epoch 026 | train_loss=0.0074 | val_acc=100.00% val_f1=1.0000 | test_acc=72.47% test_f1=0.6161
Epoch 027 | train_loss=0.0094 | val_acc=100.00% val_f1=1.0000 | test_acc=78.37% test_f1=0.7029
Early stopping at epoch 27 (best=11, score=1.000000)
================================================================================
Best epoch: 11
Best score (val_macro_f1): 1.000000
Final test accuracy: 80.62%
Saved to: ablation_experiments/h1/results/comparison_18d_baselines/inception/inception_weld_seam_windows_ws5_tf75_pg0_h1_oc24_blk6_bn32_do0.3_ep80_lr0.0003_wd0.0002_bs64_seed100
================================================================================
Comparison baseline | model=inception
================================================================================
Dataset: /home/huang_kai/wind_turbine_phm/PHOENIX-main/autoencoder_benchmark/Data/processed_data/weld_seam_windows_ws5_tf75_pg0_h1.npz
Device: cuda
Train/Val/Test: 990 / 175 / 356
Epoch 001 | train_loss=1.0389 | val_acc=24.57% val_f1=0.1711 | test_acc=33.99% test_f1=0.3216
Epoch 002 | train_loss=0.8304 | val_acc=77.71% val_f1=0.7392 | test_acc=98.03% test_f1=0.9734
Epoch 003 | train_loss=0.7092 | val_acc=85.71% val_f1=0.8241 | test_acc=97.47% test_f1=0.9734
Epoch 004 | train_loss=0.5599 | val_acc=90.29% val_f1=0.8761 | test_acc=93.54% test_f1=0.9250
Epoch 005 | train_loss=0.4586 | val_acc=93.71% val_f1=0.9258 | test_acc=92.42% test_f1=0.9057
Epoch 006 | train_loss=0.3748 | val_acc=94.86% val_f1=0.9422 | test_acc=88.76% test_f1=0.8469
Epoch 007 | train_loss=0.3010 | val_acc=94.29% val_f1=0.9369 | test_acc=88.20% test_f1=0.8385
Epoch 008 | train_loss=0.2370 | val_acc=96.57% val_f1=0.9639 | test_acc=84.55% test_f1=0.7845
Epoch 009 | train_loss=0.1970 | val_acc=95.43% val_f1=0.9504 | test_acc=86.24% test_f1=0.8080
Epoch 010 | train_loss=0.1727 | val_acc=97.71% val_f1=0.9724 | test_acc=82.58% test_f1=0.7582
Epoch 011 | train_loss=0.1384 | val_acc=98.29% val_f1=0.9779 | test_acc=80.90% test_f1=0.7314
Epoch 012 | train_loss=0.1204 | val_acc=98.86% val_f1=0.9861 | test_acc=81.18% test_f1=0.7356
Epoch 013 | train_loss=0.1055 | val_acc=97.71% val_f1=0.9749 | test_acc=83.15% test_f1=0.7612
Epoch 014 | train_loss=0.0927 | val_acc=99.43% val_f1=0.9942 | test_acc=82.02% test_f1=0.7469
Epoch 015 | train_loss=0.0836 | val_acc=99.43% val_f1=0.9942 | test_acc=80.34% test_f1=0.7195
Epoch 016 | train_loss=0.0610 | val_acc=99.43% val_f1=0.9942 | test_acc=81.46% test_f1=0.7364
Epoch 017 | train_loss=0.0553 | val_acc=99.43% val_f1=0.9942 | test_acc=76.69% test_f1=0.6819
Epoch 018 | train_loss=0.0619 | val_acc=99.43% val_f1=0.9942 | test_acc=79.78% test_f1=0.7109
Epoch 019 | train_loss=0.0504 | val_acc=99.43% val_f1=0.9942 | test_acc=80.06% test_f1=0.7140
Epoch 020 | train_loss=0.0376 | val_acc=99.43% val_f1=0.9942 | test_acc=75.56% test_f1=0.6426
Epoch 021 | train_loss=0.0487 | val_acc=99.43% val_f1=0.9942 | test_acc=80.34% test_f1=0.7219
Epoch 022 | train_loss=0.0432 | val_acc=100.00% val_f1=1.0000 | test_acc=80.90% test_f1=0.7290
Epoch 023 | train_loss=0.0523 | val_acc=100.00% val_f1=1.0000 | test_acc=82.30% test_f1=0.7487
Epoch 024 | train_loss=0.0298 | val_acc=100.00% val_f1=1.0000 | test_acc=73.31% test_f1=0.6243
Epoch 025 | train_loss=0.0332 | val_acc=100.00% val_f1=1.0000 | test_acc=78.93% test_f1=0.7188
Epoch 026 | train_loss=0.0228 | val_acc=100.00% val_f1=1.0000 | test_acc=77.25% test_f1=0.6938
Epoch 027 | train_loss=0.0281 | val_acc=100.00% val_f1=1.0000 | test_acc=75.28% test_f1=0.6586
Epoch 028 | train_loss=0.0186 | val_acc=100.00% val_f1=1.0000 | test_acc=77.53% test_f1=0.6914
Epoch 029 | train_loss=0.0221 | val_acc=100.00% val_f1=1.0000 | test_acc=78.65% test_f1=0.7084
Epoch 030 | train_loss=0.0214 | val_acc=100.00% val_f1=1.0000 | test_acc=75.28% test_f1=0.6662
Epoch 031 | train_loss=0.0320 | val_acc=100.00% val_f1=1.0000 | test_acc=78.93% test_f1=0.7116
Epoch 032 | train_loss=0.0277 | val_acc=100.00% val_f1=1.0000 | test_acc=69.38% test_f1=0.5672
Epoch 033 | train_loss=0.0247 | val_acc=100.00% val_f1=1.0000 | test_acc=76.97% test_f1=0.6918
Epoch 034 | train_loss=0.0184 | val_acc=100.00% val_f1=1.0000 | test_acc=77.25% test_f1=0.6996
Epoch 035 | train_loss=0.0189 | val_acc=100.00% val_f1=1.0000 | test_acc=78.37% test_f1=0.7011
Epoch 036 | train_loss=0.0132 | val_acc=100.00% val_f1=1.0000 | test_acc=81.46% test_f1=0.7461
Epoch 037 | train_loss=0.0170 | val_acc=100.00% val_f1=1.0000 | test_acc=76.97% test_f1=0.6806
Epoch 038 | train_loss=0.0261 | val_acc=100.00% val_f1=1.0000 | test_acc=80.06% test_f1=0.7353
Early stopping at epoch 38 (best=22, score=1.000000)
================================================================================
Best epoch: 22
Best score (val_macro_f1): 1.000000
Final test accuracy: 80.90%
Saved to: ablation_experiments/h1/results/comparison_18d_baselines/inception/inception_weld_seam_windows_ws5_tf75_pg0_h1_oc32_blk6_bn16_do0.1_ep80_lr0.0001_wd1e-05_bs64_seed122
================================================================================
Comparison baseline | model=inception
================================================================================
Dataset: /home/huang_kai/wind_turbine_phm/PHOENIX-main/autoencoder_benchmark/Data/processed_data/weld_seam_windows_ws5_tf75_pg0_h1.npz
Device: cuda
Train/Val/Test: 990 / 175 / 356
Epoch 001 | train_loss=1.0436 | val_acc=46.86% val_f1=0.4130 | test_acc=42.13% test_f1=0.4249
Epoch 002 | train_loss=0.8378 | val_acc=73.71% val_f1=0.6755 | test_acc=88.20% test_f1=0.8593
Epoch 003 | train_loss=0.7298 | val_acc=84.00% val_f1=0.8047 | test_acc=95.51% test_f1=0.9446
Epoch 004 | train_loss=0.5893 | val_acc=88.00% val_f1=0.8563 | test_acc=96.91% test_f1=0.9629
Epoch 005 | train_loss=0.4817 | val_acc=90.86% val_f1=0.8882 | test_acc=94.10% test_f1=0.9267
Epoch 006 | train_loss=0.4239 | val_acc=92.00% val_f1=0.8989 | test_acc=92.13% test_f1=0.9025
Epoch 007 | train_loss=0.3560 | val_acc=93.71% val_f1=0.9233 | test_acc=91.01% test_f1=0.8834
Epoch 008 | train_loss=0.3030 | val_acc=93.14% val_f1=0.9179 | test_acc=90.73% test_f1=0.8802
Epoch 009 | train_loss=0.2491 | val_acc=96.57% val_f1=0.9635 | test_acc=89.04% test_f1=0.8553
Epoch 010 | train_loss=0.2054 | val_acc=96.57% val_f1=0.9635 | test_acc=87.64% test_f1=0.8356
Epoch 011 | train_loss=0.1805 | val_acc=97.14% val_f1=0.9715 | test_acc=86.52% test_f1=0.8202
Epoch 012 | train_loss=0.1649 | val_acc=98.29% val_f1=0.9830 | test_acc=83.99% test_f1=0.7890
Epoch 013 | train_loss=0.1385 | val_acc=98.86% val_f1=0.9886 | test_acc=83.15% test_f1=0.7820
Epoch 014 | train_loss=0.1245 | val_acc=98.86% val_f1=0.9886 | test_acc=82.87% test_f1=0.7776
Epoch 015 | train_loss=0.1099 | val_acc=97.14% val_f1=0.9721 | test_acc=85.39% test_f1=0.8136
Epoch 016 | train_loss=0.1089 | val_acc=98.86% val_f1=0.9886 | test_acc=83.15% test_f1=0.7837
Epoch 017 | train_loss=0.1072 | val_acc=98.86% val_f1=0.9886 | test_acc=82.58% test_f1=0.7723
Epoch 018 | train_loss=0.0873 | val_acc=100.00% val_f1=1.0000 | test_acc=80.62% test_f1=0.7422
Epoch 019 | train_loss=0.0873 | val_acc=99.43% val_f1=0.9943 | test_acc=83.99% test_f1=0.7913
Epoch 020 | train_loss=0.0773 | val_acc=98.86% val_f1=0.9886 | test_acc=83.71% test_f1=0.7880
Epoch 021 | train_loss=0.0585 | val_acc=98.86% val_f1=0.9886 | test_acc=82.30% test_f1=0.7690
Epoch 022 | train_loss=0.0543 | val_acc=100.00% val_f1=1.0000 | test_acc=80.62% test_f1=0.7484
Epoch 023 | train_loss=0.0759 | val_acc=99.43% val_f1=0.9943 | test_acc=81.18% test_f1=0.7554
Epoch 024 | train_loss=0.0625 | val_acc=100.00% val_f1=1.0000 | test_acc=80.90% test_f1=0.7519
Epoch 025 | train_loss=0.0770 | val_acc=100.00% val_f1=1.0000 | test_acc=82.30% test_f1=0.7702
Epoch 026 | train_loss=0.0595 | val_acc=98.86% val_f1=0.9886 | test_acc=82.87% test_f1=0.7793
Epoch 027 | train_loss=0.0521 | val_acc=100.00% val_f1=1.0000 | test_acc=82.30% test_f1=0.7714
Epoch 028 | train_loss=0.0503 | val_acc=100.00% val_f1=1.0000 | test_acc=80.90% test_f1=0.7530
Epoch 029 | train_loss=0.0598 | val_acc=99.43% val_f1=0.9943 | test_acc=82.87% test_f1=0.7805
Epoch 030 | train_loss=0.0443 | val_acc=100.00% val_f1=1.0000 | test_acc=82.58% test_f1=0.7791
Epoch 031 | train_loss=0.0581 | val_acc=100.00% val_f1=1.0000 | test_acc=83.15% test_f1=0.7869
Epoch 032 | train_loss=0.0446 | val_acc=100.00% val_f1=1.0000 | test_acc=82.02% test_f1=0.7669
Epoch 033 | train_loss=0.0360 | val_acc=100.00% val_f1=1.0000 | test_acc=82.02% test_f1=0.7669
Epoch 034 | train_loss=0.0298 | val_acc=100.00% val_f1=1.0000 | test_acc=80.90% test_f1=0.7522
Early stopping at epoch 34 (best=18, score=1.000000)
================================================================================
Best epoch: 18
Best score (val_macro_f1): 1.000000
Final test accuracy: 80.62%
Saved to: ablation_experiments/h1/results/comparison_18d_baselines/inception/inception_weld_seam_windows_ws5_tf75_pg0_h1_oc16_blk3_bn32_do0.3_ep80_lr0.0003_wd0.0005_bs128_seed42
================================================================================
Comparison baseline | model=inception
================================================================================
Dataset: /home/huang_kai/wind_turbine_phm/PHOENIX-main/autoencoder_benchmark/Data/processed_data/weld_seam_windows_ws5_tf75_pg0_h1.npz
Device: cuda
Train/Val/Test: 990 / 175 / 356
Epoch 001 | train_loss=0.8673 | val_acc=78.29% val_f1=0.7744 | test_acc=80.62% test_f1=0.7980
Epoch 002 | train_loss=0.3435 | val_acc=94.29% val_f1=0.9355 | test_acc=91.85% test_f1=0.8928
Epoch 003 | train_loss=0.1484 | val_acc=98.29% val_f1=0.9830 | test_acc=83.71% test_f1=0.7653
Epoch 004 | train_loss=0.0533 | val_acc=99.43% val_f1=0.9943 | test_acc=83.71% test_f1=0.7795
Epoch 005 | train_loss=0.0608 | val_acc=100.00% val_f1=1.0000 | test_acc=85.39% test_f1=0.8135
Epoch 006 | train_loss=0.0329 | val_acc=100.00% val_f1=1.0000 | test_acc=87.08% test_f1=0.8414
Epoch 007 | train_loss=0.0670 | val_acc=100.00% val_f1=1.0000 | test_acc=73.03% test_f1=0.6367
Epoch 008 | train_loss=0.0362 | val_acc=100.00% val_f1=1.0000 | test_acc=82.02% test_f1=0.7656
Epoch 009 | train_loss=0.0134 | val_acc=100.00% val_f1=1.0000 | test_acc=76.97% test_f1=0.6949
Epoch 010 | train_loss=0.0095 | val_acc=100.00% val_f1=1.0000 | test_acc=80.06% test_f1=0.7442
Epoch 011 | train_loss=0.0087 | val_acc=100.00% val_f1=1.0000 | test_acc=83.99% test_f1=0.7980
Epoch 012 | train_loss=0.0052 | val_acc=100.00% val_f1=1.0000 | test_acc=71.35% test_f1=0.6026
Epoch 013 | train_loss=0.0037 | val_acc=100.00% val_f1=1.0000 | test_acc=73.03% test_f1=0.6272
Epoch 014 | train_loss=0.0071 | val_acc=100.00% val_f1=1.0000 | test_acc=76.40% test_f1=0.6835
Epoch 015 | train_loss=0.0063 | val_acc=100.00% val_f1=1.0000 | test_acc=73.03% test_f1=0.6397
Epoch 016 | train_loss=0.0112 | val_acc=100.00% val_f1=1.0000 | test_acc=82.58% test_f1=0.7801
Epoch 017 | train_loss=0.0087 | val_acc=100.00% val_f1=1.0000 | test_acc=82.87% test_f1=0.7794
Epoch 018 | train_loss=0.0072 | val_acc=100.00% val_f1=1.0000 | test_acc=80.90% test_f1=0.7555
Epoch 019 | train_loss=0.0077 | val_acc=100.00% val_f1=1.0000 | test_acc=76.97% test_f1=0.6955
Epoch 020 | train_loss=0.0228 | val_acc=100.00% val_f1=1.0000 | test_acc=75.28% test_f1=0.6644
Epoch 021 | train_loss=0.0119 | val_acc=99.43% val_f1=0.9943 | test_acc=81.46% test_f1=0.7496
Early stopping at epoch 21 (best=5, score=1.000000)
================================================================================
Best epoch: 5
Best score (val_macro_f1): 1.000000
Final test accuracy: 85.39%
Saved to: ablation_experiments/h1/results/comparison_18d_baselines/inception/inception_weld_seam_windows_ws5_tf75_pg0_h1_oc32_blk6_bn32_do0.2_ep80_lr0.0005_wd0.0001_bs64_seed183
================================================================================
Comparison baseline | model=inception
================================================================================
Dataset: /home/huang_kai/wind_turbine_phm/PHOENIX-main/autoencoder_benchmark/Data/processed_data/weld_seam_windows_ws5_tf75_pg0_h1.npz
Device: cuda
Train/Val/Test: 990 / 175 / 356
Epoch 001 | train_loss=1.1256 | val_acc=24.57% val_f1=0.1466 | test_acc=21.91% test_f1=0.1206
Epoch 002 | train_loss=0.9436 | val_acc=53.14% val_f1=0.5307 | test_acc=49.16% test_f1=0.5029
Epoch 003 | train_loss=0.8371 | val_acc=76.57% val_f1=0.7779 | test_acc=74.16% test_f1=0.7591
Epoch 004 | train_loss=0.7334 | val_acc=86.86% val_f1=0.8727 | test_acc=80.34% test_f1=0.7928
Epoch 005 | train_loss=0.6126 | val_acc=89.14% val_f1=0.8897 | test_acc=83.71% test_f1=0.7798
Epoch 006 | train_loss=0.5274 | val_acc=89.14% val_f1=0.8903 | test_acc=81.74% test_f1=0.7475
Epoch 007 | train_loss=0.4203 | val_acc=89.71% val_f1=0.8951 | test_acc=83.71% test_f1=0.7434
Epoch 008 | train_loss=0.3460 | val_acc=88.57% val_f1=0.8855 | test_acc=84.55% test_f1=0.7649
Epoch 009 | train_loss=0.3084 | val_acc=90.86% val_f1=0.9049 | test_acc=82.87% test_f1=0.7179
Epoch 010 | train_loss=0.2438 | val_acc=91.43% val_f1=0.9098 | test_acc=82.30% test_f1=0.7005
Epoch 011 | train_loss=0.2232 | val_acc=92.57% val_f1=0.9208 | test_acc=82.87% test_f1=0.7135
Epoch 012 | train_loss=0.1885 | val_acc=92.57% val_f1=0.9181 | test_acc=82.30% test_f1=0.7005
Epoch 013 | train_loss=0.1592 | val_acc=94.86% val_f1=0.9462 | test_acc=86.24% test_f1=0.7874
Epoch 014 | train_loss=0.1466 | val_acc=94.86% val_f1=0.9462 | test_acc=85.67% test_f1=0.7799
Epoch 015 | train_loss=0.1288 | val_acc=96.00% val_f1=0.9566 | test_acc=82.87% test_f1=0.7255
Epoch 016 | train_loss=0.1322 | val_acc=96.00% val_f1=0.9540 | test_acc=83.99% test_f1=0.7492
Epoch 017 | train_loss=0.1413 | val_acc=97.71% val_f1=0.9727 | test_acc=83.15% test_f1=0.7316
Epoch 018 | train_loss=0.0832 | val_acc=97.14% val_f1=0.9647 | test_acc=83.43% test_f1=0.7406
Epoch 019 | train_loss=0.1125 | val_acc=97.71% val_f1=0.9727 | test_acc=84.27% test_f1=0.7557
Epoch 020 | train_loss=0.0801 | val_acc=97.71% val_f1=0.9727 | test_acc=84.83% test_f1=0.7634
Epoch 021 | train_loss=0.0676 | val_acc=97.71% val_f1=0.9727 | test_acc=79.78% test_f1=0.6525
Epoch 022 | train_loss=0.0856 | val_acc=97.14% val_f1=0.9647 | test_acc=80.90% test_f1=0.6814
Epoch 023 | train_loss=0.0571 | val_acc=97.71% val_f1=0.9727 | test_acc=82.58% test_f1=0.7292
Epoch 024 | train_loss=0.0696 | val_acc=97.71% val_f1=0.9727 | test_acc=87.08% test_f1=0.8091
Epoch 025 | train_loss=0.0653 | val_acc=97.71% val_f1=0.9727 | test_acc=80.90% test_f1=0.6992
Epoch 026 | train_loss=0.0670 | val_acc=97.71% val_f1=0.9727 | test_acc=82.58% test_f1=0.7300
Epoch 027 | train_loss=0.1127 | val_acc=97.71% val_f1=0.9701 | test_acc=78.65% test_f1=0.6542
Epoch 028 | train_loss=0.0625 | val_acc=97.71% val_f1=0.9727 | test_acc=83.71% test_f1=0.7538
Epoch 029 | train_loss=0.0515 | val_acc=97.71% val_f1=0.9727 | test_acc=83.71% test_f1=0.7509
Epoch 030 | train_loss=0.0437 | val_acc=97.71% val_f1=0.9727 | test_acc=82.30% test_f1=0.7249
Epoch 031 | train_loss=0.0491 | val_acc=98.29% val_f1=0.9782 | test_acc=78.93% test_f1=0.6659
Epoch 032 | train_loss=0.0457 | val_acc=98.29% val_f1=0.9782 | test_acc=79.78% test_f1=0.6790
Epoch 033 | train_loss=0.0415 | val_acc=98.29% val_f1=0.9807 | test_acc=84.55% test_f1=0.7676
Epoch 034 | train_loss=0.0554 | val_acc=98.86% val_f1=0.9862 | test_acc=83.71% test_f1=0.7592
Epoch 035 | train_loss=0.0394 | val_acc=98.29% val_f1=0.9782 | test_acc=80.62% test_f1=0.6982
Epoch 036 | train_loss=0.0354 | val_acc=98.86% val_f1=0.9886 | test_acc=84.27% test_f1=0.7674
Epoch 037 | train_loss=0.0360 | val_acc=98.29% val_f1=0.9807 | test_acc=83.71% test_f1=0.7592
Epoch 038 | train_loss=0.0302 | val_acc=97.71% val_f1=0.9727 | test_acc=82.87% test_f1=0.7425
Epoch 039 | train_loss=0.0306 | val_acc=98.29% val_f1=0.9782 | test_acc=80.62% test_f1=0.6902
Epoch 040 | train_loss=0.0540 | val_acc=97.71% val_f1=0.9727 | test_acc=81.46% test_f1=0.7100
Epoch 041 | train_loss=0.0284 | val_acc=97.71% val_f1=0.9727 | test_acc=79.78% test_f1=0.6713
Epoch 042 | train_loss=0.0321 | val_acc=98.29% val_f1=0.9755 | test_acc=78.65% test_f1=0.6592
Epoch 043 | train_loss=0.0222 | val_acc=98.86% val_f1=0.9837 | test_acc=79.21% test_f1=0.6687
Epoch 044 | train_loss=0.0262 | val_acc=98.86% val_f1=0.9837 | test_acc=78.93% test_f1=0.6659
Epoch 045 | train_loss=0.0429 | val_acc=97.71% val_f1=0.9727 | test_acc=79.49% test_f1=0.6685
Epoch 046 | train_loss=0.0323 | val_acc=99.43% val_f1=0.9919 | test_acc=77.53% test_f1=0.6478
Epoch 047 | train_loss=0.0390 | val_acc=100.00% val_f1=1.0000 | test_acc=84.27% test_f1=0.7803
Epoch 048 | train_loss=0.0433 | val_acc=99.43% val_f1=0.9919 | test_acc=76.69% test_f1=0.6428
Epoch 049 | train_loss=0.0239 | val_acc=99.43% val_f1=0.9943 | test_acc=79.49% test_f1=0.6724
Epoch 050 | train_loss=0.0253 | val_acc=100.00% val_f1=1.0000 | test_acc=78.93% test_f1=0.6629
Epoch 051 | train_loss=0.0180 | val_acc=99.43% val_f1=0.9943 | test_acc=81.74% test_f1=0.7224
Epoch 052 | train_loss=0.0256 | val_acc=98.86% val_f1=0.9886 | test_acc=85.39% test_f1=0.7907
Epoch 053 | train_loss=0.0162 | val_acc=99.43% val_f1=0.9943 | test_acc=80.06% test_f1=0.6780
Epoch 054 | train_loss=0.0320 | val_acc=98.86% val_f1=0.9862 | test_acc=78.65% test_f1=0.6601
Epoch 055 | train_loss=0.0411 | val_acc=99.43% val_f1=0.9943 | test_acc=78.65% test_f1=0.6640
Epoch 056 | train_loss=0.0305 | val_acc=99.43% val_f1=0.9943 | test_acc=82.30% test_f1=0.7311
Epoch 057 | train_loss=0.0384 | val_acc=99.43% val_f1=0.9943 | test_acc=80.34% test_f1=0.6883
Epoch 058 | train_loss=0.0264 | val_acc=99.43% val_f1=0.9943 | test_acc=78.93% test_f1=0.6668
Epoch 059 | train_loss=0.0348 | val_acc=98.86% val_f1=0.9886 | test_acc=83.71% test_f1=0.7592
Epoch 060 | train_loss=0.0312 | val_acc=100.00% val_f1=1.0000 | test_acc=78.65% test_f1=0.6714
Epoch 061 | train_loss=0.0214 | val_acc=100.00% val_f1=1.0000 | test_acc=81.18% test_f1=0.7167
Epoch 062 | train_loss=0.0153 | val_acc=100.00% val_f1=1.0000 | test_acc=83.99% test_f1=0.7718
Epoch 063 | train_loss=0.0218 | val_acc=99.43% val_f1=0.9943 | test_acc=85.11% test_f1=0.7920
Early stopping at epoch 63 (best=47, score=1.000000)
================================================================================
Best epoch: 47
Best score (val_macro_f1): 1.000000
Final test accuracy: 84.27%
Saved to: ablation_experiments/h1/results/comparison_18d_baselines/inception/inception_weld_seam_windows_ws5_tf75_pg0_h1_oc24_blk9_bn32_do0.3_ep80_lr0.0001_wd0.0002_bs64_seed122
================================================================================
Comparison baseline | model=inception
================================================================================
Dataset: /home/huang_kai/wind_turbine_phm/PHOENIX-main/autoencoder_benchmark/Data/processed_data/weld_seam_windows_ws5_tf75_pg0_h1.npz
Device: cuda
Train/Val/Test: 990 / 175 / 356
Epoch 001 | train_loss=0.9906 | val_acc=65.71% val_f1=0.5814 | test_acc=87.36% test_f1=0.8519
Epoch 002 | train_loss=0.7455 | val_acc=74.86% val_f1=0.7119 | test_acc=94.66% test_f1=0.9444
Epoch 003 | train_loss=0.5736 | val_acc=84.00% val_f1=0.8283 | test_acc=96.35% test_f1=0.9578
Epoch 004 | train_loss=0.4662 | val_acc=89.71% val_f1=0.8894 | test_acc=96.07% test_f1=0.9462
Epoch 005 | train_loss=0.3561 | val_acc=92.00% val_f1=0.9133 | test_acc=94.38% test_f1=0.9250
Epoch 006 | train_loss=0.2634 | val_acc=93.71% val_f1=0.9375 | test_acc=92.13% test_f1=0.8935
Epoch 007 | train_loss=0.1975 | val_acc=96.00% val_f1=0.9613 | test_acc=88.48% test_f1=0.8398
Epoch 008 | train_loss=0.1640 | val_acc=97.71% val_f1=0.9775 | test_acc=87.36% test_f1=0.8227
Epoch 009 | train_loss=0.1119 | val_acc=98.29% val_f1=0.9830 | test_acc=88.20% test_f1=0.8431
Epoch 010 | train_loss=0.0995 | val_acc=98.86% val_f1=0.9886 | test_acc=83.99% test_f1=0.7755
Epoch 011 | train_loss=0.0774 | val_acc=98.29% val_f1=0.9830 | test_acc=82.87% test_f1=0.7582
Epoch 012 | train_loss=0.0670 | val_acc=99.43% val_f1=0.9943 | test_acc=81.46% test_f1=0.7280
Epoch 013 | train_loss=0.0699 | val_acc=99.43% val_f1=0.9943 | test_acc=80.90% test_f1=0.7167
Epoch 014 | train_loss=0.0588 | val_acc=99.43% val_f1=0.9943 | test_acc=79.78% test_f1=0.7047
Epoch 015 | train_loss=0.0472 | val_acc=99.43% val_f1=0.9943 | test_acc=80.06% test_f1=0.7129
Epoch 016 | train_loss=0.0327 | val_acc=99.43% val_f1=0.9943 | test_acc=82.87% test_f1=0.7613
Epoch 017 | train_loss=0.0426 | val_acc=100.00% val_f1=1.0000 | test_acc=82.87% test_f1=0.7640
Epoch 018 | train_loss=0.0346 | val_acc=100.00% val_f1=1.0000 | test_acc=83.43% test_f1=0.7713
Epoch 019 | train_loss=0.0234 | val_acc=100.00% val_f1=1.0000 | test_acc=78.93% test_f1=0.7057
Epoch 020 | train_loss=0.0362 | val_acc=100.00% val_f1=1.0000 | test_acc=72.75% test_f1=0.6115
Epoch 021 | train_loss=0.0219 | val_acc=100.00% val_f1=1.0000 | test_acc=75.56% test_f1=0.6593
Epoch 022 | train_loss=0.0247 | val_acc=100.00% val_f1=1.0000 | test_acc=81.74% test_f1=0.7518
Epoch 023 | train_loss=0.0218 | val_acc=100.00% val_f1=1.0000 | test_acc=79.21% test_f1=0.7115
Epoch 024 | train_loss=0.0192 | val_acc=100.00% val_f1=1.0000 | test_acc=77.53% test_f1=0.6879
Epoch 025 | train_loss=0.0147 | val_acc=100.00% val_f1=1.0000 | test_acc=76.97% test_f1=0.6887
Epoch 026 | train_loss=0.0128 | val_acc=100.00% val_f1=1.0000 | test_acc=76.69% test_f1=0.6851
Epoch 027 | train_loss=0.0174 | val_acc=100.00% val_f1=1.0000 | test_acc=76.12% test_f1=0.6634
Epoch 028 | train_loss=0.0217 | val_acc=100.00% val_f1=1.0000 | test_acc=78.09% test_f1=0.6965
Epoch 029 | train_loss=0.0124 | val_acc=100.00% val_f1=1.0000 | test_acc=75.28% test_f1=0.6477
Epoch 030 | train_loss=0.0102 | val_acc=100.00% val_f1=1.0000 | test_acc=75.00% test_f1=0.6556
Epoch 031 | train_loss=0.0150 | val_acc=100.00% val_f1=1.0000 | test_acc=75.56% test_f1=0.6696
Epoch 032 | train_loss=0.0105 | val_acc=100.00% val_f1=1.0000 | test_acc=76.69% test_f1=0.6868
Epoch 033 | train_loss=0.0140 | val_acc=100.00% val_f1=1.0000 | test_acc=79.49% test_f1=0.7241
Early stopping at epoch 33 (best=17, score=1.000000)
================================================================================
Best epoch: 17
Best score (val_macro_f1): 1.000000
Final test accuracy: 82.87%
Saved to: ablation_experiments/h1/results/comparison_18d_baselines/inception/inception_weld_seam_windows_ws5_tf75_pg0_h1_oc16_blk3_bn16_do0.1_ep80_lr0.0005_wd0.0002_bs128_seed42
================================================================================
Comparison baseline | model=inception
================================================================================
Dataset: /home/huang_kai/wind_turbine_phm/PHOENIX-main/autoencoder_benchmark/Data/processed_data/weld_seam_windows_ws5_tf75_pg0_h1.npz
Device: cuda
Train/Val/Test: 990 / 175 / 356
Epoch 001 | train_loss=1.1805 | val_acc=64.00% val_f1=0.4690 | test_acc=60.11% test_f1=0.4355
Epoch 002 | train_loss=1.1139 | val_acc=43.43% val_f1=0.3377 | test_acc=36.80% test_f1=0.2770
Epoch 003 | train_loss=1.0195 | val_acc=38.29% val_f1=0.2941 | test_acc=32.02% test_f1=0.2344
Epoch 004 | train_loss=0.9718 | val_acc=45.71% val_f1=0.3671 | test_acc=38.76% test_f1=0.3081
Epoch 005 | train_loss=0.8882 | val_acc=60.57% val_f1=0.5141 | test_acc=59.55% test_f1=0.5227
Epoch 006 | train_loss=0.8663 | val_acc=77.71% val_f1=0.7150 | test_acc=83.15% test_f1=0.8176
Epoch 007 | train_loss=0.8336 | val_acc=88.57% val_f1=0.8569 | test_acc=90.17% test_f1=0.8964
Epoch 008 | train_loss=0.7576 | val_acc=93.14% val_f1=0.9134 | test_acc=91.01% test_f1=0.8976
Epoch 009 | train_loss=0.6958 | val_acc=95.43% val_f1=0.9460 | test_acc=90.17% test_f1=0.8830
Epoch 010 | train_loss=0.6432 | val_acc=95.43% val_f1=0.9460 | test_acc=88.76% test_f1=0.8593
Epoch 011 | train_loss=0.6215 | val_acc=95.43% val_f1=0.9460 | test_acc=88.48% test_f1=0.8550
Epoch 012 | train_loss=0.5911 | val_acc=96.57% val_f1=0.9593 | test_acc=87.08% test_f1=0.8332
Epoch 013 | train_loss=0.4985 | val_acc=95.43% val_f1=0.9488 | test_acc=87.92% test_f1=0.8377
Epoch 014 | train_loss=0.4684 | val_acc=95.43% val_f1=0.9488 | test_acc=87.36% test_f1=0.8285
Epoch 015 | train_loss=0.4132 | val_acc=95.43% val_f1=0.9488 | test_acc=83.99% test_f1=0.7709
Epoch 016 | train_loss=0.3805 | val_acc=95.43% val_f1=0.9488 | test_acc=83.99% test_f1=0.7671
Epoch 017 | train_loss=0.3515 | val_acc=95.43% val_f1=0.9488 | test_acc=85.67% test_f1=0.7957
Epoch 018 | train_loss=0.3270 | val_acc=94.86% val_f1=0.9436 | test_acc=85.96% test_f1=0.8007
Epoch 019 | train_loss=0.2861 | val_acc=94.29% val_f1=0.9385 | test_acc=85.67% test_f1=0.7957
Epoch 020 | train_loss=0.2479 | val_acc=95.43% val_f1=0.9488 | test_acc=83.43% test_f1=0.7529
Epoch 021 | train_loss=0.2159 | val_acc=95.43% val_f1=0.9488 | test_acc=82.58% test_f1=0.7330
Epoch 022 | train_loss=0.1852 | val_acc=94.86% val_f1=0.9436 | test_acc=82.02% test_f1=0.7252
Epoch 023 | train_loss=0.1934 | val_acc=95.43% val_f1=0.9488 | test_acc=82.58% test_f1=0.7330
Epoch 024 | train_loss=0.1756 | val_acc=95.43% val_f1=0.9488 | test_acc=82.58% test_f1=0.7330
Epoch 025 | train_loss=0.1714 | val_acc=95.43% val_f1=0.9488 | test_acc=80.90% test_f1=0.7035
Epoch 026 | train_loss=0.1640 | val_acc=96.00% val_f1=0.9540 | test_acc=80.62% test_f1=0.6973
Epoch 027 | train_loss=0.1249 | val_acc=96.00% val_f1=0.9540 | test_acc=82.02% test_f1=0.7303
Epoch 028 | train_loss=0.1066 | val_acc=96.00% val_f1=0.9540 | test_acc=81.18% test_f1=0.7128
Early stopping at epoch 28 (best=12, score=0.959326)
================================================================================
Best epoch: 12
Best score (val_macro_f1): 0.959326
Final test accuracy: 87.08%
Saved to: ablation_experiments/h1/results/comparison_18d_baselines/inception/inception_weld_seam_windows_ws5_tf75_pg0_h1_oc16_blk9_bn32_do0.3_ep80_lr0.0001_wd0.0002_bs128_seed100
================================================================================
Comparison baseline | model=inception
================================================================================
Dataset: /home/huang_kai/wind_turbine_phm/PHOENIX-main/autoencoder_benchmark/Data/processed_data/weld_seam_windows_ws5_tf75_pg0_h1.npz
Device: cuda
Train/Val/Test: 990 / 175 / 356
Epoch 001 | train_loss=1.1057 | val_acc=26.86% val_f1=0.1763 | test_acc=31.46% test_f1=0.2290
Epoch 002 | train_loss=1.0566 | val_acc=27.43% val_f1=0.2114 | test_acc=29.49% test_f1=0.2367
Epoch 003 | train_loss=0.9922 | val_acc=42.86% val_f1=0.4201 | test_acc=44.94% test_f1=0.4467
Epoch 004 | train_loss=0.8849 | val_acc=55.43% val_f1=0.5835 | test_acc=51.12% test_f1=0.5446
Epoch 005 | train_loss=0.7958 | val_acc=62.86% val_f1=0.6597 | test_acc=55.62% test_f1=0.5908
Epoch 006 | train_loss=0.7562 | val_acc=72.00% val_f1=0.7450 | test_acc=61.52% test_f1=0.6328
Epoch 007 | train_loss=0.6729 | val_acc=80.57% val_f1=0.8192 | test_acc=67.98% test_f1=0.6687
Epoch 008 | train_loss=0.5997 | val_acc=89.14% val_f1=0.8950 | test_acc=71.63% test_f1=0.6587
Epoch 009 | train_loss=0.5283 | val_acc=91.43% val_f1=0.9169 | test_acc=76.40% test_f1=0.7079
Epoch 010 | train_loss=0.4716 | val_acc=92.57% val_f1=0.9270 | test_acc=78.65% test_f1=0.7202
Epoch 011 | train_loss=0.3746 | val_acc=92.57% val_f1=0.9270 | test_acc=81.46% test_f1=0.7481
Epoch 012 | train_loss=0.3121 | val_acc=96.00% val_f1=0.9583 | test_acc=81.18% test_f1=0.7325
Epoch 013 | train_loss=0.3109 | val_acc=96.00% val_f1=0.9559 | test_acc=80.34% test_f1=0.7165
Epoch 014 | train_loss=0.2451 | val_acc=96.00% val_f1=0.9559 | test_acc=78.09% test_f1=0.6756
Epoch 015 | train_loss=0.2417 | val_acc=96.00% val_f1=0.9559 | test_acc=78.37% test_f1=0.6783
Epoch 016 | train_loss=0.2132 | val_acc=97.14% val_f1=0.9667 | test_acc=78.93% test_f1=0.6929
Epoch 017 | train_loss=0.1768 | val_acc=97.14% val_f1=0.9667 | test_acc=77.53% test_f1=0.6630
Epoch 018 | train_loss=0.1674 | val_acc=97.71% val_f1=0.9727 | test_acc=77.53% test_f1=0.6630
Epoch 019 | train_loss=0.1508 | val_acc=97.71% val_f1=0.9727 | test_acc=75.56% test_f1=0.6308
Epoch 020 | train_loss=0.1337 | val_acc=98.29% val_f1=0.9807 | test_acc=77.81% test_f1=0.6745
Epoch 021 | train_loss=0.1302 | val_acc=98.29% val_f1=0.9807 | test_acc=78.65% test_f1=0.6973
Epoch 022 | train_loss=0.1110 | val_acc=98.86% val_f1=0.9862 | test_acc=75.00% test_f1=0.6281
Epoch 023 | train_loss=0.1287 | val_acc=99.43% val_f1=0.9919 | test_acc=74.72% test_f1=0.6203
Epoch 024 | train_loss=0.1032 | val_acc=99.43% val_f1=0.9919 | test_acc=75.28% test_f1=0.6345
Epoch 025 | train_loss=0.0885 | val_acc=100.00% val_f1=1.0000 | test_acc=76.69% test_f1=0.6651
Epoch 026 | train_loss=0.0849 | val_acc=99.43% val_f1=0.9943 | test_acc=78.93% test_f1=0.7052
Epoch 027 | train_loss=0.0729 | val_acc=100.00% val_f1=1.0000 | test_acc=73.03% test_f1=0.6121
Epoch 028 | train_loss=0.0643 | val_acc=100.00% val_f1=1.0000 | test_acc=73.03% test_f1=0.6121
Epoch 029 | train_loss=0.0627 | val_acc=100.00% val_f1=1.0000 | test_acc=73.31% test_f1=0.6182
Epoch 030 | train_loss=0.0779 | val_acc=100.00% val_f1=1.0000 | test_acc=72.47% test_f1=0.6038
Epoch 031 | train_loss=0.0569 | val_acc=100.00% val_f1=1.0000 | test_acc=74.44% test_f1=0.6402
Epoch 032 | train_loss=0.0529 | val_acc=100.00% val_f1=1.0000 | test_acc=74.44% test_f1=0.6394
Epoch 033 | train_loss=0.0543 | val_acc=100.00% val_f1=1.0000 | test_acc=73.60% test_f1=0.6227
Epoch 034 | train_loss=0.0432 | val_acc=100.00% val_f1=1.0000 | test_acc=74.44% test_f1=0.6353
Epoch 035 | train_loss=0.0485 | val_acc=100.00% val_f1=1.0000 | test_acc=73.88% test_f1=0.6260
Epoch 036 | train_loss=0.0505 | val_acc=100.00% val_f1=1.0000 | test_acc=74.72% test_f1=0.6411
Epoch 037 | train_loss=0.0351 | val_acc=100.00% val_f1=1.0000 | test_acc=75.28% test_f1=0.6574
Epoch 038 | train_loss=0.0436 | val_acc=100.00% val_f1=1.0000 | test_acc=73.03% test_f1=0.6105
Epoch 039 | train_loss=0.0426 | val_acc=100.00% val_f1=1.0000 | test_acc=70.51% test_f1=0.5724
Epoch 040 | train_loss=0.0422 | val_acc=100.00% val_f1=1.0000 | test_acc=73.03% test_f1=0.6185
Epoch 041 | train_loss=0.0368 | val_acc=100.00% val_f1=1.0000 | test_acc=74.44% test_f1=0.6447
Early stopping at epoch 41 (best=25, score=1.000000)
================================================================================
Best epoch: 25
Best score (val_macro_f1): 1.000000
Final test accuracy: 76.69%
Saved to: ablation_experiments/h1/results/comparison_18d_baselines/inception/inception_weld_seam_windows_ws5_tf75_pg0_h1_oc32_blk9_bn32_do0.2_ep80_lr0.0001_wd0.0001_bs128_seed122
================================================================================
Comparison baseline | model=inception
================================================================================
Dataset: /home/huang_kai/wind_turbine_phm/PHOENIX-main/autoencoder_benchmark/Data/processed_data/weld_seam_windows_ws5_tf75_pg0_h1.npz
Device: cuda
Train/Val/Test: 990 / 175 / 356
Epoch 001 | train_loss=1.2138 | val_acc=18.29% val_f1=0.1629 | test_acc=17.42% test_f1=0.1242
Epoch 002 | train_loss=1.1017 | val_acc=26.29% val_f1=0.2375 | test_acc=23.03% test_f1=0.1924
Epoch 003 | train_loss=0.9758 | val_acc=34.29% val_f1=0.3436 | test_acc=37.36% test_f1=0.3742
Epoch 004 | train_loss=0.9312 | val_acc=56.57% val_f1=0.5779 | test_acc=53.93% test_f1=0.5828
Epoch 005 | train_loss=0.8888 | val_acc=74.86% val_f1=0.7272 | test_acc=75.84% test_f1=0.7864
Epoch 006 | train_loss=0.8163 | val_acc=83.43% val_f1=0.8134 | test_acc=89.33% test_f1=0.8979
Epoch 007 | train_loss=0.7556 | val_acc=86.86% val_f1=0.8494 | test_acc=93.26% test_f1=0.9297
Epoch 008 | train_loss=0.6964 | val_acc=87.43% val_f1=0.8584 | test_acc=93.54% test_f1=0.9234
Epoch 009 | train_loss=0.6674 | val_acc=88.57% val_f1=0.8743 | test_acc=93.26% test_f1=0.9182
Epoch 010 | train_loss=0.6352 | val_acc=88.00% val_f1=0.8694 | test_acc=92.98% test_f1=0.9145
Epoch 011 | train_loss=0.5610 | val_acc=89.14% val_f1=0.8823 | test_acc=91.85% test_f1=0.8969
Epoch 012 | train_loss=0.5144 | val_acc=90.86% val_f1=0.9003 | test_acc=91.29% test_f1=0.8885
Epoch 013 | train_loss=0.5070 | val_acc=92.00% val_f1=0.9156 | test_acc=91.01% test_f1=0.8842
Epoch 014 | train_loss=0.4622 | val_acc=92.00% val_f1=0.9162 | test_acc=91.01% test_f1=0.8842
Epoch 015 | train_loss=0.4431 | val_acc=93.14% val_f1=0.9321 | test_acc=91.01% test_f1=0.8810
Epoch 016 | train_loss=0.4062 | val_acc=93.14% val_f1=0.9321 | test_acc=89.33% test_f1=0.8559
Epoch 017 | train_loss=0.3905 | val_acc=93.14% val_f1=0.9321 | test_acc=88.20% test_f1=0.8408
Epoch 018 | train_loss=0.3867 | val_acc=93.14% val_f1=0.9321 | test_acc=89.33% test_f1=0.8587
Epoch 019 | train_loss=0.3553 | val_acc=93.14% val_f1=0.9321 | test_acc=87.92% test_f1=0.8340
Epoch 020 | train_loss=0.3253 | val_acc=93.71% val_f1=0.9373 | test_acc=88.48% test_f1=0.8431
Epoch 021 | train_loss=0.3295 | val_acc=93.14% val_f1=0.9343 | test_acc=89.61% test_f1=0.8631
Epoch 022 | train_loss=0.2883 | val_acc=92.57% val_f1=0.9270 | test_acc=87.08% test_f1=0.8224
Epoch 023 | train_loss=0.2731 | val_acc=92.57% val_f1=0.9270 | test_acc=88.20% test_f1=0.8361
Epoch 024 | train_loss=0.2468 | val_acc=93.14% val_f1=0.9332 | test_acc=86.24% test_f1=0.8082
Epoch 025 | train_loss=0.2516 | val_acc=93.14% val_f1=0.9332 | test_acc=86.52% test_f1=0.8104
Epoch 026 | train_loss=0.2390 | val_acc=94.29% val_f1=0.9434 | test_acc=86.52% test_f1=0.8104
Epoch 027 | train_loss=0.2465 | val_acc=94.29% val_f1=0.9434 | test_acc=86.80% test_f1=0.8152
Epoch 028 | train_loss=0.2291 | val_acc=94.86% val_f1=0.9508 | test_acc=87.36% test_f1=0.8246
Epoch 029 | train_loss=0.2016 | val_acc=95.43% val_f1=0.9560 | test_acc=86.52% test_f1=0.8113
Epoch 030 | train_loss=0.2055 | val_acc=95.43% val_f1=0.9538 | test_acc=86.24% test_f1=0.8082
Epoch 031 | train_loss=0.1963 | val_acc=95.43% val_f1=0.9560 | test_acc=86.24% test_f1=0.8082
Epoch 032 | train_loss=0.1948 | val_acc=94.86% val_f1=0.9508 | test_acc=87.08% test_f1=0.8191
Epoch 033 | train_loss=0.1762 | val_acc=94.86% val_f1=0.9508 | test_acc=87.64% test_f1=0.8269
Epoch 034 | train_loss=0.1782 | val_acc=95.43% val_f1=0.9560 | test_acc=86.80% test_f1=0.8143
Epoch 035 | train_loss=0.1569 | val_acc=96.00% val_f1=0.9613 | test_acc=86.52% test_f1=0.8129
Epoch 036 | train_loss=0.1479 | val_acc=97.14% val_f1=0.9721 | test_acc=84.83% test_f1=0.7908
Epoch 037 | train_loss=0.1417 | val_acc=96.57% val_f1=0.9667 | test_acc=86.24% test_f1=0.8082
Epoch 038 | train_loss=0.1641 | val_acc=96.00% val_f1=0.9613 | test_acc=87.08% test_f1=0.8207
Epoch 039 | train_loss=0.1591 | val_acc=96.57% val_f1=0.9667 | test_acc=85.96% test_f1=0.8034
Epoch 040 | train_loss=0.1420 | val_acc=96.57% val_f1=0.9667 | test_acc=84.55% test_f1=0.7843
Epoch 041 | train_loss=0.1583 | val_acc=97.14% val_f1=0.9721 | test_acc=83.15% test_f1=0.7613
Epoch 042 | train_loss=0.1363 | val_acc=97.14% val_f1=0.9721 | test_acc=83.71% test_f1=0.7713
Epoch 043 | train_loss=0.1415 | val_acc=97.14% val_f1=0.9721 | test_acc=85.11% test_f1=0.7956
Epoch 044 | train_loss=0.1300 | val_acc=97.14% val_f1=0.9721 | test_acc=84.27% test_f1=0.7812
Epoch 045 | train_loss=0.1391 | val_acc=97.14% val_f1=0.9721 | test_acc=85.11% test_f1=0.7956
Epoch 046 | train_loss=0.1081 | val_acc=97.14% val_f1=0.9721 | test_acc=84.27% test_f1=0.7812
Epoch 047 | train_loss=0.1245 | val_acc=97.71% val_f1=0.9775 | test_acc=83.71% test_f1=0.7713
Epoch 048 | train_loss=0.1274 | val_acc=97.14% val_f1=0.9721 | test_acc=84.27% test_f1=0.7812
Epoch 049 | train_loss=0.1201 | val_acc=97.71% val_f1=0.9775 | test_acc=84.27% test_f1=0.7812
Epoch 050 | train_loss=0.1082 | val_acc=97.14% val_f1=0.9721 | test_acc=84.27% test_f1=0.7812
Epoch 051 | train_loss=0.1225 | val_acc=97.14% val_f1=0.9721 | test_acc=85.96% test_f1=0.8082
Epoch 052 | train_loss=0.1068 | val_acc=97.14% val_f1=0.9721 | test_acc=84.55% test_f1=0.7843
Epoch 053 | train_loss=0.1189 | val_acc=97.14% val_f1=0.9721 | test_acc=84.27% test_f1=0.7812
Epoch 054 | train_loss=0.1085 | val_acc=97.14% val_f1=0.9721 | test_acc=84.27% test_f1=0.7812
Epoch 055 | train_loss=0.1361 | val_acc=97.71% val_f1=0.9775 | test_acc=85.96% test_f1=0.8097
Epoch 056 | train_loss=0.1032 | val_acc=97.71% val_f1=0.9775 | test_acc=85.96% test_f1=0.8097
Epoch 057 | train_loss=0.1078 | val_acc=98.29% val_f1=0.9830 | test_acc=83.99% test_f1=0.7763
Epoch 058 | train_loss=0.1175 | val_acc=97.71% val_f1=0.9775 | test_acc=84.55% test_f1=0.7860
Epoch 059 | train_loss=0.1207 | val_acc=97.71% val_f1=0.9775 | test_acc=85.11% test_f1=0.7956
Epoch 060 | train_loss=0.0972 | val_acc=97.71% val_f1=0.9775 | test_acc=83.99% test_f1=0.7763
Epoch 061 | train_loss=0.1034 | val_acc=97.71% val_f1=0.9775 | test_acc=83.43% test_f1=0.7663
Epoch 062 | train_loss=0.1096 | val_acc=97.14% val_f1=0.9721 | test_acc=85.11% test_f1=0.7956
Epoch 063 | train_loss=0.0910 | val_acc=98.29% val_f1=0.9830 | test_acc=84.83% test_f1=0.7908
Epoch 064 | train_loss=0.1102 | val_acc=97.14% val_f1=0.9721 | test_acc=84.55% test_f1=0.7860
Epoch 065 | train_loss=0.1022 | val_acc=98.29% val_f1=0.9830 | test_acc=84.83% test_f1=0.7908
Epoch 066 | train_loss=0.1064 | val_acc=97.71% val_f1=0.9775 | test_acc=85.39% test_f1=0.8003
Epoch 067 | train_loss=0.1194 | val_acc=98.29% val_f1=0.9830 | test_acc=83.71% test_f1=0.7713
Epoch 068 | train_loss=0.1191 | val_acc=98.29% val_f1=0.9830 | test_acc=84.55% test_f1=0.7860
Epoch 069 | train_loss=0.0991 | val_acc=98.29% val_f1=0.9830 | test_acc=85.96% test_f1=0.8097
Epoch 070 | train_loss=0.1069 | val_acc=98.29% val_f1=0.9830 | test_acc=85.11% test_f1=0.7956
Epoch 071 | train_loss=0.0984 | val_acc=98.29% val_f1=0.9830 | test_acc=84.83% test_f1=0.7908
Epoch 072 | train_loss=0.0987 | val_acc=98.29% val_f1=0.9830 | test_acc=83.43% test_f1=0.7663
Epoch 073 | train_loss=0.1016 | val_acc=97.71% val_f1=0.9775 | test_acc=84.83% test_f1=0.7908
Early stopping at epoch 73 (best=57, score=0.983041)
================================================================================
Best epoch: 57
Best score (val_macro_f1): 0.983041
Final test accuracy: 83.99%
Saved to: ablation_experiments/h1/results/comparison_18d_baselines/inception/inception_weld_seam_windows_ws5_tf75_pg0_h1_oc24_blk3_bn32_do0.3_ep80_lr0.0001_wd0.0001_bs128_seed42
================================================================================
Comparison baseline | model=inception
================================================================================
Dataset: /home/huang_kai/wind_turbine_phm/PHOENIX-main/autoencoder_benchmark/Data/processed_data/weld_seam_windows_ws5_tf75_pg0_h1.npz
Device: cuda
Train/Val/Test: 990 / 175 / 356
Epoch 001 | train_loss=1.0670 | val_acc=26.29% val_f1=0.2449 | test_acc=10.67% test_f1=0.1131
Epoch 002 | train_loss=0.9798 | val_acc=37.71% val_f1=0.3464 | test_acc=25.28% test_f1=0.2106
Epoch 003 | train_loss=0.9022 | val_acc=42.29% val_f1=0.4174 | test_acc=29.21% test_f1=0.2450
Epoch 004 | train_loss=0.8001 | val_acc=44.57% val_f1=0.4531 | test_acc=33.43% test_f1=0.3299
Epoch 005 | train_loss=0.7359 | val_acc=45.71% val_f1=0.4745 | test_acc=37.08% test_f1=0.3906
Epoch 006 | train_loss=0.6574 | val_acc=48.57% val_f1=0.5124 | test_acc=47.19% test_f1=0.5132
Epoch 007 | train_loss=0.5407 | val_acc=70.29% val_f1=0.7374 | test_acc=64.04% test_f1=0.6520
Epoch 008 | train_loss=0.4646 | val_acc=83.43% val_f1=0.8475 | test_acc=78.37% test_f1=0.7526
Epoch 009 | train_loss=0.3696 | val_acc=88.57% val_f1=0.8888 | test_acc=85.39% test_f1=0.7979
Epoch 010 | train_loss=0.2931 | val_acc=90.86% val_f1=0.9110 | test_acc=87.08% test_f1=0.7976
Epoch 011 | train_loss=0.2445 | val_acc=92.57% val_f1=0.9281 | test_acc=89.61% test_f1=0.8405
Epoch 012 | train_loss=0.1908 | val_acc=94.86% val_f1=0.9485 | test_acc=88.48% test_f1=0.8175
Epoch 013 | train_loss=0.1743 | val_acc=95.43% val_f1=0.9538 | test_acc=89.04% test_f1=0.8306
Epoch 014 | train_loss=0.1382 | val_acc=95.43% val_f1=0.9514 | test_acc=87.08% test_f1=0.7943
Epoch 015 | train_loss=0.1191 | val_acc=95.43% val_f1=0.9514 | test_acc=84.27% test_f1=0.7403
Epoch 016 | train_loss=0.1038 | val_acc=97.14% val_f1=0.9697 | test_acc=84.27% test_f1=0.7403
Epoch 017 | train_loss=0.0989 | val_acc=97.14% val_f1=0.9697 | test_acc=83.15% test_f1=0.7190
Epoch 018 | train_loss=0.0842 | val_acc=97.14% val_f1=0.9697 | test_acc=87.64% test_f1=0.8104
Epoch 019 | train_loss=0.0931 | val_acc=97.71% val_f1=0.9752 | test_acc=86.24% test_f1=0.7932
Epoch 020 | train_loss=0.0781 | val_acc=97.71% val_f1=0.9752 | test_acc=83.43% test_f1=0.7319
Epoch 021 | train_loss=0.0888 | val_acc=97.71% val_f1=0.9752 | test_acc=82.58% test_f1=0.7091
Epoch 022 | train_loss=0.0636 | val_acc=98.29% val_f1=0.9807 | test_acc=83.99% test_f1=0.7399
Epoch 023 | train_loss=0.0593 | val_acc=98.86% val_f1=0.9862 | test_acc=83.15% test_f1=0.7344
Epoch 024 | train_loss=0.0452 | val_acc=98.86% val_f1=0.9862 | test_acc=84.83% test_f1=0.7603
Epoch 025 | train_loss=0.0611 | val_acc=98.86% val_f1=0.9862 | test_acc=85.96% test_f1=0.7938
Epoch 026 | train_loss=0.0510 | val_acc=98.86% val_f1=0.9862 | test_acc=85.11% test_f1=0.7848
Epoch 027 | train_loss=0.0520 | val_acc=98.86% val_f1=0.9862 | test_acc=88.48% test_f1=0.8284
Epoch 028 | train_loss=0.0319 | val_acc=98.86% val_f1=0.9862 | test_acc=87.36% test_f1=0.8092
Epoch 029 | train_loss=0.0459 | val_acc=98.86% val_f1=0.9862 | test_acc=84.83% test_f1=0.7665
Epoch 030 | train_loss=0.0512 | val_acc=99.43% val_f1=0.9919 | test_acc=84.55% test_f1=0.7610
Epoch 031 | train_loss=0.0236 | val_acc=99.43% val_f1=0.9919 | test_acc=83.15% test_f1=0.7323
Epoch 032 | train_loss=0.0370 | val_acc=99.43% val_f1=0.9919 | test_acc=81.18% test_f1=0.7243
Epoch 033 | train_loss=0.0285 | val_acc=99.43% val_f1=0.9943 | test_acc=86.52% test_f1=0.7960
Epoch 034 | train_loss=0.0309 | val_acc=100.00% val_f1=1.0000 | test_acc=87.92% test_f1=0.8164
Epoch 035 | train_loss=0.0325 | val_acc=100.00% val_f1=1.0000 | test_acc=87.92% test_f1=0.8206
Epoch 036 | train_loss=0.0239 | val_acc=100.00% val_f1=1.0000 | test_acc=86.24% test_f1=0.7901
Epoch 037 | train_loss=0.0308 | val_acc=99.43% val_f1=0.9919 | test_acc=83.43% test_f1=0.7458
Epoch 038 | train_loss=0.0429 | val_acc=100.00% val_f1=1.0000 | test_acc=89.61% test_f1=0.8477
Epoch 039 | train_loss=0.0183 | val_acc=100.00% val_f1=1.0000 | test_acc=88.76% test_f1=0.8333
Epoch 040 | train_loss=0.0378 | val_acc=100.00% val_f1=1.0000 | test_acc=86.80% test_f1=0.8027
Epoch 041 | train_loss=0.0469 | val_acc=99.43% val_f1=0.9919 | test_acc=83.43% test_f1=0.7558
Epoch 042 | train_loss=0.0279 | val_acc=99.43% val_f1=0.9919 | test_acc=87.64% test_f1=0.8164
Epoch 043 | train_loss=0.0336 | val_acc=99.43% val_f1=0.9919 | test_acc=87.08% test_f1=0.8063
Epoch 044 | train_loss=0.0210 | val_acc=99.43% val_f1=0.9919 | test_acc=83.99% test_f1=0.7552
Epoch 045 | train_loss=0.0214 | val_acc=99.43% val_f1=0.9919 | test_acc=85.96% test_f1=0.7947
Epoch 046 | train_loss=0.0256 | val_acc=99.43% val_f1=0.9919 | test_acc=86.52% test_f1=0.8086
Epoch 047 | train_loss=0.0216 | val_acc=99.43% val_f1=0.9919 | test_acc=85.39% test_f1=0.7844
Epoch 048 | train_loss=0.0275 | val_acc=99.43% val_f1=0.9919 | test_acc=85.11% test_f1=0.7792
Epoch 049 | train_loss=0.0273 | val_acc=99.43% val_f1=0.9919 | test_acc=86.24% test_f1=0.7997
Epoch 050 | train_loss=0.0150 | val_acc=100.00% val_f1=1.0000 | test_acc=89.89% test_f1=0.8597
Early stopping at epoch 50 (best=34, score=1.000000)
================================================================================
Best epoch: 34
Best score (val_macro_f1): 1.000000
Final test accuracy: 87.92%
Saved to: ablation_experiments/h1/results/comparison_18d_baselines/inception/inception_weld_seam_windows_ws5_tf75_pg0_h1_oc16_blk9_bn16_do0.3_ep80_lr0.0002_wd1e-05_bs128_seed122
================================================================================
Comparison baseline | model=inception
================================================================================
Dataset: /home/huang_kai/wind_turbine_phm/PHOENIX-main/autoencoder_benchmark/Data/processed_data/weld_seam_windows_ws5_tf75_pg0_h1.npz
Device: cuda
Train/Val/Test: 990 / 175 / 356
Epoch 001 | train_loss=1.0697 | val_acc=24.57% val_f1=0.1688 | test_acc=27.25% test_f1=0.2495
Epoch 002 | train_loss=0.9965 | val_acc=29.14% val_f1=0.2481 | test_acc=30.06% test_f1=0.2917
Epoch 003 | train_loss=0.9285 | val_acc=41.71% val_f1=0.4027 | test_acc=35.96% test_f1=0.3292
Epoch 004 | train_loss=0.8246 | val_acc=69.71% val_f1=0.6863 | test_acc=54.21% test_f1=0.5618
Epoch 005 | train_loss=0.7577 | val_acc=80.00% val_f1=0.7784 | test_acc=71.35% test_f1=0.7390
Epoch 006 | train_loss=0.6747 | val_acc=85.14% val_f1=0.8342 | test_acc=83.43% test_f1=0.8334
Epoch 007 | train_loss=0.6172 | val_acc=85.14% val_f1=0.8311 | test_acc=89.89% test_f1=0.8868
Epoch 008 | train_loss=0.5653 | val_acc=86.86% val_f1=0.8525 | test_acc=91.01% test_f1=0.8915
Epoch 009 | train_loss=0.5341 | val_acc=87.43% val_f1=0.8605 | test_acc=92.13% test_f1=0.8956
Epoch 010 | train_loss=0.4584 | val_acc=88.57% val_f1=0.8743 | test_acc=90.17% test_f1=0.8641
Epoch 011 | train_loss=0.4252 | val_acc=89.71% val_f1=0.8880 | test_acc=87.64% test_f1=0.8233
Epoch 012 | train_loss=0.3916 | val_acc=90.86% val_f1=0.9017 | test_acc=85.96% test_f1=0.7978
Epoch 013 | train_loss=0.3322 | val_acc=92.00% val_f1=0.9171 | test_acc=86.80% test_f1=0.8147
Epoch 014 | train_loss=0.3197 | val_acc=94.29% val_f1=0.9376 | test_acc=85.39% test_f1=0.7953
Epoch 015 | train_loss=0.3046 | val_acc=94.86% val_f1=0.9428 | test_acc=85.39% test_f1=0.7953
Epoch 016 | train_loss=0.2491 | val_acc=95.43% val_f1=0.9509 | test_acc=84.83% test_f1=0.7894
Epoch 017 | train_loss=0.2352 | val_acc=94.86% val_f1=0.9433 | test_acc=83.99% test_f1=0.7775
Epoch 018 | train_loss=0.2330 | val_acc=96.57% val_f1=0.9644 | test_acc=83.99% test_f1=0.7775
Epoch 019 | train_loss=0.1929 | val_acc=97.14% val_f1=0.9673 | test_acc=81.46% test_f1=0.7376
Epoch 020 | train_loss=0.1938 | val_acc=96.57% val_f1=0.9619 | test_acc=82.58% test_f1=0.7520
Epoch 021 | train_loss=0.1791 | val_acc=97.14% val_f1=0.9673 | test_acc=80.06% test_f1=0.7077
Epoch 022 | train_loss=0.1714 | val_acc=97.14% val_f1=0.9697 | test_acc=82.87% test_f1=0.7603
Epoch 023 | train_loss=0.1522 | val_acc=97.71% val_f1=0.9752 | test_acc=82.02% test_f1=0.7447
Epoch 024 | train_loss=0.1448 | val_acc=97.14% val_f1=0.9673 | test_acc=79.49% test_f1=0.6903
Epoch 025 | train_loss=0.1267 | val_acc=97.14% val_f1=0.9673 | test_acc=80.34% test_f1=0.7080
Epoch 026 | train_loss=0.1418 | val_acc=97.14% val_f1=0.9673 | test_acc=79.49% test_f1=0.6903
Epoch 027 | train_loss=0.1232 | val_acc=98.29% val_f1=0.9782 | test_acc=78.93% test_f1=0.6812
Epoch 028 | train_loss=0.1197 | val_acc=98.29% val_f1=0.9782 | test_acc=79.21% test_f1=0.6873
Epoch 029 | train_loss=0.1291 | val_acc=98.29% val_f1=0.9807 | test_acc=80.62% test_f1=0.7175
Epoch 030 | train_loss=0.0992 | val_acc=99.43% val_f1=0.9943 | test_acc=81.46% test_f1=0.7306
Epoch 031 | train_loss=0.1078 | val_acc=99.43% val_f1=0.9943 | test_acc=80.90% test_f1=0.7231
Epoch 032 | train_loss=0.0950 | val_acc=99.43% val_f1=0.9943 | test_acc=80.90% test_f1=0.7194
Epoch 033 | train_loss=0.0968 | val_acc=99.43% val_f1=0.9943 | test_acc=80.90% test_f1=0.7194
Epoch 034 | train_loss=0.1103 | val_acc=98.86% val_f1=0.9862 | test_acc=80.34% test_f1=0.7080
Epoch 035 | train_loss=0.0787 | val_acc=99.43% val_f1=0.9943 | test_acc=80.06% test_f1=0.7061
Epoch 036 | train_loss=0.0743 | val_acc=99.43% val_f1=0.9943 | test_acc=80.62% test_f1=0.7175
Epoch 037 | train_loss=0.0966 | val_acc=99.43% val_f1=0.9943 | test_acc=81.18% test_f1=0.7286
Epoch 038 | train_loss=0.0765 | val_acc=99.43% val_f1=0.9943 | test_acc=80.62% test_f1=0.7164
Epoch 039 | train_loss=0.0939 | val_acc=99.43% val_f1=0.9943 | test_acc=80.34% test_f1=0.7118
Epoch 040 | train_loss=0.0842 | val_acc=98.86% val_f1=0.9886 | test_acc=80.34% test_f1=0.7118
Epoch 041 | train_loss=0.0763 | val_acc=99.43% val_f1=0.9943 | test_acc=80.90% test_f1=0.7194
Epoch 042 | train_loss=0.0591 | val_acc=99.43% val_f1=0.9943 | test_acc=81.46% test_f1=0.7306
Epoch 043 | train_loss=0.0713 | val_acc=99.43% val_f1=0.9943 | test_acc=80.62% test_f1=0.7179
Epoch 044 | train_loss=0.0683 | val_acc=99.43% val_f1=0.9943 | test_acc=82.58% test_f1=0.7520
Epoch 045 | train_loss=0.0587 | val_acc=99.43% val_f1=0.9943 | test_acc=82.87% test_f1=0.7572
Epoch 046 | train_loss=0.0589 | val_acc=99.43% val_f1=0.9943 | test_acc=82.02% test_f1=0.7414
Early stopping at epoch 46 (best=30, score=0.994277)
================================================================================
Best epoch: 30
Best score (val_macro_f1): 0.994277
Final test accuracy: 81.46%
Saved to: ablation_experiments/h1/results/comparison_18d_baselines/inception/inception_weld_seam_windows_ws5_tf75_pg0_h1_oc16_blk3_bn16_do0.2_ep80_lr0.0002_wd1e-05_bs128_seed122
================================================================================
Comparison baseline | model=inception
================================================================================
Dataset: /home/huang_kai/wind_turbine_phm/PHOENIX-main/autoencoder_benchmark/Data/processed_data/weld_seam_windows_ws5_tf75_pg0_h1.npz
Device: cuda
Train/Val/Test: 990 / 175 / 356
Epoch 001 | train_loss=0.8534 | val_acc=76.57% val_f1=0.7299 | test_acc=76.97% test_f1=0.7919
Epoch 002 | train_loss=0.5316 | val_acc=84.00% val_f1=0.8069 | test_acc=94.66% test_f1=0.9450
Epoch 003 | train_loss=0.3663 | val_acc=90.29% val_f1=0.8861 | test_acc=92.13% test_f1=0.9053
Epoch 004 | train_loss=0.2228 | val_acc=95.43% val_f1=0.9549 | test_acc=89.04% test_f1=0.8605
Epoch 005 | train_loss=0.1623 | val_acc=96.00% val_f1=0.9613 | test_acc=88.48% test_f1=0.8593
Epoch 006 | train_loss=0.1380 | val_acc=98.29% val_f1=0.9830 | test_acc=86.52% test_f1=0.8172
Epoch 007 | train_loss=0.0856 | val_acc=98.29% val_f1=0.9830 | test_acc=87.64% test_f1=0.8371
Epoch 008 | train_loss=0.0920 | val_acc=98.29% val_f1=0.9830 | test_acc=89.33% test_f1=0.8699
Epoch 009 | train_loss=0.0549 | val_acc=98.29% val_f1=0.9830 | test_acc=88.48% test_f1=0.8565
Epoch 010 | train_loss=0.0729 | val_acc=100.00% val_f1=1.0000 | test_acc=84.27% test_f1=0.7932
Epoch 011 | train_loss=0.0665 | val_acc=98.29% val_f1=0.9830 | test_acc=86.24% test_f1=0.8226
Epoch 012 | train_loss=0.0397 | val_acc=100.00% val_f1=1.0000 | test_acc=86.80% test_f1=0.8362
Epoch 013 | train_loss=0.0367 | val_acc=100.00% val_f1=1.0000 | test_acc=85.11% test_f1=0.8221
Epoch 014 | train_loss=0.0268 | val_acc=100.00% val_f1=1.0000 | test_acc=82.87% test_f1=0.8002
Epoch 015 | train_loss=0.0274 | val_acc=100.00% val_f1=1.0000 | test_acc=82.30% test_f1=0.7798
Epoch 016 | train_loss=0.0273 | val_acc=100.00% val_f1=1.0000 | test_acc=81.46% test_f1=0.7639
Epoch 017 | train_loss=0.0154 | val_acc=100.00% val_f1=1.0000 | test_acc=83.15% test_f1=0.7939
Epoch 018 | train_loss=0.0237 | val_acc=100.00% val_f1=1.0000 | test_acc=76.12% test_f1=0.6863
Epoch 019 | train_loss=0.0296 | val_acc=100.00% val_f1=1.0000 | test_acc=82.58% test_f1=0.7852
Epoch 020 | train_loss=0.0176 | val_acc=100.00% val_f1=1.0000 | test_acc=83.43% test_f1=0.8031
Epoch 021 | train_loss=0.0191 | val_acc=100.00% val_f1=1.0000 | test_acc=82.58% test_f1=0.7923
Epoch 022 | train_loss=0.0169 | val_acc=100.00% val_f1=1.0000 | test_acc=80.90% test_f1=0.7685
Epoch 023 | train_loss=0.0261 | val_acc=100.00% val_f1=1.0000 | test_acc=78.37% test_f1=0.7300
Epoch 024 | train_loss=0.0129 | val_acc=100.00% val_f1=1.0000 | test_acc=74.16% test_f1=0.6610
Epoch 025 | train_loss=0.0205 | val_acc=100.00% val_f1=1.0000 | test_acc=75.28% test_f1=0.6849
Epoch 026 | train_loss=0.0080 | val_acc=100.00% val_f1=1.0000 | test_acc=77.53% test_f1=0.7333
Early stopping at epoch 26 (best=10, score=1.000000)
================================================================================
Best epoch: 10
Best score (val_macro_f1): 1.000000
Final test accuracy: 84.27%
Saved to: ablation_experiments/h1/results/comparison_18d_baselines/inception/inception_weld_seam_windows_ws5_tf75_pg0_h1_oc16_blk3_bn16_do0.1_ep80_lr0.0003_wd0.0002_bs64_seed183
================================================================================
Comparison baseline | model=inception
================================================================================
Dataset: /home/huang_kai/wind_turbine_phm/PHOENIX-main/autoencoder_benchmark/Data/processed_data/weld_seam_windows_ws5_tf75_pg0_h1.npz
Device: cuda
Train/Val/Test: 990 / 175 / 356
Epoch 001 | train_loss=1.1128 | val_acc=24.00% val_f1=0.1290 | test_acc=23.31% test_f1=0.1260
Epoch 002 | train_loss=1.0075 | val_acc=39.43% val_f1=0.4098 | test_acc=24.16% test_f1=0.1470
Epoch 003 | train_loss=0.8746 | val_acc=46.86% val_f1=0.4874 | test_acc=37.92% test_f1=0.4102
Epoch 004 | train_loss=0.7010 | val_acc=55.43% val_f1=0.5988 | test_acc=44.38% test_f1=0.4864
Epoch 005 | train_loss=0.5929 | val_acc=81.14% val_f1=0.8341 | test_acc=67.42% test_f1=0.6866
Epoch 006 | train_loss=0.4636 | val_acc=91.43% val_f1=0.9203 | test_acc=83.43% test_f1=0.7976
Epoch 007 | train_loss=0.3614 | val_acc=92.57% val_f1=0.9303 | test_acc=80.62% test_f1=0.7222
Epoch 008 | train_loss=0.3004 | val_acc=94.29% val_f1=0.9456 | test_acc=82.02% test_f1=0.7320
Epoch 009 | train_loss=0.2311 | val_acc=94.29% val_f1=0.9456 | test_acc=84.27% test_f1=0.7691
Epoch 010 | train_loss=0.1915 | val_acc=94.29% val_f1=0.9456 | test_acc=82.58% test_f1=0.7313
Epoch 011 | train_loss=0.1777 | val_acc=95.43% val_f1=0.9560 | test_acc=80.06% test_f1=0.6798
Epoch 012 | train_loss=0.1758 | val_acc=95.43% val_f1=0.9560 | test_acc=81.18% test_f1=0.7017
Epoch 013 | train_loss=0.1195 | val_acc=97.14% val_f1=0.9721 | test_acc=83.15% test_f1=0.7613
Epoch 014 | train_loss=0.1119 | val_acc=98.29% val_f1=0.9830 | test_acc=78.93% test_f1=0.6838
Epoch 015 | train_loss=0.0863 | val_acc=98.29% val_f1=0.9830 | test_acc=77.53% test_f1=0.6495
Epoch 016 | train_loss=0.0998 | val_acc=98.29% val_f1=0.9830 | test_acc=81.46% test_f1=0.7320
Epoch 017 | train_loss=0.0684 | val_acc=99.43% val_f1=0.9943 | test_acc=80.06% test_f1=0.7174
Epoch 018 | train_loss=0.1167 | val_acc=100.00% val_f1=1.0000 | test_acc=76.12% test_f1=0.6319
Epoch 019 | train_loss=0.0781 | val_acc=100.00% val_f1=1.0000 | test_acc=78.93% test_f1=0.6992
Epoch 020 | train_loss=0.0563 | val_acc=99.43% val_f1=0.9943 | test_acc=79.49% test_f1=0.7137
Epoch 021 | train_loss=0.0459 | val_acc=100.00% val_f1=1.0000 | test_acc=78.09% test_f1=0.6860
Epoch 022 | train_loss=0.0801 | val_acc=100.00% val_f1=1.0000 | test_acc=78.37% test_f1=0.6794
Epoch 023 | train_loss=0.0563 | val_acc=100.00% val_f1=1.0000 | test_acc=76.97% test_f1=0.6530
Epoch 024 | train_loss=0.0575 | val_acc=99.43% val_f1=0.9943 | test_acc=79.78% test_f1=0.6952
Epoch 025 | train_loss=0.0749 | val_acc=98.29% val_f1=0.9830 | test_acc=76.69% test_f1=0.6363
Epoch 026 | train_loss=0.0482 | val_acc=100.00% val_f1=1.0000 | test_acc=79.49% test_f1=0.7079
Epoch 027 | train_loss=0.0386 | val_acc=100.00% val_f1=1.0000 | test_acc=75.28% test_f1=0.6291
Epoch 028 | train_loss=0.0267 | val_acc=99.43% val_f1=0.9943 | test_acc=79.49% test_f1=0.6849
Epoch 029 | train_loss=0.0426 | val_acc=100.00% val_f1=1.0000 | test_acc=76.12% test_f1=0.6463
Epoch 030 | train_loss=0.0361 | val_acc=100.00% val_f1=1.0000 | test_acc=74.72% test_f1=0.6270
Epoch 031 | train_loss=0.0359 | val_acc=100.00% val_f1=1.0000 | test_acc=75.28% test_f1=0.6154
Epoch 032 | train_loss=0.0343 | val_acc=100.00% val_f1=1.0000 | test_acc=78.93% test_f1=0.6843
Epoch 033 | train_loss=0.0332 | val_acc=100.00% val_f1=1.0000 | test_acc=78.37% test_f1=0.6654
Epoch 034 | train_loss=0.0273 | val_acc=100.00% val_f1=1.0000 | test_acc=79.49% test_f1=0.7005
Early stopping at epoch 34 (best=18, score=1.000000)
================================================================================
Best epoch: 18
Best score (val_macro_f1): 1.000000
Final test accuracy: 76.12%
Saved to: ablation_experiments/h1/results/comparison_18d_baselines/inception/inception_weld_seam_windows_ws5_tf75_pg0_h1_oc16_blk9_bn32_do0.3_ep80_lr0.0003_wd1e-05_bs64_seed77
================================================================================
Comparison baseline | model=inception
================================================================================
Dataset: /home/huang_kai/wind_turbine_phm/PHOENIX-main/autoencoder_benchmark/Data/processed_data/weld_seam_windows_ws5_tf75_pg0_h1.npz
Device: cuda
Train/Val/Test: 990 / 175 / 356
Epoch 001 | train_loss=1.1001 | val_acc=23.43% val_f1=0.1322 | test_acc=21.91% test_f1=0.1198
Epoch 002 | train_loss=1.0226 | val_acc=22.86% val_f1=0.1240 | test_acc=21.91% test_f1=0.1224
Epoch 003 | train_loss=0.9440 | val_acc=26.29% val_f1=0.2280 | test_acc=35.96% test_f1=0.3271
Epoch 004 | train_loss=0.8536 | val_acc=42.86% val_f1=0.4411 | test_acc=40.17% test_f1=0.4103
Epoch 005 | train_loss=0.7649 | val_acc=45.71% val_f1=0.4780 | test_acc=37.64% test_f1=0.4018
Epoch 006 | train_loss=0.6908 | val_acc=45.71% val_f1=0.4806 | test_acc=37.08% test_f1=0.3990
Epoch 007 | train_loss=0.5937 | val_acc=46.29% val_f1=0.4885 | test_acc=35.67% test_f1=0.3760
Epoch 008 | train_loss=0.5064 | val_acc=52.00% val_f1=0.5601 | test_acc=49.44% test_f1=0.5153
Epoch 009 | train_loss=0.4227 | val_acc=68.00% val_f1=0.7182 | test_acc=67.42% test_f1=0.6525
Epoch 010 | train_loss=0.3563 | val_acc=78.29% val_f1=0.8054 | test_acc=78.65% test_f1=0.7316
Epoch 011 | train_loss=0.2995 | val_acc=85.14% val_f1=0.8633 | test_acc=82.30% test_f1=0.7302
Epoch 012 | train_loss=0.2626 | val_acc=91.43% val_f1=0.9159 | test_acc=82.30% test_f1=0.7276
Epoch 013 | train_loss=0.2161 | val_acc=90.86% val_f1=0.9086 | test_acc=78.93% test_f1=0.6629
Epoch 014 | train_loss=0.1600 | val_acc=92.00% val_f1=0.9208 | test_acc=78.65% test_f1=0.6541
Epoch 015 | train_loss=0.1399 | val_acc=93.14% val_f1=0.9308 | test_acc=80.06% test_f1=0.6989
Epoch 016 | train_loss=0.1285 | val_acc=94.86% val_f1=0.9485 | test_acc=81.46% test_f1=0.7274
Epoch 017 | train_loss=0.1202 | val_acc=94.86% val_f1=0.9485 | test_acc=80.34% test_f1=0.7048
Epoch 018 | train_loss=0.0912 | val_acc=96.00% val_f1=0.9590 | test_acc=80.34% test_f1=0.7100
Epoch 019 | train_loss=0.0748 | val_acc=96.00% val_f1=0.9590 | test_acc=79.49% test_f1=0.6981
Epoch 020 | train_loss=0.0728 | val_acc=96.57% val_f1=0.9644 | test_acc=79.49% test_f1=0.6967
Epoch 021 | train_loss=0.0745 | val_acc=97.71% val_f1=0.9752 | test_acc=77.53% test_f1=0.6772
Epoch 022 | train_loss=0.0592 | val_acc=97.71% val_f1=0.9752 | test_acc=78.65% test_f1=0.6973
Epoch 023 | train_loss=0.0623 | val_acc=97.71% val_f1=0.9752 | test_acc=77.81% test_f1=0.6842
Epoch 024 | train_loss=0.0567 | val_acc=97.71% val_f1=0.9752 | test_acc=76.69% test_f1=0.6676
Epoch 025 | train_loss=0.0706 | val_acc=97.71% val_f1=0.9752 | test_acc=76.97% test_f1=0.6682
Epoch 026 | train_loss=0.0550 | val_acc=97.14% val_f1=0.9697 | test_acc=79.21% test_f1=0.7009
Epoch 027 | train_loss=0.0625 | val_acc=97.71% val_f1=0.9752 | test_acc=78.65% test_f1=0.6973
Epoch 028 | train_loss=0.0344 | val_acc=98.29% val_f1=0.9807 | test_acc=76.12% test_f1=0.6663
Epoch 029 | train_loss=0.0395 | val_acc=99.43% val_f1=0.9919 | test_acc=73.60% test_f1=0.6343
Epoch 030 | train_loss=0.0257 | val_acc=98.86% val_f1=0.9862 | test_acc=77.53% test_f1=0.6879
Epoch 031 | train_loss=0.0298 | val_acc=98.29% val_f1=0.9807 | test_acc=76.12% test_f1=0.6614
Epoch 032 | train_loss=0.0391 | val_acc=98.29% val_f1=0.9807 | test_acc=76.12% test_f1=0.6560
Epoch 033 | train_loss=0.0281 | val_acc=98.29% val_f1=0.9807 | test_acc=76.69% test_f1=0.6728
Epoch 034 | train_loss=0.0249 | val_acc=99.43% val_f1=0.9919 | test_acc=74.72% test_f1=0.6359
Epoch 035 | train_loss=0.0402 | val_acc=98.29% val_f1=0.9807 | test_acc=77.25% test_f1=0.6816
Epoch 036 | train_loss=0.0273 | val_acc=98.86% val_f1=0.9862 | test_acc=74.72% test_f1=0.6344
Epoch 037 | train_loss=0.0242 | val_acc=98.29% val_f1=0.9807 | test_acc=75.28% test_f1=0.6465
Epoch 038 | train_loss=0.0244 | val_acc=98.86% val_f1=0.9862 | test_acc=76.97% test_f1=0.6806
Epoch 039 | train_loss=0.0393 | val_acc=98.29% val_f1=0.9807 | test_acc=76.12% test_f1=0.6588
Epoch 040 | train_loss=0.0256 | val_acc=98.29% val_f1=0.9807 | test_acc=77.81% test_f1=0.6903
Epoch 041 | train_loss=0.0193 | val_acc=98.29% val_f1=0.9807 | test_acc=78.09% test_f1=0.6957
Epoch 042 | train_loss=0.0158 | val_acc=98.29% val_f1=0.9807 | test_acc=78.09% test_f1=0.6957
Epoch 043 | train_loss=0.0230 | val_acc=98.29% val_f1=0.9807 | test_acc=78.09% test_f1=0.6957
Epoch 044 | train_loss=0.0170 | val_acc=98.29% val_f1=0.9807 | test_acc=76.97% test_f1=0.6828
Epoch 045 | train_loss=0.0240 | val_acc=98.29% val_f1=0.9807 | test_acc=77.81% test_f1=0.6946
Early stopping at epoch 45 (best=29, score=0.991859)
================================================================================
Best epoch: 29
Best score (val_macro_f1): 0.991859
Final test accuracy: 73.60%
Saved to: ablation_experiments/h1/results/comparison_18d_baselines/inception/inception_weld_seam_windows_ws5_tf75_pg0_h1_oc16_blk9_bn16_do0.3_ep80_lr0.0002_wd1e-05_bs128_seed14
================================================================================
Comparison baseline | model=inception
================================================================================
Dataset: /home/huang_kai/wind_turbine_phm/PHOENIX-main/autoencoder_benchmark/Data/processed_data/weld_seam_windows_ws5_tf75_pg0_h1.npz
Device: cuda
Train/Val/Test: 990 / 175 / 356
Epoch 001 | train_loss=1.0563 | val_acc=24.00% val_f1=0.1440 | test_acc=23.03% test_f1=0.1370
Epoch 002 | train_loss=0.9762 | val_acc=29.71% val_f1=0.2715 | test_acc=21.63% test_f1=0.1444
Epoch 003 | train_loss=0.8963 | val_acc=38.29% val_f1=0.4011 | test_acc=30.06% test_f1=0.2792
Epoch 004 | train_loss=0.7827 | val_acc=56.57% val_f1=0.6077 | test_acc=70.79% test_f1=0.6708
Epoch 005 | train_loss=0.7080 | val_acc=70.29% val_f1=0.7381 | test_acc=84.83% test_f1=0.8098
Epoch 006 | train_loss=0.6155 | val_acc=86.29% val_f1=0.8718 | test_acc=90.45% test_f1=0.8588
Epoch 007 | train_loss=0.5457 | val_acc=90.86% val_f1=0.9103 | test_acc=89.61% test_f1=0.8439
Epoch 008 | train_loss=0.4678 | val_acc=92.57% val_f1=0.9286 | test_acc=87.92% test_f1=0.8142
Epoch 009 | train_loss=0.4127 | val_acc=93.14% val_f1=0.9353 | test_acc=89.04% test_f1=0.8300
Epoch 010 | train_loss=0.3456 | val_acc=92.57% val_f1=0.9281 | test_acc=87.08% test_f1=0.7936
Epoch 011 | train_loss=0.2912 | val_acc=92.57% val_f1=0.9281 | test_acc=84.55% test_f1=0.7423
Epoch 012 | train_loss=0.2426 | val_acc=93.14% val_f1=0.9332 | test_acc=82.58% test_f1=0.7091
Epoch 013 | train_loss=0.2087 | val_acc=92.00% val_f1=0.9184 | test_acc=81.74% test_f1=0.6894
Epoch 014 | train_loss=0.1836 | val_acc=92.57% val_f1=0.9234 | test_acc=80.62% test_f1=0.6660
Epoch 015 | train_loss=0.1734 | val_acc=93.14% val_f1=0.9308 | test_acc=80.90% test_f1=0.6730
Epoch 016 | train_loss=0.1321 | val_acc=93.14% val_f1=0.9308 | test_acc=81.18% test_f1=0.6799
Epoch 017 | train_loss=0.1318 | val_acc=94.29% val_f1=0.9410 | test_acc=80.62% test_f1=0.6819
Epoch 018 | train_loss=0.1219 | val_acc=94.86% val_f1=0.9462 | test_acc=81.18% test_f1=0.6949
Epoch 019 | train_loss=0.1085 | val_acc=96.00% val_f1=0.9566 | test_acc=80.06% test_f1=0.6724
Epoch 020 | train_loss=0.0910 | val_acc=94.86% val_f1=0.9462 | test_acc=80.62% test_f1=0.6856
Epoch 021 | train_loss=0.0869 | val_acc=96.00% val_f1=0.9613 | test_acc=82.58% test_f1=0.7286
Epoch 022 | train_loss=0.0630 | val_acc=96.00% val_f1=0.9590 | test_acc=81.46% test_f1=0.7012
Epoch 023 | train_loss=0.0785 | val_acc=96.57% val_f1=0.9667 | test_acc=81.18% test_f1=0.6949
Epoch 024 | train_loss=0.0579 | val_acc=97.71% val_f1=0.9775 | test_acc=81.18% test_f1=0.7017
Epoch 025 | train_loss=0.0538 | val_acc=97.71% val_f1=0.9775 | test_acc=79.78% test_f1=0.6804
Epoch 026 | train_loss=0.0619 | val_acc=98.29% val_f1=0.9830 | test_acc=80.34% test_f1=0.6896
Epoch 027 | train_loss=0.0533 | val_acc=98.29% val_f1=0.9830 | test_acc=82.02% test_f1=0.7283
Epoch 028 | train_loss=0.0464 | val_acc=97.71% val_f1=0.9775 | test_acc=83.71% test_f1=0.7589
Epoch 029 | train_loss=0.0398 | val_acc=98.29% val_f1=0.9830 | test_acc=81.18% test_f1=0.7138
Epoch 030 | train_loss=0.0467 | val_acc=98.29% val_f1=0.9830 | test_acc=80.62% test_f1=0.6990
Epoch 031 | train_loss=0.0543 | val_acc=98.29% val_f1=0.9830 | test_acc=80.62% test_f1=0.7020
Epoch 032 | train_loss=0.0381 | val_acc=97.71% val_f1=0.9775 | test_acc=83.43% test_f1=0.7510
Epoch 033 | train_loss=0.0290 | val_acc=98.29% val_f1=0.9830 | test_acc=82.02% test_f1=0.7310
Epoch 034 | train_loss=0.0320 | val_acc=98.29% val_f1=0.9830 | test_acc=80.90% test_f1=0.7080
Epoch 035 | train_loss=0.0241 | val_acc=99.43% val_f1=0.9943 | test_acc=80.62% test_f1=0.7078
Epoch 036 | train_loss=0.0291 | val_acc=100.00% val_f1=1.0000 | test_acc=78.93% test_f1=0.6747
Epoch 037 | train_loss=0.0331 | val_acc=98.29% val_f1=0.9830 | test_acc=80.90% test_f1=0.7108
Epoch 038 | train_loss=0.0449 | val_acc=97.71% val_f1=0.9775 | test_acc=82.02% test_f1=0.7228
Epoch 039 | train_loss=0.0366 | val_acc=98.29% val_f1=0.9830 | test_acc=80.06% test_f1=0.6930
Epoch 040 | train_loss=0.0352 | val_acc=98.29% val_f1=0.9830 | test_acc=80.90% test_f1=0.7050
Epoch 041 | train_loss=0.0335 | val_acc=99.43% val_f1=0.9943 | test_acc=79.49% test_f1=0.6807
Epoch 042 | train_loss=0.0291 | val_acc=100.00% val_f1=1.0000 | test_acc=78.93% test_f1=0.6747
Epoch 043 | train_loss=0.0260 | val_acc=99.43% val_f1=0.9943 | test_acc=81.46% test_f1=0.7249
Epoch 044 | train_loss=0.0225 | val_acc=99.43% val_f1=0.9943 | test_acc=82.02% test_f1=0.7359
Epoch 045 | train_loss=0.0203 | val_acc=99.43% val_f1=0.9943 | test_acc=82.02% test_f1=0.7383
Epoch 046 | train_loss=0.0279 | val_acc=98.86% val_f1=0.9886 | test_acc=82.58% test_f1=0.7444
Epoch 047 | train_loss=0.0357 | val_acc=99.43% val_f1=0.9943 | test_acc=80.62% test_f1=0.7050
Epoch 048 | train_loss=0.0190 | val_acc=98.86% val_f1=0.9886 | test_acc=83.15% test_f1=0.7480
Epoch 049 | train_loss=0.0212 | val_acc=99.43% val_f1=0.9943 | test_acc=83.15% test_f1=0.7505
Epoch 050 | train_loss=0.0181 | val_acc=99.43% val_f1=0.9943 | test_acc=81.74% test_f1=0.7329
Epoch 051 | train_loss=0.0246 | val_acc=99.43% val_f1=0.9943 | test_acc=82.58% test_f1=0.7444
Epoch 052 | train_loss=0.0145 | val_acc=99.43% val_f1=0.9943 | test_acc=81.46% test_f1=0.7249
Early stopping at epoch 52 (best=36, score=1.000000)
================================================================================
Best epoch: 36
Best score (val_macro_f1): 1.000000
Final test accuracy: 78.93%
Saved to: ablation_experiments/h1/results/comparison_18d_baselines/inception/inception_weld_seam_windows_ws5_tf75_pg0_h1_oc16_blk9_bn16_do0.3_ep80_lr0.0002_wd1e-05_bs128_seed42
================================================================================
Comparison baseline | model=inception
================================================================================
Dataset: /home/huang_kai/wind_turbine_phm/PHOENIX-main/autoencoder_benchmark/Data/processed_data/weld_seam_windows_ws5_tf75_pg0_h1.npz
Device: cuda
Train/Val/Test: 990 / 175 / 356
Epoch 001 | train_loss=1.0784 | val_acc=22.86% val_f1=0.1240 | test_acc=21.91% test_f1=0.1198
Epoch 002 | train_loss=0.9678 | val_acc=23.43% val_f1=0.1329 | test_acc=26.69% test_f1=0.2162
Epoch 003 | train_loss=0.8856 | val_acc=41.14% val_f1=0.4020 | test_acc=46.63% test_f1=0.4509
Epoch 004 | train_loss=0.7771 | val_acc=50.29% val_f1=0.5296 | test_acc=57.30% test_f1=0.6217
Epoch 005 | train_loss=0.6952 | val_acc=71.43% val_f1=0.7432 | test_acc=80.90% test_f1=0.8090
Epoch 006 | train_loss=0.6006 | val_acc=84.00% val_f1=0.8497 | test_acc=90.73% test_f1=0.8823
Epoch 007 | train_loss=0.5035 | val_acc=90.86% val_f1=0.9140 | test_acc=93.26% test_f1=0.8973
Epoch 008 | train_loss=0.4251 | val_acc=93.71% val_f1=0.9405 | test_acc=92.42% test_f1=0.8854
Epoch 009 | train_loss=0.3306 | val_acc=93.71% val_f1=0.9382 | test_acc=89.04% test_f1=0.8300
Epoch 010 | train_loss=0.2979 | val_acc=93.71% val_f1=0.9382 | test_acc=88.48% test_f1=0.8221
Epoch 011 | train_loss=0.2237 | val_acc=94.29% val_f1=0.9434 | test_acc=86.80% test_f1=0.8005
Epoch 012 | train_loss=0.1999 | val_acc=96.57% val_f1=0.9639 | test_acc=84.83% test_f1=0.7754
Epoch 013 | train_loss=0.1635 | val_acc=97.71% val_f1=0.9775 | test_acc=86.24% test_f1=0.7989
Epoch 014 | train_loss=0.1600 | val_acc=97.71% val_f1=0.9775 | test_acc=84.27% test_f1=0.7648
Epoch 015 | train_loss=0.1291 | val_acc=98.86% val_f1=0.9886 | test_acc=82.30% test_f1=0.7313
Epoch 016 | train_loss=0.1435 | val_acc=98.29% val_f1=0.9830 | test_acc=82.87% test_f1=0.7372
Epoch 017 | train_loss=0.1026 | val_acc=97.71% val_f1=0.9775 | test_acc=84.55% test_f1=0.7653
Epoch 018 | train_loss=0.0955 | val_acc=98.86% val_f1=0.9886 | test_acc=81.18% test_f1=0.7243
Epoch 019 | train_loss=0.0888 | val_acc=98.86% val_f1=0.9886 | test_acc=80.06% test_f1=0.6989
Epoch 020 | train_loss=0.0890 | val_acc=98.86% val_f1=0.9886 | test_acc=81.18% test_f1=0.7218
Epoch 021 | train_loss=0.0783 | val_acc=98.86% val_f1=0.9886 | test_acc=78.93% test_f1=0.6942
Epoch 022 | train_loss=0.0646 | val_acc=98.86% val_f1=0.9886 | test_acc=80.62% test_f1=0.7156
Epoch 023 | train_loss=0.0637 | val_acc=98.29% val_f1=0.9830 | test_acc=81.74% test_f1=0.7305
Epoch 024 | train_loss=0.0556 | val_acc=99.43% val_f1=0.9943 | test_acc=80.34% test_f1=0.7234
Epoch 025 | train_loss=0.0672 | val_acc=100.00% val_f1=1.0000 | test_acc=78.09% test_f1=0.6963
Epoch 026 | train_loss=0.0606 | val_acc=99.43% val_f1=0.9943 | test_acc=78.65% test_f1=0.6996
Epoch 027 | train_loss=0.0528 | val_acc=98.86% val_f1=0.9886 | test_acc=83.43% test_f1=0.7663
Epoch 028 | train_loss=0.0363 | val_acc=98.86% val_f1=0.9886 | test_acc=83.99% test_f1=0.7726
Epoch 029 | train_loss=0.0488 | val_acc=98.29% val_f1=0.9830 | test_acc=84.27% test_f1=0.7776
Epoch 030 | train_loss=0.0620 | val_acc=97.71% val_f1=0.9775 | test_acc=86.24% test_f1=0.8009
Epoch 031 | train_loss=0.0452 | val_acc=99.43% val_f1=0.9943 | test_acc=83.99% test_f1=0.7726
Epoch 032 | train_loss=0.0802 | val_acc=100.00% val_f1=1.0000 | test_acc=78.37% test_f1=0.6900
Epoch 033 | train_loss=0.0471 | val_acc=99.43% val_f1=0.9943 | test_acc=81.18% test_f1=0.7404
Epoch 034 | train_loss=0.0387 | val_acc=99.43% val_f1=0.9943 | test_acc=80.90% test_f1=0.7337
Epoch 035 | train_loss=0.0493 | val_acc=100.00% val_f1=1.0000 | test_acc=76.40% test_f1=0.6733
Epoch 036 | train_loss=0.0263 | val_acc=100.00% val_f1=1.0000 | test_acc=78.37% test_f1=0.7014
Epoch 037 | train_loss=0.0368 | val_acc=99.43% val_f1=0.9943 | test_acc=83.15% test_f1=0.7650
Epoch 038 | train_loss=0.0350 | val_acc=99.43% val_f1=0.9943 | test_acc=82.30% test_f1=0.7553
Epoch 039 | train_loss=0.0557 | val_acc=100.00% val_f1=1.0000 | test_acc=74.72% test_f1=0.6482
Epoch 040 | train_loss=0.0333 | val_acc=100.00% val_f1=1.0000 | test_acc=77.53% test_f1=0.6876
Epoch 041 | train_loss=0.0346 | val_acc=100.00% val_f1=1.0000 | test_acc=82.30% test_f1=0.7599
Early stopping at epoch 41 (best=25, score=1.000000)
================================================================================
Best epoch: 25
Best score (val_macro_f1): 1.000000
Final test accuracy: 78.09%
Saved to: ablation_experiments/h1/results/comparison_18d_baselines/inception/inception_weld_seam_windows_ws5_tf75_pg0_h1_oc16_blk9_bn16_do0.3_ep80_lr0.0002_wd1e-05_bs128_seed183
================================================================================
Comparison baseline | model=inception
================================================================================
Dataset: /home/huang_kai/wind_turbine_phm/PHOENIX-main/autoencoder_benchmark/Data/processed_data/weld_seam_windows_ws5_tf75_pg0_h1.npz
Device: cuda
Train/Val/Test: 990 / 175 / 356
Epoch 001 | train_loss=1.1413 | val_acc=25.14% val_f1=0.1533 | test_acc=23.03% test_f1=0.1248
Epoch 002 | train_loss=1.0829 | val_acc=33.71% val_f1=0.2715 | test_acc=23.03% test_f1=0.1251
Epoch 003 | train_loss=1.0188 | val_acc=41.71% val_f1=0.4095 | test_acc=23.03% test_f1=0.1320
Epoch 004 | train_loss=0.9710 | val_acc=63.43% val_f1=0.6501 | test_acc=31.74% test_f1=0.2876
Epoch 005 | train_loss=0.9158 | val_acc=75.43% val_f1=0.7555 | test_acc=46.91% test_f1=0.4647
Epoch 006 | train_loss=0.8682 | val_acc=85.14% val_f1=0.8410 | test_acc=72.47% test_f1=0.7027
Epoch 007 | train_loss=0.8138 | val_acc=87.43% val_f1=0.8635 | test_acc=80.90% test_f1=0.7727
Epoch 008 | train_loss=0.7608 | val_acc=89.14% val_f1=0.8785 | test_acc=83.99% test_f1=0.8209
Epoch 009 | train_loss=0.7094 | val_acc=89.14% val_f1=0.8785 | test_acc=87.36% test_f1=0.8560
Epoch 010 | train_loss=0.6701 | val_acc=93.14% val_f1=0.9152 | test_acc=89.89% test_f1=0.8734
Epoch 011 | train_loss=0.5990 | val_acc=93.14% val_f1=0.9152 | test_acc=91.01% test_f1=0.8866
Epoch 012 | train_loss=0.5670 | val_acc=93.14% val_f1=0.9152 | test_acc=90.73% test_f1=0.8830
Epoch 013 | train_loss=0.5251 | val_acc=93.14% val_f1=0.9152 | test_acc=90.45% test_f1=0.8800
Epoch 014 | train_loss=0.4791 | val_acc=96.00% val_f1=0.9532 | test_acc=88.20% test_f1=0.8531
Epoch 015 | train_loss=0.4404 | val_acc=96.00% val_f1=0.9532 | test_acc=87.08% test_f1=0.8337
Epoch 016 | train_loss=0.4101 | val_acc=94.29% val_f1=0.9370 | test_acc=89.33% test_f1=0.8635
Epoch 017 | train_loss=0.3758 | val_acc=94.86% val_f1=0.9428 | test_acc=87.36% test_f1=0.8355
Epoch 018 | train_loss=0.3586 | val_acc=96.00% val_f1=0.9558 | test_acc=86.80% test_f1=0.8284
Epoch 019 | train_loss=0.3345 | val_acc=95.43% val_f1=0.9485 | test_acc=87.08% test_f1=0.8287
Epoch 020 | train_loss=0.2977 | val_acc=96.00% val_f1=0.9566 | test_acc=86.80% test_f1=0.8242
Epoch 021 | train_loss=0.2765 | val_acc=96.00% val_f1=0.9566 | test_acc=86.80% test_f1=0.8248
Epoch 022 | train_loss=0.2740 | val_acc=97.14% val_f1=0.9673 | test_acc=84.83% test_f1=0.7970
Epoch 023 | train_loss=0.2421 | val_acc=96.57% val_f1=0.9619 | test_acc=86.52% test_f1=0.8217
Epoch 024 | train_loss=0.2325 | val_acc=97.14% val_f1=0.9673 | test_acc=85.39% test_f1=0.8048
Epoch 025 | train_loss=0.2165 | val_acc=95.43% val_f1=0.9514 | test_acc=86.80% test_f1=0.8233
Epoch 026 | train_loss=0.2117 | val_acc=94.86% val_f1=0.9462 | test_acc=87.08% test_f1=0.8264
Epoch 027 | train_loss=0.2013 | val_acc=94.86% val_f1=0.9462 | test_acc=87.08% test_f1=0.8264
Epoch 028 | train_loss=0.1999 | val_acc=94.86% val_f1=0.9462 | test_acc=87.08% test_f1=0.8264
Epoch 029 | train_loss=0.1813 | val_acc=95.43% val_f1=0.9538 | test_acc=87.64% test_f1=0.8355
Epoch 030 | train_loss=0.1683 | val_acc=97.14% val_f1=0.9673 | test_acc=84.83% test_f1=0.7938
Epoch 031 | train_loss=0.1699 | val_acc=97.71% val_f1=0.9727 | test_acc=83.71% test_f1=0.7802
Epoch 032 | train_loss=0.1627 | val_acc=97.71% val_f1=0.9727 | test_acc=83.15% test_f1=0.7737
Epoch 033 | train_loss=0.1604 | val_acc=98.29% val_f1=0.9807 | test_acc=85.67% test_f1=0.8112
Epoch 034 | train_loss=0.1529 | val_acc=97.14% val_f1=0.9697 | test_acc=85.67% test_f1=0.8079
Epoch 035 | train_loss=0.1253 | val_acc=98.29% val_f1=0.9807 | test_acc=83.71% test_f1=0.7844
Epoch 036 | train_loss=0.1338 | val_acc=98.29% val_f1=0.9807 | test_acc=84.55% test_f1=0.7942
Epoch 037 | train_loss=0.1071 | val_acc=98.29% val_f1=0.9807 | test_acc=83.43% test_f1=0.7811
Epoch 038 | train_loss=0.1229 | val_acc=98.29% val_f1=0.9807 | test_acc=83.43% test_f1=0.7784
Epoch 039 | train_loss=0.1235 | val_acc=98.29% val_f1=0.9807 | test_acc=84.55% test_f1=0.7969
Epoch 040 | train_loss=0.1276 | val_acc=98.29% val_f1=0.9807 | test_acc=84.27% test_f1=0.7936
Epoch 041 | train_loss=0.1042 | val_acc=98.29% val_f1=0.9807 | test_acc=82.02% test_f1=0.7591
Epoch 042 | train_loss=0.1036 | val_acc=98.29% val_f1=0.9807 | test_acc=83.15% test_f1=0.7733
Epoch 043 | train_loss=0.1101 | val_acc=98.29% val_f1=0.9807 | test_acc=82.87% test_f1=0.7690
Epoch 044 | train_loss=0.1172 | val_acc=98.29% val_f1=0.9807 | test_acc=83.43% test_f1=0.7781
Epoch 045 | train_loss=0.0933 | val_acc=98.29% val_f1=0.9807 | test_acc=82.87% test_f1=0.7701
Epoch 046 | train_loss=0.0794 | val_acc=98.29% val_f1=0.9807 | test_acc=82.87% test_f1=0.7719
Epoch 047 | train_loss=0.0917 | val_acc=98.29% val_f1=0.9807 | test_acc=83.99% test_f1=0.7902
Epoch 048 | train_loss=0.1071 | val_acc=98.86% val_f1=0.9862 | test_acc=80.34% test_f1=0.7382
Epoch 049 | train_loss=0.0869 | val_acc=98.86% val_f1=0.9862 | test_acc=80.06% test_f1=0.7336
Epoch 050 | train_loss=0.0871 | val_acc=98.29% val_f1=0.9807 | test_acc=81.46% test_f1=0.7537
Epoch 051 | train_loss=0.0951 | val_acc=98.86% val_f1=0.9862 | test_acc=80.06% test_f1=0.7336
Epoch 052 | train_loss=0.0744 | val_acc=98.29% val_f1=0.9807 | test_acc=82.58% test_f1=0.7685
Epoch 053 | train_loss=0.0928 | val_acc=98.29% val_f1=0.9807 | test_acc=81.46% test_f1=0.7524
Epoch 054 | train_loss=0.0825 | val_acc=98.86% val_f1=0.9862 | test_acc=80.06% test_f1=0.7351
Epoch 055 | train_loss=0.0701 | val_acc=98.29% val_f1=0.9807 | test_acc=80.90% test_f1=0.7468
Epoch 056 | train_loss=0.1060 | val_acc=98.86% val_f1=0.9862 | test_acc=81.18% test_f1=0.7514
Epoch 057 | train_loss=0.0702 | val_acc=98.29% val_f1=0.9807 | test_acc=81.46% test_f1=0.7537
Epoch 058 | train_loss=0.0710 | val_acc=98.29% val_f1=0.9807 | test_acc=81.18% test_f1=0.7516
Epoch 059 | train_loss=0.0739 | val_acc=98.29% val_f1=0.9807 | test_acc=82.30% test_f1=0.7676
Epoch 060 | train_loss=0.0706 | val_acc=98.29% val_f1=0.9807 | test_acc=82.30% test_f1=0.7664
Epoch 061 | train_loss=0.0767 | val_acc=98.29% val_f1=0.9807 | test_acc=82.87% test_f1=0.7756
Epoch 062 | train_loss=0.0759 | val_acc=98.86% val_f1=0.9862 | test_acc=80.62% test_f1=0.7454
Epoch 063 | train_loss=0.0738 | val_acc=98.29% val_f1=0.9807 | test_acc=81.74% test_f1=0.7597
Epoch 064 | train_loss=0.0638 | val_acc=98.86% val_f1=0.9862 | test_acc=80.34% test_f1=0.7409
Early stopping at epoch 64 (best=48, score=0.986227)
================================================================================
Best epoch: 48
Best score (val_macro_f1): 0.986227
Final test accuracy: 80.34%
Saved to: ablation_experiments/h1/results/comparison_18d_baselines/inception/inception_weld_seam_windows_ws5_tf75_pg0_h1_oc16_blk3_bn16_do0.1_ep80_lr0.0001_wd0.0001_bs128_seed14
================================================================================
Comparison baseline | model=inception
================================================================================
Dataset: /home/huang_kai/wind_turbine_phm/PHOENIX-main/autoencoder_benchmark/Data/processed_data/weld_seam_windows_ws5_tf75_pg0_h1.npz
Device: cuda
Train/Val/Test: 990 / 175 / 356
Epoch 001 | train_loss=1.1248 | val_acc=26.29% val_f1=0.1921 | test_acc=23.31% test_f1=0.1260
Epoch 002 | train_loss=1.0602 | val_acc=28.00% val_f1=0.2326 | test_acc=23.31% test_f1=0.1260
Epoch 003 | train_loss=0.9554 | val_acc=31.43% val_f1=0.3121 | test_acc=23.88% test_f1=0.1433
Epoch 004 | train_loss=0.8853 | val_acc=41.14% val_f1=0.4345 | test_acc=33.15% test_f1=0.3469
Epoch 005 | train_loss=0.8313 | val_acc=45.71% val_f1=0.4849 | test_acc=37.08% test_f1=0.3995
Epoch 006 | train_loss=0.7825 | val_acc=50.29% val_f1=0.5364 | test_acc=43.26% test_f1=0.4727
Epoch 007 | train_loss=0.7036 | val_acc=60.00% val_f1=0.6298 | test_acc=50.28% test_f1=0.5535
Epoch 008 | train_loss=0.6792 | val_acc=72.00% val_f1=0.7287 | test_acc=63.20% test_f1=0.6806
Epoch 009 | train_loss=0.6175 | val_acc=81.14% val_f1=0.8072 | test_acc=68.26% test_f1=0.7165
Epoch 010 | train_loss=0.5758 | val_acc=84.57% val_f1=0.8383 | test_acc=80.62% test_f1=0.8101
Epoch 011 | train_loss=0.5543 | val_acc=85.71% val_f1=0.8477 | test_acc=91.01% test_f1=0.8920
Epoch 012 | train_loss=0.4982 | val_acc=87.43% val_f1=0.8684 | test_acc=92.70% test_f1=0.9025
Epoch 013 | train_loss=0.4728 | val_acc=89.14% val_f1=0.8861 | test_acc=91.57% test_f1=0.8789
Epoch 014 | train_loss=0.4374 | val_acc=91.43% val_f1=0.9120 | test_acc=91.57% test_f1=0.8766
Epoch 015 | train_loss=0.3790 | val_acc=92.00% val_f1=0.9171 | test_acc=90.17% test_f1=0.8534
Epoch 016 | train_loss=0.3745 | val_acc=92.57% val_f1=0.9221 | test_acc=91.57% test_f1=0.8720
Epoch 017 | train_loss=0.3446 | val_acc=92.57% val_f1=0.9221 | test_acc=91.01% test_f1=0.8626
Epoch 018 | train_loss=0.3163 | val_acc=93.71% val_f1=0.9382 | test_acc=90.73% test_f1=0.8578
Epoch 019 | train_loss=0.3019 | val_acc=93.71% val_f1=0.9382 | test_acc=91.29% test_f1=0.8673
Epoch 020 | train_loss=0.2628 | val_acc=93.71% val_f1=0.9382 | test_acc=89.04% test_f1=0.8349
Epoch 021 | train_loss=0.2638 | val_acc=93.71% val_f1=0.9382 | test_acc=89.04% test_f1=0.8349
Epoch 022 | train_loss=0.2343 | val_acc=93.71% val_f1=0.9382 | test_acc=89.61% test_f1=0.8420
Epoch 023 | train_loss=0.2293 | val_acc=95.43% val_f1=0.9538 | test_acc=87.08% test_f1=0.8056
Epoch 024 | train_loss=0.2049 | val_acc=96.00% val_f1=0.9613 | test_acc=87.08% test_f1=0.8098
Epoch 025 | train_loss=0.2008 | val_acc=96.57% val_f1=0.9667 | test_acc=87.64% test_f1=0.8234
Epoch 026 | train_loss=0.1867 | val_acc=98.29% val_f1=0.9830 | test_acc=85.11% test_f1=0.7848
Epoch 027 | train_loss=0.1722 | val_acc=96.57% val_f1=0.9667 | test_acc=85.96% test_f1=0.7938
Epoch 028 | train_loss=0.1621 | val_acc=96.00% val_f1=0.9613 | test_acc=85.39% test_f1=0.7844
Epoch 029 | train_loss=0.1442 | val_acc=96.57% val_f1=0.9667 | test_acc=85.67% test_f1=0.7909
Epoch 030 | train_loss=0.1393 | val_acc=97.71% val_f1=0.9775 | test_acc=84.27% test_f1=0.7672
Epoch 031 | train_loss=0.1394 | val_acc=98.29% val_f1=0.9830 | test_acc=84.55% test_f1=0.7767
Epoch 032 | train_loss=0.1456 | val_acc=98.29% val_f1=0.9830 | test_acc=84.83% test_f1=0.7776
Epoch 033 | train_loss=0.1249 | val_acc=97.71% val_f1=0.9775 | test_acc=83.99% test_f1=0.7674
Epoch 034 | train_loss=0.1122 | val_acc=97.71% val_f1=0.9775 | test_acc=83.99% test_f1=0.7674
Epoch 035 | train_loss=0.1203 | val_acc=97.71% val_f1=0.9775 | test_acc=84.55% test_f1=0.7777
Epoch 036 | train_loss=0.1196 | val_acc=98.86% val_f1=0.9886 | test_acc=80.90% test_f1=0.7199
Epoch 037 | train_loss=0.1088 | val_acc=98.86% val_f1=0.9886 | test_acc=82.87% test_f1=0.7572
Epoch 038 | train_loss=0.1072 | val_acc=98.86% val_f1=0.9886 | test_acc=83.71% test_f1=0.7724
Epoch 039 | train_loss=0.1016 | val_acc=98.86% val_f1=0.9886 | test_acc=83.15% test_f1=0.7623
Epoch 040 | train_loss=0.1001 | val_acc=98.86% val_f1=0.9886 | test_acc=82.87% test_f1=0.7572
Epoch 041 | train_loss=0.0943 | val_acc=98.86% val_f1=0.9886 | test_acc=83.43% test_f1=0.7674
Epoch 042 | train_loss=0.0785 | val_acc=98.86% val_f1=0.9886 | test_acc=82.87% test_f1=0.7572
Epoch 043 | train_loss=0.0837 | val_acc=98.86% val_f1=0.9886 | test_acc=82.02% test_f1=0.7405
Epoch 044 | train_loss=0.0907 | val_acc=98.86% val_f1=0.9886 | test_acc=79.78% test_f1=0.6998
Epoch 045 | train_loss=0.0879 | val_acc=98.86% val_f1=0.9886 | test_acc=83.15% test_f1=0.7613
Epoch 046 | train_loss=0.0815 | val_acc=98.86% val_f1=0.9886 | test_acc=82.87% test_f1=0.7581
Epoch 047 | train_loss=0.0767 | val_acc=98.86% val_f1=0.9886 | test_acc=79.49% test_f1=0.6981
Epoch 048 | train_loss=0.0847 | val_acc=98.86% val_f1=0.9886 | test_acc=79.21% test_f1=0.6924
Epoch 049 | train_loss=0.0801 | val_acc=98.86% val_f1=0.9886 | test_acc=81.74% test_f1=0.7406
Epoch 050 | train_loss=0.0801 | val_acc=98.86% val_f1=0.9886 | test_acc=83.15% test_f1=0.7667
Epoch 051 | train_loss=0.0704 | val_acc=98.86% val_f1=0.9886 | test_acc=81.18% test_f1=0.7289
Epoch 052 | train_loss=0.0696 | val_acc=99.43% val_f1=0.9943 | test_acc=82.87% test_f1=0.7618
Epoch 053 | train_loss=0.0610 | val_acc=99.43% val_f1=0.9943 | test_acc=80.90% test_f1=0.7299
Epoch 054 | train_loss=0.0660 | val_acc=99.43% val_f1=0.9943 | test_acc=80.34% test_f1=0.7214
Epoch 055 | train_loss=0.0880 | val_acc=98.86% val_f1=0.9886 | test_acc=82.58% test_f1=0.7597
Epoch 056 | train_loss=0.0739 | val_acc=98.86% val_f1=0.9886 | test_acc=82.30% test_f1=0.7517
Epoch 057 | train_loss=0.0695 | val_acc=99.43% val_f1=0.9943 | test_acc=82.87% test_f1=0.7618
Epoch 058 | train_loss=0.0673 | val_acc=99.43% val_f1=0.9943 | test_acc=80.34% test_f1=0.7172
Epoch 059 | train_loss=0.0686 | val_acc=99.43% val_f1=0.9943 | test_acc=80.34% test_f1=0.7193
Epoch 060 | train_loss=0.0686 | val_acc=99.43% val_f1=0.9943 | test_acc=81.18% test_f1=0.7351
Epoch 061 | train_loss=0.0654 | val_acc=99.43% val_f1=0.9943 | test_acc=81.74% test_f1=0.7453
Epoch 062 | train_loss=0.0648 | val_acc=99.43% val_f1=0.9943 | test_acc=80.34% test_f1=0.7149
Epoch 063 | train_loss=0.0565 | val_acc=99.43% val_f1=0.9943 | test_acc=80.90% test_f1=0.7279
Epoch 064 | train_loss=0.0616 | val_acc=98.86% val_f1=0.9886 | test_acc=80.90% test_f1=0.7257
Epoch 065 | train_loss=0.0688 | val_acc=98.86% val_f1=0.9886 | test_acc=81.18% test_f1=0.7311
Epoch 066 | train_loss=0.0661 | val_acc=99.43% val_f1=0.9943 | test_acc=81.74% test_f1=0.7453
Epoch 067 | train_loss=0.0584 | val_acc=99.43% val_f1=0.9943 | test_acc=80.90% test_f1=0.7299
Epoch 068 | train_loss=0.0581 | val_acc=99.43% val_f1=0.9943 | test_acc=81.74% test_f1=0.7453
Early stopping at epoch 68 (best=52, score=0.994277)
================================================================================
Best epoch: 52
Best score (val_macro_f1): 0.994277
Final test accuracy: 82.87%
Saved to: ablation_experiments/h1/results/comparison_18d_baselines/inception/inception_weld_seam_windows_ws5_tf75_pg0_h1_oc16_blk3_bn16_do0.1_ep80_lr0.0001_wd0.0001_bs128_seed42
================================================================================
Comparison baseline | model=inception
================================================================================
Dataset: /home/huang_kai/wind_turbine_phm/PHOENIX-main/autoencoder_benchmark/Data/processed_data/weld_seam_windows_ws5_tf75_pg0_h1.npz
Device: cuda
Train/Val/Test: 990 / 175 / 356
Epoch 001 | train_loss=1.1001 | val_acc=56.57% val_f1=0.3313 | test_acc=55.06% test_f1=0.2443
Epoch 002 | train_loss=0.9931 | val_acc=68.57% val_f1=0.5700 | test_acc=69.66% test_f1=0.5762
Epoch 003 | train_loss=0.9137 | val_acc=76.00% val_f1=0.6964 | test_acc=88.20% test_f1=0.8525
Epoch 004 | train_loss=0.8381 | val_acc=81.14% val_f1=0.7724 | test_acc=92.13% test_f1=0.9059
Epoch 005 | train_loss=0.7827 | val_acc=83.43% val_f1=0.8046 | test_acc=95.22% test_f1=0.9427
Epoch 006 | train_loss=0.7214 | val_acc=83.43% val_f1=0.8046 | test_acc=95.79% test_f1=0.9491
Epoch 007 | train_loss=0.6709 | val_acc=85.14% val_f1=0.8227 | test_acc=95.51% test_f1=0.9452
Epoch 008 | train_loss=0.6381 | val_acc=86.86% val_f1=0.8494 | test_acc=96.07% test_f1=0.9513
Epoch 009 | train_loss=0.6098 | val_acc=88.57% val_f1=0.8645 | test_acc=96.35% test_f1=0.9535
Epoch 010 | train_loss=0.5670 | val_acc=88.57% val_f1=0.8645 | test_acc=95.79% test_f1=0.9458
Epoch 011 | train_loss=0.5210 | val_acc=89.71% val_f1=0.8807 | test_acc=93.82% test_f1=0.9151
Epoch 012 | train_loss=0.4873 | val_acc=90.29% val_f1=0.8887 | test_acc=93.54% test_f1=0.9108
Epoch 013 | train_loss=0.4566 | val_acc=91.43% val_f1=0.9048 | test_acc=92.98% test_f1=0.9041
Epoch 014 | train_loss=0.4403 | val_acc=93.14% val_f1=0.9287 | test_acc=92.70% test_f1=0.8978
Epoch 015 | train_loss=0.3951 | val_acc=93.14% val_f1=0.9260 | test_acc=93.26% test_f1=0.9041
Epoch 016 | train_loss=0.3518 | val_acc=95.43% val_f1=0.9532 | test_acc=92.13% test_f1=0.8863
Epoch 017 | train_loss=0.3201 | val_acc=96.57% val_f1=0.9667 | test_acc=90.73% test_f1=0.8702
Epoch 018 | train_loss=0.3113 | val_acc=96.57% val_f1=0.9667 | test_acc=91.01% test_f1=0.8731
Epoch 019 | train_loss=0.2965 | val_acc=96.57% val_f1=0.9667 | test_acc=91.01% test_f1=0.8743
Epoch 020 | train_loss=0.2838 | val_acc=96.00% val_f1=0.9613 | test_acc=91.29% test_f1=0.8788
Epoch 021 | train_loss=0.2281 | val_acc=96.57% val_f1=0.9667 | test_acc=91.01% test_f1=0.8743
Epoch 022 | train_loss=0.2439 | val_acc=96.57% val_f1=0.9667 | test_acc=90.45% test_f1=0.8685
Epoch 023 | train_loss=0.2035 | val_acc=96.57% val_f1=0.9667 | test_acc=90.45% test_f1=0.8679
Epoch 024 | train_loss=0.2129 | val_acc=97.14% val_f1=0.9721 | test_acc=89.89% test_f1=0.8610
Epoch 025 | train_loss=0.1993 | val_acc=97.14% val_f1=0.9721 | test_acc=91.01% test_f1=0.8768
Epoch 026 | train_loss=0.1765 | val_acc=97.14% val_f1=0.9721 | test_acc=89.33% test_f1=0.8513
Epoch 027 | train_loss=0.1867 | val_acc=97.14% val_f1=0.9721 | test_acc=90.73% test_f1=0.8744
Epoch 028 | train_loss=0.1671 | val_acc=97.14% val_f1=0.9721 | test_acc=90.45% test_f1=0.8700
Epoch 029 | train_loss=0.1621 | val_acc=97.14% val_f1=0.9721 | test_acc=90.45% test_f1=0.8715
Epoch 030 | train_loss=0.1485 | val_acc=97.14% val_f1=0.9721 | test_acc=90.45% test_f1=0.8716
Epoch 031 | train_loss=0.1611 | val_acc=97.14% val_f1=0.9721 | test_acc=90.45% test_f1=0.8715
Epoch 032 | train_loss=0.1479 | val_acc=98.29% val_f1=0.9830 | test_acc=88.48% test_f1=0.8400
Epoch 033 | train_loss=0.1458 | val_acc=97.14% val_f1=0.9721 | test_acc=89.89% test_f1=0.8627
Epoch 034 | train_loss=0.1274 | val_acc=97.14% val_f1=0.9721 | test_acc=89.61% test_f1=0.8611
Epoch 035 | train_loss=0.1329 | val_acc=97.71% val_f1=0.9775 | test_acc=89.89% test_f1=0.8648
Epoch 036 | train_loss=0.1282 | val_acc=98.29% val_f1=0.9830 | test_acc=87.92% test_f1=0.8307
Epoch 037 | train_loss=0.1167 | val_acc=97.71% val_f1=0.9775 | test_acc=88.76% test_f1=0.8469
Epoch 038 | train_loss=0.1123 | val_acc=98.29% val_f1=0.9830 | test_acc=88.20% test_f1=0.8354
Epoch 039 | train_loss=0.1091 | val_acc=97.71% val_f1=0.9775 | test_acc=87.92% test_f1=0.8331
Epoch 040 | train_loss=0.1039 | val_acc=97.71% val_f1=0.9775 | test_acc=89.33% test_f1=0.8559
Epoch 041 | train_loss=0.1029 | val_acc=97.71% val_f1=0.9775 | test_acc=90.17% test_f1=0.8692
Epoch 042 | train_loss=0.1080 | val_acc=97.71% val_f1=0.9775 | test_acc=89.33% test_f1=0.8559
Epoch 043 | train_loss=0.1101 | val_acc=98.86% val_f1=0.9886 | test_acc=88.76% test_f1=0.8454
Epoch 044 | train_loss=0.1006 | val_acc=99.43% val_f1=0.9943 | test_acc=87.36% test_f1=0.8254
Epoch 045 | train_loss=0.1001 | val_acc=99.43% val_f1=0.9943 | test_acc=88.76% test_f1=0.8469
Epoch 046 | train_loss=0.0948 | val_acc=98.29% val_f1=0.9830 | test_acc=90.45% test_f1=0.8736
Epoch 047 | train_loss=0.0827 | val_acc=97.14% val_f1=0.9721 | test_acc=90.17% test_f1=0.8719
Epoch 048 | train_loss=0.0928 | val_acc=97.14% val_f1=0.9721 | test_acc=89.89% test_f1=0.8689
Epoch 049 | train_loss=0.1073 | val_acc=98.86% val_f1=0.9886 | test_acc=88.76% test_f1=0.8477
Epoch 050 | train_loss=0.0775 | val_acc=98.29% val_f1=0.9830 | test_acc=90.45% test_f1=0.8716
Epoch 051 | train_loss=0.0836 | val_acc=98.29% val_f1=0.9830 | test_acc=89.89% test_f1=0.8627
Epoch 052 | train_loss=0.0779 | val_acc=98.86% val_f1=0.9886 | test_acc=88.20% test_f1=0.8378
Epoch 053 | train_loss=0.0831 | val_acc=98.86% val_f1=0.9886 | test_acc=88.48% test_f1=0.8423
Epoch 054 | train_loss=0.0770 | val_acc=98.29% val_f1=0.9830 | test_acc=90.17% test_f1=0.8672
Epoch 055 | train_loss=0.0918 | val_acc=97.71% val_f1=0.9775 | test_acc=90.45% test_f1=0.8736
Epoch 056 | train_loss=0.0888 | val_acc=98.86% val_f1=0.9886 | test_acc=87.92% test_f1=0.8331
Epoch 057 | train_loss=0.0823 | val_acc=98.86% val_f1=0.9886 | test_acc=87.64% test_f1=0.8293
Epoch 058 | train_loss=0.0658 | val_acc=98.29% val_f1=0.9830 | test_acc=89.04% test_f1=0.8492
Epoch 059 | train_loss=0.0651 | val_acc=98.86% val_f1=0.9886 | test_acc=89.89% test_f1=0.8655
Epoch 060 | train_loss=0.0726 | val_acc=98.29% val_f1=0.9830 | test_acc=90.17% test_f1=0.8692
Early stopping at epoch 60 (best=44, score=0.994277)
================================================================================
Best epoch: 44
Best score (val_macro_f1): 0.994277
Final test accuracy: 87.36%
Saved to: ablation_experiments/h1/results/comparison_18d_baselines/inception/inception_weld_seam_windows_ws5_tf75_pg0_h1_oc16_blk3_bn16_do0.1_ep80_lr0.0001_wd0.0001_bs128_seed183
[A] inception_weld_seam_windows_ws5_tf75_pg0_h1_oc24_blk3_bn16_do0.2_ep80_lr0.0001_wd0.0002_bs128_seed122 | status=success test_acc=83.43% f1=0.7703
[A] inception_weld_seam_windows_ws5_tf75_pg0_h1_oc16_blk3_bn16_do0.1_ep80_lr0.0001_wd0.0001_bs128_seed77 | status=success test_acc=87.36% f1=0.8238
[A] inception_weld_seam_windows_ws5_tf75_pg0_h1_oc32_blk3_bn32_do0.1_ep80_lr0.0002_wd0.0002_bs64_seed42 | status=success test_acc=80.06% f1=0.7236
[A] inception_weld_seam_windows_ws5_tf75_pg0_h1_oc32_blk9_bn16_do0.3_ep80_lr0.0005_wd0.0002_bs64_seed122 | status=success test_acc=82.58% f1=0.7697
[A] inception_weld_seam_windows_ws5_tf75_pg0_h1_oc24_blk3_bn16_do0.2_ep80_lr0.0002_wd0.0005_bs128_seed14 | status=success test_acc=74.16% f1=0.6469
[A] inception_weld_seam_windows_ws5_tf75_pg0_h1_oc24_blk9_bn16_do0.2_ep80_lr0.0005_wd0.0001_bs128_seed42 | status=success test_acc=81.18% f1=0.7516
[A] inception_weld_seam_windows_ws5_tf75_pg0_h1_oc24_blk3_bn16_do0.3_ep80_lr0.0005_wd0.0001_bs128_seed122 | status=success test_acc=81.46% f1=0.7408
[A] inception_weld_seam_windows_ws5_tf75_pg0_h1_oc24_blk6_bn32_do0.3_ep80_lr0.0003_wd0.0002_bs64_seed100 | status=success test_acc=80.62% f1=0.7246
[A] inception_weld_seam_windows_ws5_tf75_pg0_h1_oc32_blk6_bn16_do0.1_ep80_lr0.0001_wd1e-05_bs64_seed122 | status=success test_acc=80.90% f1=0.7290
[A] inception_weld_seam_windows_ws5_tf75_pg0_h1_oc16_blk3_bn32_do0.3_ep80_lr0.0003_wd0.0005_bs128_seed42 | status=success test_acc=80.62% f1=0.7422
[A] inception_weld_seam_windows_ws5_tf75_pg0_h1_oc32_blk6_bn32_do0.2_ep80_lr0.0005_wd0.0001_bs64_seed183 | status=success test_acc=85.39% f1=0.8135
[A] inception_weld_seam_windows_ws5_tf75_pg0_h1_oc24_blk9_bn32_do0.3_ep80_lr0.0001_wd0.0002_bs64_seed122 | status=success test_acc=84.27% f1=0.7803
[A] inception_weld_seam_windows_ws5_tf75_pg0_h1_oc16_blk3_bn16_do0.1_ep80_lr0.0005_wd0.0002_bs128_seed42 | status=success test_acc=82.87% f1=0.7640
[A] inception_weld_seam_windows_ws5_tf75_pg0_h1_oc16_blk9_bn32_do0.3_ep80_lr0.0001_wd0.0002_bs128_seed100 | status=success test_acc=87.08% f1=0.8333
[A] inception_weld_seam_windows_ws5_tf75_pg0_h1_oc32_blk9_bn32_do0.2_ep80_lr0.0001_wd0.0001_bs128_seed122 | status=success test_acc=76.69% f1=0.6651
[A] inception_weld_seam_windows_ws5_tf75_pg0_h1_oc24_blk3_bn32_do0.3_ep80_lr0.0001_wd0.0001_bs128_seed42 | status=success test_acc=83.99% f1=0.7763
[B] inception_weld_seam_windows_ws5_tf75_pg0_h1_oc16_blk9_bn16_do0.3_ep80_lr0.0002_wd1e-05_bs128_seed122 | status=success test_acc=87.92% f1=0.8164
[B] inception_weld_seam_windows_ws5_tf75_pg0_h1_oc16_blk3_bn16_do0.2_ep80_lr0.0002_wd1e-05_bs128_seed122 | status=success test_acc=81.46% f1=0.7306
[B] inception_weld_seam_windows_ws5_tf75_pg0_h1_oc16_blk3_bn16_do0.1_ep80_lr0.0003_wd0.0002_bs64_seed183 | status=success test_acc=84.27% f1=0.7932
[B] inception_weld_seam_windows_ws5_tf75_pg0_h1_oc16_blk9_bn32_do0.3_ep80_lr0.0003_wd1e-05_bs64_seed77 | status=success test_acc=76.12% f1=0.6319
[seed_eval] inception_weld_seam_windows_ws5_tf75_pg0_h1_oc16_blk9_bn16_do0.3_ep80_lr0.0002_wd1e-05_bs128_seed14 | status=success test_acc=73.60% f1=0.6343
[seed_eval] inception_weld_seam_windows_ws5_tf75_pg0_h1_oc16_blk9_bn16_do0.3_ep80_lr0.0002_wd1e-05_bs128_seed42 | status=success test_acc=78.93% f1=0.6747
[seed_eval] inception_weld_seam_windows_ws5_tf75_pg0_h1_oc16_blk9_bn16_do0.3_ep80_lr0.0002_wd1e-05_bs128_seed183 | status=success test_acc=78.09% f1=0.6963
[seed_eval] inception_weld_seam_windows_ws5_tf75_pg0_h1_oc16_blk3_bn16_do0.1_ep80_lr0.0001_wd0.0001_bs128_seed14 | status=success test_acc=80.34% f1=0.7382
[seed_eval] inception_weld_seam_windows_ws5_tf75_pg0_h1_oc16_blk3_bn16_do0.1_ep80_lr0.0001_wd0.0001_bs128_seed42 | status=success test_acc=82.87% f1=0.7618
[seed_eval] inception_weld_seam_windows_ws5_tf75_pg0_h1_oc16_blk3_bn16_do0.1_ep80_lr0.0001_wd0.0001_bs128_seed183 | status=success test_acc=87.36% f1=0.8254
Sweep complete for model=inception
Report dir: ablation_experiments/h1/reports/comparison_18d_baselines/round2/inception
