================================================================================
Comparison baseline | model=lstm
================================================================================
Dataset: /home/huang_kai/wind_turbine_phm/PHOENIX-main/autoencoder_benchmark/Data/processed_data/weld_seam_windows_ws5_tf75_pg0_h1.npz
Device: cuda
Train/Val/Test: 990 / 175 / 356
Epoch 001 | train_loss=1.0789 | val_acc=33.14% val_f1=0.3298 | test_acc=23.31% test_f1=0.1260
Epoch 002 | train_loss=1.0232 | val_acc=41.14% val_f1=0.4256 | test_acc=42.13% test_f1=0.4561
Epoch 003 | train_loss=0.9367 | val_acc=34.86% val_f1=0.3538 | test_acc=44.10% test_f1=0.4725
Epoch 004 | train_loss=0.8013 | val_acc=37.71% val_f1=0.3920 | test_acc=53.65% test_f1=0.5864
Epoch 005 | train_loss=0.6933 | val_acc=73.14% val_f1=0.7123 | test_acc=92.98% test_f1=0.9272
Epoch 006 | train_loss=0.5756 | val_acc=86.29% val_f1=0.8545 | test_acc=94.66% test_f1=0.9282
Epoch 007 | train_loss=0.4469 | val_acc=90.29% val_f1=0.8944 | test_acc=94.38% test_f1=0.9167
Epoch 008 | train_loss=0.3458 | val_acc=92.57% val_f1=0.9234 | test_acc=85.11% test_f1=0.7511
Epoch 009 | train_loss=0.2333 | val_acc=92.57% val_f1=0.9203 | test_acc=93.54% test_f1=0.9050
Epoch 010 | train_loss=0.1667 | val_acc=94.29% val_f1=0.9385 | test_acc=86.52% test_f1=0.7953
Epoch 011 | train_loss=0.1192 | val_acc=96.00% val_f1=0.9538 | test_acc=91.57% test_f1=0.8872
Epoch 012 | train_loss=0.0834 | val_acc=97.14% val_f1=0.9647 | test_acc=83.71% test_f1=0.7565
Epoch 013 | train_loss=0.0740 | val_acc=98.29% val_f1=0.9782 | test_acc=90.17% test_f1=0.8679
Epoch 014 | train_loss=0.0649 | val_acc=98.29% val_f1=0.9755 | test_acc=87.36% test_f1=0.8311
Epoch 015 | train_loss=0.0532 | val_acc=97.71% val_f1=0.9701 | test_acc=82.02% test_f1=0.7383
Epoch 016 | train_loss=0.0335 | val_acc=98.86% val_f1=0.9862 | test_acc=88.76% test_f1=0.8509
Epoch 017 | train_loss=0.0336 | val_acc=98.29% val_f1=0.9782 | test_acc=85.67% test_f1=0.8035
Epoch 018 | train_loss=0.0243 | val_acc=98.86% val_f1=0.9837 | test_acc=85.67% test_f1=0.8091
Epoch 019 | train_loss=0.0220 | val_acc=99.43% val_f1=0.9919 | test_acc=85.11% test_f1=0.8000
Epoch 020 | train_loss=0.0140 | val_acc=98.86% val_f1=0.9837 | test_acc=81.74% test_f1=0.7453
Epoch 021 | train_loss=0.0132 | val_acc=99.43% val_f1=0.9919 | test_acc=82.30% test_f1=0.7553
Epoch 022 | train_loss=0.0129 | val_acc=100.00% val_f1=1.0000 | test_acc=82.58% test_f1=0.7632
Epoch 023 | train_loss=0.0109 | val_acc=98.86% val_f1=0.9837 | test_acc=81.18% test_f1=0.7387
Epoch 024 | train_loss=0.0097 | val_acc=100.00% val_f1=1.0000 | test_acc=85.96% test_f1=0.8159
Epoch 025 | train_loss=0.0090 | val_acc=98.86% val_f1=0.9837 | test_acc=80.06% test_f1=0.7282
Epoch 026 | train_loss=0.0084 | val_acc=98.29% val_f1=0.9755 | test_acc=76.97% test_f1=0.6789
Epoch 027 | train_loss=0.0124 | val_acc=100.00% val_f1=1.0000 | test_acc=83.15% test_f1=0.7774
Epoch 028 | train_loss=0.0076 | val_acc=99.43% val_f1=0.9919 | test_acc=82.02% test_f1=0.7536
Epoch 029 | train_loss=0.0099 | val_acc=98.86% val_f1=0.9837 | test_acc=80.06% test_f1=0.7219
Epoch 030 | train_loss=0.0054 | val_acc=99.43% val_f1=0.9919 | test_acc=80.06% test_f1=0.7340
Epoch 031 | train_loss=0.0047 | val_acc=99.43% val_f1=0.9919 | test_acc=79.78% test_f1=0.7294
Epoch 032 | train_loss=0.0039 | val_acc=99.43% val_f1=0.9919 | test_acc=78.37% test_f1=0.7056
Epoch 033 | train_loss=0.0029 | val_acc=99.43% val_f1=0.9919 | test_acc=78.93% test_f1=0.7128
Epoch 034 | train_loss=0.0033 | val_acc=100.00% val_f1=1.0000 | test_acc=80.34% test_f1=0.7367
Epoch 035 | train_loss=0.0032 | val_acc=100.00% val_f1=1.0000 | test_acc=80.06% test_f1=0.7340
Epoch 036 | train_loss=0.0022 | val_acc=100.00% val_f1=1.0000 | test_acc=78.65% test_f1=0.7116
Epoch 037 | train_loss=0.0027 | val_acc=99.43% val_f1=0.9919 | test_acc=77.81% test_f1=0.6957
Epoch 038 | train_loss=0.0032 | val_acc=100.00% val_f1=1.0000 | test_acc=80.62% test_f1=0.7413
Early stopping at epoch 38 (best=22, score=1.000000)
================================================================================
Best epoch: 22
Best score (val_macro_f1): 1.000000
Final test accuracy: 82.58%
Saved to: ablation_experiments/h1/results/comparison_18d_baselines/lstm/lstm_weld_seam_windows_ws5_tf75_pg0_h1_h128_l2_bi_do0.1_ep80_lr0.0002_wd0.0005_bs128_seed100
================================================================================
Comparison baseline | model=lstm
================================================================================
Dataset: /home/huang_kai/wind_turbine_phm/PHOENIX-main/autoencoder_benchmark/Data/processed_data/weld_seam_windows_ws5_tf75_pg0_h1.npz
Device: cuda
Train/Val/Test: 990 / 175 / 356
Epoch 001 | train_loss=1.0805 | val_acc=41.71% val_f1=0.4399 | test_acc=30.34% test_f1=0.2955
Epoch 002 | train_loss=1.0574 | val_acc=45.14% val_f1=0.4725 | test_acc=34.55% test_f1=0.3655
Epoch 003 | train_loss=1.0320 | val_acc=44.00% val_f1=0.4594 | test_acc=46.91% test_f1=0.5184
Epoch 004 | train_loss=0.9814 | val_acc=64.57% val_f1=0.6620 | test_acc=75.84% test_f1=0.7863
Epoch 005 | train_loss=0.9112 | val_acc=70.86% val_f1=0.6877 | test_acc=94.38% test_f1=0.9400
Epoch 006 | train_loss=0.8072 | val_acc=77.71% val_f1=0.7254 | test_acc=96.63% test_f1=0.9581
Epoch 007 | train_loss=0.7062 | val_acc=83.43% val_f1=0.7892 | test_acc=98.31% test_f1=0.9763
Epoch 008 | train_loss=0.5891 | val_acc=87.43% val_f1=0.8426 | test_acc=97.75% test_f1=0.9680
Epoch 009 | train_loss=0.4887 | val_acc=90.86% val_f1=0.8929 | test_acc=94.10% test_f1=0.9126
Epoch 010 | train_loss=0.3769 | val_acc=93.71% val_f1=0.9339 | test_acc=91.85% test_f1=0.8761
Epoch 011 | train_loss=0.3200 | val_acc=95.43% val_f1=0.9527 | test_acc=90.45% test_f1=0.8525
Epoch 012 | train_loss=0.2311 | val_acc=95.43% val_f1=0.9527 | test_acc=88.76% test_f1=0.8313
Epoch 013 | train_loss=0.1695 | val_acc=96.00% val_f1=0.9609 | test_acc=86.24% test_f1=0.8009
Epoch 014 | train_loss=0.1653 | val_acc=98.29% val_f1=0.9828 | test_acc=91.85% test_f1=0.8928
Epoch 015 | train_loss=0.1280 | val_acc=97.71% val_f1=0.9775 | test_acc=85.39% test_f1=0.7879
Epoch 016 | train_loss=0.1128 | val_acc=97.14% val_f1=0.9721 | test_acc=89.89% test_f1=0.8634
Epoch 017 | train_loss=0.0937 | val_acc=97.14% val_f1=0.9721 | test_acc=88.76% test_f1=0.8454
Epoch 018 | train_loss=0.0646 | val_acc=97.71% val_f1=0.9775 | test_acc=87.08% test_f1=0.8174
Epoch 019 | train_loss=0.0800 | val_acc=98.86% val_f1=0.9886 | test_acc=89.04% test_f1=0.8500
Epoch 020 | train_loss=0.0530 | val_acc=99.43% val_f1=0.9943 | test_acc=84.83% test_f1=0.7857
Epoch 021 | train_loss=0.0432 | val_acc=99.43% val_f1=0.9943 | test_acc=86.24% test_f1=0.8129
Epoch 022 | train_loss=0.0388 | val_acc=99.43% val_f1=0.9943 | test_acc=84.83% test_f1=0.7892
Epoch 023 | train_loss=0.0368 | val_acc=99.43% val_f1=0.9943 | test_acc=85.39% test_f1=0.7955
Epoch 024 | train_loss=0.0273 | val_acc=99.43% val_f1=0.9943 | test_acc=85.67% test_f1=0.7929
Epoch 025 | train_loss=0.0262 | val_acc=99.43% val_f1=0.9943 | test_acc=87.08% test_f1=0.8174
Epoch 026 | train_loss=0.0328 | val_acc=98.86% val_f1=0.9861 | test_acc=85.96% test_f1=0.8082
Epoch 027 | train_loss=0.0248 | val_acc=100.00% val_f1=1.0000 | test_acc=84.27% test_f1=0.7859
Epoch 028 | train_loss=0.0158 | val_acc=100.00% val_f1=1.0000 | test_acc=83.71% test_f1=0.7779
Epoch 029 | train_loss=0.0212 | val_acc=100.00% val_f1=1.0000 | test_acc=84.55% test_f1=0.7920
Epoch 030 | train_loss=0.0130 | val_acc=100.00% val_f1=1.0000 | test_acc=83.43% test_f1=0.7716
Epoch 031 | train_loss=0.0135 | val_acc=100.00% val_f1=1.0000 | test_acc=82.30% test_f1=0.7535
Epoch 032 | train_loss=0.0166 | val_acc=99.43% val_f1=0.9919 | test_acc=85.39% test_f1=0.8045
Epoch 033 | train_loss=0.0132 | val_acc=100.00% val_f1=1.0000 | test_acc=83.99% test_f1=0.7796
Epoch 034 | train_loss=0.0127 | val_acc=100.00% val_f1=1.0000 | test_acc=81.46% test_f1=0.7342
Epoch 035 | train_loss=0.0140 | val_acc=99.43% val_f1=0.9919 | test_acc=84.27% test_f1=0.7859
Epoch 036 | train_loss=0.0103 | val_acc=99.43% val_f1=0.9919 | test_acc=83.71% test_f1=0.7794
Epoch 037 | train_loss=0.0106 | val_acc=100.00% val_f1=1.0000 | test_acc=80.34% test_f1=0.7287
Epoch 038 | train_loss=0.0082 | val_acc=100.00% val_f1=1.0000 | test_acc=79.49% test_f1=0.7134
Epoch 039 | train_loss=0.0076 | val_acc=100.00% val_f1=1.0000 | test_acc=82.02% test_f1=0.7536
Epoch 040 | train_loss=0.0076 | val_acc=100.00% val_f1=1.0000 | test_acc=83.43% test_f1=0.7761
Epoch 041 | train_loss=0.0060 | val_acc=100.00% val_f1=1.0000 | test_acc=82.30% test_f1=0.7569
Epoch 042 | train_loss=0.0070 | val_acc=100.00% val_f1=1.0000 | test_acc=81.18% test_f1=0.7369
Epoch 043 | train_loss=0.0068 | val_acc=100.00% val_f1=1.0000 | test_acc=81.46% test_f1=0.7453
Early stopping at epoch 43 (best=27, score=1.000000)
================================================================================
Best epoch: 27
Best score (val_macro_f1): 1.000000
Final test accuracy: 84.27%
Saved to: ablation_experiments/h1/results/comparison_18d_baselines/lstm/lstm_weld_seam_windows_ws5_tf75_pg0_h1_h96_l2_bi_do0.1_ep80_lr0.0002_wd1e-05_bs128_seed77
================================================================================
Comparison baseline | model=lstm
================================================================================
Dataset: /home/huang_kai/wind_turbine_phm/PHOENIX-main/autoencoder_benchmark/Data/processed_data/weld_seam_windows_ws5_tf75_pg0_h1.npz
Device: cuda
Train/Val/Test: 990 / 175 / 356
Epoch 001 | train_loss=1.1091 | val_acc=53.14% val_f1=0.2313 | test_acc=54.78% test_f1=0.2359
Epoch 002 | train_loss=1.0887 | val_acc=85.14% val_f1=0.7816 | test_acc=62.36% test_f1=0.3872
Epoch 003 | train_loss=1.0682 | val_acc=93.71% val_f1=0.9399 | test_acc=86.52% test_f1=0.7868
Epoch 004 | train_loss=1.0408 | val_acc=86.29% val_f1=0.8514 | test_acc=95.51% test_f1=0.9392
Epoch 005 | train_loss=1.0047 | val_acc=83.43% val_f1=0.8109 | test_acc=97.47% test_f1=0.9708
Epoch 006 | train_loss=0.9480 | val_acc=82.86% val_f1=0.7954 | test_acc=97.75% test_f1=0.9706
Epoch 007 | train_loss=0.8870 | val_acc=81.71% val_f1=0.7665 | test_acc=98.03% test_f1=0.9721
Epoch 008 | train_loss=0.7884 | val_acc=81.14% val_f1=0.7525 | test_acc=97.47% test_f1=0.9638
Epoch 009 | train_loss=0.6988 | val_acc=81.14% val_f1=0.7525 | test_acc=97.47% test_f1=0.9638
Epoch 010 | train_loss=0.5860 | val_acc=84.00% val_f1=0.7896 | test_acc=98.31% test_f1=0.9763
Epoch 011 | train_loss=0.5568 | val_acc=87.43% val_f1=0.8426 | test_acc=98.88% test_f1=0.9847
Epoch 012 | train_loss=0.4849 | val_acc=90.29% val_f1=0.8815 | test_acc=96.07% test_f1=0.9426
Epoch 013 | train_loss=0.4128 | val_acc=94.29% val_f1=0.9392 | test_acc=94.10% test_f1=0.9123
Epoch 014 | train_loss=0.3411 | val_acc=94.86% val_f1=0.9474 | test_acc=91.57% test_f1=0.8715
Epoch 015 | train_loss=0.2830 | val_acc=94.86% val_f1=0.9474 | test_acc=92.42% test_f1=0.8854
Epoch 016 | train_loss=0.2116 | val_acc=95.43% val_f1=0.9556 | test_acc=92.70% test_f1=0.8899
Epoch 017 | train_loss=0.1688 | val_acc=96.00% val_f1=0.9609 | test_acc=91.29% test_f1=0.8668
Epoch 018 | train_loss=0.1766 | val_acc=96.00% val_f1=0.9609 | test_acc=93.54% test_f1=0.9050
Epoch 019 | train_loss=0.1317 | val_acc=96.00% val_f1=0.9609 | test_acc=90.17% test_f1=0.8571
Epoch 020 | train_loss=0.1204 | val_acc=96.00% val_f1=0.9609 | test_acc=91.01% test_f1=0.8725
Epoch 021 | train_loss=0.0944 | val_acc=96.00% val_f1=0.9609 | test_acc=87.92% test_f1=0.8226
Epoch 022 | train_loss=0.1104 | val_acc=96.00% val_f1=0.9609 | test_acc=89.89% test_f1=0.8620
Epoch 023 | train_loss=0.0871 | val_acc=97.71% val_f1=0.9772 | test_acc=90.17% test_f1=0.8665
Epoch 024 | train_loss=0.1023 | val_acc=98.29% val_f1=0.9828 | test_acc=89.33% test_f1=0.8545
Epoch 025 | train_loss=0.0681 | val_acc=96.57% val_f1=0.9667 | test_acc=89.89% test_f1=0.8620
Epoch 026 | train_loss=0.0737 | val_acc=96.57% val_f1=0.9667 | test_acc=88.48% test_f1=0.8393
Epoch 027 | train_loss=0.0567 | val_acc=96.00% val_f1=0.9586 | test_acc=89.61% test_f1=0.8575
Epoch 028 | train_loss=0.0521 | val_acc=96.57% val_f1=0.9667 | test_acc=89.33% test_f1=0.8530
Epoch 029 | train_loss=0.0467 | val_acc=97.14% val_f1=0.9721 | test_acc=89.33% test_f1=0.8530
Epoch 030 | train_loss=0.0510 | val_acc=97.14% val_f1=0.9694 | test_acc=89.89% test_f1=0.8620
Epoch 031 | train_loss=0.0491 | val_acc=97.71% val_f1=0.9775 | test_acc=88.20% test_f1=0.8346
Epoch 032 | train_loss=0.0445 | val_acc=98.86% val_f1=0.9861 | test_acc=89.61% test_f1=0.8590
Epoch 033 | train_loss=0.0373 | val_acc=99.43% val_f1=0.9943 | test_acc=88.48% test_f1=0.8408
Epoch 034 | train_loss=0.0326 | val_acc=99.43% val_f1=0.9943 | test_acc=87.64% test_f1=0.8285
Epoch 035 | train_loss=0.0320 | val_acc=98.29% val_f1=0.9780 | test_acc=89.61% test_f1=0.8590
Epoch 036 | train_loss=0.0309 | val_acc=98.86% val_f1=0.9861 | test_acc=88.48% test_f1=0.8408
Epoch 037 | train_loss=0.0264 | val_acc=99.43% val_f1=0.9943 | test_acc=87.08% test_f1=0.8174
Epoch 038 | train_loss=0.0248 | val_acc=99.43% val_f1=0.9943 | test_acc=87.08% test_f1=0.8174
Epoch 039 | train_loss=0.0233 | val_acc=98.86% val_f1=0.9861 | test_acc=88.48% test_f1=0.8423
Epoch 040 | train_loss=0.0233 | val_acc=99.43% val_f1=0.9943 | test_acc=87.36% test_f1=0.8238
Epoch 041 | train_loss=0.0247 | val_acc=99.43% val_f1=0.9943 | test_acc=86.52% test_f1=0.8113
Epoch 042 | train_loss=0.0226 | val_acc=98.86% val_f1=0.9861 | test_acc=87.92% test_f1=0.8331
Epoch 043 | train_loss=0.0223 | val_acc=99.43% val_f1=0.9943 | test_acc=86.80% test_f1=0.8143
Epoch 044 | train_loss=0.0198 | val_acc=98.86% val_f1=0.9886 | test_acc=87.08% test_f1=0.8174
Epoch 045 | train_loss=0.0214 | val_acc=98.29% val_f1=0.9805 | test_acc=89.04% test_f1=0.8500
Epoch 046 | train_loss=0.0252 | val_acc=98.29% val_f1=0.9805 | test_acc=88.76% test_f1=0.8454
Epoch 047 | train_loss=0.0225 | val_acc=98.86% val_f1=0.9861 | test_acc=88.76% test_f1=0.8454
Epoch 048 | train_loss=0.0156 | val_acc=98.86% val_f1=0.9861 | test_acc=87.08% test_f1=0.8191
Epoch 049 | train_loss=0.0181 | val_acc=99.43% val_f1=0.9943 | test_acc=86.52% test_f1=0.8113
Early stopping at epoch 49 (best=33, score=0.994277)
================================================================================
Best epoch: 33
Best score (val_macro_f1): 0.994277
Final test accuracy: 88.48%
Saved to: ablation_experiments/h1/results/comparison_18d_baselines/lstm/lstm_weld_seam_windows_ws5_tf75_pg0_h1_h128_l2_bi_do0.2_ep80_lr0.0001_wd0.0002_bs128_seed77
================================================================================
Comparison baseline | model=lstm
================================================================================
Dataset: /home/huang_kai/wind_turbine_phm/PHOENIX-main/autoencoder_benchmark/Data/processed_data/weld_seam_windows_ws5_tf75_pg0_h1.npz
Device: cuda
Train/Val/Test: 990 / 175 / 356
Epoch 001 | train_loss=1.0875 | val_acc=33.71% val_f1=0.3388 | test_acc=23.31% test_f1=0.1260
Epoch 002 | train_loss=1.0641 | val_acc=41.71% val_f1=0.4306 | test_acc=38.76% test_f1=0.4190
Epoch 003 | train_loss=1.0332 | val_acc=36.57% val_f1=0.3706 | test_acc=42.13% test_f1=0.4485
Epoch 004 | train_loss=0.9753 | val_acc=36.00% val_f1=0.3643 | test_acc=42.13% test_f1=0.4485
Epoch 005 | train_loss=0.8660 | val_acc=36.00% val_f1=0.3643 | test_acc=42.42% test_f1=0.4523
Epoch 006 | train_loss=0.7154 | val_acc=48.00% val_f1=0.5051 | test_acc=45.51% test_f1=0.4919
Epoch 007 | train_loss=0.5990 | val_acc=76.57% val_f1=0.7659 | test_acc=72.47% test_f1=0.7325
Epoch 008 | train_loss=0.4781 | val_acc=83.43% val_f1=0.8312 | test_acc=82.02% test_f1=0.7884
Epoch 009 | train_loss=0.3430 | val_acc=88.00% val_f1=0.8782 | test_acc=86.24% test_f1=0.8005
Epoch 010 | train_loss=0.2720 | val_acc=93.14% val_f1=0.9284 | test_acc=85.39% test_f1=0.7740
Epoch 011 | train_loss=0.2204 | val_acc=93.71% val_f1=0.9304 | test_acc=91.01% test_f1=0.8797
Epoch 012 | train_loss=0.1664 | val_acc=96.57% val_f1=0.9566 | test_acc=88.76% test_f1=0.8533
Epoch 013 | train_loss=0.1286 | val_acc=97.71% val_f1=0.9701 | test_acc=79.78% test_f1=0.7149
Epoch 014 | train_loss=0.1130 | val_acc=98.86% val_f1=0.9862 | test_acc=86.24% test_f1=0.8231
Epoch 015 | train_loss=0.0859 | val_acc=97.71% val_f1=0.9701 | test_acc=80.90% test_f1=0.7337
Epoch 016 | train_loss=0.1040 | val_acc=98.86% val_f1=0.9862 | test_acc=83.99% test_f1=0.7854
Epoch 017 | train_loss=0.0583 | val_acc=99.43% val_f1=0.9943 | test_acc=83.43% test_f1=0.7798
Epoch 018 | train_loss=0.0504 | val_acc=98.29% val_f1=0.9755 | test_acc=78.93% test_f1=0.7128
Epoch 019 | train_loss=0.0605 | val_acc=99.43% val_f1=0.9942 | test_acc=79.21% test_f1=0.7241
Epoch 020 | train_loss=0.0306 | val_acc=98.86% val_f1=0.9837 | test_acc=79.21% test_f1=0.7189
Epoch 021 | train_loss=0.0391 | val_acc=98.86% val_f1=0.9862 | test_acc=82.58% test_f1=0.7646
Epoch 022 | train_loss=0.0455 | val_acc=99.43% val_f1=0.9943 | test_acc=82.58% test_f1=0.7646
Epoch 023 | train_loss=0.0448 | val_acc=99.43% val_f1=0.9943 | test_acc=82.02% test_f1=0.7565
Epoch 024 | train_loss=0.0217 | val_acc=100.00% val_f1=1.0000 | test_acc=81.18% test_f1=0.7485
Epoch 025 | train_loss=0.0323 | val_acc=100.00% val_f1=1.0000 | test_acc=80.06% test_f1=0.7330
Epoch 026 | train_loss=0.0175 | val_acc=100.00% val_f1=1.0000 | test_acc=79.78% test_f1=0.7273
Epoch 027 | train_loss=0.0179 | val_acc=100.00% val_f1=1.0000 | test_acc=80.06% test_f1=0.7308
Epoch 028 | train_loss=0.0263 | val_acc=100.00% val_f1=1.0000 | test_acc=78.93% test_f1=0.7173
Epoch 029 | train_loss=0.0183 | val_acc=100.00% val_f1=1.0000 | test_acc=78.65% test_f1=0.7126
Epoch 030 | train_loss=0.0116 | val_acc=100.00% val_f1=1.0000 | test_acc=80.06% test_f1=0.7320
Epoch 031 | train_loss=0.0156 | val_acc=100.00% val_f1=1.0000 | test_acc=80.34% test_f1=0.7344
Epoch 032 | train_loss=0.0247 | val_acc=100.00% val_f1=1.0000 | test_acc=78.37% test_f1=0.7068
Epoch 033 | train_loss=0.0082 | val_acc=100.00% val_f1=1.0000 | test_acc=78.65% test_f1=0.7126
Epoch 034 | train_loss=0.0179 | val_acc=100.00% val_f1=1.0000 | test_acc=78.65% test_f1=0.7135
Epoch 035 | train_loss=0.0376 | val_acc=100.00% val_f1=1.0000 | test_acc=79.21% test_f1=0.7227
Epoch 036 | train_loss=0.0262 | val_acc=100.00% val_f1=1.0000 | test_acc=79.49% test_f1=0.7257
Epoch 037 | train_loss=0.0324 | val_acc=100.00% val_f1=1.0000 | test_acc=79.78% test_f1=0.7294
Epoch 038 | train_loss=0.0115 | val_acc=100.00% val_f1=1.0000 | test_acc=79.78% test_f1=0.7294
Epoch 039 | train_loss=0.0175 | val_acc=100.00% val_f1=1.0000 | test_acc=78.09% test_f1=0.7031
Epoch 040 | train_loss=0.0118 | val_acc=100.00% val_f1=1.0000 | test_acc=76.69% test_f1=0.6784
Early stopping at epoch 40 (best=24, score=1.000000)
================================================================================
Best epoch: 24
Best score (val_macro_f1): 1.000000
Final test accuracy: 81.18%
Saved to: ablation_experiments/h1/results/comparison_18d_baselines/lstm/lstm_weld_seam_windows_ws5_tf75_pg0_h1_h64_l2_uni_do0.2_ep80_lr0.0005_wd0.0001_bs128_seed100
================================================================================
Comparison baseline | model=lstm
================================================================================
Dataset: /home/huang_kai/wind_turbine_phm/PHOENIX-main/autoencoder_benchmark/Data/processed_data/weld_seam_windows_ws5_tf75_pg0_h1.npz
Device: cuda
Train/Val/Test: 990 / 175 / 356
Epoch 001 | train_loss=1.0858 | val_acc=41.71% val_f1=0.4256 | test_acc=37.64% test_f1=0.3899
Epoch 002 | train_loss=1.0686 | val_acc=43.43% val_f1=0.4477 | test_acc=39.89% test_f1=0.4308
Epoch 003 | train_loss=1.0453 | val_acc=41.14% val_f1=0.4216 | test_acc=43.82% test_f1=0.4690
Epoch 004 | train_loss=1.0079 | val_acc=40.57% val_f1=0.4208 | test_acc=51.97% test_f1=0.5663
Epoch 005 | train_loss=0.9384 | val_acc=53.14% val_f1=0.5413 | test_acc=65.45% test_f1=0.6862
Epoch 006 | train_loss=0.8504 | val_acc=63.43% val_f1=0.6184 | test_acc=75.56% test_f1=0.7685
Epoch 007 | train_loss=0.7383 | val_acc=72.00% val_f1=0.7000 | test_acc=83.71% test_f1=0.8412
Epoch 008 | train_loss=0.6571 | val_acc=78.86% val_f1=0.7707 | test_acc=91.57% test_f1=0.9159
Epoch 009 | train_loss=0.5655 | val_acc=82.86% val_f1=0.8197 | test_acc=93.82% test_f1=0.9341
Epoch 010 | train_loss=0.4797 | val_acc=85.71% val_f1=0.8497 | test_acc=92.13% test_f1=0.9062
Epoch 011 | train_loss=0.3926 | val_acc=90.86% val_f1=0.9092 | test_acc=88.48% test_f1=0.8443
Epoch 012 | train_loss=0.3289 | val_acc=91.43% val_f1=0.9172 | test_acc=89.61% test_f1=0.8601
Epoch 013 | train_loss=0.2802 | val_acc=93.71% val_f1=0.9375 | test_acc=91.29% test_f1=0.8760
Epoch 014 | train_loss=0.2471 | val_acc=95.43% val_f1=0.9560 | test_acc=91.57% test_f1=0.8800
Epoch 015 | train_loss=0.1763 | val_acc=95.43% val_f1=0.9560 | test_acc=90.45% test_f1=0.8635
Epoch 016 | train_loss=0.1630 | val_acc=96.00% val_f1=0.9613 | test_acc=88.20% test_f1=0.8361
Epoch 017 | train_loss=0.1432 | val_acc=96.57% val_f1=0.9663 | test_acc=89.04% test_f1=0.8507
Epoch 018 | train_loss=0.1190 | val_acc=97.71% val_f1=0.9775 | test_acc=88.76% test_f1=0.8454
Epoch 019 | train_loss=0.1105 | val_acc=97.71% val_f1=0.9775 | test_acc=89.04% test_f1=0.8500
Epoch 020 | train_loss=0.0803 | val_acc=97.71% val_f1=0.9775 | test_acc=88.48% test_f1=0.8408
Epoch 021 | train_loss=0.0766 | val_acc=97.71% val_f1=0.9775 | test_acc=89.61% test_f1=0.8590
Epoch 022 | train_loss=0.0778 | val_acc=97.71% val_f1=0.9749 | test_acc=89.89% test_f1=0.8634
Epoch 023 | train_loss=0.0558 | val_acc=98.86% val_f1=0.9886 | test_acc=86.80% test_f1=0.8160
Epoch 024 | train_loss=0.0501 | val_acc=98.29% val_f1=0.9805 | test_acc=89.61% test_f1=0.8603
Epoch 025 | train_loss=0.0483 | val_acc=98.86% val_f1=0.9886 | test_acc=87.64% test_f1=0.8285
Epoch 026 | train_loss=0.0362 | val_acc=98.29% val_f1=0.9830 | test_acc=89.04% test_f1=0.8500
Epoch 027 | train_loss=0.0381 | val_acc=98.86% val_f1=0.9886 | test_acc=88.48% test_f1=0.8438
Epoch 028 | train_loss=0.0290 | val_acc=100.00% val_f1=1.0000 | test_acc=87.92% test_f1=0.8388
Epoch 029 | train_loss=0.0358 | val_acc=99.43% val_f1=0.9919 | test_acc=88.48% test_f1=0.8477
Epoch 030 | train_loss=0.0321 | val_acc=98.86% val_f1=0.9861 | test_acc=88.20% test_f1=0.8433
Epoch 031 | train_loss=0.0280 | val_acc=98.29% val_f1=0.9830 | test_acc=86.80% test_f1=0.8160
Epoch 032 | train_loss=0.0222 | val_acc=98.29% val_f1=0.9805 | test_acc=88.20% test_f1=0.8407
Epoch 033 | train_loss=0.0314 | val_acc=99.43% val_f1=0.9943 | test_acc=86.24% test_f1=0.8114
Epoch 034 | train_loss=0.0198 | val_acc=99.43% val_f1=0.9919 | test_acc=87.36% test_f1=0.8324
Epoch 035 | train_loss=0.0185 | val_acc=100.00% val_f1=1.0000 | test_acc=85.96% test_f1=0.8082
Epoch 036 | train_loss=0.0229 | val_acc=100.00% val_f1=1.0000 | test_acc=85.96% test_f1=0.8082
Epoch 037 | train_loss=0.0235 | val_acc=99.43% val_f1=0.9919 | test_acc=87.08% test_f1=0.8266
Epoch 038 | train_loss=0.0134 | val_acc=100.00% val_f1=1.0000 | test_acc=86.24% test_f1=0.8129
Epoch 039 | train_loss=0.0150 | val_acc=100.00% val_f1=1.0000 | test_acc=86.80% test_f1=0.8234
Epoch 040 | train_loss=0.0197 | val_acc=99.43% val_f1=0.9919 | test_acc=87.64% test_f1=0.8356
Epoch 041 | train_loss=0.0172 | val_acc=99.43% val_f1=0.9919 | test_acc=87.64% test_f1=0.8356
Epoch 042 | train_loss=0.0115 | val_acc=99.43% val_f1=0.9919 | test_acc=87.08% test_f1=0.8279
Epoch 043 | train_loss=0.0128 | val_acc=100.00% val_f1=1.0000 | test_acc=87.08% test_f1=0.8279
Epoch 044 | train_loss=0.0072 | val_acc=99.43% val_f1=0.9919 | test_acc=87.36% test_f1=0.8324
Early stopping at epoch 44 (best=28, score=1.000000)
================================================================================
Best epoch: 28
Best score (val_macro_f1): 1.000000
Final test accuracy: 87.92%
Saved to: ablation_experiments/h1/results/comparison_18d_baselines/lstm/lstm_weld_seam_windows_ws5_tf75_pg0_h1_h64_l2_bi_do0.1_ep80_lr0.0001_wd0.0005_bs64_seed77
================================================================================
Comparison baseline | model=lstm
================================================================================
Dataset: /home/huang_kai/wind_turbine_phm/PHOENIX-main/autoencoder_benchmark/Data/processed_data/weld_seam_windows_ws5_tf75_pg0_h1.npz
Device: cuda
Train/Val/Test: 990 / 175 / 356
Epoch 001 | train_loss=1.0864 | val_acc=22.86% val_f1=0.1240 | test_acc=21.91% test_f1=0.1198
Epoch 002 | train_loss=1.0619 | val_acc=22.86% val_f1=0.1240 | test_acc=21.91% test_f1=0.1198
Epoch 003 | train_loss=1.0333 | val_acc=25.14% val_f1=0.1780 | test_acc=27.25% test_f1=0.2362
Epoch 004 | train_loss=1.0094 | val_acc=34.29% val_f1=0.3302 | test_acc=45.22% test_f1=0.4777
Epoch 005 | train_loss=0.9438 | val_acc=52.57% val_f1=0.5414 | test_acc=62.92% test_f1=0.6599
Epoch 006 | train_loss=0.8517 | val_acc=66.86% val_f1=0.6559 | test_acc=71.91% test_f1=0.7366
Epoch 007 | train_loss=0.7485 | val_acc=75.43% val_f1=0.7242 | test_acc=83.43% test_f1=0.8327
Epoch 008 | train_loss=0.6482 | val_acc=79.43% val_f1=0.7594 | test_acc=94.66% test_f1=0.9407
Epoch 009 | train_loss=0.5959 | val_acc=85.14% val_f1=0.8342 | test_acc=93.82% test_f1=0.9224
Epoch 010 | train_loss=0.4915 | val_acc=86.86% val_f1=0.8535 | test_acc=91.85% test_f1=0.8871
Epoch 011 | train_loss=0.3915 | val_acc=88.57% val_f1=0.8792 | test_acc=91.01% test_f1=0.8715
Epoch 012 | train_loss=0.3198 | val_acc=91.43% val_f1=0.9132 | test_acc=86.80% test_f1=0.7955
Epoch 013 | train_loss=0.2407 | val_acc=90.86% val_f1=0.9074 | test_acc=90.73% test_f1=0.8646
Epoch 014 | train_loss=0.1866 | val_acc=92.57% val_f1=0.9267 | test_acc=89.33% test_f1=0.8356
Epoch 015 | train_loss=0.1789 | val_acc=94.86% val_f1=0.9497 | test_acc=91.85% test_f1=0.8779
Epoch 016 | train_loss=0.1594 | val_acc=95.43% val_f1=0.9550 | test_acc=91.01% test_f1=0.8676
Epoch 017 | train_loss=0.1196 | val_acc=95.43% val_f1=0.9550 | test_acc=89.33% test_f1=0.8391
Epoch 018 | train_loss=0.1036 | val_acc=96.00% val_f1=0.9604 | test_acc=90.17% test_f1=0.8571
Epoch 019 | train_loss=0.0988 | val_acc=96.57% val_f1=0.9659 | test_acc=89.89% test_f1=0.8542
Epoch 020 | train_loss=0.0712 | val_acc=96.57% val_f1=0.9659 | test_acc=87.36% test_f1=0.8167
Epoch 021 | train_loss=0.0669 | val_acc=97.14% val_f1=0.9714 | test_acc=89.04% test_f1=0.8485
Epoch 022 | train_loss=0.0724 | val_acc=97.14% val_f1=0.9714 | test_acc=87.64% test_f1=0.8252
Epoch 023 | train_loss=0.0599 | val_acc=97.14% val_f1=0.9714 | test_acc=87.36% test_f1=0.8221
Epoch 024 | train_loss=0.0434 | val_acc=98.29% val_f1=0.9826 | test_acc=87.64% test_f1=0.8269
Epoch 025 | train_loss=0.0456 | val_acc=97.71% val_f1=0.9743 | test_acc=88.48% test_f1=0.8408
Epoch 026 | train_loss=0.0381 | val_acc=97.71% val_f1=0.9770 | test_acc=87.36% test_f1=0.8221
Epoch 027 | train_loss=0.0481 | val_acc=97.14% val_f1=0.9686 | test_acc=88.76% test_f1=0.8454
Epoch 028 | train_loss=0.0411 | val_acc=97.71% val_f1=0.9746 | test_acc=87.64% test_f1=0.8269
Epoch 029 | train_loss=0.0407 | val_acc=98.86% val_f1=0.9861 | test_acc=88.76% test_f1=0.8454
Epoch 030 | train_loss=0.0235 | val_acc=98.86% val_f1=0.9861 | test_acc=87.64% test_f1=0.8301
Epoch 031 | train_loss=0.0253 | val_acc=98.29% val_f1=0.9805 | test_acc=86.80% test_f1=0.8126
Epoch 032 | train_loss=0.0255 | val_acc=98.86% val_f1=0.9886 | test_acc=86.52% test_f1=0.8077
Epoch 033 | train_loss=0.0255 | val_acc=97.71% val_f1=0.9775 | test_acc=86.80% test_f1=0.8107
Epoch 034 | train_loss=0.0190 | val_acc=98.86% val_f1=0.9886 | test_acc=85.67% test_f1=0.7967
Epoch 035 | train_loss=0.0228 | val_acc=98.86% val_f1=0.9861 | test_acc=88.76% test_f1=0.8483
Epoch 036 | train_loss=0.0277 | val_acc=98.86% val_f1=0.9861 | test_acc=87.64% test_f1=0.8301
Epoch 037 | train_loss=0.0184 | val_acc=98.86% val_f1=0.9861 | test_acc=86.24% test_f1=0.8114
Epoch 038 | train_loss=0.0147 | val_acc=99.43% val_f1=0.9943 | test_acc=85.11% test_f1=0.7923
Epoch 039 | train_loss=0.0174 | val_acc=99.43% val_f1=0.9943 | test_acc=86.80% test_f1=0.8160
Epoch 040 | train_loss=0.0166 | val_acc=98.86% val_f1=0.9861 | test_acc=87.64% test_f1=0.8301
Epoch 041 | train_loss=0.0125 | val_acc=98.86% val_f1=0.9861 | test_acc=87.36% test_f1=0.8254
Epoch 042 | train_loss=0.0126 | val_acc=98.86% val_f1=0.9861 | test_acc=87.36% test_f1=0.8254
Epoch 043 | train_loss=0.0120 | val_acc=98.86% val_f1=0.9861 | test_acc=87.36% test_f1=0.8284
Epoch 044 | train_loss=0.0192 | val_acc=98.86% val_f1=0.9861 | test_acc=86.80% test_f1=0.8160
Epoch 045 | train_loss=0.0150 | val_acc=99.43% val_f1=0.9943 | test_acc=85.39% test_f1=0.7972
Epoch 046 | train_loss=0.0133 | val_acc=99.43% val_f1=0.9943 | test_acc=85.11% test_f1=0.7940
Epoch 047 | train_loss=0.0113 | val_acc=98.86% val_f1=0.9861 | test_acc=86.24% test_f1=0.8129
Epoch 048 | train_loss=0.0133 | val_acc=98.86% val_f1=0.9861 | test_acc=85.39% test_f1=0.7988
Epoch 049 | train_loss=0.0122 | val_acc=99.43% val_f1=0.9943 | test_acc=84.83% test_f1=0.7892
Epoch 050 | train_loss=0.0129 | val_acc=98.86% val_f1=0.9861 | test_acc=85.96% test_f1=0.8082
Epoch 051 | train_loss=0.0142 | val_acc=98.86% val_f1=0.9861 | test_acc=85.11% test_f1=0.7956
Epoch 052 | train_loss=0.0068 | val_acc=99.43% val_f1=0.9943 | test_acc=84.83% test_f1=0.7908
Epoch 053 | train_loss=0.0108 | val_acc=98.86% val_f1=0.9861 | test_acc=84.83% test_f1=0.7908
Epoch 054 | train_loss=0.0105 | val_acc=98.86% val_f1=0.9861 | test_acc=84.83% test_f1=0.7908
Early stopping at epoch 54 (best=38, score=0.994277)
================================================================================
Best epoch: 38
Best score (val_macro_f1): 0.994277
Final test accuracy: 85.11%
Saved to: ablation_experiments/h1/results/comparison_18d_baselines/lstm/lstm_weld_seam_windows_ws5_tf75_pg0_h1_h64_l2_bi_do0.3_ep80_lr0.0001_wd0.0005_bs64_seed183
================================================================================
Comparison baseline | model=lstm
================================================================================
Dataset: /home/huang_kai/wind_turbine_phm/PHOENIX-main/autoencoder_benchmark/Data/processed_data/weld_seam_windows_ws5_tf75_pg0_h1.npz
Device: cuda
Train/Val/Test: 990 / 175 / 356
Epoch 001 | train_loss=1.0418 | val_acc=29.14% val_f1=0.2869 | test_acc=37.64% test_f1=0.3959
Epoch 002 | train_loss=0.8264 | val_acc=73.71% val_f1=0.7296 | test_acc=83.15% test_f1=0.8472
Epoch 003 | train_loss=0.4658 | val_acc=92.00% val_f1=0.9217 | test_acc=87.64% test_f1=0.8111
Epoch 004 | train_loss=0.1840 | val_acc=96.00% val_f1=0.9604 | test_acc=89.04% test_f1=0.8453
Epoch 005 | train_loss=0.0739 | val_acc=97.71% val_f1=0.9770 | test_acc=82.58% test_f1=0.7489
Epoch 006 | train_loss=0.0713 | val_acc=97.14% val_f1=0.9721 | test_acc=85.11% test_f1=0.7837
Epoch 007 | train_loss=0.0758 | val_acc=100.00% val_f1=1.0000 | test_acc=76.69% test_f1=0.6736
Epoch 008 | train_loss=0.0333 | val_acc=97.71% val_f1=0.9749 | test_acc=85.96% test_f1=0.8179
Epoch 009 | train_loss=0.0145 | val_acc=100.00% val_f1=1.0000 | test_acc=80.90% test_f1=0.7503
Epoch 010 | train_loss=0.0131 | val_acc=98.29% val_f1=0.9805 | test_acc=84.27% test_f1=0.7967
Epoch 011 | train_loss=0.0065 | val_acc=99.43% val_f1=0.9919 | test_acc=82.58% test_f1=0.7738
Epoch 012 | train_loss=0.0044 | val_acc=100.00% val_f1=1.0000 | test_acc=82.87% test_f1=0.7770
Epoch 013 | train_loss=0.0042 | val_acc=100.00% val_f1=1.0000 | test_acc=80.62% test_f1=0.7450
Epoch 014 | train_loss=0.0051 | val_acc=99.43% val_f1=0.9919 | test_acc=83.43% test_f1=0.7856
Epoch 015 | train_loss=0.0020 | val_acc=100.00% val_f1=1.0000 | test_acc=81.18% test_f1=0.7537
Epoch 016 | train_loss=0.0008 | val_acc=100.00% val_f1=1.0000 | test_acc=83.43% test_f1=0.7866
Epoch 017 | train_loss=0.0037 | val_acc=100.00% val_f1=1.0000 | test_acc=77.53% test_f1=0.6907
Epoch 018 | train_loss=0.0038 | val_acc=99.43% val_f1=0.9919 | test_acc=81.74% test_f1=0.7623
Epoch 019 | train_loss=0.0021 | val_acc=98.86% val_f1=0.9886 | test_acc=84.83% test_f1=0.8022
Epoch 020 | train_loss=0.0022 | val_acc=99.43% val_f1=0.9919 | test_acc=81.18% test_f1=0.7544
Epoch 021 | train_loss=0.0007 | val_acc=99.43% val_f1=0.9919 | test_acc=81.46% test_f1=0.7587
Epoch 022 | train_loss=0.0009 | val_acc=100.00% val_f1=1.0000 | test_acc=80.06% test_f1=0.7380
Epoch 023 | train_loss=0.0004 | val_acc=100.00% val_f1=1.0000 | test_acc=80.06% test_f1=0.7376
Early stopping at epoch 23 (best=7, score=1.000000)
================================================================================
Best epoch: 7
Best score (val_macro_f1): 1.000000
Final test accuracy: 76.69%
Saved to: ablation_experiments/h1/results/comparison_18d_baselines/lstm/lstm_weld_seam_windows_ws5_tf75_pg0_h1_h64_l3_bi_do0.3_ep80_lr0.0005_wd0.0001_bs64_seed183
================================================================================
Comparison baseline | model=lstm
================================================================================
Dataset: /home/huang_kai/wind_turbine_phm/PHOENIX-main/autoencoder_benchmark/Data/processed_data/weld_seam_windows_ws5_tf75_pg0_h1.npz
Device: cuda
Train/Val/Test: 990 / 175 / 356
Epoch 001 | train_loss=1.0791 | val_acc=41.14% val_f1=0.4331 | test_acc=27.81% test_f1=0.2443
Epoch 002 | train_loss=1.0423 | val_acc=35.43% val_f1=0.3601 | test_acc=41.85% test_f1=0.4451
Epoch 003 | train_loss=0.9418 | val_acc=30.86% val_f1=0.3096 | test_acc=40.73% test_f1=0.4318
Epoch 004 | train_loss=0.7411 | val_acc=73.71% val_f1=0.7128 | test_acc=92.13% test_f1=0.9180
Epoch 005 | train_loss=0.5202 | val_acc=90.29% val_f1=0.8913 | test_acc=93.54% test_f1=0.9074
Epoch 006 | train_loss=0.3203 | val_acc=93.14% val_f1=0.9284 | test_acc=88.48% test_f1=0.8234
Epoch 007 | train_loss=0.2033 | val_acc=94.29% val_f1=0.9385 | test_acc=90.17% test_f1=0.8704
Epoch 008 | train_loss=0.1013 | val_acc=98.29% val_f1=0.9755 | test_acc=85.96% test_f1=0.8136
Epoch 009 | train_loss=0.0740 | val_acc=97.71% val_f1=0.9697 | test_acc=82.87% test_f1=0.7739
Epoch 010 | train_loss=0.0627 | val_acc=99.43% val_f1=0.9919 | test_acc=89.33% test_f1=0.8640
Epoch 011 | train_loss=0.0474 | val_acc=98.86% val_f1=0.9837 | test_acc=88.48% test_f1=0.8521
Epoch 012 | train_loss=0.0238 | val_acc=98.29% val_f1=0.9779 | test_acc=85.39% test_f1=0.8125
Epoch 013 | train_loss=0.0167 | val_acc=99.43% val_f1=0.9942 | test_acc=85.67% test_f1=0.8174
Epoch 014 | train_loss=0.0150 | val_acc=100.00% val_f1=1.0000 | test_acc=87.36% test_f1=0.8377
Epoch 015 | train_loss=0.0150 | val_acc=99.43% val_f1=0.9919 | test_acc=85.39% test_f1=0.8110
Epoch 016 | train_loss=0.0092 | val_acc=100.00% val_f1=1.0000 | test_acc=85.11% test_f1=0.8089
Epoch 017 | train_loss=0.0084 | val_acc=99.43% val_f1=0.9919 | test_acc=82.87% test_f1=0.7776
Epoch 018 | train_loss=0.0071 | val_acc=100.00% val_f1=1.0000 | test_acc=83.99% test_f1=0.7949
Epoch 019 | train_loss=0.0103 | val_acc=100.00% val_f1=1.0000 | test_acc=83.99% test_f1=0.7949
Epoch 020 | train_loss=0.0044 | val_acc=99.43% val_f1=0.9919 | test_acc=82.02% test_f1=0.7652
Epoch 021 | train_loss=0.0047 | val_acc=100.00% val_f1=1.0000 | test_acc=83.15% test_f1=0.7833
Epoch 022 | train_loss=0.0043 | val_acc=100.00% val_f1=1.0000 | test_acc=81.18% test_f1=0.7541
Epoch 023 | train_loss=0.0049 | val_acc=100.00% val_f1=1.0000 | test_acc=83.15% test_f1=0.7832
Epoch 024 | train_loss=0.0026 | val_acc=100.00% val_f1=1.0000 | test_acc=80.90% test_f1=0.7498
Epoch 025 | train_loss=0.0019 | val_acc=100.00% val_f1=1.0000 | test_acc=81.18% test_f1=0.7541
Epoch 026 | train_loss=0.0019 | val_acc=100.00% val_f1=1.0000 | test_acc=78.93% test_f1=0.7189
Epoch 027 | train_loss=0.0035 | val_acc=100.00% val_f1=1.0000 | test_acc=83.43% test_f1=0.7873
Epoch 028 | train_loss=0.0050 | val_acc=100.00% val_f1=1.0000 | test_acc=78.37% test_f1=0.7097
Epoch 029 | train_loss=0.0019 | val_acc=100.00% val_f1=1.0000 | test_acc=82.58% test_f1=0.7751
Epoch 030 | train_loss=0.0012 | val_acc=100.00% val_f1=1.0000 | test_acc=82.87% test_f1=0.7792
Early stopping at epoch 30 (best=14, score=1.000000)
================================================================================
Best epoch: 14
Best score (val_macro_f1): 1.000000
Final test accuracy: 87.36%
Saved to: ablation_experiments/h1/results/comparison_18d_baselines/lstm/lstm_weld_seam_windows_ws5_tf75_pg0_h1_h64_l3_bi_do0.2_ep80_lr0.0002_wd0.0002_bs64_seed100
================================================================================
Comparison baseline | model=lstm
================================================================================
Dataset: /home/huang_kai/wind_turbine_phm/PHOENIX-main/autoencoder_benchmark/Data/processed_data/weld_seam_windows_ws5_tf75_pg0_h1.npz
Device: cuda
Train/Val/Test: 990 / 175 / 356
Epoch 001 | train_loss=1.0893 | val_acc=24.00% val_f1=0.1290 | test_acc=23.31% test_f1=0.1260
Epoch 002 | train_loss=1.0607 | val_acc=45.14% val_f1=0.4759 | test_acc=28.09% test_f1=0.2504
Epoch 003 | train_loss=0.9954 | val_acc=32.00% val_f1=0.3222 | test_acc=44.38% test_f1=0.4760
Epoch 004 | train_loss=0.8343 | val_acc=30.29% val_f1=0.3052 | test_acc=42.98% test_f1=0.4616
Epoch 005 | train_loss=0.6711 | val_acc=79.43% val_f1=0.7439 | test_acc=98.88% test_f1=0.9859
Epoch 006 | train_loss=0.5746 | val_acc=96.00% val_f1=0.9576 | test_acc=92.70% test_f1=0.8899
Epoch 007 | train_loss=0.3785 | val_acc=96.00% val_f1=0.9609 | test_acc=92.98% test_f1=0.8944
Epoch 008 | train_loss=0.2421 | val_acc=96.00% val_f1=0.9609 | test_acc=94.94% test_f1=0.9254
Epoch 009 | train_loss=0.1638 | val_acc=96.57% val_f1=0.9663 | test_acc=84.55% test_f1=0.7678
Epoch 010 | train_loss=0.1165 | val_acc=98.86% val_f1=0.9885 | test_acc=90.17% test_f1=0.8679
Epoch 011 | train_loss=0.0708 | val_acc=97.14% val_f1=0.9668 | test_acc=90.17% test_f1=0.8679
Epoch 012 | train_loss=0.0600 | val_acc=98.86% val_f1=0.9886 | test_acc=86.80% test_f1=0.8160
Epoch 013 | train_loss=0.0405 | val_acc=98.29% val_f1=0.9805 | test_acc=87.92% test_f1=0.8361
Epoch 014 | train_loss=0.0289 | val_acc=97.14% val_f1=0.9668 | test_acc=89.33% test_f1=0.8559
Epoch 015 | train_loss=0.0229 | val_acc=98.86% val_f1=0.9886 | test_acc=83.71% test_f1=0.7655
Epoch 016 | train_loss=0.0339 | val_acc=98.86% val_f1=0.9837 | test_acc=87.36% test_f1=0.8358
Epoch 017 | train_loss=0.0518 | val_acc=100.00% val_f1=1.0000 | test_acc=77.53% test_f1=0.6821
Epoch 018 | train_loss=0.0194 | val_acc=98.86% val_f1=0.9837 | test_acc=88.20% test_f1=0.8538
Epoch 019 | train_loss=0.0320 | val_acc=100.00% val_f1=1.0000 | test_acc=78.65% test_f1=0.6976
Epoch 020 | train_loss=0.0157 | val_acc=99.43% val_f1=0.9919 | test_acc=84.55% test_f1=0.7995
Epoch 021 | train_loss=0.0126 | val_acc=99.43% val_f1=0.9919 | test_acc=82.58% test_f1=0.7738
Epoch 022 | train_loss=0.0079 | val_acc=100.00% val_f1=1.0000 | test_acc=79.78% test_f1=0.7318
Epoch 023 | train_loss=0.0086 | val_acc=100.00% val_f1=1.0000 | test_acc=80.34% test_f1=0.7394
Epoch 024 | train_loss=0.0029 | val_acc=100.00% val_f1=1.0000 | test_acc=82.02% test_f1=0.7612
Epoch 025 | train_loss=0.0047 | val_acc=100.00% val_f1=1.0000 | test_acc=82.02% test_f1=0.7612
Epoch 026 | train_loss=0.0045 | val_acc=100.00% val_f1=1.0000 | test_acc=81.74% test_f1=0.7594
Epoch 027 | train_loss=0.0027 | val_acc=99.43% val_f1=0.9919 | test_acc=81.18% test_f1=0.7537
Epoch 028 | train_loss=0.0034 | val_acc=99.43% val_f1=0.9919 | test_acc=80.34% test_f1=0.7419
Epoch 029 | train_loss=0.0031 | val_acc=100.00% val_f1=1.0000 | test_acc=80.06% test_f1=0.7368
Epoch 030 | train_loss=0.0027 | val_acc=100.00% val_f1=1.0000 | test_acc=80.06% test_f1=0.7362
Epoch 031 | train_loss=0.0018 | val_acc=100.00% val_f1=1.0000 | test_acc=80.34% test_f1=0.7401
Epoch 032 | train_loss=0.0020 | val_acc=100.00% val_f1=1.0000 | test_acc=79.78% test_f1=0.7318
Epoch 033 | train_loss=0.0041 | val_acc=100.00% val_f1=1.0000 | test_acc=80.62% test_f1=0.7459
Early stopping at epoch 33 (best=17, score=1.000000)
================================================================================
Best epoch: 17
Best score (val_macro_f1): 1.000000
Final test accuracy: 77.53%
Saved to: ablation_experiments/h1/results/comparison_18d_baselines/lstm/lstm_weld_seam_windows_ws5_tf75_pg0_h1_h96_l3_bi_do0.3_ep80_lr0.0003_wd0.0001_bs128_seed77
================================================================================
Comparison baseline | model=lstm
================================================================================
Dataset: /home/huang_kai/wind_turbine_phm/PHOENIX-main/autoencoder_benchmark/Data/processed_data/weld_seam_windows_ws5_tf75_pg0_h1.npz
Device: cuda
Train/Val/Test: 990 / 175 / 356
Epoch 001 | train_loss=1.0872 | val_acc=43.43% val_f1=0.4189 | test_acc=60.39% test_f1=0.5955
Epoch 002 | train_loss=1.0525 | val_acc=38.29% val_f1=0.3932 | test_acc=48.60% test_f1=0.5228
Epoch 003 | train_loss=1.0075 | val_acc=50.86% val_f1=0.5159 | test_acc=65.45% test_f1=0.6750
Epoch 004 | train_loss=0.9289 | val_acc=65.14% val_f1=0.6244 | test_acc=76.12% test_f1=0.7577
Epoch 005 | train_loss=0.8148 | val_acc=74.29% val_f1=0.6896 | test_acc=90.17% test_f1=0.8805
Epoch 006 | train_loss=0.6946 | val_acc=78.86% val_f1=0.7400 | test_acc=96.07% test_f1=0.9469
Epoch 007 | train_loss=0.5954 | val_acc=84.57% val_f1=0.8155 | test_acc=98.31% test_f1=0.9763
Epoch 008 | train_loss=0.5099 | val_acc=86.29% val_f1=0.8454 | test_acc=94.94% test_f1=0.9254
Epoch 009 | train_loss=0.3841 | val_acc=89.14% val_f1=0.8830 | test_acc=92.13% test_f1=0.8808
Epoch 010 | train_loss=0.2891 | val_acc=91.43% val_f1=0.9134 | test_acc=90.73% test_f1=0.8573
Epoch 011 | train_loss=0.1962 | val_acc=93.14% val_f1=0.9318 | test_acc=91.85% test_f1=0.8761
Epoch 012 | train_loss=0.1551 | val_acc=93.71% val_f1=0.9370 | test_acc=90.73% test_f1=0.8611
Epoch 013 | train_loss=0.1214 | val_acc=94.86% val_f1=0.9497 | test_acc=91.29% test_f1=0.8828
Epoch 014 | train_loss=0.1156 | val_acc=98.29% val_f1=0.9826 | test_acc=89.89% test_f1=0.8634
Epoch 015 | train_loss=0.0812 | val_acc=98.29% val_f1=0.9826 | test_acc=88.20% test_f1=0.8392
Epoch 016 | train_loss=0.0761 | val_acc=97.14% val_f1=0.9686 | test_acc=89.33% test_f1=0.8559
Epoch 017 | train_loss=0.0626 | val_acc=96.57% val_f1=0.9631 | test_acc=89.61% test_f1=0.8590
Epoch 018 | train_loss=0.0545 | val_acc=97.14% val_f1=0.9721 | test_acc=87.36% test_f1=0.8204
Epoch 019 | train_loss=0.0335 | val_acc=97.71% val_f1=0.9749 | test_acc=89.33% test_f1=0.8545
Epoch 020 | train_loss=0.0384 | val_acc=98.29% val_f1=0.9805 | test_acc=87.08% test_f1=0.8207
Epoch 021 | train_loss=0.0285 | val_acc=98.29% val_f1=0.9805 | test_acc=87.08% test_f1=0.8207
Epoch 022 | train_loss=0.0259 | val_acc=98.86% val_f1=0.9861 | test_acc=84.83% test_f1=0.7875
Epoch 023 | train_loss=0.0213 | val_acc=98.86% val_f1=0.9886 | test_acc=84.83% test_f1=0.7857
Epoch 024 | train_loss=0.0191 | val_acc=98.86% val_f1=0.9886 | test_acc=86.24% test_f1=0.8098
Epoch 025 | train_loss=0.0136 | val_acc=98.86% val_f1=0.9886 | test_acc=85.96% test_f1=0.8082
Epoch 026 | train_loss=0.0128 | val_acc=100.00% val_f1=1.0000 | test_acc=83.99% test_f1=0.7780
Epoch 027 | train_loss=0.0158 | val_acc=99.43% val_f1=0.9919 | test_acc=84.27% test_f1=0.7874
Epoch 028 | train_loss=0.0096 | val_acc=100.00% val_f1=1.0000 | test_acc=83.43% test_f1=0.7699
Epoch 029 | train_loss=0.0114 | val_acc=99.43% val_f1=0.9919 | test_acc=83.15% test_f1=0.7683
Epoch 030 | train_loss=0.0097 | val_acc=99.43% val_f1=0.9919 | test_acc=84.83% test_f1=0.7979
Epoch 031 | train_loss=0.0070 | val_acc=99.43% val_f1=0.9919 | test_acc=83.15% test_f1=0.7713
Epoch 032 | train_loss=0.0111 | val_acc=99.43% val_f1=0.9919 | test_acc=85.11% test_f1=0.8036
Epoch 033 | train_loss=0.0108 | val_acc=99.43% val_f1=0.9919 | test_acc=82.87% test_f1=0.7666
Epoch 034 | train_loss=0.0052 | val_acc=100.00% val_f1=1.0000 | test_acc=79.78% test_f1=0.7128
Epoch 035 | train_loss=0.0051 | val_acc=100.00% val_f1=1.0000 | test_acc=80.34% test_f1=0.7252
Epoch 036 | train_loss=0.0030 | val_acc=99.43% val_f1=0.9919 | test_acc=81.18% test_f1=0.7404
Epoch 037 | train_loss=0.0044 | val_acc=100.00% val_f1=1.0000 | test_acc=80.06% test_f1=0.7253
Epoch 038 | train_loss=0.0038 | val_acc=100.00% val_f1=1.0000 | test_acc=80.06% test_f1=0.7253
Epoch 039 | train_loss=0.0035 | val_acc=99.43% val_f1=0.9919 | test_acc=80.90% test_f1=0.7400
Epoch 040 | train_loss=0.0059 | val_acc=100.00% val_f1=1.0000 | test_acc=80.62% test_f1=0.7352
Epoch 041 | train_loss=0.0028 | val_acc=100.00% val_f1=1.0000 | test_acc=79.78% test_f1=0.7203
Epoch 042 | train_loss=0.0051 | val_acc=100.00% val_f1=1.0000 | test_acc=80.06% test_f1=0.7253
Early stopping at epoch 42 (best=26, score=1.000000)
================================================================================
Best epoch: 26
Best score (val_macro_f1): 1.000000
Final test accuracy: 83.99%
Saved to: ablation_experiments/h1/results/comparison_18d_baselines/lstm/lstm_weld_seam_windows_ws5_tf75_pg0_h1_h96_l2_bi_do0.3_ep80_lr0.0002_wd0.0001_bs128_seed183
================================================================================
Comparison baseline | model=lstm
================================================================================
Dataset: /home/huang_kai/wind_turbine_phm/PHOENIX-main/autoencoder_benchmark/Data/processed_data/weld_seam_windows_ws5_tf75_pg0_h1.npz
Device: cuda
Train/Val/Test: 990 / 175 / 356
Epoch 001 | train_loss=1.0995 | val_acc=22.86% val_f1=0.1240 | test_acc=21.91% test_f1=0.1198
Epoch 002 | train_loss=1.0937 | val_acc=22.86% val_f1=0.1240 | test_acc=21.91% test_f1=0.1198
Epoch 003 | train_loss=1.0903 | val_acc=22.86% val_f1=0.1240 | test_acc=21.91% test_f1=0.1198
Epoch 004 | train_loss=1.0823 | val_acc=22.86% val_f1=0.1240 | test_acc=21.91% test_f1=0.1198
Epoch 005 | train_loss=1.0774 | val_acc=22.86% val_f1=0.1240 | test_acc=21.91% test_f1=0.1198
Epoch 006 | train_loss=1.0690 | val_acc=22.86% val_f1=0.1264 | test_acc=21.91% test_f1=0.1256
Epoch 007 | train_loss=1.0548 | val_acc=22.86% val_f1=0.1498 | test_acc=22.19% test_f1=0.2018
Epoch 008 | train_loss=1.0402 | val_acc=24.00% val_f1=0.2187 | test_acc=28.65% test_f1=0.2948
Epoch 009 | train_loss=1.0121 | val_acc=26.86% val_f1=0.2647 | test_acc=41.29% test_f1=0.4384
Epoch 010 | train_loss=0.9726 | val_acc=27.43% val_f1=0.2712 | test_acc=42.42% test_f1=0.4519
Epoch 011 | train_loss=0.9011 | val_acc=26.86% val_f1=0.2647 | test_acc=41.85% test_f1=0.4451
Epoch 012 | train_loss=0.8501 | val_acc=28.00% val_f1=0.2786 | test_acc=44.38% test_f1=0.4776
Epoch 013 | train_loss=0.7879 | val_acc=37.14% val_f1=0.3854 | test_acc=68.54% test_f1=0.7272
Epoch 014 | train_loss=0.7297 | val_acc=56.00% val_f1=0.5660 | test_acc=83.15% test_f1=0.8453
Epoch 015 | train_loss=0.6993 | val_acc=71.43% val_f1=0.7098 | test_acc=90.17% test_f1=0.9018
Epoch 016 | train_loss=0.6642 | val_acc=80.57% val_f1=0.8026 | test_acc=94.10% test_f1=0.9312
Epoch 017 | train_loss=0.5947 | val_acc=84.00% val_f1=0.8431 | test_acc=90.73% test_f1=0.8778
Epoch 018 | train_loss=0.5340 | val_acc=85.14% val_f1=0.8589 | test_acc=90.17% test_f1=0.8647
Epoch 019 | train_loss=0.4753 | val_acc=87.43% val_f1=0.8842 | test_acc=89.61% test_f1=0.8532
Epoch 020 | train_loss=0.4178 | val_acc=89.71% val_f1=0.9034 | test_acc=87.08% test_f1=0.8098
Epoch 021 | train_loss=0.3638 | val_acc=91.43% val_f1=0.9181 | test_acc=89.89% test_f1=0.8530
Epoch 022 | train_loss=0.3305 | val_acc=91.43% val_f1=0.9181 | test_acc=88.20% test_f1=0.8154
Epoch 023 | train_loss=0.2932 | val_acc=91.43% val_f1=0.9181 | test_acc=89.61% test_f1=0.8378
Epoch 024 | train_loss=0.2791 | val_acc=91.43% val_f1=0.9151 | test_acc=92.98% test_f1=0.8944
Epoch 025 | train_loss=0.2511 | val_acc=92.57% val_f1=0.9281 | test_acc=89.04% test_f1=0.8321
Epoch 026 | train_loss=0.2739 | val_acc=93.14% val_f1=0.9302 | test_acc=92.13% test_f1=0.8889
Epoch 027 | train_loss=0.2370 | val_acc=94.29% val_f1=0.9434 | test_acc=89.61% test_f1=0.8529
Epoch 028 | train_loss=0.2292 | val_acc=94.29% val_f1=0.9434 | test_acc=87.92% test_f1=0.8264
Epoch 029 | train_loss=0.1983 | val_acc=93.71% val_f1=0.9353 | test_acc=90.45% test_f1=0.8695
Epoch 030 | train_loss=0.1881 | val_acc=96.00% val_f1=0.9562 | test_acc=89.61% test_f1=0.8590
Epoch 031 | train_loss=0.1794 | val_acc=97.71% val_f1=0.9752 | test_acc=85.96% test_f1=0.7998
Epoch 032 | train_loss=0.1745 | val_acc=98.29% val_f1=0.9807 | test_acc=87.36% test_f1=0.8254
Epoch 033 | train_loss=0.1809 | val_acc=97.71% val_f1=0.9725 | test_acc=89.89% test_f1=0.8660
Epoch 034 | train_loss=0.1672 | val_acc=98.29% val_f1=0.9807 | test_acc=85.67% test_f1=0.7986
Epoch 035 | train_loss=0.1715 | val_acc=98.29% val_f1=0.9807 | test_acc=89.33% test_f1=0.8559
Epoch 036 | train_loss=0.1428 | val_acc=97.71% val_f1=0.9752 | test_acc=89.89% test_f1=0.8648
Epoch 037 | train_loss=0.1272 | val_acc=98.29% val_f1=0.9807 | test_acc=87.08% test_f1=0.8207
Epoch 038 | train_loss=0.1322 | val_acc=98.29% val_f1=0.9807 | test_acc=88.76% test_f1=0.8496
Epoch 039 | train_loss=0.1411 | val_acc=98.29% val_f1=0.9807 | test_acc=87.92% test_f1=0.8361
Epoch 040 | train_loss=0.1120 | val_acc=98.29% val_f1=0.9807 | test_acc=87.08% test_f1=0.8238
Epoch 041 | train_loss=0.0949 | val_acc=98.29% val_f1=0.9807 | test_acc=86.52% test_f1=0.8189
Epoch 042 | train_loss=0.1150 | val_acc=97.71% val_f1=0.9725 | test_acc=88.48% test_f1=0.8489
Epoch 043 | train_loss=0.0935 | val_acc=97.71% val_f1=0.9725 | test_acc=89.04% test_f1=0.8553
Epoch 044 | train_loss=0.1003 | val_acc=98.29% val_f1=0.9807 | test_acc=87.64% test_f1=0.8330
Epoch 045 | train_loss=0.1004 | val_acc=98.29% val_f1=0.9807 | test_acc=86.80% test_f1=0.8192
Epoch 046 | train_loss=0.1141 | val_acc=98.29% val_f1=0.9807 | test_acc=87.92% test_f1=0.8361
Epoch 047 | train_loss=0.0960 | val_acc=98.29% val_f1=0.9807 | test_acc=88.76% test_f1=0.8496
Epoch 048 | train_loss=0.1109 | val_acc=97.71% val_f1=0.9752 | test_acc=88.76% test_f1=0.8496
Early stopping at epoch 48 (best=32, score=0.980663)
================================================================================
Best epoch: 32
Best score (val_macro_f1): 0.980663
Final test accuracy: 87.36%
Saved to: ablation_experiments/h1/results/comparison_18d_baselines/lstm/lstm_weld_seam_windows_ws5_tf75_pg0_h1_h128_l3_uni_do0.1_ep80_lr0.0001_wd1e-05_bs128_seed42
================================================================================
Comparison baseline | model=lstm
================================================================================
Dataset: /home/huang_kai/wind_turbine_phm/PHOENIX-main/autoencoder_benchmark/Data/processed_data/weld_seam_windows_ws5_tf75_pg0_h1.npz
Device: cuda
Train/Val/Test: 990 / 175 / 356
Epoch 001 | train_loss=1.1262 | val_acc=53.14% val_f1=0.2313 | test_acc=54.78% test_f1=0.2359
Epoch 002 | train_loss=1.1209 | val_acc=53.14% val_f1=0.2313 | test_acc=54.78% test_f1=0.2359
Epoch 003 | train_loss=1.1178 | val_acc=53.14% val_f1=0.2313 | test_acc=54.78% test_f1=0.2359
Epoch 004 | train_loss=1.1158 | val_acc=53.14% val_f1=0.2313 | test_acc=54.78% test_f1=0.2359
Epoch 005 | train_loss=1.1134 | val_acc=53.14% val_f1=0.2313 | test_acc=54.78% test_f1=0.2359
Epoch 006 | train_loss=1.1083 | val_acc=53.14% val_f1=0.2313 | test_acc=54.78% test_f1=0.2359
Epoch 007 | train_loss=1.1055 | val_acc=53.14% val_f1=0.2313 | test_acc=54.78% test_f1=0.2359
Epoch 008 | train_loss=1.0998 | val_acc=58.29% val_f1=0.3618 | test_acc=54.78% test_f1=0.2359
Epoch 009 | train_loss=1.0929 | val_acc=75.43% val_f1=0.5941 | test_acc=72.19% test_f1=0.5611
Epoch 010 | train_loss=1.0856 | val_acc=76.00% val_f1=0.5647 | test_acc=76.69% test_f1=0.6051
Epoch 011 | train_loss=1.0736 | val_acc=74.86% val_f1=0.5502 | test_acc=76.69% test_f1=0.5857
Epoch 012 | train_loss=1.0620 | val_acc=73.14% val_f1=0.5345 | test_acc=76.69% test_f1=0.5765
Epoch 013 | train_loss=1.0421 | val_acc=76.00% val_f1=0.6516 | test_acc=81.46% test_f1=0.7164
Epoch 014 | train_loss=1.0136 | val_acc=66.29% val_f1=0.6172 | test_acc=85.11% test_f1=0.8252
Epoch 015 | train_loss=0.9793 | val_acc=49.71% val_f1=0.5010 | test_acc=75.28% test_f1=0.7512
Epoch 016 | train_loss=0.9364 | val_acc=42.86% val_f1=0.4404 | test_acc=73.60% test_f1=0.7400
Epoch 017 | train_loss=0.9092 | val_acc=42.86% val_f1=0.4404 | test_acc=75.00% test_f1=0.7592
Epoch 018 | train_loss=0.8752 | val_acc=45.71% val_f1=0.4674 | test_acc=76.69% test_f1=0.7790
Epoch 019 | train_loss=0.8337 | val_acc=50.29% val_f1=0.5170 | test_acc=79.49% test_f1=0.8080
Epoch 020 | train_loss=0.7890 | val_acc=53.71% val_f1=0.5476 | test_acc=82.30% test_f1=0.8372
Epoch 021 | train_loss=0.7502 | val_acc=57.14% val_f1=0.5858 | test_acc=82.87% test_f1=0.8435
Epoch 022 | train_loss=0.7258 | val_acc=59.43% val_f1=0.6167 | test_acc=82.87% test_f1=0.8452
Epoch 023 | train_loss=0.6991 | val_acc=57.71% val_f1=0.6058 | test_acc=80.34% test_f1=0.8210
Epoch 024 | train_loss=0.6635 | val_acc=54.29% val_f1=0.5766 | test_acc=77.81% test_f1=0.8017
Epoch 025 | train_loss=0.6488 | val_acc=51.43% val_f1=0.5507 | test_acc=73.60% test_f1=0.7652
Epoch 026 | train_loss=0.5990 | val_acc=49.71% val_f1=0.5325 | test_acc=66.01% test_f1=0.6996
Epoch 027 | train_loss=0.5781 | val_acc=48.00% val_f1=0.5113 | test_acc=52.25% test_f1=0.5760
Epoch 028 | train_loss=0.5388 | val_acc=47.43% val_f1=0.5029 | test_acc=42.13% test_f1=0.4625
Epoch 029 | train_loss=0.5021 | val_acc=46.29% val_f1=0.4864 | test_acc=37.36% test_f1=0.4029
Early stopping at epoch 29 (best=13, score=0.651618)
================================================================================
Best epoch: 13
Best score (val_macro_f1): 0.651618
Final test accuracy: 81.46%
Saved to: ablation_experiments/h1/results/comparison_18d_baselines/lstm/lstm_weld_seam_windows_ws5_tf75_pg0_h1_h64_l3_uni_do0.1_ep80_lr0.0001_wd0.0005_bs128_seed42
================================================================================
Comparison baseline | model=lstm
================================================================================
Dataset: /home/huang_kai/wind_turbine_phm/PHOENIX-main/autoencoder_benchmark/Data/processed_data/weld_seam_windows_ws5_tf75_pg0_h1.npz
Device: cuda
Train/Val/Test: 990 / 175 / 356
Epoch 001 | train_loss=1.0890 | val_acc=22.86% val_f1=0.1240 | test_acc=21.91% test_f1=0.1198
Epoch 002 | train_loss=1.0831 | val_acc=22.86% val_f1=0.1240 | test_acc=21.91% test_f1=0.1198
Epoch 003 | train_loss=1.0709 | val_acc=22.86% val_f1=0.1240 | test_acc=22.19% test_f1=0.1235
Epoch 004 | train_loss=1.0660 | val_acc=24.00% val_f1=0.1392 | test_acc=23.03% test_f1=0.1343
Epoch 005 | train_loss=1.0528 | val_acc=24.57% val_f1=0.1466 | test_acc=28.09% test_f1=0.1938
Epoch 006 | train_loss=1.0323 | val_acc=29.14% val_f1=0.2126 | test_acc=51.12% test_f1=0.4784
Epoch 007 | train_loss=1.0147 | val_acc=40.57% val_f1=0.4004 | test_acc=64.33% test_f1=0.6372
Epoch 008 | train_loss=0.9947 | val_acc=56.00% val_f1=0.5409 | test_acc=77.25% test_f1=0.7474
Epoch 009 | train_loss=0.9604 | val_acc=64.57% val_f1=0.6278 | test_acc=84.27% test_f1=0.8139
Epoch 010 | train_loss=0.9273 | val_acc=67.43% val_f1=0.6566 | test_acc=88.48% test_f1=0.8578
Epoch 011 | train_loss=0.8834 | val_acc=68.57% val_f1=0.6698 | test_acc=91.85% test_f1=0.8950
Epoch 012 | train_loss=0.8473 | val_acc=71.43% val_f1=0.6947 | test_acc=93.82% test_f1=0.9197
Epoch 013 | train_loss=0.7815 | val_acc=74.29% val_f1=0.7200 | test_acc=94.38% test_f1=0.9281
Epoch 014 | train_loss=0.7321 | val_acc=76.57% val_f1=0.7484 | test_acc=95.79% test_f1=0.9488
Epoch 015 | train_loss=0.6898 | val_acc=79.43% val_f1=0.7845 | test_acc=96.35% test_f1=0.9545
Epoch 016 | train_loss=0.6278 | val_acc=80.00% val_f1=0.7923 | test_acc=96.07% test_f1=0.9507
Epoch 017 | train_loss=0.5857 | val_acc=82.29% val_f1=0.8203 | test_acc=94.94% test_f1=0.9344
Epoch 018 | train_loss=0.5200 | val_acc=84.00% val_f1=0.8406 | test_acc=94.94% test_f1=0.9311
Epoch 019 | train_loss=0.4795 | val_acc=86.29% val_f1=0.8658 | test_acc=94.10% test_f1=0.9165
Epoch 020 | train_loss=0.4373 | val_acc=88.57% val_f1=0.8923 | test_acc=91.85% test_f1=0.8812
Epoch 021 | train_loss=0.4077 | val_acc=89.14% val_f1=0.8971 | test_acc=91.85% test_f1=0.8767
Epoch 022 | train_loss=0.3768 | val_acc=90.29% val_f1=0.9070 | test_acc=91.29% test_f1=0.8649
Epoch 023 | train_loss=0.3022 | val_acc=90.86% val_f1=0.9132 | test_acc=91.85% test_f1=0.8743
Epoch 024 | train_loss=0.2890 | val_acc=91.43% val_f1=0.9181 | test_acc=92.13% test_f1=0.8790
Epoch 025 | train_loss=0.2955 | val_acc=90.86% val_f1=0.9110 | test_acc=91.85% test_f1=0.8743
Epoch 026 | train_loss=0.2442 | val_acc=91.43% val_f1=0.9159 | test_acc=91.57% test_f1=0.8715
Epoch 027 | train_loss=0.2442 | val_acc=92.00% val_f1=0.9231 | test_acc=91.85% test_f1=0.8761
Epoch 028 | train_loss=0.2099 | val_acc=91.43% val_f1=0.9159 | test_acc=91.01% test_f1=0.8621
Epoch 029 | train_loss=0.2066 | val_acc=92.57% val_f1=0.9258 | test_acc=89.89% test_f1=0.8427
Epoch 030 | train_loss=0.2046 | val_acc=93.71% val_f1=0.9359 | test_acc=91.57% test_f1=0.8715
Epoch 031 | train_loss=0.1835 | val_acc=94.86% val_f1=0.9508 | test_acc=92.42% test_f1=0.8871
Epoch 032 | train_loss=0.1735 | val_acc=94.86% val_f1=0.9508 | test_acc=92.13% test_f1=0.8825
Epoch 033 | train_loss=0.1590 | val_acc=94.29% val_f1=0.9434 | test_acc=91.01% test_f1=0.8676
Epoch 034 | train_loss=0.1470 | val_acc=94.86% val_f1=0.9485 | test_acc=91.01% test_f1=0.8676
Epoch 035 | train_loss=0.1346 | val_acc=94.86% val_f1=0.9485 | test_acc=89.33% test_f1=0.8430
Epoch 036 | train_loss=0.1404 | val_acc=96.00% val_f1=0.9613 | test_acc=90.17% test_f1=0.8605
Epoch 037 | train_loss=0.1217 | val_acc=97.14% val_f1=0.9721 | test_acc=91.01% test_f1=0.8756
Epoch 038 | train_loss=0.1217 | val_acc=97.71% val_f1=0.9775 | test_acc=89.61% test_f1=0.8545
Epoch 039 | train_loss=0.1108 | val_acc=97.14% val_f1=0.9697 | test_acc=89.33% test_f1=0.8499
Epoch 040 | train_loss=0.0971 | val_acc=97.14% val_f1=0.9697 | test_acc=89.33% test_f1=0.8499
Epoch 041 | train_loss=0.1122 | val_acc=97.71% val_f1=0.9775 | test_acc=90.17% test_f1=0.8636
Epoch 042 | train_loss=0.1034 | val_acc=97.71% val_f1=0.9775 | test_acc=90.17% test_f1=0.8665
Epoch 043 | train_loss=0.0917 | val_acc=97.71% val_f1=0.9775 | test_acc=89.89% test_f1=0.8620
Epoch 044 | train_loss=0.0951 | val_acc=97.14% val_f1=0.9717 | test_acc=90.17% test_f1=0.8665
Epoch 045 | train_loss=0.0743 | val_acc=97.14% val_f1=0.9717 | test_acc=89.33% test_f1=0.8530
Epoch 046 | train_loss=0.0807 | val_acc=97.71% val_f1=0.9772 | test_acc=89.89% test_f1=0.8620
Epoch 047 | train_loss=0.0748 | val_acc=97.71% val_f1=0.9772 | test_acc=90.17% test_f1=0.8665
Epoch 048 | train_loss=0.0793 | val_acc=97.71% val_f1=0.9772 | test_acc=90.17% test_f1=0.8665
Epoch 049 | train_loss=0.0740 | val_acc=97.71% val_f1=0.9772 | test_acc=90.17% test_f1=0.8665
Epoch 050 | train_loss=0.0703 | val_acc=97.71% val_f1=0.9772 | test_acc=90.17% test_f1=0.8665
Epoch 051 | train_loss=0.0712 | val_acc=97.71% val_f1=0.9772 | test_acc=90.17% test_f1=0.8665
Epoch 052 | train_loss=0.0617 | val_acc=97.71% val_f1=0.9772 | test_acc=89.89% test_f1=0.8634
Epoch 053 | train_loss=0.0677 | val_acc=97.71% val_f1=0.9772 | test_acc=89.61% test_f1=0.8590
Epoch 054 | train_loss=0.0578 | val_acc=98.29% val_f1=0.9828 | test_acc=89.61% test_f1=0.8590
Epoch 055 | train_loss=0.0554 | val_acc=98.29% val_f1=0.9828 | test_acc=89.89% test_f1=0.8634
Epoch 056 | train_loss=0.0549 | val_acc=98.29% val_f1=0.9828 | test_acc=89.89% test_f1=0.8634
Epoch 057 | train_loss=0.0565 | val_acc=98.29% val_f1=0.9828 | test_acc=89.89% test_f1=0.8634
Epoch 058 | train_loss=0.0596 | val_acc=98.29% val_f1=0.9828 | test_acc=89.89% test_f1=0.8634
Epoch 059 | train_loss=0.0530 | val_acc=98.86% val_f1=0.9885 | test_acc=89.89% test_f1=0.8634
Epoch 060 | train_loss=0.0492 | val_acc=98.86% val_f1=0.9885 | test_acc=89.89% test_f1=0.8634
Epoch 061 | train_loss=0.0463 | val_acc=98.86% val_f1=0.9885 | test_acc=89.89% test_f1=0.8634
Epoch 062 | train_loss=0.0582 | val_acc=98.86% val_f1=0.9885 | test_acc=89.89% test_f1=0.8634
Epoch 063 | train_loss=0.0481 | val_acc=98.86% val_f1=0.9885 | test_acc=89.33% test_f1=0.8559
Epoch 064 | train_loss=0.0579 | val_acc=98.86% val_f1=0.9885 | test_acc=89.33% test_f1=0.8559
Epoch 065 | train_loss=0.0499 | val_acc=98.86% val_f1=0.9885 | test_acc=89.61% test_f1=0.8603
Epoch 066 | train_loss=0.0546 | val_acc=98.86% val_f1=0.9885 | test_acc=89.61% test_f1=0.8603
Epoch 067 | train_loss=0.0494 | val_acc=98.86% val_f1=0.9885 | test_acc=89.61% test_f1=0.8603
Epoch 068 | train_loss=0.0489 | val_acc=98.86% val_f1=0.9885 | test_acc=89.33% test_f1=0.8572
Epoch 069 | train_loss=0.0484 | val_acc=98.86% val_f1=0.9885 | test_acc=89.33% test_f1=0.8572
Epoch 070 | train_loss=0.0470 | val_acc=98.86% val_f1=0.9885 | test_acc=89.33% test_f1=0.8572
Epoch 071 | train_loss=0.0587 | val_acc=98.86% val_f1=0.9885 | test_acc=89.33% test_f1=0.8572
Epoch 072 | train_loss=0.0507 | val_acc=98.86% val_f1=0.9885 | test_acc=89.33% test_f1=0.8572
Epoch 073 | train_loss=0.0454 | val_acc=98.86% val_f1=0.9885 | test_acc=89.33% test_f1=0.8572
Epoch 074 | train_loss=0.0523 | val_acc=98.86% val_f1=0.9885 | test_acc=89.33% test_f1=0.8572
Epoch 075 | train_loss=0.0483 | val_acc=98.86% val_f1=0.9885 | test_acc=89.33% test_f1=0.8572
Early stopping at epoch 75 (best=59, score=0.988479)
================================================================================
Best epoch: 59
Best score (val_macro_f1): 0.988479
Final test accuracy: 89.89%
Saved to: ablation_experiments/h1/results/comparison_18d_baselines/lstm/lstm_weld_seam_windows_ws5_tf75_pg0_h1_h64_l2_bi_do0.3_ep80_lr0.0001_wd1e-05_bs128_seed14
================================================================================
Comparison baseline | model=lstm
================================================================================
Dataset: /home/huang_kai/wind_turbine_phm/PHOENIX-main/autoencoder_benchmark/Data/processed_data/weld_seam_windows_ws5_tf75_pg0_h1.npz
Device: cuda
Train/Val/Test: 990 / 175 / 356
Epoch 001 | train_loss=1.0707 | val_acc=37.71% val_f1=0.3832 | test_acc=43.54% test_f1=0.4656
Epoch 002 | train_loss=1.0259 | val_acc=37.71% val_f1=0.3791 | test_acc=42.98% test_f1=0.4587
Epoch 003 | train_loss=0.8956 | val_acc=34.86% val_f1=0.3498 | test_acc=42.98% test_f1=0.4587
Epoch 004 | train_loss=0.7243 | val_acc=44.00% val_f1=0.4620 | test_acc=51.97% test_f1=0.5716
Epoch 005 | train_loss=0.5305 | val_acc=79.43% val_f1=0.8154 | test_acc=85.96% test_f1=0.8207
Epoch 006 | train_loss=0.3481 | val_acc=88.57% val_f1=0.8938 | test_acc=89.33% test_f1=0.8436
Epoch 007 | train_loss=0.2297 | val_acc=92.00% val_f1=0.9231 | test_acc=90.45% test_f1=0.8545
Epoch 008 | train_loss=0.1408 | val_acc=96.00% val_f1=0.9590 | test_acc=85.11% test_f1=0.7828
Epoch 009 | train_loss=0.1119 | val_acc=96.57% val_f1=0.9644 | test_acc=91.01% test_f1=0.8810
Epoch 010 | train_loss=0.0884 | val_acc=94.86% val_f1=0.9485 | test_acc=88.48% test_f1=0.8408
Epoch 011 | train_loss=0.0642 | val_acc=96.57% val_f1=0.9644 | test_acc=85.96% test_f1=0.7998
Epoch 012 | train_loss=0.0759 | val_acc=97.71% val_f1=0.9749 | test_acc=91.57% test_f1=0.8920
Epoch 013 | train_loss=0.0438 | val_acc=97.71% val_f1=0.9752 | test_acc=82.87% test_f1=0.7425
Epoch 014 | train_loss=0.0392 | val_acc=97.14% val_f1=0.9697 | test_acc=88.48% test_f1=0.8423
Epoch 015 | train_loss=0.0331 | val_acc=97.71% val_f1=0.9752 | test_acc=85.39% test_f1=0.7937
Epoch 016 | train_loss=0.0194 | val_acc=98.29% val_f1=0.9804 | test_acc=84.27% test_f1=0.7912
Epoch 017 | train_loss=0.0151 | val_acc=98.86% val_f1=0.9885 | test_acc=84.83% test_f1=0.8053
Epoch 018 | train_loss=0.0288 | val_acc=98.29% val_f1=0.9804 | test_acc=80.06% test_f1=0.7236
Epoch 019 | train_loss=0.0200 | val_acc=98.86% val_f1=0.9885 | test_acc=87.64% test_f1=0.8443
Epoch 020 | train_loss=0.0320 | val_acc=97.71% val_f1=0.9749 | test_acc=82.30% test_f1=0.7584
Epoch 021 | train_loss=0.0239 | val_acc=98.29% val_f1=0.9830 | test_acc=87.08% test_f1=0.8303
Epoch 022 | train_loss=0.0114 | val_acc=98.86% val_f1=0.9862 | test_acc=83.43% test_f1=0.7746
Epoch 023 | train_loss=0.0101 | val_acc=99.43% val_f1=0.9943 | test_acc=86.24% test_f1=0.8213
Epoch 024 | train_loss=0.0213 | val_acc=98.86% val_f1=0.9885 | test_acc=82.87% test_f1=0.7756
Epoch 025 | train_loss=0.0196 | val_acc=98.86% val_f1=0.9885 | test_acc=78.93% test_f1=0.7182
Epoch 026 | train_loss=0.0347 | val_acc=99.43% val_f1=0.9943 | test_acc=83.99% test_f1=0.7899
Epoch 027 | train_loss=0.0168 | val_acc=99.43% val_f1=0.9943 | test_acc=82.02% test_f1=0.7578
Epoch 028 | train_loss=0.0098 | val_acc=99.43% val_f1=0.9943 | test_acc=81.74% test_f1=0.7544
Epoch 029 | train_loss=0.0234 | val_acc=99.43% val_f1=0.9943 | test_acc=82.02% test_f1=0.7590
Epoch 030 | train_loss=0.0137 | val_acc=98.86% val_f1=0.9885 | test_acc=80.06% test_f1=0.7296
Epoch 031 | train_loss=0.0136 | val_acc=99.43% val_f1=0.9943 | test_acc=81.18% test_f1=0.7474
Epoch 032 | train_loss=0.0328 | val_acc=99.43% val_f1=0.9943 | test_acc=82.30% test_f1=0.7676
Epoch 033 | train_loss=0.0094 | val_acc=99.43% val_f1=0.9943 | test_acc=80.90% test_f1=0.7438
Epoch 034 | train_loss=0.0065 | val_acc=99.43% val_f1=0.9943 | test_acc=81.18% test_f1=0.7474
Epoch 035 | train_loss=0.0136 | val_acc=99.43% val_f1=0.9943 | test_acc=80.06% test_f1=0.7282
Epoch 036 | train_loss=0.0085 | val_acc=99.43% val_f1=0.9943 | test_acc=81.18% test_f1=0.7474
Epoch 037 | train_loss=0.0136 | val_acc=99.43% val_f1=0.9943 | test_acc=78.09% test_f1=0.6993
Epoch 038 | train_loss=0.0143 | val_acc=99.43% val_f1=0.9943 | test_acc=80.06% test_f1=0.7308
Epoch 039 | train_loss=0.0120 | val_acc=99.43% val_f1=0.9943 | test_acc=80.62% test_f1=0.7379
Early stopping at epoch 39 (best=23, score=0.994277)
================================================================================
Best epoch: 23
Best score (val_macro_f1): 0.994277
Final test accuracy: 86.24%
Saved to: ablation_experiments/h1/results/comparison_18d_baselines/lstm/lstm_weld_seam_windows_ws5_tf75_pg0_h1_h64_l2_uni_do0.3_ep80_lr0.0003_wd0.0002_bs64_seed42
================================================================================
Comparison baseline | model=lstm
================================================================================
Dataset: /home/huang_kai/wind_turbine_phm/PHOENIX-main/autoencoder_benchmark/Data/processed_data/weld_seam_windows_ws5_tf75_pg0_h1.npz
Device: cuda
Train/Val/Test: 990 / 175 / 356
Epoch 001 | train_loss=1.0832 | val_acc=70.86% val_f1=0.5201 | test_acc=76.69% test_f1=0.5846
Epoch 002 | train_loss=1.0485 | val_acc=81.71% val_f1=0.7184 | test_acc=80.90% test_f1=0.6878
Epoch 003 | train_loss=1.0174 | val_acc=83.43% val_f1=0.7802 | test_acc=87.64% test_f1=0.8286
Epoch 004 | train_loss=0.9702 | val_acc=81.71% val_f1=0.7700 | test_acc=90.17% test_f1=0.8717
Epoch 005 | train_loss=0.9315 | val_acc=81.14% val_f1=0.7694 | test_acc=92.70% test_f1=0.9066
Epoch 006 | train_loss=0.8804 | val_acc=82.29% val_f1=0.7865 | test_acc=94.38% test_f1=0.9301
Epoch 007 | train_loss=0.8004 | val_acc=82.29% val_f1=0.7865 | test_acc=94.94% test_f1=0.9359
Epoch 008 | train_loss=0.7424 | val_acc=82.86% val_f1=0.7950 | test_acc=95.79% test_f1=0.9442
Epoch 009 | train_loss=0.6906 | val_acc=84.00% val_f1=0.8083 | test_acc=95.79% test_f1=0.9444
Epoch 010 | train_loss=0.6316 | val_acc=85.14% val_f1=0.8249 | test_acc=94.94% test_f1=0.9325
Epoch 011 | train_loss=0.5604 | val_acc=86.29% val_f1=0.8413 | test_acc=94.10% test_f1=0.9201
Epoch 012 | train_loss=0.5206 | val_acc=87.43% val_f1=0.8575 | test_acc=93.54% test_f1=0.9099
Epoch 013 | train_loss=0.4517 | val_acc=87.43% val_f1=0.8584 | test_acc=89.89% test_f1=0.8520
Epoch 014 | train_loss=0.4136 | val_acc=86.86% val_f1=0.8520 | test_acc=90.73% test_f1=0.8658
Epoch 015 | train_loss=0.3825 | val_acc=88.00% val_f1=0.8671 | test_acc=91.57% test_f1=0.8793
Epoch 016 | train_loss=0.3392 | val_acc=89.71% val_f1=0.8892 | test_acc=90.45% test_f1=0.8600
Epoch 017 | train_loss=0.3147 | val_acc=90.29% val_f1=0.8942 | test_acc=89.89% test_f1=0.8500
Epoch 018 | train_loss=0.2844 | val_acc=91.43% val_f1=0.9074 | test_acc=88.48% test_f1=0.8277
Epoch 019 | train_loss=0.2552 | val_acc=92.00% val_f1=0.9125 | test_acc=90.17% test_f1=0.8559
Epoch 020 | train_loss=0.2221 | val_acc=92.57% val_f1=0.9199 | test_acc=90.17% test_f1=0.8577
Epoch 021 | train_loss=0.1955 | val_acc=93.71% val_f1=0.9361 | test_acc=89.33% test_f1=0.8448
Epoch 022 | train_loss=0.1820 | val_acc=93.14% val_f1=0.9287 | test_acc=85.67% test_f1=0.7865
Epoch 023 | train_loss=0.1873 | val_acc=96.00% val_f1=0.9576 | test_acc=87.64% test_f1=0.8234
Epoch 024 | train_loss=0.1592 | val_acc=96.57% val_f1=0.9659 | test_acc=87.36% test_f1=0.8186
Epoch 025 | train_loss=0.1577 | val_acc=96.57% val_f1=0.9659 | test_acc=86.80% test_f1=0.8088
Epoch 026 | train_loss=0.1332 | val_acc=96.00% val_f1=0.9576 | test_acc=88.76% test_f1=0.8439
Epoch 027 | train_loss=0.1383 | val_acc=97.71% val_f1=0.9772 | test_acc=88.76% test_f1=0.8439
Epoch 028 | train_loss=0.1246 | val_acc=97.71% val_f1=0.9772 | test_acc=87.36% test_f1=0.8221
Epoch 029 | train_loss=0.1248 | val_acc=97.71% val_f1=0.9772 | test_acc=86.52% test_f1=0.8077
Epoch 030 | train_loss=0.1052 | val_acc=97.71% val_f1=0.9772 | test_acc=86.52% test_f1=0.8077
Epoch 031 | train_loss=0.0905 | val_acc=97.71% val_f1=0.9772 | test_acc=85.39% test_f1=0.7879
Epoch 032 | train_loss=0.0981 | val_acc=97.71% val_f1=0.9772 | test_acc=86.24% test_f1=0.8028
Epoch 033 | train_loss=0.0847 | val_acc=97.71% val_f1=0.9772 | test_acc=86.80% test_f1=0.8126
Epoch 034 | train_loss=0.0846 | val_acc=97.71% val_f1=0.9772 | test_acc=87.64% test_f1=0.8269
Epoch 035 | train_loss=0.0878 | val_acc=97.71% val_f1=0.9772 | test_acc=87.64% test_f1=0.8269
Epoch 036 | train_loss=0.0723 | val_acc=97.71% val_f1=0.9772 | test_acc=87.36% test_f1=0.8221
Epoch 037 | train_loss=0.0783 | val_acc=97.71% val_f1=0.9772 | test_acc=87.92% test_f1=0.8316
Epoch 038 | train_loss=0.0679 | val_acc=97.71% val_f1=0.9772 | test_acc=87.64% test_f1=0.8269
Epoch 039 | train_loss=0.0676 | val_acc=97.71% val_f1=0.9772 | test_acc=87.64% test_f1=0.8269
Epoch 040 | train_loss=0.0733 | val_acc=97.71% val_f1=0.9772 | test_acc=87.64% test_f1=0.8269
Epoch 041 | train_loss=0.0543 | val_acc=97.71% val_f1=0.9772 | test_acc=86.52% test_f1=0.8077
Epoch 042 | train_loss=0.0603 | val_acc=97.71% val_f1=0.9772 | test_acc=86.52% test_f1=0.8077
Epoch 043 | train_loss=0.0576 | val_acc=97.71% val_f1=0.9772 | test_acc=86.52% test_f1=0.8077
Early stopping at epoch 43 (best=27, score=0.977250)
================================================================================
Best epoch: 27
Best score (val_macro_f1): 0.977250
Final test accuracy: 88.76%
Saved to: ablation_experiments/h1/results/comparison_18d_baselines/lstm/lstm_weld_seam_windows_ws5_tf75_pg0_h1_h64_l1_bi_do0.3_ep80_lr0.0001_wd0.0001_bs64_seed183
================================================================================
Comparison baseline | model=lstm
================================================================================
Dataset: /home/huang_kai/wind_turbine_phm/PHOENIX-main/autoencoder_benchmark/Data/processed_data/weld_seam_windows_ws5_tf75_pg0_h1.npz
Device: cuda
Train/Val/Test: 990 / 175 / 356
Epoch 001 | train_loss=1.0965 | val_acc=95.43% val_f1=0.9488 | test_acc=79.78% test_f1=0.6769
Epoch 002 | train_loss=1.0213 | val_acc=64.00% val_f1=0.6287 | test_acc=83.71% test_f1=0.8350
Epoch 003 | train_loss=0.8173 | val_acc=78.29% val_f1=0.7340 | test_acc=94.38% test_f1=0.9232
Epoch 004 | train_loss=0.6584 | val_acc=90.29% val_f1=0.9011 | test_acc=95.22% test_f1=0.9299
Epoch 005 | train_loss=0.4642 | val_acc=88.57% val_f1=0.8901 | test_acc=86.24% test_f1=0.7913
Epoch 006 | train_loss=0.3039 | val_acc=91.43% val_f1=0.9159 | test_acc=92.42% test_f1=0.8854
Epoch 007 | train_loss=0.2041 | val_acc=93.14% val_f1=0.9308 | test_acc=89.89% test_f1=0.8524
Epoch 008 | train_loss=0.1504 | val_acc=95.43% val_f1=0.9514 | test_acc=90.17% test_f1=0.8679
Epoch 009 | train_loss=0.1265 | val_acc=98.29% val_f1=0.9782 | test_acc=81.46% test_f1=0.7453
Epoch 010 | train_loss=0.0807 | val_acc=98.29% val_f1=0.9782 | test_acc=86.52% test_f1=0.8175
Epoch 011 | train_loss=0.0583 | val_acc=97.71% val_f1=0.9752 | test_acc=88.20% test_f1=0.8392
Epoch 012 | train_loss=0.0434 | val_acc=98.29% val_f1=0.9782 | test_acc=84.83% test_f1=0.7979
Epoch 013 | train_loss=0.0368 | val_acc=99.43% val_f1=0.9943 | test_acc=88.76% test_f1=0.8564
Epoch 014 | train_loss=0.0334 | val_acc=99.43% val_f1=0.9943 | test_acc=85.11% test_f1=0.8025
Epoch 015 | train_loss=0.0302 | val_acc=98.29% val_f1=0.9782 | test_acc=82.87% test_f1=0.7706
Epoch 016 | train_loss=0.0280 | val_acc=97.71% val_f1=0.9724 | test_acc=81.46% test_f1=0.7483
Epoch 017 | train_loss=0.0245 | val_acc=98.86% val_f1=0.9885 | test_acc=82.02% test_f1=0.7646
Epoch 018 | train_loss=0.0187 | val_acc=99.43% val_f1=0.9943 | test_acc=84.27% test_f1=0.7859
Epoch 019 | train_loss=0.0270 | val_acc=98.86% val_f1=0.9885 | test_acc=82.87% test_f1=0.7770
Epoch 020 | train_loss=0.0178 | val_acc=99.43% val_f1=0.9943 | test_acc=83.43% test_f1=0.7774
Epoch 021 | train_loss=0.0112 | val_acc=98.86% val_f1=0.9862 | test_acc=81.74% test_f1=0.7434
Epoch 022 | train_loss=0.0277 | val_acc=99.43% val_f1=0.9943 | test_acc=84.27% test_f1=0.7933
Epoch 023 | train_loss=0.0181 | val_acc=99.43% val_f1=0.9943 | test_acc=84.27% test_f1=0.7933
Epoch 024 | train_loss=0.0198 | val_acc=98.86% val_f1=0.9862 | test_acc=80.90% test_f1=0.7386
Epoch 025 | train_loss=0.0203 | val_acc=99.43% val_f1=0.9943 | test_acc=80.62% test_f1=0.7366
Epoch 026 | train_loss=0.0188 | val_acc=99.43% val_f1=0.9943 | test_acc=84.83% test_f1=0.8039
Epoch 027 | train_loss=0.0278 | val_acc=99.43% val_f1=0.9943 | test_acc=81.18% test_f1=0.7435
Epoch 028 | train_loss=0.0188 | val_acc=99.43% val_f1=0.9943 | test_acc=83.43% test_f1=0.7844
Epoch 029 | train_loss=0.0155 | val_acc=98.86% val_f1=0.9862 | test_acc=78.09% test_f1=0.6963
Early stopping at epoch 29 (best=13, score=0.994277)
================================================================================
Best epoch: 13
Best score (val_macro_f1): 0.994277
Final test accuracy: 88.76%
Saved to: ablation_experiments/h1/results/comparison_18d_baselines/lstm/lstm_weld_seam_windows_ws5_tf75_pg0_h1_h128_l2_uni_do0.3_ep80_lr0.0003_wd1e-05_bs64_seed14
================================================================================
Comparison baseline | model=lstm
================================================================================
Dataset: /home/huang_kai/wind_turbine_phm/PHOENIX-main/autoencoder_benchmark/Data/processed_data/weld_seam_windows_ws5_tf75_pg0_h1.npz
Device: cuda
Train/Val/Test: 990 / 175 / 356
Epoch 001 | train_loss=1.1001 | val_acc=22.86% val_f1=0.1240 | test_acc=21.91% test_f1=0.1198
Epoch 002 | train_loss=1.0828 | val_acc=22.86% val_f1=0.1240 | test_acc=21.91% test_f1=0.1198
Epoch 003 | train_loss=1.0767 | val_acc=22.86% val_f1=0.1240 | test_acc=21.91% test_f1=0.1198
Epoch 004 | train_loss=1.0663 | val_acc=22.86% val_f1=0.1240 | test_acc=21.91% test_f1=0.1198
Epoch 005 | train_loss=1.0498 | val_acc=22.86% val_f1=0.1240 | test_acc=21.91% test_f1=0.1198
Epoch 006 | train_loss=1.0300 | val_acc=22.86% val_f1=0.1240 | test_acc=21.91% test_f1=0.1198
Epoch 007 | train_loss=0.9988 | val_acc=24.00% val_f1=0.1392 | test_acc=24.44% test_f1=0.1518
Epoch 008 | train_loss=0.9551 | val_acc=26.86% val_f1=0.1749 | test_acc=48.31% test_f1=0.3698
Epoch 009 | train_loss=0.9260 | val_acc=46.29% val_f1=0.3572 | test_acc=52.81% test_f1=0.4009
Epoch 010 | train_loss=0.8476 | val_acc=62.86% val_f1=0.4834 | test_acc=64.04% test_f1=0.5110
Epoch 011 | train_loss=0.7923 | val_acc=72.00% val_f1=0.5883 | test_acc=80.06% test_f1=0.7120
Epoch 012 | train_loss=0.7493 | val_acc=76.00% val_f1=0.6516 | test_acc=89.33% test_f1=0.8456
Epoch 013 | train_loss=0.7107 | val_acc=82.29% val_f1=0.7617 | test_acc=91.85% test_f1=0.8867
Epoch 014 | train_loss=0.6419 | val_acc=89.71% val_f1=0.8598 | test_acc=94.66% test_f1=0.9327
Epoch 015 | train_loss=0.5969 | val_acc=91.43% val_f1=0.8858 | test_acc=93.26% test_f1=0.9152
Epoch 016 | train_loss=0.5451 | val_acc=93.14% val_f1=0.9112 | test_acc=91.01% test_f1=0.8832
Epoch 017 | train_loss=0.4889 | val_acc=94.29% val_f1=0.9278 | test_acc=90.73% test_f1=0.8766
Epoch 018 | train_loss=0.4226 | val_acc=97.14% val_f1=0.9668 | test_acc=88.20% test_f1=0.8362
Epoch 019 | train_loss=0.3605 | val_acc=96.57% val_f1=0.9613 | test_acc=87.92% test_f1=0.8316
Epoch 020 | train_loss=0.3041 | val_acc=97.71% val_f1=0.9775 | test_acc=85.11% test_f1=0.7828
Epoch 021 | train_loss=0.2790 | val_acc=98.86% val_f1=0.9886 | test_acc=87.08% test_f1=0.8174
Epoch 022 | train_loss=0.2156 | val_acc=98.86% val_f1=0.9886 | test_acc=86.52% test_f1=0.8095
Epoch 023 | train_loss=0.1913 | val_acc=98.86% val_f1=0.9886 | test_acc=85.11% test_f1=0.7868
Epoch 024 | train_loss=0.1758 | val_acc=98.86% val_f1=0.9886 | test_acc=87.36% test_f1=0.8269
Epoch 025 | train_loss=0.1722 | val_acc=98.86% val_f1=0.9886 | test_acc=87.08% test_f1=0.8253
Epoch 026 | train_loss=0.1517 | val_acc=98.86% val_f1=0.9886 | test_acc=85.96% test_f1=0.8097
Epoch 027 | train_loss=0.1306 | val_acc=98.29% val_f1=0.9805 | test_acc=87.08% test_f1=0.8279
Epoch 028 | train_loss=0.1098 | val_acc=98.29% val_f1=0.9805 | test_acc=85.39% test_f1=0.8003
Epoch 029 | train_loss=0.1300 | val_acc=98.29% val_f1=0.9805 | test_acc=85.67% test_f1=0.8078
Epoch 030 | train_loss=0.1031 | val_acc=98.29% val_f1=0.9805 | test_acc=84.55% test_f1=0.7892
Epoch 031 | train_loss=0.0984 | val_acc=98.86% val_f1=0.9886 | test_acc=83.71% test_f1=0.7748
Epoch 032 | train_loss=0.0737 | val_acc=98.86% val_f1=0.9886 | test_acc=82.87% test_f1=0.7581
Epoch 033 | train_loss=0.0906 | val_acc=97.71% val_f1=0.9724 | test_acc=87.92% test_f1=0.8424
Epoch 034 | train_loss=0.0814 | val_acc=98.29% val_f1=0.9805 | test_acc=84.83% test_f1=0.7924
Epoch 035 | train_loss=0.0812 | val_acc=98.29% val_f1=0.9805 | test_acc=83.99% test_f1=0.7780
Epoch 036 | train_loss=0.0630 | val_acc=98.29% val_f1=0.9805 | test_acc=85.11% test_f1=0.7986
Epoch 037 | train_loss=0.0673 | val_acc=98.29% val_f1=0.9805 | test_acc=85.11% test_f1=0.8012
Early stopping at epoch 37 (best=21, score=0.988625)
================================================================================
Best epoch: 21
Best score (val_macro_f1): 0.988625
Final test accuracy: 87.08%
Saved to: ablation_experiments/h1/results/comparison_18d_baselines/lstm/lstm_weld_seam_windows_ws5_tf75_pg0_h1_h64_l2_uni_do0.3_ep80_lr0.0002_wd0.0005_bs128_seed77
================================================================================
Comparison baseline | model=lstm
================================================================================
Dataset: /home/huang_kai/wind_turbine_phm/PHOENIX-main/autoencoder_benchmark/Data/processed_data/weld_seam_windows_ws5_tf75_pg0_h1.npz
Device: cuda
Train/Val/Test: 990 / 175 / 356
Epoch 001 | train_loss=1.0700 | val_acc=22.86% val_f1=0.1240 | test_acc=21.91% test_f1=0.1198
Epoch 002 | train_loss=1.0583 | val_acc=22.86% val_f1=0.1240 | test_acc=21.91% test_f1=0.1198
Epoch 003 | train_loss=1.0503 | val_acc=22.86% val_f1=0.1240 | test_acc=21.91% test_f1=0.1198
Epoch 004 | train_loss=1.0154 | val_acc=22.86% val_f1=0.1240 | test_acc=21.91% test_f1=0.1198
Epoch 005 | train_loss=0.9763 | val_acc=22.86% val_f1=0.1240 | test_acc=21.91% test_f1=0.1198
Epoch 006 | train_loss=0.8965 | val_acc=41.71% val_f1=0.3336 | test_acc=55.62% test_f1=0.5032
Epoch 007 | train_loss=0.8105 | val_acc=73.14% val_f1=0.6010 | test_acc=89.89% test_f1=0.8632
Epoch 008 | train_loss=0.7203 | val_acc=80.57% val_f1=0.6920 | test_acc=90.45% test_f1=0.8704
Epoch 009 | train_loss=0.6538 | val_acc=86.86% val_f1=0.8024 | test_acc=84.55% test_f1=0.7907
Epoch 010 | train_loss=0.5737 | val_acc=91.43% val_f1=0.8788 | test_acc=83.43% test_f1=0.7760
Epoch 011 | train_loss=0.4922 | val_acc=97.71% val_f1=0.9739 | test_acc=87.64% test_f1=0.8465
Epoch 012 | train_loss=0.3863 | val_acc=98.86% val_f1=0.9885 | test_acc=89.61% test_f1=0.8629
Epoch 013 | train_loss=0.2505 | val_acc=98.86% val_f1=0.9885 | test_acc=89.04% test_f1=0.8528
Epoch 014 | train_loss=0.1640 | val_acc=97.71% val_f1=0.9772 | test_acc=89.89% test_f1=0.8673
Epoch 015 | train_loss=0.1351 | val_acc=98.86% val_f1=0.9885 | test_acc=90.45% test_f1=0.8791
Epoch 016 | train_loss=0.0931 | val_acc=98.86% val_f1=0.9885 | test_acc=87.64% test_f1=0.8380
Epoch 017 | train_loss=0.0768 | val_acc=98.29% val_f1=0.9803 | test_acc=89.61% test_f1=0.8683
Epoch 018 | train_loss=0.0694 | val_acc=98.29% val_f1=0.9803 | test_acc=89.33% test_f1=0.8649
Epoch 019 | train_loss=0.0932 | val_acc=98.86% val_f1=0.9861 | test_acc=90.45% test_f1=0.8809
Epoch 020 | train_loss=0.0627 | val_acc=99.43% val_f1=0.9943 | test_acc=89.04% test_f1=0.8597
Epoch 021 | train_loss=0.0422 | val_acc=98.29% val_f1=0.9805 | test_acc=90.45% test_f1=0.8800
Epoch 022 | train_loss=0.0329 | val_acc=98.86% val_f1=0.9886 | test_acc=86.80% test_f1=0.8269
Epoch 023 | train_loss=0.0403 | val_acc=98.86% val_f1=0.9886 | test_acc=85.67% test_f1=0.8102
Epoch 024 | train_loss=0.0392 | val_acc=98.29% val_f1=0.9805 | test_acc=89.89% test_f1=0.8742
Epoch 025 | train_loss=0.0275 | val_acc=99.43% val_f1=0.9943 | test_acc=86.24% test_f1=0.8166
Epoch 026 | train_loss=0.0220 | val_acc=98.86% val_f1=0.9861 | test_acc=90.45% test_f1=0.8826
Epoch 027 | train_loss=0.0216 | val_acc=99.43% val_f1=0.9943 | test_acc=87.08% test_f1=0.8324
Epoch 028 | train_loss=0.0146 | val_acc=99.43% val_f1=0.9943 | test_acc=87.64% test_f1=0.8411
Epoch 029 | train_loss=0.0197 | val_acc=99.43% val_f1=0.9943 | test_acc=89.89% test_f1=0.8734
Epoch 030 | train_loss=0.0186 | val_acc=99.43% val_f1=0.9943 | test_acc=88.76% test_f1=0.8583
Epoch 031 | train_loss=0.0082 | val_acc=100.00% val_f1=1.0000 | test_acc=86.52% test_f1=0.8293
Epoch 032 | train_loss=0.0148 | val_acc=100.00% val_f1=1.0000 | test_acc=87.08% test_f1=0.8370
Epoch 033 | train_loss=0.0092 | val_acc=98.86% val_f1=0.9861 | test_acc=87.64% test_f1=0.8439
Epoch 034 | train_loss=0.0108 | val_acc=99.43% val_f1=0.9919 | test_acc=88.20% test_f1=0.8531
Epoch 035 | train_loss=0.0106 | val_acc=99.43% val_f1=0.9919 | test_acc=88.48% test_f1=0.8579
Epoch 036 | train_loss=0.0077 | val_acc=99.43% val_f1=0.9919 | test_acc=87.36% test_f1=0.8436
Epoch 037 | train_loss=0.0102 | val_acc=100.00% val_f1=1.0000 | test_acc=85.96% test_f1=0.8229
Epoch 038 | train_loss=0.0079 | val_acc=99.43% val_f1=0.9919 | test_acc=87.08% test_f1=0.8395
Epoch 039 | train_loss=0.0079 | val_acc=99.43% val_f1=0.9919 | test_acc=88.20% test_f1=0.8550
Epoch 040 | train_loss=0.0081 | val_acc=99.43% val_f1=0.9919 | test_acc=87.92% test_f1=0.8502
Epoch 041 | train_loss=0.0079 | val_acc=100.00% val_f1=1.0000 | test_acc=85.96% test_f1=0.8229
Epoch 042 | train_loss=0.0073 | val_acc=100.00% val_f1=1.0000 | test_acc=85.96% test_f1=0.8210
Epoch 043 | train_loss=0.0069 | val_acc=99.43% val_f1=0.9919 | test_acc=87.92% test_f1=0.8502
Epoch 044 | train_loss=0.0073 | val_acc=99.43% val_f1=0.9919 | test_acc=87.64% test_f1=0.8473
Epoch 045 | train_loss=0.0062 | val_acc=99.43% val_f1=0.9919 | test_acc=88.20% test_f1=0.8550
Epoch 046 | train_loss=0.0066 | val_acc=99.43% val_f1=0.9919 | test_acc=87.64% test_f1=0.8477
Epoch 047 | train_loss=0.0041 | val_acc=99.43% val_f1=0.9919 | test_acc=87.64% test_f1=0.8465
Early stopping at epoch 47 (best=31, score=1.000000)
================================================================================
Best epoch: 31
Best score (val_macro_f1): 1.000000
Final test accuracy: 86.52%
Saved to: ablation_experiments/h1/results/comparison_18d_baselines/lstm/lstm_weld_seam_windows_ws5_tf75_pg0_h1_h64_l3_bi_do0.2_ep80_lr0.0002_wd0.0002_bs128_seed77
================================================================================
Comparison baseline | model=lstm
================================================================================
Dataset: /home/huang_kai/wind_turbine_phm/PHOENIX-main/autoencoder_benchmark/Data/processed_data/weld_seam_windows_ws5_tf75_pg0_h1.npz
Device: cuda
Train/Val/Test: 990 / 175 / 356
Epoch 001 | train_loss=1.0703 | val_acc=86.86% val_f1=0.8522 | test_acc=77.81% test_f1=0.6302
Epoch 002 | train_loss=0.9634 | val_acc=86.29% val_f1=0.8383 | test_acc=92.70% test_f1=0.9043
Epoch 003 | train_loss=0.8231 | val_acc=83.43% val_f1=0.7999 | test_acc=95.79% test_f1=0.9443
Epoch 004 | train_loss=0.6804 | val_acc=82.29% val_f1=0.7807 | test_acc=96.35% test_f1=0.9511
Epoch 005 | train_loss=0.5366 | val_acc=84.00% val_f1=0.8031 | test_acc=96.07% test_f1=0.9473
Epoch 006 | train_loss=0.4187 | val_acc=88.00% val_f1=0.8603 | test_acc=91.01% test_f1=0.8706
Epoch 007 | train_loss=0.3264 | val_acc=88.57% val_f1=0.8653 | test_acc=91.57% test_f1=0.8812
Epoch 008 | train_loss=0.2402 | val_acc=91.43% val_f1=0.9039 | test_acc=89.04% test_f1=0.8436
Epoch 009 | train_loss=0.1727 | val_acc=92.57% val_f1=0.9196 | test_acc=88.76% test_f1=0.8439
Epoch 010 | train_loss=0.1274 | val_acc=94.86% val_f1=0.9468 | test_acc=87.92% test_f1=0.8299
Epoch 011 | train_loss=0.1147 | val_acc=96.00% val_f1=0.9604 | test_acc=86.24% test_f1=0.8028
Epoch 012 | train_loss=0.0799 | val_acc=96.00% val_f1=0.9604 | test_acc=86.80% test_f1=0.8126
Epoch 013 | train_loss=0.0651 | val_acc=96.00% val_f1=0.9604 | test_acc=89.61% test_f1=0.8590
Epoch 014 | train_loss=0.0635 | val_acc=97.71% val_f1=0.9772 | test_acc=89.89% test_f1=0.8634
Epoch 015 | train_loss=0.0573 | val_acc=97.71% val_f1=0.9770 | test_acc=86.24% test_f1=0.8082
Epoch 016 | train_loss=0.0377 | val_acc=98.29% val_f1=0.9826 | test_acc=85.39% test_f1=0.8018
Epoch 017 | train_loss=0.0326 | val_acc=98.29% val_f1=0.9826 | test_acc=82.87% test_f1=0.7541
Epoch 018 | train_loss=0.0256 | val_acc=98.29% val_f1=0.9828 | test_acc=86.52% test_f1=0.8145
Epoch 019 | train_loss=0.0285 | val_acc=97.71% val_f1=0.9746 | test_acc=87.08% test_f1=0.8223
Epoch 020 | train_loss=0.0185 | val_acc=98.86% val_f1=0.9886 | test_acc=85.11% test_f1=0.7887
Epoch 021 | train_loss=0.0171 | val_acc=98.29% val_f1=0.9805 | test_acc=85.67% test_f1=0.8050
Epoch 022 | train_loss=0.0220 | val_acc=98.86% val_f1=0.9861 | test_acc=83.71% test_f1=0.7764
Epoch 023 | train_loss=0.0156 | val_acc=99.43% val_f1=0.9943 | test_acc=81.46% test_f1=0.7363
Epoch 024 | train_loss=0.0185 | val_acc=98.86% val_f1=0.9861 | test_acc=84.27% test_f1=0.7828
Epoch 025 | train_loss=0.0148 | val_acc=98.29% val_f1=0.9830 | test_acc=83.15% test_f1=0.7650
Epoch 026 | train_loss=0.0160 | val_acc=98.86% val_f1=0.9861 | test_acc=82.87% test_f1=0.7666
Epoch 027 | train_loss=0.0106 | val_acc=98.86% val_f1=0.9861 | test_acc=82.02% test_f1=0.7520
Epoch 028 | train_loss=0.0099 | val_acc=99.43% val_f1=0.9943 | test_acc=81.46% test_f1=0.7437
Epoch 029 | train_loss=0.0096 | val_acc=98.86% val_f1=0.9861 | test_acc=82.58% test_f1=0.7659
Epoch 030 | train_loss=0.0088 | val_acc=99.43% val_f1=0.9943 | test_acc=81.46% test_f1=0.7437
Epoch 031 | train_loss=0.0074 | val_acc=99.43% val_f1=0.9943 | test_acc=80.62% test_f1=0.7303
Epoch 032 | train_loss=0.0065 | val_acc=99.43% val_f1=0.9943 | test_acc=81.18% test_f1=0.7404
Epoch 033 | train_loss=0.0076 | val_acc=98.86% val_f1=0.9861 | test_acc=81.46% test_f1=0.7453
Epoch 034 | train_loss=0.0056 | val_acc=99.43% val_f1=0.9943 | test_acc=81.46% test_f1=0.7453
Epoch 035 | train_loss=0.0069 | val_acc=98.86% val_f1=0.9861 | test_acc=81.74% test_f1=0.7502
Epoch 036 | train_loss=0.0059 | val_acc=100.00% val_f1=1.0000 | test_acc=80.90% test_f1=0.7400
Epoch 037 | train_loss=0.0041 | val_acc=100.00% val_f1=1.0000 | test_acc=80.90% test_f1=0.7386
Epoch 038 | train_loss=0.0066 | val_acc=100.00% val_f1=1.0000 | test_acc=80.34% test_f1=0.7317
Epoch 039 | train_loss=0.0050 | val_acc=100.00% val_f1=1.0000 | test_acc=80.34% test_f1=0.7331
Epoch 040 | train_loss=0.0052 | val_acc=100.00% val_f1=1.0000 | test_acc=81.18% test_f1=0.7435
Epoch 041 | train_loss=0.0048 | val_acc=100.00% val_f1=1.0000 | test_acc=81.18% test_f1=0.7435
Epoch 042 | train_loss=0.0031 | val_acc=100.00% val_f1=1.0000 | test_acc=81.18% test_f1=0.7435
Epoch 043 | train_loss=0.0036 | val_acc=100.00% val_f1=1.0000 | test_acc=80.90% test_f1=0.7386
Epoch 044 | train_loss=0.0032 | val_acc=99.43% val_f1=0.9919 | test_acc=81.46% test_f1=0.7483
Epoch 045 | train_loss=0.0035 | val_acc=99.43% val_f1=0.9919 | test_acc=81.74% test_f1=0.7531
Epoch 046 | train_loss=0.0034 | val_acc=100.00% val_f1=1.0000 | test_acc=81.18% test_f1=0.7449
Epoch 047 | train_loss=0.0031 | val_acc=100.00% val_f1=1.0000 | test_acc=80.90% test_f1=0.7400
Epoch 048 | train_loss=0.0035 | val_acc=100.00% val_f1=1.0000 | test_acc=81.18% test_f1=0.7449
Epoch 049 | train_loss=0.0019 | val_acc=99.43% val_f1=0.9919 | test_acc=81.46% test_f1=0.7509
Epoch 050 | train_loss=0.0037 | val_acc=99.43% val_f1=0.9919 | test_acc=81.74% test_f1=0.7586
Epoch 051 | train_loss=0.0028 | val_acc=99.43% val_f1=0.9919 | test_acc=81.18% test_f1=0.7495
Epoch 052 | train_loss=0.0032 | val_acc=100.00% val_f1=1.0000 | test_acc=80.62% test_f1=0.7403
Early stopping at epoch 52 (best=36, score=1.000000)
================================================================================
Best epoch: 36
Best score (val_macro_f1): 1.000000
Final test accuracy: 80.90%
Saved to: ablation_experiments/h1/results/comparison_18d_baselines/lstm/lstm_weld_seam_windows_ws5_tf75_pg0_h1_h128_l1_bi_do0.1_ep80_lr0.0003_wd1e-05_bs128_seed183
================================================================================
Comparison baseline | model=lstm
================================================================================
Dataset: /home/huang_kai/wind_turbine_phm/PHOENIX-main/autoencoder_benchmark/Data/processed_data/weld_seam_windows_ws5_tf75_pg0_h1.npz
Device: cuda
Train/Val/Test: 990 / 175 / 356
Epoch 001 | train_loss=1.0999 | val_acc=22.86% val_f1=0.1240 | test_acc=21.91% test_f1=0.1198
Epoch 002 | train_loss=1.0793 | val_acc=22.86% val_f1=0.1240 | test_acc=21.91% test_f1=0.1198
Epoch 003 | train_loss=1.0249 | val_acc=32.57% val_f1=0.2848 | test_acc=35.96% test_f1=0.3264
Epoch 004 | train_loss=0.9026 | val_acc=28.57% val_f1=0.2755 | test_acc=37.64% test_f1=0.3947
Epoch 005 | train_loss=0.7376 | val_acc=46.29% val_f1=0.4880 | test_acc=60.39% test_f1=0.6557
Epoch 006 | train_loss=0.5802 | val_acc=85.71% val_f1=0.8658 | test_acc=81.18% test_f1=0.7317
Epoch 007 | train_loss=0.3778 | val_acc=89.71% val_f1=0.8989 | test_acc=85.67% test_f1=0.7927
Epoch 008 | train_loss=0.2522 | val_acc=93.14% val_f1=0.9308 | test_acc=91.57% test_f1=0.8768
Epoch 009 | train_loss=0.2245 | val_acc=96.00% val_f1=0.9566 | test_acc=85.11% test_f1=0.7806
Epoch 010 | train_loss=0.1599 | val_acc=97.71% val_f1=0.9752 | test_acc=91.57% test_f1=0.8908
Epoch 011 | train_loss=0.1368 | val_acc=95.43% val_f1=0.9514 | test_acc=86.52% test_f1=0.8039
Epoch 012 | train_loss=0.0897 | val_acc=98.29% val_f1=0.9782 | test_acc=87.08% test_f1=0.8303
Epoch 013 | train_loss=0.0547 | val_acc=98.29% val_f1=0.9804 | test_acc=86.24% test_f1=0.8252
Epoch 014 | train_loss=0.0444 | val_acc=97.71% val_f1=0.9727 | test_acc=83.99% test_f1=0.7780
Epoch 015 | train_loss=0.0499 | val_acc=98.86% val_f1=0.9885 | test_acc=85.96% test_f1=0.8232
Epoch 016 | train_loss=0.0386 | val_acc=97.71% val_f1=0.9724 | test_acc=79.49% test_f1=0.7279
Epoch 017 | train_loss=0.0316 | val_acc=97.71% val_f1=0.9724 | test_acc=80.62% test_f1=0.7366
Epoch 018 | train_loss=0.0346 | val_acc=98.29% val_f1=0.9782 | test_acc=81.46% test_f1=0.7496
Epoch 019 | train_loss=0.0426 | val_acc=99.43% val_f1=0.9943 | test_acc=87.36% test_f1=0.8401
Epoch 020 | train_loss=0.0273 | val_acc=97.71% val_f1=0.9724 | test_acc=80.06% test_f1=0.7296
Epoch 021 | train_loss=0.0360 | val_acc=97.71% val_f1=0.9724 | test_acc=77.81% test_f1=0.7033
Epoch 022 | train_loss=0.0130 | val_acc=97.71% val_f1=0.9724 | test_acc=78.37% test_f1=0.7029
Epoch 023 | train_loss=0.0222 | val_acc=97.71% val_f1=0.9724 | test_acc=79.78% test_f1=0.7311
Epoch 024 | train_loss=0.0406 | val_acc=97.71% val_f1=0.9724 | test_acc=81.18% test_f1=0.7504
Epoch 025 | train_loss=0.0182 | val_acc=97.71% val_f1=0.9724 | test_acc=78.09% test_f1=0.6993
Epoch 026 | train_loss=0.0192 | val_acc=98.29% val_f1=0.9782 | test_acc=82.02% test_f1=0.7590
Epoch 027 | train_loss=0.0342 | val_acc=98.29% val_f1=0.9782 | test_acc=80.06% test_f1=0.7308
Epoch 028 | train_loss=0.0086 | val_acc=98.29% val_f1=0.9782 | test_acc=80.90% test_f1=0.7468
Epoch 029 | train_loss=0.0176 | val_acc=97.71% val_f1=0.9724 | test_acc=80.06% test_f1=0.7348
Epoch 030 | train_loss=0.0199 | val_acc=97.71% val_f1=0.9724 | test_acc=78.09% test_f1=0.7007
Epoch 031 | train_loss=0.0277 | val_acc=97.71% val_f1=0.9724 | test_acc=79.21% test_f1=0.7210
Epoch 032 | train_loss=0.0081 | val_acc=98.86% val_f1=0.9862 | test_acc=81.18% test_f1=0.7513
Epoch 033 | train_loss=0.0212 | val_acc=98.29% val_f1=0.9782 | test_acc=80.62% test_f1=0.7391
Epoch 034 | train_loss=0.0394 | val_acc=98.86% val_f1=0.9862 | test_acc=80.62% test_f1=0.7422
Epoch 035 | train_loss=0.0061 | val_acc=98.86% val_f1=0.9862 | test_acc=80.62% test_f1=0.7422
Early stopping at epoch 35 (best=19, score=0.994277)
================================================================================
Best epoch: 19
Best score (val_macro_f1): 0.994277
Final test accuracy: 87.36%
Saved to: ablation_experiments/h1/results/comparison_18d_baselines/lstm/lstm_weld_seam_windows_ws5_tf75_pg0_h1_h64_l3_uni_do0.1_ep80_lr0.0003_wd1e-05_bs64_seed14
================================================================================
Comparison baseline | model=lstm
================================================================================
Dataset: /home/huang_kai/wind_turbine_phm/PHOENIX-main/autoencoder_benchmark/Data/processed_data/weld_seam_windows_ws5_tf75_pg0_h1.npz
Device: cuda
Train/Val/Test: 990 / 175 / 356
Epoch 001 | train_loss=1.0553 | val_acc=32.57% val_f1=0.3266 | test_acc=41.85% test_f1=0.4451
Epoch 002 | train_loss=0.8441 | val_acc=81.71% val_f1=0.7656 | test_acc=95.79% test_f1=0.9470
Epoch 003 | train_loss=0.5830 | val_acc=92.00% val_f1=0.8961 | test_acc=78.93% test_f1=0.7065
Epoch 004 | train_loss=0.2963 | val_acc=93.14% val_f1=0.9332 | test_acc=90.17% test_f1=0.8651
Epoch 005 | train_loss=0.1209 | val_acc=97.14% val_f1=0.9721 | test_acc=85.96% test_f1=0.8067
Epoch 006 | train_loss=0.0864 | val_acc=97.71% val_f1=0.9772 | test_acc=87.08% test_f1=0.8334
Epoch 007 | train_loss=0.0293 | val_acc=99.43% val_f1=0.9942 | test_acc=79.49% test_f1=0.7247
Epoch 008 | train_loss=0.0218 | val_acc=98.86% val_f1=0.9885 | test_acc=76.40% test_f1=0.6643
Epoch 009 | train_loss=0.0534 | val_acc=98.29% val_f1=0.9828 | test_acc=78.65% test_f1=0.6955
Epoch 010 | train_loss=0.0237 | val_acc=99.43% val_f1=0.9943 | test_acc=83.43% test_f1=0.7828
Epoch 011 | train_loss=0.0104 | val_acc=100.00% val_f1=1.0000 | test_acc=78.37% test_f1=0.7097
Epoch 012 | train_loss=0.0080 | val_acc=100.00% val_f1=1.0000 | test_acc=83.99% test_f1=0.7946
Epoch 013 | train_loss=0.0026 | val_acc=100.00% val_f1=1.0000 | test_acc=80.62% test_f1=0.7413
Epoch 014 | train_loss=0.0020 | val_acc=100.00% val_f1=1.0000 | test_acc=82.30% test_f1=0.7690
Epoch 015 | train_loss=0.0019 | val_acc=100.00% val_f1=1.0000 | test_acc=82.58% test_f1=0.7720
Epoch 016 | train_loss=0.0034 | val_acc=99.43% val_f1=0.9942 | test_acc=79.49% test_f1=0.7285
Epoch 017 | train_loss=0.0009 | val_acc=99.43% val_f1=0.9942 | test_acc=77.25% test_f1=0.6956
Epoch 018 | train_loss=0.0012 | val_acc=100.00% val_f1=1.0000 | test_acc=80.90% test_f1=0.7483
Epoch 019 | train_loss=0.0009 | val_acc=100.00% val_f1=1.0000 | test_acc=82.87% test_f1=0.7756
Epoch 020 | train_loss=0.0010 | val_acc=99.43% val_f1=0.9942 | test_acc=78.65% test_f1=0.7171
Epoch 021 | train_loss=0.0006 | val_acc=99.43% val_f1=0.9942 | test_acc=79.21% test_f1=0.7252
Epoch 022 | train_loss=0.0015 | val_acc=100.00% val_f1=1.0000 | test_acc=81.46% test_f1=0.7509
Epoch 023 | train_loss=0.0022 | val_acc=100.00% val_f1=1.0000 | test_acc=77.53% test_f1=0.6982
Epoch 024 | train_loss=0.0007 | val_acc=100.00% val_f1=1.0000 | test_acc=82.02% test_f1=0.7662
Epoch 025 | train_loss=0.0008 | val_acc=100.00% val_f1=1.0000 | test_acc=76.69% test_f1=0.6811
Epoch 026 | train_loss=0.0007 | val_acc=100.00% val_f1=1.0000 | test_acc=79.21% test_f1=0.7235
Epoch 027 | train_loss=0.0005 | val_acc=100.00% val_f1=1.0000 | test_acc=79.78% test_f1=0.7318
Early stopping at epoch 27 (best=11, score=1.000000)
================================================================================
Best epoch: 11
Best score (val_macro_f1): 1.000000
Final test accuracy: 78.37%
Saved to: ablation_experiments/h1/results/comparison_18d_baselines/lstm/lstm_weld_seam_windows_ws5_tf75_pg0_h1_h128_l3_bi_do0.2_ep80_lr0.0003_wd0.0001_bs64_seed42
================================================================================
Comparison baseline | model=lstm
================================================================================
Dataset: /home/huang_kai/wind_turbine_phm/PHOENIX-main/autoencoder_benchmark/Data/processed_data/weld_seam_windows_ws5_tf75_pg0_h1.npz
Device: cuda
Train/Val/Test: 990 / 175 / 356
Epoch 001 | train_loss=1.0892 | val_acc=22.86% val_f1=0.1240 | test_acc=21.91% test_f1=0.1198
Epoch 002 | train_loss=1.0606 | val_acc=22.86% val_f1=0.1240 | test_acc=21.91% test_f1=0.1198
Epoch 003 | train_loss=1.0064 | val_acc=22.86% val_f1=0.1240 | test_acc=21.91% test_f1=0.1198
Epoch 004 | train_loss=0.8937 | val_acc=24.00% val_f1=0.2044 | test_acc=23.88% test_f1=0.2168
Epoch 005 | train_loss=0.7490 | val_acc=40.57% val_f1=0.4240 | test_acc=56.74% test_f1=0.6204
Epoch 006 | train_loss=0.6155 | val_acc=86.29% val_f1=0.8747 | test_acc=79.49% test_f1=0.7039
Epoch 007 | train_loss=0.4399 | val_acc=93.14% val_f1=0.9353 | test_acc=90.73% test_f1=0.8622
Epoch 008 | train_loss=0.3280 | val_acc=95.43% val_f1=0.9560 | test_acc=92.42% test_f1=0.8903
Epoch 009 | train_loss=0.2476 | val_acc=98.86% val_f1=0.9886 | test_acc=89.04% test_f1=0.8500
Epoch 010 | train_loss=0.1495 | val_acc=97.71% val_f1=0.9720 | test_acc=87.08% test_f1=0.8303
Epoch 011 | train_loss=0.1138 | val_acc=98.29% val_f1=0.9780 | test_acc=86.52% test_f1=0.8226
Epoch 012 | train_loss=0.0870 | val_acc=99.43% val_f1=0.9943 | test_acc=79.49% test_f1=0.7236
Epoch 013 | train_loss=0.0709 | val_acc=97.71% val_f1=0.9699 | test_acc=88.76% test_f1=0.8554
Epoch 014 | train_loss=0.0928 | val_acc=99.43% val_f1=0.9943 | test_acc=83.99% test_f1=0.7780
Epoch 015 | train_loss=0.0565 | val_acc=98.29% val_f1=0.9780 | test_acc=82.58% test_f1=0.7720
Epoch 016 | train_loss=0.0377 | val_acc=98.86% val_f1=0.9861 | test_acc=82.87% test_f1=0.7729
Epoch 017 | train_loss=0.0711 | val_acc=98.86% val_f1=0.9861 | test_acc=84.83% test_f1=0.7979
Epoch 018 | train_loss=0.0531 | val_acc=98.29% val_f1=0.9780 | test_acc=84.27% test_f1=0.7933
Epoch 019 | train_loss=0.0358 | val_acc=100.00% val_f1=1.0000 | test_acc=80.34% test_f1=0.7302
Epoch 020 | train_loss=0.0305 | val_acc=98.86% val_f1=0.9837 | test_acc=85.96% test_f1=0.8216
Epoch 021 | train_loss=0.0453 | val_acc=100.00% val_f1=1.0000 | test_acc=76.40% test_f1=0.6794
Epoch 022 | train_loss=0.0356 | val_acc=99.43% val_f1=0.9919 | test_acc=83.15% test_f1=0.7763
Epoch 023 | train_loss=0.0232 | val_acc=98.86% val_f1=0.9837 | test_acc=87.64% test_f1=0.8420
Epoch 024 | train_loss=0.0183 | val_acc=100.00% val_f1=1.0000 | test_acc=83.15% test_f1=0.7699
Epoch 025 | train_loss=0.0212 | val_acc=99.43% val_f1=0.9919 | test_acc=83.99% test_f1=0.7916
Epoch 026 | train_loss=0.0088 | val_acc=99.43% val_f1=0.9919 | test_acc=80.34% test_f1=0.7394
Epoch 027 | train_loss=0.0303 | val_acc=99.43% val_f1=0.9919 | test_acc=84.55% test_f1=0.8016
Epoch 028 | train_loss=0.0184 | val_acc=99.43% val_f1=0.9919 | test_acc=85.39% test_f1=0.8081
Epoch 029 | train_loss=0.0177 | val_acc=99.43% val_f1=0.9919 | test_acc=82.87% test_f1=0.7776
Epoch 030 | train_loss=0.0189 | val_acc=100.00% val_f1=1.0000 | test_acc=76.97% test_f1=0.6902
Epoch 031 | train_loss=0.0167 | val_acc=99.43% val_f1=0.9919 | test_acc=78.93% test_f1=0.7196
Epoch 032 | train_loss=0.0123 | val_acc=98.86% val_f1=0.9837 | test_acc=83.71% test_f1=0.7863
Epoch 033 | train_loss=0.0153 | val_acc=99.43% val_f1=0.9919 | test_acc=81.74% test_f1=0.7556
Epoch 034 | train_loss=0.0088 | val_acc=99.43% val_f1=0.9919 | test_acc=81.46% test_f1=0.7531
Epoch 035 | train_loss=0.0232 | val_acc=98.86% val_f1=0.9837 | test_acc=81.46% test_f1=0.7587
Early stopping at epoch 35 (best=19, score=1.000000)
================================================================================
Best epoch: 19
Best score (val_macro_f1): 1.000000
Final test accuracy: 80.34%
Saved to: ablation_experiments/h1/results/comparison_18d_baselines/lstm/lstm_weld_seam_windows_ws5_tf75_pg0_h1_h96_l3_uni_do0.3_ep80_lr0.0005_wd0.0001_bs128_seed77
================================================================================
Comparison baseline | model=lstm
================================================================================
Dataset: /home/huang_kai/wind_turbine_phm/PHOENIX-main/autoencoder_benchmark/Data/processed_data/weld_seam_windows_ws5_tf75_pg0_h1.npz
Device: cuda
Train/Val/Test: 990 / 175 / 356
Epoch 001 | train_loss=1.0889 | val_acc=29.71% val_f1=0.2496 | test_acc=33.99% test_f1=0.3130
Epoch 002 | train_loss=1.0405 | val_acc=28.00% val_f1=0.2588 | test_acc=36.80% test_f1=0.3744
Epoch 003 | train_loss=0.9270 | val_acc=33.14% val_f1=0.3370 | test_acc=41.85% test_f1=0.4473
Epoch 004 | train_loss=0.7070 | val_acc=82.29% val_f1=0.7880 | test_acc=96.07% test_f1=0.9555
Epoch 005 | train_loss=0.4924 | val_acc=94.29% val_f1=0.9421 | test_acc=94.10% test_f1=0.9142
Epoch 006 | train_loss=0.2866 | val_acc=95.43% val_f1=0.9532 | test_acc=93.26% test_f1=0.9050
Epoch 007 | train_loss=0.1959 | val_acc=96.00% val_f1=0.9581 | test_acc=91.85% test_f1=0.8940
Epoch 008 | train_loss=0.0829 | val_acc=98.29% val_f1=0.9777 | test_acc=87.92% test_f1=0.8435
Epoch 009 | train_loss=0.0399 | val_acc=98.86% val_f1=0.9860 | test_acc=86.24% test_f1=0.8213
Epoch 010 | train_loss=0.0861 | val_acc=98.29% val_f1=0.9830 | test_acc=80.90% test_f1=0.7173
Epoch 011 | train_loss=0.0530 | val_acc=97.14% val_f1=0.9668 | test_acc=89.89% test_f1=0.8732
Epoch 012 | train_loss=0.0370 | val_acc=100.00% val_f1=1.0000 | test_acc=80.06% test_f1=0.7214
Epoch 013 | train_loss=0.0171 | val_acc=100.00% val_f1=1.0000 | test_acc=83.71% test_f1=0.7842
Epoch 014 | train_loss=0.0113 | val_acc=99.43% val_f1=0.9919 | test_acc=85.39% test_f1=0.8145
Epoch 015 | train_loss=0.0114 | val_acc=100.00% val_f1=1.0000 | test_acc=79.78% test_f1=0.7342
Epoch 016 | train_loss=0.0075 | val_acc=100.00% val_f1=1.0000 | test_acc=80.62% test_f1=0.7448
Epoch 017 | train_loss=0.0067 | val_acc=100.00% val_f1=1.0000 | test_acc=82.30% test_f1=0.7700
Epoch 018 | train_loss=0.0038 | val_acc=99.43% val_f1=0.9919 | test_acc=82.58% test_f1=0.7755
Epoch 019 | train_loss=0.0040 | val_acc=99.43% val_f1=0.9919 | test_acc=82.87% test_f1=0.7789
Epoch 020 | train_loss=0.0029 | val_acc=99.43% val_f1=0.9919 | test_acc=82.58% test_f1=0.7734
Epoch 021 | train_loss=0.0040 | val_acc=100.00% val_f1=1.0000 | test_acc=81.74% test_f1=0.7631
Epoch 022 | train_loss=0.0015 | val_acc=100.00% val_f1=1.0000 | test_acc=79.49% test_f1=0.7325
Epoch 023 | train_loss=0.0010 | val_acc=100.00% val_f1=1.0000 | test_acc=79.49% test_f1=0.7325
Epoch 024 | train_loss=0.0021 | val_acc=100.00% val_f1=1.0000 | test_acc=81.18% test_f1=0.7540
Epoch 025 | train_loss=0.0015 | val_acc=100.00% val_f1=1.0000 | test_acc=81.74% test_f1=0.7631
Epoch 026 | train_loss=0.0013 | val_acc=99.43% val_f1=0.9919 | test_acc=81.46% test_f1=0.7613
Epoch 027 | train_loss=0.0007 | val_acc=99.43% val_f1=0.9919 | test_acc=80.62% test_f1=0.7503
Epoch 028 | train_loss=0.0009 | val_acc=99.43% val_f1=0.9919 | test_acc=80.62% test_f1=0.7503
Early stopping at epoch 28 (best=12, score=1.000000)
================================================================================
Best epoch: 12
Best score (val_macro_f1): 1.000000
Final test accuracy: 80.06%
Saved to: ablation_experiments/h1/results/comparison_18d_baselines/lstm/lstm_weld_seam_windows_ws5_tf75_pg0_h1_h64_l3_bi_do0.2_ep80_lr0.0005_wd0.0001_bs128_seed77
================================================================================
Comparison baseline | model=lstm
================================================================================
Dataset: /home/huang_kai/wind_turbine_phm/PHOENIX-main/autoencoder_benchmark/Data/processed_data/weld_seam_windows_ws5_tf75_pg0_h1.npz
Device: cuda
Train/Val/Test: 990 / 175 / 356
Epoch 001 | train_loss=1.0589 | val_acc=40.57% val_f1=0.4151 | test_acc=42.98% test_f1=0.4645
Epoch 002 | train_loss=0.9570 | val_acc=56.57% val_f1=0.5676 | test_acc=62.36% test_f1=0.6577
Epoch 003 | train_loss=0.7346 | val_acc=81.14% val_f1=0.7533 | test_acc=96.63% test_f1=0.9512
Epoch 004 | train_loss=0.5243 | val_acc=93.14% val_f1=0.9074 | test_acc=90.45% test_f1=0.8846
Epoch 005 | train_loss=0.3206 | val_acc=96.00% val_f1=0.9581 | test_acc=82.02% test_f1=0.7198
Epoch 006 | train_loss=0.1822 | val_acc=96.00% val_f1=0.9581 | test_acc=78.93% test_f1=0.6531
Epoch 007 | train_loss=0.1134 | val_acc=96.57% val_f1=0.9659 | test_acc=87.64% test_f1=0.8269
Epoch 008 | train_loss=0.0764 | val_acc=97.71% val_f1=0.9770 | test_acc=88.20% test_f1=0.8407
Epoch 009 | train_loss=0.0565 | val_acc=97.14% val_f1=0.9721 | test_acc=87.36% test_f1=0.8254
Epoch 010 | train_loss=0.0374 | val_acc=98.86% val_f1=0.9886 | test_acc=87.36% test_f1=0.8347
Epoch 011 | train_loss=0.0241 | val_acc=98.86% val_f1=0.9886 | test_acc=86.24% test_f1=0.8181
Epoch 012 | train_loss=0.0156 | val_acc=98.86% val_f1=0.9886 | test_acc=86.24% test_f1=0.8181
Epoch 013 | train_loss=0.0146 | val_acc=98.86% val_f1=0.9886 | test_acc=82.58% test_f1=0.7549
Epoch 014 | train_loss=0.0171 | val_acc=98.29% val_f1=0.9805 | test_acc=85.96% test_f1=0.8148
Epoch 015 | train_loss=0.0096 | val_acc=98.86% val_f1=0.9886 | test_acc=82.02% test_f1=0.7503
Epoch 016 | train_loss=0.0081 | val_acc=99.43% val_f1=0.9943 | test_acc=83.99% test_f1=0.7908
Epoch 017 | train_loss=0.0054 | val_acc=100.00% val_f1=1.0000 | test_acc=80.06% test_f1=0.7340
Epoch 018 | train_loss=0.0078 | val_acc=98.29% val_f1=0.9805 | test_acc=85.11% test_f1=0.8057
Epoch 019 | train_loss=0.0105 | val_acc=100.00% val_f1=1.0000 | test_acc=82.30% test_f1=0.7667
Epoch 020 | train_loss=0.0051 | val_acc=100.00% val_f1=1.0000 | test_acc=78.37% test_f1=0.7056
Epoch 021 | train_loss=0.0043 | val_acc=100.00% val_f1=1.0000 | test_acc=83.15% test_f1=0.7800
Epoch 022 | train_loss=0.0058 | val_acc=100.00% val_f1=1.0000 | test_acc=78.37% test_f1=0.7043
Epoch 023 | train_loss=0.0040 | val_acc=99.43% val_f1=0.9919 | test_acc=81.74% test_f1=0.7609
Epoch 024 | train_loss=0.0023 | val_acc=100.00% val_f1=1.0000 | test_acc=78.93% test_f1=0.7152
Epoch 025 | train_loss=0.0037 | val_acc=99.43% val_f1=0.9919 | test_acc=81.46% test_f1=0.7576
Epoch 026 | train_loss=0.0019 | val_acc=99.43% val_f1=0.9919 | test_acc=81.18% test_f1=0.7537
Epoch 027 | train_loss=0.0015 | val_acc=100.00% val_f1=1.0000 | test_acc=80.90% test_f1=0.7489
Epoch 028 | train_loss=0.0009 | val_acc=100.00% val_f1=1.0000 | test_acc=80.62% test_f1=0.7438
Epoch 029 | train_loss=0.0015 | val_acc=100.00% val_f1=1.0000 | test_acc=81.18% test_f1=0.7537
Epoch 030 | train_loss=0.0014 | val_acc=100.00% val_f1=1.0000 | test_acc=79.21% test_f1=0.7227
Epoch 031 | train_loss=0.0011 | val_acc=100.00% val_f1=1.0000 | test_acc=78.09% test_f1=0.7051
Epoch 032 | train_loss=0.0013 | val_acc=100.00% val_f1=1.0000 | test_acc=79.49% test_f1=0.7257
Epoch 033 | train_loss=0.0006 | val_acc=100.00% val_f1=1.0000 | test_acc=79.78% test_f1=0.7303
Early stopping at epoch 33 (best=17, score=1.000000)
================================================================================
Best epoch: 17
Best score (val_macro_f1): 1.000000
Final test accuracy: 80.06%
Saved to: ablation_experiments/h1/results/comparison_18d_baselines/lstm/lstm_weld_seam_windows_ws5_tf75_pg0_h1_h128_l2_bi_do0.1_ep80_lr0.0002_wd0.0002_bs64_seed183
================================================================================
Comparison baseline | model=lstm
================================================================================
Dataset: /home/huang_kai/wind_turbine_phm/PHOENIX-main/autoencoder_benchmark/Data/processed_data/weld_seam_windows_ws5_tf75_pg0_h1.npz
Device: cuda
Train/Val/Test: 990 / 175 / 356
Epoch 001 | train_loss=1.0680 | val_acc=24.00% val_f1=0.1290 | test_acc=23.31% test_f1=0.1260
Epoch 002 | train_loss=1.0540 | val_acc=28.00% val_f1=0.2326 | test_acc=23.31% test_f1=0.1260
Epoch 003 | train_loss=1.0385 | val_acc=45.14% val_f1=0.4742 | test_acc=32.87% test_f1=0.3390
Epoch 004 | train_loss=1.0172 | val_acc=37.14% val_f1=0.3791 | test_acc=44.94% test_f1=0.4831
Epoch 005 | train_loss=0.9949 | val_acc=36.00% val_f1=0.3643 | test_acc=43.82% test_f1=0.4690
Epoch 006 | train_loss=0.9493 | val_acc=34.86% val_f1=0.3518 | test_acc=42.42% test_f1=0.4519
Epoch 007 | train_loss=0.9012 | val_acc=34.29% val_f1=0.3468 | test_acc=42.70% test_f1=0.4568
Epoch 008 | train_loss=0.8531 | val_acc=41.71% val_f1=0.4342 | test_acc=51.69% test_f1=0.5600
Epoch 009 | train_loss=0.7925 | val_acc=62.29% val_f1=0.6051 | test_acc=71.07% test_f1=0.7300
Epoch 010 | train_loss=0.7263 | val_acc=74.29% val_f1=0.6949 | test_acc=81.18% test_f1=0.8104
Epoch 011 | train_loss=0.6772 | val_acc=78.29% val_f1=0.7309 | test_acc=93.54% test_f1=0.9226
Epoch 012 | train_loss=0.6409 | val_acc=80.00% val_f1=0.7536 | test_acc=96.91% test_f1=0.9622
Epoch 013 | train_loss=0.5855 | val_acc=80.57% val_f1=0.7581 | test_acc=98.60% test_f1=0.9805
Epoch 014 | train_loss=0.5567 | val_acc=84.57% val_f1=0.8079 | test_acc=98.88% test_f1=0.9847
Epoch 015 | train_loss=0.5054 | val_acc=88.00% val_f1=0.8559 | test_acc=98.60% test_f1=0.9805
Epoch 016 | train_loss=0.4665 | val_acc=88.57% val_f1=0.8657 | test_acc=94.94% test_f1=0.9254
Epoch 017 | train_loss=0.4049 | val_acc=91.43% val_f1=0.9071 | test_acc=92.13% test_f1=0.8808
Epoch 018 | train_loss=0.3472 | val_acc=91.43% val_f1=0.9071 | test_acc=92.42% test_f1=0.8871
Epoch 019 | train_loss=0.2991 | val_acc=92.00% val_f1=0.9153 | test_acc=90.73% test_f1=0.8592
Epoch 020 | train_loss=0.2585 | val_acc=93.71% val_f1=0.9370 | test_acc=89.89% test_f1=0.8487
Epoch 021 | train_loss=0.2328 | val_acc=93.14% val_f1=0.9279 | test_acc=91.29% test_f1=0.8722
Epoch 022 | train_loss=0.1758 | val_acc=93.71% val_f1=0.9370 | test_acc=89.33% test_f1=0.8466
Epoch 023 | train_loss=0.1563 | val_acc=93.71% val_f1=0.9370 | test_acc=85.67% test_f1=0.7865
Epoch 024 | train_loss=0.1485 | val_acc=95.43% val_f1=0.9550 | test_acc=88.76% test_f1=0.8439
Epoch 025 | train_loss=0.1317 | val_acc=95.43% val_f1=0.9550 | test_acc=89.33% test_f1=0.8530
Epoch 026 | train_loss=0.1278 | val_acc=97.71% val_f1=0.9770 | test_acc=89.33% test_f1=0.8530
Epoch 027 | train_loss=0.1170 | val_acc=97.71% val_f1=0.9770 | test_acc=89.04% test_f1=0.8514
Epoch 028 | train_loss=0.0958 | val_acc=97.71% val_f1=0.9770 | test_acc=88.20% test_f1=0.8392
Epoch 029 | train_loss=0.1091 | val_acc=97.71% val_f1=0.9770 | test_acc=88.20% test_f1=0.8392
Epoch 030 | train_loss=0.1019 | val_acc=97.71% val_f1=0.9770 | test_acc=89.33% test_f1=0.8572
Epoch 031 | train_loss=0.0839 | val_acc=97.71% val_f1=0.9770 | test_acc=88.48% test_f1=0.8438
Epoch 032 | train_loss=0.0787 | val_acc=97.14% val_f1=0.9714 | test_acc=88.20% test_f1=0.8392
Epoch 033 | train_loss=0.0673 | val_acc=97.14% val_f1=0.9714 | test_acc=88.48% test_f1=0.8438
Epoch 034 | train_loss=0.0736 | val_acc=97.14% val_f1=0.9686 | test_acc=89.04% test_f1=0.8528
Epoch 035 | train_loss=0.0664 | val_acc=97.71% val_f1=0.9770 | test_acc=88.48% test_f1=0.8438
Epoch 036 | train_loss=0.0590 | val_acc=97.71% val_f1=0.9770 | test_acc=88.48% test_f1=0.8438
Epoch 037 | train_loss=0.0541 | val_acc=97.71% val_f1=0.9770 | test_acc=88.20% test_f1=0.8392
Epoch 038 | train_loss=0.0513 | val_acc=97.14% val_f1=0.9686 | test_acc=88.48% test_f1=0.8438
Epoch 039 | train_loss=0.0448 | val_acc=97.14% val_f1=0.9686 | test_acc=88.48% test_f1=0.8438
Epoch 040 | train_loss=0.0537 | val_acc=97.14% val_f1=0.9686 | test_acc=88.76% test_f1=0.8483
Epoch 041 | train_loss=0.0419 | val_acc=97.71% val_f1=0.9770 | test_acc=88.20% test_f1=0.8392
Epoch 042 | train_loss=0.0451 | val_acc=97.71% val_f1=0.9770 | test_acc=87.08% test_f1=0.8207
Early stopping at epoch 42 (best=26, score=0.976959)
================================================================================
Best epoch: 26
Best score (val_macro_f1): 0.976959
Final test accuracy: 89.33%
Saved to: ablation_experiments/h1/results/comparison_18d_baselines/lstm/lstm_weld_seam_windows_ws5_tf75_pg0_h1_h96_l2_bi_do0.3_ep80_lr0.0001_wd0.0002_bs128_seed183
================================================================================
Comparison baseline | model=lstm
================================================================================
Dataset: /home/huang_kai/wind_turbine_phm/PHOENIX-main/autoencoder_benchmark/Data/processed_data/weld_seam_windows_ws5_tf75_pg0_h1.npz
Device: cuda
Train/Val/Test: 990 / 175 / 356
Epoch 001 | train_loss=1.0621 | val_acc=41.71% val_f1=0.4337 | test_acc=42.70% test_f1=0.4625
Epoch 002 | train_loss=0.8876 | val_acc=35.43% val_f1=0.3580 | test_acc=43.26% test_f1=0.4621
Epoch 003 | train_loss=0.5170 | val_acc=83.43% val_f1=0.8473 | test_acc=84.55% test_f1=0.7764
Epoch 004 | train_loss=0.2828 | val_acc=93.14% val_f1=0.9278 | test_acc=93.54% test_f1=0.9095
Epoch 005 | train_loss=0.1600 | val_acc=98.86% val_f1=0.9837 | test_acc=89.89% test_f1=0.8716
Epoch 006 | train_loss=0.0911 | val_acc=97.14% val_f1=0.9647 | test_acc=87.92% test_f1=0.8316
Epoch 007 | train_loss=0.0596 | val_acc=98.86% val_f1=0.9837 | test_acc=85.11% test_f1=0.8036
Epoch 008 | train_loss=0.0415 | val_acc=97.71% val_f1=0.9701 | test_acc=85.39% test_f1=0.7937
Epoch 009 | train_loss=0.0384 | val_acc=99.43% val_f1=0.9919 | test_acc=86.52% test_f1=0.8214
Epoch 010 | train_loss=0.0447 | val_acc=100.00% val_f1=1.0000 | test_acc=85.11% test_f1=0.8066
Epoch 011 | train_loss=0.0198 | val_acc=100.00% val_f1=1.0000 | test_acc=82.87% test_f1=0.7770
Epoch 012 | train_loss=0.0157 | val_acc=100.00% val_f1=1.0000 | test_acc=83.15% test_f1=0.7814
Epoch 013 | train_loss=0.0171 | val_acc=98.29% val_f1=0.9755 | test_acc=78.37% test_f1=0.6998
Epoch 014 | train_loss=0.0378 | val_acc=98.29% val_f1=0.9755 | test_acc=76.40% test_f1=0.6664
Epoch 015 | train_loss=0.0263 | val_acc=98.86% val_f1=0.9837 | test_acc=78.65% test_f1=0.7079
Epoch 016 | train_loss=0.0258 | val_acc=100.00% val_f1=1.0000 | test_acc=84.27% test_f1=0.7988
Epoch 017 | train_loss=0.0123 | val_acc=100.00% val_f1=1.0000 | test_acc=81.74% test_f1=0.7602
Epoch 018 | train_loss=0.0160 | val_acc=100.00% val_f1=1.0000 | test_acc=82.02% test_f1=0.7639
Epoch 019 | train_loss=0.0101 | val_acc=100.00% val_f1=1.0000 | test_acc=81.46% test_f1=0.7576
Epoch 020 | train_loss=0.0083 | val_acc=99.43% val_f1=0.9919 | test_acc=78.09% test_f1=0.7007
Epoch 021 | train_loss=0.0172 | val_acc=100.00% val_f1=1.0000 | test_acc=81.18% test_f1=0.7533
Epoch 022 | train_loss=0.0042 | val_acc=100.00% val_f1=1.0000 | test_acc=78.65% test_f1=0.7144
Epoch 023 | train_loss=0.0093 | val_acc=100.00% val_f1=1.0000 | test_acc=80.90% test_f1=0.7476
Epoch 024 | train_loss=0.0089 | val_acc=100.00% val_f1=1.0000 | test_acc=79.49% test_f1=0.7225
Epoch 025 | train_loss=0.0121 | val_acc=100.00% val_f1=1.0000 | test_acc=77.25% test_f1=0.6952
Epoch 026 | train_loss=0.0039 | val_acc=100.00% val_f1=1.0000 | test_acc=78.37% test_f1=0.7117
Early stopping at epoch 26 (best=10, score=1.000000)
================================================================================
Best epoch: 10
Best score (val_macro_f1): 1.000000
Final test accuracy: 85.11%
Saved to: ablation_experiments/h1/results/comparison_18d_baselines/lstm/lstm_weld_seam_windows_ws5_tf75_pg0_h1_h128_l2_uni_do0.3_ep80_lr0.0005_wd0.0001_bs64_seed100
================================================================================
Comparison baseline | model=lstm
================================================================================
Dataset: /home/huang_kai/wind_turbine_phm/PHOENIX-main/autoencoder_benchmark/Data/processed_data/weld_seam_windows_ws5_tf75_pg0_h1.npz
Device: cuda
Train/Val/Test: 990 / 175 / 356
Epoch 001 | train_loss=1.0465 | val_acc=81.14% val_f1=0.7626 | test_acc=93.26% test_f1=0.9008
Epoch 002 | train_loss=0.8510 | val_acc=80.00% val_f1=0.7488 | test_acc=94.10% test_f1=0.9130
Epoch 003 | train_loss=0.6590 | val_acc=81.14% val_f1=0.7626 | test_acc=96.35% test_f1=0.9480
Epoch 004 | train_loss=0.5181 | val_acc=88.00% val_f1=0.8603 | test_acc=87.64% test_f1=0.8114
Epoch 005 | train_loss=0.3712 | val_acc=88.57% val_f1=0.8685 | test_acc=90.17% test_f1=0.8548
Epoch 006 | train_loss=0.2458 | val_acc=90.86% val_f1=0.8982 | test_acc=90.73% test_f1=0.8711
Epoch 007 | train_loss=0.1807 | val_acc=93.71% val_f1=0.9362 | test_acc=87.64% test_f1=0.8234
Epoch 008 | train_loss=0.1240 | val_acc=96.57% val_f1=0.9659 | test_acc=88.48% test_f1=0.8393
Epoch 009 | train_loss=0.1017 | val_acc=97.14% val_f1=0.9717 | test_acc=87.08% test_f1=0.8156
Epoch 010 | train_loss=0.0693 | val_acc=97.71% val_f1=0.9775 | test_acc=86.24% test_f1=0.8047
Epoch 011 | train_loss=0.0477 | val_acc=98.86% val_f1=0.9886 | test_acc=87.64% test_f1=0.8330
Epoch 012 | train_loss=0.0376 | val_acc=98.86% val_f1=0.9886 | test_acc=83.43% test_f1=0.7624
Epoch 013 | train_loss=0.0303 | val_acc=99.43% val_f1=0.9943 | test_acc=84.83% test_f1=0.7924
Epoch 014 | train_loss=0.0243 | val_acc=100.00% val_f1=1.0000 | test_acc=80.62% test_f1=0.7320
Epoch 015 | train_loss=0.0281 | val_acc=99.43% val_f1=0.9943 | test_acc=81.18% test_f1=0.7369
Epoch 016 | train_loss=0.0173 | val_acc=98.29% val_f1=0.9830 | test_acc=83.43% test_f1=0.7624
Epoch 017 | train_loss=0.0159 | val_acc=99.43% val_f1=0.9943 | test_acc=82.87% test_f1=0.7634
Epoch 018 | train_loss=0.0144 | val_acc=98.86% val_f1=0.9861 | test_acc=84.55% test_f1=0.7978
Epoch 019 | train_loss=0.0101 | val_acc=99.43% val_f1=0.9943 | test_acc=82.87% test_f1=0.7634
Epoch 020 | train_loss=0.0118 | val_acc=99.43% val_f1=0.9919 | test_acc=81.74% test_f1=0.7531
Epoch 021 | train_loss=0.0086 | val_acc=100.00% val_f1=1.0000 | test_acc=80.06% test_f1=0.7253
Epoch 022 | train_loss=0.0065 | val_acc=100.00% val_f1=1.0000 | test_acc=78.93% test_f1=0.7066
Epoch 023 | train_loss=0.0073 | val_acc=99.43% val_f1=0.9919 | test_acc=82.02% test_f1=0.7602
Epoch 024 | train_loss=0.0055 | val_acc=100.00% val_f1=1.0000 | test_acc=80.62% test_f1=0.7366
Epoch 025 | train_loss=0.0041 | val_acc=100.00% val_f1=1.0000 | test_acc=79.49% test_f1=0.7168
Epoch 026 | train_loss=0.0040 | val_acc=100.00% val_f1=1.0000 | test_acc=80.62% test_f1=0.7379
Epoch 027 | train_loss=0.0037 | val_acc=99.43% val_f1=0.9919 | test_acc=82.30% test_f1=0.7637
Epoch 028 | train_loss=0.0042 | val_acc=100.00% val_f1=1.0000 | test_acc=80.34% test_f1=0.7317
Epoch 029 | train_loss=0.0039 | val_acc=100.00% val_f1=1.0000 | test_acc=79.49% test_f1=0.7236
Epoch 030 | train_loss=0.0027 | val_acc=99.43% val_f1=0.9919 | test_acc=80.62% test_f1=0.7422
Early stopping at epoch 30 (best=14, score=1.000000)
================================================================================
Best epoch: 14
Best score (val_macro_f1): 1.000000
Final test accuracy: 80.62%
Saved to: ablation_experiments/h1/results/comparison_18d_baselines/lstm/lstm_weld_seam_windows_ws5_tf75_pg0_h1_h64_l1_bi_do0.1_ep80_lr0.0003_wd1e-05_bs64_seed183
================================================================================
Comparison baseline | model=lstm
================================================================================
Dataset: /home/huang_kai/wind_turbine_phm/PHOENIX-main/autoencoder_benchmark/Data/processed_data/weld_seam_windows_ws5_tf75_pg0_h1.npz
Device: cuda
Train/Val/Test: 990 / 175 / 356
Epoch 001 | train_loss=1.0788 | val_acc=24.00% val_f1=0.1290 | test_acc=24.16% test_f1=0.1370
Epoch 002 | train_loss=1.0571 | val_acc=29.71% val_f1=0.2686 | test_acc=25.00% test_f1=0.1477
Epoch 003 | train_loss=1.0287 | val_acc=40.57% val_f1=0.4332 | test_acc=33.99% test_f1=0.3053
Epoch 004 | train_loss=0.9988 | val_acc=57.71% val_f1=0.6217 | test_acc=50.00% test_f1=0.5367
Epoch 005 | train_loss=0.9722 | val_acc=67.43% val_f1=0.6905 | test_acc=65.73% test_f1=0.6958
Epoch 006 | train_loss=0.9376 | val_acc=76.00% val_f1=0.7484 | test_acc=82.58% test_f1=0.8410
Epoch 007 | train_loss=0.8967 | val_acc=80.00% val_f1=0.7686 | test_acc=91.29% test_f1=0.9110
Epoch 008 | train_loss=0.8503 | val_acc=81.14% val_f1=0.7697 | test_acc=95.22% test_f1=0.9460
Epoch 009 | train_loss=0.7996 | val_acc=81.71% val_f1=0.7742 | test_acc=96.07% test_f1=0.9526
Epoch 010 | train_loss=0.7425 | val_acc=82.29% val_f1=0.7755 | test_acc=96.35% test_f1=0.9511
Epoch 011 | train_loss=0.7036 | val_acc=81.71% val_f1=0.7674 | test_acc=96.63% test_f1=0.9526
Epoch 012 | train_loss=0.6781 | val_acc=82.86% val_f1=0.7767 | test_acc=97.19% test_f1=0.9596
Epoch 013 | train_loss=0.6423 | val_acc=82.86% val_f1=0.7767 | test_acc=97.19% test_f1=0.9607
Epoch 014 | train_loss=0.5820 | val_acc=84.00% val_f1=0.7950 | test_acc=96.63% test_f1=0.9578
Epoch 015 | train_loss=0.5534 | val_acc=85.14% val_f1=0.8088 | test_acc=96.07% test_f1=0.9505
Epoch 016 | train_loss=0.5067 | val_acc=85.71% val_f1=0.8177 | test_acc=94.94% test_f1=0.9358
Epoch 017 | train_loss=0.4870 | val_acc=87.43% val_f1=0.8440 | test_acc=94.94% test_f1=0.9364
Epoch 018 | train_loss=0.4654 | val_acc=88.00% val_f1=0.8526 | test_acc=92.98% test_f1=0.9071
Epoch 019 | train_loss=0.4367 | val_acc=89.14% val_f1=0.8696 | test_acc=91.01% test_f1=0.8772
Epoch 020 | train_loss=0.4012 | val_acc=90.29% val_f1=0.8874 | test_acc=90.73% test_f1=0.8726
Epoch 021 | train_loss=0.3779 | val_acc=90.29% val_f1=0.8874 | test_acc=90.45% test_f1=0.8681
Epoch 022 | train_loss=0.3349 | val_acc=90.29% val_f1=0.8874 | test_acc=90.45% test_f1=0.8681
Epoch 023 | train_loss=0.3118 | val_acc=91.43% val_f1=0.9031 | test_acc=90.17% test_f1=0.8651
Epoch 024 | train_loss=0.2938 | val_acc=92.00% val_f1=0.9113 | test_acc=90.17% test_f1=0.8651
Epoch 025 | train_loss=0.2478 | val_acc=92.57% val_f1=0.9196 | test_acc=89.89% test_f1=0.8606
Epoch 026 | train_loss=0.2466 | val_acc=92.57% val_f1=0.9196 | test_acc=89.33% test_f1=0.8515
Epoch 027 | train_loss=0.2102 | val_acc=93.71% val_f1=0.9362 | test_acc=89.04% test_f1=0.8469
Epoch 028 | train_loss=0.2172 | val_acc=93.14% val_f1=0.9287 | test_acc=88.48% test_f1=0.8376
Epoch 029 | train_loss=0.1938 | val_acc=93.14% val_f1=0.9287 | test_acc=87.64% test_f1=0.8234
Epoch 030 | train_loss=0.1783 | val_acc=93.71% val_f1=0.9362 | test_acc=89.04% test_f1=0.8485
Epoch 031 | train_loss=0.1662 | val_acc=93.71% val_f1=0.9362 | test_acc=89.33% test_f1=0.8530
Epoch 032 | train_loss=0.1939 | val_acc=93.71% val_f1=0.9362 | test_acc=89.04% test_f1=0.8485
Epoch 033 | train_loss=0.1435 | val_acc=93.71% val_f1=0.9362 | test_acc=86.80% test_f1=0.8107
Epoch 034 | train_loss=0.1339 | val_acc=93.71% val_f1=0.9362 | test_acc=87.36% test_f1=0.8204
Epoch 035 | train_loss=0.1561 | val_acc=94.29% val_f1=0.9414 | test_acc=89.04% test_f1=0.8485
Epoch 036 | train_loss=0.1220 | val_acc=94.29% val_f1=0.9414 | test_acc=89.33% test_f1=0.8530
Epoch 037 | train_loss=0.1407 | val_acc=94.86% val_f1=0.9497 | test_acc=89.33% test_f1=0.8530
Epoch 038 | train_loss=0.1187 | val_acc=95.43% val_f1=0.9550 | test_acc=89.61% test_f1=0.8575
Epoch 039 | train_loss=0.1164 | val_acc=96.00% val_f1=0.9604 | test_acc=89.61% test_f1=0.8575
Epoch 040 | train_loss=0.1062 | val_acc=96.00% val_f1=0.9604 | test_acc=88.76% test_f1=0.8439
Epoch 041 | train_loss=0.1323 | val_acc=96.00% val_f1=0.9604 | test_acc=88.20% test_f1=0.8378
Epoch 042 | train_loss=0.1060 | val_acc=96.00% val_f1=0.9604 | test_acc=88.76% test_f1=0.8469
Epoch 043 | train_loss=0.1133 | val_acc=96.00% val_f1=0.9604 | test_acc=89.33% test_f1=0.8559
Epoch 044 | train_loss=0.0896 | val_acc=96.00% val_f1=0.9604 | test_acc=89.33% test_f1=0.8559
Epoch 045 | train_loss=0.1117 | val_acc=96.00% val_f1=0.9604 | test_acc=88.76% test_f1=0.8469
Epoch 046 | train_loss=0.1040 | val_acc=96.00% val_f1=0.9604 | test_acc=88.76% test_f1=0.8469
Epoch 047 | train_loss=0.0870 | val_acc=96.57% val_f1=0.9659 | test_acc=88.48% test_f1=0.8423
Epoch 048 | train_loss=0.0995 | val_acc=96.57% val_f1=0.9659 | test_acc=88.20% test_f1=0.8378
Epoch 049 | train_loss=0.0832 | val_acc=96.57% val_f1=0.9659 | test_acc=87.64% test_f1=0.8285
Epoch 050 | train_loss=0.0884 | val_acc=96.57% val_f1=0.9659 | test_acc=87.64% test_f1=0.8285
Epoch 051 | train_loss=0.0793 | val_acc=96.57% val_f1=0.9659 | test_acc=88.48% test_f1=0.8423
Epoch 052 | train_loss=0.0861 | val_acc=96.57% val_f1=0.9659 | test_acc=89.04% test_f1=0.8514
Epoch 053 | train_loss=0.0749 | val_acc=96.57% val_f1=0.9659 | test_acc=89.04% test_f1=0.8514
Epoch 054 | train_loss=0.0721 | val_acc=97.14% val_f1=0.9714 | test_acc=88.76% test_f1=0.8469
Epoch 055 | train_loss=0.0810 | val_acc=97.14% val_f1=0.9714 | test_acc=88.48% test_f1=0.8423
Epoch 056 | train_loss=0.0827 | val_acc=97.14% val_f1=0.9714 | test_acc=88.48% test_f1=0.8438
Epoch 057 | train_loss=0.0835 | val_acc=97.71% val_f1=0.9770 | test_acc=88.20% test_f1=0.8392
Epoch 058 | train_loss=0.0797 | val_acc=97.71% val_f1=0.9770 | test_acc=88.20% test_f1=0.8392
Epoch 059 | train_loss=0.0784 | val_acc=97.71% val_f1=0.9770 | test_acc=88.76% test_f1=0.8483
Epoch 060 | train_loss=0.0791 | val_acc=97.71% val_f1=0.9770 | test_acc=88.76% test_f1=0.8483
Epoch 061 | train_loss=0.0768 | val_acc=97.71% val_f1=0.9770 | test_acc=88.20% test_f1=0.8392
Epoch 062 | train_loss=0.0744 | val_acc=97.71% val_f1=0.9770 | test_acc=88.76% test_f1=0.8483
Epoch 063 | train_loss=0.0755 | val_acc=97.71% val_f1=0.9770 | test_acc=88.76% test_f1=0.8483
Epoch 064 | train_loss=0.0763 | val_acc=97.71% val_f1=0.9770 | test_acc=88.76% test_f1=0.8483
Epoch 065 | train_loss=0.0878 | val_acc=97.71% val_f1=0.9770 | test_acc=88.76% test_f1=0.8483
Epoch 066 | train_loss=0.0897 | val_acc=97.71% val_f1=0.9770 | test_acc=88.76% test_f1=0.8483
Epoch 067 | train_loss=0.0688 | val_acc=97.71% val_f1=0.9770 | test_acc=89.04% test_f1=0.8528
Epoch 068 | train_loss=0.0622 | val_acc=97.71% val_f1=0.9770 | test_acc=89.04% test_f1=0.8528
Epoch 069 | train_loss=0.0791 | val_acc=97.71% val_f1=0.9770 | test_acc=89.04% test_f1=0.8528
Epoch 070 | train_loss=0.0583 | val_acc=97.71% val_f1=0.9770 | test_acc=89.04% test_f1=0.8528
Epoch 071 | train_loss=0.0830 | val_acc=97.71% val_f1=0.9770 | test_acc=89.04% test_f1=0.8528
Epoch 072 | train_loss=0.0680 | val_acc=97.71% val_f1=0.9770 | test_acc=89.04% test_f1=0.8528
Epoch 073 | train_loss=0.0716 | val_acc=97.71% val_f1=0.9770 | test_acc=89.04% test_f1=0.8528
Early stopping at epoch 73 (best=57, score=0.976959)
================================================================================
Best epoch: 57
Best score (val_macro_f1): 0.976959
Final test accuracy: 88.20%
Saved to: ablation_experiments/h1/results/comparison_18d_baselines/lstm/lstm_weld_seam_windows_ws5_tf75_pg0_h1_h128_l1_bi_do0.3_ep80_lr0.0001_wd0.0002_bs128_seed183
================================================================================
Comparison baseline | model=lstm
================================================================================
Dataset: /home/huang_kai/wind_turbine_phm/PHOENIX-main/autoencoder_benchmark/Data/processed_data/weld_seam_windows_ws5_tf75_pg0_h1.npz
Device: cuda
Train/Val/Test: 990 / 175 / 356
Epoch 001 | train_loss=1.0857 | val_acc=64.57% val_f1=0.4805 | test_acc=74.44% test_f1=0.5576
Epoch 002 | train_loss=1.0027 | val_acc=74.86% val_f1=0.7076 | test_acc=89.89% test_f1=0.8688
Epoch 003 | train_loss=0.7939 | val_acc=83.43% val_f1=0.7798 | test_acc=94.94% test_f1=0.9327
Epoch 004 | train_loss=0.5940 | val_acc=97.14% val_f1=0.9664 | test_acc=82.58% test_f1=0.7721
Epoch 005 | train_loss=0.3817 | val_acc=94.86% val_f1=0.9462 | test_acc=87.92% test_f1=0.8282
Epoch 006 | train_loss=0.2132 | val_acc=94.29% val_f1=0.9410 | test_acc=90.73% test_f1=0.8726
Epoch 007 | train_loss=0.1281 | val_acc=96.57% val_f1=0.9619 | test_acc=90.73% test_f1=0.8766
Epoch 008 | train_loss=0.0688 | val_acc=96.57% val_f1=0.9619 | test_acc=90.45% test_f1=0.8723
Epoch 009 | train_loss=0.0636 | val_acc=97.14% val_f1=0.9697 | test_acc=90.45% test_f1=0.8735
Epoch 010 | train_loss=0.0588 | val_acc=98.29% val_f1=0.9807 | test_acc=87.36% test_f1=0.8336
Epoch 011 | train_loss=0.0375 | val_acc=96.57% val_f1=0.9566 | test_acc=79.78% test_f1=0.6986
Epoch 012 | train_loss=0.0683 | val_acc=98.29% val_f1=0.9807 | test_acc=86.24% test_f1=0.8213
Epoch 013 | train_loss=0.0475 | val_acc=98.29% val_f1=0.9807 | test_acc=87.08% test_f1=0.8334
Epoch 014 | train_loss=0.0270 | val_acc=97.71% val_f1=0.9724 | test_acc=78.65% test_f1=0.7032
Epoch 015 | train_loss=0.0327 | val_acc=98.86% val_f1=0.9886 | test_acc=84.83% test_f1=0.8012
Epoch 016 | train_loss=0.0145 | val_acc=97.71% val_f1=0.9724 | test_acc=78.09% test_f1=0.6993
Epoch 017 | train_loss=0.0386 | val_acc=99.43% val_f1=0.9943 | test_acc=85.67% test_f1=0.8135
Epoch 018 | train_loss=0.0228 | val_acc=98.86% val_f1=0.9885 | test_acc=83.71% test_f1=0.7914
Epoch 019 | train_loss=0.0223 | val_acc=98.29% val_f1=0.9804 | test_acc=79.78% test_f1=0.7303
Epoch 020 | train_loss=0.0182 | val_acc=98.29% val_f1=0.9804 | test_acc=78.93% test_f1=0.7163
Epoch 021 | train_loss=0.0109 | val_acc=99.43% val_f1=0.9943 | test_acc=82.30% test_f1=0.7695
Epoch 022 | train_loss=0.0153 | val_acc=98.86% val_f1=0.9862 | test_acc=79.78% test_f1=0.7218
Epoch 023 | train_loss=0.0121 | val_acc=99.43% val_f1=0.9943 | test_acc=83.99% test_f1=0.7942
Epoch 024 | train_loss=0.0118 | val_acc=98.29% val_f1=0.9804 | test_acc=75.56% test_f1=0.6636
Epoch 025 | train_loss=0.0099 | val_acc=98.29% val_f1=0.9804 | test_acc=78.65% test_f1=0.7126
Epoch 026 | train_loss=0.0195 | val_acc=98.29% val_f1=0.9804 | test_acc=78.65% test_f1=0.7144
Epoch 027 | train_loss=0.0051 | val_acc=98.86% val_f1=0.9862 | test_acc=80.90% test_f1=0.7370
Epoch 028 | train_loss=0.0086 | val_acc=98.86% val_f1=0.9862 | test_acc=80.06% test_f1=0.7348
Epoch 029 | train_loss=0.0100 | val_acc=99.43% val_f1=0.9943 | test_acc=80.90% test_f1=0.7483
Epoch 030 | train_loss=0.0116 | val_acc=98.86% val_f1=0.9862 | test_acc=78.09% test_f1=0.6979
Epoch 031 | train_loss=0.0035 | val_acc=98.86% val_f1=0.9862 | test_acc=78.37% test_f1=0.7014
Epoch 032 | train_loss=0.0107 | val_acc=98.86% val_f1=0.9862 | test_acc=77.53% test_f1=0.6921
Epoch 033 | train_loss=0.0250 | val_acc=98.86% val_f1=0.9862 | test_acc=77.81% test_f1=0.7013
Early stopping at epoch 33 (best=17, score=0.994277)
================================================================================
Best epoch: 17
Best score (val_macro_f1): 0.994277
Final test accuracy: 85.67%
Saved to: ablation_experiments/h1/results/comparison_18d_baselines/lstm/lstm_weld_seam_windows_ws5_tf75_pg0_h1_h96_l2_uni_do0.3_ep80_lr0.0003_wd0.0005_bs64_seed14
================================================================================
Comparison baseline | model=lstm
================================================================================
Dataset: /home/huang_kai/wind_turbine_phm/PHOENIX-main/autoencoder_benchmark/Data/processed_data/weld_seam_windows_ws5_tf75_pg0_h1.npz
Device: cuda
Train/Val/Test: 990 / 175 / 356
Epoch 001 | train_loss=1.0838 | val_acc=85.14% val_f1=0.7875 | test_acc=87.92% test_f1=0.8261
Epoch 002 | train_loss=0.9909 | val_acc=80.57% val_f1=0.7580 | test_acc=93.54% test_f1=0.9043
Epoch 003 | train_loss=0.8928 | val_acc=80.57% val_f1=0.7580 | test_acc=93.82% test_f1=0.9087
Epoch 004 | train_loss=0.7942 | val_acc=80.57% val_f1=0.7580 | test_acc=94.66% test_f1=0.9216
Epoch 005 | train_loss=0.7028 | val_acc=80.57% val_f1=0.7580 | test_acc=95.79% test_f1=0.9386
Epoch 006 | train_loss=0.5818 | val_acc=82.29% val_f1=0.7806 | test_acc=96.91% test_f1=0.9554
Epoch 007 | train_loss=0.5244 | val_acc=85.14% val_f1=0.8238 | test_acc=95.79% test_f1=0.9400
Epoch 008 | train_loss=0.4213 | val_acc=86.86% val_f1=0.8470 | test_acc=93.82% test_f1=0.9099
Epoch 009 | train_loss=0.3609 | val_acc=89.14% val_f1=0.8799 | test_acc=90.17% test_f1=0.8530
Epoch 010 | train_loss=0.3041 | val_acc=89.71% val_f1=0.8880 | test_acc=89.61% test_f1=0.8439
Epoch 011 | train_loss=0.2228 | val_acc=90.86% val_f1=0.8982 | test_acc=91.29% test_f1=0.8722
Epoch 012 | train_loss=0.1844 | val_acc=92.57% val_f1=0.9227 | test_acc=87.92% test_f1=0.8245
Epoch 013 | train_loss=0.1478 | val_acc=94.29% val_f1=0.9422 | test_acc=87.36% test_f1=0.8186
Epoch 014 | train_loss=0.1338 | val_acc=96.00% val_f1=0.9581 | test_acc=85.96% test_f1=0.7959
Epoch 015 | train_loss=0.1171 | val_acc=97.14% val_f1=0.9714 | test_acc=87.92% test_f1=0.8316
Epoch 016 | train_loss=0.0805 | val_acc=96.57% val_f1=0.9659 | test_acc=86.24% test_f1=0.8009
Epoch 017 | train_loss=0.0763 | val_acc=97.14% val_f1=0.9717 | test_acc=88.48% test_f1=0.8393
Epoch 018 | train_loss=0.0639 | val_acc=97.14% val_f1=0.9717 | test_acc=89.33% test_f1=0.8530
Epoch 019 | train_loss=0.0604 | val_acc=97.71% val_f1=0.9775 | test_acc=87.64% test_f1=0.8252
Epoch 020 | train_loss=0.0587 | val_acc=97.71% val_f1=0.9775 | test_acc=87.64% test_f1=0.8285
Epoch 021 | train_loss=0.0415 | val_acc=98.29% val_f1=0.9830 | test_acc=84.83% test_f1=0.7818
Epoch 022 | train_loss=0.0388 | val_acc=98.29% val_f1=0.9830 | test_acc=82.58% test_f1=0.7420
Epoch 023 | train_loss=0.0345 | val_acc=98.86% val_f1=0.9886 | test_acc=84.55% test_f1=0.7843
Epoch 024 | train_loss=0.0309 | val_acc=98.86% val_f1=0.9886 | test_acc=85.96% test_f1=0.8097
Epoch 025 | train_loss=0.0271 | val_acc=98.86% val_f1=0.9886 | test_acc=82.58% test_f1=0.7510
Epoch 026 | train_loss=0.0251 | val_acc=98.86% val_f1=0.9886 | test_acc=84.55% test_f1=0.7877
Epoch 027 | train_loss=0.0240 | val_acc=98.86% val_f1=0.9886 | test_acc=85.96% test_f1=0.8097
Epoch 028 | train_loss=0.0195 | val_acc=98.86% val_f1=0.9886 | test_acc=83.71% test_f1=0.7713
Epoch 029 | train_loss=0.0237 | val_acc=99.43% val_f1=0.9943 | test_acc=85.11% test_f1=0.7971
Epoch 030 | train_loss=0.0161 | val_acc=98.86% val_f1=0.9861 | test_acc=86.52% test_f1=0.8202
Epoch 031 | train_loss=0.0165 | val_acc=99.43% val_f1=0.9943 | test_acc=83.99% test_f1=0.7780
Epoch 032 | train_loss=0.0150 | val_acc=99.43% val_f1=0.9943 | test_acc=82.30% test_f1=0.7517
Epoch 033 | train_loss=0.0145 | val_acc=99.43% val_f1=0.9943 | test_acc=82.02% test_f1=0.7536
Epoch 034 | train_loss=0.0145 | val_acc=99.43% val_f1=0.9943 | test_acc=82.02% test_f1=0.7551
Epoch 035 | train_loss=0.0142 | val_acc=99.43% val_f1=0.9943 | test_acc=82.02% test_f1=0.7536
Epoch 036 | train_loss=0.0123 | val_acc=98.86% val_f1=0.9861 | test_acc=82.87% test_f1=0.7680
Epoch 037 | train_loss=0.0090 | val_acc=99.43% val_f1=0.9943 | test_acc=82.02% test_f1=0.7551
Epoch 038 | train_loss=0.0101 | val_acc=99.43% val_f1=0.9943 | test_acc=81.18% test_f1=0.7404
Epoch 039 | train_loss=0.0139 | val_acc=99.43% val_f1=0.9943 | test_acc=81.74% test_f1=0.7502
Epoch 040 | train_loss=0.0083 | val_acc=98.86% val_f1=0.9861 | test_acc=81.74% test_f1=0.7531
Epoch 041 | train_loss=0.0072 | val_acc=98.86% val_f1=0.9861 | test_acc=81.74% test_f1=0.7531
Epoch 042 | train_loss=0.0089 | val_acc=100.00% val_f1=1.0000 | test_acc=81.18% test_f1=0.7435
Epoch 043 | train_loss=0.0097 | val_acc=100.00% val_f1=1.0000 | test_acc=80.90% test_f1=0.7400
Epoch 044 | train_loss=0.0079 | val_acc=100.00% val_f1=1.0000 | test_acc=81.18% test_f1=0.7435
Epoch 045 | train_loss=0.0067 | val_acc=100.00% val_f1=1.0000 | test_acc=81.18% test_f1=0.7435
Epoch 046 | train_loss=0.0078 | val_acc=99.43% val_f1=0.9943 | test_acc=81.18% test_f1=0.7435
Epoch 047 | train_loss=0.0077 | val_acc=100.00% val_f1=1.0000 | test_acc=81.18% test_f1=0.7435
Epoch 048 | train_loss=0.0076 | val_acc=100.00% val_f1=1.0000 | test_acc=81.18% test_f1=0.7435
Epoch 049 | train_loss=0.0075 | val_acc=100.00% val_f1=1.0000 | test_acc=80.62% test_f1=0.7366
Epoch 050 | train_loss=0.0051 | val_acc=100.00% val_f1=1.0000 | test_acc=80.90% test_f1=0.7414
Epoch 051 | train_loss=0.0058 | val_acc=100.00% val_f1=1.0000 | test_acc=80.62% test_f1=0.7366
Epoch 052 | train_loss=0.0068 | val_acc=100.00% val_f1=1.0000 | test_acc=80.34% test_f1=0.7331
Epoch 053 | train_loss=0.0048 | val_acc=100.00% val_f1=1.0000 | test_acc=80.62% test_f1=0.7379
Epoch 054 | train_loss=0.0062 | val_acc=99.43% val_f1=0.9919 | test_acc=81.18% test_f1=0.7462
Epoch 055 | train_loss=0.0047 | val_acc=99.43% val_f1=0.9919 | test_acc=80.90% test_f1=0.7427
Epoch 056 | train_loss=0.0057 | val_acc=99.43% val_f1=0.9919 | test_acc=80.62% test_f1=0.7379
Epoch 057 | train_loss=0.0068 | val_acc=100.00% val_f1=1.0000 | test_acc=80.62% test_f1=0.7366
Epoch 058 | train_loss=0.0038 | val_acc=100.00% val_f1=1.0000 | test_acc=80.62% test_f1=0.7366
Early stopping at epoch 58 (best=42, score=1.000000)
================================================================================
Best epoch: 42
Best score (val_macro_f1): 1.000000
Final test accuracy: 81.18%
Saved to: ablation_experiments/h1/results/comparison_18d_baselines/lstm/lstm_weld_seam_windows_ws5_tf75_pg0_h1_h64_l1_bi_do0.3_ep80_lr0.0003_wd0.0002_bs128_seed183
================================================================================
Comparison baseline | model=lstm
================================================================================
Dataset: /home/huang_kai/wind_turbine_phm/PHOENIX-main/autoencoder_benchmark/Data/processed_data/weld_seam_windows_ws5_tf75_pg0_h1.npz
Device: cuda
Train/Val/Test: 990 / 175 / 356
Epoch 001 | train_loss=1.0876 | val_acc=24.00% val_f1=0.1290 | test_acc=23.31% test_f1=0.1260
Epoch 002 | train_loss=1.0794 | val_acc=24.00% val_f1=0.1290 | test_acc=23.31% test_f1=0.1260
Epoch 003 | train_loss=1.0647 | val_acc=36.00% val_f1=0.3724 | test_acc=23.60% test_f1=0.1348
Epoch 004 | train_loss=1.0447 | val_acc=44.00% val_f1=0.4620 | test_acc=42.42% test_f1=0.4596
Epoch 005 | train_loss=1.0120 | val_acc=36.57% val_f1=0.3727 | test_acc=44.66% test_f1=0.4795
Epoch 006 | train_loss=0.9247 | val_acc=32.00% val_f1=0.3222 | test_acc=42.98% test_f1=0.4587
Epoch 007 | train_loss=0.8270 | val_acc=32.57% val_f1=0.3266 | test_acc=42.98% test_f1=0.4587
Epoch 008 | train_loss=0.7343 | val_acc=36.57% val_f1=0.3706 | test_acc=45.51% test_f1=0.4911
Epoch 009 | train_loss=0.6466 | val_acc=43.43% val_f1=0.4547 | test_acc=57.58% test_f1=0.6299
Epoch 010 | train_loss=0.5621 | val_acc=61.71% val_f1=0.6542 | test_acc=71.91% test_f1=0.7425
Epoch 011 | train_loss=0.4484 | val_acc=76.00% val_f1=0.7875 | test_acc=77.81% test_f1=0.7674
Epoch 012 | train_loss=0.3816 | val_acc=81.71% val_f1=0.8335 | test_acc=86.52% test_f1=0.8225
Epoch 013 | train_loss=0.3230 | val_acc=88.00% val_f1=0.8846 | test_acc=88.76% test_f1=0.8372
Epoch 014 | train_loss=0.2691 | val_acc=90.29% val_f1=0.9038 | test_acc=92.42% test_f1=0.8876
Epoch 015 | train_loss=0.2455 | val_acc=93.14% val_f1=0.9284 | test_acc=92.13% test_f1=0.8842
Epoch 016 | train_loss=0.1942 | val_acc=94.29% val_f1=0.9356 | test_acc=92.42% test_f1=0.8962
Epoch 017 | train_loss=0.1810 | val_acc=96.00% val_f1=0.9540 | test_acc=90.45% test_f1=0.8681
Epoch 018 | train_loss=0.1730 | val_acc=97.14% val_f1=0.9673 | test_acc=91.01% test_f1=0.8810
Epoch 019 | train_loss=0.1458 | val_acc=97.14% val_f1=0.9647 | test_acc=89.33% test_f1=0.8545
Epoch 020 | train_loss=0.1213 | val_acc=97.14% val_f1=0.9647 | test_acc=88.76% test_f1=0.8454
Epoch 021 | train_loss=0.1116 | val_acc=97.14% val_f1=0.9647 | test_acc=88.48% test_f1=0.8408
Epoch 022 | train_loss=0.0894 | val_acc=97.71% val_f1=0.9701 | test_acc=87.08% test_f1=0.8191
Epoch 023 | train_loss=0.0869 | val_acc=98.29% val_f1=0.9782 | test_acc=87.64% test_f1=0.8301
Epoch 024 | train_loss=0.0784 | val_acc=98.29% val_f1=0.9782 | test_acc=87.92% test_f1=0.8347
Epoch 025 | train_loss=0.0738 | val_acc=98.29% val_f1=0.9782 | test_acc=88.76% test_f1=0.8496
Epoch 026 | train_loss=0.0616 | val_acc=98.29% val_f1=0.9782 | test_acc=88.76% test_f1=0.8496
Epoch 027 | train_loss=0.0597 | val_acc=97.71% val_f1=0.9701 | test_acc=85.67% test_f1=0.8003
Epoch 028 | train_loss=0.0426 | val_acc=97.71% val_f1=0.9701 | test_acc=85.39% test_f1=0.7988
Epoch 029 | train_loss=0.0488 | val_acc=98.29% val_f1=0.9782 | test_acc=87.08% test_f1=0.8238
Epoch 030 | train_loss=0.0614 | val_acc=98.86% val_f1=0.9862 | test_acc=87.92% test_f1=0.8375
Epoch 031 | train_loss=0.0508 | val_acc=98.29% val_f1=0.9782 | test_acc=86.52% test_f1=0.8189
Epoch 032 | train_loss=0.0597 | val_acc=98.86% val_f1=0.9837 | test_acc=83.71% test_f1=0.7764
Epoch 033 | train_loss=0.0515 | val_acc=99.43% val_f1=0.9919 | test_acc=85.96% test_f1=0.8136
Epoch 034 | train_loss=0.0470 | val_acc=99.43% val_f1=0.9919 | test_acc=85.39% test_f1=0.8058
Epoch 035 | train_loss=0.0465 | val_acc=99.43% val_f1=0.9919 | test_acc=84.27% test_f1=0.7859
Epoch 036 | train_loss=0.0696 | val_acc=100.00% val_f1=1.0000 | test_acc=85.96% test_f1=0.8136
Epoch 037 | train_loss=0.0370 | val_acc=99.43% val_f1=0.9919 | test_acc=84.83% test_f1=0.7967
Epoch 038 | train_loss=0.0439 | val_acc=98.86% val_f1=0.9837 | test_acc=82.87% test_f1=0.7650
Epoch 039 | train_loss=0.0349 | val_acc=100.00% val_f1=1.0000 | test_acc=84.55% test_f1=0.7933
Epoch 040 | train_loss=0.0446 | val_acc=99.43% val_f1=0.9919 | test_acc=83.43% test_f1=0.7746
Epoch 041 | train_loss=0.0286 | val_acc=99.43% val_f1=0.9919 | test_acc=83.71% test_f1=0.7764
Epoch 042 | train_loss=0.0479 | val_acc=100.00% val_f1=1.0000 | test_acc=85.39% test_f1=0.8045
Epoch 043 | train_loss=0.0321 | val_acc=100.00% val_f1=1.0000 | test_acc=83.99% test_f1=0.7854
Epoch 044 | train_loss=0.0425 | val_acc=100.00% val_f1=1.0000 | test_acc=84.27% test_f1=0.7900
Epoch 045 | train_loss=0.0407 | val_acc=99.43% val_f1=0.9919 | test_acc=82.87% test_f1=0.7666
Epoch 046 | train_loss=0.0257 | val_acc=99.43% val_f1=0.9919 | test_acc=82.87% test_f1=0.7666
Epoch 047 | train_loss=0.0301 | val_acc=100.00% val_f1=1.0000 | test_acc=84.27% test_f1=0.7874
Epoch 048 | train_loss=0.0427 | val_acc=100.00% val_f1=1.0000 | test_acc=82.87% test_f1=0.7666
Epoch 049 | train_loss=0.0288 | val_acc=99.43% val_f1=0.9919 | test_acc=82.87% test_f1=0.7666
Epoch 050 | train_loss=0.0284 | val_acc=98.86% val_f1=0.9837 | test_acc=81.74% test_f1=0.7453
Epoch 051 | train_loss=0.0460 | val_acc=99.43% val_f1=0.9919 | test_acc=83.43% test_f1=0.7731
Epoch 052 | train_loss=0.0301 | val_acc=99.43% val_f1=0.9919 | test_acc=83.15% test_f1=0.7699
Early stopping at epoch 52 (best=36, score=1.000000)
================================================================================
Best epoch: 36
Best score (val_macro_f1): 1.000000
Final test accuracy: 85.96%
Saved to: ablation_experiments/h1/results/comparison_18d_baselines/lstm/lstm_weld_seam_windows_ws5_tf75_pg0_h1_h128_l2_uni_do0.2_ep80_lr0.0001_wd0.0002_bs64_seed100
================================================================================
Comparison baseline | model=lstm
================================================================================
Dataset: /home/huang_kai/wind_turbine_phm/PHOENIX-main/autoencoder_benchmark/Data/processed_data/weld_seam_windows_ws5_tf75_pg0_h1.npz
Device: cuda
Train/Val/Test: 990 / 175 / 356
Epoch 001 | train_loss=1.0928 | val_acc=73.71% val_f1=0.5598 | test_acc=65.45% test_f1=0.5310
Epoch 002 | train_loss=1.0692 | val_acc=77.71% val_f1=0.6283 | test_acc=74.72% test_f1=0.5856
Epoch 003 | train_loss=1.0470 | val_acc=79.43% val_f1=0.7061 | test_acc=78.93% test_f1=0.6657
Epoch 004 | train_loss=1.0228 | val_acc=78.29% val_f1=0.7142 | test_acc=88.48% test_f1=0.8347
Epoch 005 | train_loss=0.9885 | val_acc=78.86% val_f1=0.7289 | test_acc=91.01% test_f1=0.8707
Epoch 006 | train_loss=0.9651 | val_acc=78.86% val_f1=0.7289 | test_acc=92.70% test_f1=0.8928
Epoch 007 | train_loss=0.9317 | val_acc=78.86% val_f1=0.7289 | test_acc=92.98% test_f1=0.8956
Epoch 008 | train_loss=0.8919 | val_acc=78.86% val_f1=0.7289 | test_acc=93.26% test_f1=0.9000
Epoch 009 | train_loss=0.8592 | val_acc=78.86% val_f1=0.7289 | test_acc=93.82% test_f1=0.9087
Epoch 010 | train_loss=0.8299 | val_acc=79.43% val_f1=0.7382 | test_acc=94.38% test_f1=0.9173
Epoch 011 | train_loss=0.8179 | val_acc=78.86% val_f1=0.7337 | test_acc=94.94% test_f1=0.9259
Epoch 012 | train_loss=0.7556 | val_acc=78.86% val_f1=0.7337 | test_acc=96.07% test_f1=0.9428
Epoch 013 | train_loss=0.7484 | val_acc=79.43% val_f1=0.7382 | test_acc=96.63% test_f1=0.9512
Epoch 014 | train_loss=0.7106 | val_acc=82.29% val_f1=0.7747 | test_acc=96.91% test_f1=0.9554
Epoch 015 | train_loss=0.6788 | val_acc=84.00% val_f1=0.7973 | test_acc=97.47% test_f1=0.9638
Epoch 016 | train_loss=0.6268 | val_acc=86.29% val_f1=0.8279 | test_acc=97.75% test_f1=0.9680
Epoch 017 | train_loss=0.6357 | val_acc=86.86% val_f1=0.8364 | test_acc=98.31% test_f1=0.9763
Epoch 018 | train_loss=0.6070 | val_acc=87.43% val_f1=0.8448 | test_acc=98.31% test_f1=0.9763
Epoch 019 | train_loss=0.5959 | val_acc=87.43% val_f1=0.8448 | test_acc=98.60% test_f1=0.9805
Epoch 020 | train_loss=0.5400 | val_acc=88.57% val_f1=0.8583 | test_acc=99.16% test_f1=0.9888
Epoch 021 | train_loss=0.5380 | val_acc=88.57% val_f1=0.8583 | test_acc=98.31% test_f1=0.9763
Epoch 022 | train_loss=0.5143 | val_acc=89.71% val_f1=0.8748 | test_acc=98.31% test_f1=0.9776
Epoch 023 | train_loss=0.5021 | val_acc=90.86% val_f1=0.8911 | test_acc=97.47% test_f1=0.9651
Epoch 024 | train_loss=0.4468 | val_acc=91.43% val_f1=0.8994 | test_acc=96.63% test_f1=0.9525
Epoch 025 | train_loss=0.4577 | val_acc=91.43% val_f1=0.8994 | test_acc=95.51% test_f1=0.9368
Epoch 026 | train_loss=0.4053 | val_acc=92.00% val_f1=0.9075 | test_acc=94.66% test_f1=0.9240
Epoch 027 | train_loss=0.4164 | val_acc=92.00% val_f1=0.9104 | test_acc=93.82% test_f1=0.9109
Epoch 028 | train_loss=0.3818 | val_acc=92.57% val_f1=0.9192 | test_acc=92.98% test_f1=0.8977
Epoch 029 | train_loss=0.3766 | val_acc=92.57% val_f1=0.9192 | test_acc=92.13% test_f1=0.8842
Epoch 030 | train_loss=0.3476 | val_acc=93.14% val_f1=0.9272 | test_acc=91.57% test_f1=0.8768
Epoch 031 | train_loss=0.3282 | val_acc=93.14% val_f1=0.9272 | test_acc=91.85% test_f1=0.8813
Epoch 032 | train_loss=0.2999 | val_acc=92.57% val_f1=0.9221 | test_acc=92.13% test_f1=0.8858
Epoch 033 | train_loss=0.3031 | val_acc=92.57% val_f1=0.9221 | test_acc=91.29% test_f1=0.8722
Epoch 034 | train_loss=0.2930 | val_acc=93.14% val_f1=0.9302 | test_acc=91.01% test_f1=0.8693
Epoch 035 | train_loss=0.2663 | val_acc=93.14% val_f1=0.9302 | test_acc=91.01% test_f1=0.8693
Epoch 036 | train_loss=0.2567 | val_acc=93.14% val_f1=0.9302 | test_acc=91.01% test_f1=0.8693
Epoch 037 | train_loss=0.2560 | val_acc=93.14% val_f1=0.9302 | test_acc=91.01% test_f1=0.8693
Epoch 038 | train_loss=0.2472 | val_acc=92.57% val_f1=0.9251 | test_acc=90.73% test_f1=0.8664
Epoch 039 | train_loss=0.2342 | val_acc=93.14% val_f1=0.9302 | test_acc=90.73% test_f1=0.8664
Epoch 040 | train_loss=0.2208 | val_acc=93.71% val_f1=0.9353 | test_acc=90.45% test_f1=0.8617
Epoch 041 | train_loss=0.2325 | val_acc=93.71% val_f1=0.9353 | test_acc=90.73% test_f1=0.8664
Epoch 042 | train_loss=0.2140 | val_acc=94.29% val_f1=0.9405 | test_acc=90.45% test_f1=0.8634
Epoch 043 | train_loss=0.2055 | val_acc=94.29% val_f1=0.9405 | test_acc=90.17% test_f1=0.8588
Epoch 044 | train_loss=0.2062 | val_acc=94.29% val_f1=0.9405 | test_acc=89.61% test_f1=0.8512
Epoch 045 | train_loss=0.1998 | val_acc=94.29% val_f1=0.9405 | test_acc=89.33% test_f1=0.8466
Epoch 046 | train_loss=0.1870 | val_acc=94.86% val_f1=0.9457 | test_acc=89.04% test_f1=0.8419
Epoch 047 | train_loss=0.1848 | val_acc=94.86% val_f1=0.9457 | test_acc=89.04% test_f1=0.8453
Epoch 048 | train_loss=0.1861 | val_acc=94.86% val_f1=0.9457 | test_acc=89.61% test_f1=0.8545
Epoch 049 | train_loss=0.1818 | val_acc=94.86% val_f1=0.9457 | test_acc=89.33% test_f1=0.8499
Epoch 050 | train_loss=0.1619 | val_acc=95.43% val_f1=0.9538 | test_acc=89.33% test_f1=0.8499
Epoch 051 | train_loss=0.1653 | val_acc=96.00% val_f1=0.9590 | test_acc=89.33% test_f1=0.8499
Epoch 052 | train_loss=0.1740 | val_acc=96.00% val_f1=0.9590 | test_acc=89.33% test_f1=0.8515
Epoch 053 | train_loss=0.1593 | val_acc=96.00% val_f1=0.9590 | test_acc=89.61% test_f1=0.8560
Epoch 054 | train_loss=0.1525 | val_acc=96.00% val_f1=0.9590 | test_acc=89.33% test_f1=0.8515
Epoch 055 | train_loss=0.1510 | val_acc=96.57% val_f1=0.9644 | test_acc=89.04% test_f1=0.8469
Epoch 056 | train_loss=0.1697 | val_acc=96.57% val_f1=0.9644 | test_acc=88.20% test_f1=0.8329
Epoch 057 | train_loss=0.1504 | val_acc=96.57% val_f1=0.9644 | test_acc=88.48% test_f1=0.8376
Epoch 058 | train_loss=0.1684 | val_acc=96.57% val_f1=0.9644 | test_acc=88.76% test_f1=0.8423
Epoch 059 | train_loss=0.1507 | val_acc=96.57% val_f1=0.9644 | test_acc=88.76% test_f1=0.8423
Epoch 060 | train_loss=0.1404 | val_acc=96.57% val_f1=0.9644 | test_acc=88.20% test_f1=0.8329
Epoch 061 | train_loss=0.1316 | val_acc=96.57% val_f1=0.9644 | test_acc=88.48% test_f1=0.8376
Epoch 062 | train_loss=0.1423 | val_acc=96.57% val_f1=0.9644 | test_acc=88.76% test_f1=0.8423
Epoch 063 | train_loss=0.1331 | val_acc=96.57% val_f1=0.9644 | test_acc=88.76% test_f1=0.8423
Epoch 064 | train_loss=0.1579 | val_acc=96.57% val_f1=0.9644 | test_acc=88.76% test_f1=0.8423
Epoch 065 | train_loss=0.1393 | val_acc=96.57% val_f1=0.9644 | test_acc=89.04% test_f1=0.8469
Epoch 066 | train_loss=0.1343 | val_acc=96.57% val_f1=0.9644 | test_acc=89.33% test_f1=0.8515
Epoch 067 | train_loss=0.1388 | val_acc=96.57% val_f1=0.9644 | test_acc=89.33% test_f1=0.8515
Epoch 068 | train_loss=0.1375 | val_acc=96.57% val_f1=0.9644 | test_acc=89.33% test_f1=0.8515
Epoch 069 | train_loss=0.1347 | val_acc=97.14% val_f1=0.9697 | test_acc=89.33% test_f1=0.8515
Epoch 070 | train_loss=0.1244 | val_acc=97.14% val_f1=0.9697 | test_acc=89.33% test_f1=0.8515
Epoch 071 | train_loss=0.1358 | val_acc=97.14% val_f1=0.9697 | test_acc=89.33% test_f1=0.8515
Epoch 072 | train_loss=0.1469 | val_acc=97.14% val_f1=0.9697 | test_acc=89.33% test_f1=0.8515
Epoch 073 | train_loss=0.1376 | val_acc=97.14% val_f1=0.9697 | test_acc=89.33% test_f1=0.8515
Epoch 074 | train_loss=0.1363 | val_acc=97.14% val_f1=0.9697 | test_acc=89.33% test_f1=0.8515
Epoch 075 | train_loss=0.1373 | val_acc=97.14% val_f1=0.9697 | test_acc=89.33% test_f1=0.8515
Epoch 076 | train_loss=0.1419 | val_acc=97.14% val_f1=0.9697 | test_acc=89.33% test_f1=0.8515
Epoch 077 | train_loss=0.1397 | val_acc=97.14% val_f1=0.9697 | test_acc=89.33% test_f1=0.8515
Epoch 078 | train_loss=0.1467 | val_acc=97.14% val_f1=0.9697 | test_acc=89.04% test_f1=0.8469
Epoch 079 | train_loss=0.1375 | val_acc=97.14% val_f1=0.9697 | test_acc=89.04% test_f1=0.8469
Epoch 080 | train_loss=0.1462 | val_acc=97.14% val_f1=0.9697 | test_acc=89.04% test_f1=0.8469
================================================================================
Best epoch: 69
Best score (val_macro_f1): 0.969728
Final test accuracy: 89.33%
Saved to: ablation_experiments/h1/results/comparison_18d_baselines/lstm/lstm_weld_seam_windows_ws5_tf75_pg0_h1_h64_l1_bi_do0.3_ep80_lr0.0001_wd0.0001_bs128_seed42
================================================================================
Comparison baseline | model=lstm
================================================================================
Dataset: /home/huang_kai/wind_turbine_phm/PHOENIX-main/autoencoder_benchmark/Data/processed_data/weld_seam_windows_ws5_tf75_pg0_h1.npz
Device: cuda
Train/Val/Test: 990 / 175 / 356
Epoch 001 | train_loss=1.0794 | val_acc=22.86% val_f1=0.1240 | test_acc=21.91% test_f1=0.1198
Epoch 002 | train_loss=1.0706 | val_acc=22.86% val_f1=0.1240 | test_acc=21.91% test_f1=0.1198
Epoch 003 | train_loss=1.0659 | val_acc=22.86% val_f1=0.1240 | test_acc=21.91% test_f1=0.1198
Epoch 004 | train_loss=1.0555 | val_acc=22.86% val_f1=0.1276 | test_acc=21.91% test_f1=0.1259
Epoch 005 | train_loss=1.0356 | val_acc=22.86% val_f1=0.1368 | test_acc=21.91% test_f1=0.1651
Epoch 006 | train_loss=1.0234 | val_acc=25.14% val_f1=0.1994 | test_acc=30.90% test_f1=0.2973
Epoch 007 | train_loss=1.0098 | val_acc=31.43% val_f1=0.3093 | test_acc=42.42% test_f1=0.4508
Epoch 008 | train_loss=0.9824 | val_acc=37.14% val_f1=0.3801 | test_acc=58.71% test_f1=0.6159
Epoch 009 | train_loss=0.9495 | val_acc=56.00% val_f1=0.5507 | test_acc=80.90% test_f1=0.7949
Epoch 010 | train_loss=0.9378 | val_acc=68.00% val_f1=0.6447 | test_acc=92.42% test_f1=0.9034
Epoch 011 | train_loss=0.8826 | val_acc=74.86% val_f1=0.7032 | test_acc=95.22% test_f1=0.9362
Epoch 012 | train_loss=0.8452 | val_acc=78.29% val_f1=0.7292 | test_acc=97.47% test_f1=0.9638
Epoch 013 | train_loss=0.8009 | val_acc=80.57% val_f1=0.7472 | test_acc=98.31% test_f1=0.9763
Epoch 014 | train_loss=0.7700 | val_acc=84.00% val_f1=0.7854 | test_acc=96.91% test_f1=0.9621
Epoch 015 | train_loss=0.6954 | val_acc=88.00% val_f1=0.8409 | test_acc=94.10% test_f1=0.9320
Epoch 016 | train_loss=0.6820 | val_acc=88.00% val_f1=0.8383 | test_acc=91.01% test_f1=0.8924
Epoch 017 | train_loss=0.6584 | val_acc=89.14% val_f1=0.8521 | test_acc=89.61% test_f1=0.8741
Epoch 018 | train_loss=0.5970 | val_acc=90.86% val_f1=0.8786 | test_acc=88.48% test_f1=0.8580
Epoch 019 | train_loss=0.5601 | val_acc=92.57% val_f1=0.9013 | test_acc=89.61% test_f1=0.8752
Epoch 020 | train_loss=0.5173 | val_acc=94.29% val_f1=0.9250 | test_acc=90.45% test_f1=0.8856
Epoch 021 | train_loss=0.4713 | val_acc=96.57% val_f1=0.9582 | test_acc=89.04% test_f1=0.8645
Epoch 022 | train_loss=0.4366 | val_acc=97.14% val_f1=0.9667 | test_acc=88.76% test_f1=0.8554
Epoch 023 | train_loss=0.3970 | val_acc=96.57% val_f1=0.9612 | test_acc=90.73% test_f1=0.8779
Epoch 024 | train_loss=0.3570 | val_acc=97.14% val_f1=0.9697 | test_acc=90.73% test_f1=0.8753
Epoch 025 | train_loss=0.3289 | val_acc=95.43% val_f1=0.9538 | test_acc=90.17% test_f1=0.8621
Epoch 026 | train_loss=0.2958 | val_acc=95.43% val_f1=0.9538 | test_acc=90.45% test_f1=0.8666
Epoch 027 | train_loss=0.2461 | val_acc=95.43% val_f1=0.9538 | test_acc=91.29% test_f1=0.8800
Epoch 028 | train_loss=0.2228 | val_acc=95.43% val_f1=0.9538 | test_acc=90.45% test_f1=0.8666
Epoch 029 | train_loss=0.2055 | val_acc=94.86% val_f1=0.9485 | test_acc=90.45% test_f1=0.8666
Epoch 030 | train_loss=0.1926 | val_acc=94.29% val_f1=0.9434 | test_acc=90.45% test_f1=0.8666
Epoch 031 | train_loss=0.1615 | val_acc=94.29% val_f1=0.9434 | test_acc=90.45% test_f1=0.8666
Epoch 032 | train_loss=0.1580 | val_acc=94.29% val_f1=0.9434 | test_acc=90.45% test_f1=0.8666
Epoch 033 | train_loss=0.1314 | val_acc=94.29% val_f1=0.9434 | test_acc=89.33% test_f1=0.8483
Epoch 034 | train_loss=0.1559 | val_acc=95.43% val_f1=0.9560 | test_acc=91.29% test_f1=0.8800
Epoch 035 | train_loss=0.1176 | val_acc=96.57% val_f1=0.9667 | test_acc=90.73% test_f1=0.8726
Epoch 036 | train_loss=0.1265 | val_acc=96.57% val_f1=0.9667 | test_acc=90.17% test_f1=0.8651
Epoch 037 | train_loss=0.1171 | val_acc=96.57% val_f1=0.9667 | test_acc=89.89% test_f1=0.8620
Epoch 038 | train_loss=0.1157 | val_acc=96.57% val_f1=0.9667 | test_acc=89.89% test_f1=0.8620
Epoch 039 | train_loss=0.0970 | val_acc=96.57% val_f1=0.9667 | test_acc=90.17% test_f1=0.8651
Epoch 040 | train_loss=0.0957 | val_acc=96.57% val_f1=0.9667 | test_acc=89.89% test_f1=0.8620
Early stopping at epoch 40 (best=24, score=0.969728)
================================================================================
Best epoch: 24
Best score (val_macro_f1): 0.969728
Final test accuracy: 90.73%
Saved to: ablation_experiments/h1/results/comparison_18d_baselines/lstm/lstm_weld_seam_windows_ws5_tf75_pg0_h1_h64_l2_bi_do0.3_ep80_lr0.0001_wd1e-05_bs128_seed42
================================================================================
Comparison baseline | model=lstm
================================================================================
Dataset: /home/huang_kai/wind_turbine_phm/PHOENIX-main/autoencoder_benchmark/Data/processed_data/weld_seam_windows_ws5_tf75_pg0_h1.npz
Device: cuda
Train/Val/Test: 990 / 175 / 356
Epoch 001 | train_loss=1.1023 | val_acc=61.71% val_f1=0.4622 | test_acc=46.07% test_f1=0.3502
Epoch 002 | train_loss=1.0923 | val_acc=49.14% val_f1=0.3760 | test_acc=33.99% test_f1=0.2467
Epoch 003 | train_loss=1.0821 | val_acc=45.71% val_f1=0.4051 | test_acc=30.90% test_f1=0.2154
Epoch 004 | train_loss=1.0707 | val_acc=61.14% val_f1=0.6572 | test_acc=35.39% test_f1=0.3161
Epoch 005 | train_loss=1.0547 | val_acc=65.14% val_f1=0.6898 | test_acc=46.91% test_f1=0.5109
Epoch 006 | train_loss=1.0314 | val_acc=65.71% val_f1=0.6797 | test_acc=57.87% test_f1=0.6323
Epoch 007 | train_loss=1.0080 | val_acc=65.71% val_f1=0.6581 | test_acc=65.73% test_f1=0.7027
Epoch 008 | train_loss=0.9661 | val_acc=70.86% val_f1=0.6895 | test_acc=73.60% test_f1=0.7658
Epoch 009 | train_loss=0.9363 | val_acc=73.14% val_f1=0.7030 | test_acc=75.56% test_f1=0.7735
Epoch 010 | train_loss=0.9002 | val_acc=74.86% val_f1=0.7119 | test_acc=78.09% test_f1=0.7901
Epoch 011 | train_loss=0.8064 | val_acc=75.43% val_f1=0.7119 | test_acc=81.46% test_f1=0.8134
Epoch 012 | train_loss=0.8153 | val_acc=77.71% val_f1=0.7337 | test_acc=86.52% test_f1=0.8547
Epoch 013 | train_loss=0.7371 | val_acc=79.43% val_f1=0.7514 | test_acc=90.73% test_f1=0.8937
Epoch 014 | train_loss=0.7050 | val_acc=80.57% val_f1=0.7647 | test_acc=94.38% test_f1=0.9335
Epoch 015 | train_loss=0.6558 | val_acc=80.57% val_f1=0.7647 | test_acc=96.63% test_f1=0.9595
Epoch 016 | train_loss=0.6442 | val_acc=81.71% val_f1=0.7828 | test_acc=97.19% test_f1=0.9637
Epoch 017 | train_loss=0.6108 | val_acc=82.86% val_f1=0.7996 | test_acc=97.19% test_f1=0.9639
Epoch 018 | train_loss=0.5909 | val_acc=85.14% val_f1=0.8325 | test_acc=97.19% test_f1=0.9640
Epoch 019 | train_loss=0.5484 | val_acc=85.71% val_f1=0.8406 | test_acc=95.79% test_f1=0.9433
Epoch 020 | train_loss=0.5246 | val_acc=85.71% val_f1=0.8406 | test_acc=94.66% test_f1=0.9282
Epoch 021 | train_loss=0.4585 | val_acc=88.57% val_f1=0.8765 | test_acc=92.42% test_f1=0.8938
Epoch 022 | train_loss=0.4326 | val_acc=89.71% val_f1=0.8923 | test_acc=91.29% test_f1=0.8760
Epoch 023 | train_loss=0.3855 | val_acc=90.29% val_f1=0.8974 | test_acc=91.29% test_f1=0.8760
Epoch 024 | train_loss=0.3612 | val_acc=91.43% val_f1=0.9133 | test_acc=90.45% test_f1=0.8623
Epoch 025 | train_loss=0.3295 | val_acc=90.86% val_f1=0.9061 | test_acc=90.17% test_f1=0.8577
Epoch 026 | train_loss=0.3038 | val_acc=92.00% val_f1=0.9213 | test_acc=88.76% test_f1=0.8312
Epoch 027 | train_loss=0.2658 | val_acc=92.00% val_f1=0.9213 | test_acc=89.61% test_f1=0.8458
Epoch 028 | train_loss=0.2480 | val_acc=92.57% val_f1=0.9286 | test_acc=90.45% test_f1=0.8600
Epoch 029 | train_loss=0.2222 | val_acc=92.57% val_f1=0.9296 | test_acc=90.45% test_f1=0.8600
Epoch 030 | train_loss=0.2248 | val_acc=93.71% val_f1=0.9399 | test_acc=90.45% test_f1=0.8600
Epoch 031 | train_loss=0.2051 | val_acc=93.14% val_f1=0.9340 | test_acc=90.73% test_f1=0.8622
Epoch 032 | train_loss=0.1858 | val_acc=93.71% val_f1=0.9392 | test_acc=90.45% test_f1=0.8550
Epoch 033 | train_loss=0.1605 | val_acc=94.86% val_f1=0.9497 | test_acc=88.48% test_f1=0.8250
Epoch 034 | train_loss=0.1609 | val_acc=94.86% val_f1=0.9497 | test_acc=89.61% test_f1=0.8465
Epoch 035 | train_loss=0.1519 | val_acc=95.43% val_f1=0.9550 | test_acc=90.17% test_f1=0.8553
Epoch 036 | train_loss=0.1442 | val_acc=95.43% val_f1=0.9550 | test_acc=89.89% test_f1=0.8542
Epoch 037 | train_loss=0.1505 | val_acc=95.43% val_f1=0.9550 | test_acc=89.89% test_f1=0.8559
Epoch 038 | train_loss=0.1165 | val_acc=96.57% val_f1=0.9659 | test_acc=89.33% test_f1=0.8483
Epoch 039 | train_loss=0.1189 | val_acc=96.57% val_f1=0.9659 | test_acc=89.33% test_f1=0.8483
Epoch 040 | train_loss=0.1080 | val_acc=96.57% val_f1=0.9659 | test_acc=89.33% test_f1=0.8483
Epoch 041 | train_loss=0.1251 | val_acc=96.57% val_f1=0.9659 | test_acc=88.48% test_f1=0.8341
Epoch 042 | train_loss=0.1047 | val_acc=96.57% val_f1=0.9659 | test_acc=87.64% test_f1=0.8197
Epoch 043 | train_loss=0.1029 | val_acc=96.57% val_f1=0.9659 | test_acc=88.76% test_f1=0.8389
Epoch 044 | train_loss=0.0939 | val_acc=96.57% val_f1=0.9659 | test_acc=90.17% test_f1=0.8621
Epoch 045 | train_loss=0.0981 | val_acc=96.57% val_f1=0.9659 | test_acc=89.33% test_f1=0.8499
Epoch 046 | train_loss=0.0763 | val_acc=97.14% val_f1=0.9714 | test_acc=88.20% test_f1=0.8329
Epoch 047 | train_loss=0.0774 | val_acc=97.14% val_f1=0.9714 | test_acc=87.08% test_f1=0.8174
Epoch 048 | train_loss=0.0907 | val_acc=97.14% val_f1=0.9714 | test_acc=87.92% test_f1=0.8316
Epoch 049 | train_loss=0.0817 | val_acc=97.14% val_f1=0.9714 | test_acc=89.04% test_f1=0.8500
Epoch 050 | train_loss=0.0784 | val_acc=97.14% val_f1=0.9714 | test_acc=89.33% test_f1=0.8545
Epoch 051 | train_loss=0.0766 | val_acc=97.14% val_f1=0.9714 | test_acc=89.33% test_f1=0.8545
Epoch 052 | train_loss=0.0811 | val_acc=97.14% val_f1=0.9714 | test_acc=89.33% test_f1=0.8545
Epoch 053 | train_loss=0.0729 | val_acc=97.14% val_f1=0.9714 | test_acc=88.48% test_f1=0.8408
Epoch 054 | train_loss=0.0791 | val_acc=97.14% val_f1=0.9714 | test_acc=88.48% test_f1=0.8408
Epoch 055 | train_loss=0.0777 | val_acc=97.14% val_f1=0.9714 | test_acc=88.48% test_f1=0.8408
Epoch 056 | train_loss=0.0715 | val_acc=97.14% val_f1=0.9714 | test_acc=89.33% test_f1=0.8545
Epoch 057 | train_loss=0.0636 | val_acc=97.14% val_f1=0.9714 | test_acc=88.48% test_f1=0.8408
Epoch 058 | train_loss=0.0832 | val_acc=97.14% val_f1=0.9714 | test_acc=88.76% test_f1=0.8454
Epoch 059 | train_loss=0.0705 | val_acc=97.14% val_f1=0.9714 | test_acc=88.76% test_f1=0.8454
Epoch 060 | train_loss=0.0611 | val_acc=97.14% val_f1=0.9714 | test_acc=88.48% test_f1=0.8408
Epoch 061 | train_loss=0.0685 | val_acc=97.14% val_f1=0.9714 | test_acc=88.20% test_f1=0.8362
Epoch 062 | train_loss=0.0628 | val_acc=97.14% val_f1=0.9714 | test_acc=87.64% test_f1=0.8269
Early stopping at epoch 62 (best=46, score=0.971383)
================================================================================
Best epoch: 46
Best score (val_macro_f1): 0.971383
Final test accuracy: 88.20%
Saved to: ablation_experiments/h1/results/comparison_18d_baselines/lstm/lstm_weld_seam_windows_ws5_tf75_pg0_h1_h64_l2_bi_do0.3_ep80_lr0.0001_wd1e-05_bs128_seed183
================================================================================
Comparison baseline | model=lstm
================================================================================
Dataset: /home/huang_kai/wind_turbine_phm/PHOENIX-main/autoencoder_benchmark/Data/processed_data/weld_seam_windows_ws5_tf75_pg0_h1.npz
Device: cuda
Train/Val/Test: 990 / 175 / 356
Epoch 001 | train_loss=1.1063 | val_acc=53.14% val_f1=0.2313 | test_acc=54.78% test_f1=0.2359
Epoch 002 | train_loss=1.0925 | val_acc=76.00% val_f1=0.5894 | test_acc=75.56% test_f1=0.5971
Epoch 003 | train_loss=1.0757 | val_acc=78.29% val_f1=0.6253 | test_acc=76.69% test_f1=0.5928
Epoch 004 | train_loss=1.0505 | val_acc=86.86% val_f1=0.8015 | test_acc=78.09% test_f1=0.6177
Epoch 005 | train_loss=1.0314 | val_acc=86.29% val_f1=0.8055 | test_acc=88.76% test_f1=0.8358
Epoch 006 | train_loss=1.0008 | val_acc=84.00% val_f1=0.7893 | test_acc=92.98% test_f1=0.8980
Epoch 007 | train_loss=0.9571 | val_acc=82.29% val_f1=0.7746 | test_acc=94.94% test_f1=0.9259
Epoch 008 | train_loss=0.8975 | val_acc=82.29% val_f1=0.7746 | test_acc=94.94% test_f1=0.9259
Epoch 009 | train_loss=0.8281 | val_acc=81.71% val_f1=0.7656 | test_acc=94.94% test_f1=0.9259
Epoch 010 | train_loss=0.7696 | val_acc=81.71% val_f1=0.7656 | test_acc=95.22% test_f1=0.9301
Epoch 011 | train_loss=0.7147 | val_acc=82.29% val_f1=0.7746 | test_acc=96.63% test_f1=0.9512
Epoch 012 | train_loss=0.6617 | val_acc=84.57% val_f1=0.8095 | test_acc=98.03% test_f1=0.9721
Epoch 013 | train_loss=0.6335 | val_acc=88.00% val_f1=0.8594 | test_acc=98.60% test_f1=0.9805
Epoch 014 | train_loss=0.5651 | val_acc=89.71% val_f1=0.8894 | test_acc=96.35% test_f1=0.9469
Epoch 015 | train_loss=0.4981 | val_acc=89.14% val_f1=0.8844 | test_acc=96.35% test_f1=0.9469
Epoch 016 | train_loss=0.4666 | val_acc=90.29% val_f1=0.9011 | test_acc=92.98% test_f1=0.8944
Epoch 017 | train_loss=0.3940 | val_acc=91.43% val_f1=0.9159 | test_acc=89.61% test_f1=0.8405
Epoch 018 | train_loss=0.3466 | val_acc=92.00% val_f1=0.9231 | test_acc=92.42% test_f1=0.8897
Epoch 019 | train_loss=0.3101 | val_acc=91.43% val_f1=0.9159 | test_acc=91.29% test_f1=0.8692
Epoch 020 | train_loss=0.2823 | val_acc=91.43% val_f1=0.9159 | test_acc=91.57% test_f1=0.8738
Epoch 021 | train_loss=0.2389 | val_acc=91.43% val_f1=0.9159 | test_acc=91.57% test_f1=0.8738
Epoch 022 | train_loss=0.2221 | val_acc=92.00% val_f1=0.9208 | test_acc=90.17% test_f1=0.8496
Epoch 023 | train_loss=0.2034 | val_acc=92.57% val_f1=0.9258 | test_acc=92.13% test_f1=0.8825
Epoch 024 | train_loss=0.1740 | val_acc=94.29% val_f1=0.9434 | test_acc=91.29% test_f1=0.8739
Epoch 025 | train_loss=0.1703 | val_acc=93.71% val_f1=0.9359 | test_acc=88.20% test_f1=0.8312
Epoch 026 | train_loss=0.1456 | val_acc=96.00% val_f1=0.9613 | test_acc=91.57% test_f1=0.8858
Epoch 027 | train_loss=0.1553 | val_acc=96.57% val_f1=0.9667 | test_acc=90.45% test_f1=0.8695
Epoch 028 | train_loss=0.1230 | val_acc=96.00% val_f1=0.9590 | test_acc=89.04% test_f1=0.8469
Epoch 029 | train_loss=0.0978 | val_acc=96.57% val_f1=0.9644 | test_acc=89.33% test_f1=0.8515
Epoch 030 | train_loss=0.0979 | val_acc=97.14% val_f1=0.9697 | test_acc=89.04% test_f1=0.8485
Epoch 031 | train_loss=0.0977 | val_acc=97.14% val_f1=0.9697 | test_acc=89.04% test_f1=0.8485
Epoch 032 | train_loss=0.0885 | val_acc=97.71% val_f1=0.9775 | test_acc=90.45% test_f1=0.8709
Epoch 033 | train_loss=0.0746 | val_acc=97.71% val_f1=0.9775 | test_acc=88.76% test_f1=0.8454
Epoch 034 | train_loss=0.0691 | val_acc=97.14% val_f1=0.9697 | test_acc=87.36% test_f1=0.8221
Epoch 035 | train_loss=0.0706 | val_acc=97.14% val_f1=0.9694 | test_acc=87.64% test_f1=0.8269
Epoch 036 | train_loss=0.0630 | val_acc=97.71% val_f1=0.9772 | test_acc=90.17% test_f1=0.8679
Epoch 037 | train_loss=0.0686 | val_acc=97.14% val_f1=0.9717 | test_acc=88.76% test_f1=0.8454
Epoch 038 | train_loss=0.0486 | val_acc=97.14% val_f1=0.9717 | test_acc=87.64% test_f1=0.8269
Epoch 039 | train_loss=0.0542 | val_acc=97.14% val_f1=0.9717 | test_acc=87.64% test_f1=0.8269
Epoch 040 | train_loss=0.0564 | val_acc=97.71% val_f1=0.9772 | test_acc=89.04% test_f1=0.8500
Epoch 041 | train_loss=0.0574 | val_acc=97.71% val_f1=0.9772 | test_acc=89.04% test_f1=0.8514
Epoch 042 | train_loss=0.0474 | val_acc=97.71% val_f1=0.9772 | test_acc=88.76% test_f1=0.8483
Epoch 043 | train_loss=0.0432 | val_acc=97.71% val_f1=0.9772 | test_acc=88.76% test_f1=0.8483
Epoch 044 | train_loss=0.0389 | val_acc=97.71% val_f1=0.9772 | test_acc=86.80% test_f1=0.8160
Epoch 045 | train_loss=0.0339 | val_acc=97.71% val_f1=0.9772 | test_acc=86.80% test_f1=0.8160
Epoch 046 | train_loss=0.0378 | val_acc=97.71% val_f1=0.9772 | test_acc=87.08% test_f1=0.8207
Epoch 047 | train_loss=0.0355 | val_acc=97.71% val_f1=0.9772 | test_acc=86.80% test_f1=0.8160
Epoch 048 | train_loss=0.0302 | val_acc=97.71% val_f1=0.9772 | test_acc=86.80% test_f1=0.8160
Early stopping at epoch 48 (best=32, score=0.977522)
================================================================================
Best epoch: 32
Best score (val_macro_f1): 0.977522
Final test accuracy: 90.45%
Saved to: ablation_experiments/h1/results/comparison_18d_baselines/lstm/lstm_weld_seam_windows_ws5_tf75_pg0_h1_h96_l2_bi_do0.3_ep80_lr0.0001_wd0.0002_bs128_seed14
================================================================================
Comparison baseline | model=lstm
================================================================================
Dataset: /home/huang_kai/wind_turbine_phm/PHOENIX-main/autoencoder_benchmark/Data/processed_data/weld_seam_windows_ws5_tf75_pg0_h1.npz
Device: cuda
Train/Val/Test: 990 / 175 / 356
Epoch 001 | train_loss=1.1006 | val_acc=60.57% val_f1=0.4096 | test_acc=55.34% test_f1=0.2535
Epoch 002 | train_loss=1.0835 | val_acc=83.43% val_f1=0.7545 | test_acc=78.37% test_f1=0.6659
Epoch 003 | train_loss=1.0644 | val_acc=86.29% val_f1=0.8093 | test_acc=87.92% test_f1=0.8410
Epoch 004 | train_loss=1.0448 | val_acc=83.43% val_f1=0.7659 | test_acc=94.38% test_f1=0.9238
Epoch 005 | train_loss=1.0161 | val_acc=82.29% val_f1=0.7515 | test_acc=94.10% test_f1=0.9156
Epoch 006 | train_loss=0.9789 | val_acc=81.71% val_f1=0.7413 | test_acc=94.38% test_f1=0.9190
Epoch 007 | train_loss=0.9303 | val_acc=80.57% val_f1=0.7267 | test_acc=93.82% test_f1=0.9103
Epoch 008 | train_loss=0.8665 | val_acc=80.00% val_f1=0.7162 | test_acc=93.26% test_f1=0.9024
Epoch 009 | train_loss=0.8078 | val_acc=80.00% val_f1=0.7162 | test_acc=92.42% test_f1=0.8907
Epoch 010 | train_loss=0.7638 | val_acc=80.57% val_f1=0.7267 | test_acc=92.13% test_f1=0.8887
Epoch 011 | train_loss=0.7095 | val_acc=81.14% val_f1=0.7374 | test_acc=89.61% test_f1=0.8564
Epoch 012 | train_loss=0.6750 | val_acc=82.86% val_f1=0.7622 | test_acc=89.89% test_f1=0.8679
Epoch 013 | train_loss=0.6451 | val_acc=85.71% val_f1=0.8056 | test_acc=88.76% test_f1=0.8564
Epoch 014 | train_loss=0.6092 | val_acc=87.43% val_f1=0.8288 | test_acc=88.20% test_f1=0.8495
Epoch 015 | train_loss=0.5771 | val_acc=89.71% val_f1=0.8646 | test_acc=90.45% test_f1=0.8854
Epoch 016 | train_loss=0.5437 | val_acc=90.29% val_f1=0.8733 | test_acc=91.01% test_f1=0.8928
Epoch 017 | train_loss=0.4892 | val_acc=93.14% val_f1=0.9112 | test_acc=90.45% test_f1=0.8809
Epoch 018 | train_loss=0.4421 | val_acc=93.71% val_f1=0.9252 | test_acc=90.45% test_f1=0.8770
Epoch 019 | train_loss=0.4043 | val_acc=96.00% val_f1=0.9562 | test_acc=89.89% test_f1=0.8660
Epoch 020 | train_loss=0.3542 | val_acc=96.57% val_f1=0.9644 | test_acc=86.52% test_f1=0.8039
Epoch 021 | train_loss=0.2863 | val_acc=96.00% val_f1=0.9590 | test_acc=88.20% test_f1=0.8329
Epoch 022 | train_loss=0.2675 | val_acc=95.43% val_f1=0.9538 | test_acc=90.73% test_f1=0.8740
Epoch 023 | train_loss=0.2367 | val_acc=95.43% val_f1=0.9538 | test_acc=88.76% test_f1=0.8423
Epoch 024 | train_loss=0.1787 | val_acc=96.00% val_f1=0.9590 | test_acc=88.76% test_f1=0.8439
Epoch 025 | train_loss=0.1572 | val_acc=96.00% val_f1=0.9590 | test_acc=88.48% test_f1=0.8408
Epoch 026 | train_loss=0.1656 | val_acc=96.57% val_f1=0.9667 | test_acc=90.73% test_f1=0.8766
Epoch 027 | train_loss=0.1281 | val_acc=97.14% val_f1=0.9721 | test_acc=88.48% test_f1=0.8423
Epoch 028 | train_loss=0.1280 | val_acc=97.14% val_f1=0.9721 | test_acc=90.17% test_f1=0.8704
Epoch 029 | train_loss=0.1160 | val_acc=97.14% val_f1=0.9721 | test_acc=90.17% test_f1=0.8704
Epoch 030 | train_loss=0.1106 | val_acc=97.71% val_f1=0.9775 | test_acc=87.64% test_f1=0.8316
Epoch 031 | train_loss=0.0948 | val_acc=97.71% val_f1=0.9775 | test_acc=89.04% test_f1=0.8541
Epoch 032 | train_loss=0.0891 | val_acc=97.71% val_f1=0.9775 | test_acc=89.33% test_f1=0.8585
Epoch 033 | train_loss=0.0760 | val_acc=97.71% val_f1=0.9775 | test_acc=88.20% test_f1=0.8407
Epoch 034 | train_loss=0.0720 | val_acc=97.71% val_f1=0.9775 | test_acc=89.04% test_f1=0.8541
Epoch 035 | train_loss=0.0676 | val_acc=98.29% val_f1=0.9830 | test_acc=89.33% test_f1=0.8585
Epoch 036 | train_loss=0.0754 | val_acc=98.86% val_f1=0.9886 | test_acc=89.33% test_f1=0.8585
Epoch 037 | train_loss=0.0673 | val_acc=98.86% val_f1=0.9886 | test_acc=89.04% test_f1=0.8541
Epoch 038 | train_loss=0.0629 | val_acc=98.86% val_f1=0.9886 | test_acc=87.92% test_f1=0.8361
Epoch 039 | train_loss=0.0481 | val_acc=98.86% val_f1=0.9886 | test_acc=88.76% test_f1=0.8509
Epoch 040 | train_loss=0.0449 | val_acc=98.86% val_f1=0.9886 | test_acc=88.76% test_f1=0.8521
Epoch 041 | train_loss=0.0490 | val_acc=99.43% val_f1=0.9943 | test_acc=87.64% test_f1=0.8343
Epoch 042 | train_loss=0.0563 | val_acc=99.43% val_f1=0.9943 | test_acc=86.80% test_f1=0.8207
Epoch 043 | train_loss=0.0533 | val_acc=98.86% val_f1=0.9886 | test_acc=88.76% test_f1=0.8521
Epoch 044 | train_loss=0.0550 | val_acc=98.86% val_f1=0.9886 | test_acc=88.20% test_f1=0.8433
Epoch 045 | train_loss=0.0453 | val_acc=98.86% val_f1=0.9886 | test_acc=87.64% test_f1=0.8343
Epoch 046 | train_loss=0.0482 | val_acc=98.86% val_f1=0.9886 | test_acc=87.64% test_f1=0.8343
Epoch 047 | train_loss=0.0353 | val_acc=98.86% val_f1=0.9886 | test_acc=86.80% test_f1=0.8207
Epoch 048 | train_loss=0.0333 | val_acc=98.86% val_f1=0.9886 | test_acc=86.52% test_f1=0.8175
Epoch 049 | train_loss=0.0424 | val_acc=98.86% val_f1=0.9886 | test_acc=86.52% test_f1=0.8175
Epoch 050 | train_loss=0.0352 | val_acc=98.86% val_f1=0.9886 | test_acc=86.24% test_f1=0.8129
Epoch 051 | train_loss=0.0260 | val_acc=98.29% val_f1=0.9828 | test_acc=85.67% test_f1=0.8050
Epoch 052 | train_loss=0.0316 | val_acc=98.29% val_f1=0.9828 | test_acc=85.67% test_f1=0.8050
Epoch 053 | train_loss=0.0339 | val_acc=98.29% val_f1=0.9828 | test_acc=86.24% test_f1=0.8143
Epoch 054 | train_loss=0.0310 | val_acc=98.86% val_f1=0.9885 | test_acc=86.80% test_f1=0.8234
Epoch 055 | train_loss=0.0326 | val_acc=98.86% val_f1=0.9885 | test_acc=85.67% test_f1=0.8050
Epoch 056 | train_loss=0.0308 | val_acc=98.86% val_f1=0.9885 | test_acc=85.11% test_f1=0.7971
Epoch 057 | train_loss=0.0340 | val_acc=98.86% val_f1=0.9885 | test_acc=85.67% test_f1=0.8065
Early stopping at epoch 57 (best=41, score=0.994277)
================================================================================
Best epoch: 41
Best score (val_macro_f1): 0.994277
Final test accuracy: 87.64%
Saved to: ablation_experiments/h1/results/comparison_18d_baselines/lstm/lstm_weld_seam_windows_ws5_tf75_pg0_h1_h96_l2_bi_do0.3_ep80_lr0.0001_wd0.0002_bs128_seed42
================================================================================
Comparison baseline | model=lstm
================================================================================
Dataset: /home/huang_kai/wind_turbine_phm/PHOENIX-main/autoencoder_benchmark/Data/processed_data/weld_seam_windows_ws5_tf75_pg0_h1.npz
Device: cuda
Train/Val/Test: 990 / 175 / 356
Epoch 001 | train_loss=1.0994 | val_acc=26.29% val_f1=0.1596 | test_acc=23.60% test_f1=0.1330
Epoch 002 | train_loss=1.0772 | val_acc=36.57% val_f1=0.3284 | test_acc=29.49% test_f1=0.2003
Epoch 003 | train_loss=1.0599 | val_acc=56.00% val_f1=0.5991 | test_acc=51.97% test_f1=0.4134
Epoch 004 | train_loss=1.0359 | val_acc=73.14% val_f1=0.7597 | test_acc=78.65% test_f1=0.7870
Epoch 005 | train_loss=1.0179 | val_acc=77.71% val_f1=0.7938 | test_acc=91.29% test_f1=0.9100
Epoch 006 | train_loss=0.9966 | val_acc=82.86% val_f1=0.8293 | test_acc=95.22% test_f1=0.9474
Epoch 007 | train_loss=0.9728 | val_acc=85.14% val_f1=0.8418 | test_acc=96.91% test_f1=0.9629
Epoch 008 | train_loss=0.9357 | val_acc=84.00% val_f1=0.8156 | test_acc=98.03% test_f1=0.9751
Epoch 009 | train_loss=0.8957 | val_acc=84.57% val_f1=0.8204 | test_acc=99.16% test_f1=0.9876
Epoch 010 | train_loss=0.8609 | val_acc=83.43% val_f1=0.8038 | test_acc=98.31% test_f1=0.9752
Epoch 011 | train_loss=0.8325 | val_acc=82.86% val_f1=0.7876 | test_acc=97.75% test_f1=0.9691
Epoch 012 | train_loss=0.8016 | val_acc=84.00% val_f1=0.8010 | test_acc=97.47% test_f1=0.9649
Epoch 013 | train_loss=0.7536 | val_acc=84.57% val_f1=0.8058 | test_acc=97.47% test_f1=0.9649
Epoch 014 | train_loss=0.7123 | val_acc=85.71% val_f1=0.8193 | test_acc=97.47% test_f1=0.9660
Epoch 015 | train_loss=0.6580 | val_acc=85.71% val_f1=0.8193 | test_acc=97.19% test_f1=0.9629
Epoch 016 | train_loss=0.6427 | val_acc=85.71% val_f1=0.8193 | test_acc=96.91% test_f1=0.9609
Epoch 017 | train_loss=0.6013 | val_acc=88.00% val_f1=0.8464 | test_acc=96.35% test_f1=0.9546
Epoch 018 | train_loss=0.5654 | val_acc=89.14% val_f1=0.8600 | test_acc=96.63% test_f1=0.9590
Epoch 019 | train_loss=0.5336 | val_acc=90.29% val_f1=0.8769 | test_acc=96.07% test_f1=0.9520
Epoch 020 | train_loss=0.5305 | val_acc=90.86% val_f1=0.8852 | test_acc=96.35% test_f1=0.9566
Epoch 021 | train_loss=0.4780 | val_acc=92.57% val_f1=0.9070 | test_acc=95.79% test_f1=0.9483
Epoch 022 | train_loss=0.4733 | val_acc=92.57% val_f1=0.9070 | test_acc=94.94% test_f1=0.9359
Epoch 023 | train_loss=0.4282 | val_acc=93.14% val_f1=0.9180 | test_acc=94.94% test_f1=0.9359
Epoch 024 | train_loss=0.4003 | val_acc=93.14% val_f1=0.9180 | test_acc=94.38% test_f1=0.9275
Epoch 025 | train_loss=0.3994 | val_acc=94.29% val_f1=0.9343 | test_acc=93.54% test_f1=0.9148
Epoch 026 | train_loss=0.3685 | val_acc=94.86% val_f1=0.9396 | test_acc=92.98% test_f1=0.9062
Epoch 027 | train_loss=0.3435 | val_acc=95.43% val_f1=0.9505 | test_acc=92.98% test_f1=0.9062
Epoch 028 | train_loss=0.3390 | val_acc=96.57% val_f1=0.9667 | test_acc=92.13% test_f1=0.8932
Epoch 029 | train_loss=0.2943 | val_acc=96.57% val_f1=0.9667 | test_acc=91.29% test_f1=0.8800
Epoch 030 | train_loss=0.2800 | val_acc=96.57% val_f1=0.9667 | test_acc=91.01% test_f1=0.8756
Epoch 031 | train_loss=0.2865 | val_acc=96.57% val_f1=0.9667 | test_acc=90.73% test_f1=0.8711
Epoch 032 | train_loss=0.2529 | val_acc=96.57% val_f1=0.9667 | test_acc=90.73% test_f1=0.8711
Epoch 033 | train_loss=0.2451 | val_acc=97.14% val_f1=0.9721 | test_acc=90.17% test_f1=0.8651
Epoch 034 | train_loss=0.2409 | val_acc=96.57% val_f1=0.9644 | test_acc=89.61% test_f1=0.8560
Epoch 035 | train_loss=0.2238 | val_acc=96.57% val_f1=0.9644 | test_acc=89.04% test_f1=0.8469
Epoch 036 | train_loss=0.2046 | val_acc=96.57% val_f1=0.9644 | test_acc=89.04% test_f1=0.8469
Epoch 037 | train_loss=0.2126 | val_acc=96.00% val_f1=0.9590 | test_acc=89.04% test_f1=0.8469
Epoch 038 | train_loss=0.1936 | val_acc=96.00% val_f1=0.9590 | test_acc=89.61% test_f1=0.8560
Epoch 039 | train_loss=0.1845 | val_acc=96.57% val_f1=0.9667 | test_acc=89.89% test_f1=0.8606
Epoch 040 | train_loss=0.1811 | val_acc=96.57% val_f1=0.9644 | test_acc=89.61% test_f1=0.8560
Epoch 041 | train_loss=0.1749 | val_acc=96.57% val_f1=0.9644 | test_acc=89.33% test_f1=0.8515
Epoch 042 | train_loss=0.1703 | val_acc=96.57% val_f1=0.9644 | test_acc=89.33% test_f1=0.8515
Epoch 043 | train_loss=0.1547 | val_acc=96.57% val_f1=0.9644 | test_acc=89.33% test_f1=0.8515
Epoch 044 | train_loss=0.1528 | val_acc=96.57% val_f1=0.9644 | test_acc=89.61% test_f1=0.8560
Epoch 045 | train_loss=0.1493 | val_acc=96.57% val_f1=0.9644 | test_acc=89.61% test_f1=0.8560
Epoch 046 | train_loss=0.1537 | val_acc=96.57% val_f1=0.9644 | test_acc=89.33% test_f1=0.8515
Epoch 047 | train_loss=0.1580 | val_acc=96.57% val_f1=0.9644 | test_acc=89.33% test_f1=0.8515
Epoch 048 | train_loss=0.1410 | val_acc=96.57% val_f1=0.9644 | test_acc=88.76% test_f1=0.8423
Epoch 049 | train_loss=0.1461 | val_acc=96.57% val_f1=0.9644 | test_acc=88.48% test_f1=0.8376
Early stopping at epoch 49 (best=33, score=0.972065)
================================================================================
Best epoch: 33
Best score (val_macro_f1): 0.972065
Final test accuracy: 90.17%
Saved to: ablation_experiments/h1/results/comparison_18d_baselines/lstm/lstm_weld_seam_windows_ws5_tf75_pg0_h1_h64_l1_bi_do0.3_ep80_lr0.0001_wd0.0001_bs128_seed14
================================================================================
Comparison baseline | model=lstm
================================================================================
Dataset: /home/huang_kai/wind_turbine_phm/PHOENIX-main/autoencoder_benchmark/Data/processed_data/weld_seam_windows_ws5_tf75_pg0_h1.npz
Device: cuda
Train/Val/Test: 990 / 175 / 356
Epoch 001 | train_loss=1.1055 | val_acc=60.57% val_f1=0.4410 | test_acc=53.37% test_f1=0.2925
Epoch 002 | train_loss=1.0763 | val_acc=84.00% val_f1=0.7665 | test_acc=81.74% test_f1=0.7416
Epoch 003 | train_loss=1.0549 | val_acc=84.57% val_f1=0.7824 | test_acc=89.89% test_f1=0.8573
Epoch 004 | train_loss=1.0289 | val_acc=80.57% val_f1=0.7534 | test_acc=93.54% test_f1=0.9060
Epoch 005 | train_loss=1.0048 | val_acc=80.00% val_f1=0.7533 | test_acc=94.38% test_f1=0.9173
Epoch 006 | train_loss=0.9604 | val_acc=80.00% val_f1=0.7533 | test_acc=94.38% test_f1=0.9173
Epoch 007 | train_loss=0.9380 | val_acc=80.00% val_f1=0.7533 | test_acc=94.38% test_f1=0.9173
Epoch 008 | train_loss=0.8920 | val_acc=80.00% val_f1=0.7533 | test_acc=94.10% test_f1=0.9130
Epoch 009 | train_loss=0.8553 | val_acc=80.00% val_f1=0.7534 | test_acc=94.10% test_f1=0.9130
Epoch 010 | train_loss=0.8286 | val_acc=80.00% val_f1=0.7534 | test_acc=94.38% test_f1=0.9173
Epoch 011 | train_loss=0.7674 | val_acc=80.00% val_f1=0.7534 | test_acc=94.66% test_f1=0.9216
Epoch 012 | train_loss=0.7543 | val_acc=80.00% val_f1=0.7534 | test_acc=94.66% test_f1=0.9216
Epoch 013 | train_loss=0.7375 | val_acc=80.57% val_f1=0.7580 | test_acc=94.94% test_f1=0.9259
Epoch 014 | train_loss=0.6897 | val_acc=80.57% val_f1=0.7580 | test_acc=95.79% test_f1=0.9386
Epoch 015 | train_loss=0.6973 | val_acc=80.57% val_f1=0.7580 | test_acc=96.35% test_f1=0.9470
Epoch 016 | train_loss=0.6179 | val_acc=81.71% val_f1=0.7759 | test_acc=96.63% test_f1=0.9512
Epoch 017 | train_loss=0.6136 | val_acc=81.71% val_f1=0.7759 | test_acc=96.91% test_f1=0.9554
Epoch 018 | train_loss=0.5717 | val_acc=82.29% val_f1=0.7847 | test_acc=97.19% test_f1=0.9596
Epoch 019 | train_loss=0.5582 | val_acc=82.86% val_f1=0.7934 | test_acc=96.91% test_f1=0.9555
Epoch 020 | train_loss=0.5240 | val_acc=84.00% val_f1=0.8105 | test_acc=97.19% test_f1=0.9597
Epoch 021 | train_loss=0.5341 | val_acc=85.14% val_f1=0.8240 | test_acc=96.35% test_f1=0.9487
Epoch 022 | train_loss=0.4863 | val_acc=86.29% val_f1=0.8408 | test_acc=95.22% test_f1=0.9320
Epoch 023 | train_loss=0.4644 | val_acc=86.86% val_f1=0.8491 | test_acc=94.38% test_f1=0.9190
Epoch 024 | train_loss=0.4321 | val_acc=86.29% val_f1=0.8421 | test_acc=93.26% test_f1=0.9017
Epoch 025 | train_loss=0.4023 | val_acc=86.86% val_f1=0.8503 | test_acc=92.70% test_f1=0.8929
Epoch 026 | train_loss=0.4026 | val_acc=86.86% val_f1=0.8503 | test_acc=92.42% test_f1=0.8884
Epoch 027 | train_loss=0.3732 | val_acc=86.86% val_f1=0.8503 | test_acc=92.42% test_f1=0.8884
Epoch 028 | train_loss=0.3525 | val_acc=86.86% val_f1=0.8503 | test_acc=92.13% test_f1=0.8840
Epoch 029 | train_loss=0.3313 | val_acc=88.00% val_f1=0.8635 | test_acc=92.70% test_f1=0.8929
Epoch 030 | train_loss=0.3031 | val_acc=88.57% val_f1=0.8717 | test_acc=93.26% test_f1=0.9014
Epoch 031 | train_loss=0.3361 | val_acc=89.14% val_f1=0.8799 | test_acc=92.70% test_f1=0.8921
Epoch 032 | train_loss=0.2878 | val_acc=89.71% val_f1=0.8880 | test_acc=92.13% test_f1=0.8830
Epoch 033 | train_loss=0.2932 | val_acc=89.71% val_f1=0.8880 | test_acc=91.01% test_f1=0.8640
Epoch 034 | train_loss=0.2714 | val_acc=89.71% val_f1=0.8880 | test_acc=90.73% test_f1=0.8592
Epoch 035 | train_loss=0.2831 | val_acc=89.71% val_f1=0.8880 | test_acc=90.45% test_f1=0.8545
Epoch 036 | train_loss=0.2655 | val_acc=90.29% val_f1=0.8931 | test_acc=89.89% test_f1=0.8487
Epoch 037 | train_loss=0.2227 | val_acc=90.29% val_f1=0.8931 | test_acc=89.89% test_f1=0.8487
Epoch 038 | train_loss=0.2244 | val_acc=91.43% val_f1=0.9064 | test_acc=89.89% test_f1=0.8487
Epoch 039 | train_loss=0.2301 | val_acc=91.43% val_f1=0.9064 | test_acc=89.89% test_f1=0.8487
Epoch 040 | train_loss=0.2125 | val_acc=91.43% val_f1=0.9064 | test_acc=89.89% test_f1=0.8487
Epoch 041 | train_loss=0.2154 | val_acc=91.43% val_f1=0.9064 | test_acc=90.17% test_f1=0.8535
Epoch 042 | train_loss=0.1938 | val_acc=91.43% val_f1=0.9064 | test_acc=90.73% test_f1=0.8629
Epoch 043 | train_loss=0.2054 | val_acc=92.00% val_f1=0.9146 | test_acc=89.89% test_f1=0.8506
Epoch 044 | train_loss=0.1948 | val_acc=93.14% val_f1=0.9287 | test_acc=89.33% test_f1=0.8430
Epoch 045 | train_loss=0.1920 | val_acc=93.14% val_f1=0.9287 | test_acc=89.04% test_f1=0.8400
Epoch 046 | train_loss=0.1843 | val_acc=93.14% val_f1=0.9287 | test_acc=89.04% test_f1=0.8419
Epoch 047 | train_loss=0.1737 | val_acc=93.14% val_f1=0.9287 | test_acc=88.76% test_f1=0.8371
Epoch 048 | train_loss=0.1759 | val_acc=93.71% val_f1=0.9362 | test_acc=88.76% test_f1=0.8389
Epoch 049 | train_loss=0.1828 | val_acc=93.71% val_f1=0.9362 | test_acc=88.76% test_f1=0.8389
Epoch 050 | train_loss=0.1626 | val_acc=93.71% val_f1=0.9362 | test_acc=88.76% test_f1=0.8389
Epoch 051 | train_loss=0.1843 | val_acc=93.71% val_f1=0.9362 | test_acc=89.04% test_f1=0.8436
Epoch 052 | train_loss=0.1641 | val_acc=93.71% val_f1=0.9362 | test_acc=88.76% test_f1=0.8389
Epoch 053 | train_loss=0.1571 | val_acc=93.71% val_f1=0.9362 | test_acc=89.33% test_f1=0.8483
Epoch 054 | train_loss=0.1767 | val_acc=93.71% val_f1=0.9362 | test_acc=89.33% test_f1=0.8483
Epoch 055 | train_loss=0.1619 | val_acc=93.71% val_f1=0.9362 | test_acc=88.76% test_f1=0.8389
Epoch 056 | train_loss=0.1539 | val_acc=93.71% val_f1=0.9362 | test_acc=88.76% test_f1=0.8389
Epoch 057 | train_loss=0.1538 | val_acc=93.71% val_f1=0.9362 | test_acc=88.76% test_f1=0.8389
Epoch 058 | train_loss=0.1438 | val_acc=93.71% val_f1=0.9362 | test_acc=88.48% test_f1=0.8341
Epoch 059 | train_loss=0.1560 | val_acc=94.29% val_f1=0.9444 | test_acc=88.48% test_f1=0.8341
Epoch 060 | train_loss=0.1453 | val_acc=94.29% val_f1=0.9444 | test_acc=88.48% test_f1=0.8341
Epoch 061 | train_loss=0.1471 | val_acc=94.29% val_f1=0.9444 | test_acc=88.20% test_f1=0.8312
Epoch 062 | train_loss=0.1562 | val_acc=94.29% val_f1=0.9444 | test_acc=88.20% test_f1=0.8312
Epoch 063 | train_loss=0.1372 | val_acc=94.29% val_f1=0.9444 | test_acc=88.20% test_f1=0.8312
Epoch 064 | train_loss=0.1336 | val_acc=94.29% val_f1=0.9444 | test_acc=88.20% test_f1=0.8312
Epoch 065 | train_loss=0.1440 | val_acc=94.29% val_f1=0.9444 | test_acc=88.20% test_f1=0.8312
Epoch 066 | train_loss=0.1424 | val_acc=94.29% val_f1=0.9444 | test_acc=88.20% test_f1=0.8312
Epoch 067 | train_loss=0.1398 | val_acc=94.29% val_f1=0.9444 | test_acc=87.92% test_f1=0.8282
Epoch 068 | train_loss=0.1401 | val_acc=94.29% val_f1=0.9444 | test_acc=87.92% test_f1=0.8282
Epoch 069 | train_loss=0.1445 | val_acc=94.29% val_f1=0.9444 | test_acc=87.92% test_f1=0.8282
Epoch 070 | train_loss=0.1312 | val_acc=94.29% val_f1=0.9444 | test_acc=87.92% test_f1=0.8282
Epoch 071 | train_loss=0.1341 | val_acc=94.29% val_f1=0.9444 | test_acc=87.92% test_f1=0.8282
Epoch 072 | train_loss=0.1489 | val_acc=94.29% val_f1=0.9444 | test_acc=87.92% test_f1=0.8282
Epoch 073 | train_loss=0.1540 | val_acc=94.29% val_f1=0.9444 | test_acc=87.92% test_f1=0.8282
Epoch 074 | train_loss=0.1237 | val_acc=94.29% val_f1=0.9444 | test_acc=87.92% test_f1=0.8282
Epoch 075 | train_loss=0.1511 | val_acc=94.29% val_f1=0.9444 | test_acc=87.92% test_f1=0.8282
Early stopping at epoch 75 (best=59, score=0.944444)
================================================================================
Best epoch: 59
Best score (val_macro_f1): 0.944444
Final test accuracy: 88.48%
Saved to: ablation_experiments/h1/results/comparison_18d_baselines/lstm/lstm_weld_seam_windows_ws5_tf75_pg0_h1_h64_l1_bi_do0.3_ep80_lr0.0001_wd0.0001_bs128_seed183
[A] lstm_weld_seam_windows_ws5_tf75_pg0_h1_h128_l2_bi_do0.1_ep80_lr0.0002_wd0.0005_bs128_seed100 | status=success test_acc=82.58% f1=0.7632
[A] lstm_weld_seam_windows_ws5_tf75_pg0_h1_h96_l2_bi_do0.1_ep80_lr0.0002_wd1e-05_bs128_seed77 | status=success test_acc=84.27% f1=0.7859
[A] lstm_weld_seam_windows_ws5_tf75_pg0_h1_h128_l2_bi_do0.2_ep80_lr0.0001_wd0.0002_bs128_seed77 | status=success test_acc=88.48% f1=0.8408
[A] lstm_weld_seam_windows_ws5_tf75_pg0_h1_h64_l2_uni_do0.2_ep80_lr0.0005_wd0.0001_bs128_seed100 | status=success test_acc=81.18% f1=0.7485
[A] lstm_weld_seam_windows_ws5_tf75_pg0_h1_h64_l2_bi_do0.1_ep80_lr0.0001_wd0.0005_bs64_seed77 | status=success test_acc=87.92% f1=0.8388
[A] lstm_weld_seam_windows_ws5_tf75_pg0_h1_h64_l2_bi_do0.3_ep80_lr0.0001_wd0.0005_bs64_seed183 | status=success test_acc=85.11% f1=0.7923
[A] lstm_weld_seam_windows_ws5_tf75_pg0_h1_h64_l3_bi_do0.3_ep80_lr0.0005_wd0.0001_bs64_seed183 | status=success test_acc=76.69% f1=0.6736
[A] lstm_weld_seam_windows_ws5_tf75_pg0_h1_h64_l3_bi_do0.2_ep80_lr0.0002_wd0.0002_bs64_seed100 | status=success test_acc=87.36% f1=0.8377
[A] lstm_weld_seam_windows_ws5_tf75_pg0_h1_h96_l3_bi_do0.3_ep80_lr0.0003_wd0.0001_bs128_seed77 | status=success test_acc=77.53% f1=0.6821
[A] lstm_weld_seam_windows_ws5_tf75_pg0_h1_h96_l2_bi_do0.3_ep80_lr0.0002_wd0.0001_bs128_seed183 | status=success test_acc=83.99% f1=0.7780
[A] lstm_weld_seam_windows_ws5_tf75_pg0_h1_h128_l3_uni_do0.1_ep80_lr0.0001_wd1e-05_bs128_seed42 | status=success test_acc=87.36% f1=0.8254
[A] lstm_weld_seam_windows_ws5_tf75_pg0_h1_h64_l3_uni_do0.1_ep80_lr0.0001_wd0.0005_bs128_seed42 | status=success test_acc=81.46% f1=0.7164
[A] lstm_weld_seam_windows_ws5_tf75_pg0_h1_h64_l2_bi_do0.3_ep80_lr0.0001_wd1e-05_bs128_seed14 | status=success test_acc=89.89% f1=0.8634
[A] lstm_weld_seam_windows_ws5_tf75_pg0_h1_h64_l2_uni_do0.3_ep80_lr0.0003_wd0.0002_bs64_seed42 | status=success test_acc=86.24% f1=0.8213
[A] lstm_weld_seam_windows_ws5_tf75_pg0_h1_h64_l1_bi_do0.3_ep80_lr0.0001_wd0.0001_bs64_seed183 | status=success test_acc=88.76% f1=0.8439
[A] lstm_weld_seam_windows_ws5_tf75_pg0_h1_h128_l2_uni_do0.3_ep80_lr0.0003_wd1e-05_bs64_seed14 | status=success test_acc=88.76% f1=0.8564
[A] lstm_weld_seam_windows_ws5_tf75_pg0_h1_h64_l2_uni_do0.3_ep80_lr0.0002_wd0.0005_bs128_seed77 | status=success test_acc=87.08% f1=0.8174
[A] lstm_weld_seam_windows_ws5_tf75_pg0_h1_h64_l3_bi_do0.2_ep80_lr0.0002_wd0.0002_bs128_seed77 | status=success test_acc=86.52% f1=0.8293
[A] lstm_weld_seam_windows_ws5_tf75_pg0_h1_h128_l1_bi_do0.1_ep80_lr0.0003_wd1e-05_bs128_seed183 | status=success test_acc=80.90% f1=0.7400
[A] lstm_weld_seam_windows_ws5_tf75_pg0_h1_h64_l3_uni_do0.1_ep80_lr0.0003_wd1e-05_bs64_seed14 | status=success test_acc=87.36% f1=0.8401
[A] lstm_weld_seam_windows_ws5_tf75_pg0_h1_h128_l3_bi_do0.2_ep80_lr0.0003_wd0.0001_bs64_seed42 | status=success test_acc=78.37% f1=0.7097
[A] lstm_weld_seam_windows_ws5_tf75_pg0_h1_h96_l3_uni_do0.3_ep80_lr0.0005_wd0.0001_bs128_seed77 | status=success test_acc=80.34% f1=0.7302
[A] lstm_weld_seam_windows_ws5_tf75_pg0_h1_h64_l3_bi_do0.2_ep80_lr0.0005_wd0.0001_bs128_seed77 | status=success test_acc=80.06% f1=0.7214
[A] lstm_weld_seam_windows_ws5_tf75_pg0_h1_h128_l2_bi_do0.1_ep80_lr0.0002_wd0.0002_bs64_seed183 | status=success test_acc=80.06% f1=0.7340
[B] lstm_weld_seam_windows_ws5_tf75_pg0_h1_h96_l2_bi_do0.3_ep80_lr0.0001_wd0.0002_bs128_seed183 | status=success test_acc=89.33% f1=0.8530
[B] lstm_weld_seam_windows_ws5_tf75_pg0_h1_h128_l2_uni_do0.3_ep80_lr0.0005_wd0.0001_bs64_seed100 | status=success test_acc=85.11% f1=0.8066
[B] lstm_weld_seam_windows_ws5_tf75_pg0_h1_h64_l1_bi_do0.1_ep80_lr0.0003_wd1e-05_bs64_seed183 | status=success test_acc=80.62% f1=0.7320
[B] lstm_weld_seam_windows_ws5_tf75_pg0_h1_h128_l1_bi_do0.3_ep80_lr0.0001_wd0.0002_bs128_seed183 | status=success test_acc=88.20% f1=0.8392
[B] lstm_weld_seam_windows_ws5_tf75_pg0_h1_h96_l2_uni_do0.3_ep80_lr0.0003_wd0.0005_bs64_seed14 | status=success test_acc=85.67% f1=0.8135
[B] lstm_weld_seam_windows_ws5_tf75_pg0_h1_h64_l1_bi_do0.3_ep80_lr0.0003_wd0.0002_bs128_seed183 | status=success test_acc=81.18% f1=0.7435
[B] lstm_weld_seam_windows_ws5_tf75_pg0_h1_h128_l2_uni_do0.2_ep80_lr0.0001_wd0.0002_bs64_seed100 | status=success test_acc=85.96% f1=0.8136
[B] lstm_weld_seam_windows_ws5_tf75_pg0_h1_h64_l1_bi_do0.3_ep80_lr0.0001_wd0.0001_bs128_seed42 | status=success test_acc=89.33% f1=0.8515
[seed_eval] lstm_weld_seam_windows_ws5_tf75_pg0_h1_h64_l2_bi_do0.3_ep80_lr0.0001_wd1e-05_bs128_seed14 | status=skipped_existing test_acc=89.89% f1=0.8634
[seed_eval] lstm_weld_seam_windows_ws5_tf75_pg0_h1_h64_l2_bi_do0.3_ep80_lr0.0001_wd1e-05_bs128_seed42 | status=success test_acc=90.73% f1=0.8753
[seed_eval] lstm_weld_seam_windows_ws5_tf75_pg0_h1_h64_l2_bi_do0.3_ep80_lr0.0001_wd1e-05_bs128_seed183 | status=success test_acc=88.20% f1=0.8329
[seed_eval] lstm_weld_seam_windows_ws5_tf75_pg0_h1_h96_l2_bi_do0.3_ep80_lr0.0001_wd0.0002_bs128_seed14 | status=success test_acc=90.45% f1=0.8709
[seed_eval] lstm_weld_seam_windows_ws5_tf75_pg0_h1_h96_l2_bi_do0.3_ep80_lr0.0001_wd0.0002_bs128_seed42 | status=success test_acc=87.64% f1=0.8343
[seed_eval] lstm_weld_seam_windows_ws5_tf75_pg0_h1_h96_l2_bi_do0.3_ep80_lr0.0001_wd0.0002_bs128_seed183 | status=skipped_existing test_acc=89.33% f1=0.8530
[seed_eval] lstm_weld_seam_windows_ws5_tf75_pg0_h1_h64_l1_bi_do0.3_ep80_lr0.0001_wd0.0001_bs128_seed14 | status=success test_acc=90.17% f1=0.8651
[seed_eval] lstm_weld_seam_windows_ws5_tf75_pg0_h1_h64_l1_bi_do0.3_ep80_lr0.0001_wd0.0001_bs128_seed42 | status=skipped_existing test_acc=89.33% f1=0.8515
[seed_eval] lstm_weld_seam_windows_ws5_tf75_pg0_h1_h64_l1_bi_do0.3_ep80_lr0.0001_wd0.0001_bs128_seed183 | status=success test_acc=88.48% f1=0.8341
Sweep complete for model=lstm
Report dir: ablation_experiments/h1/reports/comparison_18d_baselines/round2/lstm
