panel_key,panel_seam_name,source_seam_name,case_type,time_idx,relative_step,relative_time_s,state_label,economic_mean_z,economic_pc1,teacher_pred,teacher_prob_s0,teacher_prob_s1,teacher_prob_s2,seal_student_pred,seal_student_prob_s0,seal_student_prob_s1,seal_student_prob_s2,student_only_pred,student_only_prob_s0,student_only_prob_s1,student_only_prob_s2
a01|S0-core,a01,a01,S0-core,61,-25,-0.25,0,-0.7088642716407776,-1.0296038389205933,0,0.6281152367591858,0.19651731848716736,0.17536751925945282,0,0.701726496219635,0.167719766497612,0.13055375218391418,0,0.5764999389648438,0.18059594929218292,0.24290412664413452
a01|S0-core,a01,a01,S0-core,62,-24,-0.24,0,-0.5219269394874573,-0.9305683970451355,0,0.6202479600906372,0.2083655148744583,0.17138653993606567,0,0.705460786819458,0.16072946786880493,0.13380979001522064,0,0.5400233268737793,0.21746447682380676,0.24251224100589752
a01|S0-core,a01,a01,S0-core,63,-23,-0.23,0,-0.6892516016960144,-1.0769554376602173,0,0.6168971061706543,0.2102871686220169,0.17281574010849,0,0.7096909284591675,0.16332510113716125,0.1269839107990265,0,0.5479102730751038,0.208304762840271,0.24378493428230286
a01|S0-core,a01,a01,S0-core,64,-22,-0.22,0,-0.5738359093666077,-1.0410085916519165,0,0.6036133766174316,0.21938692033290863,0.17699970304965973,0,0.6825127005577087,0.1855095624923706,0.13197769224643707,0,0.5344510674476624,0.21705332398414612,0.24849559366703033
a01|S0-core,a01,a01,S0-core,65,-21,-0.21,0,-0.7638583779335022,-1.1934863328933716,0,0.5785511136054993,0.24153824150562286,0.17991061508655548,0,0.6633159518241882,0.2036266028881073,0.13305750489234924,0,0.5111405849456787,0.2195608764886856,0.2692985236644745
a01|S0-core,a01,a01,S0-core,66,-20,-0.2,0,-0.6051544547080994,-1.1057881116867065,0,0.5877147912979126,0.24026155471801758,0.1720237284898758,0,0.6429343819618225,0.21737352013587952,0.13969217240810394,0,0.5220983028411865,0.2250271588563919,0.25287458300590515
a01|S0-core,a01,a01,S0-core,67,-19,-0.19,0,-0.7457867860794067,-1.1958792209625244,0,0.5658922791481018,0.25248953700065613,0.18161816895008087,0,0.6438226103782654,0.22018542885780334,0.13599200546741486,0,0.5392348170280457,0.2135785073041916,0.24718669056892395
a01|S0-core,a01,a01,S0-core,68,-18,-0.18,0,-0.736461341381073,-1.1470017433166504,0,0.5861733555793762,0.243799090385437,0.17002758383750916,0,0.658311665058136,0.20370961725711823,0.13797876238822937,0,0.5507131814956665,0.21981659531593323,0.22947025299072266
a01|S0-core,a01,a01,S0-core,69,-17,-0.17,0,-0.7568730115890503,-1.1098226308822632,0,0.5909472703933716,0.23850348591804504,0.17054924368858337,0,0.6660903692245483,0.19184885919094086,0.142060786485672,0,0.5460691452026367,0.22193637490272522,0.23199447989463806
a01|S0-core,a01,a01,S0-core,70,-16,-0.16,0,-0.7161651253700256,-1.045812964439392,0,0.6221708655357361,0.2082843780517578,0.16954468190670013,0,0.6695030331611633,0.18632851541042328,0.1441684067249298,0,0.5481264591217041,0.22482948005199432,0.22704407572746277
a01|S0-core,a01,a01,S0-core,71,-15,-0.15,0,-0.6888550519943237,-1.2343707084655762,0,0.6345760226249695,0.19191262125968933,0.1735113263130188,0,0.6693865656852722,0.19024869799613953,0.14036475121974945,0,0.5400152206420898,0.22054409980773926,0.2394406795501709
a01|S0-core,a01,a01,S0-core,72,-14,-0.14,0,-0.8936258554458618,-1.179979681968689,0,0.6174427270889282,0.22204869985580444,0.1605086326599121,0,0.6591903567314148,0.20208941400051117,0.13872019946575165,0,0.5642882585525513,0.21426990628242493,0.2214418351650238
a01|S0-core,a01,a01,S0-core,73,-13,-0.13,0,-0.5066089034080505,-1.3938543796539307,0,0.6053104996681213,0.2267272025346756,0.16796232759952545,0,0.6547432541847229,0.2030964344739914,0.1421603113412857,0,0.5373179316520691,0.23428525030612946,0.22839678823947906
a01|S0-core,a01,a01,S0-core,74,-12,-0.12,0,-0.8476226329803467,-1.2910306453704834,0,0.5972443222999573,0.23666980862617493,0.1660858690738678,0,0.6480159759521484,0.21562859416007996,0.1363554745912552,0,0.5684443116188049,0.19753344357013702,0.23402227461338043
a01|S0-core,a01,a01,S0-core,75,-11,-0.11,0,-0.46941182017326355,-1.1792370080947876,0,0.6196939945220947,0.21537041664123535,0.16493558883666992,0,0.6577725410461426,0.2024017870426178,0.13982561230659485,0,0.5694693326950073,0.1979447603225708,0.23258589208126068
a01|S0-core,a01,a01,S0-core,76,-10,-0.1,0,-0.7866070866584778,-1.2102299928665161,0,0.5825631022453308,0.2532888352870941,0.1641480177640915,0,0.6784433722496033,0.19434252381324768,0.12721407413482666,0,0.5932022929191589,0.1953698694705963,0.21142783761024475
a01|S0-core,a01,a01,S0-core,77,-9,-0.09,0,-0.48515117168426514,-1.3197808265686035,0,0.6077420711517334,0.22225914895534515,0.16999872028827667,0,0.6692742109298706,0.18612779676914215,0.14459802210330963,0,0.5814352035522461,0.1971084177494049,0.22145642340183258
a01|S0-core,a01,a01,S0-core,78,-8,-0.08,0,-0.7229161858558655,-1.3219720125198364,0,0.5569393038749695,0.2603101134300232,0.1827506273984909,0,0.6602106690406799,0.20581381022930145,0.13397549092769623,0,0.5710314512252808,0.2014157921075821,0.22755274176597595
a01|S0-core,a01,a01,S0-core,79,-7,-0.07,0,-0.48349860310554504,-1.2496874332427979,0,0.6000989675521851,0.21862685680389404,0.1812741458415985,0,0.6659940481185913,0.18948523700237274,0.14452075958251953,0,0.5709824562072754,0.20387811958789825,0.22513942420482635
a01|S0-core,a01,a01,S0-core,80,-6,-0.06,0,-0.7324334383010864,-1.298580288887024,0,0.5647014379501343,0.2467264086008072,0.18857215344905853,0,0.6497037410736084,0.2198786735534668,0.1304176151752472,0,0.5618146061897278,0.22328409552574158,0.21490126848220825
a01|S0-core,a01,a01,S0-core,81,-5,-0.05,0,-0.4874131977558136,-1.3362361192703247,0,0.6028780341148376,0.21262739598751068,0.18449464440345764,0,0.6598523855209351,0.20148858428001404,0.1386590152978897,0,0.5772642493247986,0.20659349858760834,0.21614223718643188
a01|S0-core,a01,a01,S0-core,82,-4,-0.04,0,-0.7123031616210938,-1.352174997329712,0,0.5754180550575256,0.22676154971122742,0.19782036542892456,0,0.6544612646102905,0.20772841572761536,0.1378103643655777,0,0.578476071357727,0.22104081511497498,0.20048308372497559
a01|S0-core,a01,a01,S0-core,83,-3,-0.03,0,-0.6900215148925781,-1.2050162553787231,0,0.5962485074996948,0.21600040793418884,0.1877511441707611,0,0.6538560390472412,0.20561455190181732,0.14052943885326385,0,0.5674040913581848,0.22075064480304718,0.2118452787399292
a01|S0-core,a01,a01,S0-core,84,-2,-0.02,0,-0.7665108442306519,-1.2454633712768555,0,0.5966330170631409,0.2323942482471466,0.1709727644920349,0,0.6401809453964233,0.23135921359062195,0.12845982611179352,0,0.5268757343292236,0.2339148372411728,0.23920942842960358
a01|S0-core,a01,a01,S0-core,85,-1,-0.01,0,-0.7119051218032837,-1.4944562911987305,0,0.6169779896736145,0.21814651787281036,0.16487552225589752,0,0.6380659341812134,0.21763844788074493,0.14429554343223572,0,0.5431214570999146,0.22805576026439667,0.2288227081298828
a01|S0-core,a01,a01,S0-core,86,0,0.0,0,-0.836661696434021,-1.567452073097229,0,0.6070855259895325,0.23663993179798126,0.15627452731132507,0,0.6111626029014587,0.2530427873134613,0.13579459488391876,0,0.5200191736221313,0.2331552952528,0.24682554602622986
a01|S0-core,a01,a01,S0-core,87,1,0.01,0,-0.7235869765281677,-1.1564334630966187,0,0.5940571427345276,0.2479233592748642,0.15801946818828583,0,0.6096983551979065,0.25061336159706116,0.13968831300735474,0,0.495426744222641,0.2519511580467224,0.2526220977306366
a01|S0-core,a01,a01,S0-core,88,2,0.02,0,-0.6515238881111145,-1.228208303451538,0,0.56589674949646,0.26288673281669617,0.17121654748916626,0,0.639627993106842,0.21867339313030243,0.14169859886169434,0,0.5226515531539917,0.24102148413658142,0.2363269031047821
a01|S0-core,a01,a01,S0-core,89,3,0.03,0,-0.8450599908828735,-1.45608651638031,0,0.5786243677139282,0.24523396790027618,0.176141619682312,0,0.6570584177970886,0.210688516497612,0.1322530061006546,0,0.5598711967468262,0.214985191822052,0.22514361143112183
a01|S0-core,a01,a01,S0-core,90,4,0.04,0,-0.7103831768035889,-1.514282464981079,0,0.5864445567131042,0.24977056682109833,0.16378486156463623,0,0.604880690574646,0.25487619638442993,0.1402430683374405,0,0.47688281536102295,0.26244592666625977,0.2606712579727173
a01|S0-core,a01,a01,S0-core,91,5,0.05,0,-0.4663291275501251,-0.9121646285057068,0,0.5888591408729553,0.25495627522468567,0.1561846137046814,0,0.6265411376953125,0.22969365119934082,0.1437651813030243,0,0.5254676938056946,0.258729487657547,0.21580281853675842
a01|S0-core,a01,a01,S0-core,92,6,0.06,0,-0.35984182357788086,-0.8341991901397705,0,0.5530012845993042,0.2807859778404236,0.1662127673625946,0,0.6149358153343201,0.2377728372812271,0.1472913771867752,0,0.4823172390460968,0.26737356185913086,0.2503092586994171
a01|S0-core,a01,a01,S0-core,93,7,0.07,0,-0.436551570892334,-0.9158838391304016,0,0.5137715935707092,0.3113311529159546,0.174897238612175,0,0.6110196709632874,0.2706938683986664,0.11828647553920746,0,0.46146777272224426,0.25894808769226074,0.27958419919013977
a01|S0-core,a01,a01,S0-core,94,8,0.08,0,-0.49084562063217163,-1.075542688369751,0,0.47453179955482483,0.352203369140625,0.17326484620571136,0,0.5830755829811096,0.3006824254989624,0.1162419468164444,0,0.44102075695991516,0.2693614065647125,0.2896178960800171
a01|S0-core,a01,a01,S0-core,95,9,0.09,0,-0.5012048482894897,-0.8700577616691589,0,0.4338834583759308,0.3538335859775543,0.2122829705476761,0,0.5444076061248779,0.3331539034843445,0.12243850529193878,0,0.4732115566730499,0.2688676416873932,0.2579207122325897
a01|S0-core,a01,a01,S0-core,96,10,0.1,0,-0.5220850706100464,-0.988336443901062,0,0.42814764380455017,0.3811728358268738,0.19067955017089844,0,0.48151999711990356,0.3813089430332184,0.1371711641550064,0,0.4617841839790344,0.2925547659397125,0.24566102027893066
a01|S0-core,a01,a01,S0-core,97,11,0.11,0,-0.5998523235321045,-1.058419108390808,0,0.47098174691200256,0.33879053592681885,0.1902276873588562,0,0.525880753993988,0.3378702998161316,0.13624899089336395,0,0.5036377310752869,0.2642665505409241,0.23209568858146667
a01|S0-core,a01,a01,S0-core,98,12,0.12,0,-0.4575510621070862,-0.993511438369751,0,0.5178078413009644,0.3142704367637634,0.1679217517375946,0,0.5459933280944824,0.3214309811592102,0.1325756460428238,0,0.5016464591026306,0.24978098273277283,0.24857255816459656
a01|S0-core,a01,a01,S0-core,99,13,0.13,0,-0.5954497456550598,-1.087329387664795,0,0.5032784938812256,0.31501665711402893,0.18170487880706787,0,0.5682979226112366,0.3045101463794708,0.1271919459104538,0,0.5225732922554016,0.24663576483726501,0.23079094290733337
a01|S0-core,a01,a01,S0-core,100,14,0.14,0,-0.5924096703529358,-1.0726386308670044,0,0.49278146028518677,0.329617440700531,0.17760108411312103,0,0.5818220973014832,0.28484174609184265,0.133336141705513,0,0.4951537847518921,0.24782267212867737,0.25702351331710815
a01|S0-core,a01,a01,S0-core,101,15,0.15,0,-0.7614762783050537,-1.346558690071106,0,0.54112708568573,0.2696475684642792,0.1892254501581192,0,0.6074919700622559,0.2637161314487457,0.1287919282913208,0,0.514264702796936,0.24746765196323395,0.23826760053634644
a01|S0-core,a01,a01,S0-core,102,16,0.16,0,-0.4822332262992859,-1.0695152282714844,0,0.5286129117012024,0.2872069180011749,0.1841801106929779,0,0.5937564969062805,0.2640761435031891,0.14216738939285278,0,0.5161775946617126,0.25288084149360657,0.23094162344932556
a01|S0-core,a01,a01,S0-core,103,17,0.17,0,-0.7653846740722656,-1.3701094388961792,0,0.5847253203392029,0.23098377883434296,0.18429091572761536,0,0.6058928370475769,0.2624407112598419,0.13166648149490356,0,0.5464393496513367,0.23429730534553528,0.21926335990428925
a01|S0-core,a01,a01,S0-core,104,18,0.18,0,-0.3678951561450958,-0.8763977885246277,0,0.5793936252593994,0.2486805021762848,0.17192582786083221,0,0.617942750453949,0.24034427106380463,0.1417130082845688,0,0.54485023021698,0.23339125514030457,0.22175855934619904
a01|S0-core,a01,a01,S0-core,105,19,0.19,0,-0.4520602524280548,-0.9523865580558777,0,0.5985022783279419,0.21542492508888245,0.18607281148433685,0,0.6261059045791626,0.240327388048172,0.13356676697731018,0,0.5599436163902283,0.23091579973697662,0.2091405689716339
a01|S0-core,a01,a01,S0-core,106,20,0.2,0,-0.4558049738407135,-0.8729751110076904,0,0.5445042252540588,0.2726956605911255,0.18280011415481567,0,0.617913544178009,0.2516726851463318,0.13041375577449799,0,0.5451448559761047,0.22220778465270996,0.2326473444700241
a01|S0-core,a01,a01,S0-core,107,21,0.21,0,-0.5201559662818909,-0.9755470752716064,0,0.5397592782974243,0.2586703300476074,0.20157043635845184,0,0.6099345684051514,0.2602657675743103,0.12979961931705475,0,0.5516515374183655,0.22206181287765503,0.22628669440746307
a01|S0-core,a01,a01,S0-core,108,22,0.22,0,-0.5135025382041931,-0.9868842959403992,0,0.526857852935791,0.2797510623931885,0.1933910846710205,0,0.5951090455055237,0.2749249339103699,0.12996603548526764,0,0.5462080240249634,0.2282135784626007,0.2255783975124359
a01|S0-core,a01,a01,S0-core,109,23,0.23,1,-0.6340983510017395,-1.2607433795928955,0,0.5108749270439148,0.28397583961486816,0.20514920353889465,0,0.5359264612197876,0.33345597982406616,0.13061754405498505,0,0.5061883330345154,0.25077876448631287,0.24303288757801056
a01|S0-core,a01,a01,S0-core,110,24,0.24,1,-0.5606836080551147,-0.9746766090393066,0,0.4773233234882355,0.32884377241134644,0.19383293390274048,0,0.521600604057312,0.3503447473049164,0.1280546635389328,0,0.4818198084831238,0.2793031334877014,0.2388770580291748
a01|S0-core,a01,a01,S0-core,111,25,0.25,1,-0.6567016839981079,-1.3461500406265259,0,0.46761849522590637,0.3333815634250641,0.19899988174438477,0,0.50594562292099,0.3665337860584259,0.1275206208229065,0,0.47145476937294006,0.2781887352466583,0.2503565549850464
a01|0->1-boundary,a01,a01,0->1-boundary,83,-25,-0.25,0,-0.6900215148925781,-1.2050162553787231,0,0.5962485074996948,0.21600040793418884,0.1877511441707611,0,0.6538560390472412,0.20561455190181732,0.14052943885326385,0,0.5674040913581848,0.22075064480304718,0.2118452787399292
a01|0->1-boundary,a01,a01,0->1-boundary,84,-24,-0.24,0,-0.7665108442306519,-1.2454633712768555,0,0.5966330170631409,0.2323942482471466,0.1709727644920349,0,0.6401809453964233,0.23135921359062195,0.12845982611179352,0,0.5268757343292236,0.2339148372411728,0.23920942842960358
a01|0->1-boundary,a01,a01,0->1-boundary,85,-23,-0.23,0,-0.7119051218032837,-1.4944562911987305,0,0.6169779896736145,0.21814651787281036,0.16487552225589752,0,0.6380659341812134,0.21763844788074493,0.14429554343223572,0,0.5431214570999146,0.22805576026439667,0.2288227081298828
a01|0->1-boundary,a01,a01,0->1-boundary,86,-22,-0.22,0,-0.836661696434021,-1.567452073097229,0,0.6070855259895325,0.23663993179798126,0.15627452731132507,0,0.6111626029014587,0.2530427873134613,0.13579459488391876,0,0.5200191736221313,0.2331552952528,0.24682554602622986
a01|0->1-boundary,a01,a01,0->1-boundary,87,-21,-0.21,0,-0.7235869765281677,-1.1564334630966187,0,0.5940571427345276,0.2479233592748642,0.15801946818828583,0,0.6096983551979065,0.25061336159706116,0.13968831300735474,0,0.495426744222641,0.2519511580467224,0.2526220977306366
a01|0->1-boundary,a01,a01,0->1-boundary,88,-20,-0.2,0,-0.6515238881111145,-1.228208303451538,0,0.56589674949646,0.26288673281669617,0.17121654748916626,0,0.639627993106842,0.21867339313030243,0.14169859886169434,0,0.5226515531539917,0.24102148413658142,0.2363269031047821
a01|0->1-boundary,a01,a01,0->1-boundary,89,-19,-0.19,0,-0.8450599908828735,-1.45608651638031,0,0.5786243677139282,0.24523396790027618,0.176141619682312,0,0.6570584177970886,0.210688516497612,0.1322530061006546,0,0.5598711967468262,0.214985191822052,0.22514361143112183
a01|0->1-boundary,a01,a01,0->1-boundary,90,-18,-0.18,0,-0.7103831768035889,-1.514282464981079,0,0.5864445567131042,0.24977056682109833,0.16378486156463623,0,0.604880690574646,0.25487619638442993,0.1402430683374405,0,0.47688281536102295,0.26244592666625977,0.2606712579727173
a01|0->1-boundary,a01,a01,0->1-boundary,91,-17,-0.17,0,-0.4663291275501251,-0.9121646285057068,0,0.5888591408729553,0.25495627522468567,0.1561846137046814,0,0.6265411376953125,0.22969365119934082,0.1437651813030243,0,0.5254676938056946,0.258729487657547,0.21580281853675842
a01|0->1-boundary,a01,a01,0->1-boundary,92,-16,-0.16,0,-0.35984182357788086,-0.8341991901397705,0,0.5530012845993042,0.2807859778404236,0.1662127673625946,0,0.6149358153343201,0.2377728372812271,0.1472913771867752,0,0.4823172390460968,0.26737356185913086,0.2503092586994171
a01|0->1-boundary,a01,a01,0->1-boundary,93,-15,-0.15,0,-0.436551570892334,-0.9158838391304016,0,0.5137715935707092,0.3113311529159546,0.174897238612175,0,0.6110196709632874,0.2706938683986664,0.11828647553920746,0,0.46146777272224426,0.25894808769226074,0.27958419919013977
a01|0->1-boundary,a01,a01,0->1-boundary,94,-14,-0.14,0,-0.49084562063217163,-1.075542688369751,0,0.47453179955482483,0.352203369140625,0.17326484620571136,0,0.5830755829811096,0.3006824254989624,0.1162419468164444,0,0.44102075695991516,0.2693614065647125,0.2896178960800171
a01|0->1-boundary,a01,a01,0->1-boundary,95,-13,-0.13,0,-0.5012048482894897,-0.8700577616691589,0,0.4338834583759308,0.3538335859775543,0.2122829705476761,0,0.5444076061248779,0.3331539034843445,0.12243850529193878,0,0.4732115566730499,0.2688676416873932,0.2579207122325897
a01|0->1-boundary,a01,a01,0->1-boundary,96,-12,-0.12,0,-0.5220850706100464,-0.988336443901062,0,0.42814764380455017,0.3811728358268738,0.19067955017089844,0,0.48151999711990356,0.3813089430332184,0.1371711641550064,0,0.4617841839790344,0.2925547659397125,0.24566102027893066
a01|0->1-boundary,a01,a01,0->1-boundary,97,-11,-0.11,0,-0.5998523235321045,-1.058419108390808,0,0.47098174691200256,0.33879053592681885,0.1902276873588562,0,0.525880753993988,0.3378702998161316,0.13624899089336395,0,0.5036377310752869,0.2642665505409241,0.23209568858146667
a01|0->1-boundary,a01,a01,0->1-boundary,98,-10,-0.1,0,-0.4575510621070862,-0.993511438369751,0,0.5178078413009644,0.3142704367637634,0.1679217517375946,0,0.5459933280944824,0.3214309811592102,0.1325756460428238,0,0.5016464591026306,0.24978098273277283,0.24857255816459656
a01|0->1-boundary,a01,a01,0->1-boundary,99,-9,-0.09,0,-0.5954497456550598,-1.087329387664795,0,0.5032784938812256,0.31501665711402893,0.18170487880706787,0,0.5682979226112366,0.3045101463794708,0.1271919459104538,0,0.5225732922554016,0.24663576483726501,0.23079094290733337
a01|0->1-boundary,a01,a01,0->1-boundary,100,-8,-0.08,0,-0.5924096703529358,-1.0726386308670044,0,0.49278146028518677,0.329617440700531,0.17760108411312103,0,0.5818220973014832,0.28484174609184265,0.133336141705513,0,0.4951537847518921,0.24782267212867737,0.25702351331710815
a01|0->1-boundary,a01,a01,0->1-boundary,101,-7,-0.07,0,-0.7614762783050537,-1.346558690071106,0,0.54112708568573,0.2696475684642792,0.1892254501581192,0,0.6074919700622559,0.2637161314487457,0.1287919282913208,0,0.514264702796936,0.24746765196323395,0.23826760053634644
a01|0->1-boundary,a01,a01,0->1-boundary,102,-6,-0.06,0,-0.4822332262992859,-1.0695152282714844,0,0.5286129117012024,0.2872069180011749,0.1841801106929779,0,0.5937564969062805,0.2640761435031891,0.14216738939285278,0,0.5161775946617126,0.25288084149360657,0.23094162344932556
a01|0->1-boundary,a01,a01,0->1-boundary,103,-5,-0.05,0,-0.7653846740722656,-1.3701094388961792,0,0.5847253203392029,0.23098377883434296,0.18429091572761536,0,0.6058928370475769,0.2624407112598419,0.13166648149490356,0,0.5464393496513367,0.23429730534553528,0.21926335990428925
a01|0->1-boundary,a01,a01,0->1-boundary,104,-4,-0.04,0,-0.3678951561450958,-0.8763977885246277,0,0.5793936252593994,0.2486805021762848,0.17192582786083221,0,0.617942750453949,0.24034427106380463,0.1417130082845688,0,0.54485023021698,0.23339125514030457,0.22175855934619904
a01|0->1-boundary,a01,a01,0->1-boundary,105,-3,-0.03,0,-0.4520602524280548,-0.9523865580558777,0,0.5985022783279419,0.21542492508888245,0.18607281148433685,0,0.6261059045791626,0.240327388048172,0.13356676697731018,0,0.5599436163902283,0.23091579973697662,0.2091405689716339
a01|0->1-boundary,a01,a01,0->1-boundary,106,-2,-0.02,0,-0.4558049738407135,-0.8729751110076904,0,0.5445042252540588,0.2726956605911255,0.18280011415481567,0,0.617913544178009,0.2516726851463318,0.13041375577449799,0,0.5451448559761047,0.22220778465270996,0.2326473444700241
a01|0->1-boundary,a01,a01,0->1-boundary,107,-1,-0.01,0,-0.5201559662818909,-0.9755470752716064,0,0.5397592782974243,0.2586703300476074,0.20157043635845184,0,0.6099345684051514,0.2602657675743103,0.12979961931705475,0,0.5516515374183655,0.22206181287765503,0.22628669440746307
a01|0->1-boundary,a01,a01,0->1-boundary,108,0,0.0,0,-0.5135025382041931,-0.9868842959403992,0,0.526857852935791,0.2797510623931885,0.1933910846710205,0,0.5951090455055237,0.2749249339103699,0.12996603548526764,0,0.5462080240249634,0.2282135784626007,0.2255783975124359
a01|0->1-boundary,a01,a01,0->1-boundary,109,1,0.01,1,-0.6340983510017395,-1.2607433795928955,0,0.5108749270439148,0.28397583961486816,0.20514920353889465,0,0.5359264612197876,0.33345597982406616,0.13061754405498505,0,0.5061883330345154,0.25077876448631287,0.24303288757801056
a01|0->1-boundary,a01,a01,0->1-boundary,110,2,0.02,1,-0.5606836080551147,-0.9746766090393066,0,0.4773233234882355,0.32884377241134644,0.19383293390274048,0,0.521600604057312,0.3503447473049164,0.1280546635389328,0,0.4818198084831238,0.2793031334877014,0.2388770580291748
a01|0->1-boundary,a01,a01,0->1-boundary,111,3,0.03,1,-0.6567016839981079,-1.3461500406265259,0,0.46761849522590637,0.3333815634250641,0.19899988174438477,0,0.50594562292099,0.3665337860584259,0.1275206208229065,0,0.47145476937294006,0.2781887352466583,0.2503565549850464
a01|0->1-boundary,a01,a01,0->1-boundary,112,4,0.04,1,-0.41380131244659424,-0.7667649388313293,0,0.46722763776779175,0.35499459505081177,0.17777778208255768,0,0.47454553842544556,0.3914678990840912,0.13398651778697968,0,0.43905115127563477,0.3032531142234802,0.25769567489624023
a01|0->1-boundary,a01,a01,0->1-boundary,113,5,0.05,1,-0.4951954185962677,-1.0250887870788574,0,0.4648738205432892,0.3598279654979706,0.1752982884645462,0,0.4952888488769531,0.37405112385749817,0.1306600123643875,0,0.4523364305496216,0.2888626754283905,0.2588008940219879
a01|0->1-boundary,a01,a01,0->1-boundary,114,6,0.06,1,-0.2720317542552948,-0.7138839364051819,0,0.42195019125938416,0.4076910614967346,0.17035874724388123,0,0.48984989523887634,0.3767721652984619,0.13337789475917816,0,0.41235724091529846,0.3123367726802826,0.27530598640441895
a01|0->1-boundary,a01,a01,0->1-boundary,115,7,0.07,1,-0.5553692579269409,-1.0587955713272095,1,0.40463975071907043,0.40926945209503174,0.18609072268009186,0,0.4658448100090027,0.4094402492046356,0.12471499294042587,0,0.4513446092605591,0.2800038158893585,0.2686515748500824
a01|0->1-boundary,a01,a01,0->1-boundary,116,8,0.08,1,-0.2041008621454239,-0.8089304566383362,1,0.36732324957847595,0.4462873041629791,0.1863894760608673,0,0.4598468840122223,0.41928061842918396,0.12087249010801315,0,0.4848094880580902,0.27512383460998535,0.24006661772727966
a01|0->1-boundary,a01,a01,0->1-boundary,117,9,0.09,1,-0.48661714792251587,-1.2603428363800049,1,0.31111350655555725,0.4789808392524719,0.2099057137966156,1,0.3884354531764984,0.4943212568759918,0.11724329739809036,0,0.4778275787830353,0.27736571431159973,0.2448066771030426
a01|0->1-boundary,a01,a01,0->1-boundary,118,10,0.1,1,-0.49938303232192993,-0.9029074311256409,1,0.33718910813331604,0.45278534293174744,0.21002553403377533,1,0.39173799753189087,0.4897530674934387,0.1185089498758316,0,0.47553306818008423,0.2711159288883209,0.25335100293159485
a01|0->1-boundary,a01,a01,0->1-boundary,119,11,0.11,1,-0.7120152711868286,-1.2505366802215576,1,0.36742568016052246,0.4088515341281891,0.22372281551361084,1,0.38171693682670593,0.49565452337265015,0.12262854725122452,0,0.4578622579574585,0.27409645915031433,0.2680412828922272
a01|0->1-boundary,a01,a01,0->1-boundary,120,12,0.12,1,-0.27420806884765625,-0.6669073700904846,1,0.37945738434791565,0.42563384771347046,0.19490879774093628,0,0.44523629546165466,0.41602662205696106,0.13873708248138428,0,0.43801721930503845,0.2940347492694855,0.2679480016231537
a01|0->1-boundary,a01,a01,0->1-boundary,121,13,0.13,1,-0.47881272435188293,-1.0729557275772095,1,0.36606565117836,0.43120115995407104,0.202733114361763,0,0.4849553406238556,0.3956211507320404,0.11942350119352341,0,0.4352472722530365,0.267525315284729,0.2972274422645569
a01|0->1-boundary,a01,a01,0->1-boundary,122,14,0.14,1,-0.2984878122806549,-0.7903096675872803,1,0.3926468789577484,0.4150800406932831,0.1922730654478073,0,0.4954966604709625,0.373298704624176,0.13120467960834503,0,0.3957941234111786,0.2938820719718933,0.3103238344192505
a01|0->1-boundary,a01,a01,0->1-boundary,123,15,0.15,1,-0.42806047201156616,-1.0760791301727295,1,0.32933637499809265,0.47930219769477844,0.1913614571094513,0,0.4465985596179962,0.43629324436187744,0.11710818856954575,0,0.3840630352497101,0.29292649030685425,0.32301050424575806
a01|0->1-boundary,a01,a01,0->1-boundary,124,16,0.16,1,-0.43014460802078247,-0.9067443609237671,1,0.3324967622756958,0.4816029965877533,0.1859002560377121,1,0.4283716380596161,0.44798803329467773,0.12364029884338379,0,0.38260114192962646,0.31651571393013,0.30088314414024353
a01|0->1-boundary,a01,a01,0->1-boundary,125,17,0.17,1,-0.5087942481040955,-1.158705472946167,1,0.3032500445842743,0.476710706949234,0.22003929316997528,1,0.3954989016056061,0.478392630815506,0.12610846757888794,0,0.40665730834007263,0.29588180780410767,0.2974608540534973
a01|0->1-boundary,a01,a01,0->1-boundary,126,18,0.18,1,-0.4744687080383301,-0.9915156960487366,1,0.34369346499443054,0.45553937554359436,0.20076723396778107,0,0.437847763299942,0.4311375021934509,0.13101477921009064,0,0.41965049505233765,0.2923959791660309,0.28795355558395386
a01|0->1-boundary,a01,a01,0->1-boundary,127,19,0.19,1,-0.519229531288147,-1.0565701723098755,1,0.3341260552406311,0.4597868025302887,0.20608720183372498,0,0.4416159391403198,0.43184351921081543,0.12654048204421997,0,0.45215708017349243,0.2755475640296936,0.2722953259944916
a01|0->1-boundary,a01,a01,0->1-boundary,128,20,0.2,1,-0.3120175898075104,-0.847368061542511,1,0.33713239431381226,0.4542594850063324,0.20860818028450012,0,0.47488877177238464,0.3888280987739563,0.13628320395946503,0,0.4578738510608673,0.2747318744659424,0.2673942744731903
a01|0->1-boundary,a01,a01,0->1-boundary,129,21,0.21,1,-0.18857096135616302,-0.8310867547988892,1,0.34418347477912903,0.45052656531333923,0.20528997480869293,0,0.43525344133377075,0.42873090505599976,0.13601569831371307,0,0.4396791160106659,0.2742936313152313,0.28602728247642517
a01|0->1-boundary,a01,a01,0->1-boundary,130,22,0.22,1,-0.470256507396698,-0.9954490065574646,1,0.3130858242511749,0.4862024188041687,0.20071175694465637,1,0.43154579401016235,0.4413030445575714,0.12715117633342743,0,0.4133248031139374,0.2856326997280121,0.30104246735572815
a01|0->1-boundary,a01,a01,0->1-boundary,131,23,0.23,1,-0.5204652547836304,-0.9641408324241638,1,0.3221607804298401,0.48464125394821167,0.19319792091846466,1,0.42420753836631775,0.44147157669067383,0.13432082533836365,0,0.4086834192276001,0.30019357800483704,0.29112306237220764
a01|0->1-boundary,a01,a01,0->1-boundary,132,24,0.24,1,-0.5061859488487244,-1.1443803310394287,1,0.29470860958099365,0.5134695768356323,0.19182178378105164,1,0.4237893223762512,0.43762531876564026,0.13858531415462494,0,0.3881312608718872,0.30026644468307495,0.31160229444503784
a01|0->1-boundary,a01,a01,0->1-boundary,133,25,0.25,1,-0.4738817811012268,-1.1177211999893188,1,0.37782469391822815,0.438348650932312,0.18382668495178223,1,0.4283559322357178,0.43621307611465454,0.13543103635311127,0,0.4128662347793579,0.279889851808548,0.3072439134120941
a01|S1-core,a01,a01,S1-core,539,-25,-0.25,2,0.28526031970977783,0.1531941443681717,2,0.120154470205307,0.2858472466468811,0.593998372554779,2,0.11966411024332047,0.25905099511146545,0.6212848424911499,2,0.15349626541137695,0.32479128241539,0.5217124819755554
a01|S1-core,a01,a01,S1-core,540,-24,-0.24,2,0.22216178476810455,-0.049220722168684006,2,0.1172940582036972,0.3185242712497711,0.5641816258430481,2,0.11692573875188828,0.2698703706264496,0.6132038831710815,2,0.15094801783561707,0.32158172130584717,0.5274702310562134
a01|S1-core,a01,a01,S1-core,541,-23,-0.23,2,0.32261690497398376,0.10013771057128906,2,0.1173044741153717,0.30310142040252686,0.5795941352844238,2,0.12230967730283737,0.2806502878665924,0.597040057182312,2,0.14915142953395844,0.33897948265075684,0.5118690729141235
a01|S1-core,a01,a01,S1-core,542,-22,-0.22,2,0.4304356873035431,0.03451167792081833,2,0.12103646993637085,0.28299233317375183,0.5959711670875549,2,0.12453168630599976,0.3005518913269043,0.574916422367096,2,0.15672369301319122,0.33167925477027893,0.5115969777107239
a01|S1-core,a01,a01,S1-core,543,-21,-0.21,2,0.23562422394752502,0.14748753607273102,2,0.1314931958913803,0.3063943088054657,0.5621125102043152,2,0.1125001460313797,0.3086482882499695,0.578851580619812,2,0.15463471412658691,0.3274853527545929,0.5178799629211426
a01|S1-core,a01,a01,S1-core,544,-20,-0.2,2,0.09551159292459488,0.19615451991558075,2,0.12211796641349792,0.311739981174469,0.5661420822143555,2,0.11998347193002701,0.3002772629261017,0.5797392129898071,2,0.15698887407779694,0.3340579569339752,0.5089530944824219
a01|S1-core,a01,a01,S1-core,545,-19,-0.19,2,0.22910040616989136,0.17991340160369873,2,0.13680535554885864,0.30450180172920227,0.5586928725242615,2,0.11242473125457764,0.3119555115699768,0.5756197571754456,2,0.15340779721736908,0.34415873885154724,0.5024334788322449
a01|S1-core,a01,a01,S1-core,546,-18,-0.18,2,0.16906389594078064,0.3703731894493103,2,0.1277463287115097,0.3025706708431244,0.5696830749511719,2,0.11017940938472748,0.3321549594402313,0.5576656460762024,2,0.146487295627594,0.33385124802589417,0.5196614265441895
a01|S1-core,a01,a01,S1-core,547,-17,-0.17,2,0.38536688685417175,0.40682733058929443,2,0.14402255415916443,0.292916476726532,0.5630609393119812,2,0.11573495715856552,0.3170333504676819,0.5672315955162048,2,0.15379424393177032,0.370155394077301,0.47605040669441223
a01|S1-core,a01,a01,S1-core,548,-16,-0.16,2,0.4458884596824646,0.38063085079193115,2,0.15305915474891663,0.3281136155128479,0.5188272595405579,2,0.11151881515979767,0.2909810543060303,0.5975001454353333,2,0.1609618067741394,0.3467037081718445,0.4923344552516937
a01|S1-core,a01,a01,S1-core,549,-15,-0.15,2,0.48769375681877136,0.5342622995376587,2,0.14957298338413239,0.3301355838775635,0.5202914476394653,2,0.11166241765022278,0.27346134185791016,0.6148762106895447,2,0.14815261960029602,0.3328218162059784,0.5190255641937256
a01|S1-core,a01,a01,S1-core,550,-14,-0.14,2,0.3569868803024292,0.36320918798446655,2,0.12698519229888916,0.31557217240333557,0.5574426651000977,2,0.10622267425060272,0.24805188179016113,0.645725429058075,2,0.14978528022766113,0.335022896528244,0.5151918530464172
a01|S1-core,a01,a01,S1-core,551,-13,-0.13,2,0.32971546053886414,0.3761821985244751,2,0.13075566291809082,0.31314149498939514,0.5561027526855469,2,0.10994929820299149,0.25468558073043823,0.6353651285171509,2,0.15337005257606506,0.32950660586357117,0.5171234011650085
a01|S1-core,a01,a01,S1-core,552,-12,-0.12,2,0.49553000926971436,0.44520172476768494,2,0.1222117468714714,0.2869816720485687,0.5908065438270569,2,0.10829627513885498,0.25350600481033325,0.6381977796554565,2,0.15528924763202667,0.31441834568977356,0.5302924513816833
a01|S1-core,a01,a01,S1-core,553,-11,-0.11,2,0.30494019389152527,0.3383025527000427,2,0.11673606932163239,0.30147093534469604,0.5817930102348328,2,0.11731228977441788,0.24107789993286133,0.641609787940979,2,0.1585664451122284,0.319624662399292,0.5218088626861572
a01|S1-core,a01,a01,S1-core,554,-10,-0.1,2,0.4940890669822693,0.4092369079589844,2,0.12316044420003891,0.332678884267807,0.5441606640815735,2,0.11191745102405548,0.2532113492488861,0.6348711848258972,2,0.15088678896427155,0.3073701858520508,0.5417430400848389
a01|S1-core,a01,a01,S1-core,555,-9,-0.09,2,0.39670154452323914,0.37127843499183655,2,0.13426092267036438,0.3419632911682129,0.5237757563591003,2,0.12458866834640503,0.2318166047334671,0.6435946822166443,2,0.14983998239040375,0.3203544616699219,0.5298055410385132
a01|S1-core,a01,a01,S1-core,556,-8,-0.08,2,0.42763465642929077,0.3508513271808624,2,0.1285182535648346,0.3225116431713104,0.548970103263855,2,0.11251550167798996,0.24808074533939362,0.639403760433197,2,0.16585694253444672,0.3307327926158905,0.5034103393554688
a01|S1-core,a01,a01,S1-core,557,-7,-0.07,2,0.4465520977973938,0.5230485796928406,2,0.12235383689403534,0.3267975449562073,0.5508486032485962,2,0.12099514156579971,0.2330479472875595,0.6459568738937378,2,0.15271903574466705,0.30799996852874756,0.5392810106277466
a01|S1-core,a01,a01,S1-core,558,-6,-0.06,2,0.32389453053474426,0.14409621059894562,2,0.12526464462280273,0.30188313126564026,0.5728521943092346,2,0.11634489893913269,0.23977071046829224,0.6438844203948975,2,0.16542595624923706,0.3247604966163635,0.5098135471343994
a01|S1-core,a01,a01,S1-core,559,-5,-0.05,2,0.3000069558620453,0.1531103551387787,2,0.14493229985237122,0.3371639847755432,0.5179036855697632,2,0.1255849152803421,0.2583954930305481,0.616019606590271,2,0.1708013266324997,0.31297460198402405,0.5162241458892822
a01|S1-core,a01,a01,S1-core,560,-4,-0.04,2,0.2493095099925995,-0.09850843250751495,2,0.16750921308994293,0.3481115400791168,0.48437920212745667,2,0.12998460233211517,0.2741699516773224,0.5958454012870789,2,0.16838636994361877,0.3284638524055481,0.5031497478485107
a01|S1-core,a01,a01,S1-core,561,-3,-0.03,2,0.3295026123523712,0.10870520025491714,2,0.18456043303012848,0.35985806584358215,0.4555814862251282,2,0.13628943264484406,0.3315404951572418,0.5321700572967529,2,0.17607443034648895,0.3278058171272278,0.49611973762512207
a01|S1-core,a01,a01,S1-core,562,-2,-0.02,2,0.1626720130443573,-0.017993707209825516,2,0.199860617518425,0.3550548851490021,0.4450845420360565,2,0.14206185936927795,0.36823922395706177,0.4896989166736603,2,0.17992009222507477,0.3492240607738495,0.47085586190223694
a01|S1-core,a01,a01,S1-core,563,-1,-0.01,2,0.43013131618499756,0.24550196528434753,2,0.19792330265045166,0.3954649269580841,0.40661171078681946,2,0.1486908346414566,0.3889642655849457,0.4623448848724365,2,0.18865229189395905,0.3498116433620453,0.4615360498428345
a01|S1-core,a01,a01,S1-core,564,0,0.0,2,0.25787878036499023,0.10537020117044449,2,0.2294977605342865,0.38105133175849915,0.38945090770721436,2,0.16604465246200562,0.38477250933647156,0.4491828382015228,2,0.19773606956005096,0.37219199538230896,0.4300719201564789
a01|S1-core,a01,a01,S1-core,565,1,0.01,2,0.3354131877422333,0.12220839411020279,1,0.20069964230060577,0.4283928871154785,0.37090742588043213,2,0.16438384354114532,0.4056660234928131,0.42995011806488037,2,0.1957712471485138,0.3556804358959198,0.4485483765602112
a01|1->2-boundary,a01,a01,1->2-boundary,200,-25,-0.25,1,0.3241885006427765,0.09442175179719925,1,0.17265154421329498,0.5833641290664673,0.24398434162139893,1,0.16724659502506256,0.5820508003234863,0.2507026195526123,1,0.22073565423488617,0.5377858877182007,0.24147845804691315
a01|1->2-boundary,a01,a01,1->2-boundary,201,-24,-0.24,1,0.20580455660820007,-0.1739005148410797,1,0.15833576023578644,0.586365818977356,0.2552984654903412,1,0.1799747347831726,0.5418837666511536,0.27814149856567383,1,0.21660198271274567,0.5303214192390442,0.25307658314704895
a01|1->2-boundary,a01,a01,1->2-boundary,202,-23,-0.23,1,0.18085837364196777,0.014986506663262844,1,0.18580953776836395,0.5678794980049133,0.2463109940290451,1,0.17318594455718994,0.5132070183753967,0.31360703706741333,1,0.23864266276359558,0.4938856363296509,0.2674717307090759
a01|1->2-boundary,a01,a01,1->2-boundary,203,-22,-0.22,1,0.14124159514904022,-0.06910870969295502,1,0.17456036806106567,0.5729843378067017,0.25245532393455505,1,0.18183642625808716,0.508223295211792,0.30994030833244324,1,0.22732646763324738,0.4879150390625,0.2847585678100586
a01|1->2-boundary,a01,a01,1->2-boundary,204,-21,-0.21,1,0.287251353263855,0.16162554919719696,1,0.19537851214408875,0.5585235953330994,0.24609792232513428,1,0.18260793387889862,0.5100865364074707,0.3073055148124695,1,0.23614849150180817,0.48370179533958435,0.2801496684551239
a01|1->2-boundary,a01,a01,1->2-boundary,205,-20,-0.2,1,0.11276710778474808,0.04700503125786781,1,0.17811915278434753,0.5567436814308167,0.2651371359825134,1,0.1771101951599121,0.49644431471824646,0.32644549012184143,1,0.2368050366640091,0.4480796158313751,0.3151153028011322
a01|1->2-boundary,a01,a01,1->2-boundary,206,-19,-0.19,1,0.24039576947689056,0.1489817351102829,1,0.18525271117687225,0.5746560096740723,0.2400912642478943,1,0.17204032838344574,0.4921974539756775,0.3357621431350708,1,0.2254137247800827,0.48861029744148254,0.2859760522842407
a01|1->2-boundary,a01,a01,1->2-boundary,207,-18,-0.18,1,-0.08118652552366257,-0.09605570882558823,1,0.1673230081796646,0.594006359577179,0.23867064714431763,1,0.1798378825187683,0.5160136818885803,0.30414843559265137,1,0.2286916971206665,0.47579628229141235,0.29551202058792114
a01|1->2-boundary,a01,a01,1->2-boundary,208,-17,-0.17,1,0.28057339787483215,0.16630980372428894,1,0.20781941711902618,0.5593187808990479,0.23286180198192596,1,0.18241937458515167,0.5498852133750916,0.2676953971385956,1,0.23521333932876587,0.5149056911468506,0.24988099932670593
a01|1->2-boundary,a01,a01,1->2-boundary,209,-16,-0.16,1,-0.017686473205685616,0.07483945041894913,1,0.18444201350212097,0.5806470513343811,0.23491093516349792,1,0.16142567992210388,0.5768610239028931,0.26171329617500305,1,0.24915288388729095,0.4794323146343231,0.2714148759841919
a01|1->2-boundary,a01,a01,1->2-boundary,210,-15,-0.15,1,0.171339213848114,0.16511030495166779,1,0.19432812929153442,0.579598069190979,0.22607381641864777,1,0.17021551728248596,0.5924844145774841,0.2373000830411911,1,0.2308257520198822,0.5091553330421448,0.260018914937973
a01|1->2-boundary,a01,a01,1->2-boundary,211,-14,-0.14,1,-0.024099113419651985,-0.0941244512796402,1,0.14889287948608398,0.6201135516166687,0.23099356889724731,1,0.15418244898319244,0.6312249898910522,0.2145925611257553,1,0.23346322774887085,0.5012240409851074,0.26531270146369934
a01|1->2-boundary,a01,a01,1->2-boundary,212,-13,-0.13,1,0.20890969038009644,0.11421673744916916,1,0.1761726438999176,0.6059539914131165,0.21787337958812714,1,0.17871814966201782,0.6145178079605103,0.20676404237747192,1,0.23523803055286407,0.5225054621696472,0.2422565221786499
a01|1->2-boundary,a01,a01,1->2-boundary,213,-12,-0.12,1,0.034941572695970535,-0.08536622673273087,1,0.14683835208415985,0.6356518864631653,0.21750973165035248,1,0.1535089761018753,0.6501858234405518,0.19630518555641174,1,0.22157356142997742,0.5073097348213196,0.2711167335510254
a01|1->2-boundary,a01,a01,1->2-boundary,214,-11,-0.11,1,0.310481995344162,0.09357020258903503,1,0.19049787521362305,0.5908499956130981,0.21865214407444,1,0.17639458179473877,0.6037682890892029,0.21983709931373596,1,0.21203090250492096,0.5405312180519104,0.24743786454200745
a01|1->2-boundary,a01,a01,1->2-boundary,215,-10,-0.1,1,0.12678080797195435,-0.1250409334897995,1,0.16164429485797882,0.5958029627799988,0.2425527572631836,1,0.15682294964790344,0.6200191974639893,0.22315789759159088,1,0.22789447009563446,0.5050540566444397,0.26705145835876465
a01|1->2-boundary,a01,a01,1->2-boundary,216,-9,-0.09,1,0.3926001191139221,0.14812234044075012,1,0.17459583282470703,0.603260338306427,0.2221437692642212,1,0.16493023931980133,0.5911281704902649,0.2439415454864502,1,0.2269899696111679,0.5092409253120422,0.2637690603733063
a01|1->2-boundary,a01,a01,1->2-boundary,217,-8,-0.08,1,0.01505094300955534,-0.15402787923812866,1,0.17480698227882385,0.5522742867469788,0.2729187309741974,1,0.15674427151679993,0.5775740146636963,0.2656817138195038,1,0.21974550187587738,0.4971044659614563,0.28314995765686035
a01|1->2-boundary,a01,a01,1->2-boundary,218,-7,-0.07,1,0.27509254217147827,0.04061765596270561,1,0.17908957600593567,0.5781628489494324,0.24274758994579315,1,0.1735478788614273,0.5579248070716858,0.2685272693634033,1,0.2377258539199829,0.4960477650165558,0.2662263810634613
a01|1->2-boundary,a01,a01,1->2-boundary,219,-6,-0.06,1,-0.029161036014556885,-0.33027705550193787,1,0.15347617864608765,0.5787038207054138,0.2678200602531433,1,0.16025277972221375,0.5675585865974426,0.27218863368034363,1,0.22914369404315948,0.49546587467193604,0.27539047598838806
a01|1->2-boundary,a01,a01,1->2-boundary,220,-5,-0.05,1,0.10064836591482162,-0.07181430608034134,1,0.17389918863773346,0.587641716003418,0.238459050655365,1,0.15663829445838928,0.6018055081367493,0.24155622720718384,1,0.22762419283390045,0.5062629580497742,0.2661128342151642
a01|1->2-boundary,a01,a01,1->2-boundary,221,-4,-0.04,1,-0.03582491725683212,-0.27649107575416565,1,0.1551794856786728,0.5995714068412781,0.24524907767772675,1,0.1523040235042572,0.6076356172561646,0.24006034433841705,1,0.22621141374111176,0.5188168287277222,0.25497177243232727
a01|1->2-boundary,a01,a01,1->2-boundary,222,-3,-0.03,1,0.24332904815673828,0.2200571447610855,1,0.16383014619350433,0.5904582738876343,0.2457115203142166,1,0.15094909071922302,0.6400672197341919,0.20898368954658508,1,0.2375289350748062,0.5143386125564575,0.24813245236873627
a01|1->2-boundary,a01,a01,1->2-boundary,223,-2,-0.02,1,-0.10105304419994354,-0.20056834816932678,1,0.1526188850402832,0.5821028351783752,0.26527824997901917,1,0.1315133273601532,0.6659462451934814,0.20254041254520416,1,0.22408853471279144,0.5082151889801025,0.26769623160362244
a01|1->2-boundary,a01,a01,1->2-boundary,224,-1,-0.01,1,0.11199796944856644,-0.06517580896615982,1,0.16287051141262054,0.6088470220565796,0.22828249633312225,1,0.12298327684402466,0.676670491695404,0.2003462314605713,1,0.23366637527942657,0.5022638440132141,0.26406973600387573
a01|1->2-boundary,a01,a01,1->2-boundary,225,0,0.0,1,0.12285232543945312,-0.006401098798960447,1,0.16232948005199432,0.597198486328125,0.24047203361988068,1,0.12351690977811813,0.6986666321754456,0.1778164505958557,1,0.22311711311340332,0.5051565170288086,0.2717263996601105
a01|1->2-boundary,a01,a01,1->2-boundary,226,1,0.01,2,0.41022634506225586,0.45943504571914673,1,0.17213261127471924,0.5755236148834229,0.2523438036441803,1,0.14448410272598267,0.6458668112754822,0.20964908599853516,1,0.2217695415019989,0.5087875723838806,0.2694428861141205
a01|1->2-boundary,a01,a01,1->2-boundary,227,2,0.02,2,0.35876062512397766,0.19737301766872406,1,0.1809883415699005,0.5374335050582886,0.2815781533718109,1,0.12120730429887772,0.650804340839386,0.2279883772134781,1,0.21516947448253632,0.5083164572715759,0.27651411294937134
a01|1->2-boundary,a01,a01,1->2-boundary,228,3,0.03,2,0.3984602391719818,0.41178247332572937,1,0.1715591698884964,0.5925549864768982,0.2358858585357666,1,0.14752544462680817,0.5932986736297607,0.2591758966445923,1,0.2362193763256073,0.47553107142448425,0.2882496118545532
a01|1->2-boundary,a01,a01,1->2-boundary,229,4,0.04,2,0.2931068241596222,0.29141607880592346,1,0.18588051199913025,0.547105073928833,0.26701444387435913,1,0.1503199338912964,0.5412054657936096,0.308474600315094,1,0.21150197088718414,0.49864399433135986,0.28985396027565
a01|1->2-boundary,a01,a01,1->2-boundary,230,5,0.05,2,0.3886677622795105,0.4863111972808838,1,0.18731729686260223,0.5443587303161621,0.26832395792007446,1,0.1659228503704071,0.4557785093784332,0.37829864025115967,1,0.24152839183807373,0.4538141191005707,0.3046574890613556
a01|1->2-boundary,a01,a01,1->2-boundary,231,6,0.06,2,0.3671116232872009,0.34176620841026306,1,0.17565016448497772,0.5128922462463379,0.31145763397216797,1,0.1597740203142166,0.4650600552558899,0.3751659393310547,1,0.21677950024604797,0.4750560522079468,0.30816447734832764
a01|1->2-boundary,a01,a01,1->2-boundary,232,7,0.07,2,0.27661922574043274,0.35300329327583313,1,0.20385152101516724,0.5216387510299683,0.2745097577571869,1,0.16571931540966034,0.47197404503822327,0.3623066544532776,1,0.23684021830558777,0.4640651047229767,0.29909467697143555
a01|1->2-boundary,a01,a01,1->2-boundary,233,8,0.08,2,0.3530941605567932,0.22033089399337769,1,0.16092590987682343,0.545039713382721,0.29403436183929443,1,0.16632290184497833,0.4843834638595581,0.34929364919662476,1,0.2171509712934494,0.47403666377067566,0.30881235003471375
a01|1->2-boundary,a01,a01,1->2-boundary,234,9,0.09,2,0.1645638644695282,0.3210756182670593,1,0.18749083578586578,0.5377169251441956,0.27479222416877747,1,0.1462031900882721,0.46372658014297485,0.39007022976875305,1,0.22719219326972961,0.46750080585479736,0.3053070902824402
a01|1->2-boundary,a01,a01,1->2-boundary,235,10,0.1,2,0.2927241623401642,0.2390880584716797,1,0.16208131611347198,0.563399076461792,0.27451956272125244,1,0.14154241979122162,0.4833389222621918,0.375118613243103,1,0.21690219640731812,0.4759417176246643,0.3071560561656952
a01|1->2-boundary,a01,a01,1->2-boundary,236,11,0.11,2,-0.004040218424052,0.15114575624465942,1,0.1473912000656128,0.5494031310081482,0.303205668926239,1,0.1292342096567154,0.5114842653274536,0.3592815399169922,1,0.2254129946231842,0.4683098793029785,0.30627715587615967
a01|1->2-boundary,a01,a01,1->2-boundary,237,12,0.12,2,0.5277373790740967,0.3956766128540039,1,0.13677720725536346,0.5909369587898254,0.2722858190536499,1,0.13514406979084015,0.5065500736236572,0.35830581188201904,1,0.22616851329803467,0.47198742628097534,0.30184406042099
a01|1->2-boundary,a01,a01,1->2-boundary,238,13,0.13,2,0.36792105436325073,0.5601944327354431,1,0.13114389777183533,0.5913099646568298,0.2775461971759796,1,0.12579908967018127,0.5311907529830933,0.3430101275444031,1,0.23110643029212952,0.4177153408527374,0.35117828845977783
a01|1->2-boundary,a01,a01,1->2-boundary,239,14,0.14,2,0.3774965703487396,0.6026977896690369,1,0.15096551179885864,0.5570704340934753,0.2919640839099884,1,0.12971046566963196,0.4677092134952545,0.40258029103279114,1,0.2221689224243164,0.4284387230873108,0.3493923842906952
a01|1->2-boundary,a01,a01,1->2-boundary,240,15,0.15,2,0.33341583609580994,0.6459715962409973,1,0.16170690953731537,0.5976928472518921,0.24060028791427612,1,0.126458540558815,0.4499150812625885,0.4236263632774353,1,0.22908513247966766,0.43303266167640686,0.3378821909427643
a01|1->2-boundary,a01,a01,1->2-boundary,241,16,0.16,2,0.33535629510879517,0.569227397441864,1,0.14648589491844177,0.5849457383155823,0.26856836676597595,2,0.14343149960041046,0.3958307206630707,0.46073779463768005,1,0.2202279418706894,0.3999166786670685,0.3798554241657257
a01|1->2-boundary,a01,a01,1->2-boundary,242,17,0.17,2,0.31664374470710754,0.5481685996055603,1,0.13998205959796906,0.5660716891288757,0.293946236371994,2,0.14080536365509033,0.37145736813545227,0.4877372682094574,1,0.22707386314868927,0.4375879764556885,0.33533817529678345
a01|1->2-boundary,a01,a01,1->2-boundary,243,18,0.18,2,0.1413649320602417,0.34731626510620117,1,0.12610496580600739,0.5346342921257019,0.3392607271671295,2,0.15421371161937714,0.38344821333885193,0.46233806014060974,1,0.2378416508436203,0.4147981107234955,0.347360223531723
a01|1->2-boundary,a01,a01,1->2-boundary,244,19,0.19,2,0.13821181654930115,0.3258693218231201,1,0.12847110629081726,0.5596444606781006,0.31188443303108215,2,0.15065421164035797,0.4231267273426056,0.4262191355228424,1,0.24340136349201202,0.4190438687801361,0.33755478262901306
a01|1->2-boundary,a01,a01,1->2-boundary,245,20,0.2,2,0.22994054853916168,0.35944709181785583,1,0.12046758830547333,0.5668492913246155,0.31268310546875,1,0.1514264941215515,0.4602736532688141,0.3882998526096344,1,0.23910652101039886,0.4048197269439697,0.3560737371444702
a01|1->2-boundary,a01,a01,1->2-boundary,246,21,0.21,2,-0.021119236946105957,0.31437647342681885,1,0.1436884105205536,0.5815072059631348,0.27480438351631165,1,0.1326289176940918,0.5089257955551147,0.35844531655311584,1,0.20768165588378906,0.5034299492835999,0.28888842463493347
a01|1->2-boundary,a01,a01,1->2-boundary,247,22,0.22,2,0.26132550835609436,0.5438432097434998,1,0.1303664743900299,0.5961454510688782,0.27348804473876953,1,0.11572104692459106,0.5410265922546387,0.34325236082077026,1,0.22694136202335358,0.4702168405056,0.30284175276756287
a01|1->2-boundary,a01,a01,1->2-boundary,248,23,0.23,2,0.21617871522903442,0.6368178725242615,1,0.1419457644224167,0.594998836517334,0.2630554139614105,1,0.12116064876317978,0.5407533049583435,0.3380860388278961,1,0.20306378602981567,0.5280585885047913,0.2688775658607483
a01|1->2-boundary,a01,a01,1->2-boundary,249,24,0.24,2,0.262627512216568,0.46745118498802185,1,0.12308788299560547,0.5880563855171204,0.28885573148727417,1,0.13123472034931183,0.5100597739219666,0.3587055504322052,1,0.21681684255599976,0.5080848932266235,0.2750982642173767
a01|1->2-boundary,a01,a01,1->2-boundary,250,25,0.25,2,0.37265798449516296,0.4611726701259613,1,0.13661065697669983,0.5645849704742432,0.2988044023513794,1,0.12636613845825195,0.49248725175857544,0.381146639585495,1,0.2299935519695282,0.4884762167930603,0.2815302908420563
b01|S0-core,b01,b01,S0-core,91,-25,-0.25,0,-0.8644354343414307,-1.548952579498291,0,0.6354267597198486,0.1737467348575592,0.19082652032375336,0,0.7018992900848389,0.15867431461811066,0.13942644000053406,0,0.556376039981842,0.2118154913187027,0.23180855810642242
b01|S0-core,b01,b01,S0-core,92,-24,-0.24,0,-0.8272351622581482,-1.4608709812164307,0,0.655860960483551,0.1569031924009323,0.1872357875108719,0,0.6970617175102234,0.162227064371109,0.1407112330198288,0,0.563588559627533,0.22238318622112274,0.2140282541513443
b01|S0-core,b01,b01,S0-core,93,-23,-0.23,0,-0.8385748267173767,-1.4654293060302734,0,0.66583251953125,0.16057711839675903,0.17359036207199097,0,0.6856497526168823,0.1742517352104187,0.14009851217269897,0,0.586993932723999,0.2097216546535492,0.2032843828201294
b01|S0-core,b01,b01,S0-core,94,-22,-0.22,0,-0.6602648496627808,-1.1308608055114746,0,0.6606656312942505,0.16580472886562347,0.17352962493896484,0,0.7023953795433044,0.1568293571472168,0.14077524840831757,0,0.5757752060890198,0.20657001435756683,0.21765482425689697
b01|S0-core,b01,b01,S0-core,95,-21,-0.21,0,-0.8318485021591187,-1.3405275344848633,0,0.6634621620178223,0.16372725367546082,0.17281056940555573,0,0.6935868263244629,0.1609216034412384,0.14549154043197632,0,0.5882404446601868,0.20009201765060425,0.21166755259037018
b01|S0-core,b01,b01,S0-core,96,-20,-0.2,0,-0.8106530904769897,-1.391857385635376,0,0.6769312620162964,0.15306895971298218,0.16999979317188263,0,0.700873076915741,0.16027100384235382,0.1388559639453888,0,0.5782648324966431,0.21431446075439453,0.2074207365512848
b01|S0-core,b01,b01,S0-core,97,-19,-0.19,0,-0.7392812371253967,-1.291279911994934,0,0.6855291128158569,0.1435166448354721,0.17095425724983215,0,0.6849874258041382,0.1740131825208664,0.14099937677383423,0,0.5890035629272461,0.2095193713903427,0.20147705078125
b01|S0-core,b01,b01,S0-core,98,-18,-0.18,0,-0.842311441898346,-1.3707501888275146,0,0.6616674661636353,0.16527238488197327,0.17306020855903625,0,0.6826685667037964,0.17652209103107452,0.1408093422651291,0,0.5736980438232422,0.21328820288181305,0.21301378309726715
b01|S0-core,b01,b01,S0-core,99,-17,-0.17,0,-0.8021986484527588,-1.3039838075637817,0,0.6559947729110718,0.17387500405311584,0.17013019323349,0,0.668541669845581,0.18218694627285004,0.1492714136838913,0,0.600159764289856,0.20280729234218597,0.19703294336795807
b01|S0-core,b01,b01,S0-core,100,-16,-0.16,0,-0.8004258871078491,-1.3450648784637451,0,0.6360750198364258,0.18871401250362396,0.17521092295646667,0,0.6838392019271851,0.17318950593471527,0.14297132194042206,0,0.5750389099121094,0.22657333314418793,0.1983877271413803
b01|S0-core,b01,b01,S0-core,101,-15,-0.15,0,-0.8521671295166016,-1.4183616638183594,0,0.6359807848930359,0.18342985212802887,0.18058939278125763,0,0.6600100994110107,0.18789824843406677,0.15209172666072845,0,0.5565989017486572,0.23531299829483032,0.20808811485767365
b01|S0-core,b01,b01,S0-core,102,-14,-0.14,0,-0.8456096649169922,-1.3939296007156372,0,0.6417217254638672,0.17936597764492035,0.17891234159469604,0,0.662238359451294,0.18781958520412445,0.1499420702457428,0,0.5617637038230896,0.2346167266368866,0.2036195993423462
b01|S0-core,b01,b01,S0-core,103,-13,-0.13,0,-0.7403755187988281,-1.2669775485992432,0,0.6420656442642212,0.18085038661956787,0.17708398401737213,0,0.6673604249954224,0.17623190581798553,0.15640763938426971,0,0.5598455667495728,0.23866337537765503,0.2014910727739334
b01|S0-core,b01,b01,S0-core,104,-12,-0.12,0,-0.7589247822761536,-1.312266230583191,0,0.6283137798309326,0.19510109722614288,0.1765850931406021,0,0.6719335317611694,0.17793186008930206,0.1501346379518509,0,0.5644629597663879,0.23185300827026367,0.2036840319633484
b01|S0-core,b01,b01,S0-core,105,-11,-0.11,0,-0.7316790819168091,-1.2355049848556519,0,0.636925458908081,0.18308314681053162,0.17999142408370972,0,0.6666907072067261,0.1856999695301056,0.14760930836200714,0,0.5596870183944702,0.23315994441509247,0.2071530669927597
b01|S0-core,b01,b01,S0-core,106,-10,-0.1,0,-0.7825413942337036,-1.305808663368225,0,0.6277098059654236,0.19418033957481384,0.17810988426208496,0,0.6729171276092529,0.18292801082134247,0.14415480196475983,0,0.5615742206573486,0.2263658493757248,0.2120599001646042
b01|S0-core,b01,b01,S0-core,107,-9,-0.09,0,-0.6005748510360718,-1.153545618057251,0,0.6203140616416931,0.20276513695716858,0.1769208014011383,0,0.6726460456848145,0.18035905063152313,0.14699487388134003,0,0.5625548362731934,0.2300572693347931,0.20738790929317474
b01|S0-core,b01,b01,S0-core,108,-8,-0.08,0,-0.5421158671379089,-1.1113930940628052,0,0.62189120054245,0.20266874134540558,0.17544002830982208,0,0.672962486743927,0.18691137433052063,0.14012612402439117,0,0.573782742023468,0.22074812650680542,0.20546911656856537
b01|S0-core,b01,b01,S0-core,109,-7,-0.07,0,-0.6230218410491943,-1.1303656101226807,0,0.6158953309059143,0.2049318104982376,0.1791728138923645,0,0.6719692349433899,0.1837618350982666,0.14426890015602112,0,0.5580829977989197,0.2241632491350174,0.21775373816490173
b01|S0-core,b01,b01,S0-core,110,-6,-0.06,0,-0.6970621347427368,-1.2300859689712524,0,0.6027318835258484,0.21806305646896362,0.1792050004005432,0,0.6819302439689636,0.18111379444599152,0.13695596158504486,0,0.596696674823761,0.20544202625751495,0.19786123931407928
b01|S0-core,b01,b01,S0-core,111,-5,-0.05,0,-0.7333247661590576,-1.1718792915344238,0,0.6255384087562561,0.1937674582004547,0.1806941032409668,0,0.6722151637077332,0.18212728202342987,0.14565758407115936,0,0.5728293657302856,0.22166363894939423,0.20550693571567535
b01|S0-core,b01,b01,S0-core,112,-4,-0.04,0,-0.6053289175033569,-1.1436328887939453,0,0.5928689241409302,0.23232576251029968,0.17480534315109253,0,0.6504794955253601,0.2092854529619217,0.1402350813150406,0,0.5391149520874023,0.23692061007022858,0.2239643931388855
b01|S0-core,b01,b01,S0-core,113,-3,-0.03,0,-0.6427257061004639,-1.1468108892440796,0,0.6007044911384583,0.23029126226902008,0.16900429129600525,0,0.638052761554718,0.22504764795303345,0.13689954578876495,0,0.5375114679336548,0.2279614508152008,0.23452705144882202
b01|S0-core,b01,b01,S0-core,114,-2,-0.02,0,-0.7642300128936768,-1.2912836074829102,0,0.5934979915618896,0.24682694673538208,0.15967506170272827,0,0.6350220441818237,0.22573043406009674,0.1392475813627243,0,0.5474754571914673,0.22812426090240479,0.22440031170845032
b01|S0-core,b01,b01,S0-core,115,-1,-0.01,0,-0.8216046094894409,-1.2000231742858887,0,0.5757782459259033,0.2556358873844147,0.1685858815908432,0,0.6372091174125671,0.22481077909469604,0.13798008859157562,0,0.5551649332046509,0.2632235884666443,0.18161149322986603
b01|S0-core,b01,b01,S0-core,116,0,0.0,0,-0.5837744474411011,-1.057343602180481,0,0.5786158442497253,0.246962308883667,0.17442187666893005,0,0.6194995641708374,0.23698805272579193,0.14351233839988708,0,0.5292549729347229,0.2514570951461792,0.21928800642490387
b01|S0-core,b01,b01,S0-core,117,1,0.01,0,-0.8425559401512146,-1.0705411434173584,0,0.5827621221542358,0.24367345869541168,0.17356441915035248,0,0.6490292549133301,0.20939134061336517,0.14157938957214355,0,0.5471402406692505,0.2363080382347107,0.21655169129371643
b01|S0-core,b01,b01,S0-core,118,2,0.02,0,-0.6953331828117371,-1.0383516550064087,0,0.5279988646507263,0.2858256995677948,0.1861754059791565,0,0.6053857803344727,0.24815532565116882,0.1464589238166809,0,0.5425183176994324,0.2643260061740875,0.19315564632415771
b01|S0-core,b01,b01,S0-core,119,3,0.03,0,-0.7432271242141724,-1.1530814170837402,0,0.5306282043457031,0.29613515734672546,0.1732366979122162,0,0.6489131450653076,0.20940007269382477,0.14168670773506165,0,0.5313097834587097,0.27743595838546753,0.19125428795814514
b01|S0-core,b01,b01,S0-core,120,4,0.04,0,-0.6461325883865356,-1.0902574062347412,0,0.5524871349334717,0.29108673334121704,0.15642614662647247,0,0.6401073336601257,0.20966880023479462,0.15022383630275726,0,0.517646312713623,0.27647125720977783,0.20588237047195435
b01|S0-core,b01,b01,S0-core,121,5,0.05,0,-0.6327685117721558,-0.8091486692428589,0,0.5801194310188293,0.2481619119644165,0.17171864211559296,0,0.6080344319343567,0.24982412159442902,0.1421414464712143,0,0.514006495475769,0.28044846653938293,0.20554502308368683
b01|S0-core,b01,b01,S0-core,122,6,0.06,0,-0.886231541633606,-1.1307111978530884,0,0.5541322231292725,0.2740878164768219,0.17177999019622803,0,0.5856706500053406,0.26815223693847656,0.14617715775966644,0,0.4772628843784332,0.29074907302856445,0.2319880723953247
b01|S0-core,b01,b01,S0-core,123,7,0.07,0,-0.7528432607650757,-1.2078745365142822,0,0.5298996567726135,0.2971571087837219,0.17294320464134216,0,0.6002309918403625,0.24874918162822723,0.1510198712348938,0,0.469731867313385,0.3124571144580841,0.21781101822853088
b01|S0-core,b01,b01,S0-core,124,8,0.08,0,-0.38736408948898315,-0.78135085105896,0,0.4891316592693329,0.3206841051578522,0.19018419086933136,0,0.5395522117614746,0.3183712661266327,0.14207656681537628,0,0.4750424325466156,0.30617883801460266,0.21877872943878174
b01|S0-core,b01,b01,S0-core,125,9,0.09,0,-0.6686235666275024,-1.1034389734268188,0,0.5423116087913513,0.28933095932006836,0.16835741698741913,0,0.5879930257797241,0.27340632677078247,0.13860060274600983,0,0.4963923692703247,0.28960415720939636,0.21400348842144012
b01|S0-core,b01,b01,S0-core,126,10,0.1,0,-0.6451352834701538,-1.071750521659851,0,0.5401735305786133,0.299938440322876,0.15988793969154358,0,0.5884723663330078,0.2655811607837677,0.14594651758670807,0,0.47743499279022217,0.30666983127593994,0.21589519083499908
b01|S0-core,b01,b01,S0-core,127,11,0.11,0,-0.7169962525367737,-1.1021385192871094,0,0.547362208366394,0.2665488123893738,0.18608896434307098,0,0.6394984126091003,0.22095747292041779,0.13954412937164307,0,0.5338840484619141,0.272201806306839,0.19391416013240814
b01|S0-core,b01,b01,S0-core,128,12,0.12,0,-0.4649723768234253,-0.9431813359260559,0,0.556730329990387,0.25422537326812744,0.1890442818403244,0,0.6204744577407837,0.2347974181175232,0.14472807943820953,0,0.5301488637924194,0.2582221031188965,0.21162903308868408
b01|S0-core,b01,b01,S0-core,129,13,0.13,0,-0.6486945748329163,-1.1019855737686157,0,0.5568148493766785,0.24688854813575745,0.1962965726852417,0,0.6109548211097717,0.25487059354782104,0.13417455554008484,0,0.5509019494056702,0.25235500931739807,0.19674305617809296
b01|S0-core,b01,b01,S0-core,130,14,0.14,0,-0.5914809703826904,-1.0103050470352173,0,0.5484903454780579,0.27239832282066345,0.1791112869977951,0,0.6220597624778748,0.24265934526920319,0.13528092205524445,0,0.5458089113235474,0.24565111100673676,0.20853997766971588
b01|S0-core,b01,b01,S0-core,131,15,0.15,0,-0.5852610468864441,-0.9949471950531006,0,0.5227280855178833,0.28306758403778076,0.19420433044433594,0,0.586722731590271,0.28690698742866516,0.12637025117874146,0,0.5550588965415955,0.2669139504432678,0.1780272126197815
b01|S0-core,b01,b01,S0-core,132,16,0.16,0,-0.4374788701534271,-0.8775361180305481,0,0.5340216755867004,0.2784934937953949,0.18748486042022705,0,0.5728325247764587,0.28831925988197327,0.1388481706380844,0,0.5437100529670715,0.2622649073600769,0.19402511417865753
b01|S0-core,b01,b01,S0-core,133,17,0.17,0,-0.5094717741012573,-0.7934612035751343,0,0.536532998085022,0.26049819588661194,0.2029687762260437,0,0.5979549288749695,0.2635544538497925,0.13849058747291565,0,0.5318170785903931,0.26123976707458496,0.20694313943386078
b01|S0-core,b01,b01,S0-core,134,18,0.18,0,-0.3599087595939636,-0.6711496710777283,0,0.5254213213920593,0.2998500466346741,0.1747286170721054,0,0.605429470539093,0.2521686255931854,0.14240196347236633,0,0.501645565032959,0.28976699709892273,0.2085874229669571
b01|S0-core,b01,b01,S0-core,135,19,0.19,0,-0.7085446715354919,-1.0682817697525024,0,0.4987192749977112,0.31957098841667175,0.18170978128910065,0,0.5154284834861755,0.33986714482307434,0.14470435678958893,0,0.48304134607315063,0.30172646045684814,0.21523219347000122
b01|S0-core,b01,b01,S0-core,136,20,0.2,0,-0.5069906711578369,-0.9613136053085327,0,0.5376862287521362,0.3089309334754944,0.1533828228712082,0,0.4836617410182953,0.36639201641082764,0.1499461680650711,0,0.4592457711696625,0.30472666025161743,0.2360275238752365
b01|S0-core,b01,b01,S0-core,137,21,0.21,0,-0.6075649261474609,-1.061780571937561,0,0.5913554430007935,0.24398532509803772,0.1646592915058136,0,0.5127549171447754,0.36062824726104736,0.12661686539649963,0,0.5027742981910706,0.28174638748168945,0.21547931432724
b01|S0-core,b01,b01,S0-core,138,22,0.22,0,-0.5173310041427612,-0.8590958714485168,0,0.5946775674819946,0.2515717148780823,0.1537506878376007,0,0.5032040476799011,0.36988335847854614,0.12691259384155273,0,0.5311650633811951,0.2541057765483856,0.21472913026809692
b01|S0-core,b01,b01,S0-core,139,23,0.23,0,-0.6517724990844727,-0.9502901434898376,0,0.5531224012374878,0.26239705085754395,0.1844804883003235,0,0.5037205815315247,0.3675156831741333,0.12876370549201965,0,0.5340084433555603,0.27424222230911255,0.19174933433532715
b01|S0-core,b01,b01,S0-core,140,24,0.24,0,-0.4068549871444702,-0.706088125705719,0,0.5360541343688965,0.2767353355884552,0.1872105896472931,0,0.5134164094924927,0.34542790055274963,0.14115571975708008,0,0.48641613125801086,0.2926313579082489,0.22095252573490143
b01|S0-core,b01,b01,S0-core,141,25,0.25,0,-0.3976843059062958,-0.752739429473877,0,0.5212230086326599,0.28776034712791443,0.19101667404174805,0,0.4626624584197998,0.3966871201992035,0.14065046608448029,0,0.48616400361061096,0.29594686627388,0.2178892195224762
b01|0->1-boundary,b01,b01,0->1-boundary,123,-25,-0.25,0,-0.7528432607650757,-1.2078745365142822,0,0.5298996567726135,0.2971571087837219,0.17294320464134216,0,0.6002309918403625,0.24874918162822723,0.1510198712348938,0,0.469731867313385,0.3124571144580841,0.21781101822853088
b01|0->1-boundary,b01,b01,0->1-boundary,124,-24,-0.24,0,-0.38736408948898315,-0.78135085105896,0,0.4891316592693329,0.3206841051578522,0.19018419086933136,0,0.5395522117614746,0.3183712661266327,0.14207656681537628,0,0.4750424325466156,0.30617883801460266,0.21877872943878174
b01|0->1-boundary,b01,b01,0->1-boundary,125,-23,-0.23,0,-0.6686235666275024,-1.1034389734268188,0,0.5423116087913513,0.28933095932006836,0.16835741698741913,0,0.5879930257797241,0.27340632677078247,0.13860060274600983,0,0.4963923692703247,0.28960415720939636,0.21400348842144012
b01|0->1-boundary,b01,b01,0->1-boundary,126,-22,-0.22,0,-0.6451352834701538,-1.071750521659851,0,0.5401735305786133,0.299938440322876,0.15988793969154358,0,0.5884723663330078,0.2655811607837677,0.14594651758670807,0,0.47743499279022217,0.30666983127593994,0.21589519083499908
b01|0->1-boundary,b01,b01,0->1-boundary,127,-21,-0.21,0,-0.7169962525367737,-1.1021385192871094,0,0.547362208366394,0.2665488123893738,0.18608896434307098,0,0.6394984126091003,0.22095747292041779,0.13954412937164307,0,0.5338840484619141,0.272201806306839,0.19391416013240814
b01|0->1-boundary,b01,b01,0->1-boundary,128,-20,-0.2,0,-0.4649723768234253,-0.9431813359260559,0,0.556730329990387,0.25422537326812744,0.1890442818403244,0,0.6204744577407837,0.2347974181175232,0.14472807943820953,0,0.5301488637924194,0.2582221031188965,0.21162903308868408
b01|0->1-boundary,b01,b01,0->1-boundary,129,-19,-0.19,0,-0.6486945748329163,-1.1019855737686157,0,0.5568148493766785,0.24688854813575745,0.1962965726852417,0,0.6109548211097717,0.25487059354782104,0.13417455554008484,0,0.5509019494056702,0.25235500931739807,0.19674305617809296
b01|0->1-boundary,b01,b01,0->1-boundary,130,-18,-0.18,0,-0.5914809703826904,-1.0103050470352173,0,0.5484903454780579,0.27239832282066345,0.1791112869977951,0,0.6220597624778748,0.24265934526920319,0.13528092205524445,0,0.5458089113235474,0.24565111100673676,0.20853997766971588
b01|0->1-boundary,b01,b01,0->1-boundary,131,-17,-0.17,0,-0.5852610468864441,-0.9949471950531006,0,0.5227280855178833,0.28306758403778076,0.19420433044433594,0,0.586722731590271,0.28690698742866516,0.12637025117874146,0,0.5550588965415955,0.2669139504432678,0.1780272126197815
b01|0->1-boundary,b01,b01,0->1-boundary,132,-16,-0.16,0,-0.4374788701534271,-0.8775361180305481,0,0.5340216755867004,0.2784934937953949,0.18748486042022705,0,0.5728325247764587,0.28831925988197327,0.1388481706380844,0,0.5437100529670715,0.2622649073600769,0.19402511417865753
b01|0->1-boundary,b01,b01,0->1-boundary,133,-15,-0.15,0,-0.5094717741012573,-0.7934612035751343,0,0.536532998085022,0.26049819588661194,0.2029687762260437,0,0.5979549288749695,0.2635544538497925,0.13849058747291565,0,0.5318170785903931,0.26123976707458496,0.20694313943386078
b01|0->1-boundary,b01,b01,0->1-boundary,134,-14,-0.14,0,-0.3599087595939636,-0.6711496710777283,0,0.5254213213920593,0.2998500466346741,0.1747286170721054,0,0.605429470539093,0.2521686255931854,0.14240196347236633,0,0.501645565032959,0.28976699709892273,0.2085874229669571
b01|0->1-boundary,b01,b01,0->1-boundary,135,-13,-0.13,0,-0.7085446715354919,-1.0682817697525024,0,0.4987192749977112,0.31957098841667175,0.18170978128910065,0,0.5154284834861755,0.33986714482307434,0.14470435678958893,0,0.48304134607315063,0.30172646045684814,0.21523219347000122
b01|0->1-boundary,b01,b01,0->1-boundary,136,-12,-0.12,0,-0.5069906711578369,-0.9613136053085327,0,0.5376862287521362,0.3089309334754944,0.1533828228712082,0,0.4836617410182953,0.36639201641082764,0.1499461680650711,0,0.4592457711696625,0.30472666025161743,0.2360275238752365
b01|0->1-boundary,b01,b01,0->1-boundary,137,-11,-0.11,0,-0.6075649261474609,-1.061780571937561,0,0.5913554430007935,0.24398532509803772,0.1646592915058136,0,0.5127549171447754,0.36062824726104736,0.12661686539649963,0,0.5027742981910706,0.28174638748168945,0.21547931432724
b01|0->1-boundary,b01,b01,0->1-boundary,138,-10,-0.1,0,-0.5173310041427612,-0.8590958714485168,0,0.5946775674819946,0.2515717148780823,0.1537506878376007,0,0.5032040476799011,0.36988335847854614,0.12691259384155273,0,0.5311650633811951,0.2541057765483856,0.21472913026809692
b01|0->1-boundary,b01,b01,0->1-boundary,139,-9,-0.09,0,-0.6517724990844727,-0.9502901434898376,0,0.5531224012374878,0.26239705085754395,0.1844804883003235,0,0.5037205815315247,0.3675156831741333,0.12876370549201965,0,0.5340084433555603,0.27424222230911255,0.19174933433532715
b01|0->1-boundary,b01,b01,0->1-boundary,140,-8,-0.08,0,-0.4068549871444702,-0.706088125705719,0,0.5360541343688965,0.2767353355884552,0.1872105896472931,0,0.5134164094924927,0.34542790055274963,0.14115571975708008,0,0.48641613125801086,0.2926313579082489,0.22095252573490143
b01|0->1-boundary,b01,b01,0->1-boundary,141,-7,-0.07,0,-0.3976843059062958,-0.752739429473877,0,0.5212230086326599,0.28776034712791443,0.19101667404174805,0,0.4626624584197998,0.3966871201992035,0.14065046608448029,0,0.48616400361061096,0.29594686627388,0.2178892195224762
b01|0->1-boundary,b01,b01,0->1-boundary,142,-6,-0.06,0,-0.4547702372074127,-0.7709935903549194,0,0.5113409161567688,0.3075208365917206,0.18113823235034943,0,0.47387418150901794,0.37739473581314087,0.14873112738132477,0,0.48259109258651733,0.30708378553390503,0.21032513678073883
b01|0->1-boundary,b01,b01,0->1-boundary,143,-5,-0.05,0,-0.5895828604698181,-0.9156688451766968,0,0.49902409315109253,0.3131672143936157,0.18780869245529175,0,0.4619816839694977,0.39409270882606506,0.14392554759979248,0,0.48443710803985596,0.30355948209762573,0.2120034545660019
b01|0->1-boundary,b01,b01,0->1-boundary,144,-4,-0.04,0,-0.37560373544692993,-0.795548677444458,0,0.5381814241409302,0.28965044021606445,0.17216816544532776,0,0.4951648712158203,0.3546223044395447,0.1502128541469574,0,0.49550938606262207,0.2979249656200409,0.20656564831733704
b01|0->1-boundary,b01,b01,0->1-boundary,145,-3,-0.03,0,-0.43573957681655884,-0.7843160033226013,0,0.5479394197463989,0.25580111145973206,0.1962594985961914,0,0.5285156965255737,0.32949790358543396,0.1419864296913147,0,0.5283685922622681,0.2642241418361664,0.20740726590156555
b01|0->1-boundary,b01,b01,0->1-boundary,146,-2,-0.02,0,-0.428472101688385,-0.7945098280906677,0,0.53098464012146,0.2841601073741913,0.18485525250434875,0,0.5180497765541077,0.34571710228919983,0.1362331658601761,0,0.5337054133415222,0.2675323784351349,0.1987621933221817
b01|0->1-boundary,b01,b01,0->1-boundary,147,-1,-0.01,0,-0.4016098380088806,-0.7581160664558411,0,0.4813780188560486,0.32347115874290466,0.19515074789524078,0,0.5096302628517151,0.3467279374599457,0.14364181458950043,0,0.539623498916626,0.2785472273826599,0.1818293184041977
b01|0->1-boundary,b01,b01,0->1-boundary,148,0,0.0,0,-0.33388596773147583,-0.7423274517059326,0,0.47914624214172363,0.33320489525794983,0.18764881789684296,0,0.4987349510192871,0.3519451320171356,0.14931994676589966,0,0.5145925879478455,0.28670063614845276,0.19870680570602417
b01|0->1-boundary,b01,b01,0->1-boundary,149,1,0.01,1,-0.30077049136161804,-0.7119347453117371,0,0.45619845390319824,0.34412944316864014,0.199672132730484,0,0.47963106632232666,0.3641371428966522,0.1562318205833435,0,0.5024691820144653,0.2767961919307709,0.22073467075824738
b01|0->1-boundary,b01,b01,0->1-boundary,150,2,0.02,1,-0.33948591351509094,-0.7111677527427673,0,0.4587826132774353,0.35017886757850647,0.19103853404521942,0,0.4617551565170288,0.3977256119251251,0.1405191570520401,0,0.5053741335868835,0.2873530983924866,0.20727276802062988
b01|0->1-boundary,b01,b01,0->1-boundary,151,3,0.03,1,-0.47983551025390625,-0.7837873101234436,0,0.4253622591495514,0.377967894077301,0.19666990637779236,1,0.4245675206184387,0.4348144829273224,0.1406179964542389,0,0.5004699230194092,0.3001406192779541,0.19938941299915314
b01|0->1-boundary,b01,b01,0->1-boundary,152,4,0.04,1,-0.5346013307571411,-0.8537231683731079,0,0.468934565782547,0.3465563952922821,0.1845090240240097,1,0.37790539860725403,0.4838736653327942,0.13822095096111298,0,0.4679218828678131,0.31451216340065,0.21756595373153687
b01|0->1-boundary,b01,b01,0->1-boundary,153,5,0.05,1,-0.3584764301776886,-0.6645386219024658,0,0.4635545313358307,0.341554194688797,0.19489127397537231,1,0.37163326144218445,0.5055820345878601,0.12278467416763306,0,0.4729691743850708,0.3090987205505371,0.21793203055858612
b01|0->1-boundary,b01,b01,0->1-boundary,154,6,0.06,1,-0.2558942139148712,-0.6354483962059021,0,0.465450257062912,0.3371386229991913,0.19741113483905792,1,0.3488295078277588,0.521959662437439,0.12921082973480225,0,0.441670686006546,0.3405289947986603,0.2178003042936325
b01|0->1-boundary,b01,b01,0->1-boundary,155,7,0.07,1,-0.9996408224105835,-1.161013126373291,0,0.46537232398986816,0.3472655713558197,0.18736211955547333,1,0.3858836889266968,0.48135077953338623,0.1327654868364334,0,0.45905980467796326,0.344867080450058,0.19607311487197876
b01|0->1-boundary,b01,b01,0->1-boundary,156,8,0.08,1,-0.2599862217903137,-0.6408839821815491,0,0.4612266719341278,0.3709976375102997,0.16777576506137848,1,0.3831903040409088,0.49489927291870117,0.121910460293293,1,0.3642089068889618,0.39948827028274536,0.23630286753177643
b01|0->1-boundary,b01,b01,0->1-boundary,157,9,0.09,1,-0.2686706781387329,-0.5714280009269714,0,0.4327855706214905,0.39062732458114624,0.1765870749950409,0,0.47037118673324585,0.3710147738456726,0.15861403942108154,0,0.38954317569732666,0.37245216965675354,0.23800472915172577
b01|0->1-boundary,b01,b01,0->1-boundary,158,10,0.1,1,-0.36426445841789246,-0.7127814292907715,0,0.45741766691207886,0.37766513228416443,0.16491718590259552,0,0.4981139302253723,0.36580145359039307,0.136084645986557,1,0.3891852796077728,0.3893030881881714,0.2215116322040558
b01|0->1-boundary,b01,b01,0->1-boundary,159,11,0.11,1,-0.3200366199016571,-0.5776529312133789,0,0.48651987314224243,0.3336293697357178,0.1798507571220398,0,0.4535660147666931,0.41114139556884766,0.13529257476329803,1,0.3864228427410126,0.4087880253791809,0.2047891467809677
b01|0->1-boundary,b01,b01,0->1-boundary,160,12,0.12,1,-0.4403381943702698,-0.5482295751571655,0,0.40680474042892456,0.38905221223831177,0.20414304733276367,1,0.41688406467437744,0.44392475485801697,0.13919110596179962,1,0.3776650130748749,0.39953139424324036,0.22280363738536835
b01|0->1-boundary,b01,b01,0->1-boundary,161,13,0.13,1,-0.3942408561706543,-0.6998844146728516,1,0.3385223150253296,0.4444882869720459,0.21698936820030212,1,0.2655719816684723,0.6009528040885925,0.1334751397371292,1,0.3731697201728821,0.41746383905410767,0.20936644077301025
b01|0->1-boundary,b01,b01,0->1-boundary,162,14,0.14,1,-0.24875888228416443,-0.5754743814468384,1,0.33315739035606384,0.456524133682251,0.21031850576400757,1,0.29699134826660156,0.5634492039680481,0.13955946266651154,1,0.3801451027393341,0.39835771918296814,0.22149716317653656
b01|0->1-boundary,b01,b01,0->1-boundary,163,15,0.15,1,-0.5388695597648621,-0.5741552710533142,1,0.32936525344848633,0.49025097489356995,0.1803838014602661,1,0.27585771679878235,0.5942476391792297,0.12989462912082672,1,0.3828155994415283,0.39431849122047424,0.22286589443683624
b01|0->1-boundary,b01,b01,0->1-boundary,164,16,0.16,1,-0.42487746477127075,-0.5374941825866699,1,0.3534986078739166,0.4700421988964081,0.17645923793315887,1,0.2806142270565033,0.5730206966400146,0.14636507630348206,1,0.3659120202064514,0.42379727959632874,0.21029067039489746
b01|0->1-boundary,b01,b01,0->1-boundary,165,17,0.17,1,-0.41639482975006104,-0.7402937412261963,1,0.33542895317077637,0.4843696355819702,0.180201455950737,1,0.2907092869281769,0.5499236583709717,0.15936708450317383,1,0.34450671076774597,0.4232507050037384,0.23224256932735443
b01|0->1-boundary,b01,b01,0->1-boundary,166,18,0.18,1,-0.25221237540245056,-0.5518145561218262,1,0.3941144049167633,0.44463911652565,0.1612464338541031,1,0.28752946853637695,0.594772458076477,0.11769808083772659,1,0.34419378638267517,0.4136582612991333,0.24214793741703033
b01|0->1-boundary,b01,b01,0->1-boundary,167,19,0.19,1,-0.7600735425949097,-0.7968384623527527,1,0.3702057898044586,0.469827264547348,0.15996699035167694,1,0.27653834223747253,0.6035618782043457,0.11989980190992355,1,0.3442919850349426,0.4252045154571533,0.23050351440906525
b01|0->1-boundary,b01,b01,0->1-boundary,168,20,0.2,1,-0.4144695997238159,-0.6323308944702148,1,0.39004573225975037,0.4422662556171417,0.1676880121231079,1,0.34827765822410583,0.5003578662872314,0.1513645052909851,1,0.3193248212337494,0.43338966369628906,0.24728551506996155
b01|0->1-boundary,b01,b01,0->1-boundary,169,21,0.21,1,-0.5478171706199646,-0.9175643920898438,1,0.3378728926181793,0.5058894753456116,0.1562376320362091,1,0.35557758808135986,0.4832172393798828,0.16120512783527374,1,0.32208389043807983,0.42278870940208435,0.2551274299621582
b01|0->1-boundary,b01,b01,0->1-boundary,170,22,0.22,1,-0.43569546937942505,-0.7315430045127869,0,0.4155168831348419,0.4030640423297882,0.18141913414001465,1,0.34434202313423157,0.5212743878364563,0.13438361883163452,1,0.3420853614807129,0.3957975506782532,0.26211702823638916
b01|0->1-boundary,b01,b01,0->1-boundary,171,23,0.23,1,-0.34273502230644226,-0.6455172300338745,0,0.44759783148765564,0.36942553520202637,0.1829765886068344,1,0.38113662600517273,0.48761117458343506,0.1312521994113922,1,0.3638935983181,0.40920352935791016,0.2269028276205063
b01|0->1-boundary,b01,b01,0->1-boundary,172,24,0.24,1,-0.5605143904685974,-0.6270999908447266,1,0.4103381633758545,0.42213577032089233,0.1675260215997696,1,0.42725497484207153,0.4333809018135071,0.13936415314674377,0,0.3675912916660309,0.3611728847026825,0.2712359130382538
b01|0->1-boundary,b01,b01,0->1-boundary,173,25,0.25,1,-0.4363412857055664,-0.8605467677116394,0,0.4483790397644043,0.37427714467048645,0.17734384536743164,1,0.3469334542751312,0.5250096321105957,0.12805688381195068,0,0.41821181774139404,0.35609957575798035,0.225688636302948
b01|S1-core,b01,b01,S1-core,588,-25,-0.25,2,0.7249388098716736,1.1557925939559937,2,0.1395391970872879,0.3993426561355591,0.4611181616783142,2,0.11745849996805191,0.24148960411548615,0.6410518884658813,2,0.13124226033687592,0.2921737730503082,0.5765839219093323
b01|S1-core,b01,b01,S1-core,589,-24,-0.24,2,0.7208598256111145,1.2607756853103638,2,0.12409356236457825,0.3801053762435913,0.49580106139183044,2,0.14330090582370758,0.2507327198982239,0.6059663891792297,2,0.12659621238708496,0.28956565260887146,0.5838381052017212
b01|S1-core,b01,b01,S1-core,590,-23,-0.23,2,0.7920510768890381,1.222482681274414,2,0.14477847516536713,0.36517617106437683,0.4900453984737396,2,0.1251036524772644,0.25086891651153564,0.6240273714065552,2,0.13907583057880402,0.27818605303764343,0.5827381610870361
b01|S1-core,b01,b01,S1-core,591,-22,-0.22,2,0.7442734837532043,1.493556022644043,2,0.14102059602737427,0.3996148109436035,0.45936456322669983,2,0.132547527551651,0.23803271353244781,0.6294198036193848,2,0.13626748323440552,0.29195600748062134,0.5717765092849731
b01|S1-core,b01,b01,S1-core,592,-21,-0.21,2,0.20519505441188812,1.0393651723861694,2,0.16321617364883423,0.3681001663208008,0.468683660030365,2,0.12699078023433685,0.26930513978004456,0.6037040948867798,2,0.1532241702079773,0.27808576822280884,0.5686900615692139
b01|S1-core,b01,b01,S1-core,593,-20,-0.2,2,0.7646570801734924,1.5768182277679443,2,0.1662875860929489,0.3582482933998108,0.4754641354084015,2,0.14008598029613495,0.2594854533672333,0.600428581237793,2,0.15291814506053925,0.3074279725551605,0.5396538972854614
b01|S1-core,b01,b01,S1-core,594,-19,-0.19,2,0.7914884090423584,1.2973848581314087,2,0.1707899272441864,0.4143308699131012,0.4148792028427124,2,0.1346266269683838,0.30476441979408264,0.5606089234352112,2,0.16130200028419495,0.2713787257671356,0.5673192143440247
b01|S1-core,b01,b01,S1-core,595,-18,-0.18,2,0.8180392384529114,1.519331693649292,2,0.1681469976902008,0.39177075028419495,0.44008222222328186,2,0.13670198619365692,0.2691050171852112,0.5941929817199707,2,0.14197072386741638,0.3041517734527588,0.5538775324821472
b01|S1-core,b01,b01,S1-core,596,-17,-0.17,2,0.3808595836162567,1.337804913520813,1,0.17832434177398682,0.4186059236526489,0.4030698239803314,2,0.14979101717472076,0.27830803394317627,0.5719009041786194,2,0.15869641304016113,0.29527732729911804,0.546026349067688
b01|S1-core,b01,b01,S1-core,597,-16,-0.16,2,0.7060620188713074,1.51687490940094,2,0.2032131403684616,0.3554820418357849,0.4413048326969147,2,0.13640275597572327,0.2633437514305115,0.6002535223960876,2,0.1455729454755783,0.3034753203392029,0.5509516596794128
b01|S1-core,b01,b01,S1-core,598,-15,-0.15,2,1.0130435228347778,1.6859264373779297,2,0.1811148077249527,0.3859685957431793,0.4329166114330292,2,0.14845120906829834,0.2817234396934509,0.5698254108428955,2,0.17119267582893372,0.27860912680625916,0.5501981973648071
b01|S1-core,b01,b01,S1-core,599,-14,-0.14,2,0.8471727967262268,1.5736390352249146,2,0.18222449719905853,0.35436752438545227,0.4634079933166504,2,0.14589284360408783,0.2723968029022217,0.5817103981971741,2,0.1537586897611618,0.3012649714946747,0.5449764132499695
b01|S1-core,b01,b01,S1-core,600,-13,-0.13,2,0.651626467704773,1.4561196565628052,2,0.1756637841463089,0.37740960717201233,0.4469265639781952,2,0.1598125696182251,0.27188998460769653,0.5682975053787231,2,0.1615447700023651,0.2691211700439453,0.569334089756012
b01|S1-core,b01,b01,S1-core,601,-12,-0.12,2,0.7279030680656433,1.3999119997024536,2,0.15184935927391052,0.3558655381202698,0.4922851026058197,2,0.14740996062755585,0.27289488911628723,0.5796951651573181,2,0.14697930216789246,0.2840232849121094,0.5689974427223206
b01|S1-core,b01,b01,S1-core,602,-11,-0.11,2,1.0042513608932495,1.6217844486236572,2,0.14682111144065857,0.3409591615200043,0.5122196674346924,2,0.14461885392665863,0.2616586685180664,0.5937225222587585,2,0.1543610692024231,0.2696247398853302,0.5760141611099243
b01|S1-core,b01,b01,S1-core,603,-10,-0.1,2,1.0618304014205933,1.7162668704986572,2,0.12993870675563812,0.3272564113140106,0.5428048968315125,2,0.14741484820842743,0.25464561581611633,0.5979395508766174,2,0.144400492310524,0.2843969464302063,0.5712025761604309
b01|S1-core,b01,b01,S1-core,604,-9,-0.09,2,0.8391899466514587,1.8404972553253174,2,0.1363310068845749,0.30559685826301575,0.5580721497535706,2,0.14920729398727417,0.2707698941230774,0.5800228118896484,2,0.1505708545446396,0.24399489164352417,0.605434238910675
b01|S1-core,b01,b01,S1-core,605,-8,-0.08,2,0.8323178887367249,1.3284236192703247,2,0.1558471918106079,0.33731308579444885,0.5068396925926208,2,0.140085369348526,0.2667681872844696,0.5931464433670044,2,0.15329691767692566,0.25137847661972046,0.5953246355056763
b01|S1-core,b01,b01,S1-core,606,-7,-0.07,2,0.8968283534049988,1.63054621219635,2,0.1424434930086136,0.3184826672077179,0.5390738248825073,2,0.16711726784706116,0.25123390555381775,0.5816488265991211,2,0.1667565256357193,0.23985689878463745,0.5933865904808044
b01|S1-core,b01,b01,S1-core,607,-6,-0.06,2,0.7306397557258606,1.2884936332702637,2,0.1444888412952423,0.32717564702033997,0.5283355712890625,2,0.1414938122034073,0.25437304377555847,0.604133129119873,2,0.16071659326553345,0.25144055485725403,0.5878428220748901
b01|S1-core,b01,b01,S1-core,608,-5,-0.05,2,1.0631744861602783,1.829847812652588,2,0.1308332085609436,0.36171576380729675,0.507451057434082,2,0.15118782222270966,0.2480088770389557,0.6008033156394958,2,0.16009041666984558,0.25695908069610596,0.5829504728317261
b01|S1-core,b01,b01,S1-core,609,-4,-0.04,2,0.6574910283088684,1.2076858282089233,2,0.1256047487258911,0.3171401023864746,0.5572551488876343,2,0.12304450571537018,0.2622911036014557,0.6146644353866577,2,0.14662571251392365,0.27150970697402954,0.5818645358085632
b01|S1-core,b01,b01,S1-core,610,-3,-0.03,2,0.8835455775260925,1.6187149286270142,2,0.11983679234981537,0.35982388257980347,0.52033931016922,2,0.14603731036186218,0.24922317266464233,0.6047395467758179,2,0.15315212309360504,0.2757067382335663,0.5711411833763123
b01|S1-core,b01,b01,S1-core,611,-2,-0.02,2,0.6644535660743713,1.3083261251449585,2,0.13173118233680725,0.35206180810928345,0.5162069797515869,2,0.12618528306484222,0.24998058378696442,0.6238340735435486,2,0.14832453429698944,0.28502413630485535,0.5666512846946716
b01|S1-core,b01,b01,S1-core,612,-1,-0.01,2,0.7968235611915588,1.4864615201950073,2,0.12014468759298325,0.361947625875473,0.5179076790809631,2,0.12659099698066711,0.25397196412086487,0.6194369792938232,2,0.13839735090732574,0.2977420389652252,0.5638605952262878
b01|S1-core,b01,b01,S1-core,613,0,0.0,2,0.8594710230827332,1.5026850700378418,2,0.12924771010875702,0.3379030227661133,0.5328491926193237,2,0.1248406320810318,0.2487293779850006,0.6264299750328064,2,0.14934632182121277,0.27964749932289124,0.5710062384605408
b01|1->2-boundary,b01,b01,1->2-boundary,266,-25,-0.25,1,0.20706473290920258,-0.012518706731498241,1,0.19196301698684692,0.6199987530708313,0.18803824484348297,1,0.19859495759010315,0.50310218334198,0.2983027994632721,1,0.258206844329834,0.4710223376750946,0.2707708179950714
b01|1->2-boundary,b01,b01,1->2-boundary,267,-24,-0.24,1,0.3181338310241699,0.2304421365261078,1,0.1488366276025772,0.6302922964096069,0.22087110579013824,1,0.1903652548789978,0.529348611831665,0.28028613328933716,1,0.26953861117362976,0.4258771538734436,0.30458423495292664
b01|1->2-boundary,b01,b01,1->2-boundary,268,-23,-0.23,1,0.08280163258314133,-0.16324184834957123,1,0.15404266119003296,0.6432386040687561,0.20271871984004974,1,0.18635006248950958,0.5408293604850769,0.2728205621242523,1,0.28173741698265076,0.45917531847953796,0.2590871751308441
b01|1->2-boundary,b01,b01,1->2-boundary,269,-22,-0.22,1,-0.05550270900130272,-0.2688664197921753,1,0.16141462326049805,0.6521346569061279,0.18645071983337402,1,0.20758362114429474,0.5091280937194824,0.28328830003738403,1,0.3086481988430023,0.4232345223426819,0.2681173086166382
b01|1->2-boundary,b01,b01,1->2-boundary,270,-21,-0.21,1,0.19697259366512299,-0.0635635033249855,1,0.19574889540672302,0.6201256513595581,0.18412546813488007,1,0.20369945466518402,0.533187210559845,0.2631132900714874,1,0.29045459628105164,0.45700106024742126,0.2525443732738495
b01|1->2-boundary,b01,b01,1->2-boundary,271,-20,-0.2,1,0.20175014436244965,0.0685218796133995,1,0.18725144863128662,0.612610936164856,0.20013761520385742,1,0.21953076124191284,0.5321875214576721,0.24828171730041504,1,0.3413221836090088,0.38953614234924316,0.26914167404174805
b01|1->2-boundary,b01,b01,1->2-boundary,272,-19,-0.19,1,0.0605820007622242,-0.25098416209220886,1,0.18553896248340607,0.6096790432929993,0.20478202402591705,1,0.20220795273780823,0.5136518478393555,0.2841401994228363,1,0.2975401282310486,0.4466296434402466,0.25583016872406006
b01|1->2-boundary,b01,b01,1->2-boundary,273,-18,-0.18,1,0.40807706117630005,0.23684652149677277,1,0.18335792422294617,0.6344560384750366,0.18218600749969482,1,0.2545861005783081,0.4587119221687317,0.2867019772529602,1,0.28166109323501587,0.4020114839076996,0.31632736325263977
b01|1->2-boundary,b01,b01,1->2-boundary,274,-17,-0.17,1,0.21746550500392914,-0.05466695502400398,1,0.21363931894302368,0.604987621307373,0.18137304484844208,1,0.22587019205093384,0.4754738211631775,0.29865601658821106,1,0.2634645402431488,0.43657931685447693,0.29995617270469666
b01|1->2-boundary,b01,b01,1->2-boundary,275,-16,-0.16,1,0.3698631823062897,0.23749400675296783,1,0.1901426762342453,0.6383949518203735,0.17146237194538116,1,0.2739390432834625,0.4239006042480469,0.3021603226661682,1,0.27459898591041565,0.4223563075065613,0.30304470658302307
b01|1->2-boundary,b01,b01,1->2-boundary,276,-15,-0.15,1,0.15738438069820404,-0.13512039184570312,1,0.20537854731082916,0.5910197496414185,0.2036016881465912,1,0.23386314511299133,0.4416818916797638,0.32445499300956726,1,0.2539544701576233,0.4545310139656067,0.2915145754814148
b01|1->2-boundary,b01,b01,1->2-boundary,277,-14,-0.14,1,0.5247554183006287,0.3681779205799103,1,0.22002142667770386,0.5944545269012451,0.18552401661872864,1,0.24952945113182068,0.4477916359901428,0.3026789724826813,1,0.2863130271434784,0.43112340569496155,0.28256353735923767
b01|1->2-boundary,b01,b01,1->2-boundary,278,-13,-0.13,1,0.5072134733200073,0.31050360202789307,1,0.23791830241680145,0.5649859309196472,0.19709579646587372,1,0.2358710914850235,0.4607559144496918,0.3033730089664459,1,0.3041481375694275,0.3952407240867615,0.30061113834381104
b01|1->2-boundary,b01,b01,1->2-boundary,279,-12,-0.12,1,0.20706868171691895,0.08754409849643707,1,0.22441157698631287,0.5726010203361511,0.2029874324798584,1,0.2316838800907135,0.4177486300468445,0.3505675494670868,1,0.28684964776039124,0.3703376352787018,0.34281274676322937
b01|1->2-boundary,b01,b01,1->2-boundary,280,-11,-0.11,1,0.45097464323043823,0.1291675567626953,1,0.18359792232513428,0.5936964750289917,0.22270560264587402,1,0.2411944419145584,0.45055025815963745,0.30825528502464294,1,0.2696806490421295,0.3946143686771393,0.335705041885376
b01|1->2-boundary,b01,b01,1->2-boundary,281,-10,-0.1,1,0.20991317927837372,-0.03082585334777832,1,0.20261624455451965,0.5809454321861267,0.21643833816051483,1,0.20890776813030243,0.4033522307872772,0.38773995637893677,1,0.3054526448249817,0.3822658360004425,0.3122815191745758
b01|1->2-boundary,b01,b01,1->2-boundary,282,-9,-0.09,1,0.193524569272995,0.11030641198158264,1,0.19069340825080872,0.5819628238677979,0.22734378278255463,1,0.22814451158046722,0.4473147988319397,0.3245407044887543,1,0.3047340214252472,0.3706451952457428,0.3246207535266876
b01|1->2-boundary,b01,b01,1->2-boundary,283,-8,-0.08,1,0.031976811587810516,-0.18701797723770142,1,0.16195490956306458,0.5888962745666504,0.24914878606796265,1,0.20097188651561737,0.5245376825332642,0.2744904160499573,1,0.25126883387565613,0.41710150241851807,0.3316296339035034
b01|1->2-boundary,b01,b01,1->2-boundary,284,-7,-0.07,1,0.935315728187561,0.5359280109405518,1,0.1560981571674347,0.6163614392280579,0.22754034399986267,1,0.1848890334367752,0.5180931687355042,0.29701781272888184,1,0.24889494478702545,0.4963269829750061,0.25477808713912964
b01|1->2-boundary,b01,b01,1->2-boundary,285,-6,-0.06,1,0.1421935260295868,-0.13650470972061157,1,0.20555341243743896,0.5820648074150085,0.2123817801475525,1,0.2071409672498703,0.42046719789505005,0.37239179015159607,1,0.2605910003185272,0.45206108689308167,0.2873479127883911
b01|1->2-boundary,b01,b01,1->2-boundary,286,-5,-0.05,1,0.0901692807674408,0.03551170229911804,1,0.20510831475257874,0.6256240010261536,0.1692676544189453,1,0.26930221915245056,0.39943286776542664,0.331264853477478,1,0.2700696885585785,0.41797512769699097,0.31195515394210815
b01|1->2-boundary,b01,b01,1->2-boundary,287,-4,-0.04,1,0.022694000974297523,-0.010168936103582382,1,0.2316785454750061,0.571204423904419,0.19711704552173615,2,0.2564122974872589,0.37168246507644653,0.37190526723861694,1,0.25353550910949707,0.41635921597480774,0.3301052451133728
b01|1->2-boundary,b01,b01,1->2-boundary,288,-3,-0.03,1,0.1946500837802887,0.13874350488185883,1,0.19162344932556152,0.5796767473220825,0.22869984805583954,1,0.3243583142757416,0.38286006450653076,0.29278168082237244,1,0.27759578824043274,0.38826262950897217,0.33414164185523987
b01|1->2-boundary,b01,b01,1->2-boundary,289,-2,-0.02,1,0.04539099708199501,-0.13655759394168854,1,0.23004159331321716,0.5178636908531189,0.25209468603134155,1,0.2521929442882538,0.48052603006362915,0.26728108525276184,1,0.26267364621162415,0.40080714225769043,0.33651918172836304
b01|1->2-boundary,b01,b01,1->2-boundary,290,-1,-0.01,1,0.11958683282136917,0.06345299631357193,1,0.22588518261909485,0.5640686750411987,0.21004612743854523,1,0.168985053896904,0.5597000122070312,0.27131491899490356,1,0.24146361649036407,0.4402996301651001,0.31823673844337463
b01|1->2-boundary,b01,b01,1->2-boundary,291,0,0.0,1,-0.17226020991802216,-0.2530133128166199,1,0.22708743810653687,0.5608461499214172,0.21206647157669067,1,0.16729746758937836,0.5769548416137695,0.2557476758956909,1,0.2216564565896988,0.5047473311424255,0.27359622716903687
b01|1->2-boundary,b01,b01,1->2-boundary,292,1,0.01,2,-0.12491866201162338,-0.21100176870822906,1,0.2218765914440155,0.5484603047370911,0.22966308891773224,1,0.18381986021995544,0.5409226417541504,0.2752574384212494,1,0.254866361618042,0.46083635091781616,0.28429731726646423
b01|1->2-boundary,b01,b01,1->2-boundary,293,2,0.02,2,0.11202562600374222,-0.0442521832883358,1,0.24800905585289001,0.5626934170722961,0.18929752707481384,1,0.17114844918251038,0.5768876075744629,0.2519639730453491,1,0.26401928067207336,0.4557674527168274,0.28021320700645447
b01|1->2-boundary,b01,b01,1->2-boundary,294,3,0.03,2,0.3682502508163452,0.3887057602405548,1,0.22730453312397003,0.5760604739189148,0.19663502275943756,1,0.16573697328567505,0.6246374249458313,0.20962564647197723,1,0.3074263334274292,0.40402328968048096,0.28855031728744507
b01|1->2-boundary,b01,b01,1->2-boundary,295,4,0.04,2,0.35080477595329285,0.39249956607818604,1,0.18848660588264465,0.6195223331451416,0.19199104607105255,1,0.14946256577968597,0.6270955204963684,0.2234419286251068,1,0.25424253940582275,0.4796045124530792,0.26615291833877563
b01|1->2-boundary,b01,b01,1->2-boundary,296,5,0.05,2,0.4887966811656952,0.5569911599159241,1,0.17029450833797455,0.618918776512146,0.21078670024871826,1,0.16564036905765533,0.538578450679779,0.2957811653614044,1,0.24950364232063293,0.4476940929889679,0.30280229449272156
b01|1->2-boundary,b01,b01,1->2-boundary,297,6,0.06,2,0.2669907212257385,0.21701425313949585,1,0.2089422196149826,0.5620803236961365,0.22897745668888092,1,0.18556956946849823,0.47556203603744507,0.3388683795928955,1,0.25701457262039185,0.4124116003513336,0.33057382702827454
b01|1->2-boundary,b01,b01,1->2-boundary,298,7,0.07,2,0.6465361714363098,0.7041105628013611,1,0.21157649159431458,0.5529008507728577,0.23552268743515015,1,0.22133688628673553,0.42766889929771423,0.3509942591190338,1,0.25683319568634033,0.421316921710968,0.32184988260269165
b01|1->2-boundary,b01,b01,1->2-boundary,299,8,0.08,2,-0.0018674525199458003,-0.024871468544006348,1,0.175939679145813,0.5533348321914673,0.27072545886039734,1,0.226639986038208,0.4130798280239105,0.36028021574020386,1,0.2979748845100403,0.36268189549446106,0.33934319019317627
b01|1->2-boundary,b01,b01,1->2-boundary,300,9,0.09,2,-0.31839069724082947,-0.42087629437446594,1,0.16360992193222046,0.6191378831863403,0.2172522246837616,1,0.20448660850524902,0.43709343671798706,0.35841992497444153,1,0.2570282518863678,0.39517533779144287,0.3477964401245117
b01|1->2-boundary,b01,b01,1->2-boundary,301,10,0.1,2,0.09722268581390381,0.06009676307439804,1,0.19022423028945923,0.6222217679023743,0.1875540018081665,1,0.19249320030212402,0.4379279613494873,0.36957892775535583,1,0.2791905999183655,0.39899688959121704,0.3218124806880951
b01|1->2-boundary,b01,b01,1->2-boundary,302,11,0.11,2,0.38898834586143494,0.2313850224018097,1,0.16305607557296753,0.6368755102157593,0.200068399310112,1,0.15672267973423004,0.49064725637435913,0.35262998938560486,1,0.2759098708629608,0.42921382188796997,0.2948762774467468
b01|1->2-boundary,b01,b01,1->2-boundary,303,12,0.12,2,0.10563253611326218,0.0715019628405571,1,0.1739344745874405,0.5994862914085388,0.2265792191028595,1,0.17482447624206543,0.46175962686538696,0.36341583728790283,1,0.2774289846420288,0.41478776931762695,0.30778318643569946
b01|1->2-boundary,b01,b01,1->2-boundary,304,13,0.13,2,-0.005035895388573408,-0.16877728700637817,1,0.1509190946817398,0.6251404881477356,0.2239404320716858,1,0.1638210266828537,0.5180607438087463,0.31811824440956116,1,0.2706550061702728,0.47266313433647156,0.2566819190979004
b01|1->2-boundary,b01,b01,1->2-boundary,305,14,0.14,2,0.11159157752990723,0.11678733676671982,1,0.1899445503950119,0.598708987236023,0.21134646236896515,1,0.17263402044773102,0.48574528098106384,0.3416207432746887,1,0.2776220440864563,0.41561049222946167,0.30676743388175964
b01|1->2-boundary,b01,b01,1->2-boundary,306,15,0.15,2,0.15393103659152985,0.05791773647069931,1,0.18028590083122253,0.5786380171775818,0.2410760521888733,1,0.16059137880802155,0.5443668961524963,0.2950417101383209,1,0.22876490652561188,0.4570140540599823,0.31422099471092224
b01|1->2-boundary,b01,b01,1->2-boundary,307,16,0.16,2,0.35242679715156555,0.4349091351032257,1,0.14917534589767456,0.6040897369384766,0.24673494696617126,1,0.17371784150600433,0.5345853567123413,0.29169678688049316,1,0.2562297582626343,0.4171052575111389,0.3266649842262268
b01|1->2-boundary,b01,b01,1->2-boundary,308,17,0.17,2,0.12193863838911057,-0.017856545746326447,1,0.14430974423885345,0.5723004937171936,0.28338977694511414,1,0.1345607042312622,0.5957831144332886,0.2696562111377716,1,0.23497825860977173,0.4630773961544037,0.3019442856311798
b01|1->2-boundary,b01,b01,1->2-boundary,309,18,0.18,2,0.24495172500610352,0.3116031885147095,1,0.16123972833156586,0.5800831913948059,0.25867706537246704,1,0.1354781836271286,0.5658870935440063,0.29863476753234863,1,0.2708199918270111,0.4176679253578186,0.3115120232105255
b01|1->2-boundary,b01,b01,1->2-boundary,310,19,0.19,2,0.060136858373880386,0.09602846950292587,1,0.1679331511259079,0.5814301371574402,0.2506367266178131,1,0.12465744465589523,0.5486239790916443,0.3267185688018799,1,0.22230961918830872,0.48081400990486145,0.29687631130218506
b01|1->2-boundary,b01,b01,1->2-boundary,311,20,0.2,2,0.32108190655708313,0.3452220857143402,1,0.14495065808296204,0.50583416223526,0.34921514987945557,1,0.1310366541147232,0.49898087978363037,0.36998245120048523,1,0.2570578455924988,0.4513217508792877,0.2916204035282135
b01|1->2-boundary,b01,b01,1->2-boundary,312,21,0.21,2,-0.1563868522644043,-0.1322181224822998,1,0.1543920934200287,0.5131789445877075,0.3324289321899414,1,0.13033486902713776,0.5330789089202881,0.3365861773490906,1,0.23517049849033356,0.4890802204608917,0.27574920654296875
b01|1->2-boundary,b01,b01,1->2-boundary,313,22,0.22,2,0.39545971155166626,0.3858875632286072,1,0.19691377878189087,0.5335742235183716,0.26951199769973755,1,0.15142826735973358,0.5512540340423584,0.2973177433013916,1,0.24933162331581116,0.45544663071632385,0.295221745967865
b01|1->2-boundary,b01,b01,1->2-boundary,314,23,0.23,2,0.21151092648506165,0.15426473319530487,1,0.1446310132741928,0.5616818070411682,0.29368719458580017,1,0.12300319224596024,0.6135795712471008,0.26341724395751953,1,0.23459012806415558,0.477989137172699,0.28742077946662903
b01|1->2-boundary,b01,b01,1->2-boundary,315,24,0.24,2,0.20717164874076843,0.22906330227851868,1,0.15407788753509521,0.5386960506439209,0.3072260618209839,1,0.12169404327869415,0.5928117632865906,0.28549423813819885,1,0.2557068169116974,0.4948526918888092,0.2494405061006546
b01|1->2-boundary,b01,b01,1->2-boundary,316,25,0.25,2,0.007521221414208412,-0.052497927099466324,1,0.14442715048789978,0.5734859108924866,0.28208696842193604,1,0.09992954879999161,0.620978832244873,0.27909156680107117,1,0.21648181974887848,0.5070870518684387,0.276431143283844
c01|S0-core,c01,c02,S0-core,47,-25,-0.25,0,-0.7107505202293396,-1.4897021055221558,0,0.5714861750602722,0.24420557916164398,0.18430832028388977,0,0.6992268562316895,0.15311311185359955,0.1476600617170334,0,0.501868486404419,0.21480880677700043,0.2833227515220642
c01|S0-core,c01,c02,S0-core,48,-24,-0.24,0,-0.838472306728363,-1.5796563625335693,0,0.6156855225563049,0.2146427184343338,0.16967175900936127,0,0.7086593508720398,0.14878077805042267,0.14255979657173157,0,0.5221225023269653,0.2080632448196411,0.26981422305107117
c01|S0-core,c01,c02,S0-core,49,-23,-0.23,0,-0.6773332953453064,-1.3018405437469482,0,0.5865326523780823,0.2306513786315918,0.18281599879264832,0,0.7088998556137085,0.14838072657585144,0.14271943271160126,0,0.5112438201904297,0.2034386843442917,0.28531748056411743
c01|S0-core,c01,c02,S0-core,50,-22,-0.22,0,-0.3779105544090271,-1.302964210510254,0,0.6304696202278137,0.2031392604112625,0.16639111936092377,0,0.6986131072044373,0.1575416773557663,0.14384524524211884,0,0.4939630627632141,0.2207816243171692,0.2852553129196167
c01|S0-core,c01,c02,S0-core,51,-21,-0.21,0,-0.5367536544799805,-1.2306207418441772,0,0.6440734267234802,0.18277861177921295,0.1731480062007904,0,0.7097653746604919,0.15838199853897095,0.13185256719589233,0,0.508022129535675,0.21223965287208557,0.27973824739456177
c01|S0-core,c01,c02,S0-core,52,-20,-0.2,0,-0.6803337335586548,-1.3029288053512573,0,0.6388686299324036,0.2013271301984787,0.15980428457260132,0,0.7073344588279724,0.16428151726722717,0.1283840835094452,0,0.48911941051483154,0.22345662117004395,0.2874239385128021
c01|S0-core,c01,c02,S0-core,53,-19,-0.19,0,-0.4853062331676483,-1.2560746669769287,0,0.6338930726051331,0.20189067721366882,0.1642162948846817,0,0.6915111541748047,0.17135247588157654,0.13713626563549042,0,0.4795052707195282,0.246164008975029,0.2743307054042816
c01|S0-core,c01,c02,S0-core,54,-18,-0.18,0,-0.865485429763794,-1.5491619110107422,0,0.6176093816757202,0.22486965358257294,0.15752093493938446,0,0.7094725966453552,0.15543614327907562,0.13509130477905273,0,0.47389549016952515,0.2514374852180481,0.27466705441474915
c01|S0-core,c01,c02,S0-core,55,-17,-0.17,0,-0.383868008852005,-1.2740294933319092,0,0.6104880571365356,0.23069477081298828,0.15881717205047607,0,0.677968442440033,0.18930059671401978,0.13273100554943085,0,0.47346699237823486,0.24564245343208313,0.2808905839920044
c01|S0-core,c01,c02,S0-core,56,-16,-0.16,0,-0.8350251317024231,-1.4794337749481201,0,0.6301977634429932,0.19842061400413513,0.1713816076517105,0,0.7140097618103027,0.1549256443977356,0.13106456398963928,0,0.49451348185539246,0.22568191587924957,0.27980461716651917
c01|S0-core,c01,c02,S0-core,57,-15,-0.15,0,-0.6854193806648254,-1.2451610565185547,0,0.6262077689170837,0.2082967460155487,0.16549552977085114,0,0.7148627638816833,0.14948037266731262,0.13565684854984283,0,0.5073170065879822,0.22331786155700684,0.26936519145965576
c01|S0-core,c01,c02,S0-core,58,-14,-0.14,0,-0.5685805678367615,-1.3454159498214722,0,0.6559582948684692,0.18771271407604218,0.1563289612531662,0,0.6996678113937378,0.1728670448064804,0.12746509909629822,0,0.5212196707725525,0.21756801009178162,0.2612123489379883
c01|S0-core,c01,c02,S0-core,59,-13,-0.13,0,-0.5752341151237488,-1.2906829118728638,0,0.6492094993591309,0.19818679988384247,0.15260371565818787,0,0.7109581232070923,0.15772266685962677,0.13131912052631378,0,0.5247554779052734,0.21823792159557343,0.25700661540031433
c01|S0-core,c01,c02,S0-core,60,-12,-0.12,0,-0.5986713171005249,-1.1212729215621948,0,0.6477786302566528,0.19945372641086578,0.15276765823364258,0,0.7000296115875244,0.17184904217720032,0.12812131643295288,0,0.5428159236907959,0.2064191699028015,0.2507648766040802
c01|S0-core,c01,c02,S0-core,61,-11,-0.11,0,-0.44806912541389465,-1.0839911699295044,0,0.6520944237709045,0.18813039362430573,0.15977516770362854,0,0.6984770894050598,0.16377098858356476,0.13775186240673065,0,0.5366786122322083,0.21329815685749054,0.2500232458114624
c01|S0-core,c01,c02,S0-core,62,-10,-0.1,0,-0.465975284576416,-0.9623371958732605,0,0.6330942511558533,0.20881566405296326,0.15809009969234467,0,0.6974135041236877,0.1683528870344162,0.13423366844654083,0,0.5214493870735168,0.21968789398670197,0.2588626742362976
c01|S0-core,c01,c02,S0-core,63,-9,-0.09,0,-0.48937371373176575,-1.1960422992706299,0,0.5884209275245667,0.23475870490074158,0.17682038247585297,0,0.6888469457626343,0.17952030897140503,0.1316327452659607,0,0.5017632246017456,0.21492740511894226,0.2833094298839569
c01|S0-core,c01,c02,S0-core,64,-8,-0.08,0,-0.6363916993141174,-1.0301175117492676,0,0.6057296395301819,0.2203543484210968,0.17391596734523773,0,0.6677272319793701,0.19563674926757812,0.13663597404956818,0,0.5064090490341187,0.2297094613313675,0.2638814151287079
c01|S0-core,c01,c02,S0-core,65,-7,-0.07,0,-0.6644586324691772,-1.2166213989257812,0,0.5971639752388,0.22569790482521057,0.17713814973831177,0,0.6614241003990173,0.1992989033460617,0.13927693665027618,0,0.5200592875480652,0.2360875904560089,0.2438531368970871
c01|S0-core,c01,c02,S0-core,66,-6,-0.06,0,-0.5737121105194092,-0.9999878406524658,0,0.6171715259552002,0.22018945217132568,0.16263902187347412,0,0.6403210163116455,0.22090977430343628,0.1387692540884018,0,0.5100399255752563,0.24104651808738708,0.24891358613967896
c01|S0-core,c01,c02,S0-core,67,-5,-0.05,0,-0.5792988538742065,-1.1436963081359863,0,0.5972239971160889,0.2426261603832245,0.16014984250068665,0,0.6325341463088989,0.22274380922317505,0.14472199976444244,0,0.5001442432403564,0.2570001482963562,0.24285566806793213
c01|S0-core,c01,c02,S0-core,68,-4,-0.04,0,-0.3810204267501831,-1.0790590047836304,0,0.6180335879325867,0.2209286242723465,0.16103780269622803,0,0.6578834056854248,0.20449575781822205,0.13762080669403076,0,0.53830486536026,0.23651571571826935,0.22517941892147064
c01|S0-core,c01,c02,S0-core,69,-3,-0.03,0,-0.7966766357421875,-1.2951937913894653,0,0.5823073387145996,0.25763821601867676,0.16005441546440125,0,0.6668347120285034,0.1992240697145462,0.133941188454628,0,0.5656617879867554,0.21027825772762299,0.22405995428562164
c01|S0-core,c01,c02,S0-core,70,-2,-0.02,0,-0.726540207862854,-1.1991608142852783,0,0.6015673279762268,0.2377847284078598,0.1606479436159134,0,0.6714931726455688,0.19291795790195465,0.1355888545513153,0,0.5495753288269043,0.22877518832683563,0.2216494381427765
c01|S0-core,c01,c02,S0-core,71,-1,-0.01,0,-0.7803667783737183,-1.1922529935836792,0,0.5935709476470947,0.23988427221775055,0.16654470562934875,0,0.684291422367096,0.18021130561828613,0.13549722731113434,0,0.5631254315376282,0.2355055809020996,0.20136891305446625
c01|S0-core,c01,c02,S0-core,72,0,0.0,0,-0.5197476148605347,-1.2352396249771118,0,0.6280519366264343,0.2013661116361618,0.17058196663856506,0,0.6775964498519897,0.1841825395822525,0.13822105526924133,0,0.5494670271873474,0.23243175446987152,0.21810117363929749
c01|S0-core,c01,c02,S0-core,73,1,0.01,0,-0.8880119919776917,-1.0305254459381104,0,0.6453014016151428,0.19243352115154266,0.16226506233215332,0,0.6770629286766052,0.19059082865715027,0.1323462277650833,0,0.5671365261077881,0.22816771268844604,0.20469573140144348
c01|S0-core,c01,c02,S0-core,74,2,0.02,0,-0.6103487014770508,-1.1673848628997803,0,0.6049265265464783,0.22246509790420532,0.1726084202528,0,0.6714152097702026,0.19027574360370636,0.1383090317249298,0,0.5728662014007568,0.22867977619171143,0.19845402240753174
c01|S0-core,c01,c02,S0-core,75,3,0.03,0,-0.670818567276001,-0.8650882244110107,0,0.5905935764312744,0.23609904944896698,0.1733073741197586,0,0.6644578576087952,0.19548362493515015,0.1400584578514099,0,0.5936214923858643,0.22119899094104767,0.18517948687076569
c01|S0-core,c01,c02,S0-core,76,4,0.04,0,-0.6601374745368958,-1.151922345161438,0,0.6159840226173401,0.21743226051330566,0.16658373177051544,0,0.650162935256958,0.20653210580348969,0.1433049589395523,0,0.5975357890129089,0.2239290326833725,0.17853520810604095
c01|S0-core,c01,c02,S0-core,77,5,0.05,0,-0.6004237532615662,-1.0812263488769531,0,0.6068152785301208,0.22267316281795502,0.17051158845424652,0,0.627708375453949,0.22783875465393066,0.14445282518863678,0,0.5810126066207886,0.23347550630569458,0.18551190197467804
c01|S0-core,c01,c02,S0-core,78,6,0.06,0,-0.9431418180465698,-1.1750400066375732,0,0.5843716263771057,0.23621319234371185,0.17941518127918243,0,0.6474002003669739,0.21659442782402039,0.13600532710552216,0,0.5898804664611816,0.22010424733161926,0.1900152713060379
c01|S0-core,c01,c02,S0-core,79,7,0.07,0,-0.9318094849586487,-1.1771095991134644,0,0.5952857732772827,0.22872775793075562,0.17598649859428406,0,0.6257302761077881,0.22913312911987305,0.14513660967350006,0,0.6140415072441101,0.2069636583328247,0.1789947897195816
c01|S0-core,c01,c02,S0-core,80,8,0.08,0,-0.5305913686752319,-0.5410780906677246,0,0.5985156297683716,0.22987428307533264,0.17161014676094055,0,0.6339675784111023,0.2296784520149231,0.13635389506816864,0,0.5525119304656982,0.24255262315273285,0.2049354761838913
c01|S0-core,c01,c02,S0-core,81,9,0.09,0,-0.31375598907470703,-0.5877279043197632,0,0.5873508453369141,0.2288142293691635,0.18383489549160004,0,0.6366214752197266,0.22681869566440582,0.1365598738193512,0,0.5484448671340942,0.24131612479686737,0.2102390080690384
c01|S0-core,c01,c02,S0-core,82,10,0.1,0,-0.5853214859962463,-0.664214015007019,0,0.5310101509094238,0.2843465507030487,0.18464335799217224,0,0.6020570993423462,0.27512043714523315,0.12282246351242065,0,0.5055913329124451,0.28515562415122986,0.20925304293632507
c01|S0-core,c01,c02,S0-core,83,11,0.11,0,-0.5574871897697449,-0.6686105132102966,0,0.48517242074012756,0.3320736289024353,0.1827540248632431,0,0.6014788746833801,0.2761704623699188,0.12235061824321747,0,0.4912492632865906,0.30122894048690796,0.20752182602882385
c01|S0-core,c01,c02,S0-core,84,12,0.12,0,-0.6805607080459595,-0.5773416757583618,0,0.4179978370666504,0.39830437302589417,0.18369773030281067,0,0.4935164451599121,0.3804066777229309,0.1260768324136734,0,0.4699612855911255,0.3196990489959717,0.21033969521522522
c01|S0-core,c01,c02,S0-core,85,13,0.13,0,-0.27028462290763855,-0.37216153740882874,0,0.4246891140937805,0.3940559923648834,0.18125487864017487,1,0.40257516503334045,0.4556420147418976,0.14178282022476196,0,0.4336952567100525,0.37429288029670715,0.19201181828975677
c01|S0-core,c01,c02,S0-core,86,14,0.14,0,-0.7742457985877991,-0.6182649731636047,0,0.4171522557735443,0.3885340988636017,0.19431358575820923,0,0.44190508127212524,0.42960065603256226,0.1284942775964737,0,0.4344438314437866,0.38930195569992065,0.17625422775745392
c01|S0-core,c01,c02,S0-core,87,15,0.15,0,-0.51363205909729,-0.4990949034690857,0,0.43845638632774353,0.3693922758102417,0.19215133786201477,1,0.41025295853614807,0.4617537260055542,0.12799324095249176,0,0.41758137941360474,0.3906877934932709,0.1917308121919632
c01|S0-core,c01,c02,S0-core,88,16,0.16,0,-0.3286633789539337,-0.39958450198173523,0,0.4577246904373169,0.33374473452568054,0.20853060483932495,0,0.4497286081314087,0.42803674936294556,0.12223459780216217,0,0.4225130081176758,0.37511947751045227,0.20236749947071075
c01|S0-core,c01,c02,S0-core,89,17,0.17,0,-0.1232483834028244,-0.2055063247680664,0,0.40545952320098877,0.3965679407119751,0.19797253608703613,1,0.3902754485607147,0.4828013479709625,0.12692318856716156,1,0.40040987730026245,0.4015912413597107,0.19799886643886566
c01|S0-core,c01,c02,S0-core,90,18,0.18,1,-0.11930937319993973,-0.01954389549791813,1,0.3017944097518921,0.5054313540458679,0.19277423620224,1,0.3668990433216095,0.4903305768966675,0.14277036488056183,1,0.3797459602355957,0.4434041976928711,0.17684991657733917
c01|S0-core,c01,c02,S0-core,91,19,0.19,1,-0.11187399178743362,0.010457467287778854,1,0.28246259689331055,0.5295482277870178,0.18798916041851044,1,0.40223821997642517,0.444708913564682,0.15305280685424805,1,0.3586728870868683,0.4245513379573822,0.2167758047580719
c01|S0-core,c01,c02,S0-core,92,20,0.2,1,-0.2699061930179596,0.12955616414546967,1,0.20338422060012817,0.5826645493507385,0.2139512151479721,1,0.31379401683807373,0.509665310382843,0.17654070258140564,0,0.3759995102882385,0.3706618547439575,0.25333860516548157
c01|S0-core,c01,c02,S0-core,93,21,0.21,1,-0.29808205366134644,0.11591523140668869,1,0.16610853374004364,0.6181767582893372,0.21571466326713562,1,0.22561372816562653,0.607538640499115,0.1668476164340973,1,0.32702165842056274,0.44161760807037354,0.2313607782125473
c01|S0-core,c01,c02,S0-core,94,22,0.22,1,-0.28103625774383545,0.11893526464700699,1,0.15234293043613434,0.6139655113220215,0.2336915284395218,1,0.20634067058563232,0.6253365874290466,0.16832272708415985,1,0.2961438298225403,0.44948089122772217,0.25437527894973755
c01|S0-core,c01,c02,S0-core,95,23,0.23,1,-0.28120696544647217,0.13878603279590607,1,0.15968406200408936,0.5879837274551392,0.2523322105407715,1,0.17242461442947388,0.6769653558731079,0.1506100445985794,1,0.26179736852645874,0.4530869722366333,0.28511565923690796
c01|S0-core,c01,c02,S0-core,96,24,0.24,1,-0.2682628929615021,0.34028464555740356,1,0.151397243142128,0.5801147818565369,0.26848796010017395,1,0.1598164141178131,0.6821573972702026,0.15802623331546783,1,0.27197229862213135,0.4549291729927063,0.27309849858283997
c01|S0-core,c01,c02,S0-core,97,25,0.25,1,-0.10053524374961853,0.14030490815639496,1,0.15950122475624084,0.5655876994132996,0.274911105632782,1,0.17225684225559235,0.6521316170692444,0.1756114810705185,1,0.22968915104866028,0.46872279047966003,0.3015880584716797
c01|0->1-boundary,c01,c01,0->1-boundary,5,-25,-0.25,0,-0.6928021311759949,-0.9510223865509033,1,0.3448425829410553,0.5023807883262634,0.15277664363384247,1,0.3843325972557068,0.4800717234611511,0.13559572398662567,0,0.3649531900882721,0.36044812202453613,0.27459871768951416
c01|0->1-boundary,c01,c01,0->1-boundary,6,-24,-0.24,0,-0.7549868226051331,-0.9233995676040649,1,0.4006718397140503,0.44336286187171936,0.15596525371074677,0,0.5135164260864258,0.3413812816143036,0.14510232210159302,0,0.41390183568000793,0.30819961428642273,0.27789855003356934
c01|0->1-boundary,c01,c01,0->1-boundary,7,-23,-0.23,0,-0.745032548904419,-0.8394189476966858,0,0.4579038918018341,0.38068345189094543,0.16141264140605927,0,0.5573208332061768,0.30524593591690063,0.137433260679245,0,0.42954760789871216,0.2903192341327667,0.2801331877708435
c01|0->1-boundary,c01,c01,0->1-boundary,8,-22,-0.22,0,-0.7268965840339661,-0.9488003253936768,0,0.5097780227661133,0.31191185116767883,0.17831020057201385,0,0.6223465800285339,0.23768343031406403,0.13997003436088562,0,0.47486892342567444,0.27180740237236023,0.25332364439964294
c01|0->1-boundary,c01,c01,0->1-boundary,9,-21,-0.21,0,-0.8162407279014587,-0.9241262674331665,0,0.606813371181488,0.21817459166049957,0.17501206696033478,0,0.6440770626068115,0.20932000875473022,0.14660291373729706,0,0.49752289056777954,0.2553614377975464,0.2471156120300293
c01|0->1-boundary,c01,c01,0->1-boundary,10,-20,-0.2,0,-0.6513541340827942,-0.7606853246688843,0,0.6160737872123718,0.21312865614891052,0.17079757153987885,0,0.6177121996879578,0.2324371188879013,0.14985062181949615,0,0.4878571033477783,0.2448919713497162,0.2672509253025055
c01|0->1-boundary,c01,c01,0->1-boundary,11,-19,-0.19,0,-0.6769676208496094,-0.7736269235610962,0,0.6102860569953918,0.21933770179748535,0.170376256108284,0,0.6356654167175293,0.2156907618045807,0.14864376187324524,0,0.4851507246494293,0.2560778260231018,0.25877144932746887
c01|0->1-boundary,c01,c01,0->1-boundary,12,-18,-0.18,0,-0.5013106465339661,-0.5474875569343567,0,0.5948085188865662,0.23371687531471252,0.17147457599639893,0,0.6253921985626221,0.22643418610095978,0.14817368984222412,0,0.481280654668808,0.2664751410484314,0.2522442638874054
c01|0->1-boundary,c01,c01,0->1-boundary,13,-17,-0.17,0,-0.5180646181106567,-0.5831187963485718,0,0.5790765285491943,0.2501029968261719,0.17082040011882782,0,0.6042060256004333,0.25909367203712463,0.1367003321647644,0,0.43358397483825684,0.29026028513908386,0.2761557698249817
c01|0->1-boundary,c01,c01,0->1-boundary,14,-16,-0.16,0,-0.712236762046814,-0.77260822057724,0,0.5347641110420227,0.2962265908718109,0.16900934278964996,0,0.5457179546356201,0.3039012551307678,0.15038079023361206,0,0.39466777443885803,0.31344807147979736,0.2918841242790222
c01|0->1-boundary,c01,c01,0->1-boundary,15,-15,-0.15,0,-0.5977858304977417,-0.725605845451355,0,0.5121517181396484,0.3125506043434143,0.17529769241809845,0,0.5187473297119141,0.3275229334831238,0.15372976660728455,0,0.39526256918907166,0.31301069259643555,0.2917267382144928
c01|0->1-boundary,c01,c01,0->1-boundary,16,-14,-0.14,0,-0.460238516330719,-0.5550771951675415,0,0.5142109990119934,0.3147997260093689,0.1709892600774765,0,0.5105300545692444,0.34793755412101746,0.14153237640857697,0,0.39197415113449097,0.31759223341941833,0.2904336452484131
c01|0->1-boundary,c01,c01,0->1-boundary,17,-13,-0.13,0,-0.2696620225906372,-0.47185733914375305,0,0.5299214124679565,0.2932407855987549,0.1768377721309662,0,0.5082919597625732,0.33839645981788635,0.1533115655183792,0,0.3887670338153839,0.3339783847332001,0.277254581451416
c01|0->1-boundary,c01,c01,0->1-boundary,18,-12,-0.12,0,-0.5300403237342834,-0.8649348616600037,0,0.4588642418384552,0.37009087204933167,0.17104487121105194,0,0.47205978631973267,0.38426586985588074,0.1436743140220642,0,0.3840387761592865,0.3331342935562134,0.28282687067985535
c01|0->1-boundary,c01,c01,0->1-boundary,19,-11,-0.11,0,-0.40547287464141846,-0.645794153213501,1,0.40891510248184204,0.4209027886390686,0.17018212378025055,0,0.44614356756210327,0.41206490993499756,0.14179159700870514,0,0.4338204264640808,0.31152746081352234,0.25465208292007446
c01|0->1-boundary,c01,c01,0->1-boundary,20,-10,-0.1,0,-0.3614473044872284,-0.6108633875846863,1,0.3570440411567688,0.46921971440315247,0.17373624444007874,0,0.4395158290863037,0.4194825291633606,0.1410016119480133,0,0.4425579905509949,0.28989890217781067,0.26754307746887207
c01|0->1-boundary,c01,c01,0->1-boundary,21,-9,-0.09,0,-0.5081625580787659,-0.766165018081665,1,0.33337026834487915,0.4769597053527832,0.18967001140117645,0,0.4345599114894867,0.41778701543807983,0.1476530283689499,0,0.4815202057361603,0.25854915380477905,0.2599306106567383
c01|0->1-boundary,c01,c01,0->1-boundary,22,-8,-0.08,0,-0.3555203974246979,-0.6259093284606934,1,0.3743387758731842,0.4247954487800598,0.20086580514907837,0,0.47676050662994385,0.3755025863647461,0.14773686230182648,0,0.48904427886009216,0.2468845248222351,0.2640712261199951
c01|0->1-boundary,c01,c01,0->1-boundary,23,-7,-0.07,0,-0.5355712175369263,-0.6475343704223633,0,0.4138524830341339,0.3610701560974121,0.225077286362648,0,0.5003740787506104,0.36536961793899536,0.13425636291503906,0,0.47316256165504456,0.23132890462875366,0.2955085337162018
c01|0->1-boundary,c01,c01,0->1-boundary,24,-6,-0.06,0,-0.7163439393043518,-0.9889657497406006,1,0.3922189176082611,0.40702083706855774,0.20076026022434235,1,0.4290567636489868,0.441859632730484,0.1290835291147232,0,0.4425223767757416,0.27867111563682556,0.27880656719207764
c01|0->1-boundary,c01,c01,0->1-boundary,25,-5,-0.05,0,-0.8588554859161377,-0.9305225610733032,0,0.43179160356521606,0.37916886806488037,0.18903954327106476,0,0.49371570348739624,0.36801373958587646,0.1382705271244049,0,0.4881996214389801,0.24563731253147125,0.2661631107330322
c01|0->1-boundary,c01,c01,0->1-boundary,26,-4,-0.04,0,-0.45863643288612366,-0.7189248204231262,0,0.5354453921318054,0.2851296365261078,0.17942489683628082,0,0.515764594078064,0.3467625379562378,0.13747289776802063,0,0.41890767216682434,0.29852598905563354,0.28256627917289734
c01|0->1-boundary,c01,c01,0->1-boundary,27,-3,-0.03,0,-0.4523884952068329,-0.7193659543991089,0,0.5572071075439453,0.26771843433380127,0.17507441341876984,0,0.5471725463867188,0.3098447024822235,0.14298278093338013,0,0.44701001048088074,0.28756454586982727,0.2654254138469696
c01|0->1-boundary,c01,c01,0->1-boundary,28,-2,-0.02,0,-0.5015005469322205,-0.8352976441383362,0,0.5441202521324158,0.28718769550323486,0.16869202256202698,0,0.576827883720398,0.2836543917655945,0.13951773941516876,0,0.49184757471084595,0.2580859363079071,0.2500665485858917
c01|0->1-boundary,c01,c01,0->1-boundary,29,-1,-0.01,0,-0.12413868308067322,-0.518423855304718,0,0.532818615436554,0.2916927933692932,0.17548856139183044,0,0.6081404089927673,0.254094660282135,0.13776493072509766,0,0.5181969404220581,0.2472456842660904,0.2345573604106903
c01|0->1-boundary,c01,c01,0->1-boundary,30,0,0.0,0,0.005229289643466473,-0.38437604904174805,0,0.43771645426750183,0.38786450028419495,0.1744190752506256,0,0.5867975354194641,0.28762000799179077,0.1255824863910675,0,0.4593126177787781,0.266004353761673,0.2746829390525818
c01|0->1-boundary,c01,c01,0->1-boundary,31,1,0.01,0,-0.3541238605976105,-0.8002811074256897,1,0.28233689069747925,0.5054061412811279,0.21225692331790924,0,0.495718389749527,0.35805603861808777,0.14622557163238525,0,0.4248421788215637,0.25168994069099426,0.3234679102897644
c01|0->1-boundary,c01,c01,0->1-boundary,32,2,0.02,0,-0.4920157194137573,-0.7731868028640747,1,0.3140425384044647,0.4872228801250458,0.19873450696468353,0,0.5071535110473633,0.3413809537887573,0.151465505361557,0,0.44022902846336365,0.28443461656570435,0.275336354970932
c01|0->1-boundary,c01,c01,0->1-boundary,33,3,0.03,0,-0.5512114763259888,-0.6773279905319214,1,0.3595787584781647,0.4645697772502899,0.17585143446922302,0,0.46691426634788513,0.37442559003829956,0.15866005420684814,0,0.4326133728027344,0.2769550085067749,0.29043158888816833
c01|0->1-boundary,c01,c01,0->1-boundary,34,4,0.04,1,-0.47350502014160156,-0.6936603784561157,1,0.3903445601463318,0.42982810735702515,0.17982731759548187,1,0.406608909368515,0.43039363622665405,0.16299743950366974,0,0.41932958364486694,0.30645444989204407,0.2742159962654114
c01|0->1-boundary,c01,c01,0->1-boundary,35,5,0.05,1,-0.4523395299911499,-0.7729671001434326,1,0.397673100233078,0.4189437925815582,0.18338310718536377,0,0.4496709406375885,0.4066498875617981,0.1436791718006134,0,0.4393344521522522,0.31013303995132446,0.2505325376987457
c01|0->1-boundary,c01,c01,0->1-boundary,36,6,0.06,1,-0.44999217987060547,-0.6820099949836731,0,0.49106159806251526,0.32266995310783386,0.18626844882965088,0,0.4676939845085144,0.39931225776672363,0.13299372792243958,0,0.44598013162612915,0.3021300137042999,0.25188979506492615
c01|0->1-boundary,c01,c01,0->1-boundary,37,7,0.07,1,-0.5561228394508362,-0.7106041312217712,0,0.48446962237358093,0.33995822072029114,0.17557217180728912,1,0.42010563611984253,0.44743290543556213,0.13246150314807892,0,0.462274968624115,0.29253244400024414,0.24519258737564087
c01|0->1-boundary,c01,c01,0->1-boundary,38,8,0.08,1,-0.39341646432876587,-0.7157328128814697,0,0.4401783347129822,0.39479804039001465,0.1650235801935196,1,0.4300265908241272,0.43286001682281494,0.13711339235305786,0,0.44845840334892273,0.3168585002422333,0.23468318581581116
c01|0->1-boundary,c01,c01,0->1-boundary,39,9,0.09,1,-0.2432740032672882,-0.5198255181312561,0,0.41772982478141785,0.4167243540287018,0.16554580628871918,1,0.41486090421676636,0.4434429705142975,0.14169614017009735,0,0.4777434170246124,0.2902822196483612,0.23197436332702637
c01|0->1-boundary,c01,c01,0->1-boundary,40,10,0.1,1,-0.5154178738594055,-0.8882333040237427,1,0.3172439634799957,0.5018272399902344,0.1809287667274475,1,0.35114413499832153,0.5075919032096863,0.14126399159431458,0,0.45140382647514343,0.30679506063461304,0.24180108308792114
c01|0->1-boundary,c01,c01,0->1-boundary,41,11,0.11,1,-0.3377332389354706,-0.6433142423629761,1,0.3902587592601776,0.4310271739959717,0.17871399223804474,1,0.3827980160713196,0.4545184075832367,0.1626836359500885,0,0.42325693368911743,0.3103727102279663,0.26637038588523865
c01|0->1-boundary,c01,c01,0->1-boundary,42,12,0.12,1,-0.43297991156578064,-0.7078770399093628,1,0.3420453667640686,0.4703839421272278,0.187570720911026,1,0.4118124544620514,0.44846299290657043,0.13972459733486176,0,0.4189194440841675,0.30776432156562805,0.2733162045478821
c01|0->1-boundary,c01,c01,0->1-boundary,43,13,0.13,1,-0.2557980418205261,-0.5737760066986084,1,0.37016063928604126,0.4414333701133728,0.18840603530406952,1,0.390175998210907,0.4586995244026184,0.1511244773864746,0,0.41415098309516907,0.31167006492614746,0.2741789221763611
c01|0->1-boundary,c01,c01,0->1-boundary,44,14,0.14,1,-0.1550547033548355,-0.4183342158794403,1,0.30850452184677124,0.4672184884548187,0.22427701950073242,1,0.3261382281780243,0.5202322006225586,0.1536295861005783,0,0.39647939801216125,0.33872082829475403,0.26479974389076233
c01|0->1-boundary,c01,c01,0->1-boundary,45,15,0.15,1,-0.4589807689189911,-0.5689471960067749,1,0.3044698238372803,0.4764566421508789,0.21907348930835724,1,0.3264937698841095,0.5112659931182861,0.16224023699760437,0,0.3974212408065796,0.3375633955001831,0.2650153636932373
c01|0->1-boundary,c01,c01,0->1-boundary,46,16,0.16,1,-0.18808473646640778,-0.3670467436313629,1,0.23533710837364197,0.5837166905403137,0.1809462159872055,1,0.2827223539352417,0.5412922501564026,0.17598536610603333,0,0.3695353865623474,0.34412238001823425,0.28634223341941833
c01|0->1-boundary,c01,c01,0->1-boundary,47,17,0.17,1,-0.31518682837486267,-0.5341663360595703,1,0.22572819888591766,0.593714714050293,0.18055707216262817,1,0.2705731689929962,0.5834906101226807,0.1459362655878067,0,0.3982476592063904,0.32871952652931213,0.2730327844619751
c01|0->1-boundary,c01,c01,0->1-boundary,48,18,0.18,1,-0.3788892924785614,-0.6500545144081116,1,0.24850785732269287,0.5686708688735962,0.18282128870487213,1,0.2680121064186096,0.5966635942459106,0.13532434403896332,0,0.3839142620563507,0.3438078761100769,0.2722778618335724
c01|0->1-boundary,c01,c01,0->1-boundary,49,19,0.19,1,-0.2791653871536255,-0.6632805466651917,1,0.2678256034851074,0.5531198382377625,0.17905455827713013,1,0.28304728865623474,0.5778679251670837,0.13908477127552032,0,0.3826618790626526,0.3622567057609558,0.2550814151763916
c01|0->1-boundary,c01,c01,0->1-boundary,50,20,0.2,1,-0.4051937460899353,-0.6867919564247131,1,0.2579410970211029,0.5428157448768616,0.19924314320087433,1,0.3245040774345398,0.541290819644928,0.13420507311820984,0,0.39860010147094727,0.34355688095092773,0.2578430473804474
c01|0->1-boundary,c01,c01,0->1-boundary,51,21,0.21,1,-0.5126577019691467,-0.7221006751060486,1,0.2671171724796295,0.5457030534744263,0.1871797889471054,1,0.3141386806964874,0.5372018218040466,0.14865954220294952,0,0.3876906931400299,0.35304561257362366,0.25926369428634644
c01|0->1-boundary,c01,c01,0->1-boundary,52,22,0.22,1,-0.5442978739738464,-0.7488155364990234,1,0.27329763770103455,0.5564826130867004,0.1702197641134262,1,0.3432427644729614,0.5018657445907593,0.1548914909362793,0,0.3952595591545105,0.338199645280838,0.2665407359600067
c01|0->1-boundary,c01,c01,0->1-boundary,53,23,0.23,1,-0.5595878958702087,-0.7427377700805664,1,0.3345251679420471,0.49104204773902893,0.17443273961544037,1,0.380344420671463,0.47779905796051025,0.14185650646686554,0,0.4113924503326416,0.32178083062171936,0.26682671904563904
c01|0->1-boundary,c01,c01,0->1-boundary,54,24,0.24,1,-0.2503291666507721,-0.6503083109855652,1,0.3948712646961212,0.4330344498157501,0.1720942258834839,0,0.4371071755886078,0.4049663841724396,0.15792641043663025,0,0.42520782351493835,0.31578102707862854,0.2590111792087555
c01|0->1-boundary,c01,c01,0->1-boundary,55,25,0.25,1,-0.43886369466781616,-0.6998099088668823,0,0.44046756625175476,0.38739657402038574,0.1721358299255371,0,0.4684271216392517,0.3905649483203888,0.1410079002380371,0,0.4401317238807678,0.30117928981781006,0.2586890161037445
c01|S1-core,c01,c01,S1-core,196,-25,-0.25,2,1.082811951637268,1.8682981729507446,2,0.1327098160982132,0.358705073595047,0.5085850954055786,2,0.1469321995973587,0.24259470403194427,0.6104731559753418,2,0.17364341020584106,0.2636365294456482,0.562720000743866
c01|S1-core,c01,c01,S1-core,197,-24,-0.24,2,0.988395631313324,2.001351833343506,2,0.14263708889484406,0.33553701639175415,0.5218258500099182,2,0.14767320454120636,0.23078688979148865,0.6215398907661438,2,0.17732492089271545,0.2567092776298523,0.5659657120704651
c01|S1-core,c01,c01,S1-core,198,-23,-0.23,2,1.2006453275680542,2.1831910610198975,2,0.13621076941490173,0.3526133894920349,0.5111758708953857,2,0.16634595394134521,0.22546689212322235,0.6081870794296265,2,0.17072318494319916,0.24071528017520905,0.588561475276947
c01|S1-core,c01,c01,S1-core,199,-22,-0.22,2,1.0703951120376587,2.034446954727173,2,0.13019303977489471,0.3347974717617035,0.5350094437599182,2,0.1751093566417694,0.22711455821990967,0.5977761149406433,2,0.17821429669857025,0.24864442646503448,0.57314133644104
c01|S1-core,c01,c01,S1-core,200,-21,-0.21,2,1.1097995042800903,2.278435707092285,2,0.11869791895151138,0.3475853204727173,0.5337166786193848,2,0.17380088567733765,0.22546523809432983,0.6007338762283325,2,0.19482827186584473,0.22763198614120483,0.5775397419929504
c01|S1-core,c01,c01,S1-core,201,-20,-0.2,2,1.435126543045044,2.39021372795105,2,0.11863069236278534,0.3209248185157776,0.5604444146156311,2,0.18289895355701447,0.2230607122182846,0.5940403342247009,2,0.19887259602546692,0.24656914174556732,0.554558277130127
c01|S1-core,c01,c01,S1-core,202,-19,-0.19,2,1.1019301414489746,2.0466697216033936,2,0.11901351809501648,0.30319082736968994,0.577795684337616,2,0.19237296283245087,0.2324245125055313,0.5752025842666626,2,0.19351619482040405,0.23484204709529877,0.5716418027877808
c01|S1-core,c01,c01,S1-core,203,-18,-0.18,2,1.2572154998779297,2.315852403640747,2,0.12845785915851593,0.32851269841194153,0.5430294871330261,2,0.18313150107860565,0.2264043539762497,0.590464174747467,2,0.19109243154525757,0.2559371888637543,0.5529704093933105
c01|S1-core,c01,c01,S1-core,204,-17,-0.17,2,1.3286527395248413,2.380753517150879,2,0.12831757962703705,0.3226901590824127,0.5489922165870667,2,0.16366630792617798,0.21722005307674408,0.6191136240959167,2,0.17380356788635254,0.24939467012882233,0.5768017768859863
c01|S1-core,c01,c01,S1-core,205,-16,-0.16,2,1.4939074516296387,2.4072093963623047,2,0.12129054218530655,0.33313673734664917,0.5455726981163025,2,0.18263328075408936,0.22267940640449524,0.5946873426437378,2,0.18284787237644196,0.23247815668582916,0.5846739411354065
c01|S1-core,c01,c01,S1-core,206,-15,-0.15,2,1.4186314344406128,2.332448959350586,2,0.13209080696105957,0.30513522028923035,0.5627739429473877,2,0.1729520559310913,0.2173932045698166,0.6096547842025757,2,0.17575933039188385,0.2519487142562866,0.5722919702529907
c01|S1-core,c01,c01,S1-core,207,-14,-0.14,2,1.3488547801971436,2.3414647579193115,2,0.12342505902051926,0.32445886731147766,0.5521160364151001,2,0.17374403774738312,0.22038161754608154,0.6058743000030518,2,0.17845267057418823,0.25322356820106506,0.5683237910270691
c01|S1-core,c01,c01,S1-core,208,-13,-0.13,2,1.3634167909622192,2.5062754154205322,2,0.12632247805595398,0.3190196752548218,0.5546578168869019,2,0.16952809691429138,0.2241634875535965,0.6063084006309509,2,0.18936166167259216,0.24750930070877075,0.5631290078163147
c01|S1-core,c01,c01,S1-core,209,-12,-0.12,2,1.060590147972107,1.6632776260375977,2,0.12177471071481705,0.3167799115180969,0.5614453554153442,2,0.1646687388420105,0.22604988515377045,0.6092813014984131,2,0.18832720816135406,0.24094460904598236,0.5707281827926636
c01|S1-core,c01,c01,S1-core,210,-11,-0.11,2,1.6244782209396362,2.4087843894958496,2,0.1262969821691513,0.32713842391967773,0.5465645790100098,2,0.17713133990764618,0.2284502238035202,0.5944184064865112,2,0.1843334287405014,0.24960461258888245,0.5660619735717773
c01|S1-core,c01,c01,S1-core,211,-10,-0.1,2,1.419849157333374,2.317946195602417,2,0.1359727829694748,0.3069263696670532,0.5571008920669556,2,0.1660824567079544,0.2307838797569275,0.6031336784362793,2,0.18354830145835876,0.24690067768096924,0.5695509910583496
c01|S1-core,c01,c01,S1-core,212,-9,-0.09,2,2.22804594039917,2.857095956802368,2,0.14230690896511078,0.33450600504875183,0.5231871008872986,2,0.1543695628643036,0.22825980186462402,0.61737060546875,2,0.1762053221464157,0.24673369526863098,0.5770609378814697
c01|S1-core,c01,c01,S1-core,213,-8,-0.08,2,2.089186191558838,2.5891265869140625,2,0.15492819249629974,0.3516477942466736,0.49342408776283264,2,0.1765587478876114,0.2354888617992401,0.5879523754119873,2,0.18229910731315613,0.23090463876724243,0.586796224117279
c01|S1-core,c01,c01,S1-core,214,-7,-0.07,2,0.53952556848526,1.2905077934265137,2,0.17121095955371857,0.38203132152557373,0.4467577338218689,2,0.1954173892736435,0.22240088880062103,0.5821816921234131,2,0.21229100227355957,0.23993615806102753,0.5477728247642517
c01|S1-core,c01,c01,S1-core,215,-6,-0.06,2,1.1165432929992676,1.8680353164672852,2,0.20611456036567688,0.34909436106681824,0.44479110836982727,2,0.18341292440891266,0.21123403310775757,0.6053531169891357,2,0.21198898553848267,0.19942905008792877,0.588581919670105
c01|S1-core,c01,c01,S1-core,216,-5,-0.05,2,0.7014866471290588,1.2153819799423218,2,0.19281288981437683,0.32200270891189575,0.48518437147140503,2,0.1755974441766739,0.22720704972743988,0.5971954464912415,2,0.21572494506835938,0.22317053377628326,0.5611045360565186
c01|S1-core,c01,c01,S1-core,217,-4,-0.04,2,1.6253432035446167,2.434394121170044,2,0.18473593890666962,0.3020944595336914,0.5131695866584778,2,0.17802666127681732,0.2595028281211853,0.5624704957008362,2,0.22255684435367584,0.24592894315719604,0.5315141677856445
c01|S1-core,c01,c01,S1-core,218,-3,-0.03,2,0.4655764400959015,1.0924663543701172,2,0.17427954077720642,0.32489314675331116,0.5008273124694824,2,0.15233199298381805,0.29507285356521606,0.5525950789451599,2,0.19134493172168732,0.24215854704380035,0.5664964914321899
c01|S1-core,c01,c01,S1-core,219,-2,-0.02,2,1.1887890100479126,1.7986212968826294,2,0.1682528704404831,0.35520225763320923,0.4765448272228241,2,0.16700926423072815,0.2720170319080353,0.5609736442565918,2,0.193786159157753,0.2940085232257843,0.5122053027153015
c01|S1-core,c01,c01,S1-core,220,-1,-0.01,2,1.772368311882019,2.415980339050293,2,0.14375318586826324,0.364311158657074,0.4919356107711792,2,0.14931590855121613,0.24646209180355072,0.6042219996452332,2,0.17228324711322784,0.28184425830841064,0.5458724498748779
c01|S1-core,c01,c01,S1-core,221,0,0.0,2,1.3843979835510254,2.1849944591522217,2,0.14703315496444702,0.30003446340560913,0.5529324412345886,2,0.1451924741268158,0.2605117857456207,0.5942957401275635,2,0.17191211879253387,0.27335748076438904,0.5547303557395935
c01|1->2-boundary,c01,c01,1->2-boundary,129,-25,-0.25,1,0.03669527918100357,-0.14491353929042816,1,0.3746677041053772,0.37676504254341125,0.24856722354888916,1,0.28065505623817444,0.5785937905311584,0.14075113832950592,0,0.39223507046699524,0.38029903173446655,0.2274659276008606
c01|1->2-boundary,c01,c01,1->2-boundary,130,-24,-0.24,1,-0.06450092047452927,-0.12141840159893036,1,0.2533622980117798,0.5106311440467834,0.23600652813911438,1,0.23191897571086884,0.6152910590171814,0.15278999507427216,0,0.3900195360183716,0.3647502660751343,0.24523018300533295
c01|1->2-boundary,c01,c01,1->2-boundary,131,-23,-0.23,1,-0.1137336790561676,-0.23601002991199493,1,0.20935717225074768,0.5603191256523132,0.2303237020969391,1,0.19547343254089355,0.6474868655204773,0.15703968703746796,1,0.3369070589542389,0.3815748989582062,0.2815181016921997
c01|1->2-boundary,c01,c01,1->2-boundary,132,-22,-0.22,1,-0.03135109320282936,-0.2974364459514618,1,0.1749812215566635,0.6244020462036133,0.20061668753623962,1,0.19144923985004425,0.6396467685699463,0.16890399158000946,1,0.30059412121772766,0.4063844382762909,0.29302144050598145
c01|1->2-boundary,c01,c01,1->2-boundary,133,-21,-0.21,1,-0.09704478085041046,-0.37401083111763,1,0.1705753207206726,0.6153014302253723,0.21412323415279388,1,0.15655650198459625,0.6970230937004089,0.1464204341173172,1,0.24316954612731934,0.44866809248924255,0.3081623613834381
c01|1->2-boundary,c01,c01,1->2-boundary,134,-20,-0.2,1,-0.03490890562534332,-0.27577733993530273,1,0.16251353919506073,0.5972028374671936,0.24028360843658447,1,0.16491268575191498,0.6766427755355835,0.15844450891017914,1,0.2645353674888611,0.45567062497138977,0.2797940671443939
c01|1->2-boundary,c01,c01,1->2-boundary,135,-19,-0.19,1,-0.1265956461429596,-0.3232026994228363,1,0.1730116605758667,0.5143634080886841,0.3126249611377716,1,0.19188696146011353,0.6494751572608948,0.1586378961801529,1,0.2740142345428467,0.41900506615638733,0.3069806694984436
c01|1->2-boundary,c01,c01,1->2-boundary,136,-18,-0.18,1,-0.07107239216566086,-0.27512621879577637,1,0.15568134188652039,0.48249727487564087,0.36182138323783875,1,0.2012498378753662,0.6568418741226196,0.14190828800201416,1,0.29095330834388733,0.42420822381973267,0.28483846783638
c01|1->2-boundary,c01,c01,1->2-boundary,137,-17,-0.17,1,-0.08144591748714447,-0.19014960527420044,1,0.16062073409557343,0.5294241905212402,0.30995506048202515,1,0.22159823775291443,0.6193807125091553,0.15902107954025269,1,0.28142184019088745,0.42210787534713745,0.2964703142642975
c01|1->2-boundary,c01,c01,1->2-boundary,138,-16,-0.16,1,0.11091180890798569,-0.12260822206735611,1,0.15215004980564117,0.5629264116287231,0.2849234938621521,1,0.22031468152999878,0.6132194399833679,0.1664658933877945,1,0.2682526707649231,0.45560750365257263,0.2761398255825043
c01|1->2-boundary,c01,c01,1->2-boundary,139,-15,-0.15,1,-0.17328430712223053,-0.25128573179244995,1,0.14867013692855835,0.5120234489440918,0.33930641412734985,1,0.19093327224254608,0.6483660340309143,0.16070067882537842,1,0.25407111644744873,0.4349077641963959,0.3110211491584778
c01|1->2-boundary,c01,c01,1->2-boundary,140,-14,-0.14,1,-0.33165889978408813,-0.3995448052883148,1,0.15649347007274628,0.5830861330032349,0.26042041182518005,1,0.17766858637332916,0.6248407363891602,0.19749070703983307,1,0.24466222524642944,0.4399970471858978,0.31534072756767273
c01|1->2-boundary,c01,c01,1->2-boundary,141,-13,-0.13,1,0.03262397274374962,0.109307199716568,1,0.21569249033927917,0.5367335677146912,0.24757391214370728,1,0.17389163374900818,0.6228533983230591,0.20325496792793274,1,0.23866748809814453,0.40256133675575256,0.3587711751461029
c01|1->2-boundary,c01,c01,1->2-boundary,142,-12,-0.12,1,0.12936219573020935,0.15457351505756378,1,0.16441825032234192,0.539913535118103,0.29566821455955505,1,0.16470849514007568,0.650554895401001,0.18473663926124573,1,0.23158559203147888,0.43635013699531555,0.33206430077552795
c01|1->2-boundary,c01,c01,1->2-boundary,143,-11,-0.11,1,-0.18460100889205933,-0.29336607456207275,1,0.1737760454416275,0.5362780094146729,0.28994596004486084,1,0.17136016488075256,0.6084771752357483,0.22016265988349915,1,0.23176924884319305,0.47265440225601196,0.2955763339996338
c01|1->2-boundary,c01,c01,1->2-boundary,144,-10,-0.1,1,-0.24867163598537445,-0.17768371105194092,1,0.2089272141456604,0.5271590352058411,0.26391375064849854,1,0.13685612380504608,0.6776363849639893,0.18550747632980347,1,0.2586611211299896,0.43435293436050415,0.3069859743118286
c01|1->2-boundary,c01,c01,1->2-boundary,145,-9,-0.09,1,-0.2459019273519516,-0.1788729876279831,1,0.20941992104053497,0.5413820743560791,0.2491980344057083,1,0.14021562039852142,0.6971036195755005,0.16268078982830048,1,0.29196104407310486,0.4016978442668915,0.30634114146232605
c01|1->2-boundary,c01,c01,1->2-boundary,146,-8,-0.08,1,-0.07697585970163345,-0.11653347313404083,1,0.1982308328151703,0.5588517785072327,0.24291740357875824,1,0.1630420833826065,0.6789211630821228,0.1580367535352707,1,0.2921767830848694,0.4297580420970917,0.27806514501571655
c01|1->2-boundary,c01,c01,1->2-boundary,147,-7,-0.07,1,-0.13768929243087769,-0.15818853676319122,1,0.19319337606430054,0.5320562720298767,0.27475038170814514,1,0.155636727809906,0.7137027382850647,0.1306605488061905,1,0.3064945340156555,0.3934260904788971,0.30007943511009216
c01|1->2-boundary,c01,c01,1->2-boundary,148,-6,-0.06,1,-0.15179243683815002,-0.06565441936254501,1,0.22798587381839752,0.46960118412971497,0.30241289734840393,1,0.1729714721441269,0.7033331394195557,0.12369541823863983,0,0.3917118012905121,0.35075119137763977,0.25753697752952576
c01|1->2-boundary,c01,c01,1->2-boundary,149,-5,-0.05,1,0.12911881506443024,0.041630975902080536,1,0.23271289467811584,0.48289698362350464,0.28439009189605713,1,0.1794203221797943,0.6941956281661987,0.12638403475284576,1,0.35365572571754456,0.37755903601646423,0.268785297870636
c01|1->2-boundary,c01,c01,1->2-boundary,150,-4,-0.04,1,0.18663738667964935,0.19066430628299713,1,0.18378393352031708,0.5088017582893372,0.30741438269615173,1,0.16531185805797577,0.6999812722206116,0.13470683991909027,1,0.35199475288391113,0.37676453590393066,0.2712407410144806
c01|1->2-boundary,c01,c01,1->2-boundary,151,-3,-0.03,1,0.09635177254676819,-0.04825646057724953,1,0.1555863916873932,0.5371937155723572,0.30721983313560486,1,0.15218114852905273,0.6787603497505188,0.16905848681926727,1,0.291789174079895,0.4416407346725464,0.2665700912475586
c01|1->2-boundary,c01,c01,1->2-boundary,152,-2,-0.02,1,-0.2656666040420532,-0.29764458537101746,1,0.15591473877429962,0.524285078048706,0.3198001980781555,1,0.12571105360984802,0.7006794810295105,0.17360951006412506,1,0.27738937735557556,0.4661935269832611,0.2564171254634857
c01|1->2-boundary,c01,c01,1->2-boundary,153,-1,-0.01,1,-0.09797077625989914,-0.20174720883369446,1,0.16334748268127441,0.5527488589286804,0.28390365839004517,1,0.1256965696811676,0.7010647058486938,0.17323875427246094,1,0.2814294099807739,0.4713667035102844,0.24720387160778046
c01|1->2-boundary,c01,c01,1->2-boundary,154,0,0.0,1,-0.20906169712543488,-0.13519929349422455,1,0.18876634538173676,0.5111008882522583,0.3001328110694885,1,0.13315056264400482,0.7030386924743652,0.16381074488162994,1,0.31018373370170593,0.4427662193775177,0.24705001711845398
c01|1->2-boundary,c01,c01,1->2-boundary,155,1,0.01,2,-0.18454906344413757,-0.143350288271904,1,0.2048502266407013,0.5104418396949768,0.2847079038619995,1,0.15236759185791016,0.6880078911781311,0.15962445735931396,1,0.2962036430835724,0.42468348145484924,0.279112845659256
c01|1->2-boundary,c01,c01,1->2-boundary,156,2,0.02,2,-0.1905176341533661,-0.15914614498615265,1,0.2544049620628357,0.4624027907848358,0.2831921875476837,1,0.16217327117919922,0.68338942527771,0.15443724393844604,1,0.3453029990196228,0.3930601477622986,0.2616369128227234
c01|1->2-boundary,c01,c01,1->2-boundary,157,3,0.03,2,-0.09000252187252045,-0.09570115059614182,1,0.2897295653820038,0.41408950090408325,0.2961809039115906,1,0.18161725997924805,0.6480557918548584,0.17032690346240997,1,0.3488156795501709,0.4041922986507416,0.24699202179908752
c01|1->2-boundary,c01,c01,1->2-boundary,158,4,0.04,2,-0.126310795545578,-0.12214749306440353,1,0.232503280043602,0.45258644223213196,0.31491029262542725,1,0.17980577051639557,0.6551843285560608,0.16500991582870483,1,0.33882755041122437,0.41069933772087097,0.25047314167022705
c01|1->2-boundary,c01,c01,1->2-boundary,159,5,0.05,2,-0.15686215460300446,-0.03038734383881092,1,0.25093936920166016,0.43549099564552307,0.31356966495513916,1,0.18710803985595703,0.624954879283905,0.18793708086013794,1,0.30264636874198914,0.4429008662700653,0.2544527053833008
c01|1->2-boundary,c01,c01,1->2-boundary,160,6,0.06,2,0.17044514417648315,0.15340779721736908,1,0.24501483142375946,0.47230562567710876,0.2826795279979706,1,0.19615748524665833,0.633887767791748,0.16995474696159363,1,0.27328357100486755,0.479373037815094,0.24734343588352203
c01|1->2-boundary,c01,c01,1->2-boundary,161,7,0.07,2,0.08188851177692413,0.08136540651321411,1,0.2087671458721161,0.4666896462440491,0.32454317808151245,1,0.17424276471138,0.6272735595703125,0.19848372042179108,1,0.2837687134742737,0.46027159690856934,0.2559596300125122
c01|1->2-boundary,c01,c01,1->2-boundary,162,8,0.08,2,0.27507665753364563,0.1713726967573166,1,0.15270136296749115,0.5357087254524231,0.31158992648124695,1,0.16514956951141357,0.61446613073349,0.22038429975509644,1,0.24162866175174713,0.47912824153900146,0.279243141412735
c01|1->2-boundary,c01,c01,1->2-boundary,163,9,0.09,2,-0.07252500206232071,0.03072982281446457,1,0.15034766495227814,0.4604746699333191,0.3891776502132416,1,0.1388869285583496,0.5881490111351013,0.2729640603065491,1,0.2217525839805603,0.4755970239639282,0.3026503920555115
c01|1->2-boundary,c01,c01,1->2-boundary,164,10,0.1,2,0.005659725982695818,0.08799601346254349,1,0.15242646634578705,0.5378922820091248,0.3096812665462494,1,0.15493328869342804,0.5218076705932617,0.32325905561447144,1,0.21823802590370178,0.4840082824230194,0.2977536916732788
c01|1->2-boundary,c01,c01,1->2-boundary,165,11,0.11,2,0.24953332543373108,0.23336784541606903,1,0.16461966931819916,0.49334827065467834,0.3420320451259613,1,0.15654827654361725,0.48838767409324646,0.3550640642642975,1,0.2177697718143463,0.42548859119415283,0.3567415773868561
c01|1->2-boundary,c01,c01,1->2-boundary,166,12,0.12,2,0.22110339999198914,0.28791552782058716,1,0.15323473513126373,0.45724692940711975,0.3895184099674225,1,0.1483238786458969,0.5167120099067688,0.3349640965461731,1,0.20355786383152008,0.41716620326042175,0.37927600741386414
c01|1->2-boundary,c01,c01,1->2-boundary,167,13,0.13,2,0.10607827454805374,0.2730965316295624,1,0.15853016078472137,0.44568580389022827,0.39578405022621155,1,0.15348345041275024,0.4791735112667084,0.367343008518219,1,0.19218412041664124,0.4523128271102905,0.355503112077713
c01|1->2-boundary,c01,c01,1->2-boundary,168,14,0.14,2,0.344621479511261,0.3728269040584564,1,0.1855965405702591,0.4625103771686554,0.3518930971622467,1,0.1525399535894394,0.4890638589859009,0.35839617252349854,1,0.21150101721286774,0.4641106128692627,0.32438844442367554
c01|1->2-boundary,c01,c01,1->2-boundary,169,15,0.15,2,0.4009905457496643,0.4229385554790497,1,0.15737298130989075,0.4234667122364044,0.41916027665138245,1,0.13706812262535095,0.49068617820739746,0.37224575877189636,1,0.18637821078300476,0.46341416239738464,0.3502075970172882
c01|1->2-boundary,c01,c01,1->2-boundary,170,16,0.16,2,0.3658640682697296,0.49986085295677185,2,0.13268092274665833,0.403184711933136,0.4641343355178833,1,0.12573333084583282,0.47846314311027527,0.3958035409450531,1,0.1708238422870636,0.47092151641845703,0.358254611492157
c01|1->2-boundary,c01,c01,1->2-boundary,171,17,0.17,2,0.30004170536994934,0.46501103043556213,2,0.14683766663074493,0.39294230937957764,0.46021997928619385,2,0.121907539665699,0.43548882007598877,0.4426036775112152,1,0.16994887590408325,0.45842665433883667,0.37162449955940247
c01|1->2-boundary,c01,c01,1->2-boundary,172,18,0.18,2,0.3719143569469452,0.44803231954574585,2,0.15120524168014526,0.3756479322910309,0.47314685583114624,2,0.11367825418710709,0.41804948449134827,0.46827226877212524,2,0.17286591231822968,0.40862688422203064,0.41850724816322327
c01|1->2-boundary,c01,c01,1->2-boundary,173,19,0.19,2,0.48806414008140564,0.6346399784088135,2,0.12313321232795715,0.38661515712738037,0.4902515411376953,2,0.12392476201057434,0.405659019947052,0.47041627764701843,1,0.1715812236070633,0.43802061676979065,0.3903981149196625
c01|1->2-boundary,c01,c01,1->2-boundary,174,20,0.2,2,0.5543413758277893,0.6452428102493286,2,0.1339297741651535,0.3577618896961212,0.5083082914352417,2,0.11724083125591278,0.391564279794693,0.49119484424591064,1,0.17054404318332672,0.42248526215553284,0.40697067975997925
c01|1->2-boundary,c01,c01,1->2-boundary,175,21,0.21,2,0.47119444608688354,0.6890795826911926,2,0.1276218593120575,0.33758190274238586,0.5347962975502014,2,0.11736136674880981,0.38033318519592285,0.5023054480552673,2,0.15330630540847778,0.38822999596595764,0.4584636688232422
c01|1->2-boundary,c01,c01,1->2-boundary,176,22,0.22,2,0.6305126547813416,0.8205504417419434,2,0.11817272752523422,0.38446733355522156,0.4973599314689636,2,0.11520292609930038,0.3327961266040802,0.5520009994506836,2,0.16637888550758362,0.3596692979335785,0.4739518165588379
c01|1->2-boundary,c01,c01,1->2-boundary,177,23,0.23,2,0.5582525134086609,0.8865081071853638,2,0.122612364590168,0.32069897651672363,0.556688666343689,2,0.11787250638008118,0.32194435596466064,0.5601831078529358,2,0.1571015864610672,0.37228327989578247,0.47061511874198914
c01|1->2-boundary,c01,c01,1->2-boundary,178,24,0.24,2,0.7570099234580994,0.9919769167900085,2,0.11745499074459076,0.35978928208351135,0.5227557420730591,2,0.1195526272058487,0.30836454033851624,0.5720828175544739,2,0.16379639506340027,0.3407350480556488,0.4954685866832733
c01|1->2-boundary,c01,c01,1->2-boundary,179,25,0.25,2,0.6590467095375061,0.9117835760116577,2,0.11523313820362091,0.31700512766838074,0.5677617192268372,2,0.12023933976888657,0.29267120361328125,0.5870894193649292,2,0.14645910263061523,0.34946689009666443,0.5040740370750427
c02|S0-core,c02,c02,S0-core,47,-25,-0.25,0,-0.7107505202293396,-1.4897021055221558,0,0.5714861750602722,0.24420557916164398,0.18430832028388977,0,0.6992268562316895,0.15311311185359955,0.1476600617170334,0,0.501868486404419,0.21480880677700043,0.2833227515220642
c02|S0-core,c02,c02,S0-core,48,-24,-0.24,0,-0.838472306728363,-1.5796563625335693,0,0.6156855225563049,0.2146427184343338,0.16967175900936127,0,0.7086593508720398,0.14878077805042267,0.14255979657173157,0,0.5221225023269653,0.2080632448196411,0.26981422305107117
c02|S0-core,c02,c02,S0-core,49,-23,-0.23,0,-0.6773332953453064,-1.3018405437469482,0,0.5865326523780823,0.2306513786315918,0.18281599879264832,0,0.7088998556137085,0.14838072657585144,0.14271943271160126,0,0.5112438201904297,0.2034386843442917,0.28531748056411743
c02|S0-core,c02,c02,S0-core,50,-22,-0.22,0,-0.3779105544090271,-1.302964210510254,0,0.6304696202278137,0.2031392604112625,0.16639111936092377,0,0.6986131072044373,0.1575416773557663,0.14384524524211884,0,0.4939630627632141,0.2207816243171692,0.2852553129196167
c02|S0-core,c02,c02,S0-core,51,-21,-0.21,0,-0.5367536544799805,-1.2306207418441772,0,0.6440734267234802,0.18277861177921295,0.1731480062007904,0,0.7097653746604919,0.15838199853897095,0.13185256719589233,0,0.508022129535675,0.21223965287208557,0.27973824739456177
c02|S0-core,c02,c02,S0-core,52,-20,-0.2,0,-0.6803337335586548,-1.3029288053512573,0,0.6388686299324036,0.2013271301984787,0.15980428457260132,0,0.7073344588279724,0.16428151726722717,0.1283840835094452,0,0.48911941051483154,0.22345662117004395,0.2874239385128021
c02|S0-core,c02,c02,S0-core,53,-19,-0.19,0,-0.4853062331676483,-1.2560746669769287,0,0.6338930726051331,0.20189067721366882,0.1642162948846817,0,0.6915111541748047,0.17135247588157654,0.13713626563549042,0,0.4795052707195282,0.246164008975029,0.2743307054042816
c02|S0-core,c02,c02,S0-core,54,-18,-0.18,0,-0.865485429763794,-1.5491619110107422,0,0.6176093816757202,0.22486965358257294,0.15752093493938446,0,0.7094725966453552,0.15543614327907562,0.13509130477905273,0,0.47389549016952515,0.2514374852180481,0.27466705441474915
c02|S0-core,c02,c02,S0-core,55,-17,-0.17,0,-0.383868008852005,-1.2740294933319092,0,0.6104880571365356,0.23069477081298828,0.15881717205047607,0,0.677968442440033,0.18930059671401978,0.13273100554943085,0,0.47346699237823486,0.24564245343208313,0.2808905839920044
c02|S0-core,c02,c02,S0-core,56,-16,-0.16,0,-0.8350251317024231,-1.4794337749481201,0,0.6301977634429932,0.19842061400413513,0.1713816076517105,0,0.7140097618103027,0.1549256443977356,0.13106456398963928,0,0.49451348185539246,0.22568191587924957,0.27980461716651917
c02|S0-core,c02,c02,S0-core,57,-15,-0.15,0,-0.6854193806648254,-1.2451610565185547,0,0.6262077689170837,0.2082967460155487,0.16549552977085114,0,0.7148627638816833,0.14948037266731262,0.13565684854984283,0,0.5073170065879822,0.22331786155700684,0.26936519145965576
c02|S0-core,c02,c02,S0-core,58,-14,-0.14,0,-0.5685805678367615,-1.3454159498214722,0,0.6559582948684692,0.18771271407604218,0.1563289612531662,0,0.6996678113937378,0.1728670448064804,0.12746509909629822,0,0.5212196707725525,0.21756801009178162,0.2612123489379883
c02|S0-core,c02,c02,S0-core,59,-13,-0.13,0,-0.5752341151237488,-1.2906829118728638,0,0.6492094993591309,0.19818679988384247,0.15260371565818787,0,0.7109581232070923,0.15772266685962677,0.13131912052631378,0,0.5247554779052734,0.21823792159557343,0.25700661540031433
c02|S0-core,c02,c02,S0-core,60,-12,-0.12,0,-0.5986713171005249,-1.1212729215621948,0,0.6477786302566528,0.19945372641086578,0.15276765823364258,0,0.7000296115875244,0.17184904217720032,0.12812131643295288,0,0.5428159236907959,0.2064191699028015,0.2507648766040802
c02|S0-core,c02,c02,S0-core,61,-11,-0.11,0,-0.44806912541389465,-1.0839911699295044,0,0.6520944237709045,0.18813039362430573,0.15977516770362854,0,0.6984770894050598,0.16377098858356476,0.13775186240673065,0,0.5366786122322083,0.21329815685749054,0.2500232458114624
c02|S0-core,c02,c02,S0-core,62,-10,-0.1,0,-0.465975284576416,-0.9623371958732605,0,0.6330942511558533,0.20881566405296326,0.15809009969234467,0,0.6974135041236877,0.1683528870344162,0.13423366844654083,0,0.5214493870735168,0.21968789398670197,0.2588626742362976
c02|S0-core,c02,c02,S0-core,63,-9,-0.09,0,-0.48937371373176575,-1.1960422992706299,0,0.5884209275245667,0.23475870490074158,0.17682038247585297,0,0.6888469457626343,0.17952030897140503,0.1316327452659607,0,0.5017632246017456,0.21492740511894226,0.2833094298839569
c02|S0-core,c02,c02,S0-core,64,-8,-0.08,0,-0.6363916993141174,-1.0301175117492676,0,0.6057296395301819,0.2203543484210968,0.17391596734523773,0,0.6677272319793701,0.19563674926757812,0.13663597404956818,0,0.5064090490341187,0.2297094613313675,0.2638814151287079
c02|S0-core,c02,c02,S0-core,65,-7,-0.07,0,-0.6644586324691772,-1.2166213989257812,0,0.5971639752388,0.22569790482521057,0.17713814973831177,0,0.6614241003990173,0.1992989033460617,0.13927693665027618,0,0.5200592875480652,0.2360875904560089,0.2438531368970871
c02|S0-core,c02,c02,S0-core,66,-6,-0.06,0,-0.5737121105194092,-0.9999878406524658,0,0.6171715259552002,0.22018945217132568,0.16263902187347412,0,0.6403210163116455,0.22090977430343628,0.1387692540884018,0,0.5100399255752563,0.24104651808738708,0.24891358613967896
c02|S0-core,c02,c02,S0-core,67,-5,-0.05,0,-0.5792988538742065,-1.1436963081359863,0,0.5972239971160889,0.2426261603832245,0.16014984250068665,0,0.6325341463088989,0.22274380922317505,0.14472199976444244,0,0.5001442432403564,0.2570001482963562,0.24285566806793213
c02|S0-core,c02,c02,S0-core,68,-4,-0.04,0,-0.3810204267501831,-1.0790590047836304,0,0.6180335879325867,0.2209286242723465,0.16103780269622803,0,0.6578834056854248,0.20449575781822205,0.13762080669403076,0,0.53830486536026,0.23651571571826935,0.22517941892147064
c02|S0-core,c02,c02,S0-core,69,-3,-0.03,0,-0.7966766357421875,-1.2951937913894653,0,0.5823073387145996,0.25763821601867676,0.16005441546440125,0,0.6668347120285034,0.1992240697145462,0.133941188454628,0,0.5656617879867554,0.21027825772762299,0.22405995428562164
c02|S0-core,c02,c02,S0-core,70,-2,-0.02,0,-0.726540207862854,-1.1991608142852783,0,0.6015673279762268,0.2377847284078598,0.1606479436159134,0,0.6714931726455688,0.19291795790195465,0.1355888545513153,0,0.5495753288269043,0.22877518832683563,0.2216494381427765
c02|S0-core,c02,c02,S0-core,71,-1,-0.01,0,-0.7803667783737183,-1.1922529935836792,0,0.5935709476470947,0.23988427221775055,0.16654470562934875,0,0.684291422367096,0.18021130561828613,0.13549722731113434,0,0.5631254315376282,0.2355055809020996,0.20136891305446625
c02|S0-core,c02,c02,S0-core,72,0,0.0,0,-0.5197476148605347,-1.2352396249771118,0,0.6280519366264343,0.2013661116361618,0.17058196663856506,0,0.6775964498519897,0.1841825395822525,0.13822105526924133,0,0.5494670271873474,0.23243175446987152,0.21810117363929749
c02|S0-core,c02,c02,S0-core,73,1,0.01,0,-0.8880119919776917,-1.0305254459381104,0,0.6453014016151428,0.19243352115154266,0.16226506233215332,0,0.6770629286766052,0.19059082865715027,0.1323462277650833,0,0.5671365261077881,0.22816771268844604,0.20469573140144348
c02|S0-core,c02,c02,S0-core,74,2,0.02,0,-0.6103487014770508,-1.1673848628997803,0,0.6049265265464783,0.22246509790420532,0.1726084202528,0,0.6714152097702026,0.19027574360370636,0.1383090317249298,0,0.5728662014007568,0.22867977619171143,0.19845402240753174
c02|S0-core,c02,c02,S0-core,75,3,0.03,0,-0.670818567276001,-0.8650882244110107,0,0.5905935764312744,0.23609904944896698,0.1733073741197586,0,0.6644578576087952,0.19548362493515015,0.1400584578514099,0,0.5936214923858643,0.22119899094104767,0.18517948687076569
c02|S0-core,c02,c02,S0-core,76,4,0.04,0,-0.6601374745368958,-1.151922345161438,0,0.6159840226173401,0.21743226051330566,0.16658373177051544,0,0.650162935256958,0.20653210580348969,0.1433049589395523,0,0.5975357890129089,0.2239290326833725,0.17853520810604095
c02|S0-core,c02,c02,S0-core,77,5,0.05,0,-0.6004237532615662,-1.0812263488769531,0,0.6068152785301208,0.22267316281795502,0.17051158845424652,0,0.627708375453949,0.22783875465393066,0.14445282518863678,0,0.5810126066207886,0.23347550630569458,0.18551190197467804
c02|S0-core,c02,c02,S0-core,78,6,0.06,0,-0.9431418180465698,-1.1750400066375732,0,0.5843716263771057,0.23621319234371185,0.17941518127918243,0,0.6474002003669739,0.21659442782402039,0.13600532710552216,0,0.5898804664611816,0.22010424733161926,0.1900152713060379
c02|S0-core,c02,c02,S0-core,79,7,0.07,0,-0.9318094849586487,-1.1771095991134644,0,0.5952857732772827,0.22872775793075562,0.17598649859428406,0,0.6257302761077881,0.22913312911987305,0.14513660967350006,0,0.6140415072441101,0.2069636583328247,0.1789947897195816
c02|S0-core,c02,c02,S0-core,80,8,0.08,0,-0.5305913686752319,-0.5410780906677246,0,0.5985156297683716,0.22987428307533264,0.17161014676094055,0,0.6339675784111023,0.2296784520149231,0.13635389506816864,0,0.5525119304656982,0.24255262315273285,0.2049354761838913
c02|S0-core,c02,c02,S0-core,81,9,0.09,0,-0.31375598907470703,-0.5877279043197632,0,0.5873508453369141,0.2288142293691635,0.18383489549160004,0,0.6366214752197266,0.22681869566440582,0.1365598738193512,0,0.5484448671340942,0.24131612479686737,0.2102390080690384
c02|S0-core,c02,c02,S0-core,82,10,0.1,0,-0.5853214859962463,-0.664214015007019,0,0.5310101509094238,0.2843465507030487,0.18464335799217224,0,0.6020570993423462,0.27512043714523315,0.12282246351242065,0,0.5055913329124451,0.28515562415122986,0.20925304293632507
c02|S0-core,c02,c02,S0-core,83,11,0.11,0,-0.5574871897697449,-0.6686105132102966,0,0.48517242074012756,0.3320736289024353,0.1827540248632431,0,0.6014788746833801,0.2761704623699188,0.12235061824321747,0,0.4912492632865906,0.30122894048690796,0.20752182602882385
c02|S0-core,c02,c02,S0-core,84,12,0.12,0,-0.6805607080459595,-0.5773416757583618,0,0.4179978370666504,0.39830437302589417,0.18369773030281067,0,0.4935164451599121,0.3804066777229309,0.1260768324136734,0,0.4699612855911255,0.3196990489959717,0.21033969521522522
c02|S0-core,c02,c02,S0-core,85,13,0.13,0,-0.27028462290763855,-0.37216153740882874,0,0.4246891140937805,0.3940559923648834,0.18125487864017487,1,0.40257516503334045,0.4556420147418976,0.14178282022476196,0,0.4336952567100525,0.37429288029670715,0.19201181828975677
c02|S0-core,c02,c02,S0-core,86,14,0.14,0,-0.7742457985877991,-0.6182649731636047,0,0.4171522557735443,0.3885340988636017,0.19431358575820923,0,0.44190508127212524,0.42960065603256226,0.1284942775964737,0,0.4344438314437866,0.38930195569992065,0.17625422775745392
c02|S0-core,c02,c02,S0-core,87,15,0.15,0,-0.51363205909729,-0.4990949034690857,0,0.43845638632774353,0.3693922758102417,0.19215133786201477,1,0.41025295853614807,0.4617537260055542,0.12799324095249176,0,0.41758137941360474,0.3906877934932709,0.1917308121919632
c02|S0-core,c02,c02,S0-core,88,16,0.16,0,-0.3286633789539337,-0.39958450198173523,0,0.4577246904373169,0.33374473452568054,0.20853060483932495,0,0.4497286081314087,0.42803674936294556,0.12223459780216217,0,0.4225130081176758,0.37511947751045227,0.20236749947071075
c02|S0-core,c02,c02,S0-core,89,17,0.17,0,-0.1232483834028244,-0.2055063247680664,0,0.40545952320098877,0.3965679407119751,0.19797253608703613,1,0.3902754485607147,0.4828013479709625,0.12692318856716156,1,0.40040987730026245,0.4015912413597107,0.19799886643886566
c02|S0-core,c02,c02,S0-core,90,18,0.18,1,-0.11930937319993973,-0.01954389549791813,1,0.3017944097518921,0.5054313540458679,0.19277423620224,1,0.3668990433216095,0.4903305768966675,0.14277036488056183,1,0.3797459602355957,0.4434041976928711,0.17684991657733917
c02|S0-core,c02,c02,S0-core,91,19,0.19,1,-0.11187399178743362,0.010457467287778854,1,0.28246259689331055,0.5295482277870178,0.18798916041851044,1,0.40223821997642517,0.444708913564682,0.15305280685424805,1,0.3586728870868683,0.4245513379573822,0.2167758047580719
c02|S0-core,c02,c02,S0-core,92,20,0.2,1,-0.2699061930179596,0.12955616414546967,1,0.20338422060012817,0.5826645493507385,0.2139512151479721,1,0.31379401683807373,0.509665310382843,0.17654070258140564,0,0.3759995102882385,0.3706618547439575,0.25333860516548157
c02|S0-core,c02,c02,S0-core,93,21,0.21,1,-0.29808205366134644,0.11591523140668869,1,0.16610853374004364,0.6181767582893372,0.21571466326713562,1,0.22561372816562653,0.607538640499115,0.1668476164340973,1,0.32702165842056274,0.44161760807037354,0.2313607782125473
c02|S0-core,c02,c02,S0-core,94,22,0.22,1,-0.28103625774383545,0.11893526464700699,1,0.15234293043613434,0.6139655113220215,0.2336915284395218,1,0.20634067058563232,0.6253365874290466,0.16832272708415985,1,0.2961438298225403,0.44948089122772217,0.25437527894973755
c02|S0-core,c02,c02,S0-core,95,23,0.23,1,-0.28120696544647217,0.13878603279590607,1,0.15968406200408936,0.5879837274551392,0.2523322105407715,1,0.17242461442947388,0.6769653558731079,0.1506100445985794,1,0.26179736852645874,0.4530869722366333,0.28511565923690796
c02|S0-core,c02,c02,S0-core,96,24,0.24,1,-0.2682628929615021,0.34028464555740356,1,0.151397243142128,0.5801147818565369,0.26848796010017395,1,0.1598164141178131,0.6821573972702026,0.15802623331546783,1,0.27197229862213135,0.4549291729927063,0.27309849858283997
c02|S0-core,c02,c02,S0-core,97,25,0.25,1,-0.10053524374961853,0.14030490815639496,1,0.15950122475624084,0.5655876994132996,0.274911105632782,1,0.17225684225559235,0.6521316170692444,0.1756114810705185,1,0.22968915104866028,0.46872279047966003,0.3015880584716797
c02|0->1-boundary,c02,c02,0->1-boundary,63,-25,-0.25,0,-0.48937371373176575,-1.1960422992706299,0,0.5884209275245667,0.23475870490074158,0.17682038247585297,0,0.6888469457626343,0.17952030897140503,0.1316327452659607,0,0.5017632246017456,0.21492740511894226,0.2833094298839569
c02|0->1-boundary,c02,c02,0->1-boundary,64,-24,-0.24,0,-0.6363916993141174,-1.0301175117492676,0,0.6057296395301819,0.2203543484210968,0.17391596734523773,0,0.6677272319793701,0.19563674926757812,0.13663597404956818,0,0.5064090490341187,0.2297094613313675,0.2638814151287079
c02|0->1-boundary,c02,c02,0->1-boundary,65,-23,-0.23,0,-0.6644586324691772,-1.2166213989257812,0,0.5971639752388,0.22569790482521057,0.17713814973831177,0,0.6614241003990173,0.1992989033460617,0.13927693665027618,0,0.5200592875480652,0.2360875904560089,0.2438531368970871
c02|0->1-boundary,c02,c02,0->1-boundary,66,-22,-0.22,0,-0.5737121105194092,-0.9999878406524658,0,0.6171715259552002,0.22018945217132568,0.16263902187347412,0,0.6403210163116455,0.22090977430343628,0.1387692540884018,0,0.5100399255752563,0.24104651808738708,0.24891358613967896
c02|0->1-boundary,c02,c02,0->1-boundary,67,-21,-0.21,0,-0.5792988538742065,-1.1436963081359863,0,0.5972239971160889,0.2426261603832245,0.16014984250068665,0,0.6325341463088989,0.22274380922317505,0.14472199976444244,0,0.5001442432403564,0.2570001482963562,0.24285566806793213
c02|0->1-boundary,c02,c02,0->1-boundary,68,-20,-0.2,0,-0.3810204267501831,-1.0790590047836304,0,0.6180335879325867,0.2209286242723465,0.16103780269622803,0,0.6578834056854248,0.20449575781822205,0.13762080669403076,0,0.53830486536026,0.23651571571826935,0.22517941892147064
c02|0->1-boundary,c02,c02,0->1-boundary,69,-19,-0.19,0,-0.7966766357421875,-1.2951937913894653,0,0.5823073387145996,0.25763821601867676,0.16005441546440125,0,0.6668347120285034,0.1992240697145462,0.133941188454628,0,0.5656617879867554,0.21027825772762299,0.22405995428562164
c02|0->1-boundary,c02,c02,0->1-boundary,70,-18,-0.18,0,-0.726540207862854,-1.1991608142852783,0,0.6015673279762268,0.2377847284078598,0.1606479436159134,0,0.6714931726455688,0.19291795790195465,0.1355888545513153,0,0.5495753288269043,0.22877518832683563,0.2216494381427765
c02|0->1-boundary,c02,c02,0->1-boundary,71,-17,-0.17,0,-0.7803667783737183,-1.1922529935836792,0,0.5935709476470947,0.23988427221775055,0.16654470562934875,0,0.684291422367096,0.18021130561828613,0.13549722731113434,0,0.5631254315376282,0.2355055809020996,0.20136891305446625
c02|0->1-boundary,c02,c02,0->1-boundary,72,-16,-0.16,0,-0.5197476148605347,-1.2352396249771118,0,0.6280519366264343,0.2013661116361618,0.17058196663856506,0,0.6775964498519897,0.1841825395822525,0.13822105526924133,0,0.5494670271873474,0.23243175446987152,0.21810117363929749
c02|0->1-boundary,c02,c02,0->1-boundary,73,-15,-0.15,0,-0.8880119919776917,-1.0305254459381104,0,0.6453014016151428,0.19243352115154266,0.16226506233215332,0,0.6770629286766052,0.19059082865715027,0.1323462277650833,0,0.5671365261077881,0.22816771268844604,0.20469573140144348
c02|0->1-boundary,c02,c02,0->1-boundary,74,-14,-0.14,0,-0.6103487014770508,-1.1673848628997803,0,0.6049265265464783,0.22246509790420532,0.1726084202528,0,0.6714152097702026,0.19027574360370636,0.1383090317249298,0,0.5728662014007568,0.22867977619171143,0.19845402240753174
c02|0->1-boundary,c02,c02,0->1-boundary,75,-13,-0.13,0,-0.670818567276001,-0.8650882244110107,0,0.5905935764312744,0.23609904944896698,0.1733073741197586,0,0.6644578576087952,0.19548362493515015,0.1400584578514099,0,0.5936214923858643,0.22119899094104767,0.18517948687076569
c02|0->1-boundary,c02,c02,0->1-boundary,76,-12,-0.12,0,-0.6601374745368958,-1.151922345161438,0,0.6159840226173401,0.21743226051330566,0.16658373177051544,0,0.650162935256958,0.20653210580348969,0.1433049589395523,0,0.5975357890129089,0.2239290326833725,0.17853520810604095
c02|0->1-boundary,c02,c02,0->1-boundary,77,-11,-0.11,0,-0.6004237532615662,-1.0812263488769531,0,0.6068152785301208,0.22267316281795502,0.17051158845424652,0,0.627708375453949,0.22783875465393066,0.14445282518863678,0,0.5810126066207886,0.23347550630569458,0.18551190197467804
c02|0->1-boundary,c02,c02,0->1-boundary,78,-10,-0.1,0,-0.9431418180465698,-1.1750400066375732,0,0.5843716263771057,0.23621319234371185,0.17941518127918243,0,0.6474002003669739,0.21659442782402039,0.13600532710552216,0,0.5898804664611816,0.22010424733161926,0.1900152713060379
c02|0->1-boundary,c02,c02,0->1-boundary,79,-9,-0.09,0,-0.9318094849586487,-1.1771095991134644,0,0.5952857732772827,0.22872775793075562,0.17598649859428406,0,0.6257302761077881,0.22913312911987305,0.14513660967350006,0,0.6140415072441101,0.2069636583328247,0.1789947897195816
c02|0->1-boundary,c02,c02,0->1-boundary,80,-8,-0.08,0,-0.5305913686752319,-0.5410780906677246,0,0.5985156297683716,0.22987428307533264,0.17161014676094055,0,0.6339675784111023,0.2296784520149231,0.13635389506816864,0,0.5525119304656982,0.24255262315273285,0.2049354761838913
c02|0->1-boundary,c02,c02,0->1-boundary,81,-7,-0.07,0,-0.31375598907470703,-0.5877279043197632,0,0.5873508453369141,0.2288142293691635,0.18383489549160004,0,0.6366214752197266,0.22681869566440582,0.1365598738193512,0,0.5484448671340942,0.24131612479686737,0.2102390080690384
c02|0->1-boundary,c02,c02,0->1-boundary,82,-6,-0.06,0,-0.5853214859962463,-0.664214015007019,0,0.5310101509094238,0.2843465507030487,0.18464335799217224,0,0.6020570993423462,0.27512043714523315,0.12282246351242065,0,0.5055913329124451,0.28515562415122986,0.20925304293632507
c02|0->1-boundary,c02,c02,0->1-boundary,83,-5,-0.05,0,-0.5574871897697449,-0.6686105132102966,0,0.48517242074012756,0.3320736289024353,0.1827540248632431,0,0.6014788746833801,0.2761704623699188,0.12235061824321747,0,0.4912492632865906,0.30122894048690796,0.20752182602882385
c02|0->1-boundary,c02,c02,0->1-boundary,84,-4,-0.04,0,-0.6805607080459595,-0.5773416757583618,0,0.4179978370666504,0.39830437302589417,0.18369773030281067,0,0.4935164451599121,0.3804066777229309,0.1260768324136734,0,0.4699612855911255,0.3196990489959717,0.21033969521522522
c02|0->1-boundary,c02,c02,0->1-boundary,85,-3,-0.03,0,-0.27028462290763855,-0.37216153740882874,0,0.4246891140937805,0.3940559923648834,0.18125487864017487,1,0.40257516503334045,0.4556420147418976,0.14178282022476196,0,0.4336952567100525,0.37429288029670715,0.19201181828975677
c02|0->1-boundary,c02,c02,0->1-boundary,86,-2,-0.02,0,-0.7742457985877991,-0.6182649731636047,0,0.4171522557735443,0.3885340988636017,0.19431358575820923,0,0.44190508127212524,0.42960065603256226,0.1284942775964737,0,0.4344438314437866,0.38930195569992065,0.17625422775745392
c02|0->1-boundary,c02,c02,0->1-boundary,87,-1,-0.01,0,-0.51363205909729,-0.4990949034690857,0,0.43845638632774353,0.3693922758102417,0.19215133786201477,1,0.41025295853614807,0.4617537260055542,0.12799324095249176,0,0.41758137941360474,0.3906877934932709,0.1917308121919632
c02|0->1-boundary,c02,c02,0->1-boundary,88,0,0.0,0,-0.3286633789539337,-0.39958450198173523,0,0.4577246904373169,0.33374473452568054,0.20853060483932495,0,0.4497286081314087,0.42803674936294556,0.12223459780216217,0,0.4225130081176758,0.37511947751045227,0.20236749947071075
c02|0->1-boundary,c02,c02,0->1-boundary,89,1,0.01,0,-0.1232483834028244,-0.2055063247680664,0,0.40545952320098877,0.3965679407119751,0.19797253608703613,1,0.3902754485607147,0.4828013479709625,0.12692318856716156,1,0.40040987730026245,0.4015912413597107,0.19799886643886566
c02|0->1-boundary,c02,c02,0->1-boundary,90,2,0.02,1,-0.11930937319993973,-0.01954389549791813,1,0.3017944097518921,0.5054313540458679,0.19277423620224,1,0.3668990433216095,0.4903305768966675,0.14277036488056183,1,0.3797459602355957,0.4434041976928711,0.17684991657733917
c02|0->1-boundary,c02,c02,0->1-boundary,91,3,0.03,1,-0.11187399178743362,0.010457467287778854,1,0.28246259689331055,0.5295482277870178,0.18798916041851044,1,0.40223821997642517,0.444708913564682,0.15305280685424805,1,0.3586728870868683,0.4245513379573822,0.2167758047580719
c02|0->1-boundary,c02,c02,0->1-boundary,92,4,0.04,1,-0.2699061930179596,0.12955616414546967,1,0.20338422060012817,0.5826645493507385,0.2139512151479721,1,0.31379401683807373,0.509665310382843,0.17654070258140564,0,0.3759995102882385,0.3706618547439575,0.25333860516548157
c02|0->1-boundary,c02,c02,0->1-boundary,93,5,0.05,1,-0.29808205366134644,0.11591523140668869,1,0.16610853374004364,0.6181767582893372,0.21571466326713562,1,0.22561372816562653,0.607538640499115,0.1668476164340973,1,0.32702165842056274,0.44161760807037354,0.2313607782125473
c02|0->1-boundary,c02,c02,0->1-boundary,94,6,0.06,1,-0.28103625774383545,0.11893526464700699,1,0.15234293043613434,0.6139655113220215,0.2336915284395218,1,0.20634067058563232,0.6253365874290466,0.16832272708415985,1,0.2961438298225403,0.44948089122772217,0.25437527894973755
c02|0->1-boundary,c02,c02,0->1-boundary,95,7,0.07,1,-0.28120696544647217,0.13878603279590607,1,0.15968406200408936,0.5879837274551392,0.2523322105407715,1,0.17242461442947388,0.6769653558731079,0.1506100445985794,1,0.26179736852645874,0.4530869722366333,0.28511565923690796
c02|0->1-boundary,c02,c02,0->1-boundary,96,8,0.08,1,-0.2682628929615021,0.34028464555740356,1,0.151397243142128,0.5801147818565369,0.26848796010017395,1,0.1598164141178131,0.6821573972702026,0.15802623331546783,1,0.27197229862213135,0.4549291729927063,0.27309849858283997
c02|0->1-boundary,c02,c02,0->1-boundary,97,9,0.09,1,-0.10053524374961853,0.14030490815639496,1,0.15950122475624084,0.5655876994132996,0.274911105632782,1,0.17225684225559235,0.6521316170692444,0.1756114810705185,1,0.22968915104866028,0.46872279047966003,0.3015880584716797
c02|0->1-boundary,c02,c02,0->1-boundary,98,10,0.1,1,-0.30665111541748047,0.35427168011665344,1,0.14645719528198242,0.5514534115791321,0.3020894229412079,1,0.1962253898382187,0.6227612495422363,0.18101336061954498,1,0.265043169260025,0.4500693678855896,0.28488749265670776
c02|0->1-boundary,c02,c02,0->1-boundary,99,11,0.11,1,0.44423019886016846,0.8849366307258606,1,0.13618655502796173,0.5589781403541565,0.30483531951904297,1,0.1840738207101822,0.6213392615318298,0.19458691775798798,1,0.2625640630722046,0.46749210357666016,0.26994389295578003
c02|0->1-boundary,c02,c02,0->1-boundary,100,12,0.12,1,-0.15901383757591248,0.30795860290527344,1,0.14363475143909454,0.44990089535713196,0.4064643383026123,1,0.1896999329328537,0.5428493618965149,0.2674506604671478,1,0.2756131589412689,0.4201093912124634,0.3042775094509125
c02|0->1-boundary,c02,c02,0->1-boundary,101,13,0.13,1,-0.3259136378765106,0.21926507353782654,1,0.11347229033708572,0.5441038012504578,0.3424238860607147,1,0.17710165679454803,0.5219932794570923,0.3009050488471985,1,0.2948931157588959,0.4137303829193115,0.2913764715194702
c02|0->1-boundary,c02,c02,0->1-boundary,102,14,0.14,1,-0.28532737493515015,0.18522416055202484,1,0.1404123455286026,0.5466365218162537,0.31295111775398254,1,0.17789265513420105,0.5468471646308899,0.27526015043258667,1,0.2940608263015747,0.40775296092033386,0.29818618297576904
c02|0->1-boundary,c02,c02,0->1-boundary,103,15,0.15,1,-0.2886657118797302,0.3321835398674011,1,0.14151062071323395,0.5349429845809937,0.3235463798046112,1,0.16004963219165802,0.6156826019287109,0.22426781058311462,1,0.28184521198272705,0.45325666666030884,0.26489806175231934
c02|0->1-boundary,c02,c02,0->1-boundary,104,16,0.16,1,-0.04975420981645584,0.4480106830596924,1,0.16329586505889893,0.4776265025138855,0.3590776324272156,1,0.16795913875102997,0.6212274432182312,0.2108134627342224,1,0.3144852817058563,0.4097926616668701,0.27572208642959595
c02|0->1-boundary,c02,c02,0->1-boundary,105,17,0.17,1,-0.18058893084526062,0.4168192148208618,1,0.1316939890384674,0.5589914321899414,0.3093145489692688,1,0.18536818027496338,0.6226490139961243,0.19198280572891235,1,0.3054433763027191,0.45628297328948975,0.23827362060546875
c02|0->1-boundary,c02,c02,0->1-boundary,106,18,0.18,1,-0.14048129320144653,0.4686649441719055,1,0.14008240401744843,0.5407606363296509,0.3191569149494171,1,0.1683078557252884,0.6614741086959839,0.1702180802822113,1,0.28314128518104553,0.4632182717323303,0.25364041328430176
c02|0->1-boundary,c02,c02,0->1-boundary,107,19,0.19,1,-0.09184639155864716,0.49975767731666565,1,0.15446844696998596,0.5512791275978088,0.29425248503685,1,0.17714424431324005,0.6401152014732361,0.18274055421352386,1,0.2822011709213257,0.47080352902412415,0.24699532985687256
c02|0->1-boundary,c02,c02,0->1-boundary,108,20,0.2,1,0.11456362903118134,0.6341404914855957,1,0.15157324075698853,0.4943212568759918,0.35410550236701965,1,0.17310383915901184,0.6036988496780396,0.22319729626178741,1,0.26802632212638855,0.4610801339149475,0.27089348435401917
c02|0->1-boundary,c02,c02,0->1-boundary,109,21,0.21,1,-0.1921773999929428,0.4289497137069702,1,0.1423194706439972,0.5091618895530701,0.34851863980293274,1,0.19453002512454987,0.5444511771202087,0.2610187828540802,1,0.2811242640018463,0.43324530124664307,0.2856304943561554
c02|0->1-boundary,c02,c02,0->1-boundary,110,22,0.22,1,-0.01742473989725113,0.7348429560661316,1,0.14187300205230713,0.5218076109886169,0.3363193869590759,1,0.18227671086788177,0.5441709756851196,0.2735523283481598,1,0.2687913775444031,0.43901681900024414,0.2921918034553528
c02|0->1-boundary,c02,c02,0->1-boundary,111,23,0.23,1,-0.10109549015760422,0.6157451272010803,1,0.15612976253032684,0.541930079460144,0.3019402027130127,1,0.19283245503902435,0.5137268304824829,0.29344072937965393,1,0.29882222414016724,0.40547117590904236,0.2957066595554352
c02|0->1-boundary,c02,c02,0->1-boundary,112,24,0.24,1,0.05899299681186676,0.553036630153656,1,0.16000528633594513,0.4992574155330658,0.3407372534275055,1,0.17229948937892914,0.5281452536582947,0.299555242061615,1,0.2661415934562683,0.46360573172569275,0.2702527344226837
c02|0->1-boundary,c02,c02,0->1-boundary,113,25,0.25,2,0.06833915412425995,0.6518487930297852,1,0.15599828958511353,0.47531890869140625,0.36868277192115784,1,0.17952695488929749,0.5166380405426025,0.30383506417274475,1,0.281511127948761,0.4519323706626892,0.26655641198158264
c02|S1-core,c02,c02,S1-core,213,-25,-0.25,2,0.32306143641471863,0.8111968040466309,2,0.17374350130558014,0.40610387921333313,0.4201526343822479,2,0.11953950673341751,0.3566097021102905,0.5238507986068726,2,0.19234563410282135,0.3707295358181,0.4369248151779175
c02|S1-core,c02,c02,S1-core,214,-24,-0.24,2,0.5427333116531372,0.8272152543067932,1,0.14529801905155182,0.43345245718955994,0.42124950885772705,2,0.13470958173274994,0.30682000517845154,0.5584704279899597,2,0.1841888576745987,0.38252729177474976,0.43328383564949036
c02|S1-core,c02,c02,S1-core,215,-23,-0.23,2,0.6349450349807739,1.0521146059036255,2,0.1361740529537201,0.346283882856369,0.5175421237945557,2,0.11703654378652573,0.34604743123054504,0.5369160771369934,2,0.1926119327545166,0.3810708820819855,0.4263172149658203
c02|S1-core,c02,c02,S1-core,216,-22,-0.22,2,0.6461838483810425,0.8757140040397644,2,0.11815106123685837,0.374086856842041,0.5077621340751648,2,0.12124129384756088,0.31113874912261963,0.5676199793815613,2,0.17711018025875092,0.3522093892097473,0.47068044543266296
c02|S1-core,c02,c02,S1-core,217,-21,-0.21,2,0.7865758538246155,0.9527371525764465,2,0.14625698328018188,0.337991863489151,0.5157511830329895,2,0.10537675023078918,0.3119806945323944,0.5826425552368164,2,0.15927262604236603,0.3360351324081421,0.5046922564506531
c02|S1-core,c02,c02,S1-core,218,-20,-0.2,2,0.6332283616065979,0.910431444644928,2,0.12113061547279358,0.35565125942230225,0.5232180953025818,2,0.11989504098892212,0.302190899848938,0.5779141187667847,2,0.16607655584812164,0.2887398302555084,0.5451835989952087
c02|S1-core,c02,c02,S1-core,219,-19,-0.19,2,0.8473422527313232,0.978354275226593,2,0.1296778917312622,0.318954199552536,0.5513678789138794,2,0.11799370497465134,0.2780028283596039,0.6040034890174866,2,0.14730747044086456,0.309846967458725,0.5428454875946045
c02|S1-core,c02,c02,S1-core,220,-18,-0.18,2,0.5325899720191956,1.119077205657959,2,0.1336275190114975,0.3228304088115692,0.5435420870780945,2,0.14910654723644257,0.2666611671447754,0.5842322111129761,2,0.16625037789344788,0.30124935507774353,0.5325002670288086
c02|S1-core,c02,c02,S1-core,221,-17,-0.17,2,0.6314783692359924,1.0163685083389282,2,0.1313629299402237,0.34160950779914856,0.5270276069641113,2,0.16375859081745148,0.255161315202713,0.5810800790786743,2,0.17804452776908875,0.2713213562965393,0.5506341457366943
c02|S1-core,c02,c02,S1-core,222,-16,-0.16,2,1.034469485282898,1.242361068725586,2,0.12812869250774384,0.3688867390155792,0.5029845833778381,2,0.16076835989952087,0.2573606073856354,0.5818710327148438,2,0.1778849959373474,0.27818480134010315,0.5439302325248718
c02|S1-core,c02,c02,S1-core,223,-15,-0.15,2,0.7541484236717224,1.0685850381851196,2,0.14089563488960266,0.33483466506004333,0.524269700050354,2,0.15541064739227295,0.26140254735946655,0.5831868052482605,2,0.18508361279964447,0.24465827643871307,0.5702580809593201
c02|S1-core,c02,c02,S1-core,224,-14,-0.14,2,0.7598241567611694,0.9838562607765198,2,0.13182196021080017,0.3757432997226715,0.4924347400665283,2,0.14274315536022186,0.2641788125038147,0.593078076839447,2,0.18031403422355652,0.284603476524353,0.5350825190544128
c02|S1-core,c02,c02,S1-core,225,-13,-0.13,2,0.6715952157974243,1.1887321472167969,2,0.13980363309383392,0.34158584475517273,0.5186105370521545,2,0.1335696578025818,0.2764740586280823,0.5899562239646912,2,0.1832076907157898,0.2801811099052429,0.5366111993789673
c02|S1-core,c02,c02,S1-core,226,-12,-0.12,2,0.5125935077667236,0.9740168452262878,2,0.14404292404651642,0.34332898259162903,0.5126280784606934,2,0.133766770362854,0.2571752667427063,0.6090579628944397,2,0.1906030923128128,0.2800363004207611,0.5293605923652649
c02|S1-core,c02,c02,S1-core,227,-11,-0.11,2,0.9240635633468628,1.3504794836044312,2,0.15632031857967377,0.3449956774711609,0.49868395924568176,2,0.131787970662117,0.29037347435951233,0.5778385996818542,2,0.1865738034248352,0.2654803395271301,0.5479458570480347
c02|S1-core,c02,c02,S1-core,228,-10,-0.1,2,0.6823166608810425,1.1354824304580688,2,0.14321380853652954,0.38333186507225037,0.47345438599586487,2,0.12619337439537048,0.28425756096839905,0.5895491242408752,2,0.19324305653572083,0.2651810050010681,0.5415759086608887
c02|S1-core,c02,c02,S1-core,229,-9,-0.09,2,0.7989213466644287,1.1977193355560303,2,0.15625125169754028,0.38584470748901367,0.4579041004180908,2,0.1183108314871788,0.3032369613647461,0.5784522294998169,2,0.17667938768863678,0.2982565760612488,0.5250640511512756
c02|S1-core,c02,c02,S1-core,230,-8,-0.08,2,0.5733780264854431,1.0692574977874756,2,0.12221862375736237,0.3846226930618286,0.4931586682796478,2,0.12942732870578766,0.3174867033958435,0.5530860424041748,2,0.17414693534374237,0.28659671545028687,0.5392563343048096
c02|S1-core,c02,c02,S1-core,231,-7,-0.07,2,0.7067409753799438,1.1227129697799683,2,0.12593035399913788,0.3783275783061981,0.4957421123981476,2,0.10782008618116379,0.30212095379829407,0.5900589823722839,2,0.15818585455417633,0.34191223978996277,0.4999019205570221
c02|S1-core,c02,c02,S1-core,232,-6,-0.06,2,0.8779787421226501,1.201768159866333,2,0.1256028562784195,0.3654572367668152,0.5089399218559265,2,0.11243424564599991,0.315076619386673,0.5724891424179077,2,0.16930769383907318,0.29898762702941895,0.5317047238349915
c02|S1-core,c02,c02,S1-core,233,-5,-0.05,2,1.0613945722579956,1.2322052717208862,2,0.11785976588726044,0.32058611512184143,0.5615540742874146,2,0.11543780565261841,0.3323816657066345,0.5521805286407471,2,0.1619773805141449,0.3517092764377594,0.4863133728504181
c02|S1-core,c02,c02,S1-core,234,-4,-0.04,2,0.48284274339675903,0.9607260823249817,2,0.13307325541973114,0.3603469431400299,0.5065798163414001,2,0.1227707713842392,0.31472063064575195,0.5625086426734924,2,0.1753079891204834,0.32596689462661743,0.4987250864505768
c02|S1-core,c02,c02,S1-core,235,-3,-0.03,2,0.7674617171287537,1.0104602575302124,2,0.11432649940252304,0.37631967663764954,0.5093538165092468,2,0.11930158734321594,0.2795111835002899,0.6011872291564941,2,0.16919729113578796,0.33444342017173767,0.4963592290878296
c02|S1-core,c02,c02,S1-core,236,-2,-0.02,2,0.7388238906860352,0.9882100224494934,2,0.1107061430811882,0.3320581614971161,0.5572356581687927,2,0.11776450276374817,0.2930256426334381,0.5892098546028137,2,0.16885805130004883,0.293667197227478,0.5374748110771179
c02|S1-core,c02,c02,S1-core,237,-1,-0.01,2,0.6410399079322815,0.8706571459770203,2,0.11902955919504166,0.3205249309539795,0.5604455471038818,2,0.1407833695411682,0.29078128933906555,0.5684353709220886,2,0.17248140275478363,0.27678754925727844,0.5507310032844543
c02|S1-core,c02,c02,S1-core,238,0,0.0,2,0.9205477237701416,1.1890764236450195,2,0.1172260269522667,0.3232048749923706,0.5595691204071045,2,0.1355365514755249,0.2855871319770813,0.5788763165473938,2,0.17816171050071716,0.2859562039375305,0.5358821153640747
c02|1->2-boundary,c02,c02,1->2-boundary,87,-25,-0.25,0,-0.51363205909729,-0.4990949034690857,0,0.43845638632774353,0.3693922758102417,0.19215133786201477,1,0.41025295853614807,0.4617537260055542,0.12799324095249176,0,0.41758137941360474,0.3906877934932709,0.1917308121919632
c02|1->2-boundary,c02,c02,1->2-boundary,88,-24,-0.24,0,-0.3286633789539337,-0.39958450198173523,0,0.4577246904373169,0.33374473452568054,0.20853060483932495,0,0.4497286081314087,0.42803674936294556,0.12223459780216217,0,0.4225130081176758,0.37511947751045227,0.20236749947071075
c02|1->2-boundary,c02,c02,1->2-boundary,89,-23,-0.23,0,-0.1232483834028244,-0.2055063247680664,0,0.40545952320098877,0.3965679407119751,0.19797253608703613,1,0.3902754485607147,0.4828013479709625,0.12692318856716156,1,0.40040987730026245,0.4015912413597107,0.19799886643886566
c02|1->2-boundary,c02,c02,1->2-boundary,90,-22,-0.22,1,-0.11930937319993973,-0.01954389549791813,1,0.3017944097518921,0.5054313540458679,0.19277423620224,1,0.3668990433216095,0.4903305768966675,0.14277036488056183,1,0.3797459602355957,0.4434041976928711,0.17684991657733917
c02|1->2-boundary,c02,c02,1->2-boundary,91,-21,-0.21,1,-0.11187399178743362,0.010457467287778854,1,0.28246259689331055,0.5295482277870178,0.18798916041851044,1,0.40223821997642517,0.444708913564682,0.15305280685424805,1,0.3586728870868683,0.4245513379573822,0.2167758047580719
c02|1->2-boundary,c02,c02,1->2-boundary,92,-20,-0.2,1,-0.2699061930179596,0.12955616414546967,1,0.20338422060012817,0.5826645493507385,0.2139512151479721,1,0.31379401683807373,0.509665310382843,0.17654070258140564,0,0.3759995102882385,0.3706618547439575,0.25333860516548157
c02|1->2-boundary,c02,c02,1->2-boundary,93,-19,-0.19,1,-0.29808205366134644,0.11591523140668869,1,0.16610853374004364,0.6181767582893372,0.21571466326713562,1,0.22561372816562653,0.607538640499115,0.1668476164340973,1,0.32702165842056274,0.44161760807037354,0.2313607782125473
c02|1->2-boundary,c02,c02,1->2-boundary,94,-18,-0.18,1,-0.28103625774383545,0.11893526464700699,1,0.15234293043613434,0.6139655113220215,0.2336915284395218,1,0.20634067058563232,0.6253365874290466,0.16832272708415985,1,0.2961438298225403,0.44948089122772217,0.25437527894973755
c02|1->2-boundary,c02,c02,1->2-boundary,95,-17,-0.17,1,-0.28120696544647217,0.13878603279590607,1,0.15968406200408936,0.5879837274551392,0.2523322105407715,1,0.17242461442947388,0.6769653558731079,0.1506100445985794,1,0.26179736852645874,0.4530869722366333,0.28511565923690796
c02|1->2-boundary,c02,c02,1->2-boundary,96,-16,-0.16,1,-0.2682628929615021,0.34028464555740356,1,0.151397243142128,0.5801147818565369,0.26848796010017395,1,0.1598164141178131,0.6821573972702026,0.15802623331546783,1,0.27197229862213135,0.4549291729927063,0.27309849858283997
c02|1->2-boundary,c02,c02,1->2-boundary,97,-15,-0.15,1,-0.10053524374961853,0.14030490815639496,1,0.15950122475624084,0.5655876994132996,0.274911105632782,1,0.17225684225559235,0.6521316170692444,0.1756114810705185,1,0.22968915104866028,0.46872279047966003,0.3015880584716797
c02|1->2-boundary,c02,c02,1->2-boundary,98,-14,-0.14,1,-0.30665111541748047,0.35427168011665344,1,0.14645719528198242,0.5514534115791321,0.3020894229412079,1,0.1962253898382187,0.6227612495422363,0.18101336061954498,1,0.265043169260025,0.4500693678855896,0.28488749265670776
c02|1->2-boundary,c02,c02,1->2-boundary,99,-13,-0.13,1,0.44423019886016846,0.8849366307258606,1,0.13618655502796173,0.5589781403541565,0.30483531951904297,1,0.1840738207101822,0.6213392615318298,0.19458691775798798,1,0.2625640630722046,0.46749210357666016,0.26994389295578003
c02|1->2-boundary,c02,c02,1->2-boundary,100,-12,-0.12,1,-0.15901383757591248,0.30795860290527344,1,0.14363475143909454,0.44990089535713196,0.4064643383026123,1,0.1896999329328537,0.5428493618965149,0.2674506604671478,1,0.2756131589412689,0.4201093912124634,0.3042775094509125
c02|1->2-boundary,c02,c02,1->2-boundary,101,-11,-0.11,1,-0.3259136378765106,0.21926507353782654,1,0.11347229033708572,0.5441038012504578,0.3424238860607147,1,0.17710165679454803,0.5219932794570923,0.3009050488471985,1,0.2948931157588959,0.4137303829193115,0.2913764715194702
c02|1->2-boundary,c02,c02,1->2-boundary,102,-10,-0.1,1,-0.28532737493515015,0.18522416055202484,1,0.1404123455286026,0.5466365218162537,0.31295111775398254,1,0.17789265513420105,0.5468471646308899,0.27526015043258667,1,0.2940608263015747,0.40775296092033386,0.29818618297576904
c02|1->2-boundary,c02,c02,1->2-boundary,103,-9,-0.09,1,-0.2886657118797302,0.3321835398674011,1,0.14151062071323395,0.5349429845809937,0.3235463798046112,1,0.16004963219165802,0.6156826019287109,0.22426781058311462,1,0.28184521198272705,0.45325666666030884,0.26489806175231934
c02|1->2-boundary,c02,c02,1->2-boundary,104,-8,-0.08,1,-0.04975420981645584,0.4480106830596924,1,0.16329586505889893,0.4776265025138855,0.3590776324272156,1,0.16795913875102997,0.6212274432182312,0.2108134627342224,1,0.3144852817058563,0.4097926616668701,0.27572208642959595
c02|1->2-boundary,c02,c02,1->2-boundary,105,-7,-0.07,1,-0.18058893084526062,0.4168192148208618,1,0.1316939890384674,0.5589914321899414,0.3093145489692688,1,0.18536818027496338,0.6226490139961243,0.19198280572891235,1,0.3054433763027191,0.45628297328948975,0.23827362060546875
c02|1->2-boundary,c02,c02,1->2-boundary,106,-6,-0.06,1,-0.14048129320144653,0.4686649441719055,1,0.14008240401744843,0.5407606363296509,0.3191569149494171,1,0.1683078557252884,0.6614741086959839,0.1702180802822113,1,0.28314128518104553,0.4632182717323303,0.25364041328430176
c02|1->2-boundary,c02,c02,1->2-boundary,107,-5,-0.05,1,-0.09184639155864716,0.49975767731666565,1,0.15446844696998596,0.5512791275978088,0.29425248503685,1,0.17714424431324005,0.6401152014732361,0.18274055421352386,1,0.2822011709213257,0.47080352902412415,0.24699532985687256
c02|1->2-boundary,c02,c02,1->2-boundary,108,-4,-0.04,1,0.11456362903118134,0.6341404914855957,1,0.15157324075698853,0.4943212568759918,0.35410550236701965,1,0.17310383915901184,0.6036988496780396,0.22319729626178741,1,0.26802632212638855,0.4610801339149475,0.27089348435401917
c02|1->2-boundary,c02,c02,1->2-boundary,109,-3,-0.03,1,-0.1921773999929428,0.4289497137069702,1,0.1423194706439972,0.5091618895530701,0.34851863980293274,1,0.19453002512454987,0.5444511771202087,0.2610187828540802,1,0.2811242640018463,0.43324530124664307,0.2856304943561554
c02|1->2-boundary,c02,c02,1->2-boundary,110,-2,-0.02,1,-0.01742473989725113,0.7348429560661316,1,0.14187300205230713,0.5218076109886169,0.3363193869590759,1,0.18227671086788177,0.5441709756851196,0.2735523283481598,1,0.2687913775444031,0.43901681900024414,0.2921918034553528
c02|1->2-boundary,c02,c02,1->2-boundary,111,-1,-0.01,1,-0.10109549015760422,0.6157451272010803,1,0.15612976253032684,0.541930079460144,0.3019402027130127,1,0.19283245503902435,0.5137268304824829,0.29344072937965393,1,0.29882222414016724,0.40547117590904236,0.2957066595554352
c02|1->2-boundary,c02,c02,1->2-boundary,112,0,0.0,1,0.05899299681186676,0.553036630153656,1,0.16000528633594513,0.4992574155330658,0.3407372534275055,1,0.17229948937892914,0.5281452536582947,0.299555242061615,1,0.2661415934562683,0.46360573172569275,0.2702527344226837
c02|1->2-boundary,c02,c02,1->2-boundary,113,1,0.01,2,0.06833915412425995,0.6518487930297852,1,0.15599828958511353,0.47531890869140625,0.36868277192115784,1,0.17952695488929749,0.5166380405426025,0.30383506417274475,1,0.281511127948761,0.4519323706626892,0.26655641198158264
c02|1->2-boundary,c02,c02,1->2-boundary,114,2,0.02,2,-0.1149655431509018,0.47735247015953064,1,0.14507095515727997,0.4418071508407593,0.41312190890312195,1,0.15159161388874054,0.5258180499076843,0.32259032130241394,1,0.2698090076446533,0.44303640723228455,0.28715458512306213
c02|1->2-boundary,c02,c02,1->2-boundary,115,3,0.03,2,-0.1399361789226532,0.5550233125686646,1,0.14783243834972382,0.4975486099720001,0.35461893677711487,1,0.1492210328578949,0.507575511932373,0.34320345520973206,1,0.2821047902107239,0.43901941180229187,0.27887579798698425
c02|1->2-boundary,c02,c02,1->2-boundary,116,4,0.04,2,-0.09056071937084198,0.2616000771522522,1,0.14081984758377075,0.49817320704460144,0.3610069751739502,1,0.14426438510417938,0.5457974672317505,0.3099381625652313,1,0.27718180418014526,0.4215834140777588,0.3012348413467407
c02|1->2-boundary,c02,c02,1->2-boundary,117,5,0.05,2,-0.03487914800643921,0.5263296365737915,2,0.14453652501106262,0.4010189473628998,0.4544445872306824,1,0.14279404282569885,0.5256786346435547,0.33152735233306885,1,0.29883140325546265,0.44714784622192383,0.25402072072029114
c02|1->2-boundary,c02,c02,1->2-boundary,118,6,0.06,2,0.07538841664791107,0.5434536933898926,1,0.14684449136257172,0.4924066364765167,0.36074885725975037,1,0.1786806285381317,0.48724427819252014,0.33407512307167053,1,0.2906944155693054,0.4210129380226135,0.28829267621040344
c02|1->2-boundary,c02,c02,1->2-boundary,119,7,0.07,2,0.12835535407066345,0.483102947473526,1,0.1417827308177948,0.46440589427948,0.39381143450737,1,0.15789295732975006,0.4356313645839691,0.4064757227897644,1,0.28261616826057434,0.40654250979423523,0.31084129214286804
c02|1->2-boundary,c02,c02,1->2-boundary,120,8,0.08,2,-0.24835573136806488,0.37080925703048706,2,0.13309378921985626,0.4186207056045532,0.44828546047210693,2,0.15491151809692383,0.41036006808280945,0.4347284138202667,1,0.3078276216983795,0.3692081868648529,0.3229641914367676
c02|1->2-boundary,c02,c02,1->2-boundary,121,9,0.09,2,0.05845210701227188,0.6260129809379578,1,0.14563575387001038,0.452144593000412,0.4022197127342224,2,0.14891333878040314,0.38959452509880066,0.4614921808242798,1,0.2787173390388489,0.41880956292152405,0.30247312784194946
c02|1->2-boundary,c02,c02,1->2-boundary,122,10,0.1,2,-0.014648601412773132,0.4691608250141144,1,0.17394354939460754,0.437471866607666,0.38858458399772644,2,0.1635218858718872,0.3877558708190918,0.4487221837043762,1,0.2697925865650177,0.4032217860221863,0.3269856870174408
c02|1->2-boundary,c02,c02,1->2-boundary,123,11,0.11,2,0.010668913833796978,0.2424662858247757,1,0.14862962067127228,0.4400247037410736,0.41134563088417053,2,0.1574120670557022,0.4162256717681885,0.4263622462749481,1,0.23027309775352478,0.43012523651123047,0.33960166573524475
c02|1->2-boundary,c02,c02,1->2-boundary,124,12,0.12,2,0.10591872781515121,0.6677341461181641,2,0.18896979093551636,0.40351736545562744,0.4075127840042114,1,0.1482703536748886,0.459592342376709,0.3921373784542084,1,0.2745104730129242,0.46245938539505005,0.263030081987381
c02|1->2-boundary,c02,c02,1->2-boundary,125,13,0.13,2,0.006601342931389809,0.3908421993255615,1,0.20351384580135345,0.47904494404792786,0.31744125485420227,1,0.12029144912958145,0.45561152696609497,0.4240969717502594,1,0.22410176694393158,0.5014808773994446,0.27441737055778503
c02|1->2-boundary,c02,c02,1->2-boundary,126,14,0.14,2,0.17179277539253235,0.7272923588752747,1,0.17414714395999908,0.4384300410747528,0.3874228894710541,2,0.13154049217700958,0.4149395227432251,0.4535200595855713,1,0.2500666081905365,0.4605889916419983,0.28934445977211
c02|1->2-boundary,c02,c02,1->2-boundary,127,15,0.15,2,-0.0003438637941144407,0.5109010934829712,1,0.15182240307331085,0.45836398005485535,0.389813631772995,2,0.1323843151330948,0.4214874804019928,0.4461281895637512,1,0.24003194272518158,0.4337882399559021,0.3261798024177551
c02|1->2-boundary,c02,c02,1->2-boundary,128,16,0.16,2,0.2194717675447464,0.5213373899459839,1,0.21252496540546417,0.4080650508403778,0.37940993905067444,2,0.1276581585407257,0.38357165455818176,0.4887702167034149,1,0.25779110193252563,0.4310097396373749,0.31119921803474426
c02|1->2-boundary,c02,c02,1->2-boundary,129,17,0.17,2,0.2795615792274475,0.49132344126701355,2,0.1685585081577301,0.389411062002182,0.4420304000377655,2,0.1256602555513382,0.38064759969711304,0.4936921000480652,1,0.22825005650520325,0.4493325352668762,0.3224174380302429
c02|1->2-boundary,c02,c02,1->2-boundary,130,18,0.18,2,0.1335683912038803,0.4979775547981262,2,0.1620282530784607,0.34864693880081177,0.4893248379230499,2,0.1258477121591568,0.3465845286846161,0.5275678038597107,1,0.20504164695739746,0.44111359119415283,0.3538447916507721
c02|1->2-boundary,c02,c02,1->2-boundary,131,19,0.19,2,0.022995002567768097,0.4623291492462158,2,0.12801218032836914,0.3843429684638977,0.48764491081237793,2,0.12109430879354477,0.34281614422798157,0.5360895395278931,1,0.20768742263317108,0.4290320873260498,0.3632805049419403
c02|1->2-boundary,c02,c02,1->2-boundary,132,20,0.2,2,0.28243833780288696,0.5594921708106995,2,0.16428306698799133,0.4009254276752472,0.43479153513908386,2,0.12960615754127502,0.32207849621772766,0.5483152866363525,1,0.20267684757709503,0.39996635913848877,0.397356778383255
c02|1->2-boundary,c02,c02,1->2-boundary,133,21,0.21,2,-0.05506694316864014,0.2925556004047394,2,0.14629261195659637,0.3940560817718506,0.45965126156806946,2,0.13153371214866638,0.3372207283973694,0.5312455296516418,2,0.21361157298088074,0.3848749101161957,0.4015135169029236
c02|1->2-boundary,c02,c02,1->2-boundary,134,22,0.22,2,0.026888273656368256,0.34611544013023376,1,0.1884785145521164,0.4136435389518738,0.397877961397171,2,0.135400652885437,0.35073235630989075,0.5138670206069946,1,0.2231571078300476,0.3970995545387268,0.379743367433548
c02|1->2-boundary,c02,c02,1->2-boundary,135,23,0.23,2,0.2455333024263382,0.362077921628952,1,0.2737208306789398,0.3778705894947052,0.348408579826355,2,0.14649876952171326,0.3401699960231781,0.5133312940597534,2,0.23136407136917114,0.38231706619262695,0.3863189220428467
c02|1->2-boundary,c02,c02,1->2-boundary,136,24,0.24,2,-0.022490592673420906,0.2175540030002594,2,0.26361340284347534,0.3615339696407318,0.37485259771347046,2,0.14827841520309448,0.3379173278808594,0.5138042569160461,2,0.20494897663593292,0.3962763845920563,0.3987746834754944
c02|1->2-boundary,c02,c02,1->2-boundary,137,25,0.25,2,0.18400107324123383,0.2998048663139343,1,0.3049406409263611,0.3537310063838959,0.34132835268974304,2,0.1431797593832016,0.35463041067123413,0.5021898150444031,2,0.2088644802570343,0.35678333044052124,0.4343521296977997
