model_name,sample_index,x_2d,y_2d,y_true,y_pred,correct,seam_name,start_idx,target_idx,projection_method,projection_space,projection_random_state
Teacher,0,8.336175918579102,-2.216601848602295,2,2,True,c02,208,213,umap,strict_raw_latent,42
Teacher,1,6.063953399658203,-7.393042087554932,2,2,True,a01,496,501,umap,strict_raw_latent,42
Teacher,2,8.677462577819824,-2.571894884109497,2,2,True,b01,558,563,umap,strict_raw_latent,42
Teacher,3,11.447155952453613,15.688340187072754,1,1,True,c01,127,132,umap,strict_raw_latent,42
Teacher,4,5.944022178649902,-8.252951622009277,2,2,True,a01,521,526,umap,strict_raw_latent,42
Teacher,5,8.402091979980469,-2.2335736751556396,2,2,True,c02,210,215,umap,strict_raw_latent,42
Teacher,6,9.581049919128418,18.334877014160156,0,0,True,c02,69,74,umap,strict_raw_latent,42
Teacher,7,6.126575469970703,-7.723423957824707,2,2,True,a01,504,509,umap,strict_raw_latent,42
Teacher,8,6.995280742645264,-2.5671088695526123,2,2,True,b01,598,603,umap,strict_raw_latent,42
Teacher,9,9.946660995483398,17.915220260620117,0,0,True,c02,84,89,umap,strict_raw_latent,42
Teacher,10,4.7770867347717285,-8.028892517089844,2,2,True,a01,555,560,umap,strict_raw_latent,42
Teacher,11,8.344803810119629,-2.7087817192077637,2,2,True,b01,553,558,umap,strict_raw_latent,42
Teacher,12,7.969691753387451,-1.4602693319320679,2,2,True,c02,231,236,umap,strict_raw_latent,42
Teacher,13,6.036562442779541,-7.4603986740112305,2,2,True,a01,500,505,umap,strict_raw_latent,42
Teacher,14,11.005781173706055,15.28848934173584,1,1,True,c01,144,149,umap,strict_raw_latent,42
Teacher,15,7.13279914855957,-2.6767287254333496,2,2,True,b01,582,587,umap,strict_raw_latent,42
Teacher,16,8.642093658447266,-2.599282741546631,2,2,True,b01,541,546,umap,strict_raw_latent,42
Teacher,17,8.98128604888916,19.81456756591797,0,0,True,a01,99,104,umap,strict_raw_latent,42
Teacher,18,8.96889591217041,19.987075805664062,0,0,True,a01,95,100,umap,strict_raw_latent,42
Teacher,19,13.148233413696289,16.02934455871582,1,1,True,b01,263,268,umap,strict_raw_latent,42
Teacher,20,8.664999008178711,-2.5615270137786865,2,2,True,b01,538,543,umap,strict_raw_latent,42
Teacher,21,13.418919563293457,16.3208065032959,1,1,True,b01,285,290,umap,strict_raw_latent,42
Teacher,22,6.350566864013672,-7.15494441986084,2,2,True,a01,486,491,umap,strict_raw_latent,42
Teacher,23,8.055912971496582,-1.6286873817443848,2,2,True,c01,206,211,umap,strict_raw_latent,42
Teacher,24,-9.109469413757324,-2.1523709297180176,1,1,True,a01,201,206,umap,strict_raw_latent,42
Teacher,25,8.724401473999023,-2.551076650619507,2,2,True,b01,542,547,umap,strict_raw_latent,42
Teacher,26,9.6010103225708,19.0032958984375,0,0,True,b01,119,124,umap,strict_raw_latent,42
Teacher,27,7.179684162139893,-2.708561897277832,2,2,True,b01,579,584,umap,strict_raw_latent,42
Teacher,28,6.96457576751709,-2.509735345840454,2,2,True,b01,606,611,umap,strict_raw_latent,42
Teacher,29,-9.071002006530762,-2.1138885021209717,1,1,True,a01,200,205,umap,strict_raw_latent,42
Teacher,30,8.340567588806152,-2.213050127029419,2,2,True,c02,207,212,umap,strict_raw_latent,42
Teacher,31,6.667629241943359,-1.7411139011383057,2,2,True,b01,593,598,umap,strict_raw_latent,42
Teacher,32,-8.960675239562988,-2.0035173892974854,1,1,True,a01,211,216,umap,strict_raw_latent,42
Teacher,33,6.24468469619751,-7.57547664642334,2,2,True,a01,483,488,umap,strict_raw_latent,42
Teacher,34,9.297127723693848,18.712493896484375,0,0,True,b01,113,118,umap,strict_raw_latent,42
Teacher,35,8.588855743408203,-2.6638143062591553,2,2,True,b01,552,557,umap,strict_raw_latent,42
Teacher,36,6.318145751953125,-7.185113906860352,2,2,True,a01,485,490,umap,strict_raw_latent,42
Teacher,37,6.106138706207275,-7.708520412445068,2,2,True,a01,481,486,umap,strict_raw_latent,42
Teacher,38,10.997640609741211,15.282149314880371,1,1,True,c01,143,148,umap,strict_raw_latent,42
Teacher,39,8.357417106628418,-2.7379181385040283,2,2,True,b01,557,562,umap,strict_raw_latent,42
Teacher,40,9.139494895935059,18.70990562438965,0,0,True,b01,128,133,umap,strict_raw_latent,42
Teacher,41,13.269335746765137,16.179128646850586,1,1,True,b01,279,284,umap,strict_raw_latent,42
Teacher,42,8.90610408782959,19.869447708129883,0,0,True,a01,103,108,umap,strict_raw_latent,42
Teacher,43,9.231945991516113,18.78289222717285,0,0,True,b01,129,134,umap,strict_raw_latent,42
Teacher,44,5.209228038787842,-8.009208679199219,2,2,True,a01,514,519,umap,strict_raw_latent,42
Teacher,45,13.190882682800293,16.089027404785156,1,1,True,b01,262,267,umap,strict_raw_latent,42
Teacher,46,9.653891563415527,18.364479064941406,0,0,True,c02,72,77,umap,strict_raw_latent,42
Teacher,47,8.97252082824707,20.039705276489258,0,0,True,a01,94,99,umap,strict_raw_latent,42
Teacher,48,5.243997573852539,-8.032207489013672,2,2,True,a01,515,520,umap,strict_raw_latent,42
Teacher,49,8.757576942443848,-2.4788978099823,2,2,True,b01,543,548,umap,strict_raw_latent,42
Teacher,50,4.835279941558838,-8.075701713562012,2,2,True,a01,551,556,umap,strict_raw_latent,42
Teacher,51,6.073211193084717,-7.412273406982422,2,2,True,a01,501,506,umap,strict_raw_latent,42
Teacher,52,6.671356201171875,-1.7290300130844116,2,2,True,b01,592,597,umap,strict_raw_latent,42
Teacher,53,8.72960090637207,-2.4904978275299072,1,1,True,c02,107,112,umap,strict_raw_latent,42
Teacher,54,9.425605773925781,18.610868453979492,0,0,True,b01,112,117,umap,strict_raw_latent,42
Teacher,55,6.366401672363281,-7.113897323608398,2,2,True,a01,491,496,umap,strict_raw_latent,42
Teacher,56,11.048866271972656,15.33535099029541,1,1,True,c01,140,145,umap,strict_raw_latent,42
Teacher,57,11.331319808959961,15.726675033569336,1,1,True,c01,126,131,umap,strict_raw_latent,42
Teacher,58,7.23246955871582,-2.90427565574646,2,2,True,b01,572,577,umap,strict_raw_latent,42
Teacher,59,13.125972747802734,15.985868453979492,1,1,True,b01,267,272,umap,strict_raw_latent,42
Teacher,60,11.13248348236084,15.447672843933105,1,1,True,c01,139,144,umap,strict_raw_latent,42
Teacher,61,9.267012596130371,19.677814483642578,0,0,True,a01,86,91,umap,strict_raw_latent,42
Teacher,62,7.956856727600098,-1.3258322477340698,2,2,True,c02,222,227,umap,strict_raw_latent,42
Teacher,63,-8.82518196105957,-1.8680462837219238,1,1,True,a01,219,224,umap,strict_raw_latent,42
Teacher,64,8.160172462463379,-1.2760303020477295,2,2,True,c02,215,220,umap,strict_raw_latent,42
Teacher,65,9.608635902404785,18.985898971557617,0,0,True,b01,121,126,umap,strict_raw_latent,42
Teacher,66,6.3819684982299805,-7.110177040100098,2,2,True,a01,488,493,umap,strict_raw_latent,42
Teacher,67,6.062357425689697,-8.338457107543945,2,2,True,a01,527,532,umap,strict_raw_latent,42
Teacher,68,8.52264404296875,-2.2146103382110596,2,2,True,c02,212,217,umap,strict_raw_latent,42
Teacher,69,13.11242389678955,15.987875938415527,1,1,True,b01,259,264,umap,strict_raw_latent,42
Teacher,70,7.227327823638916,-2.90966534614563,2,2,True,b01,574,579,umap,strict_raw_latent,42
Teacher,71,8.472305297851562,-2.7037439346313477,2,2,True,b01,546,551,umap,strict_raw_latent,42
Teacher,72,4.943787097930908,-8.035953521728516,2,2,True,a01,547,552,umap,strict_raw_latent,42
Teacher,73,-9.000848770141602,-2.043682336807251,1,1,True,a01,202,207,umap,strict_raw_latent,42
Teacher,74,7.21012020111084,-2.249859571456909,2,2,True,b01,571,576,umap,strict_raw_latent,42
Teacher,75,4.904601097106934,-8.045241355895996,2,2,True,a01,548,553,umap,strict_raw_latent,42
Teacher,76,10.022282600402832,17.807418823242188,1,1,True,c01,124,129,umap,strict_raw_latent,42
Teacher,77,6.069971561431885,-8.334823608398438,2,2,True,a01,509,514,umap,strict_raw_latent,42
Teacher,78,-8.86499309539795,-1.907816767692566,1,1,True,a01,213,218,umap,strict_raw_latent,42
Teacher,79,13.337652206420898,16.23275375366211,1,1,True,b01,282,287,umap,strict_raw_latent,42
Teacher,80,9.315977096557617,18.820743560791016,0,0,True,b01,132,137,umap,strict_raw_latent,42
Teacher,81,9.613604545593262,18.394718170166016,0,0,True,c02,70,75,umap,strict_raw_latent,42
Teacher,82,7.360622882843018,-2.0061111450195312,2,2,True,c01,212,217,umap,strict_raw_latent,42
Teacher,83,7.8177008628845215,-1.3257020711898804,2,2,True,c02,223,228,umap,strict_raw_latent,42
Teacher,84,7.761152267456055,-1.745421051979065,2,2,True,c01,209,214,umap,strict_raw_latent,42
Teacher,85,-8.884404182434082,-1.9272373914718628,1,1,True,a01,203,208,umap,strict_raw_latent,42
Teacher,86,6.007540225982666,-8.293004989624023,2,2,True,a01,523,528,umap,strict_raw_latent,42
Teacher,87,-8.97976016998291,-2.022606372833252,1,1,True,a01,208,213,umap,strict_raw_latent,42
Teacher,88,-8.939041137695312,-1.9818682670593262,1,1,True,a01,207,212,umap,strict_raw_latent,42
Teacher,89,8.649738311767578,-2.4580276012420654,2,2,True,b01,533,538,umap,strict_raw_latent,42
Teacher,90,11.241543769836426,15.720264434814453,1,1,True,c01,125,130,umap,strict_raw_latent,42
Teacher,91,9.188209533691406,18.702396392822266,0,0,True,b01,127,132,umap,strict_raw_latent,42
Teacher,92,-9.035650253295898,-2.078511953353882,1,1,True,a01,198,203,umap,strict_raw_latent,42
Teacher,93,8.992731094360352,20.031536102294922,0,0,True,a01,91,96,umap,strict_raw_latent,42
Teacher,94,6.181715488433838,-7.478674411773682,2,2,True,a01,502,507,umap,strict_raw_latent,42
Teacher,95,8.332572937011719,-2.1743695735931396,2,1,False,c02,209,214,umap,strict_raw_latent,42
Teacher,96,9.74107551574707,18.281705856323242,0,0,True,c02,76,81,umap,strict_raw_latent,42
Teacher,97,6.299726963043213,-7.199789524078369,2,2,True,a01,493,498,umap,strict_raw_latent,42
Teacher,98,5.997591018676758,-8.242181777954102,2,2,True,a01,533,538,umap,strict_raw_latent,42
Teacher,99,8.98947811126709,20.05011558532715,0,0,True,a01,92,97,umap,strict_raw_latent,42
Teacher,100,9.050286293029785,18.748069763183594,0,0,True,b01,135,140,umap,strict_raw_latent,42
Teacher,101,7.821866035461426,-1.3561521768569946,2,2,True,c02,225,230,umap,strict_raw_latent,42
Teacher,102,8.97569465637207,20.02764129638672,0,0,True,a01,93,98,umap,strict_raw_latent,42
Teacher,103,-8.9634428024292,-2.0062739849090576,1,1,True,a01,199,204,umap,strict_raw_latent,42
Teacher,104,9.608490943908691,18.948881149291992,0,0,True,b01,122,127,umap,strict_raw_latent,42
Teacher,105,6.259082317352295,-7.287168979644775,2,2,True,a01,495,500,umap,strict_raw_latent,42
Teacher,106,11.361320495605469,15.667665481567383,1,1,True,c01,134,139,umap,strict_raw_latent,42
Teacher,107,7.2755608558654785,-2.277167558670044,2,2,True,b01,570,575,umap,strict_raw_latent,42
Teacher,108,7.031019687652588,-2.31821608543396,2,2,True,b01,584,589,umap,strict_raw_latent,42
Teacher,109,8.665242195129395,-2.555117130279541,2,2,True,b01,534,539,umap,strict_raw_latent,42
Teacher,110,13.410619735717773,16.286184310913086,1,1,True,b01,276,281,umap,strict_raw_latent,42
Teacher,111,8.601313591003418,-2.654480218887329,2,2,True,b01,540,545,umap,strict_raw_latent,42
Teacher,112,7.319765567779541,-2.649277925491333,2,2,True,b01,580,585,umap,strict_raw_latent,42
Teacher,113,8.780458450317383,-2.5976414680480957,2,2,True,b01,554,559,umap,strict_raw_latent,42
Teacher,114,8.810264587402344,19.011653900146484,0,0,True,b01,142,147,umap,strict_raw_latent,42
Teacher,115,9.260082244873047,19.674455642700195,0,0,True,a01,84,89,umap,strict_raw_latent,42
Teacher,116,5.081373691558838,-7.907049655914307,2,2,True,a01,544,549,umap,strict_raw_latent,42
Teacher,117,11.294885635375977,15.659191131591797,1,1,True,c01,137,142,umap,strict_raw_latent,42
Teacher,118,13.28752613067627,16.177623748779297,1,1,True,b01,275,280,umap,strict_raw_latent,42
Teacher,119,7.011977195739746,-2.5012762546539307,2,2,True,b01,605,610,umap,strict_raw_latent,42
Teacher,120,8.803925514221191,19.02904510498047,0,0,True,b01,143,148,umap,strict_raw_latent,42
Teacher,121,8.975859642028809,19.81542205810547,0,0,True,a01,101,106,umap,strict_raw_latent,42
Teacher,122,11.111032485961914,15.412276268005371,1,1,True,c01,148,153,umap,strict_raw_latent,42
Teacher,123,13.295724868774414,16.160400390625,1,1,True,b01,273,278,umap,strict_raw_latent,42
Teacher,124,4.859118461608887,-8.086814880371094,2,2,True,a01,550,555,umap,strict_raw_latent,42
Teacher,125,13.282323837280273,16.113862991333008,1,1,True,b01,257,262,umap,strict_raw_latent,42
Teacher,126,-8.941202163696289,-1.9840008020401,1,1,True,a01,206,211,umap,strict_raw_latent,42
Teacher,127,13.416300773620605,16.306108474731445,1,1,True,b01,283,288,umap,strict_raw_latent,42
Teacher,128,8.077132225036621,-1.4271209239959717,2,2,True,c02,233,238,umap,strict_raw_latent,42
Teacher,129,7.313521385192871,-2.292205333709717,2,2,True,b01,569,574,umap,strict_raw_latent,42
Teacher,130,8.15458869934082,-1.3148703575134277,2,2,True,c02,213,218,umap,strict_raw_latent,42
Teacher,131,11.11754035949707,15.422005653381348,1,1,True,c01,149,154,umap,strict_raw_latent,42
Teacher,132,9.886919021606445,17.98036003112793,0,0,True,c02,82,87,umap,strict_raw_latent,42
Teacher,133,6.964278697967529,-2.515193462371826,2,2,True,b01,599,604,umap,strict_raw_latent,42
Teacher,134,9.392154693603516,18.701534271240234,0,0,True,b01,124,129,umap,strict_raw_latent,42
Teacher,135,6.030755519866943,-8.112584114074707,2,2,True,a01,531,536,umap,strict_raw_latent,42
Teacher,136,7.663312911987305,-1.6930547952651978,2,2,True,c01,216,221,umap,strict_raw_latent,42
Teacher,137,5.8614888191223145,-8.125410079956055,2,2,True,a01,519,524,umap,strict_raw_latent,42
Teacher,138,13.112677574157715,15.96616268157959,1,1,True,b01,270,275,umap,strict_raw_latent,42
Teacher,139,9.248655319213867,18.79224967956543,0,0,True,b01,131,136,umap,strict_raw_latent,42
Teacher,140,13.207569122314453,16.033065795898438,1,1,True,b01,261,266,umap,strict_raw_latent,42
Teacher,141,8.043795585632324,-1.4373167753219604,2,2,True,c02,232,237,umap,strict_raw_latent,42
Teacher,142,8.142138481140137,-1.8445837497711182,2,2,True,c01,205,210,umap,strict_raw_latent,42
Teacher,143,4.840287208557129,-8.092544555664062,2,2,True,a01,549,554,umap,strict_raw_latent,42
Teacher,144,7.572752475738525,-1.7911385297775269,2,2,True,c01,215,220,umap,strict_raw_latent,42
Teacher,145,8.216963768005371,-2.6862103939056396,2,2,True,b01,545,550,umap,strict_raw_latent,42
Teacher,146,7.2895894050598145,-2.419538736343384,2,2,True,b01,568,573,umap,strict_raw_latent,42
Teacher,147,6.3974385261535645,-7.090893745422363,2,2,True,a01,490,495,umap,strict_raw_latent,42
Teacher,148,-8.718047142028809,-1.7609113454818726,1,1,True,a01,218,223,umap,strict_raw_latent,42
Teacher,149,4.729710102081299,-8.103870391845703,2,2,True,a01,559,564,umap,strict_raw_latent,42
Teacher,150,4.69122314453125,-8.053670883178711,2,2,True,a01,556,561,umap,strict_raw_latent,42
Teacher,151,8.749757766723633,19.11032485961914,0,0,True,b01,140,145,umap,strict_raw_latent,42
Teacher,152,11.298260688781738,15.648417472839355,1,1,True,c01,138,143,umap,strict_raw_latent,42
Teacher,153,13.142074584960938,15.992335319519043,1,1,True,b01,258,263,umap,strict_raw_latent,42
Teacher,154,7.8369669914245605,-1.3891897201538086,2,2,True,c02,226,231,umap,strict_raw_latent,42
Teacher,155,8.131753921508789,-1.303479790687561,2,2,True,c02,218,223,umap,strict_raw_latent,42
Teacher,156,9.928544044494629,17.93446922302246,0,0,True,c02,80,85,umap,strict_raw_latent,42
Teacher,157,7.21045446395874,-2.826245069503784,2,2,True,b01,577,582,umap,strict_raw_latent,42
Teacher,158,9.787774085998535,18.179407119750977,0,0,True,c02,77,82,umap,strict_raw_latent,42
Teacher,159,7.903290271759033,-1.4064518213272095,2,2,True,c02,230,235,umap,strict_raw_latent,42
Teacher,160,6.360448837280273,-7.128265380859375,2,2,True,a01,489,494,umap,strict_raw_latent,42
Teacher,161,-8.872727394104004,-1.9155528545379639,1,1,True,a01,214,219,umap,strict_raw_latent,42
Teacher,162,9.261627197265625,19.68058204650879,0,0,True,a01,87,92,umap,strict_raw_latent,42
Teacher,163,9.28450870513916,19.588098526000977,0,0,True,a01,81,86,umap,strict_raw_latent,42
Teacher,164,8.882363319396973,18.90522003173828,0,0,True,b01,137,142,umap,strict_raw_latent,42
Teacher,165,6.993033409118652,-2.4760653972625732,2,2,True,b01,600,605,umap,strict_raw_latent,42
Teacher,166,8.947796821594238,19.990976333618164,0,0,True,a01,96,101,umap,strict_raw_latent,42
Teacher,167,7.296053886413574,-2.254833936691284,2,2,True,b01,562,567,umap,strict_raw_latent,42
Teacher,168,7.250617027282715,-2.628192186355591,2,2,True,b01,566,571,umap,strict_raw_latent,42
Teacher,169,-8.775200843811035,-1.8180478811264038,1,1,True,a01,216,221,umap,strict_raw_latent,42
Teacher,170,5.574930191040039,-7.853682041168213,2,2,True,a01,538,543,umap,strict_raw_latent,42
Teacher,171,8.80451774597168,18.9610652923584,0,0,True,b01,138,143,umap,strict_raw_latent,42
Teacher,172,5.630966663360596,-7.901795864105225,2,2,True,a01,536,541,umap,strict_raw_latent,42
Teacher,173,4.921415328979492,-8.019674301147461,2,2,True,a01,553,558,umap,strict_raw_latent,42
Teacher,174,11.327637672424316,15.635494232177734,1,1,True,c01,131,136,umap,strict_raw_latent,42
Teacher,175,7.98895788192749,-1.4566463232040405,2,2,True,c02,229,234,umap,strict_raw_latent,42
Teacher,176,9.03689956665039,18.775423049926758,0,0,True,b01,134,139,umap,strict_raw_latent,42
Teacher,177,13.282273292541504,16.137346267700195,1,1,True,b01,278,283,umap,strict_raw_latent,42
Teacher,178,7.077763080596924,-2.0758042335510254,2,2,True,b01,596,601,umap,strict_raw_latent,42
Teacher,179,8.711884498596191,-2.500927686691284,2,2,True,b01,537,542,umap,strict_raw_latent,42
Teacher,180,7.281793117523193,-2.5205509662628174,2,2,True,b01,565,570,umap,strict_raw_latent,42
Teacher,181,11.347050666809082,15.650321960449219,1,1,True,c01,132,137,umap,strict_raw_latent,42
Teacher,182,8.650129318237305,-2.5197031497955322,2,2,True,b01,556,561,umap,strict_raw_latent,42
Teacher,183,6.048037528991699,-8.374283790588379,2,2,True,a01,524,529,umap,strict_raw_latent,42
Teacher,184,11.398120880126953,15.677850723266602,1,1,True,c01,129,134,umap,strict_raw_latent,42
Teacher,185,8.128747940063477,-1.2789150476455688,2,2,True,c02,217,222,umap,strict_raw_latent,42
Teacher,186,7.179523468017578,-2.8517158031463623,2,2,True,b01,578,583,umap,strict_raw_latent,42
Teacher,187,7.178587913513184,-2.864903211593628,2,2,True,b01,573,578,umap,strict_raw_latent,42
Teacher,188,13.09714412689209,16.009021759033203,1,1,True,b01,260,265,umap,strict_raw_latent,42
Teacher,189,12.866559982299805,16.034446716308594,0,1,False,c01,27,32,umap,strict_raw_latent,42
Teacher,190,9.687472343444824,18.34973907470703,0,0,True,c02,75,80,umap,strict_raw_latent,42
Teacher,191,6.364226341247559,-7.138883590698242,2,2,True,a01,487,492,umap,strict_raw_latent,42
Teacher,192,7.315723896026611,-2.4001359939575195,2,2,True,b01,560,565,umap,strict_raw_latent,42
Teacher,193,4.812594413757324,-8.00750732421875,2,2,True,a01,554,559,umap,strict_raw_latent,42
Teacher,194,8.161001205444336,-1.303765892982483,2,2,True,c02,214,219,umap,strict_raw_latent,42
Teacher,195,7.16945219039917,-2.232370376586914,2,2,True,b01,597,602,umap,strict_raw_latent,42
Teacher,196,9.251909255981445,19.71491813659668,0,0,True,a01,83,88,umap,strict_raw_latent,42
Teacher,197,13.124466896057129,15.988920211791992,1,1,True,b01,271,276,umap,strict_raw_latent,42
Teacher,198,7.088402271270752,-2.2630960941314697,2,2,True,b01,585,590,umap,strict_raw_latent,42
Teacher,199,13.343297958374023,16.22281837463379,1,1,True,b01,281,286,umap,strict_raw_latent,42
Teacher,200,6.868993282318115,-2.1561639308929443,2,2,True,b01,586,591,umap,strict_raw_latent,42
Teacher,201,11.007454872131348,15.287911415100098,1,1,True,c01,141,146,umap,strict_raw_latent,42
Teacher,202,13.320022583007812,16.200328826904297,1,1,True,b01,274,279,umap,strict_raw_latent,42
Teacher,203,9.319129943847656,19.62803840637207,0,0,True,a01,85,90,umap,strict_raw_latent,42
Teacher,204,5.402641773223877,-7.820286750793457,2,2,True,a01,543,548,umap,strict_raw_latent,42
Teacher,205,7.374286651611328,-1.956396222114563,2,2,True,c01,214,219,umap,strict_raw_latent,42
Teacher,206,9.23449420928955,18.753164291381836,0,0,True,b01,133,138,umap,strict_raw_latent,42
Teacher,207,6.629986763000488,-1.6901684999465942,2,2,True,b01,590,595,umap,strict_raw_latent,42
Teacher,208,13.070469856262207,15.916068077087402,1,1,True,b01,268,273,umap,strict_raw_latent,42
Teacher,209,5.622898101806641,-7.992368221282959,2,2,True,a01,513,518,umap,strict_raw_latent,42
Teacher,210,6.043135643005371,-7.4267802238464355,2,2,True,a01,499,504,umap,strict_raw_latent,42
Teacher,211,7.5959086418151855,-1.8377443552017212,2,2,True,c01,210,215,umap,strict_raw_latent,42
Teacher,212,9.474000930786133,18.875946044921875,0,0,True,b01,116,121,umap,strict_raw_latent,42
Teacher,213,7.357357978820801,-2.010619878768921,2,2,True,c01,211,216,umap,strict_raw_latent,42
Teacher,214,9.884199142456055,17.988611221313477,0,0,True,c02,79,84,umap,strict_raw_latent,42
Teacher,215,12.734831809997559,16.054330825805664,0,0,True,c01,25,30,umap,strict_raw_latent,42
Teacher,216,7.870858192443848,-1.3768595457077026,2,2,True,c02,227,232,umap,strict_raw_latent,42
Teacher,217,5.3842339515686035,-7.98124885559082,2,2,True,a01,516,521,umap,strict_raw_latent,42
Teacher,218,11.360316276550293,15.681099891662598,1,1,True,c01,133,138,umap,strict_raw_latent,42
Teacher,219,6.017109394073486,-8.249674797058105,2,2,True,a01,510,515,umap,strict_raw_latent,42
Teacher,220,5.6484222412109375,-7.863076210021973,2,2,True,a01,539,544,umap,strict_raw_latent,42
Teacher,221,8.642979621887207,-2.5661206245422363,2,2,True,b01,536,541,umap,strict_raw_latent,42
Teacher,222,5.694230079650879,-7.843375205993652,2,2,True,a01,517,522,umap,strict_raw_latent,42
Teacher,223,8.0179443359375,-1.3489315509796143,2,2,True,c02,220,225,umap,strict_raw_latent,42
Teacher,224,4.648477077484131,-8.037806510925293,2,1,False,a01,560,565,umap,strict_raw_latent,42
Teacher,225,6.131841659545898,-7.661899089813232,2,2,True,a01,505,510,umap,strict_raw_latent,42
Teacher,226,8.526372909545898,-2.7027876377105713,2,2,True,b01,550,555,umap,strict_raw_latent,42
Teacher,227,-8.754213333129883,-1.7970666885375977,1,1,True,a01,215,220,umap,strict_raw_latent,42
Teacher,228,5.492813587188721,-7.81201171875,2,2,True,a01,541,546,umap,strict_raw_latent,42
Teacher,229,13.124069213867188,15.952695846557617,1,1,True,b01,266,271,umap,strict_raw_latent,42
Teacher,230,5.96511697769165,-8.16422176361084,2,2,True,a01,529,534,umap,strict_raw_latent,42
Teacher,231,7.266402721405029,-2.732553482055664,2,2,True,b01,581,586,umap,strict_raw_latent,42
Teacher,232,9.40762710571289,18.827112197875977,0,0,True,b01,115,120,umap,strict_raw_latent,42
Teacher,233,7.860969543457031,-1.677357792854309,2,2,True,c01,208,213,umap,strict_raw_latent,42
Teacher,234,9.894001007080078,17.97044563293457,0,0,True,c02,81,86,umap,strict_raw_latent,42
Teacher,235,8.510004997253418,-2.2345688343048096,2,2,True,c02,211,216,umap,strict_raw_latent,42
Teacher,236,-8.766314506530762,-1.80917227268219,1,1,True,a01,217,222,umap,strict_raw_latent,42
Teacher,237,8.97481632232666,19.91921615600586,0,0,True,a01,97,102,umap,strict_raw_latent,42
Teacher,238,9.495689392089844,18.44070053100586,0,0,True,c02,67,72,umap,strict_raw_latent,42
Teacher,239,4.616638660430908,-8.081140518188477,2,2,True,a01,558,563,umap,strict_raw_latent,42
Teacher,240,11.358912467956543,15.703126907348633,1,1,True,c01,135,140,umap,strict_raw_latent,42
Teacher,241,8.974371910095215,18.828609466552734,0,0,True,b01,136,141,umap,strict_raw_latent,42
Teacher,242,5.566882610321045,-7.905641078948975,2,2,True,a01,537,542,umap,strict_raw_latent,42
Teacher,243,12.815876007080078,16.055530548095703,0,1,False,c01,26,31,umap,strict_raw_latent,42
Teacher,244,8.186660766601562,-2.7502429485321045,2,2,True,b01,549,554,umap,strict_raw_latent,42
Teacher,245,7.922905445098877,-1.683877944946289,2,2,True,c01,207,212,umap,strict_raw_latent,42
Teacher,246,7.253383636474609,-2.3768534660339355,2,2,True,b01,561,566,umap,strict_raw_latent,42
Teacher,247,8.845856666564941,19.832035064697266,0,0,True,a01,102,107,umap,strict_raw_latent,42
Teacher,248,5.790005207061768,-8.053903579711914,2,2,True,a01,512,517,umap,strict_raw_latent,42
Teacher,249,12.890807151794434,16.01581382751465,0,1,False,c01,28,33,umap,strict_raw_latent,42
Teacher,250,7.968090057373047,-1.3902699947357178,2,2,True,c02,228,233,umap,strict_raw_latent,42
Teacher,251,8.480120658874512,-2.710049629211426,2,2,True,b01,551,556,umap,strict_raw_latent,42
Teacher,252,6.68998908996582,-1.7302603721618652,2,2,True,b01,589,594,umap,strict_raw_latent,42
Teacher,253,5.777401924133301,-8.097851753234863,2,2,True,a01,535,540,umap,strict_raw_latent,42
Teacher,254,5.960738182067871,-7.413422107696533,2,2,True,a01,497,502,umap,strict_raw_latent,42
Teacher,255,9.84255599975586,18.06694221496582,0,0,True,c02,78,83,umap,strict_raw_latent,42
Teacher,256,7.125996112823486,-2.3860394954681396,2,2,True,b01,603,608,umap,strict_raw_latent,42
Teacher,257,8.378849983215332,-2.7247774600982666,2,2,True,b01,548,553,umap,strict_raw_latent,42
Teacher,258,6.070316314697266,-8.071512222290039,2,2,True,a01,532,537,umap,strict_raw_latent,42
Teacher,259,11.3358793258667,15.68679141998291,1,1,True,c01,136,141,umap,strict_raw_latent,42
Teacher,260,5.935046672821045,-8.190595626831055,2,2,True,a01,511,516,umap,strict_raw_latent,42
Teacher,261,9.6011381149292,19.00314712524414,0,0,True,b01,120,125,umap,strict_raw_latent,42
Teacher,262,-8.955166816711426,-1.9979711771011353,1,1,True,a01,209,214,umap,strict_raw_latent,42
Teacher,263,-8.891826629638672,-1.9346551895141602,1,1,True,a01,220,225,umap,strict_raw_latent,42
Teacher,264,8.576188087463379,-2.543158531188965,2,2,True,b01,544,549,umap,strict_raw_latent,42
Teacher,265,-8.927787780761719,-1.9705885648727417,1,1,True,a01,204,209,umap,strict_raw_latent,42
Teacher,266,6.167026519775391,-7.463139057159424,2,2,True,a01,484,489,umap,strict_raw_latent,42
Teacher,267,6.0734405517578125,-7.852182388305664,2,2,True,a01,506,511,umap,strict_raw_latent,42
Teacher,268,13.421263694763184,16.325223922729492,1,1,True,b01,286,291,umap,strict_raw_latent,42
Teacher,269,13.154454231262207,15.991747856140137,1,1,True,b01,264,269,umap,strict_raw_latent,42
Teacher,270,8.803194046020508,18.989336013793945,0,0,True,b01,139,144,umap,strict_raw_latent,42
Teacher,271,7.987805366516113,-1.3475582599639893,2,2,True,c02,221,226,umap,strict_raw_latent,42
Teacher,272,9.41064453125,18.676677703857422,0,0,True,b01,111,116,umap,strict_raw_latent,42
Teacher,273,10.993557929992676,15.280186653137207,1,1,True,c01,146,151,umap,strict_raw_latent,42
Teacher,274,7.575830459594727,-2.5342962741851807,2,2,True,b01,567,572,umap,strict_raw_latent,42
Teacher,275,5.59111213684082,-7.9215312004089355,2,2,True,a01,518,523,umap,strict_raw_latent,42
Teacher,276,8.727935791015625,-2.526733875274658,2,2,True,b01,555,560,umap,strict_raw_latent,42
Teacher,277,9.254415512084961,18.82120704650879,0,0,True,b01,130,135,umap,strict_raw_latent,42
Teacher,278,7.770272254943848,-1.369496464729309,2,2,True,c02,224,229,umap,strict_raw_latent,42
Teacher,279,9.159212112426758,19.823219299316406,0,0,True,a01,89,94,umap,strict_raw_latent,42
Teacher,280,9.577653884887695,18.978824615478516,0,0,True,b01,118,123,umap,strict_raw_latent,42
Teacher,281,6.0024237632751465,-8.241546630859375,2,2,True,a01,528,533,umap,strict_raw_latent,42
Teacher,282,13.446816444396973,16.340879440307617,1,1,True,b01,284,289,umap,strict_raw_latent,42
Teacher,283,6.027548313140869,-8.303833961486816,2,2,True,a01,526,531,umap,strict_raw_latent,42
Teacher,284,8.834009170532227,-2.405139684677124,2,2,True,b01,535,540,umap,strict_raw_latent,42
Teacher,285,7.193309307098389,-2.8736190795898438,2,2,True,b01,576,581,umap,strict_raw_latent,42
Teacher,286,9.896683692932129,17.971511840820312,0,0,True,c02,83,88,umap,strict_raw_latent,42
Teacher,287,7.255910396575928,-2.396829605102539,2,2,True,b01,563,568,umap,strict_raw_latent,42
Teacher,288,7.19124698638916,-2.6070408821105957,2,2,True,b01,564,569,umap,strict_raw_latent,42
Teacher,289,11.04025650024414,15.335175514221191,1,1,True,c01,147,152,umap,strict_raw_latent,42
Teacher,290,5.817324161529541,-8.068068504333496,2,2,True,a01,534,539,umap,strict_raw_latent,42
Teacher,291,5.972507953643799,-7.403010368347168,2,2,True,a01,498,503,umap,strict_raw_latent,42
Teacher,292,9.324089050292969,19.61518096923828,0,0,True,a01,82,87,umap,strict_raw_latent,42
Teacher,293,9.422399520874023,18.84827423095703,0,0,True,b01,114,119,umap,strict_raw_latent,42
Teacher,294,13.161925315856934,16.015886306762695,1,1,True,b01,256,261,umap,strict_raw_latent,42
Teacher,295,8.807197570800781,-2.47243332862854,2,2,True,b01,539,544,umap,strict_raw_latent,42
Teacher,296,13.346489906311035,16.231969833374023,1,1,True,b01,277,282,umap,strict_raw_latent,42
Teacher,297,-9.042701721191406,-2.085538625717163,1,1,True,a01,210,215,umap,strict_raw_latent,42
Teacher,298,5.554032802581787,-7.7772674560546875,2,2,True,a01,540,545,umap,strict_raw_latent,42
Teacher,299,9.700713157653809,18.333168029785156,0,0,True,c02,73,78,umap,strict_raw_latent,42
Teacher,300,7.225326061248779,-2.929335594177246,2,2,True,b01,575,580,umap,strict_raw_latent,42
Teacher,301,6.352714538574219,-7.178987979888916,2,2,True,a01,492,497,umap,strict_raw_latent,42
Teacher,302,9.656155586242676,18.349790573120117,0,0,True,c02,71,76,umap,strict_raw_latent,42
Teacher,303,6.109224796295166,-7.506303787231445,2,2,True,a01,494,499,umap,strict_raw_latent,42
Teacher,304,-8.904633522033691,-1.947412133216858,1,1,True,a01,205,210,umap,strict_raw_latent,42
Teacher,305,5.942904949188232,-8.279481887817383,2,2,True,a01,520,525,umap,strict_raw_latent,42
Teacher,306,6.981762886047363,-2.5551846027374268,2,2,True,b01,602,607,umap,strict_raw_latent,42
Teacher,307,7.09138822555542,-2.547461986541748,2,2,True,b01,607,612,umap,strict_raw_latent,42
Teacher,308,9.294618606567383,18.653963088989258,0,0,True,b01,125,130,umap,strict_raw_latent,42
Teacher,309,6.694308280944824,-1.742720603942871,2,2,True,b01,594,599,umap,strict_raw_latent,42
Teacher,310,7.420555114746094,-1.9263064861297607,2,2,True,c01,213,218,umap,strict_raw_latent,42
Teacher,311,13.35324478149414,16.23007583618164,1,1,True,b01,280,285,umap,strict_raw_latent,42
Teacher,312,7.081198692321777,-2.3583879470825195,2,2,True,b01,604,609,umap,strict_raw_latent,42
Teacher,313,6.7130632400512695,-1.8090816736221313,2,2,True,b01,587,592,umap,strict_raw_latent,42
Teacher,314,6.670660972595215,-1.7319729328155518,2,1,False,b01,591,596,umap,strict_raw_latent,42
Teacher,315,9.464960098266602,18.49309539794922,0,0,True,c02,68,73,umap,strict_raw_latent,42
Teacher,316,13.210466384887695,16.06257438659668,1,1,True,b01,272,277,umap,strict_raw_latent,42
Teacher,317,5.501824855804443,-7.768725872039795,2,2,True,a01,542,547,umap,strict_raw_latent,42
Teacher,318,9.716348648071289,18.331655502319336,0,0,True,c02,74,79,umap,strict_raw_latent,42
Teacher,319,9.263787269592285,18.639785766601562,0,0,True,b01,126,131,umap,strict_raw_latent,42
Teacher,320,13.22982120513916,15.953609466552734,1,1,True,b01,265,270,umap,strict_raw_latent,42
Teacher,321,11.379047393798828,15.648348808288574,1,1,True,c01,130,135,umap,strict_raw_latent,42
Teacher,322,8.244300842285156,-2.69118332862854,2,2,True,b01,559,564,umap,strict_raw_latent,42
Teacher,323,11.410162925720215,15.69720458984375,1,1,True,c01,128,133,umap,strict_raw_latent,42
Teacher,324,9.641014099121094,18.719167709350586,0,0,True,b01,123,128,umap,strict_raw_latent,42
Teacher,325,7.099667549133301,-2.3759357929229736,2,2,True,b01,601,606,umap,strict_raw_latent,42
Teacher,326,4.960723876953125,-8.003337860107422,2,2,True,a01,545,550,umap,strict_raw_latent,42
Teacher,327,13.213838577270508,16.053064346313477,1,1,True,b01,269,274,umap,strict_raw_latent,42
Teacher,328,8.099934577941895,-1.281764268875122,2,2,True,c02,216,221,umap,strict_raw_latent,42
Teacher,329,5.977853298187256,-8.280932426452637,2,2,True,a01,522,527,umap,strict_raw_latent,42
Teacher,330,6.052169322967529,-8.295432090759277,2,2,True,a01,508,513,umap,strict_raw_latent,42
Teacher,331,9.023662567138672,20.004528045654297,0,0,True,a01,90,95,umap,strict_raw_latent,42
Teacher,332,6.191020965576172,-7.458700180053711,2,2,True,a01,503,508,umap,strict_raw_latent,42
Teacher,333,6.0987324714660645,-7.697447299957275,2,2,True,a01,482,487,umap,strict_raw_latent,42
Teacher,334,6.673542022705078,-1.7360093593597412,2,2,True,b01,595,600,umap,strict_raw_latent,42
Teacher,335,8.946255683898926,19.85802459716797,0,0,True,a01,98,103,umap,strict_raw_latent,42
Teacher,336,-8.986308097839355,-2.029121160507202,1,1,True,a01,196,201,umap,strict_raw_latent,42
Teacher,337,6.1135640144348145,-7.950516700744629,2,2,True,a01,507,512,umap,strict_raw_latent,42
Teacher,338,6.042072772979736,-8.335573196411133,2,2,True,a01,525,530,umap,strict_raw_latent,42
Teacher,339,6.710690021514893,-1.749976396560669,2,2,True,b01,588,593,umap,strict_raw_latent,42
Teacher,340,7.004830837249756,-2.534411668777466,2,2,True,b01,608,613,umap,strict_raw_latent,42
Teacher,341,-8.969836235046387,-2.0126283168792725,1,1,True,a01,197,202,umap,strict_raw_latent,42
Teacher,342,-8.925312995910645,-1.9680975675582886,1,1,True,a01,212,217,umap,strict_raw_latent,42
Teacher,343,8.781712532043457,19.06648826599121,0,0,True,b01,141,146,umap,strict_raw_latent,42
Teacher,344,8.088957786560059,-1.3161731958389282,2,2,True,c02,219,224,umap,strict_raw_latent,42
Teacher,345,10.972461700439453,15.255633354187012,1,1,True,c01,142,147,umap,strict_raw_latent,42
Teacher,346,8.907611846923828,19.770858764648438,0,0,True,a01,100,105,umap,strict_raw_latent,42
Teacher,347,6.980013370513916,-2.3767812252044678,2,2,True,b01,583,588,umap,strict_raw_latent,42
Teacher,348,5.023829460144043,-7.920941352844238,2,2,True,a01,546,551,umap,strict_raw_latent,42
Teacher,349,4.653552532196045,-8.085243225097656,2,2,True,a01,557,562,umap,strict_raw_latent,42
Teacher,350,10.978288650512695,15.261515617370605,1,1,True,c01,145,150,umap,strict_raw_latent,42
Teacher,351,6.01637601852417,-8.154370307922363,2,2,True,a01,530,535,umap,strict_raw_latent,42
Teacher,352,8.268543243408203,-2.7018442153930664,2,2,True,b01,547,552,umap,strict_raw_latent,42
Teacher,353,9.552573204040527,19.048839569091797,0,0,True,b01,117,122,umap,strict_raw_latent,42
Teacher,354,9.152031898498535,19.789878845214844,0,0,True,a01,88,93,umap,strict_raw_latent,42
Teacher,355,4.832093238830566,-8.03864574432373,2,2,True,a01,552,557,umap,strict_raw_latent,42
Student-only,0,-0.4611164927482605,4.576234340667725,2,2,True,c02,208,213,umap,strict_raw_latent,42
Student-only,1,0.11600629985332489,5.934758186340332,2,2,True,a01,496,501,umap,strict_raw_latent,42
Student-only,2,-1.106150507926941,3.143857002258301,2,2,True,b01,558,563,umap,strict_raw_latent,42
Student-only,3,0.26545873284339905,11.322638511657715,1,1,True,c01,127,132,umap,strict_raw_latent,42
Student-only,4,-0.10659873485565186,5.588676929473877,2,2,True,a01,521,526,umap,strict_raw_latent,42
Student-only,5,-0.43834051489830017,4.509411811828613,2,2,True,c02,210,215,umap,strict_raw_latent,42
Student-only,6,-5.7135233879089355,14.533153533935547,0,0,True,c02,69,74,umap,strict_raw_latent,42
Student-only,7,-0.3657531142234802,6.021059989929199,2,2,True,a01,504,509,umap,strict_raw_latent,42
Student-only,8,-1.5646802186965942,2.7013683319091797,2,2,True,b01,598,603,umap,strict_raw_latent,42
Student-only,9,-4.248006343841553,14.609960556030273,0,1,False,c02,84,89,umap,strict_raw_latent,42
Student-only,10,-0.3569576144218445,7.5975117683410645,2,2,True,a01,555,560,umap,strict_raw_latent,42
Student-only,11,-0.7789636254310608,4.062009334564209,2,2,True,b01,553,558,umap,strict_raw_latent,42
Student-only,12,-0.7062516212463379,3.0831139087677,2,2,True,c02,231,236,umap,strict_raw_latent,42
Student-only,13,0.11050960421562195,5.9451751708984375,2,2,True,a01,500,505,umap,strict_raw_latent,42
Student-only,14,0.5669938921928406,10.642168045043945,1,2,False,c01,144,149,umap,strict_raw_latent,42
Student-only,15,-1.9552876949310303,2.8056252002716064,2,2,True,b01,582,587,umap,strict_raw_latent,42
Student-only,16,-0.6880074143409729,4.117680072784424,2,2,True,b01,541,546,umap,strict_raw_latent,42
Student-only,17,-4.679185390472412,14.278488159179688,0,0,True,a01,99,104,umap,strict_raw_latent,42
Student-only,18,-4.486813068389893,14.307373046875,0,0,True,a01,95,100,umap,strict_raw_latent,42
Student-only,19,6.918822288513184,6.675013065338135,1,1,True,b01,263,268,umap,strict_raw_latent,42
Student-only,20,-0.6770630478858948,4.178521633148193,2,2,True,b01,538,543,umap,strict_raw_latent,42
Student-only,21,7.404808521270752,6.617504119873047,1,1,True,b01,285,290,umap,strict_raw_latent,42
Student-only,22,0.07737277448177338,5.952023983001709,2,2,True,a01,486,491,umap,strict_raw_latent,42
Student-only,23,-0.900738537311554,2.3968000411987305,2,2,True,c01,206,211,umap,strict_raw_latent,42
Student-only,24,7.4246625900268555,6.442197322845459,1,1,True,a01,201,206,umap,strict_raw_latent,42
Student-only,25,-0.6687141060829163,4.179464817047119,2,2,True,b01,542,547,umap,strict_raw_latent,42
Student-only,26,-4.99876594543457,14.311582565307617,0,0,True,b01,119,124,umap,strict_raw_latent,42
Student-only,27,-1.36833918094635,2.6702661514282227,2,2,True,b01,579,584,umap,strict_raw_latent,42
Student-only,28,-1.829625129699707,2.665994644165039,2,2,True,b01,606,611,umap,strict_raw_latent,42
Student-only,29,7.390333652496338,6.391038417816162,1,2,False,a01,200,205,umap,strict_raw_latent,42
Student-only,30,-0.48347654938697815,4.649995803833008,2,2,True,c02,207,212,umap,strict_raw_latent,42
Student-only,31,-2.096902847290039,2.634620189666748,2,2,True,b01,593,598,umap,strict_raw_latent,42
Student-only,32,7.773721694946289,6.4354634284973145,1,1,True,a01,211,216,umap,strict_raw_latent,42
Student-only,33,-0.3223232328891754,6.914772987365723,2,2,True,a01,483,488,umap,strict_raw_latent,42
Student-only,34,-5.400521755218506,14.470216751098633,0,0,True,b01,113,118,umap,strict_raw_latent,42
Student-only,35,-0.7572638392448425,4.106054782867432,2,2,True,b01,552,557,umap,strict_raw_latent,42
Student-only,36,-0.2058885246515274,5.545032501220703,2,2,True,a01,485,490,umap,strict_raw_latent,42
Student-only,37,-0.3965567350387573,6.467472553253174,2,2,True,a01,481,486,umap,strict_raw_latent,42
Student-only,38,0.5558460354804993,10.657583236694336,1,2,False,c01,143,148,umap,strict_raw_latent,42
Student-only,39,-1.1574389934539795,3.71756649017334,2,2,True,b01,557,562,umap,strict_raw_latent,42
Student-only,40,-4.9430694580078125,14.637898445129395,0,0,True,b01,128,133,umap,strict_raw_latent,42
Student-only,41,7.083008766174316,6.608699321746826,1,1,True,b01,279,284,umap,strict_raw_latent,42
Student-only,42,-4.476413249969482,14.25013542175293,0,0,True,a01,103,108,umap,strict_raw_latent,42
Student-only,43,-4.9331889152526855,14.641603469848633,0,0,True,b01,129,134,umap,strict_raw_latent,42
Student-only,44,-0.33242714405059814,7.128498554229736,2,2,True,a01,514,519,umap,strict_raw_latent,42
Student-only,45,7.05882453918457,6.62313985824585,1,1,True,b01,262,267,umap,strict_raw_latent,42
Student-only,46,-5.697236061096191,14.53393268585205,0,0,True,c02,72,77,umap,strict_raw_latent,42
Student-only,47,-4.534029006958008,14.238136291503906,0,0,True,a01,94,99,umap,strict_raw_latent,42
Student-only,48,-0.28294894099235535,7.020391941070557,2,2,True,a01,515,520,umap,strict_raw_latent,42
Student-only,49,-0.7305850982666016,4.061783313751221,2,2,True,b01,543,548,umap,strict_raw_latent,42
Student-only,50,-0.2847723364830017,7.191366672515869,2,2,True,a01,551,556,umap,strict_raw_latent,42
Student-only,51,-0.05097158998250961,5.982960224151611,2,2,True,a01,501,506,umap,strict_raw_latent,42
Student-only,52,-1.9520078897476196,2.4772720336914062,2,2,True,b01,592,597,umap,strict_raw_latent,42
Student-only,53,-0.5991480350494385,4.418700218200684,1,2,False,c02,107,112,umap,strict_raw_latent,42
Student-only,54,-5.453263759613037,14.516876220703125,0,0,True,b01,112,117,umap,strict_raw_latent,42
Student-only,55,-0.26318448781967163,5.464315891265869,2,2,True,a01,491,496,umap,strict_raw_latent,42
Student-only,56,0.5032935738563538,10.756011009216309,1,2,False,c01,140,145,umap,strict_raw_latent,42
Student-only,57,0.24320152401924133,11.35389518737793,1,1,True,c01,126,131,umap,strict_raw_latent,42
Student-only,58,-1.4704605340957642,2.9009969234466553,2,2,True,b01,572,577,umap,strict_raw_latent,42
Student-only,59,6.890671730041504,6.713528156280518,1,1,True,b01,267,272,umap,strict_raw_latent,42
Student-only,60,0.44236183166503906,10.876928329467773,1,1,True,c01,139,144,umap,strict_raw_latent,42
Student-only,61,-5.269145965576172,14.370447158813477,0,0,True,a01,86,91,umap,strict_raw_latent,42
Student-only,62,-0.6606155037879944,3.2105071544647217,2,2,True,c02,222,227,umap,strict_raw_latent,42
Student-only,63,7.944210052490234,6.391535758972168,1,1,True,a01,219,224,umap,strict_raw_latent,42
Student-only,64,-0.7069832682609558,3.4444286823272705,2,2,True,c02,215,220,umap,strict_raw_latent,42
Student-only,65,-5.095190048217773,14.380088806152344,0,0,True,b01,121,126,umap,strict_raw_latent,42
Student-only,66,-0.2251005321741104,5.325561046600342,2,2,True,a01,488,493,umap,strict_raw_latent,42
Student-only,67,-0.06543495506048203,5.65912389755249,2,2,True,a01,527,532,umap,strict_raw_latent,42
Student-only,68,-0.5585095286369324,4.079380035400391,2,2,True,c02,212,217,umap,strict_raw_latent,42
Student-only,69,6.784071445465088,6.760295391082764,1,1,True,b01,259,264,umap,strict_raw_latent,42
Student-only,70,-1.487263560295105,2.8939857482910156,2,2,True,b01,574,579,umap,strict_raw_latent,42
Student-only,71,-2.0268425941467285,2.822279453277588,2,2,True,b01,546,551,umap,strict_raw_latent,42
Student-only,72,-0.17597652971744537,7.193884372711182,2,2,True,a01,547,552,umap,strict_raw_latent,42
Student-only,73,7.338385105133057,6.58798885345459,1,1,True,a01,202,207,umap,strict_raw_latent,42
Student-only,74,-1.6194090843200684,2.5912129878997803,2,2,True,b01,571,576,umap,strict_raw_latent,42
Student-only,75,-0.3369351327419281,6.967375755310059,2,2,True,a01,548,553,umap,strict_raw_latent,42
Student-only,76,0.21206124126911163,11.3851900100708,1,1,True,c01,124,129,umap,strict_raw_latent,42
Student-only,77,-0.39344197511672974,5.947819709777832,2,2,True,a01,509,514,umap,strict_raw_latent,42
Student-only,78,7.816415309906006,6.372182846069336,1,1,True,a01,213,218,umap,strict_raw_latent,42
Student-only,79,6.89112663269043,6.154991149902344,1,2,False,b01,282,287,umap,strict_raw_latent,42
Student-only,80,-4.357732772827148,14.626481056213379,0,1,False,b01,132,137,umap,strict_raw_latent,42
Student-only,81,-5.642737865447998,14.502519607543945,0,0,True,c02,70,75,umap,strict_raw_latent,42
Student-only,82,-0.8365335464477539,2.3510804176330566,2,2,True,c01,212,217,umap,strict_raw_latent,42
Student-only,83,-0.5551210641860962,3.4917256832122803,2,2,True,c02,223,228,umap,strict_raw_latent,42
Student-only,84,-0.8002031445503235,2.3214404582977295,2,2,True,c01,209,214,umap,strict_raw_latent,42
Student-only,85,7.587120056152344,6.478321075439453,1,1,True,a01,203,208,umap,strict_raw_latent,42
Student-only,86,-0.124045729637146,5.550534248352051,2,2,True,a01,523,528,umap,strict_raw_latent,42
Student-only,87,7.673646926879883,6.540918827056885,1,1,True,a01,208,213,umap,strict_raw_latent,42
Student-only,88,7.65457010269165,6.518734931945801,1,1,True,a01,207,212,umap,strict_raw_latent,42
Student-only,89,-0.6034697890281677,4.112064361572266,2,2,True,b01,533,538,umap,strict_raw_latent,42
Student-only,90,0.22644682228565216,11.378105163574219,1,1,True,c01,125,130,umap,strict_raw_latent,42
Student-only,91,-5.079720973968506,14.54939079284668,0,0,True,b01,127,132,umap,strict_raw_latent,42
Student-only,92,7.461740493774414,6.35554838180542,1,1,True,a01,198,203,umap,strict_raw_latent,42
Student-only,93,-4.251876354217529,14.59825611114502,0,1,False,a01,91,96,umap,strict_raw_latent,42
Student-only,94,-0.45854896306991577,6.063305854797363,2,2,True,a01,502,507,umap,strict_raw_latent,42
Student-only,95,-0.4417518079280853,4.644693374633789,2,2,True,c02,209,214,umap,strict_raw_latent,42
Student-only,96,-5.716168403625488,14.560648918151855,0,0,True,c02,76,81,umap,strict_raw_latent,42
Student-only,97,-0.23732814192771912,5.926347732543945,2,2,True,a01,493,498,umap,strict_raw_latent,42
Student-only,98,0.032197970896959305,5.892212867736816,2,2,True,a01,533,538,umap,strict_raw_latent,42
Student-only,99,-4.370156764984131,14.425713539123535,0,0,True,a01,92,97,umap,strict_raw_latent,42
Student-only,100,-4.410694122314453,14.761789321899414,0,0,True,b01,135,140,umap,strict_raw_latent,42
Student-only,101,-0.5171877145767212,3.5049805641174316,2,2,True,c02,225,230,umap,strict_raw_latent,42
Student-only,102,-4.442878723144531,14.333406448364258,0,0,True,a01,93,98,umap,strict_raw_latent,42
Student-only,103,7.441503524780273,6.380064010620117,1,1,True,a01,199,204,umap,strict_raw_latent,42
Student-only,104,-4.962795734405518,14.42972469329834,0,0,True,b01,122,127,umap,strict_raw_latent,42
Student-only,105,0.08796147257089615,5.901577472686768,2,2,True,a01,495,500,umap,strict_raw_latent,42
Student-only,106,0.2469034045934677,11.338163375854492,1,1,True,c01,134,139,umap,strict_raw_latent,42
Student-only,107,-1.8271774053573608,2.618695020675659,2,2,True,b01,570,575,umap,strict_raw_latent,42
Student-only,108,-1.7469656467437744,2.5935263633728027,2,2,True,b01,584,589,umap,strict_raw_latent,42
Student-only,109,-0.5523185729980469,4.3060526847839355,2,2,True,b01,534,539,umap,strict_raw_latent,42
Student-only,110,6.927439212799072,6.174623489379883,1,2,False,b01,276,281,umap,strict_raw_latent,42
Student-only,111,-0.7182418704032898,4.140355110168457,2,2,True,b01,540,545,umap,strict_raw_latent,42
Student-only,112,-1.9147928953170776,2.880204916000366,2,2,True,b01,580,585,umap,strict_raw_latent,42
Student-only,113,-0.7998518347740173,3.8446483612060547,2,2,True,b01,554,559,umap,strict_raw_latent,42
Student-only,114,-4.2285566329956055,14.895136833190918,0,1,False,b01,142,147,umap,strict_raw_latent,42
Student-only,115,-4.985114097595215,14.388322830200195,0,0,True,a01,84,89,umap,strict_raw_latent,42
Student-only,116,-0.2640237808227539,6.9423017501831055,2,2,True,a01,544,549,umap,strict_raw_latent,42
Student-only,117,0.3424939811229706,11.228711128234863,1,1,True,c01,137,142,umap,strict_raw_latent,42
Student-only,118,6.883172988891602,6.584447383880615,1,2,False,b01,275,280,umap,strict_raw_latent,42
Student-only,119,-1.773599624633789,2.6661183834075928,2,2,True,b01,605,610,umap,strict_raw_latent,42
Student-only,120,-4.2441205978393555,14.853160858154297,0,1,False,b01,143,148,umap,strict_raw_latent,42
Student-only,121,-4.554737091064453,14.281195640563965,0,0,True,a01,101,106,umap,strict_raw_latent,42
Student-only,122,0.4422699809074402,10.826879501342773,1,2,False,c01,148,153,umap,strict_raw_latent,42
Student-only,123,7.154830455780029,6.452658653259277,1,1,True,b01,273,278,umap,strict_raw_latent,42
Student-only,124,-0.33308735489845276,7.126663684844971,2,2,True,a01,550,555,umap,strict_raw_latent,42
Student-only,125,6.808307647705078,6.782931804656982,1,1,True,b01,257,262,umap,strict_raw_latent,42
Student-only,126,7.751250267028809,6.523272514343262,1,1,True,a01,206,211,umap,strict_raw_latent,42
Student-only,127,6.919912338256836,6.1856913566589355,1,2,False,b01,283,288,umap,strict_raw_latent,42
Student-only,128,-0.9009811282157898,3.053488254547119,2,2,True,c02,233,238,umap,strict_raw_latent,42
Student-only,129,-1.8872710466384888,2.810504198074341,2,2,True,b01,569,574,umap,strict_raw_latent,42
Student-only,130,-0.5718788504600525,3.843341112136841,2,2,True,c02,213,218,umap,strict_raw_latent,42
Student-only,131,0.5230306386947632,10.71636962890625,1,2,False,c01,149,154,umap,strict_raw_latent,42
Student-only,132,-4.43760871887207,14.574495315551758,0,1,False,c02,82,87,umap,strict_raw_latent,42
Student-only,133,-1.443235158920288,2.815768003463745,2,2,True,b01,599,604,umap,strict_raw_latent,42
Student-only,134,-5.242359161376953,14.550453186035156,0,0,True,b01,124,129,umap,strict_raw_latent,42
Student-only,135,0.0704735517501831,5.807773113250732,2,2,True,a01,531,536,umap,strict_raw_latent,42
Student-only,136,-0.8411945104598999,2.3900859355926514,2,2,True,c01,216,221,umap,strict_raw_latent,42
Student-only,137,-0.14677228033542633,6.687648773193359,2,2,True,a01,519,524,umap,strict_raw_latent,42
Student-only,138,6.805323123931885,6.7421040534973145,1,1,True,b01,270,275,umap,strict_raw_latent,42
Student-only,139,-4.746238708496094,14.559840202331543,0,0,True,b01,131,136,umap,strict_raw_latent,42
Student-only,140,7.023523330688477,6.799834728240967,1,1,True,b01,261,266,umap,strict_raw_latent,42
Student-only,141,-0.7754094004631042,3.1280672550201416,2,2,True,c02,232,237,umap,strict_raw_latent,42
Student-only,142,-0.9128323793411255,2.43698787689209,2,2,True,c01,205,210,umap,strict_raw_latent,42
Student-only,143,-0.29679179191589355,7.129706859588623,2,2,True,a01,549,554,umap,strict_raw_latent,42
Student-only,144,-0.9333068132400513,2.463949680328369,2,2,True,c01,215,220,umap,strict_raw_latent,42
Student-only,145,-1.3317441940307617,2.927100419998169,2,2,True,b01,545,550,umap,strict_raw_latent,42
Student-only,146,-1.7264511585235596,2.5793161392211914,2,2,True,b01,568,573,umap,strict_raw_latent,42
Student-only,147,-0.30189409852027893,5.343069076538086,2,2,True,a01,490,495,umap,strict_raw_latent,42
Student-only,148,7.94219970703125,6.414187431335449,1,1,True,a01,218,223,umap,strict_raw_latent,42
Student-only,149,-0.33596938848495483,7.635720252990723,2,2,True,a01,559,564,umap,strict_raw_latent,42
Student-only,150,-0.33403682708740234,7.603506088256836,2,2,True,a01,556,561,umap,strict_raw_latent,42
Student-only,151,-4.304046154022217,14.889355659484863,0,1,False,b01,140,145,umap,strict_raw_latent,42
Student-only,152,0.371769517660141,11.175976753234863,1,1,True,c01,138,143,umap,strict_raw_latent,42
Student-only,153,6.777286529541016,6.775784492492676,1,1,True,b01,258,263,umap,strict_raw_latent,42
Student-only,154,-0.4680345356464386,3.4911386966705322,2,2,True,c02,226,231,umap,strict_raw_latent,42
Student-only,155,-0.8142821192741394,3.2902567386627197,2,2,True,c02,218,223,umap,strict_raw_latent,42
Student-only,156,-4.289364814758301,14.592219352722168,0,1,False,c02,80,85,umap,strict_raw_latent,42
Student-only,157,-1.2605088949203491,2.7252044677734375,2,2,True,b01,577,582,umap,strict_raw_latent,42
Student-only,158,-5.476985931396484,14.56909465789795,0,0,True,c02,77,82,umap,strict_raw_latent,42
Student-only,159,-0.4556911587715149,3.3906331062316895,2,2,True,c02,230,235,umap,strict_raw_latent,42
Student-only,160,-0.36474284529685974,4.995924949645996,2,2,True,a01,489,494,umap,strict_raw_latent,42
Student-only,161,7.729684352874756,6.51401948928833,1,1,True,a01,214,219,umap,strict_raw_latent,42
Student-only,162,-4.841010093688965,14.251782417297363,0,0,True,a01,87,92,umap,strict_raw_latent,42
Student-only,163,-4.63801908493042,14.319167137145996,0,0,True,a01,81,86,umap,strict_raw_latent,42
Student-only,164,-4.248531818389893,14.889998435974121,0,1,False,b01,137,142,umap,strict_raw_latent,42
Student-only,165,-1.745725393295288,2.5181281566619873,2,2,True,b01,600,605,umap,strict_raw_latent,42
Student-only,166,-4.613656520843506,14.269938468933105,0,0,True,a01,96,101,umap,strict_raw_latent,42
Student-only,167,-1.388075351715088,2.7134323120117188,2,2,True,b01,562,567,umap,strict_raw_latent,42
Student-only,168,-1.4973859786987305,2.6164064407348633,2,2,True,b01,566,571,umap,strict_raw_latent,42
Student-only,169,7.955105781555176,6.384917736053467,1,1,True,a01,216,221,umap,strict_raw_latent,42
Student-only,170,-0.33616939187049866,7.0411200523376465,2,2,True,a01,538,543,umap,strict_raw_latent,42
Student-only,171,-4.276204586029053,14.871969223022461,0,1,False,b01,138,143,umap,strict_raw_latent,42
Student-only,172,0.06613156944513321,6.118224620819092,2,2,True,a01,536,541,umap,strict_raw_latent,42
Student-only,173,-0.30932462215423584,7.408663749694824,2,2,True,a01,553,558,umap,strict_raw_latent,42
Student-only,174,0.27305614948272705,11.33531665802002,1,1,True,c01,131,136,umap,strict_raw_latent,42
Student-only,175,-0.40457630157470703,3.4526312351226807,2,2,True,c02,229,234,umap,strict_raw_latent,42
Student-only,176,-4.219727993011475,14.818642616271973,0,1,False,b01,134,139,umap,strict_raw_latent,42
Student-only,177,7.068291187286377,6.520838737487793,1,1,True,b01,278,283,umap,strict_raw_latent,42
Student-only,178,-1.8683736324310303,2.453885793685913,2,2,True,b01,596,601,umap,strict_raw_latent,42
Student-only,179,-0.6595527529716492,4.079038143157959,2,2,True,b01,537,542,umap,strict_raw_latent,42
Student-only,180,-1.8869214057922363,2.880394697189331,2,2,True,b01,565,570,umap,strict_raw_latent,42
Student-only,181,0.2428605556488037,11.33430004119873,1,1,True,c01,132,137,umap,strict_raw_latent,42
Student-only,182,-0.7571425437927246,3.8312079906463623,2,2,True,b01,556,561,umap,strict_raw_latent,42
Student-only,183,0.07346203178167343,5.634906768798828,2,2,True,a01,524,529,umap,strict_raw_latent,42
Student-only,184,0.2427893728017807,11.340569496154785,1,1,True,c01,129,134,umap,strict_raw_latent,42
Student-only,185,-0.7833855152130127,3.2034401893615723,2,2,True,c02,217,222,umap,strict_raw_latent,42
Student-only,186,-1.4599525928497314,2.7645363807678223,2,2,True,b01,578,583,umap,strict_raw_latent,42
Student-only,187,-1.3316138982772827,2.704711675643921,2,2,True,b01,573,578,umap,strict_raw_latent,42
Student-only,188,6.811462879180908,6.704060077667236,1,1,True,b01,260,265,umap,strict_raw_latent,42
Student-only,189,-4.355653285980225,14.193816184997559,0,1,False,c01,27,32,umap,strict_raw_latent,42
Student-only,190,-5.73148775100708,14.582002639770508,0,0,True,c02,75,80,umap,strict_raw_latent,42
Student-only,191,-0.26478660106658936,5.292278289794922,2,2,True,a01,487,492,umap,strict_raw_latent,42
Student-only,192,-1.3352047204971313,2.6870033740997314,2,2,True,b01,560,565,umap,strict_raw_latent,42
Student-only,193,-0.3407117426395416,7.575742721557617,2,2,True,a01,554,559,umap,strict_raw_latent,42
Student-only,194,-0.6799544095993042,3.7349448204040527,2,2,True,c02,214,219,umap,strict_raw_latent,42
Student-only,195,-2.0617871284484863,2.7691617012023926,2,2,True,b01,597,602,umap,strict_raw_latent,42
Student-only,196,-4.824687480926514,14.399320602416992,0,0,True,a01,83,88,umap,strict_raw_latent,42
Student-only,197,6.777166843414307,6.6276445388793945,1,2,False,b01,271,276,umap,strict_raw_latent,42
Student-only,198,-1.68098783493042,2.4704747200012207,2,2,True,b01,585,590,umap,strict_raw_latent,42
Student-only,199,6.934807300567627,6.2130608558654785,1,2,False,b01,281,286,umap,strict_raw_latent,42
Student-only,200,-1.9774961471557617,2.694725275039673,2,2,True,b01,586,591,umap,strict_raw_latent,42
Student-only,201,0.5542133450508118,10.679722785949707,1,2,False,c01,141,146,umap,strict_raw_latent,42
Student-only,202,6.9261884689331055,6.6586833000183105,1,1,True,b01,274,279,umap,strict_raw_latent,42
Student-only,203,-4.989352226257324,14.299272537231445,0,0,True,a01,85,90,umap,strict_raw_latent,42
Student-only,204,-0.34264570474624634,7.215333461761475,2,2,True,a01,543,548,umap,strict_raw_latent,42
Student-only,205,-0.9538745284080505,2.5093166828155518,2,2,True,c01,214,219,umap,strict_raw_latent,42
Student-only,206,-4.303537368774414,14.601846694946289,0,0,True,b01,133,138,umap,strict_raw_latent,42
Student-only,207,-2.03182315826416,2.490201711654663,2,2,True,b01,590,595,umap,strict_raw_latent,42
Student-only,208,6.7772040367126465,6.763666152954102,1,1,True,b01,268,273,umap,strict_raw_latent,42
Student-only,209,-0.3255743682384491,6.668663024902344,2,2,True,a01,513,518,umap,strict_raw_latent,42
Student-only,210,0.11610642075538635,5.9475531578063965,2,2,True,a01,499,504,umap,strict_raw_latent,42
Student-only,211,-0.8208763599395752,2.338566303253174,2,2,True,c01,210,215,umap,strict_raw_latent,42
Student-only,212,-5.378077030181885,14.449999809265137,0,0,True,b01,116,121,umap,strict_raw_latent,42
Student-only,213,-0.8112608194351196,2.311487913131714,2,2,True,c01,211,216,umap,strict_raw_latent,42
Student-only,214,-4.515732288360596,14.749076843261719,0,0,True,c02,79,84,umap,strict_raw_latent,42
Student-only,215,-4.4461350440979,14.209151268005371,0,0,True,c01,25,30,umap,strict_raw_latent,42
Student-only,216,-0.4714898467063904,3.4380650520324707,2,2,True,c02,227,232,umap,strict_raw_latent,42
Student-only,217,-0.3646276295185089,6.946164608001709,2,2,True,a01,516,521,umap,strict_raw_latent,42
Student-only,218,0.2562401294708252,11.321996688842773,1,1,True,c01,133,138,umap,strict_raw_latent,42
Student-only,219,-0.4023159146308899,6.1419878005981445,2,2,True,a01,510,515,umap,strict_raw_latent,42
Student-only,220,-0.25506681203842163,7.051509857177734,2,2,True,a01,539,544,umap,strict_raw_latent,42
Student-only,221,-0.6473958492279053,4.344841003417969,2,2,True,b01,536,541,umap,strict_raw_latent,42
Student-only,222,0.06077883020043373,6.136767387390137,2,2,True,a01,517,522,umap,strict_raw_latent,42
Student-only,223,-0.6014180183410645,3.432156801223755,2,2,True,c02,220,225,umap,strict_raw_latent,42
Student-only,224,-0.34059879183769226,7.665489673614502,2,2,True,a01,560,565,umap,strict_raw_latent,42
Student-only,225,-0.13759103417396545,5.956756114959717,2,2,True,a01,505,510,umap,strict_raw_latent,42
Student-only,226,-0.622261643409729,4.180149078369141,2,2,True,b01,550,555,umap,strict_raw_latent,42
Student-only,227,7.959133148193359,6.371825695037842,1,1,True,a01,215,220,umap,strict_raw_latent,42
Student-only,228,-0.17637881636619568,7.168372631072998,2,2,True,a01,541,546,umap,strict_raw_latent,42
Student-only,229,7.069788932800293,6.692646026611328,1,1,True,b01,266,271,umap,strict_raw_latent,42
Student-only,230,0.05863155797123909,5.777747631072998,2,2,True,a01,529,534,umap,strict_raw_latent,42
Student-only,231,-1.419925570487976,2.604475975036621,2,2,True,b01,581,586,umap,strict_raw_latent,42
Student-only,232,-5.498743534088135,14.453222274780273,0,0,True,b01,115,120,umap,strict_raw_latent,42
Student-only,233,-0.8003177046775818,2.3392629623413086,2,2,True,c01,208,213,umap,strict_raw_latent,42
Student-only,234,-4.321434497833252,14.651130676269531,0,1,False,c02,81,86,umap,strict_raw_latent,42
Student-only,235,-0.4415498673915863,4.47477388381958,2,2,True,c02,211,216,umap,strict_raw_latent,42
Student-only,236,7.916922569274902,6.391726970672607,1,1,True,a01,217,222,umap,strict_raw_latent,42
Student-only,237,-4.634189605712891,14.307332992553711,0,0,True,a01,97,102,umap,strict_raw_latent,42
Student-only,238,-5.609424591064453,14.524112701416016,0,0,True,c02,67,72,umap,strict_raw_latent,42
Student-only,239,-0.34410083293914795,7.66713809967041,2,2,True,a01,558,563,umap,strict_raw_latent,42
Student-only,240,0.30208101868629456,11.255120277404785,1,1,True,c01,135,140,umap,strict_raw_latent,42
Student-only,241,-4.300908088684082,14.845081329345703,0,1,False,b01,136,141,umap,strict_raw_latent,42
Student-only,242,-0.3217812180519104,7.083995819091797,2,2,True,a01,537,542,umap,strict_raw_latent,42
Student-only,243,-4.33019495010376,14.177338600158691,0,0,True,c01,26,31,umap,strict_raw_latent,42
Student-only,244,-0.7250487208366394,4.262493133544922,2,2,True,b01,549,554,umap,strict_raw_latent,42
Student-only,245,-0.8911982178688049,2.444941997528076,2,2,True,c01,207,212,umap,strict_raw_latent,42
Student-only,246,-1.8598943948745728,2.9150490760803223,2,2,True,b01,561,566,umap,strict_raw_latent,42
Student-only,247,-4.565213203430176,14.336359977722168,0,0,True,a01,102,107,umap,strict_raw_latent,42
Student-only,248,-0.409444123506546,6.424773693084717,2,2,True,a01,512,517,umap,strict_raw_latent,42
Student-only,249,-4.266611099243164,14.251323699951172,0,1,False,c01,28,33,umap,strict_raw_latent,42
Student-only,250,-0.42094364762306213,3.457634449005127,2,2,True,c02,228,233,umap,strict_raw_latent,42
Student-only,251,-0.6843351721763611,4.19613790512085,2,2,True,b01,551,556,umap,strict_raw_latent,42
Student-only,252,-2.1699352264404297,2.5771677494049072,2,2,True,b01,589,594,umap,strict_raw_latent,42
Student-only,253,-0.027300477027893066,6.052687168121338,2,2,True,a01,535,540,umap,strict_raw_latent,42
Student-only,254,-0.016154024749994278,5.826566696166992,2,2,True,a01,497,502,umap,strict_raw_latent,42
Student-only,255,-5.419831275939941,14.577203750610352,0,0,True,c02,78,83,umap,strict_raw_latent,42
Student-only,256,-1.7573330402374268,2.6406617164611816,2,2,True,b01,603,608,umap,strict_raw_latent,42
Student-only,257,-0.6407433748245239,4.513862609863281,2,2,True,b01,548,553,umap,strict_raw_latent,42
Student-only,258,0.14292453229427338,5.805269241333008,2,2,True,a01,532,537,umap,strict_raw_latent,42
Student-only,259,0.3114292621612549,11.202718734741211,1,1,True,c01,136,141,umap,strict_raw_latent,42
Student-only,260,-0.3904312551021576,6.388789176940918,2,2,True,a01,511,516,umap,strict_raw_latent,42
Student-only,261,-4.9847412109375,14.323909759521484,0,0,True,b01,120,125,umap,strict_raw_latent,42
Student-only,262,7.765141487121582,6.510669231414795,1,1,True,a01,209,214,umap,strict_raw_latent,42
Student-only,263,0.22527441382408142,11.334434509277344,1,1,True,a01,220,225,umap,strict_raw_latent,42
Student-only,264,-1.1582425832748413,3.7651872634887695,2,2,True,b01,544,549,umap,strict_raw_latent,42
Student-only,265,7.668381690979004,6.515842437744141,1,1,True,a01,204,209,umap,strict_raw_latent,42
Student-only,266,-0.20375166833400726,5.656108379364014,2,2,True,a01,484,489,umap,strict_raw_latent,42
Student-only,267,-0.3800713121891022,5.683218955993652,2,2,True,a01,506,511,umap,strict_raw_latent,42
Student-only,268,7.732302665710449,6.545558452606201,1,1,True,b01,286,291,umap,strict_raw_latent,42
Student-only,269,7.152166843414307,6.661672115325928,1,1,True,b01,264,269,umap,strict_raw_latent,42
Student-only,270,-4.287454605102539,14.86072826385498,0,1,False,b01,139,144,umap,strict_raw_latent,42
Student-only,271,-0.567628026008606,3.3072330951690674,2,2,True,c02,221,226,umap,strict_raw_latent,42
Student-only,272,-5.378669261932373,14.48810863494873,0,0,True,b01,111,116,umap,strict_raw_latent,42
Student-only,273,0.5516640543937683,10.655850410461426,1,2,False,c01,146,151,umap,strict_raw_latent,42
Student-only,274,-2.002835512161255,2.8173041343688965,2,2,True,b01,567,572,umap,strict_raw_latent,42
Student-only,275,-0.22172938287258148,6.92222785949707,2,2,True,a01,518,523,umap,strict_raw_latent,42
Student-only,276,-0.8287357687950134,4.21443510055542,2,2,True,b01,555,560,umap,strict_raw_latent,42
Student-only,277,-4.64348030090332,14.712634086608887,0,0,True,b01,130,135,umap,strict_raw_latent,42
Student-only,278,-0.4833574593067169,3.4255259037017822,2,2,True,c02,224,229,umap,strict_raw_latent,42
Student-only,279,-4.609353065490723,14.154356002807617,0,0,True,a01,89,94,umap,strict_raw_latent,42
Student-only,280,-5.317417144775391,14.339251518249512,0,0,True,b01,118,123,umap,strict_raw_latent,42
Student-only,281,0.0286884643137455,5.781338691711426,2,2,True,a01,528,533,umap,strict_raw_latent,42
Student-only,282,7.178737163543701,6.360378265380859,1,2,False,b01,284,289,umap,strict_raw_latent,42
Student-only,283,0.11390088498592377,5.700444221496582,2,2,True,a01,526,531,umap,strict_raw_latent,42
Student-only,284,-0.632644772529602,4.384281635284424,2,2,True,b01,535,540,umap,strict_raw_latent,42
Student-only,285,-1.4253404140472412,2.776534080505371,2,2,True,b01,576,581,umap,strict_raw_latent,42
Student-only,286,-4.307675838470459,14.653722763061523,0,1,False,c02,83,88,umap,strict_raw_latent,42
Student-only,287,-1.6624232530593872,2.951447010040283,2,2,True,b01,563,568,umap,strict_raw_latent,42
Student-only,288,-1.351435661315918,2.722506284713745,2,2,True,b01,564,569,umap,strict_raw_latent,42
Student-only,289,0.46491312980651855,10.800907135009766,1,1,True,c01,147,152,umap,strict_raw_latent,42
Student-only,290,-0.01866956427693367,5.816370487213135,2,2,True,a01,534,539,umap,strict_raw_latent,42
Student-only,291,0.13234849274158478,5.7034173011779785,2,2,True,a01,498,503,umap,strict_raw_latent,42
Student-only,292,-4.700159072875977,14.271451950073242,0,0,True,a01,82,87,umap,strict_raw_latent,42
Student-only,293,-5.314601421356201,14.431458473205566,0,0,True,b01,114,119,umap,strict_raw_latent,42
Student-only,294,6.751506805419922,6.793420314788818,1,1,True,b01,256,261,umap,strict_raw_latent,42
Student-only,295,-0.7165282964706421,3.9095380306243896,2,2,True,b01,539,544,umap,strict_raw_latent,42
Student-only,296,6.923096179962158,6.343544960021973,1,2,False,b01,277,282,umap,strict_raw_latent,42
Student-only,297,7.857276439666748,6.506286144256592,1,1,True,a01,210,215,umap,strict_raw_latent,42
Student-only,298,-0.12809015810489655,7.1455583572387695,2,2,True,a01,540,545,umap,strict_raw_latent,42
Student-only,299,-5.611797332763672,14.52045726776123,0,0,True,c02,73,78,umap,strict_raw_latent,42
Student-only,300,-1.290819525718689,2.7647624015808105,2,2,True,b01,575,580,umap,strict_raw_latent,42
Student-only,301,-0.395724356174469,6.093225479125977,2,2,True,a01,492,497,umap,strict_raw_latent,42
Student-only,302,-5.667241096496582,14.522968292236328,0,0,True,c02,71,76,umap,strict_raw_latent,42
Student-only,303,0.05607786029577255,6.04014778137207,2,2,True,a01,494,499,umap,strict_raw_latent,42
Student-only,304,7.7964301109313965,6.476442337036133,1,1,True,a01,205,210,umap,strict_raw_latent,42
Student-only,305,-0.021915975958108902,5.837143898010254,2,2,True,a01,520,525,umap,strict_raw_latent,42
Student-only,306,-1.3789386749267578,2.6529290676116943,2,2,True,b01,602,607,umap,strict_raw_latent,42
Student-only,307,-1.7288116216659546,2.7410504817962646,2,2,True,b01,607,612,umap,strict_raw_latent,42
Student-only,308,-4.930605411529541,14.50332260131836,0,0,True,b01,125,130,umap,strict_raw_latent,42
Student-only,309,-1.920421838760376,2.4635181427001953,2,2,True,b01,594,599,umap,strict_raw_latent,42
Student-only,310,-0.9548913836479187,2.395885467529297,2,2,True,c01,213,218,umap,strict_raw_latent,42
Student-only,311,6.912741184234619,6.198935508728027,1,2,False,b01,280,285,umap,strict_raw_latent,42
Student-only,312,-1.7646764516830444,2.530484437942505,2,2,True,b01,604,609,umap,strict_raw_latent,42
Student-only,313,-1.9640607833862305,2.559948682785034,2,2,True,b01,587,592,umap,strict_raw_latent,42
Student-only,314,-1.9546579122543335,2.4700188636779785,2,2,True,b01,591,596,umap,strict_raw_latent,42
Student-only,315,-5.655858039855957,14.500893592834473,0,0,True,c02,68,73,umap,strict_raw_latent,42
Student-only,316,7.046534538269043,6.610118389129639,1,1,True,b01,272,277,umap,strict_raw_latent,42
Student-only,317,-0.28585633635520935,6.962880611419678,2,1,False,a01,542,547,umap,strict_raw_latent,42
Student-only,318,-5.689794063568115,14.537612915039062,0,0,True,c02,74,79,umap,strict_raw_latent,42
Student-only,319,-4.869053840637207,14.544962882995605,0,0,True,b01,126,131,umap,strict_raw_latent,42
Student-only,320,7.0086989402771,6.8187255859375,1,1,True,b01,265,270,umap,strict_raw_latent,42
Student-only,321,0.239376962184906,11.343520164489746,1,1,True,c01,130,135,umap,strict_raw_latent,42
Student-only,322,-1.8773751258850098,2.9030017852783203,2,2,True,b01,559,564,umap,strict_raw_latent,42
Student-only,323,0.2656751275062561,11.3182954788208,1,1,True,c01,128,133,umap,strict_raw_latent,42
Student-only,324,-5.308859348297119,14.474178314208984,0,0,True,b01,123,128,umap,strict_raw_latent,42
Student-only,325,-1.9594887495040894,2.9462790489196777,2,2,True,b01,601,606,umap,strict_raw_latent,42
Student-only,326,-0.3509243428707123,7.0636515617370605,2,2,True,a01,545,550,umap,strict_raw_latent,42
Student-only,327,6.705071926116943,6.815861225128174,1,1,True,b01,269,274,umap,strict_raw_latent,42
Student-only,328,-0.7402651309967041,3.323380708694458,2,2,True,c02,216,221,umap,strict_raw_latent,42
Student-only,329,0.0237489715218544,5.627213001251221,2,2,True,a01,522,527,umap,strict_raw_latent,42
Student-only,330,-0.3498878479003906,5.96003532409668,2,2,True,a01,508,513,umap,strict_raw_latent,42
Student-only,331,-4.643481254577637,14.122888565063477,0,0,True,a01,90,95,umap,strict_raw_latent,42
Student-only,332,-0.39373779296875,6.495661735534668,2,2,True,a01,503,508,umap,strict_raw_latent,42
Student-only,333,-0.42554613947868347,6.3755292892456055,2,2,True,a01,482,487,umap,strict_raw_latent,42
Student-only,334,-1.9114937782287598,2.409942626953125,2,2,True,b01,595,600,umap,strict_raw_latent,42
Student-only,335,-4.703548908233643,14.297955513000488,0,0,True,a01,98,103,umap,strict_raw_latent,42
Student-only,336,7.884637832641602,6.378463268280029,1,1,True,a01,196,201,umap,strict_raw_latent,42
Student-only,337,-0.4358482360839844,5.8278985023498535,2,2,True,a01,507,512,umap,strict_raw_latent,42
Student-only,338,-0.06711958348751068,5.631519794464111,2,2,True,a01,525,530,umap,strict_raw_latent,42
Student-only,339,-2.1071579456329346,2.5550806522369385,2,2,True,b01,588,593,umap,strict_raw_latent,42
Student-only,340,-1.7896684408187866,2.6546196937561035,2,2,True,b01,608,613,umap,strict_raw_latent,42
Student-only,341,7.441793441772461,6.343034744262695,1,1,True,a01,197,202,umap,strict_raw_latent,42
Student-only,342,7.811569690704346,6.428246974945068,1,1,True,a01,212,217,umap,strict_raw_latent,42
Student-only,343,-4.223471641540527,14.893835067749023,0,1,False,b01,141,146,umap,strict_raw_latent,42
Student-only,344,-0.8067697882652283,3.258467197418213,2,2,True,c02,219,224,umap,strict_raw_latent,42
Student-only,345,0.5688942074775696,10.646159172058105,1,1,True,c01,142,147,umap,strict_raw_latent,42
Student-only,346,-4.675996780395508,14.293473243713379,0,0,True,a01,100,105,umap,strict_raw_latent,42
Student-only,347,-1.6785738468170166,2.490792751312256,2,2,True,b01,583,588,umap,strict_raw_latent,42
Student-only,348,-0.2524568736553192,6.895187854766846,2,2,True,a01,546,551,umap,strict_raw_latent,42
Student-only,349,-0.3552418351173401,7.650659561157227,2,2,True,a01,557,562,umap,strict_raw_latent,42
Student-only,350,0.5641231536865234,10.648813247680664,1,2,False,c01,145,150,umap,strict_raw_latent,42
Student-only,351,0.1264074444770813,5.829038619995117,2,2,True,a01,530,535,umap,strict_raw_latent,42
Student-only,352,-0.6979989409446716,4.329104900360107,2,2,True,b01,547,552,umap,strict_raw_latent,42
Student-only,353,-5.351839065551758,14.402588844299316,0,0,True,b01,117,122,umap,strict_raw_latent,42
Student-only,354,-4.800535678863525,14.227842330932617,0,0,True,a01,88,93,umap,strict_raw_latent,42
Student-only,355,-0.41011473536491394,7.139468193054199,2,2,True,a01,552,557,umap,strict_raw_latent,42
SEAL-Weld Student,0,18.075729370117188,8.179018020629883,2,2,True,c02,208,213,umap,strict_raw_latent,42
SEAL-Weld Student,1,15.233136177062988,9.057943344116211,2,2,True,a01,496,501,umap,strict_raw_latent,42
SEAL-Weld Student,2,19.483579635620117,7.6287665367126465,2,2,True,b01,558,563,umap,strict_raw_latent,42
SEAL-Weld Student,3,16.86905860900879,-2.0170140266418457,1,1,True,c01,127,132,umap,strict_raw_latent,42
SEAL-Weld Student,4,14.84940242767334,9.160032272338867,2,2,True,a01,521,526,umap,strict_raw_latent,42
SEAL-Weld Student,5,18.146818161010742,8.395326614379883,2,2,True,c02,210,215,umap,strict_raw_latent,42
SEAL-Weld Student,6,15.490765571594238,-3.234395742416382,0,0,True,c02,69,74,umap,strict_raw_latent,42
SEAL-Weld Student,7,15.108128547668457,9.133066177368164,2,2,True,a01,504,509,umap,strict_raw_latent,42
SEAL-Weld Student,8,19.476930618286133,8.42624282836914,2,2,True,b01,598,603,umap,strict_raw_latent,42
SEAL-Weld Student,9,16.722686767578125,-3.6719446182250977,0,1,False,c02,84,89,umap,strict_raw_latent,42
SEAL-Weld Student,10,15.800347328186035,7.795424938201904,2,2,True,a01,555,560,umap,strict_raw_latent,42
SEAL-Weld Student,11,19.824182510375977,7.309815883636475,2,2,True,b01,553,558,umap,strict_raw_latent,42
SEAL-Weld Student,12,18.44676399230957,8.585598945617676,2,2,True,c02,231,236,umap,strict_raw_latent,42
SEAL-Weld Student,13,14.918485641479492,8.872308731079102,2,2,True,a01,500,505,umap,strict_raw_latent,42
SEAL-Weld Student,14,18.313276290893555,0.017411189153790474,1,1,True,c01,144,149,umap,strict_raw_latent,42
SEAL-Weld Student,15,19.909902572631836,8.221973419189453,2,2,True,b01,582,587,umap,strict_raw_latent,42
SEAL-Weld Student,16,19.798656463623047,7.2572808265686035,2,2,True,b01,541,546,umap,strict_raw_latent,42
SEAL-Weld Student,17,16.45449447631836,-4.0252485275268555,0,0,True,a01,99,104,umap,strict_raw_latent,42
SEAL-Weld Student,18,16.440881729125977,-4.047335624694824,0,0,True,a01,95,100,umap,strict_raw_latent,42
SEAL-Weld Student,19,20.206968307495117,1.8047178983688354,1,1,True,b01,263,268,umap,strict_raw_latent,42
SEAL-Weld Student,20,19.67711639404297,7.430602073669434,2,2,True,b01,538,543,umap,strict_raw_latent,42
SEAL-Weld Student,21,19.779558181762695,1.415558099746704,1,1,True,b01,285,290,umap,strict_raw_latent,42
SEAL-Weld Student,22,15.235864639282227,8.770204544067383,2,2,True,a01,486,491,umap,strict_raw_latent,42
SEAL-Weld Student,23,18.851484298706055,8.75509262084961,2,2,True,c01,206,211,umap,strict_raw_latent,42
SEAL-Weld Student,24,19.053258895874023,0.7046476006507874,1,1,True,a01,201,206,umap,strict_raw_latent,42
SEAL-Weld Student,25,19.734779357910156,7.588996410369873,2,2,True,b01,542,547,umap,strict_raw_latent,42
SEAL-Weld Student,26,16.043676376342773,-3.1585159301757812,0,0,True,b01,119,124,umap,strict_raw_latent,42
SEAL-Weld Student,27,19.287839889526367,7.969145774841309,2,2,True,b01,579,584,umap,strict_raw_latent,42
SEAL-Weld Student,28,19.19419288635254,8.03249740600586,2,2,True,b01,606,611,umap,strict_raw_latent,42
SEAL-Weld Student,29,19.055315017700195,0.7075933814048767,1,1,True,a01,200,205,umap,strict_raw_latent,42
SEAL-Weld Student,30,18.035585403442383,8.171582221984863,2,2,True,c02,207,212,umap,strict_raw_latent,42
SEAL-Weld Student,31,19.29149627685547,8.622977256774902,2,2,True,b01,593,598,umap,strict_raw_latent,42
SEAL-Weld Student,32,18.962522506713867,0.6231169700622559,1,1,True,a01,211,216,umap,strict_raw_latent,42
SEAL-Weld Student,33,15.259587287902832,8.605813026428223,2,2,True,a01,483,488,umap,strict_raw_latent,42
SEAL-Weld Student,34,15.976091384887695,-3.2521443367004395,0,0,True,b01,113,118,umap,strict_raw_latent,42
SEAL-Weld Student,35,19.76201057434082,7.3792524337768555,2,2,True,b01,552,557,umap,strict_raw_latent,42
SEAL-Weld Student,36,15.181718826293945,8.691244125366211,2,2,True,a01,485,490,umap,strict_raw_latent,42
SEAL-Weld Student,37,15.207342147827148,8.6975679397583,2,2,True,a01,481,486,umap,strict_raw_latent,42
SEAL-Weld Student,38,18.302268981933594,0.04468901455402374,1,1,True,c01,143,148,umap,strict_raw_latent,42
SEAL-Weld Student,39,19.782020568847656,8.011122703552246,2,2,True,b01,557,562,umap,strict_raw_latent,42
SEAL-Weld Student,40,16.143489837646484,-3.3572003841400146,0,0,True,b01,128,133,umap,strict_raw_latent,42
SEAL-Weld Student,41,20.315223693847656,1.796086311340332,1,1,True,b01,279,284,umap,strict_raw_latent,42
SEAL-Weld Student,42,16.413705825805664,-4.016510486602783,0,0,True,a01,103,108,umap,strict_raw_latent,42
SEAL-Weld Student,43,16.104328155517578,-3.195859432220459,0,0,True,b01,129,134,umap,strict_raw_latent,42
SEAL-Weld Student,44,15.221248626708984,8.653980255126953,2,2,True,a01,514,519,umap,strict_raw_latent,42
SEAL-Weld Student,45,20.17139434814453,1.7966322898864746,1,1,True,b01,262,267,umap,strict_raw_latent,42
SEAL-Weld Student,46,15.476948738098145,-3.2130818367004395,0,0,True,c02,72,77,umap,strict_raw_latent,42
SEAL-Weld Student,47,16.47830581665039,-4.090673446655273,0,0,True,a01,94,99,umap,strict_raw_latent,42
SEAL-Weld Student,48,15.222053527832031,8.688179016113281,2,2,True,a01,515,520,umap,strict_raw_latent,42
SEAL-Weld Student,49,19.62237548828125,7.524449825286865,2,2,True,b01,543,548,umap,strict_raw_latent,42
SEAL-Weld Student,50,15.644137382507324,7.95507287979126,2,2,True,a01,551,556,umap,strict_raw_latent,42
SEAL-Weld Student,51,14.9436616897583,8.821412086486816,2,2,True,a01,501,506,umap,strict_raw_latent,42
SEAL-Weld Student,52,19.282445907592773,8.621709823608398,2,2,True,b01,592,597,umap,strict_raw_latent,42
SEAL-Weld Student,53,19.762794494628906,7.2089643478393555,1,1,True,c02,107,112,umap,strict_raw_latent,42
SEAL-Weld Student,54,15.827790260314941,-3.2686824798583984,0,0,True,b01,112,117,umap,strict_raw_latent,42
SEAL-Weld Student,55,15.970404624938965,8.725422859191895,2,2,True,a01,491,496,umap,strict_raw_latent,42
SEAL-Weld Student,56,18.32451057434082,0.008326967246830463,1,1,True,c01,140,145,umap,strict_raw_latent,42
SEAL-Weld Student,57,16.889516830444336,-2.0078177452087402,1,1,True,c01,126,131,umap,strict_raw_latent,42
SEAL-Weld Student,58,19.487640380859375,7.868008136749268,2,2,True,b01,572,577,umap,strict_raw_latent,42
SEAL-Weld Student,59,20.29269027709961,1.8687297105789185,1,1,True,b01,267,272,umap,strict_raw_latent,42
SEAL-Weld Student,60,18.142000198364258,-0.26784566044807434,1,1,True,c01,139,144,umap,strict_raw_latent,42
SEAL-Weld Student,61,15.505977630615234,-3.54526424407959,0,0,True,a01,86,91,umap,strict_raw_latent,42
SEAL-Weld Student,62,18.204347610473633,8.706542015075684,2,2,True,c02,222,227,umap,strict_raw_latent,42
SEAL-Weld Student,63,18.687461853027344,0.3596703112125397,1,1,True,a01,219,224,umap,strict_raw_latent,42
SEAL-Weld Student,64,17.935434341430664,8.923316955566406,2,2,True,c02,215,220,umap,strict_raw_latent,42
SEAL-Weld Student,65,15.622173309326172,-3.23561954498291,0,0,True,b01,121,126,umap,strict_raw_latent,42
SEAL-Weld Student,66,15.729364395141602,8.737373352050781,2,2,True,a01,488,493,umap,strict_raw_latent,42
SEAL-Weld Student,67,14.843947410583496,9.236671447753906,2,2,True,a01,527,532,umap,strict_raw_latent,42
SEAL-Weld Student,68,18.189359664916992,8.513510704040527,2,2,True,c02,212,217,umap,strict_raw_latent,42
SEAL-Weld Student,69,20.24537467956543,1.98159658908844,1,1,True,b01,259,264,umap,strict_raw_latent,42
SEAL-Weld Student,70,19.71248435974121,7.83551025390625,2,2,True,b01,574,579,umap,strict_raw_latent,42
SEAL-Weld Student,71,19.764068603515625,8.176715850830078,2,2,True,b01,546,551,umap,strict_raw_latent,42
SEAL-Weld Student,72,15.657368659973145,7.929133415222168,2,2,True,a01,547,552,umap,strict_raw_latent,42
SEAL-Weld Student,73,19.02505874633789,0.6778804063796997,1,1,True,a01,202,207,umap,strict_raw_latent,42
SEAL-Weld Student,74,19.559886932373047,7.675975322723389,2,2,True,b01,571,576,umap,strict_raw_latent,42
SEAL-Weld Student,75,15.630440711975098,7.998068809509277,2,2,True,a01,548,553,umap,strict_raw_latent,42
SEAL-Weld Student,76,16.63340187072754,-2.4839026927948,1,1,True,c01,124,129,umap,strict_raw_latent,42
SEAL-Weld Student,77,14.638967514038086,9.031010627746582,2,2,True,a01,509,514,umap,strict_raw_latent,42
SEAL-Weld Student,78,18.91519546508789,0.6176380515098572,1,1,True,a01,213,218,umap,strict_raw_latent,42
SEAL-Weld Student,79,20.455930709838867,1.9916131496429443,1,1,True,b01,282,287,umap,strict_raw_latent,42
SEAL-Weld Student,80,16.15102767944336,-3.27052640914917,0,0,True,b01,132,137,umap,strict_raw_latent,42
SEAL-Weld Student,81,15.445420265197754,-3.2653920650482178,0,0,True,c02,70,75,umap,strict_raw_latent,42
SEAL-Weld Student,82,19.066730499267578,8.738104820251465,2,2,True,c01,212,217,umap,strict_raw_latent,42
SEAL-Weld Student,83,18.12639045715332,8.772074699401855,2,2,True,c02,223,228,umap,strict_raw_latent,42
SEAL-Weld Student,84,18.863967895507812,8.840363502502441,2,2,True,c01,209,214,umap,strict_raw_latent,42
SEAL-Weld Student,85,19.045011520385742,0.7002987861633301,1,1,True,a01,203,208,umap,strict_raw_latent,42
SEAL-Weld Student,86,14.91946792602539,9.359251022338867,2,2,True,a01,523,528,umap,strict_raw_latent,42
SEAL-Weld Student,87,19.00688362121582,0.6609712243080139,1,1,True,a01,208,213,umap,strict_raw_latent,42
SEAL-Weld Student,88,18.94502067565918,0.6013829708099365,1,1,True,a01,207,212,umap,strict_raw_latent,42
SEAL-Weld Student,89,19.733247756958008,7.371819019317627,2,2,True,b01,533,538,umap,strict_raw_latent,42
SEAL-Weld Student,90,16.865116119384766,-2.0371451377868652,1,1,True,c01,125,130,umap,strict_raw_latent,42
SEAL-Weld Student,91,16.121139526367188,-3.248283624649048,0,0,True,b01,127,132,umap,strict_raw_latent,42
SEAL-Weld Student,92,19.074581146240234,0.7279176115989685,1,1,True,a01,198,203,umap,strict_raw_latent,42
SEAL-Weld Student,93,16.480365753173828,-4.073605060577393,0,0,True,a01,91,96,umap,strict_raw_latent,42
SEAL-Weld Student,94,14.939387321472168,8.936088562011719,2,2,True,a01,502,507,umap,strict_raw_latent,42
SEAL-Weld Student,95,18.072479248046875,8.276044845581055,2,2,True,c02,209,214,umap,strict_raw_latent,42
SEAL-Weld Student,96,15.708367347717285,-3.6085219383239746,0,0,True,c02,76,81,umap,strict_raw_latent,42
SEAL-Weld Student,97,15.103287696838379,8.77243709564209,2,2,True,a01,493,498,umap,strict_raw_latent,42
SEAL-Weld Student,98,14.828727722167969,9.097813606262207,2,2,True,a01,533,538,umap,strict_raw_latent,42
SEAL-Weld Student,99,16.500032424926758,-4.097317218780518,0,0,True,a01,92,97,umap,strict_raw_latent,42
SEAL-Weld Student,100,16.616626739501953,-3.3899905681610107,0,0,True,b01,135,140,umap,strict_raw_latent,42
SEAL-Weld Student,101,18.565366744995117,8.663450241088867,2,2,True,c02,225,230,umap,strict_raw_latent,42
SEAL-Weld Student,102,16.497447967529297,-4.109438896179199,0,0,True,a01,93,98,umap,strict_raw_latent,42
SEAL-Weld Student,103,19.05016326904297,0.7017415761947632,1,1,True,a01,199,204,umap,strict_raw_latent,42
SEAL-Weld Student,104,15.902729034423828,-3.317345380783081,0,0,True,b01,122,127,umap,strict_raw_latent,42
SEAL-Weld Student,105,15.152994155883789,8.968494415283203,2,2,True,a01,495,500,umap,strict_raw_latent,42
SEAL-Weld Student,106,16.835315704345703,-2.031682014465332,1,1,True,c01,134,139,umap,strict_raw_latent,42
SEAL-Weld Student,107,19.308273315429688,8.070926666259766,2,2,True,b01,570,575,umap,strict_raw_latent,42
SEAL-Weld Student,108,19.864973068237305,8.207311630249023,2,2,True,b01,584,589,umap,strict_raw_latent,42
SEAL-Weld Student,109,19.796716690063477,7.284028053283691,2,2,True,b01,534,539,umap,strict_raw_latent,42
SEAL-Weld Student,110,20.54550552368164,1.9433929920196533,1,1,True,b01,276,281,umap,strict_raw_latent,42
SEAL-Weld Student,111,19.744632720947266,7.3705034255981445,2,2,True,b01,540,545,umap,strict_raw_latent,42
SEAL-Weld Student,112,19.915264129638672,8.16208267211914,2,2,True,b01,580,585,umap,strict_raw_latent,42
SEAL-Weld Student,113,19.73992919921875,7.3527750968933105,2,2,True,b01,554,559,umap,strict_raw_latent,42
SEAL-Weld Student,114,16.61435890197754,-3.4525153636932373,0,0,True,b01,142,147,umap,strict_raw_latent,42
SEAL-Weld Student,115,15.53698444366455,-3.5571722984313965,0,0,True,a01,84,89,umap,strict_raw_latent,42
SEAL-Weld Student,116,15.658690452575684,7.963575839996338,2,2,True,a01,544,549,umap,strict_raw_latent,42
SEAL-Weld Student,117,16.878597259521484,-2.0047268867492676,1,1,True,c01,137,142,umap,strict_raw_latent,42
SEAL-Weld Student,118,20.5200138092041,1.9215301275253296,1,1,True,b01,275,280,umap,strict_raw_latent,42
SEAL-Weld Student,119,19.798919677734375,8.358308792114258,2,2,True,b01,605,610,umap,strict_raw_latent,42
SEAL-Weld Student,120,16.619844436645508,-3.4081802368164062,0,1,False,b01,143,148,umap,strict_raw_latent,42
SEAL-Weld Student,121,16.339191436767578,-3.976060628890991,0,0,True,a01,101,106,umap,strict_raw_latent,42
SEAL-Weld Student,122,18.307964324951172,0.0006119925528764725,1,1,True,c01,148,153,umap,strict_raw_latent,42
SEAL-Weld Student,123,20.480810165405273,1.9483704566955566,1,1,True,b01,273,278,umap,strict_raw_latent,42
SEAL-Weld Student,124,15.641092300415039,7.992559909820557,2,2,True,a01,550,555,umap,strict_raw_latent,42
SEAL-Weld Student,125,20.143798828125,1.9343066215515137,1,1,True,b01,257,262,umap,strict_raw_latent,42
SEAL-Weld Student,126,19.01340675354004,0.6676663756370544,1,1,True,a01,206,211,umap,strict_raw_latent,42
SEAL-Weld Student,127,20.48667335510254,1.9580786228179932,1,1,True,b01,283,288,umap,strict_raw_latent,42
SEAL-Weld Student,128,18.340553283691406,8.576743125915527,2,2,True,c02,233,238,umap,strict_raw_latent,42
SEAL-Weld Student,129,19.727493286132812,8.300804138183594,2,2,True,b01,569,574,umap,strict_raw_latent,42
SEAL-Weld Student,130,17.994176864624023,8.859564781188965,2,2,True,c02,213,218,umap,strict_raw_latent,42
SEAL-Weld Student,131,18.34202766418457,-0.01983638107776642,1,1,True,c01,149,154,umap,strict_raw_latent,42
SEAL-Weld Student,132,16.71617317199707,-3.682265281677246,0,1,False,c02,82,87,umap,strict_raw_latent,42
SEAL-Weld Student,133,19.497535705566406,8.476251602172852,2,2,True,b01,599,604,umap,strict_raw_latent,42
SEAL-Weld Student,134,16.207412719726562,-3.387667655944824,0,0,True,b01,124,129,umap,strict_raw_latent,42
SEAL-Weld Student,135,15.048295021057129,9.211637496948242,2,2,True,a01,531,536,umap,strict_raw_latent,42
SEAL-Weld Student,136,18.895387649536133,8.786109924316406,2,2,True,c01,216,221,umap,strict_raw_latent,42
SEAL-Weld Student,137,15.07636547088623,8.816288948059082,2,2,True,a01,519,524,umap,strict_raw_latent,42
SEAL-Weld Student,138,20.429407119750977,1.925588846206665,1,1,True,b01,270,275,umap,strict_raw_latent,42
SEAL-Weld Student,139,16.130735397338867,-3.1774115562438965,0,0,True,b01,131,136,umap,strict_raw_latent,42
SEAL-Weld Student,140,20.19125747680664,1.8578643798828125,1,1,True,b01,261,266,umap,strict_raw_latent,42
SEAL-Weld Student,141,18.400604248046875,8.597173690795898,2,2,True,c02,232,237,umap,strict_raw_latent,42
SEAL-Weld Student,142,18.861055374145508,8.767812728881836,2,2,True,c01,205,210,umap,strict_raw_latent,42
SEAL-Weld Student,143,15.621574401855469,7.979019641876221,2,2,True,a01,549,554,umap,strict_raw_latent,42
SEAL-Weld Student,144,18.816303253173828,8.772836685180664,2,2,True,c01,215,220,umap,strict_raw_latent,42
SEAL-Weld Student,145,19.232324600219727,7.793063163757324,2,2,True,b01,545,550,umap,strict_raw_latent,42
SEAL-Weld Student,146,19.306486129760742,8.081103324890137,2,2,True,b01,568,573,umap,strict_raw_latent,42
SEAL-Weld Student,147,15.905709266662598,8.731493949890137,2,2,True,a01,490,495,umap,strict_raw_latent,42
SEAL-Weld Student,148,18.697879791259766,0.3731462061405182,1,1,True,a01,218,223,umap,strict_raw_latent,42
SEAL-Weld Student,149,15.848783493041992,7.749180316925049,2,2,True,a01,559,564,umap,strict_raw_latent,42
SEAL-Weld Student,150,15.8309965133667,7.766191005706787,2,2,True,a01,556,561,umap,strict_raw_latent,42
SEAL-Weld Student,151,16.378433227539062,-3.397491216659546,0,0,True,b01,140,145,umap,strict_raw_latent,42
SEAL-Weld Student,152,16.897748947143555,-1.9896023273468018,1,1,True,c01,138,143,umap,strict_raw_latent,42
SEAL-Weld Student,153,20.190937042236328,1.9418617486953735,1,1,True,b01,258,263,umap,strict_raw_latent,42
SEAL-Weld Student,154,18.39739227294922,8.56959342956543,2,2,True,c02,226,231,umap,strict_raw_latent,42
SEAL-Weld Student,155,18.01922607421875,8.850028038024902,2,2,True,c02,218,223,umap,strict_raw_latent,42
SEAL-Weld Student,156,16.64897918701172,-3.6110970973968506,0,1,False,c02,80,85,umap,strict_raw_latent,42
SEAL-Weld Student,157,19.24287223815918,7.986069202423096,2,2,True,b01,577,582,umap,strict_raw_latent,42
SEAL-Weld Student,158,15.744976043701172,-3.6166913509368896,0,0,True,c02,77,82,umap,strict_raw_latent,42
SEAL-Weld Student,159,18.56722068786621,8.566529273986816,2,2,True,c02,230,235,umap,strict_raw_latent,42
SEAL-Weld Student,160,16.14621925354004,8.709267616271973,2,2,True,a01,489,494,umap,strict_raw_latent,42
SEAL-Weld Student,161,18.834318161010742,0.5027903914451599,1,1,True,a01,214,219,umap,strict_raw_latent,42
SEAL-Weld Student,162,15.63375473022461,-3.5845556259155273,0,0,True,a01,87,92,umap,strict_raw_latent,42
SEAL-Weld Student,163,15.579684257507324,-3.5926992893218994,0,0,True,a01,81,86,umap,strict_raw_latent,42
SEAL-Weld Student,164,16.547565460205078,-3.3683369159698486,0,0,True,b01,137,142,umap,strict_raw_latent,42
SEAL-Weld Student,165,19.275243759155273,8.298894882202148,2,2,True,b01,600,605,umap,strict_raw_latent,42
SEAL-Weld Student,166,16.397998809814453,-4.051506996154785,0,0,True,a01,96,101,umap,strict_raw_latent,42
SEAL-Weld Student,167,19.33106803894043,8.071444511413574,2,2,True,b01,562,567,umap,strict_raw_latent,42
SEAL-Weld Student,168,19.426998138427734,8.004026412963867,2,2,True,b01,566,571,umap,strict_raw_latent,42
SEAL-Weld Student,169,18.808805465698242,0.48240748047828674,1,1,True,a01,216,221,umap,strict_raw_latent,42
SEAL-Weld Student,170,15.340484619140625,8.843559265136719,2,2,True,a01,538,543,umap,strict_raw_latent,42
SEAL-Weld Student,171,16.55514144897461,-3.42745304107666,0,0,True,b01,138,143,umap,strict_raw_latent,42
SEAL-Weld Student,172,15.134291648864746,9.208683967590332,2,2,True,a01,536,541,umap,strict_raw_latent,42
SEAL-Weld Student,173,15.666608810424805,7.932791709899902,2,2,True,a01,553,558,umap,strict_raw_latent,42
SEAL-Weld Student,174,16.864093780517578,-2.0164194107055664,1,1,True,c01,131,136,umap,strict_raw_latent,42
SEAL-Weld Student,175,18.580982208251953,8.62997055053711,2,2,True,c02,229,234,umap,strict_raw_latent,42
SEAL-Weld Student,176,16.43406105041504,-3.462416648864746,0,0,True,b01,134,139,umap,strict_raw_latent,42
SEAL-Weld Student,177,20.434476852416992,1.894452691078186,1,1,True,b01,278,283,umap,strict_raw_latent,42
SEAL-Weld Student,178,19.292451858520508,8.512638092041016,2,2,True,b01,596,601,umap,strict_raw_latent,42
SEAL-Weld Student,179,19.742300033569336,7.318988800048828,2,2,True,b01,537,542,umap,strict_raw_latent,42
SEAL-Weld Student,180,19.86069107055664,8.138799667358398,2,2,True,b01,565,570,umap,strict_raw_latent,42
SEAL-Weld Student,181,16.854061126708984,-2.037227153778076,1,1,True,c01,132,137,umap,strict_raw_latent,42
SEAL-Weld Student,182,19.459068298339844,7.670370578765869,2,2,True,b01,556,561,umap,strict_raw_latent,42
SEAL-Weld Student,183,14.967509269714355,9.312365531921387,2,2,True,a01,524,529,umap,strict_raw_latent,42
SEAL-Weld Student,184,16.893611907958984,-1.9865785837173462,1,1,True,c01,129,134,umap,strict_raw_latent,42
SEAL-Weld Student,185,17.946916580200195,8.917207717895508,2,2,True,c02,217,222,umap,strict_raw_latent,42
SEAL-Weld Student,186,19.939178466796875,8.1545991897583,2,2,True,b01,578,583,umap,strict_raw_latent,42
SEAL-Weld Student,187,19.272279739379883,8.127986907958984,2,2,True,b01,573,578,umap,strict_raw_latent,42
SEAL-Weld Student,188,20.208118438720703,1.9240899085998535,1,1,True,b01,260,265,umap,strict_raw_latent,42
SEAL-Weld Student,189,16.674890518188477,-2.414158344268799,0,0,True,c01,27,32,umap,strict_raw_latent,42
SEAL-Weld Student,190,15.568671226501465,-3.5525639057159424,0,0,True,c02,75,80,umap,strict_raw_latent,42
SEAL-Weld Student,191,15.76036262512207,8.720149993896484,2,2,True,a01,487,492,umap,strict_raw_latent,42
SEAL-Weld Student,192,19.193035125732422,7.986422538757324,2,2,True,b01,560,565,umap,strict_raw_latent,42
SEAL-Weld Student,193,15.706206321716309,7.888716697692871,2,2,True,a01,554,559,umap,strict_raw_latent,42
SEAL-Weld Student,194,17.98451805114746,8.86791706085205,2,2,True,c02,214,219,umap,strict_raw_latent,42
SEAL-Weld Student,195,19.468530654907227,8.522210121154785,2,2,True,b01,597,602,umap,strict_raw_latent,42
SEAL-Weld Student,196,15.534892082214355,-3.591007709503174,0,0,True,a01,83,88,umap,strict_raw_latent,42
SEAL-Weld Student,197,20.40876007080078,1.8818199634552002,1,1,True,b01,271,276,umap,strict_raw_latent,42
SEAL-Weld Student,198,19.16692352294922,7.940780162811279,2,2,True,b01,585,590,umap,strict_raw_latent,42
SEAL-Weld Student,199,20.475019454956055,1.926984429359436,1,1,True,b01,281,286,umap,strict_raw_latent,42
SEAL-Weld Student,200,19.939159393310547,8.178049087524414,2,2,True,b01,586,591,umap,strict_raw_latent,42
SEAL-Weld Student,201,18.350858688354492,0.04786624386906624,1,1,True,c01,141,146,umap,strict_raw_latent,42
SEAL-Weld Student,202,20.54281997680664,1.931923508644104,1,1,True,b01,274,279,umap,strict_raw_latent,42
SEAL-Weld Student,203,15.568465232849121,-3.4917352199554443,0,0,True,a01,85,90,umap,strict_raw_latent,42
SEAL-Weld Student,204,15.531926155090332,8.117660522460938,2,2,True,a01,543,548,umap,strict_raw_latent,42
SEAL-Weld Student,205,18.95932960510254,8.668118476867676,2,2,True,c01,214,219,umap,strict_raw_latent,42
SEAL-Weld Student,206,16.411151885986328,-3.439671039581299,0,0,True,b01,133,138,umap,strict_raw_latent,42
SEAL-Weld Student,207,19.40601348876953,8.634563446044922,2,2,True,b01,590,595,umap,strict_raw_latent,42
SEAL-Weld Student,208,20.2021427154541,1.8172845840454102,1,1,True,b01,268,273,umap,strict_raw_latent,42
SEAL-Weld Student,209,15.211640357971191,9.07086181640625,2,2,True,a01,513,518,umap,strict_raw_latent,42
SEAL-Weld Student,210,14.949516296386719,8.888319969177246,2,2,True,a01,499,504,umap,strict_raw_latent,42
SEAL-Weld Student,211,18.97142219543457,8.799261093139648,2,2,True,c01,210,215,umap,strict_raw_latent,42
SEAL-Weld Student,212,15.702744483947754,-3.2665257453918457,0,0,True,b01,116,121,umap,strict_raw_latent,42
SEAL-Weld Student,213,18.99475860595703,8.766885757446289,2,2,True,c01,211,216,umap,strict_raw_latent,42
SEAL-Weld Student,214,16.18175506591797,-3.60191011428833,0,0,True,c02,79,84,umap,strict_raw_latent,42
SEAL-Weld Student,215,16.066205978393555,-3.712883234024048,0,0,True,c01,25,30,umap,strict_raw_latent,42
SEAL-Weld Student,216,18.516061782836914,8.57992172241211,2,2,True,c02,227,232,umap,strict_raw_latent,42
SEAL-Weld Student,217,15.148516654968262,9.136087417602539,2,2,True,a01,516,521,umap,strict_raw_latent,42
SEAL-Weld Student,218,16.833715438842773,-2.0534732341766357,1,1,True,c01,133,138,umap,strict_raw_latent,42
SEAL-Weld Student,219,14.712041854858398,9.072345733642578,2,2,True,a01,510,515,umap,strict_raw_latent,42
SEAL-Weld Student,220,15.196396827697754,9.033157348632812,2,2,True,a01,539,544,umap,strict_raw_latent,42
SEAL-Weld Student,221,19.779203414916992,7.416097640991211,2,2,True,b01,536,541,umap,strict_raw_latent,42
SEAL-Weld Student,222,15.143289566040039,9.231081008911133,2,2,True,a01,517,522,umap,strict_raw_latent,42
SEAL-Weld Student,223,17.991453170776367,8.872516632080078,2,2,True,c02,220,225,umap,strict_raw_latent,42
SEAL-Weld Student,224,15.886425971984863,7.723576545715332,2,2,True,a01,560,565,umap,strict_raw_latent,42
SEAL-Weld Student,225,15.140682220458984,9.02750301361084,2,2,True,a01,505,510,umap,strict_raw_latent,42
SEAL-Weld Student,226,19.570545196533203,7.451103687286377,2,2,True,b01,550,555,umap,strict_raw_latent,42
SEAL-Weld Student,227,18.877843856811523,0.5476428866386414,1,1,True,a01,215,220,umap,strict_raw_latent,42
SEAL-Weld Student,228,15.37420654296875,8.77152156829834,2,2,True,a01,541,546,umap,strict_raw_latent,42
SEAL-Weld Student,229,20.16688346862793,1.7525153160095215,1,1,True,b01,266,271,umap,strict_raw_latent,42
SEAL-Weld Student,230,14.84575080871582,9.224516868591309,2,2,True,a01,529,534,umap,strict_raw_latent,42
SEAL-Weld Student,231,19.23709487915039,8.066473960876465,2,2,True,b01,581,586,umap,strict_raw_latent,42
SEAL-Weld Student,232,15.97829818725586,-3.1811320781707764,0,0,True,b01,115,120,umap,strict_raw_latent,42
SEAL-Weld Student,233,18.83962631225586,8.862777709960938,2,2,True,c01,208,213,umap,strict_raw_latent,42
SEAL-Weld Student,234,16.696638107299805,-3.6490893363952637,0,1,False,c02,81,86,umap,strict_raw_latent,42
SEAL-Weld Student,235,18.173173904418945,8.416149139404297,2,2,True,c02,211,216,umap,strict_raw_latent,42
SEAL-Weld Student,236,18.80133819580078,0.47380656003952026,1,1,True,a01,217,222,umap,strict_raw_latent,42
SEAL-Weld Student,237,16.485593795776367,-4.108253479003906,0,0,True,a01,97,102,umap,strict_raw_latent,42
SEAL-Weld Student,238,15.45865535736084,-3.1838161945343018,0,0,True,c02,67,72,umap,strict_raw_latent,42
SEAL-Weld Student,239,15.884872436523438,7.727737903594971,2,2,True,a01,558,563,umap,strict_raw_latent,42
SEAL-Weld Student,240,16.840421676635742,-2.0387136936187744,1,1,True,c01,135,140,umap,strict_raw_latent,42
SEAL-Weld Student,241,16.49524688720703,-3.3696656227111816,0,0,True,b01,136,141,umap,strict_raw_latent,42
SEAL-Weld Student,242,15.226722717285156,9.027427673339844,2,2,True,a01,537,542,umap,strict_raw_latent,42
SEAL-Weld Student,243,16.497413635253906,-2.7623085975646973,0,0,True,c01,26,31,umap,strict_raw_latent,42
SEAL-Weld Student,244,19.73670768737793,7.372800350189209,2,2,True,b01,549,554,umap,strict_raw_latent,42
SEAL-Weld Student,245,18.841508865356445,8.831289291381836,2,2,True,c01,207,212,umap,strict_raw_latent,42
SEAL-Weld Student,246,19.625293731689453,8.425167083740234,2,2,True,b01,561,566,umap,strict_raw_latent,42
SEAL-Weld Student,247,16.438983917236328,-4.0153021812438965,0,0,True,a01,102,107,umap,strict_raw_latent,42
SEAL-Weld Student,248,15.254197120666504,8.963578224182129,2,2,True,a01,512,517,umap,strict_raw_latent,42
SEAL-Weld Student,249,16.77629852294922,-2.1793646812438965,0,0,True,c01,28,33,umap,strict_raw_latent,42
SEAL-Weld Student,250,18.3957462310791,8.566874504089355,2,2,True,c02,228,233,umap,strict_raw_latent,42
SEAL-Weld Student,251,19.79456901550293,7.288227081298828,2,2,True,b01,551,556,umap,strict_raw_latent,42
SEAL-Weld Student,252,19.247425079345703,8.562106132507324,2,2,True,b01,589,594,umap,strict_raw_latent,42
SEAL-Weld Student,253,14.995049476623535,9.253837585449219,2,2,True,a01,535,540,umap,strict_raw_latent,42
SEAL-Weld Student,254,15.029658317565918,9.012371063232422,2,2,True,a01,497,502,umap,strict_raw_latent,42
SEAL-Weld Student,255,15.96338176727295,-3.7642152309417725,0,0,True,c02,78,83,umap,strict_raw_latent,42
SEAL-Weld Student,256,19.70656967163086,8.398642539978027,2,2,True,b01,603,608,umap,strict_raw_latent,42
SEAL-Weld Student,257,19.83424949645996,7.7869462966918945,2,2,True,b01,548,553,umap,strict_raw_latent,42
SEAL-Weld Student,258,15.075987815856934,9.21020793914795,2,2,True,a01,532,537,umap,strict_raw_latent,42
SEAL-Weld Student,259,16.856643676757812,-2.0222766399383545,1,1,True,c01,136,141,umap,strict_raw_latent,42
SEAL-Weld Student,260,14.793209075927734,8.993698120117188,2,2,True,a01,511,516,umap,strict_raw_latent,42
SEAL-Weld Student,261,16.03472328186035,-3.1938998699188232,0,0,True,b01,120,125,umap,strict_raw_latent,42
SEAL-Weld Student,262,19.038888931274414,0.6928961277008057,1,1,True,a01,209,214,umap,strict_raw_latent,42
SEAL-Weld Student,263,18.718042373657227,0.38994142413139343,1,1,True,a01,220,225,umap,strict_raw_latent,42
SEAL-Weld Student,264,19.574996948242188,7.544635772705078,2,2,True,b01,544,549,umap,strict_raw_latent,42
SEAL-Weld Student,265,18.94537925720215,0.6009591221809387,1,1,True,a01,204,209,umap,strict_raw_latent,42
SEAL-Weld Student,266,15.273333549499512,8.586670875549316,2,1,False,a01,484,489,umap,strict_raw_latent,42
SEAL-Weld Student,267,14.987772941589355,8.834429740905762,2,2,True,a01,506,511,umap,strict_raw_latent,42
SEAL-Weld Student,268,19.49561309814453,1.143209457397461,1,1,True,b01,286,291,umap,strict_raw_latent,42
SEAL-Weld Student,269,20.14031219482422,1.824252724647522,1,1,True,b01,264,269,umap,strict_raw_latent,42
SEAL-Weld Student,270,16.44765853881836,-3.3322484493255615,0,0,True,b01,139,144,umap,strict_raw_latent,42
SEAL-Weld Student,271,18.078540802001953,8.814229965209961,2,2,True,c02,221,226,umap,strict_raw_latent,42
SEAL-Weld Student,272,15.989771842956543,-3.174672842025757,0,0,True,b01,111,116,umap,strict_raw_latent,42
SEAL-Weld Student,273,18.306774139404297,0.009247656911611557,1,1,True,c01,146,151,umap,strict_raw_latent,42
SEAL-Weld Student,274,19.761932373046875,8.249682426452637,2,2,True,b01,567,572,umap,strict_raw_latent,42
SEAL-Weld Student,275,15.311678886413574,9.064626693725586,2,2,True,a01,518,523,umap,strict_raw_latent,42
SEAL-Weld Student,276,19.773048400878906,7.370178699493408,2,2,True,b01,555,560,umap,strict_raw_latent,42
SEAL-Weld Student,277,16.08197021484375,-3.1377933025360107,0,0,True,b01,130,135,umap,strict_raw_latent,42
SEAL-Weld Student,278,18.277141571044922,8.602478981018066,2,2,True,c02,224,229,umap,strict_raw_latent,42
SEAL-Weld Student,279,16.231281280517578,-3.903625726699829,0,0,True,a01,89,94,umap,strict_raw_latent,42
SEAL-Weld Student,280,16.081640243530273,-3.291942596435547,0,0,True,b01,118,123,umap,strict_raw_latent,42
SEAL-Weld Student,281,14.885921478271484,9.096061706542969,2,2,True,a01,528,533,umap,strict_raw_latent,42
SEAL-Weld Student,282,20.51534080505371,1.9983283281326294,1,1,True,b01,284,289,umap,strict_raw_latent,42
SEAL-Weld Student,283,14.780346870422363,9.226523399353027,2,2,True,a01,526,531,umap,strict_raw_latent,42
SEAL-Weld Student,284,19.846647262573242,7.261135578155518,2,2,True,b01,535,540,umap,strict_raw_latent,42
SEAL-Weld Student,285,19.939409255981445,8.093520164489746,2,2,True,b01,576,581,umap,strict_raw_latent,42
SEAL-Weld Student,286,16.651325225830078,-3.719439744949341,0,0,True,c02,83,88,umap,strict_raw_latent,42
SEAL-Weld Student,287,19.760921478271484,8.16287612915039,2,2,True,b01,563,568,umap,strict_raw_latent,42
SEAL-Weld Student,288,19.23189353942871,8.03467845916748,2,2,True,b01,564,569,umap,strict_raw_latent,42
SEAL-Weld Student,289,18.31208610534668,0.010593635030090809,1,1,True,c01,147,152,umap,strict_raw_latent,42
SEAL-Weld Student,290,14.900938987731934,9.052090644836426,2,2,True,a01,534,539,umap,strict_raw_latent,42
SEAL-Weld Student,291,14.958463668823242,8.890748977661133,2,2,True,a01,498,503,umap,strict_raw_latent,42
SEAL-Weld Student,292,15.484967231750488,-3.499046802520752,0,0,True,a01,82,87,umap,strict_raw_latent,42
SEAL-Weld Student,293,15.899992942810059,-3.1922616958618164,0,0,True,b01,114,119,umap,strict_raw_latent,42
SEAL-Weld Student,294,20.1575927734375,1.9351515769958496,1,1,True,b01,256,261,umap,strict_raw_latent,42
SEAL-Weld Student,295,19.78865623474121,7.314630508422852,2,2,True,b01,539,544,umap,strict_raw_latent,42
SEAL-Weld Student,296,20.498815536499023,1.9535191059112549,1,1,True,b01,277,282,umap,strict_raw_latent,42
SEAL-Weld Student,297,18.945175170898438,0.6011357307434082,1,1,True,a01,210,215,umap,strict_raw_latent,42
SEAL-Weld Student,298,15.332143783569336,8.95693588256836,2,2,True,a01,540,545,umap,strict_raw_latent,42
SEAL-Weld Student,299,15.582636833190918,-3.320910692214966,0,0,True,c02,73,78,umap,strict_raw_latent,42
SEAL-Weld Student,300,19.170196533203125,7.995575904846191,2,2,True,b01,575,580,umap,strict_raw_latent,42
SEAL-Weld Student,301,15.451925277709961,8.85857105255127,2,2,True,a01,492,497,umap,strict_raw_latent,42
SEAL-Weld Student,302,15.42972469329834,-3.239872694015503,0,0,True,c02,71,76,umap,strict_raw_latent,42
SEAL-Weld Student,303,15.202096939086914,8.964420318603516,2,2,True,a01,494,499,umap,strict_raw_latent,42
SEAL-Weld Student,304,18.986366271972656,0.6428288817405701,1,1,True,a01,205,210,umap,strict_raw_latent,42
SEAL-Weld Student,305,15.169562339782715,8.876928329467773,2,2,True,a01,520,525,umap,strict_raw_latent,42
SEAL-Weld Student,306,19.269899368286133,8.288030624389648,2,2,True,b01,602,607,umap,strict_raw_latent,42
SEAL-Weld Student,307,19.857065200805664,8.241107940673828,2,2,True,b01,607,612,umap,strict_raw_latent,42
SEAL-Weld Student,308,16.2337589263916,-3.5063834190368652,0,0,True,b01,125,130,umap,strict_raw_latent,42
SEAL-Weld Student,309,19.432722091674805,8.659540176391602,2,2,True,b01,594,599,umap,strict_raw_latent,42
SEAL-Weld Student,310,18.960268020629883,8.725669860839844,2,2,True,c01,213,218,umap,strict_raw_latent,42
SEAL-Weld Student,311,20.46881675720215,1.930779218673706,1,1,True,b01,280,285,umap,strict_raw_latent,42
SEAL-Weld Student,312,19.14911651611328,8.130478858947754,2,2,True,b01,604,609,umap,strict_raw_latent,42
SEAL-Weld Student,313,19.268056869506836,8.459393501281738,2,2,True,b01,587,592,umap,strict_raw_latent,42
SEAL-Weld Student,314,19.374980926513672,8.724769592285156,2,2,True,b01,591,596,umap,strict_raw_latent,42
SEAL-Weld Student,315,15.488653182983398,-3.210437297821045,0,0,True,c02,68,73,umap,strict_raw_latent,42
SEAL-Weld Student,316,20.40300750732422,1.8986656665802002,1,1,True,b01,272,277,umap,strict_raw_latent,42
SEAL-Weld Student,317,15.3399076461792,8.63072681427002,2,1,False,a01,542,547,umap,strict_raw_latent,42
SEAL-Weld Student,318,15.53207778930664,-3.294161319732666,0,0,True,c02,74,79,umap,strict_raw_latent,42
SEAL-Weld Student,319,16.015033721923828,-3.387415885925293,0,0,True,b01,126,131,umap,strict_raw_latent,42
SEAL-Weld Student,320,20.17430305480957,1.8193928003311157,1,1,True,b01,265,270,umap,strict_raw_latent,42
SEAL-Weld Student,321,16.910058975219727,-1.9680486917495728,1,1,True,c01,130,135,umap,strict_raw_latent,42
SEAL-Weld Student,322,19.645273208618164,8.24005126953125,2,2,True,b01,559,564,umap,strict_raw_latent,42
SEAL-Weld Student,323,16.885400772094727,-1.9665921926498413,1,1,True,c01,128,133,umap,strict_raw_latent,42
SEAL-Weld Student,324,16.13775062561035,-3.301392078399658,0,0,True,b01,123,128,umap,strict_raw_latent,42
SEAL-Weld Student,325,19.641202926635742,8.388145446777344,2,2,True,b01,601,606,umap,strict_raw_latent,42
SEAL-Weld Student,326,15.575251579284668,8.046544075012207,2,2,True,a01,545,550,umap,strict_raw_latent,42
SEAL-Weld Student,327,20.359830856323242,1.8973135948181152,1,1,True,b01,269,274,umap,strict_raw_latent,42
SEAL-Weld Student,328,17.96306037902832,8.9039888381958,2,2,True,c02,216,221,umap,strict_raw_latent,42
SEAL-Weld Student,329,14.8116455078125,9.204543113708496,2,2,True,a01,522,527,umap,strict_raw_latent,42
SEAL-Weld Student,330,14.675907135009766,8.988895416259766,2,2,True,a01,508,513,umap,strict_raw_latent,42
SEAL-Weld Student,331,16.403987884521484,-4.062875747680664,0,0,True,a01,90,95,umap,strict_raw_latent,42
SEAL-Weld Student,332,15.00810432434082,8.864782333374023,2,2,True,a01,503,508,umap,strict_raw_latent,42
SEAL-Weld Student,333,15.259345054626465,8.564230918884277,2,2,True,a01,482,487,umap,strict_raw_latent,42
SEAL-Weld Student,334,19.451641082763672,8.638426780700684,2,2,True,b01,595,600,umap,strict_raw_latent,42
SEAL-Weld Student,335,16.501344680786133,-4.124103546142578,0,0,True,a01,98,103,umap,strict_raw_latent,42
SEAL-Weld Student,336,19.06937599182129,0.7225342392921448,1,1,True,a01,196,201,umap,strict_raw_latent,42
SEAL-Weld Student,337,14.647796630859375,9.02127742767334,2,2,True,a01,507,512,umap,strict_raw_latent,42
SEAL-Weld Student,338,14.837335586547852,9.439411163330078,2,2,True,a01,525,530,umap,strict_raw_latent,42
SEAL-Weld Student,339,19.738759994506836,8.37364673614502,2,2,True,b01,588,593,umap,strict_raw_latent,42
SEAL-Weld Student,340,19.3095760345459,8.096343040466309,2,2,True,b01,608,613,umap,strict_raw_latent,42
SEAL-Weld Student,341,19.095373153686523,0.7468948364257812,1,1,True,a01,197,202,umap,strict_raw_latent,42
SEAL-Weld Student,342,18.84368324279785,0.5061070322990417,1,1,True,a01,212,217,umap,strict_raw_latent,42
SEAL-Weld Student,343,16.592363357543945,-3.396390676498413,0,0,True,b01,141,146,umap,strict_raw_latent,42
SEAL-Weld Student,344,18.0162410736084,8.8592529296875,2,2,True,c02,219,224,umap,strict_raw_latent,42
SEAL-Weld Student,345,18.31496810913086,0.01746823638677597,1,1,True,c01,142,147,umap,strict_raw_latent,42
SEAL-Weld Student,346,16.465513229370117,-4.115395545959473,0,0,True,a01,100,105,umap,strict_raw_latent,42
SEAL-Weld Student,347,19.20054817199707,8.035345077514648,2,2,True,b01,583,588,umap,strict_raw_latent,42
SEAL-Weld Student,348,15.633901596069336,7.988454818725586,2,2,True,a01,546,551,umap,strict_raw_latent,42
SEAL-Weld Student,349,15.86778450012207,7.7350239753723145,2,2,True,a01,557,562,umap,strict_raw_latent,42
SEAL-Weld Student,350,18.313098907470703,0.01629510149359703,1,1,True,c01,145,150,umap,strict_raw_latent,42
SEAL-Weld Student,351,14.785656929016113,9.21155071258545,2,2,True,a01,530,535,umap,strict_raw_latent,42
SEAL-Weld Student,352,19.86587905883789,7.360042572021484,2,2,True,b01,547,552,umap,strict_raw_latent,42
SEAL-Weld Student,353,15.904258728027344,-3.2955892086029053,0,0,True,b01,117,122,umap,strict_raw_latent,42
SEAL-Weld Student,354,15.887884140014648,-3.7009973526000977,0,0,True,a01,88,93,umap,strict_raw_latent,42
SEAL-Weld Student,355,15.567102432250977,8.044958114624023,2,2,True,a01,552,557,umap,strict_raw_latent,42
