================================================================================
Ablation-2 | Distill 13D LSTM student for future-step prediction
================================================================================
Dataset: Data/processed_data/weld_seam_windows_ws5_tf75_pg0_h1.npz
Teacher ckpt: /home/huang_kai/wind_turbine_phm/PHOENIX-main/autoencoder_benchmark/ablation_experiments/h1/results/comparison_18d_baselines/lstm/lstm_weld_seam_windows_ws5_tf75_pg0_h1_h64_l2_bi_do0.3_ep80_lr0.0001_wd1e-05_bs128_seed42/best_model.pth
Teacher run args: /home/huang_kai/wind_turbine_phm/PHOENIX-main/autoencoder_benchmark/ablation_experiments/h1/results/comparison_18d_baselines/lstm/lstm_weld_seam_windows_ws5_tf75_pg0_h1_h64_l2_bi_do0.3_ep80_lr0.0001_wd1e-05_bs128_seed42/run_args.json
Device: cuda
Train/Val/Test: 990 / 175 / 356
Input full/subset dims: 18 / 13
Dropped feature indices: [3, 4, 5, 6, 7]
Temperature: 2.0
Loss weights (ce/kd/feat): 0.9 / 1.1 / 0.0
Teacher init summary: {'init_mode': 'strict', 'loaded_keys': 20, 'skipped_keys': [], 'missing_model_keys': []}
Student init summary: {'init_mode': 'shape_safe', 'loaded_keys': 10, 'skipped_keys': ['lstm.bias_hh_l1', 'lstm.bias_hh_l1_reverse', 'lstm.bias_ih_l1', 'lstm.bias_ih_l1_reverse', 'lstm.weight_hh_l1', 'lstm.weight_hh_l1_reverse', 'lstm.weight_ih_l0', 'lstm.weight_ih_l0_reverse', 'lstm.weight_ih_l1', 'lstm.weight_ih_l1_reverse'], 'missing_model_keys': ['lstm.weight_ih_l0', 'lstm.weight_ih_l0_reverse']}
Epoch 001 | train=1.6228 (ce=1.0068, kd=0.6515, feat=0.0859) | val_acc=38.86% val_f1=0.4002 val_agree=40.00% | test_acc=44.94% test_agree=36.24%
Epoch 002 | train=1.5638 (ce=0.9685, kd=0.6292, feat=0.0874) | val_acc=40.57% val_f1=0.4224 val_agree=40.57% | test_acc=56.18% test_agree=46.91%
Epoch 003 | train=1.4982 (ce=0.9295, kd=0.6014, feat=0.0878) | val_acc=49.71% val_f1=0.5156 val_agree=49.71% | test_acc=65.73% test_agree=56.46%
Epoch 004 | train=1.4411 (ce=0.8953, kd=0.5775, feat=0.0883) | val_acc=56.57% val_f1=0.5745 val_agree=56.57% | test_acc=71.91% test_agree=62.64%
Epoch 005 | train=1.3292 (ce=0.8749, kd=0.4925, feat=0.0812) | val_acc=62.29% val_f1=0.6192 val_agree=62.29% | test_acc=72.47% test_agree=63.76%
Epoch 006 | train=1.2674 (ce=0.8427, kd=0.4627, feat=0.0810) | val_acc=69.71% val_f1=0.6744 val_agree=69.71% | test_acc=73.03% test_agree=64.33%
Epoch 007 | train=1.1945 (ce=0.8106, kd=0.4226, feat=0.0774) | val_acc=74.29% val_f1=0.7082 val_agree=74.29% | test_acc=73.31% test_agree=64.61%
Epoch 008 | train=1.1469 (ce=0.7717, kd=0.4113, feat=0.0803) | val_acc=77.71% val_f1=0.7341 val_agree=77.71% | test_acc=74.16% test_agree=65.45%
Epoch 009 | train=1.0655 (ce=0.7582, kd=0.3483, feat=0.0737) | val_acc=80.57% val_f1=0.7564 val_agree=80.57% | test_acc=75.00% test_agree=66.29%
Epoch 010 | train=0.9969 (ce=0.7184, kd=0.3185, feat=0.0742) | val_acc=82.29% val_f1=0.7746 val_agree=82.29% | test_acc=76.12% test_agree=67.98%
Epoch 011 | train=0.9480 (ce=0.6717, kd=0.3122, feat=0.0792) | val_acc=82.86% val_f1=0.7793 val_agree=82.86% | test_acc=76.12% test_agree=70.22%
Epoch 012 | train=0.9014 (ce=0.6772, kd=0.2654, feat=0.0736) | val_acc=84.57% val_f1=0.7938 val_agree=84.57% | test_acc=78.65% test_agree=73.88%
Epoch 013 | train=0.8333 (ce=0.6571, kd=0.2199, feat=0.0681) | val_acc=84.57% val_f1=0.7900 val_agree=84.57% | test_acc=80.34% test_agree=76.12%
Epoch 014 | train=0.7837 (ce=0.6258, kd=0.2004, feat=0.0691) | val_acc=85.14% val_f1=0.7993 val_agree=85.14% | test_acc=81.46% test_agree=78.37%
Epoch 015 | train=0.7323 (ce=0.5872, kd=0.1853, feat=0.0719) | val_acc=86.86% val_f1=0.8226 val_agree=86.86% | test_acc=82.30% test_agree=79.78%
Epoch 016 | train=0.7055 (ce=0.5740, kd=0.1717, feat=0.0712) | val_acc=88.00% val_f1=0.8367 val_agree=86.86% | test_acc=81.46% test_agree=80.06%
Epoch 017 | train=0.6551 (ce=0.5619, kd=0.1358, feat=0.0650) | val_acc=89.14% val_f1=0.8545 val_agree=88.00% | test_acc=82.30% test_agree=80.90%
Epoch 018 | train=0.6127 (ce=0.5354, kd=0.1189, feat=0.0650) | val_acc=89.71% val_f1=0.8632 val_agree=88.57% | test_acc=83.15% test_agree=81.74%
Epoch 019 | train=0.5697 (ce=0.5004, kd=0.1085, feat=0.0670) | val_acc=92.00% val_f1=0.8974 val_agree=90.86% | test_acc=82.87% test_agree=82.02%
Epoch 020 | train=0.5455 (ce=0.4859, kd=0.0984, feat=0.0646) | val_acc=93.14% val_f1=0.9141 val_agree=92.00% | test_acc=83.43% test_agree=83.15%
Epoch 021 | train=0.5097 (ce=0.4650, kd=0.0829, feat=0.0637) | val_acc=93.14% val_f1=0.9141 val_agree=92.00% | test_acc=83.43% test_agree=83.71%
Epoch 022 | train=0.4928 (ce=0.4589, kd=0.0725, feat=0.0633) | val_acc=94.29% val_f1=0.9288 val_agree=93.14% | test_acc=84.55% test_agree=84.83%
Epoch 023 | train=0.4664 (ce=0.4267, kd=0.0749, feat=0.0658) | val_acc=94.29% val_f1=0.9288 val_agree=93.14% | test_acc=85.11% test_agree=85.96%
Epoch 024 | train=0.4411 (ce=0.4136, kd=0.0627, feat=0.0631) | val_acc=94.29% val_f1=0.9288 val_agree=93.14% | test_acc=85.96% test_agree=86.80%
Epoch 025 | train=0.4323 (ce=0.4084, kd=0.0589, feat=0.0604) | val_acc=93.71% val_f1=0.9238 val_agree=93.71% | test_acc=86.24% test_agree=87.08%
Epoch 026 | train=0.4147 (ce=0.3923, kd=0.0560, feat=0.0638) | val_acc=93.14% val_f1=0.9186 val_agree=94.29% | test_acc=85.96% test_agree=86.80%
Epoch 027 | train=0.4033 (ce=0.3794, kd=0.0562, feat=0.0623) | val_acc=92.57% val_f1=0.9110 val_agree=94.86% | test_acc=85.11% test_agree=88.20%
Epoch 028 | train=0.3970 (ce=0.3767, kd=0.0528, feat=0.0628) | val_acc=92.57% val_f1=0.9110 val_agree=94.86% | test_acc=85.39% test_agree=88.48%
Epoch 029 | train=0.3747 (ce=0.3557, kd=0.0496, feat=0.0618) | val_acc=93.14% val_f1=0.9190 val_agree=95.43% | test_acc=85.67% test_agree=88.76%
Epoch 030 | train=0.3559 (ce=0.3343, kd=0.0500, feat=0.0635) | val_acc=93.71% val_f1=0.9271 val_agree=96.00% | test_acc=84.83% test_agree=89.61%
Epoch 031 | train=0.3694 (ce=0.3469, kd=0.0521, feat=0.0627) | val_acc=94.29% val_f1=0.9352 val_agree=96.57% | test_acc=85.67% test_agree=89.89%
Epoch 032 | train=0.3667 (ce=0.3488, kd=0.0479, feat=0.0582) | val_acc=94.86% val_f1=0.9433 val_agree=97.14% | test_acc=86.24% test_agree=90.45%
Epoch 033 | train=0.3658 (ce=0.3459, kd=0.0495, feat=0.0606) | val_acc=95.43% val_f1=0.9514 val_agree=97.71% | test_acc=85.39% test_agree=91.29%
Epoch 034 | train=0.3567 (ce=0.3334, kd=0.0514, feat=0.0586) | val_acc=94.86% val_f1=0.9462 val_agree=97.14% | test_acc=85.11% test_agree=91.01%
Epoch 035 | train=0.3156 (ce=0.2889, kd=0.0505, feat=0.0627) | val_acc=94.86% val_f1=0.9462 val_agree=97.14% | test_acc=85.39% test_agree=91.29%
Epoch 036 | train=0.3478 (ce=0.3209, kd=0.0537, feat=0.0613) | val_acc=94.86% val_f1=0.9462 val_agree=97.14% | test_acc=85.39% test_agree=91.29%
Epoch 037 | train=0.3269 (ce=0.3004, kd=0.0514, feat=0.0621) | val_acc=94.86% val_f1=0.9462 val_agree=97.14% | test_acc=85.39% test_agree=91.29%
Epoch 038 | train=0.3272 (ce=0.3019, kd=0.0505, feat=0.0606) | val_acc=94.86% val_f1=0.9462 val_agree=97.14% | test_acc=85.96% test_agree=91.85%
Epoch 039 | train=0.3216 (ce=0.2926, kd=0.0529, feat=0.0611) | val_acc=94.86% val_f1=0.9462 val_agree=97.14% | test_acc=86.24% test_agree=92.13%
Epoch 040 | train=0.3229 (ce=0.2960, kd=0.0514, feat=0.0593) | val_acc=94.86% val_f1=0.9462 val_agree=97.14% | test_acc=86.24% test_agree=92.13%
Epoch 041 | train=0.3227 (ce=0.2944, kd=0.0525, feat=0.0600) | val_acc=94.86% val_f1=0.9462 val_agree=97.14% | test_acc=86.24% test_agree=92.70%
Early stopping at epoch 41 (best=25, score=0.862360)
================================================================================
Best epoch: 25
Best score (test_acc): 0.862360
Final test accuracy: 86.24%
Final test teacher agreement: 87.08%
Saved to: ablation_experiments/h1/results/run_20260327_131013/ablation2_teacher_student_lstm/students/ablation2_h1_scan90_run_20260327_131013/stage0/s0_l1_o0_c0/ablation2_distill_lstm_weld_seam_windows_ws5_tf75_pg0_h1_ep80_lr0.0001_bs128_T2.0_lce0.9_lkd1.1_lf0.0_seed14
================================================================================
Ablation-2 | Distill 13D LSTM student for future-step prediction
================================================================================
Dataset: Data/processed_data/weld_seam_windows_ws5_tf75_pg0_h1.npz
Teacher ckpt: /home/huang_kai/wind_turbine_phm/PHOENIX-main/autoencoder_benchmark/ablation_experiments/h1/results/comparison_18d_baselines/lstm/lstm_weld_seam_windows_ws5_tf75_pg0_h1_h64_l2_bi_do0.3_ep80_lr0.0001_wd1e-05_bs128_seed42/best_model.pth
Teacher run args: /home/huang_kai/wind_turbine_phm/PHOENIX-main/autoencoder_benchmark/ablation_experiments/h1/results/comparison_18d_baselines/lstm/lstm_weld_seam_windows_ws5_tf75_pg0_h1_h64_l2_bi_do0.3_ep80_lr0.0001_wd1e-05_bs128_seed42/run_args.json
Device: cuda
Train/Val/Test: 990 / 175 / 356
Input full/subset dims: 18 / 13
Dropped feature indices: [3, 4, 5, 6, 7]
Temperature: 2.0
Loss weights (ce/kd/feat): 0.9 / 1.1 / 0.0
Teacher init summary: {'init_mode': 'strict', 'loaded_keys': 20, 'skipped_keys': [], 'missing_model_keys': []}
Student init summary: {'init_mode': 'shape_safe', 'loaded_keys': 18, 'skipped_keys': ['lstm.weight_ih_l0', 'lstm.weight_ih_l0_reverse'], 'missing_model_keys': ['lstm.weight_ih_l0', 'lstm.weight_ih_l0_reverse']}
Epoch 001 | train=2.2282 (ce=1.2493, kd=1.0035, feat=0.0805) | val_acc=22.86% val_f1=0.1294 val_agree=25.14% | test_acc=31.74% test_agree=34.27%
Epoch 002 | train=2.0115 (ce=1.1512, kd=0.8867, feat=0.0760) | val_acc=25.71% val_f1=0.1517 val_agree=28.00% | test_acc=35.11% test_agree=37.64%
Epoch 003 | train=1.7506 (ce=1.0447, kd=0.7367, feat=0.0666) | val_acc=26.29% val_f1=0.1685 val_agree=28.57% | test_acc=44.94% test_agree=47.47%
Epoch 004 | train=1.6882 (ce=0.9888, kd=0.7257, feat=0.0704) | val_acc=30.86% val_f1=0.2500 val_agree=33.14% | test_acc=50.56% test_agree=53.09%
Epoch 005 | train=1.4804 (ce=0.8946, kd=0.6139, feat=0.0656) | val_acc=38.29% val_f1=0.3892 val_agree=40.57% | test_acc=56.74% test_agree=59.27%
Epoch 006 | train=1.2641 (ce=0.7980, kd=0.4963, feat=0.0590) | val_acc=57.14% val_f1=0.6194 val_agree=59.43% | test_acc=64.33% test_agree=66.85%
Epoch 007 | train=1.0521 (ce=0.7257, kd=0.3627, feat=0.0487) | val_acc=72.57% val_f1=0.7607 val_agree=74.86% | test_acc=76.12% test_agree=74.72%
Epoch 008 | train=0.9094 (ce=0.6277, kd=0.3132, feat=0.0517) | val_acc=80.57% val_f1=0.8044 val_agree=80.57% | test_acc=80.06% test_agree=78.09%
Epoch 009 | train=0.7643 (ce=0.5975, kd=0.2059, feat=0.0401) | val_acc=81.71% val_f1=0.7752 val_agree=81.71% | test_acc=80.62% test_agree=78.09%
Epoch 010 | train=0.6831 (ce=0.5807, kd=0.1459, feat=0.0329) | val_acc=84.57% val_f1=0.7954 val_agree=84.57% | test_acc=82.87% test_agree=81.46%
Epoch 011 | train=0.6094 (ce=0.5410, kd=0.1114, feat=0.0281) | val_acc=88.57% val_f1=0.8506 val_agree=87.43% | test_acc=82.30% test_agree=80.90%
Epoch 012 | train=0.5837 (ce=0.5378, kd=0.0906, feat=0.0255) | val_acc=92.57% val_f1=0.9044 val_agree=90.29% | test_acc=79.78% test_agree=81.18%
Epoch 013 | train=0.5029 (ce=0.4688, kd=0.0736, feat=0.0253) | val_acc=94.29% val_f1=0.9297 val_agree=92.00% | test_acc=79.78% test_agree=82.30%
Epoch 014 | train=0.4728 (ce=0.4549, kd=0.0576, feat=0.0219) | val_acc=94.29% val_f1=0.9307 val_agree=94.29% | test_acc=78.37% test_agree=82.58%
Epoch 015 | train=0.4362 (ce=0.4205, kd=0.0525, feat=0.0211) | val_acc=94.86% val_f1=0.9390 val_agree=94.86% | test_acc=78.65% test_agree=83.43%
Epoch 016 | train=0.4143 (ce=0.4007, kd=0.0487, feat=0.0210) | val_acc=96.00% val_f1=0.9556 val_agree=96.00% | test_acc=78.65% test_agree=83.99%
Epoch 017 | train=0.3994 (ce=0.3860, kd=0.0472, feat=0.0186) | val_acc=96.00% val_f1=0.9556 val_agree=96.00% | test_acc=78.65% test_agree=84.55%
Epoch 018 | train=0.3868 (ce=0.3722, kd=0.0471, feat=0.0165) | val_acc=96.00% val_f1=0.9556 val_agree=96.00% | test_acc=78.93% test_agree=86.52%
Epoch 019 | train=0.3737 (ce=0.3581, kd=0.0467, feat=0.0159) | val_acc=96.57% val_f1=0.9610 val_agree=96.57% | test_acc=80.06% test_agree=88.76%
Epoch 020 | train=0.3644 (ce=0.3422, kd=0.0513, feat=0.0152) | val_acc=96.57% val_f1=0.9615 val_agree=97.71% | test_acc=82.02% test_agree=90.73%
Epoch 021 | train=0.3612 (ce=0.3356, kd=0.0538, feat=0.0146) | val_acc=96.57% val_f1=0.9615 val_agree=97.71% | test_acc=82.87% test_agree=92.13%
Epoch 022 | train=0.3514 (ce=0.3223, kd=0.0558, feat=0.0145) | val_acc=96.57% val_f1=0.9615 val_agree=97.71% | test_acc=83.99% test_agree=93.26%
Epoch 023 | train=0.3473 (ce=0.3187, kd=0.0550, feat=0.0140) | val_acc=96.57% val_f1=0.9615 val_agree=97.71% | test_acc=83.71% test_agree=92.98%
Epoch 024 | train=0.3381 (ce=0.3095, kd=0.0541, feat=0.0146) | val_acc=96.57% val_f1=0.9615 val_agree=97.71% | test_acc=84.27% test_agree=93.54%
Epoch 025 | train=0.3343 (ce=0.3023, kd=0.0565, feat=0.0139) | val_acc=96.00% val_f1=0.9561 val_agree=97.14% | test_acc=85.39% test_agree=94.66%
Epoch 026 | train=0.3204 (ce=0.2825, kd=0.0601, feat=0.0145) | val_acc=96.00% val_f1=0.9561 val_agree=97.14% | test_acc=85.96% test_agree=95.22%
Epoch 027 | train=0.3083 (ce=0.2738, kd=0.0563, feat=0.0139) | val_acc=97.14% val_f1=0.9673 val_agree=98.29% | test_acc=86.24% test_agree=95.51%
Epoch 028 | train=0.3054 (ce=0.2712, kd=0.0558, feat=0.0142) | val_acc=97.14% val_f1=0.9673 val_agree=98.29% | test_acc=85.96% test_agree=95.22%
Epoch 029 | train=0.3200 (ce=0.2804, kd=0.0615, feat=0.0135) | val_acc=97.14% val_f1=0.9673 val_agree=98.29% | test_acc=85.96% test_agree=95.22%
Epoch 030 | train=0.3089 (ce=0.2683, kd=0.0614, feat=0.0143) | val_acc=96.57% val_f1=0.9619 val_agree=97.71% | test_acc=85.96% test_agree=94.66%
Epoch 031 | train=0.3089 (ce=0.2687, kd=0.0610, feat=0.0143) | val_acc=96.57% val_f1=0.9619 val_agree=97.71% | test_acc=85.96% test_agree=94.66%
Epoch 032 | train=0.3157 (ce=0.2755, kd=0.0616, feat=0.0135) | val_acc=96.57% val_f1=0.9619 val_agree=97.71% | test_acc=85.67% test_agree=94.38%
Epoch 033 | train=0.3135 (ce=0.2712, kd=0.0632, feat=0.0144) | val_acc=96.57% val_f1=0.9619 val_agree=97.71% | test_acc=86.52% test_agree=95.22%
Epoch 034 | train=0.3073 (ce=0.2710, kd=0.0577, feat=0.0129) | val_acc=96.57% val_f1=0.9619 val_agree=97.71% | test_acc=87.08% test_agree=95.79%
Epoch 035 | train=0.2945 (ce=0.2543, kd=0.0597, feat=0.0139) | val_acc=96.57% val_f1=0.9619 val_agree=97.71% | test_acc=86.80% test_agree=95.51%
Epoch 036 | train=0.3081 (ce=0.2687, kd=0.0603, feat=0.0136) | val_acc=96.57% val_f1=0.9619 val_agree=97.71% | test_acc=86.24% test_agree=94.94%
Epoch 037 | train=0.2973 (ce=0.2565, kd=0.0604, feat=0.0135) | val_acc=96.00% val_f1=0.9566 val_agree=98.29% | test_acc=86.24% test_agree=94.94%
Epoch 038 | train=0.2980 (ce=0.2599, kd=0.0583, feat=0.0131) | val_acc=95.43% val_f1=0.9514 val_agree=97.71% | test_acc=86.80% test_agree=95.51%
Epoch 039 | train=0.3100 (ce=0.2667, kd=0.0636, feat=0.0127) | val_acc=96.00% val_f1=0.9566 val_agree=98.29% | test_acc=87.36% test_agree=96.07%
Epoch 040 | train=0.3111 (ce=0.2707, kd=0.0614, feat=0.0127) | val_acc=96.57% val_f1=0.9619 val_agree=97.71% | test_acc=87.08% test_agree=95.79%
Epoch 041 | train=0.2950 (ce=0.2542, kd=0.0602, feat=0.0136) | val_acc=96.57% val_f1=0.9619 val_agree=97.71% | test_acc=86.52% test_agree=95.22%
Epoch 042 | train=0.3070 (ce=0.2676, kd=0.0602, feat=0.0133) | val_acc=96.57% val_f1=0.9619 val_agree=97.71% | test_acc=86.52% test_agree=95.22%
Epoch 043 | train=0.3012 (ce=0.2585, kd=0.0624, feat=0.0132) | val_acc=96.57% val_f1=0.9619 val_agree=97.71% | test_acc=86.52% test_agree=95.22%
Epoch 044 | train=0.2989 (ce=0.2622, kd=0.0572, feat=0.0130) | val_acc=96.57% val_f1=0.9619 val_agree=97.71% | test_acc=86.80% test_agree=95.51%
Epoch 045 | train=0.2872 (ce=0.2436, kd=0.0619, feat=0.0132) | val_acc=96.57% val_f1=0.9619 val_agree=97.71% | test_acc=87.08% test_agree=95.79%
Epoch 046 | train=0.2966 (ce=0.2577, kd=0.0588, feat=0.0131) | val_acc=96.57% val_f1=0.9619 val_agree=97.71% | test_acc=87.08% test_agree=95.79%
Epoch 047 | train=0.2856 (ce=0.2430, kd=0.0608, feat=0.0134) | val_acc=96.57% val_f1=0.9619 val_agree=97.71% | test_acc=87.64% test_agree=96.35%
Epoch 048 | train=0.2820 (ce=0.2404, kd=0.0597, feat=0.0136) | val_acc=96.57% val_f1=0.9619 val_agree=97.71% | test_acc=87.92% test_agree=96.07%
Epoch 049 | train=0.2847 (ce=0.2437, kd=0.0594, feat=0.0135) | val_acc=96.00% val_f1=0.9566 val_agree=98.29% | test_acc=87.92% test_agree=96.07%
Epoch 050 | train=0.2858 (ce=0.2470, kd=0.0577, feat=0.0133) | val_acc=95.43% val_f1=0.9514 val_agree=97.71% | test_acc=88.20% test_agree=95.79%
Epoch 051 | train=0.2942 (ce=0.2539, kd=0.0597, feat=0.0130) | val_acc=95.43% val_f1=0.9514 val_agree=97.71% | test_acc=88.20% test_agree=95.79%
Epoch 052 | train=0.2873 (ce=0.2464, kd=0.0596, feat=0.0133) | val_acc=96.00% val_f1=0.9566 val_agree=98.29% | test_acc=88.48% test_agree=96.07%
Epoch 053 | train=0.2862 (ce=0.2431, kd=0.0613, feat=0.0127) | val_acc=96.00% val_f1=0.9566 val_agree=98.29% | test_acc=88.20% test_agree=95.79%
Epoch 054 | train=0.2989 (ce=0.2596, kd=0.0594, feat=0.0126) | val_acc=96.00% val_f1=0.9566 val_agree=98.29% | test_acc=88.20% test_agree=95.79%
Epoch 055 | train=0.2814 (ce=0.2401, kd=0.0593, feat=0.0132) | val_acc=96.00% val_f1=0.9566 val_agree=98.29% | test_acc=88.20% test_agree=95.79%
Epoch 056 | train=0.2830 (ce=0.2437, kd=0.0579, feat=0.0127) | val_acc=96.00% val_f1=0.9566 val_agree=98.29% | test_acc=88.20% test_agree=95.79%
Epoch 057 | train=0.2848 (ce=0.2450, kd=0.0585, feat=0.0126) | val_acc=96.00% val_f1=0.9566 val_agree=98.29% | test_acc=88.20% test_agree=95.79%
Epoch 058 | train=0.2869 (ce=0.2434, kd=0.0617, feat=0.0129) | val_acc=95.43% val_f1=0.9514 val_agree=97.71% | test_acc=88.20% test_agree=95.79%
Epoch 059 | train=0.2905 (ce=0.2474, kd=0.0616, feat=0.0133) | val_acc=95.43% val_f1=0.9514 val_agree=97.71% | test_acc=88.20% test_agree=95.79%
Epoch 060 | train=0.2849 (ce=0.2418, kd=0.0612, feat=0.0132) | val_acc=95.43% val_f1=0.9514 val_agree=97.71% | test_acc=88.20% test_agree=95.79%
Epoch 061 | train=0.2872 (ce=0.2479, kd=0.0583, feat=0.0129) | val_acc=95.43% val_f1=0.9514 val_agree=97.71% | test_acc=88.20% test_agree=95.79%
Epoch 062 | train=0.2882 (ce=0.2457, kd=0.0610, feat=0.0131) | val_acc=95.43% val_f1=0.9514 val_agree=97.71% | test_acc=88.20% test_agree=95.79%
Epoch 063 | train=0.2925 (ce=0.2542, kd=0.0579, feat=0.0126) | val_acc=95.43% val_f1=0.9514 val_agree=97.71% | test_acc=88.20% test_agree=95.79%
Epoch 064 | train=0.2838 (ce=0.2421, kd=0.0599, feat=0.0123) | val_acc=95.43% val_f1=0.9514 val_agree=97.71% | test_acc=88.20% test_agree=95.79%
Epoch 065 | train=0.2977 (ce=0.2550, kd=0.0619, feat=0.0124) | val_acc=95.43% val_f1=0.9514 val_agree=97.71% | test_acc=88.20% test_agree=95.79%
Epoch 066 | train=0.2967 (ce=0.2509, kd=0.0644, feat=0.0123) | val_acc=95.43% val_f1=0.9514 val_agree=97.71% | test_acc=88.20% test_agree=95.79%
Epoch 067 | train=0.2839 (ce=0.2367, kd=0.0644, feat=0.0129) | val_acc=95.43% val_f1=0.9514 val_agree=97.71% | test_acc=88.20% test_agree=95.79%
Epoch 068 | train=0.2806 (ce=0.2407, kd=0.0581, feat=0.0127) | val_acc=95.43% val_f1=0.9514 val_agree=97.71% | test_acc=88.20% test_agree=95.79%
Early stopping at epoch 68 (best=52, score=0.884831)
================================================================================
Best epoch: 52
Best score (test_acc): 0.884831
Final test accuracy: 88.48%
Final test teacher agreement: 96.07%
Saved to: ablation_experiments/h1/results/run_20260327_131013/ablation2_teacher_student_lstm/students/ablation2_h1_scan90_run_20260327_131013/stage0/s0_l1_o0_c1/ablation2_distill_lstm_weld_seam_windows_ws5_tf75_pg0_h1_ep80_lr0.0001_bs128_T2.0_lce0.9_lkd1.1_lf0.0_seed14
================================================================================
Ablation-2 | Distill 13D LSTM student for future-step prediction
================================================================================
Dataset: Data/processed_data/weld_seam_windows_ws5_tf75_pg0_h1.npz
Teacher ckpt: /home/huang_kai/wind_turbine_phm/PHOENIX-main/autoencoder_benchmark/ablation_experiments/h1/results/comparison_18d_baselines/lstm/lstm_weld_seam_windows_ws5_tf75_pg0_h1_h64_l2_bi_do0.3_ep80_lr0.0001_wd1e-05_bs128_seed42/best_model.pth
Teacher run args: /home/huang_kai/wind_turbine_phm/PHOENIX-main/autoencoder_benchmark/ablation_experiments/h1/results/comparison_18d_baselines/lstm/lstm_weld_seam_windows_ws5_tf75_pg0_h1_h64_l2_bi_do0.3_ep80_lr0.0001_wd1e-05_bs128_seed42/run_args.json
Device: cuda
Train/Val/Test: 990 / 175 / 356
Input full/subset dims: 18 / 13
Dropped feature indices: [3, 4, 5, 6, 7]
Temperature: 2.0
Loss weights (ce/kd/feat): 0.9 / 1.1 / 0.0
Teacher init summary: {'init_mode': 'strict', 'loaded_keys': 20, 'skipped_keys': [], 'missing_model_keys': []}
Student init summary: {'init_mode': 'shape_safe', 'loaded_keys': 10, 'skipped_keys': ['lstm.bias_hh_l1', 'lstm.bias_hh_l1_reverse', 'lstm.bias_ih_l1', 'lstm.bias_ih_l1_reverse', 'lstm.weight_hh_l1', 'lstm.weight_hh_l1_reverse', 'lstm.weight_ih_l0', 'lstm.weight_ih_l0_reverse', 'lstm.weight_ih_l1', 'lstm.weight_ih_l1_reverse'], 'missing_model_keys': ['lstm.weight_ih_l0', 'lstm.weight_ih_l0_reverse']}
Epoch 001 | train=1.6058 (ce=0.9990, kd=0.6425, feat=0.0856) | val_acc=37.71% val_f1=0.3897 val_agree=38.86% | test_acc=50.56% test_agree=41.29%
Epoch 002 | train=1.5092 (ce=0.9437, kd=0.5999, feat=0.0864) | val_acc=49.71% val_f1=0.5156 val_agree=49.71% | test_acc=65.73% test_agree=56.46%
Epoch 003 | train=1.4069 (ce=0.8889, kd=0.5517, feat=0.0860) | val_acc=59.43% val_f1=0.5972 val_agree=59.43% | test_acc=72.19% test_agree=62.92%
Epoch 004 | train=1.3142 (ce=0.8392, kd=0.5081, feat=0.0856) | val_acc=69.71% val_f1=0.6744 val_agree=69.71% | test_acc=73.03% test_agree=64.33%
Epoch 005 | train=1.1822 (ce=0.8116, kd=0.4106, feat=0.0780) | val_acc=76.00% val_f1=0.7210 val_agree=76.00% | test_acc=73.31% test_agree=64.61%
Epoch 006 | train=1.0908 (ce=0.7651, kd=0.3656, feat=0.0771) | val_acc=80.57% val_f1=0.7564 val_agree=80.57% | test_acc=75.00% test_agree=66.29%
Epoch 007 | train=0.9922 (ce=0.7195, kd=0.3133, feat=0.0730) | val_acc=82.86% val_f1=0.7793 val_agree=82.86% | test_acc=75.28% test_agree=69.38%
Epoch 008 | train=0.9073 (ce=0.6656, kd=0.2802, feat=0.0751) | val_acc=84.00% val_f1=0.7852 val_agree=84.00% | test_acc=78.65% test_agree=74.44%
Epoch 009 | train=0.8195 (ce=0.6458, kd=0.2166, feat=0.0685) | val_acc=84.57% val_f1=0.7900 val_agree=84.57% | test_acc=81.46% test_agree=78.37%
Epoch 010 | train=0.7384 (ce=0.5974, kd=0.1825, feat=0.0684) | val_acc=86.86% val_f1=0.8186 val_agree=85.71% | test_acc=82.30% test_agree=79.78%
Epoch 011 | train=0.6675 (ce=0.5425, kd=0.1629, feat=0.0724) | val_acc=87.43% val_f1=0.8277 val_agree=86.29% | test_acc=82.30% test_agree=80.90%
Epoch 012 | train=0.6275 (ce=0.5425, kd=0.1265, feat=0.0671) | val_acc=89.14% val_f1=0.8545 val_agree=88.00% | test_acc=82.02% test_agree=80.62%
Epoch 013 | train=0.5730 (ce=0.5177, kd=0.0973, feat=0.0620) | val_acc=91.43% val_f1=0.8889 val_agree=90.29% | test_acc=83.71% test_agree=82.87%
Epoch 014 | train=0.5186 (ce=0.4731, kd=0.0843, feat=0.0627) | val_acc=93.14% val_f1=0.9141 val_agree=92.00% | test_acc=84.83% test_agree=85.11%
Epoch 015 | train=0.4763 (ce=0.4398, kd=0.0732, feat=0.0652) | val_acc=93.14% val_f1=0.9147 val_agree=93.14% | test_acc=85.67% test_agree=86.52%
Epoch 016 | train=0.4538 (ce=0.4203, kd=0.0687, feat=0.0646) | val_acc=94.29% val_f1=0.9292 val_agree=94.29% | test_acc=85.67% test_agree=86.52%
Epoch 017 | train=0.4274 (ce=0.4073, kd=0.0554, feat=0.0593) | val_acc=93.14% val_f1=0.9162 val_agree=94.29% | test_acc=84.27% test_agree=87.92%
Epoch 018 | train=0.3975 (ce=0.3808, kd=0.0498, feat=0.0595) | val_acc=94.29% val_f1=0.9323 val_agree=95.43% | test_acc=84.27% test_agree=89.04%
Epoch 019 | train=0.3638 (ce=0.3419, kd=0.0510, feat=0.0615) | val_acc=94.86% val_f1=0.9433 val_agree=97.14% | test_acc=83.71% test_agree=90.73%
Epoch 020 | train=0.3598 (ce=0.3360, kd=0.0522, feat=0.0596) | val_acc=95.43% val_f1=0.9514 val_agree=97.71% | test_acc=84.55% test_agree=91.01%
Epoch 021 | train=0.3419 (ce=0.3203, kd=0.0488, feat=0.0591) | val_acc=95.43% val_f1=0.9514 val_agree=97.71% | test_acc=85.39% test_agree=90.73%
Epoch 022 | train=0.3439 (ce=0.3228, kd=0.0486, feat=0.0591) | val_acc=95.43% val_f1=0.9514 val_agree=97.71% | test_acc=85.67% test_agree=91.57%
Epoch 023 | train=0.3318 (ce=0.2989, kd=0.0571, feat=0.0617) | val_acc=95.43% val_f1=0.9514 val_agree=97.71% | test_acc=87.08% test_agree=92.98%
Epoch 024 | train=0.3272 (ce=0.2963, kd=0.0550, feat=0.0598) | val_acc=95.43% val_f1=0.9514 val_agree=97.71% | test_acc=88.48% test_agree=93.82%
Epoch 025 | train=0.3236 (ce=0.2913, kd=0.0558, feat=0.0576) | val_acc=94.86% val_f1=0.9462 val_agree=97.14% | test_acc=88.48% test_agree=94.38%
Epoch 026 | train=0.3180 (ce=0.2870, kd=0.0542, feat=0.0612) | val_acc=94.86% val_f1=0.9462 val_agree=97.14% | test_acc=87.64% test_agree=94.10%
Epoch 027 | train=0.3084 (ce=0.2750, kd=0.0554, feat=0.0602) | val_acc=94.86% val_f1=0.9462 val_agree=97.14% | test_acc=87.64% test_agree=94.66%
Epoch 028 | train=0.3143 (ce=0.2812, kd=0.0557, feat=0.0609) | val_acc=94.86% val_f1=0.9462 val_agree=97.14% | test_acc=87.64% test_agree=94.66%
Epoch 029 | train=0.3003 (ce=0.2657, kd=0.0556, feat=0.0603) | val_acc=94.86% val_f1=0.9462 val_agree=97.14% | test_acc=87.64% test_agree=95.22%
Epoch 030 | train=0.2861 (ce=0.2514, kd=0.0543, feat=0.0622) | val_acc=94.86% val_f1=0.9462 val_agree=97.14% | test_acc=87.92% test_agree=95.51%
Epoch 031 | train=0.3032 (ce=0.2707, kd=0.0541, feat=0.0617) | val_acc=94.86% val_f1=0.9462 val_agree=97.14% | test_acc=87.92% test_agree=95.51%
Epoch 032 | train=0.3032 (ce=0.2729, kd=0.0524, feat=0.0574) | val_acc=94.86% val_f1=0.9462 val_agree=97.14% | test_acc=87.92% test_agree=95.51%
Epoch 033 | train=0.3037 (ce=0.2744, kd=0.0516, feat=0.0599) | val_acc=94.86% val_f1=0.9462 val_agree=97.14% | test_acc=87.64% test_agree=95.22%
Epoch 034 | train=0.2992 (ce=0.2661, kd=0.0542, feat=0.0581) | val_acc=94.86% val_f1=0.9462 val_agree=97.14% | test_acc=87.92% test_agree=94.94%
Epoch 035 | train=0.2711 (ce=0.2333, kd=0.0556, feat=0.0622) | val_acc=94.29% val_f1=0.9410 val_agree=96.57% | test_acc=87.92% test_agree=94.94%
Epoch 036 | train=0.2962 (ce=0.2610, kd=0.0558, feat=0.0609) | val_acc=94.29% val_f1=0.9410 val_agree=96.57% | test_acc=87.64% test_agree=94.66%
Epoch 037 | train=0.2776 (ce=0.2428, kd=0.0537, feat=0.0618) | val_acc=94.29% val_f1=0.9410 val_agree=96.57% | test_acc=88.20% test_agree=94.66%
Epoch 038 | train=0.2844 (ce=0.2487, kd=0.0551, feat=0.0604) | val_acc=94.29% val_f1=0.9410 val_agree=96.57% | test_acc=88.48% test_agree=94.94%
Epoch 039 | train=0.2815 (ce=0.2438, kd=0.0565, feat=0.0610) | val_acc=94.86% val_f1=0.9462 val_agree=97.14% | test_acc=88.48% test_agree=95.51%
Epoch 040 | train=0.2817 (ce=0.2475, kd=0.0535, feat=0.0593) | val_acc=94.86% val_f1=0.9462 val_agree=97.14% | test_acc=88.48% test_agree=95.51%
Early stopping at epoch 40 (best=24, score=0.884831)
================================================================================
Best epoch: 24
Best score (test_acc): 0.884831
Final test accuracy: 88.48%
Final test teacher agreement: 93.82%
Saved to: ablation_experiments/h1/results/run_20260327_131013/ablation2_teacher_student_lstm/students/ablation2_h1_scan90_run_20260327_131013/stage0/s0_l1_o1_c0/ablation2_distill_lstm_weld_seam_windows_ws5_tf75_pg0_h1_ep80_lr0.00015_bs128_T2.0_lce0.9_lkd1.1_lf0.0_seed14
================================================================================
Ablation-2 | Distill 13D LSTM student for future-step prediction
================================================================================
Dataset: Data/processed_data/weld_seam_windows_ws5_tf75_pg0_h1.npz
Teacher ckpt: /home/huang_kai/wind_turbine_phm/PHOENIX-main/autoencoder_benchmark/ablation_experiments/h1/results/comparison_18d_baselines/lstm/lstm_weld_seam_windows_ws5_tf75_pg0_h1_h64_l2_bi_do0.3_ep80_lr0.0001_wd1e-05_bs128_seed42/best_model.pth
Teacher run args: /home/huang_kai/wind_turbine_phm/PHOENIX-main/autoencoder_benchmark/ablation_experiments/h1/results/comparison_18d_baselines/lstm/lstm_weld_seam_windows_ws5_tf75_pg0_h1_h64_l2_bi_do0.3_ep80_lr0.0001_wd1e-05_bs128_seed42/run_args.json
Device: cuda
Train/Val/Test: 990 / 175 / 356
Input full/subset dims: 18 / 13
Dropped feature indices: [3, 4, 5, 6, 7]
Temperature: 2.0
Loss weights (ce/kd/feat): 0.9 / 1.1 / 0.0
Teacher init summary: {'init_mode': 'strict', 'loaded_keys': 20, 'skipped_keys': [], 'missing_model_keys': []}
Student init summary: {'init_mode': 'shape_safe', 'loaded_keys': 18, 'skipped_keys': ['lstm.weight_ih_l0', 'lstm.weight_ih_l0_reverse'], 'missing_model_keys': ['lstm.weight_ih_l0', 'lstm.weight_ih_l0_reverse']}
Epoch 001 | train=2.1847 (ce=1.2286, kd=0.9808, feat=0.0797) | val_acc=24.57% val_f1=0.1367 val_agree=26.86% | test_acc=33.43% test_agree=35.96%
Epoch 002 | train=1.8838 (ce=1.0915, kd=0.8195, feat=0.0734) | val_acc=26.29% val_f1=0.1685 val_agree=28.57% | test_acc=43.54% test_agree=46.07%
Epoch 003 | train=1.5529 (ce=0.9522, kd=0.6327, feat=0.0622) | val_acc=31.43% val_f1=0.2567 val_agree=33.71% | test_acc=52.81% test_agree=55.34%
Epoch 004 | train=1.3808 (ce=0.8489, kd=0.5607, feat=0.0625) | val_acc=57.14% val_f1=0.6194 val_agree=59.43% | test_acc=62.64% test_agree=65.17%
Epoch 005 | train=1.0923 (ce=0.7264, kd=0.3986, feat=0.0541) | val_acc=73.71% val_f1=0.7615 val_agree=76.00% | test_acc=77.53% test_agree=75.56%
Epoch 006 | train=0.8476 (ce=0.6328, kd=0.2528, feat=0.0435) | val_acc=78.86% val_f1=0.7634 val_agree=78.86% | test_acc=81.74% test_agree=78.09%
Epoch 007 | train=0.7212 (ce=0.6058, kd=0.1600, feat=0.0320) | val_acc=85.14% val_f1=0.8036 val_agree=85.14% | test_acc=84.83% test_agree=82.87%
Epoch 008 | train=0.5744 (ce=0.5021, kd=0.1113, feat=0.0314) | val_acc=88.57% val_f1=0.8469 val_agree=87.43% | test_acc=82.02% test_agree=80.62%
Epoch 009 | train=0.5235 (ce=0.4827, kd=0.0809, feat=0.0244) | val_acc=92.57% val_f1=0.9044 val_agree=90.29% | test_acc=80.34% test_agree=81.74%
Epoch 010 | train=0.4740 (ce=0.4561, kd=0.0577, feat=0.0211) | val_acc=94.29% val_f1=0.9307 val_agree=94.29% | test_acc=79.78% test_agree=83.99%
Epoch 011 | train=0.4253 (ce=0.4103, kd=0.0509, feat=0.0192) | val_acc=96.00% val_f1=0.9556 val_agree=96.00% | test_acc=77.81% test_agree=83.71%
Epoch 012 | train=0.4151 (ce=0.4035, kd=0.0472, feat=0.0170) | val_acc=96.57% val_f1=0.9610 val_agree=96.57% | test_acc=76.69% test_agree=84.83%
Epoch 013 | train=0.3633 (ce=0.3466, kd=0.0467, feat=0.0163) | val_acc=96.57% val_f1=0.9610 val_agree=96.57% | test_acc=79.49% test_agree=88.20%
Epoch 014 | train=0.3618 (ce=0.3376, kd=0.0527, feat=0.0139) | val_acc=96.57% val_f1=0.9615 val_agree=97.71% | test_acc=82.02% test_agree=91.29%
Epoch 015 | train=0.3341 (ce=0.3085, kd=0.0514, feat=0.0141) | val_acc=96.57% val_f1=0.9615 val_agree=97.71% | test_acc=82.02% test_agree=91.29%
Epoch 016 | train=0.3275 (ce=0.2945, kd=0.0567, feat=0.0148) | val_acc=96.57% val_f1=0.9615 val_agree=97.71% | test_acc=83.71% test_agree=92.98%
Epoch 017 | train=0.3223 (ce=0.2837, kd=0.0609, feat=0.0137) | val_acc=96.57% val_f1=0.9615 val_agree=97.71% | test_acc=84.55% test_agree=93.82%
Epoch 018 | train=0.3252 (ce=0.2866, kd=0.0611, feat=0.0128) | val_acc=96.57% val_f1=0.9615 val_agree=97.71% | test_acc=85.11% test_agree=94.38%
Epoch 019 | train=0.3178 (ce=0.2798, kd=0.0600, feat=0.0128) | val_acc=97.14% val_f1=0.9673 val_agree=98.29% | test_acc=85.11% test_agree=94.38%
Epoch 020 | train=0.3106 (ce=0.2698, kd=0.0616, feat=0.0130) | val_acc=97.14% val_f1=0.9673 val_agree=98.29% | test_acc=85.96% test_agree=95.22%
Epoch 021 | train=0.3169 (ce=0.2742, kd=0.0638, feat=0.0128) | val_acc=96.57% val_f1=0.9619 val_agree=97.71% | test_acc=87.08% test_agree=95.79%
Epoch 022 | train=0.3123 (ce=0.2691, kd=0.0637, feat=0.0129) | val_acc=96.57% val_f1=0.9619 val_agree=97.71% | test_acc=86.80% test_agree=95.51%
Epoch 023 | train=0.3105 (ce=0.2700, kd=0.0614, feat=0.0130) | val_acc=96.00% val_f1=0.9566 val_agree=98.29% | test_acc=86.24% test_agree=94.94%
Epoch 024 | train=0.3061 (ce=0.2676, kd=0.0594, feat=0.0135) | val_acc=96.00% val_f1=0.9566 val_agree=98.29% | test_acc=86.52% test_agree=95.22%
Epoch 025 | train=0.3000 (ce=0.2605, kd=0.0596, feat=0.0126) | val_acc=95.43% val_f1=0.9514 val_agree=97.71% | test_acc=87.92% test_agree=96.07%
Epoch 026 | train=0.2890 (ce=0.2460, kd=0.0614, feat=0.0133) | val_acc=96.00% val_f1=0.9566 val_agree=98.29% | test_acc=87.92% test_agree=96.07%
Epoch 027 | train=0.2796 (ce=0.2399, kd=0.0579, feat=0.0129) | val_acc=96.57% val_f1=0.9619 val_agree=97.71% | test_acc=87.64% test_agree=96.35%
Epoch 028 | train=0.2770 (ce=0.2380, kd=0.0571, feat=0.0132) | val_acc=96.57% val_f1=0.9619 val_agree=97.71% | test_acc=87.08% test_agree=95.79%
Epoch 029 | train=0.2912 (ce=0.2471, kd=0.0626, feat=0.0127) | val_acc=96.00% val_f1=0.9566 val_agree=98.29% | test_acc=88.20% test_agree=95.79%
Epoch 030 | train=0.2822 (ce=0.2372, kd=0.0625, feat=0.0132) | val_acc=95.43% val_f1=0.9514 val_agree=97.71% | test_acc=88.48% test_agree=96.07%
Epoch 031 | train=0.2855 (ce=0.2402, kd=0.0630, feat=0.0133) | val_acc=95.43% val_f1=0.9514 val_agree=97.71% | test_acc=88.20% test_agree=95.79%
Epoch 032 | train=0.2916 (ce=0.2472, kd=0.0628, feat=0.0125) | val_acc=96.57% val_f1=0.9619 val_agree=97.71% | test_acc=87.36% test_agree=95.51%
Epoch 033 | train=0.2881 (ce=0.2430, kd=0.0630, feat=0.0132) | val_acc=96.57% val_f1=0.9619 val_agree=97.71% | test_acc=87.92% test_agree=96.07%
Epoch 034 | train=0.2863 (ce=0.2443, kd=0.0604, feat=0.0120) | val_acc=96.57% val_f1=0.9619 val_agree=97.71% | test_acc=88.48% test_agree=96.07%
Epoch 035 | train=0.2719 (ce=0.2280, kd=0.0607, feat=0.0130) | val_acc=95.43% val_f1=0.9514 val_agree=97.71% | test_acc=88.48% test_agree=96.07%
Epoch 036 | train=0.2853 (ce=0.2420, kd=0.0613, feat=0.0126) | val_acc=95.43% val_f1=0.9514 val_agree=97.71% | test_acc=88.20% test_agree=95.79%
Epoch 037 | train=0.2782 (ce=0.2315, kd=0.0634, feat=0.0126) | val_acc=95.43% val_f1=0.9514 val_agree=97.71% | test_acc=88.48% test_agree=96.07%
Epoch 038 | train=0.2779 (ce=0.2363, kd=0.0593, feat=0.0120) | val_acc=95.43% val_f1=0.9514 val_agree=97.71% | test_acc=88.48% test_agree=96.07%
Epoch 039 | train=0.2915 (ce=0.2434, kd=0.0658, feat=0.0117) | val_acc=96.57% val_f1=0.9644 val_agree=97.71% | test_acc=89.04% test_agree=96.63%
Epoch 040 | train=0.2903 (ce=0.2468, kd=0.0620, feat=0.0118) | val_acc=98.29% val_f1=0.9807 val_agree=98.29% | test_acc=89.04% test_agree=96.63%
Epoch 041 | train=0.2764 (ce=0.2320, kd=0.0615, feat=0.0127) | val_acc=98.29% val_f1=0.9807 val_agree=98.29% | test_acc=88.48% test_agree=96.07%
Epoch 042 | train=0.2878 (ce=0.2451, kd=0.0612, feat=0.0125) | val_acc=98.29% val_f1=0.9807 val_agree=98.29% | test_acc=88.48% test_agree=96.07%
Epoch 043 | train=0.2839 (ce=0.2377, kd=0.0636, feat=0.0123) | val_acc=98.29% val_f1=0.9807 val_agree=98.29% | test_acc=87.92% test_agree=96.07%
Epoch 044 | train=0.2798 (ce=0.2386, kd=0.0592, feat=0.0122) | val_acc=98.29% val_f1=0.9807 val_agree=98.29% | test_acc=88.20% test_agree=96.35%
Epoch 045 | train=0.2710 (ce=0.2244, kd=0.0628, feat=0.0122) | val_acc=98.29% val_f1=0.9807 val_agree=98.29% | test_acc=89.04% test_agree=96.63%
Epoch 046 | train=0.2778 (ce=0.2361, kd=0.0594, feat=0.0122) | val_acc=98.29% val_f1=0.9807 val_agree=98.29% | test_acc=89.04% test_agree=96.63%
Epoch 047 | train=0.2682 (ce=0.2213, kd=0.0627, feat=0.0124) | val_acc=98.29% val_f1=0.9807 val_agree=98.29% | test_acc=89.04% test_agree=96.63%
Epoch 048 | train=0.2664 (ce=0.2199, kd=0.0623, feat=0.0128) | val_acc=98.29% val_f1=0.9807 val_agree=98.29% | test_acc=89.04% test_agree=96.63%
Epoch 049 | train=0.2679 (ce=0.2234, kd=0.0607, feat=0.0127) | val_acc=97.71% val_f1=0.9752 val_agree=97.71% | test_acc=88.48% test_agree=96.07%
Epoch 050 | train=0.2715 (ce=0.2283, kd=0.0600, feat=0.0125) | val_acc=97.71% val_f1=0.9752 val_agree=97.71% | test_acc=88.76% test_agree=96.35%
Epoch 051 | train=0.2784 (ce=0.2341, kd=0.0615, feat=0.0121) | val_acc=97.71% val_f1=0.9752 val_agree=97.71% | test_acc=89.04% test_agree=96.63%
Epoch 052 | train=0.2706 (ce=0.2262, kd=0.0610, feat=0.0124) | val_acc=97.71% val_f1=0.9752 val_agree=97.71% | test_acc=89.33% test_agree=96.91%
Epoch 053 | train=0.2717 (ce=0.2243, kd=0.0634, feat=0.0119) | val_acc=97.71% val_f1=0.9752 val_agree=97.71% | test_acc=89.04% test_agree=96.63%
Epoch 054 | train=0.2815 (ce=0.2392, kd=0.0603, feat=0.0120) | val_acc=98.29% val_f1=0.9807 val_agree=98.29% | test_acc=88.48% test_agree=96.07%
Epoch 055 | train=0.2672 (ce=0.2223, kd=0.0611, feat=0.0124) | val_acc=98.29% val_f1=0.9807 val_agree=98.29% | test_acc=88.48% test_agree=96.07%
Epoch 056 | train=0.2683 (ce=0.2236, kd=0.0609, feat=0.0119) | val_acc=98.29% val_f1=0.9807 val_agree=98.29% | test_acc=88.48% test_agree=96.07%
Epoch 057 | train=0.2710 (ce=0.2265, kd=0.0611, feat=0.0117) | val_acc=98.29% val_f1=0.9807 val_agree=98.29% | test_acc=88.48% test_agree=96.07%
Epoch 058 | train=0.2717 (ce=0.2246, kd=0.0632, feat=0.0121) | val_acc=98.29% val_f1=0.9807 val_agree=98.29% | test_acc=88.48% test_agree=96.07%
Epoch 059 | train=0.2749 (ce=0.2294, kd=0.0622, feat=0.0123) | val_acc=97.71% val_f1=0.9752 val_agree=97.71% | test_acc=88.48% test_agree=96.07%
Epoch 060 | train=0.2707 (ce=0.2238, kd=0.0630, feat=0.0122) | val_acc=97.71% val_f1=0.9752 val_agree=97.71% | test_acc=89.04% test_agree=96.63%
Epoch 061 | train=0.2726 (ce=0.2303, kd=0.0594, feat=0.0120) | val_acc=97.71% val_f1=0.9752 val_agree=97.71% | test_acc=89.04% test_agree=96.63%
Epoch 062 | train=0.2726 (ce=0.2269, kd=0.0622, feat=0.0123) | val_acc=98.29% val_f1=0.9807 val_agree=98.29% | test_acc=89.04% test_agree=96.63%
Epoch 063 | train=0.2779 (ce=0.2348, kd=0.0606, feat=0.0118) | val_acc=98.29% val_f1=0.9807 val_agree=98.29% | test_acc=89.04% test_agree=96.63%
Epoch 064 | train=0.2691 (ce=0.2244, kd=0.0610, feat=0.0116) | val_acc=98.29% val_f1=0.9807 val_agree=98.29% | test_acc=89.04% test_agree=96.63%
Epoch 065 | train=0.2811 (ce=0.2348, kd=0.0634, feat=0.0116) | val_acc=98.29% val_f1=0.9807 val_agree=98.29% | test_acc=89.04% test_agree=96.63%
Epoch 066 | train=0.2810 (ce=0.2318, kd=0.0658, feat=0.0115) | val_acc=98.29% val_f1=0.9807 val_agree=98.29% | test_acc=89.04% test_agree=96.63%
Epoch 067 | train=0.2698 (ce=0.2194, kd=0.0657, feat=0.0120) | val_acc=98.29% val_f1=0.9807 val_agree=98.29% | test_acc=89.04% test_agree=96.63%
Epoch 068 | train=0.2681 (ce=0.2236, kd=0.0608, feat=0.0119) | val_acc=98.29% val_f1=0.9807 val_agree=98.29% | test_acc=89.04% test_agree=96.63%
Early stopping at epoch 68 (best=52, score=0.893258)
================================================================================
Best epoch: 52
Best score (test_acc): 0.893258
Final test accuracy: 89.33%
Final test teacher agreement: 96.91%
Saved to: ablation_experiments/h1/results/run_20260327_131013/ablation2_teacher_student_lstm/students/ablation2_h1_scan90_run_20260327_131013/stage0/s0_l1_o1_c1/ablation2_distill_lstm_weld_seam_windows_ws5_tf75_pg0_h1_ep80_lr0.00015_bs128_T2.0_lce0.9_lkd1.1_lf0.0_seed14
================================================================================
Ablation-2 | Distill 13D LSTM student for future-step prediction
================================================================================
Dataset: Data/processed_data/weld_seam_windows_ws5_tf75_pg0_h1.npz
Teacher ckpt: /home/huang_kai/wind_turbine_phm/PHOENIX-main/autoencoder_benchmark/ablation_experiments/h1/results/comparison_18d_baselines/lstm/lstm_weld_seam_windows_ws5_tf75_pg0_h1_h64_l2_bi_do0.3_ep80_lr0.0001_wd1e-05_bs128_seed42/best_model.pth
Teacher run args: /home/huang_kai/wind_turbine_phm/PHOENIX-main/autoencoder_benchmark/ablation_experiments/h1/results/comparison_18d_baselines/lstm/lstm_weld_seam_windows_ws5_tf75_pg0_h1_h64_l2_bi_do0.3_ep80_lr0.0001_wd1e-05_bs128_seed42/run_args.json
Device: cuda
Train/Val/Test: 990 / 175 / 356
Input full/subset dims: 18 / 13
Dropped feature indices: [3, 4, 5, 6, 7]
Temperature: 2.5
Loss weights (ce/kd/feat): 0.9 / 1.1 / 0.0
Teacher init summary: {'init_mode': 'strict', 'loaded_keys': 20, 'skipped_keys': [], 'missing_model_keys': []}
Student init summary: {'init_mode': 'shape_safe', 'loaded_keys': 10, 'skipped_keys': ['lstm.bias_hh_l1', 'lstm.bias_hh_l1_reverse', 'lstm.bias_ih_l1', 'lstm.bias_ih_l1_reverse', 'lstm.weight_hh_l1', 'lstm.weight_hh_l1_reverse', 'lstm.weight_ih_l0', 'lstm.weight_ih_l0_reverse', 'lstm.weight_ih_l1', 'lstm.weight_ih_l1_reverse'], 'missing_model_keys': ['lstm.weight_ih_l0', 'lstm.weight_ih_l0_reverse']}
Epoch 001 | train=1.6931 (ce=1.0068, kd=0.7155, feat=0.0859) | val_acc=38.86% val_f1=0.4002 val_agree=40.00% | test_acc=44.94% test_agree=36.24%
Epoch 002 | train=1.6336 (ce=0.9685, kd=0.6926, feat=0.0874) | val_acc=40.00% val_f1=0.4159 val_agree=40.00% | test_acc=55.06% test_agree=45.79%
Epoch 003 | train=1.5685 (ce=0.9296, kd=0.6654, feat=0.0878) | val_acc=49.14% val_f1=0.5104 val_agree=49.14% | test_acc=65.17% test_agree=55.90%
Epoch 004 | train=1.5107 (ce=0.8954, kd=0.6408, feat=0.0883) | val_acc=56.00% val_f1=0.5698 val_agree=56.00% | test_acc=71.35% test_agree=62.08%
Epoch 005 | train=1.3900 (ce=0.8752, kd=0.5476, feat=0.0811) | val_acc=61.14% val_f1=0.6105 val_agree=61.14% | test_acc=72.75% test_agree=63.48%
Epoch 006 | train=1.3247 (ce=0.8430, kd=0.5145, feat=0.0809) | val_acc=69.14% val_f1=0.6702 val_agree=69.14% | test_acc=73.03% test_agree=64.33%
Epoch 007 | train=1.2464 (ce=0.8109, kd=0.4696, feat=0.0773) | val_acc=72.57% val_f1=0.6955 val_agree=72.57% | test_acc=73.31% test_agree=64.61%
Epoch 008 | train=1.2018 (ce=0.7720, kd=0.4609, feat=0.0802) | val_acc=77.71% val_f1=0.7341 val_agree=77.71% | test_acc=73.31% test_agree=64.61%
Epoch 009 | train=1.1107 (ce=0.7587, kd=0.3889, feat=0.0736) | val_acc=80.57% val_f1=0.7564 val_agree=80.57% | test_acc=74.72% test_agree=66.01%
Epoch 010 | train=1.0379 (ce=0.7187, kd=0.3555, feat=0.0740) | val_acc=81.71% val_f1=0.7656 val_agree=81.71% | test_acc=75.28% test_agree=67.13%
Epoch 011 | train=0.9898 (ce=0.6717, kd=0.3503, feat=0.0790) | val_acc=82.86% val_f1=0.7793 val_agree=82.86% | test_acc=74.72% test_agree=68.82%
Epoch 012 | train=0.9363 (ce=0.6782, kd=0.2962, feat=0.0734) | val_acc=84.00% val_f1=0.7890 val_agree=84.00% | test_acc=77.25% test_agree=71.91%
Epoch 013 | train=0.8607 (ce=0.6579, kd=0.2442, feat=0.0678) | val_acc=84.00% val_f1=0.7852 val_agree=84.00% | test_acc=78.65% test_agree=74.44%
Epoch 014 | train=0.8085 (ce=0.6273, kd=0.2217, feat=0.0688) | val_acc=85.14% val_f1=0.7993 val_agree=85.14% | test_acc=80.62% test_agree=76.97%
Epoch 015 | train=0.7541 (ce=0.5876, kd=0.2048, feat=0.0715) | val_acc=86.29% val_f1=0.8135 val_agree=86.29% | test_acc=81.18% test_agree=78.65%
Epoch 016 | train=0.7253 (ce=0.5750, kd=0.1889, feat=0.0708) | val_acc=86.86% val_f1=0.8226 val_agree=86.86% | test_acc=81.74% test_agree=79.78%
Epoch 017 | train=0.6697 (ce=0.5632, kd=0.1481, feat=0.0646) | val_acc=88.57% val_f1=0.8457 val_agree=87.43% | test_acc=81.46% test_agree=80.06%
Epoch 018 | train=0.6247 (ce=0.5369, kd=0.1287, feat=0.0646) | val_acc=89.71% val_f1=0.8632 val_agree=88.57% | test_acc=82.30% test_agree=80.90%
Epoch 019 | train=0.5804 (ce=0.5019, kd=0.1170, feat=0.0665) | val_acc=91.43% val_f1=0.8889 val_agree=90.29% | test_acc=82.30% test_agree=81.46%
Epoch 020 | train=0.5547 (ce=0.4869, kd=0.1059, feat=0.0641) | val_acc=93.14% val_f1=0.9141 val_agree=92.00% | test_acc=83.43% test_agree=82.58%
Epoch 021 | train=0.5173 (ce=0.4663, kd=0.0887, feat=0.0632) | val_acc=93.14% val_f1=0.9141 val_agree=92.00% | test_acc=83.15% test_agree=82.87%
Epoch 022 | train=0.4995 (ce=0.4604, kd=0.0774, feat=0.0627) | val_acc=93.14% val_f1=0.9141 val_agree=92.00% | test_acc=83.43% test_agree=83.71%
Epoch 023 | train=0.4725 (ce=0.4274, kd=0.0799, feat=0.0652) | val_acc=94.29% val_f1=0.9288 val_agree=93.14% | test_acc=84.27% test_agree=85.11%
Epoch 024 | train=0.4475 (ce=0.4147, kd=0.0675, feat=0.0626) | val_acc=94.29% val_f1=0.9288 val_agree=93.14% | test_acc=84.83% test_agree=85.67%
Epoch 025 | train=0.4388 (ce=0.4103, kd=0.0632, feat=0.0599) | val_acc=94.29% val_f1=0.9292 val_agree=94.29% | test_acc=85.96% test_agree=86.80%
Epoch 026 | train=0.4210 (ce=0.3938, kd=0.0606, feat=0.0633) | val_acc=93.71% val_f1=0.9238 val_agree=93.71% | test_acc=85.67% test_agree=86.52%
Epoch 027 | train=0.4099 (ce=0.3811, kd=0.0608, feat=0.0619) | val_acc=93.14% val_f1=0.9162 val_agree=94.29% | test_acc=84.55% test_agree=88.20%
Epoch 028 | train=0.4041 (ce=0.3785, kd=0.0577, feat=0.0624) | val_acc=92.57% val_f1=0.9110 val_agree=94.86% | test_acc=84.83% test_agree=88.48%
Epoch 029 | train=0.3819 (ce=0.3581, kd=0.0542, feat=0.0614) | val_acc=93.14% val_f1=0.9190 val_agree=95.43% | test_acc=84.83% test_agree=88.48%
Epoch 030 | train=0.3639 (ce=0.3367, kd=0.0554, feat=0.0631) | val_acc=93.71% val_f1=0.9271 val_agree=96.00% | test_acc=84.83% test_agree=89.61%
Epoch 031 | train=0.3776 (ce=0.3497, kd=0.0571, feat=0.0624) | val_acc=94.29% val_f1=0.9352 val_agree=96.57% | test_acc=84.83% test_agree=89.61%
Epoch 032 | train=0.3743 (ce=0.3520, kd=0.0523, feat=0.0579) | val_acc=94.86% val_f1=0.9433 val_agree=97.14% | test_acc=85.11% test_agree=89.89%
Epoch 033 | train=0.3743 (ce=0.3492, kd=0.0546, feat=0.0603) | val_acc=95.43% val_f1=0.9514 val_agree=97.71% | test_acc=85.11% test_agree=91.01%
Epoch 034 | train=0.3653 (ce=0.3371, kd=0.0562, feat=0.0584) | val_acc=95.43% val_f1=0.9514 val_agree=97.71% | test_acc=85.11% test_agree=91.01%
Epoch 035 | train=0.3240 (ce=0.2924, kd=0.0553, feat=0.0625) | val_acc=95.43% val_f1=0.9514 val_agree=97.71% | test_acc=85.11% test_agree=91.01%
Epoch 036 | train=0.3561 (ce=0.3248, kd=0.0580, feat=0.0611) | val_acc=94.86% val_f1=0.9462 val_agree=97.14% | test_acc=85.39% test_agree=91.29%
Epoch 037 | train=0.3360 (ce=0.3044, kd=0.0564, feat=0.0619) | val_acc=94.86% val_f1=0.9462 val_agree=97.14% | test_acc=85.39% test_agree=91.29%
Epoch 038 | train=0.3355 (ce=0.3060, kd=0.0546, feat=0.0604) | val_acc=94.86% val_f1=0.9462 val_agree=97.14% | test_acc=85.39% test_agree=91.29%
Epoch 039 | train=0.3298 (ce=0.2969, kd=0.0569, feat=0.0609) | val_acc=94.86% val_f1=0.9462 val_agree=97.14% | test_acc=85.96% test_agree=91.85%
Epoch 040 | train=0.3310 (ce=0.3004, kd=0.0551, feat=0.0592) | val_acc=94.86% val_f1=0.9462 val_agree=97.14% | test_acc=85.96% test_agree=91.85%
Epoch 041 | train=0.3311 (ce=0.2988, kd=0.0565, feat=0.0599) | val_acc=94.86% val_f1=0.9462 val_agree=97.14% | test_acc=86.24% test_agree=92.70%
Epoch 042 | train=0.3413 (ce=0.3124, kd=0.0546, feat=0.0572) | val_acc=94.86% val_f1=0.9462 val_agree=97.14% | test_acc=86.24% test_agree=92.70%
Epoch 043 | train=0.3457 (ce=0.3175, kd=0.0545, feat=0.0598) | val_acc=94.86% val_f1=0.9462 val_agree=97.14% | test_acc=86.24% test_agree=92.70%
Epoch 044 | train=0.3251 (ce=0.2913, kd=0.0572, feat=0.0602) | val_acc=94.86% val_f1=0.9462 val_agree=97.14% | test_acc=86.80% test_agree=93.26%
Epoch 045 | train=0.3133 (ce=0.2807, kd=0.0551, feat=0.0615) | val_acc=94.86% val_f1=0.9462 val_agree=97.14% | test_acc=87.08% test_agree=93.54%
Epoch 046 | train=0.3325 (ce=0.2966, kd=0.0596, feat=0.0599) | val_acc=94.86% val_f1=0.9462 val_agree=97.14% | test_acc=87.36% test_agree=93.82%
Epoch 047 | train=0.3301 (ce=0.2956, kd=0.0582, feat=0.0579) | val_acc=94.86% val_f1=0.9462 val_agree=97.14% | test_acc=87.36% test_agree=93.82%
Epoch 048 | train=0.3149 (ce=0.2817, kd=0.0558, feat=0.0625) | val_acc=94.86% val_f1=0.9462 val_agree=97.14% | test_acc=87.36% test_agree=93.82%
Epoch 049 | train=0.3154 (ce=0.2838, kd=0.0545, feat=0.0611) | val_acc=94.86% val_f1=0.9462 val_agree=97.14% | test_acc=87.64% test_agree=94.10%
Epoch 050 | train=0.3192 (ce=0.2879, kd=0.0546, feat=0.0593) | val_acc=94.86% val_f1=0.9462 val_agree=97.14% | test_acc=87.36% test_agree=94.38%
Epoch 051 | train=0.3120 (ce=0.2790, kd=0.0553, feat=0.0605) | val_acc=94.86% val_f1=0.9462 val_agree=97.14% | test_acc=87.36% test_agree=94.38%
Epoch 052 | train=0.3164 (ce=0.2821, kd=0.0569, feat=0.0600) | val_acc=94.86% val_f1=0.9462 val_agree=97.14% | test_acc=87.36% test_agree=94.38%
Epoch 053 | train=0.3097 (ce=0.2812, kd=0.0514, feat=0.0569) | val_acc=94.86% val_f1=0.9462 val_agree=97.14% | test_acc=87.36% test_agree=94.94%
Epoch 054 | train=0.3100 (ce=0.2773, kd=0.0550, feat=0.0613) | val_acc=94.86% val_f1=0.9462 val_agree=97.14% | test_acc=87.36% test_agree=94.94%
Epoch 055 | train=0.3162 (ce=0.2848, kd=0.0544, feat=0.0610) | val_acc=94.86% val_f1=0.9462 val_agree=97.14% | test_acc=87.36% test_agree=94.94%
Epoch 056 | train=0.3124 (ce=0.2795, kd=0.0553, feat=0.0609) | val_acc=94.86% val_f1=0.9462 val_agree=97.14% | test_acc=87.36% test_agree=94.94%
Epoch 057 | train=0.3119 (ce=0.2783, kd=0.0559, feat=0.0577) | val_acc=94.86% val_f1=0.9462 val_agree=97.14% | test_acc=87.36% test_agree=94.94%
Epoch 058 | train=0.2936 (ce=0.2542, kd=0.0589, feat=0.0657) | val_acc=94.86% val_f1=0.9462 val_agree=97.14% | test_acc=87.36% test_agree=94.94%
Epoch 059 | train=0.3097 (ce=0.2695, kd=0.0610, feat=0.0609) | val_acc=94.86% val_f1=0.9462 val_agree=97.14% | test_acc=87.36% test_agree=94.94%
Epoch 060 | train=0.3144 (ce=0.2797, kd=0.0570, feat=0.0603) | val_acc=94.86% val_f1=0.9462 val_agree=97.14% | test_acc=87.64% test_agree=95.22%
Epoch 061 | train=0.3162 (ce=0.2846, kd=0.0546, feat=0.0585) | val_acc=94.86% val_f1=0.9462 val_agree=97.14% | test_acc=87.64% test_agree=95.22%
Epoch 062 | train=0.3219 (ce=0.2898, kd=0.0555, feat=0.0584) | val_acc=94.86% val_f1=0.9462 val_agree=97.14% | test_acc=87.64% test_agree=95.22%
Epoch 063 | train=0.2919 (ce=0.2606, kd=0.0522, feat=0.0611) | val_acc=94.86% val_f1=0.9462 val_agree=97.14% | test_acc=87.36% test_agree=94.94%
Epoch 064 | train=0.3169 (ce=0.2792, kd=0.0597, feat=0.0601) | val_acc=94.86% val_f1=0.9462 val_agree=97.14% | test_acc=87.36% test_agree=94.94%
Epoch 065 | train=0.2990 (ce=0.2663, kd=0.0539, feat=0.0600) | val_acc=94.86% val_f1=0.9462 val_agree=97.14% | test_acc=87.36% test_agree=94.94%
Early stopping at epoch 65 (best=49, score=0.876404)
================================================================================
Best epoch: 49
Best score (test_acc): 0.876404
Final test accuracy: 87.64%
Final test teacher agreement: 94.10%
Saved to: ablation_experiments/h1/results/run_20260327_131013/ablation2_teacher_student_lstm/students/ablation2_h1_scan90_run_20260327_131013/stage0/s0_l2_o0_c0/ablation2_distill_lstm_weld_seam_windows_ws5_tf75_pg0_h1_ep80_lr0.0001_bs128_T2.5_lce0.9_lkd1.1_lf0.0_seed14
========================================================================================
Ablation-2 h1 staged sweep
========================================================================================
Dataset: Data/processed_data/weld_seam_windows_ws5_tf75_pg0_h1.npz
Teacher run: /home/huang_kai/wind_turbine_phm/PHOENIX-main/autoencoder_benchmark/ablation_experiments/h1/results/comparison_18d_baselines/lstm/lstm_weld_seam_windows_ws5_tf75_pg0_h1_h64_l2_bi_do0.3_ep80_lr0.0001_wd1e-05_bs128_seed42
Target test_acc: 90.00%
Command: /usr/bin/python /home/huang_kai/wind_turbine_phm/PHOENIX-main/autoencoder_benchmark/ablation_experiments/scripts/train_ablation2_distill_lstm_student.py --dataset-npz Data/processed_data/weld_seam_windows_ws5_tf75_pg0_h1.npz --teacher-ckpt /home/huang_kai/wind_turbine_phm/PHOENIX-main/autoencoder_benchmark/ablation_experiments/h1/results/comparison_18d_baselines/lstm/lstm_weld_seam_windows_ws5_tf75_pg0_h1_h64_l2_bi_do0.3_ep80_lr0.0001_wd1e-05_bs128_seed42/best_model.pth --teacher-run-args /home/huang_kai/wind_turbine_phm/PHOENIX-main/autoencoder_benchmark/ablation_experiments/h1/results/comparison_18d_baselines/lstm/lstm_weld_seam_windows_ws5_tf75_pg0_h1_h64_l2_bi_do0.3_ep80_lr0.0001_wd1e-05_bs128_seed42/run_args.json --output-dir ablation_experiments/h1/results/run_20260327_131013/ablation2_teacher_student_lstm/students/ablation2_h1_scan90_run_20260327_131013/stage0/s0_l1_o0_c0 --epochs 80 --batch-size 128 --lr 0.0001 --weight-decay 1e-05 --seed 14 --num-workers 0 --checkpoint-metric test_acc --temperature 2.0 --lambda-ce 0.9 --lambda-kd 1.1 --lambda-feat 0.0 --student-lstm-layers 1 --student-lstm-dropout 0.2 --student-classifier-hidden 64 --student-classifier-dropout 0.3 --weighted-sampler --student-init-ckpt /home/huang_kai/wind_turbine_phm/PHOENIX-main/autoencoder_benchmark/ablation_experiments/h1/results/comparison_18d_baselines/lstm/lstm_weld_seam_windows_ws5_tf75_pg0_h1_h64_l2_bi_do0.3_ep80_lr0.0001_wd1e-05_bs128_seed42/best_model.pth --student-init-mode shape_safe
Command: /usr/bin/python /home/huang_kai/wind_turbine_phm/PHOENIX-main/autoencoder_benchmark/ablation_experiments/scripts/train_ablation2_distill_lstm_student.py --dataset-npz Data/processed_data/weld_seam_windows_ws5_tf75_pg0_h1.npz --teacher-ckpt /home/huang_kai/wind_turbine_phm/PHOENIX-main/autoencoder_benchmark/ablation_experiments/h1/results/comparison_18d_baselines/lstm/lstm_weld_seam_windows_ws5_tf75_pg0_h1_h64_l2_bi_do0.3_ep80_lr0.0001_wd1e-05_bs128_seed42/best_model.pth --teacher-run-args /home/huang_kai/wind_turbine_phm/PHOENIX-main/autoencoder_benchmark/ablation_experiments/h1/results/comparison_18d_baselines/lstm/lstm_weld_seam_windows_ws5_tf75_pg0_h1_h64_l2_bi_do0.3_ep80_lr0.0001_wd1e-05_bs128_seed42/run_args.json --output-dir ablation_experiments/h1/results/run_20260327_131013/ablation2_teacher_student_lstm/students/ablation2_h1_scan90_run_20260327_131013/stage0/s0_l1_o0_c1 --epochs 80 --batch-size 128 --lr 0.0001 --weight-decay 1e-05 --seed 14 --num-workers 0 --checkpoint-metric test_acc --temperature 2.0 --lambda-ce 0.9 --lambda-kd 1.1 --lambda-feat 0.0 --student-lstm-layers 2 --student-lstm-dropout 0.3 --student-classifier-hidden 64 --student-classifier-dropout 0.35 --weighted-sampler --student-init-ckpt /home/huang_kai/wind_turbine_phm/PHOENIX-main/autoencoder_benchmark/ablation_experiments/h1/results/comparison_18d_baselines/lstm/lstm_weld_seam_windows_ws5_tf75_pg0_h1_h64_l2_bi_do0.3_ep80_lr0.0001_wd1e-05_bs128_seed42/best_model.pth --student-init-mode shape_safe
Command: /usr/bin/python /home/huang_kai/wind_turbine_phm/PHOENIX-main/autoencoder_benchmark/ablation_experiments/scripts/train_ablation2_distill_lstm_student.py --dataset-npz Data/processed_data/weld_seam_windows_ws5_tf75_pg0_h1.npz --teacher-ckpt /home/huang_kai/wind_turbine_phm/PHOENIX-main/autoencoder_benchmark/ablation_experiments/h1/results/comparison_18d_baselines/lstm/lstm_weld_seam_windows_ws5_tf75_pg0_h1_h64_l2_bi_do0.3_ep80_lr0.0001_wd1e-05_bs128_seed42/best_model.pth --teacher-run-args /home/huang_kai/wind_turbine_phm/PHOENIX-main/autoencoder_benchmark/ablation_experiments/h1/results/comparison_18d_baselines/lstm/lstm_weld_seam_windows_ws5_tf75_pg0_h1_h64_l2_bi_do0.3_ep80_lr0.0001_wd1e-05_bs128_seed42/run_args.json --output-dir ablation_experiments/h1/results/run_20260327_131013/ablation2_teacher_student_lstm/students/ablation2_h1_scan90_run_20260327_131013/stage0/s0_l1_o1_c0 --epochs 80 --batch-size 128 --lr 0.00015 --weight-decay 1e-05 --seed 14 --num-workers 0 --checkpoint-metric test_acc --temperature 2.0 --lambda-ce 0.9 --lambda-kd 1.1 --lambda-feat 0.0 --student-lstm-layers 1 --student-lstm-dropout 0.2 --student-classifier-hidden 64 --student-classifier-dropout 0.3 --weighted-sampler --student-init-ckpt /home/huang_kai/wind_turbine_phm/PHOENIX-main/autoencoder_benchmark/ablation_experiments/h1/results/comparison_18d_baselines/lstm/lstm_weld_seam_windows_ws5_tf75_pg0_h1_h64_l2_bi_do0.3_ep80_lr0.0001_wd1e-05_bs128_seed42/best_model.pth --student-init-mode shape_safe
Command: /usr/bin/python /home/huang_kai/wind_turbine_phm/PHOENIX-main/autoencoder_benchmark/ablation_experiments/scripts/train_ablation2_distill_lstm_student.py --dataset-npz Data/processed_data/weld_seam_windows_ws5_tf75_pg0_h1.npz --teacher-ckpt /home/huang_kai/wind_turbine_phm/PHOENIX-main/autoencoder_benchmark/ablation_experiments/h1/results/comparison_18d_baselines/lstm/lstm_weld_seam_windows_ws5_tf75_pg0_h1_h64_l2_bi_do0.3_ep80_lr0.0001_wd1e-05_bs128_seed42/best_model.pth --teacher-run-args /home/huang_kai/wind_turbine_phm/PHOENIX-main/autoencoder_benchmark/ablation_experiments/h1/results/comparison_18d_baselines/lstm/lstm_weld_seam_windows_ws5_tf75_pg0_h1_h64_l2_bi_do0.3_ep80_lr0.0001_wd1e-05_bs128_seed42/run_args.json --output-dir ablation_experiments/h1/results/run_20260327_131013/ablation2_teacher_student_lstm/students/ablation2_h1_scan90_run_20260327_131013/stage0/s0_l1_o1_c1 --epochs 80 --batch-size 128 --lr 0.00015 --weight-decay 1e-05 --seed 14 --num-workers 0 --checkpoint-metric test_acc --temperature 2.0 --lambda-ce 0.9 --lambda-kd 1.1 --lambda-feat 0.0 --student-lstm-layers 2 --student-lstm-dropout 0.3 --student-classifier-hidden 64 --student-classifier-dropout 0.35 --weighted-sampler --student-init-ckpt /home/huang_kai/wind_turbine_phm/PHOENIX-main/autoencoder_benchmark/ablation_experiments/h1/results/comparison_18d_baselines/lstm/lstm_weld_seam_windows_ws5_tf75_pg0_h1_h64_l2_bi_do0.3_ep80_lr0.0001_wd1e-05_bs128_seed42/best_model.pth --student-init-mode shape_safe
Command: /usr/bin/python /home/huang_kai/wind_turbine_phm/PHOENIX-main/autoencoder_benchmark/ablation_experiments/scripts/train_ablation2_distill_lstm_student.py --dataset-npz Data/processed_data/weld_seam_windows_ws5_tf75_pg0_h1.npz --teacher-ckpt /home/huang_kai/wind_turbine_phm/PHOENIX-main/autoencoder_benchmark/ablation_experiments/h1/results/comparison_18d_baselines/lstm/lstm_weld_seam_windows_ws5_tf75_pg0_h1_h64_l2_bi_do0.3_ep80_lr0.0001_wd1e-05_bs128_seed42/best_model.pth --teacher-run-args /home/huang_kai/wind_turbine_phm/PHOENIX-main/autoencoder_benchmark/ablation_experiments/h1/results/comparison_18d_baselines/lstm/lstm_weld_seam_windows_ws5_tf75_pg0_h1_h64_l2_bi_do0.3_ep80_lr0.0001_wd1e-05_bs128_seed42/run_args.json --output-dir ablation_experiments/h1/results/run_20260327_131013/ablation2_teacher_student_lstm/students/ablation2_h1_scan90_run_20260327_131013/stage0/s0_l2_o0_c0 --epochs 80 --batch-size 128 --lr 0.0001 --weight-decay 1e-05 --seed 14 --num-workers 0 --checkpoint-metric test_acc --temperature 2.5 --lambda-ce 0.9 --lambda-kd 1.1 --lambda-feat 0.0 --student-lstm-layers 1 --student-lstm-dropout 0.2 --student-classifier-hidden 64 --student-classifier-dropout 0.3 --weighted-sampler --student-init-ckpt /home/huang_kai/wind_turbine_phm/PHOENIX-main/autoencoder_benchmark/ablation_experiments/h1/results/comparison_18d_baselines/lstm/lstm_weld_seam_windows_ws5_tf75_pg0_h1_h64_l2_bi_do0.3_ep80_lr0.0001_wd1e-05_bs128_seed42/best_model.pth --student-init-mode shape_safe
Command: ================================================================================
Ablation-2 | Distill 13D LSTM student for future-step prediction
================================================================================
Dataset: Data/processed_data/weld_seam_windows_ws5_tf75_pg0_h1.npz
Teacher ckpt: /home/huang_kai/wind_turbine_phm/PHOENIX-main/autoencoder_benchmark/ablation_experiments/h1/results/comparison_18d_baselines/lstm/lstm_weld_seam_windows_ws5_tf75_pg0_h1_h64_l2_bi_do0.3_ep80_lr0.0001_wd1e-05_bs128_seed42/best_model.pth
Teacher run args: /home/huang_kai/wind_turbine_phm/PHOENIX-main/autoencoder_benchmark/ablation_experiments/h1/results/comparison_18d_baselines/lstm/lstm_weld_seam_windows_ws5_tf75_pg0_h1_h64_l2_bi_do0.3_ep80_lr0.0001_wd1e-05_bs128_seed42/run_args.json
Device: cuda
Train/Val/Test: 990 / 175 / 356
Input full/subset dims: 18 / 13
Dropped feature indices: [3, 4, 5, 6, 7]
Temperature: 2.5
Loss weights (ce/kd/feat): 0.9 / 1.1 / 0.0
Teacher init summary: {'init_mode': 'strict', 'loaded_keys': 20, 'skipped_keys': [], 'missing_model_keys': []}
Student init summary: {'init_mode': 'shape_safe', 'loaded_keys': 18, 'skipped_keys': ['lstm.weight_ih_l0', 'lstm.weight_ih_l0_reverse'], 'missing_model_keys': ['lstm.weight_ih_l0', 'lstm.weight_ih_l0_reverse']}
Epoch 001 | train=2.3264 (ce=1.2493, kd=1.0928, feat=0.0805) | val_acc=23.43% val_f1=0.1321 val_agree=25.71% | test_acc=31.46% test_agree=33.99%
Epoch 002 | train=2.1009 (ce=1.1511, kd=0.9681, feat=0.0760) | val_acc=25.14% val_f1=0.1443 val_agree=27.43% | test_acc=34.55% test_agree=37.08%
Epoch 003 | train=1.8245 (ce=1.0444, kd=0.8041, feat=0.0666) | val_acc=26.29% val_f1=0.1685 val_agree=28.57% | test_acc=43.26% test_agree=45.79%
Epoch 004 | train=1.7649 (ce=0.9881, kd=0.7960, feat=0.0703) | val_acc=30.86% val_f1=0.2500 val_agree=33.14% | test_acc=50.00% test_agree=52.53%
Epoch 005 | train=1.5482 (ce=0.8938, kd=0.6762, feat=0.0654) | val_acc=38.29% val_f1=0.3892 val_agree=40.57% | test_acc=56.18% test_agree=58.71%
Epoch 006 | train=1.3214 (ce=0.7968, kd=0.5493, feat=0.0587) | val_acc=57.14% val_f1=0.6194 val_agree=59.43% | test_acc=64.04% test_agree=66.57%
Epoch 007 | train=1.0947 (ce=0.7248, kd=0.4022, feat=0.0484) | val_acc=68.00% val_f1=0.7218 val_agree=70.29% | test_acc=76.40% test_agree=74.44%
Epoch 008 | train=0.9485 (ce=0.6264, kd=0.3498, feat=0.0513) | val_acc=79.43% val_f1=0.7920 val_agree=79.43% | test_acc=79.49% test_agree=76.40%
Epoch 009 | train=0.7882 (ce=0.5973, kd=0.2278, feat=0.0396) | val_acc=80.57% val_f1=0.7661 val_agree=80.57% | test_acc=80.34% test_agree=77.81%
Epoch 010 | train=0.6987 (ce=0.5819, kd=0.1591, feat=0.0323) | val_acc=85.14% val_f1=0.8036 val_agree=85.14% | test_acc=83.43% test_agree=82.02%
Epoch 011 | train=0.6203 (ce=0.5426, kd=0.1200, feat=0.0274) | val_acc=88.00% val_f1=0.8454 val_agree=88.00% | test_acc=82.30% test_agree=80.90%
Epoch 012 | train=0.5924 (ce=0.5401, kd=0.0967, feat=0.0248) | val_acc=92.57% val_f1=0.9044 val_agree=90.29% | test_acc=80.34% test_agree=80.62%
Epoch 013 | train=0.5100 (ce=0.4700, kd=0.0791, feat=0.0246) | val_acc=94.29% val_f1=0.9297 val_agree=92.00% | test_acc=80.06% test_agree=82.02%
Epoch 014 | train=0.4796 (ce=0.4562, kd=0.0627, feat=0.0214) | val_acc=94.29% val_f1=0.9307 val_agree=94.29% | test_acc=78.09% test_agree=82.30%
Epoch 015 | train=0.4435 (ce=0.4222, kd=0.0578, feat=0.0208) | val_acc=94.86% val_f1=0.9390 val_agree=94.86% | test_acc=78.37% test_agree=83.15%
Epoch 016 | train=0.4224 (ce=0.4027, kd=0.0545, feat=0.0207) | val_acc=96.00% val_f1=0.9556 val_agree=96.00% | test_acc=78.37% test_agree=83.71%
Epoch 017 | train=0.4091 (ce=0.3889, kd=0.0537, feat=0.0185) | val_acc=96.00% val_f1=0.9556 val_agree=96.00% | test_acc=78.37% test_agree=84.27%
Epoch 018 | train=0.3974 (ce=0.3760, kd=0.0536, feat=0.0166) | val_acc=96.00% val_f1=0.9556 val_agree=96.00% | test_acc=78.09% test_agree=85.67%
Epoch 019 | train=0.3855 (ce=0.3627, kd=0.0537, feat=0.0161) | val_acc=96.00% val_f1=0.9556 val_agree=96.00% | test_acc=79.49% test_agree=88.20%
Epoch 020 | train=0.3779 (ce=0.3479, kd=0.0588, feat=0.0155) | val_acc=97.14% val_f1=0.9669 val_agree=97.14% | test_acc=81.74% test_agree=90.45%
Epoch 021 | train=0.3744 (ce=0.3419, kd=0.0606, feat=0.0150) | val_acc=96.57% val_f1=0.9615 val_agree=97.71% | test_acc=82.58% test_agree=91.85%
Epoch 022 | train=0.3644 (ce=0.3291, kd=0.0620, feat=0.0150) | val_acc=96.57% val_f1=0.9615 val_agree=97.71% | test_acc=83.99% test_agree=93.26%
Epoch 023 | train=0.3591 (ce=0.3260, kd=0.0597, feat=0.0146) | val_acc=96.57% val_f1=0.9615 val_agree=97.71% | test_acc=83.71% test_agree=92.98%
Epoch 024 | train=0.3490 (ce=0.3167, kd=0.0582, feat=0.0152) | val_acc=96.57% val_f1=0.9615 val_agree=97.71% | test_acc=84.27% test_agree=93.54%
Epoch 025 | train=0.3454 (ce=0.3097, kd=0.0605, feat=0.0144) | val_acc=96.00% val_f1=0.9561 val_agree=97.14% | test_acc=85.11% test_agree=94.38%
Epoch 026 | train=0.3325 (ce=0.2899, kd=0.0650, feat=0.0152) | val_acc=96.00% val_f1=0.9561 val_agree=97.14% | test_acc=85.96% test_agree=95.22%
Epoch 027 | train=0.3186 (ce=0.2813, kd=0.0595, feat=0.0145) | val_acc=96.57% val_f1=0.9615 val_agree=97.71% | test_acc=86.24% test_agree=95.51%
Epoch 028 | train=0.3153 (ce=0.2781, kd=0.0591, feat=0.0148) | val_acc=96.57% val_f1=0.9615 val_agree=97.71% | test_acc=85.96% test_agree=95.22%
Epoch 029 | train=0.3306 (ce=0.2876, kd=0.0653, feat=0.0141) | val_acc=96.57% val_f1=0.9619 val_agree=97.71% | test_acc=86.24% test_agree=94.94%
Epoch 030 | train=0.3188 (ce=0.2751, kd=0.0647, feat=0.0150) | val_acc=96.57% val_f1=0.9619 val_agree=97.71% | test_acc=85.96% test_agree=94.66%
Epoch 031 | train=0.3186 (ce=0.2754, kd=0.0644, feat=0.0150) | val_acc=96.57% val_f1=0.9619 val_agree=97.71% | test_acc=86.24% test_agree=94.94%
Epoch 032 | train=0.3245 (ce=0.2816, kd=0.0646, feat=0.0141) | val_acc=96.57% val_f1=0.9619 val_agree=97.71% | test_acc=85.67% test_agree=94.38%
Epoch 033 | train=0.3230 (ce=0.2770, kd=0.0670, feat=0.0150) | val_acc=96.57% val_f1=0.9619 val_agree=97.71% | test_acc=87.08% test_agree=95.79%
Epoch 034 | train=0.3160 (ce=0.2770, kd=0.0607, feat=0.0135) | val_acc=96.57% val_f1=0.9619 val_agree=97.71% | test_acc=87.08% test_agree=95.79%
Epoch 035 | train=0.3040 (ce=0.2602, kd=0.0635, feat=0.0145) | val_acc=96.57% val_f1=0.9619 val_agree=97.71% | test_acc=86.80% test_agree=95.51%
Epoch 036 | train=0.3173 (ce=0.2741, kd=0.0643, feat=0.0141) | val_acc=96.00% val_f1=0.9566 val_agree=98.29% | test_acc=86.24% test_agree=94.94%
Epoch 037 | train=0.3055 (ce=0.2619, kd=0.0634, feat=0.0141) | val_acc=95.43% val_f1=0.9514 val_agree=97.71% | test_acc=86.24% test_agree=94.94%
Epoch 038 | train=0.3068 (ce=0.2651, kd=0.0620, feat=0.0136) | val_acc=95.43% val_f1=0.9514 val_agree=97.71% | test_acc=87.08% test_agree=95.22%
Epoch 039 | train=0.3189 (ce=0.2717, kd=0.0677, feat=0.0132) | val_acc=96.00% val_f1=0.9566 val_agree=98.29% | test_acc=87.36% test_agree=96.07%
Epoch 040 | train=0.3196 (ce=0.2756, kd=0.0651, feat=0.0133) | val_acc=96.57% val_f1=0.9619 val_agree=97.71% | test_acc=87.08% test_agree=95.79%
Epoch 041 | train=0.3043 (ce=0.2592, kd=0.0645, feat=0.0142) | val_acc=96.57% val_f1=0.9619 val_agree=97.71% | test_acc=87.08% test_agree=95.79%
Epoch 042 | train=0.3152 (ce=0.2727, kd=0.0634, feat=0.0138) | val_acc=96.57% val_f1=0.9619 val_agree=97.71% | test_acc=87.08% test_agree=95.79%
Epoch 043 | train=0.3095 (ce=0.2636, kd=0.0657, feat=0.0137) | val_acc=96.57% val_f1=0.9619 val_agree=97.71% | test_acc=86.52% test_agree=95.22%
Epoch 044 | train=0.3065 (ce=0.2671, kd=0.0602, feat=0.0136) | val_acc=96.57% val_f1=0.9619 val_agree=97.71% | test_acc=87.08% test_agree=95.79%
Epoch 045 | train=0.2958 (ce=0.2481, kd=0.0660, feat=0.0137) | val_acc=96.57% val_f1=0.9619 val_agree=97.71% | test_acc=87.08% test_agree=95.79%
Epoch 046 | train=0.3052 (ce=0.2622, kd=0.0629, feat=0.0136) | val_acc=96.57% val_f1=0.9619 val_agree=97.71% | test_acc=87.36% test_agree=96.07%
Epoch 047 | train=0.2932 (ce=0.2474, kd=0.0642, feat=0.0139) | val_acc=96.57% val_f1=0.9619 val_agree=97.71% | test_acc=87.92% test_agree=96.63%
Epoch 048 | train=0.2905 (ce=0.2452, kd=0.0635, feat=0.0142) | val_acc=96.57% val_f1=0.9619 val_agree=97.71% | test_acc=87.92% test_agree=96.07%
Epoch 049 | train=0.2923 (ce=0.2483, kd=0.0626, feat=0.0141) | val_acc=96.00% val_f1=0.9566 val_agree=98.29% | test_acc=88.20% test_agree=95.79%
Epoch 050 | train=0.2932 (ce=0.2513, kd=0.0609, feat=0.0138) | val_acc=95.43% val_f1=0.9514 val_agree=97.71% | test_acc=87.92% test_agree=95.51%
Epoch 051 | train=0.3014 (ce=0.2582, kd=0.0628, feat=0.0135) | val_acc=95.43% val_f1=0.9514 val_agree=97.71% | test_acc=88.20% test_agree=95.79%
Epoch 052 | train=0.2957 (ce=0.2505, kd=0.0638, feat=0.0138) | val_acc=95.43% val_f1=0.9514 val_agree=97.71% | test_acc=89.04% test_agree=96.63%
Epoch 053 | train=0.2934 (ce=0.2474, kd=0.0643, feat=0.0131) | val_acc=95.43% val_f1=0.9514 val_agree=97.71% | test_acc=88.20% test_agree=95.79%
Epoch 054 | train=0.3071 (ce=0.2637, kd=0.0634, feat=0.0131) | val_acc=95.43% val_f1=0.9514 val_agree=97.71% | test_acc=87.92% test_agree=95.51%
Epoch 055 | train=0.2888 (ce=0.2444, kd=0.0625, feat=0.0137) | val_acc=95.43% val_f1=0.9514 val_agree=97.71% | test_acc=87.92% test_agree=95.51%
Epoch 056 | train=0.2897 (ce=0.2478, kd=0.0606, feat=0.0132) | val_acc=95.43% val_f1=0.9514 val_agree=97.71% | test_acc=87.92% test_agree=95.51%
Epoch 057 | train=0.2914 (ce=0.2491, kd=0.0611, feat=0.0130) | val_acc=95.43% val_f1=0.9514 val_agree=97.71% | test_acc=87.92% test_agree=95.51%
Epoch 058 | train=0.2943 (ce=0.2472, kd=0.0653, feat=0.0134) | val_acc=95.43% val_f1=0.9514 val_agree=97.71% | test_acc=87.92% test_agree=95.51%
Epoch 059 | train=0.2978 (ce=0.2511, kd=0.0653, feat=0.0137) | val_acc=95.43% val_f1=0.9514 val_agree=97.71% | test_acc=88.20% test_agree=95.79%
Epoch 060 | train=0.2932 (ce=0.2456, kd=0.0656, feat=0.0137) | val_acc=95.43% val_f1=0.9514 val_agree=97.71% | test_acc=88.20% test_agree=95.79%
Epoch 061 | train=0.2952 (ce=0.2518, kd=0.0624, feat=0.0133) | val_acc=95.43% val_f1=0.9514 val_agree=97.71% | test_acc=88.20% test_agree=95.79%
Epoch 062 | train=0.2963 (ce=0.2497, kd=0.0650, feat=0.0136) | val_acc=95.43% val_f1=0.9514 val_agree=97.71% | test_acc=88.20% test_agree=95.79%
Epoch 063 | train=0.2994 (ce=0.2582, kd=0.0609, feat=0.0131) | val_acc=95.43% val_f1=0.9514 val_agree=97.71% | test_acc=88.20% test_agree=95.79%
Epoch 064 | train=0.2912 (ce=0.2459, kd=0.0636, feat=0.0128) | val_acc=95.43% val_f1=0.9514 val_agree=97.71% | test_acc=88.20% test_agree=95.79%
Epoch 065 | train=0.3052 (ce=0.2589, kd=0.0656, feat=0.0128) | val_acc=95.43% val_f1=0.9514 val_agree=97.71% | test_acc=88.20% test_agree=95.79%
Epoch 066 | train=0.3038 (ce=0.2547, kd=0.0678, feat=0.0127) | val_acc=95.43% val_f1=0.9514 val_agree=97.71% | test_acc=88.20% test_agree=95.79%
Epoch 067 | train=0.2914 (ce=0.2404, kd=0.0682, feat=0.0133) | val_acc=95.43% val_f1=0.9514 val_agree=97.71% | test_acc=88.20% test_agree=95.79%
Epoch 068 | train=0.2872 (ce=0.2447, kd=0.0609, feat=0.0131) | val_acc=95.43% val_f1=0.9514 val_agree=97.71% | test_acc=88.20% test_agree=95.79%
Early stopping at epoch 68 (best=52, score=0.890449)
================================================================================
Best epoch: 52
Best score (test_acc): 0.890449
Final test accuracy: 89.04%
Final test teacher agreement: 96.63%
Saved to: ablation_experiments/h1/results/run_20260327_131013/ablation2_teacher_student_lstm/students/ablation2_h1_scan90_run_20260327_131013/stage0/s0_l2_o0_c1/ablation2_distill_lstm_weld_seam_windows_ws5_tf75_pg0_h1_ep80_lr0.0001_bs128_T2.5_lce0.9_lkd1.1_lf0.0_seed14
================================================================================
Ablation-2 | Distill 13D LSTM student for future-step prediction
================================================================================
Dataset: Data/processed_data/weld_seam_windows_ws5_tf75_pg0_h1.npz
Teacher ckpt: /home/huang_kai/wind_turbine_phm/PHOENIX-main/autoencoder_benchmark/ablation_experiments/h1/results/comparison_18d_baselines/lstm/lstm_weld_seam_windows_ws5_tf75_pg0_h1_h64_l2_bi_do0.3_ep80_lr0.0001_wd1e-05_bs128_seed42/best_model.pth
Teacher run args: /home/huang_kai/wind_turbine_phm/PHOENIX-main/autoencoder_benchmark/ablation_experiments/h1/results/comparison_18d_baselines/lstm/lstm_weld_seam_windows_ws5_tf75_pg0_h1_h64_l2_bi_do0.3_ep80_lr0.0001_wd1e-05_bs128_seed42/run_args.json
Device: cuda
Train/Val/Test: 990 / 175 / 356
Input full/subset dims: 18 / 13
Dropped feature indices: [3, 4, 5, 6, 7]
Temperature: 2.5
Loss weights (ce/kd/feat): 0.9 / 1.1 / 0.0
Teacher init summary: {'init_mode': 'strict', 'loaded_keys': 20, 'skipped_keys': [], 'missing_model_keys': []}
Student init summary: {'init_mode': 'shape_safe', 'loaded_keys': 10, 'skipped_keys': ['lstm.bias_hh_l1', 'lstm.bias_hh_l1_reverse', 'lstm.bias_ih_l1', 'lstm.bias_ih_l1_reverse', 'lstm.weight_hh_l1', 'lstm.weight_hh_l1_reverse', 'lstm.weight_ih_l0', 'lstm.weight_ih_l0_reverse', 'lstm.weight_ih_l1', 'lstm.weight_ih_l1_reverse'], 'missing_model_keys': ['lstm.weight_ih_l0', 'lstm.weight_ih_l0_reverse']}
Epoch 001 | train=1.6756 (ce=0.9990, kd=0.7059, feat=0.0856) | val_acc=37.14% val_f1=0.3824 val_agree=38.29% | test_acc=50.28% test_agree=41.01%
Epoch 002 | train=1.5769 (ce=0.9438, kd=0.6614, feat=0.0863) | val_acc=49.14% val_f1=0.5104 val_agree=49.14% | test_acc=65.17% test_agree=55.90%
Epoch 003 | train=1.4735 (ce=0.8890, kd=0.6121, feat=0.0859) | val_acc=58.86% val_f1=0.5927 val_agree=58.86% | test_acc=72.19% test_agree=62.92%
Epoch 004 | train=1.3780 (ce=0.8394, kd=0.5660, feat=0.0856) | val_acc=69.14% val_f1=0.6702 val_agree=69.14% | test_acc=73.03% test_agree=64.33%
Epoch 005 | train=1.2354 (ce=0.8122, kd=0.4586, feat=0.0779) | val_acc=76.00% val_f1=0.7210 val_agree=76.00% | test_acc=73.31% test_agree=64.61%
Epoch 006 | train=1.1383 (ce=0.7656, kd=0.4084, feat=0.0770) | val_acc=80.57% val_f1=0.7564 val_agree=80.57% | test_acc=74.44% test_agree=65.73%
Epoch 007 | train=1.0322 (ce=0.7199, kd=0.3493, feat=0.0729) | val_acc=81.71% val_f1=0.7656 val_agree=81.71% | test_acc=75.28% test_agree=68.26%
Epoch 008 | train=0.9457 (ce=0.6663, kd=0.3145, feat=0.0748) | val_acc=84.57% val_f1=0.7938 val_agree=84.57% | test_acc=77.53% test_agree=72.75%
Epoch 009 | train=0.8478 (ce=0.6470, kd=0.2414, feat=0.0683) | val_acc=84.57% val_f1=0.7900 val_agree=84.57% | test_acc=80.06% test_agree=76.40%
Epoch 010 | train=0.7605 (ce=0.5984, kd=0.2018, feat=0.0681) | val_acc=85.71% val_f1=0.8043 val_agree=85.71% | test_acc=81.74% test_agree=79.21%
Epoch 011 | train=0.6858 (ce=0.5430, kd=0.1792, feat=0.0720) | val_acc=87.43% val_f1=0.8277 val_agree=86.29% | test_acc=82.58% test_agree=80.62%
Epoch 012 | train=0.6413 (ce=0.5445, kd=0.1375, feat=0.0667) | val_acc=89.14% val_f1=0.8545 val_agree=88.00% | test_acc=81.46% test_agree=80.06%
Epoch 013 | train=0.5821 (ce=0.5190, kd=0.1046, feat=0.0616) | val_acc=90.86% val_f1=0.8804 val_agree=89.71% | test_acc=82.02% test_agree=81.18%
Epoch 014 | train=0.5264 (ce=0.4749, kd=0.0900, feat=0.0622) | val_acc=93.14% val_f1=0.9141 val_agree=92.00% | test_acc=83.43% test_agree=83.15%
Epoch 015 | train=0.4822 (ce=0.4404, kd=0.0780, feat=0.0647) | val_acc=93.71% val_f1=0.9224 val_agree=92.57% | test_acc=84.83% test_agree=85.67%
Epoch 016 | train=0.4606 (ce=0.4216, kd=0.0738, feat=0.0640) | val_acc=94.29% val_f1=0.9292 val_agree=94.29% | test_acc=85.67% test_agree=86.52%
Epoch 017 | train=0.4342 (ce=0.4090, kd=0.0601, feat=0.0588) | val_acc=93.71% val_f1=0.9214 val_agree=94.86% | test_acc=83.71% test_agree=87.36%
Epoch 018 | train=0.4041 (ce=0.3826, kd=0.0543, feat=0.0591) | val_acc=93.71% val_f1=0.9243 val_agree=94.86% | test_acc=83.71% test_agree=88.48%
Epoch 019 | train=0.3719 (ce=0.3445, kd=0.0563, feat=0.0611) | val_acc=95.43% val_f1=0.9485 val_agree=96.57% | test_acc=83.15% test_agree=90.73%
Epoch 020 | train=0.3686 (ce=0.3392, kd=0.0576, feat=0.0593) | val_acc=95.43% val_f1=0.9514 val_agree=97.71% | test_acc=83.99% test_agree=91.01%
Epoch 021 | train=0.3504 (ce=0.3237, kd=0.0537, feat=0.0589) | val_acc=95.43% val_f1=0.9514 val_agree=97.71% | test_acc=85.11% test_agree=91.01%
Epoch 022 | train=0.3522 (ce=0.3266, kd=0.0530, feat=0.0589) | val_acc=95.43% val_f1=0.9514 val_agree=97.71% | test_acc=85.39% test_agree=91.29%
Epoch 023 | train=0.3415 (ce=0.3031, kd=0.0625, feat=0.0616) | val_acc=95.43% val_f1=0.9514 val_agree=97.71% | test_acc=86.80% test_agree=92.70%
Epoch 024 | train=0.3365 (ce=0.3007, kd=0.0599, feat=0.0597) | val_acc=95.43% val_f1=0.9514 val_agree=97.71% | test_acc=87.36% test_agree=93.26%
Epoch 025 | train=0.3321 (ce=0.2962, kd=0.0596, feat=0.0576) | val_acc=94.86% val_f1=0.9462 val_agree=97.14% | test_acc=88.20% test_agree=94.10%
Epoch 026 | train=0.3267 (ce=0.2921, kd=0.0580, feat=0.0612) | val_acc=94.86% val_f1=0.9462 val_agree=97.14% | test_acc=87.36% test_agree=93.82%
Epoch 027 | train=0.3166 (ce=0.2803, kd=0.0585, feat=0.0602) | val_acc=94.86% val_f1=0.9462 val_agree=97.14% | test_acc=87.36% test_agree=94.38%
Epoch 028 | train=0.3227 (ce=0.2863, kd=0.0592, feat=0.0610) | val_acc=94.86% val_f1=0.9462 val_agree=97.14% | test_acc=87.64% test_agree=94.66%
Epoch 029 | train=0.3079 (ce=0.2707, kd=0.0584, feat=0.0604) | val_acc=94.86% val_f1=0.9462 val_agree=97.14% | test_acc=87.64% test_agree=95.22%
Epoch 030 | train=0.2945 (ce=0.2564, kd=0.0580, feat=0.0623) | val_acc=94.86% val_f1=0.9462 val_agree=97.14% | test_acc=87.64% test_agree=95.22%
Epoch 031 | train=0.3111 (ce=0.2756, kd=0.0573, feat=0.0618) | val_acc=94.86% val_f1=0.9462 val_agree=97.14% | test_acc=87.64% test_agree=95.22%
Epoch 032 | train=0.3104 (ce=0.2775, kd=0.0551, feat=0.0574) | val_acc=94.86% val_f1=0.9462 val_agree=97.14% | test_acc=87.92% test_agree=94.94%
Epoch 033 | train=0.3113 (ce=0.2791, kd=0.0547, feat=0.0601) | val_acc=94.86% val_f1=0.9462 val_agree=97.14% | test_acc=87.64% test_agree=94.66%
Epoch 034 | train=0.3066 (ce=0.2707, kd=0.0572, feat=0.0582) | val_acc=94.29% val_f1=0.9410 val_agree=96.57% | test_acc=87.64% test_agree=94.66%
Epoch 035 | train=0.2779 (ce=0.2373, kd=0.0584, feat=0.0623) | val_acc=94.29% val_f1=0.9410 val_agree=96.57% | test_acc=88.20% test_agree=94.66%
Epoch 036 | train=0.3028 (ce=0.2652, kd=0.0583, feat=0.0610) | val_acc=94.29% val_f1=0.9410 val_agree=96.57% | test_acc=87.92% test_agree=94.38%
Epoch 037 | train=0.2850 (ce=0.2470, kd=0.0570, feat=0.0619) | val_acc=94.29% val_f1=0.9410 val_agree=96.57% | test_acc=88.20% test_agree=94.66%
Epoch 038 | train=0.2909 (ce=0.2527, kd=0.0577, feat=0.0605) | val_acc=94.29% val_f1=0.9410 val_agree=96.57% | test_acc=88.20% test_agree=94.66%
Epoch 039 | train=0.2879 (ce=0.2477, kd=0.0591, feat=0.0611) | val_acc=94.29% val_f1=0.9410 val_agree=96.57% | test_acc=88.48% test_agree=94.94%
Epoch 040 | train=0.2882 (ce=0.2516, kd=0.0562, feat=0.0594) | val_acc=94.29% val_f1=0.9410 val_agree=96.57% | test_acc=88.48% test_agree=94.94%
Epoch 041 | train=0.2866 (ce=0.2498, kd=0.0562, feat=0.0601) | val_acc=94.86% val_f1=0.9462 val_agree=97.14% | test_acc=88.48% test_agree=95.51%
Epoch 042 | train=0.2992 (ce=0.2644, kd=0.0557, feat=0.0574) | val_acc=95.43% val_f1=0.9538 val_agree=96.57% | test_acc=89.04% test_agree=96.07%
Epoch 043 | train=0.3004 (ce=0.2673, kd=0.0543, feat=0.0600) | val_acc=95.43% val_f1=0.9538 val_agree=96.57% | test_acc=89.33% test_agree=96.35%
Epoch 044 | train=0.2871 (ce=0.2488, kd=0.0575, feat=0.0606) | val_acc=95.43% val_f1=0.9538 val_agree=96.57% | test_acc=89.33% test_agree=96.35%
Epoch 045 | train=0.2772 (ce=0.2422, kd=0.0538, feat=0.0619) | val_acc=95.43% val_f1=0.9538 val_agree=96.57% | test_acc=89.61% test_agree=96.07%
Epoch 046 | train=0.2929 (ce=0.2528, kd=0.0595, feat=0.0602) | val_acc=95.43% val_f1=0.9538 val_agree=96.57% | test_acc=89.04% test_agree=96.07%
Epoch 047 | train=0.2941 (ce=0.2544, kd=0.0593, feat=0.0583) | val_acc=95.43% val_f1=0.9538 val_agree=96.57% | test_acc=89.33% test_agree=95.79%
Epoch 048 | train=0.2797 (ce=0.2427, kd=0.0556, feat=0.0629) | val_acc=94.86% val_f1=0.9485 val_agree=96.00% | test_acc=89.33% test_agree=95.79%
Epoch 049 | train=0.2788 (ce=0.2418, kd=0.0557, feat=0.0615) | val_acc=95.43% val_f1=0.9538 val_agree=96.57% | test_acc=89.33% test_agree=95.79%
Epoch 050 | train=0.2859 (ce=0.2483, kd=0.0567, feat=0.0598) | val_acc=95.43% val_f1=0.9538 val_agree=96.57% | test_acc=89.33% test_agree=95.79%
Epoch 051 | train=0.2767 (ce=0.2389, kd=0.0561, feat=0.0610) | val_acc=95.43% val_f1=0.9538 val_agree=96.57% | test_acc=89.61% test_agree=96.07%
Epoch 052 | train=0.2821 (ce=0.2430, kd=0.0576, feat=0.0605) | val_acc=95.43% val_f1=0.9538 val_agree=96.57% | test_acc=89.33% test_agree=96.35%
Epoch 053 | train=0.2817 (ce=0.2464, kd=0.0545, feat=0.0572) | val_acc=95.43% val_f1=0.9538 val_agree=96.57% | test_acc=89.04% test_agree=96.07%
Epoch 054 | train=0.2779 (ce=0.2381, kd=0.0578, feat=0.0618) | val_acc=95.43% val_f1=0.9538 val_agree=96.57% | test_acc=88.76% test_agree=95.79%
Epoch 055 | train=0.2850 (ce=0.2490, kd=0.0553, feat=0.0614) | val_acc=95.43% val_f1=0.9538 val_agree=96.57% | test_acc=88.48% test_agree=95.51%
Epoch 056 | train=0.2820 (ce=0.2432, kd=0.0574, feat=0.0614) | val_acc=95.43% val_f1=0.9538 val_agree=96.57% | test_acc=88.48% test_agree=95.51%
Epoch 057 | train=0.2808 (ce=0.2414, kd=0.0577, feat=0.0582) | val_acc=95.43% val_f1=0.9538 val_agree=96.57% | test_acc=88.48% test_agree=95.51%
Epoch 058 | train=0.2629 (ce=0.2190, kd=0.0598, feat=0.0663) | val_acc=95.43% val_f1=0.9538 val_agree=96.57% | test_acc=89.04% test_agree=96.07%
Epoch 059 | train=0.2798 (ce=0.2347, kd=0.0624, feat=0.0613) | val_acc=95.43% val_f1=0.9538 val_agree=96.57% | test_acc=89.33% test_agree=96.35%
Epoch 060 | train=0.2838 (ce=0.2440, kd=0.0583, feat=0.0608) | val_acc=95.43% val_f1=0.9538 val_agree=96.57% | test_acc=89.33% test_agree=96.35%
Epoch 061 | train=0.2830 (ce=0.2494, kd=0.0532, feat=0.0589) | val_acc=96.00% val_f1=0.9590 val_agree=96.00% | test_acc=89.33% test_agree=96.35%
Early stopping at epoch 61 (best=45, score=0.896067)
================================================================================
Best epoch: 45
Best score (test_acc): 0.896067
Final test accuracy: 89.61%
Final test teacher agreement: 96.07%
Saved to: ablation_experiments/h1/results/run_20260327_131013/ablation2_teacher_student_lstm/students/ablation2_h1_scan90_run_20260327_131013/stage0/s0_l2_o1_c0/ablation2_distill_lstm_weld_seam_windows_ws5_tf75_pg0_h1_ep80_lr0.00015_bs128_T2.5_lce0.9_lkd1.1_lf0.0_seed14
================================================================================
Ablation-2 | Distill 13D LSTM student for future-step prediction
================================================================================
Dataset: Data/processed_data/weld_seam_windows_ws5_tf75_pg0_h1.npz
Teacher ckpt: /home/huang_kai/wind_turbine_phm/PHOENIX-main/autoencoder_benchmark/ablation_experiments/h1/results/comparison_18d_baselines/lstm/lstm_weld_seam_windows_ws5_tf75_pg0_h1_h64_l2_bi_do0.3_ep80_lr0.0001_wd1e-05_bs128_seed42/best_model.pth
Teacher run args: /home/huang_kai/wind_turbine_phm/PHOENIX-main/autoencoder_benchmark/ablation_experiments/h1/results/comparison_18d_baselines/lstm/lstm_weld_seam_windows_ws5_tf75_pg0_h1_h64_l2_bi_do0.3_ep80_lr0.0001_wd1e-05_bs128_seed42/run_args.json
Device: cuda
Train/Val/Test: 990 / 175 / 356
Input full/subset dims: 18 / 13
Dropped feature indices: [3, 4, 5, 6, 7]
Temperature: 2.5
Loss weights (ce/kd/feat): 0.9 / 1.1 / 0.0
Teacher init summary: {'init_mode': 'strict', 'loaded_keys': 20, 'skipped_keys': [], 'missing_model_keys': []}
Student init summary: {'init_mode': 'shape_safe', 'loaded_keys': 18, 'skipped_keys': ['lstm.weight_ih_l0', 'lstm.weight_ih_l0_reverse'], 'missing_model_keys': ['lstm.weight_ih_l0', 'lstm.weight_ih_l0_reverse']}
Epoch 001 | train=2.2812 (ce=1.2286, kd=1.0686, feat=0.0797) | val_acc=24.57% val_f1=0.1367 val_agree=26.86% | test_acc=33.15% test_agree=35.67%
Epoch 002 | train=1.9676 (ce=1.0913, kd=0.8959, feat=0.0733) | val_acc=26.29% val_f1=0.1685 val_agree=28.57% | test_acc=42.42% test_agree=44.94%
Epoch 003 | train=1.6183 (ce=0.9517, kd=0.6925, feat=0.0621) | val_acc=30.86% val_f1=0.2500 val_agree=33.14% | test_acc=51.97% test_agree=54.49%
Epoch 004 | train=1.4441 (ce=0.8480, kd=0.6190, feat=0.0623) | val_acc=54.29% val_f1=0.5896 val_agree=56.57% | test_acc=62.08% test_agree=64.61%
Epoch 005 | train=1.1412 (ce=0.7254, kd=0.4439, feat=0.0538) | val_acc=69.14% val_f1=0.7212 val_agree=71.43% | test_acc=77.81% test_agree=75.28%
Epoch 006 | train=0.8788 (ce=0.6322, kd=0.2816, feat=0.0431) | val_acc=77.14% val_f1=0.7464 val_agree=77.14% | test_acc=81.46% test_agree=77.25%
Epoch 007 | train=0.7394 (ce=0.6076, kd=0.1751, feat=0.0315) | val_acc=85.14% val_f1=0.8036 val_agree=85.14% | test_acc=84.27% test_agree=81.74%
Epoch 008 | train=0.5860 (ce=0.5039, kd=0.1204, feat=0.0306) | val_acc=88.00% val_f1=0.8379 val_agree=86.86% | test_acc=82.58% test_agree=81.18%
Epoch 009 | train=0.5328 (ce=0.4848, kd=0.0877, feat=0.0237) | val_acc=92.57% val_f1=0.9044 val_agree=90.29% | test_acc=80.34% test_agree=81.74%
Epoch 010 | train=0.4815 (ce=0.4578, kd=0.0632, feat=0.0206) | val_acc=94.29% val_f1=0.9307 val_agree=94.29% | test_acc=79.21% test_agree=83.43%
Epoch 011 | train=0.4332 (ce=0.4125, kd=0.0563, feat=0.0190) | val_acc=96.00% val_f1=0.9556 val_agree=96.00% | test_acc=77.81% test_agree=83.71%
Epoch 012 | train=0.4248 (ce=0.4069, kd=0.0533, feat=0.0170) | val_acc=96.00% val_f1=0.9556 val_agree=96.00% | test_acc=76.69% test_agree=84.83%
Epoch 013 | train=0.3752 (ce=0.3512, kd=0.0538, feat=0.0164) | val_acc=96.57% val_f1=0.9610 val_agree=96.57% | test_acc=78.37% test_agree=87.08%
Epoch 014 | train=0.3750 (ce=0.3434, kd=0.0600, feat=0.0143) | val_acc=97.14% val_f1=0.9669 val_agree=97.14% | test_acc=81.46% test_agree=90.73%
Epoch 015 | train=0.3462 (ce=0.3155, kd=0.0566, feat=0.0146) | val_acc=96.57% val_f1=0.9615 val_agree=97.71% | test_acc=81.46% test_agree=90.73%
Epoch 016 | train=0.3394 (ce=0.3023, kd=0.0612, feat=0.0155) | val_acc=96.57% val_f1=0.9615 val_agree=97.71% | test_acc=83.43% test_agree=92.70%
Epoch 017 | train=0.3340 (ce=0.2921, kd=0.0646, feat=0.0144) | val_acc=96.57% val_f1=0.9615 val_agree=97.71% | test_acc=84.27% test_agree=93.54%
Epoch 018 | train=0.3351 (ce=0.2945, kd=0.0637, feat=0.0135) | val_acc=96.57% val_f1=0.9615 val_agree=97.71% | test_acc=85.39% test_agree=94.66%
Epoch 019 | train=0.3281 (ce=0.2873, kd=0.0631, feat=0.0135) | val_acc=97.14% val_f1=0.9673 val_agree=98.29% | test_acc=85.67% test_agree=94.94%
Epoch 020 | train=0.3213 (ce=0.2774, kd=0.0651, feat=0.0137) | val_acc=97.14% val_f1=0.9673 val_agree=98.29% | test_acc=86.24% test_agree=95.51%
Epoch 021 | train=0.3267 (ce=0.2808, kd=0.0672, feat=0.0135) | val_acc=96.57% val_f1=0.9619 val_agree=97.71% | test_acc=87.08% test_agree=95.79%
Epoch 022 | train=0.3217 (ce=0.2752, kd=0.0673, feat=0.0136) | val_acc=96.57% val_f1=0.9619 val_agree=97.71% | test_acc=86.80% test_agree=95.51%
Epoch 023 | train=0.3194 (ce=0.2760, kd=0.0645, feat=0.0136) | val_acc=96.00% val_f1=0.9566 val_agree=98.29% | test_acc=86.52% test_agree=95.22%
Epoch 024 | train=0.3144 (ce=0.2724, kd=0.0629, feat=0.0140) | val_acc=96.00% val_f1=0.9566 val_agree=98.29% | test_acc=86.52% test_agree=95.22%
Epoch 025 | train=0.3081 (ce=0.2650, kd=0.0633, feat=0.0131) | val_acc=95.43% val_f1=0.9514 val_agree=97.71% | test_acc=88.48% test_agree=96.07%
Epoch 026 | train=0.2980 (ce=0.2503, kd=0.0662, feat=0.0139) | val_acc=96.00% val_f1=0.9566 val_agree=98.29% | test_acc=87.92% test_agree=96.07%
Epoch 027 | train=0.2873 (ce=0.2440, kd=0.0615, feat=0.0133) | val_acc=96.57% val_f1=0.9619 val_agree=97.71% | test_acc=87.64% test_agree=96.35%
Epoch 028 | train=0.2844 (ce=0.2419, kd=0.0607, feat=0.0137) | val_acc=96.57% val_f1=0.9619 val_agree=97.71% | test_acc=87.36% test_agree=96.07%
Epoch 029 | train=0.2992 (ce=0.2510, kd=0.0666, feat=0.0132) | val_acc=96.00% val_f1=0.9566 val_agree=98.29% | test_acc=88.20% test_agree=95.79%
Epoch 030 | train=0.2903 (ce=0.2412, kd=0.0665, feat=0.0137) | val_acc=95.43% val_f1=0.9514 val_agree=97.71% | test_acc=88.48% test_agree=96.07%
Epoch 031 | train=0.2930 (ce=0.2441, kd=0.0667, feat=0.0138) | val_acc=95.43% val_f1=0.9514 val_agree=97.71% | test_acc=88.20% test_agree=95.79%
Epoch 032 | train=0.2990 (ce=0.2510, kd=0.0664, feat=0.0129) | val_acc=96.57% val_f1=0.9619 val_agree=97.71% | test_acc=87.64% test_agree=95.22%
Epoch 033 | train=0.2961 (ce=0.2466, kd=0.0674, feat=0.0136) | val_acc=96.57% val_f1=0.9619 val_agree=97.71% | test_acc=88.20% test_agree=95.79%
Epoch 034 | train=0.2934 (ce=0.2478, kd=0.0639, feat=0.0125) | val_acc=96.57% val_f1=0.9619 val_agree=97.71% | test_acc=88.48% test_agree=96.07%
Epoch 035 | train=0.2796 (ce=0.2315, kd=0.0648, feat=0.0134) | val_acc=95.43% val_f1=0.9514 val_agree=97.71% | test_acc=88.48% test_agree=96.07%
Epoch 036 | train=0.2929 (ce=0.2453, kd=0.0656, feat=0.0130) | val_acc=95.43% val_f1=0.9514 val_agree=97.71% | test_acc=88.48% test_agree=96.07%
Epoch 037 | train=0.2852 (ce=0.2350, kd=0.0669, feat=0.0130) | val_acc=95.43% val_f1=0.9514 val_agree=97.71% | test_acc=88.48% test_agree=96.07%
Epoch 038 | train=0.2854 (ce=0.2396, kd=0.0634, feat=0.0125) | val_acc=95.43% val_f1=0.9514 val_agree=97.71% | test_acc=88.48% test_agree=96.07%
Epoch 039 | train=0.2991 (ce=0.2466, kd=0.0702, feat=0.0121) | val_acc=96.57% val_f1=0.9644 val_agree=97.71% | test_acc=89.04% test_agree=96.63%
Epoch 040 | train=0.2976 (ce=0.2501, kd=0.0659, feat=0.0122) | val_acc=97.71% val_f1=0.9752 val_agree=97.71% | test_acc=89.04% test_agree=96.63%
Epoch 041 | train=0.2843 (ce=0.2354, kd=0.0658, feat=0.0132) | val_acc=97.71% val_f1=0.9752 val_agree=97.71% | test_acc=88.48% test_agree=96.07%
Epoch 042 | train=0.2947 (ce=0.2486, kd=0.0645, feat=0.0129) | val_acc=98.29% val_f1=0.9807 val_agree=98.29% | test_acc=88.48% test_agree=96.07%
Epoch 043 | train=0.2910 (ce=0.2411, kd=0.0672, feat=0.0127) | val_acc=98.29% val_f1=0.9807 val_agree=98.29% | test_acc=88.20% test_agree=95.79%
Epoch 044 | train=0.2863 (ce=0.2420, kd=0.0623, feat=0.0126) | val_acc=98.29% val_f1=0.9807 val_agree=98.29% | test_acc=88.76% test_agree=96.35%
Epoch 045 | train=0.2784 (ce=0.2275, kd=0.0670, feat=0.0126) | val_acc=98.29% val_f1=0.9807 val_agree=98.29% | test_acc=89.04% test_agree=96.63%
Epoch 046 | train=0.2852 (ce=0.2393, kd=0.0635, feat=0.0126) | val_acc=98.29% val_f1=0.9807 val_agree=98.29% | test_acc=89.04% test_agree=96.63%
Epoch 047 | train=0.2749 (ce=0.2245, kd=0.0662, feat=0.0129) | val_acc=98.29% val_f1=0.9807 val_agree=98.29% | test_acc=89.04% test_agree=96.63%
Epoch 048 | train=0.2737 (ce=0.2232, kd=0.0661, feat=0.0132) | val_acc=97.71% val_f1=0.9752 val_agree=97.71% | test_acc=89.04% test_agree=96.63%
Epoch 049 | train=0.2743 (ce=0.2267, kd=0.0639, feat=0.0131) | val_acc=97.71% val_f1=0.9752 val_agree=97.71% | test_acc=89.04% test_agree=96.63%
Epoch 050 | train=0.2779 (ce=0.2314, kd=0.0633, feat=0.0129) | val_acc=97.71% val_f1=0.9752 val_agree=97.71% | test_acc=89.04% test_agree=96.63%
Epoch 051 | train=0.2847 (ce=0.2372, kd=0.0648, feat=0.0125) | val_acc=97.71% val_f1=0.9752 val_agree=97.71% | test_acc=89.04% test_agree=96.63%
Epoch 052 | train=0.2778 (ce=0.2292, kd=0.0650, feat=0.0128) | val_acc=97.71% val_f1=0.9752 val_agree=97.71% | test_acc=89.33% test_agree=96.91%
Epoch 053 | train=0.2778 (ce=0.2275, kd=0.0664, feat=0.0123) | val_acc=97.71% val_f1=0.9752 val_agree=97.71% | test_acc=89.04% test_agree=96.63%
Epoch 054 | train=0.2885 (ce=0.2421, kd=0.0642, feat=0.0124) | val_acc=97.71% val_f1=0.9752 val_agree=97.71% | test_acc=88.48% test_agree=96.07%
Epoch 055 | train=0.2736 (ce=0.2255, kd=0.0642, feat=0.0128) | val_acc=97.71% val_f1=0.9752 val_agree=97.71% | test_acc=88.48% test_agree=96.07%
Epoch 056 | train=0.2741 (ce=0.2265, kd=0.0638, feat=0.0124) | val_acc=98.29% val_f1=0.9807 val_agree=98.29% | test_acc=88.48% test_agree=96.07%
Epoch 057 | train=0.2766 (ce=0.2294, kd=0.0638, feat=0.0121) | val_acc=98.29% val_f1=0.9807 val_agree=98.29% | test_acc=88.48% test_agree=96.07%
Epoch 058 | train=0.2782 (ce=0.2274, kd=0.0669, feat=0.0125) | val_acc=97.71% val_f1=0.9752 val_agree=97.71% | test_acc=88.76% test_agree=96.35%
Epoch 059 | train=0.2815 (ce=0.2322, kd=0.0659, feat=0.0128) | val_acc=97.71% val_f1=0.9752 val_agree=97.71% | test_acc=88.76% test_agree=96.35%
Epoch 060 | train=0.2780 (ce=0.2266, kd=0.0673, feat=0.0127) | val_acc=97.71% val_f1=0.9752 val_agree=97.71% | test_acc=89.04% test_agree=96.63%
Epoch 061 | train=0.2796 (ce=0.2333, kd=0.0633, feat=0.0125) | val_acc=97.71% val_f1=0.9752 val_agree=97.71% | test_acc=89.04% test_agree=96.63%
Epoch 062 | train=0.2796 (ce=0.2300, kd=0.0660, feat=0.0127) | val_acc=97.71% val_f1=0.9752 val_agree=97.71% | test_acc=89.04% test_agree=96.63%
Epoch 063 | train=0.2837 (ce=0.2378, kd=0.0634, feat=0.0122) | val_acc=97.71% val_f1=0.9752 val_agree=97.71% | test_acc=89.04% test_agree=96.63%
Epoch 064 | train=0.2756 (ce=0.2273, kd=0.0645, feat=0.0119) | val_acc=97.71% val_f1=0.9752 val_agree=97.71% | test_acc=89.04% test_agree=96.63%
Epoch 065 | train=0.2876 (ce=0.2377, kd=0.0669, feat=0.0120) | val_acc=97.71% val_f1=0.9752 val_agree=97.71% | test_acc=89.04% test_agree=96.63%
Epoch 066 | train=0.2873 (ce=0.2347, kd=0.0691, feat=0.0119) | val_acc=97.71% val_f1=0.9752 val_agree=97.71% | test_acc=89.04% test_agree=96.63%
Epoch 067 | train=0.2766 (ce=0.2223, kd=0.0696, feat=0.0124) | val_acc=97.71% val_f1=0.9752 val_agree=97.71% | test_acc=89.04% test_agree=96.63%
Epoch 068 | train=0.2738 (ce=0.2265, kd=0.0636, feat=0.0123) | val_acc=97.71% val_f1=0.9752 val_agree=97.71% | test_acc=89.04% test_agree=96.63%
Early stopping at epoch 68 (best=52, score=0.893258)
================================================================================
Best epoch: 52
Best score (test_acc): 0.893258
Final test accuracy: 89.33%
Final test teacher agreement: 96.91%
Saved to: ablation_experiments/h1/results/run_20260327_131013/ablation2_teacher_student_lstm/students/ablation2_h1_scan90_run_20260327_131013/stage0/s0_l2_o1_c1/ablation2_distill_lstm_weld_seam_windows_ws5_tf75_pg0_h1_ep80_lr0.00015_bs128_T2.5_lce0.9_lkd1.1_lf0.0_seed14
================================================================================
Ablation-2 | Distill 13D LSTM student for future-step prediction
================================================================================
Dataset: Data/processed_data/weld_seam_windows_ws5_tf75_pg0_h1.npz
Teacher ckpt: /home/huang_kai/wind_turbine_phm/PHOENIX-main/autoencoder_benchmark/ablation_experiments/h1/results/comparison_18d_baselines/lstm/lstm_weld_seam_windows_ws5_tf75_pg0_h1_h64_l2_bi_do0.3_ep80_lr0.0001_wd1e-05_bs128_seed42/best_model.pth
Teacher run args: /home/huang_kai/wind_turbine_phm/PHOENIX-main/autoencoder_benchmark/ablation_experiments/h1/results/comparison_18d_baselines/lstm/lstm_weld_seam_windows_ws5_tf75_pg0_h1_h64_l2_bi_do0.3_ep80_lr0.0001_wd1e-05_bs128_seed42/run_args.json
Device: cuda
Train/Val/Test: 990 / 175 / 356
Input full/subset dims: 18 / 13
Dropped feature indices: [3, 4, 5, 6, 7]
Temperature: 2.0
Loss weights (ce/kd/feat): 0.9 / 1.1 / 0.0
Teacher init summary: {'init_mode': 'strict', 'loaded_keys': 20, 'skipped_keys': [], 'missing_model_keys': []}
Student init summary: {'init_mode': 'shape_safe', 'loaded_keys': 10, 'skipped_keys': ['lstm.bias_hh_l1', 'lstm.bias_hh_l1_reverse', 'lstm.bias_ih_l1', 'lstm.bias_ih_l1_reverse', 'lstm.weight_hh_l1', 'lstm.weight_hh_l1_reverse', 'lstm.weight_ih_l0', 'lstm.weight_ih_l0_reverse', 'lstm.weight_ih_l1', 'lstm.weight_ih_l1_reverse'], 'missing_model_keys': ['lstm.weight_ih_l0', 'lstm.weight_ih_l0_reverse']}
Epoch 001 | train=1.6228 (ce=1.0068, kd=0.6515, feat=0.0859) | val_acc=38.86% val_f1=0.4002 val_agree=40.00% | test_acc=44.94% test_agree=36.24%
Epoch 002 | train=1.5638 (ce=0.9685, kd=0.6292, feat=0.0874) | val_acc=40.57% val_f1=0.4224 val_agree=40.57% | test_acc=56.18% test_agree=46.91%
Epoch 003 | train=1.4982 (ce=0.9295, kd=0.6014, feat=0.0878) | val_acc=49.71% val_f1=0.5156 val_agree=49.71% | test_acc=65.73% test_agree=56.46%
Epoch 004 | train=1.4411 (ce=0.8953, kd=0.5775, feat=0.0883) | val_acc=56.57% val_f1=0.5745 val_agree=56.57% | test_acc=71.91% test_agree=62.64%
Epoch 005 | train=1.3292 (ce=0.8749, kd=0.4925, feat=0.0812) | val_acc=62.29% val_f1=0.6192 val_agree=62.29% | test_acc=72.47% test_agree=63.76%
Epoch 006 | train=1.2674 (ce=0.8427, kd=0.4627, feat=0.0810) | val_acc=69.71% val_f1=0.6744 val_agree=69.71% | test_acc=73.03% test_agree=64.33%
Epoch 007 | train=1.1945 (ce=0.8106, kd=0.4226, feat=0.0774) | val_acc=74.29% val_f1=0.7082 val_agree=74.29% | test_acc=73.31% test_agree=64.61%
Epoch 008 | train=1.1469 (ce=0.7717, kd=0.4113, feat=0.0803) | val_acc=77.71% val_f1=0.7341 val_agree=77.71% | test_acc=74.16% test_agree=65.45%
Epoch 009 | train=1.0655 (ce=0.7582, kd=0.3483, feat=0.0737) | val_acc=80.57% val_f1=0.7564 val_agree=80.57% | test_acc=75.00% test_agree=66.29%
Epoch 010 | train=0.9969 (ce=0.7184, kd=0.3185, feat=0.0742) | val_acc=82.29% val_f1=0.7746 val_agree=82.29% | test_acc=76.12% test_agree=67.98%
Epoch 011 | train=0.9480 (ce=0.6717, kd=0.3122, feat=0.0792) | val_acc=82.86% val_f1=0.7793 val_agree=82.86% | test_acc=76.12% test_agree=70.22%
Epoch 012 | train=0.9014 (ce=0.6772, kd=0.2654, feat=0.0736) | val_acc=84.57% val_f1=0.7938 val_agree=84.57% | test_acc=78.65% test_agree=73.88%
Epoch 013 | train=0.8333 (ce=0.6571, kd=0.2199, feat=0.0681) | val_acc=84.57% val_f1=0.7900 val_agree=84.57% | test_acc=80.34% test_agree=76.12%
Epoch 014 | train=0.7837 (ce=0.6258, kd=0.2004, feat=0.0691) | val_acc=85.14% val_f1=0.7993 val_agree=85.14% | test_acc=81.46% test_agree=78.37%
Epoch 015 | train=0.7323 (ce=0.5872, kd=0.1853, feat=0.0719) | val_acc=86.86% val_f1=0.8226 val_agree=86.86% | test_acc=82.30% test_agree=79.78%
Epoch 016 | train=0.7055 (ce=0.5740, kd=0.1717, feat=0.0712) | val_acc=88.00% val_f1=0.8367 val_agree=86.86% | test_acc=81.46% test_agree=80.06%
Epoch 017 | train=0.6551 (ce=0.5619, kd=0.1358, feat=0.0650) | val_acc=89.14% val_f1=0.8545 val_agree=88.00% | test_acc=82.30% test_agree=80.90%
Epoch 018 | train=0.6127 (ce=0.5354, kd=0.1189, feat=0.0650) | val_acc=89.71% val_f1=0.8632 val_agree=88.57% | test_acc=83.15% test_agree=81.74%
Epoch 019 | train=0.5697 (ce=0.5004, kd=0.1085, feat=0.0670) | val_acc=92.00% val_f1=0.8974 val_agree=90.86% | test_acc=82.87% test_agree=82.02%
Epoch 020 | train=0.5455 (ce=0.4859, kd=0.0984, feat=0.0646) | val_acc=93.14% val_f1=0.9141 val_agree=92.00% | test_acc=83.43% test_agree=83.15%
Epoch 021 | train=0.5097 (ce=0.4650, kd=0.0829, feat=0.0637) | val_acc=93.14% val_f1=0.9141 val_agree=92.00% | test_acc=83.43% test_agree=83.71%
Epoch 022 | train=0.4928 (ce=0.4589, kd=0.0725, feat=0.0633) | val_acc=94.29% val_f1=0.9288 val_agree=93.14% | test_acc=84.55% test_agree=84.83%
Epoch 023 | train=0.4664 (ce=0.4267, kd=0.0749, feat=0.0658) | val_acc=94.29% val_f1=0.9288 val_agree=93.14% | test_acc=85.11% test_agree=85.96%
Epoch 024 | train=0.4411 (ce=0.4136, kd=0.0627, feat=0.0631) | val_acc=94.29% val_f1=0.9288 val_agree=93.14% | test_acc=85.96% test_agree=86.80%
Epoch 025 | train=0.4323 (ce=0.4084, kd=0.0589, feat=0.0604) | val_acc=93.71% val_f1=0.9238 val_agree=93.71% | test_acc=86.24% test_agree=87.08%
Epoch 026 | train=0.4147 (ce=0.3923, kd=0.0560, feat=0.0638) | val_acc=93.14% val_f1=0.9186 val_agree=94.29% | test_acc=85.96% test_agree=86.80%
Epoch 027 | train=0.4033 (ce=0.3794, kd=0.0562, feat=0.0623) | val_acc=92.57% val_f1=0.9110 val_agree=94.86% | test_acc=85.11% test_agree=88.20%
Epoch 028 | train=0.3970 (ce=0.3767, kd=0.0528, feat=0.0628) | val_acc=92.57% val_f1=0.9110 val_agree=94.86% | test_acc=85.39% test_agree=88.48%
Epoch 029 | train=0.3747 (ce=0.3557, kd=0.0496, feat=0.0618) | val_acc=93.14% val_f1=0.9190 val_agree=95.43% | test_acc=85.67% test_agree=88.76%
Epoch 030 | train=0.3559 (ce=0.3343, kd=0.0500, feat=0.0635) | val_acc=93.71% val_f1=0.9271 val_agree=96.00% | test_acc=84.83% test_agree=89.61%
Epoch 031 | train=0.3694 (ce=0.3469, kd=0.0521, feat=0.0627) | val_acc=94.29% val_f1=0.9352 val_agree=96.57% | test_acc=85.67% test_agree=89.89%
Epoch 032 | train=0.3667 (ce=0.3488, kd=0.0479, feat=0.0582) | val_acc=94.86% val_f1=0.9433 val_agree=97.14% | test_acc=86.24% test_agree=90.45%
Epoch 033 | train=0.3658 (ce=0.3459, kd=0.0495, feat=0.0606) | val_acc=95.43% val_f1=0.9514 val_agree=97.71% | test_acc=85.39% test_agree=91.29%
Epoch 034 | train=0.3567 (ce=0.3334, kd=0.0514, feat=0.0586) | val_acc=94.86% val_f1=0.9462 val_agree=97.14% | test_acc=85.11% test_agree=91.01%
Epoch 035 | train=0.3156 (ce=0.2889, kd=0.0505, feat=0.0627) | val_acc=94.86% val_f1=0.9462 val_agree=97.14% | test_acc=85.39% test_agree=91.29%
Epoch 036 | train=0.3478 (ce=0.3209, kd=0.0537, feat=0.0613) | val_acc=94.86% val_f1=0.9462 val_agree=97.14% | test_acc=85.39% test_agree=91.29%
Epoch 037 | train=0.3269 (ce=0.3004, kd=0.0514, feat=0.0621) | val_acc=94.86% val_f1=0.9462 val_agree=97.14% | test_acc=85.39% test_agree=91.29%
Epoch 038 | train=0.3272 (ce=0.3019, kd=0.0505, feat=0.0606) | val_acc=94.86% val_f1=0.9462 val_agree=97.14% | test_acc=85.96% test_agree=91.85%
Epoch 039 | train=0.3216 (ce=0.2926, kd=0.0529, feat=0.0611) | val_acc=94.86% val_f1=0.9462 val_agree=97.14% | test_acc=86.24% test_agree=92.13%
Epoch 040 | train=0.3229 (ce=0.2960, kd=0.0514, feat=0.0593) | val_acc=94.86% val_f1=0.9462 val_agree=97.14% | test_acc=86.24% test_agree=92.13%
Epoch 041 | train=0.3227 (ce=0.2944, kd=0.0525, feat=0.0600) | val_acc=94.86% val_f1=0.9462 val_agree=97.14% | test_acc=86.24% test_agree=92.70%
Early stopping at epoch 41 (best=25, score=0.862360)
================================================================================
Best epoch: 25
Best score (test_acc): 0.862360
Final test accuracy: 86.24%
Final test teacher agreement: 87.08%
Saved to: ablation_experiments/h1/results/run_20260327_131013/ablation2_teacher_student_lstm/students/ablation2_h1_scan90_run_20260327_131013/stage1/s1_l1_o0_c0/ablation2_distill_lstm_weld_seam_windows_ws5_tf75_pg0_h1_ep80_lr0.0001_bs128_T2.0_lce0.9_lkd1.1_lf0.0_seed14
================================================================================
Ablation-2 | Distill 13D LSTM student for future-step prediction
================================================================================
Dataset: Data/processed_data/weld_seam_windows_ws5_tf75_pg0_h1.npz
Teacher ckpt: /home/huang_kai/wind_turbine_phm/PHOENIX-main/autoencoder_benchmark/ablation_experiments/h1/results/comparison_18d_baselines/lstm/lstm_weld_seam_windows_ws5_tf75_pg0_h1_h64_l2_bi_do0.3_ep80_lr0.0001_wd1e-05_bs128_seed42/best_model.pth
Teacher run args: /home/huang_kai/wind_turbine_phm/PHOENIX-main/autoencoder_benchmark/ablation_experiments/h1/results/comparison_18d_baselines/lstm/lstm_weld_seam_windows_ws5_tf75_pg0_h1_h64_l2_bi_do0.3_ep80_lr0.0001_wd1e-05_bs128_seed42/run_args.json
Device: cuda
Train/Val/Test: 990 / 175 / 356
Input full/subset dims: 18 / 13
Dropped feature indices: [3, 4, 5, 6, 7]
Temperature: 2.0
Loss weights (ce/kd/feat): 0.9 / 1.1 / 0.0
Teacher init summary: {'init_mode': 'strict', 'loaded_keys': 20, 'skipped_keys': [], 'missing_model_keys': []}
Student init summary: {'init_mode': 'shape_safe', 'loaded_keys': 18, 'skipped_keys': ['lstm.weight_ih_l0', 'lstm.weight_ih_l0_reverse'], 'missing_model_keys': ['lstm.weight_ih_l0', 'lstm.weight_ih_l0_reverse']}
Epoch 001 | train=2.2282 (ce=1.2493, kd=1.0035, feat=0.0805) | val_acc=22.86% val_f1=0.1294 val_agree=25.14% | test_acc=31.74% test_agree=34.27%
Epoch 002 | train=2.0115 (ce=1.1512, kd=0.8867, feat=0.0760) | val_acc=25.71% val_f1=0.1517 val_agree=28.00% | test_acc=35.11% test_agree=37.64%
Epoch 003 | train=1.7506 (ce=1.0447, kd=0.7367, feat=0.0666) | val_acc=26.29% val_f1=0.1685 val_agree=28.57% | test_acc=44.94% test_agree=47.47%
Epoch 004 | train=1.6882 (ce=0.9888, kd=0.7257, feat=0.0704) | val_acc=30.86% val_f1=0.2500 val_agree=33.14% | test_acc=50.56% test_agree=53.09%
Epoch 005 | train=1.4804 (ce=0.8946, kd=0.6139, feat=0.0656) | val_acc=38.29% val_f1=0.3892 val_agree=40.57% | test_acc=56.74% test_agree=59.27%
Epoch 006 | train=1.2641 (ce=0.7980, kd=0.4963, feat=0.0590) | val_acc=57.14% val_f1=0.6194 val_agree=59.43% | test_acc=64.33% test_agree=66.85%
Epoch 007 | train=1.0521 (ce=0.7257, kd=0.3627, feat=0.0487) | val_acc=72.57% val_f1=0.7607 val_agree=74.86% | test_acc=76.12% test_agree=74.72%
Epoch 008 | train=0.9094 (ce=0.6277, kd=0.3132, feat=0.0517) | val_acc=80.57% val_f1=0.8044 val_agree=80.57% | test_acc=80.06% test_agree=78.09%
Epoch 009 | train=0.7643 (ce=0.5975, kd=0.2059, feat=0.0401) | val_acc=81.71% val_f1=0.7752 val_agree=81.71% | test_acc=80.62% test_agree=78.09%
Epoch 010 | train=0.6831 (ce=0.5807, kd=0.1459, feat=0.0329) | val_acc=84.57% val_f1=0.7954 val_agree=84.57% | test_acc=82.87% test_agree=81.46%
Epoch 011 | train=0.6094 (ce=0.5410, kd=0.1114, feat=0.0281) | val_acc=88.57% val_f1=0.8506 val_agree=87.43% | test_acc=82.30% test_agree=80.90%
Epoch 012 | train=0.5837 (ce=0.5378, kd=0.0906, feat=0.0255) | val_acc=92.57% val_f1=0.9044 val_agree=90.29% | test_acc=79.78% test_agree=81.18%
Epoch 013 | train=0.5029 (ce=0.4688, kd=0.0736, feat=0.0253) | val_acc=94.29% val_f1=0.9297 val_agree=92.00% | test_acc=79.78% test_agree=82.30%
Epoch 014 | train=0.4728 (ce=0.4549, kd=0.0576, feat=0.0219) | val_acc=94.29% val_f1=0.9307 val_agree=94.29% | test_acc=78.37% test_agree=82.58%
Epoch 015 | train=0.4362 (ce=0.4205, kd=0.0525, feat=0.0211) | val_acc=94.86% val_f1=0.9390 val_agree=94.86% | test_acc=78.65% test_agree=83.43%
Epoch 016 | train=0.4143 (ce=0.4007, kd=0.0487, feat=0.0210) | val_acc=96.00% val_f1=0.9556 val_agree=96.00% | test_acc=78.65% test_agree=83.99%
Epoch 017 | train=0.3994 (ce=0.3860, kd=0.0472, feat=0.0186) | val_acc=96.00% val_f1=0.9556 val_agree=96.00% | test_acc=78.65% test_agree=84.55%
Epoch 018 | train=0.3868 (ce=0.3722, kd=0.0471, feat=0.0165) | val_acc=96.00% val_f1=0.9556 val_agree=96.00% | test_acc=78.93% test_agree=86.52%
Epoch 019 | train=0.3737 (ce=0.3581, kd=0.0467, feat=0.0159) | val_acc=96.57% val_f1=0.9610 val_agree=96.57% | test_acc=80.06% test_agree=88.76%
Epoch 020 | train=0.3644 (ce=0.3422, kd=0.0513, feat=0.0152) | val_acc=96.57% val_f1=0.9615 val_agree=97.71% | test_acc=82.02% test_agree=90.73%
Epoch 021 | train=0.3612 (ce=0.3356, kd=0.0538, feat=0.0146) | val_acc=96.57% val_f1=0.9615 val_agree=97.71% | test_acc=82.87% test_agree=92.13%
Epoch 022 | train=0.3514 (ce=0.3223, kd=0.0558, feat=0.0145) | val_acc=96.57% val_f1=0.9615 val_agree=97.71% | test_acc=83.99% test_agree=93.26%
Epoch 023 | train=0.3473 (ce=0.3187, kd=0.0550, feat=0.0140) | val_acc=96.57% val_f1=0.9615 val_agree=97.71% | test_acc=83.71% test_agree=92.98%
Epoch 024 | train=0.3381 (ce=0.3095, kd=0.0541, feat=0.0146) | val_acc=96.57% val_f1=0.9615 val_agree=97.71% | test_acc=84.27% test_agree=93.54%
Epoch 025 | train=0.3343 (ce=0.3023, kd=0.0565, feat=0.0139) | val_acc=96.00% val_f1=0.9561 val_agree=97.14% | test_acc=85.39% test_agree=94.66%
Epoch 026 | train=0.3204 (ce=0.2825, kd=0.0601, feat=0.0145) | val_acc=96.00% val_f1=0.9561 val_agree=97.14% | test_acc=85.96% test_agree=95.22%
Epoch 027 | train=0.3083 (ce=0.2738, kd=0.0563, feat=0.0139) | val_acc=97.14% val_f1=0.9673 val_agree=98.29% | test_acc=86.24% test_agree=95.51%
Epoch 028 | train=0.3054 (ce=0.2712, kd=0.0558, feat=0.0142) | val_acc=97.14% val_f1=0.9673 val_agree=98.29% | test_acc=85.96% test_agree=95.22%
Epoch 029 | train=0.3200 (ce=0.2804, kd=0.0615, feat=0.0135) | val_acc=97.14% val_f1=0.9673 val_agree=98.29% | test_acc=85.96% test_agree=95.22%
Epoch 030 | train=0.3089 (ce=0.2683, kd=0.0614, feat=0.0143) | val_acc=96.57% val_f1=0.9619 val_agree=97.71% | test_acc=85.96% test_agree=94.66%
Epoch 031 | train=0.3089 (ce=0.2687, kd=0.0610, feat=0.0143) | val_acc=96.57% val_f1=0.9619 val_agree=97.71% | test_acc=85.96% test_agree=94.66%
Epoch 032 | train=0.3157 (ce=0.2755, kd=0.0616, feat=0.0135) | val_acc=96.57% val_f1=0.9619 val_agree=97.71% | test_acc=85.67% test_agree=94.38%
Epoch 033 | train=0.3135 (ce=0.2712, kd=0.0632, feat=0.0144) | val_acc=96.57% val_f1=0.9619 val_agree=97.71% | test_acc=86.52% test_agree=95.22%
Epoch 034 | train=0.3073 (ce=0.2710, kd=0.0577, feat=0.0129) | val_acc=96.57% val_f1=0.9619 val_agree=97.71% | test_acc=87.08% test_agree=95.79%
Epoch 035 | train=0.2945 (ce=0.2543, kd=0.0597, feat=0.0139) | val_acc=96.57% val_f1=0.9619 val_agree=97.71% | test_acc=86.80% test_agree=95.51%
Epoch 036 | train=0.3081 (ce=0.2687, kd=0.0603, feat=0.0136) | val_acc=96.57% val_f1=0.9619 val_agree=97.71% | test_acc=86.24% test_agree=94.94%
Epoch 037 | train=0.2973 (ce=0.2565, kd=0.0604, feat=0.0135) | val_acc=96.00% val_f1=0.9566 val_agree=98.29% | test_acc=86.24% test_agree=94.94%
Epoch 038 | train=0.2980 (ce=0.2599, kd=0.0583, feat=0.0131) | val_acc=95.43% val_f1=0.9514 val_agree=97.71% | test_acc=86.80% test_agree=95.51%
Epoch 039 | train=0.3100 (ce=0.2667, kd=0.0636, feat=0.0127) | val_acc=96.00% val_f1=0.9566 val_agree=98.29% | test_acc=87.36% test_agree=96.07%
Epoch 040 | train=0.3111 (ce=0.2707, kd=0.0614, feat=0.0127) | val_acc=96.57% val_f1=0.9619 val_agree=97.71% | test_acc=87.08% test_agree=95.79%
Epoch 041 | train=0.2950 (ce=0.2542, kd=0.0602, feat=0.0136) | val_acc=96.57% val_f1=0.9619 val_agree=97.71% | test_acc=86.52% test_agree=95.22%
Epoch 042 | train=0.3070 (ce=0.2676, kd=0.0602, feat=0.0133) | val_acc=96.57% val_f1=0.9619 val_agree=97.71% | test_acc=86.52% test_agree=95.22%
Epoch 043 | train=0.3012 (ce=0.2585, kd=0.0624, feat=0.0132) | val_acc=96.57% val_f1=0.9619 val_agree=97.71% | test_acc=86.52% test_agree=95.22%
Epoch 044 | train=0.2989 (ce=0.2622, kd=0.0572, feat=0.0130) | val_acc=96.57% val_f1=0.9619 val_agree=97.71% | test_acc=86.80% test_agree=95.51%
Epoch 045 | train=0.2872 (ce=0.2436, kd=0.0619, feat=0.0132) | val_acc=96.57% val_f1=0.9619 val_agree=97.71% | test_acc=87.08% test_agree=95.79%
Epoch 046 | train=0.2966 (ce=0.2577, kd=0.0588, feat=0.0131) | val_acc=96.57% val_f1=0.9619 val_agree=97.71% | test_acc=87.08% test_agree=95.79%
Epoch 047 | train=0.2856 (ce=0.2430, kd=0.0608, feat=0.0134) | val_acc=96.57% val_f1=0.9619 val_agree=97.71% | test_acc=87.64% test_agree=96.35%
Epoch 048 | train=0.2820 (ce=0.2404, kd=0.0597, feat=0.0136) | val_acc=96.57% val_f1=0.9619 val_agree=97.71% | test_acc=87.92% test_agree=96.07%
Epoch 049 | train=0.2847 (ce=0.2437, kd=0.0594, feat=0.0135) | val_acc=96.00% val_f1=0.9566 val_agree=98.29% | test_acc=87.92% test_agree=96.07%
Epoch 050 | train=0.2858 (ce=0.2470, kd=0.0577, feat=0.0133) | val_acc=95.43% val_f1=0.9514 val_agree=97.71% | test_acc=88.20% test_agree=95.79%
Epoch 051 | train=0.2942 (ce=0.2539, kd=0.0597, feat=0.0130) | val_acc=95.43% val_f1=0.9514 val_agree=97.71% | test_acc=88.20% test_agree=95.79%
Epoch 052 | train=0.2873 (ce=0.2464, kd=0.0596, feat=0.0133) | val_acc=96.00% val_f1=0.9566 val_agree=98.29% | test_acc=88.48% test_agree=96.07%
Epoch 053 | train=0.2862 (ce=0.2431, kd=0.0613, feat=0.0127) | val_acc=96.00% val_f1=0.9566 val_agree=98.29% | test_acc=88.20% test_agree=95.79%
Epoch 054 | train=0.2989 (ce=0.2596, kd=0.0594, feat=0.0126) | val_acc=96.00% val_f1=0.9566 val_agree=98.29% | test_acc=88.20% test_agree=95.79%
Epoch 055 | train=0.2814 (ce=0.2401, kd=0.0593, feat=0.0132) | val_acc=96.00% val_f1=0.9566 val_agree=98.29% | test_acc=88.20% test_agree=95.79%
Epoch 056 | train=0.2830 (ce=0.2437, kd=0.0579, feat=0.0127) | val_acc=96.00% val_f1=0.9566 val_agree=98.29% | test_acc=88.20% test_agree=95.79%
Epoch 057 | train=0.2848 (ce=0.2450, kd=0.0585, feat=0.0126) | val_acc=96.00% val_f1=0.9566 val_agree=98.29% | test_acc=88.20% test_agree=95.79%
Epoch 058 | train=0.2869 (ce=0.2434, kd=0.0617, feat=0.0129) | val_acc=95.43% val_f1=0.9514 val_agree=97.71% | test_acc=88.20% test_agree=95.79%
Epoch 059 | train=0.2905 (ce=0.2474, kd=0.0616, feat=0.0133) | val_acc=95.43% val_f1=0.9514 val_agree=97.71% | test_acc=88.20% test_agree=95.79%
Epoch 060 | train=0.2849 (ce=0.2418, kd=0.0612, feat=0.0132) | val_acc=95.43% val_f1=0.9514 val_agree=97.71% | test_acc=88.20% test_agree=95.79%
Epoch 061 | train=0.2872 (ce=0.2479, kd=0.0583, feat=0.0129) | val_acc=95.43% val_f1=0.9514 val_agree=97.71% | test_acc=88.20% test_agree=95.79%
Epoch 062 | train=0.2882 (ce=0.2457, kd=0.0610, feat=0.0131) | val_acc=95.43% val_f1=0.9514 val_agree=97.71% | test_acc=88.20% test_agree=95.79%
Epoch 063 | train=0.2925 (ce=0.2542, kd=0.0579, feat=0.0126) | val_acc=95.43% val_f1=0.9514 val_agree=97.71% | test_acc=88.20% test_agree=95.79%
Epoch 064 | train=0.2838 (ce=0.2421, kd=0.0599, feat=0.0123) | val_acc=95.43% val_f1=0.9514 val_agree=97.71% | test_acc=88.20% test_agree=95.79%
Epoch 065 | train=0.2977 (ce=0.2550, kd=0.0619, feat=0.0124) | val_acc=95.43% val_f1=0.9514 val_agree=97.71% | test_acc=88.20% test_agree=95.79%
Epoch 066 | train=0.2967 (ce=0.2509, kd=0.0644, feat=0.0123) | val_acc=95.43% val_f1=0.9514 val_agree=97.71% | test_acc=88.20% test_agree=95.79%
Epoch 067 | train=0.2839 (ce=0.2367, kd=0.0644, feat=0.0129) | val_acc=95.43% val_f1=0.9514 val_agree=97.71% | test_acc=88.20% test_agree=95.79%
Epoch 068 | train=0.2806 (ce=0.2407, kd=0.0581, feat=0.0127) | val_acc=95.43% val_f1=0.9514 val_agree=97.71% | test_acc=88.20% test_agree=95.79%
Early stopping at epoch 68 (best=52, score=0.884831)
================================================================================
Best epoch: 52
Best score (test_acc): 0.884831
Final test accuracy: 88.48%
Final test teacher agreement: 96.07%
Saved to: ablation_experiments/h1/results/run_20260327_131013/ablation2_teacher_student_lstm/students/ablation2_h1_scan90_run_20260327_131013/stage1/s1_l1_o0_c1/ablation2_distill_lstm_weld_seam_windows_ws5_tf75_pg0_h1_ep80_lr0.0001_bs128_T2.0_lce0.9_lkd1.1_lf0.0_seed14
/usr/bin/python /home/huang_kai/wind_turbine_phm/PHOENIX-main/autoencoder_benchmark/ablation_experiments/scripts/train_ablation2_distill_lstm_student.py --dataset-npz Data/processed_data/weld_seam_windows_ws5_tf75_pg0_h1.npz --teacher-ckpt /home/huang_kai/wind_turbine_phm/PHOENIX-main/autoencoder_benchmark/ablation_experiments/h1/results/comparison_18d_baselines/lstm/lstm_weld_seam_windows_ws5_tf75_pg0_h1_h64_l2_bi_do0.3_ep80_lr0.0001_wd1e-05_bs128_seed42/best_model.pth --teacher-run-args /home/huang_kai/wind_turbine_phm/PHOENIX-main/autoencoder_benchmark/ablation_experiments/h1/results/comparison_18d_baselines/lstm/lstm_weld_seam_windows_ws5_tf75_pg0_h1_h64_l2_bi_do0.3_ep80_lr0.0001_wd1e-05_bs128_seed42/run_args.json --output-dir ablation_experiments/h1/results/run_20260327_131013/ablation2_teacher_student_lstm/students/ablation2_h1_scan90_run_20260327_131013/stage0/s0_l2_o0_c1 --epochs 80 --batch-size 128 --lr 0.0001 --weight-decay 1e-05 --seed 14 --num-workers 0 --checkpoint-metric test_acc --temperature 2.5 --lambda-ce 0.9 --lambda-kd 1.1 --lambda-feat 0.0 --student-lstm-layers 2 --student-lstm-dropout 0.3 --student-classifier-hidden 64 --student-classifier-dropout 0.35 --weighted-sampler --student-init-ckpt /home/huang_kai/wind_turbine_phm/PHOENIX-main/autoencoder_benchmark/ablation_experiments/h1/results/comparison_18d_baselines/lstm/lstm_weld_seam_windows_ws5_tf75_pg0_h1_h64_l2_bi_do0.3_ep80_lr0.0001_wd1e-05_bs128_seed42/best_model.pth --student-init-mode shape_safe
Command: /usr/bin/python /home/huang_kai/wind_turbine_phm/PHOENIX-main/autoencoder_benchmark/ablation_experiments/scripts/train_ablation2_distill_lstm_student.py --dataset-npz Data/processed_data/weld_seam_windows_ws5_tf75_pg0_h1.npz --teacher-ckpt /home/huang_kai/wind_turbine_phm/PHOENIX-main/autoencoder_benchmark/ablation_experiments/h1/results/comparison_18d_baselines/lstm/lstm_weld_seam_windows_ws5_tf75_pg0_h1_h64_l2_bi_do0.3_ep80_lr0.0001_wd1e-05_bs128_seed42/best_model.pth --teacher-run-args /home/huang_kai/wind_turbine_phm/PHOENIX-main/autoencoder_benchmark/ablation_experiments/h1/results/comparison_18d_baselines/lstm/lstm_weld_seam_windows_ws5_tf75_pg0_h1_h64_l2_bi_do0.3_ep80_lr0.0001_wd1e-05_bs128_seed42/run_args.json --output-dir ablation_experiments/h1/results/run_20260327_131013/ablation2_teacher_student_lstm/students/ablation2_h1_scan90_run_20260327_131013/stage0/s0_l2_o1_c0 --epochs 80 --batch-size 128 --lr 0.00015 --weight-decay 1e-05 --seed 14 --num-workers 0 --checkpoint-metric test_acc --temperature 2.5 --lambda-ce 0.9 --lambda-kd 1.1 --lambda-feat 0.0 --student-lstm-layers 1 --student-lstm-dropout 0.2 --student-classifier-hidden 64 --student-classifier-dropout 0.3 --weighted-sampler --student-init-ckpt /home/huang_kai/wind_turbine_phm/PHOENIX-main/autoencoder_benchmark/ablation_experiments/h1/results/comparison_18d_baselines/lstm/lstm_weld_seam_windows_ws5_tf75_pg0_h1_h64_l2_bi_do0.3_ep80_lr0.0001_wd1e-05_bs128_seed42/best_model.pth --student-init-mode shape_safe
Command: /usr/bin/python /home/huang_kai/wind_turbine_phm/PHOENIX-main/autoencoder_benchmark/ablation_experiments/scripts/train_ablation2_distill_lstm_student.py --dataset-npz Data/processed_data/weld_seam_windows_ws5_tf75_pg0_h1.npz --teacher-ckpt /home/huang_kai/wind_turbine_phm/PHOENIX-main/autoencoder_benchmark/ablation_experiments/h1/results/comparison_18d_baselines/lstm/lstm_weld_seam_windows_ws5_tf75_pg0_h1_h64_l2_bi_do0.3_ep80_lr0.0001_wd1e-05_bs128_seed42/best_model.pth --teacher-run-args /home/huang_kai/wind_turbine_phm/PHOENIX-main/autoencoder_benchmark/ablation_experiments/h1/results/comparison_18d_baselines/lstm/lstm_weld_seam_windows_ws5_tf75_pg0_h1_h64_l2_bi_do0.3_ep80_lr0.0001_wd1e-05_bs128_seed42/run_args.json --output-dir ablation_experiments/h1/results/run_20260327_131013/ablation2_teacher_student_lstm/students/ablation2_h1_scan90_run_20260327_131013/stage0/s0_l2_o1_c1 --epochs 80 --batch-size 128 --lr 0.00015 --weight-decay 1e-05 --seed 14 --num-workers 0 --checkpoint-metric test_acc --temperature 2.5 --lambda-ce 0.9 --lambda-kd 1.1 --lambda-feat 0.0 --student-lstm-layers 2 --student-lstm-dropout 0.3 --student-classifier-hidden 64 --student-classifier-dropout 0.35 --weighted-sampler --student-init-ckpt /home/huang_kai/wind_turbine_phm/PHOENIX-main/autoencoder_benchmark/ablation_experiments/h1/results/comparison_18d_baselines/lstm/lstm_weld_seam_windows_ws5_tf75_pg0_h1_h64_l2_bi_do0.3_ep80_lr0.0001_wd1e-05_bs128_seed42/best_model.pth --student-init-mode shape_safe
Command: /usr/bin/python /home/huang_kai/wind_turbine_phm/PHOENIX-main/autoencoder_benchmark/ablation_experiments/scripts/train_ablation2_distill_lstm_student.py --dataset-npz Data/processed_data/weld_seam_windows_ws5_tf75_pg0_h1.npz --teacher-ckpt /home/huang_kai/wind_turbine_phm/PHOENIX-main/autoencoder_benchmark/ablation_experiments/h1/results/comparison_18d_baselines/lstm/lstm_weld_seam_windows_ws5_tf75_pg0_h1_h64_l2_bi_do0.3_ep80_lr0.0001_wd1e-05_bs128_seed42/best_model.pth --teacher-run-args /home/huang_kai/wind_turbine_phm/PHOENIX-main/autoencoder_benchmark/ablation_experiments/h1/results/comparison_18d_baselines/lstm/lstm_weld_seam_windows_ws5_tf75_pg0_h1_h64_l2_bi_do0.3_ep80_lr0.0001_wd1e-05_bs128_seed42/run_args.json --output-dir ablation_experiments/h1/results/run_20260327_131013/ablation2_teacher_student_lstm/students/ablation2_h1_scan90_run_20260327_131013/stage1/s1_l1_o0_c0 --epochs 80 --batch-size 128 --lr 0.0001 --weight-decay 1e-05 --seed 14 --num-workers 0 --checkpoint-metric test_acc --temperature 2.0 --lambda-ce 0.9 --lambda-kd 1.1 --lambda-feat 0.0 --student-lstm-layers 1 --student-lstm-dropout 0.2 --student-classifier-hidden 64 --student-classifier-dropout 0.3 --weighted-sampler --student-init-ckpt /home/huang_kai/wind_turbine_phm/PHOENIX-main/autoencoder_benchmark/ablation_experiments/h1/results/comparison_18d_baselines/lstm/lstm_weld_seam_windows_ws5_tf75_pg0_h1_h64_l2_bi_do0.3_ep80_lr0.0001_wd1e-05_bs128_seed42/best_model.pth --student-init-mode shape_safe
Command: /usr/bin/python /home/huang_kai/wind_turbine_phm/PHOENIX-main/autoencoder_benchmark/ablation_experiments/scripts/train_ablation2_distill_lstm_student.py --dataset-npz Data/processed_data/weld_seam_windows_ws5_tf75_pg0_h1.npz --teacher-ckpt /home/huang_kai/wind_turbine_phm/PHOENIX-main/autoencoder_benchmark/ablation_experiments/h1/results/comparison_18d_baselines/lstm/lstm_weld_seam_windows_ws5_tf75_pg0_h1_h64_l2_bi_do0.3_ep80_lr0.0001_wd1e-05_bs128_seed42/best_model.pth --teacher-run-args /home/huang_kai/wind_turbine_phm/PHOENIX-main/autoencoder_benchmark/ablation_experiments/h1/results/comparison_18d_baselines/lstm/lstm_weld_seam_windows_ws5_tf75_pg0_h1_h64_l2_bi_do0.3_ep80_lr0.0001_wd1e-05_bs128_seed42/run_args.json --output-dir ablation_experiments/h1/results/run_20260327_131013/ablation2_teacher_student_lstm/students/ablation2_h1_scan90_run_20260327_131013/stage1/s1_l1_o0_c1 --epochs 80 --batch-size 128 --lr 0.0001 --weight-decay 1e-05 --seed 14 --num-workers 0 --checkpoint-metric test_acc --temperature 2.0 --lambda-ce 0.9 --lambda-kd 1.1 --lambda-feat 0.0 --student-lstm-layers 2 --student-lstm-dropout 0.3 --student-classifier-hidden 64 --student-classifier-dropout 0.35 --weighted-sampler --student-init-ckpt /home/huang_kai/wind_turbine_phm/PHOENIX-main/autoencoder_benchmark/ablation_experiments/h1/results/comparison_18d_baselines/lstm/lstm_weld_seam_windows_ws5_tf75_pg0_h1_h64_l2_bi_do0.3_ep80_lr0.0001_wd1e-05_bs128_seed42/best_model.pth --student-init-mode shape_safe
Command: ================================================================================
Ablation-2 | Distill 13D LSTM student for future-step prediction
================================================================================
Dataset: Data/processed_data/weld_seam_windows_ws5_tf75_pg0_h1.npz
Teacher ckpt: /home/huang_kai/wind_turbine_phm/PHOENIX-main/autoencoder_benchmark/ablation_experiments/h1/results/comparison_18d_baselines/lstm/lstm_weld_seam_windows_ws5_tf75_pg0_h1_h64_l2_bi_do0.3_ep80_lr0.0001_wd1e-05_bs128_seed42/best_model.pth
Teacher run args: /home/huang_kai/wind_turbine_phm/PHOENIX-main/autoencoder_benchmark/ablation_experiments/h1/results/comparison_18d_baselines/lstm/lstm_weld_seam_windows_ws5_tf75_pg0_h1_h64_l2_bi_do0.3_ep80_lr0.0001_wd1e-05_bs128_seed42/run_args.json
Device: cuda
Train/Val/Test: 990 / 175 / 356
Input full/subset dims: 18 / 13
Dropped feature indices: [3, 4, 5, 6, 7]
Temperature: 2.0
Loss weights (ce/kd/feat): 0.9 / 1.1 / 0.0
Teacher init summary: {'init_mode': 'strict', 'loaded_keys': 20, 'skipped_keys': [], 'missing_model_keys': []}
Student init summary: {'init_mode': 'shape_safe', 'loaded_keys': 10, 'skipped_keys': ['lstm.bias_hh_l1', 'lstm.bias_hh_l1_reverse', 'lstm.bias_ih_l1', 'lstm.bias_ih_l1_reverse', 'lstm.weight_hh_l1', 'lstm.weight_hh_l1_reverse', 'lstm.weight_ih_l0', 'lstm.weight_ih_l0_reverse', 'lstm.weight_ih_l1', 'lstm.weight_ih_l1_reverse'], 'missing_model_keys': ['lstm.weight_ih_l0', 'lstm.weight_ih_l0_reverse']}
Epoch 001 | train=1.6058 (ce=0.9990, kd=0.6425, feat=0.0856) | val_acc=37.71% val_f1=0.3897 val_agree=38.86% | test_acc=50.56% test_agree=41.29%
Epoch 002 | train=1.5092 (ce=0.9437, kd=0.5999, feat=0.0864) | val_acc=49.71% val_f1=0.5156 val_agree=49.71% | test_acc=65.73% test_agree=56.46%
Epoch 003 | train=1.4069 (ce=0.8889, kd=0.5517, feat=0.0860) | val_acc=59.43% val_f1=0.5972 val_agree=59.43% | test_acc=72.19% test_agree=62.92%
Epoch 004 | train=1.3142 (ce=0.8392, kd=0.5081, feat=0.0856) | val_acc=69.71% val_f1=0.6744 val_agree=69.71% | test_acc=73.03% test_agree=64.33%
Epoch 005 | train=1.1822 (ce=0.8116, kd=0.4106, feat=0.0780) | val_acc=76.00% val_f1=0.7210 val_agree=76.00% | test_acc=73.31% test_agree=64.61%
Epoch 006 | train=1.0908 (ce=0.7651, kd=0.3656, feat=0.0771) | val_acc=80.57% val_f1=0.7564 val_agree=80.57% | test_acc=75.00% test_agree=66.29%
Epoch 007 | train=0.9922 (ce=0.7195, kd=0.3133, feat=0.0730) | val_acc=82.86% val_f1=0.7793 val_agree=82.86% | test_acc=75.28% test_agree=69.38%
Epoch 008 | train=0.9073 (ce=0.6656, kd=0.2802, feat=0.0751) | val_acc=84.00% val_f1=0.7852 val_agree=84.00% | test_acc=78.65% test_agree=74.44%
Epoch 009 | train=0.8195 (ce=0.6458, kd=0.2166, feat=0.0685) | val_acc=84.57% val_f1=0.7900 val_agree=84.57% | test_acc=81.46% test_agree=78.37%
Epoch 010 | train=0.7384 (ce=0.5974, kd=0.1825, feat=0.0684) | val_acc=86.86% val_f1=0.8186 val_agree=85.71% | test_acc=82.30% test_agree=79.78%
Epoch 011 | train=0.6675 (ce=0.5425, kd=0.1629, feat=0.0724) | val_acc=87.43% val_f1=0.8277 val_agree=86.29% | test_acc=82.30% test_agree=80.90%
Epoch 012 | train=0.6275 (ce=0.5425, kd=0.1265, feat=0.0671) | val_acc=89.14% val_f1=0.8545 val_agree=88.00% | test_acc=82.02% test_agree=80.62%
Epoch 013 | train=0.5730 (ce=0.5177, kd=0.0973, feat=0.0620) | val_acc=91.43% val_f1=0.8889 val_agree=90.29% | test_acc=83.71% test_agree=82.87%
Epoch 014 | train=0.5186 (ce=0.4731, kd=0.0843, feat=0.0627) | val_acc=93.14% val_f1=0.9141 val_agree=92.00% | test_acc=84.83% test_agree=85.11%
Epoch 015 | train=0.4763 (ce=0.4398, kd=0.0732, feat=0.0652) | val_acc=93.14% val_f1=0.9147 val_agree=93.14% | test_acc=85.67% test_agree=86.52%
Epoch 016 | train=0.4538 (ce=0.4203, kd=0.0687, feat=0.0646) | val_acc=94.29% val_f1=0.9292 val_agree=94.29% | test_acc=85.67% test_agree=86.52%
Epoch 017 | train=0.4274 (ce=0.4073, kd=0.0554, feat=0.0593) | val_acc=93.14% val_f1=0.9162 val_agree=94.29% | test_acc=84.27% test_agree=87.92%
Epoch 018 | train=0.3975 (ce=0.3808, kd=0.0498, feat=0.0595) | val_acc=94.29% val_f1=0.9323 val_agree=95.43% | test_acc=84.27% test_agree=89.04%
Epoch 019 | train=0.3638 (ce=0.3419, kd=0.0510, feat=0.0615) | val_acc=94.86% val_f1=0.9433 val_agree=97.14% | test_acc=83.71% test_agree=90.73%
Epoch 020 | train=0.3598 (ce=0.3360, kd=0.0522, feat=0.0596) | val_acc=95.43% val_f1=0.9514 val_agree=97.71% | test_acc=84.55% test_agree=91.01%
Epoch 021 | train=0.3419 (ce=0.3203, kd=0.0488, feat=0.0591) | val_acc=95.43% val_f1=0.9514 val_agree=97.71% | test_acc=85.39% test_agree=90.73%
Epoch 022 | train=0.3439 (ce=0.3228, kd=0.0486, feat=0.0591) | val_acc=95.43% val_f1=0.9514 val_agree=97.71% | test_acc=85.67% test_agree=91.57%
Epoch 023 | train=0.3318 (ce=0.2989, kd=0.0571, feat=0.0617) | val_acc=95.43% val_f1=0.9514 val_agree=97.71% | test_acc=87.08% test_agree=92.98%
Epoch 024 | train=0.3272 (ce=0.2963, kd=0.0550, feat=0.0598) | val_acc=95.43% val_f1=0.9514 val_agree=97.71% | test_acc=88.48% test_agree=93.82%
Epoch 025 | train=0.3236 (ce=0.2913, kd=0.0558, feat=0.0576) | val_acc=94.86% val_f1=0.9462 val_agree=97.14% | test_acc=88.48% test_agree=94.38%
Epoch 026 | train=0.3180 (ce=0.2870, kd=0.0542, feat=0.0612) | val_acc=94.86% val_f1=0.9462 val_agree=97.14% | test_acc=87.64% test_agree=94.10%
Epoch 027 | train=0.3084 (ce=0.2750, kd=0.0554, feat=0.0602) | val_acc=94.86% val_f1=0.9462 val_agree=97.14% | test_acc=87.64% test_agree=94.66%
Epoch 028 | train=0.3143 (ce=0.2812, kd=0.0557, feat=0.0609) | val_acc=94.86% val_f1=0.9462 val_agree=97.14% | test_acc=87.64% test_agree=94.66%
Epoch 029 | train=0.3003 (ce=0.2657, kd=0.0556, feat=0.0603) | val_acc=94.86% val_f1=0.9462 val_agree=97.14% | test_acc=87.64% test_agree=95.22%
Epoch 030 | train=0.2861 (ce=0.2514, kd=0.0543, feat=0.0622) | val_acc=94.86% val_f1=0.9462 val_agree=97.14% | test_acc=87.92% test_agree=95.51%
Epoch 031 | train=0.3032 (ce=0.2707, kd=0.0541, feat=0.0617) | val_acc=94.86% val_f1=0.9462 val_agree=97.14% | test_acc=87.92% test_agree=95.51%
Epoch 032 | train=0.3032 (ce=0.2729, kd=0.0524, feat=0.0574) | val_acc=94.86% val_f1=0.9462 val_agree=97.14% | test_acc=87.92% test_agree=95.51%
Epoch 033 | train=0.3037 (ce=0.2744, kd=0.0516, feat=0.0599) | val_acc=94.86% val_f1=0.9462 val_agree=97.14% | test_acc=87.64% test_agree=95.22%
Epoch 034 | train=0.2992 (ce=0.2661, kd=0.0542, feat=0.0581) | val_acc=94.86% val_f1=0.9462 val_agree=97.14% | test_acc=87.92% test_agree=94.94%
Epoch 035 | train=0.2711 (ce=0.2333, kd=0.0556, feat=0.0622) | val_acc=94.29% val_f1=0.9410 val_agree=96.57% | test_acc=87.92% test_agree=94.94%
Epoch 036 | train=0.2962 (ce=0.2610, kd=0.0558, feat=0.0609) | val_acc=94.29% val_f1=0.9410 val_agree=96.57% | test_acc=87.64% test_agree=94.66%
Epoch 037 | train=0.2776 (ce=0.2428, kd=0.0537, feat=0.0618) | val_acc=94.29% val_f1=0.9410 val_agree=96.57% | test_acc=88.20% test_agree=94.66%
Epoch 038 | train=0.2844 (ce=0.2487, kd=0.0551, feat=0.0604) | val_acc=94.29% val_f1=0.9410 val_agree=96.57% | test_acc=88.48% test_agree=94.94%
Epoch 039 | train=0.2815 (ce=0.2438, kd=0.0565, feat=0.0610) | val_acc=94.86% val_f1=0.9462 val_agree=97.14% | test_acc=88.48% test_agree=95.51%
Epoch 040 | train=0.2817 (ce=0.2475, kd=0.0535, feat=0.0593) | val_acc=94.86% val_f1=0.9462 val_agree=97.14% | test_acc=88.48% test_agree=95.51%
Early stopping at epoch 40 (best=24, score=0.884831)
================================================================================
Best epoch: 24
Best score (test_acc): 0.884831
Final test accuracy: 88.48%
Final test teacher agreement: 93.82%
Saved to: ablation_experiments/h1/results/run_20260327_131013/ablation2_teacher_student_lstm/students/ablation2_h1_scan90_run_20260327_131013/stage1/s1_l1_o1_c0/ablation2_distill_lstm_weld_seam_windows_ws5_tf75_pg0_h1_ep80_lr0.00015_bs128_T2.0_lce0.9_lkd1.1_lf0.0_seed14
================================================================================
Ablation-2 | Distill 13D LSTM student for future-step prediction
================================================================================
Dataset: Data/processed_data/weld_seam_windows_ws5_tf75_pg0_h1.npz
Teacher ckpt: /home/huang_kai/wind_turbine_phm/PHOENIX-main/autoencoder_benchmark/ablation_experiments/h1/results/comparison_18d_baselines/lstm/lstm_weld_seam_windows_ws5_tf75_pg0_h1_h64_l2_bi_do0.3_ep80_lr0.0001_wd1e-05_bs128_seed42/best_model.pth
Teacher run args: /home/huang_kai/wind_turbine_phm/PHOENIX-main/autoencoder_benchmark/ablation_experiments/h1/results/comparison_18d_baselines/lstm/lstm_weld_seam_windows_ws5_tf75_pg0_h1_h64_l2_bi_do0.3_ep80_lr0.0001_wd1e-05_bs128_seed42/run_args.json
Device: cuda
Train/Val/Test: 990 / 175 / 356
Input full/subset dims: 18 / 13
Dropped feature indices: [3, 4, 5, 6, 7]
Temperature: 2.0
Loss weights (ce/kd/feat): 0.9 / 1.1 / 0.0
Teacher init summary: {'init_mode': 'strict', 'loaded_keys': 20, 'skipped_keys': [], 'missing_model_keys': []}
Student init summary: {'init_mode': 'shape_safe', 'loaded_keys': 18, 'skipped_keys': ['lstm.weight_ih_l0', 'lstm.weight_ih_l0_reverse'], 'missing_model_keys': ['lstm.weight_ih_l0', 'lstm.weight_ih_l0_reverse']}
Epoch 001 | train=2.1847 (ce=1.2286, kd=0.9808, feat=0.0797) | val_acc=24.57% val_f1=0.1367 val_agree=26.86% | test_acc=33.43% test_agree=35.96%
Epoch 002 | train=1.8838 (ce=1.0915, kd=0.8195, feat=0.0734) | val_acc=26.29% val_f1=0.1685 val_agree=28.57% | test_acc=43.54% test_agree=46.07%
Epoch 003 | train=1.5529 (ce=0.9522, kd=0.6327, feat=0.0622) | val_acc=31.43% val_f1=0.2567 val_agree=33.71% | test_acc=52.81% test_agree=55.34%
Epoch 004 | train=1.3808 (ce=0.8489, kd=0.5607, feat=0.0625) | val_acc=57.14% val_f1=0.6194 val_agree=59.43% | test_acc=62.64% test_agree=65.17%
Epoch 005 | train=1.0923 (ce=0.7264, kd=0.3986, feat=0.0541) | val_acc=73.71% val_f1=0.7615 val_agree=76.00% | test_acc=77.53% test_agree=75.56%
Epoch 006 | train=0.8476 (ce=0.6328, kd=0.2528, feat=0.0435) | val_acc=78.86% val_f1=0.7634 val_agree=78.86% | test_acc=81.74% test_agree=78.09%
Epoch 007 | train=0.7212 (ce=0.6058, kd=0.1600, feat=0.0320) | val_acc=85.14% val_f1=0.8036 val_agree=85.14% | test_acc=84.83% test_agree=82.87%
Epoch 008 | train=0.5744 (ce=0.5021, kd=0.1113, feat=0.0314) | val_acc=88.57% val_f1=0.8469 val_agree=87.43% | test_acc=82.02% test_agree=80.62%
Epoch 009 | train=0.5235 (ce=0.4827, kd=0.0809, feat=0.0244) | val_acc=92.57% val_f1=0.9044 val_agree=90.29% | test_acc=80.34% test_agree=81.74%
Epoch 010 | train=0.4740 (ce=0.4561, kd=0.0577, feat=0.0211) | val_acc=94.29% val_f1=0.9307 val_agree=94.29% | test_acc=79.78% test_agree=83.99%
Epoch 011 | train=0.4253 (ce=0.4103, kd=0.0509, feat=0.0192) | val_acc=96.00% val_f1=0.9556 val_agree=96.00% | test_acc=77.81% test_agree=83.71%
Epoch 012 | train=0.4151 (ce=0.4035, kd=0.0472, feat=0.0170) | val_acc=96.57% val_f1=0.9610 val_agree=96.57% | test_acc=76.69% test_agree=84.83%
Epoch 013 | train=0.3633 (ce=0.3466, kd=0.0467, feat=0.0163) | val_acc=96.57% val_f1=0.9610 val_agree=96.57% | test_acc=79.49% test_agree=88.20%
Epoch 014 | train=0.3618 (ce=0.3376, kd=0.0527, feat=0.0139) | val_acc=96.57% val_f1=0.9615 val_agree=97.71% | test_acc=82.02% test_agree=91.29%
Epoch 015 | train=0.3341 (ce=0.3085, kd=0.0514, feat=0.0141) | val_acc=96.57% val_f1=0.9615 val_agree=97.71% | test_acc=82.02% test_agree=91.29%
Epoch 016 | train=0.3275 (ce=0.2945, kd=0.0567, feat=0.0148) | val_acc=96.57% val_f1=0.9615 val_agree=97.71% | test_acc=83.71% test_agree=92.98%
Epoch 017 | train=0.3223 (ce=0.2837, kd=0.0609, feat=0.0137) | val_acc=96.57% val_f1=0.9615 val_agree=97.71% | test_acc=84.55% test_agree=93.82%
Epoch 018 | train=0.3252 (ce=0.2866, kd=0.0611, feat=0.0128) | val_acc=96.57% val_f1=0.9615 val_agree=97.71% | test_acc=85.11% test_agree=94.38%
Epoch 019 | train=0.3178 (ce=0.2798, kd=0.0600, feat=0.0128) | val_acc=97.14% val_f1=0.9673 val_agree=98.29% | test_acc=85.11% test_agree=94.38%
Epoch 020 | train=0.3106 (ce=0.2698, kd=0.0616, feat=0.0130) | val_acc=97.14% val_f1=0.9673 val_agree=98.29% | test_acc=85.96% test_agree=95.22%
Epoch 021 | train=0.3169 (ce=0.2742, kd=0.0638, feat=0.0128) | val_acc=96.57% val_f1=0.9619 val_agree=97.71% | test_acc=87.08% test_agree=95.79%
Epoch 022 | train=0.3123 (ce=0.2691, kd=0.0637, feat=0.0129) | val_acc=96.57% val_f1=0.9619 val_agree=97.71% | test_acc=86.80% test_agree=95.51%
Epoch 023 | train=0.3105 (ce=0.2700, kd=0.0614, feat=0.0130) | val_acc=96.00% val_f1=0.9566 val_agree=98.29% | test_acc=86.24% test_agree=94.94%
Epoch 024 | train=0.3061 (ce=0.2676, kd=0.0594, feat=0.0135) | val_acc=96.00% val_f1=0.9566 val_agree=98.29% | test_acc=86.52% test_agree=95.22%
Epoch 025 | train=0.3000 (ce=0.2605, kd=0.0596, feat=0.0126) | val_acc=95.43% val_f1=0.9514 val_agree=97.71% | test_acc=87.92% test_agree=96.07%
Epoch 026 | train=0.2890 (ce=0.2460, kd=0.0614, feat=0.0133) | val_acc=96.00% val_f1=0.9566 val_agree=98.29% | test_acc=87.92% test_agree=96.07%
Epoch 027 | train=0.2796 (ce=0.2399, kd=0.0579, feat=0.0129) | val_acc=96.57% val_f1=0.9619 val_agree=97.71% | test_acc=87.64% test_agree=96.35%
Epoch 028 | train=0.2770 (ce=0.2380, kd=0.0571, feat=0.0132) | val_acc=96.57% val_f1=0.9619 val_agree=97.71% | test_acc=87.08% test_agree=95.79%
Epoch 029 | train=0.2912 (ce=0.2471, kd=0.0626, feat=0.0127) | val_acc=96.00% val_f1=0.9566 val_agree=98.29% | test_acc=88.20% test_agree=95.79%
Epoch 030 | train=0.2822 (ce=0.2372, kd=0.0625, feat=0.0132) | val_acc=95.43% val_f1=0.9514 val_agree=97.71% | test_acc=88.48% test_agree=96.07%
Epoch 031 | train=0.2855 (ce=0.2402, kd=0.0630, feat=0.0133) | val_acc=95.43% val_f1=0.9514 val_agree=97.71% | test_acc=88.20% test_agree=95.79%
Epoch 032 | train=0.2916 (ce=0.2472, kd=0.0628, feat=0.0125) | val_acc=96.57% val_f1=0.9619 val_agree=97.71% | test_acc=87.36% test_agree=95.51%
Epoch 033 | train=0.2881 (ce=0.2430, kd=0.0630, feat=0.0132) | val_acc=96.57% val_f1=0.9619 val_agree=97.71% | test_acc=87.92% test_agree=96.07%
Epoch 034 | train=0.2863 (ce=0.2443, kd=0.0604, feat=0.0120) | val_acc=96.57% val_f1=0.9619 val_agree=97.71% | test_acc=88.48% test_agree=96.07%
Epoch 035 | train=0.2719 (ce=0.2280, kd=0.0607, feat=0.0130) | val_acc=95.43% val_f1=0.9514 val_agree=97.71% | test_acc=88.48% test_agree=96.07%
Epoch 036 | train=0.2853 (ce=0.2420, kd=0.0613, feat=0.0126) | val_acc=95.43% val_f1=0.9514 val_agree=97.71% | test_acc=88.20% test_agree=95.79%
Epoch 037 | train=0.2782 (ce=0.2315, kd=0.0634, feat=0.0126) | val_acc=95.43% val_f1=0.9514 val_agree=97.71% | test_acc=88.48% test_agree=96.07%
Epoch 038 | train=0.2779 (ce=0.2363, kd=0.0593, feat=0.0120) | val_acc=95.43% val_f1=0.9514 val_agree=97.71% | test_acc=88.48% test_agree=96.07%
Epoch 039 | train=0.2915 (ce=0.2434, kd=0.0658, feat=0.0117) | val_acc=96.57% val_f1=0.9644 val_agree=97.71% | test_acc=89.04% test_agree=96.63%
Epoch 040 | train=0.2903 (ce=0.2468, kd=0.0620, feat=0.0118) | val_acc=98.29% val_f1=0.9807 val_agree=98.29% | test_acc=89.04% test_agree=96.63%
Epoch 041 | train=0.2764 (ce=0.2320, kd=0.0615, feat=0.0127) | val_acc=98.29% val_f1=0.9807 val_agree=98.29% | test_acc=88.48% test_agree=96.07%
Epoch 042 | train=0.2878 (ce=0.2451, kd=0.0612, feat=0.0125) | val_acc=98.29% val_f1=0.9807 val_agree=98.29% | test_acc=88.48% test_agree=96.07%
Epoch 043 | train=0.2839 (ce=0.2377, kd=0.0636, feat=0.0123) | val_acc=98.29% val_f1=0.9807 val_agree=98.29% | test_acc=87.92% test_agree=96.07%
Epoch 044 | train=0.2798 (ce=0.2386, kd=0.0592, feat=0.0122) | val_acc=98.29% val_f1=0.9807 val_agree=98.29% | test_acc=88.20% test_agree=96.35%
Epoch 045 | train=0.2710 (ce=0.2244, kd=0.0628, feat=0.0122) | val_acc=98.29% val_f1=0.9807 val_agree=98.29% | test_acc=89.04% test_agree=96.63%
Epoch 046 | train=0.2778 (ce=0.2361, kd=0.0594, feat=0.0122) | val_acc=98.29% val_f1=0.9807 val_agree=98.29% | test_acc=89.04% test_agree=96.63%
Epoch 047 | train=0.2682 (ce=0.2213, kd=0.0627, feat=0.0124) | val_acc=98.29% val_f1=0.9807 val_agree=98.29% | test_acc=89.04% test_agree=96.63%
Epoch 048 | train=0.2664 (ce=0.2199, kd=0.0623, feat=0.0128) | val_acc=98.29% val_f1=0.9807 val_agree=98.29% | test_acc=89.04% test_agree=96.63%
Epoch 049 | train=0.2679 (ce=0.2234, kd=0.0607, feat=0.0127) | val_acc=97.71% val_f1=0.9752 val_agree=97.71% | test_acc=88.48% test_agree=96.07%
Epoch 050 | train=0.2715 (ce=0.2283, kd=0.0600, feat=0.0125) | val_acc=97.71% val_f1=0.9752 val_agree=97.71% | test_acc=88.76% test_agree=96.35%
Epoch 051 | train=0.2784 (ce=0.2341, kd=0.0615, feat=0.0121) | val_acc=97.71% val_f1=0.9752 val_agree=97.71% | test_acc=89.04% test_agree=96.63%
Epoch 052 | train=0.2706 (ce=0.2262, kd=0.0610, feat=0.0124) | val_acc=97.71% val_f1=0.9752 val_agree=97.71% | test_acc=89.33% test_agree=96.91%
Epoch 053 | train=0.2717 (ce=0.2243, kd=0.0634, feat=0.0119) | val_acc=97.71% val_f1=0.9752 val_agree=97.71% | test_acc=89.04% test_agree=96.63%
Epoch 054 | train=0.2815 (ce=0.2392, kd=0.0603, feat=0.0120) | val_acc=98.29% val_f1=0.9807 val_agree=98.29% | test_acc=88.48% test_agree=96.07%
Epoch 055 | train=0.2672 (ce=0.2223, kd=0.0611, feat=0.0124) | val_acc=98.29% val_f1=0.9807 val_agree=98.29% | test_acc=88.48% test_agree=96.07%
Epoch 056 | train=0.2683 (ce=0.2236, kd=0.0609, feat=0.0119) | val_acc=98.29% val_f1=0.9807 val_agree=98.29% | test_acc=88.48% test_agree=96.07%
Epoch 057 | train=0.2710 (ce=0.2265, kd=0.0611, feat=0.0117) | val_acc=98.29% val_f1=0.9807 val_agree=98.29% | test_acc=88.48% test_agree=96.07%
Epoch 058 | train=0.2717 (ce=0.2246, kd=0.0632, feat=0.0121) | val_acc=98.29% val_f1=0.9807 val_agree=98.29% | test_acc=88.48% test_agree=96.07%
Epoch 059 | train=0.2749 (ce=0.2294, kd=0.0622, feat=0.0123) | val_acc=97.71% val_f1=0.9752 val_agree=97.71% | test_acc=88.48% test_agree=96.07%
Epoch 060 | train=0.2707 (ce=0.2238, kd=0.0630, feat=0.0122) | val_acc=97.71% val_f1=0.9752 val_agree=97.71% | test_acc=89.04% test_agree=96.63%
Epoch 061 | train=0.2726 (ce=0.2303, kd=0.0594, feat=0.0120) | val_acc=97.71% val_f1=0.9752 val_agree=97.71% | test_acc=89.04% test_agree=96.63%
Epoch 062 | train=0.2726 (ce=0.2269, kd=0.0622, feat=0.0123) | val_acc=98.29% val_f1=0.9807 val_agree=98.29% | test_acc=89.04% test_agree=96.63%
Epoch 063 | train=0.2779 (ce=0.2348, kd=0.0606, feat=0.0118) | val_acc=98.29% val_f1=0.9807 val_agree=98.29% | test_acc=89.04% test_agree=96.63%
Epoch 064 | train=0.2691 (ce=0.2244, kd=0.0610, feat=0.0116) | val_acc=98.29% val_f1=0.9807 val_agree=98.29% | test_acc=89.04% test_agree=96.63%
Epoch 065 | train=0.2811 (ce=0.2348, kd=0.0634, feat=0.0116) | val_acc=98.29% val_f1=0.9807 val_agree=98.29% | test_acc=89.04% test_agree=96.63%
Epoch 066 | train=0.2810 (ce=0.2318, kd=0.0658, feat=0.0115) | val_acc=98.29% val_f1=0.9807 val_agree=98.29% | test_acc=89.04% test_agree=96.63%
Epoch 067 | train=0.2698 (ce=0.2194, kd=0.0657, feat=0.0120) | val_acc=98.29% val_f1=0.9807 val_agree=98.29% | test_acc=89.04% test_agree=96.63%
Epoch 068 | train=0.2681 (ce=0.2236, kd=0.0608, feat=0.0119) | val_acc=98.29% val_f1=0.9807 val_agree=98.29% | test_acc=89.04% test_agree=96.63%
Early stopping at epoch 68 (best=52, score=0.893258)
================================================================================
Best epoch: 52
Best score (test_acc): 0.893258
Final test accuracy: 89.33%
Final test teacher agreement: 96.91%
Saved to: ablation_experiments/h1/results/run_20260327_131013/ablation2_teacher_student_lstm/students/ablation2_h1_scan90_run_20260327_131013/stage1/s1_l1_o1_c1/ablation2_distill_lstm_weld_seam_windows_ws5_tf75_pg0_h1_ep80_lr0.00015_bs128_T2.0_lce0.9_lkd1.1_lf0.0_seed14
================================================================================
Ablation-2 | Distill 13D LSTM student for future-step prediction
================================================================================
Dataset: Data/processed_data/weld_seam_windows_ws5_tf75_pg0_h1.npz
Teacher ckpt: /home/huang_kai/wind_turbine_phm/PHOENIX-main/autoencoder_benchmark/ablation_experiments/h1/results/comparison_18d_baselines/lstm/lstm_weld_seam_windows_ws5_tf75_pg0_h1_h64_l2_bi_do0.3_ep80_lr0.0001_wd1e-05_bs128_seed42/best_model.pth
Teacher run args: /home/huang_kai/wind_turbine_phm/PHOENIX-main/autoencoder_benchmark/ablation_experiments/h1/results/comparison_18d_baselines/lstm/lstm_weld_seam_windows_ws5_tf75_pg0_h1_h64_l2_bi_do0.3_ep80_lr0.0001_wd1e-05_bs128_seed42/run_args.json
Device: cuda
Train/Val/Test: 990 / 175 / 356
Input full/subset dims: 18 / 13
Dropped feature indices: [3, 4, 5, 6, 7]
Temperature: 2.0
Loss weights (ce/kd/feat): 0.9 / 1.1 / 0.0
Teacher init summary: {'init_mode': 'strict', 'loaded_keys': 20, 'skipped_keys': [], 'missing_model_keys': []}
Student init summary: {'init_mode': 'shape_safe', 'loaded_keys': 10, 'skipped_keys': ['lstm.bias_hh_l1', 'lstm.bias_hh_l1_reverse', 'lstm.bias_ih_l1', 'lstm.bias_ih_l1_reverse', 'lstm.weight_hh_l1', 'lstm.weight_hh_l1_reverse', 'lstm.weight_ih_l0', 'lstm.weight_ih_l0_reverse', 'lstm.weight_ih_l1', 'lstm.weight_ih_l1_reverse'], 'missing_model_keys': ['lstm.weight_ih_l0', 'lstm.weight_ih_l0_reverse']}
Epoch 001 | train=1.5891 (ce=0.9913, kd=0.6336, feat=0.0853) | val_acc=40.57% val_f1=0.4224 val_agree=40.57% | test_acc=56.18% test_agree=46.91%
Epoch 002 | train=1.4562 (ce=0.9197, kd=0.5713, feat=0.0853) | val_acc=56.57% val_f1=0.5745 val_agree=56.57% | test_acc=71.91% test_agree=62.64%
Epoch 003 | train=1.3195 (ce=0.8502, kd=0.5039, feat=0.0841) | val_acc=69.14% val_f1=0.6702 val_agree=69.14% | test_acc=73.03% test_agree=64.33%
Epoch 004 | train=1.1932 (ce=0.7862, kd=0.4415, feat=0.0830) | val_acc=78.29% val_f1=0.7385 val_agree=78.29% | test_acc=73.60% test_agree=64.89%
Epoch 005 | train=1.0447 (ce=0.7528, kd=0.3337, feat=0.0749) | val_acc=81.71% val_f1=0.7656 val_agree=81.71% | test_acc=75.28% test_agree=67.70%
Epoch 006 | train=0.9291 (ce=0.6936, kd=0.2772, feat=0.0734) | val_acc=84.00% val_f1=0.7852 val_agree=84.00% | test_acc=78.37% test_agree=74.16%
Epoch 007 | train=0.8153 (ce=0.6378, kd=0.2193, feat=0.0690) | val_acc=85.14% val_f1=0.7949 val_agree=85.14% | test_acc=81.18% test_agree=78.65%
Epoch 008 | train=0.7095 (ce=0.5730, kd=0.1762, feat=0.0703) | val_acc=87.43% val_f1=0.8277 val_agree=86.29% | test_acc=82.02% test_agree=79.49%
Epoch 009 | train=0.6294 (ce=0.5488, kd=0.1232, feat=0.0640) | val_acc=90.29% val_f1=0.8685 val_agree=89.14% | test_acc=82.30% test_agree=80.90%
Epoch 010 | train=0.5552 (ce=0.4961, kd=0.0988, feat=0.0637) | val_acc=92.57% val_f1=0.9028 val_agree=91.43% | test_acc=84.55% test_agree=83.71%
Epoch 011 | train=0.4880 (ce=0.4393, kd=0.0842, feat=0.0672) | val_acc=93.14% val_f1=0.9141 val_agree=92.00% | test_acc=85.39% test_agree=85.67%
Epoch 012 | train=0.4575 (ce=0.4291, kd=0.0648, feat=0.0625) | val_acc=94.29% val_f1=0.9292 val_agree=94.29% | test_acc=86.24% test_agree=87.08%
Epoch 013 | train=0.4280 (ce=0.4091, kd=0.0543, feat=0.0580) | val_acc=93.14% val_f1=0.9162 val_agree=94.29% | test_acc=85.11% test_agree=88.76%
Epoch 014 | train=0.3822 (ce=0.3582, kd=0.0544, feat=0.0589) | val_acc=94.29% val_f1=0.9352 val_agree=96.57% | test_acc=84.55% test_agree=89.89%
Epoch 015 | train=0.3641 (ce=0.3408, kd=0.0521, feat=0.0616) | val_acc=95.43% val_f1=0.9514 val_agree=97.71% | test_acc=85.39% test_agree=90.73%
Epoch 016 | train=0.3513 (ce=0.3222, kd=0.0557, feat=0.0614) | val_acc=95.43% val_f1=0.9514 val_agree=97.71% | test_acc=85.96% test_agree=90.73%
Epoch 017 | train=0.3485 (ce=0.3196, kd=0.0553, feat=0.0570) | val_acc=95.43% val_f1=0.9514 val_agree=97.71% | test_acc=86.24% test_agree=92.13%
Epoch 018 | train=0.3280 (ce=0.3009, kd=0.0520, feat=0.0577) | val_acc=96.00% val_f1=0.9566 val_agree=97.14% | test_acc=86.80% test_agree=93.26%
Epoch 019 | train=0.3039 (ce=0.2675, kd=0.0574, feat=0.0600) | val_acc=96.00% val_f1=0.9566 val_agree=97.14% | test_acc=86.80% test_agree=94.38%
Epoch 020 | train=0.3099 (ce=0.2745, kd=0.0572, feat=0.0586) | val_acc=94.86% val_f1=0.9462 val_agree=97.14% | test_acc=87.36% test_agree=94.94%
Epoch 021 | train=0.3001 (ce=0.2670, kd=0.0543, feat=0.0584) | val_acc=94.86% val_f1=0.9462 val_agree=97.14% | test_acc=87.92% test_agree=94.94%
Epoch 022 | train=0.3072 (ce=0.2758, kd=0.0536, feat=0.0587) | val_acc=95.43% val_f1=0.9514 val_agree=96.57% | test_acc=87.92% test_agree=95.51%
Epoch 023 | train=0.2940 (ce=0.2557, kd=0.0581, feat=0.0615) | val_acc=95.43% val_f1=0.9514 val_agree=96.57% | test_acc=88.48% test_agree=96.07%
Epoch 024 | train=0.2957 (ce=0.2605, kd=0.0557, feat=0.0597) | val_acc=96.00% val_f1=0.9566 val_agree=97.14% | test_acc=88.76% test_agree=96.35%
Epoch 025 | train=0.2944 (ce=0.2586, kd=0.0561, feat=0.0576) | val_acc=95.43% val_f1=0.9514 val_agree=96.57% | test_acc=88.20% test_agree=95.79%
Epoch 026 | train=0.2876 (ce=0.2552, kd=0.0527, feat=0.0613) | val_acc=95.43% val_f1=0.9514 val_agree=96.57% | test_acc=88.20% test_agree=95.79%
Epoch 027 | train=0.2825 (ce=0.2462, kd=0.0554, feat=0.0603) | val_acc=96.00% val_f1=0.9590 val_agree=96.00% | test_acc=88.48% test_agree=96.07%
Epoch 028 | train=0.2868 (ce=0.2509, kd=0.0554, feat=0.0611) | val_acc=96.00% val_f1=0.9590 val_agree=96.00% | test_acc=88.76% test_agree=96.35%
Epoch 029 | train=0.2786 (ce=0.2406, kd=0.0564, feat=0.0606) | val_acc=96.00% val_f1=0.9590 val_agree=96.00% | test_acc=88.76% test_agree=96.35%
Epoch 030 | train=0.2645 (ce=0.2275, kd=0.0543, feat=0.0625) | val_acc=96.57% val_f1=0.9644 val_agree=96.57% | test_acc=88.76% test_agree=96.35%
Epoch 031 | train=0.2819 (ce=0.2480, kd=0.0534, feat=0.0619) | val_acc=96.57% val_f1=0.9644 val_agree=96.57% | test_acc=89.33% test_agree=96.35%
Epoch 032 | train=0.2823 (ce=0.2484, kd=0.0534, feat=0.0576) | val_acc=95.43% val_f1=0.9538 val_agree=96.57% | test_acc=89.33% test_agree=96.35%
Epoch 033 | train=0.2817 (ce=0.2495, kd=0.0520, feat=0.0603) | val_acc=95.43% val_f1=0.9538 val_agree=96.57% | test_acc=88.20% test_agree=95.22%
Epoch 034 | train=0.2795 (ce=0.2436, kd=0.0548, feat=0.0584) | val_acc=94.86% val_f1=0.9485 val_agree=96.00% | test_acc=88.48% test_agree=94.94%
Epoch 035 | train=0.2547 (ce=0.2147, kd=0.0558, feat=0.0624) | val_acc=94.86% val_f1=0.9485 val_agree=96.00% | test_acc=88.48% test_agree=94.94%
Epoch 036 | train=0.2782 (ce=0.2399, kd=0.0566, feat=0.0612) | val_acc=95.43% val_f1=0.9538 val_agree=96.57% | test_acc=88.20% test_agree=94.66%
Epoch 037 | train=0.2607 (ce=0.2224, kd=0.0550, feat=0.0621) | val_acc=95.43% val_f1=0.9538 val_agree=96.57% | test_acc=89.04% test_agree=95.51%
Epoch 038 | train=0.2693 (ce=0.2301, kd=0.0566, feat=0.0607) | val_acc=95.43% val_f1=0.9538 val_agree=96.57% | test_acc=89.33% test_agree=95.79%
Epoch 039 | train=0.2672 (ce=0.2268, kd=0.0574, feat=0.0613) | val_acc=96.57% val_f1=0.9644 val_agree=97.71% | test_acc=88.76% test_agree=95.79%
Epoch 040 | train=0.2674 (ce=0.2310, kd=0.0541, feat=0.0595) | val_acc=97.14% val_f1=0.9697 val_agree=97.14% | test_acc=88.48% test_agree=95.51%
Epoch 041 | train=0.2649 (ce=0.2280, kd=0.0542, feat=0.0603) | val_acc=97.14% val_f1=0.9697 val_agree=97.14% | test_acc=88.48% test_agree=95.51%
Epoch 042 | train=0.2782 (ce=0.2427, kd=0.0543, feat=0.0575) | val_acc=97.14% val_f1=0.9697 val_agree=97.14% | test_acc=89.04% test_agree=96.07%
Epoch 043 | train=0.2783 (ce=0.2441, kd=0.0533, feat=0.0602) | val_acc=97.14% val_f1=0.9697 val_agree=97.14% | test_acc=89.33% test_agree=96.35%
Epoch 044 | train=0.2673 (ce=0.2294, kd=0.0553, feat=0.0607) | val_acc=97.14% val_f1=0.9697 val_agree=97.14% | test_acc=89.33% test_agree=96.35%
Epoch 045 | train=0.2584 (ce=0.2244, kd=0.0513, feat=0.0621) | val_acc=97.14% val_f1=0.9697 val_agree=97.14% | test_acc=89.33% test_agree=96.35%
Epoch 046 | train=0.2711 (ce=0.2319, kd=0.0567, feat=0.0605) | val_acc=97.14% val_f1=0.9697 val_agree=97.14% | test_acc=88.48% test_agree=95.51%
Epoch 047 | train=0.2746 (ce=0.2343, kd=0.0579, feat=0.0585) | val_acc=97.14% val_f1=0.9697 val_agree=97.14% | test_acc=88.76% test_agree=95.79%
Early stopping at epoch 47 (best=31, score=0.893258)
================================================================================
Best epoch: 31
Best score (test_acc): 0.893258
Final test accuracy: 89.33%
Final test teacher agreement: 96.35%
Saved to: ablation_experiments/h1/results/run_20260327_131013/ablation2_teacher_student_lstm/students/ablation2_h1_scan90_run_20260327_131013/stage1/s1_l1_o2_c0/ablation2_distill_lstm_weld_seam_windows_ws5_tf75_pg0_h1_ep80_lr0.0002_bs128_T2.0_lce0.9_lkd1.1_lf0.0_seed14
================================================================================
Ablation-2 | Distill 13D LSTM student for future-step prediction
================================================================================
Dataset: Data/processed_data/weld_seam_windows_ws5_tf75_pg0_h1.npz
Teacher ckpt: /home/huang_kai/wind_turbine_phm/PHOENIX-main/autoencoder_benchmark/ablation_experiments/h1/results/comparison_18d_baselines/lstm/lstm_weld_seam_windows_ws5_tf75_pg0_h1_h64_l2_bi_do0.3_ep80_lr0.0001_wd1e-05_bs128_seed42/best_model.pth
Teacher run args: /home/huang_kai/wind_turbine_phm/PHOENIX-main/autoencoder_benchmark/ablation_experiments/h1/results/comparison_18d_baselines/lstm/lstm_weld_seam_windows_ws5_tf75_pg0_h1_h64_l2_bi_do0.3_ep80_lr0.0001_wd1e-05_bs128_seed42/run_args.json
Device: cuda
Train/Val/Test: 990 / 175 / 356
Input full/subset dims: 18 / 13
Dropped feature indices: [3, 4, 5, 6, 7]
Temperature: 2.0
Loss weights (ce/kd/feat): 0.9 / 1.1 / 0.0
Teacher init summary: {'init_mode': 'strict', 'loaded_keys': 20, 'skipped_keys': [], 'missing_model_keys': []}
Student init summary: {'init_mode': 'shape_safe', 'loaded_keys': 18, 'skipped_keys': ['lstm.weight_ih_l0', 'lstm.weight_ih_l0_reverse'], 'missing_model_keys': ['lstm.weight_ih_l0', 'lstm.weight_ih_l0_reverse']}
Epoch 001 | train=2.1427 (ce=1.2087, kd=0.9590, feat=0.0789) | val_acc=25.14% val_f1=0.1443 val_agree=27.43% | test_acc=34.27% test_agree=36.80%
Epoch 002 | train=1.7591 (ce=1.0335, kd=0.7536, feat=0.0707) | val_acc=30.29% val_f1=0.2432 val_agree=32.57% | test_acc=49.16% test_agree=51.69%
Epoch 003 | train=1.3671 (ce=0.8666, kd=0.5338, feat=0.0574) | val_acc=54.29% val_f1=0.5901 val_agree=56.57% | test_acc=60.67% test_agree=63.20%
Epoch 004 | train=1.0999 (ce=0.7283, kd=0.4041, feat=0.0538) | val_acc=77.14% val_f1=0.7831 val_agree=77.14% | test_acc=78.93% test_agree=75.84%
Epoch 005 | train=0.8222 (ce=0.6292, kd=0.2326, feat=0.0416) | val_acc=81.71% val_f1=0.7709 val_agree=81.71% | test_acc=81.46% test_agree=78.37%
Epoch 006 | train=0.6664 (ce=0.5759, kd=0.1347, feat=0.0301) | val_acc=85.14% val_f1=0.8003 val_agree=85.14% | test_acc=83.71% test_agree=81.74%
Epoch 007 | train=0.5702 (ce=0.5281, kd=0.0863, feat=0.0222) | val_acc=93.14% val_f1=0.9129 val_agree=90.86% | test_acc=80.34% test_agree=81.74%
Epoch 008 | train=0.4422 (ce=0.4174, kd=0.0604, feat=0.0239) | val_acc=94.86% val_f1=0.9390 val_agree=94.86% | test_acc=79.21% test_agree=83.99%
Epoch 009 | train=0.4130 (ce=0.3948, kd=0.0525, feat=0.0190) | val_acc=96.57% val_f1=0.9610 val_agree=96.57% | test_acc=77.53% test_agree=83.99%
Epoch 010 | train=0.3833 (ce=0.3702, kd=0.0455, feat=0.0154) | val_acc=96.57% val_f1=0.9610 val_agree=96.57% | test_acc=76.69% test_agree=85.39%
Epoch 011 | train=0.3532 (ce=0.3295, kd=0.0515, feat=0.0137) | val_acc=97.14% val_f1=0.9669 val_agree=97.14% | test_acc=81.74% test_agree=91.01%
Epoch 012 | train=0.3577 (ce=0.3273, kd=0.0573, feat=0.0128) | val_acc=96.57% val_f1=0.9615 val_agree=97.71% | test_acc=82.87% test_agree=92.13%
Epoch 013 | train=0.3224 (ce=0.2846, kd=0.0603, feat=0.0134) | val_acc=97.14% val_f1=0.9673 val_agree=98.29% | test_acc=83.99% test_agree=93.26%
Epoch 014 | train=0.3280 (ce=0.2839, kd=0.0659, feat=0.0124) | val_acc=96.57% val_f1=0.9619 val_agree=97.71% | test_acc=85.67% test_agree=94.94%
Epoch 015 | train=0.3049 (ce=0.2664, kd=0.0592, feat=0.0128) | val_acc=97.14% val_f1=0.9673 val_agree=98.29% | test_acc=85.67% test_agree=94.94%
Epoch 016 | train=0.2993 (ce=0.2593, kd=0.0600, feat=0.0140) | val_acc=97.14% val_f1=0.9673 val_agree=98.29% | test_acc=85.96% test_agree=95.22%
Epoch 017 | train=0.2994 (ce=0.2554, kd=0.0632, feat=0.0130) | val_acc=96.57% val_f1=0.9619 val_agree=97.71% | test_acc=86.52% test_agree=95.22%
Epoch 018 | train=0.3037 (ce=0.2630, kd=0.0609, feat=0.0123) | val_acc=96.57% val_f1=0.9619 val_agree=97.71% | test_acc=86.80% test_agree=95.51%
Epoch 019 | train=0.2969 (ce=0.2578, kd=0.0590, feat=0.0123) | val_acc=97.14% val_f1=0.9673 val_agree=98.29% | test_acc=86.24% test_agree=94.94%
Epoch 020 | train=0.2899 (ce=0.2476, kd=0.0610, feat=0.0125) | val_acc=96.57% val_f1=0.9619 val_agree=97.71% | test_acc=87.08% test_agree=95.79%
Epoch 021 | train=0.2980 (ce=0.2538, kd=0.0632, feat=0.0122) | val_acc=96.57% val_f1=0.9619 val_agree=97.71% | test_acc=87.64% test_agree=96.35%
Epoch 022 | train=0.2953 (ce=0.2502, kd=0.0637, feat=0.0123) | val_acc=95.43% val_f1=0.9514 val_agree=97.71% | test_acc=88.20% test_agree=95.79%
Epoch 023 | train=0.2953 (ce=0.2521, kd=0.0623, feat=0.0123) | val_acc=95.43% val_f1=0.9514 val_agree=97.71% | test_acc=88.20% test_agree=95.79%
Epoch 024 | train=0.2924 (ce=0.2507, kd=0.0607, feat=0.0127) | val_acc=95.43% val_f1=0.9514 val_agree=97.71% | test_acc=88.48% test_agree=96.07%
Epoch 025 | train=0.2851 (ce=0.2427, kd=0.0606, feat=0.0117) | val_acc=96.00% val_f1=0.9590 val_agree=97.14% | test_acc=89.04% test_agree=96.63%
Epoch 026 | train=0.2762 (ce=0.2314, kd=0.0618, feat=0.0126) | val_acc=97.14% val_f1=0.9697 val_agree=97.14% | test_acc=88.76% test_agree=96.35%
Epoch 027 | train=0.2680 (ce=0.2259, kd=0.0588, feat=0.0121) | val_acc=97.71% val_f1=0.9752 val_agree=97.71% | test_acc=88.76% test_agree=96.35%
Epoch 028 | train=0.2649 (ce=0.2231, kd=0.0583, feat=0.0124) | val_acc=97.71% val_f1=0.9727 val_agree=98.86% | test_acc=87.92% test_agree=95.51%
Epoch 029 | train=0.2792 (ce=0.2322, kd=0.0638, feat=0.0121) | val_acc=96.57% val_f1=0.9644 val_agree=97.71% | test_acc=88.48% test_agree=96.07%
Epoch 030 | train=0.2701 (ce=0.2224, kd=0.0636, feat=0.0124) | val_acc=96.00% val_f1=0.9590 val_agree=97.14% | test_acc=88.48% test_agree=96.07%
Epoch 031 | train=0.2750 (ce=0.2271, kd=0.0642, feat=0.0126) | val_acc=97.71% val_f1=0.9752 val_agree=97.71% | test_acc=88.20% test_agree=95.79%
Epoch 032 | train=0.2803 (ce=0.2339, kd=0.0635, feat=0.0118) | val_acc=98.29% val_f1=0.9807 val_agree=98.29% | test_acc=87.36% test_agree=96.07%
Epoch 033 | train=0.2763 (ce=0.2296, kd=0.0633, feat=0.0124) | val_acc=98.29% val_f1=0.9807 val_agree=98.29% | test_acc=88.20% test_agree=96.91%
Epoch 034 | train=0.2771 (ce=0.2320, kd=0.0620, feat=0.0115) | val_acc=98.29% val_f1=0.9807 val_agree=98.29% | test_acc=89.04% test_agree=96.63%
Epoch 035 | train=0.2623 (ce=0.2153, kd=0.0622, feat=0.0125) | val_acc=97.71% val_f1=0.9752 val_agree=97.71% | test_acc=88.48% test_agree=96.07%
Epoch 036 | train=0.2749 (ce=0.2285, kd=0.0630, feat=0.0120) | val_acc=97.71% val_f1=0.9752 val_agree=97.71% | test_acc=88.48% test_agree=96.07%
Epoch 037 | train=0.2694 (ce=0.2190, kd=0.0657, feat=0.0120) | val_acc=97.14% val_f1=0.9697 val_agree=98.29% | test_acc=88.76% test_agree=96.35%
Epoch 038 | train=0.2684 (ce=0.2251, kd=0.0598, feat=0.0115) | val_acc=97.71% val_f1=0.9752 val_agree=97.71% | test_acc=89.04% test_agree=96.63%
Epoch 039 | train=0.2818 (ce=0.2318, kd=0.0666, feat=0.0112) | val_acc=98.29% val_f1=0.9807 val_agree=98.29% | test_acc=89.04% test_agree=96.63%
Epoch 040 | train=0.2797 (ce=0.2348, kd=0.0622, feat=0.0114) | val_acc=98.29% val_f1=0.9807 val_agree=98.29% | test_acc=88.20% test_agree=96.91%
Epoch 041 | train=0.2679 (ce=0.2209, kd=0.0628, feat=0.0123) | val_acc=98.29% val_f1=0.9807 val_agree=98.29% | test_acc=88.20% test_agree=96.91%
Early stopping at epoch 41 (best=25, score=0.890449)
================================================================================
Best epoch: 25
Best score (test_acc): 0.890449
Final test accuracy: 89.04%
Final test teacher agreement: 96.63%
Saved to: ablation_experiments/h1/results/run_20260327_131013/ablation2_teacher_student_lstm/students/ablation2_h1_scan90_run_20260327_131013/stage1/s1_l1_o2_c1/ablation2_distill_lstm_weld_seam_windows_ws5_tf75_pg0_h1_ep80_lr0.0002_bs128_T2.0_lce0.9_lkd1.1_lf0.0_seed14
================================================================================
Ablation-2 | Distill 13D LSTM student for future-step prediction
================================================================================
Dataset: Data/processed_data/weld_seam_windows_ws5_tf75_pg0_h1.npz
Teacher ckpt: /home/huang_kai/wind_turbine_phm/PHOENIX-main/autoencoder_benchmark/ablation_experiments/h1/results/comparison_18d_baselines/lstm/lstm_weld_seam_windows_ws5_tf75_pg0_h1_h64_l2_bi_do0.3_ep80_lr0.0001_wd1e-05_bs128_seed42/best_model.pth
Teacher run args: /home/huang_kai/wind_turbine_phm/PHOENIX-main/autoencoder_benchmark/ablation_experiments/h1/results/comparison_18d_baselines/lstm/lstm_weld_seam_windows_ws5_tf75_pg0_h1_h64_l2_bi_do0.3_ep80_lr0.0001_wd1e-05_bs128_seed42/run_args.json
Device: cuda
Train/Val/Test: 990 / 175 / 356
Input full/subset dims: 18 / 13
Dropped feature indices: [3, 4, 5, 6, 7]
Temperature: 2.0
Loss weights (ce/kd/feat): 0.9 / 1.1 / 0.0
Teacher init summary: {'init_mode': 'strict', 'loaded_keys': 20, 'skipped_keys': [], 'missing_model_keys': []}
Student init summary: {'init_mode': 'shape_safe', 'loaded_keys': 10, 'skipped_keys': ['lstm.bias_hh_l1', 'lstm.bias_hh_l1_reverse', 'lstm.bias_ih_l1', 'lstm.bias_ih_l1_reverse', 'lstm.weight_hh_l1', 'lstm.weight_hh_l1_reverse', 'lstm.weight_ih_l0', 'lstm.weight_ih_l0_reverse', 'lstm.weight_ih_l1', 'lstm.weight_ih_l1_reverse'], 'missing_model_keys': ['lstm.weight_ih_l0', 'lstm.weight_ih_l0_reverse']}
Epoch 001 | train=1.4700 (ce=0.9950, kd=0.5223, feat=0.0687) | val_acc=60.57% val_f1=0.6135 val_agree=60.57% | test_acc=72.19% test_agree=62.92%
Epoch 002 | train=1.2670 (ce=0.8973, kd=0.4176, feat=0.0649) | val_acc=82.29% val_f1=0.7664 val_agree=82.29% | test_acc=73.60% test_agree=68.26%
Epoch 003 | train=1.0817 (ce=0.8034, kd=0.3260, feat=0.0621) | val_acc=85.71% val_f1=0.7912 val_agree=83.43% | test_acc=74.44% test_agree=71.91%
Epoch 004 | train=0.9131 (ce=0.7161, kd=0.2443, feat=0.0594) | val_acc=84.57% val_f1=0.7725 val_agree=82.29% | test_acc=81.18% test_agree=78.65%
Epoch 005 | train=0.7635 (ce=0.6288, kd=0.1796, feat=0.0566) | val_acc=85.14% val_f1=0.7829 val_agree=82.86% | test_acc=83.43% test_agree=80.90%
Epoch 006 | train=0.6525 (ce=0.5578, kd=0.1368, feat=0.0547) | val_acc=88.00% val_f1=0.8268 val_agree=85.71% | test_acc=83.71% test_agree=81.74%
Epoch 007 | train=0.5701 (ce=0.5064, kd=0.1039, feat=0.0523) | val_acc=90.29% val_f1=0.8664 val_agree=88.00% | test_acc=83.71% test_agree=82.30%
Epoch 008 | train=0.4977 (ce=0.4545, kd=0.0806, feat=0.0505) | val_acc=93.71% val_f1=0.9184 val_agree=91.43% | test_acc=84.83% test_agree=83.99%
Epoch 009 | train=0.4439 (ce=0.4110, kd=0.0673, feat=0.0490) | val_acc=94.29% val_f1=0.9258 val_agree=94.29% | test_acc=86.24% test_agree=89.33%
Epoch 010 | train=0.4067 (ce=0.3810, kd=0.0580, feat=0.0476) | val_acc=95.43% val_f1=0.9423 val_agree=95.43% | test_acc=87.64% test_agree=93.54%
Epoch 011 | train=0.3748 (ce=0.3545, kd=0.0507, feat=0.0469) | val_acc=96.57% val_f1=0.9592 val_agree=97.71% | test_acc=88.20% test_agree=95.79%
Epoch 012 | train=0.3507 (ce=0.3279, kd=0.0506, feat=0.0464) | val_acc=97.14% val_f1=0.9673 val_agree=98.29% | test_acc=88.48% test_agree=96.07%
Epoch 013 | train=0.3400 (ce=0.3107, kd=0.0548, feat=0.0461) | val_acc=97.14% val_f1=0.9673 val_agree=98.29% | test_acc=86.80% test_agree=96.07%
Epoch 014 | train=0.3242 (ce=0.2882, kd=0.0589, feat=0.0461) | val_acc=97.14% val_f1=0.9673 val_agree=98.29% | test_acc=85.96% test_agree=95.22%
Epoch 015 | train=0.3238 (ce=0.2874, kd=0.0593, feat=0.0463) | val_acc=97.14% val_f1=0.9673 val_agree=98.29% | test_acc=87.64% test_agree=96.35%
Epoch 016 | train=0.3173 (ce=0.2878, kd=0.0530, feat=0.0463) | val_acc=97.14% val_f1=0.9673 val_agree=98.29% | test_acc=86.80% test_agree=96.07%
Epoch 017 | train=0.3072 (ce=0.2767, kd=0.0529, feat=0.0466) | val_acc=97.14% val_f1=0.9673 val_agree=98.29% | test_acc=86.52% test_agree=95.79%
Epoch 018 | train=0.3032 (ce=0.2707, kd=0.0541, feat=0.0468) | val_acc=97.14% val_f1=0.9673 val_agree=98.29% | test_acc=87.92% test_agree=97.19%
Epoch 019 | train=0.2978 (ce=0.2662, kd=0.0529, feat=0.0468) | val_acc=97.14% val_f1=0.9673 val_agree=98.29% | test_acc=86.52% test_agree=95.22%
Epoch 020 | train=0.2938 (ce=0.2602, kd=0.0542, feat=0.0472) | val_acc=97.14% val_f1=0.9673 val_agree=98.29% | test_acc=86.52% test_agree=95.22%
Epoch 021 | train=0.2974 (ce=0.2629, kd=0.0552, feat=0.0472) | val_acc=97.71% val_f1=0.9752 val_agree=97.71% | test_acc=87.92% test_agree=96.63%
Epoch 022 | train=0.2877 (ce=0.2569, kd=0.0513, feat=0.0473) | val_acc=97.71% val_f1=0.9752 val_agree=97.71% | test_acc=86.80% test_agree=95.51%
Epoch 023 | train=0.2908 (ce=0.2541, kd=0.0565, feat=0.0474) | val_acc=98.86% val_f1=0.9862 val_agree=98.86% | test_acc=86.52% test_agree=95.22%
Epoch 024 | train=0.2900 (ce=0.2513, kd=0.0580, feat=0.0472) | val_acc=98.86% val_f1=0.9862 val_agree=98.86% | test_acc=88.48% test_agree=97.75%
Epoch 025 | train=0.2901 (ce=0.2502, kd=0.0590, feat=0.0476) | val_acc=98.86% val_f1=0.9862 val_agree=98.86% | test_acc=86.80% test_agree=96.07%
Epoch 026 | train=0.2855 (ce=0.2518, kd=0.0535, feat=0.0476) | val_acc=98.86% val_f1=0.9862 val_agree=98.86% | test_acc=87.92% test_agree=96.63%
Epoch 027 | train=0.2829 (ce=0.2464, kd=0.0556, feat=0.0478) | val_acc=98.86% val_f1=0.9862 val_agree=98.86% | test_acc=88.48% test_agree=97.19%
Epoch 028 | train=0.2826 (ce=0.2464, kd=0.0554, feat=0.0476) | val_acc=98.86% val_f1=0.9862 val_agree=98.86% | test_acc=88.48% test_agree=97.19%
Early stopping at epoch 28 (best=12, score=0.884831)
================================================================================
Best epoch: 12
Best score (test_acc): 0.884831
Final test accuracy: 88.48%
Final test teacher agreement: 96.07%
Saved to: ablation_experiments/h1/results/run_20260327_131013/ablation2_teacher_student_lstm/students/ablation2_h1_scan90_run_20260327_131013/stage1/s1_l1_o3_c0/ablation2_distill_lstm_weld_seam_windows_ws5_tf75_pg0_h1_ep80_lr0.0003_bs128_T2.0_lce0.9_lkd1.1_lf0.0_seed14
/usr/bin/python /home/huang_kai/wind_turbine_phm/PHOENIX-main/autoencoder_benchmark/ablation_experiments/scripts/train_ablation2_distill_lstm_student.py --dataset-npz Data/processed_data/weld_seam_windows_ws5_tf75_pg0_h1.npz --teacher-ckpt /home/huang_kai/wind_turbine_phm/PHOENIX-main/autoencoder_benchmark/ablation_experiments/h1/results/comparison_18d_baselines/lstm/lstm_weld_seam_windows_ws5_tf75_pg0_h1_h64_l2_bi_do0.3_ep80_lr0.0001_wd1e-05_bs128_seed42/best_model.pth --teacher-run-args /home/huang_kai/wind_turbine_phm/PHOENIX-main/autoencoder_benchmark/ablation_experiments/h1/results/comparison_18d_baselines/lstm/lstm_weld_seam_windows_ws5_tf75_pg0_h1_h64_l2_bi_do0.3_ep80_lr0.0001_wd1e-05_bs128_seed42/run_args.json --output-dir ablation_experiments/h1/results/run_20260327_131013/ablation2_teacher_student_lstm/students/ablation2_h1_scan90_run_20260327_131013/stage1/s1_l1_o1_c0 --epochs 80 --batch-size 128 --lr 0.00015 --weight-decay 1e-05 --seed 14 --num-workers 0 --checkpoint-metric test_acc --temperature 2.0 --lambda-ce 0.9 --lambda-kd 1.1 --lambda-feat 0.0 --student-lstm-layers 1 --student-lstm-dropout 0.2 --student-classifier-hidden 64 --student-classifier-dropout 0.3 --weighted-sampler --student-init-ckpt /home/huang_kai/wind_turbine_phm/PHOENIX-main/autoencoder_benchmark/ablation_experiments/h1/results/comparison_18d_baselines/lstm/lstm_weld_seam_windows_ws5_tf75_pg0_h1_h64_l2_bi_do0.3_ep80_lr0.0001_wd1e-05_bs128_seed42/best_model.pth --student-init-mode shape_safe
Command: /usr/bin/python /home/huang_kai/wind_turbine_phm/PHOENIX-main/autoencoder_benchmark/ablation_experiments/scripts/train_ablation2_distill_lstm_student.py --dataset-npz Data/processed_data/weld_seam_windows_ws5_tf75_pg0_h1.npz --teacher-ckpt /home/huang_kai/wind_turbine_phm/PHOENIX-main/autoencoder_benchmark/ablation_experiments/h1/results/comparison_18d_baselines/lstm/lstm_weld_seam_windows_ws5_tf75_pg0_h1_h64_l2_bi_do0.3_ep80_lr0.0001_wd1e-05_bs128_seed42/best_model.pth --teacher-run-args /home/huang_kai/wind_turbine_phm/PHOENIX-main/autoencoder_benchmark/ablation_experiments/h1/results/comparison_18d_baselines/lstm/lstm_weld_seam_windows_ws5_tf75_pg0_h1_h64_l2_bi_do0.3_ep80_lr0.0001_wd1e-05_bs128_seed42/run_args.json --output-dir ablation_experiments/h1/results/run_20260327_131013/ablation2_teacher_student_lstm/students/ablation2_h1_scan90_run_20260327_131013/stage1/s1_l1_o1_c1 --epochs 80 --batch-size 128 --lr 0.00015 --weight-decay 1e-05 --seed 14 --num-workers 0 --checkpoint-metric test_acc --temperature 2.0 --lambda-ce 0.9 --lambda-kd 1.1 --lambda-feat 0.0 --student-lstm-layers 2 --student-lstm-dropout 0.3 --student-classifier-hidden 64 --student-classifier-dropout 0.35 --weighted-sampler --student-init-ckpt /home/huang_kai/wind_turbine_phm/PHOENIX-main/autoencoder_benchmark/ablation_experiments/h1/results/comparison_18d_baselines/lstm/lstm_weld_seam_windows_ws5_tf75_pg0_h1_h64_l2_bi_do0.3_ep80_lr0.0001_wd1e-05_bs128_seed42/best_model.pth --student-init-mode shape_safe
Command: /usr/bin/python /home/huang_kai/wind_turbine_phm/PHOENIX-main/autoencoder_benchmark/ablation_experiments/scripts/train_ablation2_distill_lstm_student.py --dataset-npz Data/processed_data/weld_seam_windows_ws5_tf75_pg0_h1.npz --teacher-ckpt /home/huang_kai/wind_turbine_phm/PHOENIX-main/autoencoder_benchmark/ablation_experiments/h1/results/comparison_18d_baselines/lstm/lstm_weld_seam_windows_ws5_tf75_pg0_h1_h64_l2_bi_do0.3_ep80_lr0.0001_wd1e-05_bs128_seed42/best_model.pth --teacher-run-args /home/huang_kai/wind_turbine_phm/PHOENIX-main/autoencoder_benchmark/ablation_experiments/h1/results/comparison_18d_baselines/lstm/lstm_weld_seam_windows_ws5_tf75_pg0_h1_h64_l2_bi_do0.3_ep80_lr0.0001_wd1e-05_bs128_seed42/run_args.json --output-dir ablation_experiments/h1/results/run_20260327_131013/ablation2_teacher_student_lstm/students/ablation2_h1_scan90_run_20260327_131013/stage1/s1_l1_o2_c0 --epochs 80 --batch-size 128 --lr 0.0002 --weight-decay 0.0001 --seed 14 --num-workers 0 --checkpoint-metric test_acc --temperature 2.0 --lambda-ce 0.9 --lambda-kd 1.1 --lambda-feat 0.0 --student-lstm-layers 1 --student-lstm-dropout 0.2 --student-classifier-hidden 64 --student-classifier-dropout 0.3 --weighted-sampler --student-init-ckpt /home/huang_kai/wind_turbine_phm/PHOENIX-main/autoencoder_benchmark/ablation_experiments/h1/results/comparison_18d_baselines/lstm/lstm_weld_seam_windows_ws5_tf75_pg0_h1_h64_l2_bi_do0.3_ep80_lr0.0001_wd1e-05_bs128_seed42/best_model.pth --student-init-mode shape_safe
Command: /usr/bin/python /home/huang_kai/wind_turbine_phm/PHOENIX-main/autoencoder_benchmark/ablation_experiments/scripts/train_ablation2_distill_lstm_student.py --dataset-npz Data/processed_data/weld_seam_windows_ws5_tf75_pg0_h1.npz --teacher-ckpt /home/huang_kai/wind_turbine_phm/PHOENIX-main/autoencoder_benchmark/ablation_experiments/h1/results/comparison_18d_baselines/lstm/lstm_weld_seam_windows_ws5_tf75_pg0_h1_h64_l2_bi_do0.3_ep80_lr0.0001_wd1e-05_bs128_seed42/best_model.pth --teacher-run-args /home/huang_kai/wind_turbine_phm/PHOENIX-main/autoencoder_benchmark/ablation_experiments/h1/results/comparison_18d_baselines/lstm/lstm_weld_seam_windows_ws5_tf75_pg0_h1_h64_l2_bi_do0.3_ep80_lr0.0001_wd1e-05_bs128_seed42/run_args.json --output-dir ablation_experiments/h1/results/run_20260327_131013/ablation2_teacher_student_lstm/students/ablation2_h1_scan90_run_20260327_131013/stage1/s1_l1_o2_c1 --epochs 80 --batch-size 128 --lr 0.0002 --weight-decay 0.0001 --seed 14 --num-workers 0 --checkpoint-metric test_acc --temperature 2.0 --lambda-ce 0.9 --lambda-kd 1.1 --lambda-feat 0.0 --student-lstm-layers 2 --student-lstm-dropout 0.3 --student-classifier-hidden 64 --student-classifier-dropout 0.35 --weighted-sampler --student-init-ckpt /home/huang_kai/wind_turbine_phm/PHOENIX-main/autoencoder_benchmark/ablation_experiments/h1/results/comparison_18d_baselines/lstm/lstm_weld_seam_windows_ws5_tf75_pg0_h1_h64_l2_bi_do0.3_ep80_lr0.0001_wd1e-05_bs128_seed42/best_model.pth --student-init-mode shape_safe
Command: /usr/bin/python /home/huang_kai/wind_turbine_phm/PHOENIX-main/autoencoder_benchmark/ablation_experiments/scripts/train_ablation2_distill_lstm_student.py --dataset-npz Data/processed_data/weld_seam_windows_ws5_tf75_pg0_h1.npz --teacher-ckpt /home/huang_kai/wind_turbine_phm/PHOENIX-main/autoencoder_benchmark/ablation_experiments/h1/results/comparison_18d_baselines/lstm/lstm_weld_seam_windows_ws5_tf75_pg0_h1_h64_l2_bi_do0.3_ep80_lr0.0001_wd1e-05_bs128_seed42/best_model.pth --teacher-run-args /home/huang_kai/wind_turbine_phm/PHOENIX-main/autoencoder_benchmark/ablation_experiments/h1/results/comparison_18d_baselines/lstm/lstm_weld_seam_windows_ws5_tf75_pg0_h1_h64_l2_bi_do0.3_ep80_lr0.0001_wd1e-05_bs128_seed42/run_args.json --output-dir ablation_experiments/h1/results/run_20260327_131013/ablation2_teacher_student_lstm/students/ablation2_h1_scan90_run_20260327_131013/stage1/s1_l1_o3_c0 --epochs 80 --batch-size 128 --lr 0.0003 --weight-decay 0.0002 --seed 14 --num-workers 0 --checkpoint-metric test_acc --temperature 2.0 --lambda-ce 0.9 --lambda-kd 1.1 --lambda-feat 0.0 --student-lstm-layers 1 --student-lstm-dropout 0.2 --student-classifier-hidden 64 --student-classifier-dropout 0.3 --student-init-ckpt /home/huang_kai/wind_turbine_phm/PHOENIX-main/autoencoder_benchmark/ablation_experiments/h1/results/comparison_18d_baselines/lstm/lstm_weld_seam_windows_ws5_tf75_pg0_h1_h64_l2_bi_do0.3_ep80_lr0.0001_wd1e-05_bs128_seed42/best_model.pth --student-init-mode shape_safe
Command: ================================================================================
Ablation-2 | Distill 13D LSTM student for future-step prediction
================================================================================
Dataset: Data/processed_data/weld_seam_windows_ws5_tf75_pg0_h1.npz
Teacher ckpt: /home/huang_kai/wind_turbine_phm/PHOENIX-main/autoencoder_benchmark/ablation_experiments/h1/results/comparison_18d_baselines/lstm/lstm_weld_seam_windows_ws5_tf75_pg0_h1_h64_l2_bi_do0.3_ep80_lr0.0001_wd1e-05_bs128_seed42/best_model.pth
Teacher run args: /home/huang_kai/wind_turbine_phm/PHOENIX-main/autoencoder_benchmark/ablation_experiments/h1/results/comparison_18d_baselines/lstm/lstm_weld_seam_windows_ws5_tf75_pg0_h1_h64_l2_bi_do0.3_ep80_lr0.0001_wd1e-05_bs128_seed42/run_args.json
Device: cuda
Train/Val/Test: 990 / 175 / 356
Input full/subset dims: 18 / 13
Dropped feature indices: [3, 4, 5, 6, 7]
Temperature: 2.0
Loss weights (ce/kd/feat): 0.9 / 1.1 / 0.0
Teacher init summary: {'init_mode': 'strict', 'loaded_keys': 20, 'skipped_keys': [], 'missing_model_keys': []}
Student init summary: {'init_mode': 'shape_safe', 'loaded_keys': 18, 'skipped_keys': ['lstm.weight_ih_l0', 'lstm.weight_ih_l0_reverse'], 'missing_model_keys': ['lstm.weight_ih_l0', 'lstm.weight_ih_l0_reverse']}
Epoch 001 | train=1.7451 (ce=1.1202, kd=0.6700, feat=0.0552) | val_acc=57.14% val_f1=0.4235 val_agree=59.43% | test_acc=52.81% test_agree=62.08%
Epoch 002 | train=1.3344 (ce=0.9101, kd=0.4685, feat=0.0472) | val_acc=84.00% val_f1=0.7832 val_agree=84.00% | test_acc=60.39% test_agree=69.66%
Epoch 003 | train=0.9547 (ce=0.7149, kd=0.2830, feat=0.0378) | val_acc=91.43% val_f1=0.8907 val_agree=89.14% | test_acc=81.74% test_agree=83.71%
Epoch 004 | train=0.6781 (ce=0.5832, kd=0.1393, feat=0.0268) | val_acc=84.57% val_f1=0.7633 val_agree=82.29% | test_acc=83.15% test_agree=80.62%
Epoch 005 | train=0.5724 (ce=0.5207, kd=0.0943, feat=0.0183) | val_acc=86.29% val_f1=0.7974 val_agree=84.00% | test_acc=81.74% test_agree=80.34%
Epoch 006 | train=0.4716 (ce=0.4326, kd=0.0747, feat=0.0151) | val_acc=93.14% val_f1=0.9170 val_agree=93.14% | test_acc=78.37% test_agree=83.15%
Epoch 007 | train=0.4180 (ce=0.3886, kd=0.0620, feat=0.0137) | val_acc=96.57% val_f1=0.9610 val_agree=96.57% | test_acc=74.72% test_agree=83.99%
Epoch 008 | train=0.3738 (ce=0.3503, kd=0.0532, feat=0.0107) | val_acc=96.57% val_f1=0.9615 val_agree=97.71% | test_acc=84.55% test_agree=93.82%
Epoch 009 | train=0.3497 (ce=0.3177, kd=0.0580, feat=0.0089) | val_acc=96.57% val_f1=0.9615 val_agree=97.71% | test_acc=83.71% test_agree=92.98%
Epoch 010 | train=0.3359 (ce=0.2952, kd=0.0639, feat=0.0089) | val_acc=97.14% val_f1=0.9669 val_agree=97.14% | test_acc=82.02% test_agree=91.29%
Epoch 011 | train=0.3255 (ce=0.2758, kd=0.0702, feat=0.0086) | val_acc=97.71% val_f1=0.9727 val_agree=98.86% | test_acc=85.39% test_agree=94.66%
Epoch 012 | train=0.3140 (ce=0.2745, kd=0.0609, feat=0.0083) | val_acc=97.71% val_f1=0.9727 val_agree=98.86% | test_acc=86.24% test_agree=95.51%
Epoch 013 | train=0.3094 (ce=0.2731, kd=0.0578, feat=0.0085) | val_acc=97.71% val_f1=0.9727 val_agree=98.86% | test_acc=85.96% test_agree=95.22%
Epoch 014 | train=0.3057 (ce=0.2676, kd=0.0590, feat=0.0086) | val_acc=97.71% val_f1=0.9727 val_agree=98.86% | test_acc=86.52% test_agree=95.22%
Epoch 015 | train=0.3041 (ce=0.2659, kd=0.0589, feat=0.0084) | val_acc=97.71% val_f1=0.9727 val_agree=98.86% | test_acc=85.67% test_agree=94.38%
Epoch 016 | train=0.3007 (ce=0.2618, kd=0.0592, feat=0.0084) | val_acc=97.71% val_f1=0.9727 val_agree=98.86% | test_acc=85.11% test_agree=93.82%
Epoch 017 | train=0.2931 (ce=0.2496, kd=0.0623, feat=0.0082) | val_acc=97.71% val_f1=0.9727 val_agree=98.86% | test_acc=87.64% test_agree=96.35%
Epoch 018 | train=0.2918 (ce=0.2490, kd=0.0615, feat=0.0080) | val_acc=97.71% val_f1=0.9727 val_agree=98.86% | test_acc=87.36% test_agree=96.07%
Epoch 019 | train=0.2948 (ce=0.2509, kd=0.0627, feat=0.0084) | val_acc=97.71% val_f1=0.9724 val_agree=98.86% | test_acc=86.24% test_agree=94.94%
Epoch 020 | train=0.2931 (ce=0.2474, kd=0.0640, feat=0.0083) | val_acc=98.29% val_f1=0.9804 val_agree=98.29% | test_acc=87.36% test_agree=96.07%
Epoch 021 | train=0.2900 (ce=0.2470, kd=0.0616, feat=0.0080) | val_acc=98.86% val_f1=0.9862 val_agree=98.86% | test_acc=87.64% test_agree=96.35%
Epoch 022 | train=0.2852 (ce=0.2408, kd=0.0622, feat=0.0081) | val_acc=98.86% val_f1=0.9862 val_agree=98.86% | test_acc=87.92% test_agree=96.63%
Epoch 023 | train=0.2882 (ce=0.2468, kd=0.0601, feat=0.0082) | val_acc=98.86% val_f1=0.9862 val_agree=98.86% | test_acc=87.64% test_agree=96.35%
Epoch 024 | train=0.2854 (ce=0.2395, kd=0.0635, feat=0.0083) | val_acc=98.29% val_f1=0.9804 val_agree=98.29% | test_acc=87.64% test_agree=96.35%
Epoch 025 | train=0.2855 (ce=0.2408, kd=0.0626, feat=0.0081) | val_acc=98.29% val_f1=0.9804 val_agree=98.29% | test_acc=87.92% test_agree=96.63%
Epoch 026 | train=0.2791 (ce=0.2361, kd=0.0605, feat=0.0082) | val_acc=98.29% val_f1=0.9804 val_agree=98.29% | test_acc=86.52% test_agree=95.22%
Epoch 027 | train=0.2816 (ce=0.2405, kd=0.0593, feat=0.0083) | val_acc=98.29% val_f1=0.9804 val_agree=98.29% | test_acc=87.64% test_agree=96.35%
Epoch 028 | train=0.2799 (ce=0.2343, kd=0.0627, feat=0.0082) | val_acc=98.29% val_f1=0.9804 val_agree=98.29% | test_acc=88.48% test_agree=97.19%
Epoch 029 | train=0.2810 (ce=0.2355, kd=0.0627, feat=0.0082) | val_acc=98.86% val_f1=0.9862 val_agree=98.86% | test_acc=88.48% test_agree=97.19%
Epoch 030 | train=0.2824 (ce=0.2330, kd=0.0661, feat=0.0083) | val_acc=98.29% val_f1=0.9804 val_agree=98.29% | test_acc=88.20% test_agree=96.91%
Epoch 031 | train=0.2777 (ce=0.2295, kd=0.0647, feat=0.0083) | val_acc=98.29% val_f1=0.9804 val_agree=98.29% | test_acc=88.20% test_agree=96.91%
Epoch 032 | train=0.2750 (ce=0.2319, kd=0.0602, feat=0.0084) | val_acc=98.29% val_f1=0.9804 val_agree=98.29% | test_acc=87.64% test_agree=96.35%
Epoch 033 | train=0.2756 (ce=0.2301, kd=0.0623, feat=0.0084) | val_acc=98.29% val_f1=0.9804 val_agree=98.29% | test_acc=87.64% test_agree=96.35%
Epoch 034 | train=0.2764 (ce=0.2311, kd=0.0622, feat=0.0084) | val_acc=98.29% val_f1=0.9804 val_agree=98.29% | test_acc=88.76% test_agree=97.47%
Epoch 035 | train=0.2774 (ce=0.2278, kd=0.0658, feat=0.0085) | val_acc=98.29% val_f1=0.9804 val_agree=98.29% | test_acc=87.64% test_agree=96.35%
Epoch 036 | train=0.2763 (ce=0.2270, kd=0.0655, feat=0.0085) | val_acc=98.29% val_f1=0.9804 val_agree=98.29% | test_acc=87.08% test_agree=95.79%
Epoch 037 | train=0.2733 (ce=0.2257, kd=0.0638, feat=0.0086) | val_acc=98.86% val_f1=0.9861 val_agree=97.71% | test_acc=86.80% test_agree=95.51%
Epoch 038 | train=0.2713 (ce=0.2271, kd=0.0608, feat=0.0087) | val_acc=98.86% val_f1=0.9862 val_agree=98.86% | test_acc=88.20% test_agree=96.91%
Epoch 039 | train=0.2699 (ce=0.2205, kd=0.0650, feat=0.0087) | val_acc=98.86% val_f1=0.9862 val_agree=98.86% | test_acc=88.48% test_agree=96.63%
Epoch 040 | train=0.2756 (ce=0.2280, kd=0.0639, feat=0.0088) | val_acc=98.29% val_f1=0.9804 val_agree=98.29% | test_acc=88.20% test_agree=96.91%
Epoch 041 | train=0.2741 (ce=0.2281, kd=0.0626, feat=0.0088) | val_acc=98.86% val_f1=0.9861 val_agree=97.71% | test_acc=87.92% test_agree=96.63%
Epoch 042 | train=0.2712 (ce=0.2232, kd=0.0639, feat=0.0087) | val_acc=98.86% val_f1=0.9861 val_agree=97.71% | test_acc=87.36% test_agree=96.07%
Epoch 043 | train=0.2740 (ce=0.2240, kd=0.0658, feat=0.0087) | val_acc=98.86% val_f1=0.9861 val_agree=97.71% | test_acc=86.80% test_agree=95.51%
Epoch 044 | train=0.2695 (ce=0.2208, kd=0.0644, feat=0.0087) | val_acc=98.86% val_f1=0.9861 val_agree=97.71% | test_acc=87.36% test_agree=96.07%
Epoch 045 | train=0.2727 (ce=0.2203, kd=0.0677, feat=0.0089) | val_acc=98.86% val_f1=0.9861 val_agree=97.71% | test_acc=87.36% test_agree=96.07%
Epoch 046 | train=0.2686 (ce=0.2229, kd=0.0618, feat=0.0088) | val_acc=98.29% val_f1=0.9804 val_agree=98.29% | test_acc=88.20% test_agree=96.91%
Epoch 047 | train=0.2716 (ce=0.2236, kd=0.0640, feat=0.0090) | val_acc=98.86% val_f1=0.9862 val_agree=98.86% | test_acc=87.92% test_agree=96.63%
Epoch 048 | train=0.2667 (ce=0.2234, kd=0.0597, feat=0.0089) | val_acc=98.29% val_f1=0.9804 val_agree=98.29% | test_acc=87.92% test_agree=96.63%
Epoch 049 | train=0.2701 (ce=0.2237, kd=0.0626, feat=0.0089) | val_acc=98.86% val_f1=0.9862 val_agree=98.86% | test_acc=88.20% test_agree=96.91%
Epoch 050 | train=0.2682 (ce=0.2209, kd=0.0630, feat=0.0090) | val_acc=98.86% val_f1=0.9862 val_agree=98.86% | test_acc=87.92% test_agree=96.63%
Early stopping at epoch 50 (best=34, score=0.887640)
================================================================================
Best epoch: 34
Best score (test_acc): 0.887640
Final test accuracy: 88.76%
Final test teacher agreement: 97.47%
Saved to: ablation_experiments/h1/results/run_20260327_131013/ablation2_teacher_student_lstm/students/ablation2_h1_scan90_run_20260327_131013/stage1/s1_l1_o3_c1/ablation2_distill_lstm_weld_seam_windows_ws5_tf75_pg0_h1_ep80_lr0.0003_bs128_T2.0_lce0.9_lkd1.1_lf0.0_seed14
================================================================================
Ablation-2 | Distill 13D LSTM student for future-step prediction
================================================================================
Dataset: Data/processed_data/weld_seam_windows_ws5_tf75_pg0_h1.npz
Teacher ckpt: /home/huang_kai/wind_turbine_phm/PHOENIX-main/autoencoder_benchmark/ablation_experiments/h1/results/comparison_18d_baselines/lstm/lstm_weld_seam_windows_ws5_tf75_pg0_h1_h64_l2_bi_do0.3_ep80_lr0.0001_wd1e-05_bs128_seed42/best_model.pth
Teacher run args: /home/huang_kai/wind_turbine_phm/PHOENIX-main/autoencoder_benchmark/ablation_experiments/h1/results/comparison_18d_baselines/lstm/lstm_weld_seam_windows_ws5_tf75_pg0_h1_h64_l2_bi_do0.3_ep80_lr0.0001_wd1e-05_bs128_seed42/run_args.json
Device: cuda
Train/Val/Test: 990 / 175 / 356
Input full/subset dims: 18 / 13
Dropped feature indices: [3, 4, 5, 6, 7]
Temperature: 2.5
Loss weights (ce/kd/feat): 0.9 / 1.1 / 0.0
Teacher init summary: {'init_mode': 'strict', 'loaded_keys': 20, 'skipped_keys': [], 'missing_model_keys': []}
Student init summary: {'init_mode': 'shape_safe', 'loaded_keys': 10, 'skipped_keys': ['lstm.bias_hh_l1', 'lstm.bias_hh_l1_reverse', 'lstm.bias_ih_l1', 'lstm.bias_ih_l1_reverse', 'lstm.weight_hh_l1', 'lstm.weight_hh_l1_reverse', 'lstm.weight_ih_l0', 'lstm.weight_ih_l0_reverse', 'lstm.weight_ih_l1', 'lstm.weight_ih_l1_reverse'], 'missing_model_keys': ['lstm.weight_ih_l0', 'lstm.weight_ih_l0_reverse']}
Epoch 001 | train=1.6931 (ce=1.0068, kd=0.7155, feat=0.0859) | val_acc=38.86% val_f1=0.4002 val_agree=40.00% | test_acc=44.94% test_agree=36.24%
Epoch 002 | train=1.6336 (ce=0.9685, kd=0.6926, feat=0.0874) | val_acc=40.00% val_f1=0.4159 val_agree=40.00% | test_acc=55.06% test_agree=45.79%
Epoch 003 | train=1.5685 (ce=0.9296, kd=0.6654, feat=0.0878) | val_acc=49.14% val_f1=0.5104 val_agree=49.14% | test_acc=65.17% test_agree=55.90%
Epoch 004 | train=1.5107 (ce=0.8954, kd=0.6408, feat=0.0883) | val_acc=56.00% val_f1=0.5698 val_agree=56.00% | test_acc=71.35% test_agree=62.08%
Epoch 005 | train=1.3900 (ce=0.8752, kd=0.5476, feat=0.0811) | val_acc=61.14% val_f1=0.6105 val_agree=61.14% | test_acc=72.75% test_agree=63.48%
Epoch 006 | train=1.3247 (ce=0.8430, kd=0.5145, feat=0.0809) | val_acc=69.14% val_f1=0.6702 val_agree=69.14% | test_acc=73.03% test_agree=64.33%
Epoch 007 | train=1.2464 (ce=0.8109, kd=0.4696, feat=0.0773) | val_acc=72.57% val_f1=0.6955 val_agree=72.57% | test_acc=73.31% test_agree=64.61%
Epoch 008 | train=1.2018 (ce=0.7720, kd=0.4609, feat=0.0802) | val_acc=77.71% val_f1=0.7341 val_agree=77.71% | test_acc=73.31% test_agree=64.61%
Epoch 009 | train=1.1107 (ce=0.7587, kd=0.3889, feat=0.0736) | val_acc=80.57% val_f1=0.7564 val_agree=80.57% | test_acc=74.72% test_agree=66.01%
Epoch 010 | train=1.0379 (ce=0.7187, kd=0.3555, feat=0.0740) | val_acc=81.71% val_f1=0.7656 val_agree=81.71% | test_acc=75.28% test_agree=67.13%
Epoch 011 | train=0.9898 (ce=0.6717, kd=0.3503, feat=0.0790) | val_acc=82.86% val_f1=0.7793 val_agree=82.86% | test_acc=74.72% test_agree=68.82%
Epoch 012 | train=0.9363 (ce=0.6782, kd=0.2962, feat=0.0734) | val_acc=84.00% val_f1=0.7890 val_agree=84.00% | test_acc=77.25% test_agree=71.91%
Epoch 013 | train=0.8607 (ce=0.6579, kd=0.2442, feat=0.0678) | val_acc=84.00% val_f1=0.7852 val_agree=84.00% | test_acc=78.65% test_agree=74.44%
Epoch 014 | train=0.8085 (ce=0.6273, kd=0.2217, feat=0.0688) | val_acc=85.14% val_f1=0.7993 val_agree=85.14% | test_acc=80.62% test_agree=76.97%
Epoch 015 | train=0.7541 (ce=0.5876, kd=0.2048, feat=0.0715) | val_acc=86.29% val_f1=0.8135 val_agree=86.29% | test_acc=81.18% test_agree=78.65%
Epoch 016 | train=0.7253 (ce=0.5750, kd=0.1889, feat=0.0708) | val_acc=86.86% val_f1=0.8226 val_agree=86.86% | test_acc=81.74% test_agree=79.78%
Epoch 017 | train=0.6697 (ce=0.5632, kd=0.1481, feat=0.0646) | val_acc=88.57% val_f1=0.8457 val_agree=87.43% | test_acc=81.46% test_agree=80.06%
Epoch 018 | train=0.6247 (ce=0.5369, kd=0.1287, feat=0.0646) | val_acc=89.71% val_f1=0.8632 val_agree=88.57% | test_acc=82.30% test_agree=80.90%
Epoch 019 | train=0.5804 (ce=0.5019, kd=0.1170, feat=0.0665) | val_acc=91.43% val_f1=0.8889 val_agree=90.29% | test_acc=82.30% test_agree=81.46%
Epoch 020 | train=0.5547 (ce=0.4869, kd=0.1059, feat=0.0641) | val_acc=93.14% val_f1=0.9141 val_agree=92.00% | test_acc=83.43% test_agree=82.58%
Epoch 021 | train=0.5173 (ce=0.4663, kd=0.0887, feat=0.0632) | val_acc=93.14% val_f1=0.9141 val_agree=92.00% | test_acc=83.15% test_agree=82.87%
Epoch 022 | train=0.4995 (ce=0.4604, kd=0.0774, feat=0.0627) | val_acc=93.14% val_f1=0.9141 val_agree=92.00% | test_acc=83.43% test_agree=83.71%
Epoch 023 | train=0.4725 (ce=0.4274, kd=0.0799, feat=0.0652) | val_acc=94.29% val_f1=0.9288 val_agree=93.14% | test_acc=84.27% test_agree=85.11%
Epoch 024 | train=0.4475 (ce=0.4147, kd=0.0675, feat=0.0626) | val_acc=94.29% val_f1=0.9288 val_agree=93.14% | test_acc=84.83% test_agree=85.67%
Epoch 025 | train=0.4388 (ce=0.4103, kd=0.0632, feat=0.0599) | val_acc=94.29% val_f1=0.9292 val_agree=94.29% | test_acc=85.96% test_agree=86.80%
Epoch 026 | train=0.4210 (ce=0.3938, kd=0.0606, feat=0.0633) | val_acc=93.71% val_f1=0.9238 val_agree=93.71% | test_acc=85.67% test_agree=86.52%
Epoch 027 | train=0.4099 (ce=0.3811, kd=0.0608, feat=0.0619) | val_acc=93.14% val_f1=0.9162 val_agree=94.29% | test_acc=84.55% test_agree=88.20%
Epoch 028 | train=0.4041 (ce=0.3785, kd=0.0577, feat=0.0624) | val_acc=92.57% val_f1=0.9110 val_agree=94.86% | test_acc=84.83% test_agree=88.48%
Epoch 029 | train=0.3819 (ce=0.3581, kd=0.0542, feat=0.0614) | val_acc=93.14% val_f1=0.9190 val_agree=95.43% | test_acc=84.83% test_agree=88.48%
Epoch 030 | train=0.3639 (ce=0.3367, kd=0.0554, feat=0.0631) | val_acc=93.71% val_f1=0.9271 val_agree=96.00% | test_acc=84.83% test_agree=89.61%
Epoch 031 | train=0.3776 (ce=0.3497, kd=0.0571, feat=0.0624) | val_acc=94.29% val_f1=0.9352 val_agree=96.57% | test_acc=84.83% test_agree=89.61%
Epoch 032 | train=0.3743 (ce=0.3520, kd=0.0523, feat=0.0579) | val_acc=94.86% val_f1=0.9433 val_agree=97.14% | test_acc=85.11% test_agree=89.89%
Epoch 033 | train=0.3743 (ce=0.3492, kd=0.0546, feat=0.0603) | val_acc=95.43% val_f1=0.9514 val_agree=97.71% | test_acc=85.11% test_agree=91.01%
Epoch 034 | train=0.3653 (ce=0.3371, kd=0.0562, feat=0.0584) | val_acc=95.43% val_f1=0.9514 val_agree=97.71% | test_acc=85.11% test_agree=91.01%
Epoch 035 | train=0.3240 (ce=0.2924, kd=0.0553, feat=0.0625) | val_acc=95.43% val_f1=0.9514 val_agree=97.71% | test_acc=85.11% test_agree=91.01%
Epoch 036 | train=0.3561 (ce=0.3248, kd=0.0580, feat=0.0611) | val_acc=94.86% val_f1=0.9462 val_agree=97.14% | test_acc=85.39% test_agree=91.29%
Epoch 037 | train=0.3360 (ce=0.3044, kd=0.0564, feat=0.0619) | val_acc=94.86% val_f1=0.9462 val_agree=97.14% | test_acc=85.39% test_agree=91.29%
Epoch 038 | train=0.3355 (ce=0.3060, kd=0.0546, feat=0.0604) | val_acc=94.86% val_f1=0.9462 val_agree=97.14% | test_acc=85.39% test_agree=91.29%
Epoch 039 | train=0.3298 (ce=0.2969, kd=0.0569, feat=0.0609) | val_acc=94.86% val_f1=0.9462 val_agree=97.14% | test_acc=85.96% test_agree=91.85%
Epoch 040 | train=0.3310 (ce=0.3004, kd=0.0551, feat=0.0592) | val_acc=94.86% val_f1=0.9462 val_agree=97.14% | test_acc=85.96% test_agree=91.85%
Epoch 041 | train=0.3311 (ce=0.2988, kd=0.0565, feat=0.0599) | val_acc=94.86% val_f1=0.9462 val_agree=97.14% | test_acc=86.24% test_agree=92.70%
Epoch 042 | train=0.3413 (ce=0.3124, kd=0.0546, feat=0.0572) | val_acc=94.86% val_f1=0.9462 val_agree=97.14% | test_acc=86.24% test_agree=92.70%
Epoch 043 | train=0.3457 (ce=0.3175, kd=0.0545, feat=0.0598) | val_acc=94.86% val_f1=0.9462 val_agree=97.14% | test_acc=86.24% test_agree=92.70%
Epoch 044 | train=0.3251 (ce=0.2913, kd=0.0572, feat=0.0602) | val_acc=94.86% val_f1=0.9462 val_agree=97.14% | test_acc=86.80% test_agree=93.26%
Epoch 045 | train=0.3133 (ce=0.2807, kd=0.0551, feat=0.0615) | val_acc=94.86% val_f1=0.9462 val_agree=97.14% | test_acc=87.08% test_agree=93.54%
Epoch 046 | train=0.3325 (ce=0.2966, kd=0.0596, feat=0.0599) | val_acc=94.86% val_f1=0.9462 val_agree=97.14% | test_acc=87.36% test_agree=93.82%
Epoch 047 | train=0.3301 (ce=0.2956, kd=0.0582, feat=0.0579) | val_acc=94.86% val_f1=0.9462 val_agree=97.14% | test_acc=87.36% test_agree=93.82%
Epoch 048 | train=0.3149 (ce=0.2817, kd=0.0558, feat=0.0625) | val_acc=94.86% val_f1=0.9462 val_agree=97.14% | test_acc=87.36% test_agree=93.82%
Epoch 049 | train=0.3154 (ce=0.2838, kd=0.0545, feat=0.0611) | val_acc=94.86% val_f1=0.9462 val_agree=97.14% | test_acc=87.64% test_agree=94.10%
Epoch 050 | train=0.3192 (ce=0.2879, kd=0.0546, feat=0.0593) | val_acc=94.86% val_f1=0.9462 val_agree=97.14% | test_acc=87.36% test_agree=94.38%
Epoch 051 | train=0.3120 (ce=0.2790, kd=0.0553, feat=0.0605) | val_acc=94.86% val_f1=0.9462 val_agree=97.14% | test_acc=87.36% test_agree=94.38%
Epoch 052 | train=0.3164 (ce=0.2821, kd=0.0569, feat=0.0600) | val_acc=94.86% val_f1=0.9462 val_agree=97.14% | test_acc=87.36% test_agree=94.38%
Epoch 053 | train=0.3097 (ce=0.2812, kd=0.0514, feat=0.0569) | val_acc=94.86% val_f1=0.9462 val_agree=97.14% | test_acc=87.36% test_agree=94.94%
Epoch 054 | train=0.3100 (ce=0.2773, kd=0.0550, feat=0.0613) | val_acc=94.86% val_f1=0.9462 val_agree=97.14% | test_acc=87.36% test_agree=94.94%
Epoch 055 | train=0.3162 (ce=0.2848, kd=0.0544, feat=0.0610) | val_acc=94.86% val_f1=0.9462 val_agree=97.14% | test_acc=87.36% test_agree=94.94%
Epoch 056 | train=0.3124 (ce=0.2795, kd=0.0553, feat=0.0609) | val_acc=94.86% val_f1=0.9462 val_agree=97.14% | test_acc=87.36% test_agree=94.94%
Epoch 057 | train=0.3119 (ce=0.2783, kd=0.0559, feat=0.0577) | val_acc=94.86% val_f1=0.9462 val_agree=97.14% | test_acc=87.36% test_agree=94.94%
Epoch 058 | train=0.2936 (ce=0.2542, kd=0.0589, feat=0.0657) | val_acc=94.86% val_f1=0.9462 val_agree=97.14% | test_acc=87.36% test_agree=94.94%
Epoch 059 | train=0.3097 (ce=0.2695, kd=0.0610, feat=0.0609) | val_acc=94.86% val_f1=0.9462 val_agree=97.14% | test_acc=87.36% test_agree=94.94%
Epoch 060 | train=0.3144 (ce=0.2797, kd=0.0570, feat=0.0603) | val_acc=94.86% val_f1=0.9462 val_agree=97.14% | test_acc=87.64% test_agree=95.22%
Epoch 061 | train=0.3162 (ce=0.2846, kd=0.0546, feat=0.0585) | val_acc=94.86% val_f1=0.9462 val_agree=97.14% | test_acc=87.64% test_agree=95.22%
Epoch 062 | train=0.3219 (ce=0.2898, kd=0.0555, feat=0.0584) | val_acc=94.86% val_f1=0.9462 val_agree=97.14% | test_acc=87.64% test_agree=95.22%
Epoch 063 | train=0.2919 (ce=0.2606, kd=0.0522, feat=0.0611) | val_acc=94.86% val_f1=0.9462 val_agree=97.14% | test_acc=87.36% test_agree=94.94%
Epoch 064 | train=0.3169 (ce=0.2792, kd=0.0597, feat=0.0601) | val_acc=94.86% val_f1=0.9462 val_agree=97.14% | test_acc=87.36% test_agree=94.94%
Epoch 065 | train=0.2990 (ce=0.2663, kd=0.0539, feat=0.0600) | val_acc=94.86% val_f1=0.9462 val_agree=97.14% | test_acc=87.36% test_agree=94.94%
Early stopping at epoch 65 (best=49, score=0.876404)
================================================================================
Best epoch: 49
Best score (test_acc): 0.876404
Final test accuracy: 87.64%
Final test teacher agreement: 94.10%
Saved to: ablation_experiments/h1/results/run_20260327_131013/ablation2_teacher_student_lstm/students/ablation2_h1_scan90_run_20260327_131013/stage1/s1_l2_o0_c0/ablation2_distill_lstm_weld_seam_windows_ws5_tf75_pg0_h1_ep80_lr0.0001_bs128_T2.5_lce0.9_lkd1.1_lf0.0_seed14
================================================================================
Ablation-2 | Distill 13D LSTM student for future-step prediction
================================================================================
Dataset: Data/processed_data/weld_seam_windows_ws5_tf75_pg0_h1.npz
Teacher ckpt: /home/huang_kai/wind_turbine_phm/PHOENIX-main/autoencoder_benchmark/ablation_experiments/h1/results/comparison_18d_baselines/lstm/lstm_weld_seam_windows_ws5_tf75_pg0_h1_h64_l2_bi_do0.3_ep80_lr0.0001_wd1e-05_bs128_seed42/best_model.pth
Teacher run args: /home/huang_kai/wind_turbine_phm/PHOENIX-main/autoencoder_benchmark/ablation_experiments/h1/results/comparison_18d_baselines/lstm/lstm_weld_seam_windows_ws5_tf75_pg0_h1_h64_l2_bi_do0.3_ep80_lr0.0001_wd1e-05_bs128_seed42/run_args.json
Device: cuda
Train/Val/Test: 990 / 175 / 356
Input full/subset dims: 18 / 13
Dropped feature indices: [3, 4, 5, 6, 7]
Temperature: 2.5
Loss weights (ce/kd/feat): 0.9 / 1.1 / 0.0
Teacher init summary: {'init_mode': 'strict', 'loaded_keys': 20, 'skipped_keys': [], 'missing_model_keys': []}
Student init summary: {'init_mode': 'shape_safe', 'loaded_keys': 18, 'skipped_keys': ['lstm.weight_ih_l0', 'lstm.weight_ih_l0_reverse'], 'missing_model_keys': ['lstm.weight_ih_l0', 'lstm.weight_ih_l0_reverse']}
Epoch 001 | train=2.3264 (ce=1.2493, kd=1.0928, feat=0.0805) | val_acc=23.43% val_f1=0.1321 val_agree=25.71% | test_acc=31.46% test_agree=33.99%
Epoch 002 | train=2.1009 (ce=1.1511, kd=0.9681, feat=0.0760) | val_acc=25.14% val_f1=0.1443 val_agree=27.43% | test_acc=34.55% test_agree=37.08%
Epoch 003 | train=1.8245 (ce=1.0444, kd=0.8041, feat=0.0666) | val_acc=26.29% val_f1=0.1685 val_agree=28.57% | test_acc=43.26% test_agree=45.79%
Epoch 004 | train=1.7649 (ce=0.9881, kd=0.7960, feat=0.0703) | val_acc=30.86% val_f1=0.2500 val_agree=33.14% | test_acc=50.00% test_agree=52.53%
Epoch 005 | train=1.5482 (ce=0.8938, kd=0.6762, feat=0.0654) | val_acc=38.29% val_f1=0.3892 val_agree=40.57% | test_acc=56.18% test_agree=58.71%
Epoch 006 | train=1.3214 (ce=0.7968, kd=0.5493, feat=0.0587) | val_acc=57.14% val_f1=0.6194 val_agree=59.43% | test_acc=64.04% test_agree=66.57%
Epoch 007 | train=1.0947 (ce=0.7248, kd=0.4022, feat=0.0484) | val_acc=68.00% val_f1=0.7218 val_agree=70.29% | test_acc=76.40% test_agree=74.44%
Epoch 008 | train=0.9485 (ce=0.6264, kd=0.3498, feat=0.0513) | val_acc=79.43% val_f1=0.7920 val_agree=79.43% | test_acc=79.49% test_agree=76.40%
Epoch 009 | train=0.7882 (ce=0.5973, kd=0.2278, feat=0.0396) | val_acc=80.57% val_f1=0.7661 val_agree=80.57% | test_acc=80.34% test_agree=77.81%
Epoch 010 | train=0.6987 (ce=0.5819, kd=0.1591, feat=0.0323) | val_acc=85.14% val_f1=0.8036 val_agree=85.14% | test_acc=83.43% test_agree=82.02%
Epoch 011 | train=0.6203 (ce=0.5426, kd=0.1200, feat=0.0274) | val_acc=88.00% val_f1=0.8454 val_agree=88.00% | test_acc=82.30% test_agree=80.90%
Epoch 012 | train=0.5924 (ce=0.5401, kd=0.0967, feat=0.0248) | val_acc=92.57% val_f1=0.9044 val_agree=90.29% | test_acc=80.34% test_agree=80.62%
Epoch 013 | train=0.5100 (ce=0.4700, kd=0.0791, feat=0.0246) | val_acc=94.29% val_f1=0.9297 val_agree=92.00% | test_acc=80.06% test_agree=82.02%
Epoch 014 | train=0.4796 (ce=0.4562, kd=0.0627, feat=0.0214) | val_acc=94.29% val_f1=0.9307 val_agree=94.29% | test_acc=78.09% test_agree=82.30%
Epoch 015 | train=0.4435 (ce=0.4222, kd=0.0578, feat=0.0208) | val_acc=94.86% val_f1=0.9390 val_agree=94.86% | test_acc=78.37% test_agree=83.15%
Epoch 016 | train=0.4224 (ce=0.4027, kd=0.0545, feat=0.0207) | val_acc=96.00% val_f1=0.9556 val_agree=96.00% | test_acc=78.37% test_agree=83.71%
Epoch 017 | train=0.4091 (ce=0.3889, kd=0.0537, feat=0.0185) | val_acc=96.00% val_f1=0.9556 val_agree=96.00% | test_acc=78.37% test_agree=84.27%
Epoch 018 | train=0.3974 (ce=0.3760, kd=0.0536, feat=0.0166) | val_acc=96.00% val_f1=0.9556 val_agree=96.00% | test_acc=78.09% test_agree=85.67%
Epoch 019 | train=0.3855 (ce=0.3627, kd=0.0537, feat=0.0161) | val_acc=96.00% val_f1=0.9556 val_agree=96.00% | test_acc=79.49% test_agree=88.20%
Epoch 020 | train=0.3779 (ce=0.3479, kd=0.0588, feat=0.0155) | val_acc=97.14% val_f1=0.9669 val_agree=97.14% | test_acc=81.74% test_agree=90.45%
Epoch 021 | train=0.3744 (ce=0.3419, kd=0.0606, feat=0.0150) | val_acc=96.57% val_f1=0.9615 val_agree=97.71% | test_acc=82.58% test_agree=91.85%
Epoch 022 | train=0.3644 (ce=0.3291, kd=0.0620, feat=0.0150) | val_acc=96.57% val_f1=0.9615 val_agree=97.71% | test_acc=83.99% test_agree=93.26%
Epoch 023 | train=0.3591 (ce=0.3260, kd=0.0597, feat=0.0146) | val_acc=96.57% val_f1=0.9615 val_agree=97.71% | test_acc=83.71% test_agree=92.98%
Epoch 024 | train=0.3490 (ce=0.3167, kd=0.0582, feat=0.0152) | val_acc=96.57% val_f1=0.9615 val_agree=97.71% | test_acc=84.27% test_agree=93.54%
Epoch 025 | train=0.3454 (ce=0.3097, kd=0.0605, feat=0.0144) | val_acc=96.00% val_f1=0.9561 val_agree=97.14% | test_acc=85.11% test_agree=94.38%
Epoch 026 | train=0.3325 (ce=0.2899, kd=0.0650, feat=0.0152) | val_acc=96.00% val_f1=0.9561 val_agree=97.14% | test_acc=85.96% test_agree=95.22%
Epoch 027 | train=0.3186 (ce=0.2813, kd=0.0595, feat=0.0145) | val_acc=96.57% val_f1=0.9615 val_agree=97.71% | test_acc=86.24% test_agree=95.51%
Epoch 028 | train=0.3153 (ce=0.2781, kd=0.0591, feat=0.0148) | val_acc=96.57% val_f1=0.9615 val_agree=97.71% | test_acc=85.96% test_agree=95.22%
Epoch 029 | train=0.3306 (ce=0.2876, kd=0.0653, feat=0.0141) | val_acc=96.57% val_f1=0.9619 val_agree=97.71% | test_acc=86.24% test_agree=94.94%
Epoch 030 | train=0.3188 (ce=0.2751, kd=0.0647, feat=0.0150) | val_acc=96.57% val_f1=0.9619 val_agree=97.71% | test_acc=85.96% test_agree=94.66%
Epoch 031 | train=0.3186 (ce=0.2754, kd=0.0644, feat=0.0150) | val_acc=96.57% val_f1=0.9619 val_agree=97.71% | test_acc=86.24% test_agree=94.94%
Epoch 032 | train=0.3245 (ce=0.2816, kd=0.0646, feat=0.0141) | val_acc=96.57% val_f1=0.9619 val_agree=97.71% | test_acc=85.67% test_agree=94.38%
Epoch 033 | train=0.3230 (ce=0.2770, kd=0.0670, feat=0.0150) | val_acc=96.57% val_f1=0.9619 val_agree=97.71% | test_acc=87.08% test_agree=95.79%
Epoch 034 | train=0.3160 (ce=0.2770, kd=0.0607, feat=0.0135) | val_acc=96.57% val_f1=0.9619 val_agree=97.71% | test_acc=87.08% test_agree=95.79%
Epoch 035 | train=0.3040 (ce=0.2602, kd=0.0635, feat=0.0145) | val_acc=96.57% val_f1=0.9619 val_agree=97.71% | test_acc=86.80% test_agree=95.51%
Epoch 036 | train=0.3173 (ce=0.2741, kd=0.0643, feat=0.0141) | val_acc=96.00% val_f1=0.9566 val_agree=98.29% | test_acc=86.24% test_agree=94.94%
Epoch 037 | train=0.3055 (ce=0.2619, kd=0.0634, feat=0.0141) | val_acc=95.43% val_f1=0.9514 val_agree=97.71% | test_acc=86.24% test_agree=94.94%
Epoch 038 | train=0.3068 (ce=0.2651, kd=0.0620, feat=0.0136) | val_acc=95.43% val_f1=0.9514 val_agree=97.71% | test_acc=87.08% test_agree=95.22%
Epoch 039 | train=0.3189 (ce=0.2717, kd=0.0677, feat=0.0132) | val_acc=96.00% val_f1=0.9566 val_agree=98.29% | test_acc=87.36% test_agree=96.07%
Epoch 040 | train=0.3196 (ce=0.2756, kd=0.0651, feat=0.0133) | val_acc=96.57% val_f1=0.9619 val_agree=97.71% | test_acc=87.08% test_agree=95.79%
Epoch 041 | train=0.3043 (ce=0.2592, kd=0.0645, feat=0.0142) | val_acc=96.57% val_f1=0.9619 val_agree=97.71% | test_acc=87.08% test_agree=95.79%
Epoch 042 | train=0.3152 (ce=0.2727, kd=0.0634, feat=0.0138) | val_acc=96.57% val_f1=0.9619 val_agree=97.71% | test_acc=87.08% test_agree=95.79%
Epoch 043 | train=0.3095 (ce=0.2636, kd=0.0657, feat=0.0137) | val_acc=96.57% val_f1=0.9619 val_agree=97.71% | test_acc=86.52% test_agree=95.22%
Epoch 044 | train=0.3065 (ce=0.2671, kd=0.0602, feat=0.0136) | val_acc=96.57% val_f1=0.9619 val_agree=97.71% | test_acc=87.08% test_agree=95.79%
Epoch 045 | train=0.2958 (ce=0.2481, kd=0.0660, feat=0.0137) | val_acc=96.57% val_f1=0.9619 val_agree=97.71% | test_acc=87.08% test_agree=95.79%
Epoch 046 | train=0.3052 (ce=0.2622, kd=0.0629, feat=0.0136) | val_acc=96.57% val_f1=0.9619 val_agree=97.71% | test_acc=87.36% test_agree=96.07%
Epoch 047 | train=0.2932 (ce=0.2474, kd=0.0642, feat=0.0139) | val_acc=96.57% val_f1=0.9619 val_agree=97.71% | test_acc=87.92% test_agree=96.63%
Epoch 048 | train=0.2905 (ce=0.2452, kd=0.0635, feat=0.0142) | val_acc=96.57% val_f1=0.9619 val_agree=97.71% | test_acc=87.92% test_agree=96.07%
Epoch 049 | train=0.2923 (ce=0.2483, kd=0.0626, feat=0.0141) | val_acc=96.00% val_f1=0.9566 val_agree=98.29% | test_acc=88.20% test_agree=95.79%
Epoch 050 | train=0.2932 (ce=0.2513, kd=0.0609, feat=0.0138) | val_acc=95.43% val_f1=0.9514 val_agree=97.71% | test_acc=87.92% test_agree=95.51%
Epoch 051 | train=0.3014 (ce=0.2582, kd=0.0628, feat=0.0135) | val_acc=95.43% val_f1=0.9514 val_agree=97.71% | test_acc=88.20% test_agree=95.79%
Epoch 052 | train=0.2957 (ce=0.2505, kd=0.0638, feat=0.0138) | val_acc=95.43% val_f1=0.9514 val_agree=97.71% | test_acc=89.04% test_agree=96.63%
Epoch 053 | train=0.2934 (ce=0.2474, kd=0.0643, feat=0.0131) | val_acc=95.43% val_f1=0.9514 val_agree=97.71% | test_acc=88.20% test_agree=95.79%
Epoch 054 | train=0.3071 (ce=0.2637, kd=0.0634, feat=0.0131) | val_acc=95.43% val_f1=0.9514 val_agree=97.71% | test_acc=87.92% test_agree=95.51%
Epoch 055 | train=0.2888 (ce=0.2444, kd=0.0625, feat=0.0137) | val_acc=95.43% val_f1=0.9514 val_agree=97.71% | test_acc=87.92% test_agree=95.51%
Epoch 056 | train=0.2897 (ce=0.2478, kd=0.0606, feat=0.0132) | val_acc=95.43% val_f1=0.9514 val_agree=97.71% | test_acc=87.92% test_agree=95.51%
Epoch 057 | train=0.2914 (ce=0.2491, kd=0.0611, feat=0.0130) | val_acc=95.43% val_f1=0.9514 val_agree=97.71% | test_acc=87.92% test_agree=95.51%
Epoch 058 | train=0.2943 (ce=0.2472, kd=0.0653, feat=0.0134) | val_acc=95.43% val_f1=0.9514 val_agree=97.71% | test_acc=87.92% test_agree=95.51%
Epoch 059 | train=0.2978 (ce=0.2511, kd=0.0653, feat=0.0137) | val_acc=95.43% val_f1=0.9514 val_agree=97.71% | test_acc=88.20% test_agree=95.79%
Epoch 060 | train=0.2932 (ce=0.2456, kd=0.0656, feat=0.0137) | val_acc=95.43% val_f1=0.9514 val_agree=97.71% | test_acc=88.20% test_agree=95.79%
Epoch 061 | train=0.2952 (ce=0.2518, kd=0.0624, feat=0.0133) | val_acc=95.43% val_f1=0.9514 val_agree=97.71% | test_acc=88.20% test_agree=95.79%
Epoch 062 | train=0.2963 (ce=0.2497, kd=0.0650, feat=0.0136) | val_acc=95.43% val_f1=0.9514 val_agree=97.71% | test_acc=88.20% test_agree=95.79%
Epoch 063 | train=0.2994 (ce=0.2582, kd=0.0609, feat=0.0131) | val_acc=95.43% val_f1=0.9514 val_agree=97.71% | test_acc=88.20% test_agree=95.79%
Epoch 064 | train=0.2912 (ce=0.2459, kd=0.0636, feat=0.0128) | val_acc=95.43% val_f1=0.9514 val_agree=97.71% | test_acc=88.20% test_agree=95.79%
Epoch 065 | train=0.3052 (ce=0.2589, kd=0.0656, feat=0.0128) | val_acc=95.43% val_f1=0.9514 val_agree=97.71% | test_acc=88.20% test_agree=95.79%
Epoch 066 | train=0.3038 (ce=0.2547, kd=0.0678, feat=0.0127) | val_acc=95.43% val_f1=0.9514 val_agree=97.71% | test_acc=88.20% test_agree=95.79%
Epoch 067 | train=0.2914 (ce=0.2404, kd=0.0682, feat=0.0133) | val_acc=95.43% val_f1=0.9514 val_agree=97.71% | test_acc=88.20% test_agree=95.79%
Epoch 068 | train=0.2872 (ce=0.2447, kd=0.0609, feat=0.0131) | val_acc=95.43% val_f1=0.9514 val_agree=97.71% | test_acc=88.20% test_agree=95.79%
Early stopping at epoch 68 (best=52, score=0.890449)
================================================================================
Best epoch: 52
Best score (test_acc): 0.890449
Final test accuracy: 89.04%
Final test teacher agreement: 96.63%
Saved to: ablation_experiments/h1/results/run_20260327_131013/ablation2_teacher_student_lstm/students/ablation2_h1_scan90_run_20260327_131013/stage1/s1_l2_o0_c1/ablation2_distill_lstm_weld_seam_windows_ws5_tf75_pg0_h1_ep80_lr0.0001_bs128_T2.5_lce0.9_lkd1.1_lf0.0_seed14
================================================================================
Ablation-2 | Distill 13D LSTM student for future-step prediction
================================================================================
Dataset: Data/processed_data/weld_seam_windows_ws5_tf75_pg0_h1.npz
Teacher ckpt: /home/huang_kai/wind_turbine_phm/PHOENIX-main/autoencoder_benchmark/ablation_experiments/h1/results/comparison_18d_baselines/lstm/lstm_weld_seam_windows_ws5_tf75_pg0_h1_h64_l2_bi_do0.3_ep80_lr0.0001_wd1e-05_bs128_seed42/best_model.pth
Teacher run args: /home/huang_kai/wind_turbine_phm/PHOENIX-main/autoencoder_benchmark/ablation_experiments/h1/results/comparison_18d_baselines/lstm/lstm_weld_seam_windows_ws5_tf75_pg0_h1_h64_l2_bi_do0.3_ep80_lr0.0001_wd1e-05_bs128_seed42/run_args.json
Device: cuda
Train/Val/Test: 990 / 175 / 356
Input full/subset dims: 18 / 13
Dropped feature indices: [3, 4, 5, 6, 7]
Temperature: 2.5
Loss weights (ce/kd/feat): 0.9 / 1.1 / 0.0
Teacher init summary: {'init_mode': 'strict', 'loaded_keys': 20, 'skipped_keys': [], 'missing_model_keys': []}
Student init summary: {'init_mode': 'shape_safe', 'loaded_keys': 10, 'skipped_keys': ['lstm.bias_hh_l1', 'lstm.bias_hh_l1_reverse', 'lstm.bias_ih_l1', 'lstm.bias_ih_l1_reverse', 'lstm.weight_hh_l1', 'lstm.weight_hh_l1_reverse', 'lstm.weight_ih_l0', 'lstm.weight_ih_l0_reverse', 'lstm.weight_ih_l1', 'lstm.weight_ih_l1_reverse'], 'missing_model_keys': ['lstm.weight_ih_l0', 'lstm.weight_ih_l0_reverse']}
Epoch 001 | train=1.6756 (ce=0.9990, kd=0.7059, feat=0.0856) | val_acc=37.14% val_f1=0.3824 val_agree=38.29% | test_acc=50.28% test_agree=41.01%
Epoch 002 | train=1.5769 (ce=0.9438, kd=0.6614, feat=0.0863) | val_acc=49.14% val_f1=0.5104 val_agree=49.14% | test_acc=65.17% test_agree=55.90%
Epoch 003 | train=1.4735 (ce=0.8890, kd=0.6121, feat=0.0859) | val_acc=58.86% val_f1=0.5927 val_agree=58.86% | test_acc=72.19% test_agree=62.92%
Epoch 004 | train=1.3780 (ce=0.8394, kd=0.5660, feat=0.0856) | val_acc=69.14% val_f1=0.6702 val_agree=69.14% | test_acc=73.03% test_agree=64.33%
Epoch 005 | train=1.2354 (ce=0.8122, kd=0.4586, feat=0.0779) | val_acc=76.00% val_f1=0.7210 val_agree=76.00% | test_acc=73.31% test_agree=64.61%
Epoch 006 | train=1.1383 (ce=0.7656, kd=0.4084, feat=0.0770) | val_acc=80.57% val_f1=0.7564 val_agree=80.57% | test_acc=74.44% test_agree=65.73%
Epoch 007 | train=1.0322 (ce=0.7199, kd=0.3493, feat=0.0729) | val_acc=81.71% val_f1=0.7656 val_agree=81.71% | test_acc=75.28% test_agree=68.26%
Epoch 008 | train=0.9457 (ce=0.6663, kd=0.3145, feat=0.0748) | val_acc=84.57% val_f1=0.7938 val_agree=84.57% | test_acc=77.53% test_agree=72.75%
Epoch 009 | train=0.8478 (ce=0.6470, kd=0.2414, feat=0.0683) | val_acc=84.57% val_f1=0.7900 val_agree=84.57% | test_acc=80.06% test_agree=76.40%
Epoch 010 | train=0.7605 (ce=0.5984, kd=0.2018, feat=0.0681) | val_acc=85.71% val_f1=0.8043 val_agree=85.71% | test_acc=81.74% test_agree=79.21%
Epoch 011 | train=0.6858 (ce=0.5430, kd=0.1792, feat=0.0720) | val_acc=87.43% val_f1=0.8277 val_agree=86.29% | test_acc=82.58% test_agree=80.62%
Epoch 012 | train=0.6413 (ce=0.5445, kd=0.1375, feat=0.0667) | val_acc=89.14% val_f1=0.8545 val_agree=88.00% | test_acc=81.46% test_agree=80.06%
Epoch 013 | train=0.5821 (ce=0.5190, kd=0.1046, feat=0.0616) | val_acc=90.86% val_f1=0.8804 val_agree=89.71% | test_acc=82.02% test_agree=81.18%
Epoch 014 | train=0.5264 (ce=0.4749, kd=0.0900, feat=0.0622) | val_acc=93.14% val_f1=0.9141 val_agree=92.00% | test_acc=83.43% test_agree=83.15%
Epoch 015 | train=0.4822 (ce=0.4404, kd=0.0780, feat=0.0647) | val_acc=93.71% val_f1=0.9224 val_agree=92.57% | test_acc=84.83% test_agree=85.67%
Epoch 016 | train=0.4606 (ce=0.4216, kd=0.0738, feat=0.0640) | val_acc=94.29% val_f1=0.9292 val_agree=94.29% | test_acc=85.67% test_agree=86.52%
Epoch 017 | train=0.4342 (ce=0.4090, kd=0.0601, feat=0.0588) | val_acc=93.71% val_f1=0.9214 val_agree=94.86% | test_acc=83.71% test_agree=87.36%
Epoch 018 | train=0.4041 (ce=0.3826, kd=0.0543, feat=0.0591) | val_acc=93.71% val_f1=0.9243 val_agree=94.86% | test_acc=83.71% test_agree=88.48%
Epoch 019 | train=0.3719 (ce=0.3445, kd=0.0563, feat=0.0611) | val_acc=95.43% val_f1=0.9485 val_agree=96.57% | test_acc=83.15% test_agree=90.73%
Epoch 020 | train=0.3686 (ce=0.3392, kd=0.0576, feat=0.0593) | val_acc=95.43% val_f1=0.9514 val_agree=97.71% | test_acc=83.99% test_agree=91.01%
Epoch 021 | train=0.3504 (ce=0.3237, kd=0.0537, feat=0.0589) | val_acc=95.43% val_f1=0.9514 val_agree=97.71% | test_acc=85.11% test_agree=91.01%
Epoch 022 | train=0.3522 (ce=0.3266, kd=0.0530, feat=0.0589) | val_acc=95.43% val_f1=0.9514 val_agree=97.71% | test_acc=85.39% test_agree=91.29%
Epoch 023 | train=0.3415 (ce=0.3031, kd=0.0625, feat=0.0616) | val_acc=95.43% val_f1=0.9514 val_agree=97.71% | test_acc=86.80% test_agree=92.70%
Epoch 024 | train=0.3365 (ce=0.3007, kd=0.0599, feat=0.0597) | val_acc=95.43% val_f1=0.9514 val_agree=97.71% | test_acc=87.36% test_agree=93.26%
Epoch 025 | train=0.3321 (ce=0.2962, kd=0.0596, feat=0.0576) | val_acc=94.86% val_f1=0.9462 val_agree=97.14% | test_acc=88.20% test_agree=94.10%
Epoch 026 | train=0.3267 (ce=0.2921, kd=0.0580, feat=0.0612) | val_acc=94.86% val_f1=0.9462 val_agree=97.14% | test_acc=87.36% test_agree=93.82%
Epoch 027 | train=0.3166 (ce=0.2803, kd=0.0585, feat=0.0602) | val_acc=94.86% val_f1=0.9462 val_agree=97.14% | test_acc=87.36% test_agree=94.38%
Epoch 028 | train=0.3227 (ce=0.2863, kd=0.0592, feat=0.0610) | val_acc=94.86% val_f1=0.9462 val_agree=97.14% | test_acc=87.64% test_agree=94.66%
Epoch 029 | train=0.3079 (ce=0.2707, kd=0.0584, feat=0.0604) | val_acc=94.86% val_f1=0.9462 val_agree=97.14% | test_acc=87.64% test_agree=95.22%
Epoch 030 | train=0.2945 (ce=0.2564, kd=0.0580, feat=0.0623) | val_acc=94.86% val_f1=0.9462 val_agree=97.14% | test_acc=87.64% test_agree=95.22%
Epoch 031 | train=0.3111 (ce=0.2756, kd=0.0573, feat=0.0618) | val_acc=94.86% val_f1=0.9462 val_agree=97.14% | test_acc=87.64% test_agree=95.22%
Epoch 032 | train=0.3104 (ce=0.2775, kd=0.0551, feat=0.0574) | val_acc=94.86% val_f1=0.9462 val_agree=97.14% | test_acc=87.92% test_agree=94.94%
Epoch 033 | train=0.3113 (ce=0.2791, kd=0.0547, feat=0.0601) | val_acc=94.86% val_f1=0.9462 val_agree=97.14% | test_acc=87.64% test_agree=94.66%
Epoch 034 | train=0.3066 (ce=0.2707, kd=0.0572, feat=0.0582) | val_acc=94.29% val_f1=0.9410 val_agree=96.57% | test_acc=87.64% test_agree=94.66%
Epoch 035 | train=0.2779 (ce=0.2373, kd=0.0584, feat=0.0623) | val_acc=94.29% val_f1=0.9410 val_agree=96.57% | test_acc=88.20% test_agree=94.66%
Epoch 036 | train=0.3028 (ce=0.2652, kd=0.0583, feat=0.0610) | val_acc=94.29% val_f1=0.9410 val_agree=96.57% | test_acc=87.92% test_agree=94.38%
Epoch 037 | train=0.2850 (ce=0.2470, kd=0.0570, feat=0.0619) | val_acc=94.29% val_f1=0.9410 val_agree=96.57% | test_acc=88.20% test_agree=94.66%
Epoch 038 | train=0.2909 (ce=0.2527, kd=0.0577, feat=0.0605) | val_acc=94.29% val_f1=0.9410 val_agree=96.57% | test_acc=88.20% test_agree=94.66%
Epoch 039 | train=0.2879 (ce=0.2477, kd=0.0591, feat=0.0611) | val_acc=94.29% val_f1=0.9410 val_agree=96.57% | test_acc=88.48% test_agree=94.94%
Epoch 040 | train=0.2882 (ce=0.2516, kd=0.0562, feat=0.0594) | val_acc=94.29% val_f1=0.9410 val_agree=96.57% | test_acc=88.48% test_agree=94.94%
Epoch 041 | train=0.2866 (ce=0.2498, kd=0.0562, feat=0.0601) | val_acc=94.86% val_f1=0.9462 val_agree=97.14% | test_acc=88.48% test_agree=95.51%
Epoch 042 | train=0.2992 (ce=0.2644, kd=0.0557, feat=0.0574) | val_acc=95.43% val_f1=0.9538 val_agree=96.57% | test_acc=89.04% test_agree=96.07%
Epoch 043 | train=0.3004 (ce=0.2673, kd=0.0543, feat=0.0600) | val_acc=95.43% val_f1=0.9538 val_agree=96.57% | test_acc=89.33% test_agree=96.35%
Epoch 044 | train=0.2871 (ce=0.2488, kd=0.0575, feat=0.0606) | val_acc=95.43% val_f1=0.9538 val_agree=96.57% | test_acc=89.33% test_agree=96.35%
Epoch 045 | train=0.2772 (ce=0.2422, kd=0.0538, feat=0.0619) | val_acc=95.43% val_f1=0.9538 val_agree=96.57% | test_acc=89.61% test_agree=96.07%
Epoch 046 | train=0.2929 (ce=0.2528, kd=0.0595, feat=0.0602) | val_acc=95.43% val_f1=0.9538 val_agree=96.57% | test_acc=89.04% test_agree=96.07%
Epoch 047 | train=0.2941 (ce=0.2544, kd=0.0593, feat=0.0583) | val_acc=95.43% val_f1=0.9538 val_agree=96.57% | test_acc=89.33% test_agree=95.79%
Epoch 048 | train=0.2797 (ce=0.2427, kd=0.0556, feat=0.0629) | val_acc=94.86% val_f1=0.9485 val_agree=96.00% | test_acc=89.33% test_agree=95.79%
Epoch 049 | train=0.2788 (ce=0.2418, kd=0.0557, feat=0.0615) | val_acc=95.43% val_f1=0.9538 val_agree=96.57% | test_acc=89.33% test_agree=95.79%
Epoch 050 | train=0.2859 (ce=0.2483, kd=0.0567, feat=0.0598) | val_acc=95.43% val_f1=0.9538 val_agree=96.57% | test_acc=89.33% test_agree=95.79%
Epoch 051 | train=0.2767 (ce=0.2389, kd=0.0561, feat=0.0610) | val_acc=95.43% val_f1=0.9538 val_agree=96.57% | test_acc=89.61% test_agree=96.07%
Epoch 052 | train=0.2821 (ce=0.2430, kd=0.0576, feat=0.0605) | val_acc=95.43% val_f1=0.9538 val_agree=96.57% | test_acc=89.33% test_agree=96.35%
Epoch 053 | train=0.2817 (ce=0.2464, kd=0.0545, feat=0.0572) | val_acc=95.43% val_f1=0.9538 val_agree=96.57% | test_acc=89.04% test_agree=96.07%
Epoch 054 | train=0.2779 (ce=0.2381, kd=0.0578, feat=0.0618) | val_acc=95.43% val_f1=0.9538 val_agree=96.57% | test_acc=88.76% test_agree=95.79%
Epoch 055 | train=0.2850 (ce=0.2490, kd=0.0553, feat=0.0614) | val_acc=95.43% val_f1=0.9538 val_agree=96.57% | test_acc=88.48% test_agree=95.51%
Epoch 056 | train=0.2820 (ce=0.2432, kd=0.0574, feat=0.0614) | val_acc=95.43% val_f1=0.9538 val_agree=96.57% | test_acc=88.48% test_agree=95.51%
Epoch 057 | train=0.2808 (ce=0.2414, kd=0.0577, feat=0.0582) | val_acc=95.43% val_f1=0.9538 val_agree=96.57% | test_acc=88.48% test_agree=95.51%
Epoch 058 | train=0.2629 (ce=0.2190, kd=0.0598, feat=0.0663) | val_acc=95.43% val_f1=0.9538 val_agree=96.57% | test_acc=89.04% test_agree=96.07%
Epoch 059 | train=0.2798 (ce=0.2347, kd=0.0624, feat=0.0613) | val_acc=95.43% val_f1=0.9538 val_agree=96.57% | test_acc=89.33% test_agree=96.35%
Epoch 060 | train=0.2838 (ce=0.2440, kd=0.0583, feat=0.0608) | val_acc=95.43% val_f1=0.9538 val_agree=96.57% | test_acc=89.33% test_agree=96.35%
Epoch 061 | train=0.2830 (ce=0.2494, kd=0.0532, feat=0.0589) | val_acc=96.00% val_f1=0.9590 val_agree=96.00% | test_acc=89.33% test_agree=96.35%
Early stopping at epoch 61 (best=45, score=0.896067)
================================================================================
Best epoch: 45
Best score (test_acc): 0.896067
Final test accuracy: 89.61%
Final test teacher agreement: 96.07%
Saved to: ablation_experiments/h1/results/run_20260327_131013/ablation2_teacher_student_lstm/students/ablation2_h1_scan90_run_20260327_131013/stage1/s1_l2_o1_c0/ablation2_distill_lstm_weld_seam_windows_ws5_tf75_pg0_h1_ep80_lr0.00015_bs128_T2.5_lce0.9_lkd1.1_lf0.0_seed14
================================================================================
Ablation-2 | Distill 13D LSTM student for future-step prediction
================================================================================
Dataset: Data/processed_data/weld_seam_windows_ws5_tf75_pg0_h1.npz
Teacher ckpt: /home/huang_kai/wind_turbine_phm/PHOENIX-main/autoencoder_benchmark/ablation_experiments/h1/results/comparison_18d_baselines/lstm/lstm_weld_seam_windows_ws5_tf75_pg0_h1_h64_l2_bi_do0.3_ep80_lr0.0001_wd1e-05_bs128_seed42/best_model.pth
Teacher run args: /home/huang_kai/wind_turbine_phm/PHOENIX-main/autoencoder_benchmark/ablation_experiments/h1/results/comparison_18d_baselines/lstm/lstm_weld_seam_windows_ws5_tf75_pg0_h1_h64_l2_bi_do0.3_ep80_lr0.0001_wd1e-05_bs128_seed42/run_args.json
Device: cuda
Train/Val/Test: 990 / 175 / 356
Input full/subset dims: 18 / 13
Dropped feature indices: [3, 4, 5, 6, 7]
Temperature: 2.5
Loss weights (ce/kd/feat): 0.9 / 1.1 / 0.0
Teacher init summary: {'init_mode': 'strict', 'loaded_keys': 20, 'skipped_keys': [], 'missing_model_keys': []}
Student init summary: {'init_mode': 'shape_safe', 'loaded_keys': 18, 'skipped_keys': ['lstm.weight_ih_l0', 'lstm.weight_ih_l0_reverse'], 'missing_model_keys': ['lstm.weight_ih_l0', 'lstm.weight_ih_l0_reverse']}
Epoch 001 | train=2.2812 (ce=1.2286, kd=1.0686, feat=0.0797) | val_acc=24.57% val_f1=0.1367 val_agree=26.86% | test_acc=33.15% test_agree=35.67%
Epoch 002 | train=1.9676 (ce=1.0913, kd=0.8959, feat=0.0733) | val_acc=26.29% val_f1=0.1685 val_agree=28.57% | test_acc=42.42% test_agree=44.94%
Epoch 003 | train=1.6183 (ce=0.9517, kd=0.6925, feat=0.0621) | val_acc=30.86% val_f1=0.2500 val_agree=33.14% | test_acc=51.97% test_agree=54.49%
Epoch 004 | train=1.4441 (ce=0.8480, kd=0.6190, feat=0.0623) | val_acc=54.29% val_f1=0.5896 val_agree=56.57% | test_acc=62.08% test_agree=64.61%
Epoch 005 | train=1.1412 (ce=0.7254, kd=0.4439, feat=0.0538) | val_acc=69.14% val_f1=0.7212 val_agree=71.43% | test_acc=77.81% test_agree=75.28%
Epoch 006 | train=0.8788 (ce=0.6322, kd=0.2816, feat=0.0431) | val_acc=77.14% val_f1=0.7464 val_agree=77.14% | test_acc=81.46% test_agree=77.25%
Epoch 007 | train=0.7394 (ce=0.6076, kd=0.1751, feat=0.0315) | val_acc=85.14% val_f1=0.8036 val_agree=85.14% | test_acc=84.27% test_agree=81.74%
Epoch 008 | train=0.5860 (ce=0.5039, kd=0.1204, feat=0.0306) | val_acc=88.00% val_f1=0.8379 val_agree=86.86% | test_acc=82.58% test_agree=81.18%
Epoch 009 | train=0.5328 (ce=0.4848, kd=0.0877, feat=0.0237) | val_acc=92.57% val_f1=0.9044 val_agree=90.29% | test_acc=80.34% test_agree=81.74%
Epoch 010 | train=0.4815 (ce=0.4578, kd=0.0632, feat=0.0206) | val_acc=94.29% val_f1=0.9307 val_agree=94.29% | test_acc=79.21% test_agree=83.43%
Epoch 011 | train=0.4332 (ce=0.4125, kd=0.0563, feat=0.0190) | val_acc=96.00% val_f1=0.9556 val_agree=96.00% | test_acc=77.81% test_agree=83.71%
Epoch 012 | train=0.4248 (ce=0.4069, kd=0.0533, feat=0.0170) | val_acc=96.00% val_f1=0.9556 val_agree=96.00% | test_acc=76.69% test_agree=84.83%
Epoch 013 | train=0.3752 (ce=0.3512, kd=0.0538, feat=0.0164) | val_acc=96.57% val_f1=0.9610 val_agree=96.57% | test_acc=78.37% test_agree=87.08%
Epoch 014 | train=0.3750 (ce=0.3434, kd=0.0600, feat=0.0143) | val_acc=97.14% val_f1=0.9669 val_agree=97.14% | test_acc=81.46% test_agree=90.73%
Epoch 015 | train=0.3462 (ce=0.3155, kd=0.0566, feat=0.0146) | val_acc=96.57% val_f1=0.9615 val_agree=97.71% | test_acc=81.46% test_agree=90.73%
Epoch 016 | train=0.3394 (ce=0.3023, kd=0.0612, feat=0.0155) | val_acc=96.57% val_f1=0.9615 val_agree=97.71% | test_acc=83.43% test_agree=92.70%
Epoch 017 | train=0.3340 (ce=0.2921, kd=0.0646, feat=0.0144) | val_acc=96.57% val_f1=0.9615 val_agree=97.71% | test_acc=84.27% test_agree=93.54%
Epoch 018 | train=0.3351 (ce=0.2945, kd=0.0637, feat=0.0135) | val_acc=96.57% val_f1=0.9615 val_agree=97.71% | test_acc=85.39% test_agree=94.66%
Epoch 019 | train=0.3281 (ce=0.2873, kd=0.0631, feat=0.0135) | val_acc=97.14% val_f1=0.9673 val_agree=98.29% | test_acc=85.67% test_agree=94.94%
Epoch 020 | train=0.3213 (ce=0.2774, kd=0.0651, feat=0.0137) | val_acc=97.14% val_f1=0.9673 val_agree=98.29% | test_acc=86.24% test_agree=95.51%
Epoch 021 | train=0.3267 (ce=0.2808, kd=0.0672, feat=0.0135) | val_acc=96.57% val_f1=0.9619 val_agree=97.71% | test_acc=87.08% test_agree=95.79%
Epoch 022 | train=0.3217 (ce=0.2752, kd=0.0673, feat=0.0136) | val_acc=96.57% val_f1=0.9619 val_agree=97.71% | test_acc=86.80% test_agree=95.51%
Epoch 023 | train=0.3194 (ce=0.2760, kd=0.0645, feat=0.0136) | val_acc=96.00% val_f1=0.9566 val_agree=98.29% | test_acc=86.52% test_agree=95.22%
Epoch 024 | train=0.3144 (ce=0.2724, kd=0.0629, feat=0.0140) | val_acc=96.00% val_f1=0.9566 val_agree=98.29% | test_acc=86.52% test_agree=95.22%
Epoch 025 | train=0.3081 (ce=0.2650, kd=0.0633, feat=0.0131) | val_acc=95.43% val_f1=0.9514 val_agree=97.71% | test_acc=88.48% test_agree=96.07%
Epoch 026 | train=0.2980 (ce=0.2503, kd=0.0662, feat=0.0139) | val_acc=96.00% val_f1=0.9566 val_agree=98.29% | test_acc=87.92% test_agree=96.07%
Epoch 027 | train=0.2873 (ce=0.2440, kd=0.0615, feat=0.0133) | val_acc=96.57% val_f1=0.9619 val_agree=97.71% | test_acc=87.64% test_agree=96.35%
Epoch 028 | train=0.2844 (ce=0.2419, kd=0.0607, feat=0.0137) | val_acc=96.57% val_f1=0.9619 val_agree=97.71% | test_acc=87.36% test_agree=96.07%
Epoch 029 | train=0.2992 (ce=0.2510, kd=0.0666, feat=0.0132) | val_acc=96.00% val_f1=0.9566 val_agree=98.29% | test_acc=88.20% test_agree=95.79%
Epoch 030 | train=0.2903 (ce=0.2412, kd=0.0665, feat=0.0137) | val_acc=95.43% val_f1=0.9514 val_agree=97.71% | test_acc=88.48% test_agree=96.07%
Epoch 031 | train=0.2930 (ce=0.2441, kd=0.0667, feat=0.0138) | val_acc=95.43% val_f1=0.9514 val_agree=97.71% | test_acc=88.20% test_agree=95.79%
Epoch 032 | train=0.2990 (ce=0.2510, kd=0.0664, feat=0.0129) | val_acc=96.57% val_f1=0.9619 val_agree=97.71% | test_acc=87.64% test_agree=95.22%
Epoch 033 | train=0.2961 (ce=0.2466, kd=0.0674, feat=0.0136) | val_acc=96.57% val_f1=0.9619 val_agree=97.71% | test_acc=88.20% test_agree=95.79%
Epoch 034 | train=0.2934 (ce=0.2478, kd=0.0639, feat=0.0125) | val_acc=96.57% val_f1=0.9619 val_agree=97.71% | test_acc=88.48% test_agree=96.07%
Epoch 035 | train=0.2796 (ce=0.2315, kd=0.0648, feat=0.0134) | val_acc=95.43% val_f1=0.9514 val_agree=97.71% | test_acc=88.48% test_agree=96.07%
Epoch 036 | train=0.2929 (ce=0.2453, kd=0.0656, feat=0.0130) | val_acc=95.43% val_f1=0.9514 val_agree=97.71% | test_acc=88.48% test_agree=96.07%
Epoch 037 | train=0.2852 (ce=0.2350, kd=0.0669, feat=0.0130) | val_acc=95.43% val_f1=0.9514 val_agree=97.71% | test_acc=88.48% test_agree=96.07%
Epoch 038 | train=0.2854 (ce=0.2396, kd=0.0634, feat=0.0125) | val_acc=95.43% val_f1=0.9514 val_agree=97.71% | test_acc=88.48% test_agree=96.07%
Epoch 039 | train=0.2991 (ce=0.2466, kd=0.0702, feat=0.0121) | val_acc=96.57% val_f1=0.9644 val_agree=97.71% | test_acc=89.04% test_agree=96.63%
Epoch 040 | train=0.2976 (ce=0.2501, kd=0.0659, feat=0.0122) | val_acc=97.71% val_f1=0.9752 val_agree=97.71% | test_acc=89.04% test_agree=96.63%
Epoch 041 | train=0.2843 (ce=0.2354, kd=0.0658, feat=0.0132) | val_acc=97.71% val_f1=0.9752 val_agree=97.71% | test_acc=88.48% test_agree=96.07%
Epoch 042 | train=0.2947 (ce=0.2486, kd=0.0645, feat=0.0129) | val_acc=98.29% val_f1=0.9807 val_agree=98.29% | test_acc=88.48% test_agree=96.07%
Epoch 043 | train=0.2910 (ce=0.2411, kd=0.0672, feat=0.0127) | val_acc=98.29% val_f1=0.9807 val_agree=98.29% | test_acc=88.20% test_agree=95.79%
Epoch 044 | train=0.2863 (ce=0.2420, kd=0.0623, feat=0.0126) | val_acc=98.29% val_f1=0.9807 val_agree=98.29% | test_acc=88.76% test_agree=96.35%
Epoch 045 | train=0.2784 (ce=0.2275, kd=0.0670, feat=0.0126) | val_acc=98.29% val_f1=0.9807 val_agree=98.29% | test_acc=89.04% test_agree=96.63%
Epoch 046 | train=0.2852 (ce=0.2393, kd=0.0635, feat=0.0126) | val_acc=98.29% val_f1=0.9807 val_agree=98.29% | test_acc=89.04% test_agree=96.63%
Epoch 047 | train=0.2749 (ce=0.2245, kd=0.0662, feat=0.0129) | val_acc=98.29% val_f1=0.9807 val_agree=98.29% | test_acc=89.04% test_agree=96.63%
Epoch 048 | train=0.2737 (ce=0.2232, kd=0.0661, feat=0.0132) | val_acc=97.71% val_f1=0.9752 val_agree=97.71% | test_acc=89.04% test_agree=96.63%
Epoch 049 | train=0.2743 (ce=0.2267, kd=0.0639, feat=0.0131) | val_acc=97.71% val_f1=0.9752 val_agree=97.71% | test_acc=89.04% test_agree=96.63%
Epoch 050 | train=0.2779 (ce=0.2314, kd=0.0633, feat=0.0129) | val_acc=97.71% val_f1=0.9752 val_agree=97.71% | test_acc=89.04% test_agree=96.63%
Epoch 051 | train=0.2847 (ce=0.2372, kd=0.0648, feat=0.0125) | val_acc=97.71% val_f1=0.9752 val_agree=97.71% | test_acc=89.04% test_agree=96.63%
Epoch 052 | train=0.2778 (ce=0.2292, kd=0.0650, feat=0.0128) | val_acc=97.71% val_f1=0.9752 val_agree=97.71% | test_acc=89.33% test_agree=96.91%
Epoch 053 | train=0.2778 (ce=0.2275, kd=0.0664, feat=0.0123) | val_acc=97.71% val_f1=0.9752 val_agree=97.71% | test_acc=89.04% test_agree=96.63%
Epoch 054 | train=0.2885 (ce=0.2421, kd=0.0642, feat=0.0124) | val_acc=97.71% val_f1=0.9752 val_agree=97.71% | test_acc=88.48% test_agree=96.07%
Epoch 055 | train=0.2736 (ce=0.2255, kd=0.0642, feat=0.0128) | val_acc=97.71% val_f1=0.9752 val_agree=97.71% | test_acc=88.48% test_agree=96.07%
Epoch 056 | train=0.2741 (ce=0.2265, kd=0.0638, feat=0.0124) | val_acc=98.29% val_f1=0.9807 val_agree=98.29% | test_acc=88.48% test_agree=96.07%
Epoch 057 | train=0.2766 (ce=0.2294, kd=0.0638, feat=0.0121) | val_acc=98.29% val_f1=0.9807 val_agree=98.29% | test_acc=88.48% test_agree=96.07%
Epoch 058 | train=0.2782 (ce=0.2274, kd=0.0669, feat=0.0125) | val_acc=97.71% val_f1=0.9752 val_agree=97.71% | test_acc=88.76% test_agree=96.35%
Epoch 059 | train=0.2815 (ce=0.2322, kd=0.0659, feat=0.0128) | val_acc=97.71% val_f1=0.9752 val_agree=97.71% | test_acc=88.76% test_agree=96.35%
Epoch 060 | train=0.2780 (ce=0.2266, kd=0.0673, feat=0.0127) | val_acc=97.71% val_f1=0.9752 val_agree=97.71% | test_acc=89.04% test_agree=96.63%
Epoch 061 | train=0.2796 (ce=0.2333, kd=0.0633, feat=0.0125) | val_acc=97.71% val_f1=0.9752 val_agree=97.71% | test_acc=89.04% test_agree=96.63%
Epoch 062 | train=0.2796 (ce=0.2300, kd=0.0660, feat=0.0127) | val_acc=97.71% val_f1=0.9752 val_agree=97.71% | test_acc=89.04% test_agree=96.63%
Epoch 063 | train=0.2837 (ce=0.2378, kd=0.0634, feat=0.0122) | val_acc=97.71% val_f1=0.9752 val_agree=97.71% | test_acc=89.04% test_agree=96.63%
Epoch 064 | train=0.2756 (ce=0.2273, kd=0.0645, feat=0.0119) | val_acc=97.71% val_f1=0.9752 val_agree=97.71% | test_acc=89.04% test_agree=96.63%
Epoch 065 | train=0.2876 (ce=0.2377, kd=0.0669, feat=0.0120) | val_acc=97.71% val_f1=0.9752 val_agree=97.71% | test_acc=89.04% test_agree=96.63%
Epoch 066 | train=0.2873 (ce=0.2347, kd=0.0691, feat=0.0119) | val_acc=97.71% val_f1=0.9752 val_agree=97.71% | test_acc=89.04% test_agree=96.63%
Epoch 067 | train=0.2766 (ce=0.2223, kd=0.0696, feat=0.0124) | val_acc=97.71% val_f1=0.9752 val_agree=97.71% | test_acc=89.04% test_agree=96.63%
Epoch 068 | train=0.2738 (ce=0.2265, kd=0.0636, feat=0.0123) | val_acc=97.71% val_f1=0.9752 val_agree=97.71% | test_acc=89.04% test_agree=96.63%
Early stopping at epoch 68 (best=52, score=0.893258)
================================================================================
Best epoch: 52
Best score (test_acc): 0.893258
Final test accuracy: 89.33%
Final test teacher agreement: 96.91%
Saved to: ablation_experiments/h1/results/run_20260327_131013/ablation2_teacher_student_lstm/students/ablation2_h1_scan90_run_20260327_131013/stage1/s1_l2_o1_c1/ablation2_distill_lstm_weld_seam_windows_ws5_tf75_pg0_h1_ep80_lr0.00015_bs128_T2.5_lce0.9_lkd1.1_lf0.0_seed14
/usr/bin/python /home/huang_kai/wind_turbine_phm/PHOENIX-main/autoencoder_benchmark/ablation_experiments/scripts/train_ablation2_distill_lstm_student.py --dataset-npz Data/processed_data/weld_seam_windows_ws5_tf75_pg0_h1.npz --teacher-ckpt /home/huang_kai/wind_turbine_phm/PHOENIX-main/autoencoder_benchmark/ablation_experiments/h1/results/comparison_18d_baselines/lstm/lstm_weld_seam_windows_ws5_tf75_pg0_h1_h64_l2_bi_do0.3_ep80_lr0.0001_wd1e-05_bs128_seed42/best_model.pth --teacher-run-args /home/huang_kai/wind_turbine_phm/PHOENIX-main/autoencoder_benchmark/ablation_experiments/h1/results/comparison_18d_baselines/lstm/lstm_weld_seam_windows_ws5_tf75_pg0_h1_h64_l2_bi_do0.3_ep80_lr0.0001_wd1e-05_bs128_seed42/run_args.json --output-dir ablation_experiments/h1/results/run_20260327_131013/ablation2_teacher_student_lstm/students/ablation2_h1_scan90_run_20260327_131013/stage1/s1_l1_o3_c1 --epochs 80 --batch-size 128 --lr 0.0003 --weight-decay 0.0002 --seed 14 --num-workers 0 --checkpoint-metric test_acc --temperature 2.0 --lambda-ce 0.9 --lambda-kd 1.1 --lambda-feat 0.0 --student-lstm-layers 2 --student-lstm-dropout 0.3 --student-classifier-hidden 64 --student-classifier-dropout 0.35 --student-init-ckpt /home/huang_kai/wind_turbine_phm/PHOENIX-main/autoencoder_benchmark/ablation_experiments/h1/results/comparison_18d_baselines/lstm/lstm_weld_seam_windows_ws5_tf75_pg0_h1_h64_l2_bi_do0.3_ep80_lr0.0001_wd1e-05_bs128_seed42/best_model.pth --student-init-mode shape_safe
Command: /usr/bin/python /home/huang_kai/wind_turbine_phm/PHOENIX-main/autoencoder_benchmark/ablation_experiments/scripts/train_ablation2_distill_lstm_student.py --dataset-npz Data/processed_data/weld_seam_windows_ws5_tf75_pg0_h1.npz --teacher-ckpt /home/huang_kai/wind_turbine_phm/PHOENIX-main/autoencoder_benchmark/ablation_experiments/h1/results/comparison_18d_baselines/lstm/lstm_weld_seam_windows_ws5_tf75_pg0_h1_h64_l2_bi_do0.3_ep80_lr0.0001_wd1e-05_bs128_seed42/best_model.pth --teacher-run-args /home/huang_kai/wind_turbine_phm/PHOENIX-main/autoencoder_benchmark/ablation_experiments/h1/results/comparison_18d_baselines/lstm/lstm_weld_seam_windows_ws5_tf75_pg0_h1_h64_l2_bi_do0.3_ep80_lr0.0001_wd1e-05_bs128_seed42/run_args.json --output-dir ablation_experiments/h1/results/run_20260327_131013/ablation2_teacher_student_lstm/students/ablation2_h1_scan90_run_20260327_131013/stage1/s1_l2_o0_c0 --epochs 80 --batch-size 128 --lr 0.0001 --weight-decay 1e-05 --seed 14 --num-workers 0 --checkpoint-metric test_acc --temperature 2.5 --lambda-ce 0.9 --lambda-kd 1.1 --lambda-feat 0.0 --student-lstm-layers 1 --student-lstm-dropout 0.2 --student-classifier-hidden 64 --student-classifier-dropout 0.3 --weighted-sampler --student-init-ckpt /home/huang_kai/wind_turbine_phm/PHOENIX-main/autoencoder_benchmark/ablation_experiments/h1/results/comparison_18d_baselines/lstm/lstm_weld_seam_windows_ws5_tf75_pg0_h1_h64_l2_bi_do0.3_ep80_lr0.0001_wd1e-05_bs128_seed42/best_model.pth --student-init-mode shape_safe
Command: /usr/bin/python /home/huang_kai/wind_turbine_phm/PHOENIX-main/autoencoder_benchmark/ablation_experiments/scripts/train_ablation2_distill_lstm_student.py --dataset-npz Data/processed_data/weld_seam_windows_ws5_tf75_pg0_h1.npz --teacher-ckpt /home/huang_kai/wind_turbine_phm/PHOENIX-main/autoencoder_benchmark/ablation_experiments/h1/results/comparison_18d_baselines/lstm/lstm_weld_seam_windows_ws5_tf75_pg0_h1_h64_l2_bi_do0.3_ep80_lr0.0001_wd1e-05_bs128_seed42/best_model.pth --teacher-run-args /home/huang_kai/wind_turbine_phm/PHOENIX-main/autoencoder_benchmark/ablation_experiments/h1/results/comparison_18d_baselines/lstm/lstm_weld_seam_windows_ws5_tf75_pg0_h1_h64_l2_bi_do0.3_ep80_lr0.0001_wd1e-05_bs128_seed42/run_args.json --output-dir ablation_experiments/h1/results/run_20260327_131013/ablation2_teacher_student_lstm/students/ablation2_h1_scan90_run_20260327_131013/stage1/s1_l2_o0_c1 --epochs 80 --batch-size 128 --lr 0.0001 --weight-decay 1e-05 --seed 14 --num-workers 0 --checkpoint-metric test_acc --temperature 2.5 --lambda-ce 0.9 --lambda-kd 1.1 --lambda-feat 0.0 --student-lstm-layers 2 --student-lstm-dropout 0.3 --student-classifier-hidden 64 --student-classifier-dropout 0.35 --weighted-sampler --student-init-ckpt /home/huang_kai/wind_turbine_phm/PHOENIX-main/autoencoder_benchmark/ablation_experiments/h1/results/comparison_18d_baselines/lstm/lstm_weld_seam_windows_ws5_tf75_pg0_h1_h64_l2_bi_do0.3_ep80_lr0.0001_wd1e-05_bs128_seed42/best_model.pth --student-init-mode shape_safe
Command: /usr/bin/python /home/huang_kai/wind_turbine_phm/PHOENIX-main/autoencoder_benchmark/ablation_experiments/scripts/train_ablation2_distill_lstm_student.py --dataset-npz Data/processed_data/weld_seam_windows_ws5_tf75_pg0_h1.npz --teacher-ckpt /home/huang_kai/wind_turbine_phm/PHOENIX-main/autoencoder_benchmark/ablation_experiments/h1/results/comparison_18d_baselines/lstm/lstm_weld_seam_windows_ws5_tf75_pg0_h1_h64_l2_bi_do0.3_ep80_lr0.0001_wd1e-05_bs128_seed42/best_model.pth --teacher-run-args /home/huang_kai/wind_turbine_phm/PHOENIX-main/autoencoder_benchmark/ablation_experiments/h1/results/comparison_18d_baselines/lstm/lstm_weld_seam_windows_ws5_tf75_pg0_h1_h64_l2_bi_do0.3_ep80_lr0.0001_wd1e-05_bs128_seed42/run_args.json --output-dir ablation_experiments/h1/results/run_20260327_131013/ablation2_teacher_student_lstm/students/ablation2_h1_scan90_run_20260327_131013/stage1/s1_l2_o1_c0 --epochs 80 --batch-size 128 --lr 0.00015 --weight-decay 1e-05 --seed 14 --num-workers 0 --checkpoint-metric test_acc --temperature 2.5 --lambda-ce 0.9 --lambda-kd 1.1 --lambda-feat 0.0 --student-lstm-layers 1 --student-lstm-dropout 0.2 --student-classifier-hidden 64 --student-classifier-dropout 0.3 --weighted-sampler --student-init-ckpt /home/huang_kai/wind_turbine_phm/PHOENIX-main/autoencoder_benchmark/ablation_experiments/h1/results/comparison_18d_baselines/lstm/lstm_weld_seam_windows_ws5_tf75_pg0_h1_h64_l2_bi_do0.3_ep80_lr0.0001_wd1e-05_bs128_seed42/best_model.pth --student-init-mode shape_safe
Command: /usr/bin/python /home/huang_kai/wind_turbine_phm/PHOENIX-main/autoencoder_benchmark/ablation_experiments/scripts/train_ablation2_distill_lstm_student.py --dataset-npz Data/processed_data/weld_seam_windows_ws5_tf75_pg0_h1.npz --teacher-ckpt /home/huang_kai/wind_turbine_phm/PHOENIX-main/autoencoder_benchmark/ablation_experiments/h1/results/comparison_18d_baselines/lstm/lstm_weld_seam_windows_ws5_tf75_pg0_h1_h64_l2_bi_do0.3_ep80_lr0.0001_wd1e-05_bs128_seed42/best_model.pth --teacher-run-args /home/huang_kai/wind_turbine_phm/PHOENIX-main/autoencoder_benchmark/ablation_experiments/h1/results/comparison_18d_baselines/lstm/lstm_weld_seam_windows_ws5_tf75_pg0_h1_h64_l2_bi_do0.3_ep80_lr0.0001_wd1e-05_bs128_seed42/run_args.json --output-dir ablation_experiments/h1/results/run_20260327_131013/ablation2_teacher_student_lstm/students/ablation2_h1_scan90_run_20260327_131013/stage1/s1_l2_o1_c1 --epochs 80 --batch-size 128 --lr 0.00015 --weight-decay 1e-05 --seed 14 --num-workers 0 --checkpoint-metric test_acc --temperature 2.5 --lambda-ce 0.9 --lambda-kd 1.1 --lambda-feat 0.0 --student-lstm-layers 2 --student-lstm-dropout 0.3 --student-classifier-hidden 64 --student-classifier-dropout 0.35 --weighted-sampler --student-init-ckpt /home/huang_kai/wind_turbine_phm/PHOENIX-main/autoencoder_benchmark/ablation_experiments/h1/results/comparison_18d_baselines/lstm/lstm_weld_seam_windows_ws5_tf75_pg0_h1_h64_l2_bi_do0.3_ep80_lr0.0001_wd1e-05_bs128_seed42/best_model.pth --student-init-mode shape_safe
Command: ================================================================================
Ablation-2 | Distill 13D LSTM student for future-step prediction
================================================================================
Dataset: Data/processed_data/weld_seam_windows_ws5_tf75_pg0_h1.npz
Teacher ckpt: /home/huang_kai/wind_turbine_phm/PHOENIX-main/autoencoder_benchmark/ablation_experiments/h1/results/comparison_18d_baselines/lstm/lstm_weld_seam_windows_ws5_tf75_pg0_h1_h64_l2_bi_do0.3_ep80_lr0.0001_wd1e-05_bs128_seed42/best_model.pth
Teacher run args: /home/huang_kai/wind_turbine_phm/PHOENIX-main/autoencoder_benchmark/ablation_experiments/h1/results/comparison_18d_baselines/lstm/lstm_weld_seam_windows_ws5_tf75_pg0_h1_h64_l2_bi_do0.3_ep80_lr0.0001_wd1e-05_bs128_seed42/run_args.json
Device: cuda
Train/Val/Test: 990 / 175 / 356
Input full/subset dims: 18 / 13
Dropped feature indices: [3, 4, 5, 6, 7]
Temperature: 2.5
Loss weights (ce/kd/feat): 0.9 / 1.1 / 0.0
Teacher init summary: {'init_mode': 'strict', 'loaded_keys': 20, 'skipped_keys': [], 'missing_model_keys': []}
Student init summary: {'init_mode': 'shape_safe', 'loaded_keys': 10, 'skipped_keys': ['lstm.bias_hh_l1', 'lstm.bias_hh_l1_reverse', 'lstm.bias_ih_l1', 'lstm.bias_ih_l1_reverse', 'lstm.weight_hh_l1', 'lstm.weight_hh_l1_reverse', 'lstm.weight_ih_l0', 'lstm.weight_ih_l0_reverse', 'lstm.weight_ih_l1', 'lstm.weight_ih_l1_reverse'], 'missing_model_keys': ['lstm.weight_ih_l0', 'lstm.weight_ih_l0_reverse']}
Epoch 001 | train=1.6582 (ce=0.9913, kd=0.6964, feat=0.0853) | val_acc=40.57% val_f1=0.4224 val_agree=40.57% | test_acc=55.06% test_agree=45.79%
Epoch 002 | train=1.5219 (ce=0.9198, kd=0.6310, feat=0.0853) | val_acc=55.43% val_f1=0.5651 val_agree=55.43% | test_acc=71.63% test_agree=62.36%
Epoch 003 | train=1.3821 (ce=0.8504, kd=0.5607, feat=0.0841) | val_acc=69.14% val_f1=0.6702 val_agree=69.14% | test_acc=73.03% test_agree=64.33%
Epoch 004 | train=1.2507 (ce=0.7865, kd=0.4935, feat=0.0829) | val_acc=77.71% val_f1=0.7341 val_agree=77.71% | test_acc=73.31% test_agree=64.61%
Epoch 005 | train=1.0895 (ce=0.7537, kd=0.3738, feat=0.0747) | val_acc=81.71% val_f1=0.7656 val_agree=81.71% | test_acc=75.00% test_agree=66.85%
Epoch 006 | train=0.9659 (ce=0.6945, kd=0.3099, feat=0.0732) | val_acc=84.00% val_f1=0.7854 val_agree=84.00% | test_acc=76.97% test_agree=72.75%
Epoch 007 | train=0.8429 (ce=0.6387, kd=0.2437, feat=0.0688) | val_acc=85.14% val_f1=0.7949 val_agree=85.14% | test_acc=79.49% test_agree=76.97%
Epoch 008 | train=0.7321 (ce=0.5744, kd=0.1956, feat=0.0700) | val_acc=86.86% val_f1=0.8186 val_agree=85.71% | test_acc=81.46% test_agree=78.93%
Epoch 009 | train=0.6434 (ce=0.5506, kd=0.1344, feat=0.0636) | val_acc=89.14% val_f1=0.8545 val_agree=88.00% | test_acc=81.18% test_agree=79.78%
Epoch 010 | train=0.5645 (ce=0.4976, kd=0.1060, feat=0.0632) | val_acc=92.57% val_f1=0.9028 val_agree=91.43% | test_acc=82.87% test_agree=82.02%
Epoch 011 | train=0.4948 (ce=0.4401, kd=0.0898, feat=0.0666) | val_acc=93.14% val_f1=0.9141 val_agree=92.00% | test_acc=85.11% test_agree=84.27%
Epoch 012 | train=0.4643 (ce=0.4308, kd=0.0696, feat=0.0620) | val_acc=93.14% val_f1=0.9147 val_agree=93.14% | test_acc=85.11% test_agree=85.96%
Epoch 013 | train=0.4344 (ce=0.4107, kd=0.0588, feat=0.0576) | val_acc=93.71% val_f1=0.9214 val_agree=94.86% | test_acc=83.99% test_agree=87.64%
Epoch 014 | train=0.3901 (ce=0.3604, kd=0.0598, feat=0.0585) | val_acc=94.29% val_f1=0.9323 val_agree=95.43% | test_acc=83.99% test_agree=89.89%
Epoch 015 | train=0.3725 (ce=0.3435, kd=0.0576, feat=0.0613) | val_acc=94.86% val_f1=0.9433 val_agree=97.14% | test_acc=84.55% test_agree=90.45%
Epoch 016 | train=0.3609 (ce=0.3258, kd=0.0615, feat=0.0612) | val_acc=95.43% val_f1=0.9514 val_agree=97.71% | test_acc=85.11% test_agree=91.01%
Epoch 017 | train=0.3582 (ce=0.3240, kd=0.0606, feat=0.0569) | val_acc=95.43% val_f1=0.9514 val_agree=97.71% | test_acc=85.96% test_agree=92.42%
Epoch 018 | train=0.3369 (ce=0.3058, kd=0.0561, feat=0.0576) | val_acc=96.00% val_f1=0.9566 val_agree=97.14% | test_acc=86.80% test_agree=93.26%
Epoch 019 | train=0.3130 (ce=0.2731, kd=0.0611, feat=0.0600) | val_acc=96.00% val_f1=0.9566 val_agree=97.14% | test_acc=86.80% test_agree=94.38%
Epoch 020 | train=0.3185 (ce=0.2801, kd=0.0604, feat=0.0587) | val_acc=94.86% val_f1=0.9462 val_agree=97.14% | test_acc=87.08% test_agree=94.66%
Epoch 021 | train=0.3077 (ce=0.2724, kd=0.0568, feat=0.0585) | val_acc=94.86% val_f1=0.9462 val_agree=97.14% | test_acc=87.92% test_agree=94.94%
Epoch 022 | train=0.3144 (ce=0.2811, kd=0.0559, feat=0.0588) | val_acc=94.86% val_f1=0.9462 val_agree=97.14% | test_acc=87.64% test_agree=95.22%
Epoch 023 | train=0.3023 (ce=0.2607, kd=0.0615, feat=0.0617) | val_acc=95.43% val_f1=0.9514 val_agree=96.57% | test_acc=88.20% test_agree=95.79%
Epoch 024 | train=0.3036 (ce=0.2650, kd=0.0591, feat=0.0598) | val_acc=95.43% val_f1=0.9514 val_agree=96.57% | test_acc=88.76% test_agree=96.35%
Epoch 025 | train=0.3014 (ce=0.2629, kd=0.0590, feat=0.0577) | val_acc=95.43% val_f1=0.9514 val_agree=96.57% | test_acc=88.20% test_agree=95.79%
Epoch 026 | train=0.2947 (ce=0.2595, kd=0.0556, feat=0.0614) | val_acc=94.86% val_f1=0.9462 val_agree=97.14% | test_acc=88.48% test_agree=95.51%
Epoch 027 | train=0.2893 (ce=0.2502, kd=0.0583, feat=0.0604) | val_acc=94.86% val_f1=0.9462 val_agree=97.14% | test_acc=88.76% test_agree=95.79%
Epoch 028 | train=0.2937 (ce=0.2547, kd=0.0586, feat=0.0612) | val_acc=95.43% val_f1=0.9538 val_agree=96.57% | test_acc=89.04% test_agree=96.07%
Epoch 029 | train=0.2850 (ce=0.2440, kd=0.0595, feat=0.0607) | val_acc=96.00% val_f1=0.9590 val_agree=96.00% | test_acc=89.04% test_agree=96.07%
Epoch 030 | train=0.2715 (ce=0.2310, kd=0.0579, feat=0.0626) | val_acc=96.00% val_f1=0.9590 val_agree=96.00% | test_acc=89.04% test_agree=96.07%
Epoch 031 | train=0.2886 (ce=0.2515, kd=0.0566, feat=0.0620) | val_acc=96.00% val_f1=0.9590 val_agree=96.00% | test_acc=89.04% test_agree=96.07%
Epoch 032 | train=0.2885 (ce=0.2518, kd=0.0563, feat=0.0577) | val_acc=95.43% val_f1=0.9538 val_agree=96.57% | test_acc=89.04% test_agree=96.07%
Epoch 033 | train=0.2884 (ce=0.2531, kd=0.0550, feat=0.0604) | val_acc=94.86% val_f1=0.9485 val_agree=96.00% | test_acc=88.48% test_agree=94.94%
Epoch 034 | train=0.2860 (ce=0.2469, kd=0.0580, feat=0.0585) | val_acc=94.86% val_f1=0.9485 val_agree=96.00% | test_acc=88.76% test_agree=95.22%
Epoch 035 | train=0.2608 (ce=0.2178, kd=0.0588, feat=0.0625) | val_acc=94.86% val_f1=0.9485 val_agree=96.00% | test_acc=88.76% test_agree=95.22%
Epoch 036 | train=0.2841 (ce=0.2432, kd=0.0593, feat=0.0613) | val_acc=94.86% val_f1=0.9485 val_agree=96.00% | test_acc=88.20% test_agree=94.66%
Epoch 037 | train=0.2672 (ce=0.2256, kd=0.0583, feat=0.0622) | val_acc=94.86% val_f1=0.9485 val_agree=96.00% | test_acc=89.04% test_agree=95.51%
Epoch 038 | train=0.2751 (ce=0.2332, kd=0.0592, feat=0.0608) | val_acc=95.43% val_f1=0.9538 val_agree=96.57% | test_acc=89.61% test_agree=96.07%
Epoch 039 | train=0.2730 (ce=0.2299, kd=0.0601, feat=0.0615) | val_acc=95.43% val_f1=0.9538 val_agree=96.57% | test_acc=89.33% test_agree=95.79%
Epoch 040 | train=0.2732 (ce=0.2342, kd=0.0567, feat=0.0596) | val_acc=97.14% val_f1=0.9697 val_agree=97.14% | test_acc=88.48% test_agree=95.51%
Epoch 041 | train=0.2708 (ce=0.2312, kd=0.0570, feat=0.0604) | val_acc=97.14% val_f1=0.9697 val_agree=97.14% | test_acc=88.48% test_agree=95.51%
Epoch 042 | train=0.2843 (ce=0.2459, kd=0.0572, feat=0.0576) | val_acc=97.14% val_f1=0.9697 val_agree=97.14% | test_acc=89.33% test_agree=96.35%
Epoch 043 | train=0.2840 (ce=0.2474, kd=0.0558, feat=0.0602) | val_acc=97.14% val_f1=0.9697 val_agree=97.14% | test_acc=89.33% test_agree=96.35%
Epoch 044 | train=0.2731 (ce=0.2323, kd=0.0582, feat=0.0608) | val_acc=97.14% val_f1=0.9697 val_agree=97.14% | test_acc=89.61% test_agree=96.63%
Epoch 045 | train=0.2648 (ce=0.2274, kd=0.0546, feat=0.0622) | val_acc=96.57% val_f1=0.9644 val_agree=97.71% | test_acc=89.33% test_agree=96.35%
Epoch 046 | train=0.2780 (ce=0.2352, kd=0.0603, feat=0.0605) | val_acc=97.14% val_f1=0.9697 val_agree=97.14% | test_acc=88.48% test_agree=95.51%
Epoch 047 | train=0.2805 (ce=0.2374, kd=0.0607, feat=0.0586) | val_acc=97.14% val_f1=0.9697 val_agree=97.14% | test_acc=89.04% test_agree=96.07%
Epoch 048 | train=0.2668 (ce=0.2267, kd=0.0571, feat=0.0632) | val_acc=96.00% val_f1=0.9590 val_agree=97.14% | test_acc=89.04% test_agree=96.07%
Epoch 049 | train=0.2660 (ce=0.2250, kd=0.0577, feat=0.0618) | val_acc=96.57% val_f1=0.9644 val_agree=97.71% | test_acc=88.48% test_agree=95.51%
Epoch 050 | train=0.2732 (ce=0.2323, kd=0.0583, feat=0.0600) | val_acc=97.14% val_f1=0.9697 val_agree=97.14% | test_acc=88.48% test_agree=95.51%
Epoch 051 | train=0.2652 (ce=0.2235, kd=0.0582, feat=0.0613) | val_acc=97.14% val_f1=0.9697 val_agree=97.14% | test_acc=89.04% test_agree=96.07%
Epoch 052 | train=0.2692 (ce=0.2269, kd=0.0591, feat=0.0608) | val_acc=97.14% val_f1=0.9697 val_agree=97.14% | test_acc=89.04% test_agree=96.07%
Epoch 053 | train=0.2712 (ce=0.2321, kd=0.0566, feat=0.0574) | val_acc=97.14% val_f1=0.9697 val_agree=97.14% | test_acc=88.76% test_agree=95.79%
Epoch 054 | train=0.2666 (ce=0.2225, kd=0.0603, feat=0.0621) | val_acc=97.14% val_f1=0.9697 val_agree=97.14% | test_acc=88.76% test_agree=95.79%
Early stopping at epoch 54 (best=38, score=0.896067)
================================================================================
Best epoch: 38
Best score (test_acc): 0.896067
Final test accuracy: 89.61%
Final test teacher agreement: 96.07%
Saved to: ablation_experiments/h1/results/run_20260327_131013/ablation2_teacher_student_lstm/students/ablation2_h1_scan90_run_20260327_131013/stage1/s1_l2_o2_c0/ablation2_distill_lstm_weld_seam_windows_ws5_tf75_pg0_h1_ep80_lr0.0002_bs128_T2.5_lce0.9_lkd1.1_lf0.0_seed14
================================================================================
Ablation-2 | Distill 13D LSTM student for future-step prediction
================================================================================
Dataset: Data/processed_data/weld_seam_windows_ws5_tf75_pg0_h1.npz
Teacher ckpt: /home/huang_kai/wind_turbine_phm/PHOENIX-main/autoencoder_benchmark/ablation_experiments/h1/results/comparison_18d_baselines/lstm/lstm_weld_seam_windows_ws5_tf75_pg0_h1_h64_l2_bi_do0.3_ep80_lr0.0001_wd1e-05_bs128_seed42/best_model.pth
Teacher run args: /home/huang_kai/wind_turbine_phm/PHOENIX-main/autoencoder_benchmark/ablation_experiments/h1/results/comparison_18d_baselines/lstm/lstm_weld_seam_windows_ws5_tf75_pg0_h1_h64_l2_bi_do0.3_ep80_lr0.0001_wd1e-05_bs128_seed42/run_args.json
Device: cuda
Train/Val/Test: 990 / 175 / 356
Input full/subset dims: 18 / 13
Dropped feature indices: [3, 4, 5, 6, 7]
Temperature: 2.5
Loss weights (ce/kd/feat): 0.9 / 1.1 / 0.0
Teacher init summary: {'init_mode': 'strict', 'loaded_keys': 20, 'skipped_keys': [], 'missing_model_keys': []}
Student init summary: {'init_mode': 'shape_safe', 'loaded_keys': 18, 'skipped_keys': ['lstm.weight_ih_l0', 'lstm.weight_ih_l0_reverse'], 'missing_model_keys': ['lstm.weight_ih_l0', 'lstm.weight_ih_l0_reverse']}
Epoch 001 | train=2.2375 (ce=1.2087, kd=1.0452, feat=0.0789) | val_acc=25.14% val_f1=0.1443 val_agree=27.43% | test_acc=34.27% test_agree=36.80%
Epoch 002 | train=1.8374 (ce=1.0332, kd=0.8250, feat=0.0706) | val_acc=30.29% val_f1=0.2432 val_agree=32.57% | test_acc=48.03% test_agree=50.56%
Epoch 003 | train=1.4247 (ce=0.8661, kd=0.5866, feat=0.0572) | val_acc=51.43% val_f1=0.5592 val_agree=53.71% | test_acc=60.11% test_agree=62.64%
Epoch 004 | train=1.1489 (ce=0.7274, kd=0.4494, feat=0.0535) | val_acc=73.14% val_f1=0.7508 val_agree=73.14% | test_acc=79.21% test_agree=75.56%
Epoch 005 | train=0.8512 (ce=0.6294, kd=0.2588, feat=0.0412) | val_acc=80.00% val_f1=0.7573 val_agree=80.00% | test_acc=80.62% test_agree=77.53%
Epoch 006 | train=0.6814 (ce=0.5786, kd=0.1461, feat=0.0295) | val_acc=84.57% val_f1=0.7954 val_agree=84.57% | test_acc=84.83% test_agree=82.87%
Epoch 007 | train=0.5817 (ce=0.5321, kd=0.0935, feat=0.0215) | val_acc=92.00% val_f1=0.8959 val_agree=89.71% | test_acc=80.62% test_agree=81.46%
Epoch 008 | train=0.4496 (ce=0.4188, kd=0.0661, feat=0.0233) | val_acc=94.29% val_f1=0.9307 val_agree=94.29% | test_acc=79.21% test_agree=83.99%
Epoch 009 | train=0.4231 (ce=0.3974, kd=0.0595, feat=0.0189) | val_acc=96.57% val_f1=0.9610 val_agree=96.57% | test_acc=77.25% test_agree=83.71%
Epoch 010 | train=0.3951 (ce=0.3744, kd=0.0528, feat=0.0156) | val_acc=96.57% val_f1=0.9610 val_agree=96.57% | test_acc=75.84% test_agree=85.11%
Epoch 011 | train=0.3655 (ce=0.3357, kd=0.0576, feat=0.0141) | val_acc=97.14% val_f1=0.9669 val_agree=97.14% | test_acc=80.34% test_agree=89.61%
Epoch 012 | train=0.3701 (ce=0.3347, kd=0.0626, feat=0.0133) | val_acc=96.57% val_f1=0.9615 val_agree=97.71% | test_acc=82.58% test_agree=91.85%
Epoch 013 | train=0.3335 (ce=0.2926, kd=0.0638, feat=0.0142) | val_acc=96.57% val_f1=0.9615 val_agree=97.71% | test_acc=83.71% test_agree=92.98%
Epoch 014 | train=0.3384 (ce=0.2923, kd=0.0685, feat=0.0132) | val_acc=96.57% val_f1=0.9619 val_agree=97.71% | test_acc=85.67% test_agree=94.94%
Epoch 015 | train=0.3145 (ce=0.2745, kd=0.0613, feat=0.0136) | val_acc=97.14% val_f1=0.9673 val_agree=98.29% | test_acc=85.67% test_agree=94.94%
Epoch 016 | train=0.3086 (ce=0.2665, kd=0.0625, feat=0.0148) | val_acc=96.57% val_f1=0.9619 val_agree=97.71% | test_acc=85.96% test_agree=95.22%
Epoch 017 | train=0.3082 (ce=0.2615, kd=0.0662, feat=0.0136) | val_acc=96.57% val_f1=0.9619 val_agree=97.71% | test_acc=86.80% test_agree=95.51%
Epoch 018 | train=0.3117 (ce=0.2679, kd=0.0642, feat=0.0129) | val_acc=96.57% val_f1=0.9619 val_agree=97.71% | test_acc=87.08% test_agree=95.79%
Epoch 019 | train=0.3053 (ce=0.2620, kd=0.0632, feat=0.0128) | val_acc=96.57% val_f1=0.9619 val_agree=97.71% | test_acc=86.24% test_agree=94.94%
Epoch 020 | train=0.2987 (ce=0.2520, kd=0.0654, feat=0.0130) | val_acc=96.57% val_f1=0.9619 val_agree=97.71% | test_acc=87.36% test_agree=96.07%
Epoch 021 | train=0.3064 (ce=0.2580, kd=0.0675, feat=0.0128) | val_acc=96.57% val_f1=0.9619 val_agree=97.71% | test_acc=87.64% test_agree=96.35%
Epoch 022 | train=0.3036 (ce=0.2544, kd=0.0679, feat=0.0128) | val_acc=95.43% val_f1=0.9514 val_agree=97.71% | test_acc=88.20% test_agree=95.79%
Epoch 023 | train=0.3032 (ce=0.2563, kd=0.0659, feat=0.0128) | val_acc=95.43% val_f1=0.9514 val_agree=97.71% | test_acc=88.48% test_agree=96.07%
Epoch 024 | train=0.2997 (ce=0.2541, kd=0.0646, feat=0.0131) | val_acc=95.43% val_f1=0.9514 val_agree=97.71% | test_acc=88.48% test_agree=96.07%
Epoch 025 | train=0.2922 (ce=0.2459, kd=0.0644, feat=0.0121) | val_acc=96.00% val_f1=0.9590 val_agree=97.14% | test_acc=89.04% test_agree=96.63%
Epoch 026 | train=0.2843 (ce=0.2347, kd=0.0665, feat=0.0130) | val_acc=97.14% val_f1=0.9697 val_agree=97.14% | test_acc=89.04% test_agree=96.63%
Epoch 027 | train=0.2750 (ce=0.2295, kd=0.0623, feat=0.0125) | val_acc=97.71% val_f1=0.9752 val_agree=97.71% | test_acc=88.76% test_agree=96.35%
Epoch 028 | train=0.2716 (ce=0.2264, kd=0.0617, feat=0.0129) | val_acc=97.14% val_f1=0.9673 val_agree=98.29% | test_acc=88.20% test_agree=95.79%
Epoch 029 | train=0.2865 (ce=0.2355, kd=0.0678, feat=0.0125) | val_acc=96.57% val_f1=0.9644 val_agree=97.71% | test_acc=88.48% test_agree=96.07%
Epoch 030 | train=0.2776 (ce=0.2258, kd=0.0676, feat=0.0128) | val_acc=96.00% val_f1=0.9590 val_agree=97.14% | test_acc=88.48% test_agree=96.07%
Epoch 031 | train=0.2819 (ce=0.2303, kd=0.0678, feat=0.0130) | val_acc=97.71% val_f1=0.9752 val_agree=97.71% | test_acc=88.20% test_agree=95.79%
Epoch 032 | train=0.2873 (ce=0.2372, kd=0.0671, feat=0.0123) | val_acc=98.29% val_f1=0.9807 val_agree=98.29% | test_acc=87.92% test_agree=96.07%
Epoch 033 | train=0.2837 (ce=0.2326, kd=0.0676, feat=0.0129) | val_acc=98.29% val_f1=0.9807 val_agree=98.29% | test_acc=89.04% test_agree=96.63%
Epoch 034 | train=0.2836 (ce=0.2350, kd=0.0656, feat=0.0119) | val_acc=97.71% val_f1=0.9752 val_agree=97.71% | test_acc=89.04% test_agree=96.63%
Epoch 035 | train=0.2694 (ce=0.2183, kd=0.0663, feat=0.0129) | val_acc=97.71% val_f1=0.9752 val_agree=97.71% | test_acc=88.48% test_agree=96.07%
Epoch 036 | train=0.2819 (ce=0.2312, kd=0.0671, feat=0.0124) | val_acc=97.14% val_f1=0.9697 val_agree=98.29% | test_acc=88.48% test_agree=96.07%
Epoch 037 | train=0.2758 (ce=0.2220, kd=0.0691, feat=0.0124) | val_acc=97.14% val_f1=0.9697 val_agree=98.29% | test_acc=89.04% test_agree=96.63%
Epoch 038 | train=0.2754 (ce=0.2280, kd=0.0638, feat=0.0119) | val_acc=97.71% val_f1=0.9752 val_agree=97.71% | test_acc=89.04% test_agree=96.63%
Epoch 039 | train=0.2888 (ce=0.2345, kd=0.0707, feat=0.0116) | val_acc=98.29% val_f1=0.9807 val_agree=98.29% | test_acc=89.33% test_agree=96.91%
Epoch 040 | train=0.2863 (ce=0.2377, kd=0.0658, feat=0.0118) | val_acc=98.29% val_f1=0.9807 val_agree=98.29% | test_acc=88.20% test_agree=96.91%
Epoch 041 | train=0.2751 (ce=0.2239, kd=0.0669, feat=0.0128) | val_acc=98.29% val_f1=0.9807 val_agree=98.29% | test_acc=88.76% test_agree=96.91%
Epoch 042 | train=0.2838 (ce=0.2356, kd=0.0653, feat=0.0125) | val_acc=98.29% val_f1=0.9807 val_agree=98.29% | test_acc=88.48% test_agree=97.19%
Epoch 043 | train=0.2818 (ce=0.2296, kd=0.0683, feat=0.0123) | val_acc=98.29% val_f1=0.9807 val_agree=98.29% | test_acc=88.20% test_agree=96.91%
Epoch 044 | train=0.2762 (ce=0.2283, kd=0.0643, feat=0.0121) | val_acc=98.29% val_f1=0.9807 val_agree=98.29% | test_acc=88.48% test_agree=97.19%
Epoch 045 | train=0.2693 (ce=0.2166, kd=0.0676, feat=0.0122) | val_acc=98.29% val_f1=0.9807 val_agree=98.29% | test_acc=88.48% test_agree=97.19%
Epoch 046 | train=0.2750 (ce=0.2268, kd=0.0644, feat=0.0123) | val_acc=98.29% val_f1=0.9807 val_agree=98.29% | test_acc=88.48% test_agree=97.19%
Epoch 047 | train=0.2656 (ce=0.2129, kd=0.0673, feat=0.0126) | val_acc=98.29% val_f1=0.9807 val_agree=98.29% | test_acc=88.76% test_agree=96.91%
Epoch 048 | train=0.2659 (ce=0.2127, kd=0.0677, feat=0.0129) | val_acc=98.29% val_f1=0.9807 val_agree=98.29% | test_acc=89.04% test_agree=96.63%
Epoch 049 | train=0.2653 (ce=0.2158, kd=0.0646, feat=0.0128) | val_acc=98.29% val_f1=0.9807 val_agree=98.29% | test_acc=88.76% test_agree=96.35%
Epoch 050 | train=0.2695 (ce=0.2209, kd=0.0642, feat=0.0127) | val_acc=98.29% val_f1=0.9807 val_agree=98.29% | test_acc=89.04% test_agree=96.63%
Epoch 051 | train=0.2754 (ce=0.2257, kd=0.0657, feat=0.0121) | val_acc=98.29% val_f1=0.9807 val_agree=98.29% | test_acc=89.61% test_agree=97.19%
Epoch 052 | train=0.2685 (ce=0.2179, kd=0.0659, feat=0.0125) | val_acc=98.29% val_f1=0.9807 val_agree=98.29% | test_acc=89.61% test_agree=97.19%
Epoch 053 | train=0.2695 (ce=0.2168, kd=0.0677, feat=0.0122) | val_acc=98.29% val_f1=0.9807 val_agree=98.29% | test_acc=89.04% test_agree=96.63%
Epoch 054 | train=0.2790 (ce=0.2303, kd=0.0651, feat=0.0122) | val_acc=98.29% val_f1=0.9807 val_agree=98.29% | test_acc=87.92% test_agree=96.07%
Epoch 055 | train=0.2653 (ce=0.2150, kd=0.0653, feat=0.0125) | val_acc=98.29% val_f1=0.9807 val_agree=98.29% | test_acc=88.20% test_agree=96.35%
Epoch 056 | train=0.2664 (ce=0.2157, kd=0.0657, feat=0.0121) | val_acc=98.29% val_f1=0.9807 val_agree=98.29% | test_acc=88.76% test_agree=96.91%
Epoch 057 | train=0.2694 (ce=0.2193, kd=0.0655, feat=0.0118) | val_acc=98.29% val_f1=0.9807 val_agree=98.29% | test_acc=88.76% test_agree=96.91%
Epoch 058 | train=0.2694 (ce=0.2168, kd=0.0675, feat=0.0122) | val_acc=98.29% val_f1=0.9807 val_agree=98.29% | test_acc=88.76% test_agree=96.91%
Epoch 059 | train=0.2720 (ce=0.2216, kd=0.0660, feat=0.0125) | val_acc=98.29% val_f1=0.9807 val_agree=98.29% | test_acc=89.04% test_agree=96.63%
Epoch 060 | train=0.2692 (ce=0.2161, kd=0.0679, feat=0.0124) | val_acc=98.29% val_f1=0.9807 val_agree=98.29% | test_acc=89.04% test_agree=96.63%
Epoch 061 | train=0.2709 (ce=0.2229, kd=0.0640, feat=0.0123) | val_acc=98.29% val_f1=0.9807 val_agree=98.29% | test_acc=89.33% test_agree=96.91%
Epoch 062 | train=0.2701 (ce=0.2190, kd=0.0664, feat=0.0125) | val_acc=98.29% val_f1=0.9807 val_agree=98.29% | test_acc=89.33% test_agree=96.91%
Epoch 063 | train=0.2752 (ce=0.2262, kd=0.0651, feat=0.0120) | val_acc=98.29% val_f1=0.9807 val_agree=98.29% | test_acc=89.33% test_agree=96.91%
Epoch 064 | train=0.2677 (ce=0.2180, kd=0.0650, feat=0.0117) | val_acc=98.29% val_f1=0.9807 val_agree=98.29% | test_acc=89.04% test_agree=97.19%
Epoch 065 | train=0.2779 (ce=0.2261, kd=0.0677, feat=0.0118) | val_acc=98.29% val_f1=0.9807 val_agree=98.29% | test_acc=88.76% test_agree=96.91%
Epoch 066 | train=0.2781 (ce=0.2236, kd=0.0699, feat=0.0117) | val_acc=98.29% val_f1=0.9807 val_agree=98.29% | test_acc=89.04% test_agree=97.19%
Epoch 067 | train=0.2679 (ce=0.2120, kd=0.0701, feat=0.0122) | val_acc=98.29% val_f1=0.9807 val_agree=98.29% | test_acc=89.04% test_agree=97.19%
Early stopping at epoch 67 (best=51, score=0.896067)
================================================================================
Best epoch: 51
Best score (test_acc): 0.896067
Final test accuracy: 89.61%
Final test teacher agreement: 97.19%
Saved to: ablation_experiments/h1/results/run_20260327_131013/ablation2_teacher_student_lstm/students/ablation2_h1_scan90_run_20260327_131013/stage1/s1_l2_o2_c1/ablation2_distill_lstm_weld_seam_windows_ws5_tf75_pg0_h1_ep80_lr0.0002_bs128_T2.5_lce0.9_lkd1.1_lf0.0_seed14
================================================================================
Ablation-2 | Distill 13D LSTM student for future-step prediction
================================================================================
Dataset: Data/processed_data/weld_seam_windows_ws5_tf75_pg0_h1.npz
Teacher ckpt: /home/huang_kai/wind_turbine_phm/PHOENIX-main/autoencoder_benchmark/ablation_experiments/h1/results/comparison_18d_baselines/lstm/lstm_weld_seam_windows_ws5_tf75_pg0_h1_h64_l2_bi_do0.3_ep80_lr0.0001_wd1e-05_bs128_seed42/best_model.pth
Teacher run args: /home/huang_kai/wind_turbine_phm/PHOENIX-main/autoencoder_benchmark/ablation_experiments/h1/results/comparison_18d_baselines/lstm/lstm_weld_seam_windows_ws5_tf75_pg0_h1_h64_l2_bi_do0.3_ep80_lr0.0001_wd1e-05_bs128_seed42/run_args.json
Device: cuda
Train/Val/Test: 990 / 175 / 356
Input full/subset dims: 18 / 13
Dropped feature indices: [3, 4, 5, 6, 7]
Temperature: 2.5
Loss weights (ce/kd/feat): 0.9 / 1.1 / 0.0
Teacher init summary: {'init_mode': 'strict', 'loaded_keys': 20, 'skipped_keys': [], 'missing_model_keys': []}
Student init summary: {'init_mode': 'shape_safe', 'loaded_keys': 10, 'skipped_keys': ['lstm.bias_hh_l1', 'lstm.bias_hh_l1_reverse', 'lstm.bias_ih_l1', 'lstm.bias_ih_l1_reverse', 'lstm.weight_hh_l1', 'lstm.weight_hh_l1_reverse', 'lstm.weight_ih_l0', 'lstm.weight_ih_l0_reverse', 'lstm.weight_ih_l1', 'lstm.weight_ih_l1_reverse'], 'missing_model_keys': ['lstm.weight_ih_l0', 'lstm.weight_ih_l0_reverse']}
Epoch 001 | train=1.5213 (ce=0.9951, kd=0.5689, feat=0.0687) | val_acc=60.00% val_f1=0.6090 val_agree=60.00% | test_acc=72.19% test_agree=62.92%
Epoch 002 | train=1.3120 (ce=0.8976, kd=0.4583, feat=0.0649) | val_acc=82.86% val_f1=0.7749 val_agree=82.86% | test_acc=73.60% test_agree=67.70%
Epoch 003 | train=1.1205 (ce=0.8038, kd=0.3610, feat=0.0620) | val_acc=86.29% val_f1=0.8003 val_agree=84.00% | test_acc=73.88% test_agree=71.35%
Epoch 004 | train=0.9443 (ce=0.7165, kd=0.2722, feat=0.0593) | val_acc=85.14% val_f1=0.7820 val_agree=82.86% | test_acc=80.90% test_agree=78.37%
Epoch 005 | train=0.7868 (ce=0.6294, kd=0.2003, feat=0.0564) | val_acc=85.71% val_f1=0.7921 val_agree=83.43% | test_acc=83.15% test_agree=80.62%
Epoch 006 | train=0.6676 (ce=0.5583, kd=0.1501, feat=0.0544) | val_acc=86.86% val_f1=0.8119 val_agree=84.57% | test_acc=83.71% test_agree=81.18%
Epoch 007 | train=0.5792 (ce=0.5073, kd=0.1115, feat=0.0520) | val_acc=89.71% val_f1=0.8575 val_agree=87.43% | test_acc=83.71% test_agree=82.30%
Epoch 008 | train=0.5032 (ce=0.4555, kd=0.0848, feat=0.0502) | val_acc=93.71% val_f1=0.9184 val_agree=91.43% | test_acc=83.71% test_agree=82.87%
Epoch 009 | train=0.4479 (ce=0.4116, kd=0.0705, feat=0.0487) | val_acc=94.29% val_f1=0.9258 val_agree=94.29% | test_acc=85.39% test_agree=88.48%
Epoch 010 | train=0.4115 (ce=0.3819, kd=0.0617, feat=0.0473) | val_acc=95.43% val_f1=0.9423 val_agree=95.43% | test_acc=87.36% test_agree=93.26%
Epoch 011 | train=0.3811 (ce=0.3560, kd=0.0552, feat=0.0466) | val_acc=96.00% val_f1=0.9510 val_agree=97.14% | test_acc=87.92% test_agree=95.51%
Epoch 012 | train=0.3579 (ce=0.3302, kd=0.0551, feat=0.0462) | val_acc=97.14% val_f1=0.9673 val_agree=98.29% | test_acc=88.20% test_agree=95.79%
Epoch 013 | train=0.3469 (ce=0.3142, kd=0.0582, feat=0.0460) | val_acc=97.14% val_f1=0.9673 val_agree=98.29% | test_acc=86.80% test_agree=96.07%
Epoch 014 | train=0.3314 (ce=0.2928, kd=0.0617, feat=0.0462) | val_acc=97.14% val_f1=0.9673 val_agree=98.29% | test_acc=85.67% test_agree=94.94%
Epoch 015 | train=0.3313 (ce=0.2925, kd=0.0618, feat=0.0464) | val_acc=97.14% val_f1=0.9673 val_agree=98.29% | test_acc=87.36% test_agree=96.63%
Epoch 016 | train=0.3235 (ce=0.2931, kd=0.0543, feat=0.0465) | val_acc=97.14% val_f1=0.9673 val_agree=98.29% | test_acc=87.36% test_agree=96.63%
Epoch 017 | train=0.3134 (ce=0.2821, kd=0.0541, feat=0.0468) | val_acc=97.14% val_f1=0.9673 val_agree=98.29% | test_acc=87.36% test_agree=96.63%
Epoch 018 | train=0.3090 (ce=0.2756, kd=0.0554, feat=0.0470) | val_acc=97.14% val_f1=0.9673 val_agree=98.29% | test_acc=88.20% test_agree=97.47%
Epoch 019 | train=0.3031 (ce=0.2705, kd=0.0542, feat=0.0470) | val_acc=97.14% val_f1=0.9673 val_agree=98.29% | test_acc=86.52% test_agree=95.22%
Epoch 020 | train=0.2990 (ce=0.2642, kd=0.0557, feat=0.0474) | val_acc=97.14% val_f1=0.9673 val_agree=98.29% | test_acc=86.52% test_agree=95.22%
Epoch 021 | train=0.3026 (ce=0.2666, kd=0.0570, feat=0.0473) | val_acc=97.71% val_f1=0.9752 val_agree=97.71% | test_acc=87.92% test_agree=96.63%
Epoch 022 | train=0.2924 (ce=0.2604, kd=0.0528, feat=0.0474) | val_acc=97.71% val_f1=0.9752 val_agree=97.71% | test_acc=86.80% test_agree=95.51%
Epoch 023 | train=0.2962 (ce=0.2573, kd=0.0588, feat=0.0475) | val_acc=98.86% val_f1=0.9862 val_agree=98.86% | test_acc=86.80% test_agree=95.51%
Epoch 024 | train=0.2954 (ce=0.2542, kd=0.0606, feat=0.0472) | val_acc=98.86% val_f1=0.9862 val_agree=98.86% | test_acc=88.76% test_agree=98.03%
Epoch 025 | train=0.2953 (ce=0.2531, kd=0.0614, feat=0.0477) | val_acc=98.86% val_f1=0.9862 val_agree=98.86% | test_acc=87.08% test_agree=95.79%
Epoch 026 | train=0.2912 (ce=0.2551, kd=0.0560, feat=0.0476) | val_acc=98.86% val_f1=0.9862 val_agree=98.86% | test_acc=87.92% test_agree=96.63%
Epoch 027 | train=0.2877 (ce=0.2495, kd=0.0574, feat=0.0478) | val_acc=98.86% val_f1=0.9862 val_agree=98.86% | test_acc=88.48% test_agree=97.19%
Epoch 028 | train=0.2875 (ce=0.2495, kd=0.0572, feat=0.0476) | val_acc=98.86% val_f1=0.9862 val_agree=98.86% | test_acc=89.04% test_agree=97.75%
Epoch 029 | train=0.2885 (ce=0.2494, kd=0.0582, feat=0.0477) | val_acc=98.86% val_f1=0.9862 val_agree=98.86% | test_acc=88.48% test_agree=97.19%
Epoch 030 | train=0.2836 (ce=0.2435, kd=0.0586, feat=0.0478) | val_acc=98.86% val_f1=0.9862 val_agree=98.86% | test_acc=87.92% test_agree=96.63%
Epoch 031 | train=0.2832 (ce=0.2417, kd=0.0597, feat=0.0479) | val_acc=98.86% val_f1=0.9862 val_agree=98.86% | test_acc=87.64% test_agree=96.35%
Epoch 032 | train=0.2817 (ce=0.2390, kd=0.0606, feat=0.0477) | val_acc=98.86% val_f1=0.9862 val_agree=98.86% | test_acc=89.04% test_agree=97.75%
Epoch 033 | train=0.2859 (ce=0.2448, kd=0.0596, feat=0.0480) | val_acc=98.86% val_f1=0.9862 val_agree=98.86% | test_acc=88.76% test_agree=97.47%
Epoch 034 | train=0.2796 (ce=0.2409, kd=0.0571, feat=0.0480) | val_acc=98.86% val_f1=0.9862 val_agree=98.86% | test_acc=87.64% test_agree=96.35%
Epoch 035 | train=0.2822 (ce=0.2398, kd=0.0603, feat=0.0482) | val_acc=98.86% val_f1=0.9862 val_agree=98.86% | test_acc=88.20% test_agree=96.91%
Epoch 036 | train=0.2793 (ce=0.2392, kd=0.0582, feat=0.0484) | val_acc=98.86% val_f1=0.9862 val_agree=98.86% | test_acc=88.76% test_agree=97.47%
Epoch 037 | train=0.2787 (ce=0.2372, kd=0.0593, feat=0.0483) | val_acc=98.86% val_f1=0.9862 val_agree=98.86% | test_acc=88.76% test_agree=97.47%
Epoch 038 | train=0.2758 (ce=0.2317, kd=0.0612, feat=0.0483) | val_acc=98.86% val_f1=0.9862 val_agree=98.86% | test_acc=88.20% test_agree=96.91%
Epoch 039 | train=0.2777 (ce=0.2380, kd=0.0578, feat=0.0480) | val_acc=98.86% val_f1=0.9862 val_agree=98.86% | test_acc=88.20% test_agree=96.91%
Epoch 040 | train=0.2750 (ce=0.2345, kd=0.0581, feat=0.0483) | val_acc=98.86% val_f1=0.9862 val_agree=98.86% | test_acc=88.20% test_agree=96.91%
Epoch 041 | train=0.2737 (ce=0.2298, kd=0.0608, feat=0.0484) | val_acc=98.86% val_f1=0.9862 val_agree=98.86% | test_acc=88.48% test_agree=97.19%
Epoch 042 | train=0.2769 (ce=0.2356, kd=0.0590, feat=0.0481) | val_acc=98.86% val_f1=0.9862 val_agree=98.86% | test_acc=88.20% test_agree=96.91%
Epoch 043 | train=0.2763 (ce=0.2343, kd=0.0596, feat=0.0484) | val_acc=98.86% val_f1=0.9862 val_agree=98.86% | test_acc=87.64% test_agree=96.35%
Epoch 044 | train=0.2765 (ce=0.2329, kd=0.0608, feat=0.0486) | val_acc=98.86% val_f1=0.9862 val_agree=98.86% | test_acc=87.92% test_agree=96.63%
Early stopping at epoch 44 (best=28, score=0.890449)
================================================================================
Best epoch: 28
Best score (test_acc): 0.890449
Final test accuracy: 89.04%
Final test teacher agreement: 97.75%
Saved to: ablation_experiments/h1/results/run_20260327_131013/ablation2_teacher_student_lstm/students/ablation2_h1_scan90_run_20260327_131013/stage1/s1_l2_o3_c0/ablation2_distill_lstm_weld_seam_windows_ws5_tf75_pg0_h1_ep80_lr0.0003_bs128_T2.5_lce0.9_lkd1.1_lf0.0_seed14
================================================================================
Ablation-2 | Distill 13D LSTM student for future-step prediction
================================================================================
Dataset: Data/processed_data/weld_seam_windows_ws5_tf75_pg0_h1.npz
Teacher ckpt: /home/huang_kai/wind_turbine_phm/PHOENIX-main/autoencoder_benchmark/ablation_experiments/h1/results/comparison_18d_baselines/lstm/lstm_weld_seam_windows_ws5_tf75_pg0_h1_h64_l2_bi_do0.3_ep80_lr0.0001_wd1e-05_bs128_seed42/best_model.pth
Teacher run args: /home/huang_kai/wind_turbine_phm/PHOENIX-main/autoencoder_benchmark/ablation_experiments/h1/results/comparison_18d_baselines/lstm/lstm_weld_seam_windows_ws5_tf75_pg0_h1_h64_l2_bi_do0.3_ep80_lr0.0001_wd1e-05_bs128_seed42/run_args.json
Device: cuda
Train/Val/Test: 990 / 175 / 356
Input full/subset dims: 18 / 13
Dropped feature indices: [3, 4, 5, 6, 7]
Temperature: 2.5
Loss weights (ce/kd/feat): 0.9 / 1.1 / 0.0
Teacher init summary: {'init_mode': 'strict', 'loaded_keys': 20, 'skipped_keys': [], 'missing_model_keys': []}
Student init summary: {'init_mode': 'shape_safe', 'loaded_keys': 18, 'skipped_keys': ['lstm.weight_ih_l0', 'lstm.weight_ih_l0_reverse'], 'missing_model_keys': ['lstm.weight_ih_l0', 'lstm.weight_ih_l0_reverse']}
Epoch 001 | train=1.8071 (ce=1.1200, kd=0.7265, feat=0.0552) | val_acc=53.14% val_f1=0.3982 val_agree=55.43% | test_acc=51.97% test_agree=61.24%
Epoch 002 | train=1.3829 (ce=0.9102, kd=0.5125, feat=0.0471) | val_acc=84.57% val_f1=0.7929 val_agree=84.57% | test_acc=60.11% test_agree=69.38%
Epoch 003 | train=0.9887 (ce=0.7150, kd=0.3139, feat=0.0376) | val_acc=92.00% val_f1=0.8978 val_agree=89.71% | test_acc=81.74% test_agree=83.71%
Epoch 004 | train=0.6946 (ce=0.5844, kd=0.1533, feat=0.0265) | val_acc=84.00% val_f1=0.7585 val_agree=81.71% | test_acc=83.15% test_agree=80.62%
Epoch 005 | train=0.5803 (ce=0.5240, kd=0.0988, feat=0.0178) | val_acc=85.14% val_f1=0.7756 val_agree=82.86% | test_acc=81.74% test_agree=80.34%
Epoch 006 | train=0.4775 (ce=0.4348, kd=0.0784, feat=0.0147) | val_acc=93.14% val_f1=0.9170 val_agree=93.14% | test_acc=78.09% test_agree=82.87%
Epoch 007 | train=0.4264 (ce=0.3908, kd=0.0679, feat=0.0135) | val_acc=97.14% val_f1=0.9665 val_agree=97.14% | test_acc=74.44% test_agree=83.71%
Epoch 008 | train=0.3840 (ce=0.3540, kd=0.0595, feat=0.0108) | val_acc=96.57% val_f1=0.9615 val_agree=97.71% | test_acc=83.71% test_agree=92.98%
Epoch 009 | train=0.3607 (ce=0.3238, kd=0.0630, feat=0.0091) | val_acc=96.57% val_f1=0.9615 val_agree=97.71% | test_acc=83.71% test_agree=92.98%
Epoch 010 | train=0.3451 (ce=0.3036, kd=0.0653, feat=0.0095) | val_acc=97.14% val_f1=0.9669 val_agree=97.14% | test_acc=82.02% test_agree=91.29%
Epoch 011 | train=0.3328 (ce=0.2839, kd=0.0702, feat=0.0092) | val_acc=97.71% val_f1=0.9727 val_agree=98.86% | test_acc=85.67% test_agree=94.94%
Epoch 012 | train=0.3207 (ce=0.2815, kd=0.0612, feat=0.0090) | val_acc=97.71% val_f1=0.9727 val_agree=98.86% | test_acc=86.24% test_agree=95.51%
Epoch 013 | train=0.3158 (ce=0.2781, kd=0.0596, feat=0.0091) | val_acc=97.71% val_f1=0.9727 val_agree=98.86% | test_acc=86.24% test_agree=94.94%
Epoch 014 | train=0.3111 (ce=0.2710, kd=0.0611, feat=0.0091) | val_acc=97.71% val_f1=0.9727 val_agree=98.86% | test_acc=86.52% test_agree=95.22%
Epoch 015 | train=0.3102 (ce=0.2687, kd=0.0621, feat=0.0088) | val_acc=97.71% val_f1=0.9727 val_agree=98.86% | test_acc=86.24% test_agree=94.94%
Epoch 016 | train=0.3064 (ce=0.2644, kd=0.0622, feat=0.0088) | val_acc=97.71% val_f1=0.9727 val_agree=98.86% | test_acc=85.67% test_agree=94.38%
Epoch 017 | train=0.2985 (ce=0.2522, kd=0.0650, feat=0.0085) | val_acc=97.71% val_f1=0.9727 val_agree=98.86% | test_acc=87.36% test_agree=96.07%
Epoch 018 | train=0.2973 (ce=0.2520, kd=0.0640, feat=0.0083) | val_acc=97.71% val_f1=0.9727 val_agree=98.86% | test_acc=87.36% test_agree=96.07%
Epoch 019 | train=0.2998 (ce=0.2540, kd=0.0647, feat=0.0087) | val_acc=97.71% val_f1=0.9724 val_agree=98.86% | test_acc=86.80% test_agree=95.51%
Epoch 020 | train=0.2989 (ce=0.2506, kd=0.0667, feat=0.0086) | val_acc=98.29% val_f1=0.9804 val_agree=98.29% | test_acc=87.36% test_agree=96.07%
Epoch 021 | train=0.2953 (ce=0.2497, kd=0.0642, feat=0.0083) | val_acc=98.86% val_f1=0.9862 val_agree=98.86% | test_acc=87.64% test_agree=96.35%
Epoch 022 | train=0.2905 (ce=0.2437, kd=0.0648, feat=0.0085) | val_acc=98.29% val_f1=0.9807 val_agree=98.29% | test_acc=87.92% test_agree=96.63%
Epoch 023 | train=0.2936 (ce=0.2498, kd=0.0625, feat=0.0085) | val_acc=98.86% val_f1=0.9862 val_agree=98.86% | test_acc=87.64% test_agree=96.35%
Epoch 024 | train=0.2911 (ce=0.2424, kd=0.0663, feat=0.0086) | val_acc=98.29% val_f1=0.9804 val_agree=98.29% | test_acc=87.64% test_agree=96.35%
Epoch 025 | train=0.2907 (ce=0.2434, kd=0.0651, feat=0.0084) | val_acc=98.29% val_f1=0.9804 val_agree=98.29% | test_acc=87.92% test_agree=96.63%
Epoch 026 | train=0.2837 (ce=0.2388, kd=0.0625, feat=0.0085) | val_acc=98.29% val_f1=0.9804 val_agree=98.29% | test_acc=86.52% test_agree=95.22%
Epoch 027 | train=0.2868 (ce=0.2433, kd=0.0617, feat=0.0086) | val_acc=98.29% val_f1=0.9804 val_agree=98.29% | test_acc=87.92% test_agree=96.63%
Epoch 028 | train=0.2849 (ce=0.2367, kd=0.0653, feat=0.0085) | val_acc=98.29% val_f1=0.9804 val_agree=98.29% | test_acc=88.48% test_agree=97.19%
Epoch 029 | train=0.2859 (ce=0.2380, kd=0.0652, feat=0.0085) | val_acc=98.86% val_f1=0.9862 val_agree=98.86% | test_acc=88.48% test_agree=97.19%
Epoch 030 | train=0.2877 (ce=0.2356, kd=0.0688, feat=0.0086) | val_acc=98.29% val_f1=0.9804 val_agree=98.29% | test_acc=88.20% test_agree=96.91%
Epoch 031 | train=0.2824 (ce=0.2322, kd=0.0668, feat=0.0086) | val_acc=98.29% val_f1=0.9804 val_agree=98.29% | test_acc=87.92% test_agree=96.63%
Epoch 032 | train=0.2798 (ce=0.2344, kd=0.0625, feat=0.0087) | val_acc=98.29% val_f1=0.9804 val_agree=98.29% | test_acc=87.64% test_agree=96.35%
Epoch 033 | train=0.2804 (ce=0.2323, kd=0.0649, feat=0.0087) | val_acc=98.29% val_f1=0.9804 val_agree=98.29% | test_acc=87.64% test_agree=96.35%
Epoch 034 | train=0.2809 (ce=0.2333, kd=0.0645, feat=0.0087) | val_acc=98.29% val_f1=0.9804 val_agree=98.29% | test_acc=88.76% test_agree=97.47%
Epoch 035 | train=0.2825 (ce=0.2302, kd=0.0685, feat=0.0088) | val_acc=98.29% val_f1=0.9804 val_agree=98.29% | test_acc=87.64% test_agree=96.35%
Epoch 036 | train=0.2809 (ce=0.2295, kd=0.0676, feat=0.0088) | val_acc=98.29% val_f1=0.9804 val_agree=98.29% | test_acc=87.08% test_agree=95.79%
Epoch 037 | train=0.2779 (ce=0.2280, kd=0.0661, feat=0.0089) | val_acc=98.86% val_f1=0.9861 val_agree=97.71% | test_acc=87.08% test_agree=95.79%
Epoch 038 | train=0.2756 (ce=0.2293, kd=0.0629, feat=0.0090) | val_acc=98.86% val_f1=0.9862 val_agree=98.86% | test_acc=87.92% test_agree=96.63%
Epoch 039 | train=0.2747 (ce=0.2227, kd=0.0675, feat=0.0090) | val_acc=98.86% val_f1=0.9862 val_agree=98.86% | test_acc=88.20% test_agree=96.35%
Epoch 040 | train=0.2797 (ce=0.2304, kd=0.0657, feat=0.0091) | val_acc=98.29% val_f1=0.9804 val_agree=98.29% | test_acc=88.20% test_agree=96.91%
Epoch 041 | train=0.2788 (ce=0.2304, kd=0.0650, feat=0.0092) | val_acc=98.86% val_f1=0.9861 val_agree=97.71% | test_acc=88.20% test_agree=96.91%
Epoch 042 | train=0.2752 (ce=0.2252, kd=0.0659, feat=0.0090) | val_acc=98.86% val_f1=0.9861 val_agree=97.71% | test_acc=87.36% test_agree=96.07%
Epoch 043 | train=0.2786 (ce=0.2259, kd=0.0684, feat=0.0090) | val_acc=98.86% val_f1=0.9861 val_agree=97.71% | test_acc=86.80% test_agree=95.51%
Epoch 044 | train=0.2734 (ce=0.2228, kd=0.0663, feat=0.0091) | val_acc=98.86% val_f1=0.9861 val_agree=97.71% | test_acc=87.36% test_agree=96.07%
Epoch 045 | train=0.2768 (ce=0.2225, kd=0.0697, feat=0.0092) | val_acc=98.86% val_f1=0.9861 val_agree=97.71% | test_acc=87.36% test_agree=96.07%
Epoch 046 | train=0.2725 (ce=0.2253, kd=0.0634, feat=0.0092) | val_acc=98.29% val_f1=0.9804 val_agree=98.29% | test_acc=88.48% test_agree=97.19%
Epoch 047 | train=0.2760 (ce=0.2258, kd=0.0662, feat=0.0093) | val_acc=98.29% val_f1=0.9804 val_agree=98.29% | test_acc=87.64% test_agree=96.35%
Epoch 048 | train=0.2707 (ce=0.2253, kd=0.0617, feat=0.0092) | val_acc=98.29% val_f1=0.9804 val_agree=98.29% | test_acc=87.92% test_agree=96.63%
Epoch 049 | train=0.2745 (ce=0.2256, kd=0.0650, feat=0.0093) | val_acc=98.29% val_f1=0.9804 val_agree=98.29% | test_acc=88.20% test_agree=96.91%
Epoch 050 | train=0.2725 (ce=0.2231, kd=0.0652, feat=0.0093) | val_acc=98.86% val_f1=0.9862 val_agree=98.86% | test_acc=87.92% test_agree=96.63%
Early stopping at epoch 50 (best=34, score=0.887640)
================================================================================
Best epoch: 34
Best score (test_acc): 0.887640
Final test accuracy: 88.76%
Final test teacher agreement: 97.47%
Saved to: ablation_experiments/h1/results/run_20260327_131013/ablation2_teacher_student_lstm/students/ablation2_h1_scan90_run_20260327_131013/stage1/s1_l2_o3_c1/ablation2_distill_lstm_weld_seam_windows_ws5_tf75_pg0_h1_ep80_lr0.0003_bs128_T2.5_lce0.9_lkd1.1_lf0.0_seed14
================================================================================
Ablation-2 | Distill 13D LSTM student for future-step prediction
================================================================================
Dataset: Data/processed_data/weld_seam_windows_ws5_tf75_pg0_h1.npz
Teacher ckpt: /home/huang_kai/wind_turbine_phm/PHOENIX-main/autoencoder_benchmark/ablation_experiments/h1/results/comparison_18d_baselines/lstm/lstm_weld_seam_windows_ws5_tf75_pg0_h1_h64_l2_bi_do0.3_ep80_lr0.0001_wd1e-05_bs128_seed42/best_model.pth
Teacher run args: /home/huang_kai/wind_turbine_phm/PHOENIX-main/autoencoder_benchmark/ablation_experiments/h1/results/comparison_18d_baselines/lstm/lstm_weld_seam_windows_ws5_tf75_pg0_h1_h64_l2_bi_do0.3_ep80_lr0.0001_wd1e-05_bs128_seed42/run_args.json
Device: cuda
Train/Val/Test: 990 / 175 / 356
Input full/subset dims: 18 / 13
Dropped feature indices: [3, 4, 5, 6, 7]
Temperature: 3.0
Loss weights (ce/kd/feat): 0.8 / 1.2 / 0.2
Teacher init summary: {'init_mode': 'strict', 'loaded_keys': 20, 'skipped_keys': [], 'missing_model_keys': []}
Student init summary: {'init_mode': 'shape_safe', 'loaded_keys': 10, 'skipped_keys': ['lstm.bias_hh_l1', 'lstm.bias_hh_l1_reverse', 'lstm.bias_ih_l1', 'lstm.bias_ih_l1_reverse', 'lstm.weight_hh_l1', 'lstm.weight_hh_l1_reverse', 'lstm.weight_ih_l0', 'lstm.weight_ih_l0_reverse', 'lstm.weight_ih_l1', 'lstm.weight_ih_l1_reverse'], 'missing_model_keys': ['lstm.weight_ih_l0', 'lstm.weight_ih_l0_reverse']}
Epoch 001 | train=1.7269 (ce=1.0068, kd=0.7535, feat=0.0859) | val_acc=38.86% val_f1=0.4002 val_agree=40.00% | test_acc=44.94% test_agree=36.24%
Epoch 002 | train=1.6687 (ce=0.9686, kd=0.7303, feat=0.0874) | val_acc=40.00% val_f1=0.4159 val_agree=40.00% | test_acc=54.78% test_agree=45.51%
Epoch 003 | train=1.6054 (ce=0.9297, kd=0.7034, feat=0.0877) | val_acc=49.14% val_f1=0.5104 val_agree=49.14% | test_acc=65.17% test_agree=55.90%
Epoch 004 | train=1.5481 (ce=0.8956, kd=0.6783, feat=0.0882) | val_acc=55.43% val_f1=0.5651 val_agree=55.43% | test_acc=71.07% test_agree=61.80%
Epoch 005 | train=1.4135 (ce=0.8759, kd=0.5805, feat=0.0810) | val_acc=61.14% val_f1=0.6105 val_agree=61.14% | test_acc=72.75% test_agree=63.48%
Epoch 006 | train=1.3454 (ce=0.8437, kd=0.5452, feat=0.0808) | val_acc=68.57% val_f1=0.6660 val_agree=68.57% | test_acc=73.03% test_agree=64.33%
Epoch 007 | train=1.2613 (ce=0.8117, kd=0.4971, feat=0.0771) | val_acc=72.57% val_f1=0.6955 val_agree=72.57% | test_acc=73.31% test_agree=64.61%
Epoch 008 | train=1.2224 (ce=0.7732, kd=0.4899, feat=0.0800) | val_acc=77.14% val_f1=0.7297 val_agree=77.14% | test_acc=73.31% test_agree=64.61%
Epoch 009 | train=1.1179 (ce=0.7605, kd=0.4123, feat=0.0734) | val_acc=80.00% val_f1=0.7518 val_agree=80.00% | test_acc=73.60% test_agree=64.89%
Epoch 010 | train=1.0428 (ce=0.7204, kd=0.3764, feat=0.0738) | val_acc=81.71% val_f1=0.7656 val_agree=81.71% | test_acc=75.28% test_agree=67.13%
Epoch 011 | train=0.9992 (ce=0.6728, kd=0.3710, feat=0.0786) | val_acc=82.29% val_f1=0.7703 val_agree=82.29% | test_acc=74.44% test_agree=68.54%
Epoch 012 | train=0.9356 (ce=0.6816, kd=0.3131, feat=0.0730) | val_acc=83.43% val_f1=0.7798 val_agree=83.43% | test_acc=75.84% test_agree=70.51%
Epoch 013 | train=0.8507 (ce=0.6611, kd=0.2569, feat=0.0675) | val_acc=84.00% val_f1=0.7854 val_agree=84.00% | test_acc=78.09% test_agree=73.88%
Epoch 014 | train=0.7982 (ce=0.6320, kd=0.2324, feat=0.0683) | val_acc=84.00% val_f1=0.7852 val_agree=84.00% | test_acc=79.49% test_agree=75.84%
Epoch 015 | train=0.7433 (ce=0.5909, kd=0.2136, feat=0.0710) | val_acc=85.71% val_f1=0.8043 val_agree=85.71% | test_acc=79.49% test_agree=76.97%
Epoch 016 | train=0.7131 (ce=0.5797, kd=0.1962, feat=0.0701) | val_acc=86.29% val_f1=0.8135 val_agree=86.29% | test_acc=80.90% test_agree=78.37%
Epoch 017 | train=0.6514 (ce=0.5684, kd=0.1532, feat=0.0640) | val_acc=87.43% val_f1=0.8277 val_agree=86.29% | test_acc=80.90% test_agree=79.49%
Epoch 018 | train=0.6054 (ce=0.5425, kd=0.1322, feat=0.0639) | val_acc=89.14% val_f1=0.8545 val_agree=88.00% | test_acc=80.62% test_agree=79.21%
Epoch 019 | train=0.5638 (ce=0.5083, kd=0.1200, feat=0.0658) | val_acc=90.29% val_f1=0.8719 val_agree=89.14% | test_acc=81.46% test_agree=80.06%
Epoch 020 | train=0.5369 (ce=0.4929, kd=0.1082, feat=0.0634) | val_acc=92.00% val_f1=0.8974 val_agree=90.86% | test_acc=81.74% test_agree=80.90%
Epoch 021 | train=0.4997 (ce=0.4729, kd=0.0907, feat=0.0625) | val_acc=92.57% val_f1=0.9057 val_agree=91.43% | test_acc=82.02% test_agree=81.18%
Epoch 022 | train=0.4813 (ce=0.4675, kd=0.0791, feat=0.0620) | val_acc=93.14% val_f1=0.9141 val_agree=92.00% | test_acc=82.30% test_agree=82.58%
Epoch 023 | train=0.4574 (ce=0.4334, kd=0.0815, feat=0.0644) | val_acc=93.14% val_f1=0.9141 val_agree=92.00% | test_acc=83.15% test_agree=83.43%
Epoch 024 | train=0.4334 (ce=0.4218, kd=0.0697, feat=0.0618) | val_acc=93.14% val_f1=0.9141 val_agree=92.00% | test_acc=84.27% test_agree=84.55%
Epoch 025 | train=0.4254 (ce=0.4189, kd=0.0653, feat=0.0591) | val_acc=93.14% val_f1=0.9147 val_agree=93.14% | test_acc=84.83% test_agree=85.67%
Epoch 026 | train=0.4094 (ce=0.4019, kd=0.0629, feat=0.0624) | val_acc=94.29% val_f1=0.9292 val_agree=94.29% | test_acc=85.39% test_agree=86.24%
Epoch 027 | train=0.3997 (ce=0.3900, kd=0.0629, feat=0.0611) | val_acc=94.29% val_f1=0.9292 val_agree=94.29% | test_acc=84.55% test_agree=86.52%
Epoch 028 | train=0.3946 (ce=0.3876, kd=0.0602, feat=0.0615) | val_acc=93.71% val_f1=0.9214 val_agree=94.86% | test_acc=84.55% test_agree=87.64%
Epoch 029 | train=0.3742 (ce=0.3683, kd=0.0562, feat=0.0606) | val_acc=93.71% val_f1=0.9214 val_agree=94.86% | test_acc=83.99% test_agree=88.20%
Epoch 030 | train=0.3590 (ce=0.3468, kd=0.0576, feat=0.0622) | val_acc=93.71% val_f1=0.9243 val_agree=94.86% | test_acc=83.71% test_agree=89.04%
Epoch 031 | train=0.3712 (ce=0.3606, kd=0.0586, feat=0.0615) | val_acc=94.29% val_f1=0.9323 val_agree=95.43% | test_acc=84.27% test_agree=89.61%
Epoch 032 | train=0.3663 (ce=0.3639, kd=0.0531, feat=0.0571) | val_acc=93.71% val_f1=0.9271 val_agree=96.00% | test_acc=84.55% test_agree=89.89%
Epoch 033 | train=0.3676 (ce=0.3612, kd=0.0556, feat=0.0595) | val_acc=94.86% val_f1=0.9433 val_agree=97.14% | test_acc=84.55% test_agree=90.45%
Epoch 034 | train=0.3593 (ce=0.3499, kd=0.0565, feat=0.0575) | val_acc=95.43% val_f1=0.9514 val_agree=97.71% | test_acc=84.83% test_agree=90.73%
Epoch 035 | train=0.3217 (ce=0.3044, kd=0.0549, feat=0.0616) | val_acc=95.43% val_f1=0.9514 val_agree=97.71% | test_acc=84.83% test_agree=91.29%
Epoch 036 | train=0.3511 (ce=0.3379, kd=0.0573, feat=0.0602) | val_acc=95.43% val_f1=0.9514 val_agree=97.71% | test_acc=84.55% test_agree=91.01%
Epoch 037 | train=0.3333 (ce=0.3170, kd=0.0562, feat=0.0610) | val_acc=95.43% val_f1=0.9514 val_agree=97.71% | test_acc=85.11% test_agree=91.01%
Epoch 038 | train=0.3311 (ce=0.3193, kd=0.0531, feat=0.0595) | val_acc=95.43% val_f1=0.9514 val_agree=97.71% | test_acc=85.67% test_agree=91.57%
Epoch 039 | train=0.3259 (ce=0.3101, kd=0.0549, feat=0.0600) | val_acc=95.43% val_f1=0.9514 val_agree=97.71% | test_acc=85.67% test_agree=91.57%
Epoch 040 | train=0.3263 (ce=0.3143, kd=0.0527, feat=0.0583) | val_acc=94.86% val_f1=0.9462 val_agree=97.14% | test_acc=85.96% test_agree=91.85%
Epoch 041 | train=0.3270 (ce=0.3124, kd=0.0544, feat=0.0589) | val_acc=94.86% val_f1=0.9462 val_agree=97.14% | test_acc=86.52% test_agree=92.42%
Epoch 042 | train=0.3352 (ce=0.3264, kd=0.0523, feat=0.0562) | val_acc=94.86% val_f1=0.9462 val_agree=97.14% | test_acc=86.80% test_agree=92.70%
Epoch 043 | train=0.3394 (ce=0.3310, kd=0.0524, feat=0.0587) | val_acc=94.86% val_f1=0.9462 val_agree=97.14% | test_acc=87.08% test_agree=92.98%
Epoch 044 | train=0.3217 (ce=0.3052, kd=0.0548, feat=0.0592) | val_acc=94.86% val_f1=0.9462 val_agree=97.14% | test_acc=87.08% test_agree=92.98%
Epoch 045 | train=0.3116 (ce=0.2939, kd=0.0536, feat=0.0604) | val_acc=94.86% val_f1=0.9462 val_agree=97.14% | test_acc=87.08% test_agree=92.98%
Epoch 046 | train=0.3297 (ce=0.3109, kd=0.0577, feat=0.0588) | val_acc=94.86% val_f1=0.9462 val_agree=97.14% | test_acc=87.08% test_agree=93.54%
Epoch 047 | train=0.3256 (ce=0.3100, kd=0.0552, feat=0.0569) | val_acc=94.86% val_f1=0.9462 val_agree=97.14% | test_acc=87.08% test_agree=93.54%
Epoch 048 | train=0.3127 (ce=0.2949, kd=0.0537, feat=0.0613) | val_acc=94.86% val_f1=0.9462 val_agree=97.14% | test_acc=87.64% test_agree=94.10%
Epoch 049 | train=0.3127 (ce=0.2979, kd=0.0520, feat=0.0600) | val_acc=94.86% val_f1=0.9462 val_agree=97.14% | test_acc=87.64% test_agree=94.10%
Epoch 050 | train=0.3147 (ce=0.3019, kd=0.0514, feat=0.0581) | val_acc=94.86% val_f1=0.9462 val_agree=97.14% | test_acc=87.92% test_agree=94.38%
Epoch 051 | train=0.3099 (ce=0.2935, kd=0.0527, feat=0.0593) | val_acc=94.86% val_f1=0.9462 val_agree=97.14% | test_acc=88.20% test_agree=94.66%
Epoch 052 | train=0.3125 (ce=0.2962, kd=0.0532, feat=0.0588) | val_acc=94.86% val_f1=0.9462 val_agree=97.14% | test_acc=87.92% test_agree=94.38%
Epoch 053 | train=0.3053 (ce=0.2957, kd=0.0480, feat=0.0557) | val_acc=94.86% val_f1=0.9462 val_agree=97.14% | test_acc=87.36% test_agree=94.38%
Epoch 054 | train=0.3074 (ce=0.2916, kd=0.0518, feat=0.0600) | val_acc=94.86% val_f1=0.9462 val_agree=97.14% | test_acc=87.36% test_agree=94.38%
Epoch 055 | train=0.3131 (ce=0.2988, kd=0.0518, feat=0.0597) | val_acc=94.86% val_f1=0.9462 val_agree=97.14% | test_acc=87.36% test_agree=94.38%
Epoch 056 | train=0.3090 (ce=0.2936, kd=0.0519, feat=0.0596) | val_acc=94.86% val_f1=0.9462 val_agree=97.14% | test_acc=87.36% test_agree=94.94%
Epoch 057 | train=0.3081 (ce=0.2932, kd=0.0518, feat=0.0565) | val_acc=94.86% val_f1=0.9462 val_agree=97.14% | test_acc=87.36% test_agree=94.94%
Epoch 058 | train=0.2943 (ce=0.2671, kd=0.0565, feat=0.0643) | val_acc=94.86% val_f1=0.9462 val_agree=97.14% | test_acc=87.64% test_agree=94.66%
Epoch 059 | train=0.3070 (ce=0.2831, kd=0.0572, feat=0.0595) | val_acc=94.86% val_f1=0.9462 val_agree=97.14% | test_acc=87.92% test_agree=94.94%
Epoch 060 | train=0.3106 (ce=0.2937, kd=0.0532, feat=0.0589) | val_acc=94.86% val_f1=0.9462 val_agree=97.14% | test_acc=88.20% test_agree=94.66%
Epoch 061 | train=0.3122 (ce=0.2985, kd=0.0516, feat=0.0572) | val_acc=94.86% val_f1=0.9462 val_agree=97.14% | test_acc=88.20% test_agree=94.66%
Epoch 062 | train=0.3168 (ce=0.3042, kd=0.0517, feat=0.0571) | val_acc=94.86% val_f1=0.9462 val_agree=97.14% | test_acc=87.92% test_agree=94.94%
Epoch 063 | train=0.2895 (ce=0.2744, kd=0.0484, feat=0.0597) | val_acc=94.86% val_f1=0.9462 val_agree=97.14% | test_acc=87.92% test_agree=94.94%
Epoch 064 | train=0.3141 (ce=0.2935, kd=0.0562, feat=0.0587) | val_acc=94.86% val_f1=0.9462 val_agree=97.14% | test_acc=87.92% test_agree=94.94%
Epoch 065 | train=0.2967 (ce=0.2802, kd=0.0507, feat=0.0586) | val_acc=94.86% val_f1=0.9462 val_agree=97.14% | test_acc=87.92% test_agree=94.94%
Epoch 066 | train=0.2980 (ce=0.2800, kd=0.0514, feat=0.0618) | val_acc=94.86% val_f1=0.9462 val_agree=97.14% | test_acc=87.36% test_agree=94.94%
Epoch 067 | train=0.3045 (ce=0.2828, kd=0.0554, feat=0.0592) | val_acc=94.86% val_f1=0.9462 val_agree=97.14% | test_acc=87.36% test_agree=94.94%
Early stopping at epoch 67 (best=51, score=0.882022)
================================================================================
Best epoch: 51
Best score (test_acc): 0.882022
Final test accuracy: 88.20%
Final test teacher agreement: 94.66%
Saved to: ablation_experiments/h1/results/run_20260327_131013/ablation2_teacher_student_lstm/students/ablation2_h1_scan90_run_20260327_131013/stage1/s1_l3_o0_c0/ablation2_distill_lstm_weld_seam_windows_ws5_tf75_pg0_h1_ep80_lr0.0001_bs128_T3.0_lce0.8_lkd1.2_lf0.2_seed14
/usr/bin/python /home/huang_kai/wind_turbine_phm/PHOENIX-main/autoencoder_benchmark/ablation_experiments/scripts/train_ablation2_distill_lstm_student.py --dataset-npz Data/processed_data/weld_seam_windows_ws5_tf75_pg0_h1.npz --teacher-ckpt /home/huang_kai/wind_turbine_phm/PHOENIX-main/autoencoder_benchmark/ablation_experiments/h1/results/comparison_18d_baselines/lstm/lstm_weld_seam_windows_ws5_tf75_pg0_h1_h64_l2_bi_do0.3_ep80_lr0.0001_wd1e-05_bs128_seed42/best_model.pth --teacher-run-args /home/huang_kai/wind_turbine_phm/PHOENIX-main/autoencoder_benchmark/ablation_experiments/h1/results/comparison_18d_baselines/lstm/lstm_weld_seam_windows_ws5_tf75_pg0_h1_h64_l2_bi_do0.3_ep80_lr0.0001_wd1e-05_bs128_seed42/run_args.json --output-dir ablation_experiments/h1/results/run_20260327_131013/ablation2_teacher_student_lstm/students/ablation2_h1_scan90_run_20260327_131013/stage1/s1_l2_o2_c0 --epochs 80 --batch-size 128 --lr 0.0002 --weight-decay 0.0001 --seed 14 --num-workers 0 --checkpoint-metric test_acc --temperature 2.5 --lambda-ce 0.9 --lambda-kd 1.1 --lambda-feat 0.0 --student-lstm-layers 1 --student-lstm-dropout 0.2 --student-classifier-hidden 64 --student-classifier-dropout 0.3 --weighted-sampler --student-init-ckpt /home/huang_kai/wind_turbine_phm/PHOENIX-main/autoencoder_benchmark/ablation_experiments/h1/results/comparison_18d_baselines/lstm/lstm_weld_seam_windows_ws5_tf75_pg0_h1_h64_l2_bi_do0.3_ep80_lr0.0001_wd1e-05_bs128_seed42/best_model.pth --student-init-mode shape_safe
Command: /usr/bin/python /home/huang_kai/wind_turbine_phm/PHOENIX-main/autoencoder_benchmark/ablation_experiments/scripts/train_ablation2_distill_lstm_student.py --dataset-npz Data/processed_data/weld_seam_windows_ws5_tf75_pg0_h1.npz --teacher-ckpt /home/huang_kai/wind_turbine_phm/PHOENIX-main/autoencoder_benchmark/ablation_experiments/h1/results/comparison_18d_baselines/lstm/lstm_weld_seam_windows_ws5_tf75_pg0_h1_h64_l2_bi_do0.3_ep80_lr0.0001_wd1e-05_bs128_seed42/best_model.pth --teacher-run-args /home/huang_kai/wind_turbine_phm/PHOENIX-main/autoencoder_benchmark/ablation_experiments/h1/results/comparison_18d_baselines/lstm/lstm_weld_seam_windows_ws5_tf75_pg0_h1_h64_l2_bi_do0.3_ep80_lr0.0001_wd1e-05_bs128_seed42/run_args.json --output-dir ablation_experiments/h1/results/run_20260327_131013/ablation2_teacher_student_lstm/students/ablation2_h1_scan90_run_20260327_131013/stage1/s1_l2_o2_c1 --epochs 80 --batch-size 128 --lr 0.0002 --weight-decay 0.0001 --seed 14 --num-workers 0 --checkpoint-metric test_acc --temperature 2.5 --lambda-ce 0.9 --lambda-kd 1.1 --lambda-feat 0.0 --student-lstm-layers 2 --student-lstm-dropout 0.3 --student-classifier-hidden 64 --student-classifier-dropout 0.35 --weighted-sampler --student-init-ckpt /home/huang_kai/wind_turbine_phm/PHOENIX-main/autoencoder_benchmark/ablation_experiments/h1/results/comparison_18d_baselines/lstm/lstm_weld_seam_windows_ws5_tf75_pg0_h1_h64_l2_bi_do0.3_ep80_lr0.0001_wd1e-05_bs128_seed42/best_model.pth --student-init-mode shape_safe
Command: /usr/bin/python /home/huang_kai/wind_turbine_phm/PHOENIX-main/autoencoder_benchmark/ablation_experiments/scripts/train_ablation2_distill_lstm_student.py --dataset-npz Data/processed_data/weld_seam_windows_ws5_tf75_pg0_h1.npz --teacher-ckpt /home/huang_kai/wind_turbine_phm/PHOENIX-main/autoencoder_benchmark/ablation_experiments/h1/results/comparison_18d_baselines/lstm/lstm_weld_seam_windows_ws5_tf75_pg0_h1_h64_l2_bi_do0.3_ep80_lr0.0001_wd1e-05_bs128_seed42/best_model.pth --teacher-run-args /home/huang_kai/wind_turbine_phm/PHOENIX-main/autoencoder_benchmark/ablation_experiments/h1/results/comparison_18d_baselines/lstm/lstm_weld_seam_windows_ws5_tf75_pg0_h1_h64_l2_bi_do0.3_ep80_lr0.0001_wd1e-05_bs128_seed42/run_args.json --output-dir ablation_experiments/h1/results/run_20260327_131013/ablation2_teacher_student_lstm/students/ablation2_h1_scan90_run_20260327_131013/stage1/s1_l2_o3_c0 --epochs 80 --batch-size 128 --lr 0.0003 --weight-decay 0.0002 --seed 14 --num-workers 0 --checkpoint-metric test_acc --temperature 2.5 --lambda-ce 0.9 --lambda-kd 1.1 --lambda-feat 0.0 --student-lstm-layers 1 --student-lstm-dropout 0.2 --student-classifier-hidden 64 --student-classifier-dropout 0.3 --student-init-ckpt /home/huang_kai/wind_turbine_phm/PHOENIX-main/autoencoder_benchmark/ablation_experiments/h1/results/comparison_18d_baselines/lstm/lstm_weld_seam_windows_ws5_tf75_pg0_h1_h64_l2_bi_do0.3_ep80_lr0.0001_wd1e-05_bs128_seed42/best_model.pth --student-init-mode shape_safe
Command: /usr/bin/python /home/huang_kai/wind_turbine_phm/PHOENIX-main/autoencoder_benchmark/ablation_experiments/scripts/train_ablation2_distill_lstm_student.py --dataset-npz Data/processed_data/weld_seam_windows_ws5_tf75_pg0_h1.npz --teacher-ckpt /home/huang_kai/wind_turbine_phm/PHOENIX-main/autoencoder_benchmark/ablation_experiments/h1/results/comparison_18d_baselines/lstm/lstm_weld_seam_windows_ws5_tf75_pg0_h1_h64_l2_bi_do0.3_ep80_lr0.0001_wd1e-05_bs128_seed42/best_model.pth --teacher-run-args /home/huang_kai/wind_turbine_phm/PHOENIX-main/autoencoder_benchmark/ablation_experiments/h1/results/comparison_18d_baselines/lstm/lstm_weld_seam_windows_ws5_tf75_pg0_h1_h64_l2_bi_do0.3_ep80_lr0.0001_wd1e-05_bs128_seed42/run_args.json --output-dir ablation_experiments/h1/results/run_20260327_131013/ablation2_teacher_student_lstm/students/ablation2_h1_scan90_run_20260327_131013/stage1/s1_l2_o3_c1 --epochs 80 --batch-size 128 --lr 0.0003 --weight-decay 0.0002 --seed 14 --num-workers 0 --checkpoint-metric test_acc --temperature 2.5 --lambda-ce 0.9 --lambda-kd 1.1 --lambda-feat 0.0 --student-lstm-layers 2 --student-lstm-dropout 0.3 --student-classifier-hidden 64 --student-classifier-dropout 0.35 --student-init-ckpt /home/huang_kai/wind_turbine_phm/PHOENIX-main/autoencoder_benchmark/ablation_experiments/h1/results/comparison_18d_baselines/lstm/lstm_weld_seam_windows_ws5_tf75_pg0_h1_h64_l2_bi_do0.3_ep80_lr0.0001_wd1e-05_bs128_seed42/best_model.pth --student-init-mode shape_safe
Command: /usr/bin/python /home/huang_kai/wind_turbine_phm/PHOENIX-main/autoencoder_benchmark/ablation_experiments/scripts/train_ablation2_distill_lstm_student.py --dataset-npz Data/processed_data/weld_seam_windows_ws5_tf75_pg0_h1.npz --teacher-ckpt /home/huang_kai/wind_turbine_phm/PHOENIX-main/autoencoder_benchmark/ablation_experiments/h1/results/comparison_18d_baselines/lstm/lstm_weld_seam_windows_ws5_tf75_pg0_h1_h64_l2_bi_do0.3_ep80_lr0.0001_wd1e-05_bs128_seed42/best_model.pth --teacher-run-args /home/huang_kai/wind_turbine_phm/PHOENIX-main/autoencoder_benchmark/ablation_experiments/h1/results/comparison_18d_baselines/lstm/lstm_weld_seam_windows_ws5_tf75_pg0_h1_h64_l2_bi_do0.3_ep80_lr0.0001_wd1e-05_bs128_seed42/run_args.json --output-dir ablation_experiments/h1/results/run_20260327_131013/ablation2_teacher_student_lstm/students/ablation2_h1_scan90_run_20260327_131013/stage1/s1_l3_o0_c0 --epochs 80 --batch-size 128 --lr 0.0001 --weight-decay 1e-05 --seed 14 --num-workers 0 --checkpoint-metric test_acc --temperature 3.0 --lambda-ce 0.8 --lambda-kd 1.2 --lambda-feat 0.2 --student-lstm-layers 1 --student-lstm-dropout 0.2 --student-classifier-hidden 64 --student-classifier-dropout 0.3 --weighted-sampler --student-init-ckpt /home/huang_kai/wind_turbine_phm/PHOENIX-main/autoencoder_benchmark/ablation_experiments/h1/results/comparison_18d_baselines/lstm/lstm_weld_seam_windows_ws5_tf75_pg0_h1_h64_l2_bi_do0.3_ep80_lr0.0001_wd1e-05_bs128_seed42/best_model.pth --student-init-mode shape_safe
Command: ================================================================================
Ablation-2 | Distill 13D LSTM student for future-step prediction
================================================================================
Dataset: Data/processed_data/weld_seam_windows_ws5_tf75_pg0_h1.npz
Teacher ckpt: /home/huang_kai/wind_turbine_phm/PHOENIX-main/autoencoder_benchmark/ablation_experiments/h1/results/comparison_18d_baselines/lstm/lstm_weld_seam_windows_ws5_tf75_pg0_h1_h64_l2_bi_do0.3_ep80_lr0.0001_wd1e-05_bs128_seed42/best_model.pth
Teacher run args: /home/huang_kai/wind_turbine_phm/PHOENIX-main/autoencoder_benchmark/ablation_experiments/h1/results/comparison_18d_baselines/lstm/lstm_weld_seam_windows_ws5_tf75_pg0_h1_h64_l2_bi_do0.3_ep80_lr0.0001_wd1e-05_bs128_seed42/run_args.json
Device: cuda
Train/Val/Test: 990 / 175 / 356
Input full/subset dims: 18 / 13
Dropped feature indices: [3, 4, 5, 6, 7]
Temperature: 3.0
Loss weights (ce/kd/feat): 0.8 / 1.2 / 0.2
Teacher init summary: {'init_mode': 'strict', 'loaded_keys': 20, 'skipped_keys': [], 'missing_model_keys': []}
Student init summary: {'init_mode': 'shape_safe', 'loaded_keys': 18, 'skipped_keys': ['lstm.weight_ih_l0', 'lstm.weight_ih_l0_reverse'], 'missing_model_keys': ['lstm.weight_ih_l0', 'lstm.weight_ih_l0_reverse']}
Epoch 001 | train=2.3896 (ce=1.2493, kd=1.1450, feat=0.0805) | val_acc=22.86% val_f1=0.1294 val_agree=25.14% | test_acc=31.46% test_agree=33.99%
Epoch 002 | train=2.1545 (ce=1.1511, kd=1.0154, feat=0.0759) | val_acc=25.14% val_f1=0.1443 val_agree=27.43% | test_acc=34.55% test_agree=37.08%
Epoch 003 | train=1.8595 (ce=1.0442, kd=0.8424, feat=0.0665) | val_acc=26.29% val_f1=0.1685 val_agree=28.57% | test_acc=43.26% test_agree=45.79%
Epoch 004 | train=1.8067 (ce=0.9875, kd=0.8355, feat=0.0701) | val_acc=30.86% val_f1=0.2500 val_agree=33.14% | test_acc=50.00% test_agree=52.53%
Epoch 005 | train=1.5804 (ce=0.8928, kd=0.7109, feat=0.0652) | val_acc=38.29% val_f1=0.3892 val_agree=40.57% | test_acc=56.18% test_agree=58.71%
Epoch 006 | train=1.3421 (ce=0.7956, kd=0.5782, feat=0.0585) | val_acc=56.00% val_f1=0.6077 val_agree=58.29% | test_acc=64.04% test_agree=66.57%
Epoch 007 | train=1.0965 (ce=0.7238, kd=0.4232, feat=0.0481) | val_acc=66.29% val_f1=0.7019 val_agree=68.57% | test_acc=76.40% test_agree=74.44%
Epoch 008 | train=0.9518 (ce=0.6249, kd=0.3681, feat=0.0508) | val_acc=78.86% val_f1=0.7842 val_agree=78.86% | test_acc=79.21% test_agree=76.12%
Epoch 009 | train=0.7718 (ce=0.5977, kd=0.2381, feat=0.0390) | val_acc=79.43% val_f1=0.7571 val_agree=79.43% | test_acc=80.06% test_agree=76.97%
Epoch 010 | train=0.6727 (ce=0.5851, kd=0.1652, feat=0.0315) | val_acc=85.14% val_f1=0.8036 val_agree=85.14% | test_acc=81.74% test_agree=79.21%
Epoch 011 | train=0.5924 (ce=0.5472, kd=0.1244, feat=0.0266) | val_acc=85.71% val_f1=0.8137 val_agree=85.71% | test_acc=82.30% test_agree=80.90%
Epoch 012 | train=0.5630 (ce=0.5465, kd=0.1008, feat=0.0240) | val_acc=91.43% val_f1=0.8873 val_agree=89.14% | test_acc=80.34% test_agree=80.06%
Epoch 013 | train=0.4845 (ce=0.4754, kd=0.0828, feat=0.0239) | val_acc=93.71% val_f1=0.9213 val_agree=91.43% | test_acc=80.06% test_agree=82.02%
Epoch 014 | train=0.4543 (ce=0.4623, kd=0.0669, feat=0.0209) | val_acc=94.29% val_f1=0.9303 val_agree=93.14% | test_acc=78.37% test_agree=82.58%
Epoch 015 | train=0.4214 (ce=0.4288, kd=0.0618, feat=0.0205) | val_acc=94.29% val_f1=0.9307 val_agree=94.29% | test_acc=78.93% test_agree=83.15%
Epoch 016 | train=0.4031 (ce=0.4105, kd=0.0589, feat=0.0205) | val_acc=94.86% val_f1=0.9390 val_agree=94.86% | test_acc=78.09% test_agree=83.43%
Epoch 017 | train=0.3924 (ce=0.3987, kd=0.0582, feat=0.0185) | val_acc=96.00% val_f1=0.9556 val_agree=96.00% | test_acc=77.81% test_agree=83.71%
Epoch 018 | train=0.3813 (ce=0.3866, kd=0.0572, feat=0.0166) | val_acc=96.00% val_f1=0.9556 val_agree=96.00% | test_acc=78.37% test_agree=84.83%
Epoch 019 | train=0.3715 (ce=0.3745, kd=0.0573, feat=0.0162) | val_acc=96.00% val_f1=0.9556 val_agree=96.00% | test_acc=78.09% test_agree=86.24%
Epoch 020 | train=0.3663 (ce=0.3614, kd=0.0618, feat=0.0158) | val_acc=96.00% val_f1=0.9556 val_agree=96.00% | test_acc=80.06% test_agree=88.76%
Epoch 021 | train=0.3623 (ce=0.3560, kd=0.0620, feat=0.0154) | val_acc=96.57% val_f1=0.9615 val_agree=97.71% | test_acc=82.58% test_agree=91.29%
Epoch 022 | train=0.3527 (ce=0.3436, kd=0.0623, feat=0.0153) | val_acc=96.57% val_f1=0.9615 val_agree=97.71% | test_acc=82.58% test_agree=91.85%
Epoch 023 | train=0.3468 (ce=0.3418, kd=0.0586, feat=0.0149) | val_acc=96.57% val_f1=0.9615 val_agree=97.71% | test_acc=84.27% test_agree=93.54%
Epoch 024 | train=0.3362 (ce=0.3314, kd=0.0567, feat=0.0154) | val_acc=96.57% val_f1=0.9615 val_agree=97.71% | test_acc=83.71% test_agree=92.98%
Epoch 025 | train=0.3335 (ce=0.3254, kd=0.0585, feat=0.0147) | val_acc=96.57% val_f1=0.9615 val_agree=97.71% | test_acc=85.39% test_agree=94.66%
Epoch 026 | train=0.3234 (ce=0.3052, kd=0.0635, feat=0.0154) | val_acc=96.57% val_f1=0.9615 val_agree=97.71% | test_acc=85.96% test_agree=95.22%
Epoch 027 | train=0.3088 (ce=0.2972, kd=0.0568, feat=0.0147) | val_acc=96.57% val_f1=0.9615 val_agree=97.71% | test_acc=86.52% test_agree=95.79%
Epoch 028 | train=0.3049 (ce=0.2933, kd=0.0561, feat=0.0150) | val_acc=96.57% val_f1=0.9615 val_agree=97.71% | test_acc=85.96% test_agree=95.22%
Epoch 029 | train=0.3205 (ce=0.3037, kd=0.0623, feat=0.0143) | val_acc=97.14% val_f1=0.9673 val_agree=98.29% | test_acc=85.96% test_agree=95.22%
Epoch 030 | train=0.3089 (ce=0.2904, kd=0.0612, feat=0.0151) | val_acc=96.57% val_f1=0.9619 val_agree=97.71% | test_acc=86.24% test_agree=94.94%
Epoch 031 | train=0.3083 (ce=0.2906, kd=0.0607, feat=0.0150) | val_acc=96.57% val_f1=0.9619 val_agree=97.71% | test_acc=86.24% test_agree=94.94%
Epoch 032 | train=0.3125 (ce=0.2963, kd=0.0605, feat=0.0141) | val_acc=96.57% val_f1=0.9619 val_agree=97.71% | test_acc=86.24% test_agree=94.94%
Epoch 033 | train=0.3124 (ce=0.2911, kd=0.0637, feat=0.0150) | val_acc=96.57% val_f1=0.9619 val_agree=97.71% | test_acc=86.52% test_agree=95.22%
Epoch 034 | train=0.3049 (ce=0.2926, kd=0.0568, feat=0.0134) | val_acc=96.57% val_f1=0.9619 val_agree=97.71% | test_acc=87.08% test_agree=95.79%
Epoch 035 | train=0.2950 (ce=0.2750, kd=0.0601, feat=0.0145) | val_acc=96.57% val_f1=0.9619 val_agree=97.71% | test_acc=87.08% test_agree=95.79%
Epoch 036 | train=0.3067 (ce=0.2888, kd=0.0607, feat=0.0139) | val_acc=96.57% val_f1=0.9619 val_agree=97.71% | test_acc=87.08% test_agree=95.79%
Epoch 037 | train=0.2948 (ce=0.2769, kd=0.0588, feat=0.0139) | val_acc=96.00% val_f1=0.9566 val_agree=98.29% | test_acc=86.80% test_agree=95.51%
Epoch 038 | train=0.2965 (ce=0.2797, kd=0.0583, feat=0.0135) | val_acc=96.00% val_f1=0.9566 val_agree=98.29% | test_acc=87.08% test_agree=95.79%
Epoch 039 | train=0.3073 (ce=0.2862, kd=0.0631, feat=0.0129) | val_acc=96.00% val_f1=0.9566 val_agree=98.29% | test_acc=87.36% test_agree=96.07%
Epoch 040 | train=0.3079 (ce=0.2904, kd=0.0608, feat=0.0130) | val_acc=96.57% val_f1=0.9619 val_agree=97.71% | test_acc=87.36% test_agree=96.07%
Epoch 041 | train=0.2954 (ce=0.2741, kd=0.0611, feat=0.0140) | val_acc=96.57% val_f1=0.9619 val_agree=97.71% | test_acc=87.36% test_agree=96.07%
Epoch 042 | train=0.3034 (ce=0.2876, kd=0.0589, feat=0.0136) | val_acc=96.57% val_f1=0.9619 val_agree=97.71% | test_acc=87.36% test_agree=96.07%
Epoch 043 | train=0.2987 (ce=0.2788, kd=0.0609, feat=0.0134) | val_acc=96.57% val_f1=0.9619 val_agree=97.71% | test_acc=87.36% test_agree=96.07%
Epoch 044 | train=0.2949 (ce=0.2819, kd=0.0556, feat=0.0132) | val_acc=96.57% val_f1=0.9619 val_agree=97.71% | test_acc=87.36% test_agree=96.07%
Epoch 045 | train=0.2866 (ce=0.2624, kd=0.0617, feat=0.0133) | val_acc=96.57% val_f1=0.9619 val_agree=97.71% | test_acc=87.64% test_agree=96.35%
Epoch 046 | train=0.2946 (ce=0.2764, kd=0.0591, feat=0.0132) | val_acc=96.57% val_f1=0.9619 val_agree=97.71% | test_acc=87.64% test_agree=96.35%
Epoch 047 | train=0.2832 (ce=0.2620, kd=0.0591, feat=0.0135) | val_acc=96.57% val_f1=0.9619 val_agree=97.71% | test_acc=87.92% test_agree=96.63%
Epoch 048 | train=0.2822 (ce=0.2608, kd=0.0590, feat=0.0138) | val_acc=96.57% val_f1=0.9619 val_agree=97.71% | test_acc=88.20% test_agree=96.91%
Epoch 049 | train=0.2824 (ce=0.2634, kd=0.0575, feat=0.0136) | val_acc=96.57% val_f1=0.9619 val_agree=97.71% | test_acc=88.20% test_agree=96.35%
Epoch 050 | train=0.2824 (ce=0.2658, kd=0.0559, feat=0.0133) | val_acc=96.00% val_f1=0.9566 val_agree=98.29% | test_acc=88.48% test_agree=96.07%
Epoch 051 | train=0.2899 (ce=0.2731, kd=0.0574, feat=0.0130) | val_acc=96.00% val_f1=0.9566 val_agree=98.29% | test_acc=89.04% test_agree=96.63%
Epoch 052 | train=0.2866 (ce=0.2653, kd=0.0597, feat=0.0134) | val_acc=96.00% val_f1=0.9566 val_agree=98.29% | test_acc=89.33% test_agree=96.91%
Epoch 053 | train=0.2829 (ce=0.2629, kd=0.0584, feat=0.0127) | val_acc=96.00% val_f1=0.9566 val_agree=98.29% | test_acc=88.76% test_agree=96.35%
Epoch 054 | train=0.2967 (ce=0.2794, kd=0.0589, feat=0.0126) | val_acc=96.00% val_f1=0.9566 val_agree=98.29% | test_acc=88.20% test_agree=95.79%
Epoch 055 | train=0.2788 (ce=0.2596, kd=0.0571, feat=0.0132) | val_acc=96.00% val_f1=0.9566 val_agree=98.29% | test_acc=87.92% test_agree=95.51%
Epoch 056 | train=0.2792 (ce=0.2640, kd=0.0546, feat=0.0127) | val_acc=96.00% val_f1=0.9566 val_agree=98.29% | test_acc=87.92% test_agree=95.51%
Epoch 057 | train=0.2806 (ce=0.2651, kd=0.0550, feat=0.0125) | val_acc=96.00% val_f1=0.9566 val_agree=98.29% | test_acc=87.92% test_agree=95.51%
Epoch 058 | train=0.2839 (ce=0.2620, kd=0.0598, feat=0.0129) | val_acc=95.43% val_f1=0.9514 val_agree=97.71% | test_acc=87.92% test_agree=95.51%
Epoch 059 | train=0.2869 (ce=0.2653, kd=0.0600, feat=0.0132) | val_acc=95.43% val_f1=0.9514 val_agree=97.71% | test_acc=87.92% test_agree=95.51%
Epoch 060 | train=0.2838 (ce=0.2599, kd=0.0610, feat=0.0131) | val_acc=95.43% val_f1=0.9514 val_agree=97.71% | test_acc=88.20% test_agree=95.79%
Epoch 061 | train=0.2853 (ce=0.2667, kd=0.0579, feat=0.0128) | val_acc=95.43% val_f1=0.9514 val_agree=97.71% | test_acc=87.92% test_agree=95.51%
Epoch 062 | train=0.2864 (ce=0.2645, kd=0.0602, feat=0.0131) | val_acc=95.43% val_f1=0.9514 val_agree=97.71% | test_acc=88.48% test_agree=96.07%
Epoch 063 | train=0.2881 (ce=0.2737, kd=0.0555, feat=0.0125) | val_acc=96.00% val_f1=0.9566 val_agree=98.29% | test_acc=88.48% test_agree=96.07%
Epoch 064 | train=0.2818 (ce=0.2612, kd=0.0586, feat=0.0122) | val_acc=96.00% val_f1=0.9566 val_agree=98.29% | test_acc=88.48% test_agree=96.07%
Epoch 065 | train=0.2941 (ce=0.2744, kd=0.0601, feat=0.0123) | val_acc=96.00% val_f1=0.9566 val_agree=98.29% | test_acc=88.48% test_agree=96.07%
Epoch 066 | train=0.2923 (ce=0.2699, kd=0.0617, feat=0.0121) | val_acc=95.43% val_f1=0.9514 val_agree=97.71% | test_acc=88.48% test_agree=96.07%
Epoch 067 | train=0.2815 (ce=0.2550, kd=0.0624, feat=0.0127) | val_acc=95.43% val_f1=0.9514 val_agree=97.71% | test_acc=88.48% test_agree=96.07%
Epoch 068 | train=0.2768 (ce=0.2604, kd=0.0550, feat=0.0125) | val_acc=95.43% val_f1=0.9514 val_agree=97.71% | test_acc=88.48% test_agree=96.07%
Early stopping at epoch 68 (best=52, score=0.893258)
================================================================================
Best epoch: 52
Best score (test_acc): 0.893258
Final test accuracy: 89.33%
Final test teacher agreement: 96.91%
Saved to: ablation_experiments/h1/results/run_20260327_131013/ablation2_teacher_student_lstm/students/ablation2_h1_scan90_run_20260327_131013/stage1/s1_l3_o0_c1/ablation2_distill_lstm_weld_seam_windows_ws5_tf75_pg0_h1_ep80_lr0.0001_bs128_T3.0_lce0.8_lkd1.2_lf0.2_seed14
================================================================================
Ablation-2 | Distill 13D LSTM student for future-step prediction
================================================================================
Dataset: Data/processed_data/weld_seam_windows_ws5_tf75_pg0_h1.npz
Teacher ckpt: /home/huang_kai/wind_turbine_phm/PHOENIX-main/autoencoder_benchmark/ablation_experiments/h1/results/comparison_18d_baselines/lstm/lstm_weld_seam_windows_ws5_tf75_pg0_h1_h64_l2_bi_do0.3_ep80_lr0.0001_wd1e-05_bs128_seed42/best_model.pth
Teacher run args: /home/huang_kai/wind_turbine_phm/PHOENIX-main/autoencoder_benchmark/ablation_experiments/h1/results/comparison_18d_baselines/lstm/lstm_weld_seam_windows_ws5_tf75_pg0_h1_h64_l2_bi_do0.3_ep80_lr0.0001_wd1e-05_bs128_seed42/run_args.json
Device: cuda
Train/Val/Test: 990 / 175 / 356
Input full/subset dims: 18 / 13
Dropped feature indices: [3, 4, 5, 6, 7]
Temperature: 3.0
Loss weights (ce/kd/feat): 0.8 / 1.2 / 0.2
Teacher init summary: {'init_mode': 'strict', 'loaded_keys': 20, 'skipped_keys': [], 'missing_model_keys': []}
Student init summary: {'init_mode': 'shape_safe', 'loaded_keys': 10, 'skipped_keys': ['lstm.bias_hh_l1', 'lstm.bias_hh_l1_reverse', 'lstm.bias_ih_l1', 'lstm.bias_ih_l1_reverse', 'lstm.weight_hh_l1', 'lstm.weight_hh_l1_reverse', 'lstm.weight_ih_l0', 'lstm.weight_ih_l0_reverse', 'lstm.weight_ih_l1', 'lstm.weight_ih_l1_reverse'], 'missing_model_keys': ['lstm.weight_ih_l0', 'lstm.weight_ih_l0_reverse']}
Epoch 001 | train=1.7086 (ce=0.9990, kd=0.7435, feat=0.0856) | val_acc=37.14% val_f1=0.3824 val_agree=38.29% | test_acc=50.28% test_agree=41.01%
Epoch 002 | train=1.6098 (ce=0.9439, kd=0.6979, feat=0.0863) | val_acc=49.14% val_f1=0.5104 val_agree=49.14% | test_acc=65.17% test_agree=55.90%
Epoch 003 | train=1.5062 (ce=0.8893, kd=0.6480, feat=0.0859) | val_acc=58.86% val_f1=0.5927 val_agree=58.86% | test_acc=71.91% test_agree=62.64%
Epoch 004 | train=1.4092 (ce=0.8398, kd=0.6002, feat=0.0855) | val_acc=69.14% val_f1=0.6702 val_agree=69.14% | test_acc=73.03% test_agree=64.33%
Epoch 005 | train=1.2509 (ce=0.8135, kd=0.4871, feat=0.0777) | val_acc=76.00% val_f1=0.7210 val_agree=76.00% | test_acc=73.31% test_agree=64.61%
Epoch 006 | train=1.1491 (ce=0.7672, kd=0.4333, feat=0.0768) | val_acc=80.00% val_f1=0.7518 val_agree=80.00% | test_acc=73.60% test_agree=64.89%
Epoch 007 | train=1.0354 (ce=0.7216, kd=0.3697, feat=0.0726) | val_acc=81.71% val_f1=0.7656 val_agree=81.71% | test_acc=75.00% test_agree=67.98%
Epoch 008 | train=0.9500 (ce=0.6689, kd=0.3333, feat=0.0745) | val_acc=83.43% val_f1=0.7798 val_agree=83.43% | test_acc=76.12% test_agree=71.35%
Epoch 009 | train=0.8393 (ce=0.6508, kd=0.2543, feat=0.0679) | val_acc=84.00% val_f1=0.7852 val_agree=84.00% | test_acc=78.93% test_agree=75.28%
Epoch 010 | train=0.7487 (ce=0.6025, kd=0.2110, feat=0.0676) | val_acc=85.14% val_f1=0.7949 val_agree=85.14% | test_acc=80.62% test_agree=78.09%
Epoch 011 | train=0.6744 (ce=0.5466, kd=0.1857, feat=0.0713) | val_acc=86.29% val_f1=0.8093 val_agree=85.14% | test_acc=80.62% test_agree=78.09%
Epoch 012 | train=0.6247 (ce=0.5511, kd=0.1422, feat=0.0660) | val_acc=87.43% val_f1=0.8277 val_agree=86.29% | test_acc=80.90% test_agree=79.49%
Epoch 013 | train=0.5608 (ce=0.5247, kd=0.1074, feat=0.0609) | val_acc=89.71% val_f1=0.8632 val_agree=88.57% | test_acc=81.18% test_agree=79.78%
Epoch 014 | train=0.5085 (ce=0.4820, kd=0.0921, feat=0.0615) | val_acc=92.57% val_f1=0.9057 val_agree=91.43% | test_acc=81.46% test_agree=80.62%
Epoch 015 | train=0.4654 (ce=0.4462, kd=0.0798, feat=0.0638) | val_acc=93.14% val_f1=0.9141 val_agree=92.00% | test_acc=82.58% test_agree=82.87%
Epoch 016 | train=0.4470 (ce=0.4288, kd=0.0761, feat=0.0631) | val_acc=93.14% val_f1=0.9147 val_agree=93.14% | test_acc=84.55% test_agree=85.39%
Epoch 017 | train=0.4209 (ce=0.4173, kd=0.0628, feat=0.0580) | val_acc=93.14% val_f1=0.9152 val_agree=94.29% | test_acc=83.99% test_agree=86.52%
Epoch 018 | train=0.3927 (ce=0.3915, kd=0.0565, feat=0.0583) | val_acc=93.71% val_f1=0.9214 val_agree=94.86% | test_acc=83.43% test_agree=87.64%
Epoch 019 | train=0.3661 (ce=0.3550, kd=0.0583, feat=0.0603) | val_acc=94.86% val_f1=0.9376 val_agree=96.00% | test_acc=82.58% test_agree=88.48%
Epoch 020 | train=0.3629 (ce=0.3508, kd=0.0588, feat=0.0586) | val_acc=95.43% val_f1=0.9485 val_agree=96.57% | test_acc=83.43% test_agree=90.45%
Epoch 021 | train=0.3449 (ce=0.3356, kd=0.0540, feat=0.0581) | val_acc=95.43% val_f1=0.9485 val_agree=96.57% | test_acc=85.11% test_agree=90.45%
Epoch 022 | train=0.3457 (ce=0.3392, kd=0.0523, feat=0.0581) | val_acc=96.00% val_f1=0.9566 val_agree=97.14% | test_acc=84.55% test_agree=91.57%
Epoch 023 | train=0.3388 (ce=0.3157, kd=0.0617, feat=0.0607) | val_acc=96.00% val_f1=0.9566 val_agree=97.14% | test_acc=85.96% test_agree=92.98%
Epoch 024 | train=0.3329 (ce=0.3138, kd=0.0584, feat=0.0588) | val_acc=96.00% val_f1=0.9566 val_agree=97.14% | test_acc=86.52% test_agree=92.98%
Epoch 025 | train=0.3275 (ce=0.3104, kd=0.0566, feat=0.0567) | val_acc=96.00% val_f1=0.9566 val_agree=97.14% | test_acc=87.36% test_agree=93.26%
Epoch 026 | train=0.3233 (ce=0.3059, kd=0.0554, feat=0.0602) | val_acc=95.43% val_f1=0.9514 val_agree=96.57% | test_acc=88.20% test_agree=94.10%
Epoch 027 | train=0.3137 (ce=0.2946, kd=0.0552, feat=0.0591) | val_acc=95.43% val_f1=0.9514 val_agree=96.57% | test_acc=88.20% test_agree=94.66%
Epoch 028 | train=0.3196 (ce=0.3005, kd=0.0560, feat=0.0598) | val_acc=94.86% val_f1=0.9462 val_agree=97.14% | test_acc=88.48% test_agree=94.94%
Epoch 029 | train=0.3053 (ce=0.2850, kd=0.0546, feat=0.0592) | val_acc=94.86% val_f1=0.9462 val_agree=97.14% | test_acc=87.64% test_agree=94.66%
Epoch 030 | train=0.2940 (ce=0.2702, kd=0.0547, feat=0.0610) | val_acc=94.86% val_f1=0.9462 val_agree=97.14% | test_acc=87.64% test_agree=95.22%
Epoch 031 | train=0.3083 (ce=0.2895, kd=0.0538, feat=0.0604) | val_acc=94.86% val_f1=0.9462 val_agree=97.14% | test_acc=87.64% test_agree=95.22%
Epoch 032 | train=0.3061 (ce=0.2922, kd=0.0509, feat=0.0561) | val_acc=94.86% val_f1=0.9462 val_agree=97.14% | test_acc=87.64% test_agree=95.22%
Epoch 033 | train=0.3080 (ce=0.2937, kd=0.0511, feat=0.0586) | val_acc=94.86% val_f1=0.9462 val_agree=97.14% | test_acc=87.92% test_agree=94.94%
Epoch 034 | train=0.3032 (ce=0.2852, kd=0.0531, feat=0.0568) | val_acc=94.86% val_f1=0.9462 val_agree=97.14% | test_acc=87.92% test_agree=94.94%
Epoch 035 | train=0.2769 (ce=0.2504, kd=0.0537, feat=0.0607) | val_acc=94.29% val_f1=0.9410 val_agree=96.57% | test_acc=88.20% test_agree=95.22%
Epoch 036 | train=0.2997 (ce=0.2793, kd=0.0537, feat=0.0594) | val_acc=94.29% val_f1=0.9410 val_agree=96.57% | test_acc=87.92% test_agree=94.94%
Epoch 037 | train=0.2842 (ce=0.2606, kd=0.0531, feat=0.0602) | val_acc=94.29% val_f1=0.9410 val_agree=96.57% | test_acc=88.20% test_agree=94.66%
Epoch 038 | train=0.2882 (ce=0.2667, kd=0.0526, feat=0.0587) | val_acc=94.29% val_f1=0.9410 val_agree=96.57% | test_acc=88.48% test_agree=94.94%
Epoch 039 | train=0.2856 (ce=0.2614, kd=0.0538, feat=0.0593) | val_acc=94.29% val_f1=0.9410 val_agree=96.57% | test_acc=88.76% test_agree=95.79%
Epoch 040 | train=0.2853 (ce=0.2657, kd=0.0510, feat=0.0575) | val_acc=94.86% val_f1=0.9462 val_agree=97.14% | test_acc=88.20% test_agree=95.22%
Epoch 041 | train=0.2844 (ce=0.2638, kd=0.0514, feat=0.0582) | val_acc=94.86% val_f1=0.9462 val_agree=97.14% | test_acc=88.20% test_agree=95.22%
Epoch 042 | train=0.2953 (ce=0.2789, kd=0.0509, feat=0.0555) | val_acc=94.86% val_f1=0.9462 val_agree=97.14% | test_acc=88.48% test_agree=95.51%
Epoch 043 | train=0.2963 (ce=0.2815, kd=0.0496, feat=0.0579) | val_acc=95.43% val_f1=0.9538 val_agree=96.57% | test_acc=89.04% test_agree=96.07%
Epoch 044 | train=0.2849 (ce=0.2627, kd=0.0525, feat=0.0585) | val_acc=95.43% val_f1=0.9538 val_agree=96.57% | test_acc=89.33% test_agree=96.35%
Epoch 045 | train=0.2763 (ce=0.2553, kd=0.0501, feat=0.0597) | val_acc=95.43% val_f1=0.9538 val_agree=96.57% | test_acc=89.04% test_agree=96.07%
Epoch 046 | train=0.2918 (ce=0.2673, kd=0.0553, feat=0.0581) | val_acc=95.43% val_f1=0.9538 val_agree=96.57% | test_acc=89.33% test_agree=96.35%
Epoch 047 | train=0.2909 (ce=0.2688, kd=0.0539, feat=0.0562) | val_acc=95.43% val_f1=0.9538 val_agree=96.57% | test_acc=89.33% test_agree=96.35%
Epoch 048 | train=0.2790 (ce=0.2563, kd=0.0516, feat=0.0606) | val_acc=95.43% val_f1=0.9538 val_agree=96.57% | test_acc=89.61% test_agree=96.07%
Epoch 049 | train=0.2776 (ce=0.2559, kd=0.0509, feat=0.0592) | val_acc=95.43% val_f1=0.9538 val_agree=96.57% | test_acc=89.61% test_agree=96.07%
Epoch 050 | train=0.2830 (ce=0.2623, kd=0.0514, feat=0.0574) | val_acc=95.43% val_f1=0.9538 val_agree=96.57% | test_acc=89.33% test_agree=96.35%
Epoch 051 | train=0.2758 (ce=0.2532, kd=0.0512, feat=0.0585) | val_acc=95.43% val_f1=0.9538 val_agree=96.57% | test_acc=89.33% test_agree=96.35%
Epoch 052 | train=0.2798 (ce=0.2571, kd=0.0521, feat=0.0581) | val_acc=95.43% val_f1=0.9538 val_agree=96.57% | test_acc=89.33% test_agree=96.35%
Epoch 053 | train=0.2784 (ce=0.2607, kd=0.0491, feat=0.0549) | val_acc=95.43% val_f1=0.9538 val_agree=96.57% | test_acc=89.33% test_agree=96.35%
Epoch 054 | train=0.2765 (ce=0.2522, kd=0.0524, feat=0.0593) | val_acc=95.43% val_f1=0.9538 val_agree=96.57% | test_acc=89.33% test_agree=96.35%
Epoch 055 | train=0.2833 (ce=0.2630, kd=0.0510, feat=0.0588) | val_acc=95.43% val_f1=0.9538 val_agree=96.57% | test_acc=89.04% test_agree=96.07%
Epoch 056 | train=0.2802 (ce=0.2573, kd=0.0522, feat=0.0588) | val_acc=95.43% val_f1=0.9538 val_agree=96.57% | test_acc=89.04% test_agree=96.07%
Epoch 057 | train=0.2781 (ce=0.2560, kd=0.0518, feat=0.0557) | val_acc=95.43% val_f1=0.9538 val_agree=96.57% | test_acc=89.04% test_agree=96.07%
Epoch 058 | train=0.2646 (ce=0.2318, kd=0.0554, feat=0.0634) | val_acc=95.43% val_f1=0.9538 val_agree=96.57% | test_acc=89.33% test_agree=96.35%
Epoch 059 | train=0.2784 (ce=0.2480, kd=0.0568, feat=0.0586) | val_acc=95.43% val_f1=0.9538 val_agree=96.57% | test_acc=89.33% test_agree=96.35%
Epoch 060 | train=0.2814 (ce=0.2581, kd=0.0528, feat=0.0581) | val_acc=96.00% val_f1=0.9590 val_agree=96.00% | test_acc=89.33% test_agree=96.35%
Epoch 061 | train=0.2805 (ce=0.2635, kd=0.0487, feat=0.0563) | val_acc=96.57% val_f1=0.9644 val_agree=96.57% | test_acc=89.33% test_agree=96.35%
Epoch 062 | train=0.2875 (ce=0.2679, kd=0.0516, feat=0.0562) | val_acc=96.57% val_f1=0.9644 val_agree=96.57% | test_acc=89.33% test_agree=96.35%
Epoch 063 | train=0.2639 (ce=0.2405, kd=0.0498, feat=0.0587) | val_acc=97.14% val_f1=0.9697 val_agree=97.14% | test_acc=89.33% test_agree=96.35%
Epoch 064 | train=0.2841 (ce=0.2569, kd=0.0558, feat=0.0579) | val_acc=97.14% val_f1=0.9697 val_agree=97.14% | test_acc=89.33% test_agree=96.35%
Early stopping at epoch 64 (best=48, score=0.896067)
================================================================================
Best epoch: 48
Best score (test_acc): 0.896067
Final test accuracy: 89.61%
Final test teacher agreement: 96.07%
Saved to: ablation_experiments/h1/results/run_20260327_131013/ablation2_teacher_student_lstm/students/ablation2_h1_scan90_run_20260327_131013/stage1/s1_l3_o1_c0/ablation2_distill_lstm_weld_seam_windows_ws5_tf75_pg0_h1_ep80_lr0.00015_bs128_T3.0_lce0.8_lkd1.2_lf0.2_seed14
================================================================================
Ablation-2 | Distill 13D LSTM student for future-step prediction
================================================================================
Dataset: Data/processed_data/weld_seam_windows_ws5_tf75_pg0_h1.npz
Teacher ckpt: /home/huang_kai/wind_turbine_phm/PHOENIX-main/autoencoder_benchmark/ablation_experiments/h1/results/comparison_18d_baselines/lstm/lstm_weld_seam_windows_ws5_tf75_pg0_h1_h64_l2_bi_do0.3_ep80_lr0.0001_wd1e-05_bs128_seed42/best_model.pth
Teacher run args: /home/huang_kai/wind_turbine_phm/PHOENIX-main/autoencoder_benchmark/ablation_experiments/h1/results/comparison_18d_baselines/lstm/lstm_weld_seam_windows_ws5_tf75_pg0_h1_h64_l2_bi_do0.3_ep80_lr0.0001_wd1e-05_bs128_seed42/run_args.json
Device: cuda
Train/Val/Test: 990 / 175 / 356
Input full/subset dims: 18 / 13
Dropped feature indices: [3, 4, 5, 6, 7]
Temperature: 3.0
Loss weights (ce/kd/feat): 0.8 / 1.2 / 0.2
Teacher init summary: {'init_mode': 'strict', 'loaded_keys': 20, 'skipped_keys': [], 'missing_model_keys': []}
Student init summary: {'init_mode': 'shape_safe', 'loaded_keys': 18, 'skipped_keys': ['lstm.weight_ih_l0', 'lstm.weight_ih_l0_reverse'], 'missing_model_keys': ['lstm.weight_ih_l0', 'lstm.weight_ih_l0_reverse']}
Epoch 001 | train=2.3426 (ce=1.2286, kd=1.1198, feat=0.0797) | val_acc=24.57% val_f1=0.1367 val_agree=26.86% | test_acc=33.15% test_agree=35.67%
Epoch 002 | train=2.0154 (ce=1.0911, kd=0.9399, feat=0.0732) | val_acc=26.29% val_f1=0.1685 val_agree=28.57% | test_acc=42.42% test_agree=44.94%
Epoch 003 | train=1.6444 (ce=0.9513, kd=0.7258, feat=0.0619) | val_acc=30.86% val_f1=0.2500 val_agree=33.14% | test_acc=51.97% test_agree=54.49%
Epoch 004 | train=1.4713 (ce=0.8470, kd=0.6511, feat=0.0621) | val_acc=53.14% val_f1=0.5771 val_agree=55.43% | test_acc=62.36% test_agree=64.89%
Epoch 005 | train=1.1519 (ce=0.7243, kd=0.4682, feat=0.0534) | val_acc=68.00% val_f1=0.7126 val_agree=69.14% | test_acc=78.09% test_agree=75.56%
Epoch 006 | train=0.8694 (ce=0.6321, kd=0.2960, feat=0.0426) | val_acc=76.57% val_f1=0.7382 val_agree=76.57% | test_acc=81.46% test_agree=77.25%
Epoch 007 | train=0.7147 (ce=0.6115, kd=0.1828, feat=0.0308) | val_acc=84.57% val_f1=0.7945 val_agree=84.57% | test_acc=83.71% test_agree=81.18%
Epoch 008 | train=0.5636 (ce=0.5089, kd=0.1255, feat=0.0296) | val_acc=85.71% val_f1=0.8053 val_agree=84.57% | test_acc=81.74% test_agree=80.34%
Epoch 009 | train=0.5096 (ce=0.4912, kd=0.0934, feat=0.0229) | val_acc=92.00% val_f1=0.8959 val_agree=89.71% | test_acc=80.90% test_agree=80.62%
Epoch 010 | train=0.4573 (ce=0.4645, kd=0.0680, feat=0.0202) | val_acc=94.29% val_f1=0.9307 val_agree=94.29% | test_acc=79.21% test_agree=83.43%
Epoch 011 | train=0.4125 (ce=0.4203, kd=0.0604, feat=0.0189) | val_acc=94.86% val_f1=0.9390 val_agree=94.86% | test_acc=77.81% test_agree=83.71%
Epoch 012 | train=0.4058 (ce=0.4169, kd=0.0574, feat=0.0170) | val_acc=96.00% val_f1=0.9556 val_agree=96.00% | test_acc=76.69% test_agree=84.27%
Epoch 013 | train=0.3625 (ce=0.3628, kd=0.0574, feat=0.0166) | val_acc=96.00% val_f1=0.9556 val_agree=96.00% | test_acc=76.97% test_agree=85.67%
Epoch 014 | train=0.3626 (ce=0.3570, kd=0.0617, feat=0.0146) | val_acc=96.57% val_f1=0.9610 val_agree=96.57% | test_acc=80.06% test_agree=89.33%
Epoch 015 | train=0.3349 (ce=0.3303, kd=0.0564, feat=0.0150) | val_acc=97.14% val_f1=0.9669 val_agree=97.14% | test_acc=82.02% test_agree=91.29%
Epoch 016 | train=0.3292 (ce=0.3182, kd=0.0596, feat=0.0158) | val_acc=96.57% val_f1=0.9615 val_agree=97.71% | test_acc=82.02% test_agree=91.29%
Epoch 017 | train=0.3239 (ce=0.3092, kd=0.0614, feat=0.0147) | val_acc=96.57% val_f1=0.9615 val_agree=97.71% | test_acc=83.99% test_agree=93.26%
Epoch 018 | train=0.3230 (ce=0.3108, kd=0.0597, feat=0.0138) | val_acc=96.57% val_f1=0.9615 val_agree=97.71% | test_acc=85.11% test_agree=94.38%
Epoch 019 | train=0.3173 (ce=0.3036, kd=0.0597, feat=0.0137) | val_acc=96.57% val_f1=0.9615 val_agree=97.71% | test_acc=85.11% test_agree=94.38%
Epoch 020 | train=0.3124 (ce=0.2943, kd=0.0618, feat=0.0138) | val_acc=97.14% val_f1=0.9673 val_agree=98.29% | test_acc=86.24% test_agree=95.51%
Epoch 021 | train=0.3157 (ce=0.2967, kd=0.0630, feat=0.0136) | val_acc=96.57% val_f1=0.9619 val_agree=97.71% | test_acc=86.80% test_agree=95.51%
Epoch 022 | train=0.3109 (ce=0.2905, kd=0.0632, feat=0.0136) | val_acc=96.57% val_f1=0.9619 val_agree=97.71% | test_acc=87.36% test_agree=96.07%
Epoch 023 | train=0.3079 (ce=0.2915, kd=0.0600, feat=0.0134) | val_acc=96.00% val_f1=0.9566 val_agree=98.29% | test_acc=87.08% test_agree=95.79%
Epoch 024 | train=0.3023 (ce=0.2864, kd=0.0587, feat=0.0138) | val_acc=96.00% val_f1=0.9566 val_agree=98.29% | test_acc=87.08% test_agree=95.79%
Epoch 025 | train=0.2970 (ce=0.2796, kd=0.0589, feat=0.0128) | val_acc=96.00% val_f1=0.9566 val_agree=98.29% | test_acc=87.64% test_agree=96.35%
Epoch 026 | train=0.2892 (ce=0.2640, kd=0.0627, feat=0.0135) | val_acc=96.00% val_f1=0.9566 val_agree=98.29% | test_acc=87.64% test_agree=96.35%
Epoch 027 | train=0.2778 (ce=0.2583, kd=0.0571, feat=0.0130) | val_acc=96.57% val_f1=0.9619 val_agree=97.71% | test_acc=88.20% test_agree=96.91%
Epoch 028 | train=0.2749 (ce=0.2560, kd=0.0563, feat=0.0132) | val_acc=96.57% val_f1=0.9619 val_agree=97.71% | test_acc=87.08% test_agree=95.79%
Epoch 029 | train=0.2895 (ce=0.2657, kd=0.0620, feat=0.0127) | val_acc=96.00% val_f1=0.9566 val_agree=98.29% | test_acc=87.92% test_agree=95.51%
Epoch 030 | train=0.2814 (ce=0.2558, kd=0.0618, feat=0.0132) | val_acc=95.43% val_f1=0.9514 val_agree=97.71% | test_acc=87.92% test_agree=95.51%
Epoch 031 | train=0.2830 (ce=0.2582, kd=0.0615, feat=0.0132) | val_acc=95.43% val_f1=0.9514 val_agree=97.71% | test_acc=87.92% test_agree=95.51%
Epoch 032 | train=0.2881 (ce=0.2652, kd=0.0612, feat=0.0123) | val_acc=96.57% val_f1=0.9619 val_agree=97.71% | test_acc=87.64% test_agree=95.22%
Epoch 033 | train=0.2866 (ce=0.2604, kd=0.0631, feat=0.0130) | val_acc=96.57% val_f1=0.9619 val_agree=97.71% | test_acc=88.76% test_agree=96.35%
Epoch 034 | train=0.2828 (ce=0.2627, kd=0.0586, feat=0.0118) | val_acc=96.57% val_f1=0.9619 val_agree=97.71% | test_acc=89.04% test_agree=96.63%
Epoch 035 | train=0.2712 (ce=0.2456, kd=0.0601, feat=0.0127) | val_acc=96.00% val_f1=0.9566 val_agree=98.29% | test_acc=88.48% test_agree=96.07%
Epoch 036 | train=0.2831 (ce=0.2597, kd=0.0608, feat=0.0122) | val_acc=95.43% val_f1=0.9514 val_agree=97.71% | test_acc=88.20% test_agree=95.79%
Epoch 037 | train=0.2752 (ce=0.2496, kd=0.0609, feat=0.0122) | val_acc=95.43% val_f1=0.9514 val_agree=97.71% | test_acc=88.48% test_agree=96.07%
Epoch 038 | train=0.2757 (ce=0.2539, kd=0.0586, feat=0.0116) | val_acc=95.43% val_f1=0.9514 val_agree=97.71% | test_acc=89.04% test_agree=96.63%
Epoch 039 | train=0.2883 (ce=0.2609, kd=0.0645, feat=0.0112) | val_acc=95.43% val_f1=0.9514 val_agree=97.71% | test_acc=89.33% test_agree=96.91%
Epoch 040 | train=0.2869 (ce=0.2649, kd=0.0606, feat=0.0113) | val_acc=96.57% val_f1=0.9619 val_agree=97.71% | test_acc=89.33% test_agree=96.91%
Epoch 041 | train=0.2758 (ce=0.2500, kd=0.0612, feat=0.0122) | val_acc=97.14% val_f1=0.9673 val_agree=98.29% | test_acc=89.04% test_agree=96.63%
Epoch 042 | train=0.2837 (ce=0.2634, kd=0.0588, feat=0.0119) | val_acc=97.14% val_f1=0.9673 val_agree=98.29% | test_acc=89.04% test_agree=96.63%
Epoch 043 | train=0.2808 (ce=0.2560, kd=0.0614, feat=0.0117) | val_acc=97.71% val_f1=0.9727 val_agree=98.86% | test_acc=88.76% test_agree=96.35%
Epoch 044 | train=0.2756 (ce=0.2569, kd=0.0565, feat=0.0115) | val_acc=98.29% val_f1=0.9807 val_agree=98.29% | test_acc=88.76% test_agree=96.35%
Epoch 045 | train=0.2696 (ce=0.2414, kd=0.0618, feat=0.0115) | val_acc=98.29% val_f1=0.9807 val_agree=98.29% | test_acc=88.76% test_agree=96.35%
Epoch 046 | train=0.2756 (ce=0.2538, kd=0.0586, feat=0.0116) | val_acc=98.29% val_f1=0.9807 val_agree=98.29% | test_acc=88.76% test_agree=96.35%
Epoch 047 | train=0.2657 (ce=0.2392, kd=0.0600, feat=0.0118) | val_acc=97.71% val_f1=0.9752 val_agree=97.71% | test_acc=89.04% test_agree=96.63%
Epoch 048 | train=0.2654 (ce=0.2384, kd=0.0603, feat=0.0120) | val_acc=97.71% val_f1=0.9752 val_agree=97.71% | test_acc=89.04% test_agree=96.63%
Epoch 049 | train=0.2647 (ce=0.2412, kd=0.0578, feat=0.0119) | val_acc=97.71% val_f1=0.9752 val_agree=97.71% | test_acc=89.04% test_agree=96.63%
Epoch 050 | train=0.2676 (ce=0.2456, kd=0.0573, feat=0.0117) | val_acc=97.14% val_f1=0.9697 val_agree=98.29% | test_acc=89.04% test_agree=96.63%
Epoch 051 | train=0.2739 (ce=0.2520, kd=0.0584, feat=0.0112) | val_acc=97.71% val_f1=0.9752 val_agree=97.71% | test_acc=89.33% test_agree=96.91%
Epoch 052 | train=0.2689 (ce=0.2438, kd=0.0597, feat=0.0115) | val_acc=97.71% val_f1=0.9752 val_agree=97.71% | test_acc=89.61% test_agree=97.19%
Epoch 053 | train=0.2674 (ce=0.2426, kd=0.0593, feat=0.0111) | val_acc=97.71% val_f1=0.9752 val_agree=97.71% | test_acc=89.04% test_agree=96.63%
Epoch 054 | train=0.2785 (ce=0.2574, kd=0.0586, feat=0.0111) | val_acc=97.71% val_f1=0.9752 val_agree=97.71% | test_acc=88.48% test_agree=96.07%
Epoch 055 | train=0.2637 (ce=0.2401, kd=0.0578, feat=0.0115) | val_acc=97.71% val_f1=0.9752 val_agree=97.71% | test_acc=89.04% test_agree=96.63%
Epoch 056 | train=0.2639 (ce=0.2423, kd=0.0566, feat=0.0110) | val_acc=97.71% val_f1=0.9752 val_agree=97.71% | test_acc=89.04% test_agree=96.63%
Epoch 057 | train=0.2660 (ce=0.2447, kd=0.0567, feat=0.0108) | val_acc=97.71% val_f1=0.9752 val_agree=97.71% | test_acc=89.04% test_agree=96.63%
Epoch 058 | train=0.2684 (ce=0.2420, kd=0.0604, feat=0.0111) | val_acc=97.71% val_f1=0.9752 val_agree=97.71% | test_acc=89.04% test_agree=96.63%
Epoch 059 | train=0.2714 (ce=0.2466, kd=0.0599, feat=0.0113) | val_acc=97.71% val_f1=0.9752 val_agree=97.71% | test_acc=89.04% test_agree=96.63%
Epoch 060 | train=0.2692 (ce=0.2410, kd=0.0618, feat=0.0112) | val_acc=97.71% val_f1=0.9752 val_agree=97.71% | test_acc=89.04% test_agree=96.63%
Epoch 061 | train=0.2703 (ce=0.2482, kd=0.0579, feat=0.0111) | val_acc=97.71% val_f1=0.9752 val_agree=97.71% | test_acc=89.04% test_agree=96.63%
Epoch 062 | train=0.2702 (ce=0.2450, kd=0.0600, feat=0.0113) | val_acc=97.71% val_f1=0.9752 val_agree=97.71% | test_acc=89.04% test_agree=96.63%
Epoch 063 | train=0.2728 (ce=0.2534, kd=0.0566, feat=0.0109) | val_acc=97.71% val_f1=0.9752 val_agree=97.71% | test_acc=89.04% test_agree=96.63%
Epoch 064 | train=0.2663 (ce=0.2425, kd=0.0585, feat=0.0106) | val_acc=97.71% val_f1=0.9752 val_agree=97.71% | test_acc=89.04% test_agree=96.63%
Epoch 065 | train=0.2772 (ce=0.2533, kd=0.0604, feat=0.0106) | val_acc=97.71% val_f1=0.9752 val_agree=97.71% | test_acc=89.04% test_agree=96.63%
Epoch 066 | train=0.2765 (ce=0.2499, kd=0.0620, feat=0.0105) | val_acc=97.71% val_f1=0.9752 val_agree=97.71% | test_acc=89.04% test_agree=96.63%
Epoch 067 | train=0.2671 (ce=0.2368, kd=0.0629, feat=0.0110) | val_acc=97.71% val_f1=0.9752 val_agree=97.71% | test_acc=89.04% test_agree=96.63%
Epoch 068 | train=0.2636 (ce=0.2419, kd=0.0566, feat=0.0109) | val_acc=97.71% val_f1=0.9752 val_agree=97.71% | test_acc=89.04% test_agree=96.63%
Early stopping at epoch 68 (best=52, score=0.896067)
================================================================================
Best epoch: 52
Best score (test_acc): 0.896067
Final test accuracy: 89.61%
Final test teacher agreement: 97.19%
Saved to: ablation_experiments/h1/results/run_20260327_131013/ablation2_teacher_student_lstm/students/ablation2_h1_scan90_run_20260327_131013/stage1/s1_l3_o1_c1/ablation2_distill_lstm_weld_seam_windows_ws5_tf75_pg0_h1_ep80_lr0.00015_bs128_T3.0_lce0.8_lkd1.2_lf0.2_seed14
================================================================================
Ablation-2 | Distill 13D LSTM student for future-step prediction
================================================================================
Dataset: Data/processed_data/weld_seam_windows_ws5_tf75_pg0_h1.npz
Teacher ckpt: /home/huang_kai/wind_turbine_phm/PHOENIX-main/autoencoder_benchmark/ablation_experiments/h1/results/comparison_18d_baselines/lstm/lstm_weld_seam_windows_ws5_tf75_pg0_h1_h64_l2_bi_do0.3_ep80_lr0.0001_wd1e-05_bs128_seed42/best_model.pth
Teacher run args: /home/huang_kai/wind_turbine_phm/PHOENIX-main/autoencoder_benchmark/ablation_experiments/h1/results/comparison_18d_baselines/lstm/lstm_weld_seam_windows_ws5_tf75_pg0_h1_h64_l2_bi_do0.3_ep80_lr0.0001_wd1e-05_bs128_seed42/run_args.json
Device: cuda
Train/Val/Test: 990 / 175 / 356
Input full/subset dims: 18 / 13
Dropped feature indices: [3, 4, 5, 6, 7]
Temperature: 3.0
Loss weights (ce/kd/feat): 0.8 / 1.2 / 0.2
Teacher init summary: {'init_mode': 'strict', 'loaded_keys': 20, 'skipped_keys': [], 'missing_model_keys': []}
Student init summary: {'init_mode': 'shape_safe', 'loaded_keys': 10, 'skipped_keys': ['lstm.bias_hh_l1', 'lstm.bias_hh_l1_reverse', 'lstm.bias_ih_l1', 'lstm.bias_ih_l1_reverse', 'lstm.weight_hh_l1', 'lstm.weight_hh_l1_reverse', 'lstm.weight_ih_l0', 'lstm.weight_ih_l0_reverse', 'lstm.weight_ih_l1', 'lstm.weight_ih_l1_reverse'], 'missing_model_keys': ['lstm.weight_ih_l0', 'lstm.weight_ih_l0_reverse']}
Epoch 001 | train=1.6906 (ce=0.9914, kd=0.7337, feat=0.0853) | val_acc=40.57% val_f1=0.4224 val_agree=40.57% | test_acc=55.06% test_agree=45.79%
Epoch 002 | train=1.5526 (ce=0.9200, kd=0.6663, feat=0.0852) | val_acc=55.43% val_f1=0.5651 val_agree=55.43% | test_acc=71.35% test_agree=62.08%
Epoch 003 | train=1.4108 (ce=0.8510, kd=0.5944, feat=0.0840) | val_acc=69.14% val_f1=0.6702 val_agree=69.14% | test_acc=73.03% test_agree=64.33%
Epoch 004 | train=1.2755 (ce=0.7873, kd=0.5242, feat=0.0827) | val_acc=77.71% val_f1=0.7341 val_agree=77.71% | test_acc=73.31% test_agree=64.61%
Epoch 005 | train=1.0967 (ce=0.7561, kd=0.3975, feat=0.0745) | val_acc=81.71% val_f1=0.7656 val_agree=81.71% | test_acc=74.44% test_agree=66.29%
Epoch 006 | train=0.9665 (ce=0.6974, kd=0.3283, feat=0.0729) | val_acc=83.43% val_f1=0.7760 val_agree=83.43% | test_acc=75.28% test_agree=71.07%
Epoch 007 | train=0.8349 (ce=0.6419, kd=0.2564, feat=0.0684) | val_acc=85.14% val_f1=0.7949 val_agree=85.14% | test_acc=78.65% test_agree=76.12%
Epoch 008 | train=0.7228 (ce=0.5790, kd=0.2048, feat=0.0695) | val_acc=86.29% val_f1=0.8093 val_agree=85.14% | test_acc=80.06% test_agree=77.53%
Epoch 009 | train=0.6250 (ce=0.5568, kd=0.1391, feat=0.0631) | val_acc=87.43% val_f1=0.8277 val_agree=86.29% | test_acc=80.90% test_agree=79.49%
Epoch 010 | train=0.5457 (ce=0.5037, kd=0.1086, feat=0.0625) | val_acc=91.43% val_f1=0.8826 val_agree=89.14% | test_acc=82.02% test_agree=81.18%
Epoch 011 | train=0.4796 (ce=0.4454, kd=0.0917, feat=0.0658) | val_acc=93.14% val_f1=0.9112 val_agree=92.00% | test_acc=83.99% test_agree=83.15%
Epoch 012 | train=0.4499 (ce=0.4385, kd=0.0724, feat=0.0612) | val_acc=93.14% val_f1=0.9147 val_agree=93.14% | test_acc=84.27% test_agree=85.11%
Epoch 013 | train=0.4197 (ce=0.4189, kd=0.0610, feat=0.0568) | val_acc=93.14% val_f1=0.9152 val_agree=94.29% | test_acc=83.99% test_agree=87.08%
Epoch 014 | train=0.3821 (ce=0.3703, kd=0.0619, feat=0.0577) | val_acc=94.86% val_f1=0.9376 val_agree=96.00% | test_acc=82.87% test_agree=88.20%
Epoch 015 | train=0.3660 (ce=0.3537, kd=0.0591, feat=0.0605) | val_acc=94.86% val_f1=0.9404 val_agree=96.00% | test_acc=84.27% test_agree=90.17%
Epoch 016 | train=0.3566 (ce=0.3378, kd=0.0619, feat=0.0604) | val_acc=96.00% val_f1=0.9566 val_agree=97.14% | test_acc=85.11% test_agree=90.45%
Epoch 017 | train=0.3528 (ce=0.3374, kd=0.0597, feat=0.0561) | val_acc=96.00% val_f1=0.9566 val_agree=97.14% | test_acc=85.67% test_agree=92.70%
Epoch 018 | train=0.3319 (ce=0.3199, kd=0.0539, feat=0.0568) | val_acc=96.00% val_f1=0.9566 val_agree=97.14% | test_acc=85.67% test_agree=92.70%
Epoch 019 | train=0.3115 (ce=0.2885, kd=0.0574, feat=0.0591) | val_acc=96.00% val_f1=0.9566 val_agree=97.14% | test_acc=86.52% test_agree=94.66%
Epoch 020 | train=0.3155 (ce=0.2952, kd=0.0565, feat=0.0578) | val_acc=94.86% val_f1=0.9462 val_agree=97.14% | test_acc=87.36% test_agree=94.38%
Epoch 021 | train=0.3040 (ce=0.2870, kd=0.0524, feat=0.0575) | val_acc=94.86% val_f1=0.9462 val_agree=97.14% | test_acc=88.20% test_agree=94.66%
Epoch 022 | train=0.3096 (ce=0.2956, kd=0.0514, feat=0.0576) | val_acc=94.86% val_f1=0.9462 val_agree=97.14% | test_acc=87.36% test_agree=94.94%
Epoch 023 | train=0.3008 (ce=0.2744, kd=0.0577, feat=0.0603) | val_acc=95.43% val_f1=0.9514 val_agree=96.57% | test_acc=88.76% test_agree=95.79%
Epoch 024 | train=0.3012 (ce=0.2786, kd=0.0555, feat=0.0584) | val_acc=95.43% val_f1=0.9514 val_agree=96.57% | test_acc=89.04% test_agree=96.07%
Epoch 025 | train=0.2978 (ce=0.2768, kd=0.0543, feat=0.0562) | val_acc=95.43% val_f1=0.9514 val_agree=96.57% | test_acc=88.76% test_agree=96.35%
Epoch 026 | train=0.2926 (ce=0.2733, kd=0.0517, feat=0.0597) | val_acc=95.43% val_f1=0.9514 val_agree=96.57% | test_acc=89.04% test_agree=96.07%
Epoch 027 | train=0.2872 (ce=0.2639, kd=0.0536, feat=0.0586) | val_acc=95.43% val_f1=0.9514 val_agree=96.57% | test_acc=88.48% test_agree=95.51%
Epoch 028 | train=0.2917 (ce=0.2685, kd=0.0541, feat=0.0593) | val_acc=96.00% val_f1=0.9590 val_agree=96.00% | test_acc=89.04% test_agree=96.07%
Epoch 029 | train=0.2833 (ce=0.2574, kd=0.0547, feat=0.0587) | val_acc=96.00% val_f1=0.9590 val_agree=96.00% | test_acc=89.04% test_agree=96.07%
Epoch 030 | train=0.2717 (ce=0.2442, kd=0.0535, feat=0.0605) | val_acc=95.43% val_f1=0.9514 val_agree=96.57% | test_acc=89.04% test_agree=96.07%
Epoch 031 | train=0.2866 (ce=0.2651, kd=0.0521, feat=0.0598) | val_acc=96.00% val_f1=0.9590 val_agree=96.00% | test_acc=89.33% test_agree=96.35%
Epoch 032 | train=0.2852 (ce=0.2663, kd=0.0509, feat=0.0555) | val_acc=95.43% val_f1=0.9538 val_agree=96.57% | test_acc=89.04% test_agree=96.07%
Epoch 033 | train=0.2863 (ce=0.2679, kd=0.0503, feat=0.0580) | val_acc=94.86% val_f1=0.9462 val_agree=97.14% | test_acc=89.04% test_agree=96.07%
Epoch 034 | train=0.2835 (ce=0.2612, kd=0.0527, feat=0.0561) | val_acc=94.86% val_f1=0.9485 val_agree=96.00% | test_acc=89.33% test_agree=95.79%
Epoch 035 | train=0.2604 (ce=0.2309, kd=0.0531, feat=0.0599) | val_acc=94.86% val_f1=0.9485 val_agree=96.00% | test_acc=89.33% test_agree=95.79%
Epoch 036 | train=0.2818 (ce=0.2574, kd=0.0534, feat=0.0586) | val_acc=94.86% val_f1=0.9485 val_agree=96.00% | test_acc=88.76% test_agree=95.22%
Epoch 037 | train=0.2671 (ce=0.2392, kd=0.0533, feat=0.0594) | val_acc=95.43% val_f1=0.9538 val_agree=96.57% | test_acc=89.61% test_agree=96.07%
Epoch 038 | train=0.2730 (ce=0.2474, kd=0.0529, feat=0.0580) | val_acc=95.43% val_f1=0.9538 val_agree=96.57% | test_acc=89.89% test_agree=96.35%
Epoch 039 | train=0.2715 (ce=0.2439, kd=0.0539, feat=0.0585) | val_acc=96.00% val_f1=0.9590 val_agree=97.14% | test_acc=89.61% test_agree=96.63%
Epoch 040 | train=0.2709 (ce=0.2483, kd=0.0507, feat=0.0567) | val_acc=97.14% val_f1=0.9697 val_agree=97.14% | test_acc=89.04% test_agree=96.07%
Epoch 041 | train=0.2692 (ce=0.2454, kd=0.0512, feat=0.0574) | val_acc=97.14% val_f1=0.9697 val_agree=97.14% | test_acc=89.04% test_agree=96.07%
Epoch 042 | train=0.2813 (ce=0.2608, kd=0.0515, feat=0.0546) | val_acc=97.14% val_f1=0.9697 val_agree=97.14% | test_acc=89.61% test_agree=96.63%
Epoch 043 | train=0.2808 (ce=0.2621, kd=0.0497, feat=0.0570) | val_acc=97.14% val_f1=0.9697 val_agree=97.14% | test_acc=89.61% test_agree=96.63%
Epoch 044 | train=0.2715 (ce=0.2467, kd=0.0522, feat=0.0576) | val_acc=97.14% val_f1=0.9697 val_agree=97.14% | test_acc=89.61% test_agree=96.63%
Epoch 045 | train=0.2642 (ce=0.2408, kd=0.0498, feat=0.0587) | val_acc=97.14% val_f1=0.9697 val_agree=97.14% | test_acc=89.61% test_agree=96.63%
Epoch 046 | train=0.2775 (ce=0.2500, kd=0.0550, feat=0.0571) | val_acc=97.14% val_f1=0.9697 val_agree=97.14% | test_acc=89.33% test_agree=96.35%
Epoch 047 | train=0.2779 (ce=0.2524, kd=0.0542, feat=0.0553) | val_acc=97.14% val_f1=0.9697 val_agree=97.14% | test_acc=89.33% test_agree=96.35%
Epoch 048 | train=0.2667 (ce=0.2407, kd=0.0519, feat=0.0595) | val_acc=96.00% val_f1=0.9590 val_agree=97.14% | test_acc=89.61% test_agree=96.63%
Epoch 049 | train=0.2651 (ce=0.2394, kd=0.0516, feat=0.0581) | val_acc=97.14% val_f1=0.9697 val_agree=97.14% | test_acc=89.33% test_agree=96.35%
Epoch 050 | train=0.2710 (ce=0.2466, kd=0.0520, feat=0.0564) | val_acc=97.14% val_f1=0.9697 val_agree=97.14% | test_acc=89.33% test_agree=96.35%
Epoch 051 | train=0.2646 (ce=0.2379, kd=0.0523, feat=0.0575) | val_acc=97.14% val_f1=0.9697 val_agree=97.14% | test_acc=89.33% test_agree=96.35%
Epoch 052 | train=0.2674 (ce=0.2413, kd=0.0524, feat=0.0571) | val_acc=97.14% val_f1=0.9697 val_agree=97.14% | test_acc=89.33% test_agree=96.35%
Epoch 053 | train=0.2683 (ce=0.2467, kd=0.0502, feat=0.0539) | val_acc=97.14% val_f1=0.9697 val_agree=97.14% | test_acc=89.33% test_agree=96.35%
Epoch 054 | train=0.2657 (ce=0.2368, kd=0.0538, feat=0.0582) | val_acc=97.14% val_f1=0.9697 val_agree=97.14% | test_acc=89.33% test_agree=96.35%
Early stopping at epoch 54 (best=38, score=0.898876)
================================================================================
Best epoch: 38
Best score (test_acc): 0.898876
Final test accuracy: 89.89%
Final test teacher agreement: 96.35%
Saved to: ablation_experiments/h1/results/run_20260327_131013/ablation2_teacher_student_lstm/students/ablation2_h1_scan90_run_20260327_131013/stage1/s1_l3_o2_c0/ablation2_distill_lstm_weld_seam_windows_ws5_tf75_pg0_h1_ep80_lr0.0002_bs128_T3.0_lce0.8_lkd1.2_lf0.2_seed14
================================================================================
Ablation-2 | Distill 13D LSTM student for future-step prediction
================================================================================
Dataset: Data/processed_data/weld_seam_windows_ws5_tf75_pg0_h1.npz
Teacher ckpt: /home/huang_kai/wind_turbine_phm/PHOENIX-main/autoencoder_benchmark/ablation_experiments/h1/results/comparison_18d_baselines/lstm/lstm_weld_seam_windows_ws5_tf75_pg0_h1_h64_l2_bi_do0.3_ep80_lr0.0001_wd1e-05_bs128_seed42/best_model.pth
Teacher run args: /home/huang_kai/wind_turbine_phm/PHOENIX-main/autoencoder_benchmark/ablation_experiments/h1/results/comparison_18d_baselines/lstm/lstm_weld_seam_windows_ws5_tf75_pg0_h1_h64_l2_bi_do0.3_ep80_lr0.0001_wd1e-05_bs128_seed42/run_args.json
Device: cuda
Train/Val/Test: 990 / 175 / 356
Input full/subset dims: 18 / 13
Dropped feature indices: [3, 4, 5, 6, 7]
Temperature: 3.0
Loss weights (ce/kd/feat): 0.8 / 1.2 / 0.2
Teacher init summary: {'init_mode': 'strict', 'loaded_keys': 20, 'skipped_keys': [], 'missing_model_keys': []}
Student init summary: {'init_mode': 'shape_safe', 'loaded_keys': 18, 'skipped_keys': ['lstm.weight_ih_l0', 'lstm.weight_ih_l0_reverse'], 'missing_model_keys': ['lstm.weight_ih_l0', 'lstm.weight_ih_l0_reverse']}
Epoch 001 | train=2.2971 (ce=1.2087, kd=1.0954, feat=0.0789) | val_acc=25.14% val_f1=0.1443 val_agree=27.43% | test_acc=34.27% test_agree=36.80%
Epoch 002 | train=1.8793 (ce=1.0329, kd=0.8658, feat=0.0705) | val_acc=30.29% val_f1=0.2432 val_agree=32.57% | test_acc=48.03% test_agree=50.56%
Epoch 003 | train=1.4425 (ce=0.8654, kd=0.6156, feat=0.0570) | val_acc=51.43% val_f1=0.5592 val_agree=53.71% | test_acc=60.11% test_agree=62.64%
Epoch 004 | train=1.1600 (ce=0.7263, kd=0.4736, feat=0.0531) | val_acc=71.43% val_f1=0.7368 val_agree=71.43% | test_acc=79.21% test_agree=75.56%
Epoch 005 | train=0.8390 (ce=0.6303, kd=0.2722, feat=0.0406) | val_acc=79.43% val_f1=0.7529 val_agree=79.43% | test_acc=80.62% test_agree=76.97%
Epoch 006 | train=0.6564 (ce=0.5845, kd=0.1526, feat=0.0287) | val_acc=84.00% val_f1=0.7861 val_agree=84.00% | test_acc=82.87% test_agree=80.90%
Epoch 007 | train=0.5575 (ce=0.5415, kd=0.1002, feat=0.0208) | val_acc=92.00% val_f1=0.8959 val_agree=89.71% | test_acc=80.90% test_agree=80.62%
Epoch 008 | train=0.4295 (ce=0.4249, kd=0.0708, feat=0.0228) | val_acc=94.29% val_f1=0.9307 val_agree=94.29% | test_acc=79.78% test_agree=83.99%
Epoch 009 | train=0.4062 (ce=0.4059, kd=0.0648, feat=0.0189) | val_acc=96.00% val_f1=0.9556 val_agree=96.00% | test_acc=77.25% test_agree=83.71%
Epoch 010 | train=0.3803 (ce=0.3859, kd=0.0571, feat=0.0158) | val_acc=96.57% val_f1=0.9610 val_agree=96.57% | test_acc=76.12% test_agree=84.83%
Epoch 011 | train=0.3529 (ce=0.3495, kd=0.0587, feat=0.0144) | val_acc=96.57% val_f1=0.9610 val_agree=96.57% | test_acc=79.78% test_agree=88.48%
Epoch 012 | train=0.3571 (ce=0.3507, kd=0.0615, feat=0.0136) | val_acc=96.57% val_f1=0.9615 val_agree=97.71% | test_acc=81.18% test_agree=90.45%
Epoch 013 | train=0.3227 (ce=0.3089, kd=0.0606, feat=0.0146) | val_acc=96.57% val_f1=0.9615 val_agree=97.71% | test_acc=83.15% test_agree=92.42%
Epoch 014 | train=0.3266 (ce=0.3094, kd=0.0636, feat=0.0135) | val_acc=96.57% val_f1=0.9619 val_agree=97.71% | test_acc=85.39% test_agree=94.66%
Epoch 015 | train=0.3039 (ce=0.2909, kd=0.0570, feat=0.0138) | val_acc=97.14% val_f1=0.9673 val_agree=98.29% | test_acc=85.96% test_agree=95.22%
Epoch 016 | train=0.2989 (ce=0.2824, kd=0.0583, feat=0.0148) | val_acc=96.57% val_f1=0.9619 val_agree=97.71% | test_acc=86.24% test_agree=95.51%
Epoch 017 | train=0.2979 (ce=0.2768, kd=0.0615, feat=0.0135) | val_acc=96.57% val_f1=0.9619 val_agree=97.71% | test_acc=86.80% test_agree=95.51%
Epoch 018 | train=0.2999 (ce=0.2823, kd=0.0596, feat=0.0128) | val_acc=96.57% val_f1=0.9619 val_agree=97.71% | test_acc=87.36% test_agree=96.07%
Epoch 019 | train=0.2949 (ce=0.2763, kd=0.0595, feat=0.0125) | val_acc=96.57% val_f1=0.9619 val_agree=97.71% | test_acc=86.80% test_agree=95.51%
Epoch 020 | train=0.2900 (ce=0.2673, kd=0.0614, feat=0.0127) | val_acc=96.57% val_f1=0.9619 val_agree=97.71% | test_acc=87.36% test_agree=96.07%
Epoch 021 | train=0.2959 (ce=0.2728, kd=0.0627, feat=0.0124) | val_acc=96.57% val_f1=0.9619 val_agree=97.71% | test_acc=88.20% test_agree=96.91%
Epoch 022 | train=0.2933 (ce=0.2690, kd=0.0630, feat=0.0124) | val_acc=95.43% val_f1=0.9514 val_agree=97.71% | test_acc=88.20% test_agree=95.79%
Epoch 023 | train=0.2922 (ce=0.2712, kd=0.0606, feat=0.0122) | val_acc=95.43% val_f1=0.9514 val_agree=97.71% | test_acc=88.20% test_agree=95.79%
Epoch 024 | train=0.2881 (ce=0.2676, kd=0.0596, feat=0.0124) | val_acc=95.43% val_f1=0.9514 val_agree=97.71% | test_acc=88.20% test_agree=95.79%
Epoch 025 | train=0.2818 (ce=0.2605, kd=0.0593, feat=0.0114) | val_acc=95.43% val_f1=0.9514 val_agree=97.71% | test_acc=89.04% test_agree=96.63%
Epoch 026 | train=0.2757 (ce=0.2481, kd=0.0623, feat=0.0122) | val_acc=96.00% val_f1=0.9566 val_agree=98.29% | test_acc=88.76% test_agree=96.35%
Epoch 027 | train=0.2659 (ce=0.2438, kd=0.0571, feat=0.0117) | val_acc=96.57% val_f1=0.9619 val_agree=97.71% | test_acc=89.04% test_agree=96.63%
Epoch 028 | train=0.2626 (ce=0.2406, kd=0.0564, feat=0.0119) | val_acc=97.14% val_f1=0.9673 val_agree=98.29% | test_acc=88.20% test_agree=95.79%
Epoch 029 | train=0.2772 (ce=0.2503, kd=0.0622, feat=0.0116) | val_acc=96.00% val_f1=0.9566 val_agree=98.29% | test_acc=88.76% test_agree=96.35%
Epoch 030 | train=0.2691 (ce=0.2406, kd=0.0619, feat=0.0118) | val_acc=95.43% val_f1=0.9514 val_agree=97.71% | test_acc=89.04% test_agree=96.63%
Epoch 031 | train=0.2723 (ce=0.2446, kd=0.0619, feat=0.0119) | val_acc=96.00% val_f1=0.9566 val_agree=98.29% | test_acc=88.48% test_agree=96.07%
Epoch 032 | train=0.2772 (ce=0.2518, kd=0.0613, feat=0.0111) | val_acc=97.71% val_f1=0.9727 val_agree=98.86% | test_acc=88.20% test_agree=95.79%
Epoch 033 | train=0.2750 (ce=0.2468, kd=0.0627, feat=0.0116) | val_acc=98.29% val_f1=0.9807 val_agree=98.29% | test_acc=88.76% test_agree=96.35%
Epoch 034 | train=0.2735 (ce=0.2501, kd=0.0594, feat=0.0107) | val_acc=97.71% val_f1=0.9752 val_agree=97.71% | test_acc=89.04% test_agree=96.63%
Epoch 035 | train=0.2612 (ce=0.2326, kd=0.0607, feat=0.0115) | val_acc=97.14% val_f1=0.9673 val_agree=98.29% | test_acc=88.48% test_agree=96.07%
Epoch 036 | train=0.2726 (ce=0.2460, kd=0.0613, feat=0.0110) | val_acc=96.57% val_f1=0.9619 val_agree=98.86% | test_acc=88.48% test_agree=96.07%
Epoch 037 | train=0.2663 (ce=0.2370, kd=0.0621, feat=0.0110) | val_acc=97.14% val_f1=0.9697 val_agree=98.29% | test_acc=89.04% test_agree=96.63%
Epoch 038 | train=0.2662 (ce=0.2426, kd=0.0583, feat=0.0105) | val_acc=97.14% val_f1=0.9697 val_agree=98.29% | test_acc=89.04% test_agree=96.63%
Epoch 039 | train=0.2787 (ce=0.2494, kd=0.0644, feat=0.0101) | val_acc=97.71% val_f1=0.9752 val_agree=97.71% | test_acc=89.33% test_agree=96.91%
Epoch 040 | train=0.2763 (ce=0.2531, kd=0.0598, feat=0.0103) | val_acc=98.29% val_f1=0.9807 val_agree=98.29% | test_acc=89.04% test_agree=97.19%
Epoch 041 | train=0.2668 (ce=0.2390, kd=0.0612, feat=0.0111) | val_acc=98.29% val_f1=0.9807 val_agree=98.29% | test_acc=89.04% test_agree=96.63%
Epoch 042 | train=0.2735 (ce=0.2512, kd=0.0586, feat=0.0108) | val_acc=98.29% val_f1=0.9807 val_agree=98.29% | test_acc=89.04% test_agree=96.63%
Epoch 043 | train=0.2721 (ce=0.2450, kd=0.0617, feat=0.0106) | val_acc=98.29% val_f1=0.9807 val_agree=98.29% | test_acc=88.76% test_agree=96.91%
Epoch 044 | train=0.2661 (ce=0.2439, kd=0.0574, feat=0.0104) | val_acc=98.29% val_f1=0.9807 val_agree=98.29% | test_acc=88.76% test_agree=96.91%
Epoch 045 | train=0.2607 (ce=0.2309, kd=0.0616, feat=0.0104) | val_acc=98.29% val_f1=0.9807 val_agree=98.29% | test_acc=88.76% test_agree=96.91%
Epoch 046 | train=0.2659 (ce=0.2419, kd=0.0585, feat=0.0105) | val_acc=98.29% val_f1=0.9807 val_agree=98.29% | test_acc=88.76% test_agree=96.91%
Epoch 047 | train=0.2569 (ce=0.2280, kd=0.0603, feat=0.0106) | val_acc=98.29% val_f1=0.9807 val_agree=98.29% | test_acc=89.04% test_agree=96.63%
Epoch 048 | train=0.2577 (ce=0.2281, kd=0.0609, feat=0.0108) | val_acc=98.29% val_f1=0.9807 val_agree=98.29% | test_acc=89.04% test_agree=96.63%
Epoch 049 | train=0.2558 (ce=0.2306, kd=0.0577, feat=0.0108) | val_acc=98.29% val_f1=0.9807 val_agree=98.29% | test_acc=89.04% test_agree=96.63%
Epoch 050 | train=0.2597 (ce=0.2356, kd=0.0576, feat=0.0106) | val_acc=97.71% val_f1=0.9752 val_agree=97.71% | test_acc=89.04% test_agree=96.63%
Epoch 051 | train=0.2652 (ce=0.2412, kd=0.0586, feat=0.0101) | val_acc=97.71% val_f1=0.9752 val_agree=97.71% | test_acc=89.61% test_agree=97.19%
Epoch 052 | train=0.2599 (ce=0.2329, kd=0.0596, feat=0.0104) | val_acc=98.29% val_f1=0.9807 val_agree=98.29% | test_acc=89.89% test_agree=97.47%
Epoch 053 | train=0.2594 (ce=0.2324, kd=0.0596, feat=0.0101) | val_acc=98.29% val_f1=0.9807 val_agree=98.29% | test_acc=89.04% test_agree=96.63%
Epoch 054 | train=0.2694 (ce=0.2463, kd=0.0586, feat=0.0101) | val_acc=98.29% val_f1=0.9807 val_agree=98.29% | test_acc=88.76% test_agree=96.35%
Epoch 055 | train=0.2558 (ce=0.2301, kd=0.0580, feat=0.0104) | val_acc=98.29% val_f1=0.9807 val_agree=98.29% | test_acc=89.04% test_agree=96.63%
Epoch 056 | train=0.2565 (ce=0.2318, kd=0.0575, feat=0.0099) | val_acc=98.29% val_f1=0.9807 val_agree=98.29% | test_acc=89.04% test_agree=96.63%
Epoch 057 | train=0.2588 (ce=0.2349, kd=0.0575, feat=0.0097) | val_acc=98.29% val_f1=0.9807 val_agree=98.29% | test_acc=89.04% test_agree=96.63%
Epoch 058 | train=0.2601 (ce=0.2319, kd=0.0605, feat=0.0100) | val_acc=98.29% val_f1=0.9807 val_agree=98.29% | test_acc=89.04% test_agree=96.63%
Epoch 059 | train=0.2626 (ce=0.2366, kd=0.0594, feat=0.0102) | val_acc=98.29% val_f1=0.9807 val_agree=98.29% | test_acc=89.04% test_agree=96.63%
Epoch 060 | train=0.2608 (ce=0.2311, kd=0.0616, feat=0.0101) | val_acc=98.29% val_f1=0.9807 val_agree=98.29% | test_acc=89.04% test_agree=96.63%
Epoch 061 | train=0.2621 (ce=0.2384, kd=0.0578, feat=0.0100) | val_acc=98.29% val_f1=0.9807 val_agree=98.29% | test_acc=89.04% test_agree=96.63%
Epoch 062 | train=0.2612 (ce=0.2346, kd=0.0596, feat=0.0102) | val_acc=98.29% val_f1=0.9807 val_agree=98.29% | test_acc=89.33% test_agree=96.91%
Epoch 063 | train=0.2647 (ce=0.2424, kd=0.0574, feat=0.0098) | val_acc=98.29% val_f1=0.9807 val_agree=98.29% | test_acc=89.33% test_agree=96.91%
Epoch 064 | train=0.2585 (ce=0.2334, kd=0.0582, feat=0.0095) | val_acc=98.29% val_f1=0.9807 val_agree=98.29% | test_acc=89.33% test_agree=96.91%
Epoch 065 | train=0.2680 (ce=0.2421, kd=0.0603, feat=0.0096) | val_acc=98.29% val_f1=0.9807 val_agree=98.29% | test_acc=89.04% test_agree=96.63%
Epoch 066 | train=0.2678 (ce=0.2393, kd=0.0620, feat=0.0095) | val_acc=98.29% val_f1=0.9807 val_agree=98.29% | test_acc=89.04% test_agree=96.63%
Epoch 067 | train=0.2588 (ce=0.2269, kd=0.0627, feat=0.0099) | val_acc=98.29% val_f1=0.9807 val_agree=98.29% | test_acc=89.04% test_agree=96.63%
Epoch 068 | train=0.2567 (ce=0.2326, kd=0.0572, feat=0.0098) | val_acc=98.29% val_f1=0.9807 val_agree=98.29% | test_acc=89.04% test_agree=96.63%
Early stopping at epoch 68 (best=52, score=0.898876)
================================================================================
Best epoch: 52
Best score (test_acc): 0.898876
Final test accuracy: 89.89%
Final test teacher agreement: 97.47%
Saved to: ablation_experiments/h1/results/run_20260327_131013/ablation2_teacher_student_lstm/students/ablation2_h1_scan90_run_20260327_131013/stage1/s1_l3_o2_c1/ablation2_distill_lstm_weld_seam_windows_ws5_tf75_pg0_h1_ep80_lr0.0002_bs128_T3.0_lce0.8_lkd1.2_lf0.2_seed14
/usr/bin/python /home/huang_kai/wind_turbine_phm/PHOENIX-main/autoencoder_benchmark/ablation_experiments/scripts/train_ablation2_distill_lstm_student.py --dataset-npz Data/processed_data/weld_seam_windows_ws5_tf75_pg0_h1.npz --teacher-ckpt /home/huang_kai/wind_turbine_phm/PHOENIX-main/autoencoder_benchmark/ablation_experiments/h1/results/comparison_18d_baselines/lstm/lstm_weld_seam_windows_ws5_tf75_pg0_h1_h64_l2_bi_do0.3_ep80_lr0.0001_wd1e-05_bs128_seed42/best_model.pth --teacher-run-args /home/huang_kai/wind_turbine_phm/PHOENIX-main/autoencoder_benchmark/ablation_experiments/h1/results/comparison_18d_baselines/lstm/lstm_weld_seam_windows_ws5_tf75_pg0_h1_h64_l2_bi_do0.3_ep80_lr0.0001_wd1e-05_bs128_seed42/run_args.json --output-dir ablation_experiments/h1/results/run_20260327_131013/ablation2_teacher_student_lstm/students/ablation2_h1_scan90_run_20260327_131013/stage1/s1_l3_o0_c1 --epochs 80 --batch-size 128 --lr 0.0001 --weight-decay 1e-05 --seed 14 --num-workers 0 --checkpoint-metric test_acc --temperature 3.0 --lambda-ce 0.8 --lambda-kd 1.2 --lambda-feat 0.2 --student-lstm-layers 2 --student-lstm-dropout 0.3 --student-classifier-hidden 64 --student-classifier-dropout 0.35 --weighted-sampler --student-init-ckpt /home/huang_kai/wind_turbine_phm/PHOENIX-main/autoencoder_benchmark/ablation_experiments/h1/results/comparison_18d_baselines/lstm/lstm_weld_seam_windows_ws5_tf75_pg0_h1_h64_l2_bi_do0.3_ep80_lr0.0001_wd1e-05_bs128_seed42/best_model.pth --student-init-mode shape_safe
Command: /usr/bin/python /home/huang_kai/wind_turbine_phm/PHOENIX-main/autoencoder_benchmark/ablation_experiments/scripts/train_ablation2_distill_lstm_student.py --dataset-npz Data/processed_data/weld_seam_windows_ws5_tf75_pg0_h1.npz --teacher-ckpt /home/huang_kai/wind_turbine_phm/PHOENIX-main/autoencoder_benchmark/ablation_experiments/h1/results/comparison_18d_baselines/lstm/lstm_weld_seam_windows_ws5_tf75_pg0_h1_h64_l2_bi_do0.3_ep80_lr0.0001_wd1e-05_bs128_seed42/best_model.pth --teacher-run-args /home/huang_kai/wind_turbine_phm/PHOENIX-main/autoencoder_benchmark/ablation_experiments/h1/results/comparison_18d_baselines/lstm/lstm_weld_seam_windows_ws5_tf75_pg0_h1_h64_l2_bi_do0.3_ep80_lr0.0001_wd1e-05_bs128_seed42/run_args.json --output-dir ablation_experiments/h1/results/run_20260327_131013/ablation2_teacher_student_lstm/students/ablation2_h1_scan90_run_20260327_131013/stage1/s1_l3_o1_c0 --epochs 80 --batch-size 128 --lr 0.00015 --weight-decay 1e-05 --seed 14 --num-workers 0 --checkpoint-metric test_acc --temperature 3.0 --lambda-ce 0.8 --lambda-kd 1.2 --lambda-feat 0.2 --student-lstm-layers 1 --student-lstm-dropout 0.2 --student-classifier-hidden 64 --student-classifier-dropout 0.3 --weighted-sampler --student-init-ckpt /home/huang_kai/wind_turbine_phm/PHOENIX-main/autoencoder_benchmark/ablation_experiments/h1/results/comparison_18d_baselines/lstm/lstm_weld_seam_windows_ws5_tf75_pg0_h1_h64_l2_bi_do0.3_ep80_lr0.0001_wd1e-05_bs128_seed42/best_model.pth --student-init-mode shape_safe
Command: /usr/bin/python /home/huang_kai/wind_turbine_phm/PHOENIX-main/autoencoder_benchmark/ablation_experiments/scripts/train_ablation2_distill_lstm_student.py --dataset-npz Data/processed_data/weld_seam_windows_ws5_tf75_pg0_h1.npz --teacher-ckpt /home/huang_kai/wind_turbine_phm/PHOENIX-main/autoencoder_benchmark/ablation_experiments/h1/results/comparison_18d_baselines/lstm/lstm_weld_seam_windows_ws5_tf75_pg0_h1_h64_l2_bi_do0.3_ep80_lr0.0001_wd1e-05_bs128_seed42/best_model.pth --teacher-run-args /home/huang_kai/wind_turbine_phm/PHOENIX-main/autoencoder_benchmark/ablation_experiments/h1/results/comparison_18d_baselines/lstm/lstm_weld_seam_windows_ws5_tf75_pg0_h1_h64_l2_bi_do0.3_ep80_lr0.0001_wd1e-05_bs128_seed42/run_args.json --output-dir ablation_experiments/h1/results/run_20260327_131013/ablation2_teacher_student_lstm/students/ablation2_h1_scan90_run_20260327_131013/stage1/s1_l3_o1_c1 --epochs 80 --batch-size 128 --lr 0.00015 --weight-decay 1e-05 --seed 14 --num-workers 0 --checkpoint-metric test_acc --temperature 3.0 --lambda-ce 0.8 --lambda-kd 1.2 --lambda-feat 0.2 --student-lstm-layers 2 --student-lstm-dropout 0.3 --student-classifier-hidden 64 --student-classifier-dropout 0.35 --weighted-sampler --student-init-ckpt /home/huang_kai/wind_turbine_phm/PHOENIX-main/autoencoder_benchmark/ablation_experiments/h1/results/comparison_18d_baselines/lstm/lstm_weld_seam_windows_ws5_tf75_pg0_h1_h64_l2_bi_do0.3_ep80_lr0.0001_wd1e-05_bs128_seed42/best_model.pth --student-init-mode shape_safe
Command: /usr/bin/python /home/huang_kai/wind_turbine_phm/PHOENIX-main/autoencoder_benchmark/ablation_experiments/scripts/train_ablation2_distill_lstm_student.py --dataset-npz Data/processed_data/weld_seam_windows_ws5_tf75_pg0_h1.npz --teacher-ckpt /home/huang_kai/wind_turbine_phm/PHOENIX-main/autoencoder_benchmark/ablation_experiments/h1/results/comparison_18d_baselines/lstm/lstm_weld_seam_windows_ws5_tf75_pg0_h1_h64_l2_bi_do0.3_ep80_lr0.0001_wd1e-05_bs128_seed42/best_model.pth --teacher-run-args /home/huang_kai/wind_turbine_phm/PHOENIX-main/autoencoder_benchmark/ablation_experiments/h1/results/comparison_18d_baselines/lstm/lstm_weld_seam_windows_ws5_tf75_pg0_h1_h64_l2_bi_do0.3_ep80_lr0.0001_wd1e-05_bs128_seed42/run_args.json --output-dir ablation_experiments/h1/results/run_20260327_131013/ablation2_teacher_student_lstm/students/ablation2_h1_scan90_run_20260327_131013/stage1/s1_l3_o2_c0 --epochs 80 --batch-size 128 --lr 0.0002 --weight-decay 0.0001 --seed 14 --num-workers 0 --checkpoint-metric test_acc --temperature 3.0 --lambda-ce 0.8 --lambda-kd 1.2 --lambda-feat 0.2 --student-lstm-layers 1 --student-lstm-dropout 0.2 --student-classifier-hidden 64 --student-classifier-dropout 0.3 --weighted-sampler --student-init-ckpt /home/huang_kai/wind_turbine_phm/PHOENIX-main/autoencoder_benchmark/ablation_experiments/h1/results/comparison_18d_baselines/lstm/lstm_weld_seam_windows_ws5_tf75_pg0_h1_h64_l2_bi_do0.3_ep80_lr0.0001_wd1e-05_bs128_seed42/best_model.pth --student-init-mode shape_safe
Command: /usr/bin/python /home/huang_kai/wind_turbine_phm/PHOENIX-main/autoencoder_benchmark/ablation_experiments/scripts/train_ablation2_distill_lstm_student.py --dataset-npz Data/processed_data/weld_seam_windows_ws5_tf75_pg0_h1.npz --teacher-ckpt /home/huang_kai/wind_turbine_phm/PHOENIX-main/autoencoder_benchmark/ablation_experiments/h1/results/comparison_18d_baselines/lstm/lstm_weld_seam_windows_ws5_tf75_pg0_h1_h64_l2_bi_do0.3_ep80_lr0.0001_wd1e-05_bs128_seed42/best_model.pth --teacher-run-args /home/huang_kai/wind_turbine_phm/PHOENIX-main/autoencoder_benchmark/ablation_experiments/h1/results/comparison_18d_baselines/lstm/lstm_weld_seam_windows_ws5_tf75_pg0_h1_h64_l2_bi_do0.3_ep80_lr0.0001_wd1e-05_bs128_seed42/run_args.json --output-dir ablation_experiments/h1/results/run_20260327_131013/ablation2_teacher_student_lstm/students/ablation2_h1_scan90_run_20260327_131013/stage1/s1_l3_o2_c1 --epochs 80 --batch-size 128 --lr 0.0002 --weight-decay 0.0001 --seed 14 --num-workers 0 --checkpoint-metric test_acc --temperature 3.0 --lambda-ce 0.8 --lambda-kd 1.2 --lambda-feat 0.2 --student-lstm-layers 2 --student-lstm-dropout 0.3 --student-classifier-hidden 64 --student-classifier-dropout 0.35 --weighted-sampler --student-init-ckpt /home/huang_kai/wind_turbine_phm/PHOENIX-main/autoencoder_benchmark/ablation_experiments/h1/results/comparison_18d_baselines/lstm/lstm_weld_seam_windows_ws5_tf75_pg0_h1_h64_l2_bi_do0.3_ep80_lr0.0001_wd1e-05_bs128_seed42/best_model.pth --student-init-mode shape_safe
Command: ================================================================================
Ablation-2 | Distill 13D LSTM student for future-step prediction
================================================================================
Dataset: Data/processed_data/weld_seam_windows_ws5_tf75_pg0_h1.npz
Teacher ckpt: /home/huang_kai/wind_turbine_phm/PHOENIX-main/autoencoder_benchmark/ablation_experiments/h1/results/comparison_18d_baselines/lstm/lstm_weld_seam_windows_ws5_tf75_pg0_h1_h64_l2_bi_do0.3_ep80_lr0.0001_wd1e-05_bs128_seed42/best_model.pth
Teacher run args: /home/huang_kai/wind_turbine_phm/PHOENIX-main/autoencoder_benchmark/ablation_experiments/h1/results/comparison_18d_baselines/lstm/lstm_weld_seam_windows_ws5_tf75_pg0_h1_h64_l2_bi_do0.3_ep80_lr0.0001_wd1e-05_bs128_seed42/run_args.json
Device: cuda
Train/Val/Test: 990 / 175 / 356
Input full/subset dims: 18 / 13
Dropped feature indices: [3, 4, 5, 6, 7]
Temperature: 3.0
Loss weights (ce/kd/feat): 0.8 / 1.2 / 0.2
Teacher init summary: {'init_mode': 'strict', 'loaded_keys': 20, 'skipped_keys': [], 'missing_model_keys': []}
Student init summary: {'init_mode': 'shape_safe', 'loaded_keys': 10, 'skipped_keys': ['lstm.bias_hh_l1', 'lstm.bias_hh_l1_reverse', 'lstm.bias_ih_l1', 'lstm.bias_ih_l1_reverse', 'lstm.weight_hh_l1', 'lstm.weight_hh_l1_reverse', 'lstm.weight_ih_l0', 'lstm.weight_ih_l0_reverse', 'lstm.weight_ih_l1', 'lstm.weight_ih_l1_reverse'], 'missing_model_keys': ['lstm.weight_ih_l0', 'lstm.weight_ih_l0_reverse']}
Epoch 001 | train=1.5255 (ce=0.9951, kd=0.5964, feat=0.0687) | val_acc=60.00% val_f1=0.6090 val_agree=60.00% | test_acc=72.19% test_agree=62.92%
Epoch 002 | train=1.3100 (ce=0.8980, kd=0.4822, feat=0.0649) | val_acc=82.86% val_f1=0.7749 val_agree=82.86% | test_acc=73.60% test_agree=66.57%
Epoch 003 | train=1.1137 (ce=0.8047, kd=0.3813, feat=0.0619) | val_acc=86.29% val_f1=0.8003 val_agree=84.00% | test_acc=73.88% test_agree=71.35%
Epoch 004 | train=0.9321 (ce=0.7183, kd=0.2880, feat=0.0592) | val_acc=85.14% val_f1=0.7820 val_agree=82.86% | test_acc=80.06% test_agree=77.53%
Epoch 005 | train=0.7704 (ce=0.6321, kd=0.2112, feat=0.0562) | val_acc=85.71% val_f1=0.7921 val_agree=83.43% | test_acc=82.58% test_agree=80.06%
Epoch 006 | train=0.6468 (ce=0.5623, kd=0.1552, feat=0.0541) | val_acc=86.29% val_f1=0.8021 val_agree=84.00% | test_acc=83.71% test_agree=81.18%
Epoch 007 | train=0.5556 (ce=0.5130, kd=0.1124, feat=0.0515) | val_acc=88.00% val_f1=0.8299 val_agree=85.71% | test_acc=83.43% test_agree=82.02%
Epoch 008 | train=0.4800 (ce=0.4629, kd=0.0831, feat=0.0496) | val_acc=93.14% val_f1=0.9099 val_agree=90.86% | test_acc=83.43% test_agree=82.58%
Epoch 009 | train=0.4264 (ce=0.4194, kd=0.0677, feat=0.0480) | val_acc=94.29% val_f1=0.9258 val_agree=94.29% | test_acc=85.39% test_agree=87.36%
Epoch 010 | train=0.3946 (ce=0.3912, kd=0.0602, feat=0.0466) | val_acc=95.43% val_f1=0.9423 val_agree=95.43% | test_acc=85.96% test_agree=91.85%
Epoch 011 | train=0.3682 (ce=0.3668, kd=0.0547, feat=0.0459) | val_acc=95.43% val_f1=0.9430 val_agree=96.57% | test_acc=87.64% test_agree=94.66%
Epoch 012 | train=0.3473 (ce=0.3427, kd=0.0534, feat=0.0456) | val_acc=97.14% val_f1=0.9673 val_agree=98.29% | test_acc=87.92% test_agree=95.51%
Epoch 013 | train=0.3360 (ce=0.3281, kd=0.0537, feat=0.0454) | val_acc=97.14% val_f1=0.9673 val_agree=98.29% | test_acc=86.52% test_agree=95.79%
Epoch 014 | train=0.3219 (ce=0.3079, kd=0.0554, feat=0.0455) | val_acc=97.14% val_f1=0.9673 val_agree=98.29% | test_acc=86.24% test_agree=95.51%
Epoch 015 | train=0.3223 (ce=0.3083, kd=0.0555, feat=0.0457) | val_acc=97.14% val_f1=0.9673 val_agree=98.29% | test_acc=87.64% test_agree=96.35%
Epoch 016 | train=0.3140 (ce=0.3092, kd=0.0480, feat=0.0457) | val_acc=97.14% val_f1=0.9673 val_agree=98.29% | test_acc=87.92% test_agree=97.19%
Epoch 017 | train=0.3054 (ce=0.2983, kd=0.0480, feat=0.0459) | val_acc=97.14% val_f1=0.9673 val_agree=98.29% | test_acc=87.64% test_agree=96.91%
Epoch 018 | train=0.3007 (ce=0.2911, kd=0.0489, feat=0.0459) | val_acc=97.14% val_f1=0.9673 val_agree=98.29% | test_acc=88.48% test_agree=97.19%
Epoch 019 | train=0.2949 (ce=0.2857, kd=0.0476, feat=0.0458) | val_acc=97.14% val_f1=0.9673 val_agree=98.29% | test_acc=87.36% test_agree=96.07%
Epoch 020 | train=0.2910 (ce=0.2791, kd=0.0487, feat=0.0461) | val_acc=97.14% val_f1=0.9673 val_agree=98.29% | test_acc=87.36% test_agree=96.07%
Epoch 021 | train=0.2944 (ce=0.2814, kd=0.0501, feat=0.0459) | val_acc=97.71% val_f1=0.9752 val_agree=97.71% | test_acc=88.48% test_agree=97.19%
Epoch 022 | train=0.2847 (ce=0.2755, kd=0.0459, feat=0.0458) | val_acc=97.14% val_f1=0.9673 val_agree=98.29% | test_acc=87.36% test_agree=96.07%
Epoch 023 | train=0.2893 (ce=0.2723, kd=0.0519, feat=0.0458) | val_acc=98.29% val_f1=0.9782 val_agree=99.43% | test_acc=87.08% test_agree=95.79%
Epoch 024 | train=0.2885 (ce=0.2690, kd=0.0535, feat=0.0454) | val_acc=98.86% val_f1=0.9862 val_agree=98.86% | test_acc=89.04% test_agree=97.75%
Epoch 025 | train=0.2883 (ce=0.2681, kd=0.0539, feat=0.0458) | val_acc=98.86% val_f1=0.9862 val_agree=98.86% | test_acc=87.36% test_agree=96.07%
Epoch 026 | train=0.2851 (ce=0.2707, kd=0.0495, feat=0.0456) | val_acc=98.86% val_f1=0.9862 val_agree=98.86% | test_acc=88.76% test_agree=97.47%
Epoch 027 | train=0.2810 (ce=0.2650, kd=0.0499, feat=0.0457) | val_acc=98.86% val_f1=0.9862 val_agree=98.86% | test_acc=89.04% test_agree=97.75%
Epoch 028 | train=0.2808 (ce=0.2652, kd=0.0497, feat=0.0454) | val_acc=98.86% val_f1=0.9862 val_agree=98.86% | test_acc=89.33% test_agree=98.03%
Epoch 029 | train=0.2824 (ce=0.2649, kd=0.0512, feat=0.0453) | val_acc=98.86% val_f1=0.9862 val_agree=98.86% | test_acc=88.76% test_agree=97.47%
Epoch 030 | train=0.2770 (ce=0.2591, kd=0.0505, feat=0.0453) | val_acc=98.86% val_f1=0.9862 val_agree=98.86% | test_acc=88.20% test_agree=96.91%
Epoch 031 | train=0.2770 (ce=0.2574, kd=0.0517, feat=0.0453) | val_acc=98.86% val_f1=0.9862 val_agree=98.86% | test_acc=88.20% test_agree=96.91%
Epoch 032 | train=0.2752 (ce=0.2545, kd=0.0522, feat=0.0450) | val_acc=98.86% val_f1=0.9862 val_agree=98.86% | test_acc=89.04% test_agree=97.75%
Epoch 033 | train=0.2802 (ce=0.2605, kd=0.0523, feat=0.0452) | val_acc=98.86% val_f1=0.9862 val_agree=98.86% | test_acc=89.04% test_agree=97.75%
Epoch 034 | train=0.2728 (ce=0.2563, kd=0.0490, feat=0.0451) | val_acc=98.86% val_f1=0.9862 val_agree=98.86% | test_acc=87.92% test_agree=96.63%
Epoch 035 | train=0.2765 (ce=0.2557, kd=0.0524, feat=0.0452) | val_acc=98.86% val_f1=0.9862 val_agree=98.86% | test_acc=88.48% test_agree=97.19%
Epoch 036 | train=0.2734 (ce=0.2550, kd=0.0503, feat=0.0453) | val_acc=98.86% val_f1=0.9862 val_agree=98.86% | test_acc=89.04% test_agree=97.75%
Epoch 037 | train=0.2735 (ce=0.2531, kd=0.0517, feat=0.0451) | val_acc=98.86% val_f1=0.9862 val_agree=98.86% | test_acc=89.04% test_agree=97.75%
Epoch 038 | train=0.2697 (ce=0.2476, kd=0.0522, feat=0.0450) | val_acc=98.86% val_f1=0.9862 val_agree=98.86% | test_acc=88.76% test_agree=97.47%
Epoch 039 | train=0.2714 (ce=0.2540, kd=0.0494, feat=0.0446) | val_acc=98.86% val_f1=0.9862 val_agree=98.86% | test_acc=88.20% test_agree=96.91%
Epoch 040 | train=0.2688 (ce=0.2501, kd=0.0498, feat=0.0448) | val_acc=98.86% val_f1=0.9862 val_agree=98.86% | test_acc=88.48% test_agree=97.19%
Epoch 041 | train=0.2680 (ce=0.2456, kd=0.0522, feat=0.0448) | val_acc=98.86% val_f1=0.9862 val_agree=98.86% | test_acc=88.48% test_agree=97.19%
Epoch 042 | train=0.2708 (ce=0.2515, kd=0.0506, feat=0.0444) | val_acc=98.86% val_f1=0.9862 val_agree=98.86% | test_acc=88.48% test_agree=97.19%
Epoch 043 | train=0.2702 (ce=0.2502, kd=0.0510, feat=0.0446) | val_acc=98.86% val_f1=0.9862 val_agree=98.86% | test_acc=88.48% test_agree=97.19%
Epoch 044 | train=0.2706 (ce=0.2486, kd=0.0523, feat=0.0448) | val_acc=98.86% val_f1=0.9862 val_agree=98.86% | test_acc=88.48% test_agree=97.19%
Early stopping at epoch 44 (best=28, score=0.893258)
================================================================================
Best epoch: 28
Best score (test_acc): 0.893258
Final test accuracy: 89.33%
Final test teacher agreement: 98.03%
Saved to: ablation_experiments/h1/results/run_20260327_131013/ablation2_teacher_student_lstm/students/ablation2_h1_scan90_run_20260327_131013/stage1/s1_l3_o3_c0/ablation2_distill_lstm_weld_seam_windows_ws5_tf75_pg0_h1_ep80_lr0.0003_bs128_T3.0_lce0.8_lkd1.2_lf0.2_seed14
================================================================================
Ablation-2 | Distill 13D LSTM student for future-step prediction
================================================================================
Dataset: Data/processed_data/weld_seam_windows_ws5_tf75_pg0_h1.npz
Teacher ckpt: /home/huang_kai/wind_turbine_phm/PHOENIX-main/autoencoder_benchmark/ablation_experiments/h1/results/comparison_18d_baselines/lstm/lstm_weld_seam_windows_ws5_tf75_pg0_h1_h64_l2_bi_do0.3_ep80_lr0.0001_wd1e-05_bs128_seed42/best_model.pth
Teacher run args: /home/huang_kai/wind_turbine_phm/PHOENIX-main/autoencoder_benchmark/ablation_experiments/h1/results/comparison_18d_baselines/lstm/lstm_weld_seam_windows_ws5_tf75_pg0_h1_h64_l2_bi_do0.3_ep80_lr0.0001_wd1e-05_bs128_seed42/run_args.json
Device: cuda
Train/Val/Test: 990 / 175 / 356
Input full/subset dims: 18 / 13
Dropped feature indices: [3, 4, 5, 6, 7]
Temperature: 3.0
Loss weights (ce/kd/feat): 0.8 / 1.2 / 0.2
Teacher init summary: {'init_mode': 'strict', 'loaded_keys': 20, 'skipped_keys': [], 'missing_model_keys': []}
Student init summary: {'init_mode': 'shape_safe', 'loaded_keys': 18, 'skipped_keys': ['lstm.weight_ih_l0', 'lstm.weight_ih_l0_reverse'], 'missing_model_keys': ['lstm.weight_ih_l0', 'lstm.weight_ih_l0_reverse']}
Epoch 001 | train=1.8178 (ce=1.1198, kd=0.7591, feat=0.0551) | val_acc=53.14% val_f1=0.4005 val_agree=55.43% | test_acc=51.97% test_agree=61.24%
Epoch 002 | train=1.3820 (ce=0.9101, kd=0.5371, feat=0.0470) | val_acc=85.14% val_f1=0.8024 val_agree=85.14% | test_acc=59.83% test_agree=69.10%
Epoch 003 | train=0.9766 (ce=0.7153, kd=0.3307, feat=0.0373) | val_acc=90.86% val_f1=0.8799 val_agree=88.57% | test_acc=82.02% test_agree=82.87%
Epoch 004 | train=0.6678 (ce=0.5878, kd=0.1603, feat=0.0260) | val_acc=84.00% val_f1=0.7585 val_agree=81.71% | test_acc=83.43% test_agree=80.90%
Epoch 005 | train=0.5511 (ce=0.5327, kd=0.1012, feat=0.0172) | val_acc=85.14% val_f1=0.7756 val_agree=82.86% | test_acc=81.74% test_agree=80.34%
Epoch 006 | train=0.4512 (ce=0.4435, kd=0.0780, feat=0.0142) | val_acc=92.57% val_f1=0.9079 val_agree=92.57% | test_acc=78.37% test_agree=82.58%
Epoch 007 | train=0.4053 (ce=0.4010, kd=0.0682, feat=0.0134) | val_acc=97.71% val_f1=0.9720 val_agree=97.71% | test_acc=73.88% test_agree=83.15%
Epoch 008 | train=0.3679 (ce=0.3680, kd=0.0594, feat=0.0109) | val_acc=97.14% val_f1=0.9669 val_agree=97.14% | test_acc=82.87% test_agree=92.13%
Epoch 009 | train=0.3458 (ce=0.3409, kd=0.0593, feat=0.0094) | val_acc=96.57% val_f1=0.9615 val_agree=97.71% | test_acc=83.15% test_agree=92.42%
Epoch 010 | train=0.3289 (ce=0.3221, kd=0.0577, feat=0.0098) | val_acc=97.14% val_f1=0.9669 val_agree=97.14% | test_acc=82.02% test_agree=91.29%
Epoch 011 | train=0.3167 (ce=0.3022, kd=0.0608, feat=0.0096) | val_acc=97.71% val_f1=0.9727 val_agree=98.86% | test_acc=85.67% test_agree=94.94%
Epoch 012 | train=0.3056 (ce=0.2984, kd=0.0542, feat=0.0092) | val_acc=97.71% val_f1=0.9727 val_agree=98.86% | test_acc=86.80% test_agree=96.07%
Epoch 013 | train=0.3005 (ce=0.2929, kd=0.0536, feat=0.0091) | val_acc=97.71% val_f1=0.9727 val_agree=98.86% | test_acc=86.80% test_agree=95.51%
Epoch 014 | train=0.2957 (ce=0.2849, kd=0.0550, feat=0.0090) | val_acc=97.71% val_f1=0.9727 val_agree=98.86% | test_acc=86.80% test_agree=95.51%
Epoch 015 | train=0.2957 (ce=0.2831, kd=0.0563, feat=0.0086) | val_acc=97.71% val_f1=0.9727 val_agree=98.86% | test_acc=86.52% test_agree=95.22%
Epoch 016 | train=0.2916 (ce=0.2791, kd=0.0555, feat=0.0085) | val_acc=97.71% val_f1=0.9727 val_agree=98.86% | test_acc=86.24% test_agree=94.94%
Epoch 017 | train=0.2844 (ce=0.2672, kd=0.0575, feat=0.0082) | val_acc=97.71% val_f1=0.9727 val_agree=98.86% | test_acc=87.92% test_agree=96.63%
Epoch 018 | train=0.2834 (ce=0.2677, kd=0.0564, feat=0.0079) | val_acc=97.71% val_f1=0.9727 val_agree=98.86% | test_acc=87.36% test_agree=96.07%
Epoch 019 | train=0.2855 (ce=0.2695, kd=0.0568, feat=0.0082) | val_acc=97.71% val_f1=0.9727 val_agree=98.86% | test_acc=87.36% test_agree=96.07%
Epoch 020 | train=0.2854 (ce=0.2660, kd=0.0591, feat=0.0081) | val_acc=97.71% val_f1=0.9724 val_agree=98.86% | test_acc=87.92% test_agree=96.63%
Epoch 021 | train=0.2816 (ce=0.2653, kd=0.0565, feat=0.0077) | val_acc=97.71% val_f1=0.9727 val_agree=98.86% | test_acc=88.48% test_agree=97.19%
Epoch 022 | train=0.2773 (ce=0.2594, kd=0.0569, feat=0.0078) | val_acc=97.71% val_f1=0.9727 val_agree=98.86% | test_acc=87.92% test_agree=96.63%
Epoch 023 | train=0.2803 (ce=0.2660, kd=0.0550, feat=0.0078) | val_acc=98.29% val_f1=0.9782 val_agree=99.43% | test_acc=87.92% test_agree=96.63%
Epoch 024 | train=0.2786 (ce=0.2587, kd=0.0585, feat=0.0077) | val_acc=98.29% val_f1=0.9804 val_agree=98.29% | test_acc=87.64% test_agree=96.35%
Epoch 025 | train=0.2773 (ce=0.2594, kd=0.0568, feat=0.0076) | val_acc=98.29% val_f1=0.9804 val_agree=98.29% | test_acc=87.64% test_agree=96.35%
Epoch 026 | train=0.2705 (ce=0.2548, kd=0.0543, feat=0.0076) | val_acc=98.29% val_f1=0.9804 val_agree=98.29% | test_acc=87.36% test_agree=96.07%
Epoch 027 | train=0.2742 (ce=0.2596, kd=0.0542, feat=0.0076) | val_acc=98.29% val_f1=0.9804 val_agree=98.29% | test_acc=88.20% test_agree=96.91%
Epoch 028 | train=0.2722 (ce=0.2529, kd=0.0570, feat=0.0074) | val_acc=98.86% val_f1=0.9862 val_agree=98.86% | test_acc=88.48% test_agree=97.19%
Epoch 029 | train=0.2732 (ce=0.2542, kd=0.0569, feat=0.0074) | val_acc=98.86% val_f1=0.9862 val_agree=98.86% | test_acc=88.76% test_agree=97.47%
Epoch 030 | train=0.2752 (ce=0.2518, kd=0.0602, feat=0.0074) | val_acc=98.29% val_f1=0.9804 val_agree=98.29% | test_acc=88.48% test_agree=97.19%
Epoch 031 | train=0.2697 (ce=0.2484, kd=0.0579, feat=0.0074) | val_acc=98.29% val_f1=0.9804 val_agree=98.29% | test_acc=88.20% test_agree=96.91%
Epoch 032 | train=0.2674 (ce=0.2508, kd=0.0544, feat=0.0074) | val_acc=98.29% val_f1=0.9804 val_agree=98.29% | test_acc=87.92% test_agree=96.63%
Epoch 033 | train=0.2683 (ce=0.2485, kd=0.0567, feat=0.0073) | val_acc=98.29% val_f1=0.9804 val_agree=98.29% | test_acc=88.20% test_agree=96.91%
Epoch 034 | train=0.2680 (ce=0.2497, kd=0.0557, feat=0.0073) | val_acc=98.29% val_f1=0.9804 val_agree=98.29% | test_acc=88.76% test_agree=97.47%
Epoch 035 | train=0.2707 (ce=0.2471, kd=0.0596, feat=0.0072) | val_acc=98.29% val_f1=0.9804 val_agree=98.29% | test_acc=88.20% test_agree=96.91%
Epoch 036 | train=0.2683 (ce=0.2461, kd=0.0583, feat=0.0073) | val_acc=98.29% val_f1=0.9804 val_agree=98.29% | test_acc=87.64% test_agree=96.35%
Epoch 037 | train=0.2658 (ce=0.2444, kd=0.0573, feat=0.0073) | val_acc=98.29% val_f1=0.9804 val_agree=98.29% | test_acc=87.92% test_agree=96.63%
Epoch 038 | train=0.2632 (ce=0.2457, kd=0.0543, feat=0.0073) | val_acc=98.86% val_f1=0.9862 val_agree=98.86% | test_acc=88.20% test_agree=96.91%
Epoch 039 | train=0.2630 (ce=0.2390, kd=0.0586, feat=0.0073) | val_acc=98.86% val_f1=0.9862 val_agree=98.86% | test_acc=88.48% test_agree=96.63%
Epoch 040 | train=0.2667 (ce=0.2471, kd=0.0563, feat=0.0073) | val_acc=98.29% val_f1=0.9804 val_agree=98.29% | test_acc=88.76% test_agree=97.47%
Epoch 041 | train=0.2667 (ce=0.2470, kd=0.0564, feat=0.0073) | val_acc=98.29% val_f1=0.9804 val_agree=98.29% | test_acc=88.20% test_agree=96.91%
Epoch 042 | train=0.2624 (ce=0.2417, kd=0.0564, feat=0.0071) | val_acc=98.86% val_f1=0.9861 val_agree=97.71% | test_acc=88.20% test_agree=96.91%
Epoch 043 | train=0.2666 (ce=0.2419, kd=0.0597, feat=0.0071) | val_acc=98.86% val_f1=0.9861 val_agree=97.71% | test_acc=87.08% test_agree=95.79%
Epoch 044 | train=0.2607 (ce=0.2392, kd=0.0566, feat=0.0072) | val_acc=98.86% val_f1=0.9861 val_agree=97.71% | test_acc=88.20% test_agree=96.91%
Epoch 045 | train=0.2642 (ce=0.2388, kd=0.0598, feat=0.0073) | val_acc=98.86% val_f1=0.9861 val_agree=97.71% | test_acc=88.20% test_agree=96.91%
Early stopping at epoch 45 (best=29, score=0.887640)
================================================================================
Best epoch: 29
Best score (test_acc): 0.887640
Final test accuracy: 88.76%
Final test teacher agreement: 97.47%
Saved to: ablation_experiments/h1/results/run_20260327_131013/ablation2_teacher_student_lstm/students/ablation2_h1_scan90_run_20260327_131013/stage1/s1_l3_o3_c1/ablation2_distill_lstm_weld_seam_windows_ws5_tf75_pg0_h1_ep80_lr0.0003_bs128_T3.0_lce0.8_lkd1.2_lf0.2_seed14
================================================================================
Ablation-2 | Distill 13D LSTM student for future-step prediction
================================================================================
Dataset: Data/processed_data/weld_seam_windows_ws5_tf75_pg0_h1.npz
Teacher ckpt: /home/huang_kai/wind_turbine_phm/PHOENIX-main/autoencoder_benchmark/ablation_experiments/h1/results/comparison_18d_baselines/lstm/lstm_weld_seam_windows_ws5_tf75_pg0_h1_h64_l2_bi_do0.3_ep80_lr0.0001_wd1e-05_bs128_seed42/best_model.pth
Teacher run args: /home/huang_kai/wind_turbine_phm/PHOENIX-main/autoencoder_benchmark/ablation_experiments/h1/results/comparison_18d_baselines/lstm/lstm_weld_seam_windows_ws5_tf75_pg0_h1_h64_l2_bi_do0.3_ep80_lr0.0001_wd1e-05_bs128_seed42/run_args.json
Device: cuda
Train/Val/Test: 990 / 175 / 356
Input full/subset dims: 18 / 13
Dropped feature indices: [3, 4, 5, 6, 7]
Temperature: 3.5
Loss weights (ce/kd/feat): 0.7 / 1.4 / 0.3
Teacher init summary: {'init_mode': 'strict', 'loaded_keys': 20, 'skipped_keys': [], 'missing_model_keys': []}
Student init summary: {'init_mode': 'shape_safe', 'loaded_keys': 10, 'skipped_keys': ['lstm.bias_hh_l1', 'lstm.bias_hh_l1_reverse', 'lstm.bias_ih_l1', 'lstm.bias_ih_l1_reverse', 'lstm.weight_hh_l1', 'lstm.weight_hh_l1_reverse', 'lstm.weight_ih_l0', 'lstm.weight_ih_l0_reverse', 'lstm.weight_ih_l1', 'lstm.weight_ih_l1_reverse'], 'missing_model_keys': ['lstm.weight_ih_l0', 'lstm.weight_ih_l0_reverse']}
Epoch 001 | train=1.8178 (ce=1.0068, kd=0.7766, feat=0.0859) | val_acc=38.86% val_f1=0.4002 val_agree=40.00% | test_acc=45.22% test_agree=36.52%
Epoch 002 | train=1.7586 (ce=0.9686, kd=0.7531, feat=0.0874) | val_acc=40.00% val_f1=0.4159 val_agree=40.00% | test_acc=54.78% test_agree=45.51%
Epoch 003 | train=1.6943 (ce=0.9300, kd=0.7264, feat=0.0877) | val_acc=49.14% val_f1=0.5104 val_agree=49.14% | test_acc=64.89% test_agree=55.62%
Epoch 004 | train=1.6351 (ce=0.8959, kd=0.7011, feat=0.0882) | val_acc=55.43% val_f1=0.5651 val_agree=55.43% | test_acc=71.07% test_agree=61.80%
Epoch 005 | train=1.4787 (ce=0.8767, kd=0.6005, feat=0.0810) | val_acc=61.14% val_f1=0.6105 val_agree=61.14% | test_acc=72.75% test_agree=63.48%
Epoch 006 | train=1.4048 (ce=0.8447, kd=0.5638, feat=0.0807) | val_acc=68.00% val_f1=0.6618 val_agree=68.00% | test_acc=73.03% test_agree=64.33%
Epoch 007 | train=1.3110 (ce=0.8127, kd=0.5136, feat=0.0770) | val_acc=72.00% val_f1=0.6913 val_agree=72.00% | test_acc=73.31% test_agree=64.61%
Epoch 008 | train=1.2760 (ce=0.7746, kd=0.5070, feat=0.0799) | val_acc=76.57% val_f1=0.7253 val_agree=76.57% | test_acc=73.31% test_agree=64.61%
Epoch 009 | train=1.1521 (ce=0.7626, kd=0.4259, feat=0.0733) | val_acc=79.43% val_f1=0.7473 val_agree=79.43% | test_acc=73.60% test_agree=64.89%
Epoch 010 | train=1.0715 (ce=0.7226, kd=0.3883, feat=0.0736) | val_acc=81.14% val_f1=0.7610 val_agree=81.14% | test_acc=74.72% test_agree=66.57%
Epoch 011 | train=1.0307 (ce=0.6746, kd=0.3821, feat=0.0784) | val_acc=82.29% val_f1=0.7703 val_agree=82.29% | test_acc=74.16% test_agree=68.26%
Epoch 012 | train=0.9529 (ce=0.6859, kd=0.3221, feat=0.0728) | val_acc=82.86% val_f1=0.7712 val_agree=82.86% | test_acc=74.72% test_agree=69.38%
Epoch 013 | train=0.8546 (ce=0.6652, kd=0.2634, feat=0.0672) | val_acc=83.43% val_f1=0.7760 val_agree=83.43% | test_acc=75.56% test_agree=71.91%
Epoch 014 | train=0.7993 (ce=0.6379, kd=0.2374, feat=0.0680) | val_acc=84.00% val_f1=0.7852 val_agree=84.00% | test_acc=77.81% test_agree=74.72%
Epoch 015 | train=0.7419 (ce=0.5956, kd=0.2170, feat=0.0706) | val_acc=84.57% val_f1=0.7900 val_agree=84.57% | test_acc=78.09% test_agree=75.56%
Epoch 016 | train=0.7090 (ce=0.5857, kd=0.1986, feat=0.0697) | val_acc=85.71% val_f1=0.8043 val_agree=85.71% | test_acc=78.65% test_agree=76.12%
Epoch 017 | train=0.6386 (ce=0.5751, kd=0.1550, feat=0.0636) | val_acc=87.43% val_f1=0.8277 val_agree=86.29% | test_acc=80.34% test_agree=77.81%
Epoch 018 | train=0.5901 (ce=0.5496, kd=0.1331, feat=0.0635) | val_acc=87.43% val_f1=0.8277 val_agree=86.29% | test_acc=79.78% test_agree=78.37%
Epoch 019 | train=0.5501 (ce=0.5163, kd=0.1208, feat=0.0653) | val_acc=89.71% val_f1=0.8632 val_agree=88.57% | test_acc=80.34% test_agree=78.93%
Epoch 020 | train=0.5214 (ce=0.5005, kd=0.1087, feat=0.0629) | val_acc=90.29% val_f1=0.8719 val_agree=89.14% | test_acc=80.90% test_agree=80.06%
Epoch 021 | train=0.4837 (ce=0.4811, kd=0.0917, feat=0.0620) | val_acc=92.00% val_f1=0.8974 val_agree=90.86% | test_acc=80.90% test_agree=80.06%
Epoch 022 | train=0.4641 (ce=0.4763, kd=0.0802, feat=0.0615) | val_acc=92.57% val_f1=0.9057 val_agree=91.43% | test_acc=81.18% test_agree=80.34%
Epoch 023 | train=0.4435 (ce=0.4412, kd=0.0825, feat=0.0639) | val_acc=93.14% val_f1=0.9141 val_agree=92.00% | test_acc=81.46% test_agree=81.18%
Epoch 024 | train=0.4198 (ce=0.4306, kd=0.0714, feat=0.0613) | val_acc=93.14% val_f1=0.9141 val_agree=92.00% | test_acc=82.87% test_agree=83.15%
Epoch 025 | train=0.4121 (ce=0.4295, kd=0.0671, feat=0.0587) | val_acc=93.71% val_f1=0.9224 val_agree=92.57% | test_acc=83.43% test_agree=84.27%
Epoch 026 | train=0.3975 (ce=0.4119, kd=0.0647, feat=0.0621) | val_acc=93.14% val_f1=0.9147 val_agree=93.14% | test_acc=84.55% test_agree=85.39%
Epoch 027 | train=0.3893 (ce=0.4012, kd=0.0645, feat=0.0607) | val_acc=93.71% val_f1=0.9229 val_agree=93.71% | test_acc=84.27% test_agree=85.11%
Epoch 028 | train=0.3843 (ce=0.3990, kd=0.0619, feat=0.0612) | val_acc=94.29% val_f1=0.9292 val_agree=94.29% | test_acc=85.11% test_agree=85.96%
Epoch 029 | train=0.3652 (ce=0.3811, kd=0.0574, feat=0.0603) | val_acc=93.71% val_f1=0.9214 val_agree=94.86% | test_acc=83.99% test_agree=87.64%
Epoch 030 | train=0.3525 (ce=0.3594, kd=0.0589, feat=0.0619) | val_acc=93.71% val_f1=0.9214 val_agree=94.86% | test_acc=83.43% test_agree=87.64%
Epoch 031 | train=0.3630 (ce=0.3741, kd=0.0591, feat=0.0612) | val_acc=94.29% val_f1=0.9295 val_agree=95.43% | test_acc=84.27% test_agree=88.48%
Epoch 032 | train=0.3562 (ce=0.3786, kd=0.0530, feat=0.0568) | val_acc=94.29% val_f1=0.9295 val_agree=95.43% | test_acc=83.99% test_agree=89.89%
Epoch 033 | train=0.3587 (ce=0.3758, kd=0.0556, feat=0.0592) | val_acc=94.86% val_f1=0.9376 val_agree=96.00% | test_acc=84.27% test_agree=90.17%
Epoch 034 | train=0.3511 (ce=0.3654, kd=0.0558, feat=0.0573) | val_acc=95.43% val_f1=0.9457 val_agree=96.57% | test_acc=84.55% test_agree=89.89%
Epoch 035 | train=0.3162 (ce=0.3187, kd=0.0533, feat=0.0613) | val_acc=95.43% val_f1=0.9485 val_agree=96.57% | test_acc=85.39% test_agree=90.73%
Epoch 036 | train=0.3435 (ce=0.3536, kd=0.0557, feat=0.0599) | val_acc=96.00% val_f1=0.9566 val_agree=97.14% | test_acc=84.83% test_agree=91.29%
Epoch 037 | train=0.3275 (ce=0.3318, kd=0.0550, feat=0.0607) | val_acc=96.00% val_f1=0.9566 val_agree=97.14% | test_acc=84.83% test_agree=91.29%
Epoch 038 | train=0.3234 (ce=0.3352, kd=0.0507, feat=0.0592) | val_acc=96.00% val_f1=0.9566 val_agree=97.14% | test_acc=85.67% test_agree=91.01%
Epoch 039 | train=0.3187 (ce=0.3258, kd=0.0520, feat=0.0597) | val_acc=95.43% val_f1=0.9514 val_agree=97.71% | test_acc=85.39% test_agree=91.29%
Epoch 040 | train=0.3185 (ce=0.3308, kd=0.0496, feat=0.0580) | val_acc=95.43% val_f1=0.9514 val_agree=97.71% | test_acc=85.39% test_agree=91.85%
Epoch 041 | train=0.3195 (ce=0.3284, kd=0.0515, feat=0.0586) | val_acc=95.43% val_f1=0.9514 val_agree=97.71% | test_acc=86.24% test_agree=92.70%
Epoch 042 | train=0.3260 (ce=0.3431, kd=0.0494, feat=0.0559) | val_acc=95.43% val_f1=0.9514 val_agree=97.71% | test_acc=86.80% test_agree=93.26%
Epoch 043 | train=0.3298 (ce=0.3469, kd=0.0496, feat=0.0584) | val_acc=96.00% val_f1=0.9566 val_agree=97.14% | test_acc=86.80% test_agree=93.26%
Epoch 044 | train=0.3149 (ce=0.3217, kd=0.0515, feat=0.0588) | val_acc=95.43% val_f1=0.9514 val_agree=97.71% | test_acc=87.08% test_agree=92.98%
Epoch 045 | train=0.3063 (ce=0.3095, kd=0.0512, feat=0.0601) | val_acc=95.43% val_f1=0.9514 val_agree=97.71% | test_acc=87.08% test_agree=92.98%
Epoch 046 | train=0.3237 (ce=0.3276, kd=0.0549, feat=0.0584) | val_acc=96.00% val_f1=0.9566 val_agree=97.14% | test_acc=87.64% test_agree=93.54%
Epoch 047 | train=0.3180 (ce=0.3270, kd=0.0516, feat=0.0565) | val_acc=95.43% val_f1=0.9514 val_agree=97.71% | test_acc=87.92% test_agree=93.82%
Epoch 048 | train=0.3068 (ce=0.3103, kd=0.0509, feat=0.0610) | val_acc=95.43% val_f1=0.9514 val_agree=97.71% | test_acc=88.20% test_agree=94.10%
Epoch 049 | train=0.3064 (ce=0.3144, kd=0.0489, feat=0.0596) | val_acc=95.43% val_f1=0.9514 val_agree=97.71% | test_acc=88.48% test_agree=94.38%
Epoch 050 | train=0.3067 (ce=0.3183, kd=0.0476, feat=0.0577) | val_acc=95.43% val_f1=0.9514 val_agree=97.71% | test_acc=88.76% test_agree=94.66%
Epoch 051 | train=0.3043 (ce=0.3104, kd=0.0495, feat=0.0589) | val_acc=94.86% val_f1=0.9462 val_agree=97.14% | test_acc=88.76% test_agree=94.66%
Epoch 052 | train=0.3051 (ce=0.3129, kd=0.0490, feat=0.0584) | val_acc=95.43% val_f1=0.9514 val_agree=96.57% | test_acc=88.76% test_agree=94.66%
Epoch 053 | train=0.2974 (ce=0.3128, kd=0.0441, feat=0.0553) | val_acc=96.00% val_f1=0.9566 val_agree=97.14% | test_acc=88.20% test_agree=94.66%
Epoch 054 | train=0.3011 (ce=0.3085, kd=0.0481, feat=0.0596) | val_acc=95.43% val_f1=0.9514 val_agree=96.57% | test_acc=88.20% test_agree=94.66%
Epoch 055 | train=0.3064 (ce=0.3152, kd=0.0485, feat=0.0592) | val_acc=95.43% val_f1=0.9514 val_agree=96.57% | test_acc=88.48% test_agree=94.94%
Epoch 056 | train=0.3022 (ce=0.3104, kd=0.0480, feat=0.0592) | val_acc=95.43% val_f1=0.9514 val_agree=96.57% | test_acc=87.92% test_agree=94.94%
Epoch 057 | train=0.3008 (ce=0.3109, kd=0.0474, feat=0.0561) | val_acc=94.86% val_f1=0.9462 val_agree=97.14% | test_acc=88.48% test_agree=94.94%
Epoch 058 | train=0.2911 (ce=0.2820, kd=0.0532, feat=0.0638) | val_acc=94.86% val_f1=0.9462 val_agree=97.14% | test_acc=88.48% test_agree=94.94%
Epoch 059 | train=0.3011 (ce=0.2992, kd=0.0528, feat=0.0591) | val_acc=95.43% val_f1=0.9514 val_agree=96.57% | test_acc=88.76% test_agree=95.22%
Epoch 060 | train=0.3031 (ce=0.3103, kd=0.0488, feat=0.0585) | val_acc=95.43% val_f1=0.9514 val_agree=96.57% | test_acc=88.76% test_agree=95.22%
Epoch 061 | train=0.3050 (ce=0.3150, kd=0.0482, feat=0.0568) | val_acc=95.43% val_f1=0.9514 val_agree=96.57% | test_acc=88.76% test_agree=95.22%
Epoch 062 | train=0.3081 (ce=0.3213, kd=0.0473, feat=0.0566) | val_acc=95.43% val_f1=0.9514 val_agree=96.57% | test_acc=88.76% test_agree=95.22%
Epoch 063 | train=0.2833 (ce=0.2908, kd=0.0443, feat=0.0592) | val_acc=95.43% val_f1=0.9514 val_agree=96.57% | test_acc=88.48% test_agree=94.94%
Epoch 064 | train=0.3075 (ce=0.3106, kd=0.0519, feat=0.0582) | val_acc=95.43% val_f1=0.9514 val_agree=96.57% | test_acc=88.48% test_agree=94.94%
Epoch 065 | train=0.2907 (ce=0.2965, kd=0.0469, feat=0.0581) | val_acc=95.43% val_f1=0.9514 val_agree=96.57% | test_acc=88.48% test_agree=94.94%
Epoch 066 | train=0.2926 (ce=0.2969, kd=0.0474, feat=0.0613) | val_acc=95.43% val_f1=0.9514 val_agree=96.57% | test_acc=88.48% test_agree=94.94%
Early stopping at epoch 66 (best=50, score=0.887640)
================================================================================
Best epoch: 50
Best score (test_acc): 0.887640
Final test accuracy: 88.76%
Final test teacher agreement: 94.66%
Saved to: ablation_experiments/h1/results/run_20260327_131013/ablation2_teacher_student_lstm/students/ablation2_h1_scan90_run_20260327_131013/stage1/s1_l4_o0_c0/ablation2_distill_lstm_weld_seam_windows_ws5_tf75_pg0_h1_ep80_lr0.0001_bs128_T3.5_lce0.7_lkd1.4_lf0.3_seed14
================================================================================
Ablation-2 | Distill 13D LSTM student for future-step prediction
================================================================================
Dataset: Data/processed_data/weld_seam_windows_ws5_tf75_pg0_h1.npz
Teacher ckpt: /home/huang_kai/wind_turbine_phm/PHOENIX-main/autoencoder_benchmark/ablation_experiments/h1/results/comparison_18d_baselines/lstm/lstm_weld_seam_windows_ws5_tf75_pg0_h1_h64_l2_bi_do0.3_ep80_lr0.0001_wd1e-05_bs128_seed42/best_model.pth
Teacher run args: /home/huang_kai/wind_turbine_phm/PHOENIX-main/autoencoder_benchmark/ablation_experiments/h1/results/comparison_18d_baselines/lstm/lstm_weld_seam_windows_ws5_tf75_pg0_h1_h64_l2_bi_do0.3_ep80_lr0.0001_wd1e-05_bs128_seed42/run_args.json
Device: cuda
Train/Val/Test: 990 / 175 / 356
Input full/subset dims: 18 / 13
Dropped feature indices: [3, 4, 5, 6, 7]
Temperature: 3.5
Loss weights (ce/kd/feat): 0.7 / 1.4 / 0.3
Teacher init summary: {'init_mode': 'strict', 'loaded_keys': 20, 'skipped_keys': [], 'missing_model_keys': []}
Student init summary: {'init_mode': 'shape_safe', 'loaded_keys': 18, 'skipped_keys': ['lstm.weight_ih_l0', 'lstm.weight_ih_l0_reverse'], 'missing_model_keys': ['lstm.weight_ih_l0', 'lstm.weight_ih_l0_reverse']}
Epoch 001 | train=2.5453 (ce=1.2493, kd=1.1762, feat=0.0805) | val_acc=22.86% val_f1=0.1294 val_agree=25.14% | test_acc=32.02% test_agree=34.55%
Epoch 002 | train=2.2892 (ce=1.1511, kd=1.0433, feat=0.0759) | val_acc=25.14% val_f1=0.1443 val_agree=27.43% | test_acc=34.83% test_agree=37.36%
Epoch 003 | train=1.9611 (ce=1.0441, kd=0.8645, feat=0.0664) | val_acc=26.29% val_f1=0.1685 val_agree=28.57% | test_acc=43.26% test_agree=45.79%
Epoch 004 | train=1.9135 (ce=0.9871, kd=0.8582, feat=0.0700) | val_acc=30.86% val_f1=0.2500 val_agree=33.14% | test_acc=50.00% test_agree=52.53%
Epoch 005 | train=1.6672 (ce=0.8924, kd=0.7307, feat=0.0650) | val_acc=38.86% val_f1=0.3989 val_agree=41.14% | test_acc=56.18% test_agree=58.71%
Epoch 006 | train=1.4062 (ce=0.7951, kd=0.5944, feat=0.0583) | val_acc=56.57% val_f1=0.6136 val_agree=58.86% | test_acc=64.33% test_agree=66.85%
Epoch 007 | train=1.1296 (ce=0.7235, kd=0.4349, feat=0.0478) | val_acc=66.29% val_f1=0.7019 val_agree=68.57% | test_acc=76.40% test_agree=74.44%
Epoch 008 | train=0.9807 (ce=0.6241, kd=0.3777, feat=0.0504) | val_acc=78.86% val_f1=0.7842 val_agree=78.86% | test_acc=79.21% test_agree=76.12%
Epoch 009 | train=0.7712 (ce=0.5988, kd=0.2432, feat=0.0385) | val_acc=79.43% val_f1=0.7571 val_agree=79.43% | test_acc=80.06% test_agree=76.97%
Epoch 010 | train=0.6574 (ce=0.5893, kd=0.1683, feat=0.0309) | val_acc=84.00% val_f1=0.7861 val_agree=84.00% | test_acc=80.62% test_agree=78.09%
Epoch 011 | train=0.5733 (ce=0.5532, kd=0.1273, feat=0.0260) | val_acc=84.57% val_f1=0.7954 val_agree=84.57% | test_acc=81.18% test_agree=79.78%
Epoch 012 | train=0.5415 (ce=0.5547, kd=0.1044, feat=0.0234) | val_acc=90.86% val_f1=0.8786 val_agree=88.57% | test_acc=80.34% test_agree=80.06%
Epoch 013 | train=0.4657 (ce=0.4828, kd=0.0863, feat=0.0235) | val_acc=93.14% val_f1=0.9129 val_agree=90.86% | test_acc=80.06% test_agree=81.46%
Epoch 014 | train=0.4346 (ce=0.4705, kd=0.0707, feat=0.0208) | val_acc=94.29% val_f1=0.9297 val_agree=92.00% | test_acc=79.21% test_agree=82.30%
Epoch 015 | train=0.4040 (ce=0.4376, kd=0.0654, feat=0.0205) | val_acc=94.29% val_f1=0.9307 val_agree=94.29% | test_acc=78.93% test_agree=83.15%
Epoch 016 | train=0.3881 (ce=0.4208, kd=0.0624, feat=0.0207) | val_acc=94.86% val_f1=0.9390 val_agree=94.86% | test_acc=78.93% test_agree=83.71%
Epoch 017 | train=0.3795 (ce=0.4112, kd=0.0615, feat=0.0187) | val_acc=96.00% val_f1=0.9556 val_agree=96.00% | test_acc=78.09% test_agree=83.43%
Epoch 018 | train=0.3684 (ce=0.3996, kd=0.0597, feat=0.0170) | val_acc=96.00% val_f1=0.9556 val_agree=96.00% | test_acc=78.09% test_agree=83.99%
Epoch 019 | train=0.3601 (ce=0.3887, kd=0.0593, feat=0.0167) | val_acc=96.00% val_f1=0.9556 val_agree=96.00% | test_acc=78.37% test_agree=85.39%
Epoch 020 | train=0.3571 (ce=0.3772, kd=0.0630, feat=0.0163) | val_acc=96.00% val_f1=0.9556 val_agree=96.00% | test_acc=78.37% test_agree=86.52%
Epoch 021 | train=0.3524 (ce=0.3726, kd=0.0620, feat=0.0160) | val_acc=96.00% val_f1=0.9556 val_agree=96.00% | test_acc=80.62% test_agree=88.76%
Epoch 022 | train=0.3429 (ce=0.3603, kd=0.0614, feat=0.0159) | val_acc=97.14% val_f1=0.9669 val_agree=97.14% | test_acc=82.58% test_agree=91.29%
Epoch 023 | train=0.3363 (ce=0.3599, kd=0.0569, feat=0.0154) | val_acc=96.57% val_f1=0.9615 val_agree=97.71% | test_acc=83.15% test_agree=92.42%
Epoch 024 | train=0.3252 (ce=0.3482, kd=0.0548, feat=0.0160) | val_acc=96.57% val_f1=0.9615 val_agree=97.71% | test_acc=83.71% test_agree=92.98%
Epoch 025 | train=0.3235 (ce=0.3435, kd=0.0561, feat=0.0151) | val_acc=96.57% val_f1=0.9615 val_agree=97.71% | test_acc=84.83% test_agree=94.10%
Epoch 026 | train=0.3164 (ce=0.3227, kd=0.0612, feat=0.0159) | val_acc=96.57% val_f1=0.9615 val_agree=97.71% | test_acc=84.83% test_agree=94.10%
Epoch 027 | train=0.3009 (ce=0.3155, kd=0.0539, feat=0.0152) | val_acc=96.57% val_f1=0.9615 val_agree=97.71% | test_acc=85.39% test_agree=94.66%
Epoch 028 | train=0.2960 (ce=0.3108, kd=0.0527, feat=0.0154) | val_acc=96.57% val_f1=0.9615 val_agree=97.71% | test_acc=85.39% test_agree=94.66%
Epoch 029 | train=0.3125 (ce=0.3225, kd=0.0588, feat=0.0147) | val_acc=96.57% val_f1=0.9615 val_agree=97.71% | test_acc=85.11% test_agree=94.38%
Epoch 030 | train=0.3008 (ce=0.3084, kd=0.0573, feat=0.0156) | val_acc=96.57% val_f1=0.9615 val_agree=97.71% | test_acc=85.96% test_agree=95.22%
Epoch 031 | train=0.2999 (ce=0.3086, kd=0.0566, feat=0.0154) | val_acc=97.14% val_f1=0.9673 val_agree=98.29% | test_acc=86.24% test_agree=94.94%
Epoch 032 | train=0.3024 (ce=0.3138, kd=0.0560, feat=0.0144) | val_acc=97.14% val_f1=0.9673 val_agree=98.29% | test_acc=85.96% test_agree=95.22%
Epoch 033 | train=0.3037 (ce=0.3078, kd=0.0597, feat=0.0154) | val_acc=97.14% val_f1=0.9673 val_agree=98.29% | test_acc=86.80% test_agree=95.51%
Epoch 034 | train=0.2955 (ce=0.3113, kd=0.0525, feat=0.0137) | val_acc=96.57% val_f1=0.9619 val_agree=97.71% | test_acc=86.80% test_agree=95.51%
Epoch 035 | train=0.2880 (ce=0.2928, kd=0.0561, feat=0.0149) | val_acc=96.57% val_f1=0.9619 val_agree=97.71% | test_acc=86.80% test_agree=95.51%
Epoch 036 | train=0.2980 (ce=0.3066, kd=0.0565, feat=0.0142) | val_acc=96.57% val_f1=0.9619 val_agree=97.71% | test_acc=86.80% test_agree=95.51%
Epoch 037 | train=0.2859 (ce=0.2950, kd=0.0536, feat=0.0142) | val_acc=96.57% val_f1=0.9619 val_agree=97.71% | test_acc=87.08% test_agree=95.79%
Epoch 038 | train=0.2881 (ce=0.2975, kd=0.0541, feat=0.0138) | val_acc=96.57% val_f1=0.9619 val_agree=97.71% | test_acc=87.36% test_agree=96.07%
Epoch 039 | train=0.2974 (ce=0.3038, kd=0.0577, feat=0.0131) | val_acc=96.57% val_f1=0.9619 val_agree=97.71% | test_acc=87.64% test_agree=96.35%
Epoch 040 | train=0.2978 (ce=0.3082, kd=0.0558, feat=0.0133) | val_acc=96.57% val_f1=0.9619 val_agree=97.71% | test_acc=87.64% test_agree=96.35%
Epoch 041 | train=0.2883 (ce=0.2919, kd=0.0569, feat=0.0142) | val_acc=96.57% val_f1=0.9619 val_agree=97.71% | test_acc=87.36% test_agree=96.07%
Epoch 042 | train=0.2930 (ce=0.3054, kd=0.0537, feat=0.0138) | val_acc=96.57% val_f1=0.9619 val_agree=97.71% | test_acc=87.64% test_agree=96.35%
Epoch 043 | train=0.2897 (ce=0.2970, kd=0.0555, feat=0.0136) | val_acc=96.57% val_f1=0.9619 val_agree=97.71% | test_acc=87.64% test_agree=96.35%
Epoch 044 | train=0.2845 (ce=0.2995, kd=0.0506, feat=0.0134) | val_acc=96.57% val_f1=0.9619 val_agree=97.71% | test_acc=87.92% test_agree=96.63%
Epoch 045 | train=0.2790 (ce=0.2793, kd=0.0567, feat=0.0135) | val_acc=96.57% val_f1=0.9619 val_agree=97.71% | test_acc=87.92% test_agree=96.63%
Epoch 046 | train=0.2856 (ce=0.2932, kd=0.0545, feat=0.0135) | val_acc=96.57% val_f1=0.9619 val_agree=97.71% | test_acc=87.92% test_agree=96.63%
Epoch 047 | train=0.2746 (ce=0.2795, kd=0.0535, feat=0.0138) | val_acc=96.57% val_f1=0.9619 val_agree=97.71% | test_acc=87.92% test_agree=96.63%
Epoch 048 | train=0.2752 (ce=0.2794, kd=0.0539, feat=0.0140) | val_acc=96.57% val_f1=0.9619 val_agree=97.71% | test_acc=87.92% test_agree=96.63%
Epoch 049 | train=0.2737 (ce=0.2812, kd=0.0520, feat=0.0138) | val_acc=96.57% val_f1=0.9619 val_agree=97.71% | test_acc=88.20% test_agree=96.91%
Epoch 050 | train=0.2727 (ce=0.2832, kd=0.0503, feat=0.0135) | val_acc=96.57% val_f1=0.9619 val_agree=97.71% | test_acc=88.48% test_agree=97.19%
Epoch 051 | train=0.2795 (ce=0.2906, kd=0.0515, feat=0.0131) | val_acc=96.57% val_f1=0.9619 val_agree=97.71% | test_acc=88.48% test_agree=97.19%
Epoch 052 | train=0.2787 (ce=0.2826, kd=0.0549, feat=0.0135) | val_acc=96.57% val_f1=0.9619 val_agree=97.71% | test_acc=88.48% test_agree=97.19%
Epoch 053 | train=0.2735 (ce=0.2812, kd=0.0520, feat=0.0128) | val_acc=96.57% val_f1=0.9619 val_agree=97.71% | test_acc=88.48% test_agree=97.19%
Epoch 054 | train=0.2875 (ce=0.2977, kd=0.0538, feat=0.0127) | val_acc=96.57% val_f1=0.9619 val_agree=97.71% | test_acc=88.76% test_agree=96.91%
Epoch 055 | train=0.2698 (ce=0.2773, kd=0.0512, feat=0.0133) | val_acc=96.57% val_f1=0.9619 val_agree=97.71% | test_acc=88.76% test_agree=96.35%
Epoch 056 | train=0.2696 (ce=0.2830, kd=0.0483, feat=0.0128) | val_acc=96.57% val_f1=0.9619 val_agree=97.71% | test_acc=88.76% test_agree=96.35%
Epoch 057 | train=0.2707 (ce=0.2839, kd=0.0487, feat=0.0126) | val_acc=96.00% val_f1=0.9566 val_agree=98.29% | test_acc=88.76% test_agree=96.35%
Epoch 058 | train=0.2748 (ce=0.2794, kd=0.0538, feat=0.0130) | val_acc=96.00% val_f1=0.9566 val_agree=98.29% | test_acc=89.04% test_agree=96.63%
Epoch 059 | train=0.2769 (ce=0.2819, kd=0.0540, feat=0.0133) | val_acc=96.00% val_f1=0.9566 val_agree=98.29% | test_acc=89.04% test_agree=96.63%
Epoch 060 | train=0.2755 (ce=0.2767, kd=0.0556, feat=0.0132) | val_acc=96.00% val_f1=0.9566 val_agree=98.29% | test_acc=89.04% test_agree=96.63%
Epoch 061 | train=0.2767 (ce=0.2842, kd=0.0527, feat=0.0130) | val_acc=96.00% val_f1=0.9566 val_agree=98.29% | test_acc=89.04% test_agree=96.63%
Epoch 062 | train=0.2777 (ce=0.2819, kd=0.0546, feat=0.0132) | val_acc=96.00% val_f1=0.9566 val_agree=98.29% | test_acc=89.04% test_agree=96.63%
Epoch 063 | train=0.2775 (ce=0.2920, kd=0.0495, feat=0.0126) | val_acc=96.00% val_f1=0.9566 val_agree=98.29% | test_acc=89.04% test_agree=96.63%
Epoch 064 | train=0.2737 (ce=0.2797, kd=0.0530, feat=0.0123) | val_acc=96.00% val_f1=0.9566 val_agree=98.29% | test_acc=89.04% test_agree=96.63%
Epoch 065 | train=0.2841 (ce=0.2926, kd=0.0540, feat=0.0124) | val_acc=96.00% val_f1=0.9566 val_agree=98.29% | test_acc=89.04% test_agree=96.63%
Epoch 066 | train=0.2822 (ce=0.2880, kd=0.0550, feat=0.0122) | val_acc=96.00% val_f1=0.9566 val_agree=98.29% | test_acc=89.04% test_agree=96.63%
Epoch 067 | train=0.2728 (ce=0.2724, kd=0.0559, feat=0.0128) | val_acc=96.00% val_f1=0.9566 val_agree=98.29% | test_acc=89.04% test_agree=96.63%
Epoch 068 | train=0.2675 (ce=0.2793, kd=0.0487, feat=0.0126) | val_acc=96.00% val_f1=0.9566 val_agree=98.29% | test_acc=89.04% test_agree=96.63%
Epoch 069 | train=0.2698 (ce=0.2782, kd=0.0509, feat=0.0126) | val_acc=96.00% val_f1=0.9566 val_agree=98.29% | test_acc=89.04% test_agree=96.63%
Epoch 070 | train=0.2828 (ce=0.2929, kd=0.0529, feat=0.0124) | val_acc=96.00% val_f1=0.9566 val_agree=98.29% | test_acc=89.04% test_agree=96.63%
Epoch 071 | train=0.2638 (ce=0.2708, kd=0.0503, feat=0.0130) | val_acc=96.00% val_f1=0.9566 val_agree=98.29% | test_acc=89.04% test_agree=96.63%
Epoch 072 | train=0.2761 (ce=0.2822, kd=0.0533, feat=0.0131) | val_acc=96.00% val_f1=0.9566 val_agree=98.29% | test_acc=89.04% test_agree=96.63%
Epoch 073 | train=0.2664 (ce=0.2674, kd=0.0537, feat=0.0136) | val_acc=96.00% val_f1=0.9566 val_agree=98.29% | test_acc=89.04% test_agree=96.63%
Epoch 074 | train=0.2715 (ce=0.2814, kd=0.0505, feat=0.0127) | val_acc=96.00% val_f1=0.9566 val_agree=98.29% | test_acc=88.76% test_agree=96.35%
Early stopping at epoch 74 (best=58, score=0.890449)
================================================================================
Best epoch: 58
Best score (test_acc): 0.890449
Final test accuracy: 89.04%
Final test teacher agreement: 96.63%
Saved to: ablation_experiments/h1/results/run_20260327_131013/ablation2_teacher_student_lstm/students/ablation2_h1_scan90_run_20260327_131013/stage1/s1_l4_o0_c1/ablation2_distill_lstm_weld_seam_windows_ws5_tf75_pg0_h1_ep80_lr0.0001_bs128_T3.5_lce0.7_lkd1.4_lf0.3_seed14
================================================================================
Ablation-2 | Distill 13D LSTM student for future-step prediction
================================================================================
Dataset: Data/processed_data/weld_seam_windows_ws5_tf75_pg0_h1.npz
Teacher ckpt: /home/huang_kai/wind_turbine_phm/PHOENIX-main/autoencoder_benchmark/ablation_experiments/h1/results/comparison_18d_baselines/lstm/lstm_weld_seam_windows_ws5_tf75_pg0_h1_h64_l2_bi_do0.3_ep80_lr0.0001_wd1e-05_bs128_seed42/best_model.pth
Teacher run args: /home/huang_kai/wind_turbine_phm/PHOENIX-main/autoencoder_benchmark/ablation_experiments/h1/results/comparison_18d_baselines/lstm/lstm_weld_seam_windows_ws5_tf75_pg0_h1_h64_l2_bi_do0.3_ep80_lr0.0001_wd1e-05_bs128_seed42/run_args.json
Device: cuda
Train/Val/Test: 990 / 175 / 356
Input full/subset dims: 18 / 13
Dropped feature indices: [3, 4, 5, 6, 7]
Temperature: 3.5
Loss weights (ce/kd/feat): 0.7 / 1.4 / 0.3
Teacher init summary: {'init_mode': 'strict', 'loaded_keys': 20, 'skipped_keys': [], 'missing_model_keys': []}
Student init summary: {'init_mode': 'shape_safe', 'loaded_keys': 10, 'skipped_keys': ['lstm.bias_hh_l1', 'lstm.bias_hh_l1_reverse', 'lstm.bias_ih_l1', 'lstm.bias_ih_l1_reverse', 'lstm.weight_hh_l1', 'lstm.weight_hh_l1_reverse', 'lstm.weight_ih_l0', 'lstm.weight_ih_l0_reverse', 'lstm.weight_ih_l1', 'lstm.weight_ih_l1_reverse'], 'missing_model_keys': ['lstm.weight_ih_l0', 'lstm.weight_ih_l0_reverse']}
Epoch 001 | train=1.7980 (ce=0.9991, kd=0.7664, feat=0.0856) | val_acc=37.14% val_f1=0.3824 val_agree=38.29% | test_acc=50.28% test_agree=41.01%
Epoch 002 | train=1.6946 (ce=0.9440, kd=0.7200, feat=0.0863) | val_acc=49.14% val_f1=0.5104 val_agree=49.14% | test_acc=65.17% test_agree=55.90%
Epoch 003 | train=1.5863 (ce=0.8898, kd=0.6698, feat=0.0858) | val_acc=58.29% val_f1=0.5882 val_agree=58.29% | test_acc=71.91% test_agree=62.64%
Epoch 004 | train=1.4833 (ce=0.8405, kd=0.6210, feat=0.0854) | val_acc=68.57% val_f1=0.6660 val_agree=68.57% | test_acc=73.03% test_agree=64.33%
Epoch 005 | train=1.3002 (ce=0.8153, kd=0.5044, feat=0.0777) | val_acc=75.43% val_f1=0.7167 val_agree=75.43% | test_acc=73.31% test_agree=64.61%
Epoch 006 | train=1.1889 (ce=0.7693, kd=0.4481, feat=0.0766) | val_acc=79.43% val_f1=0.7473 val_agree=79.43% | test_acc=73.60% test_agree=64.89%
Epoch 007 | train=1.0625 (ce=0.7240, kd=0.3814, feat=0.0725) | val_acc=81.71% val_f1=0.7656 val_agree=81.71% | test_acc=74.16% test_agree=67.70%
Epoch 008 | train=0.9740 (ce=0.6723, kd=0.3436, feat=0.0743) | val_acc=82.86% val_f1=0.7712 val_agree=82.86% | test_acc=75.00% test_agree=70.79%
Epoch 009 | train=0.8445 (ce=0.6556, kd=0.2609, feat=0.0676) | val_acc=84.00% val_f1=0.7854 val_agree=84.00% | test_acc=77.81% test_agree=74.16%
Epoch 010 | train=0.7470 (ce=0.6077, kd=0.2153, feat=0.0673) | val_acc=85.14% val_f1=0.7949 val_agree=85.14% | test_acc=78.09% test_agree=75.56%
Epoch 011 | train=0.6703 (ce=0.5515, kd=0.1878, feat=0.0709) | val_acc=85.71% val_f1=0.7998 val_agree=84.57% | test_acc=79.78% test_agree=77.25%
Epoch 012 | train=0.6131 (ce=0.5594, kd=0.1442, feat=0.0656) | val_acc=87.43% val_f1=0.8277 val_agree=86.29% | test_acc=80.62% test_agree=78.65%
Epoch 013 | train=0.5425 (ce=0.5320, kd=0.1085, feat=0.0605) | val_acc=89.14% val_f1=0.8545 val_agree=88.00% | test_acc=80.62% test_agree=79.21%
Epoch 014 | train=0.4927 (ce=0.4909, kd=0.0934, feat=0.0611) | val_acc=92.00% val_f1=0.8974 val_agree=90.86% | test_acc=80.62% test_agree=79.78%
Epoch 015 | train=0.4498 (ce=0.4539, kd=0.0808, feat=0.0634) | val_acc=93.14% val_f1=0.9141 val_agree=92.00% | test_acc=81.74% test_agree=82.02%
Epoch 016 | train=0.4344 (ce=0.4381, kd=0.0778, feat=0.0627) | val_acc=93.71% val_f1=0.9224 val_agree=92.57% | test_acc=82.58% test_agree=83.43%
Epoch 017 | train=0.4078 (ce=0.4279, kd=0.0650, feat=0.0577) | val_acc=93.71% val_f1=0.9229 val_agree=93.71% | test_acc=83.99% test_agree=84.83%
Epoch 018 | train=0.3807 (ce=0.4029, kd=0.0581, feat=0.0580) | val_acc=93.14% val_f1=0.9152 val_agree=94.29% | test_acc=83.15% test_agree=86.80%
Epoch 019 | train=0.3588 (ce=0.3683, kd=0.0593, feat=0.0600) | val_acc=94.86% val_f1=0.9376 val_agree=96.00% | test_acc=82.30% test_agree=88.20%
Epoch 020 | train=0.3555 (ce=0.3650, kd=0.0589, feat=0.0583) | val_acc=94.86% val_f1=0.9376 val_agree=96.00% | test_acc=83.43% test_agree=89.33%
Epoch 021 | train=0.3369 (ce=0.3504, kd=0.0531, feat=0.0579) | val_acc=94.86% val_f1=0.9376 val_agree=96.00% | test_acc=84.27% test_agree=90.17%
Epoch 022 | train=0.3365 (ce=0.3546, kd=0.0506, feat=0.0579) | val_acc=95.43% val_f1=0.9485 val_agree=96.57% | test_acc=84.83% test_agree=90.73%
Epoch 023 | train=0.3332 (ce=0.3308, kd=0.0596, feat=0.0605) | val_acc=96.00% val_f1=0.9566 val_agree=97.14% | test_acc=85.96% test_agree=91.29%
Epoch 024 | train=0.3265 (ce=0.3294, kd=0.0559, feat=0.0585) | val_acc=96.00% val_f1=0.9566 val_agree=97.14% | test_acc=87.08% test_agree=92.42%
Epoch 025 | train=0.3200 (ce=0.3273, kd=0.0529, feat=0.0564) | val_acc=96.00% val_f1=0.9566 val_agree=97.14% | test_acc=86.80% test_agree=93.82%
Epoch 026 | train=0.3166 (ce=0.3222, kd=0.0522, feat=0.0598) | val_acc=96.00% val_f1=0.9566 val_agree=97.14% | test_acc=87.08% test_agree=94.10%
Epoch 027 | train=0.3078 (ce=0.3116, kd=0.0514, feat=0.0588) | val_acc=96.00% val_f1=0.9566 val_agree=97.14% | test_acc=88.48% test_agree=94.94%
Epoch 028 | train=0.3131 (ce=0.3172, kd=0.0523, feat=0.0595) | val_acc=96.00% val_f1=0.9566 val_agree=97.14% | test_acc=89.04% test_agree=94.94%
Epoch 029 | train=0.2993 (ce=0.3020, kd=0.0502, feat=0.0588) | val_acc=96.00% val_f1=0.9566 val_agree=97.14% | test_acc=88.48% test_agree=94.94%
Epoch 030 | train=0.2900 (ce=0.2867, kd=0.0508, feat=0.0605) | val_acc=95.43% val_f1=0.9514 val_agree=96.57% | test_acc=87.92% test_agree=94.94%
Epoch 031 | train=0.3020 (ce=0.3061, kd=0.0498, feat=0.0599) | val_acc=95.43% val_f1=0.9514 val_agree=96.57% | test_acc=88.48% test_agree=95.51%
Epoch 032 | train=0.2985 (ce=0.3100, kd=0.0463, feat=0.0556) | val_acc=95.43% val_f1=0.9514 val_agree=96.57% | test_acc=88.48% test_agree=95.51%
Epoch 033 | train=0.3013 (ce=0.3114, kd=0.0471, feat=0.0581) | val_acc=94.86% val_f1=0.9462 val_agree=97.14% | test_acc=87.92% test_agree=95.51%
Epoch 034 | train=0.2965 (ce=0.3029, kd=0.0483, feat=0.0562) | val_acc=94.86% val_f1=0.9462 val_agree=97.14% | test_acc=88.20% test_agree=95.22%
Epoch 035 | train=0.2720 (ce=0.2663, kd=0.0482, feat=0.0601) | val_acc=94.86% val_f1=0.9462 val_agree=97.14% | test_acc=88.20% test_agree=95.22%
Epoch 036 | train=0.2931 (ce=0.2966, kd=0.0485, feat=0.0588) | val_acc=94.86% val_f1=0.9462 val_agree=97.14% | test_acc=88.20% test_agree=95.22%
Epoch 037 | train=0.2797 (ce=0.2770, kd=0.0485, feat=0.0595) | val_acc=94.86% val_f1=0.9462 val_agree=97.14% | test_acc=88.20% test_agree=95.22%
Epoch 038 | train=0.2817 (ce=0.2839, kd=0.0468, feat=0.0581) | val_acc=94.86% val_f1=0.9462 val_agree=97.14% | test_acc=89.04% test_agree=96.07%
Epoch 039 | train=0.2792 (ce=0.2782, kd=0.0478, feat=0.0586) | val_acc=94.86% val_f1=0.9462 val_agree=97.14% | test_acc=89.04% test_agree=96.07%
Epoch 040 | train=0.2785 (ce=0.2831, kd=0.0452, feat=0.0569) | val_acc=94.86% val_f1=0.9462 val_agree=97.14% | test_acc=88.48% test_agree=95.51%
Epoch 041 | train=0.2781 (ce=0.2809, kd=0.0459, feat=0.0575) | val_acc=95.43% val_f1=0.9514 val_agree=96.57% | test_acc=88.76% test_agree=95.79%
Epoch 042 | train=0.2877 (ce=0.2966, kd=0.0454, feat=0.0548) | val_acc=95.43% val_f1=0.9514 val_agree=96.57% | test_acc=89.04% test_agree=96.07%
Epoch 043 | train=0.2882 (ce=0.2988, kd=0.0442, feat=0.0572) | val_acc=95.43% val_f1=0.9514 val_agree=96.57% | test_acc=89.04% test_agree=96.07%
Epoch 044 | train=0.2786 (ce=0.2798, kd=0.0468, feat=0.0577) | val_acc=95.43% val_f1=0.9514 val_agree=96.57% | test_acc=89.33% test_agree=96.35%
Epoch 045 | train=0.2713 (ce=0.2712, kd=0.0456, feat=0.0589) | val_acc=95.43% val_f1=0.9514 val_agree=96.57% | test_acc=89.33% test_agree=96.35%
Epoch 046 | train=0.2868 (ce=0.2850, kd=0.0501, feat=0.0572) | val_acc=95.43% val_f1=0.9514 val_agree=96.57% | test_acc=89.61% test_agree=96.63%
Epoch 047 | train=0.2839 (ce=0.2864, kd=0.0477, feat=0.0554) | val_acc=95.43% val_f1=0.9514 val_agree=96.57% | test_acc=89.61% test_agree=96.63%
Epoch 048 | train=0.2740 (ce=0.2726, kd=0.0466, feat=0.0597) | val_acc=94.86% val_f1=0.9462 val_agree=97.14% | test_acc=89.61% test_agree=96.63%
Epoch 049 | train=0.2722 (ce=0.2731, kd=0.0454, feat=0.0583) | val_acc=95.43% val_f1=0.9514 val_agree=96.57% | test_acc=89.61% test_agree=96.63%
Epoch 050 | train=0.2760 (ce=0.2794, kd=0.0453, feat=0.0565) | val_acc=95.43% val_f1=0.9514 val_agree=96.57% | test_acc=89.61% test_agree=96.63%
Epoch 051 | train=0.2708 (ce=0.2708, kd=0.0457, feat=0.0576) | val_acc=96.00% val_f1=0.9590 val_agree=96.00% | test_acc=89.61% test_agree=96.63%
Epoch 052 | train=0.2733 (ce=0.2744, kd=0.0458, feat=0.0572) | val_acc=96.00% val_f1=0.9590 val_agree=96.00% | test_acc=89.61% test_agree=96.63%
Epoch 053 | train=0.2711 (ce=0.2782, kd=0.0430, feat=0.0541) | val_acc=96.00% val_f1=0.9590 val_agree=96.00% | test_acc=89.61% test_agree=96.63%
Epoch 054 | train=0.2710 (ce=0.2696, kd=0.0463, feat=0.0583) | val_acc=95.43% val_f1=0.9514 val_agree=96.57% | test_acc=89.33% test_agree=96.35%
Epoch 055 | train=0.2774 (ce=0.2801, kd=0.0457, feat=0.0579) | val_acc=96.00% val_f1=0.9566 val_agree=97.14% | test_acc=89.33% test_agree=96.35%
Epoch 056 | train=0.2742 (ce=0.2747, kd=0.0461, feat=0.0578) | val_acc=95.43% val_f1=0.9514 val_agree=96.57% | test_acc=89.33% test_agree=96.35%
Epoch 057 | train=0.2715 (ce=0.2740, kd=0.0452, feat=0.0548) | val_acc=96.00% val_f1=0.9590 val_agree=96.00% | test_acc=89.33% test_agree=96.35%
Epoch 058 | train=0.2618 (ce=0.2474, kd=0.0500, feat=0.0623) | val_acc=96.00% val_f1=0.9590 val_agree=96.00% | test_acc=89.61% test_agree=96.63%
Epoch 059 | train=0.2728 (ce=0.2645, kd=0.0503, feat=0.0576) | val_acc=96.57% val_f1=0.9644 val_agree=96.57% | test_acc=89.61% test_agree=96.63%
Epoch 060 | train=0.2748 (ce=0.2753, kd=0.0464, feat=0.0571) | val_acc=97.14% val_f1=0.9697 val_agree=97.14% | test_acc=89.61% test_agree=96.63%
Epoch 061 | train=0.2739 (ce=0.2806, kd=0.0435, feat=0.0554) | val_acc=97.14% val_f1=0.9697 val_agree=97.14% | test_acc=89.61% test_agree=96.63%
Epoch 062 | train=0.2798 (ce=0.2857, kd=0.0452, feat=0.0552) | val_acc=97.14% val_f1=0.9697 val_agree=97.14% | test_acc=89.61% test_agree=96.63%
Early stopping at epoch 62 (best=46, score=0.896067)
================================================================================
Best epoch: 46
Best score (test_acc): 0.896067
Final test accuracy: 89.61%
Final test teacher agreement: 96.63%
Saved to: ablation_experiments/h1/results/run_20260327_131013/ablation2_teacher_student_lstm/students/ablation2_h1_scan90_run_20260327_131013/stage1/s1_l4_o1_c0/ablation2_distill_lstm_weld_seam_windows_ws5_tf75_pg0_h1_ep80_lr0.00015_bs128_T3.5_lce0.7_lkd1.4_lf0.3_seed14
/usr/bin/python /home/huang_kai/wind_turbine_phm/PHOENIX-main/autoencoder_benchmark/ablation_experiments/scripts/train_ablation2_distill_lstm_student.py --dataset-npz Data/processed_data/weld_seam_windows_ws5_tf75_pg0_h1.npz --teacher-ckpt /home/huang_kai/wind_turbine_phm/PHOENIX-main/autoencoder_benchmark/ablation_experiments/h1/results/comparison_18d_baselines/lstm/lstm_weld_seam_windows_ws5_tf75_pg0_h1_h64_l2_bi_do0.3_ep80_lr0.0001_wd1e-05_bs128_seed42/best_model.pth --teacher-run-args /home/huang_kai/wind_turbine_phm/PHOENIX-main/autoencoder_benchmark/ablation_experiments/h1/results/comparison_18d_baselines/lstm/lstm_weld_seam_windows_ws5_tf75_pg0_h1_h64_l2_bi_do0.3_ep80_lr0.0001_wd1e-05_bs128_seed42/run_args.json --output-dir ablation_experiments/h1/results/run_20260327_131013/ablation2_teacher_student_lstm/students/ablation2_h1_scan90_run_20260327_131013/stage1/s1_l3_o3_c0 --epochs 80 --batch-size 128 --lr 0.0003 --weight-decay 0.0002 --seed 14 --num-workers 0 --checkpoint-metric test_acc --temperature 3.0 --lambda-ce 0.8 --lambda-kd 1.2 --lambda-feat 0.2 --student-lstm-layers 1 --student-lstm-dropout 0.2 --student-classifier-hidden 64 --student-classifier-dropout 0.3 --student-init-ckpt /home/huang_kai/wind_turbine_phm/PHOENIX-main/autoencoder_benchmark/ablation_experiments/h1/results/comparison_18d_baselines/lstm/lstm_weld_seam_windows_ws5_tf75_pg0_h1_h64_l2_bi_do0.3_ep80_lr0.0001_wd1e-05_bs128_seed42/best_model.pth --student-init-mode shape_safe
Command: /usr/bin/python /home/huang_kai/wind_turbine_phm/PHOENIX-main/autoencoder_benchmark/ablation_experiments/scripts/train_ablation2_distill_lstm_student.py --dataset-npz Data/processed_data/weld_seam_windows_ws5_tf75_pg0_h1.npz --teacher-ckpt /home/huang_kai/wind_turbine_phm/PHOENIX-main/autoencoder_benchmark/ablation_experiments/h1/results/comparison_18d_baselines/lstm/lstm_weld_seam_windows_ws5_tf75_pg0_h1_h64_l2_bi_do0.3_ep80_lr0.0001_wd1e-05_bs128_seed42/best_model.pth --teacher-run-args /home/huang_kai/wind_turbine_phm/PHOENIX-main/autoencoder_benchmark/ablation_experiments/h1/results/comparison_18d_baselines/lstm/lstm_weld_seam_windows_ws5_tf75_pg0_h1_h64_l2_bi_do0.3_ep80_lr0.0001_wd1e-05_bs128_seed42/run_args.json --output-dir ablation_experiments/h1/results/run_20260327_131013/ablation2_teacher_student_lstm/students/ablation2_h1_scan90_run_20260327_131013/stage1/s1_l3_o3_c1 --epochs 80 --batch-size 128 --lr 0.0003 --weight-decay 0.0002 --seed 14 --num-workers 0 --checkpoint-metric test_acc --temperature 3.0 --lambda-ce 0.8 --lambda-kd 1.2 --lambda-feat 0.2 --student-lstm-layers 2 --student-lstm-dropout 0.3 --student-classifier-hidden 64 --student-classifier-dropout 0.35 --student-init-ckpt /home/huang_kai/wind_turbine_phm/PHOENIX-main/autoencoder_benchmark/ablation_experiments/h1/results/comparison_18d_baselines/lstm/lstm_weld_seam_windows_ws5_tf75_pg0_h1_h64_l2_bi_do0.3_ep80_lr0.0001_wd1e-05_bs128_seed42/best_model.pth --student-init-mode shape_safe
Command: /usr/bin/python /home/huang_kai/wind_turbine_phm/PHOENIX-main/autoencoder_benchmark/ablation_experiments/scripts/train_ablation2_distill_lstm_student.py --dataset-npz Data/processed_data/weld_seam_windows_ws5_tf75_pg0_h1.npz --teacher-ckpt /home/huang_kai/wind_turbine_phm/PHOENIX-main/autoencoder_benchmark/ablation_experiments/h1/results/comparison_18d_baselines/lstm/lstm_weld_seam_windows_ws5_tf75_pg0_h1_h64_l2_bi_do0.3_ep80_lr0.0001_wd1e-05_bs128_seed42/best_model.pth --teacher-run-args /home/huang_kai/wind_turbine_phm/PHOENIX-main/autoencoder_benchmark/ablation_experiments/h1/results/comparison_18d_baselines/lstm/lstm_weld_seam_windows_ws5_tf75_pg0_h1_h64_l2_bi_do0.3_ep80_lr0.0001_wd1e-05_bs128_seed42/run_args.json --output-dir ablation_experiments/h1/results/run_20260327_131013/ablation2_teacher_student_lstm/students/ablation2_h1_scan90_run_20260327_131013/stage1/s1_l4_o0_c0 --epochs 80 --batch-size 128 --lr 0.0001 --weight-decay 1e-05 --seed 14 --num-workers 0 --checkpoint-metric test_acc --temperature 3.5 --lambda-ce 0.7 --lambda-kd 1.4 --lambda-feat 0.3 --student-lstm-layers 1 --student-lstm-dropout 0.2 --student-classifier-hidden 64 --student-classifier-dropout 0.3 --weighted-sampler --student-init-ckpt /home/huang_kai/wind_turbine_phm/PHOENIX-main/autoencoder_benchmark/ablation_experiments/h1/results/comparison_18d_baselines/lstm/lstm_weld_seam_windows_ws5_tf75_pg0_h1_h64_l2_bi_do0.3_ep80_lr0.0001_wd1e-05_bs128_seed42/best_model.pth --student-init-mode shape_safe
Command: /usr/bin/python /home/huang_kai/wind_turbine_phm/PHOENIX-main/autoencoder_benchmark/ablation_experiments/scripts/train_ablation2_distill_lstm_student.py --dataset-npz Data/processed_data/weld_seam_windows_ws5_tf75_pg0_h1.npz --teacher-ckpt /home/huang_kai/wind_turbine_phm/PHOENIX-main/autoencoder_benchmark/ablation_experiments/h1/results/comparison_18d_baselines/lstm/lstm_weld_seam_windows_ws5_tf75_pg0_h1_h64_l2_bi_do0.3_ep80_lr0.0001_wd1e-05_bs128_seed42/best_model.pth --teacher-run-args /home/huang_kai/wind_turbine_phm/PHOENIX-main/autoencoder_benchmark/ablation_experiments/h1/results/comparison_18d_baselines/lstm/lstm_weld_seam_windows_ws5_tf75_pg0_h1_h64_l2_bi_do0.3_ep80_lr0.0001_wd1e-05_bs128_seed42/run_args.json --output-dir ablation_experiments/h1/results/run_20260327_131013/ablation2_teacher_student_lstm/students/ablation2_h1_scan90_run_20260327_131013/stage1/s1_l4_o0_c1 --epochs 80 --batch-size 128 --lr 0.0001 --weight-decay 1e-05 --seed 14 --num-workers 0 --checkpoint-metric test_acc --temperature 3.5 --lambda-ce 0.7 --lambda-kd 1.4 --lambda-feat 0.3 --student-lstm-layers 2 --student-lstm-dropout 0.3 --student-classifier-hidden 64 --student-classifier-dropout 0.35 --weighted-sampler --student-init-ckpt /home/huang_kai/wind_turbine_phm/PHOENIX-main/autoencoder_benchmark/ablation_experiments/h1/results/comparison_18d_baselines/lstm/lstm_weld_seam_windows_ws5_tf75_pg0_h1_h64_l2_bi_do0.3_ep80_lr0.0001_wd1e-05_bs128_seed42/best_model.pth --student-init-mode shape_safe
Command: /usr/bin/python /home/huang_kai/wind_turbine_phm/PHOENIX-main/autoencoder_benchmark/ablation_experiments/scripts/train_ablation2_distill_lstm_student.py --dataset-npz Data/processed_data/weld_seam_windows_ws5_tf75_pg0_h1.npz --teacher-ckpt /home/huang_kai/wind_turbine_phm/PHOENIX-main/autoencoder_benchmark/ablation_experiments/h1/results/comparison_18d_baselines/lstm/lstm_weld_seam_windows_ws5_tf75_pg0_h1_h64_l2_bi_do0.3_ep80_lr0.0001_wd1e-05_bs128_seed42/best_model.pth --teacher-run-args /home/huang_kai/wind_turbine_phm/PHOENIX-main/autoencoder_benchmark/ablation_experiments/h1/results/comparison_18d_baselines/lstm/lstm_weld_seam_windows_ws5_tf75_pg0_h1_h64_l2_bi_do0.3_ep80_lr0.0001_wd1e-05_bs128_seed42/run_args.json --output-dir ablation_experiments/h1/results/run_20260327_131013/ablation2_teacher_student_lstm/students/ablation2_h1_scan90_run_20260327_131013/stage1/s1_l4_o1_c0 --epochs 80 --batch-size 128 --lr 0.00015 --weight-decay 1e-05 --seed 14 --num-workers 0 --checkpoint-metric test_acc --temperature 3.5 --lambda-ce 0.7 --lambda-kd 1.4 --lambda-feat 0.3 --student-lstm-layers 1 --student-lstm-dropout 0.2 --student-classifier-hidden 64 --student-classifier-dropout 0.3 --weighted-sampler --student-init-ckpt /home/huang_kai/wind_turbine_phm/PHOENIX-main/autoencoder_benchmark/ablation_experiments/h1/results/comparison_18d_baselines/lstm/lstm_weld_seam_windows_ws5_tf75_pg0_h1_h64_l2_bi_do0.3_ep80_lr0.0001_wd1e-05_bs128_seed42/best_model.pth --student-init-mode shape_safe
Command: ================================================================================
Ablation-2 | Distill 13D LSTM student for future-step prediction
================================================================================
Dataset: Data/processed_data/weld_seam_windows_ws5_tf75_pg0_h1.npz
Teacher ckpt: /home/huang_kai/wind_turbine_phm/PHOENIX-main/autoencoder_benchmark/ablation_experiments/h1/results/comparison_18d_baselines/lstm/lstm_weld_seam_windows_ws5_tf75_pg0_h1_h64_l2_bi_do0.3_ep80_lr0.0001_wd1e-05_bs128_seed42/best_model.pth
Teacher run args: /home/huang_kai/wind_turbine_phm/PHOENIX-main/autoencoder_benchmark/ablation_experiments/h1/results/comparison_18d_baselines/lstm/lstm_weld_seam_windows_ws5_tf75_pg0_h1_h64_l2_bi_do0.3_ep80_lr0.0001_wd1e-05_bs128_seed42/run_args.json
Device: cuda
Train/Val/Test: 990 / 175 / 356
Input full/subset dims: 18 / 13
Dropped feature indices: [3, 4, 5, 6, 7]
Temperature: 3.5
Loss weights (ce/kd/feat): 0.7 / 1.4 / 0.3
Teacher init summary: {'init_mode': 'strict', 'loaded_keys': 20, 'skipped_keys': [], 'missing_model_keys': []}
Student init summary: {'init_mode': 'shape_safe', 'loaded_keys': 18, 'skipped_keys': ['lstm.weight_ih_l0', 'lstm.weight_ih_l0_reverse'], 'missing_model_keys': ['lstm.weight_ih_l0', 'lstm.weight_ih_l0_reverse']}
Epoch 001 | train=2.4943 (ce=1.2286, kd=1.1503, feat=0.0797) | val_acc=24.57% val_f1=0.1367 val_agree=26.86% | test_acc=33.43% test_agree=35.96%
Epoch 002 | train=2.1377 (ce=1.0911, kd=0.9657, feat=0.0732) | val_acc=26.29% val_f1=0.1685 val_agree=28.57% | test_acc=42.70% test_agree=45.22%
Epoch 003 | train=1.7273 (ce=0.9512, kd=0.7450, feat=0.0618) | val_acc=31.43% val_f1=0.2567 val_agree=33.71% | test_acc=52.53% test_agree=55.06%
Epoch 004 | train=1.5484 (ce=0.8467, kd=0.6694, feat=0.0619) | val_acc=53.14% val_f1=0.5771 val_agree=55.43% | test_acc=62.92% test_agree=65.45%
Epoch 005 | train=1.1974 (ce=0.7239, kd=0.4820, feat=0.0532) | val_acc=68.00% val_f1=0.7134 val_agree=68.00% | test_acc=78.37% test_agree=75.84%
Epoch 006 | train=0.8806 (ce=0.6326, kd=0.3036, feat=0.0423) | val_acc=76.57% val_f1=0.7382 val_agree=76.57% | test_acc=80.62% test_agree=76.97%
Epoch 007 | train=0.7025 (ce=0.6162, kd=0.1872, feat=0.0304) | val_acc=84.57% val_f1=0.7945 val_agree=84.57% | test_acc=82.58% test_agree=80.06%
Epoch 008 | train=0.5502 (ce=0.5152, kd=0.1292, feat=0.0289) | val_acc=85.71% val_f1=0.8053 val_agree=84.57% | test_acc=81.18% test_agree=79.78%
Epoch 009 | train=0.4945 (ce=0.4994, kd=0.0987, feat=0.0225) | val_acc=90.86% val_f1=0.8786 val_agree=88.57% | test_acc=80.90% test_agree=80.62%
Epoch 010 | train=0.4390 (ce=0.4736, kd=0.0725, feat=0.0201) | val_acc=93.71% val_f1=0.9219 val_agree=92.57% | test_acc=80.34% test_agree=83.99%
Epoch 011 | train=0.3964 (ce=0.4305, kd=0.0638, feat=0.0191) | val_acc=94.86% val_f1=0.9390 val_agree=94.86% | test_acc=78.65% test_agree=83.99%
Epoch 012 | train=0.3905 (ce=0.4295, kd=0.0604, feat=0.0174) | val_acc=96.00% val_f1=0.9556 val_agree=96.00% | test_acc=77.53% test_agree=83.99%
Epoch 013 | train=0.3522 (ce=0.3769, kd=0.0595, feat=0.0171) | val_acc=96.00% val_f1=0.9556 val_agree=96.00% | test_acc=78.09% test_agree=85.67%
Epoch 014 | train=0.3521 (ce=0.3732, kd=0.0616, feat=0.0152) | val_acc=96.57% val_f1=0.9610 val_agree=96.57% | test_acc=78.65% test_agree=87.36%
Epoch 015 | train=0.3251 (ce=0.3474, kd=0.0551, feat=0.0156) | val_acc=96.57% val_f1=0.9610 val_agree=96.57% | test_acc=80.90% test_agree=90.17%
Epoch 016 | train=0.3205 (ce=0.3365, kd=0.0572, feat=0.0165) | val_acc=97.14% val_f1=0.9669 val_agree=97.14% | test_acc=83.15% test_agree=92.42%
Epoch 017 | train=0.3155 (ce=0.3287, kd=0.0578, feat=0.0152) | val_acc=96.57% val_f1=0.9615 val_agree=97.71% | test_acc=83.71% test_agree=92.98%
Epoch 018 | train=0.3128 (ce=0.3293, kd=0.0557, feat=0.0143) | val_acc=96.57% val_f1=0.9615 val_agree=97.71% | test_acc=85.11% test_agree=94.38%
Epoch 019 | train=0.3084 (ce=0.3223, kd=0.0561, feat=0.0142) | val_acc=96.57% val_f1=0.9615 val_agree=97.71% | test_acc=84.55% test_agree=93.82%
Epoch 020 | train=0.3055 (ce=0.3139, kd=0.0582, feat=0.0142) | val_acc=96.57% val_f1=0.9615 val_agree=97.71% | test_acc=85.39% test_agree=94.66%
Epoch 021 | train=0.3068 (ce=0.3152, kd=0.0585, feat=0.0140) | val_acc=97.14% val_f1=0.9673 val_agree=98.29% | test_acc=86.52% test_agree=95.22%
Epoch 022 | train=0.3021 (ce=0.3085, kd=0.0585, feat=0.0139) | val_acc=96.57% val_f1=0.9619 val_agree=97.71% | test_acc=86.80% test_agree=95.51%
Epoch 023 | train=0.2981 (ce=0.3100, kd=0.0550, feat=0.0137) | val_acc=96.57% val_f1=0.9619 val_agree=97.71% | test_acc=87.36% test_agree=96.07%
Epoch 024 | train=0.2918 (ce=0.3033, kd=0.0537, feat=0.0140) | val_acc=96.57% val_f1=0.9619 val_agree=97.71% | test_acc=87.36% test_agree=96.07%
Epoch 025 | train=0.2876 (ce=0.2976, kd=0.0538, feat=0.0131) | val_acc=96.00% val_f1=0.9566 val_agree=98.29% | test_acc=87.64% test_agree=96.35%
Epoch 026 | train=0.2822 (ce=0.2809, kd=0.0581, feat=0.0138) | val_acc=96.57% val_f1=0.9619 val_agree=97.71% | test_acc=87.92% test_agree=96.63%
Epoch 027 | train=0.2700 (ce=0.2761, kd=0.0520, feat=0.0131) | val_acc=96.57% val_f1=0.9619 val_agree=97.71% | test_acc=87.92% test_agree=96.63%
Epoch 028 | train=0.2668 (ce=0.2734, kd=0.0510, feat=0.0134) | val_acc=96.57% val_f1=0.9619 val_agree=97.71% | test_acc=87.64% test_agree=96.35%
Epoch 029 | train=0.2815 (ce=0.2840, kd=0.0563, feat=0.0129) | val_acc=96.57% val_f1=0.9619 val_agree=97.71% | test_acc=87.92% test_agree=96.63%
Epoch 030 | train=0.2740 (ce=0.2738, kd=0.0559, feat=0.0134) | val_acc=96.00% val_f1=0.9566 val_agree=98.29% | test_acc=88.20% test_agree=95.79%
Epoch 031 | train=0.2745 (ce=0.2757, kd=0.0554, feat=0.0133) | val_acc=96.00% val_f1=0.9566 val_agree=98.29% | test_acc=88.20% test_agree=95.79%
Epoch 032 | train=0.2788 (ce=0.2828, kd=0.0551, feat=0.0124) | val_acc=96.57% val_f1=0.9619 val_agree=97.71% | test_acc=87.64% test_agree=96.35%
Epoch 033 | train=0.2790 (ce=0.2775, kd=0.0577, feat=0.0131) | val_acc=96.57% val_f1=0.9619 val_agree=97.71% | test_acc=88.48% test_agree=97.19%
Epoch 034 | train=0.2738 (ce=0.2811, kd=0.0524, feat=0.0119) | val_acc=96.57% val_f1=0.9619 val_agree=97.71% | test_acc=89.33% test_agree=96.91%
Epoch 035 | train=0.2642 (ce=0.2633, kd=0.0544, feat=0.0127) | val_acc=96.00% val_f1=0.9566 val_agree=98.29% | test_acc=88.48% test_agree=96.07%
Epoch 036 | train=0.2748 (ce=0.2776, kd=0.0549, feat=0.0122) | val_acc=96.00% val_f1=0.9566 val_agree=98.29% | test_acc=88.20% test_agree=95.79%
Epoch 037 | train=0.2666 (ce=0.2678, kd=0.0539, feat=0.0122) | val_acc=95.43% val_f1=0.9514 val_agree=97.71% | test_acc=89.04% test_agree=96.63%
Epoch 038 | train=0.2676 (ce=0.2717, kd=0.0528, feat=0.0117) | val_acc=95.43% val_f1=0.9514 val_agree=97.71% | test_acc=89.33% test_agree=96.91%
Epoch 039 | train=0.2790 (ce=0.2788, kd=0.0575, feat=0.0112) | val_acc=96.00% val_f1=0.9566 val_agree=98.29% | test_acc=89.61% test_agree=97.19%
Epoch 040 | train=0.2776 (ce=0.2832, kd=0.0542, feat=0.0114) | val_acc=96.57% val_f1=0.9619 val_agree=97.71% | test_acc=89.33% test_agree=96.91%
Epoch 041 | train=0.2690 (ce=0.2682, kd=0.0554, feat=0.0123) | val_acc=97.14% val_f1=0.9673 val_agree=98.29% | test_acc=89.04% test_agree=96.63%
Epoch 042 | train=0.2740 (ce=0.2819, kd=0.0522, feat=0.0119) | val_acc=97.14% val_f1=0.9673 val_agree=98.29% | test_acc=89.04% test_agree=96.63%
Epoch 043 | train=0.2722 (ce=0.2746, kd=0.0546, feat=0.0117) | val_acc=97.14% val_f1=0.9673 val_agree=98.29% | test_acc=89.04% test_agree=96.63%
Epoch 044 | train=0.2661 (ce=0.2756, kd=0.0498, feat=0.0114) | val_acc=97.14% val_f1=0.9673 val_agree=98.29% | test_acc=89.33% test_agree=96.91%
Epoch 045 | train=0.2622 (ce=0.2588, kd=0.0555, feat=0.0115) | val_acc=97.14% val_f1=0.9673 val_agree=98.29% | test_acc=89.04% test_agree=96.63%
Epoch 046 | train=0.2673 (ce=0.2716, kd=0.0526, feat=0.0115) | val_acc=97.14% val_f1=0.9673 val_agree=98.29% | test_acc=89.04% test_agree=96.63%
Epoch 047 | train=0.2577 (ce=0.2574, kd=0.0529, feat=0.0117) | val_acc=97.14% val_f1=0.9673 val_agree=98.29% | test_acc=89.04% test_agree=96.63%
Epoch 048 | train=0.2585 (ce=0.2573, kd=0.0534, feat=0.0119) | val_acc=97.14% val_f1=0.9673 val_agree=98.29% | test_acc=89.61% test_agree=97.19%
Epoch 049 | train=0.2563 (ce=0.2595, kd=0.0508, feat=0.0117) | val_acc=97.14% val_f1=0.9673 val_agree=98.29% | test_acc=89.33% test_agree=96.91%
Epoch 050 | train=0.2584 (ce=0.2635, kd=0.0503, feat=0.0115) | val_acc=96.57% val_f1=0.9619 val_agree=98.86% | test_acc=89.33% test_agree=96.91%
Epoch 051 | train=0.2643 (ce=0.2705, kd=0.0512, feat=0.0111) | val_acc=96.57% val_f1=0.9619 val_agree=98.86% | test_acc=89.61% test_agree=97.19%
Epoch 052 | train=0.2614 (ce=0.2619, kd=0.0533, feat=0.0114) | val_acc=97.71% val_f1=0.9752 val_agree=97.71% | test_acc=90.17% test_agree=97.75%
Epoch 053 | train=0.2582 (ce=0.2615, kd=0.0513, feat=0.0109) | val_acc=97.14% val_f1=0.9673 val_agree=98.29% | test_acc=89.61% test_agree=97.19%
Epoch 054 | train=0.2699 (ce=0.2765, kd=0.0522, feat=0.0109) | val_acc=97.14% val_f1=0.9673 val_agree=98.29% | test_acc=89.04% test_agree=96.63%
Epoch 055 | train=0.2549 (ce=0.2584, kd=0.0505, feat=0.0114) | val_acc=97.14% val_f1=0.9673 val_agree=98.29% | test_acc=89.04% test_agree=96.63%
Epoch 056 | train=0.2548 (ce=0.2620, kd=0.0487, feat=0.0108) | val_acc=97.14% val_f1=0.9673 val_agree=98.29% | test_acc=89.04% test_agree=96.63%
Epoch 057 | train=0.2563 (ce=0.2639, kd=0.0489, feat=0.0106) | val_acc=97.14% val_f1=0.9673 val_agree=98.29% | test_acc=89.04% test_agree=96.63%
Epoch 058 | train=0.2598 (ce=0.2603, kd=0.0531, feat=0.0109) | val_acc=97.14% val_f1=0.9673 val_agree=98.29% | test_acc=89.33% test_agree=96.91%
Epoch 059 | train=0.2623 (ce=0.2642, kd=0.0529, feat=0.0112) | val_acc=97.14% val_f1=0.9673 val_agree=98.29% | test_acc=89.33% test_agree=96.91%
Epoch 060 | train=0.2616 (ce=0.2587, kd=0.0552, feat=0.0111) | val_acc=97.14% val_f1=0.9673 val_agree=98.29% | test_acc=89.33% test_agree=96.91%
Epoch 061 | train=0.2620 (ce=0.2665, kd=0.0515, feat=0.0110) | val_acc=97.14% val_f1=0.9673 val_agree=98.29% | test_acc=89.33% test_agree=96.91%
Epoch 062 | train=0.2620 (ce=0.2634, kd=0.0531, feat=0.0112) | val_acc=97.14% val_f1=0.9673 val_agree=98.29% | test_acc=89.33% test_agree=96.91%
Epoch 063 | train=0.2628 (ce=0.2725, kd=0.0491, feat=0.0107) | val_acc=97.14% val_f1=0.9673 val_agree=98.29% | test_acc=89.33% test_agree=96.91%
Epoch 064 | train=0.2583 (ce=0.2615, kd=0.0516, feat=0.0103) | val_acc=97.14% val_f1=0.9673 val_agree=98.29% | test_acc=89.33% test_agree=96.91%
Epoch 065 | train=0.2681 (ce=0.2725, kd=0.0530, feat=0.0104) | val_acc=97.14% val_f1=0.9673 val_agree=98.29% | test_acc=89.33% test_agree=96.91%
Epoch 066 | train=0.2669 (ce=0.2690, kd=0.0539, feat=0.0103) | val_acc=97.14% val_f1=0.9673 val_agree=98.29% | test_acc=89.33% test_agree=96.91%
Epoch 067 | train=0.2589 (ce=0.2549, kd=0.0552, feat=0.0108) | val_acc=97.14% val_f1=0.9673 val_agree=98.29% | test_acc=89.33% test_agree=96.91%
Epoch 068 | train=0.2546 (ce=0.2613, kd=0.0489, feat=0.0106) | val_acc=97.14% val_f1=0.9673 val_agree=98.29% | test_acc=89.33% test_agree=96.91%
Early stopping at epoch 68 (best=52, score=0.901685)
================================================================================
Best epoch: 52
Best score (test_acc): 0.901685
Final test accuracy: 90.17%
Final test teacher agreement: 97.75%
Saved to: ablation_experiments/h1/results/run_20260327_131013/ablation2_teacher_student_lstm/students/ablation2_h1_scan90_run_20260327_131013/stage1/s1_l4_o1_c1/ablation2_distill_lstm_weld_seam_windows_ws5_tf75_pg0_h1_ep80_lr0.00015_bs128_T3.5_lce0.7_lkd1.4_lf0.3_seed14
================================================================================
Ablation-2 | Distill 13D LSTM student for future-step prediction
================================================================================
Dataset: Data/processed_data/weld_seam_windows_ws5_tf75_pg0_h1.npz
Teacher ckpt: /home/huang_kai/wind_turbine_phm/PHOENIX-main/autoencoder_benchmark/ablation_experiments/h1/results/comparison_18d_baselines/lstm/lstm_weld_seam_windows_ws5_tf75_pg0_h1_h64_l2_bi_do0.3_ep80_lr0.0001_wd1e-05_bs128_seed42/best_model.pth
Teacher run args: /home/huang_kai/wind_turbine_phm/PHOENIX-main/autoencoder_benchmark/ablation_experiments/h1/results/comparison_18d_baselines/lstm/lstm_weld_seam_windows_ws5_tf75_pg0_h1_h64_l2_bi_do0.3_ep80_lr0.0001_wd1e-05_bs128_seed42/run_args.json
Device: cuda
Train/Val/Test: 990 / 175 / 356
Input full/subset dims: 18 / 13
Dropped feature indices: [3, 4, 5, 6, 7]
Temperature: 3.5
Loss weights (ce/kd/feat): 0.7 / 1.4 / 0.3
Teacher init summary: {'init_mode': 'strict', 'loaded_keys': 20, 'skipped_keys': [], 'missing_model_keys': []}
Student init summary: {'init_mode': 'shape_safe', 'loaded_keys': 10, 'skipped_keys': ['lstm.bias_hh_l1', 'lstm.bias_hh_l1_reverse', 'lstm.bias_ih_l1', 'lstm.bias_ih_l1_reverse', 'lstm.weight_hh_l1', 'lstm.weight_hh_l1_reverse', 'lstm.weight_ih_l0', 'lstm.weight_ih_l0_reverse', 'lstm.weight_ih_l1', 'lstm.weight_ih_l1_reverse'], 'missing_model_keys': ['lstm.weight_ih_l0', 'lstm.weight_ih_l0_reverse']}
Epoch 001 | train=1.7784 (ce=0.9915, kd=0.7563, feat=0.0853) | val_acc=40.00% val_f1=0.4159 val_agree=40.00% | test_acc=54.78% test_agree=45.51%
Epoch 002 | train=1.6326 (ce=0.9203, kd=0.6877, feat=0.0852) | val_acc=54.86% val_f1=0.5604 val_agree=54.86% | test_acc=71.07% test_agree=61.80%
Epoch 003 | train=1.4822 (ce=0.8517, kd=0.6148, feat=0.0839) | val_acc=68.57% val_f1=0.6660 val_agree=68.57% | test_acc=73.03% test_agree=64.33%
Epoch 004 | train=1.3366 (ce=0.7885, kd=0.5428, feat=0.0826) | val_acc=76.57% val_f1=0.7253 val_agree=76.57% | test_acc=73.31% test_agree=64.61%
Epoch 005 | train=1.1300 (ce=0.7590, kd=0.4117, feat=0.0744) | val_acc=81.14% val_f1=0.7610 val_agree=81.14% | test_acc=74.44% test_agree=66.29%
Epoch 006 | train=0.9870 (ce=0.7011, kd=0.3388, feat=0.0727) | val_acc=83.43% val_f1=0.7760 val_agree=83.43% | test_acc=74.72% test_agree=70.51%
Epoch 007 | train=0.8410 (ce=0.6462, kd=0.2630, feat=0.0682) | val_acc=84.57% val_f1=0.7900 val_agree=84.57% | test_acc=77.53% test_agree=75.00%
Epoch 008 | train=0.7225 (ce=0.5849, kd=0.2088, feat=0.0691) | val_acc=85.71% val_f1=0.7998 val_agree=84.57% | test_acc=79.21% test_agree=76.69%
Epoch 009 | train=0.6111 (ce=0.5644, kd=0.1409, feat=0.0627) | val_acc=88.57% val_f1=0.8381 val_agree=86.29% | test_acc=80.34% test_agree=77.81%
Epoch 010 | train=0.5296 (ce=0.5113, kd=0.1094, feat=0.0621) | val_acc=90.86% val_f1=0.8739 val_agree=88.57% | test_acc=80.06% test_agree=78.65%
Epoch 011 | train=0.4658 (ce=0.4522, kd=0.0926, feat=0.0653) | val_acc=93.14% val_f1=0.9083 val_agree=90.86% | test_acc=82.58% test_agree=81.74%
Epoch 012 | train=0.4363 (ce=0.4478, kd=0.0747, feat=0.0608) | val_acc=94.86% val_f1=0.9334 val_agree=92.57% | test_acc=82.30% test_agree=83.15%
Epoch 013 | train=0.4051 (ce=0.4290, kd=0.0627, feat=0.0565) | val_acc=93.14% val_f1=0.9152 val_agree=94.29% | test_acc=83.99% test_agree=84.83%
Epoch 014 | train=0.3734 (ce=0.3829, kd=0.0630, feat=0.0574) | val_acc=93.14% val_f1=0.9152 val_agree=94.29% | test_acc=82.87% test_agree=87.08%
Epoch 015 | train=0.3574 (ce=0.3666, kd=0.0591, feat=0.0602) | val_acc=94.86% val_f1=0.9376 val_agree=96.00% | test_acc=83.43% test_agree=89.33%
Epoch 016 | train=0.3497 (ce=0.3525, kd=0.0606, feat=0.0601) | val_acc=95.43% val_f1=0.9457 val_agree=96.57% | test_acc=84.83% test_agree=90.73%
Epoch 017 | train=0.3446 (ce=0.3537, kd=0.0574, feat=0.0559) | val_acc=96.57% val_f1=0.9619 val_agree=97.71% | test_acc=84.83% test_agree=92.42%
Epoch 018 | train=0.3238 (ce=0.3367, kd=0.0508, feat=0.0566) | val_acc=96.00% val_f1=0.9566 val_agree=97.14% | test_acc=86.80% test_agree=93.82%
Epoch 019 | train=0.3066 (ce=0.3065, kd=0.0531, feat=0.0589) | val_acc=96.00% val_f1=0.9566 val_agree=97.14% | test_acc=86.80% test_agree=94.38%
Epoch 020 | train=0.3092 (ce=0.3129, kd=0.0521, feat=0.0575) | val_acc=96.00% val_f1=0.9566 val_agree=97.14% | test_acc=88.20% test_agree=94.66%
Epoch 021 | train=0.2968 (ce=0.3040, kd=0.0478, feat=0.0571) | val_acc=95.43% val_f1=0.9514 val_agree=96.57% | test_acc=89.33% test_agree=95.22%
Epoch 022 | train=0.3013 (ce=0.3125, kd=0.0467, feat=0.0572) | val_acc=95.43% val_f1=0.9514 val_agree=96.57% | test_acc=88.20% test_agree=94.66%
Epoch 023 | train=0.2959 (ce=0.2904, kd=0.0533, feat=0.0598) | val_acc=95.43% val_f1=0.9514 val_agree=96.57% | test_acc=89.04% test_agree=95.51%
Epoch 024 | train=0.2956 (ce=0.2949, kd=0.0513, feat=0.0578) | val_acc=95.43% val_f1=0.9514 val_agree=96.57% | test_acc=89.61% test_agree=96.07%
Epoch 025 | train=0.2907 (ce=0.2937, kd=0.0489, feat=0.0556) | val_acc=95.43% val_f1=0.9514 val_agree=96.57% | test_acc=88.76% test_agree=96.35%
Epoch 026 | train=0.2867 (ce=0.2898, kd=0.0472, feat=0.0590) | val_acc=95.43% val_f1=0.9514 val_agree=96.57% | test_acc=88.76% test_agree=96.35%
Epoch 027 | train=0.2814 (ce=0.2805, kd=0.0483, feat=0.0579) | val_acc=95.43% val_f1=0.9514 val_agree=96.57% | test_acc=88.76% test_agree=96.35%
Epoch 028 | train=0.2858 (ce=0.2854, kd=0.0489, feat=0.0586) | val_acc=95.43% val_f1=0.9514 val_agree=96.57% | test_acc=89.33% test_agree=96.35%
Epoch 029 | train=0.2776 (ce=0.2740, kd=0.0489, feat=0.0579) | val_acc=96.00% val_f1=0.9566 val_agree=97.14% | test_acc=89.61% test_agree=96.63%
Epoch 030 | train=0.2678 (ce=0.2604, kd=0.0483, feat=0.0596) | val_acc=96.00% val_f1=0.9566 val_agree=97.14% | test_acc=89.61% test_agree=96.63%
Epoch 031 | train=0.2804 (ce=0.2817, kd=0.0468, feat=0.0589) | val_acc=96.00% val_f1=0.9566 val_agree=97.14% | test_acc=89.61% test_agree=96.63%
Epoch 032 | train=0.2782 (ce=0.2844, kd=0.0448, feat=0.0546) | val_acc=96.00% val_f1=0.9566 val_agree=97.14% | test_acc=89.61% test_agree=96.63%
Epoch 033 | train=0.2801 (ce=0.2859, kd=0.0449, feat=0.0571) | val_acc=96.00% val_f1=0.9566 val_agree=97.14% | test_acc=89.04% test_agree=96.07%
Epoch 034 | train=0.2771 (ce=0.2790, kd=0.0466, feat=0.0552) | val_acc=94.86% val_f1=0.9462 val_agree=97.14% | test_acc=89.04% test_agree=96.07%
Epoch 035 | train=0.2557 (ce=0.2469, kd=0.0465, feat=0.0589) | val_acc=94.86% val_f1=0.9462 val_agree=97.14% | test_acc=89.04% test_agree=96.07%
Epoch 036 | train=0.2753 (ce=0.2749, kd=0.0469, feat=0.0576) | val_acc=95.43% val_f1=0.9514 val_agree=97.71% | test_acc=89.04% test_agree=96.07%
Epoch 037 | train=0.2628 (ce=0.2558, kd=0.0473, feat=0.0583) | val_acc=96.00% val_f1=0.9590 val_agree=97.14% | test_acc=89.33% test_agree=96.35%
Epoch 038 | train=0.2667 (ce=0.2648, kd=0.0459, feat=0.0569) | val_acc=96.57% val_f1=0.9644 val_agree=96.57% | test_acc=89.61% test_agree=96.63%
Epoch 039 | train=0.2654 (ce=0.2611, kd=0.0467, feat=0.0574) | val_acc=97.14% val_f1=0.9697 val_agree=97.14% | test_acc=89.61% test_agree=96.63%
Epoch 040 | train=0.2643 (ce=0.2660, kd=0.0439, feat=0.0556) | val_acc=97.14% val_f1=0.9697 val_agree=97.14% | test_acc=89.33% test_agree=96.35%
Early stopping at epoch 40 (best=24, score=0.896067)
================================================================================
Best epoch: 24
Best score (test_acc): 0.896067
Final test accuracy: 89.61%
Final test teacher agreement: 96.07%
Saved to: ablation_experiments/h1/results/run_20260327_131013/ablation2_teacher_student_lstm/students/ablation2_h1_scan90_run_20260327_131013/stage1/s1_l4_o2_c0/ablation2_distill_lstm_weld_seam_windows_ws5_tf75_pg0_h1_ep80_lr0.0002_bs128_T3.5_lce0.7_lkd1.4_lf0.3_seed14
================================================================================
Ablation-2 | Distill 13D LSTM student for future-step prediction
================================================================================
Dataset: Data/processed_data/weld_seam_windows_ws5_tf75_pg0_h1.npz
Teacher ckpt: /home/huang_kai/wind_turbine_phm/PHOENIX-main/autoencoder_benchmark/ablation_experiments/h1/results/comparison_18d_baselines/lstm/lstm_weld_seam_windows_ws5_tf75_pg0_h1_h64_l2_bi_do0.3_ep80_lr0.0001_wd1e-05_bs128_seed42/best_model.pth
Teacher run args: /home/huang_kai/wind_turbine_phm/PHOENIX-main/autoencoder_benchmark/ablation_experiments/h1/results/comparison_18d_baselines/lstm/lstm_weld_seam_windows_ws5_tf75_pg0_h1_h64_l2_bi_do0.3_ep80_lr0.0001_wd1e-05_bs128_seed42/run_args.json
Device: cuda
Train/Val/Test: 990 / 175 / 356
Input full/subset dims: 18 / 13
Dropped feature indices: [3, 4, 5, 6, 7]
Temperature: 3.5
Loss weights (ce/kd/feat): 0.7 / 1.4 / 0.3
Teacher init summary: {'init_mode': 'strict', 'loaded_keys': 20, 'skipped_keys': [], 'missing_model_keys': []}
Student init summary: {'init_mode': 'shape_safe', 'loaded_keys': 18, 'skipped_keys': ['lstm.weight_ih_l0', 'lstm.weight_ih_l0_reverse'], 'missing_model_keys': ['lstm.weight_ih_l0', 'lstm.weight_ih_l0_reverse']}
Epoch 001 | train=2.4450 (ce=1.2087, kd=1.1252, feat=0.0789) | val_acc=25.14% val_f1=0.1443 val_agree=27.43% | test_acc=34.27% test_agree=36.80%
Epoch 002 | train=1.9894 (ce=1.0329, kd=0.8895, feat=0.0704) | val_acc=30.29% val_f1=0.2432 val_agree=32.57% | test_acc=48.31% test_agree=50.84%
Epoch 003 | train=1.5077 (ce=0.8652, kd=0.6321, feat=0.0569) | val_acc=50.86% val_f1=0.5528 val_agree=53.14% | test_acc=60.11% test_agree=62.64%
Epoch 004 | train=1.2059 (ce=0.7258, kd=0.4871, feat=0.0529) | val_acc=70.86% val_f1=0.7321 val_agree=70.86% | test_acc=78.93% test_agree=75.84%
Epoch 005 | train=0.8453 (ce=0.6317, kd=0.2793, feat=0.0402) | val_acc=80.00% val_f1=0.7529 val_agree=80.00% | test_acc=80.62% test_agree=76.97%
Epoch 006 | train=0.6422 (ce=0.5914, kd=0.1570, feat=0.0281) | val_acc=84.00% val_f1=0.7861 val_agree=84.00% | test_acc=82.58% test_agree=80.06%
Epoch 007 | train=0.5424 (ce=0.5528, kd=0.1067, feat=0.0203) | val_acc=90.29% val_f1=0.8699 val_agree=88.00% | test_acc=81.18% test_agree=80.34%
Epoch 008 | train=0.4152 (ce=0.4331, kd=0.0752, feat=0.0226) | val_acc=92.57% val_f1=0.9076 val_agree=92.57% | test_acc=79.78% test_agree=83.99%
Epoch 009 | train=0.3939 (ce=0.4166, kd=0.0689, feat=0.0192) | val_acc=94.86% val_f1=0.9390 val_agree=94.86% | test_acc=77.81% test_agree=83.71%
Epoch 010 | train=0.3684 (ce=0.3999, kd=0.0597, feat=0.0164) | val_acc=96.00% val_f1=0.9556 val_agree=96.00% | test_acc=75.56% test_agree=84.27%
Epoch 011 | train=0.3422 (ce=0.3658, kd=0.0584, feat=0.0149) | val_acc=96.57% val_f1=0.9610 val_agree=96.57% | test_acc=77.81% test_agree=86.52%
Epoch 012 | train=0.3458 (ce=0.3693, kd=0.0594, feat=0.0142) | val_acc=97.14% val_f1=0.9669 val_agree=97.14% | test_acc=81.46% test_agree=90.73%
Epoch 013 | train=0.3136 (ce=0.3274, kd=0.0571, feat=0.0153) | val_acc=96.57% val_f1=0.9615 val_agree=97.71% | test_acc=82.87% test_agree=92.13%
Epoch 014 | train=0.3167 (ce=0.3289, kd=0.0588, feat=0.0142) | val_acc=96.57% val_f1=0.9615 val_agree=97.71% | test_acc=84.83% test_agree=94.10%
Epoch 015 | train=0.2950 (ce=0.3097, kd=0.0528, feat=0.0143) | val_acc=96.57% val_f1=0.9615 val_agree=97.71% | test_acc=85.39% test_agree=94.66%
Epoch 016 | train=0.2910 (ce=0.3011, kd=0.0541, feat=0.0152) | val_acc=97.14% val_f1=0.9673 val_agree=98.29% | test_acc=86.24% test_agree=95.51%
Epoch 017 | train=0.2894 (ce=0.2953, kd=0.0561, feat=0.0138) | val_acc=96.57% val_f1=0.9619 val_agree=97.71% | test_acc=86.52% test_agree=95.22%
Epoch 018 | train=0.2899 (ce=0.3000, kd=0.0542, feat=0.0131) | val_acc=96.57% val_f1=0.9619 val_agree=97.71% | test_acc=86.80% test_agree=95.51%
Epoch 019 | train=0.2863 (ce=0.2940, kd=0.0547, feat=0.0128) | val_acc=97.14% val_f1=0.9673 val_agree=98.29% | test_acc=86.80% test_agree=95.51%
Epoch 020 | train=0.2832 (ce=0.2864, kd=0.0563, feat=0.0129) | val_acc=96.57% val_f1=0.9619 val_agree=97.71% | test_acc=87.92% test_agree=96.63%
Epoch 021 | train=0.2872 (ce=0.2911, kd=0.0569, feat=0.0126) | val_acc=96.57% val_f1=0.9619 val_agree=97.71% | test_acc=87.92% test_agree=96.63%
Epoch 022 | train=0.2848 (ce=0.2870, kd=0.0572, feat=0.0125) | val_acc=96.00% val_f1=0.9566 val_agree=98.29% | test_acc=88.48% test_agree=97.19%
Epoch 023 | train=0.2826 (ce=0.2896, kd=0.0545, feat=0.0123) | val_acc=95.43% val_f1=0.9514 val_agree=97.71% | test_acc=89.04% test_agree=96.63%
Epoch 024 | train=0.2780 (ce=0.2845, kd=0.0536, feat=0.0125) | val_acc=96.00% val_f1=0.9566 val_agree=98.29% | test_acc=89.33% test_agree=96.91%
Epoch 025 | train=0.2729 (ce=0.2787, kd=0.0531, feat=0.0115) | val_acc=96.00% val_f1=0.9566 val_agree=98.29% | test_acc=89.33% test_agree=96.91%
Epoch 026 | train=0.2687 (ce=0.2650, kd=0.0568, feat=0.0123) | val_acc=96.57% val_f1=0.9619 val_agree=97.71% | test_acc=89.04% test_agree=96.63%
Epoch 027 | train=0.2582 (ce=0.2616, kd=0.0511, feat=0.0117) | val_acc=96.57% val_f1=0.9619 val_agree=97.71% | test_acc=89.33% test_agree=97.47%
Epoch 028 | train=0.2547 (ce=0.2584, kd=0.0502, feat=0.0119) | val_acc=96.57% val_f1=0.9619 val_agree=97.71% | test_acc=88.76% test_agree=96.91%
Epoch 029 | train=0.2694 (ce=0.2689, kd=0.0555, feat=0.0116) | val_acc=96.00% val_f1=0.9566 val_agree=98.29% | test_acc=89.33% test_agree=96.91%
Epoch 030 | train=0.2621 (ce=0.2590, kd=0.0552, feat=0.0118) | val_acc=95.43% val_f1=0.9514 val_agree=97.71% | test_acc=89.33% test_agree=96.91%
Epoch 031 | train=0.2641 (ce=0.2625, kd=0.0549, feat=0.0118) | val_acc=96.00% val_f1=0.9566 val_agree=98.29% | test_acc=89.04% test_agree=96.63%
Epoch 032 | train=0.2685 (ce=0.2699, kd=0.0545, feat=0.0110) | val_acc=97.14% val_f1=0.9673 val_agree=98.29% | test_acc=88.20% test_agree=95.79%
Epoch 033 | train=0.2678 (ce=0.2645, kd=0.0566, feat=0.0115) | val_acc=97.14% val_f1=0.9673 val_agree=98.29% | test_acc=89.04% test_agree=96.63%
Epoch 034 | train=0.2647 (ce=0.2690, kd=0.0523, feat=0.0105) | val_acc=97.14% val_f1=0.9673 val_agree=98.29% | test_acc=89.33% test_agree=96.91%
Epoch 035 | train=0.2544 (ce=0.2506, kd=0.0539, feat=0.0113) | val_acc=97.14% val_f1=0.9673 val_agree=98.29% | test_acc=89.04% test_agree=96.63%
Epoch 036 | train=0.2646 (ce=0.2647, kd=0.0544, feat=0.0108) | val_acc=96.57% val_f1=0.9619 val_agree=98.86% | test_acc=89.04% test_agree=96.63%
Epoch 037 | train=0.2579 (ce=0.2559, kd=0.0540, feat=0.0108) | val_acc=96.00% val_f1=0.9566 val_agree=98.29% | test_acc=89.33% test_agree=96.91%
Epoch 038 | train=0.2582 (ce=0.2609, kd=0.0518, feat=0.0103) | val_acc=96.57% val_f1=0.9619 val_agree=98.86% | test_acc=89.33% test_agree=96.91%
Epoch 039 | train=0.2698 (ce=0.2679, kd=0.0567, feat=0.0099) | val_acc=97.71% val_f1=0.9752 val_agree=97.71% | test_acc=89.89% test_agree=97.47%
Epoch 040 | train=0.2673 (ce=0.2722, kd=0.0527, feat=0.0100) | val_acc=98.29% val_f1=0.9807 val_agree=98.29% | test_acc=89.33% test_agree=96.91%
Epoch 041 | train=0.2599 (ce=0.2577, kd=0.0545, feat=0.0108) | val_acc=98.29% val_f1=0.9807 val_agree=98.29% | test_acc=89.33% test_agree=96.91%
Epoch 042 | train=0.2642 (ce=0.2706, kd=0.0512, feat=0.0105) | val_acc=98.29% val_f1=0.9807 val_agree=98.29% | test_acc=89.61% test_agree=97.19%
Epoch 043 | train=0.2637 (ce=0.2641, kd=0.0541, feat=0.0102) | val_acc=98.29% val_f1=0.9807 val_agree=98.29% | test_acc=89.04% test_agree=96.63%
Epoch 044 | train=0.2571 (ce=0.2635, kd=0.0497, feat=0.0100) | val_acc=98.29% val_f1=0.9807 val_agree=98.29% | test_acc=89.33% test_agree=96.91%
Epoch 045 | train=0.2534 (ce=0.2487, kd=0.0545, feat=0.0101) | val_acc=98.29% val_f1=0.9807 val_agree=98.29% | test_acc=89.04% test_agree=96.63%
Epoch 046 | train=0.2579 (ce=0.2606, kd=0.0517, feat=0.0101) | val_acc=98.29% val_f1=0.9807 val_agree=98.29% | test_acc=89.04% test_agree=96.63%
Epoch 047 | train=0.2491 (ce=0.2469, kd=0.0523, feat=0.0103) | val_acc=98.29% val_f1=0.9807 val_agree=98.29% | test_acc=89.61% test_agree=97.19%
Epoch 048 | train=0.2506 (ce=0.2474, kd=0.0531, feat=0.0104) | val_acc=97.71% val_f1=0.9752 val_agree=97.71% | test_acc=89.61% test_agree=97.19%
Epoch 049 | train=0.2474 (ce=0.2493, kd=0.0499, feat=0.0103) | val_acc=97.71% val_f1=0.9752 val_agree=97.71% | test_acc=89.04% test_agree=96.63%
Epoch 050 | train=0.2509 (ce=0.2542, kd=0.0500, feat=0.0101) | val_acc=97.71% val_f1=0.9752 val_agree=97.71% | test_acc=89.04% test_agree=96.63%
Epoch 051 | train=0.2560 (ce=0.2605, kd=0.0506, feat=0.0096) | val_acc=97.71% val_f1=0.9752 val_agree=97.71% | test_acc=90.17% test_agree=97.75%
Epoch 052 | train=0.2524 (ce=0.2516, kd=0.0524, feat=0.0099) | val_acc=97.71% val_f1=0.9752 val_agree=97.71% | test_acc=90.17% test_agree=97.75%
Epoch 053 | train=0.2503 (ce=0.2519, kd=0.0508, feat=0.0096) | val_acc=97.71% val_f1=0.9752 val_agree=97.71% | test_acc=89.04% test_agree=96.63%
Epoch 054 | train=0.2610 (ce=0.2661, kd=0.0514, feat=0.0097) | val_acc=97.71% val_f1=0.9752 val_agree=97.71% | test_acc=89.04% test_agree=96.63%
Epoch 055 | train=0.2471 (ce=0.2489, kd=0.0499, feat=0.0099) | val_acc=97.71% val_f1=0.9752 val_agree=97.71% | test_acc=89.04% test_agree=96.63%
Epoch 056 | train=0.2475 (ce=0.2520, kd=0.0488, feat=0.0094) | val_acc=97.71% val_f1=0.9752 val_agree=97.71% | test_acc=89.04% test_agree=96.63%
Epoch 057 | train=0.2491 (ce=0.2545, kd=0.0487, feat=0.0093) | val_acc=97.71% val_f1=0.9752 val_agree=97.71% | test_acc=89.04% test_agree=96.63%
Epoch 058 | train=0.2519 (ce=0.2507, kd=0.0525, feat=0.0095) | val_acc=97.71% val_f1=0.9752 val_agree=97.71% | test_acc=89.04% test_agree=96.63%
Epoch 059 | train=0.2539 (ce=0.2550, kd=0.0518, feat=0.0097) | val_acc=97.71% val_f1=0.9752 val_agree=97.71% | test_acc=89.04% test_agree=96.63%
Epoch 060 | train=0.2535 (ce=0.2496, kd=0.0542, feat=0.0096) | val_acc=97.71% val_f1=0.9752 val_agree=97.71% | test_acc=89.04% test_agree=96.63%
Epoch 061 | train=0.2540 (ce=0.2574, kd=0.0507, feat=0.0096) | val_acc=97.71% val_f1=0.9752 val_agree=97.71% | test_acc=89.04% test_agree=96.63%
Epoch 062 | train=0.2532 (ce=0.2539, kd=0.0518, feat=0.0097) | val_acc=97.71% val_f1=0.9752 val_agree=97.71% | test_acc=89.04% test_agree=96.63%
Epoch 063 | train=0.2550 (ce=0.2624, kd=0.0489, feat=0.0093) | val_acc=97.71% val_f1=0.9752 val_agree=97.71% | test_acc=89.33% test_agree=96.91%
Epoch 064 | train=0.2504 (ce=0.2528, kd=0.0506, feat=0.0090) | val_acc=97.71% val_f1=0.9752 val_agree=97.71% | test_acc=89.33% test_agree=96.91%
Epoch 065 | train=0.2591 (ce=0.2621, kd=0.0520, feat=0.0090) | val_acc=97.71% val_f1=0.9752 val_agree=97.71% | test_acc=89.04% test_agree=96.63%
Epoch 066 | train=0.2584 (ce=0.2591, kd=0.0531, feat=0.0090) | val_acc=97.71% val_f1=0.9752 val_agree=97.71% | test_acc=89.04% test_agree=96.63%
Epoch 067 | train=0.2509 (ce=0.2457, kd=0.0543, feat=0.0093) | val_acc=97.71% val_f1=0.9752 val_agree=97.71% | test_acc=89.04% test_agree=96.63%
Early stopping at epoch 67 (best=51, score=0.901685)
================================================================================
Best epoch: 51
Best score (test_acc): 0.901685
Final test accuracy: 90.17%
Final test teacher agreement: 97.75%
Saved to: ablation_experiments/h1/results/run_20260327_131013/ablation2_teacher_student_lstm/students/ablation2_h1_scan90_run_20260327_131013/stage1/s1_l4_o2_c1/ablation2_distill_lstm_weld_seam_windows_ws5_tf75_pg0_h1_ep80_lr0.0002_bs128_T3.5_lce0.7_lkd1.4_lf0.3_seed14
================================================================================
Ablation-2 | Distill 13D LSTM student for future-step prediction
================================================================================
Dataset: Data/processed_data/weld_seam_windows_ws5_tf75_pg0_h1.npz
Teacher ckpt: /home/huang_kai/wind_turbine_phm/PHOENIX-main/autoencoder_benchmark/ablation_experiments/h1/results/comparison_18d_baselines/lstm/lstm_weld_seam_windows_ws5_tf75_pg0_h1_h64_l2_bi_do0.3_ep80_lr0.0001_wd1e-05_bs128_seed42/best_model.pth
Teacher run args: /home/huang_kai/wind_turbine_phm/PHOENIX-main/autoencoder_benchmark/ablation_experiments/h1/results/comparison_18d_baselines/lstm/lstm_weld_seam_windows_ws5_tf75_pg0_h1_h64_l2_bi_do0.3_ep80_lr0.0001_wd1e-05_bs128_seed42/run_args.json
Device: cuda
Train/Val/Test: 990 / 175 / 356
Input full/subset dims: 18 / 13
Dropped feature indices: [3, 4, 5, 6, 7]
Temperature: 3.5
Loss weights (ce/kd/feat): 0.7 / 1.4 / 0.3
Teacher init summary: {'init_mode': 'strict', 'loaded_keys': 20, 'skipped_keys': [], 'missing_model_keys': []}
Student init summary: {'init_mode': 'shape_safe', 'loaded_keys': 10, 'skipped_keys': ['lstm.bias_hh_l1', 'lstm.bias_hh_l1_reverse', 'lstm.bias_ih_l1', 'lstm.bias_ih_l1_reverse', 'lstm.weight_hh_l1', 'lstm.weight_hh_l1_reverse', 'lstm.weight_ih_l0', 'lstm.weight_ih_l0_reverse', 'lstm.weight_ih_l1', 'lstm.weight_ih_l1_reverse'], 'missing_model_keys': ['lstm.weight_ih_l0', 'lstm.weight_ih_l0_reverse']}
Epoch 001 | train=1.5755 (ce=0.9952, kd=0.6131, feat=0.0686) | val_acc=60.00% val_f1=0.6090 val_agree=60.00% | test_acc=71.91% test_agree=62.64%
Epoch 002 | train=1.3437 (ce=0.8986, kd=0.4966, feat=0.0648) | val_acc=82.86% val_f1=0.7749 val_agree=82.86% | test_acc=73.88% test_agree=66.29%
Epoch 003 | train=1.1336 (ce=0.8060, kd=0.3935, feat=0.0618) | val_acc=86.29% val_f1=0.8003 val_agree=84.00% | test_acc=74.16% test_agree=71.63%
Epoch 004 | train=0.9382 (ce=0.7205, kd=0.2972, feat=0.0590) | val_acc=85.14% val_f1=0.7820 val_agree=82.86% | test_acc=78.93% test_agree=76.40%
Epoch 005 | train=0.7656 (ce=0.6359, kd=0.2169, feat=0.0560) | val_acc=85.14% val_f1=0.7820 val_agree=82.86% | test_acc=82.30% test_agree=79.78%
Epoch 006 | train=0.6326 (ce=0.5678, kd=0.1565, feat=0.0538) | val_acc=85.71% val_f1=0.7921 val_agree=83.43% | test_acc=83.15% test_agree=80.62%
Epoch 007 | train=0.5355 (ce=0.5210, kd=0.1111, feat=0.0512) | val_acc=88.00% val_f1=0.8299 val_agree=85.71% | test_acc=82.87% test_agree=81.46%
Epoch 008 | train=0.4583 (ce=0.4728, kd=0.0804, feat=0.0491) | val_acc=91.43% val_f1=0.8840 val_agree=89.14% | test_acc=83.15% test_agree=82.30%
Epoch 009 | train=0.4056 (ce=0.4300, kd=0.0646, feat=0.0476) | val_acc=93.71% val_f1=0.9176 val_agree=93.71% | test_acc=85.39% test_agree=86.80%
Epoch 010 | train=0.3779 (ce=0.4035, kd=0.0583, feat=0.0462) | val_acc=94.29% val_f1=0.9258 val_agree=94.29% | test_acc=85.11% test_agree=91.01%
Epoch 011 | train=0.3547 (ce=0.3808, kd=0.0532, feat=0.0456) | val_acc=95.43% val_f1=0.9423 val_agree=95.43% | test_acc=87.36% test_agree=93.26%
Epoch 012 | train=0.3347 (ce=0.3587, kd=0.0501, feat=0.0453) | val_acc=97.14% val_f1=0.9673 val_agree=98.29% | test_acc=87.64% test_agree=95.22%
Epoch 013 | train=0.3227 (ce=0.3454, kd=0.0481, feat=0.0452) | val_acc=97.14% val_f1=0.9673 val_agree=98.29% | test_acc=87.36% test_agree=95.51%
Epoch 014 | train=0.3096 (ce=0.3264, kd=0.0482, feat=0.0453) | val_acc=97.14% val_f1=0.9673 val_agree=98.29% | test_acc=87.08% test_agree=96.35%
Epoch 015 | train=0.3107 (ce=0.3269, kd=0.0487, feat=0.0455) | val_acc=97.14% val_f1=0.9673 val_agree=98.29% | test_acc=88.20% test_agree=96.35%
Epoch 016 | train=0.3019 (ce=0.3281, kd=0.0419, feat=0.0454) | val_acc=97.14% val_f1=0.9673 val_agree=98.29% | test_acc=88.20% test_agree=96.91%
Epoch 017 | train=0.2946 (ce=0.3174, kd=0.0420, feat=0.0455) | val_acc=97.14% val_f1=0.9673 val_agree=98.29% | test_acc=87.92% test_agree=97.19%
Epoch 018 | train=0.2894 (ce=0.3096, kd=0.0422, feat=0.0455) | val_acc=97.14% val_f1=0.9673 val_agree=98.29% | test_acc=88.76% test_agree=97.47%
Epoch 019 | train=0.2836 (ce=0.3041, kd=0.0408, feat=0.0453) | val_acc=97.14% val_f1=0.9673 val_agree=98.29% | test_acc=88.20% test_agree=96.91%
Epoch 020 | train=0.2798 (ce=0.2974, kd=0.0414, feat=0.0454) | val_acc=97.14% val_f1=0.9673 val_agree=98.29% | test_acc=88.48% test_agree=97.19%
Epoch 021 | train=0.2830 (ce=0.2997, kd=0.0427, feat=0.0452) | val_acc=97.14% val_f1=0.9673 val_agree=98.29% | test_acc=88.48% test_agree=97.19%
Epoch 022 | train=0.2737 (ce=0.2942, kd=0.0387, feat=0.0451) | val_acc=97.14% val_f1=0.9673 val_agree=98.29% | test_acc=88.48% test_agree=97.19%
Epoch 023 | train=0.2791 (ce=0.2910, kd=0.0443, feat=0.0450) | val_acc=97.71% val_f1=0.9727 val_agree=98.86% | test_acc=88.48% test_agree=97.19%
Epoch 024 | train=0.2783 (ce=0.2874, kd=0.0455, feat=0.0446) | val_acc=98.86% val_f1=0.9862 val_agree=98.86% | test_acc=89.04% test_agree=97.75%
Epoch 025 | train=0.2778 (ce=0.2868, kd=0.0454, feat=0.0449) | val_acc=98.29% val_f1=0.9782 val_agree=99.43% | test_acc=88.48% test_agree=97.19%
Epoch 026 | train=0.2758 (ce=0.2901, kd=0.0424, feat=0.0447) | val_acc=98.86% val_f1=0.9862 val_agree=98.86% | test_acc=89.33% test_agree=98.03%
Epoch 027 | train=0.2709 (ce=0.2841, kd=0.0419, feat=0.0447) | val_acc=98.86% val_f1=0.9862 val_agree=98.86% | test_acc=89.61% test_agree=97.75%
Epoch 028 | train=0.2707 (ce=0.2845, kd=0.0416, feat=0.0443) | val_acc=98.86% val_f1=0.9862 val_agree=98.86% | test_acc=89.33% test_agree=98.03%
Epoch 029 | train=0.2729 (ce=0.2840, kd=0.0434, feat=0.0442) | val_acc=98.86% val_f1=0.9862 val_agree=98.86% | test_acc=89.33% test_agree=98.03%
Epoch 030 | train=0.2669 (ce=0.2784, kd=0.0419, feat=0.0442) | val_acc=98.86% val_f1=0.9862 val_agree=98.86% | test_acc=88.48% test_agree=97.19%
Epoch 031 | train=0.2675 (ce=0.2769, kd=0.0431, feat=0.0442) | val_acc=98.86% val_f1=0.9862 val_agree=98.86% | test_acc=89.33% test_agree=98.03%
Epoch 032 | train=0.2653 (ce=0.2740, kd=0.0431, feat=0.0438) | val_acc=98.86% val_f1=0.9862 val_agree=98.86% | test_acc=89.61% test_agree=98.31%
Epoch 033 | train=0.2713 (ce=0.2801, kd=0.0443, feat=0.0439) | val_acc=98.86% val_f1=0.9862 val_agree=98.86% | test_acc=89.61% test_agree=98.31%
Epoch 034 | train=0.2623 (ce=0.2756, kd=0.0402, feat=0.0439) | val_acc=98.86% val_f1=0.9862 val_agree=98.86% | test_acc=89.04% test_agree=97.75%
Epoch 035 | train=0.2672 (ce=0.2755, kd=0.0437, feat=0.0439) | val_acc=98.86% val_f1=0.9862 val_agree=98.86% | test_acc=89.04% test_agree=97.75%
Epoch 036 | train=0.2640 (ce=0.2746, kd=0.0419, feat=0.0439) | val_acc=98.86% val_f1=0.9862 val_agree=98.86% | test_acc=89.33% test_agree=98.03%
Epoch 037 | train=0.2647 (ce=0.2727, kd=0.0433, feat=0.0437) | val_acc=98.86% val_f1=0.9862 val_agree=98.86% | test_acc=89.33% test_agree=98.03%
Epoch 038 | train=0.2599 (ce=0.2675, kd=0.0426, feat=0.0435) | val_acc=98.86% val_f1=0.9862 val_agree=98.86% | test_acc=89.33% test_agree=98.03%
Epoch 039 | train=0.2613 (ce=0.2740, kd=0.0404, feat=0.0431) | val_acc=98.86% val_f1=0.9862 val_agree=98.86% | test_acc=89.04% test_agree=97.75%
Epoch 040 | train=0.2590 (ce=0.2699, kd=0.0408, feat=0.0432) | val_acc=98.86% val_f1=0.9862 val_agree=98.86% | test_acc=89.04% test_agree=97.75%
Epoch 041 | train=0.2586 (ce=0.2653, kd=0.0428, feat=0.0432) | val_acc=98.86% val_f1=0.9862 val_agree=98.86% | test_acc=89.04% test_agree=97.75%
Epoch 042 | train=0.2611 (ce=0.2714, kd=0.0416, feat=0.0428) | val_acc=98.86% val_f1=0.9862 val_agree=98.86% | test_acc=89.04% test_agree=97.75%
Epoch 043 | train=0.2604 (ce=0.2700, kd=0.0418, feat=0.0430) | val_acc=98.86% val_f1=0.9862 val_agree=98.86% | test_acc=89.04% test_agree=97.75%
Early stopping at epoch 43 (best=27, score=0.896067)
================================================================================
Best epoch: 27
Best score (test_acc): 0.896067
Final test accuracy: 89.61%
Final test teacher agreement: 97.75%
Saved to: ablation_experiments/h1/results/run_20260327_131013/ablation2_teacher_student_lstm/students/ablation2_h1_scan90_run_20260327_131013/stage1/s1_l4_o3_c0/ablation2_distill_lstm_weld_seam_windows_ws5_tf75_pg0_h1_ep80_lr0.0003_bs128_T3.5_lce0.7_lkd1.4_lf0.3_seed14
================================================================================
Ablation-2 | Distill 13D LSTM student for future-step prediction
================================================================================
Dataset: Data/processed_data/weld_seam_windows_ws5_tf75_pg0_h1.npz
Teacher ckpt: /home/huang_kai/wind_turbine_phm/PHOENIX-main/autoencoder_benchmark/ablation_experiments/h1/results/comparison_18d_baselines/lstm/lstm_weld_seam_windows_ws5_tf75_pg0_h1_h64_l2_bi_do0.3_ep80_lr0.0001_wd1e-05_bs128_seed42/best_model.pth
Teacher run args: /home/huang_kai/wind_turbine_phm/PHOENIX-main/autoencoder_benchmark/ablation_experiments/h1/results/comparison_18d_baselines/lstm/lstm_weld_seam_windows_ws5_tf75_pg0_h1_h64_l2_bi_do0.3_ep80_lr0.0001_wd1e-05_bs128_seed42/run_args.json
Device: cuda
Train/Val/Test: 990 / 175 / 356
Input full/subset dims: 18 / 13
Dropped feature indices: [3, 4, 5, 6, 7]
Temperature: 3.5
Loss weights (ce/kd/feat): 0.7 / 1.4 / 0.3
Teacher init summary: {'init_mode': 'strict', 'loaded_keys': 20, 'skipped_keys': [], 'missing_model_keys': []}
Student init summary: {'init_mode': 'shape_safe', 'loaded_keys': 18, 'skipped_keys': ['lstm.weight_ih_l0', 'lstm.weight_ih_l0_reverse'], 'missing_model_keys': ['lstm.weight_ih_l0', 'lstm.weight_ih_l0_reverse']}
Epoch 001 | train=1.8897 (ce=1.1196, kd=0.7782, feat=0.0551) | val_acc=52.57% val_f1=0.3977 val_agree=54.86% | test_acc=53.09% test_agree=62.36%
Epoch 002 | train=1.4233 (ce=0.9104, kd=0.5514, feat=0.0469) | val_acc=86.29% val_f1=0.8176 val_agree=86.29% | test_acc=59.83% test_agree=69.10%
Epoch 003 | train=0.9896 (ce=0.7166, kd=0.3406, feat=0.0371) | val_acc=90.86% val_f1=0.8799 val_agree=88.57% | test_acc=81.74% test_agree=82.58%
Epoch 004 | train=0.6521 (ce=0.5922, kd=0.1642, feat=0.0257) | val_acc=84.57% val_f1=0.7686 val_agree=82.29% | test_acc=83.15% test_agree=80.62%
Epoch 005 | train=0.5299 (ce=0.5432, kd=0.1033, feat=0.0167) | val_acc=85.14% val_f1=0.7756 val_agree=82.86% | test_acc=82.30% test_agree=80.34%
Epoch 006 | train=0.4307 (ce=0.4548, kd=0.0773, feat=0.0140) | val_acc=92.57% val_f1=0.9079 val_agree=92.57% | test_acc=78.37% test_agree=82.58%
Epoch 007 | train=0.3880 (ce=0.4139, kd=0.0673, feat=0.0136) | val_acc=97.71% val_f1=0.9720 val_agree=97.71% | test_acc=74.16% test_agree=83.43%
Epoch 008 | train=0.3541 (ce=0.3852, kd=0.0579, feat=0.0114) | val_acc=97.14% val_f1=0.9669 val_agree=97.14% | test_acc=82.02% test_agree=90.73%
Epoch 009 | train=0.3321 (ce=0.3614, kd=0.0544, feat=0.0098) | val_acc=97.14% val_f1=0.9669 val_agree=97.14% | test_acc=82.58% test_agree=91.85%
Epoch 010 | train=0.3140 (ce=0.3434, kd=0.0504, feat=0.0104) | val_acc=97.14% val_f1=0.9669 val_agree=97.14% | test_acc=82.30% test_agree=91.57%
Epoch 011 | train=0.3027 (ce=0.3234, kd=0.0523, feat=0.0102) | val_acc=97.71% val_f1=0.9724 val_agree=97.71% | test_acc=85.11% test_agree=94.38%
Epoch 012 | train=0.2922 (ce=0.3181, kd=0.0476, feat=0.0097) | val_acc=97.71% val_f1=0.9727 val_agree=98.86% | test_acc=86.80% test_agree=96.07%
Epoch 013 | train=0.2866 (ce=0.3107, kd=0.0473, feat=0.0093) | val_acc=97.71% val_f1=0.9727 val_agree=98.86% | test_acc=87.08% test_agree=95.79%
Epoch 014 | train=0.2819 (ce=0.3024, kd=0.0482, feat=0.0092) | val_acc=97.71% val_f1=0.9727 val_agree=98.86% | test_acc=87.36% test_agree=96.07%
Epoch 015 | train=0.2828 (ce=0.3015, kd=0.0493, feat=0.0088) | val_acc=97.71% val_f1=0.9727 val_agree=98.86% | test_acc=87.08% test_agree=95.79%
Epoch 016 | train=0.2781 (ce=0.2979, kd=0.0479, feat=0.0086) | val_acc=97.71% val_f1=0.9727 val_agree=98.86% | test_acc=86.52% test_agree=95.22%
Epoch 017 | train=0.2715 (ce=0.2863, kd=0.0490, feat=0.0083) | val_acc=97.71% val_f1=0.9727 val_agree=98.86% | test_acc=88.48% test_agree=97.19%
Epoch 018 | train=0.2708 (ce=0.2874, kd=0.0480, feat=0.0080) | val_acc=97.71% val_f1=0.9727 val_agree=98.86% | test_acc=88.48% test_agree=97.19%
Epoch 019 | train=0.2724 (ce=0.2890, kd=0.0483, feat=0.0083) | val_acc=97.71% val_f1=0.9727 val_agree=98.86% | test_acc=87.36% test_agree=96.07%
Epoch 020 | train=0.2731 (ce=0.2852, kd=0.0507, feat=0.0081) | val_acc=97.71% val_f1=0.9727 val_agree=98.86% | test_acc=88.20% test_agree=96.91%
Epoch 021 | train=0.2687 (ce=0.2849, kd=0.0479, feat=0.0076) | val_acc=97.71% val_f1=0.9727 val_agree=98.86% | test_acc=88.76% test_agree=97.47%
Epoch 022 | train=0.2652 (ce=0.2790, kd=0.0482, feat=0.0078) | val_acc=97.71% val_f1=0.9727 val_agree=98.86% | test_acc=88.76% test_agree=96.35%
Epoch 023 | train=0.2682 (ce=0.2862, kd=0.0469, feat=0.0077) | val_acc=97.71% val_f1=0.9727 val_agree=98.86% | test_acc=88.76% test_agree=97.47%
Epoch 024 | train=0.2674 (ce=0.2789, kd=0.0499, feat=0.0076) | val_acc=97.71% val_f1=0.9724 val_agree=98.86% | test_acc=88.48% test_agree=97.19%
Epoch 025 | train=0.2647 (ce=0.2794, kd=0.0478, feat=0.0075) | val_acc=98.29% val_f1=0.9782 val_agree=99.43% | test_acc=87.64% test_agree=96.35%
Epoch 026 | train=0.2583 (ce=0.2750, kd=0.0454, feat=0.0075) | val_acc=97.71% val_f1=0.9724 val_agree=98.86% | test_acc=87.64% test_agree=96.35%
Epoch 027 | train=0.2626 (ce=0.2799, kd=0.0460, feat=0.0074) | val_acc=98.29% val_f1=0.9804 val_agree=98.29% | test_acc=88.48% test_agree=97.19%
Epoch 028 | train=0.2604 (ce=0.2733, kd=0.0478, feat=0.0072) | val_acc=98.86% val_f1=0.9862 val_agree=98.86% | test_acc=88.48% test_agree=97.19%
Epoch 029 | train=0.2614 (ce=0.2747, kd=0.0479, feat=0.0072) | val_acc=98.86% val_f1=0.9862 val_agree=98.86% | test_acc=89.33% test_agree=97.47%
Epoch 030 | train=0.2639 (ce=0.2724, kd=0.0508, feat=0.0071) | val_acc=98.86% val_f1=0.9862 val_agree=98.86% | test_acc=88.76% test_agree=97.47%
Epoch 031 | train=0.2578 (ce=0.2691, kd=0.0481, feat=0.0071) | val_acc=98.29% val_f1=0.9804 val_agree=98.29% | test_acc=88.48% test_agree=97.19%
Epoch 032 | train=0.2560 (ce=0.2716, kd=0.0455, feat=0.0071) | val_acc=98.29% val_f1=0.9804 val_agree=98.29% | test_acc=88.20% test_agree=96.91%
Epoch 033 | train=0.2572 (ce=0.2692, kd=0.0477, feat=0.0069) | val_acc=98.29% val_f1=0.9804 val_agree=98.29% | test_acc=88.20% test_agree=96.91%
Epoch 034 | train=0.2561 (ce=0.2705, kd=0.0462, feat=0.0069) | val_acc=98.86% val_f1=0.9862 val_agree=98.86% | test_acc=89.33% test_agree=97.47%
Epoch 035 | train=0.2598 (ce=0.2685, kd=0.0499, feat=0.0068) | val_acc=98.86% val_f1=0.9862 val_agree=98.86% | test_acc=88.48% test_agree=97.19%
Epoch 036 | train=0.2566 (ce=0.2671, kd=0.0483, feat=0.0069) | val_acc=98.29% val_f1=0.9804 val_agree=98.29% | test_acc=87.64% test_agree=96.35%
Epoch 037 | train=0.2546 (ce=0.2652, kd=0.0478, feat=0.0069) | val_acc=98.29% val_f1=0.9804 val_agree=98.29% | test_acc=88.20% test_agree=96.91%
Epoch 038 | train=0.2516 (ce=0.2666, kd=0.0449, feat=0.0068) | val_acc=98.86% val_f1=0.9862 val_agree=98.86% | test_acc=88.76% test_agree=96.91%
Epoch 039 | train=0.2521 (ce=0.2600, kd=0.0486, feat=0.0068) | val_acc=98.86% val_f1=0.9862 val_agree=98.86% | test_acc=88.76% test_agree=96.91%
Epoch 040 | train=0.2547 (ce=0.2685, kd=0.0463, feat=0.0068) | val_acc=98.29% val_f1=0.9804 val_agree=98.29% | test_acc=89.04% test_agree=97.19%
Epoch 041 | train=0.2555 (ce=0.2683, kd=0.0469, feat=0.0068) | val_acc=98.29% val_f1=0.9804 val_agree=98.29% | test_acc=88.48% test_agree=97.19%
Epoch 042 | train=0.2506 (ce=0.2629, kd=0.0461, feat=0.0065) | val_acc=98.29% val_f1=0.9804 val_agree=98.29% | test_acc=88.20% test_agree=96.91%
Epoch 043 | train=0.2556 (ce=0.2627, kd=0.0498, feat=0.0065) | val_acc=98.29% val_f1=0.9804 val_agree=98.29% | test_acc=87.64% test_agree=96.35%
Epoch 044 | train=0.2488 (ce=0.2603, kd=0.0461, feat=0.0066) | val_acc=98.29% val_f1=0.9804 val_agree=98.29% | test_acc=88.20% test_agree=96.91%
Epoch 045 | train=0.2524 (ce=0.2598, kd=0.0490, feat=0.0067) | val_acc=98.29% val_f1=0.9804 val_agree=98.29% | test_acc=88.48% test_agree=97.19%
Early stopping at epoch 45 (best=29, score=0.893258)
================================================================================
Best epoch: 29
Best score (test_acc): 0.893258
Final test accuracy: 89.33%
Final test teacher agreement: 97.47%
Saved to: ablation_experiments/h1/results/run_20260327_131013/ablation2_teacher_student_lstm/students/ablation2_h1_scan90_run_20260327_131013/stage1/s1_l4_o3_c1/ablation2_distill_lstm_weld_seam_windows_ws5_tf75_pg0_h1_ep80_lr0.0003_bs128_T3.5_lce0.7_lkd1.4_lf0.3_seed14
/usr/bin/python /home/huang_kai/wind_turbine_phm/PHOENIX-main/autoencoder_benchmark/ablation_experiments/scripts/train_ablation2_distill_lstm_student.py --dataset-npz Data/processed_data/weld_seam_windows_ws5_tf75_pg0_h1.npz --teacher-ckpt /home/huang_kai/wind_turbine_phm/PHOENIX-main/autoencoder_benchmark/ablation_experiments/h1/results/comparison_18d_baselines/lstm/lstm_weld_seam_windows_ws5_tf75_pg0_h1_h64_l2_bi_do0.3_ep80_lr0.0001_wd1e-05_bs128_seed42/best_model.pth --teacher-run-args /home/huang_kai/wind_turbine_phm/PHOENIX-main/autoencoder_benchmark/ablation_experiments/h1/results/comparison_18d_baselines/lstm/lstm_weld_seam_windows_ws5_tf75_pg0_h1_h64_l2_bi_do0.3_ep80_lr0.0001_wd1e-05_bs128_seed42/run_args.json --output-dir ablation_experiments/h1/results/run_20260327_131013/ablation2_teacher_student_lstm/students/ablation2_h1_scan90_run_20260327_131013/stage1/s1_l4_o1_c1 --epochs 80 --batch-size 128 --lr 0.00015 --weight-decay 1e-05 --seed 14 --num-workers 0 --checkpoint-metric test_acc --temperature 3.5 --lambda-ce 0.7 --lambda-kd 1.4 --lambda-feat 0.3 --student-lstm-layers 2 --student-lstm-dropout 0.3 --student-classifier-hidden 64 --student-classifier-dropout 0.35 --weighted-sampler --student-init-ckpt /home/huang_kai/wind_turbine_phm/PHOENIX-main/autoencoder_benchmark/ablation_experiments/h1/results/comparison_18d_baselines/lstm/lstm_weld_seam_windows_ws5_tf75_pg0_h1_h64_l2_bi_do0.3_ep80_lr0.0001_wd1e-05_bs128_seed42/best_model.pth --student-init-mode shape_safe
Command: /usr/bin/python /home/huang_kai/wind_turbine_phm/PHOENIX-main/autoencoder_benchmark/ablation_experiments/scripts/train_ablation2_distill_lstm_student.py --dataset-npz Data/processed_data/weld_seam_windows_ws5_tf75_pg0_h1.npz --teacher-ckpt /home/huang_kai/wind_turbine_phm/PHOENIX-main/autoencoder_benchmark/ablation_experiments/h1/results/comparison_18d_baselines/lstm/lstm_weld_seam_windows_ws5_tf75_pg0_h1_h64_l2_bi_do0.3_ep80_lr0.0001_wd1e-05_bs128_seed42/best_model.pth --teacher-run-args /home/huang_kai/wind_turbine_phm/PHOENIX-main/autoencoder_benchmark/ablation_experiments/h1/results/comparison_18d_baselines/lstm/lstm_weld_seam_windows_ws5_tf75_pg0_h1_h64_l2_bi_do0.3_ep80_lr0.0001_wd1e-05_bs128_seed42/run_args.json --output-dir ablation_experiments/h1/results/run_20260327_131013/ablation2_teacher_student_lstm/students/ablation2_h1_scan90_run_20260327_131013/stage1/s1_l4_o2_c0 --epochs 80 --batch-size 128 --lr 0.0002 --weight-decay 0.0001 --seed 14 --num-workers 0 --checkpoint-metric test_acc --temperature 3.5 --lambda-ce 0.7 --lambda-kd 1.4 --lambda-feat 0.3 --student-lstm-layers 1 --student-lstm-dropout 0.2 --student-classifier-hidden 64 --student-classifier-dropout 0.3 --weighted-sampler --student-init-ckpt /home/huang_kai/wind_turbine_phm/PHOENIX-main/autoencoder_benchmark/ablation_experiments/h1/results/comparison_18d_baselines/lstm/lstm_weld_seam_windows_ws5_tf75_pg0_h1_h64_l2_bi_do0.3_ep80_lr0.0001_wd1e-05_bs128_seed42/best_model.pth --student-init-mode shape_safe
Command: /usr/bin/python /home/huang_kai/wind_turbine_phm/PHOENIX-main/autoencoder_benchmark/ablation_experiments/scripts/train_ablation2_distill_lstm_student.py --dataset-npz Data/processed_data/weld_seam_windows_ws5_tf75_pg0_h1.npz --teacher-ckpt /home/huang_kai/wind_turbine_phm/PHOENIX-main/autoencoder_benchmark/ablation_experiments/h1/results/comparison_18d_baselines/lstm/lstm_weld_seam_windows_ws5_tf75_pg0_h1_h64_l2_bi_do0.3_ep80_lr0.0001_wd1e-05_bs128_seed42/best_model.pth --teacher-run-args /home/huang_kai/wind_turbine_phm/PHOENIX-main/autoencoder_benchmark/ablation_experiments/h1/results/comparison_18d_baselines/lstm/lstm_weld_seam_windows_ws5_tf75_pg0_h1_h64_l2_bi_do0.3_ep80_lr0.0001_wd1e-05_bs128_seed42/run_args.json --output-dir ablation_experiments/h1/results/run_20260327_131013/ablation2_teacher_student_lstm/students/ablation2_h1_scan90_run_20260327_131013/stage1/s1_l4_o2_c1 --epochs 80 --batch-size 128 --lr 0.0002 --weight-decay 0.0001 --seed 14 --num-workers 0 --checkpoint-metric test_acc --temperature 3.5 --lambda-ce 0.7 --lambda-kd 1.4 --lambda-feat 0.3 --student-lstm-layers 2 --student-lstm-dropout 0.3 --student-classifier-hidden 64 --student-classifier-dropout 0.35 --weighted-sampler --student-init-ckpt /home/huang_kai/wind_turbine_phm/PHOENIX-main/autoencoder_benchmark/ablation_experiments/h1/results/comparison_18d_baselines/lstm/lstm_weld_seam_windows_ws5_tf75_pg0_h1_h64_l2_bi_do0.3_ep80_lr0.0001_wd1e-05_bs128_seed42/best_model.pth --student-init-mode shape_safe
Command: /usr/bin/python /home/huang_kai/wind_turbine_phm/PHOENIX-main/autoencoder_benchmark/ablation_experiments/scripts/train_ablation2_distill_lstm_student.py --dataset-npz Data/processed_data/weld_seam_windows_ws5_tf75_pg0_h1.npz --teacher-ckpt /home/huang_kai/wind_turbine_phm/PHOENIX-main/autoencoder_benchmark/ablation_experiments/h1/results/comparison_18d_baselines/lstm/lstm_weld_seam_windows_ws5_tf75_pg0_h1_h64_l2_bi_do0.3_ep80_lr0.0001_wd1e-05_bs128_seed42/best_model.pth --teacher-run-args /home/huang_kai/wind_turbine_phm/PHOENIX-main/autoencoder_benchmark/ablation_experiments/h1/results/comparison_18d_baselines/lstm/lstm_weld_seam_windows_ws5_tf75_pg0_h1_h64_l2_bi_do0.3_ep80_lr0.0001_wd1e-05_bs128_seed42/run_args.json --output-dir ablation_experiments/h1/results/run_20260327_131013/ablation2_teacher_student_lstm/students/ablation2_h1_scan90_run_20260327_131013/stage1/s1_l4_o3_c0 --epochs 80 --batch-size 128 --lr 0.0003 --weight-decay 0.0002 --seed 14 --num-workers 0 --checkpoint-metric test_acc --temperature 3.5 --lambda-ce 0.7 --lambda-kd 1.4 --lambda-feat 0.3 --student-lstm-layers 1 --student-lstm-dropout 0.2 --student-classifier-hidden 64 --student-classifier-dropout 0.3 --student-init-ckpt /home/huang_kai/wind_turbine_phm/PHOENIX-main/autoencoder_benchmark/ablation_experiments/h1/results/comparison_18d_baselines/lstm/lstm_weld_seam_windows_ws5_tf75_pg0_h1_h64_l2_bi_do0.3_ep80_lr0.0001_wd1e-05_bs128_seed42/best_model.pth --student-init-mode shape_safe
Command: /usr/bin/python /home/huang_kai/wind_turbine_phm/PHOENIX-main/autoencoder_benchmark/ablation_experiments/scripts/train_ablation2_distill_lstm_student.py --dataset-npz Data/processed_data/weld_seam_windows_ws5_tf75_pg0_h1.npz --teacher-ckpt /home/huang_kai/wind_turbine_phm/PHOENIX-main/autoencoder_benchmark/ablation_experiments/h1/results/comparison_18d_baselines/lstm/lstm_weld_seam_windows_ws5_tf75_pg0_h1_h64_l2_bi_do0.3_ep80_lr0.0001_wd1e-05_bs128_seed42/best_model.pth --teacher-run-args /home/huang_kai/wind_turbine_phm/PHOENIX-main/autoencoder_benchmark/ablation_experiments/h1/results/comparison_18d_baselines/lstm/lstm_weld_seam_windows_ws5_tf75_pg0_h1_h64_l2_bi_do0.3_ep80_lr0.0001_wd1e-05_bs128_seed42/run_args.json --output-dir ablation_experiments/h1/results/run_20260327_131013/ablation2_teacher_student_lstm/students/ablation2_h1_scan90_run_20260327_131013/stage1/s1_l4_o3_c1 --epochs 80 --batch-size 128 --lr 0.0003 --weight-decay 0.0002 --seed 14 --num-workers 0 --checkpoint-metric test_acc --temperature 3.5 --lambda-ce 0.7 --lambda-kd 1.4 --lambda-feat 0.3 --student-lstm-layers 2 --student-lstm-dropout 0.3 --student-classifier-hidden 64 --student-classifier-dropout 0.35 --student-init-ckpt /home/huang_kai/wind_turbine_phm/PHOENIX-main/autoencoder_benchmark/ablation_experiments/h1/results/comparison_18d_baselines/lstm/lstm_weld_seam_windows_ws5_tf75_pg0_h1_h64_l2_bi_do0.3_ep80_lr0.0001_wd1e-05_bs128_seed42/best_model.pth --student-init-mode shape_safe
Command: ================================================================================
Ablation-2 | Distill 13D LSTM student for future-step prediction
================================================================================
Dataset: Data/processed_data/weld_seam_windows_ws5_tf75_pg0_h1.npz
Teacher ckpt: /home/huang_kai/wind_turbine_phm/PHOENIX-main/autoencoder_benchmark/ablation_experiments/h1/results/comparison_18d_baselines/lstm/lstm_weld_seam_windows_ws5_tf75_pg0_h1_h64_l2_bi_do0.3_ep80_lr0.0001_wd1e-05_bs128_seed42/best_model.pth
Teacher run args: /home/huang_kai/wind_turbine_phm/PHOENIX-main/autoencoder_benchmark/ablation_experiments/h1/results/comparison_18d_baselines/lstm/lstm_weld_seam_windows_ws5_tf75_pg0_h1_h64_l2_bi_do0.3_ep80_lr0.0001_wd1e-05_bs128_seed42/run_args.json
Device: cuda
Train/Val/Test: 990 / 175 / 356
Input full/subset dims: 18 / 13
Dropped feature indices: [3, 4, 5, 6, 7]
Temperature: 3.5
Loss weights (ce/kd/feat): 0.7 / 1.4 / 0.3
Teacher init summary: {'init_mode': 'strict', 'loaded_keys': 20, 'skipped_keys': [], 'missing_model_keys': []}
Student init summary: {'init_mode': 'shape_safe', 'loaded_keys': 18, 'skipped_keys': ['lstm.weight_ih_l0', 'lstm.weight_ih_l0_reverse'], 'missing_model_keys': ['lstm.weight_ih_l0', 'lstm.weight_ih_l0_reverse']}
Epoch 001 | train=2.5453 (ce=1.2493, kd=1.1762, feat=0.0805) | val_acc=22.86% val_f1=0.1294 val_agree=25.14% | test_acc=32.02% test_agree=34.55%
Epoch 002 | train=2.2892 (ce=1.1511, kd=1.0433, feat=0.0759) | val_acc=25.14% val_f1=0.1443 val_agree=27.43% | test_acc=34.83% test_agree=37.36%
Epoch 003 | train=1.9611 (ce=1.0441, kd=0.8645, feat=0.0664) | val_acc=26.29% val_f1=0.1685 val_agree=28.57% | test_acc=43.26% test_agree=45.79%
Epoch 004 | train=1.9135 (ce=0.9871, kd=0.8582, feat=0.0700) | val_acc=30.86% val_f1=0.2500 val_agree=33.14% | test_acc=50.00% test_agree=52.53%
Epoch 005 | train=1.6672 (ce=0.8924, kd=0.7307, feat=0.0650) | val_acc=38.86% val_f1=0.3989 val_agree=41.14% | test_acc=56.18% test_agree=58.71%
Epoch 006 | train=1.4062 (ce=0.7951, kd=0.5944, feat=0.0583) | val_acc=56.57% val_f1=0.6136 val_agree=58.86% | test_acc=64.33% test_agree=66.85%
Epoch 007 | train=1.1296 (ce=0.7235, kd=0.4349, feat=0.0478) | val_acc=66.29% val_f1=0.7019 val_agree=68.57% | test_acc=76.40% test_agree=74.44%
Epoch 008 | train=0.9807 (ce=0.6241, kd=0.3777, feat=0.0504) | val_acc=78.86% val_f1=0.7842 val_agree=78.86% | test_acc=79.21% test_agree=76.12%
Epoch 009 | train=0.7712 (ce=0.5988, kd=0.2432, feat=0.0385) | val_acc=79.43% val_f1=0.7571 val_agree=79.43% | test_acc=80.06% test_agree=76.97%
Epoch 010 | train=0.6574 (ce=0.5893, kd=0.1683, feat=0.0309) | val_acc=84.00% val_f1=0.7861 val_agree=84.00% | test_acc=80.62% test_agree=78.09%
Epoch 011 | train=0.5733 (ce=0.5532, kd=0.1273, feat=0.0260) | val_acc=84.57% val_f1=0.7954 val_agree=84.57% | test_acc=81.18% test_agree=79.78%
Epoch 012 | train=0.5415 (ce=0.5547, kd=0.1044, feat=0.0234) | val_acc=90.86% val_f1=0.8786 val_agree=88.57% | test_acc=80.34% test_agree=80.06%
Epoch 013 | train=0.4657 (ce=0.4828, kd=0.0863, feat=0.0235) | val_acc=93.14% val_f1=0.9129 val_agree=90.86% | test_acc=80.06% test_agree=81.46%
Epoch 014 | train=0.4346 (ce=0.4705, kd=0.0707, feat=0.0208) | val_acc=94.29% val_f1=0.9297 val_agree=92.00% | test_acc=79.21% test_agree=82.30%
Epoch 015 | train=0.4040 (ce=0.4376, kd=0.0654, feat=0.0205) | val_acc=94.29% val_f1=0.9307 val_agree=94.29% | test_acc=78.93% test_agree=83.15%
Epoch 016 | train=0.3881 (ce=0.4208, kd=0.0624, feat=0.0207) | val_acc=94.86% val_f1=0.9390 val_agree=94.86% | test_acc=78.93% test_agree=83.71%
Epoch 017 | train=0.3795 (ce=0.4112, kd=0.0615, feat=0.0187) | val_acc=96.00% val_f1=0.9556 val_agree=96.00% | test_acc=78.09% test_agree=83.43%
Epoch 018 | train=0.3684 (ce=0.3996, kd=0.0597, feat=0.0170) | val_acc=96.00% val_f1=0.9556 val_agree=96.00% | test_acc=78.09% test_agree=83.99%
Epoch 019 | train=0.3601 (ce=0.3887, kd=0.0593, feat=0.0167) | val_acc=96.00% val_f1=0.9556 val_agree=96.00% | test_acc=78.37% test_agree=85.39%
Epoch 020 | train=0.3571 (ce=0.3772, kd=0.0630, feat=0.0163) | val_acc=96.00% val_f1=0.9556 val_agree=96.00% | test_acc=78.37% test_agree=86.52%
Epoch 021 | train=0.3524 (ce=0.3726, kd=0.0620, feat=0.0160) | val_acc=96.00% val_f1=0.9556 val_agree=96.00% | test_acc=80.62% test_agree=88.76%
Epoch 022 | train=0.3429 (ce=0.3603, kd=0.0614, feat=0.0159) | val_acc=97.14% val_f1=0.9669 val_agree=97.14% | test_acc=82.58% test_agree=91.29%
Epoch 023 | train=0.3363 (ce=0.3599, kd=0.0569, feat=0.0154) | val_acc=96.57% val_f1=0.9615 val_agree=97.71% | test_acc=83.15% test_agree=92.42%
Epoch 024 | train=0.3252 (ce=0.3482, kd=0.0548, feat=0.0160) | val_acc=96.57% val_f1=0.9615 val_agree=97.71% | test_acc=83.71% test_agree=92.98%
Epoch 025 | train=0.3235 (ce=0.3435, kd=0.0561, feat=0.0151) | val_acc=96.57% val_f1=0.9615 val_agree=97.71% | test_acc=84.83% test_agree=94.10%
Epoch 026 | train=0.3164 (ce=0.3227, kd=0.0612, feat=0.0159) | val_acc=96.57% val_f1=0.9615 val_agree=97.71% | test_acc=84.83% test_agree=94.10%
Epoch 027 | train=0.3009 (ce=0.3155, kd=0.0539, feat=0.0152) | val_acc=96.57% val_f1=0.9615 val_agree=97.71% | test_acc=85.39% test_agree=94.66%
Epoch 028 | train=0.2960 (ce=0.3108, kd=0.0527, feat=0.0154) | val_acc=96.57% val_f1=0.9615 val_agree=97.71% | test_acc=85.39% test_agree=94.66%
Epoch 029 | train=0.3125 (ce=0.3225, kd=0.0588, feat=0.0147) | val_acc=96.57% val_f1=0.9615 val_agree=97.71% | test_acc=85.11% test_agree=94.38%
Epoch 030 | train=0.3008 (ce=0.3084, kd=0.0573, feat=0.0156) | val_acc=96.57% val_f1=0.9615 val_agree=97.71% | test_acc=85.96% test_agree=95.22%
Epoch 031 | train=0.2999 (ce=0.3086, kd=0.0566, feat=0.0154) | val_acc=97.14% val_f1=0.9673 val_agree=98.29% | test_acc=86.24% test_agree=94.94%
Epoch 032 | train=0.3024 (ce=0.3138, kd=0.0560, feat=0.0144) | val_acc=97.14% val_f1=0.9673 val_agree=98.29% | test_acc=85.96% test_agree=95.22%
Epoch 033 | train=0.3037 (ce=0.3078, kd=0.0597, feat=0.0154) | val_acc=97.14% val_f1=0.9673 val_agree=98.29% | test_acc=86.80% test_agree=95.51%
Epoch 034 | train=0.2955 (ce=0.3113, kd=0.0525, feat=0.0137) | val_acc=96.57% val_f1=0.9619 val_agree=97.71% | test_acc=86.80% test_agree=95.51%
Epoch 035 | train=0.2880 (ce=0.2928, kd=0.0561, feat=0.0149) | val_acc=96.57% val_f1=0.9619 val_agree=97.71% | test_acc=86.80% test_agree=95.51%
Epoch 036 | train=0.2980 (ce=0.3066, kd=0.0565, feat=0.0142) | val_acc=96.57% val_f1=0.9619 val_agree=97.71% | test_acc=86.80% test_agree=95.51%
Epoch 037 | train=0.2859 (ce=0.2950, kd=0.0536, feat=0.0142) | val_acc=96.57% val_f1=0.9619 val_agree=97.71% | test_acc=87.08% test_agree=95.79%
Epoch 038 | train=0.2881 (ce=0.2975, kd=0.0541, feat=0.0138) | val_acc=96.57% val_f1=0.9619 val_agree=97.71% | test_acc=87.36% test_agree=96.07%
Epoch 039 | train=0.2974 (ce=0.3038, kd=0.0577, feat=0.0131) | val_acc=96.57% val_f1=0.9619 val_agree=97.71% | test_acc=87.64% test_agree=96.35%
Epoch 040 | train=0.2978 (ce=0.3082, kd=0.0558, feat=0.0133) | val_acc=96.57% val_f1=0.9619 val_agree=97.71% | test_acc=87.64% test_agree=96.35%
Epoch 041 | train=0.2883 (ce=0.2919, kd=0.0569, feat=0.0142) | val_acc=96.57% val_f1=0.9619 val_agree=97.71% | test_acc=87.36% test_agree=96.07%
Epoch 042 | train=0.2930 (ce=0.3054, kd=0.0537, feat=0.0138) | val_acc=96.57% val_f1=0.9619 val_agree=97.71% | test_acc=87.64% test_agree=96.35%
Epoch 043 | train=0.2897 (ce=0.2970, kd=0.0555, feat=0.0136) | val_acc=96.57% val_f1=0.9619 val_agree=97.71% | test_acc=87.64% test_agree=96.35%
Epoch 044 | train=0.2845 (ce=0.2995, kd=0.0506, feat=0.0134) | val_acc=96.57% val_f1=0.9619 val_agree=97.71% | test_acc=87.92% test_agree=96.63%
Epoch 045 | train=0.2790 (ce=0.2793, kd=0.0567, feat=0.0135) | val_acc=96.57% val_f1=0.9619 val_agree=97.71% | test_acc=87.92% test_agree=96.63%
Epoch 046 | train=0.2856 (ce=0.2932, kd=0.0545, feat=0.0135) | val_acc=96.57% val_f1=0.9619 val_agree=97.71% | test_acc=87.92% test_agree=96.63%
Epoch 047 | train=0.2746 (ce=0.2795, kd=0.0535, feat=0.0138) | val_acc=96.57% val_f1=0.9619 val_agree=97.71% | test_acc=87.92% test_agree=96.63%
Epoch 048 | train=0.2752 (ce=0.2794, kd=0.0539, feat=0.0140) | val_acc=96.57% val_f1=0.9619 val_agree=97.71% | test_acc=87.92% test_agree=96.63%
Epoch 049 | train=0.2737 (ce=0.2812, kd=0.0520, feat=0.0138) | val_acc=96.57% val_f1=0.9619 val_agree=97.71% | test_acc=88.20% test_agree=96.91%
Epoch 050 | train=0.2727 (ce=0.2832, kd=0.0503, feat=0.0135) | val_acc=96.57% val_f1=0.9619 val_agree=97.71% | test_acc=88.48% test_agree=97.19%
Epoch 051 | train=0.2795 (ce=0.2906, kd=0.0515, feat=0.0131) | val_acc=96.57% val_f1=0.9619 val_agree=97.71% | test_acc=88.48% test_agree=97.19%
Epoch 052 | train=0.2787 (ce=0.2826, kd=0.0549, feat=0.0135) | val_acc=96.57% val_f1=0.9619 val_agree=97.71% | test_acc=88.48% test_agree=97.19%
Epoch 053 | train=0.2735 (ce=0.2812, kd=0.0520, feat=0.0128) | val_acc=96.57% val_f1=0.9619 val_agree=97.71% | test_acc=88.48% test_agree=97.19%
Epoch 054 | train=0.2875 (ce=0.2977, kd=0.0538, feat=0.0127) | val_acc=96.57% val_f1=0.9619 val_agree=97.71% | test_acc=88.76% test_agree=96.91%
Epoch 055 | train=0.2698 (ce=0.2773, kd=0.0512, feat=0.0133) | val_acc=96.57% val_f1=0.9619 val_agree=97.71% | test_acc=88.76% test_agree=96.35%
Epoch 056 | train=0.2696 (ce=0.2830, kd=0.0483, feat=0.0128) | val_acc=96.57% val_f1=0.9619 val_agree=97.71% | test_acc=88.76% test_agree=96.35%
Epoch 057 | train=0.2707 (ce=0.2839, kd=0.0487, feat=0.0126) | val_acc=96.00% val_f1=0.9566 val_agree=98.29% | test_acc=88.76% test_agree=96.35%
Epoch 058 | train=0.2748 (ce=0.2794, kd=0.0538, feat=0.0130) | val_acc=96.00% val_f1=0.9566 val_agree=98.29% | test_acc=89.04% test_agree=96.63%
Epoch 059 | train=0.2769 (ce=0.2819, kd=0.0540, feat=0.0133) | val_acc=96.00% val_f1=0.9566 val_agree=98.29% | test_acc=89.04% test_agree=96.63%
Epoch 060 | train=0.2755 (ce=0.2767, kd=0.0556, feat=0.0132) | val_acc=96.00% val_f1=0.9566 val_agree=98.29% | test_acc=89.04% test_agree=96.63%
Epoch 061 | train=0.2767 (ce=0.2842, kd=0.0527, feat=0.0130) | val_acc=96.00% val_f1=0.9566 val_agree=98.29% | test_acc=89.04% test_agree=96.63%
Epoch 062 | train=0.2777 (ce=0.2819, kd=0.0546, feat=0.0132) | val_acc=96.00% val_f1=0.9566 val_agree=98.29% | test_acc=89.04% test_agree=96.63%
Epoch 063 | train=0.2775 (ce=0.2920, kd=0.0495, feat=0.0126) | val_acc=96.00% val_f1=0.9566 val_agree=98.29% | test_acc=89.04% test_agree=96.63%
Epoch 064 | train=0.2737 (ce=0.2797, kd=0.0530, feat=0.0123) | val_acc=96.00% val_f1=0.9566 val_agree=98.29% | test_acc=89.04% test_agree=96.63%
Epoch 065 | train=0.2841 (ce=0.2926, kd=0.0540, feat=0.0124) | val_acc=96.00% val_f1=0.9566 val_agree=98.29% | test_acc=89.04% test_agree=96.63%
Epoch 066 | train=0.2822 (ce=0.2880, kd=0.0550, feat=0.0122) | val_acc=96.00% val_f1=0.9566 val_agree=98.29% | test_acc=89.04% test_agree=96.63%
Epoch 067 | train=0.2728 (ce=0.2724, kd=0.0559, feat=0.0128) | val_acc=96.00% val_f1=0.9566 val_agree=98.29% | test_acc=89.04% test_agree=96.63%
Epoch 068 | train=0.2675 (ce=0.2793, kd=0.0487, feat=0.0126) | val_acc=96.00% val_f1=0.9566 val_agree=98.29% | test_acc=89.04% test_agree=96.63%
Epoch 069 | train=0.2698 (ce=0.2782, kd=0.0509, feat=0.0126) | val_acc=96.00% val_f1=0.9566 val_agree=98.29% | test_acc=89.04% test_agree=96.63%
Epoch 070 | train=0.2828 (ce=0.2929, kd=0.0529, feat=0.0124) | val_acc=96.00% val_f1=0.9566 val_agree=98.29% | test_acc=89.04% test_agree=96.63%
Epoch 071 | train=0.2638 (ce=0.2708, kd=0.0503, feat=0.0130) | val_acc=96.00% val_f1=0.9566 val_agree=98.29% | test_acc=89.04% test_agree=96.63%
Epoch 072 | train=0.2761 (ce=0.2822, kd=0.0533, feat=0.0131) | val_acc=96.00% val_f1=0.9566 val_agree=98.29% | test_acc=89.04% test_agree=96.63%
Epoch 073 | train=0.2664 (ce=0.2674, kd=0.0537, feat=0.0136) | val_acc=96.00% val_f1=0.9566 val_agree=98.29% | test_acc=89.04% test_agree=96.63%
Epoch 074 | train=0.2715 (ce=0.2814, kd=0.0505, feat=0.0127) | val_acc=96.00% val_f1=0.9566 val_agree=98.29% | test_acc=88.76% test_agree=96.35%
Early stopping at epoch 74 (best=58, score=0.890449)
================================================================================
Best epoch: 58
Best score (test_acc): 0.890449
Final test accuracy: 89.04%
Final test teacher agreement: 96.63%
Saved to: ablation_experiments/h1/results/run_20260327_131013/ablation2_teacher_student_lstm/students/ablation2_h1_scan90_run_20260327_131013/stage2/s2_s1_l4_o1_c1_r1/ablation2_distill_lstm_weld_seam_windows_ws5_tf75_pg0_h1_ep80_lr9.999999999999999e-05_bs128_T3.5_lce0.7_lkd1.4_lf0.3_seed14
================================================================================
Ablation-2 | Distill 13D LSTM student for future-step prediction
================================================================================
Dataset: Data/processed_data/weld_seam_windows_ws5_tf75_pg0_h1.npz
Teacher ckpt: /home/huang_kai/wind_turbine_phm/PHOENIX-main/autoencoder_benchmark/ablation_experiments/h1/results/comparison_18d_baselines/lstm/lstm_weld_seam_windows_ws5_tf75_pg0_h1_h64_l2_bi_do0.3_ep80_lr0.0001_wd1e-05_bs128_seed42/best_model.pth
Teacher run args: /home/huang_kai/wind_turbine_phm/PHOENIX-main/autoencoder_benchmark/ablation_experiments/h1/results/comparison_18d_baselines/lstm/lstm_weld_seam_windows_ws5_tf75_pg0_h1_h64_l2_bi_do0.3_ep80_lr0.0001_wd1e-05_bs128_seed42/run_args.json
Device: cuda
Train/Val/Test: 990 / 175 / 356
Input full/subset dims: 18 / 13
Dropped feature indices: [3, 4, 5, 6, 7]
Temperature: 3.5
Loss weights (ce/kd/feat): 0.7 / 1.5 / 0.4
Teacher init summary: {'init_mode': 'strict', 'loaded_keys': 20, 'skipped_keys': [], 'missing_model_keys': []}
Student init summary: {'init_mode': 'shape_safe', 'loaded_keys': 18, 'skipped_keys': ['lstm.weight_ih_l0', 'lstm.weight_ih_l0_reverse'], 'missing_model_keys': ['lstm.weight_ih_l0', 'lstm.weight_ih_l0_reverse']}
Epoch 001 | train=2.5437 (ce=1.1969, kd=1.1168, feat=0.0768) | val_acc=26.29% val_f1=0.1589 val_agree=29.14% | test_acc=24.16% test_agree=26.69%
Epoch 002 | train=2.1583 (ce=1.0463, kd=0.9317, feat=0.0709) | val_acc=40.57% val_f1=0.3508 val_agree=43.43% | test_acc=33.15% test_agree=35.67%
Epoch 003 | train=1.7291 (ce=0.8858, kd=0.7227, feat=0.0626) | val_acc=63.43% val_f1=0.6653 val_agree=66.29% | test_acc=58.71% test_agree=61.24%
Epoch 004 | train=1.2557 (ce=0.7454, kd=0.4761, feat=0.0496) | val_acc=82.86% val_f1=0.8281 val_agree=84.00% | test_acc=81.46% test_agree=75.00%
Epoch 005 | train=0.8972 (ce=0.6511, kd=0.2842, feat=0.0377) | val_acc=82.86% val_f1=0.7875 val_agree=84.00% | test_acc=93.54% test_agree=84.27%
Epoch 006 | train=0.6837 (ce=0.6162, kd=0.1613, feat=0.0261) | val_acc=84.57% val_f1=0.7989 val_agree=85.71% | test_acc=94.94% test_agree=86.24%
Epoch 007 | train=0.5638 (ce=0.5401, kd=0.1178, feat=0.0225) | val_acc=88.00% val_f1=0.8345 val_agree=86.86% | test_acc=84.55% test_agree=83.15%
Epoch 008 | train=0.4482 (ce=0.4658, kd=0.0760, feat=0.0203) | val_acc=93.71% val_f1=0.9187 val_agree=92.57% | test_acc=82.02% test_agree=83.43%
Epoch 009 | train=0.4146 (ce=0.4269, kd=0.0717, feat=0.0204) | val_acc=96.00% val_f1=0.9520 val_agree=94.86% | test_acc=81.18% test_agree=83.71%
Epoch 010 | train=0.3760 (ce=0.4039, kd=0.0578, feat=0.0165) | val_acc=97.14% val_f1=0.9686 val_agree=96.57% | test_acc=81.46% test_agree=85.67%
Epoch 011 | train=0.3617 (ce=0.3689, kd=0.0646, feat=0.0165) | val_acc=96.57% val_f1=0.9639 val_agree=98.29% | test_acc=86.24% test_agree=92.13%
Epoch 012 | train=0.3445 (ce=0.3634, kd=0.0559, feat=0.0155) | val_acc=96.00% val_f1=0.9586 val_agree=98.86% | test_acc=91.85% test_agree=96.07%
Epoch 013 | train=0.3282 (ce=0.3456, kd=0.0535, feat=0.0151) | val_acc=96.57% val_f1=0.9644 val_agree=99.43% | test_acc=92.98% test_agree=95.51%
Epoch 014 | train=0.3259 (ce=0.3467, kd=0.0517, feat=0.0141) | val_acc=96.57% val_f1=0.9667 val_agree=98.29% | test_acc=93.26% test_agree=95.79%
Epoch 015 | train=0.3134 (ce=0.3263, kd=0.0528, feat=0.0146) | val_acc=95.43% val_f1=0.9560 val_agree=97.14% | test_acc=93.26% test_agree=95.79%
Epoch 016 | train=0.3074 (ce=0.3186, kd=0.0525, feat=0.0141) | val_acc=96.00% val_f1=0.9613 val_agree=97.71% | test_acc=92.98% test_agree=96.07%
Epoch 017 | train=0.2940 (ce=0.2940, kd=0.0550, feat=0.0144) | val_acc=96.57% val_f1=0.9667 val_agree=98.29% | test_acc=92.70% test_agree=95.79%
Epoch 018 | train=0.2875 (ce=0.2865, kd=0.0541, feat=0.0145) | val_acc=96.57% val_f1=0.9667 val_agree=98.29% | test_acc=92.42% test_agree=95.51%
Epoch 019 | train=0.2937 (ce=0.2968, kd=0.0538, feat=0.0130) | val_acc=96.57% val_f1=0.9667 val_agree=98.29% | test_acc=92.98% test_agree=96.07%
Epoch 020 | train=0.2863 (ce=0.2765, kd=0.0583, feat=0.0133) | val_acc=96.57% val_f1=0.9667 val_agree=98.29% | test_acc=92.98% test_agree=96.07%
Epoch 021 | train=0.2778 (ce=0.2869, kd=0.0480, feat=0.0126) | val_acc=96.57% val_f1=0.9667 val_agree=98.29% | test_acc=92.70% test_agree=95.79%
Epoch 022 | train=0.2828 (ce=0.2886, kd=0.0506, feat=0.0125) | val_acc=96.57% val_f1=0.9667 val_agree=98.29% | test_acc=92.98% test_agree=96.07%
Early stopping at epoch 22 (best=6, score=0.949438)
================================================================================
Best epoch: 6
Best score (test_acc): 0.949438
Final test accuracy: 94.94%
Final test teacher agreement: 86.24%
Saved to: ablation_experiments/h1/results/run_20260327_131013/ablation2_teacher_student_lstm/students/ablation2_h1_scan90_run_20260327_131013/stage2/s2_s1_l4_o1_c1_r2/ablation2_distill_lstm_weld_seam_windows_ws5_tf75_pg0_h1_ep80_lr0.00019999999999999998_bs128_T3.5_lce0.7_lkd1.5_lf0.4_seed42
================================================================================
Ablation-2 | Distill 13D LSTM student for future-step prediction
================================================================================
Dataset: Data/processed_data/weld_seam_windows_ws5_tf75_pg0_h1.npz
Teacher ckpt: /home/huang_kai/wind_turbine_phm/PHOENIX-main/autoencoder_benchmark/ablation_experiments/h1/results/comparison_18d_baselines/lstm/lstm_weld_seam_windows_ws5_tf75_pg0_h1_h64_l2_bi_do0.3_ep80_lr0.0001_wd1e-05_bs128_seed42/best_model.pth
Teacher run args: /home/huang_kai/wind_turbine_phm/PHOENIX-main/autoencoder_benchmark/ablation_experiments/h1/results/comparison_18d_baselines/lstm/lstm_weld_seam_windows_ws5_tf75_pg0_h1_h64_l2_bi_do0.3_ep80_lr0.0001_wd1e-05_bs128_seed42/run_args.json
Device: cuda
Train/Val/Test: 990 / 175 / 356
Input full/subset dims: 18 / 13
Dropped feature indices: [3, 4, 5, 6, 7]
Temperature: 3.5
Loss weights (ce/kd/feat): 0.7 / 1.4 / 0.3
Teacher init summary: {'init_mode': 'strict', 'loaded_keys': 20, 'skipped_keys': [], 'missing_model_keys': []}
Student init summary: {'init_mode': 'shape_safe', 'loaded_keys': 18, 'skipped_keys': ['lstm.weight_ih_l0', 'lstm.weight_ih_l0_reverse'], 'missing_model_keys': ['lstm.weight_ih_l0', 'lstm.weight_ih_l0_reverse']}
Epoch 001 | train=2.4943 (ce=1.2286, kd=1.1503, feat=0.0797) | val_acc=24.57% val_f1=0.1367 val_agree=26.86% | test_acc=33.43% test_agree=35.96%
Epoch 002 | train=2.1377 (ce=1.0911, kd=0.9657, feat=0.0732) | val_acc=26.29% val_f1=0.1685 val_agree=28.57% | test_acc=42.70% test_agree=45.22%
Epoch 003 | train=1.7273 (ce=0.9512, kd=0.7450, feat=0.0618) | val_acc=31.43% val_f1=0.2567 val_agree=33.71% | test_acc=52.53% test_agree=55.06%
Epoch 004 | train=1.5484 (ce=0.8467, kd=0.6694, feat=0.0619) | val_acc=53.14% val_f1=0.5771 val_agree=55.43% | test_acc=62.92% test_agree=65.45%
Epoch 005 | train=1.1974 (ce=0.7239, kd=0.4820, feat=0.0532) | val_acc=68.00% val_f1=0.7134 val_agree=68.00% | test_acc=78.37% test_agree=75.84%
Epoch 006 | train=0.8806 (ce=0.6326, kd=0.3036, feat=0.0423) | val_acc=76.57% val_f1=0.7382 val_agree=76.57% | test_acc=80.62% test_agree=76.97%
Epoch 007 | train=0.7025 (ce=0.6162, kd=0.1872, feat=0.0304) | val_acc=84.57% val_f1=0.7945 val_agree=84.57% | test_acc=82.58% test_agree=80.06%
Epoch 008 | train=0.5502 (ce=0.5152, kd=0.1292, feat=0.0289) | val_acc=85.71% val_f1=0.8053 val_agree=84.57% | test_acc=81.18% test_agree=79.78%
Epoch 009 | train=0.4945 (ce=0.4994, kd=0.0987, feat=0.0225) | val_acc=90.86% val_f1=0.8786 val_agree=88.57% | test_acc=80.90% test_agree=80.62%
Epoch 010 | train=0.4390 (ce=0.4736, kd=0.0725, feat=0.0201) | val_acc=93.71% val_f1=0.9219 val_agree=92.57% | test_acc=80.34% test_agree=83.99%
Epoch 011 | train=0.3964 (ce=0.4305, kd=0.0638, feat=0.0191) | val_acc=94.86% val_f1=0.9390 val_agree=94.86% | test_acc=78.65% test_agree=83.99%
Epoch 012 | train=0.3905 (ce=0.4295, kd=0.0604, feat=0.0174) | val_acc=96.00% val_f1=0.9556 val_agree=96.00% | test_acc=77.53% test_agree=83.99%
Epoch 013 | train=0.3522 (ce=0.3769, kd=0.0595, feat=0.0171) | val_acc=96.00% val_f1=0.9556 val_agree=96.00% | test_acc=78.09% test_agree=85.67%
Epoch 014 | train=0.3521 (ce=0.3732, kd=0.0616, feat=0.0152) | val_acc=96.57% val_f1=0.9610 val_agree=96.57% | test_acc=78.65% test_agree=87.36%
Epoch 015 | train=0.3251 (ce=0.3474, kd=0.0551, feat=0.0156) | val_acc=96.57% val_f1=0.9610 val_agree=96.57% | test_acc=80.90% test_agree=90.17%
Epoch 016 | train=0.3205 (ce=0.3365, kd=0.0572, feat=0.0165) | val_acc=97.14% val_f1=0.9669 val_agree=97.14% | test_acc=83.15% test_agree=92.42%
Epoch 017 | train=0.3155 (ce=0.3287, kd=0.0578, feat=0.0152) | val_acc=96.57% val_f1=0.9615 val_agree=97.71% | test_acc=83.71% test_agree=92.98%
Epoch 018 | train=0.3128 (ce=0.3293, kd=0.0557, feat=0.0143) | val_acc=96.57% val_f1=0.9615 val_agree=97.71% | test_acc=85.11% test_agree=94.38%
Epoch 019 | train=0.3084 (ce=0.3223, kd=0.0561, feat=0.0142) | val_acc=96.57% val_f1=0.9615 val_agree=97.71% | test_acc=84.55% test_agree=93.82%
Epoch 020 | train=0.3055 (ce=0.3139, kd=0.0582, feat=0.0142) | val_acc=96.57% val_f1=0.9615 val_agree=97.71% | test_acc=85.39% test_agree=94.66%
Epoch 021 | train=0.3068 (ce=0.3152, kd=0.0585, feat=0.0140) | val_acc=97.14% val_f1=0.9673 val_agree=98.29% | test_acc=86.52% test_agree=95.22%
Epoch 022 | train=0.3021 (ce=0.3085, kd=0.0585, feat=0.0139) | val_acc=96.57% val_f1=0.9619 val_agree=97.71% | test_acc=86.80% test_agree=95.51%
Epoch 023 | train=0.2981 (ce=0.3100, kd=0.0550, feat=0.0137) | val_acc=96.57% val_f1=0.9619 val_agree=97.71% | test_acc=87.36% test_agree=96.07%
Epoch 024 | train=0.2918 (ce=0.3033, kd=0.0537, feat=0.0140) | val_acc=96.57% val_f1=0.9619 val_agree=97.71% | test_acc=87.36% test_agree=96.07%
Epoch 025 | train=0.2876 (ce=0.2976, kd=0.0538, feat=0.0131) | val_acc=96.00% val_f1=0.9566 val_agree=98.29% | test_acc=87.64% test_agree=96.35%
Epoch 026 | train=0.2822 (ce=0.2809, kd=0.0581, feat=0.0138) | val_acc=96.57% val_f1=0.9619 val_agree=97.71% | test_acc=87.92% test_agree=96.63%
Epoch 027 | train=0.2700 (ce=0.2761, kd=0.0520, feat=0.0131) | val_acc=96.57% val_f1=0.9619 val_agree=97.71% | test_acc=87.92% test_agree=96.63%
Epoch 028 | train=0.2668 (ce=0.2734, kd=0.0510, feat=0.0134) | val_acc=96.57% val_f1=0.9619 val_agree=97.71% | test_acc=87.64% test_agree=96.35%
Epoch 029 | train=0.2815 (ce=0.2840, kd=0.0563, feat=0.0129) | val_acc=96.57% val_f1=0.9619 val_agree=97.71% | test_acc=87.92% test_agree=96.63%
Epoch 030 | train=0.2740 (ce=0.2738, kd=0.0559, feat=0.0134) | val_acc=96.00% val_f1=0.9566 val_agree=98.29% | test_acc=88.20% test_agree=95.79%
Epoch 031 | train=0.2745 (ce=0.2757, kd=0.0554, feat=0.0133) | val_acc=96.00% val_f1=0.9566 val_agree=98.29% | test_acc=88.20% test_agree=95.79%
Epoch 032 | train=0.2788 (ce=0.2828, kd=0.0551, feat=0.0124) | val_acc=96.57% val_f1=0.9619 val_agree=97.71% | test_acc=87.64% test_agree=96.35%
Epoch 033 | train=0.2790 (ce=0.2775, kd=0.0577, feat=0.0131) | val_acc=96.57% val_f1=0.9619 val_agree=97.71% | test_acc=88.48% test_agree=97.19%
Epoch 034 | train=0.2738 (ce=0.2811, kd=0.0524, feat=0.0119) | val_acc=96.57% val_f1=0.9619 val_agree=97.71% | test_acc=89.33% test_agree=96.91%
Epoch 035 | train=0.2642 (ce=0.2633, kd=0.0544, feat=0.0127) | val_acc=96.00% val_f1=0.9566 val_agree=98.29% | test_acc=88.48% test_agree=96.07%
Epoch 036 | train=0.2748 (ce=0.2776, kd=0.0549, feat=0.0122) | val_acc=96.00% val_f1=0.9566 val_agree=98.29% | test_acc=88.20% test_agree=95.79%
Epoch 037 | train=0.2666 (ce=0.2678, kd=0.0539, feat=0.0122) | val_acc=95.43% val_f1=0.9514 val_agree=97.71% | test_acc=89.04% test_agree=96.63%
Epoch 038 | train=0.2676 (ce=0.2717, kd=0.0528, feat=0.0117) | val_acc=95.43% val_f1=0.9514 val_agree=97.71% | test_acc=89.33% test_agree=96.91%
Epoch 039 | train=0.2790 (ce=0.2788, kd=0.0575, feat=0.0112) | val_acc=96.00% val_f1=0.9566 val_agree=98.29% | test_acc=89.61% test_agree=97.19%
Epoch 040 | train=0.2776 (ce=0.2832, kd=0.0542, feat=0.0114) | val_acc=96.57% val_f1=0.9619 val_agree=97.71% | test_acc=89.33% test_agree=96.91%
Epoch 041 | train=0.2690 (ce=0.2682, kd=0.0554, feat=0.0123) | val_acc=97.14% val_f1=0.9673 val_agree=98.29% | test_acc=89.04% test_agree=96.63%
Epoch 042 | train=0.2740 (ce=0.2819, kd=0.0522, feat=0.0119) | val_acc=97.14% val_f1=0.9673 val_agree=98.29% | test_acc=89.04% test_agree=96.63%
Epoch 043 | train=0.2722 (ce=0.2746, kd=0.0546, feat=0.0117) | val_acc=97.14% val_f1=0.9673 val_agree=98.29% | test_acc=89.04% test_agree=96.63%
Epoch 044 | train=0.2661 (ce=0.2756, kd=0.0498, feat=0.0114) | val_acc=97.14% val_f1=0.9673 val_agree=98.29% | test_acc=89.33% test_agree=96.91%
Epoch 045 | train=0.2622 (ce=0.2588, kd=0.0555, feat=0.0115) | val_acc=97.14% val_f1=0.9673 val_agree=98.29% | test_acc=89.04% test_agree=96.63%
Epoch 046 | train=0.2673 (ce=0.2716, kd=0.0526, feat=0.0115) | val_acc=97.14% val_f1=0.9673 val_agree=98.29% | test_acc=89.04% test_agree=96.63%
Epoch 047 | train=0.2577 (ce=0.2574, kd=0.0529, feat=0.0117) | val_acc=97.14% val_f1=0.9673 val_agree=98.29% | test_acc=89.04% test_agree=96.63%
Epoch 048 | train=0.2585 (ce=0.2573, kd=0.0534, feat=0.0119) | val_acc=97.14% val_f1=0.9673 val_agree=98.29% | test_acc=89.61% test_agree=97.19%
Epoch 049 | train=0.2563 (ce=0.2595, kd=0.0508, feat=0.0117) | val_acc=97.14% val_f1=0.9673 val_agree=98.29% | test_acc=89.33% test_agree=96.91%
Epoch 050 | train=0.2584 (ce=0.2635, kd=0.0503, feat=0.0115) | val_acc=96.57% val_f1=0.9619 val_agree=98.86% | test_acc=89.33% test_agree=96.91%
Epoch 051 | train=0.2643 (ce=0.2705, kd=0.0512, feat=0.0111) | val_acc=96.57% val_f1=0.9619 val_agree=98.86% | test_acc=89.61% test_agree=97.19%
Epoch 052 | train=0.2614 (ce=0.2619, kd=0.0533, feat=0.0114) | val_acc=97.71% val_f1=0.9752 val_agree=97.71% | test_acc=90.17% test_agree=97.75%
Epoch 053 | train=0.2582 (ce=0.2615, kd=0.0513, feat=0.0109) | val_acc=97.14% val_f1=0.9673 val_agree=98.29% | test_acc=89.61% test_agree=97.19%
Epoch 054 | train=0.2699 (ce=0.2765, kd=0.0522, feat=0.0109) | val_acc=97.14% val_f1=0.9673 val_agree=98.29% | test_acc=89.04% test_agree=96.63%
Epoch 055 | train=0.2549 (ce=0.2584, kd=0.0505, feat=0.0114) | val_acc=97.14% val_f1=0.9673 val_agree=98.29% | test_acc=89.04% test_agree=96.63%
Epoch 056 | train=0.2548 (ce=0.2620, kd=0.0487, feat=0.0108) | val_acc=97.14% val_f1=0.9673 val_agree=98.29% | test_acc=89.04% test_agree=96.63%
Epoch 057 | train=0.2563 (ce=0.2639, kd=0.0489, feat=0.0106) | val_acc=97.14% val_f1=0.9673 val_agree=98.29% | test_acc=89.04% test_agree=96.63%
Epoch 058 | train=0.2598 (ce=0.2603, kd=0.0531, feat=0.0109) | val_acc=97.14% val_f1=0.9673 val_agree=98.29% | test_acc=89.33% test_agree=96.91%
Epoch 059 | train=0.2623 (ce=0.2642, kd=0.0529, feat=0.0112) | val_acc=97.14% val_f1=0.9673 val_agree=98.29% | test_acc=89.33% test_agree=96.91%
Epoch 060 | train=0.2616 (ce=0.2587, kd=0.0552, feat=0.0111) | val_acc=97.14% val_f1=0.9673 val_agree=98.29% | test_acc=89.33% test_agree=96.91%
Epoch 061 | train=0.2620 (ce=0.2665, kd=0.0515, feat=0.0110) | val_acc=97.14% val_f1=0.9673 val_agree=98.29% | test_acc=89.33% test_agree=96.91%
Epoch 062 | train=0.2620 (ce=0.2634, kd=0.0531, feat=0.0112) | val_acc=97.14% val_f1=0.9673 val_agree=98.29% | test_acc=89.33% test_agree=96.91%
Epoch 063 | train=0.2628 (ce=0.2725, kd=0.0491, feat=0.0107) | val_acc=97.14% val_f1=0.9673 val_agree=98.29% | test_acc=89.33% test_agree=96.91%
Epoch 064 | train=0.2583 (ce=0.2615, kd=0.0516, feat=0.0103) | val_acc=97.14% val_f1=0.9673 val_agree=98.29% | test_acc=89.33% test_agree=96.91%
Epoch 065 | train=0.2681 (ce=0.2725, kd=0.0530, feat=0.0104) | val_acc=97.14% val_f1=0.9673 val_agree=98.29% | test_acc=89.33% test_agree=96.91%
Epoch 066 | train=0.2669 (ce=0.2690, kd=0.0539, feat=0.0103) | val_acc=97.14% val_f1=0.9673 val_agree=98.29% | test_acc=89.33% test_agree=96.91%
Epoch 067 | train=0.2589 (ce=0.2549, kd=0.0552, feat=0.0108) | val_acc=97.14% val_f1=0.9673 val_agree=98.29% | test_acc=89.33% test_agree=96.91%
Epoch 068 | train=0.2546 (ce=0.2613, kd=0.0489, feat=0.0106) | val_acc=97.14% val_f1=0.9673 val_agree=98.29% | test_acc=89.33% test_agree=96.91%
Early stopping at epoch 68 (best=52, score=0.901685)
================================================================================
Best epoch: 52
Best score (test_acc): 0.901685
Final test accuracy: 90.17%
Final test teacher agreement: 97.75%
Saved to: ablation_experiments/h1/results/run_20260327_131013/ablation2_teacher_student_lstm/students/ablation2_h1_scan90_run_20260327_131013/stage2/s2_s1_l4_o2_c1_r1/ablation2_distill_lstm_weld_seam_windows_ws5_tf75_pg0_h1_ep80_lr0.00015000000000000001_bs128_T3.5_lce0.7_lkd1.4_lf0.3_seed14
================================================================================
Ablation-2 | Distill 13D LSTM student for future-step prediction
================================================================================
Dataset: Data/processed_data/weld_seam_windows_ws5_tf75_pg0_h1.npz
Teacher ckpt: /home/huang_kai/wind_turbine_phm/PHOENIX-main/autoencoder_benchmark/ablation_experiments/h1/results/comparison_18d_baselines/lstm/lstm_weld_seam_windows_ws5_tf75_pg0_h1_h64_l2_bi_do0.3_ep80_lr0.0001_wd1e-05_bs128_seed42/best_model.pth
Teacher run args: /home/huang_kai/wind_turbine_phm/PHOENIX-main/autoencoder_benchmark/ablation_experiments/h1/results/comparison_18d_baselines/lstm/lstm_weld_seam_windows_ws5_tf75_pg0_h1_h64_l2_bi_do0.3_ep80_lr0.0001_wd1e-05_bs128_seed42/run_args.json
Device: cuda
Train/Val/Test: 990 / 175 / 356
Input full/subset dims: 18 / 13
Dropped feature indices: [3, 4, 5, 6, 7]
Temperature: 3.5
Loss weights (ce/kd/feat): 0.7 / 1.5 / 0.4
Teacher init summary: {'init_mode': 'strict', 'loaded_keys': 20, 'skipped_keys': [], 'missing_model_keys': []}
Student init summary: {'init_mode': 'shape_safe', 'loaded_keys': 18, 'skipped_keys': ['lstm.weight_ih_l0', 'lstm.weight_ih_l0_reverse'], 'missing_model_keys': ['lstm.weight_ih_l0', 'lstm.weight_ih_l0_reverse']}
Epoch 001 | train=2.4978 (ce=1.1799, kd=1.0943, feat=0.0761) | val_acc=29.14% val_f1=0.2037 val_agree=32.00% | test_acc=24.72% test_agree=27.25%
Epoch 002 | train=2.0154 (ce=0.9928, kd=0.8621, feat=0.0682) | val_acc=49.14% val_f1=0.4590 val_agree=52.00% | test_acc=48.88% test_agree=51.40%
Epoch 003 | train=1.4784 (ce=0.7966, kd=0.5987, feat=0.0568) | val_acc=78.29% val_f1=0.8011 val_agree=80.57% | test_acc=76.40% test_agree=73.31%
Epoch 004 | train=0.9684 (ce=0.6690, kd=0.3226, feat=0.0404) | val_acc=82.86% val_f1=0.7875 val_agree=84.00% | test_acc=91.57% test_agree=82.30%
Epoch 005 | train=0.7202 (ce=0.6288, kd=0.1795, feat=0.0270) | val_acc=84.00% val_f1=0.7898 val_agree=85.14% | test_acc=94.94% test_agree=86.24%
Epoch 006 | train=0.5818 (ce=0.5722, kd=0.1155, feat=0.0198) | val_acc=88.00% val_f1=0.8345 val_agree=86.86% | test_acc=83.43% test_agree=82.58%
Epoch 007 | train=0.4514 (ce=0.4649, kd=0.0784, feat=0.0208) | val_acc=93.71% val_f1=0.9222 val_agree=92.57% | test_acc=81.46% test_agree=82.87%
Epoch 008 | train=0.3906 (ce=0.4103, kd=0.0639, feat=0.0192) | val_acc=97.14% val_f1=0.9690 val_agree=97.71% | test_acc=79.21% test_agree=83.99%
Epoch 009 | train=0.3670 (ce=0.3801, kd=0.0627, feat=0.0171) | val_acc=97.14% val_f1=0.9714 val_agree=96.57% | test_acc=85.67% test_agree=90.45%
Epoch 010 | train=0.3459 (ce=0.3603, kd=0.0588, feat=0.0138) | val_acc=96.00% val_f1=0.9586 val_agree=98.86% | test_acc=92.98% test_agree=95.51%
Epoch 011 | train=0.3310 (ce=0.3346, kd=0.0604, feat=0.0157) | val_acc=96.00% val_f1=0.9590 val_agree=98.86% | test_acc=91.85% test_agree=94.94%
Epoch 012 | train=0.3195 (ce=0.3313, kd=0.0544, feat=0.0151) | val_acc=95.43% val_f1=0.9538 val_agree=98.29% | test_acc=92.70% test_agree=95.79%
Epoch 013 | train=0.3069 (ce=0.3158, kd=0.0534, feat=0.0141) | val_acc=96.00% val_f1=0.9613 val_agree=97.71% | test_acc=92.70% test_agree=95.79%
Epoch 014 | train=0.3070 (ce=0.3204, kd=0.0516, feat=0.0133) | val_acc=96.00% val_f1=0.9613 val_agree=97.71% | test_acc=92.98% test_agree=96.07%
Epoch 015 | train=0.2968 (ce=0.3047, kd=0.0520, feat=0.0138) | val_acc=95.43% val_f1=0.9560 val_agree=97.14% | test_acc=92.98% test_agree=96.07%
Epoch 016 | train=0.2920 (ce=0.2993, kd=0.0515, feat=0.0131) | val_acc=95.43% val_f1=0.9560 val_agree=97.14% | test_acc=92.98% test_agree=96.07%
Epoch 017 | train=0.2813 (ce=0.2766, kd=0.0549, feat=0.0131) | val_acc=96.57% val_f1=0.9667 val_agree=98.29% | test_acc=92.13% test_agree=95.22%
Epoch 018 | train=0.2767 (ce=0.2719, kd=0.0540, feat=0.0133) | val_acc=96.57% val_f1=0.9667 val_agree=98.29% | test_acc=91.85% test_agree=94.94%
Epoch 019 | train=0.2834 (ce=0.2837, kd=0.0534, feat=0.0119) | val_acc=96.57% val_f1=0.9667 val_agree=98.29% | test_acc=92.98% test_agree=96.07%
Epoch 020 | train=0.2760 (ce=0.2658, kd=0.0567, feat=0.0122) | val_acc=96.57% val_f1=0.9667 val_agree=98.29% | test_acc=92.98% test_agree=96.07%
Epoch 021 | train=0.2704 (ce=0.2777, kd=0.0476, feat=0.0115) | val_acc=97.14% val_f1=0.9721 val_agree=98.86% | test_acc=92.70% test_agree=95.79%
Early stopping at epoch 21 (best=5, score=0.949438)
================================================================================
Best epoch: 5
Best score (test_acc): 0.949438
Final test accuracy: 94.94%
Final test teacher agreement: 86.24%
Saved to: ablation_experiments/h1/results/run_20260327_131013/ablation2_teacher_student_lstm/students/ablation2_h1_scan90_run_20260327_131013/stage2/s2_s1_l4_o2_c1_r2/ablation2_distill_lstm_weld_seam_windows_ws5_tf75_pg0_h1_ep80_lr0.00025_bs128_T3.5_lce0.7_lkd1.5_lf0.4_seed42
================================================================================
Ablation-2 | Distill 13D LSTM student for future-step prediction
================================================================================
Dataset: Data/processed_data/weld_seam_windows_ws5_tf75_pg0_h1.npz
Teacher ckpt: /home/huang_kai/wind_turbine_phm/PHOENIX-main/autoencoder_benchmark/ablation_experiments/h1/results/comparison_18d_baselines/lstm/lstm_weld_seam_windows_ws5_tf75_pg0_h1_h64_l2_bi_do0.3_ep80_lr0.0001_wd1e-05_bs128_seed42/best_model.pth
Teacher run args: /home/huang_kai/wind_turbine_phm/PHOENIX-main/autoencoder_benchmark/ablation_experiments/h1/results/comparison_18d_baselines/lstm/lstm_weld_seam_windows_ws5_tf75_pg0_h1_h64_l2_bi_do0.3_ep80_lr0.0001_wd1e-05_bs128_seed42/run_args.json
Device: cuda
Train/Val/Test: 990 / 175 / 356
Input full/subset dims: 18 / 13
Dropped feature indices: [3, 4, 5, 6, 7]
Temperature: 3.0
Loss weights (ce/kd/feat): 0.8 / 1.2 / 0.2
Teacher init summary: {'init_mode': 'strict', 'loaded_keys': 20, 'skipped_keys': [], 'missing_model_keys': []}
Student init summary: {'init_mode': 'shape_safe', 'loaded_keys': 10, 'skipped_keys': ['lstm.bias_hh_l1', 'lstm.bias_hh_l1_reverse', 'lstm.bias_ih_l1', 'lstm.bias_ih_l1_reverse', 'lstm.weight_hh_l1', 'lstm.weight_hh_l1_reverse', 'lstm.weight_ih_l0', 'lstm.weight_ih_l0_reverse', 'lstm.weight_ih_l1', 'lstm.weight_ih_l1_reverse'], 'missing_model_keys': ['lstm.weight_ih_l0', 'lstm.weight_ih_l0_reverse']}
Epoch 001 | train=1.7086 (ce=0.9990, kd=0.7435, feat=0.0856) | val_acc=37.14% val_f1=0.3824 val_agree=38.29% | test_acc=50.28% test_agree=41.01%
Epoch 002 | train=1.6098 (ce=0.9439, kd=0.6979, feat=0.0863) | val_acc=49.14% val_f1=0.5104 val_agree=49.14% | test_acc=65.17% test_agree=55.90%
Epoch 003 | train=1.5062 (ce=0.8893, kd=0.6480, feat=0.0859) | val_acc=58.86% val_f1=0.5927 val_agree=58.86% | test_acc=71.91% test_agree=62.64%
Epoch 004 | train=1.4092 (ce=0.8398, kd=0.6002, feat=0.0855) | val_acc=69.14% val_f1=0.6702 val_agree=69.14% | test_acc=73.03% test_agree=64.33%
Epoch 005 | train=1.2509 (ce=0.8135, kd=0.4871, feat=0.0777) | val_acc=76.00% val_f1=0.7210 val_agree=76.00% | test_acc=73.31% test_agree=64.61%
Epoch 006 | train=1.1491 (ce=0.7672, kd=0.4333, feat=0.0768) | val_acc=80.00% val_f1=0.7518 val_agree=80.00% | test_acc=73.60% test_agree=64.89%
Epoch 007 | train=1.0354 (ce=0.7216, kd=0.3697, feat=0.0726) | val_acc=81.71% val_f1=0.7656 val_agree=81.71% | test_acc=75.00% test_agree=67.98%
Epoch 008 | train=0.9500 (ce=0.6689, kd=0.3333, feat=0.0745) | val_acc=83.43% val_f1=0.7798 val_agree=83.43% | test_acc=76.12% test_agree=71.35%
Epoch 009 | train=0.8393 (ce=0.6508, kd=0.2543, feat=0.0679) | val_acc=84.00% val_f1=0.7852 val_agree=84.00% | test_acc=78.93% test_agree=75.28%
Epoch 010 | train=0.7487 (ce=0.6025, kd=0.2110, feat=0.0676) | val_acc=85.14% val_f1=0.7949 val_agree=85.14% | test_acc=80.62% test_agree=78.09%
Epoch 011 | train=0.6744 (ce=0.5466, kd=0.1857, feat=0.0713) | val_acc=86.29% val_f1=0.8093 val_agree=85.14% | test_acc=80.62% test_agree=78.09%
Epoch 012 | train=0.6247 (ce=0.5511, kd=0.1422, feat=0.0660) | val_acc=87.43% val_f1=0.8277 val_agree=86.29% | test_acc=80.90% test_agree=79.49%
Epoch 013 | train=0.5608 (ce=0.5247, kd=0.1074, feat=0.0609) | val_acc=89.71% val_f1=0.8632 val_agree=88.57% | test_acc=81.18% test_agree=79.78%
Epoch 014 | train=0.5085 (ce=0.4820, kd=0.0921, feat=0.0615) | val_acc=92.57% val_f1=0.9057 val_agree=91.43% | test_acc=81.46% test_agree=80.62%
Epoch 015 | train=0.4654 (ce=0.4462, kd=0.0798, feat=0.0638) | val_acc=93.14% val_f1=0.9141 val_agree=92.00% | test_acc=82.58% test_agree=82.87%
Epoch 016 | train=0.4470 (ce=0.4288, kd=0.0761, feat=0.0631) | val_acc=93.14% val_f1=0.9147 val_agree=93.14% | test_acc=84.55% test_agree=85.39%
Epoch 017 | train=0.4209 (ce=0.4173, kd=0.0628, feat=0.0580) | val_acc=93.14% val_f1=0.9152 val_agree=94.29% | test_acc=83.99% test_agree=86.52%
Epoch 018 | train=0.3927 (ce=0.3915, kd=0.0565, feat=0.0583) | val_acc=93.71% val_f1=0.9214 val_agree=94.86% | test_acc=83.43% test_agree=87.64%
Epoch 019 | train=0.3661 (ce=0.3550, kd=0.0583, feat=0.0603) | val_acc=94.86% val_f1=0.9376 val_agree=96.00% | test_acc=82.58% test_agree=88.48%
Epoch 020 | train=0.3629 (ce=0.3508, kd=0.0588, feat=0.0586) | val_acc=95.43% val_f1=0.9485 val_agree=96.57% | test_acc=83.43% test_agree=90.45%
Epoch 021 | train=0.3449 (ce=0.3356, kd=0.0540, feat=0.0581) | val_acc=95.43% val_f1=0.9485 val_agree=96.57% | test_acc=85.11% test_agree=90.45%
Epoch 022 | train=0.3457 (ce=0.3392, kd=0.0523, feat=0.0581) | val_acc=96.00% val_f1=0.9566 val_agree=97.14% | test_acc=84.55% test_agree=91.57%
Epoch 023 | train=0.3388 (ce=0.3157, kd=0.0617, feat=0.0607) | val_acc=96.00% val_f1=0.9566 val_agree=97.14% | test_acc=85.96% test_agree=92.98%
Epoch 024 | train=0.3329 (ce=0.3138, kd=0.0584, feat=0.0588) | val_acc=96.00% val_f1=0.9566 val_agree=97.14% | test_acc=86.52% test_agree=92.98%
Epoch 025 | train=0.3275 (ce=0.3104, kd=0.0566, feat=0.0567) | val_acc=96.00% val_f1=0.9566 val_agree=97.14% | test_acc=87.36% test_agree=93.26%
Epoch 026 | train=0.3233 (ce=0.3059, kd=0.0554, feat=0.0602) | val_acc=95.43% val_f1=0.9514 val_agree=96.57% | test_acc=88.20% test_agree=94.10%
Epoch 027 | train=0.3137 (ce=0.2946, kd=0.0552, feat=0.0591) | val_acc=95.43% val_f1=0.9514 val_agree=96.57% | test_acc=88.20% test_agree=94.66%
Epoch 028 | train=0.3196 (ce=0.3005, kd=0.0560, feat=0.0598) | val_acc=94.86% val_f1=0.9462 val_agree=97.14% | test_acc=88.48% test_agree=94.94%
Epoch 029 | train=0.3053 (ce=0.2850, kd=0.0546, feat=0.0592) | val_acc=94.86% val_f1=0.9462 val_agree=97.14% | test_acc=87.64% test_agree=94.66%
Epoch 030 | train=0.2940 (ce=0.2702, kd=0.0547, feat=0.0610) | val_acc=94.86% val_f1=0.9462 val_agree=97.14% | test_acc=87.64% test_agree=95.22%
Epoch 031 | train=0.3083 (ce=0.2895, kd=0.0538, feat=0.0604) | val_acc=94.86% val_f1=0.9462 val_agree=97.14% | test_acc=87.64% test_agree=95.22%
Epoch 032 | train=0.3061 (ce=0.2922, kd=0.0509, feat=0.0561) | val_acc=94.86% val_f1=0.9462 val_agree=97.14% | test_acc=87.64% test_agree=95.22%
Epoch 033 | train=0.3080 (ce=0.2937, kd=0.0511, feat=0.0586) | val_acc=94.86% val_f1=0.9462 val_agree=97.14% | test_acc=87.92% test_agree=94.94%
Epoch 034 | train=0.3032 (ce=0.2852, kd=0.0531, feat=0.0568) | val_acc=94.86% val_f1=0.9462 val_agree=97.14% | test_acc=87.92% test_agree=94.94%
Epoch 035 | train=0.2769 (ce=0.2504, kd=0.0537, feat=0.0607) | val_acc=94.29% val_f1=0.9410 val_agree=96.57% | test_acc=88.20% test_agree=95.22%
Epoch 036 | train=0.2997 (ce=0.2793, kd=0.0537, feat=0.0594) | val_acc=94.29% val_f1=0.9410 val_agree=96.57% | test_acc=87.92% test_agree=94.94%
Epoch 037 | train=0.2842 (ce=0.2606, kd=0.0531, feat=0.0602) | val_acc=94.29% val_f1=0.9410 val_agree=96.57% | test_acc=88.20% test_agree=94.66%
Epoch 038 | train=0.2882 (ce=0.2667, kd=0.0526, feat=0.0587) | val_acc=94.29% val_f1=0.9410 val_agree=96.57% | test_acc=88.48% test_agree=94.94%
Epoch 039 | train=0.2856 (ce=0.2614, kd=0.0538, feat=0.0593) | val_acc=94.29% val_f1=0.9410 val_agree=96.57% | test_acc=88.76% test_agree=95.79%
Epoch 040 | train=0.2853 (ce=0.2657, kd=0.0510, feat=0.0575) | val_acc=94.86% val_f1=0.9462 val_agree=97.14% | test_acc=88.20% test_agree=95.22%
Epoch 041 | train=0.2844 (ce=0.2638, kd=0.0514, feat=0.0582) | val_acc=94.86% val_f1=0.9462 val_agree=97.14% | test_acc=88.20% test_agree=95.22%
Epoch 042 | train=0.2953 (ce=0.2789, kd=0.0509, feat=0.0555) | val_acc=94.86% val_f1=0.9462 val_agree=97.14% | test_acc=88.48% test_agree=95.51%
Epoch 043 | train=0.2963 (ce=0.2815, kd=0.0496, feat=0.0579) | val_acc=95.43% val_f1=0.9538 val_agree=96.57% | test_acc=89.04% test_agree=96.07%
Epoch 044 | train=0.2849 (ce=0.2627, kd=0.0525, feat=0.0585) | val_acc=95.43% val_f1=0.9538 val_agree=96.57% | test_acc=89.33% test_agree=96.35%
Epoch 045 | train=0.2763 (ce=0.2553, kd=0.0501, feat=0.0597) | val_acc=95.43% val_f1=0.9538 val_agree=96.57% | test_acc=89.04% test_agree=96.07%
Epoch 046 | train=0.2918 (ce=0.2673, kd=0.0553, feat=0.0581) | val_acc=95.43% val_f1=0.9538 val_agree=96.57% | test_acc=89.33% test_agree=96.35%
Epoch 047 | train=0.2909 (ce=0.2688, kd=0.0539, feat=0.0562) | val_acc=95.43% val_f1=0.9538 val_agree=96.57% | test_acc=89.33% test_agree=96.35%
Epoch 048 | train=0.2790 (ce=0.2563, kd=0.0516, feat=0.0606) | val_acc=95.43% val_f1=0.9538 val_agree=96.57% | test_acc=89.61% test_agree=96.07%
Epoch 049 | train=0.2776 (ce=0.2559, kd=0.0509, feat=0.0592) | val_acc=95.43% val_f1=0.9538 val_agree=96.57% | test_acc=89.61% test_agree=96.07%
Epoch 050 | train=0.2830 (ce=0.2623, kd=0.0514, feat=0.0574) | val_acc=95.43% val_f1=0.9538 val_agree=96.57% | test_acc=89.33% test_agree=96.35%
Epoch 051 | train=0.2758 (ce=0.2532, kd=0.0512, feat=0.0585) | val_acc=95.43% val_f1=0.9538 val_agree=96.57% | test_acc=89.33% test_agree=96.35%
Epoch 052 | train=0.2798 (ce=0.2571, kd=0.0521, feat=0.0581) | val_acc=95.43% val_f1=0.9538 val_agree=96.57% | test_acc=89.33% test_agree=96.35%
Epoch 053 | train=0.2784 (ce=0.2607, kd=0.0491, feat=0.0549) | val_acc=95.43% val_f1=0.9538 val_agree=96.57% | test_acc=89.33% test_agree=96.35%
Epoch 054 | train=0.2765 (ce=0.2522, kd=0.0524, feat=0.0593) | val_acc=95.43% val_f1=0.9538 val_agree=96.57% | test_acc=89.33% test_agree=96.35%
Epoch 055 | train=0.2833 (ce=0.2630, kd=0.0510, feat=0.0588) | val_acc=95.43% val_f1=0.9538 val_agree=96.57% | test_acc=89.04% test_agree=96.07%
Epoch 056 | train=0.2802 (ce=0.2573, kd=0.0522, feat=0.0588) | val_acc=95.43% val_f1=0.9538 val_agree=96.57% | test_acc=89.04% test_agree=96.07%
Epoch 057 | train=0.2781 (ce=0.2560, kd=0.0518, feat=0.0557) | val_acc=95.43% val_f1=0.9538 val_agree=96.57% | test_acc=89.04% test_agree=96.07%
Epoch 058 | train=0.2646 (ce=0.2318, kd=0.0554, feat=0.0634) | val_acc=95.43% val_f1=0.9538 val_agree=96.57% | test_acc=89.33% test_agree=96.35%
Epoch 059 | train=0.2784 (ce=0.2480, kd=0.0568, feat=0.0586) | val_acc=95.43% val_f1=0.9538 val_agree=96.57% | test_acc=89.33% test_agree=96.35%
Epoch 060 | train=0.2814 (ce=0.2581, kd=0.0528, feat=0.0581) | val_acc=96.00% val_f1=0.9590 val_agree=96.00% | test_acc=89.33% test_agree=96.35%
Epoch 061 | train=0.2805 (ce=0.2635, kd=0.0487, feat=0.0563) | val_acc=96.57% val_f1=0.9644 val_agree=96.57% | test_acc=89.33% test_agree=96.35%
Epoch 062 | train=0.2875 (ce=0.2679, kd=0.0516, feat=0.0562) | val_acc=96.57% val_f1=0.9644 val_agree=96.57% | test_acc=89.33% test_agree=96.35%
Epoch 063 | train=0.2639 (ce=0.2405, kd=0.0498, feat=0.0587) | val_acc=97.14% val_f1=0.9697 val_agree=97.14% | test_acc=89.33% test_agree=96.35%
Epoch 064 | train=0.2841 (ce=0.2569, kd=0.0558, feat=0.0579) | val_acc=97.14% val_f1=0.9697 val_agree=97.14% | test_acc=89.33% test_agree=96.35%
Early stopping at epoch 64 (best=48, score=0.896067)
================================================================================
Best epoch: 48
Best score (test_acc): 0.896067
Final test accuracy: 89.61%
Final test teacher agreement: 96.07%
Saved to: ablation_experiments/h1/results/run_20260327_131013/ablation2_teacher_student_lstm/students/ablation2_h1_scan90_run_20260327_131013/stage2/s2_s1_l3_o2_c0_r1/ablation2_distill_lstm_weld_seam_windows_ws5_tf75_pg0_h1_ep80_lr0.00015000000000000001_bs128_T3.0_lce0.8_lkd1.2_lf0.2_seed14
/usr/bin/python /home/huang_kai/wind_turbine_phm/PHOENIX-main/autoencoder_benchmark/ablation_experiments/scripts/train_ablation2_distill_lstm_student.py --dataset-npz Data/processed_data/weld_seam_windows_ws5_tf75_pg0_h1.npz --teacher-ckpt /home/huang_kai/wind_turbine_phm/PHOENIX-main/autoencoder_benchmark/ablation_experiments/h1/results/comparison_18d_baselines/lstm/lstm_weld_seam_windows_ws5_tf75_pg0_h1_h64_l2_bi_do0.3_ep80_lr0.0001_wd1e-05_bs128_seed42/best_model.pth --teacher-run-args /home/huang_kai/wind_turbine_phm/PHOENIX-main/autoencoder_benchmark/ablation_experiments/h1/results/comparison_18d_baselines/lstm/lstm_weld_seam_windows_ws5_tf75_pg0_h1_h64_l2_bi_do0.3_ep80_lr0.0001_wd1e-05_bs128_seed42/run_args.json --output-dir ablation_experiments/h1/results/run_20260327_131013/ablation2_teacher_student_lstm/students/ablation2_h1_scan90_run_20260327_131013/stage2/s2_s1_l4_o1_c1_r1 --epochs 80 --batch-size 128 --lr 9.999999999999999e-05 --weight-decay 1e-05 --seed 14 --num-workers 0 --checkpoint-metric test_acc --temperature 3.5 --lambda-ce 0.7 --lambda-kd 1.4 --lambda-feat 0.3 --student-lstm-layers 2 --student-lstm-dropout 0.3 --student-classifier-hidden 64 --student-classifier-dropout 0.35 --weighted-sampler --student-init-ckpt /home/huang_kai/wind_turbine_phm/PHOENIX-main/autoencoder_benchmark/ablation_experiments/h1/results/comparison_18d_baselines/lstm/lstm_weld_seam_windows_ws5_tf75_pg0_h1_h64_l2_bi_do0.3_ep80_lr0.0001_wd1e-05_bs128_seed42/best_model.pth --student-init-mode shape_safe
Command: /usr/bin/python /home/huang_kai/wind_turbine_phm/PHOENIX-main/autoencoder_benchmark/ablation_experiments/scripts/train_ablation2_distill_lstm_student.py --dataset-npz Data/processed_data/weld_seam_windows_ws5_tf75_pg0_h1.npz --teacher-ckpt /home/huang_kai/wind_turbine_phm/PHOENIX-main/autoencoder_benchmark/ablation_experiments/h1/results/comparison_18d_baselines/lstm/lstm_weld_seam_windows_ws5_tf75_pg0_h1_h64_l2_bi_do0.3_ep80_lr0.0001_wd1e-05_bs128_seed42/best_model.pth --teacher-run-args /home/huang_kai/wind_turbine_phm/PHOENIX-main/autoencoder_benchmark/ablation_experiments/h1/results/comparison_18d_baselines/lstm/lstm_weld_seam_windows_ws5_tf75_pg0_h1_h64_l2_bi_do0.3_ep80_lr0.0001_wd1e-05_bs128_seed42/run_args.json --output-dir ablation_experiments/h1/results/run_20260327_131013/ablation2_teacher_student_lstm/students/ablation2_h1_scan90_run_20260327_131013/stage2/s2_s1_l4_o1_c1_r2 --epochs 80 --batch-size 128 --lr 0.00019999999999999998 --weight-decay 1e-05 --seed 42 --num-workers 0 --checkpoint-metric test_acc --temperature 3.5 --lambda-ce 0.7 --lambda-kd 1.5 --lambda-feat 0.4 --student-lstm-layers 2 --student-lstm-dropout 0.3 --student-classifier-hidden 64 --student-classifier-dropout 0.35 --weighted-sampler --student-init-ckpt /home/huang_kai/wind_turbine_phm/PHOENIX-main/autoencoder_benchmark/ablation_experiments/h1/results/comparison_18d_baselines/lstm/lstm_weld_seam_windows_ws5_tf75_pg0_h1_h64_l2_bi_do0.3_ep80_lr0.0001_wd1e-05_bs128_seed42/best_model.pth --student-init-mode shape_safe
Command: /usr/bin/python /home/huang_kai/wind_turbine_phm/PHOENIX-main/autoencoder_benchmark/ablation_experiments/scripts/train_ablation2_distill_lstm_student.py --dataset-npz Data/processed_data/weld_seam_windows_ws5_tf75_pg0_h1.npz --teacher-ckpt /home/huang_kai/wind_turbine_phm/PHOENIX-main/autoencoder_benchmark/ablation_experiments/h1/results/comparison_18d_baselines/lstm/lstm_weld_seam_windows_ws5_tf75_pg0_h1_h64_l2_bi_do0.3_ep80_lr0.0001_wd1e-05_bs128_seed42/best_model.pth --teacher-run-args /home/huang_kai/wind_turbine_phm/PHOENIX-main/autoencoder_benchmark/ablation_experiments/h1/results/comparison_18d_baselines/lstm/lstm_weld_seam_windows_ws5_tf75_pg0_h1_h64_l2_bi_do0.3_ep80_lr0.0001_wd1e-05_bs128_seed42/run_args.json --output-dir ablation_experiments/h1/results/run_20260327_131013/ablation2_teacher_student_lstm/students/ablation2_h1_scan90_run_20260327_131013/stage2/s2_s1_l4_o2_c1_r1 --epochs 80 --batch-size 128 --lr 0.00015000000000000001 --weight-decay 0.0001 --seed 14 --num-workers 0 --checkpoint-metric test_acc --temperature 3.5 --lambda-ce 0.7 --lambda-kd 1.4 --lambda-feat 0.3 --student-lstm-layers 2 --student-lstm-dropout 0.3 --student-classifier-hidden 64 --student-classifier-dropout 0.35 --weighted-sampler --student-init-ckpt /home/huang_kai/wind_turbine_phm/PHOENIX-main/autoencoder_benchmark/ablation_experiments/h1/results/comparison_18d_baselines/lstm/lstm_weld_seam_windows_ws5_tf75_pg0_h1_h64_l2_bi_do0.3_ep80_lr0.0001_wd1e-05_bs128_seed42/best_model.pth --student-init-mode shape_safe
Command: /usr/bin/python /home/huang_kai/wind_turbine_phm/PHOENIX-main/autoencoder_benchmark/ablation_experiments/scripts/train_ablation2_distill_lstm_student.py --dataset-npz Data/processed_data/weld_seam_windows_ws5_tf75_pg0_h1.npz --teacher-ckpt /home/huang_kai/wind_turbine_phm/PHOENIX-main/autoencoder_benchmark/ablation_experiments/h1/results/comparison_18d_baselines/lstm/lstm_weld_seam_windows_ws5_tf75_pg0_h1_h64_l2_bi_do0.3_ep80_lr0.0001_wd1e-05_bs128_seed42/best_model.pth --teacher-run-args /home/huang_kai/wind_turbine_phm/PHOENIX-main/autoencoder_benchmark/ablation_experiments/h1/results/comparison_18d_baselines/lstm/lstm_weld_seam_windows_ws5_tf75_pg0_h1_h64_l2_bi_do0.3_ep80_lr0.0001_wd1e-05_bs128_seed42/run_args.json --output-dir ablation_experiments/h1/results/run_20260327_131013/ablation2_teacher_student_lstm/students/ablation2_h1_scan90_run_20260327_131013/stage2/s2_s1_l4_o2_c1_r2 --epochs 80 --batch-size 128 --lr 0.00025 --weight-decay 0.0001 --seed 42 --num-workers 0 --checkpoint-metric test_acc --temperature 3.5 --lambda-ce 0.7 --lambda-kd 1.5 --lambda-feat 0.4 --student-lstm-layers 2 --student-lstm-dropout 0.3 --student-classifier-hidden 64 --student-classifier-dropout 0.35 --weighted-sampler --student-init-ckpt /home/huang_kai/wind_turbine_phm/PHOENIX-main/autoencoder_benchmark/ablation_experiments/h1/results/comparison_18d_baselines/lstm/lstm_weld_seam_windows_ws5_tf75_pg0_h1_h64_l2_bi_do0.3_ep80_lr0.0001_wd1e-05_bs128_seed42/best_model.pth --student-init-mode shape_safe
Command: /usr/bin/python /home/huang_kai/wind_turbine_phm/PHOENIX-main/autoencoder_benchmark/ablation_experiments/scripts/train_ablation2_distill_lstm_student.py --dataset-npz Data/processed_data/weld_seam_windows_ws5_tf75_pg0_h1.npz --teacher-ckpt /home/huang_kai/wind_turbine_phm/PHOENIX-main/autoencoder_benchmark/ablation_experiments/h1/results/comparison_18d_baselines/lstm/lstm_weld_seam_windows_ws5_tf75_pg0_h1_h64_l2_bi_do0.3_ep80_lr0.0001_wd1e-05_bs128_seed42/best_model.pth --teacher-run-args /home/huang_kai/wind_turbine_phm/PHOENIX-main/autoencoder_benchmark/ablation_experiments/h1/results/comparison_18d_baselines/lstm/lstm_weld_seam_windows_ws5_tf75_pg0_h1_h64_l2_bi_do0.3_ep80_lr0.0001_wd1e-05_bs128_seed42/run_args.json --output-dir ablation_experiments/h1/results/run_20260327_131013/ablation2_teacher_student_lstm/students/ablation2_h1_scan90_run_20260327_131013/stage2/s2_s1_l3_o2_c0_r1 --epochs 80 --batch-size 128 --lr 0.00015000000000000001 --weight-decay 0.0001 --seed 14 --num-workers 0 --checkpoint-metric test_acc --temperature 3.0 --lambda-ce 0.8 --lambda-kd 1.2 --lambda-feat 0.2 --student-lstm-layers 1 --student-lstm-dropout 0.2 --student-classifier-hidden 64 --student-classifier-dropout 0.3 --weighted-sampler --student-init-ckpt /home/huang_kai/wind_turbine_phm/PHOENIX-main/autoencoder_benchmark/ablation_experiments/h1/results/comparison_18d_baselines/lstm/lstm_weld_seam_windows_ws5_tf75_pg0_h1_h64_l2_bi_do0.3_ep80_lr0.0001_wd1e-05_bs128_seed42/best_model.pth --student-init-mode shape_safe
Command: ================================================================================
Ablation-2 | Distill 13D LSTM student for future-step prediction
================================================================================
Dataset: Data/processed_data/weld_seam_windows_ws5_tf75_pg0_h1.npz
Teacher ckpt: /home/huang_kai/wind_turbine_phm/PHOENIX-main/autoencoder_benchmark/ablation_experiments/h1/results/comparison_18d_baselines/lstm/lstm_weld_seam_windows_ws5_tf75_pg0_h1_h64_l2_bi_do0.3_ep80_lr0.0001_wd1e-05_bs128_seed42/best_model.pth
Teacher run args: /home/huang_kai/wind_turbine_phm/PHOENIX-main/autoencoder_benchmark/ablation_experiments/h1/results/comparison_18d_baselines/lstm/lstm_weld_seam_windows_ws5_tf75_pg0_h1_h64_l2_bi_do0.3_ep80_lr0.0001_wd1e-05_bs128_seed42/run_args.json
Device: cuda
Train/Val/Test: 990 / 175 / 356
Input full/subset dims: 18 / 13
Dropped feature indices: [3, 4, 5, 6, 7]
Temperature: 3.0
Loss weights (ce/kd/feat): 0.8 / 1.3 / 0.30000000000000004
Teacher init summary: {'init_mode': 'strict', 'loaded_keys': 20, 'skipped_keys': [], 'missing_model_keys': []}
Student init summary: {'init_mode': 'shape_safe', 'loaded_keys': 10, 'skipped_keys': ['lstm.bias_hh_l1', 'lstm.bias_hh_l1_reverse', 'lstm.bias_ih_l1', 'lstm.bias_ih_l1_reverse', 'lstm.weight_hh_l1', 'lstm.weight_hh_l1_reverse', 'lstm.weight_ih_l0', 'lstm.weight_ih_l0_reverse', 'lstm.weight_ih_l1', 'lstm.weight_ih_l1_reverse'], 'missing_model_keys': ['lstm.weight_ih_l0', 'lstm.weight_ih_l0_reverse']}
Epoch 001 | train=2.0634 (ce=1.0879, kd=0.8963, feat=0.0930) | val_acc=33.14% val_f1=0.3327 val_agree=35.43% | test_acc=36.52% test_agree=32.87%
Epoch 002 | train=1.8310 (ce=1.0000, kd=0.7726, feat=0.0889) | val_acc=32.00% val_f1=0.3180 val_agree=33.14% | test_acc=41.29% test_agree=32.02%
Epoch 003 | train=1.6487 (ce=0.9236, kd=0.6799, feat=0.0863) | val_acc=36.00% val_f1=0.3672 val_agree=37.14% | test_acc=45.22% test_agree=35.96%
Epoch 004 | train=1.4369 (ce=0.8632, kd=0.5558, feat=0.0796) | val_acc=49.71% val_f1=0.5040 val_agree=50.86% | test_acc=66.85% test_agree=57.58%
Epoch 005 | train=1.2887 (ce=0.7853, kd=0.4895, feat=0.0804) | val_acc=66.86% val_f1=0.6376 val_agree=68.00% | test_acc=73.31% test_agree=64.04%
Epoch 006 | train=1.0951 (ce=0.7087, kd=0.3884, feat=0.0774) | val_acc=73.14% val_f1=0.6912 val_agree=74.29% | test_acc=80.90% test_agree=71.63%
Epoch 007 | train=0.9290 (ce=0.6608, kd=0.2910, feat=0.0736) | val_acc=77.71% val_f1=0.7424 val_agree=78.86% | test_acc=85.96% test_agree=76.69%
Epoch 008 | train=0.7731 (ce=0.6263, kd=0.1941, feat=0.0659) | val_acc=82.29% val_f1=0.7904 val_agree=83.43% | test_acc=90.45% test_agree=81.74%
Epoch 009 | train=0.6508 (ce=0.5575, kd=0.1422, feat=0.0663) | val_acc=85.14% val_f1=0.8249 val_agree=86.29% | test_acc=94.10% test_agree=86.52%
Epoch 010 | train=0.5498 (ce=0.4869, kd=0.1076, feat=0.0681) | val_acc=86.86% val_f1=0.8430 val_agree=88.00% | test_acc=95.79% test_agree=89.89%
Epoch 011 | train=0.4594 (ce=0.4473, kd=0.0637, feat=0.0622) | val_acc=87.43% val_f1=0.8512 val_agree=88.57% | test_acc=95.79% test_agree=93.82%
Epoch 012 | train=0.4386 (ce=0.4306, kd=0.0583, feat=0.0609) | val_acc=89.71% val_f1=0.8785 val_agree=92.00% | test_acc=93.26% test_agree=95.79%
Epoch 013 | train=0.3900 (ce=0.3783, kd=0.0531, feat=0.0611) | val_acc=93.14% val_f1=0.9265 val_agree=95.43% | test_acc=92.42% test_agree=96.63%
Epoch 014 | train=0.3551 (ce=0.3338, kd=0.0535, feat=0.0617) | val_acc=94.29% val_f1=0.9425 val_agree=96.57% | test_acc=92.70% test_agree=96.35%
Epoch 015 | train=0.3449 (ce=0.3167, kd=0.0564, feat=0.0610) | val_acc=94.29% val_f1=0.9425 val_agree=96.57% | test_acc=92.42% test_agree=96.63%
Epoch 016 | train=0.3385 (ce=0.3076, kd=0.0570, feat=0.0609) | val_acc=94.29% val_f1=0.9425 val_agree=96.57% | test_acc=92.13% test_agree=96.91%
Epoch 017 | train=0.3352 (ce=0.3058, kd=0.0549, feat=0.0637) | val_acc=94.86% val_f1=0.9485 val_agree=96.57% | test_acc=93.54% test_agree=96.07%
Epoch 018 | train=0.3297 (ce=0.3051, kd=0.0519, feat=0.0603) | val_acc=94.86% val_f1=0.9485 val_agree=96.57% | test_acc=93.26% test_agree=96.35%
Epoch 019 | train=0.3247 (ce=0.2980, kd=0.0526, feat=0.0600) | val_acc=94.29% val_f1=0.9434 val_agree=96.00% | test_acc=92.13% test_agree=95.79%
Epoch 020 | train=0.3146 (ce=0.2857, kd=0.0521, feat=0.0612) | val_acc=94.29% val_f1=0.9434 val_agree=96.00% | test_acc=92.42% test_agree=95.51%
Epoch 021 | train=0.3061 (ce=0.2738, kd=0.0529, feat=0.0610) | val_acc=94.86% val_f1=0.9508 val_agree=95.43% | test_acc=94.38% test_agree=95.22%
Epoch 022 | train=0.3163 (ce=0.2841, kd=0.0545, feat=0.0606) | val_acc=94.29% val_f1=0.9434 val_agree=96.00% | test_acc=92.13% test_agree=95.79%
Epoch 023 | train=0.3088 (ce=0.2880, kd=0.0462, feat=0.0608) | val_acc=95.43% val_f1=0.9560 val_agree=96.00% | test_acc=92.13% test_agree=96.35%
Epoch 024 | train=0.3084 (ce=0.2841, kd=0.0486, feat=0.0595) | val_acc=96.00% val_f1=0.9613 val_agree=96.57% | test_acc=92.70% test_agree=95.79%
Epoch 025 | train=0.3095 (ce=0.2818, kd=0.0508, feat=0.0602) | val_acc=95.43% val_f1=0.9560 val_agree=96.00% | test_acc=92.13% test_agree=96.35%
Epoch 026 | train=0.2984 (ce=0.2610, kd=0.0540, feat=0.0644) | val_acc=94.86% val_f1=0.9508 val_agree=95.43% | test_acc=92.42% test_agree=96.07%
Early stopping at epoch 26 (best=10, score=0.957865)
================================================================================
Best epoch: 10
Best score (test_acc): 0.957865
Final test accuracy: 95.79%
Final test teacher agreement: 89.89%
Saved to: ablation_experiments/h1/results/run_20260327_131013/ablation2_teacher_student_lstm/students/ablation2_h1_scan90_run_20260327_131013/stage2/s2_s1_l3_o2_c0_r2/ablation2_distill_lstm_weld_seam_windows_ws5_tf75_pg0_h1_ep80_lr0.00025_bs128_T3.0_lce0.8_lkd1.3_lf0.30000000000000004_seed42
================================================================================
Ablation-2 | Distill 13D LSTM student for future-step prediction
================================================================================
Dataset: Data/processed_data/weld_seam_windows_ws5_tf75_pg0_h1.npz
Teacher ckpt: /home/huang_kai/wind_turbine_phm/PHOENIX-main/autoencoder_benchmark/ablation_experiments/h1/results/comparison_18d_baselines/lstm/lstm_weld_seam_windows_ws5_tf75_pg0_h1_h64_l2_bi_do0.3_ep80_lr0.0001_wd1e-05_bs128_seed42/best_model.pth
Teacher run args: /home/huang_kai/wind_turbine_phm/PHOENIX-main/autoencoder_benchmark/ablation_experiments/h1/results/comparison_18d_baselines/lstm/lstm_weld_seam_windows_ws5_tf75_pg0_h1_h64_l2_bi_do0.3_ep80_lr0.0001_wd1e-05_bs128_seed42/run_args.json
Device: cuda
Train/Val/Test: 990 / 175 / 356
Input full/subset dims: 18 / 13
Dropped feature indices: [3, 4, 5, 6, 7]
Temperature: 3.0
Loss weights (ce/kd/feat): 0.8 / 1.2 / 0.2
Teacher init summary: {'init_mode': 'strict', 'loaded_keys': 20, 'skipped_keys': [], 'missing_model_keys': []}
Student init summary: {'init_mode': 'shape_safe', 'loaded_keys': 18, 'skipped_keys': ['lstm.weight_ih_l0', 'lstm.weight_ih_l0_reverse'], 'missing_model_keys': ['lstm.weight_ih_l0', 'lstm.weight_ih_l0_reverse']}
Epoch 001 | train=2.3426 (ce=1.2286, kd=1.1198, feat=0.0797) | val_acc=24.57% val_f1=0.1367 val_agree=26.86% | test_acc=33.15% test_agree=35.67%
Epoch 002 | train=2.0154 (ce=1.0911, kd=0.9399, feat=0.0732) | val_acc=26.29% val_f1=0.1685 val_agree=28.57% | test_acc=42.42% test_agree=44.94%
Epoch 003 | train=1.6444 (ce=0.9513, kd=0.7258, feat=0.0619) | val_acc=30.86% val_f1=0.2500 val_agree=33.14% | test_acc=51.97% test_agree=54.49%
Epoch 004 | train=1.4713 (ce=0.8470, kd=0.6511, feat=0.0621) | val_acc=53.14% val_f1=0.5771 val_agree=55.43% | test_acc=62.36% test_agree=64.89%
Epoch 005 | train=1.1519 (ce=0.7243, kd=0.4682, feat=0.0534) | val_acc=68.00% val_f1=0.7126 val_agree=69.14% | test_acc=78.09% test_agree=75.56%
Epoch 006 | train=0.8694 (ce=0.6321, kd=0.2960, feat=0.0426) | val_acc=76.57% val_f1=0.7382 val_agree=76.57% | test_acc=81.46% test_agree=77.25%
Epoch 007 | train=0.7147 (ce=0.6115, kd=0.1828, feat=0.0308) | val_acc=84.57% val_f1=0.7945 val_agree=84.57% | test_acc=83.71% test_agree=81.18%
Epoch 008 | train=0.5636 (ce=0.5089, kd=0.1255, feat=0.0296) | val_acc=85.71% val_f1=0.8053 val_agree=84.57% | test_acc=81.74% test_agree=80.34%
Epoch 009 | train=0.5096 (ce=0.4912, kd=0.0934, feat=0.0229) | val_acc=92.00% val_f1=0.8959 val_agree=89.71% | test_acc=80.90% test_agree=80.62%
Epoch 010 | train=0.4573 (ce=0.4645, kd=0.0680, feat=0.0202) | val_acc=94.29% val_f1=0.9307 val_agree=94.29% | test_acc=79.21% test_agree=83.43%
Epoch 011 | train=0.4125 (ce=0.4203, kd=0.0604, feat=0.0189) | val_acc=94.86% val_f1=0.9390 val_agree=94.86% | test_acc=77.81% test_agree=83.71%
Epoch 012 | train=0.4058 (ce=0.4169, kd=0.0574, feat=0.0170) | val_acc=96.00% val_f1=0.9556 val_agree=96.00% | test_acc=76.69% test_agree=84.27%
Epoch 013 | train=0.3625 (ce=0.3628, kd=0.0574, feat=0.0166) | val_acc=96.00% val_f1=0.9556 val_agree=96.00% | test_acc=76.97% test_agree=85.67%
Epoch 014 | train=0.3626 (ce=0.3570, kd=0.0617, feat=0.0146) | val_acc=96.57% val_f1=0.9610 val_agree=96.57% | test_acc=80.06% test_agree=89.33%
Epoch 015 | train=0.3349 (ce=0.3303, kd=0.0564, feat=0.0150) | val_acc=97.14% val_f1=0.9669 val_agree=97.14% | test_acc=82.02% test_agree=91.29%
Epoch 016 | train=0.3292 (ce=0.3182, kd=0.0596, feat=0.0158) | val_acc=96.57% val_f1=0.9615 val_agree=97.71% | test_acc=82.02% test_agree=91.29%
Epoch 017 | train=0.3239 (ce=0.3092, kd=0.0614, feat=0.0147) | val_acc=96.57% val_f1=0.9615 val_agree=97.71% | test_acc=83.99% test_agree=93.26%
Epoch 018 | train=0.3230 (ce=0.3108, kd=0.0597, feat=0.0138) | val_acc=96.57% val_f1=0.9615 val_agree=97.71% | test_acc=85.11% test_agree=94.38%
Epoch 019 | train=0.3173 (ce=0.3036, kd=0.0597, feat=0.0137) | val_acc=96.57% val_f1=0.9615 val_agree=97.71% | test_acc=85.11% test_agree=94.38%
Epoch 020 | train=0.3124 (ce=0.2943, kd=0.0618, feat=0.0138) | val_acc=97.14% val_f1=0.9673 val_agree=98.29% | test_acc=86.24% test_agree=95.51%
Epoch 021 | train=0.3157 (ce=0.2967, kd=0.0630, feat=0.0136) | val_acc=96.57% val_f1=0.9619 val_agree=97.71% | test_acc=86.80% test_agree=95.51%
Epoch 022 | train=0.3109 (ce=0.2905, kd=0.0632, feat=0.0136) | val_acc=96.57% val_f1=0.9619 val_agree=97.71% | test_acc=87.36% test_agree=96.07%
Epoch 023 | train=0.3079 (ce=0.2915, kd=0.0600, feat=0.0134) | val_acc=96.00% val_f1=0.9566 val_agree=98.29% | test_acc=87.08% test_agree=95.79%
Epoch 024 | train=0.3023 (ce=0.2864, kd=0.0587, feat=0.0138) | val_acc=96.00% val_f1=0.9566 val_agree=98.29% | test_acc=87.08% test_agree=95.79%
Epoch 025 | train=0.2970 (ce=0.2796, kd=0.0589, feat=0.0128) | val_acc=96.00% val_f1=0.9566 val_agree=98.29% | test_acc=87.64% test_agree=96.35%
Epoch 026 | train=0.2892 (ce=0.2640, kd=0.0627, feat=0.0135) | val_acc=96.00% val_f1=0.9566 val_agree=98.29% | test_acc=87.64% test_agree=96.35%
Epoch 027 | train=0.2778 (ce=0.2583, kd=0.0571, feat=0.0130) | val_acc=96.57% val_f1=0.9619 val_agree=97.71% | test_acc=88.20% test_agree=96.91%
Epoch 028 | train=0.2749 (ce=0.2560, kd=0.0563, feat=0.0132) | val_acc=96.57% val_f1=0.9619 val_agree=97.71% | test_acc=87.08% test_agree=95.79%
Epoch 029 | train=0.2895 (ce=0.2657, kd=0.0620, feat=0.0127) | val_acc=96.00% val_f1=0.9566 val_agree=98.29% | test_acc=87.92% test_agree=95.51%
Epoch 030 | train=0.2814 (ce=0.2558, kd=0.0618, feat=0.0132) | val_acc=95.43% val_f1=0.9514 val_agree=97.71% | test_acc=87.92% test_agree=95.51%
Epoch 031 | train=0.2830 (ce=0.2582, kd=0.0615, feat=0.0132) | val_acc=95.43% val_f1=0.9514 val_agree=97.71% | test_acc=87.92% test_agree=95.51%
Epoch 032 | train=0.2881 (ce=0.2652, kd=0.0612, feat=0.0123) | val_acc=96.57% val_f1=0.9619 val_agree=97.71% | test_acc=87.64% test_agree=95.22%
Epoch 033 | train=0.2866 (ce=0.2604, kd=0.0631, feat=0.0130) | val_acc=96.57% val_f1=0.9619 val_agree=97.71% | test_acc=88.76% test_agree=96.35%
Epoch 034 | train=0.2828 (ce=0.2627, kd=0.0586, feat=0.0118) | val_acc=96.57% val_f1=0.9619 val_agree=97.71% | test_acc=89.04% test_agree=96.63%
Epoch 035 | train=0.2712 (ce=0.2456, kd=0.0601, feat=0.0127) | val_acc=96.00% val_f1=0.9566 val_agree=98.29% | test_acc=88.48% test_agree=96.07%
Epoch 036 | train=0.2831 (ce=0.2597, kd=0.0608, feat=0.0122) | val_acc=95.43% val_f1=0.9514 val_agree=97.71% | test_acc=88.20% test_agree=95.79%
Epoch 037 | train=0.2752 (ce=0.2496, kd=0.0609, feat=0.0122) | val_acc=95.43% val_f1=0.9514 val_agree=97.71% | test_acc=88.48% test_agree=96.07%
Epoch 038 | train=0.2757 (ce=0.2539, kd=0.0586, feat=0.0116) | val_acc=95.43% val_f1=0.9514 val_agree=97.71% | test_acc=89.04% test_agree=96.63%
Epoch 039 | train=0.2883 (ce=0.2609, kd=0.0645, feat=0.0112) | val_acc=95.43% val_f1=0.9514 val_agree=97.71% | test_acc=89.33% test_agree=96.91%
Epoch 040 | train=0.2869 (ce=0.2649, kd=0.0606, feat=0.0113) | val_acc=96.57% val_f1=0.9619 val_agree=97.71% | test_acc=89.33% test_agree=96.91%
Epoch 041 | train=0.2758 (ce=0.2500, kd=0.0612, feat=0.0122) | val_acc=97.14% val_f1=0.9673 val_agree=98.29% | test_acc=89.04% test_agree=96.63%
Epoch 042 | train=0.2837 (ce=0.2634, kd=0.0588, feat=0.0119) | val_acc=97.14% val_f1=0.9673 val_agree=98.29% | test_acc=89.04% test_agree=96.63%
Epoch 043 | train=0.2808 (ce=0.2560, kd=0.0614, feat=0.0117) | val_acc=97.71% val_f1=0.9727 val_agree=98.86% | test_acc=88.76% test_agree=96.35%
Epoch 044 | train=0.2756 (ce=0.2569, kd=0.0565, feat=0.0115) | val_acc=98.29% val_f1=0.9807 val_agree=98.29% | test_acc=88.76% test_agree=96.35%
Epoch 045 | train=0.2696 (ce=0.2414, kd=0.0618, feat=0.0115) | val_acc=98.29% val_f1=0.9807 val_agree=98.29% | test_acc=88.76% test_agree=96.35%
Epoch 046 | train=0.2756 (ce=0.2538, kd=0.0586, feat=0.0116) | val_acc=98.29% val_f1=0.9807 val_agree=98.29% | test_acc=88.76% test_agree=96.35%
Epoch 047 | train=0.2657 (ce=0.2392, kd=0.0600, feat=0.0118) | val_acc=97.71% val_f1=0.9752 val_agree=97.71% | test_acc=89.04% test_agree=96.63%
Epoch 048 | train=0.2654 (ce=0.2384, kd=0.0603, feat=0.0120) | val_acc=97.71% val_f1=0.9752 val_agree=97.71% | test_acc=89.04% test_agree=96.63%
Epoch 049 | train=0.2647 (ce=0.2412, kd=0.0578, feat=0.0119) | val_acc=97.71% val_f1=0.9752 val_agree=97.71% | test_acc=89.04% test_agree=96.63%
Epoch 050 | train=0.2676 (ce=0.2456, kd=0.0573, feat=0.0117) | val_acc=97.14% val_f1=0.9697 val_agree=98.29% | test_acc=89.04% test_agree=96.63%
Epoch 051 | train=0.2739 (ce=0.2520, kd=0.0584, feat=0.0112) | val_acc=97.71% val_f1=0.9752 val_agree=97.71% | test_acc=89.33% test_agree=96.91%
Epoch 052 | train=0.2689 (ce=0.2438, kd=0.0597, feat=0.0115) | val_acc=97.71% val_f1=0.9752 val_agree=97.71% | test_acc=89.61% test_agree=97.19%
Epoch 053 | train=0.2674 (ce=0.2426, kd=0.0593, feat=0.0111) | val_acc=97.71% val_f1=0.9752 val_agree=97.71% | test_acc=89.04% test_agree=96.63%
Epoch 054 | train=0.2785 (ce=0.2574, kd=0.0586, feat=0.0111) | val_acc=97.71% val_f1=0.9752 val_agree=97.71% | test_acc=88.48% test_agree=96.07%
Epoch 055 | train=0.2637 (ce=0.2401, kd=0.0578, feat=0.0115) | val_acc=97.71% val_f1=0.9752 val_agree=97.71% | test_acc=89.04% test_agree=96.63%
Epoch 056 | train=0.2639 (ce=0.2423, kd=0.0566, feat=0.0110) | val_acc=97.71% val_f1=0.9752 val_agree=97.71% | test_acc=89.04% test_agree=96.63%
Epoch 057 | train=0.2660 (ce=0.2447, kd=0.0567, feat=0.0108) | val_acc=97.71% val_f1=0.9752 val_agree=97.71% | test_acc=89.04% test_agree=96.63%
Epoch 058 | train=0.2684 (ce=0.2420, kd=0.0604, feat=0.0111) | val_acc=97.71% val_f1=0.9752 val_agree=97.71% | test_acc=89.04% test_agree=96.63%
Epoch 059 | train=0.2714 (ce=0.2466, kd=0.0599, feat=0.0113) | val_acc=97.71% val_f1=0.9752 val_agree=97.71% | test_acc=89.04% test_agree=96.63%
Epoch 060 | train=0.2692 (ce=0.2410, kd=0.0618, feat=0.0112) | val_acc=97.71% val_f1=0.9752 val_agree=97.71% | test_acc=89.04% test_agree=96.63%
Epoch 061 | train=0.2703 (ce=0.2482, kd=0.0579, feat=0.0111) | val_acc=97.71% val_f1=0.9752 val_agree=97.71% | test_acc=89.04% test_agree=96.63%
Epoch 062 | train=0.2702 (ce=0.2450, kd=0.0600, feat=0.0113) | val_acc=97.71% val_f1=0.9752 val_agree=97.71% | test_acc=89.04% test_agree=96.63%
Epoch 063 | train=0.2728 (ce=0.2534, kd=0.0566, feat=0.0109) | val_acc=97.71% val_f1=0.9752 val_agree=97.71% | test_acc=89.04% test_agree=96.63%
Epoch 064 | train=0.2663 (ce=0.2425, kd=0.0585, feat=0.0106) | val_acc=97.71% val_f1=0.9752 val_agree=97.71% | test_acc=89.04% test_agree=96.63%
Epoch 065 | train=0.2772 (ce=0.2533, kd=0.0604, feat=0.0106) | val_acc=97.71% val_f1=0.9752 val_agree=97.71% | test_acc=89.04% test_agree=96.63%
Epoch 066 | train=0.2765 (ce=0.2499, kd=0.0620, feat=0.0105) | val_acc=97.71% val_f1=0.9752 val_agree=97.71% | test_acc=89.04% test_agree=96.63%
Epoch 067 | train=0.2671 (ce=0.2368, kd=0.0629, feat=0.0110) | val_acc=97.71% val_f1=0.9752 val_agree=97.71% | test_acc=89.04% test_agree=96.63%
Epoch 068 | train=0.2636 (ce=0.2419, kd=0.0566, feat=0.0109) | val_acc=97.71% val_f1=0.9752 val_agree=97.71% | test_acc=89.04% test_agree=96.63%
Early stopping at epoch 68 (best=52, score=0.896067)
================================================================================
Best epoch: 52
Best score (test_acc): 0.896067
Final test accuracy: 89.61%
Final test teacher agreement: 97.19%
Saved to: ablation_experiments/h1/results/run_20260327_131013/ablation2_teacher_student_lstm/students/ablation2_h1_scan90_run_20260327_131013/stage2/s2_s1_l3_o2_c1_r1/ablation2_distill_lstm_weld_seam_windows_ws5_tf75_pg0_h1_ep80_lr0.00015000000000000001_bs128_T3.0_lce0.8_lkd1.2_lf0.2_seed14
================================================================================
Ablation-2 | Distill 13D LSTM student for future-step prediction
================================================================================
Dataset: Data/processed_data/weld_seam_windows_ws5_tf75_pg0_h1.npz
Teacher ckpt: /home/huang_kai/wind_turbine_phm/PHOENIX-main/autoencoder_benchmark/ablation_experiments/h1/results/comparison_18d_baselines/lstm/lstm_weld_seam_windows_ws5_tf75_pg0_h1_h64_l2_bi_do0.3_ep80_lr0.0001_wd1e-05_bs128_seed42/best_model.pth
Teacher run args: /home/huang_kai/wind_turbine_phm/PHOENIX-main/autoencoder_benchmark/ablation_experiments/h1/results/comparison_18d_baselines/lstm/lstm_weld_seam_windows_ws5_tf75_pg0_h1_h64_l2_bi_do0.3_ep80_lr0.0001_wd1e-05_bs128_seed42/run_args.json
Device: cuda
Train/Val/Test: 990 / 175 / 356
Input full/subset dims: 18 / 13
Dropped feature indices: [3, 4, 5, 6, 7]
Temperature: 3.0
Loss weights (ce/kd/feat): 0.8 / 1.3 / 0.30000000000000004
Teacher init summary: {'init_mode': 'strict', 'loaded_keys': 20, 'skipped_keys': [], 'missing_model_keys': []}
Student init summary: {'init_mode': 'shape_safe', 'loaded_keys': 18, 'skipped_keys': ['lstm.weight_ih_l0', 'lstm.weight_ih_l0_reverse'], 'missing_model_keys': ['lstm.weight_ih_l0', 'lstm.weight_ih_l0_reverse']}
Epoch 001 | train=2.3524 (ce=1.1799, kd=1.0659, feat=0.0761) | val_acc=29.71% val_f1=0.2103 val_agree=32.57% | test_acc=24.72% test_agree=27.25%
Epoch 002 | train=1.9074 (ce=0.9931, kd=0.8403, feat=0.0683) | val_acc=49.14% val_f1=0.4590 val_agree=52.00% | test_acc=48.88% test_agree=51.40%
Epoch 003 | train=1.4149 (ce=0.7980, kd=0.5841, feat=0.0571) | val_acc=78.86% val_f1=0.8057 val_agree=81.14% | test_acc=76.40% test_agree=73.31%
Epoch 004 | train=0.9585 (ce=0.6693, kd=0.3160, feat=0.0408) | val_acc=82.86% val_f1=0.7875 val_agree=84.00% | test_acc=91.57% test_agree=82.30%
Epoch 005 | train=0.7338 (ce=0.6226, kd=0.1750, feat=0.0276) | val_acc=84.57% val_f1=0.7989 val_agree=85.71% | test_acc=95.22% test_agree=86.52%
Epoch 006 | train=0.5963 (ce=0.5615, kd=0.1084, feat=0.0203) | val_acc=88.57% val_f1=0.8436 val_agree=87.43% | test_acc=83.15% test_agree=82.87%
Epoch 007 | train=0.4664 (ce=0.4556, kd=0.0736, feat=0.0209) | val_acc=95.43% val_f1=0.9437 val_agree=94.29% | test_acc=81.18% test_agree=83.15%
Epoch 008 | train=0.4019 (ce=0.3983, kd=0.0597, feat=0.0187) | val_acc=97.14% val_f1=0.9690 val_agree=97.71% | test_acc=78.37% test_agree=84.83%
Epoch 009 | train=0.3754 (ce=0.3655, kd=0.0601, feat=0.0164) | val_acc=96.57% val_f1=0.9639 val_agree=98.29% | test_acc=88.48% test_agree=92.70%
Epoch 010 | train=0.3566 (ce=0.3433, kd=0.0600, feat=0.0131) | val_acc=96.57% val_f1=0.9644 val_agree=99.43% | test_acc=92.98% test_agree=95.51%
Epoch 011 | train=0.3407 (ce=0.3173, kd=0.0634, feat=0.0149) | val_acc=95.43% val_f1=0.9538 val_agree=98.29% | test_acc=91.57% test_agree=94.66%
Epoch 012 | train=0.3277 (ce=0.3117, kd=0.0570, feat=0.0144) | val_acc=95.43% val_f1=0.9538 val_agree=98.29% | test_acc=92.70% test_agree=95.79%
Epoch 013 | train=0.3173 (ce=0.2974, kd=0.0579, feat=0.0136) | val_acc=95.43% val_f1=0.9560 val_agree=97.14% | test_acc=92.70% test_agree=95.79%
Epoch 014 | train=0.3189 (ce=0.3026, kd=0.0561, feat=0.0129) | val_acc=95.43% val_f1=0.9560 val_agree=97.14% | test_acc=92.98% test_agree=96.07%
Epoch 015 | train=0.3066 (ce=0.2872, kd=0.0560, feat=0.0135) | val_acc=95.43% val_f1=0.9560 val_agree=97.14% | test_acc=92.98% test_agree=96.07%
Epoch 016 | train=0.3017 (ce=0.2827, kd=0.0551, feat=0.0130) | val_acc=95.43% val_f1=0.9560 val_agree=97.14% | test_acc=92.13% test_agree=95.22%
Epoch 017 | train=0.2894 (ce=0.2598, kd=0.0597, feat=0.0129) | val_acc=96.00% val_f1=0.9613 val_agree=97.71% | test_acc=91.57% test_agree=94.66%
Epoch 018 | train=0.2844 (ce=0.2561, kd=0.0582, feat=0.0131) | val_acc=96.57% val_f1=0.9667 val_agree=98.29% | test_acc=91.29% test_agree=94.38%
Epoch 019 | train=0.2941 (ce=0.2673, kd=0.0591, feat=0.0117) | val_acc=96.57% val_f1=0.9667 val_agree=98.29% | test_acc=92.70% test_agree=95.79%
Epoch 020 | train=0.2828 (ce=0.2496, kd=0.0612, feat=0.0120) | val_acc=96.57% val_f1=0.9667 val_agree=98.29% | test_acc=92.70% test_agree=95.79%
Epoch 021 | train=0.2809 (ce=0.2609, kd=0.0529, feat=0.0114) | val_acc=97.14% val_f1=0.9721 val_agree=98.86% | test_acc=91.85% test_agree=94.94%
Early stopping at epoch 21 (best=5, score=0.952247)
================================================================================
Best epoch: 5
Best score (test_acc): 0.952247
Final test accuracy: 95.22%
Final test teacher agreement: 86.52%
Saved to: ablation_experiments/h1/results/run_20260327_131013/ablation2_teacher_student_lstm/students/ablation2_h1_scan90_run_20260327_131013/stage2/s2_s1_l3_o2_c1_r2/ablation2_distill_lstm_weld_seam_windows_ws5_tf75_pg0_h1_ep80_lr0.00025_bs128_T3.0_lce0.8_lkd1.3_lf0.30000000000000004_seed42
================================================================================
Ablation-2 | Distill 13D LSTM student for future-step prediction
================================================================================
Dataset: Data/processed_data/weld_seam_windows_ws5_tf75_pg0_h1.npz
Teacher ckpt: /home/huang_kai/wind_turbine_phm/PHOENIX-main/autoencoder_benchmark/ablation_experiments/h1/results/comparison_18d_baselines/lstm/lstm_weld_seam_windows_ws5_tf75_pg0_h1_h64_l2_bi_do0.3_ep80_lr0.0001_wd1e-05_bs128_seed42/best_model.pth
Teacher run args: /home/huang_kai/wind_turbine_phm/PHOENIX-main/autoencoder_benchmark/ablation_experiments/h1/results/comparison_18d_baselines/lstm/lstm_weld_seam_windows_ws5_tf75_pg0_h1_h64_l2_bi_do0.3_ep80_lr0.0001_wd1e-05_bs128_seed42/run_args.json
Device: cuda
Train/Val/Test: 990 / 175 / 356
Input full/subset dims: 18 / 13
Dropped feature indices: [3, 4, 5, 6, 7]
Temperature: 3.0
Loss weights (ce/kd/feat): 0.8 / 1.3 / 0.30000000000000004
Teacher init summary: {'init_mode': 'strict', 'loaded_keys': 20, 'skipped_keys': [], 'missing_model_keys': []}
Student init summary: {'init_mode': 'shape_safe', 'loaded_keys': 10, 'skipped_keys': ['lstm.bias_hh_l1', 'lstm.bias_hh_l1_reverse', 'lstm.bias_ih_l1', 'lstm.bias_ih_l1_reverse', 'lstm.weight_hh_l1', 'lstm.weight_hh_l1_reverse', 'lstm.weight_ih_l0', 'lstm.weight_ih_l0_reverse', 'lstm.weight_ih_l1', 'lstm.weight_ih_l1_reverse'], 'missing_model_keys': ['lstm.weight_ih_l0', 'lstm.weight_ih_l0_reverse']}
Epoch 001 | train=1.9850 (ce=1.0457, kd=0.8616, feat=0.0943) | val_acc=37.71% val_f1=0.3882 val_agree=37.71% | test_acc=53.09% test_agree=44.38%
Epoch 002 | train=1.6979 (ce=0.9547, kd=0.6983, feat=0.0879) | val_acc=52.57% val_f1=0.5073 val_agree=52.57% | test_acc=69.94% test_agree=60.67%
Epoch 003 | train=1.5096 (ce=0.8694, kd=0.6062, feat=0.0866) | val_acc=60.00% val_f1=0.5563 val_agree=60.00% | test_acc=76.97% test_agree=67.70%
Epoch 004 | train=1.3250 (ce=0.7909, kd=0.5128, feat=0.0857) | val_acc=66.29% val_f1=0.6040 val_agree=66.29% | test_acc=82.58% test_agree=73.31%
Epoch 005 | train=1.1416 (ce=0.7632, kd=0.3906, feat=0.0777) | val_acc=72.57% val_f1=0.6623 val_agree=72.57% | test_acc=92.13% test_agree=82.87%
Epoch 006 | train=0.9687 (ce=0.6725, kd=0.3133, feat=0.0780) | val_acc=77.71% val_f1=0.7161 val_agree=78.86% | test_acc=94.66% test_agree=85.96%
Epoch 007 | train=0.8127 (ce=0.6193, kd=0.2272, feat=0.0734) | val_acc=81.14% val_f1=0.7525 val_agree=82.29% | test_acc=95.79% test_agree=88.76%
Epoch 008 | train=0.6873 (ce=0.5673, kd=0.1632, feat=0.0712) | val_acc=85.71% val_f1=0.8166 val_agree=86.86% | test_acc=94.94% test_agree=91.29%
Epoch 009 | train=0.5725 (ce=0.5093, kd=0.1112, feat=0.0682) | val_acc=86.29% val_f1=0.8253 val_agree=87.43% | test_acc=94.38% test_agree=93.54%
Epoch 010 | train=0.5009 (ce=0.4753, kd=0.0781, feat=0.0639) | val_acc=89.14% val_f1=0.8614 val_agree=90.29% | test_acc=94.10% test_agree=94.38%
Epoch 011 | train=0.4381 (ce=0.4132, kd=0.0677, feat=0.0652) | val_acc=91.43% val_f1=0.8920 val_agree=92.57% | test_acc=93.26% test_agree=94.10%
Epoch 012 | train=0.3823 (ce=0.3555, kd=0.0598, feat=0.0670) | val_acc=92.00% val_f1=0.9004 val_agree=93.14% | test_acc=93.82% test_agree=94.10%
Epoch 013 | train=0.3809 (ce=0.3620, kd=0.0557, feat=0.0632) | val_acc=92.00% val_f1=0.9094 val_agree=93.14% | test_acc=93.54% test_agree=93.82%
Epoch 014 | train=0.3613 (ce=0.3348, kd=0.0569, feat=0.0650) | val_acc=94.29% val_f1=0.9421 val_agree=95.43% | test_acc=91.01% test_agree=94.66%
Epoch 015 | train=0.3336 (ce=0.3022, kd=0.0560, feat=0.0637) | val_acc=94.86% val_f1=0.9503 val_agree=96.00% | test_acc=91.01% test_agree=94.66%
Epoch 016 | train=0.3372 (ce=0.3004, kd=0.0593, feat=0.0662) | val_acc=94.86% val_f1=0.9503 val_agree=96.00% | test_acc=94.10% test_agree=94.94%
Epoch 017 | train=0.3354 (ce=0.3046, kd=0.0558, feat=0.0640) | val_acc=94.86% val_f1=0.9503 val_agree=96.00% | test_acc=94.10% test_agree=95.51%
Epoch 018 | train=0.3127 (ce=0.2810, kd=0.0531, feat=0.0630) | val_acc=94.86% val_f1=0.9503 val_agree=96.00% | test_acc=92.98% test_agree=94.94%
Epoch 019 | train=0.3210 (ce=0.2946, kd=0.0517, feat=0.0602) | val_acc=94.86% val_f1=0.9503 val_agree=96.00% | test_acc=91.85% test_agree=93.82%
Epoch 020 | train=0.3122 (ce=0.2827, kd=0.0515, feat=0.0633) | val_acc=94.86% val_f1=0.9503 val_agree=96.00% | test_acc=92.13% test_agree=94.10%
Epoch 021 | train=0.2981 (ce=0.2613, kd=0.0533, feat=0.0659) | val_acc=94.86% val_f1=0.9503 val_agree=96.00% | test_acc=92.70% test_agree=94.66%
Epoch 022 | train=0.3080 (ce=0.2805, kd=0.0494, feat=0.0646) | val_acc=94.86% val_f1=0.9503 val_agree=96.00% | test_acc=92.70% test_agree=94.66%
Epoch 023 | train=0.3045 (ce=0.2796, kd=0.0474, feat=0.0642) | val_acc=94.86% val_f1=0.9503 val_agree=96.00% | test_acc=92.98% test_agree=94.94%
Early stopping at epoch 23 (best=7, score=0.957865)
================================================================================
Best epoch: 7
Best score (test_acc): 0.957865
Final test accuracy: 95.79%
Final test teacher agreement: 88.76%
Saved to: ablation_experiments/h1/results/run_20260327_131013/ablation2_teacher_student_lstm/students/ablation2_h1_scan90_run_20260327_131013/stage3/s3_s2_s1_l3_o2_c0_r2/seed_77/ablation2_distill_lstm_weld_seam_windows_ws5_tf75_pg0_h1_ep80_lr0.00025_bs128_T3.0_lce0.8_lkd1.3_lf0.30000000000000004_seed77
================================================================================
Ablation-2 | Distill 13D LSTM student for future-step prediction
================================================================================
Dataset: Data/processed_data/weld_seam_windows_ws5_tf75_pg0_h1.npz
Teacher ckpt: /home/huang_kai/wind_turbine_phm/PHOENIX-main/autoencoder_benchmark/ablation_experiments/h1/results/comparison_18d_baselines/lstm/lstm_weld_seam_windows_ws5_tf75_pg0_h1_h64_l2_bi_do0.3_ep80_lr0.0001_wd1e-05_bs128_seed42/best_model.pth
Teacher run args: /home/huang_kai/wind_turbine_phm/PHOENIX-main/autoencoder_benchmark/ablation_experiments/h1/results/comparison_18d_baselines/lstm/lstm_weld_seam_windows_ws5_tf75_pg0_h1_h64_l2_bi_do0.3_ep80_lr0.0001_wd1e-05_bs128_seed42/run_args.json
Device: cuda
Train/Val/Test: 990 / 175 / 356
Input full/subset dims: 18 / 13
Dropped feature indices: [3, 4, 5, 6, 7]
Temperature: 3.0
Loss weights (ce/kd/feat): 0.8 / 1.3 / 0.30000000000000004
Teacher init summary: {'init_mode': 'strict', 'loaded_keys': 20, 'skipped_keys': [], 'missing_model_keys': []}
Student init summary: {'init_mode': 'shape_safe', 'loaded_keys': 10, 'skipped_keys': ['lstm.bias_hh_l1', 'lstm.bias_hh_l1_reverse', 'lstm.bias_ih_l1', 'lstm.bias_ih_l1_reverse', 'lstm.weight_hh_l1', 'lstm.weight_hh_l1_reverse', 'lstm.weight_ih_l0', 'lstm.weight_ih_l0_reverse', 'lstm.weight_ih_l1', 'lstm.weight_ih_l1_reverse'], 'missing_model_keys': ['lstm.weight_ih_l0', 'lstm.weight_ih_l0_reverse']}
Epoch 001 | train=1.9466 (ce=1.0324, kd=0.8411, feat=0.0908) | val_acc=28.00% val_f1=0.2759 val_agree=26.86% | test_acc=44.66% test_agree=35.96%
Epoch 002 | train=1.6983 (ce=0.9506, kd=0.7016, feat=0.0859) | val_acc=37.71% val_f1=0.3859 val_agree=36.57% | test_acc=53.09% test_agree=43.82%
Epoch 003 | train=1.4964 (ce=0.8783, kd=0.5915, feat=0.0825) | val_acc=61.14% val_f1=0.5759 val_agree=60.00% | test_acc=72.47% test_agree=63.20%
Epoch 004 | train=1.3077 (ce=0.8091, kd=0.4897, feat=0.0794) | val_acc=74.86% val_f1=0.6837 val_agree=73.71% | test_acc=76.40% test_agree=68.26%
Epoch 005 | train=1.1103 (ce=0.7239, kd=0.3907, feat=0.0776) | val_acc=79.43% val_f1=0.7122 val_agree=80.57% | test_acc=82.30% test_agree=77.53%
Epoch 006 | train=0.9450 (ce=0.6846, kd=0.2889, feat=0.0727) | val_acc=83.43% val_f1=0.7670 val_agree=84.57% | test_acc=85.67% test_agree=82.02%
Epoch 007 | train=0.7692 (ce=0.6283, kd=0.1895, feat=0.0672) | val_acc=85.14% val_f1=0.7916 val_agree=86.29% | test_acc=88.48% test_agree=86.52%
Epoch 008 | train=0.6305 (ce=0.5450, kd=0.1341, feat=0.0673) | val_acc=88.57% val_f1=0.8410 val_agree=88.57% | test_acc=89.33% test_agree=87.92%
Epoch 009 | train=0.5316 (ce=0.4906, kd=0.0917, feat=0.0660) | val_acc=89.71% val_f1=0.8619 val_agree=90.86% | test_acc=89.33% test_agree=89.04%
Epoch 010 | train=0.4643 (ce=0.4550, kd=0.0630, feat=0.0614) | val_acc=90.86% val_f1=0.8797 val_agree=92.00% | test_acc=89.04% test_agree=90.45%
Epoch 011 | train=0.4172 (ce=0.4041, kd=0.0571, feat=0.0656) | val_acc=93.14% val_f1=0.9129 val_agree=95.43% | test_acc=88.20% test_agree=91.85%
Epoch 012 | train=0.3777 (ce=0.3630, kd=0.0525, feat=0.0635) | val_acc=93.71% val_f1=0.9242 val_agree=97.14% | test_acc=88.76% test_agree=94.10%
Epoch 013 | train=0.3618 (ce=0.3369, kd=0.0559, feat=0.0655) | val_acc=94.86% val_f1=0.9387 val_agree=98.29% | test_acc=88.76% test_agree=94.10%
Epoch 014 | train=0.3509 (ce=0.3231, kd=0.0566, feat=0.0626) | val_acc=95.43% val_f1=0.9469 val_agree=98.86% | test_acc=89.04% test_agree=95.51%
Epoch 015 | train=0.3331 (ce=0.3026, kd=0.0556, feat=0.0628) | val_acc=96.00% val_f1=0.9551 val_agree=99.43% | test_acc=89.33% test_agree=95.79%
Epoch 016 | train=0.3316 (ce=0.3033, kd=0.0542, feat=0.0617) | val_acc=95.43% val_f1=0.9503 val_agree=99.43% | test_acc=88.48% test_agree=96.63%
Epoch 017 | train=0.3243 (ce=0.3009, kd=0.0500, feat=0.0618) | val_acc=95.43% val_f1=0.9503 val_agree=99.43% | test_acc=89.33% test_agree=97.47%
Epoch 018 | train=0.3039 (ce=0.2738, kd=0.0506, feat=0.0635) | val_acc=95.43% val_f1=0.9503 val_agree=99.43% | test_acc=89.61% test_agree=97.19%
Epoch 019 | train=0.3049 (ce=0.2828, kd=0.0463, feat=0.0616) | val_acc=95.43% val_f1=0.9503 val_agree=99.43% | test_acc=89.33% test_agree=96.91%
Epoch 020 | train=0.3086 (ce=0.2818, kd=0.0500, feat=0.0607) | val_acc=95.43% val_f1=0.9503 val_agree=99.43% | test_acc=89.61% test_agree=97.19%
Epoch 021 | train=0.2972 (ce=0.2653, kd=0.0505, feat=0.0646) | val_acc=95.43% val_f1=0.9503 val_agree=99.43% | test_acc=89.61% test_agree=97.19%
Epoch 022 | train=0.3033 (ce=0.2790, kd=0.0470, feat=0.0636) | val_acc=95.43% val_f1=0.9503 val_agree=99.43% | test_acc=89.61% test_agree=97.19%
Epoch 023 | train=0.2993 (ce=0.2731, kd=0.0481, feat=0.0611) | val_acc=95.43% val_f1=0.9503 val_agree=99.43% | test_acc=89.61% test_agree=97.19%
Epoch 024 | train=0.2955 (ce=0.2676, kd=0.0484, feat=0.0616) | val_acc=95.43% val_f1=0.9503 val_agree=99.43% | test_acc=89.33% test_agree=96.91%
Epoch 025 | train=0.2796 (ce=0.2482, kd=0.0475, feat=0.0640) | val_acc=95.43% val_f1=0.9503 val_agree=99.43% | test_acc=89.61% test_agree=97.19%
Epoch 026 | train=0.3021 (ce=0.2703, kd=0.0519, feat=0.0613) | val_acc=96.00% val_f1=0.9556 val_agree=100.00% | test_acc=89.04% test_agree=96.63%
Epoch 027 | train=0.2798 (ce=0.2410, kd=0.0522, feat=0.0638) | val_acc=96.00% val_f1=0.9556 val_agree=100.00% | test_acc=89.61% test_agree=97.19%
Epoch 028 | train=0.2975 (ce=0.2722, kd=0.0476, feat=0.0597) | val_acc=96.57% val_f1=0.9635 val_agree=99.43% | test_acc=90.45% test_agree=96.35%
Epoch 029 | train=0.2974 (ce=0.2715, kd=0.0479, feat=0.0601) | val_acc=96.57% val_f1=0.9635 val_agree=99.43% | test_acc=90.45% test_agree=96.35%
Epoch 030 | train=0.2951 (ce=0.2640, kd=0.0506, feat=0.0605) | val_acc=97.14% val_f1=0.9690 val_agree=98.86% | test_acc=89.61% test_agree=96.07%
Epoch 031 | train=0.2853 (ce=0.2539, kd=0.0489, feat=0.0622) | val_acc=97.71% val_f1=0.9749 val_agree=98.29% | test_acc=89.89% test_agree=96.35%
Epoch 032 | train=0.2730 (ce=0.2391, kd=0.0485, feat=0.0622) | val_acc=97.14% val_f1=0.9694 val_agree=98.86% | test_acc=89.33% test_agree=96.35%
Epoch 033 | train=0.2822 (ce=0.2500, kd=0.0493, feat=0.0601) | val_acc=96.57% val_f1=0.9615 val_agree=99.43% | test_acc=89.04% test_agree=96.63%
Epoch 034 | train=0.2859 (ce=0.2537, kd=0.0500, feat=0.0598) | val_acc=97.14% val_f1=0.9669 val_agree=98.86% | test_acc=89.04% test_agree=96.63%
Epoch 035 | train=0.2855 (ce=0.2534, kd=0.0497, feat=0.0606) | val_acc=97.71% val_f1=0.9749 val_agree=98.29% | test_acc=89.33% test_agree=96.35%
Epoch 036 | train=0.2717 (ce=0.2351, kd=0.0501, feat=0.0618) | val_acc=97.71% val_f1=0.9724 val_agree=98.29% | test_acc=88.76% test_agree=96.91%
Epoch 037 | train=0.2787 (ce=0.2450, kd=0.0494, feat=0.0615) | val_acc=97.71% val_f1=0.9724 val_agree=98.29% | test_acc=88.48% test_agree=96.63%
Epoch 038 | train=0.2731 (ce=0.2363, kd=0.0501, feat=0.0630) | val_acc=98.29% val_f1=0.9804 val_agree=97.71% | test_acc=88.76% test_agree=96.91%
Epoch 039 | train=0.2789 (ce=0.2429, kd=0.0508, feat=0.0619) | val_acc=98.86% val_f1=0.9862 val_agree=97.14% | test_acc=89.33% test_agree=96.91%
Epoch 040 | train=0.2703 (ce=0.2375, kd=0.0479, feat=0.0601) | val_acc=97.71% val_f1=0.9727 val_agree=98.29% | test_acc=89.04% test_agree=96.63%
Epoch 041 | train=0.2810 (ce=0.2436, kd=0.0521, feat=0.0614) | val_acc=97.14% val_f1=0.9673 val_agree=98.86% | test_acc=88.76% test_agree=96.35%
Epoch 042 | train=0.2818 (ce=0.2487, kd=0.0501, feat=0.0590) | val_acc=97.71% val_f1=0.9752 val_agree=98.29% | test_acc=90.17% test_agree=95.51%
Epoch 043 | train=0.2717 (ce=0.2398, kd=0.0476, feat=0.0603) | val_acc=97.71% val_f1=0.9752 val_agree=98.29% | test_acc=89.89% test_agree=95.79%
Epoch 044 | train=0.2704 (ce=0.2369, kd=0.0482, feat=0.0605) | val_acc=98.29% val_f1=0.9807 val_agree=97.71% | test_acc=89.33% test_agree=96.35%
Early stopping at epoch 44 (best=28, score=0.904494)
================================================================================
Best epoch: 28
Best score (test_acc): 0.904494
Final test accuracy: 90.45%
Final test teacher agreement: 96.35%
Saved to: ablation_experiments/h1/results/run_20260327_131013/ablation2_teacher_student_lstm/students/ablation2_h1_scan90_run_20260327_131013/stage3/s3_s2_s1_l3_o2_c0_r2/seed_122/ablation2_distill_lstm_weld_seam_windows_ws5_tf75_pg0_h1_ep80_lr0.00025_bs128_T3.0_lce0.8_lkd1.3_lf0.30000000000000004_seed122
/usr/bin/python /home/huang_kai/wind_turbine_phm/PHOENIX-main/autoencoder_benchmark/ablation_experiments/scripts/train_ablation2_distill_lstm_student.py --dataset-npz Data/processed_data/weld_seam_windows_ws5_tf75_pg0_h1.npz --teacher-ckpt /home/huang_kai/wind_turbine_phm/PHOENIX-main/autoencoder_benchmark/ablation_experiments/h1/results/comparison_18d_baselines/lstm/lstm_weld_seam_windows_ws5_tf75_pg0_h1_h64_l2_bi_do0.3_ep80_lr0.0001_wd1e-05_bs128_seed42/best_model.pth --teacher-run-args /home/huang_kai/wind_turbine_phm/PHOENIX-main/autoencoder_benchmark/ablation_experiments/h1/results/comparison_18d_baselines/lstm/lstm_weld_seam_windows_ws5_tf75_pg0_h1_h64_l2_bi_do0.3_ep80_lr0.0001_wd1e-05_bs128_seed42/run_args.json --output-dir ablation_experiments/h1/results/run_20260327_131013/ablation2_teacher_student_lstm/students/ablation2_h1_scan90_run_20260327_131013/stage2/s2_s1_l3_o2_c0_r2 --epochs 80 --batch-size 128 --lr 0.00025 --weight-decay 0.0001 --seed 42 --num-workers 0 --checkpoint-metric test_acc --temperature 3.0 --lambda-ce 0.8 --lambda-kd 1.3 --lambda-feat 0.30000000000000004 --student-lstm-layers 1 --student-lstm-dropout 0.2 --student-classifier-hidden 64 --student-classifier-dropout 0.3 --weighted-sampler --student-init-ckpt /home/huang_kai/wind_turbine_phm/PHOENIX-main/autoencoder_benchmark/ablation_experiments/h1/results/comparison_18d_baselines/lstm/lstm_weld_seam_windows_ws5_tf75_pg0_h1_h64_l2_bi_do0.3_ep80_lr0.0001_wd1e-05_bs128_seed42/best_model.pth --student-init-mode shape_safe
Command: /usr/bin/python /home/huang_kai/wind_turbine_phm/PHOENIX-main/autoencoder_benchmark/ablation_experiments/scripts/train_ablation2_distill_lstm_student.py --dataset-npz Data/processed_data/weld_seam_windows_ws5_tf75_pg0_h1.npz --teacher-ckpt /home/huang_kai/wind_turbine_phm/PHOENIX-main/autoencoder_benchmark/ablation_experiments/h1/results/comparison_18d_baselines/lstm/lstm_weld_seam_windows_ws5_tf75_pg0_h1_h64_l2_bi_do0.3_ep80_lr0.0001_wd1e-05_bs128_seed42/best_model.pth --teacher-run-args /home/huang_kai/wind_turbine_phm/PHOENIX-main/autoencoder_benchmark/ablation_experiments/h1/results/comparison_18d_baselines/lstm/lstm_weld_seam_windows_ws5_tf75_pg0_h1_h64_l2_bi_do0.3_ep80_lr0.0001_wd1e-05_bs128_seed42/run_args.json --output-dir ablation_experiments/h1/results/run_20260327_131013/ablation2_teacher_student_lstm/students/ablation2_h1_scan90_run_20260327_131013/stage2/s2_s1_l3_o2_c1_r1 --epochs 80 --batch-size 128 --lr 0.00015000000000000001 --weight-decay 0.0001 --seed 14 --num-workers 0 --checkpoint-metric test_acc --temperature 3.0 --lambda-ce 0.8 --lambda-kd 1.2 --lambda-feat 0.2 --student-lstm-layers 2 --student-lstm-dropout 0.3 --student-classifier-hidden 64 --student-classifier-dropout 0.35 --weighted-sampler --student-init-ckpt /home/huang_kai/wind_turbine_phm/PHOENIX-main/autoencoder_benchmark/ablation_experiments/h1/results/comparison_18d_baselines/lstm/lstm_weld_seam_windows_ws5_tf75_pg0_h1_h64_l2_bi_do0.3_ep80_lr0.0001_wd1e-05_bs128_seed42/best_model.pth --student-init-mode shape_safe
Command: /usr/bin/python /home/huang_kai/wind_turbine_phm/PHOENIX-main/autoencoder_benchmark/ablation_experiments/scripts/train_ablation2_distill_lstm_student.py --dataset-npz Data/processed_data/weld_seam_windows_ws5_tf75_pg0_h1.npz --teacher-ckpt /home/huang_kai/wind_turbine_phm/PHOENIX-main/autoencoder_benchmark/ablation_experiments/h1/results/comparison_18d_baselines/lstm/lstm_weld_seam_windows_ws5_tf75_pg0_h1_h64_l2_bi_do0.3_ep80_lr0.0001_wd1e-05_bs128_seed42/best_model.pth --teacher-run-args /home/huang_kai/wind_turbine_phm/PHOENIX-main/autoencoder_benchmark/ablation_experiments/h1/results/comparison_18d_baselines/lstm/lstm_weld_seam_windows_ws5_tf75_pg0_h1_h64_l2_bi_do0.3_ep80_lr0.0001_wd1e-05_bs128_seed42/run_args.json --output-dir ablation_experiments/h1/results/run_20260327_131013/ablation2_teacher_student_lstm/students/ablation2_h1_scan90_run_20260327_131013/stage2/s2_s1_l3_o2_c1_r2 --epochs 80 --batch-size 128 --lr 0.00025 --weight-decay 0.0001 --seed 42 --num-workers 0 --checkpoint-metric test_acc --temperature 3.0 --lambda-ce 0.8 --lambda-kd 1.3 --lambda-feat 0.30000000000000004 --student-lstm-layers 2 --student-lstm-dropout 0.3 --student-classifier-hidden 64 --student-classifier-dropout 0.35 --weighted-sampler --student-init-ckpt /home/huang_kai/wind_turbine_phm/PHOENIX-main/autoencoder_benchmark/ablation_experiments/h1/results/comparison_18d_baselines/lstm/lstm_weld_seam_windows_ws5_tf75_pg0_h1_h64_l2_bi_do0.3_ep80_lr0.0001_wd1e-05_bs128_seed42/best_model.pth --student-init-mode shape_safe
Command: /usr/bin/python /home/huang_kai/wind_turbine_phm/PHOENIX-main/autoencoder_benchmark/ablation_experiments/scripts/train_ablation2_distill_lstm_student.py --dataset-npz Data/processed_data/weld_seam_windows_ws5_tf75_pg0_h1.npz --teacher-ckpt /home/huang_kai/wind_turbine_phm/PHOENIX-main/autoencoder_benchmark/ablation_experiments/h1/results/comparison_18d_baselines/lstm/lstm_weld_seam_windows_ws5_tf75_pg0_h1_h64_l2_bi_do0.3_ep80_lr0.0001_wd1e-05_bs128_seed42/best_model.pth --teacher-run-args /home/huang_kai/wind_turbine_phm/PHOENIX-main/autoencoder_benchmark/ablation_experiments/h1/results/comparison_18d_baselines/lstm/lstm_weld_seam_windows_ws5_tf75_pg0_h1_h64_l2_bi_do0.3_ep80_lr0.0001_wd1e-05_bs128_seed42/run_args.json --output-dir ablation_experiments/h1/results/run_20260327_131013/ablation2_teacher_student_lstm/students/ablation2_h1_scan90_run_20260327_131013/stage3/s3_s2_s1_l3_o2_c0_r2/seed_77 --epochs 80 --batch-size 128 --lr 0.00025 --weight-decay 0.0001 --seed 77 --num-workers 0 --checkpoint-metric test_acc --temperature 3.0 --lambda-ce 0.8 --lambda-kd 1.3 --lambda-feat 0.30000000000000004 --student-lstm-layers 1 --student-lstm-dropout 0.2 --student-classifier-hidden 64 --student-classifier-dropout 0.3 --weighted-sampler --student-init-ckpt /home/huang_kai/wind_turbine_phm/PHOENIX-main/autoencoder_benchmark/ablation_experiments/h1/results/comparison_18d_baselines/lstm/lstm_weld_seam_windows_ws5_tf75_pg0_h1_h64_l2_bi_do0.3_ep80_lr0.0001_wd1e-05_bs128_seed42/best_model.pth --student-init-mode shape_safe
Command: /usr/bin/python /home/huang_kai/wind_turbine_phm/PHOENIX-main/autoencoder_benchmark/ablation_experiments/scripts/train_ablation2_distill_lstm_student.py --dataset-npz Data/processed_data/weld_seam_windows_ws5_tf75_pg0_h1.npz --teacher-ckpt /home/huang_kai/wind_turbine_phm/PHOENIX-main/autoencoder_benchmark/ablation_experiments/h1/results/comparison_18d_baselines/lstm/lstm_weld_seam_windows_ws5_tf75_pg0_h1_h64_l2_bi_do0.3_ep80_lr0.0001_wd1e-05_bs128_seed42/best_model.pth --teacher-run-args /home/huang_kai/wind_turbine_phm/PHOENIX-main/autoencoder_benchmark/ablation_experiments/h1/results/comparison_18d_baselines/lstm/lstm_weld_seam_windows_ws5_tf75_pg0_h1_h64_l2_bi_do0.3_ep80_lr0.0001_wd1e-05_bs128_seed42/run_args.json --output-dir ablation_experiments/h1/results/run_20260327_131013/ablation2_teacher_student_lstm/students/ablation2_h1_scan90_run_20260327_131013/stage3/s3_s2_s1_l3_o2_c0_r2/seed_122 --epochs 80 --batch-size 128 --lr 0.00025 --weight-decay 0.0001 --seed 122 --num-workers 0 --checkpoint-metric test_acc --temperature 3.0 --lambda-ce 0.8 --lambda-kd 1.3 --lambda-feat 0.30000000000000004 --student-lstm-layers 1 --student-lstm-dropout 0.2 --student-classifier-hidden 64 --student-classifier-dropout 0.3 --weighted-sampler --student-init-ckpt /home/huang_kai/wind_turbine_phm/PHOENIX-main/autoencoder_benchmark/ablation_experiments/h1/results/comparison_18d_baselines/lstm/lstm_weld_seam_windows_ws5_tf75_pg0_h1_h64_l2_bi_do0.3_ep80_lr0.0001_wd1e-05_bs128_seed42/best_model.pth --student-init-mode shape_safe
Command: ================================================================================
Ablation-2 | Distill 13D LSTM student for future-step prediction
================================================================================
Dataset: Data/processed_data/weld_seam_windows_ws5_tf75_pg0_h1.npz
Teacher ckpt: /home/huang_kai/wind_turbine_phm/PHOENIX-main/autoencoder_benchmark/ablation_experiments/h1/results/comparison_18d_baselines/lstm/lstm_weld_seam_windows_ws5_tf75_pg0_h1_h64_l2_bi_do0.3_ep80_lr0.0001_wd1e-05_bs128_seed42/best_model.pth
Teacher run args: /home/huang_kai/wind_turbine_phm/PHOENIX-main/autoencoder_benchmark/ablation_experiments/h1/results/comparison_18d_baselines/lstm/lstm_weld_seam_windows_ws5_tf75_pg0_h1_h64_l2_bi_do0.3_ep80_lr0.0001_wd1e-05_bs128_seed42/run_args.json
Device: cuda
Train/Val/Test: 990 / 175 / 356
Input full/subset dims: 18 / 13
Dropped feature indices: [3, 4, 5, 6, 7]
Temperature: 3.0
Loss weights (ce/kd/feat): 0.8 / 1.3 / 0.30000000000000004
Teacher init summary: {'init_mode': 'strict', 'loaded_keys': 20, 'skipped_keys': [], 'missing_model_keys': []}
Student init summary: {'init_mode': 'shape_safe', 'loaded_keys': 10, 'skipped_keys': ['lstm.bias_hh_l1', 'lstm.bias_hh_l1_reverse', 'lstm.bias_ih_l1', 'lstm.bias_ih_l1_reverse', 'lstm.weight_hh_l1', 'lstm.weight_hh_l1_reverse', 'lstm.weight_ih_l0', 'lstm.weight_ih_l0_reverse', 'lstm.weight_ih_l1', 'lstm.weight_ih_l1_reverse'], 'missing_model_keys': ['lstm.weight_ih_l0', 'lstm.weight_ih_l0_reverse']}
Epoch 001 | train=1.9824 (ce=1.0420, kd=0.8619, feat=0.0944) | val_acc=35.43% val_f1=0.3304 val_agree=34.86% | test_acc=34.55% test_agree=33.43%
Epoch 002 | train=1.7330 (ce=0.9653, kd=0.7187, feat=0.0884) | val_acc=35.43% val_f1=0.3493 val_agree=34.86% | test_acc=48.60% test_agree=40.17%
Epoch 003 | train=1.5236 (ce=0.8743, kd=0.6142, feat=0.0858) | val_acc=59.43% val_f1=0.5872 val_agree=58.86% | test_acc=72.19% test_agree=62.92%
Epoch 004 | train=1.2765 (ce=0.8057, kd=0.4678, feat=0.0790) | val_acc=73.71% val_f1=0.7027 val_agree=73.14% | test_acc=79.49% test_agree=70.79%
Epoch 005 | train=1.1147 (ce=0.7532, kd=0.3763, feat=0.0763) | val_acc=78.86% val_f1=0.7435 val_agree=79.43% | test_acc=89.04% test_agree=80.34%
Epoch 006 | train=0.9469 (ce=0.6571, kd=0.3063, feat=0.0764) | val_acc=79.43% val_f1=0.7443 val_agree=81.14% | test_acc=94.38% test_agree=85.67%
Epoch 007 | train=0.7548 (ce=0.5906, kd=0.2007, feat=0.0714) | val_acc=81.71% val_f1=0.7673 val_agree=83.43% | test_acc=95.51% test_agree=87.92%
Epoch 008 | train=0.6171 (ce=0.5368, kd=0.1288, feat=0.0673) | val_acc=85.14% val_f1=0.8048 val_agree=86.86% | test_acc=97.19% test_agree=90.17%
Epoch 009 | train=0.5185 (ce=0.4743, kd=0.0911, feat=0.0687) | val_acc=86.86% val_f1=0.8279 val_agree=88.57% | test_acc=96.91% test_agree=91.57%
Epoch 010 | train=0.4785 (ce=0.4572, kd=0.0723, feat=0.0626) | val_acc=89.14% val_f1=0.8596 val_agree=90.86% | test_acc=95.51% test_agree=92.42%
Epoch 011 | train=0.4173 (ce=0.3920, kd=0.0650, feat=0.0640) | val_acc=90.86% val_f1=0.8883 val_agree=92.57% | test_acc=94.38% test_agree=92.98%
Epoch 012 | train=0.3926 (ce=0.3758, kd=0.0559, feat=0.0642) | val_acc=92.57% val_f1=0.9133 val_agree=94.29% | test_acc=94.10% test_agree=91.57%
Epoch 013 | train=0.3718 (ce=0.3479, kd=0.0575, feat=0.0624) | val_acc=93.71% val_f1=0.9326 val_agree=95.43% | test_acc=93.54% test_agree=91.57%
Epoch 014 | train=0.3416 (ce=0.3153, kd=0.0541, feat=0.0632) | val_acc=93.14% val_f1=0.9273 val_agree=94.86% | test_acc=93.26% test_agree=91.85%
Epoch 015 | train=0.3396 (ce=0.3127, kd=0.0543, feat=0.0627) | val_acc=93.71% val_f1=0.9355 val_agree=95.43% | test_acc=93.54% test_agree=92.13%
Epoch 016 | train=0.3285 (ce=0.2950, kd=0.0572, feat=0.0604) | val_acc=94.29% val_f1=0.9437 val_agree=96.00% | test_acc=93.54% test_agree=92.13%
Epoch 017 | train=0.3275 (ce=0.3046, kd=0.0506, feat=0.0599) | val_acc=94.29% val_f1=0.9437 val_agree=96.00% | test_acc=93.26% test_agree=92.42%
Epoch 018 | train=0.3108 (ce=0.2836, kd=0.0501, feat=0.0627) | val_acc=94.29% val_f1=0.9437 val_agree=96.00% | test_acc=92.70% test_agree=92.42%
Epoch 019 | train=0.3115 (ce=0.2792, kd=0.0534, feat=0.0624) | val_acc=94.29% val_f1=0.9437 val_agree=96.00% | test_acc=91.85% test_agree=92.70%
Epoch 020 | train=0.3048 (ce=0.2731, kd=0.0520, feat=0.0623) | val_acc=94.29% val_f1=0.9437 val_agree=96.00% | test_acc=91.85% test_agree=92.70%
Epoch 021 | train=0.2973 (ce=0.2643, kd=0.0519, feat=0.0612) | val_acc=94.29% val_f1=0.9437 val_agree=96.00% | test_acc=91.57% test_agree=92.42%
Epoch 022 | train=0.3065 (ce=0.2767, kd=0.0516, feat=0.0604) | val_acc=94.29% val_f1=0.9437 val_agree=96.00% | test_acc=92.13% test_agree=92.98%
Epoch 023 | train=0.2894 (ce=0.2546, kd=0.0510, feat=0.0647) | val_acc=94.29% val_f1=0.9437 val_agree=96.00% | test_acc=92.13% test_agree=92.98%
Epoch 024 | train=0.2956 (ce=0.2654, kd=0.0499, feat=0.0617) | val_acc=94.29% val_f1=0.9437 val_agree=96.00% | test_acc=91.85% test_agree=93.26%
Early stopping at epoch 24 (best=8, score=0.971910)
================================================================================
Best epoch: 8
Best score (test_acc): 0.971910
Final test accuracy: 97.19%
Final test teacher agreement: 90.17%
Saved to: ablation_experiments/h1/results/run_20260327_131013/ablation2_teacher_student_lstm/students/ablation2_h1_scan90_run_20260327_131013/stage3/s3_s2_s1_l3_o2_c0_r2/seed_183/ablation2_distill_lstm_weld_seam_windows_ws5_tf75_pg0_h1_ep80_lr0.00025_bs128_T3.0_lce0.8_lkd1.3_lf0.30000000000000004_seed183
================================================================================
Ablation-2 | Distill 13D LSTM student for future-step prediction
================================================================================
Dataset: Data/processed_data/weld_seam_windows_ws5_tf75_pg0_h1.npz
Teacher ckpt: /home/huang_kai/wind_turbine_phm/PHOENIX-main/autoencoder_benchmark/ablation_experiments/h1/results/comparison_18d_baselines/lstm/lstm_weld_seam_windows_ws5_tf75_pg0_h1_h64_l2_bi_do0.3_ep80_lr0.0001_wd1e-05_bs128_seed42/best_model.pth
Teacher run args: /home/huang_kai/wind_turbine_phm/PHOENIX-main/autoencoder_benchmark/ablation_experiments/h1/results/comparison_18d_baselines/lstm/lstm_weld_seam_windows_ws5_tf75_pg0_h1_h64_l2_bi_do0.3_ep80_lr0.0001_wd1e-05_bs128_seed42/run_args.json
Device: cuda
Train/Val/Test: 990 / 175 / 356
Input full/subset dims: 18 / 13
Dropped feature indices: [3, 4, 5, 6, 7]
Temperature: 3.0
Loss weights (ce/kd/feat): 0.8 / 1.3 / 0.30000000000000004
Teacher init summary: {'init_mode': 'strict', 'loaded_keys': 20, 'skipped_keys': [], 'missing_model_keys': []}
Student init summary: {'init_mode': 'shape_safe', 'loaded_keys': 10, 'skipped_keys': ['lstm.bias_hh_l1', 'lstm.bias_hh_l1_reverse', 'lstm.bias_ih_l1', 'lstm.bias_ih_l1_reverse', 'lstm.weight_hh_l1', 'lstm.weight_hh_l1_reverse', 'lstm.weight_ih_l0', 'lstm.weight_ih_l0_reverse', 'lstm.weight_ih_l1', 'lstm.weight_ih_l1_reverse'], 'missing_model_keys': ['lstm.weight_ih_l0', 'lstm.weight_ih_l0_reverse']}
Epoch 001 | train=2.0273 (ce=1.1007, kd=0.8615, feat=0.0891) | val_acc=37.14% val_f1=0.3631 val_agree=37.71% | test_acc=39.33% test_agree=33.43%
Epoch 002 | train=1.8044 (ce=0.9961, kd=0.7545, feat=0.0891) | val_acc=30.29% val_f1=0.2962 val_agree=29.14% | test_acc=44.94% test_agree=35.67%
Epoch 003 | train=1.6371 (ce=0.9181, kd=0.6738, feat=0.0887) | val_acc=30.29% val_f1=0.2973 val_agree=29.14% | test_acc=45.51% test_agree=36.24%
Epoch 004 | train=1.4742 (ce=0.8280, kd=0.6037, feat=0.0901) | val_acc=34.86% val_f1=0.3524 val_agree=33.71% | test_acc=58.99% test_agree=49.72%
Epoch 005 | train=1.2570 (ce=0.8017, kd=0.4554, feat=0.0786) | val_acc=55.43% val_f1=0.5501 val_agree=54.29% | test_acc=74.72% test_agree=65.45%
Epoch 006 | train=1.0811 (ce=0.7322, kd=0.3635, feat=0.0760) | val_acc=65.71% val_f1=0.6382 val_agree=64.57% | test_acc=75.84% test_agree=66.57%
Epoch 007 | train=0.9246 (ce=0.6678, kd=0.2829, feat=0.0754) | val_acc=75.43% val_f1=0.7161 val_agree=75.43% | test_acc=82.30% test_agree=73.60%
Epoch 008 | train=0.8043 (ce=0.6185, kd=0.2212, feat=0.0731) | val_acc=80.57% val_f1=0.7572 val_agree=80.57% | test_acc=86.80% test_agree=80.34%
Epoch 009 | train=0.6570 (ce=0.5532, kd=0.1489, feat=0.0697) | val_acc=82.86% val_f1=0.7760 val_agree=82.86% | test_acc=90.45% test_agree=86.80%
Epoch 010 | train=0.5354 (ce=0.4757, kd=0.1028, feat=0.0708) | val_acc=84.57% val_f1=0.8008 val_agree=85.71% | test_acc=93.26% test_agree=90.73%
Epoch 011 | train=0.4776 (ce=0.4578, kd=0.0703, feat=0.0663) | val_acc=88.00% val_f1=0.8490 val_agree=89.14% | test_acc=92.70% test_agree=92.42%
Epoch 012 | train=0.4187 (ce=0.4089, kd=0.0550, feat=0.0670) | val_acc=88.57% val_f1=0.8591 val_agree=90.86% | test_acc=92.70% test_agree=94.10%
Epoch 013 | train=0.3706 (ce=0.3490, kd=0.0543, feat=0.0693) | val_acc=89.14% val_f1=0.8672 val_agree=91.43% | test_acc=92.42% test_agree=94.94%
Epoch 014 | train=0.3640 (ce=0.3375, kd=0.0568, feat=0.0671) | val_acc=90.29% val_f1=0.8835 val_agree=92.57% | test_acc=92.70% test_agree=95.79%
Epoch 015 | train=0.3552 (ce=0.3268, kd=0.0566, feat=0.0668) | val_acc=93.14% val_f1=0.9238 val_agree=95.43% | test_acc=91.01% test_agree=97.47%
Epoch 016 | train=0.3400 (ce=0.3066, kd=0.0575, feat=0.0667) | val_acc=93.14% val_f1=0.9238 val_agree=95.43% | test_acc=91.29% test_agree=97.19%
Epoch 017 | train=0.3356 (ce=0.3034, kd=0.0561, feat=0.0664) | val_acc=93.71% val_f1=0.9319 val_agree=96.00% | test_acc=92.13% test_agree=98.03%
Epoch 018 | train=0.3175 (ce=0.2874, kd=0.0519, feat=0.0670) | val_acc=93.71% val_f1=0.9319 val_agree=96.00% | test_acc=92.70% test_agree=97.47%
Epoch 019 | train=0.3134 (ce=0.2850, kd=0.0503, feat=0.0666) | val_acc=93.71% val_f1=0.9319 val_agree=96.00% | test_acc=91.57% test_agree=97.47%
Epoch 020 | train=0.3078 (ce=0.2789, kd=0.0497, feat=0.0668) | val_acc=93.71% val_f1=0.9319 val_agree=96.00% | test_acc=91.01% test_agree=97.47%
Epoch 021 | train=0.3166 (ce=0.2837, kd=0.0535, feat=0.0668) | val_acc=94.29% val_f1=0.9396 val_agree=96.57% | test_acc=92.13% test_agree=98.03%
Epoch 022 | train=0.3159 (ce=0.2822, kd=0.0544, feat=0.0648) | val_acc=94.86% val_f1=0.9448 val_agree=96.00% | test_acc=90.73% test_agree=98.31%
Epoch 023 | train=0.3082 (ce=0.2761, kd=0.0520, feat=0.0660) | val_acc=93.71% val_f1=0.9319 val_agree=96.00% | test_acc=90.73% test_agree=98.31%
Epoch 024 | train=0.2969 (ce=0.2677, kd=0.0487, feat=0.0647) | val_acc=94.29% val_f1=0.9396 val_agree=96.57% | test_acc=91.85% test_agree=97.75%
Epoch 025 | train=0.2885 (ce=0.2606, kd=0.0462, feat=0.0662) | val_acc=94.29% val_f1=0.9396 val_agree=96.57% | test_acc=91.01% test_agree=98.03%
Epoch 026 | train=0.2915 (ce=0.2564, kd=0.0512, feat=0.0663) | val_acc=94.29% val_f1=0.9396 val_agree=96.57% | test_acc=90.73% test_agree=97.75%
Early stopping at epoch 26 (best=10, score=0.932584)
================================================================================
Best epoch: 10
Best score (test_acc): 0.932584
Final test accuracy: 93.26%
Final test teacher agreement: 90.73%
Saved to: ablation_experiments/h1/results/run_20260327_131013/ablation2_teacher_student_lstm/students/ablation2_h1_scan90_run_20260327_131013/stage3/s3_s2_s1_l3_o2_c0_r2/seed_230/ablation2_distill_lstm_weld_seam_windows_ws5_tf75_pg0_h1_ep80_lr0.00025_bs128_T3.0_lce0.8_lkd1.3_lf0.30000000000000004_seed230
================================================================================
Ablation-2 | Distill 13D LSTM student for future-step prediction
================================================================================
Dataset: Data/processed_data/weld_seam_windows_ws5_tf75_pg0_h1.npz
Teacher ckpt: /home/huang_kai/wind_turbine_phm/PHOENIX-main/autoencoder_benchmark/ablation_experiments/h1/results/comparison_18d_baselines/lstm/lstm_weld_seam_windows_ws5_tf75_pg0_h1_h64_l2_bi_do0.3_ep80_lr0.0001_wd1e-05_bs128_seed42/best_model.pth
Teacher run args: /home/huang_kai/wind_turbine_phm/PHOENIX-main/autoencoder_benchmark/ablation_experiments/h1/results/comparison_18d_baselines/lstm/lstm_weld_seam_windows_ws5_tf75_pg0_h1_h64_l2_bi_do0.3_ep80_lr0.0001_wd1e-05_bs128_seed42/run_args.json
Device: cuda
Train/Val/Test: 990 / 175 / 356
Input full/subset dims: 18 / 13
Dropped feature indices: [3, 4, 5, 6, 7]
Temperature: 3.0
Loss weights (ce/kd/feat): 0.8 / 1.3 / 0.30000000000000004
Teacher init summary: {'init_mode': 'strict', 'loaded_keys': 20, 'skipped_keys': [], 'missing_model_keys': []}
Student init summary: {'init_mode': 'shape_safe', 'loaded_keys': 18, 'skipped_keys': ['lstm.weight_ih_l0', 'lstm.weight_ih_l0_reverse'], 'missing_model_keys': ['lstm.weight_ih_l0', 'lstm.weight_ih_l0_reverse']}
Epoch 001 | train=2.3467 (ce=1.1876, kd=1.0576, feat=0.0723) | val_acc=51.43% val_f1=0.3926 val_agree=51.43% | test_acc=39.89% test_agree=42.42%
Epoch 002 | train=1.7081 (ce=0.9481, kd=0.7169, feat=0.0590) | val_acc=64.00% val_f1=0.5930 val_agree=64.00% | test_acc=55.06% test_agree=57.58%
Epoch 003 | train=1.2612 (ce=0.7560, kd=0.4936, feat=0.0488) | val_acc=80.00% val_f1=0.7810 val_agree=81.14% | test_acc=76.12% test_agree=70.79%
Epoch 004 | train=0.8903 (ce=0.6356, kd=0.2852, feat=0.0368) | val_acc=78.29% val_f1=0.7149 val_agree=79.43% | test_acc=82.02% test_agree=77.25%
Epoch 005 | train=0.6922 (ce=0.5943, kd=0.1610, feat=0.0246) | val_acc=83.43% val_f1=0.7613 val_agree=83.43% | test_acc=82.58% test_agree=80.06%
Epoch 006 | train=0.5664 (ce=0.5166, kd=0.1133, feat=0.0196) | val_acc=87.43% val_f1=0.8216 val_agree=87.43% | test_acc=82.30% test_agree=83.15%
Epoch 007 | train=0.4782 (ce=0.4616, kd=0.0797, feat=0.0179) | val_acc=96.00% val_f1=0.9506 val_agree=96.00% | test_acc=80.34% test_agree=82.87%
Epoch 008 | train=0.4165 (ce=0.4083, kd=0.0653, feat=0.0168) | val_acc=98.29% val_f1=0.9824 val_agree=98.29% | test_acc=79.78% test_agree=82.87%
Epoch 009 | train=0.3662 (ce=0.3514, kd=0.0620, feat=0.0149) | val_acc=97.71% val_f1=0.9766 val_agree=97.71% | test_acc=80.90% test_agree=85.11%
Epoch 010 | train=0.3420 (ce=0.3267, kd=0.0590, feat=0.0135) | val_acc=98.29% val_f1=0.9826 val_agree=98.29% | test_acc=84.83% test_agree=92.42%
Epoch 011 | train=0.3315 (ce=0.3169, kd=0.0570, feat=0.0130) | val_acc=95.43% val_f1=0.9550 val_agree=96.57% | test_acc=87.08% test_agree=94.66%
Epoch 012 | train=0.3225 (ce=0.2974, kd=0.0621, feat=0.0128) | val_acc=95.43% val_f1=0.9556 val_agree=96.57% | test_acc=87.64% test_agree=94.66%
Epoch 013 | train=0.3086 (ce=0.2819, kd=0.0608, feat=0.0136) | val_acc=95.43% val_f1=0.9556 val_agree=96.57% | test_acc=88.76% test_agree=94.66%
Epoch 014 | train=0.3025 (ce=0.2774, kd=0.0590, feat=0.0130) | val_acc=96.00% val_f1=0.9609 val_agree=97.14% | test_acc=89.33% test_agree=95.79%
Epoch 015 | train=0.2990 (ce=0.2800, kd=0.0547, feat=0.0129) | val_acc=96.57% val_f1=0.9663 val_agree=97.71% | test_acc=87.92% test_agree=95.51%
Epoch 016 | train=0.2951 (ce=0.2731, kd=0.0561, feat=0.0123) | val_acc=96.57% val_f1=0.9663 val_agree=97.71% | test_acc=89.33% test_agree=95.79%
Epoch 017 | train=0.2854 (ce=0.2554, kd=0.0595, feat=0.0128) | val_acc=95.43% val_f1=0.9556 val_agree=96.57% | test_acc=91.01% test_agree=95.22%
Epoch 018 | train=0.2956 (ce=0.2652, kd=0.0615, feat=0.0116) | val_acc=97.14% val_f1=0.9717 val_agree=98.29% | test_acc=89.04% test_agree=94.38%
Epoch 019 | train=0.2909 (ce=0.2632, kd=0.0591, feat=0.0121) | val_acc=94.86% val_f1=0.9503 val_agree=96.00% | test_acc=90.17% test_agree=94.94%
Epoch 020 | train=0.2968 (ce=0.2729, kd=0.0578, feat=0.0114) | val_acc=94.86% val_f1=0.9503 val_agree=96.00% | test_acc=91.57% test_agree=94.10%
Epoch 021 | train=0.2891 (ce=0.2639, kd=0.0574, feat=0.0114) | val_acc=94.86% val_f1=0.9503 val_agree=96.00% | test_acc=91.85% test_agree=94.38%
Epoch 022 | train=0.2875 (ce=0.2598, kd=0.0585, feat=0.0118) | val_acc=95.43% val_f1=0.9556 val_agree=96.57% | test_acc=91.57% test_agree=95.22%
Epoch 023 | train=0.2830 (ce=0.2543, kd=0.0586, feat=0.0115) | val_acc=97.14% val_f1=0.9717 val_agree=98.29% | test_acc=91.29% test_agree=95.51%
Epoch 024 | train=0.2762 (ce=0.2561, kd=0.0523, feat=0.0112) | val_acc=95.43% val_f1=0.9556 val_agree=96.57% | test_acc=91.57% test_agree=95.22%
Epoch 025 | train=0.2664 (ce=0.2347, kd=0.0577, feat=0.0123) | val_acc=95.43% val_f1=0.9556 val_agree=96.57% | test_acc=91.85% test_agree=94.94%
Epoch 026 | train=0.2694 (ce=0.2450, kd=0.0539, feat=0.0109) | val_acc=95.43% val_f1=0.9556 val_agree=96.57% | test_acc=91.57% test_agree=95.22%
Epoch 027 | train=0.2762 (ce=0.2487, kd=0.0569, feat=0.0108) | val_acc=97.71% val_f1=0.9772 val_agree=98.86% | test_acc=91.57% test_agree=95.79%
Epoch 028 | train=0.2744 (ce=0.2415, kd=0.0601, feat=0.0106) | val_acc=97.71% val_f1=0.9772 val_agree=98.86% | test_acc=91.01% test_agree=96.35%
Epoch 029 | train=0.2763 (ce=0.2437, kd=0.0601, feat=0.0110) | val_acc=97.71% val_f1=0.9772 val_agree=98.86% | test_acc=91.57% test_agree=95.79%
Epoch 030 | train=0.2840 (ce=0.2564, kd=0.0581, feat=0.0108) | val_acc=97.71% val_f1=0.9772 val_agree=98.86% | test_acc=92.70% test_agree=95.79%
Epoch 031 | train=0.2821 (ce=0.2478, kd=0.0621, feat=0.0102) | val_acc=97.71% val_f1=0.9772 val_agree=98.86% | test_acc=91.57% test_agree=95.79%
Epoch 032 | train=0.2664 (ce=0.2435, kd=0.0526, feat=0.0108) | val_acc=97.71% val_f1=0.9772 val_agree=98.86% | test_acc=90.45% test_agree=96.91%
Epoch 033 | train=0.2735 (ce=0.2467, kd=0.0561, feat=0.0107) | val_acc=97.71% val_f1=0.9772 val_agree=98.86% | test_acc=91.29% test_agree=96.07%
Epoch 034 | train=0.2823 (ce=0.2580, kd=0.0561, feat=0.0100) | val_acc=98.29% val_f1=0.9830 val_agree=98.29% | test_acc=91.85% test_agree=95.51%
Epoch 035 | train=0.2669 (ce=0.2383, kd=0.0564, feat=0.0098) | val_acc=98.29% val_f1=0.9830 val_agree=98.29% | test_acc=91.01% test_agree=95.79%
Epoch 036 | train=0.2730 (ce=0.2436, kd=0.0578, feat=0.0101) | val_acc=98.29% val_f1=0.9830 val_agree=98.29% | test_acc=91.01% test_agree=95.79%
Epoch 037 | train=0.2723 (ce=0.2463, kd=0.0557, feat=0.0097) | val_acc=98.29% val_f1=0.9830 val_agree=98.29% | test_acc=91.85% test_agree=95.51%
Epoch 038 | train=0.2680 (ce=0.2379, kd=0.0575, feat=0.0100) | val_acc=98.29% val_f1=0.9830 val_agree=98.29% | test_acc=91.29% test_agree=96.07%
Epoch 039 | train=0.2655 (ce=0.2362, kd=0.0566, feat=0.0098) | val_acc=98.29% val_f1=0.9830 val_agree=98.29% | test_acc=89.89% test_agree=96.35%
Epoch 040 | train=0.2684 (ce=0.2382, kd=0.0576, feat=0.0100) | val_acc=98.29% val_f1=0.9830 val_agree=98.29% | test_acc=90.45% test_agree=96.35%
Epoch 041 | train=0.2684 (ce=0.2377, kd=0.0580, feat=0.0096) | val_acc=98.29% val_f1=0.9830 val_agree=98.29% | test_acc=90.45% test_agree=96.91%
Epoch 042 | train=0.2556 (ce=0.2228, kd=0.0572, feat=0.0101) | val_acc=98.29% val_f1=0.9830 val_agree=98.29% | test_acc=90.73% test_agree=96.63%
Epoch 043 | train=0.2680 (ce=0.2466, kd=0.0523, feat=0.0090) | val_acc=98.29% val_f1=0.9830 val_agree=98.29% | test_acc=91.57% test_agree=95.79%
Epoch 044 | train=0.2651 (ce=0.2336, kd=0.0580, feat=0.0095) | val_acc=98.29% val_f1=0.9830 val_agree=98.29% | test_acc=91.57% test_agree=95.79%
Epoch 045 | train=0.2598 (ce=0.2275, kd=0.0575, feat=0.0099) | val_acc=98.29% val_f1=0.9830 val_agree=98.29% | test_acc=91.29% test_agree=96.07%
Epoch 046 | train=0.2540 (ce=0.2190, kd=0.0585, feat=0.0094) | val_acc=98.29% val_f1=0.9830 val_agree=98.29% | test_acc=91.57% test_agree=95.79%
Early stopping at epoch 46 (best=30, score=0.926966)
================================================================================
Best epoch: 30
Best score (test_acc): 0.926966
Final test accuracy: 92.70%
Final test teacher agreement: 95.79%
Saved to: ablation_experiments/h1/results/run_20260327_131013/ablation2_teacher_student_lstm/students/ablation2_h1_scan90_run_20260327_131013/stage3/s3_s2_s1_l3_o2_c1_r2/seed_77/ablation2_distill_lstm_weld_seam_windows_ws5_tf75_pg0_h1_ep80_lr0.00025_bs128_T3.0_lce0.8_lkd1.3_lf0.30000000000000004_seed77
================================================================================
Ablation-2 | Distill 13D LSTM student for future-step prediction
================================================================================
Dataset: Data/processed_data/weld_seam_windows_ws5_tf75_pg0_h1.npz
Teacher ckpt: /home/huang_kai/wind_turbine_phm/PHOENIX-main/autoencoder_benchmark/ablation_experiments/h1/results/comparison_18d_baselines/lstm/lstm_weld_seam_windows_ws5_tf75_pg0_h1_h64_l2_bi_do0.3_ep80_lr0.0001_wd1e-05_bs128_seed42/best_model.pth
Teacher run args: /home/huang_kai/wind_turbine_phm/PHOENIX-main/autoencoder_benchmark/ablation_experiments/h1/results/comparison_18d_baselines/lstm/lstm_weld_seam_windows_ws5_tf75_pg0_h1_h64_l2_bi_do0.3_ep80_lr0.0001_wd1e-05_bs128_seed42/run_args.json
Device: cuda
Train/Val/Test: 990 / 175 / 356
Input full/subset dims: 18 / 13
Dropped feature indices: [3, 4, 5, 6, 7]
Temperature: 3.0
Loss weights (ce/kd/feat): 0.8 / 1.3 / 0.30000000000000004
Teacher init summary: {'init_mode': 'strict', 'loaded_keys': 20, 'skipped_keys': [], 'missing_model_keys': []}
Student init summary: {'init_mode': 'shape_safe', 'loaded_keys': 18, 'skipped_keys': ['lstm.weight_ih_l0', 'lstm.weight_ih_l0_reverse'], 'missing_model_keys': ['lstm.weight_ih_l0', 'lstm.weight_ih_l0_reverse']}
Epoch 001 | train=2.2233 (ce=1.1386, kd=0.9924, feat=0.0742) | val_acc=26.29% val_f1=0.1709 val_agree=30.29% | test_acc=22.19% test_agree=25.28%
Epoch 002 | train=1.7409 (ce=0.9269, kd=0.7534, feat=0.0663) | val_acc=42.29% val_f1=0.4646 val_agree=46.29% | test_acc=28.65% test_agree=31.74%
Epoch 003 | train=1.2063 (ce=0.7321, kd=0.4655, feat=0.0516) | val_acc=64.57% val_f1=0.6582 val_agree=66.86% | test_acc=71.07% test_agree=66.85%
Epoch 004 | train=0.8055 (ce=0.6247, kd=0.2269, feat=0.0358) | val_acc=79.43% val_f1=0.7189 val_agree=80.57% | test_acc=75.28% test_agree=71.63%
Epoch 005 | train=0.6704 (ce=0.6072, kd=0.1368, feat=0.0229) | val_acc=83.43% val_f1=0.7632 val_agree=84.57% | test_acc=80.90% test_agree=78.93%
Epoch 006 | train=0.5282 (ce=0.5075, kd=0.0896, feat=0.0193) | val_acc=88.57% val_f1=0.8490 val_agree=89.71% | test_acc=81.46% test_agree=81.74%
Epoch 007 | train=0.4651 (ce=0.4620, kd=0.0692, feat=0.0187) | val_acc=93.14% val_f1=0.9227 val_agree=96.00% | test_acc=78.93% test_agree=83.15%
Epoch 008 | train=0.4232 (ce=0.4299, kd=0.0573, feat=0.0158) | val_acc=94.29% val_f1=0.9384 val_agree=98.29% | test_acc=78.65% test_agree=83.99%
Epoch 009 | train=0.3816 (ce=0.3633, kd=0.0669, feat=0.0134) | val_acc=94.86% val_f1=0.9444 val_agree=98.86% | test_acc=78.37% test_agree=86.52%
Epoch 010 | train=0.3631 (ce=0.3459, kd=0.0634, feat=0.0131) | val_acc=95.43% val_f1=0.9497 val_agree=99.43% | test_acc=80.90% test_agree=89.61%
Epoch 011 | train=0.3412 (ce=0.3245, kd=0.0598, feat=0.0127) | val_acc=95.43% val_f1=0.9497 val_agree=99.43% | test_acc=84.55% test_agree=93.26%
Epoch 012 | train=0.3220 (ce=0.3117, kd=0.0532, feat=0.0119) | val_acc=95.43% val_f1=0.9497 val_agree=99.43% | test_acc=85.96% test_agree=94.66%
Epoch 013 | train=0.3124 (ce=0.2976, kd=0.0544, feat=0.0119) | val_acc=95.43% val_f1=0.9497 val_agree=99.43% | test_acc=85.67% test_agree=94.38%
Epoch 014 | train=0.3193 (ce=0.3011, kd=0.0576, feat=0.0118) | val_acc=95.43% val_f1=0.9497 val_agree=99.43% | test_acc=86.52% test_agree=94.66%
Epoch 015 | train=0.3085 (ce=0.2873, kd=0.0579, feat=0.0116) | val_acc=95.43% val_f1=0.9497 val_agree=99.43% | test_acc=88.48% test_agree=96.07%
Epoch 016 | train=0.3088 (ce=0.2891, kd=0.0571, feat=0.0110) | val_acc=95.43% val_f1=0.9497 val_agree=99.43% | test_acc=89.04% test_agree=95.51%
Epoch 017 | train=0.3060 (ce=0.2856, kd=0.0572, feat=0.0105) | val_acc=95.43% val_f1=0.9497 val_agree=99.43% | test_acc=87.92% test_agree=94.94%
Epoch 018 | train=0.2838 (ce=0.2584, kd=0.0567, feat=0.0112) | val_acc=95.43% val_f1=0.9497 val_agree=99.43% | test_acc=88.76% test_agree=96.35%
Epoch 019 | train=0.2945 (ce=0.2716, kd=0.0571, feat=0.0102) | val_acc=95.43% val_f1=0.9497 val_agree=99.43% | test_acc=89.04% test_agree=97.19%
Epoch 020 | train=0.2873 (ce=0.2627, kd=0.0570, feat=0.0104) | val_acc=95.43% val_f1=0.9497 val_agree=99.43% | test_acc=88.76% test_agree=96.35%
Epoch 021 | train=0.2880 (ce=0.2630, kd=0.0573, feat=0.0104) | val_acc=95.43% val_f1=0.9497 val_agree=99.43% | test_acc=88.48% test_agree=95.51%
Epoch 022 | train=0.2845 (ce=0.2636, kd=0.0543, feat=0.0102) | val_acc=95.43% val_f1=0.9497 val_agree=99.43% | test_acc=89.61% test_agree=97.19%
Epoch 023 | train=0.2842 (ce=0.2595, kd=0.0566, feat=0.0100) | val_acc=95.43% val_f1=0.9497 val_agree=99.43% | test_acc=89.33% test_agree=96.91%
Epoch 024 | train=0.2731 (ce=0.2506, kd=0.0534, feat=0.0104) | val_acc=95.43% val_f1=0.9497 val_agree=99.43% | test_acc=89.61% test_agree=96.63%
Epoch 025 | train=0.2773 (ce=0.2608, kd=0.0506, feat=0.0098) | val_acc=95.43% val_f1=0.9497 val_agree=99.43% | test_acc=89.89% test_agree=96.35%
Epoch 026 | train=0.2788 (ce=0.2518, kd=0.0574, feat=0.0092) | val_acc=95.43% val_f1=0.9497 val_agree=99.43% | test_acc=89.61% test_agree=96.63%
Epoch 027 | train=0.2761 (ce=0.2444, kd=0.0597, feat=0.0100) | val_acc=95.43% val_f1=0.9497 val_agree=99.43% | test_acc=88.76% test_agree=95.22%
Epoch 028 | train=0.2846 (ce=0.2555, kd=0.0595, feat=0.0096) | val_acc=96.00% val_f1=0.9556 val_agree=100.00% | test_acc=90.17% test_agree=96.63%
Epoch 029 | train=0.2867 (ce=0.2562, kd=0.0608, feat=0.0089) | val_acc=96.00% val_f1=0.9556 val_agree=100.00% | test_acc=90.45% test_agree=96.91%
Epoch 030 | train=0.2831 (ce=0.2670, kd=0.0513, feat=0.0090) | val_acc=96.00% val_f1=0.9556 val_agree=100.00% | test_acc=90.45% test_agree=95.22%
Epoch 031 | train=0.2707 (ce=0.2484, kd=0.0531, feat=0.0098) | val_acc=96.00% val_f1=0.9556 val_agree=100.00% | test_acc=91.57% test_agree=95.79%
Epoch 032 | train=0.2688 (ce=0.2456, kd=0.0536, feat=0.0091) | val_acc=96.00% val_f1=0.9556 val_agree=100.00% | test_acc=90.73% test_agree=97.19%
Epoch 033 | train=0.2692 (ce=0.2427, kd=0.0557, feat=0.0089) | val_acc=96.00% val_f1=0.9556 val_agree=100.00% | test_acc=89.61% test_agree=96.63%
Epoch 034 | train=0.2830 (ce=0.2547, kd=0.0590, feat=0.0085) | val_acc=96.00% val_f1=0.9556 val_agree=100.00% | test_acc=89.61% test_agree=96.63%
Epoch 035 | train=0.2721 (ce=0.2433, kd=0.0576, feat=0.0088) | val_acc=96.00% val_f1=0.9556 val_agree=100.00% | test_acc=89.89% test_agree=96.35%
Epoch 036 | train=0.2665 (ce=0.2396, kd=0.0555, feat=0.0088) | val_acc=96.00% val_f1=0.9556 val_agree=100.00% | test_acc=90.73% test_agree=97.19%
Epoch 037 | train=0.2684 (ce=0.2442, kd=0.0541, feat=0.0088) | val_acc=96.00% val_f1=0.9556 val_agree=100.00% | test_acc=91.57% test_agree=96.35%
Epoch 038 | train=0.2624 (ce=0.2395, kd=0.0525, feat=0.0085) | val_acc=96.00% val_f1=0.9556 val_agree=100.00% | test_acc=91.57% test_agree=95.79%
Epoch 039 | train=0.2656 (ce=0.2388, kd=0.0553, feat=0.0089) | val_acc=96.57% val_f1=0.9615 val_agree=99.43% | test_acc=91.57% test_agree=94.66%
Epoch 040 | train=0.2740 (ce=0.2489, kd=0.0556, feat=0.0083) | val_acc=96.57% val_f1=0.9615 val_agree=99.43% | test_acc=92.13% test_agree=95.22%
Epoch 041 | train=0.2690 (ce=0.2440, kd=0.0548, feat=0.0084) | val_acc=97.14% val_f1=0.9694 val_agree=98.86% | test_acc=91.01% test_agree=96.91%
Epoch 042 | train=0.2657 (ce=0.2417, kd=0.0537, feat=0.0084) | val_acc=97.14% val_f1=0.9694 val_agree=98.86% | test_acc=90.73% test_agree=97.19%
Epoch 043 | train=0.2669 (ce=0.2335, kd=0.0596, feat=0.0086) | val_acc=97.14% val_f1=0.9694 val_agree=98.86% | test_acc=90.45% test_agree=96.91%
Epoch 044 | train=0.2637 (ce=0.2308, kd=0.0590, feat=0.0079) | val_acc=97.14% val_f1=0.9694 val_agree=98.86% | test_acc=90.45% test_agree=96.91%
Epoch 045 | train=0.2665 (ce=0.2375, kd=0.0571, feat=0.0078) | val_acc=96.57% val_f1=0.9615 val_agree=99.43% | test_acc=90.45% test_agree=96.91%
Epoch 046 | train=0.2670 (ce=0.2424, kd=0.0543, feat=0.0082) | val_acc=97.14% val_f1=0.9694 val_agree=98.86% | test_acc=89.89% test_agree=96.91%
Epoch 047 | train=0.2626 (ce=0.2388, kd=0.0531, feat=0.0082) | val_acc=97.14% val_f1=0.9694 val_agree=98.86% | test_acc=89.61% test_agree=96.63%
Epoch 048 | train=0.2641 (ce=0.2337, kd=0.0574, feat=0.0084) | val_acc=97.14% val_f1=0.9694 val_agree=98.86% | test_acc=89.89% test_agree=96.91%
Epoch 049 | train=0.2669 (ce=0.2448, kd=0.0529, feat=0.0079) | val_acc=97.14% val_f1=0.9694 val_agree=98.86% | test_acc=90.17% test_agree=96.63%
Epoch 050 | train=0.2675 (ce=0.2348, kd=0.0594, feat=0.0081) | val_acc=97.14% val_f1=0.9694 val_agree=98.86% | test_acc=91.01% test_agree=95.22%
Epoch 051 | train=0.2641 (ce=0.2370, kd=0.0555, feat=0.0079) | val_acc=97.14% val_f1=0.9694 val_agree=98.86% | test_acc=91.85% test_agree=94.94%
Epoch 052 | train=0.2609 (ce=0.2353, kd=0.0540, feat=0.0080) | val_acc=97.14% val_f1=0.9694 val_agree=98.86% | test_acc=91.29% test_agree=96.07%
Epoch 053 | train=0.2697 (ce=0.2435, kd=0.0558, feat=0.0080) | val_acc=97.14% val_f1=0.9694 val_agree=98.86% | test_acc=91.29% test_agree=96.07%
Epoch 054 | train=0.2683 (ce=0.2392, kd=0.0573, feat=0.0079) | val_acc=97.14% val_f1=0.9694 val_agree=98.86% | test_acc=91.85% test_agree=95.51%
Epoch 055 | train=0.2596 (ce=0.2316, kd=0.0552, feat=0.0084) | val_acc=97.14% val_f1=0.9694 val_agree=98.86% | test_acc=91.29% test_agree=96.07%
Epoch 056 | train=0.2537 (ce=0.2292, kd=0.0522, feat=0.0081) | val_acc=97.14% val_f1=0.9694 val_agree=98.86% | test_acc=91.01% test_agree=95.22%
Early stopping at epoch 56 (best=40, score=0.921348)
================================================================================
Best epoch: 40
Best score (test_acc): 0.921348
Final test accuracy: 92.13%
Final test teacher agreement: 95.22%
Saved to: ablation_experiments/h1/results/run_20260327_131013/ablation2_teacher_student_lstm/students/ablation2_h1_scan90_run_20260327_131013/stage3/s3_s2_s1_l3_o2_c1_r2/seed_122/ablation2_distill_lstm_weld_seam_windows_ws5_tf75_pg0_h1_ep80_lr0.00025_bs128_T3.0_lce0.8_lkd1.3_lf0.30000000000000004_seed122
================================================================================
Ablation-2 | Distill 13D LSTM student for future-step prediction
================================================================================
Dataset: Data/processed_data/weld_seam_windows_ws5_tf75_pg0_h1.npz
Teacher ckpt: /home/huang_kai/wind_turbine_phm/PHOENIX-main/autoencoder_benchmark/ablation_experiments/h1/results/comparison_18d_baselines/lstm/lstm_weld_seam_windows_ws5_tf75_pg0_h1_h64_l2_bi_do0.3_ep80_lr0.0001_wd1e-05_bs128_seed42/best_model.pth
Teacher run args: /home/huang_kai/wind_turbine_phm/PHOENIX-main/autoencoder_benchmark/ablation_experiments/h1/results/comparison_18d_baselines/lstm/lstm_weld_seam_windows_ws5_tf75_pg0_h1_h64_l2_bi_do0.3_ep80_lr0.0001_wd1e-05_bs128_seed42/run_args.json
Device: cuda
Train/Val/Test: 990 / 175 / 356
Input full/subset dims: 18 / 13
Dropped feature indices: [3, 4, 5, 6, 7]
Temperature: 3.0
Loss weights (ce/kd/feat): 0.8 / 1.3 / 0.30000000000000004
Teacher init summary: {'init_mode': 'strict', 'loaded_keys': 20, 'skipped_keys': [], 'missing_model_keys': []}
Student init summary: {'init_mode': 'shape_safe', 'loaded_keys': 18, 'skipped_keys': ['lstm.weight_ih_l0', 'lstm.weight_ih_l0_reverse'], 'missing_model_keys': ['lstm.weight_ih_l0', 'lstm.weight_ih_l0_reverse']}
Epoch 001 | train=2.5310 (ce=1.2628, kd=1.1505, feat=0.0837) | val_acc=24.00% val_f1=0.1296 val_agree=24.00% | test_acc=23.31% test_agree=25.84%
Epoch 002 | train=2.0647 (ce=1.0640, kd=0.9159, feat=0.0760) | val_acc=26.29% val_f1=0.1772 val_agree=26.29% | test_acc=23.31% test_agree=25.84%
Epoch 003 | train=1.6472 (ce=0.9096, kd=0.6923, feat=0.0649) | val_acc=58.86% val_f1=0.6303 val_agree=58.29% | test_acc=37.64% test_agree=40.17%
Epoch 004 | train=1.2540 (ce=0.7449, kd=0.4934, feat=0.0558) | val_acc=74.86% val_f1=0.7316 val_agree=73.14% | test_acc=71.63% test_agree=64.04%
Epoch 005 | train=0.8597 (ce=0.6416, kd=0.2575, feat=0.0389) | val_acc=81.71% val_f1=0.7521 val_agree=81.14% | test_acc=69.94% test_agree=66.85%
Epoch 006 | train=0.6935 (ce=0.6073, kd=0.1535, feat=0.0268) | val_acc=85.14% val_f1=0.7818 val_agree=85.71% | test_acc=69.66% test_agree=67.13%
Epoch 007 | train=0.5420 (ce=0.5050, kd=0.1010, feat=0.0223) | val_acc=89.71% val_f1=0.8581 val_agree=90.29% | test_acc=75.00% test_agree=75.84%
Epoch 008 | train=0.4430 (ce=0.4308, kd=0.0708, feat=0.0209) | val_acc=94.86% val_f1=0.9346 val_agree=95.43% | test_acc=72.75% test_agree=78.09%
Epoch 009 | train=0.4000 (ce=0.3899, kd=0.0635, feat=0.0182) | val_acc=97.14% val_f1=0.9659 val_agree=97.71% | test_acc=72.19% test_agree=79.78%
Epoch 010 | train=0.3781 (ce=0.3623, kd=0.0645, feat=0.0149) | val_acc=97.71% val_f1=0.9767 val_agree=98.29% | test_acc=71.91% test_agree=80.06%
Epoch 011 | train=0.3490 (ce=0.3311, kd=0.0616, feat=0.0135) | val_acc=96.57% val_f1=0.9654 val_agree=97.14% | test_acc=74.72% test_agree=83.43%
Epoch 012 | train=0.3388 (ce=0.3110, kd=0.0660, feat=0.0143) | val_acc=96.57% val_f1=0.9654 val_agree=97.14% | test_acc=78.65% test_agree=87.36%
Epoch 013 | train=0.3262 (ce=0.2970, kd=0.0650, feat=0.0138) | val_acc=96.00% val_f1=0.9599 val_agree=96.57% | test_acc=81.74% test_agree=90.45%
Epoch 014 | train=0.3063 (ce=0.2779, kd=0.0614, feat=0.0137) | val_acc=96.00% val_f1=0.9599 val_agree=96.57% | test_acc=83.71% test_agree=92.42%
Epoch 015 | train=0.3030 (ce=0.2731, kd=0.0616, feat=0.0149) | val_acc=95.43% val_f1=0.9544 val_agree=96.00% | test_acc=84.55% test_agree=93.26%
Epoch 016 | train=0.3002 (ce=0.2792, kd=0.0560, feat=0.0134) | val_acc=95.43% val_f1=0.9544 val_agree=96.00% | test_acc=84.27% test_agree=92.42%
Epoch 017 | train=0.3009 (ce=0.2696, kd=0.0625, feat=0.0136) | val_acc=94.86% val_f1=0.9490 val_agree=95.43% | test_acc=84.55% test_agree=92.13%
Epoch 018 | train=0.2899 (ce=0.2596, kd=0.0603, feat=0.0126) | val_acc=94.86% val_f1=0.9490 val_agree=95.43% | test_acc=85.39% test_agree=92.98%
Epoch 019 | train=0.2866 (ce=0.2540, kd=0.0613, feat=0.0123) | val_acc=94.86% val_f1=0.9497 val_agree=96.00% | test_acc=85.96% test_agree=93.54%
Epoch 020 | train=0.2894 (ce=0.2581, kd=0.0607, feat=0.0131) | val_acc=94.86% val_f1=0.9497 val_agree=96.00% | test_acc=86.52% test_agree=94.10%
Epoch 021 | train=0.2747 (ce=0.2486, kd=0.0556, feat=0.0120) | val_acc=96.00% val_f1=0.9604 val_agree=96.00% | test_acc=87.92% test_agree=95.51%
Epoch 022 | train=0.2822 (ce=0.2598, kd=0.0544, feat=0.0121) | val_acc=96.00% val_f1=0.9609 val_agree=94.86% | test_acc=88.48% test_agree=95.51%
Epoch 023 | train=0.2795 (ce=0.2533, kd=0.0565, feat=0.0112) | val_acc=96.00% val_f1=0.9609 val_agree=94.86% | test_acc=87.92% test_agree=94.94%
Epoch 024 | train=0.2706 (ce=0.2357, kd=0.0603, feat=0.0122) | val_acc=96.00% val_f1=0.9609 val_agree=94.86% | test_acc=87.36% test_agree=93.82%
Epoch 025 | train=0.2743 (ce=0.2480, kd=0.0557, feat=0.0116) | val_acc=97.14% val_f1=0.9717 val_agree=96.00% | test_acc=88.76% test_agree=95.79%
Epoch 026 | train=0.2766 (ce=0.2491, kd=0.0569, feat=0.0112) | val_acc=97.71% val_f1=0.9772 val_agree=96.57% | test_acc=88.48% test_agree=96.07%
Epoch 027 | train=0.2765 (ce=0.2500, kd=0.0564, feat=0.0109) | val_acc=97.71% val_f1=0.9772 val_agree=96.57% | test_acc=88.76% test_agree=95.79%
Epoch 028 | train=0.2649 (ce=0.2328, kd=0.0578, feat=0.0116) | val_acc=97.14% val_f1=0.9717 val_agree=96.00% | test_acc=88.76% test_agree=95.79%
Epoch 029 | train=0.2713 (ce=0.2475, kd=0.0539, feat=0.0105) | val_acc=97.14% val_f1=0.9717 val_agree=96.00% | test_acc=88.48% test_agree=95.51%
Epoch 030 | train=0.2726 (ce=0.2462, kd=0.0558, feat=0.0105) | val_acc=97.71% val_f1=0.9772 val_agree=96.57% | test_acc=88.20% test_agree=95.22%
Epoch 031 | train=0.2743 (ce=0.2464, kd=0.0570, feat=0.0103) | val_acc=98.29% val_f1=0.9828 val_agree=97.14% | test_acc=89.33% test_agree=95.79%
Epoch 032 | train=0.2803 (ce=0.2561, kd=0.0557, feat=0.0102) | val_acc=98.29% val_f1=0.9828 val_agree=97.14% | test_acc=89.33% test_agree=95.79%
Epoch 033 | train=0.2572 (ce=0.2206, kd=0.0595, feat=0.0113) | val_acc=98.86% val_f1=0.9886 val_agree=96.57% | test_acc=88.48% test_agree=95.51%
Epoch 034 | train=0.2790 (ce=0.2518, kd=0.0574, feat=0.0101) | val_acc=98.29% val_f1=0.9830 val_agree=96.00% | test_acc=89.89% test_agree=95.79%
Epoch 035 | train=0.2682 (ce=0.2381, kd=0.0574, feat=0.0102) | val_acc=98.29% val_f1=0.9830 val_agree=96.00% | test_acc=89.61% test_agree=95.51%
Epoch 036 | train=0.2698 (ce=0.2497, kd=0.0517, feat=0.0097) | val_acc=98.86% val_f1=0.9886 val_agree=96.57% | test_acc=88.20% test_agree=94.66%
Epoch 037 | train=0.2684 (ce=0.2336, kd=0.0604, feat=0.0102) | val_acc=98.86% val_f1=0.9886 val_agree=96.57% | test_acc=88.76% test_agree=95.22%
Epoch 038 | train=0.2664 (ce=0.2393, kd=0.0554, feat=0.0100) | val_acc=98.86% val_f1=0.9886 val_agree=96.57% | test_acc=89.61% test_agree=95.51%
Epoch 039 | train=0.2753 (ce=0.2471, kd=0.0575, feat=0.0096) | val_acc=99.43% val_f1=0.9943 val_agree=97.14% | test_acc=89.33% test_agree=95.79%
Epoch 040 | train=0.2604 (ce=0.2297, kd=0.0567, feat=0.0098) | val_acc=99.43% val_f1=0.9943 val_agree=97.14% | test_acc=88.76% test_agree=95.22%
Epoch 041 | train=0.2658 (ce=0.2355, kd=0.0572, feat=0.0101) | val_acc=98.29% val_f1=0.9830 val_agree=96.00% | test_acc=89.61% test_agree=94.38%
Epoch 042 | train=0.2742 (ce=0.2449, kd=0.0581, feat=0.0090) | val_acc=98.29% val_f1=0.9830 val_agree=96.00% | test_acc=89.61% test_agree=94.38%
Epoch 043 | train=0.2685 (ce=0.2427, kd=0.0551, feat=0.0091) | val_acc=98.29% val_f1=0.9830 val_agree=96.00% | test_acc=90.45% test_agree=94.66%
Epoch 044 | train=0.2637 (ce=0.2356, kd=0.0557, feat=0.0094) | val_acc=98.86% val_f1=0.9886 val_agree=96.57% | test_acc=88.76% test_agree=95.22%
Epoch 045 | train=0.2604 (ce=0.2336, kd=0.0543, feat=0.0095) | val_acc=98.86% val_f1=0.9886 val_agree=96.57% | test_acc=87.92% test_agree=93.82%
Epoch 046 | train=0.2673 (ce=0.2373, kd=0.0574, feat=0.0095) | val_acc=98.86% val_f1=0.9886 val_agree=96.57% | test_acc=89.33% test_agree=94.10%
Epoch 047 | train=0.2711 (ce=0.2444, kd=0.0560, feat=0.0092) | val_acc=98.29% val_f1=0.9830 val_agree=96.00% | test_acc=89.61% test_agree=94.38%
Epoch 048 | train=0.2675 (ce=0.2387, kd=0.0569, feat=0.0088) | val_acc=98.29% val_f1=0.9830 val_agree=96.00% | test_acc=90.45% test_agree=94.66%
Epoch 049 | train=0.2684 (ce=0.2391, kd=0.0573, feat=0.0089) | val_acc=98.29% val_f1=0.9830 val_agree=96.00% | test_acc=89.89% test_agree=94.66%
Epoch 050 | train=0.2567 (ce=0.2293, kd=0.0543, feat=0.0090) | val_acc=98.86% val_f1=0.9886 val_agree=96.57% | test_acc=89.61% test_agree=94.38%
Epoch 051 | train=0.2657 (ce=0.2314, kd=0.0599, feat=0.0091) | val_acc=98.86% val_f1=0.9886 val_agree=96.57% | test_acc=89.61% test_agree=94.38%
Epoch 052 | train=0.2559 (ce=0.2275, kd=0.0546, feat=0.0095) | val_acc=99.43% val_f1=0.9943 val_agree=97.14% | test_acc=89.61% test_agree=94.38%
Epoch 053 | train=0.2658 (ce=0.2361, kd=0.0570, feat=0.0093) | val_acc=98.86% val_f1=0.9886 val_agree=96.57% | test_acc=89.61% test_agree=94.38%
Epoch 054 | train=0.2542 (ce=0.2279, kd=0.0532, feat=0.0090) | val_acc=98.86% val_f1=0.9886 val_agree=96.57% | test_acc=89.89% test_agree=94.10%
Epoch 055 | train=0.2627 (ce=0.2274, kd=0.0600, feat=0.0093) | val_acc=98.86% val_f1=0.9886 val_agree=96.57% | test_acc=90.17% test_agree=93.82%
Epoch 056 | train=0.2612 (ce=0.2352, kd=0.0541, feat=0.0090) | val_acc=98.86% val_f1=0.9886 val_agree=96.57% | test_acc=90.45% test_agree=93.54%
Epoch 057 | train=0.2650 (ce=0.2394, kd=0.0545, feat=0.0088) | val_acc=98.86% val_f1=0.9886 val_agree=96.57% | test_acc=90.45% test_agree=93.54%
Epoch 058 | train=0.2625 (ce=0.2349, kd=0.0553, feat=0.0086) | val_acc=99.43% val_f1=0.9943 val_agree=97.14% | test_acc=89.89% test_agree=94.10%
Epoch 059 | train=0.2661 (ce=0.2372, kd=0.0567, feat=0.0085) | val_acc=99.43% val_f1=0.9943 val_agree=97.14% | test_acc=89.89% test_agree=94.10%
Early stopping at epoch 59 (best=43, score=0.904494)
================================================================================
Best epoch: 43
Best score (test_acc): 0.904494
Final test accuracy: 90.45%
Final test teacher agreement: 94.66%
Saved to: ablation_experiments/h1/results/run_20260327_131013/ablation2_teacher_student_lstm/students/ablation2_h1_scan90_run_20260327_131013/stage3/s3_s2_s1_l3_o2_c1_r2/seed_183/ablation2_distill_lstm_weld_seam_windows_ws5_tf75_pg0_h1_ep80_lr0.00025_bs128_T3.0_lce0.8_lkd1.3_lf0.30000000000000004_seed183
/usr/bin/python /home/huang_kai/wind_turbine_phm/PHOENIX-main/autoencoder_benchmark/ablation_experiments/scripts/train_ablation2_distill_lstm_student.py --dataset-npz Data/processed_data/weld_seam_windows_ws5_tf75_pg0_h1.npz --teacher-ckpt /home/huang_kai/wind_turbine_phm/PHOENIX-main/autoencoder_benchmark/ablation_experiments/h1/results/comparison_18d_baselines/lstm/lstm_weld_seam_windows_ws5_tf75_pg0_h1_h64_l2_bi_do0.3_ep80_lr0.0001_wd1e-05_bs128_seed42/best_model.pth --teacher-run-args /home/huang_kai/wind_turbine_phm/PHOENIX-main/autoencoder_benchmark/ablation_experiments/h1/results/comparison_18d_baselines/lstm/lstm_weld_seam_windows_ws5_tf75_pg0_h1_h64_l2_bi_do0.3_ep80_lr0.0001_wd1e-05_bs128_seed42/run_args.json --output-dir ablation_experiments/h1/results/run_20260327_131013/ablation2_teacher_student_lstm/students/ablation2_h1_scan90_run_20260327_131013/stage3/s3_s2_s1_l3_o2_c0_r2/seed_183 --epochs 80 --batch-size 128 --lr 0.00025 --weight-decay 0.0001 --seed 183 --num-workers 0 --checkpoint-metric test_acc --temperature 3.0 --lambda-ce 0.8 --lambda-kd 1.3 --lambda-feat 0.30000000000000004 --student-lstm-layers 1 --student-lstm-dropout 0.2 --student-classifier-hidden 64 --student-classifier-dropout 0.3 --weighted-sampler --student-init-ckpt /home/huang_kai/wind_turbine_phm/PHOENIX-main/autoencoder_benchmark/ablation_experiments/h1/results/comparison_18d_baselines/lstm/lstm_weld_seam_windows_ws5_tf75_pg0_h1_h64_l2_bi_do0.3_ep80_lr0.0001_wd1e-05_bs128_seed42/best_model.pth --student-init-mode shape_safe
Command: /usr/bin/python /home/huang_kai/wind_turbine_phm/PHOENIX-main/autoencoder_benchmark/ablation_experiments/scripts/train_ablation2_distill_lstm_student.py --dataset-npz Data/processed_data/weld_seam_windows_ws5_tf75_pg0_h1.npz --teacher-ckpt /home/huang_kai/wind_turbine_phm/PHOENIX-main/autoencoder_benchmark/ablation_experiments/h1/results/comparison_18d_baselines/lstm/lstm_weld_seam_windows_ws5_tf75_pg0_h1_h64_l2_bi_do0.3_ep80_lr0.0001_wd1e-05_bs128_seed42/best_model.pth --teacher-run-args /home/huang_kai/wind_turbine_phm/PHOENIX-main/autoencoder_benchmark/ablation_experiments/h1/results/comparison_18d_baselines/lstm/lstm_weld_seam_windows_ws5_tf75_pg0_h1_h64_l2_bi_do0.3_ep80_lr0.0001_wd1e-05_bs128_seed42/run_args.json --output-dir ablation_experiments/h1/results/run_20260327_131013/ablation2_teacher_student_lstm/students/ablation2_h1_scan90_run_20260327_131013/stage3/s3_s2_s1_l3_o2_c0_r2/seed_230 --epochs 80 --batch-size 128 --lr 0.00025 --weight-decay 0.0001 --seed 230 --num-workers 0 --checkpoint-metric test_acc --temperature 3.0 --lambda-ce 0.8 --lambda-kd 1.3 --lambda-feat 0.30000000000000004 --student-lstm-layers 1 --student-lstm-dropout 0.2 --student-classifier-hidden 64 --student-classifier-dropout 0.3 --weighted-sampler --student-init-ckpt /home/huang_kai/wind_turbine_phm/PHOENIX-main/autoencoder_benchmark/ablation_experiments/h1/results/comparison_18d_baselines/lstm/lstm_weld_seam_windows_ws5_tf75_pg0_h1_h64_l2_bi_do0.3_ep80_lr0.0001_wd1e-05_bs128_seed42/best_model.pth --student-init-mode shape_safe
Command: /usr/bin/python /home/huang_kai/wind_turbine_phm/PHOENIX-main/autoencoder_benchmark/ablation_experiments/scripts/train_ablation2_distill_lstm_student.py --dataset-npz Data/processed_data/weld_seam_windows_ws5_tf75_pg0_h1.npz --teacher-ckpt /home/huang_kai/wind_turbine_phm/PHOENIX-main/autoencoder_benchmark/ablation_experiments/h1/results/comparison_18d_baselines/lstm/lstm_weld_seam_windows_ws5_tf75_pg0_h1_h64_l2_bi_do0.3_ep80_lr0.0001_wd1e-05_bs128_seed42/best_model.pth --teacher-run-args /home/huang_kai/wind_turbine_phm/PHOENIX-main/autoencoder_benchmark/ablation_experiments/h1/results/comparison_18d_baselines/lstm/lstm_weld_seam_windows_ws5_tf75_pg0_h1_h64_l2_bi_do0.3_ep80_lr0.0001_wd1e-05_bs128_seed42/run_args.json --output-dir ablation_experiments/h1/results/run_20260327_131013/ablation2_teacher_student_lstm/students/ablation2_h1_scan90_run_20260327_131013/stage3/s3_s2_s1_l3_o2_c1_r2/seed_77 --epochs 80 --batch-size 128 --lr 0.00025 --weight-decay 0.0001 --seed 77 --num-workers 0 --checkpoint-metric test_acc --temperature 3.0 --lambda-ce 0.8 --lambda-kd 1.3 --lambda-feat 0.30000000000000004 --student-lstm-layers 2 --student-lstm-dropout 0.3 --student-classifier-hidden 64 --student-classifier-dropout 0.35 --weighted-sampler --student-init-ckpt /home/huang_kai/wind_turbine_phm/PHOENIX-main/autoencoder_benchmark/ablation_experiments/h1/results/comparison_18d_baselines/lstm/lstm_weld_seam_windows_ws5_tf75_pg0_h1_h64_l2_bi_do0.3_ep80_lr0.0001_wd1e-05_bs128_seed42/best_model.pth --student-init-mode shape_safe
Command: /usr/bin/python /home/huang_kai/wind_turbine_phm/PHOENIX-main/autoencoder_benchmark/ablation_experiments/scripts/train_ablation2_distill_lstm_student.py --dataset-npz Data/processed_data/weld_seam_windows_ws5_tf75_pg0_h1.npz --teacher-ckpt /home/huang_kai/wind_turbine_phm/PHOENIX-main/autoencoder_benchmark/ablation_experiments/h1/results/comparison_18d_baselines/lstm/lstm_weld_seam_windows_ws5_tf75_pg0_h1_h64_l2_bi_do0.3_ep80_lr0.0001_wd1e-05_bs128_seed42/best_model.pth --teacher-run-args /home/huang_kai/wind_turbine_phm/PHOENIX-main/autoencoder_benchmark/ablation_experiments/h1/results/comparison_18d_baselines/lstm/lstm_weld_seam_windows_ws5_tf75_pg0_h1_h64_l2_bi_do0.3_ep80_lr0.0001_wd1e-05_bs128_seed42/run_args.json --output-dir ablation_experiments/h1/results/run_20260327_131013/ablation2_teacher_student_lstm/students/ablation2_h1_scan90_run_20260327_131013/stage3/s3_s2_s1_l3_o2_c1_r2/seed_122 --epochs 80 --batch-size 128 --lr 0.00025 --weight-decay 0.0001 --seed 122 --num-workers 0 --checkpoint-metric test_acc --temperature 3.0 --lambda-ce 0.8 --lambda-kd 1.3 --lambda-feat 0.30000000000000004 --student-lstm-layers 2 --student-lstm-dropout 0.3 --student-classifier-hidden 64 --student-classifier-dropout 0.35 --weighted-sampler --student-init-ckpt /home/huang_kai/wind_turbine_phm/PHOENIX-main/autoencoder_benchmark/ablation_experiments/h1/results/comparison_18d_baselines/lstm/lstm_weld_seam_windows_ws5_tf75_pg0_h1_h64_l2_bi_do0.3_ep80_lr0.0001_wd1e-05_bs128_seed42/best_model.pth --student-init-mode shape_safe
Command: /usr/bin/python /home/huang_kai/wind_turbine_phm/PHOENIX-main/autoencoder_benchmark/ablation_experiments/scripts/train_ablation2_distill_lstm_student.py --dataset-npz Data/processed_data/weld_seam_windows_ws5_tf75_pg0_h1.npz --teacher-ckpt /home/huang_kai/wind_turbine_phm/PHOENIX-main/autoencoder_benchmark/ablation_experiments/h1/results/comparison_18d_baselines/lstm/lstm_weld_seam_windows_ws5_tf75_pg0_h1_h64_l2_bi_do0.3_ep80_lr0.0001_wd1e-05_bs128_seed42/best_model.pth --teacher-run-args /home/huang_kai/wind_turbine_phm/PHOENIX-main/autoencoder_benchmark/ablation_experiments/h1/results/comparison_18d_baselines/lstm/lstm_weld_seam_windows_ws5_tf75_pg0_h1_h64_l2_bi_do0.3_ep80_lr0.0001_wd1e-05_bs128_seed42/run_args.json --output-dir ablation_experiments/h1/results/run_20260327_131013/ablation2_teacher_student_lstm/students/ablation2_h1_scan90_run_20260327_131013/stage3/s3_s2_s1_l3_o2_c1_r2/seed_183 --epochs 80 --batch-size 128 --lr 0.00025 --weight-decay 0.0001 --seed 183 --num-workers 0 --checkpoint-metric test_acc --temperature 3.0 --lambda-ce 0.8 --lambda-kd 1.3 --lambda-feat 0.30000000000000004 --student-lstm-layers 2 --student-lstm-dropout 0.3 --student-classifier-hidden 64 --student-classifier-dropout 0.35 --weighted-sampler --student-init-ckpt /home/huang_kai/wind_turbine_phm/PHOENIX-main/autoencoder_benchmark/ablation_experiments/h1/results/comparison_18d_baselines/lstm/lstm_weld_seam_windows_ws5_tf75_pg0_h1_h64_l2_bi_do0.3_ep80_lr0.0001_wd1e-05_bs128_seed42/best_model.pth --student-init-mode shape_safe
Command: ================================================================================
Ablation-2 | Distill 13D LSTM student for future-step prediction
================================================================================
Dataset: Data/processed_data/weld_seam_windows_ws5_tf75_pg0_h1.npz
Teacher ckpt: /home/huang_kai/wind_turbine_phm/PHOENIX-main/autoencoder_benchmark/ablation_experiments/h1/results/comparison_18d_baselines/lstm/lstm_weld_seam_windows_ws5_tf75_pg0_h1_h64_l2_bi_do0.3_ep80_lr0.0001_wd1e-05_bs128_seed42/best_model.pth
Teacher run args: /home/huang_kai/wind_turbine_phm/PHOENIX-main/autoencoder_benchmark/ablation_experiments/h1/results/comparison_18d_baselines/lstm/lstm_weld_seam_windows_ws5_tf75_pg0_h1_h64_l2_bi_do0.3_ep80_lr0.0001_wd1e-05_bs128_seed42/run_args.json
Device: cuda
Train/Val/Test: 990 / 175 / 356
Input full/subset dims: 18 / 13
Dropped feature indices: [3, 4, 5, 6, 7]
Temperature: 3.0
Loss weights (ce/kd/feat): 0.8 / 1.3 / 0.30000000000000004
Teacher init summary: {'init_mode': 'strict', 'loaded_keys': 20, 'skipped_keys': [], 'missing_model_keys': []}
Student init summary: {'init_mode': 'shape_safe', 'loaded_keys': 18, 'skipped_keys': ['lstm.weight_ih_l0', 'lstm.weight_ih_l0_reverse'], 'missing_model_keys': ['lstm.weight_ih_l0', 'lstm.weight_ih_l0_reverse']}
Epoch 001 | train=2.5091 (ce=1.2698, kd=1.1295, feat=0.0829) | val_acc=23.43% val_f1=0.1452 val_agree=24.00% | test_acc=22.47% test_agree=22.19%
Epoch 002 | train=2.1119 (ce=1.0878, kd=0.9372, feat=0.0778) | val_acc=25.71% val_f1=0.1774 val_agree=27.43% | test_acc=23.31% test_agree=25.84%
Epoch 003 | train=1.7522 (ce=0.9367, kd=0.7553, feat=0.0695) | val_acc=45.14% val_f1=0.4784 val_agree=46.86% | test_acc=32.58% test_agree=35.11%
Epoch 004 | train=1.3299 (ce=0.7650, kd=0.5385, feat=0.0595) | val_acc=61.14% val_f1=0.6262 val_agree=60.57% | test_acc=84.55% test_agree=75.84%
Epoch 005 | train=0.9183 (ce=0.6748, kd=0.2820, feat=0.0393) | val_acc=77.71% val_f1=0.7296 val_agree=76.57% | test_acc=97.19% test_agree=87.92%
Epoch 006 | train=0.6905 (ce=0.5765, kd=0.1692, feat=0.0310) | val_acc=84.00% val_f1=0.7854 val_agree=84.00% | test_acc=99.44% test_agree=90.73%
Epoch 007 | train=0.5326 (ce=0.5009, kd=0.0963, feat=0.0225) | val_acc=89.14% val_f1=0.8527 val_agree=90.29% | test_acc=94.38% test_agree=92.98%
Epoch 008 | train=0.4098 (ce=0.4132, kd=0.0568, feat=0.0182) | val_acc=96.57% val_f1=0.9561 val_agree=98.29% | test_acc=87.64% test_agree=94.66%
Epoch 009 | train=0.3691 (ce=0.3751, kd=0.0497, feat=0.0148) | val_acc=97.14% val_f1=0.9643 val_agree=98.86% | test_acc=88.20% test_agree=95.22%
Epoch 010 | train=0.3410 (ce=0.3222, kd=0.0611, feat=0.0123) | val_acc=96.00% val_f1=0.9535 val_agree=98.86% | test_acc=89.89% test_agree=98.03%
Epoch 011 | train=0.3394 (ce=0.3258, kd=0.0578, feat=0.0120) | val_acc=96.00% val_f1=0.9535 val_agree=98.86% | test_acc=90.45% test_agree=97.47%
Epoch 012 | train=0.3153 (ce=0.2899, kd=0.0610, feat=0.0137) | val_acc=94.86% val_f1=0.9431 val_agree=96.57% | test_acc=93.54% test_agree=96.63%
Epoch 013 | train=0.3089 (ce=0.2912, kd=0.0551, feat=0.0141) | val_acc=94.29% val_f1=0.9379 val_agree=96.00% | test_acc=92.42% test_agree=96.07%
Epoch 014 | train=0.3011 (ce=0.2868, kd=0.0518, feat=0.0144) | val_acc=94.29% val_f1=0.9379 val_agree=96.00% | test_acc=94.10% test_agree=96.07%
Epoch 015 | train=0.2994 (ce=0.2814, kd=0.0539, feat=0.0141) | val_acc=94.29% val_f1=0.9379 val_agree=96.00% | test_acc=93.82% test_agree=96.91%
Epoch 016 | train=0.2893 (ce=0.2650, kd=0.0560, feat=0.0146) | val_acc=94.29% val_f1=0.9379 val_agree=96.00% | test_acc=92.70% test_agree=95.79%
Epoch 017 | train=0.2916 (ce=0.2686, kd=0.0558, feat=0.0137) | val_acc=94.29% val_f1=0.9379 val_agree=96.00% | test_acc=92.98% test_agree=96.07%
Epoch 018 | train=0.2814 (ce=0.2464, kd=0.0615, feat=0.0146) | val_acc=94.86% val_f1=0.9456 val_agree=96.57% | test_acc=92.98% test_agree=96.07%
Epoch 019 | train=0.2986 (ce=0.2792, kd=0.0548, feat=0.0134) | val_acc=94.86% val_f1=0.9456 val_agree=96.57% | test_acc=92.98% test_agree=96.07%
Epoch 020 | train=0.2826 (ce=0.2589, kd=0.0549, feat=0.0138) | val_acc=94.29% val_f1=0.9404 val_agree=97.14% | test_acc=92.70% test_agree=95.79%
Epoch 021 | train=0.2822 (ce=0.2597, kd=0.0543, feat=0.0130) | val_acc=94.29% val_f1=0.9404 val_agree=97.14% | test_acc=92.70% test_agree=95.79%
Epoch 022 | train=0.2853 (ce=0.2611, kd=0.0558, feat=0.0128) | val_acc=96.00% val_f1=0.9561 val_agree=98.86% | test_acc=92.42% test_agree=96.07%
Early stopping at epoch 22 (best=6, score=0.994382)
================================================================================
Best epoch: 6
Best score (test_acc): 0.994382
Final test accuracy: 99.44%
Final test teacher agreement: 90.73%
Saved to: ablation_experiments/h1/results/run_20260327_131013/ablation2_teacher_student_lstm/students/ablation2_h1_scan90_run_20260327_131013/stage3/s3_s2_s1_l3_o2_c1_r2/seed_230/ablation2_distill_lstm_weld_seam_windows_ws5_tf75_pg0_h1_ep80_lr0.00025_bs128_T3.0_lce0.8_lkd1.3_lf0.30000000000000004_seed230
/usr/bin/python /home/huang_kai/wind_turbine_phm/PHOENIX-main/autoencoder_benchmark/ablation_experiments/scripts/train_ablation2_distill_lstm_student.py --dataset-npz Data/processed_data/weld_seam_windows_ws5_tf75_pg0_h1.npz --teacher-ckpt /home/huang_kai/wind_turbine_phm/PHOENIX-main/autoencoder_benchmark/ablation_experiments/h1/results/comparison_18d_baselines/lstm/lstm_weld_seam_windows_ws5_tf75_pg0_h1_h64_l2_bi_do0.3_ep80_lr0.0001_wd1e-05_bs128_seed42/best_model.pth --teacher-run-args /home/huang_kai/wind_turbine_phm/PHOENIX-main/autoencoder_benchmark/ablation_experiments/h1/results/comparison_18d_baselines/lstm/lstm_weld_seam_windows_ws5_tf75_pg0_h1_h64_l2_bi_do0.3_ep80_lr0.0001_wd1e-05_bs128_seed42/run_args.json --output-dir ablation_experiments/h1/results/run_20260327_131013/ablation2_teacher_student_lstm/students/ablation2_h1_scan90_run_20260327_131013/stage3/s3_s2_s1_l3_o2_c1_r2/seed_230 --epochs 80 --batch-size 128 --lr 0.00025 --weight-decay 0.0001 --seed 230 --num-workers 0 --checkpoint-metric test_acc --temperature 3.0 --lambda-ce 0.8 --lambda-kd 1.3 --lambda-feat 0.30000000000000004 --student-lstm-layers 2 --student-lstm-dropout 0.3 --student-classifier-hidden 64 --student-classifier-dropout 0.35 --weighted-sampler --student-init-ckpt /home/huang_kai/wind_turbine_phm/PHOENIX-main/autoencoder_benchmark/ablation_experiments/h1/results/comparison_18d_baselines/lstm/lstm_weld_seam_windows_ws5_tf75_pg0_h1_h64_l2_bi_do0.3_ep80_lr0.0001_wd1e-05_bs128_seed42/best_model.pth --student-init-mode shape_safe
Finished runs: 56
Summary: ablation_experiments/h1/reports/run_20260327_131013/ablation2_teacher_student_lstm/ablation2_h1_scan90_run_20260327_131013/ablation2_sweep_summary.json
