stage,config_id,base_config_id,checkpoint_metric,seed,epochs,batch_size,temperature,lambda_ce,lambda_kd,lambda_feat,lr,weight_decay,student_tcn_dropout,student_tcn_layers,student_tcn_channels,student_classifier_hidden,student_classifier_dropout,student_attn_dropout,student_attn_ff_dim,student_tcn_dilation_base,job_output_root,stage_index,status,run_name,run_dir,elapsed_sec,gpu_id,teacher_manifest,command,log_path,val_macro_f1,test_acc,test_macro_f1,test_teacher_agreement,best_epoch,best_score,student_config_resolved
stage0,s0_val_macro_f1_seed14,s0_val_macro_f1_seed14,val_macro_f1,14,80,128,3.0,0.8,1.2,0.2,0.0002,0.00015,,,,,,,,,/home/huang_kai/wind_turbine_phm/PHOENIX-main/autoencoder_benchmark/ablation_experiments/h1/results/comparison_18d_baselines/teacher_student_reference/student_h1_strict_valf1_20260522/stage0/s0_val_macro_f1_seed14,1,success,distill_tcn_attn_weld_seam_windows_ws5_tf75_pg0_h1_ep80_lr0.0002_bs128_T3.0_lce0.8_lkd1.2_lf0.2_seed14,/home/huang_kai/wind_turbine_phm/PHOENIX-main/autoencoder_benchmark/ablation_experiments/h1/results/comparison_18d_baselines/teacher_student_reference/student_h1_strict_valf1_20260522/stage0/s0_val_macro_f1_seed14/distill_tcn_attn_weld_seam_windows_ws5_tf75_pg0_h1_ep80_lr0.0002_bs128_T3.0_lce0.8_lkd1.2_lf0.2_seed14,10.15,1,/home/huang_kai/wind_turbine_phm/PHOENIX-main/autoencoder_benchmark/outputs/teacher_h1_forecast_95/manifests/best_teacher_h1.json,"/usr/bin/python /home/huang_kai/wind_turbine_phm/PHOENIX-main/autoencoder_benchmark/train_distill_single_tcn_student.py --dataset-npz /home/huang_kai/wind_turbine_phm/PHOENIX-main/autoencoder_benchmark/Data/processed_data/weld_seam_windows_ws5_tf75_pg0_h1.npz --teacher-ckpt /home/huang_kai/wind_turbine_phm/PHOENIX-main/autoencoder_benchmark/outputs/teacher_h1_forecast_95/runs/single_tcn_attn_weld_seam_windows_ws5_tf75_pg0_h1_ep80_lr0.0003_bs128_k3_l2_d0.1_lat64_wd0.0005_seed183/best_single_tcn.pth --teacher-run-args /home/huang_kai/wind_turbine_phm/PHOENIX-main/autoencoder_benchmark/outputs/teacher_h1_forecast_95/runs/single_tcn_attn_weld_seam_windows_ws5_tf75_pg0_h1_ep80_lr0.0003_bs128_k3_l2_d0.1_lat64_wd0.0005_seed183/run_args.json --output-dir /home/huang_kai/wind_turbine_phm/PHOENIX-main/autoencoder_benchmark/ablation_experiments/h1/results/comparison_18d_baselines/teacher_student_reference/student_h1_strict_valf1_20260522/stage0/s0_val_macro_f1_seed14 --drop-feature-indices 3,4,5,6,7 --epochs 80 --batch-size 128 --lr 0.0002 --weight-decay 0.00015 --seed 14 --class-weights auto --weighted-sampler --val-ratio 0.15 --early-stop-patience 16 --min-epochs 12 --checkpoint-metric val_macro_f1 --temperature 3.0 --lambda-ce 0.8 --lambda-kd 1.2 --lambda-feat 0.2",/home/huang_kai/wind_turbine_phm/PHOENIX-main/autoencoder_benchmark/ablation_experiments/h1/reports/comparison_18d_baselines/teacher_student_reference/student_h1_strict_valf1_20260522/logs/stage0_s0_val_macro_f1_seed14_seed14.log,1.0,0.8371,0.790408,0.9101,17,1.0,"{""attn_dropout"": 0.1, ""attn_ff_dim"": 128, ""attn_heads"": 4, ""classifier_dropout"": 0.4, ""classifier_hidden"": 64, ""latent_dim"": 64, ""tcn_channels"": 64, ""tcn_dilation_base"": 2, ""tcn_dropout"": 0.1, ""tcn_kernel"": 3, ""tcn_layers"": 2}"
stage0,s0_val_macro_f1_seed42,s0_val_macro_f1_seed42,val_macro_f1,42,80,128,3.0,0.8,1.2,0.2,0.0002,0.00015,,,,,,,,,/home/huang_kai/wind_turbine_phm/PHOENIX-main/autoencoder_benchmark/ablation_experiments/h1/results/comparison_18d_baselines/teacher_student_reference/student_h1_strict_valf1_20260522/stage0/s0_val_macro_f1_seed42,2,success,distill_tcn_attn_weld_seam_windows_ws5_tf75_pg0_h1_ep80_lr0.0002_bs128_T3.0_lce0.8_lkd1.2_lf0.2_seed42,/home/huang_kai/wind_turbine_phm/PHOENIX-main/autoencoder_benchmark/ablation_experiments/h1/results/comparison_18d_baselines/teacher_student_reference/student_h1_strict_valf1_20260522/stage0/s0_val_macro_f1_seed42/distill_tcn_attn_weld_seam_windows_ws5_tf75_pg0_h1_ep80_lr0.0002_bs128_T3.0_lce0.8_lkd1.2_lf0.2_seed42,11.93,1,/home/huang_kai/wind_turbine_phm/PHOENIX-main/autoencoder_benchmark/outputs/teacher_h1_forecast_95/manifests/best_teacher_h1.json,"/usr/bin/python /home/huang_kai/wind_turbine_phm/PHOENIX-main/autoencoder_benchmark/train_distill_single_tcn_student.py --dataset-npz /home/huang_kai/wind_turbine_phm/PHOENIX-main/autoencoder_benchmark/Data/processed_data/weld_seam_windows_ws5_tf75_pg0_h1.npz --teacher-ckpt /home/huang_kai/wind_turbine_phm/PHOENIX-main/autoencoder_benchmark/outputs/teacher_h1_forecast_95/runs/single_tcn_attn_weld_seam_windows_ws5_tf75_pg0_h1_ep80_lr0.0003_bs128_k3_l2_d0.1_lat64_wd0.0005_seed183/best_single_tcn.pth --teacher-run-args /home/huang_kai/wind_turbine_phm/PHOENIX-main/autoencoder_benchmark/outputs/teacher_h1_forecast_95/runs/single_tcn_attn_weld_seam_windows_ws5_tf75_pg0_h1_ep80_lr0.0003_bs128_k3_l2_d0.1_lat64_wd0.0005_seed183/run_args.json --output-dir /home/huang_kai/wind_turbine_phm/PHOENIX-main/autoencoder_benchmark/ablation_experiments/h1/results/comparison_18d_baselines/teacher_student_reference/student_h1_strict_valf1_20260522/stage0/s0_val_macro_f1_seed42 --drop-feature-indices 3,4,5,6,7 --epochs 80 --batch-size 128 --lr 0.0002 --weight-decay 0.00015 --seed 42 --class-weights auto --weighted-sampler --val-ratio 0.15 --early-stop-patience 16 --min-epochs 12 --checkpoint-metric val_macro_f1 --temperature 3.0 --lambda-ce 0.8 --lambda-kd 1.2 --lambda-feat 0.2",/home/huang_kai/wind_turbine_phm/PHOENIX-main/autoencoder_benchmark/ablation_experiments/h1/reports/comparison_18d_baselines/teacher_student_reference/student_h1_strict_valf1_20260522/logs/stage0_s0_val_macro_f1_seed42_seed42.log,1.0,0.7415999999999999,0.64689,0.8595999999999999,26,1.0,"{""attn_dropout"": 0.1, ""attn_ff_dim"": 128, ""attn_heads"": 4, ""classifier_dropout"": 0.4, ""classifier_hidden"": 64, ""latent_dim"": 64, ""tcn_channels"": 64, ""tcn_dilation_base"": 2, ""tcn_dropout"": 0.1, ""tcn_kernel"": 3, ""tcn_layers"": 2}"
stage0,s0_val_macro_f1_seed77,s0_val_macro_f1_seed77,val_macro_f1,77,80,128,3.0,0.8,1.2,0.2,0.0002,0.00015,,,,,,,,,/home/huang_kai/wind_turbine_phm/PHOENIX-main/autoencoder_benchmark/ablation_experiments/h1/results/comparison_18d_baselines/teacher_student_reference/student_h1_strict_valf1_20260522/stage0/s0_val_macro_f1_seed77,3,success,distill_tcn_attn_weld_seam_windows_ws5_tf75_pg0_h1_ep80_lr0.0002_bs128_T3.0_lce0.8_lkd1.2_lf0.2_seed77,/home/huang_kai/wind_turbine_phm/PHOENIX-main/autoencoder_benchmark/ablation_experiments/h1/results/comparison_18d_baselines/teacher_student_reference/student_h1_strict_valf1_20260522/stage0/s0_val_macro_f1_seed77/distill_tcn_attn_weld_seam_windows_ws5_tf75_pg0_h1_ep80_lr0.0002_bs128_T3.0_lce0.8_lkd1.2_lf0.2_seed77,9.06,1,/home/huang_kai/wind_turbine_phm/PHOENIX-main/autoencoder_benchmark/outputs/teacher_h1_forecast_95/manifests/best_teacher_h1.json,"/usr/bin/python /home/huang_kai/wind_turbine_phm/PHOENIX-main/autoencoder_benchmark/train_distill_single_tcn_student.py --dataset-npz /home/huang_kai/wind_turbine_phm/PHOENIX-main/autoencoder_benchmark/Data/processed_data/weld_seam_windows_ws5_tf75_pg0_h1.npz --teacher-ckpt /home/huang_kai/wind_turbine_phm/PHOENIX-main/autoencoder_benchmark/outputs/teacher_h1_forecast_95/runs/single_tcn_attn_weld_seam_windows_ws5_tf75_pg0_h1_ep80_lr0.0003_bs128_k3_l2_d0.1_lat64_wd0.0005_seed183/best_single_tcn.pth --teacher-run-args /home/huang_kai/wind_turbine_phm/PHOENIX-main/autoencoder_benchmark/outputs/teacher_h1_forecast_95/runs/single_tcn_attn_weld_seam_windows_ws5_tf75_pg0_h1_ep80_lr0.0003_bs128_k3_l2_d0.1_lat64_wd0.0005_seed183/run_args.json --output-dir /home/huang_kai/wind_turbine_phm/PHOENIX-main/autoencoder_benchmark/ablation_experiments/h1/results/comparison_18d_baselines/teacher_student_reference/student_h1_strict_valf1_20260522/stage0/s0_val_macro_f1_seed77 --drop-feature-indices 3,4,5,6,7 --epochs 80 --batch-size 128 --lr 0.0002 --weight-decay 0.00015 --seed 77 --class-weights auto --weighted-sampler --val-ratio 0.15 --early-stop-patience 16 --min-epochs 12 --checkpoint-metric val_macro_f1 --temperature 3.0 --lambda-ce 0.8 --lambda-kd 1.2 --lambda-feat 0.2",/home/huang_kai/wind_turbine_phm/PHOENIX-main/autoencoder_benchmark/ablation_experiments/h1/reports/comparison_18d_baselines/teacher_student_reference/student_h1_strict_valf1_20260522/logs/stage0_s0_val_macro_f1_seed77_seed77.log,1.0,0.823,0.746733,0.9298000000000001,14,1.0,"{""attn_dropout"": 0.1, ""attn_ff_dim"": 128, ""attn_heads"": 4, ""classifier_dropout"": 0.4, ""classifier_hidden"": 64, ""latent_dim"": 64, ""tcn_channels"": 64, ""tcn_dilation_base"": 2, ""tcn_dropout"": 0.1, ""tcn_kernel"": 3, ""tcn_layers"": 2}"
stage0,s0_val_macro_f1_seed122,s0_val_macro_f1_seed122,val_macro_f1,122,80,128,3.0,0.8,1.2,0.2,0.0002,0.00015,,,,,,,,,/home/huang_kai/wind_turbine_phm/PHOENIX-main/autoencoder_benchmark/ablation_experiments/h1/results/comparison_18d_baselines/teacher_student_reference/student_h1_strict_valf1_20260522/stage0/s0_val_macro_f1_seed122,4,success,distill_tcn_attn_weld_seam_windows_ws5_tf75_pg0_h1_ep80_lr0.0002_bs128_T3.0_lce0.8_lkd1.2_lf0.2_seed122,/home/huang_kai/wind_turbine_phm/PHOENIX-main/autoencoder_benchmark/ablation_experiments/h1/results/comparison_18d_baselines/teacher_student_reference/student_h1_strict_valf1_20260522/stage0/s0_val_macro_f1_seed122/distill_tcn_attn_weld_seam_windows_ws5_tf75_pg0_h1_ep80_lr0.0002_bs128_T3.0_lce0.8_lkd1.2_lf0.2_seed122,11.34,1,/home/huang_kai/wind_turbine_phm/PHOENIX-main/autoencoder_benchmark/outputs/teacher_h1_forecast_95/manifests/best_teacher_h1.json,"/usr/bin/python /home/huang_kai/wind_turbine_phm/PHOENIX-main/autoencoder_benchmark/train_distill_single_tcn_student.py --dataset-npz /home/huang_kai/wind_turbine_phm/PHOENIX-main/autoencoder_benchmark/Data/processed_data/weld_seam_windows_ws5_tf75_pg0_h1.npz --teacher-ckpt /home/huang_kai/wind_turbine_phm/PHOENIX-main/autoencoder_benchmark/outputs/teacher_h1_forecast_95/runs/single_tcn_attn_weld_seam_windows_ws5_tf75_pg0_h1_ep80_lr0.0003_bs128_k3_l2_d0.1_lat64_wd0.0005_seed183/best_single_tcn.pth --teacher-run-args /home/huang_kai/wind_turbine_phm/PHOENIX-main/autoencoder_benchmark/outputs/teacher_h1_forecast_95/runs/single_tcn_attn_weld_seam_windows_ws5_tf75_pg0_h1_ep80_lr0.0003_bs128_k3_l2_d0.1_lat64_wd0.0005_seed183/run_args.json --output-dir /home/huang_kai/wind_turbine_phm/PHOENIX-main/autoencoder_benchmark/ablation_experiments/h1/results/comparison_18d_baselines/teacher_student_reference/student_h1_strict_valf1_20260522/stage0/s0_val_macro_f1_seed122 --drop-feature-indices 3,4,5,6,7 --epochs 80 --batch-size 128 --lr 0.0002 --weight-decay 0.00015 --seed 122 --class-weights auto --weighted-sampler --val-ratio 0.15 --early-stop-patience 16 --min-epochs 12 --checkpoint-metric val_macro_f1 --temperature 3.0 --lambda-ce 0.8 --lambda-kd 1.2 --lambda-feat 0.2",/home/huang_kai/wind_turbine_phm/PHOENIX-main/autoencoder_benchmark/ablation_experiments/h1/reports/comparison_18d_baselines/teacher_student_reference/student_h1_strict_valf1_20260522/logs/stage0_s0_val_macro_f1_seed122_seed122.log,1.0,0.8652,0.80343,0.9326000000000001,23,1.0,"{""attn_dropout"": 0.1, ""attn_ff_dim"": 128, ""attn_heads"": 4, ""classifier_dropout"": 0.4, ""classifier_hidden"": 64, ""latent_dim"": 64, ""tcn_channels"": 64, ""tcn_dilation_base"": 2, ""tcn_dropout"": 0.1, ""tcn_kernel"": 3, ""tcn_layers"": 2}"
stage1,s1_l1_o1,s1_l1_o1,val_macro_f1,14,80,128,2.5,1.0,1.0,0.1,0.00015,0.00015,0.05,,,,,,,,/home/huang_kai/wind_turbine_phm/PHOENIX-main/autoencoder_benchmark/ablation_experiments/h1/results/comparison_18d_baselines/teacher_student_reference/student_h1_strict_valf1_20260522/stage1/s1_l1_o1,1,success,distill_tcn_attn_weld_seam_windows_ws5_tf75_pg0_h1_ep80_lr0.00015_bs128_T2.5_lce1.0_lkd1.0_lf0.1_seed14,/home/huang_kai/wind_turbine_phm/PHOENIX-main/autoencoder_benchmark/ablation_experiments/h1/results/comparison_18d_baselines/teacher_student_reference/student_h1_strict_valf1_20260522/stage1/s1_l1_o1/distill_tcn_attn_weld_seam_windows_ws5_tf75_pg0_h1_ep80_lr0.00015_bs128_T2.5_lce1.0_lkd1.0_lf0.1_seed14,9.1,1,/home/huang_kai/wind_turbine_phm/PHOENIX-main/autoencoder_benchmark/outputs/teacher_h1_forecast_95/manifests/best_teacher_h1.json,"/usr/bin/python /home/huang_kai/wind_turbine_phm/PHOENIX-main/autoencoder_benchmark/train_distill_single_tcn_student.py --dataset-npz /home/huang_kai/wind_turbine_phm/PHOENIX-main/autoencoder_benchmark/Data/processed_data/weld_seam_windows_ws5_tf75_pg0_h1.npz --teacher-ckpt /home/huang_kai/wind_turbine_phm/PHOENIX-main/autoencoder_benchmark/outputs/teacher_h1_forecast_95/runs/single_tcn_attn_weld_seam_windows_ws5_tf75_pg0_h1_ep80_lr0.0003_bs128_k3_l2_d0.1_lat64_wd0.0005_seed183/best_single_tcn.pth --teacher-run-args /home/huang_kai/wind_turbine_phm/PHOENIX-main/autoencoder_benchmark/outputs/teacher_h1_forecast_95/runs/single_tcn_attn_weld_seam_windows_ws5_tf75_pg0_h1_ep80_lr0.0003_bs128_k3_l2_d0.1_lat64_wd0.0005_seed183/run_args.json --output-dir /home/huang_kai/wind_turbine_phm/PHOENIX-main/autoencoder_benchmark/ablation_experiments/h1/results/comparison_18d_baselines/teacher_student_reference/student_h1_strict_valf1_20260522/stage1/s1_l1_o1 --drop-feature-indices 3,4,5,6,7 --epochs 80 --batch-size 128 --lr 0.00015 --weight-decay 0.00015 --seed 14 --class-weights auto --weighted-sampler --val-ratio 0.15 --early-stop-patience 16 --min-epochs 12 --checkpoint-metric val_macro_f1 --temperature 2.5 --lambda-ce 1.0 --lambda-kd 1.0 --lambda-feat 0.1 --student-tcn-dropout 0.05",/home/huang_kai/wind_turbine_phm/PHOENIX-main/autoencoder_benchmark/ablation_experiments/h1/reports/comparison_18d_baselines/teacher_student_reference/student_h1_strict_valf1_20260522/logs/stage1_s1_l1_o1_seed14.log,1.0,0.8146,0.736384,0.9045000000000001,14,1.0,"{""attn_dropout"": 0.1, ""attn_ff_dim"": 128, ""attn_heads"": 4, ""classifier_dropout"": 0.4, ""classifier_hidden"": 64, ""latent_dim"": 64, ""tcn_channels"": 64, ""tcn_dilation_base"": 2, ""tcn_dropout"": 0.05, ""tcn_kernel"": 3, ""tcn_layers"": 2}"
stage1,s1_l1_o2,s1_l1_o2,val_macro_f1,14,80,128,2.5,1.0,1.0,0.1,0.0002,0.00015,0.08,,,,,,,,/home/huang_kai/wind_turbine_phm/PHOENIX-main/autoencoder_benchmark/ablation_experiments/h1/results/comparison_18d_baselines/teacher_student_reference/student_h1_strict_valf1_20260522/stage1/s1_l1_o2,2,success,distill_tcn_attn_weld_seam_windows_ws5_tf75_pg0_h1_ep80_lr0.0002_bs128_T2.5_lce1.0_lkd1.0_lf0.1_seed14,/home/huang_kai/wind_turbine_phm/PHOENIX-main/autoencoder_benchmark/ablation_experiments/h1/results/comparison_18d_baselines/teacher_student_reference/student_h1_strict_valf1_20260522/stage1/s1_l1_o2/distill_tcn_attn_weld_seam_windows_ws5_tf75_pg0_h1_ep80_lr0.0002_bs128_T2.5_lce1.0_lkd1.0_lf0.1_seed14,8.07,1,/home/huang_kai/wind_turbine_phm/PHOENIX-main/autoencoder_benchmark/outputs/teacher_h1_forecast_95/manifests/best_teacher_h1.json,"/usr/bin/python /home/huang_kai/wind_turbine_phm/PHOENIX-main/autoencoder_benchmark/train_distill_single_tcn_student.py --dataset-npz /home/huang_kai/wind_turbine_phm/PHOENIX-main/autoencoder_benchmark/Data/processed_data/weld_seam_windows_ws5_tf75_pg0_h1.npz --teacher-ckpt /home/huang_kai/wind_turbine_phm/PHOENIX-main/autoencoder_benchmark/outputs/teacher_h1_forecast_95/runs/single_tcn_attn_weld_seam_windows_ws5_tf75_pg0_h1_ep80_lr0.0003_bs128_k3_l2_d0.1_lat64_wd0.0005_seed183/best_single_tcn.pth --teacher-run-args /home/huang_kai/wind_turbine_phm/PHOENIX-main/autoencoder_benchmark/outputs/teacher_h1_forecast_95/runs/single_tcn_attn_weld_seam_windows_ws5_tf75_pg0_h1_ep80_lr0.0003_bs128_k3_l2_d0.1_lat64_wd0.0005_seed183/run_args.json --output-dir /home/huang_kai/wind_turbine_phm/PHOENIX-main/autoencoder_benchmark/ablation_experiments/h1/results/comparison_18d_baselines/teacher_student_reference/student_h1_strict_valf1_20260522/stage1/s1_l1_o2 --drop-feature-indices 3,4,5,6,7 --epochs 80 --batch-size 128 --lr 0.0002 --weight-decay 0.00015 --seed 14 --class-weights auto --weighted-sampler --val-ratio 0.15 --early-stop-patience 16 --min-epochs 12 --checkpoint-metric val_macro_f1 --temperature 2.5 --lambda-ce 1.0 --lambda-kd 1.0 --lambda-feat 0.1 --student-tcn-dropout 0.08",/home/huang_kai/wind_turbine_phm/PHOENIX-main/autoencoder_benchmark/ablation_experiments/h1/reports/comparison_18d_baselines/teacher_student_reference/student_h1_strict_valf1_20260522/logs/stage1_s1_l1_o2_seed14.log,1.0,0.7725,0.667196,0.8961,13,1.0,"{""attn_dropout"": 0.1, ""attn_ff_dim"": 128, ""attn_heads"": 4, ""classifier_dropout"": 0.4, ""classifier_hidden"": 64, ""latent_dim"": 64, ""tcn_channels"": 64, ""tcn_dilation_base"": 2, ""tcn_dropout"": 0.08, ""tcn_kernel"": 3, ""tcn_layers"": 2}"
stage1,s1_l1_o3,s1_l1_o3,val_macro_f1,14,80,128,2.5,1.0,1.0,0.1,0.00025,0.0002,0.08,,,,,,,,/home/huang_kai/wind_turbine_phm/PHOENIX-main/autoencoder_benchmark/ablation_experiments/h1/results/comparison_18d_baselines/teacher_student_reference/student_h1_strict_valf1_20260522/stage1/s1_l1_o3,3,success,distill_tcn_attn_weld_seam_windows_ws5_tf75_pg0_h1_ep80_lr0.00025_bs128_T2.5_lce1.0_lkd1.0_lf0.1_seed14,/home/huang_kai/wind_turbine_phm/PHOENIX-main/autoencoder_benchmark/ablation_experiments/h1/results/comparison_18d_baselines/teacher_student_reference/student_h1_strict_valf1_20260522/stage1/s1_l1_o3/distill_tcn_attn_weld_seam_windows_ws5_tf75_pg0_h1_ep80_lr0.00025_bs128_T2.5_lce1.0_lkd1.0_lf0.1_seed14,8.65,1,/home/huang_kai/wind_turbine_phm/PHOENIX-main/autoencoder_benchmark/outputs/teacher_h1_forecast_95/manifests/best_teacher_h1.json,"/usr/bin/python /home/huang_kai/wind_turbine_phm/PHOENIX-main/autoencoder_benchmark/train_distill_single_tcn_student.py --dataset-npz /home/huang_kai/wind_turbine_phm/PHOENIX-main/autoencoder_benchmark/Data/processed_data/weld_seam_windows_ws5_tf75_pg0_h1.npz --teacher-ckpt /home/huang_kai/wind_turbine_phm/PHOENIX-main/autoencoder_benchmark/outputs/teacher_h1_forecast_95/runs/single_tcn_attn_weld_seam_windows_ws5_tf75_pg0_h1_ep80_lr0.0003_bs128_k3_l2_d0.1_lat64_wd0.0005_seed183/best_single_tcn.pth --teacher-run-args /home/huang_kai/wind_turbine_phm/PHOENIX-main/autoencoder_benchmark/outputs/teacher_h1_forecast_95/runs/single_tcn_attn_weld_seam_windows_ws5_tf75_pg0_h1_ep80_lr0.0003_bs128_k3_l2_d0.1_lat64_wd0.0005_seed183/run_args.json --output-dir /home/huang_kai/wind_turbine_phm/PHOENIX-main/autoencoder_benchmark/ablation_experiments/h1/results/comparison_18d_baselines/teacher_student_reference/student_h1_strict_valf1_20260522/stage1/s1_l1_o3 --drop-feature-indices 3,4,5,6,7 --epochs 80 --batch-size 128 --lr 0.00025 --weight-decay 0.0002 --seed 14 --class-weights auto --weighted-sampler --val-ratio 0.15 --early-stop-patience 16 --min-epochs 12 --checkpoint-metric val_macro_f1 --temperature 2.5 --lambda-ce 1.0 --lambda-kd 1.0 --lambda-feat 0.1 --student-tcn-dropout 0.08",/home/huang_kai/wind_turbine_phm/PHOENIX-main/autoencoder_benchmark/ablation_experiments/h1/reports/comparison_18d_baselines/teacher_student_reference/student_h1_strict_valf1_20260522/logs/stage1_s1_l1_o3_seed14.log,1.0,0.7556,0.642585,0.8848,13,1.0,"{""attn_dropout"": 0.1, ""attn_ff_dim"": 128, ""attn_heads"": 4, ""classifier_dropout"": 0.4, ""classifier_hidden"": 64, ""latent_dim"": 64, ""tcn_channels"": 64, ""tcn_dilation_base"": 2, ""tcn_dropout"": 0.08, ""tcn_kernel"": 3, ""tcn_layers"": 2}"
stage1,s1_l1_o4,s1_l1_o4,val_macro_f1,14,80,128,2.5,1.0,1.0,0.1,0.0003,0.00015,0.12,,,,,,,,/home/huang_kai/wind_turbine_phm/PHOENIX-main/autoencoder_benchmark/ablation_experiments/h1/results/comparison_18d_baselines/teacher_student_reference/student_h1_strict_valf1_20260522/stage1/s1_l1_o4,4,success,distill_tcn_attn_weld_seam_windows_ws5_tf75_pg0_h1_ep80_lr0.0003_bs128_T2.5_lce1.0_lkd1.0_lf0.1_seed14,/home/huang_kai/wind_turbine_phm/PHOENIX-main/autoencoder_benchmark/ablation_experiments/h1/results/comparison_18d_baselines/teacher_student_reference/student_h1_strict_valf1_20260522/stage1/s1_l1_o4/distill_tcn_attn_weld_seam_windows_ws5_tf75_pg0_h1_ep80_lr0.0003_bs128_T2.5_lce1.0_lkd1.0_lf0.1_seed14,7.43,1,/home/huang_kai/wind_turbine_phm/PHOENIX-main/autoencoder_benchmark/outputs/teacher_h1_forecast_95/manifests/best_teacher_h1.json,"/usr/bin/python /home/huang_kai/wind_turbine_phm/PHOENIX-main/autoencoder_benchmark/train_distill_single_tcn_student.py --dataset-npz /home/huang_kai/wind_turbine_phm/PHOENIX-main/autoencoder_benchmark/Data/processed_data/weld_seam_windows_ws5_tf75_pg0_h1.npz --teacher-ckpt /home/huang_kai/wind_turbine_phm/PHOENIX-main/autoencoder_benchmark/outputs/teacher_h1_forecast_95/runs/single_tcn_attn_weld_seam_windows_ws5_tf75_pg0_h1_ep80_lr0.0003_bs128_k3_l2_d0.1_lat64_wd0.0005_seed183/best_single_tcn.pth --teacher-run-args /home/huang_kai/wind_turbine_phm/PHOENIX-main/autoencoder_benchmark/outputs/teacher_h1_forecast_95/runs/single_tcn_attn_weld_seam_windows_ws5_tf75_pg0_h1_ep80_lr0.0003_bs128_k3_l2_d0.1_lat64_wd0.0005_seed183/run_args.json --output-dir /home/huang_kai/wind_turbine_phm/PHOENIX-main/autoencoder_benchmark/ablation_experiments/h1/results/comparison_18d_baselines/teacher_student_reference/student_h1_strict_valf1_20260522/stage1/s1_l1_o4 --drop-feature-indices 3,4,5,6,7 --epochs 80 --batch-size 128 --lr 0.0003 --weight-decay 0.00015 --seed 14 --class-weights auto --weighted-sampler --val-ratio 0.15 --early-stop-patience 16 --min-epochs 12 --checkpoint-metric val_macro_f1 --temperature 2.5 --lambda-ce 1.0 --lambda-kd 1.0 --lambda-feat 0.1 --student-tcn-dropout 0.12",/home/huang_kai/wind_turbine_phm/PHOENIX-main/autoencoder_benchmark/ablation_experiments/h1/reports/comparison_18d_baselines/teacher_student_reference/student_h1_strict_valf1_20260522/logs/stage1_s1_l1_o4_seed14.log,1.0,0.8118000000000001,0.731009,0.9017000000000001,8,1.0,"{""attn_dropout"": 0.1, ""attn_ff_dim"": 128, ""attn_heads"": 4, ""classifier_dropout"": 0.4, ""classifier_hidden"": 64, ""latent_dim"": 64, ""tcn_channels"": 64, ""tcn_dilation_base"": 2, ""tcn_dropout"": 0.12, ""tcn_kernel"": 3, ""tcn_layers"": 2}"
stage1,s1_l2_o1,s1_l2_o1,val_macro_f1,14,80,128,3.0,0.8,1.2,0.2,0.00015,0.00015,0.05,,,,,,,,/home/huang_kai/wind_turbine_phm/PHOENIX-main/autoencoder_benchmark/ablation_experiments/h1/results/comparison_18d_baselines/teacher_student_reference/student_h1_strict_valf1_20260522/stage1/s1_l2_o1,5,success,distill_tcn_attn_weld_seam_windows_ws5_tf75_pg0_h1_ep80_lr0.00015_bs128_T3.0_lce0.8_lkd1.2_lf0.2_seed14,/home/huang_kai/wind_turbine_phm/PHOENIX-main/autoencoder_benchmark/ablation_experiments/h1/results/comparison_18d_baselines/teacher_student_reference/student_h1_strict_valf1_20260522/stage1/s1_l2_o1/distill_tcn_attn_weld_seam_windows_ws5_tf75_pg0_h1_ep80_lr0.00015_bs128_T3.0_lce0.8_lkd1.2_lf0.2_seed14,9.31,1,/home/huang_kai/wind_turbine_phm/PHOENIX-main/autoencoder_benchmark/outputs/teacher_h1_forecast_95/manifests/best_teacher_h1.json,"/usr/bin/python /home/huang_kai/wind_turbine_phm/PHOENIX-main/autoencoder_benchmark/train_distill_single_tcn_student.py --dataset-npz /home/huang_kai/wind_turbine_phm/PHOENIX-main/autoencoder_benchmark/Data/processed_data/weld_seam_windows_ws5_tf75_pg0_h1.npz --teacher-ckpt /home/huang_kai/wind_turbine_phm/PHOENIX-main/autoencoder_benchmark/outputs/teacher_h1_forecast_95/runs/single_tcn_attn_weld_seam_windows_ws5_tf75_pg0_h1_ep80_lr0.0003_bs128_k3_l2_d0.1_lat64_wd0.0005_seed183/best_single_tcn.pth --teacher-run-args /home/huang_kai/wind_turbine_phm/PHOENIX-main/autoencoder_benchmark/outputs/teacher_h1_forecast_95/runs/single_tcn_attn_weld_seam_windows_ws5_tf75_pg0_h1_ep80_lr0.0003_bs128_k3_l2_d0.1_lat64_wd0.0005_seed183/run_args.json --output-dir /home/huang_kai/wind_turbine_phm/PHOENIX-main/autoencoder_benchmark/ablation_experiments/h1/results/comparison_18d_baselines/teacher_student_reference/student_h1_strict_valf1_20260522/stage1/s1_l2_o1 --drop-feature-indices 3,4,5,6,7 --epochs 80 --batch-size 128 --lr 0.00015 --weight-decay 0.00015 --seed 14 --class-weights auto --weighted-sampler --val-ratio 0.15 --early-stop-patience 16 --min-epochs 12 --checkpoint-metric val_macro_f1 --temperature 3.0 --lambda-ce 0.8 --lambda-kd 1.2 --lambda-feat 0.2 --student-tcn-dropout 0.05",/home/huang_kai/wind_turbine_phm/PHOENIX-main/autoencoder_benchmark/ablation_experiments/h1/reports/comparison_18d_baselines/teacher_student_reference/student_h1_strict_valf1_20260522/logs/stage1_s1_l2_o1_seed14.log,1.0,0.8118000000000001,0.728574,0.9017000000000001,14,1.0,"{""attn_dropout"": 0.1, ""attn_ff_dim"": 128, ""attn_heads"": 4, ""classifier_dropout"": 0.4, ""classifier_hidden"": 64, ""latent_dim"": 64, ""tcn_channels"": 64, ""tcn_dilation_base"": 2, ""tcn_dropout"": 0.05, ""tcn_kernel"": 3, ""tcn_layers"": 2}"
stage1,s1_l2_o2,s1_l2_o2,val_macro_f1,14,80,128,3.0,0.8,1.2,0.2,0.0002,0.00015,0.08,,,,,,,,/home/huang_kai/wind_turbine_phm/PHOENIX-main/autoencoder_benchmark/ablation_experiments/h1/results/comparison_18d_baselines/teacher_student_reference/student_h1_strict_valf1_20260522/stage1/s1_l2_o2,6,success,distill_tcn_attn_weld_seam_windows_ws5_tf75_pg0_h1_ep80_lr0.0002_bs128_T3.0_lce0.8_lkd1.2_lf0.2_seed14,/home/huang_kai/wind_turbine_phm/PHOENIX-main/autoencoder_benchmark/ablation_experiments/h1/results/comparison_18d_baselines/teacher_student_reference/student_h1_strict_valf1_20260522/stage1/s1_l2_o2/distill_tcn_attn_weld_seam_windows_ws5_tf75_pg0_h1_ep80_lr0.0002_bs128_T3.0_lce0.8_lkd1.2_lf0.2_seed14,9.0,1,/home/huang_kai/wind_turbine_phm/PHOENIX-main/autoencoder_benchmark/outputs/teacher_h1_forecast_95/manifests/best_teacher_h1.json,"/usr/bin/python /home/huang_kai/wind_turbine_phm/PHOENIX-main/autoencoder_benchmark/train_distill_single_tcn_student.py --dataset-npz /home/huang_kai/wind_turbine_phm/PHOENIX-main/autoencoder_benchmark/Data/processed_data/weld_seam_windows_ws5_tf75_pg0_h1.npz --teacher-ckpt /home/huang_kai/wind_turbine_phm/PHOENIX-main/autoencoder_benchmark/outputs/teacher_h1_forecast_95/runs/single_tcn_attn_weld_seam_windows_ws5_tf75_pg0_h1_ep80_lr0.0003_bs128_k3_l2_d0.1_lat64_wd0.0005_seed183/best_single_tcn.pth --teacher-run-args /home/huang_kai/wind_turbine_phm/PHOENIX-main/autoencoder_benchmark/outputs/teacher_h1_forecast_95/runs/single_tcn_attn_weld_seam_windows_ws5_tf75_pg0_h1_ep80_lr0.0003_bs128_k3_l2_d0.1_lat64_wd0.0005_seed183/run_args.json --output-dir /home/huang_kai/wind_turbine_phm/PHOENIX-main/autoencoder_benchmark/ablation_experiments/h1/results/comparison_18d_baselines/teacher_student_reference/student_h1_strict_valf1_20260522/stage1/s1_l2_o2 --drop-feature-indices 3,4,5,6,7 --epochs 80 --batch-size 128 --lr 0.0002 --weight-decay 0.00015 --seed 14 --class-weights auto --weighted-sampler --val-ratio 0.15 --early-stop-patience 16 --min-epochs 12 --checkpoint-metric val_macro_f1 --temperature 3.0 --lambda-ce 0.8 --lambda-kd 1.2 --lambda-feat 0.2 --student-tcn-dropout 0.08",/home/huang_kai/wind_turbine_phm/PHOENIX-main/autoencoder_benchmark/ablation_experiments/h1/reports/comparison_18d_baselines/teacher_student_reference/student_h1_strict_valf1_20260522/logs/stage1_s1_l2_o2_seed14.log,1.0,0.7725,0.667196,0.8961,13,1.0,"{""attn_dropout"": 0.1, ""attn_ff_dim"": 128, ""attn_heads"": 4, ""classifier_dropout"": 0.4, ""classifier_hidden"": 64, ""latent_dim"": 64, ""tcn_channels"": 64, ""tcn_dilation_base"": 2, ""tcn_dropout"": 0.08, ""tcn_kernel"": 3, ""tcn_layers"": 2}"
stage1,s1_l2_o3,s1_l2_o3,val_macro_f1,14,80,128,3.0,0.8,1.2,0.2,0.00025,0.0002,0.08,,,,,,,,/home/huang_kai/wind_turbine_phm/PHOENIX-main/autoencoder_benchmark/ablation_experiments/h1/results/comparison_18d_baselines/teacher_student_reference/student_h1_strict_valf1_20260522/stage1/s1_l2_o3,7,success,distill_tcn_attn_weld_seam_windows_ws5_tf75_pg0_h1_ep80_lr0.00025_bs128_T3.0_lce0.8_lkd1.2_lf0.2_seed14,/home/huang_kai/wind_turbine_phm/PHOENIX-main/autoencoder_benchmark/ablation_experiments/h1/results/comparison_18d_baselines/teacher_student_reference/student_h1_strict_valf1_20260522/stage1/s1_l2_o3/distill_tcn_attn_weld_seam_windows_ws5_tf75_pg0_h1_ep80_lr0.00025_bs128_T3.0_lce0.8_lkd1.2_lf0.2_seed14,9.1,1,/home/huang_kai/wind_turbine_phm/PHOENIX-main/autoencoder_benchmark/outputs/teacher_h1_forecast_95/manifests/best_teacher_h1.json,"/usr/bin/python /home/huang_kai/wind_turbine_phm/PHOENIX-main/autoencoder_benchmark/train_distill_single_tcn_student.py --dataset-npz /home/huang_kai/wind_turbine_phm/PHOENIX-main/autoencoder_benchmark/Data/processed_data/weld_seam_windows_ws5_tf75_pg0_h1.npz --teacher-ckpt /home/huang_kai/wind_turbine_phm/PHOENIX-main/autoencoder_benchmark/outputs/teacher_h1_forecast_95/runs/single_tcn_attn_weld_seam_windows_ws5_tf75_pg0_h1_ep80_lr0.0003_bs128_k3_l2_d0.1_lat64_wd0.0005_seed183/best_single_tcn.pth --teacher-run-args /home/huang_kai/wind_turbine_phm/PHOENIX-main/autoencoder_benchmark/outputs/teacher_h1_forecast_95/runs/single_tcn_attn_weld_seam_windows_ws5_tf75_pg0_h1_ep80_lr0.0003_bs128_k3_l2_d0.1_lat64_wd0.0005_seed183/run_args.json --output-dir /home/huang_kai/wind_turbine_phm/PHOENIX-main/autoencoder_benchmark/ablation_experiments/h1/results/comparison_18d_baselines/teacher_student_reference/student_h1_strict_valf1_20260522/stage1/s1_l2_o3 --drop-feature-indices 3,4,5,6,7 --epochs 80 --batch-size 128 --lr 0.00025 --weight-decay 0.0002 --seed 14 --class-weights auto --weighted-sampler --val-ratio 0.15 --early-stop-patience 16 --min-epochs 12 --checkpoint-metric val_macro_f1 --temperature 3.0 --lambda-ce 0.8 --lambda-kd 1.2 --lambda-feat 0.2 --student-tcn-dropout 0.08",/home/huang_kai/wind_turbine_phm/PHOENIX-main/autoencoder_benchmark/ablation_experiments/h1/reports/comparison_18d_baselines/teacher_student_reference/student_h1_strict_valf1_20260522/logs/stage1_s1_l2_o3_seed14.log,1.0,0.7612000000000001,0.654685,0.8904000000000001,13,1.0,"{""attn_dropout"": 0.1, ""attn_ff_dim"": 128, ""attn_heads"": 4, ""classifier_dropout"": 0.4, ""classifier_hidden"": 64, ""latent_dim"": 64, ""tcn_channels"": 64, ""tcn_dilation_base"": 2, ""tcn_dropout"": 0.08, ""tcn_kernel"": 3, ""tcn_layers"": 2}"
stage1,s1_l2_o4,s1_l2_o4,val_macro_f1,14,80,128,3.0,0.8,1.2,0.2,0.0003,0.00015,0.12,,,,,,,,/home/huang_kai/wind_turbine_phm/PHOENIX-main/autoencoder_benchmark/ablation_experiments/h1/results/comparison_18d_baselines/teacher_student_reference/student_h1_strict_valf1_20260522/stage1/s1_l2_o4,8,success,distill_tcn_attn_weld_seam_windows_ws5_tf75_pg0_h1_ep80_lr0.0003_bs128_T3.0_lce0.8_lkd1.2_lf0.2_seed14,/home/huang_kai/wind_turbine_phm/PHOENIX-main/autoencoder_benchmark/ablation_experiments/h1/results/comparison_18d_baselines/teacher_student_reference/student_h1_strict_valf1_20260522/stage1/s1_l2_o4/distill_tcn_attn_weld_seam_windows_ws5_tf75_pg0_h1_ep80_lr0.0003_bs128_T3.0_lce0.8_lkd1.2_lf0.2_seed14,7.85,1,/home/huang_kai/wind_turbine_phm/PHOENIX-main/autoencoder_benchmark/outputs/teacher_h1_forecast_95/manifests/best_teacher_h1.json,"/usr/bin/python /home/huang_kai/wind_turbine_phm/PHOENIX-main/autoencoder_benchmark/train_distill_single_tcn_student.py --dataset-npz /home/huang_kai/wind_turbine_phm/PHOENIX-main/autoencoder_benchmark/Data/processed_data/weld_seam_windows_ws5_tf75_pg0_h1.npz --teacher-ckpt /home/huang_kai/wind_turbine_phm/PHOENIX-main/autoencoder_benchmark/outputs/teacher_h1_forecast_95/runs/single_tcn_attn_weld_seam_windows_ws5_tf75_pg0_h1_ep80_lr0.0003_bs128_k3_l2_d0.1_lat64_wd0.0005_seed183/best_single_tcn.pth --teacher-run-args /home/huang_kai/wind_turbine_phm/PHOENIX-main/autoencoder_benchmark/outputs/teacher_h1_forecast_95/runs/single_tcn_attn_weld_seam_windows_ws5_tf75_pg0_h1_ep80_lr0.0003_bs128_k3_l2_d0.1_lat64_wd0.0005_seed183/run_args.json --output-dir /home/huang_kai/wind_turbine_phm/PHOENIX-main/autoencoder_benchmark/ablation_experiments/h1/results/comparison_18d_baselines/teacher_student_reference/student_h1_strict_valf1_20260522/stage1/s1_l2_o4 --drop-feature-indices 3,4,5,6,7 --epochs 80 --batch-size 128 --lr 0.0003 --weight-decay 0.00015 --seed 14 --class-weights auto --weighted-sampler --val-ratio 0.15 --early-stop-patience 16 --min-epochs 12 --checkpoint-metric val_macro_f1 --temperature 3.0 --lambda-ce 0.8 --lambda-kd 1.2 --lambda-feat 0.2 --student-tcn-dropout 0.12",/home/huang_kai/wind_turbine_phm/PHOENIX-main/autoencoder_benchmark/ablation_experiments/h1/reports/comparison_18d_baselines/teacher_student_reference/student_h1_strict_valf1_20260522/logs/stage1_s1_l2_o4_seed14.log,1.0,0.8118000000000001,0.731009,0.9017000000000001,8,1.0,"{""attn_dropout"": 0.1, ""attn_ff_dim"": 128, ""attn_heads"": 4, ""classifier_dropout"": 0.4, ""classifier_hidden"": 64, ""latent_dim"": 64, ""tcn_channels"": 64, ""tcn_dilation_base"": 2, ""tcn_dropout"": 0.12, ""tcn_kernel"": 3, ""tcn_layers"": 2}"
stage1,s1_l3_o1,s1_l3_o1,val_macro_f1,14,80,128,3.5,0.7,1.4,0.3,0.00015,0.00015,0.05,,,,,,,,/home/huang_kai/wind_turbine_phm/PHOENIX-main/autoencoder_benchmark/ablation_experiments/h1/results/comparison_18d_baselines/teacher_student_reference/student_h1_strict_valf1_20260522/stage1/s1_l3_o1,9,success,distill_tcn_attn_weld_seam_windows_ws5_tf75_pg0_h1_ep80_lr0.00015_bs128_T3.5_lce0.7_lkd1.4_lf0.3_seed14,/home/huang_kai/wind_turbine_phm/PHOENIX-main/autoencoder_benchmark/ablation_experiments/h1/results/comparison_18d_baselines/teacher_student_reference/student_h1_strict_valf1_20260522/stage1/s1_l3_o1/distill_tcn_attn_weld_seam_windows_ws5_tf75_pg0_h1_ep80_lr0.00015_bs128_T3.5_lce0.7_lkd1.4_lf0.3_seed14,9.45,1,/home/huang_kai/wind_turbine_phm/PHOENIX-main/autoencoder_benchmark/outputs/teacher_h1_forecast_95/manifests/best_teacher_h1.json,"/usr/bin/python /home/huang_kai/wind_turbine_phm/PHOENIX-main/autoencoder_benchmark/train_distill_single_tcn_student.py --dataset-npz /home/huang_kai/wind_turbine_phm/PHOENIX-main/autoencoder_benchmark/Data/processed_data/weld_seam_windows_ws5_tf75_pg0_h1.npz --teacher-ckpt /home/huang_kai/wind_turbine_phm/PHOENIX-main/autoencoder_benchmark/outputs/teacher_h1_forecast_95/runs/single_tcn_attn_weld_seam_windows_ws5_tf75_pg0_h1_ep80_lr0.0003_bs128_k3_l2_d0.1_lat64_wd0.0005_seed183/best_single_tcn.pth --teacher-run-args /home/huang_kai/wind_turbine_phm/PHOENIX-main/autoencoder_benchmark/outputs/teacher_h1_forecast_95/runs/single_tcn_attn_weld_seam_windows_ws5_tf75_pg0_h1_ep80_lr0.0003_bs128_k3_l2_d0.1_lat64_wd0.0005_seed183/run_args.json --output-dir /home/huang_kai/wind_turbine_phm/PHOENIX-main/autoencoder_benchmark/ablation_experiments/h1/results/comparison_18d_baselines/teacher_student_reference/student_h1_strict_valf1_20260522/stage1/s1_l3_o1 --drop-feature-indices 3,4,5,6,7 --epochs 80 --batch-size 128 --lr 0.00015 --weight-decay 0.00015 --seed 14 --class-weights auto --weighted-sampler --val-ratio 0.15 --early-stop-patience 16 --min-epochs 12 --checkpoint-metric val_macro_f1 --temperature 3.5 --lambda-ce 0.7 --lambda-kd 1.4 --lambda-feat 0.3 --student-tcn-dropout 0.05",/home/huang_kai/wind_turbine_phm/PHOENIX-main/autoencoder_benchmark/ablation_experiments/h1/reports/comparison_18d_baselines/teacher_student_reference/student_h1_strict_valf1_20260522/logs/stage1_s1_l3_o1_seed14.log,1.0,0.8118000000000001,0.728574,0.9017000000000001,14,1.0,"{""attn_dropout"": 0.1, ""attn_ff_dim"": 128, ""attn_heads"": 4, ""classifier_dropout"": 0.4, ""classifier_hidden"": 64, ""latent_dim"": 64, ""tcn_channels"": 64, ""tcn_dilation_base"": 2, ""tcn_dropout"": 0.05, ""tcn_kernel"": 3, ""tcn_layers"": 2}"
stage1,s1_l3_o2,s1_l3_o2,val_macro_f1,14,80,128,3.5,0.7,1.4,0.3,0.0002,0.00015,0.08,,,,,,,,/home/huang_kai/wind_turbine_phm/PHOENIX-main/autoencoder_benchmark/ablation_experiments/h1/results/comparison_18d_baselines/teacher_student_reference/student_h1_strict_valf1_20260522/stage1/s1_l3_o2,10,success,distill_tcn_attn_weld_seam_windows_ws5_tf75_pg0_h1_ep80_lr0.0002_bs128_T3.5_lce0.7_lkd1.4_lf0.3_seed14,/home/huang_kai/wind_turbine_phm/PHOENIX-main/autoencoder_benchmark/ablation_experiments/h1/results/comparison_18d_baselines/teacher_student_reference/student_h1_strict_valf1_20260522/stage1/s1_l3_o2/distill_tcn_attn_weld_seam_windows_ws5_tf75_pg0_h1_ep80_lr0.0002_bs128_T3.5_lce0.7_lkd1.4_lf0.3_seed14,12.22,1,/home/huang_kai/wind_turbine_phm/PHOENIX-main/autoencoder_benchmark/outputs/teacher_h1_forecast_95/manifests/best_teacher_h1.json,"/usr/bin/python /home/huang_kai/wind_turbine_phm/PHOENIX-main/autoencoder_benchmark/train_distill_single_tcn_student.py --dataset-npz /home/huang_kai/wind_turbine_phm/PHOENIX-main/autoencoder_benchmark/Data/processed_data/weld_seam_windows_ws5_tf75_pg0_h1.npz --teacher-ckpt /home/huang_kai/wind_turbine_phm/PHOENIX-main/autoencoder_benchmark/outputs/teacher_h1_forecast_95/runs/single_tcn_attn_weld_seam_windows_ws5_tf75_pg0_h1_ep80_lr0.0003_bs128_k3_l2_d0.1_lat64_wd0.0005_seed183/best_single_tcn.pth --teacher-run-args /home/huang_kai/wind_turbine_phm/PHOENIX-main/autoencoder_benchmark/outputs/teacher_h1_forecast_95/runs/single_tcn_attn_weld_seam_windows_ws5_tf75_pg0_h1_ep80_lr0.0003_bs128_k3_l2_d0.1_lat64_wd0.0005_seed183/run_args.json --output-dir /home/huang_kai/wind_turbine_phm/PHOENIX-main/autoencoder_benchmark/ablation_experiments/h1/results/comparison_18d_baselines/teacher_student_reference/student_h1_strict_valf1_20260522/stage1/s1_l3_o2 --drop-feature-indices 3,4,5,6,7 --epochs 80 --batch-size 128 --lr 0.0002 --weight-decay 0.00015 --seed 14 --class-weights auto --weighted-sampler --val-ratio 0.15 --early-stop-patience 16 --min-epochs 12 --checkpoint-metric val_macro_f1 --temperature 3.5 --lambda-ce 0.7 --lambda-kd 1.4 --lambda-feat 0.3 --student-tcn-dropout 0.08",/home/huang_kai/wind_turbine_phm/PHOENIX-main/autoencoder_benchmark/ablation_experiments/h1/reports/comparison_18d_baselines/teacher_student_reference/student_h1_strict_valf1_20260522/logs/stage1_s1_l3_o2_seed14.log,1.0,0.7725,0.667196,0.8961,13,1.0,"{""attn_dropout"": 0.1, ""attn_ff_dim"": 128, ""attn_heads"": 4, ""classifier_dropout"": 0.4, ""classifier_hidden"": 64, ""latent_dim"": 64, ""tcn_channels"": 64, ""tcn_dilation_base"": 2, ""tcn_dropout"": 0.08, ""tcn_kernel"": 3, ""tcn_layers"": 2}"
stage1,s1_l3_o3,s1_l3_o3,val_macro_f1,14,80,128,3.5,0.7,1.4,0.3,0.00025,0.0002,0.08,,,,,,,,/home/huang_kai/wind_turbine_phm/PHOENIX-main/autoencoder_benchmark/ablation_experiments/h1/results/comparison_18d_baselines/teacher_student_reference/student_h1_strict_valf1_20260522/stage1/s1_l3_o3,11,success,distill_tcn_attn_weld_seam_windows_ws5_tf75_pg0_h1_ep80_lr0.00025_bs128_T3.5_lce0.7_lkd1.4_lf0.3_seed14,/home/huang_kai/wind_turbine_phm/PHOENIX-main/autoencoder_benchmark/ablation_experiments/h1/results/comparison_18d_baselines/teacher_student_reference/student_h1_strict_valf1_20260522/stage1/s1_l3_o3/distill_tcn_attn_weld_seam_windows_ws5_tf75_pg0_h1_ep80_lr0.00025_bs128_T3.5_lce0.7_lkd1.4_lf0.3_seed14,12.27,1,/home/huang_kai/wind_turbine_phm/PHOENIX-main/autoencoder_benchmark/outputs/teacher_h1_forecast_95/manifests/best_teacher_h1.json,"/usr/bin/python /home/huang_kai/wind_turbine_phm/PHOENIX-main/autoencoder_benchmark/train_distill_single_tcn_student.py --dataset-npz /home/huang_kai/wind_turbine_phm/PHOENIX-main/autoencoder_benchmark/Data/processed_data/weld_seam_windows_ws5_tf75_pg0_h1.npz --teacher-ckpt /home/huang_kai/wind_turbine_phm/PHOENIX-main/autoencoder_benchmark/outputs/teacher_h1_forecast_95/runs/single_tcn_attn_weld_seam_windows_ws5_tf75_pg0_h1_ep80_lr0.0003_bs128_k3_l2_d0.1_lat64_wd0.0005_seed183/best_single_tcn.pth --teacher-run-args /home/huang_kai/wind_turbine_phm/PHOENIX-main/autoencoder_benchmark/outputs/teacher_h1_forecast_95/runs/single_tcn_attn_weld_seam_windows_ws5_tf75_pg0_h1_ep80_lr0.0003_bs128_k3_l2_d0.1_lat64_wd0.0005_seed183/run_args.json --output-dir /home/huang_kai/wind_turbine_phm/PHOENIX-main/autoencoder_benchmark/ablation_experiments/h1/results/comparison_18d_baselines/teacher_student_reference/student_h1_strict_valf1_20260522/stage1/s1_l3_o3 --drop-feature-indices 3,4,5,6,7 --epochs 80 --batch-size 128 --lr 0.00025 --weight-decay 0.0002 --seed 14 --class-weights auto --weighted-sampler --val-ratio 0.15 --early-stop-patience 16 --min-epochs 12 --checkpoint-metric val_macro_f1 --temperature 3.5 --lambda-ce 0.7 --lambda-kd 1.4 --lambda-feat 0.3 --student-tcn-dropout 0.08",/home/huang_kai/wind_turbine_phm/PHOENIX-main/autoencoder_benchmark/ablation_experiments/h1/reports/comparison_18d_baselines/teacher_student_reference/student_h1_strict_valf1_20260522/logs/stage1_s1_l3_o3_seed14.log,1.0,0.7584000000000001,0.651506,0.8933,13,1.0,"{""attn_dropout"": 0.1, ""attn_ff_dim"": 128, ""attn_heads"": 4, ""classifier_dropout"": 0.4, ""classifier_hidden"": 64, ""latent_dim"": 64, ""tcn_channels"": 64, ""tcn_dilation_base"": 2, ""tcn_dropout"": 0.08, ""tcn_kernel"": 3, ""tcn_layers"": 2}"
stage1,s1_l3_o4,s1_l3_o4,val_macro_f1,14,80,128,3.5,0.7,1.4,0.3,0.0003,0.00015,0.12,,,,,,,,/home/huang_kai/wind_turbine_phm/PHOENIX-main/autoencoder_benchmark/ablation_experiments/h1/results/comparison_18d_baselines/teacher_student_reference/student_h1_strict_valf1_20260522/stage1/s1_l3_o4,12,success,distill_tcn_attn_weld_seam_windows_ws5_tf75_pg0_h1_ep80_lr0.0003_bs128_T3.5_lce0.7_lkd1.4_lf0.3_seed14,/home/huang_kai/wind_turbine_phm/PHOENIX-main/autoencoder_benchmark/ablation_experiments/h1/results/comparison_18d_baselines/teacher_student_reference/student_h1_strict_valf1_20260522/stage1/s1_l3_o4/distill_tcn_attn_weld_seam_windows_ws5_tf75_pg0_h1_ep80_lr0.0003_bs128_T3.5_lce0.7_lkd1.4_lf0.3_seed14,10.77,1,/home/huang_kai/wind_turbine_phm/PHOENIX-main/autoencoder_benchmark/outputs/teacher_h1_forecast_95/manifests/best_teacher_h1.json,"/usr/bin/python /home/huang_kai/wind_turbine_phm/PHOENIX-main/autoencoder_benchmark/train_distill_single_tcn_student.py --dataset-npz /home/huang_kai/wind_turbine_phm/PHOENIX-main/autoencoder_benchmark/Data/processed_data/weld_seam_windows_ws5_tf75_pg0_h1.npz --teacher-ckpt /home/huang_kai/wind_turbine_phm/PHOENIX-main/autoencoder_benchmark/outputs/teacher_h1_forecast_95/runs/single_tcn_attn_weld_seam_windows_ws5_tf75_pg0_h1_ep80_lr0.0003_bs128_k3_l2_d0.1_lat64_wd0.0005_seed183/best_single_tcn.pth --teacher-run-args /home/huang_kai/wind_turbine_phm/PHOENIX-main/autoencoder_benchmark/outputs/teacher_h1_forecast_95/runs/single_tcn_attn_weld_seam_windows_ws5_tf75_pg0_h1_ep80_lr0.0003_bs128_k3_l2_d0.1_lat64_wd0.0005_seed183/run_args.json --output-dir /home/huang_kai/wind_turbine_phm/PHOENIX-main/autoencoder_benchmark/ablation_experiments/h1/results/comparison_18d_baselines/teacher_student_reference/student_h1_strict_valf1_20260522/stage1/s1_l3_o4 --drop-feature-indices 3,4,5,6,7 --epochs 80 --batch-size 128 --lr 0.0003 --weight-decay 0.00015 --seed 14 --class-weights auto --weighted-sampler --val-ratio 0.15 --early-stop-patience 16 --min-epochs 12 --checkpoint-metric val_macro_f1 --temperature 3.5 --lambda-ce 0.7 --lambda-kd 1.4 --lambda-feat 0.3 --student-tcn-dropout 0.12",/home/huang_kai/wind_turbine_phm/PHOENIX-main/autoencoder_benchmark/ablation_experiments/h1/reports/comparison_18d_baselines/teacher_student_reference/student_h1_strict_valf1_20260522/logs/stage1_s1_l3_o4_seed14.log,1.0,0.8118000000000001,0.731009,0.9017000000000001,8,1.0,"{""attn_dropout"": 0.1, ""attn_ff_dim"": 128, ""attn_heads"": 4, ""classifier_dropout"": 0.4, ""classifier_hidden"": 64, ""latent_dim"": 64, ""tcn_channels"": 64, ""tcn_dilation_base"": 2, ""tcn_dropout"": 0.12, ""tcn_kernel"": 3, ""tcn_layers"": 2}"
stage1,s1_l4_o1,s1_l4_o1,val_macro_f1,14,80,128,2.0,0.9,1.1,0.0,0.00015,0.00015,0.05,,,,,,,,/home/huang_kai/wind_turbine_phm/PHOENIX-main/autoencoder_benchmark/ablation_experiments/h1/results/comparison_18d_baselines/teacher_student_reference/student_h1_strict_valf1_20260522/stage1/s1_l4_o1,13,success,distill_tcn_attn_weld_seam_windows_ws5_tf75_pg0_h1_ep80_lr0.00015_bs128_T2.0_lce0.9_lkd1.1_lf0.0_seed14,/home/huang_kai/wind_turbine_phm/PHOENIX-main/autoencoder_benchmark/ablation_experiments/h1/results/comparison_18d_baselines/teacher_student_reference/student_h1_strict_valf1_20260522/stage1/s1_l4_o1/distill_tcn_attn_weld_seam_windows_ws5_tf75_pg0_h1_ep80_lr0.00015_bs128_T2.0_lce0.9_lkd1.1_lf0.0_seed14,12.2,1,/home/huang_kai/wind_turbine_phm/PHOENIX-main/autoencoder_benchmark/outputs/teacher_h1_forecast_95/manifests/best_teacher_h1.json,"/usr/bin/python /home/huang_kai/wind_turbine_phm/PHOENIX-main/autoencoder_benchmark/train_distill_single_tcn_student.py --dataset-npz /home/huang_kai/wind_turbine_phm/PHOENIX-main/autoencoder_benchmark/Data/processed_data/weld_seam_windows_ws5_tf75_pg0_h1.npz --teacher-ckpt /home/huang_kai/wind_turbine_phm/PHOENIX-main/autoencoder_benchmark/outputs/teacher_h1_forecast_95/runs/single_tcn_attn_weld_seam_windows_ws5_tf75_pg0_h1_ep80_lr0.0003_bs128_k3_l2_d0.1_lat64_wd0.0005_seed183/best_single_tcn.pth --teacher-run-args /home/huang_kai/wind_turbine_phm/PHOENIX-main/autoencoder_benchmark/outputs/teacher_h1_forecast_95/runs/single_tcn_attn_weld_seam_windows_ws5_tf75_pg0_h1_ep80_lr0.0003_bs128_k3_l2_d0.1_lat64_wd0.0005_seed183/run_args.json --output-dir /home/huang_kai/wind_turbine_phm/PHOENIX-main/autoencoder_benchmark/ablation_experiments/h1/results/comparison_18d_baselines/teacher_student_reference/student_h1_strict_valf1_20260522/stage1/s1_l4_o1 --drop-feature-indices 3,4,5,6,7 --epochs 80 --batch-size 128 --lr 0.00015 --weight-decay 0.00015 --seed 14 --class-weights auto --weighted-sampler --val-ratio 0.15 --early-stop-patience 16 --min-epochs 12 --checkpoint-metric val_macro_f1 --temperature 2.0 --lambda-ce 0.9 --lambda-kd 1.1 --lambda-feat 0.0 --student-tcn-dropout 0.05",/home/huang_kai/wind_turbine_phm/PHOENIX-main/autoencoder_benchmark/ablation_experiments/h1/reports/comparison_18d_baselines/teacher_student_reference/student_h1_strict_valf1_20260522/logs/stage1_s1_l4_o1_seed14.log,1.0,0.8118000000000001,0.733346,0.9017000000000001,14,1.0,"{""attn_dropout"": 0.1, ""attn_ff_dim"": 128, ""attn_heads"": 4, ""classifier_dropout"": 0.4, ""classifier_hidden"": 64, ""latent_dim"": 64, ""tcn_channels"": 64, ""tcn_dilation_base"": 2, ""tcn_dropout"": 0.05, ""tcn_kernel"": 3, ""tcn_layers"": 2}"
stage1,s1_l4_o2,s1_l4_o2,val_macro_f1,14,80,128,2.0,0.9,1.1,0.0,0.0002,0.00015,0.08,,,,,,,,/home/huang_kai/wind_turbine_phm/PHOENIX-main/autoencoder_benchmark/ablation_experiments/h1/results/comparison_18d_baselines/teacher_student_reference/student_h1_strict_valf1_20260522/stage1/s1_l4_o2,14,skipped_existing,distill_tcn_attn_weld_seam_windows_ws5_tf75_pg0_h1_ep80_lr0.0002_bs128_T2.0_lce0.9_lkd1.1_lf0.0_seed14,/home/huang_kai/wind_turbine_phm/PHOENIX-main/autoencoder_benchmark/ablation_experiments/h1/results/comparison_18d_baselines/teacher_student_reference/student_h1_strict_valf1_20260522/stage1/s1_l4_o2/distill_tcn_attn_weld_seam_windows_ws5_tf75_pg0_h1_ep80_lr0.0002_bs128_T2.0_lce0.9_lkd1.1_lf0.0_seed14,0.0,1,/home/huang_kai/wind_turbine_phm/PHOENIX-main/autoencoder_benchmark/outputs/teacher_h1_forecast_95/manifests/best_teacher_h1.json,"/usr/bin/python /home/huang_kai/wind_turbine_phm/PHOENIX-main/autoencoder_benchmark/train_distill_single_tcn_student.py --dataset-npz /home/huang_kai/wind_turbine_phm/PHOENIX-main/autoencoder_benchmark/Data/processed_data/weld_seam_windows_ws5_tf75_pg0_h1.npz --teacher-ckpt /home/huang_kai/wind_turbine_phm/PHOENIX-main/autoencoder_benchmark/outputs/teacher_h1_forecast_95/runs/single_tcn_attn_weld_seam_windows_ws5_tf75_pg0_h1_ep80_lr0.0003_bs128_k3_l2_d0.1_lat64_wd0.0005_seed183/best_single_tcn.pth --teacher-run-args /home/huang_kai/wind_turbine_phm/PHOENIX-main/autoencoder_benchmark/outputs/teacher_h1_forecast_95/runs/single_tcn_attn_weld_seam_windows_ws5_tf75_pg0_h1_ep80_lr0.0003_bs128_k3_l2_d0.1_lat64_wd0.0005_seed183/run_args.json --output-dir /home/huang_kai/wind_turbine_phm/PHOENIX-main/autoencoder_benchmark/ablation_experiments/h1/results/comparison_18d_baselines/teacher_student_reference/student_h1_strict_valf1_20260522/stage1/s1_l4_o2 --drop-feature-indices 3,4,5,6,7 --epochs 80 --batch-size 128 --lr 0.0002 --weight-decay 0.00015 --seed 14 --class-weights auto --weighted-sampler --val-ratio 0.15 --early-stop-patience 16 --min-epochs 12 --checkpoint-metric val_macro_f1 --temperature 2.0 --lambda-ce 0.9 --lambda-kd 1.1 --lambda-feat 0.0 --student-tcn-dropout 0.08",/home/huang_kai/wind_turbine_phm/PHOENIX-main/autoencoder_benchmark/ablation_experiments/h1/reports/comparison_18d_baselines/teacher_student_reference/student_h1_strict_valf1_20260522/logs/stage1_s1_l4_o2_seed14.log,1.0,0.7725,0.667196,0.8961,13,1.0,"{""attn_dropout"": 0.1, ""attn_ff_dim"": 128, ""attn_heads"": 4, ""classifier_dropout"": 0.4, ""classifier_hidden"": 64, ""latent_dim"": 64, ""tcn_channels"": 64, ""tcn_dilation_base"": 2, ""tcn_dropout"": 0.08, ""tcn_kernel"": 3, ""tcn_layers"": 2}"
stage1,s1_l4_o3,s1_l4_o3,val_macro_f1,14,80,128,2.0,0.9,1.1,0.0,0.00025,0.0002,0.08,,,,,,,,/home/huang_kai/wind_turbine_phm/PHOENIX-main/autoencoder_benchmark/ablation_experiments/h1/results/comparison_18d_baselines/teacher_student_reference/student_h1_strict_valf1_20260522/stage1/s1_l4_o3,15,success,distill_tcn_attn_weld_seam_windows_ws5_tf75_pg0_h1_ep80_lr0.00025_bs128_T2.0_lce0.9_lkd1.1_lf0.0_seed14,/home/huang_kai/wind_turbine_phm/PHOENIX-main/autoencoder_benchmark/ablation_experiments/h1/results/comparison_18d_baselines/teacher_student_reference/student_h1_strict_valf1_20260522/stage1/s1_l4_o3/distill_tcn_attn_weld_seam_windows_ws5_tf75_pg0_h1_ep80_lr0.00025_bs128_T2.0_lce0.9_lkd1.1_lf0.0_seed14,11.15,1,/home/huang_kai/wind_turbine_phm/PHOENIX-main/autoencoder_benchmark/outputs/teacher_h1_forecast_95/manifests/best_teacher_h1.json,"/usr/bin/python /home/huang_kai/wind_turbine_phm/PHOENIX-main/autoencoder_benchmark/train_distill_single_tcn_student.py --dataset-npz /home/huang_kai/wind_turbine_phm/PHOENIX-main/autoencoder_benchmark/Data/processed_data/weld_seam_windows_ws5_tf75_pg0_h1.npz --teacher-ckpt /home/huang_kai/wind_turbine_phm/PHOENIX-main/autoencoder_benchmark/outputs/teacher_h1_forecast_95/runs/single_tcn_attn_weld_seam_windows_ws5_tf75_pg0_h1_ep80_lr0.0003_bs128_k3_l2_d0.1_lat64_wd0.0005_seed183/best_single_tcn.pth --teacher-run-args /home/huang_kai/wind_turbine_phm/PHOENIX-main/autoencoder_benchmark/outputs/teacher_h1_forecast_95/runs/single_tcn_attn_weld_seam_windows_ws5_tf75_pg0_h1_ep80_lr0.0003_bs128_k3_l2_d0.1_lat64_wd0.0005_seed183/run_args.json --output-dir /home/huang_kai/wind_turbine_phm/PHOENIX-main/autoencoder_benchmark/ablation_experiments/h1/results/comparison_18d_baselines/teacher_student_reference/student_h1_strict_valf1_20260522/stage1/s1_l4_o3 --drop-feature-indices 3,4,5,6,7 --epochs 80 --batch-size 128 --lr 0.00025 --weight-decay 0.0002 --seed 14 --class-weights auto --weighted-sampler --val-ratio 0.15 --early-stop-patience 16 --min-epochs 12 --checkpoint-metric val_macro_f1 --temperature 2.0 --lambda-ce 0.9 --lambda-kd 1.1 --lambda-feat 0.0 --student-tcn-dropout 0.08",/home/huang_kai/wind_turbine_phm/PHOENIX-main/autoencoder_benchmark/ablation_experiments/h1/reports/comparison_18d_baselines/teacher_student_reference/student_h1_strict_valf1_20260522/logs/stage1_s1_l4_o3_seed14.log,1.0,0.8201999999999999,0.742404,0.9045000000000001,9,1.0,"{""attn_dropout"": 0.1, ""attn_ff_dim"": 128, ""attn_heads"": 4, ""classifier_dropout"": 0.4, ""classifier_hidden"": 64, ""latent_dim"": 64, ""tcn_channels"": 64, ""tcn_dilation_base"": 2, ""tcn_dropout"": 0.08, ""tcn_kernel"": 3, ""tcn_layers"": 2}"
stage1,s1_l4_o4,s1_l4_o4,val_macro_f1,14,80,128,2.0,0.9,1.1,0.0,0.0003,0.00015,0.12,,,,,,,,/home/huang_kai/wind_turbine_phm/PHOENIX-main/autoencoder_benchmark/ablation_experiments/h1/results/comparison_18d_baselines/teacher_student_reference/student_h1_strict_valf1_20260522/stage1/s1_l4_o4,16,success,distill_tcn_attn_weld_seam_windows_ws5_tf75_pg0_h1_ep80_lr0.0003_bs128_T2.0_lce0.9_lkd1.1_lf0.0_seed14,/home/huang_kai/wind_turbine_phm/PHOENIX-main/autoencoder_benchmark/ablation_experiments/h1/results/comparison_18d_baselines/teacher_student_reference/student_h1_strict_valf1_20260522/stage1/s1_l4_o4/distill_tcn_attn_weld_seam_windows_ws5_tf75_pg0_h1_ep80_lr0.0003_bs128_T2.0_lce0.9_lkd1.1_lf0.0_seed14,10.79,1,/home/huang_kai/wind_turbine_phm/PHOENIX-main/autoencoder_benchmark/outputs/teacher_h1_forecast_95/manifests/best_teacher_h1.json,"/usr/bin/python /home/huang_kai/wind_turbine_phm/PHOENIX-main/autoencoder_benchmark/train_distill_single_tcn_student.py --dataset-npz /home/huang_kai/wind_turbine_phm/PHOENIX-main/autoencoder_benchmark/Data/processed_data/weld_seam_windows_ws5_tf75_pg0_h1.npz --teacher-ckpt /home/huang_kai/wind_turbine_phm/PHOENIX-main/autoencoder_benchmark/outputs/teacher_h1_forecast_95/runs/single_tcn_attn_weld_seam_windows_ws5_tf75_pg0_h1_ep80_lr0.0003_bs128_k3_l2_d0.1_lat64_wd0.0005_seed183/best_single_tcn.pth --teacher-run-args /home/huang_kai/wind_turbine_phm/PHOENIX-main/autoencoder_benchmark/outputs/teacher_h1_forecast_95/runs/single_tcn_attn_weld_seam_windows_ws5_tf75_pg0_h1_ep80_lr0.0003_bs128_k3_l2_d0.1_lat64_wd0.0005_seed183/run_args.json --output-dir /home/huang_kai/wind_turbine_phm/PHOENIX-main/autoencoder_benchmark/ablation_experiments/h1/results/comparison_18d_baselines/teacher_student_reference/student_h1_strict_valf1_20260522/stage1/s1_l4_o4 --drop-feature-indices 3,4,5,6,7 --epochs 80 --batch-size 128 --lr 0.0003 --weight-decay 0.00015 --seed 14 --class-weights auto --weighted-sampler --val-ratio 0.15 --early-stop-patience 16 --min-epochs 12 --checkpoint-metric val_macro_f1 --temperature 2.0 --lambda-ce 0.9 --lambda-kd 1.1 --lambda-feat 0.0 --student-tcn-dropout 0.12",/home/huang_kai/wind_turbine_phm/PHOENIX-main/autoencoder_benchmark/ablation_experiments/h1/reports/comparison_18d_baselines/teacher_student_reference/student_h1_strict_valf1_20260522/logs/stage1_s1_l4_o4_seed14.log,1.0,0.8062,0.724925,0.9017000000000001,8,1.0,"{""attn_dropout"": 0.1, ""attn_ff_dim"": 128, ""attn_heads"": 4, ""classifier_dropout"": 0.4, ""classifier_hidden"": 64, ""latent_dim"": 64, ""tcn_channels"": 64, ""tcn_dilation_base"": 2, ""tcn_dropout"": 0.12, ""tcn_kernel"": 3, ""tcn_layers"": 2}"
stage2,s2_s1_l4_o3_c0,s2_s1_l4_o3_c0,val_macro_f1,14,80,128,2.0,0.9,1.1,0.0,0.00025,0.0002,0.08,,,64,0.4,0.1,,2,/home/huang_kai/wind_turbine_phm/PHOENIX-main/autoencoder_benchmark/ablation_experiments/h1/results/comparison_18d_baselines/teacher_student_reference/student_h1_strict_valf1_20260522/stage2/s2_s1_l4_o3_c0,1,success,distill_tcn_attn_weld_seam_windows_ws5_tf75_pg0_h1_ep80_lr0.00025_bs128_T2.0_lce0.9_lkd1.1_lf0.0_seed14,/home/huang_kai/wind_turbine_phm/PHOENIX-main/autoencoder_benchmark/ablation_experiments/h1/results/comparison_18d_baselines/teacher_student_reference/student_h1_strict_valf1_20260522/stage2/s2_s1_l4_o3_c0/distill_tcn_attn_weld_seam_windows_ws5_tf75_pg0_h1_ep80_lr0.00025_bs128_T2.0_lce0.9_lkd1.1_lf0.0_seed14,10.89,1,/home/huang_kai/wind_turbine_phm/PHOENIX-main/autoencoder_benchmark/outputs/teacher_h1_forecast_95/manifests/best_teacher_h1.json,"/usr/bin/python /home/huang_kai/wind_turbine_phm/PHOENIX-main/autoencoder_benchmark/train_distill_single_tcn_student.py --dataset-npz /home/huang_kai/wind_turbine_phm/PHOENIX-main/autoencoder_benchmark/Data/processed_data/weld_seam_windows_ws5_tf75_pg0_h1.npz --teacher-ckpt /home/huang_kai/wind_turbine_phm/PHOENIX-main/autoencoder_benchmark/outputs/teacher_h1_forecast_95/runs/single_tcn_attn_weld_seam_windows_ws5_tf75_pg0_h1_ep80_lr0.0003_bs128_k3_l2_d0.1_lat64_wd0.0005_seed183/best_single_tcn.pth --teacher-run-args /home/huang_kai/wind_turbine_phm/PHOENIX-main/autoencoder_benchmark/outputs/teacher_h1_forecast_95/runs/single_tcn_attn_weld_seam_windows_ws5_tf75_pg0_h1_ep80_lr0.0003_bs128_k3_l2_d0.1_lat64_wd0.0005_seed183/run_args.json --output-dir /home/huang_kai/wind_turbine_phm/PHOENIX-main/autoencoder_benchmark/ablation_experiments/h1/results/comparison_18d_baselines/teacher_student_reference/student_h1_strict_valf1_20260522/stage2/s2_s1_l4_o3_c0 --drop-feature-indices 3,4,5,6,7 --epochs 80 --batch-size 128 --lr 0.00025 --weight-decay 0.0002 --seed 14 --class-weights auto --weighted-sampler --val-ratio 0.15 --early-stop-patience 16 --min-epochs 12 --checkpoint-metric val_macro_f1 --temperature 2.0 --lambda-ce 0.9 --lambda-kd 1.1 --lambda-feat 0.0 --student-tcn-dropout 0.08 --student-classifier-hidden 64 --student-classifier-dropout 0.4 --student-attn-dropout 0.1 --student-tcn-dilation-base 2",/home/huang_kai/wind_turbine_phm/PHOENIX-main/autoencoder_benchmark/ablation_experiments/h1/reports/comparison_18d_baselines/teacher_student_reference/student_h1_strict_valf1_20260522/logs/stage2_s2_s1_l4_o3_c0_seed14.log,1.0,0.8201999999999999,0.742404,0.9045000000000001,9,1.0,"{""attn_dropout"": 0.1, ""attn_ff_dim"": 128, ""attn_heads"": 4, ""classifier_dropout"": 0.4, ""classifier_hidden"": 64, ""latent_dim"": 64, ""tcn_channels"": 64, ""tcn_dilation_base"": 2, ""tcn_dropout"": 0.08, ""tcn_kernel"": 3, ""tcn_layers"": 2}"
stage2,s2_s1_l4_o3_c1,s2_s1_l4_o3_c1,val_macro_f1,14,80,128,2.0,0.9,1.1,0.0,0.00025,0.0002,0.05,,,64,0.3,0.05,,2,/home/huang_kai/wind_turbine_phm/PHOENIX-main/autoencoder_benchmark/ablation_experiments/h1/results/comparison_18d_baselines/teacher_student_reference/student_h1_strict_valf1_20260522/stage2/s2_s1_l4_o3_c1,2,success,distill_tcn_attn_weld_seam_windows_ws5_tf75_pg0_h1_ep80_lr0.00025_bs128_T2.0_lce0.9_lkd1.1_lf0.0_seed14,/home/huang_kai/wind_turbine_phm/PHOENIX-main/autoencoder_benchmark/ablation_experiments/h1/results/comparison_18d_baselines/teacher_student_reference/student_h1_strict_valf1_20260522/stage2/s2_s1_l4_o3_c1/distill_tcn_attn_weld_seam_windows_ws5_tf75_pg0_h1_ep80_lr0.00025_bs128_T2.0_lce0.9_lkd1.1_lf0.0_seed14,10.31,1,/home/huang_kai/wind_turbine_phm/PHOENIX-main/autoencoder_benchmark/outputs/teacher_h1_forecast_95/manifests/best_teacher_h1.json,"/usr/bin/python /home/huang_kai/wind_turbine_phm/PHOENIX-main/autoencoder_benchmark/train_distill_single_tcn_student.py --dataset-npz /home/huang_kai/wind_turbine_phm/PHOENIX-main/autoencoder_benchmark/Data/processed_data/weld_seam_windows_ws5_tf75_pg0_h1.npz --teacher-ckpt /home/huang_kai/wind_turbine_phm/PHOENIX-main/autoencoder_benchmark/outputs/teacher_h1_forecast_95/runs/single_tcn_attn_weld_seam_windows_ws5_tf75_pg0_h1_ep80_lr0.0003_bs128_k3_l2_d0.1_lat64_wd0.0005_seed183/best_single_tcn.pth --teacher-run-args /home/huang_kai/wind_turbine_phm/PHOENIX-main/autoencoder_benchmark/outputs/teacher_h1_forecast_95/runs/single_tcn_attn_weld_seam_windows_ws5_tf75_pg0_h1_ep80_lr0.0003_bs128_k3_l2_d0.1_lat64_wd0.0005_seed183/run_args.json --output-dir /home/huang_kai/wind_turbine_phm/PHOENIX-main/autoencoder_benchmark/ablation_experiments/h1/results/comparison_18d_baselines/teacher_student_reference/student_h1_strict_valf1_20260522/stage2/s2_s1_l4_o3_c1 --drop-feature-indices 3,4,5,6,7 --epochs 80 --batch-size 128 --lr 0.00025 --weight-decay 0.0002 --seed 14 --class-weights auto --weighted-sampler --val-ratio 0.15 --early-stop-patience 16 --min-epochs 12 --checkpoint-metric val_macro_f1 --temperature 2.0 --lambda-ce 0.9 --lambda-kd 1.1 --lambda-feat 0.0 --student-tcn-dropout 0.05 --student-classifier-hidden 64 --student-classifier-dropout 0.3 --student-attn-dropout 0.05 --student-tcn-dilation-base 2",/home/huang_kai/wind_turbine_phm/PHOENIX-main/autoencoder_benchmark/ablation_experiments/h1/reports/comparison_18d_baselines/teacher_student_reference/student_h1_strict_valf1_20260522/logs/stage2_s2_s1_l4_o3_c1_seed14.log,1.0,0.809,0.730289,0.8989,8,1.0,"{""attn_dropout"": 0.05, ""attn_ff_dim"": 128, ""attn_heads"": 4, ""classifier_dropout"": 0.3, ""classifier_hidden"": 64, ""latent_dim"": 64, ""tcn_channels"": 64, ""tcn_dilation_base"": 2, ""tcn_dropout"": 0.05, ""tcn_kernel"": 3, ""tcn_layers"": 2}"
stage2,s2_s1_l4_o3_c2,s2_s1_l4_o3_c2,val_macro_f1,14,80,128,2.0,0.9,1.1,0.0,0.00025,0.0002,0.12,,,64,0.4,0.1,,2,/home/huang_kai/wind_turbine_phm/PHOENIX-main/autoencoder_benchmark/ablation_experiments/h1/results/comparison_18d_baselines/teacher_student_reference/student_h1_strict_valf1_20260522/stage2/s2_s1_l4_o3_c2,3,success,distill_tcn_attn_weld_seam_windows_ws5_tf75_pg0_h1_ep80_lr0.00025_bs128_T2.0_lce0.9_lkd1.1_lf0.0_seed14,/home/huang_kai/wind_turbine_phm/PHOENIX-main/autoencoder_benchmark/ablation_experiments/h1/results/comparison_18d_baselines/teacher_student_reference/student_h1_strict_valf1_20260522/stage2/s2_s1_l4_o3_c2/distill_tcn_attn_weld_seam_windows_ws5_tf75_pg0_h1_ep80_lr0.00025_bs128_T2.0_lce0.9_lkd1.1_lf0.0_seed14,11.05,1,/home/huang_kai/wind_turbine_phm/PHOENIX-main/autoencoder_benchmark/outputs/teacher_h1_forecast_95/manifests/best_teacher_h1.json,"/usr/bin/python /home/huang_kai/wind_turbine_phm/PHOENIX-main/autoencoder_benchmark/train_distill_single_tcn_student.py --dataset-npz /home/huang_kai/wind_turbine_phm/PHOENIX-main/autoencoder_benchmark/Data/processed_data/weld_seam_windows_ws5_tf75_pg0_h1.npz --teacher-ckpt /home/huang_kai/wind_turbine_phm/PHOENIX-main/autoencoder_benchmark/outputs/teacher_h1_forecast_95/runs/single_tcn_attn_weld_seam_windows_ws5_tf75_pg0_h1_ep80_lr0.0003_bs128_k3_l2_d0.1_lat64_wd0.0005_seed183/best_single_tcn.pth --teacher-run-args /home/huang_kai/wind_turbine_phm/PHOENIX-main/autoencoder_benchmark/outputs/teacher_h1_forecast_95/runs/single_tcn_attn_weld_seam_windows_ws5_tf75_pg0_h1_ep80_lr0.0003_bs128_k3_l2_d0.1_lat64_wd0.0005_seed183/run_args.json --output-dir /home/huang_kai/wind_turbine_phm/PHOENIX-main/autoencoder_benchmark/ablation_experiments/h1/results/comparison_18d_baselines/teacher_student_reference/student_h1_strict_valf1_20260522/stage2/s2_s1_l4_o3_c2 --drop-feature-indices 3,4,5,6,7 --epochs 80 --batch-size 128 --lr 0.00025 --weight-decay 0.0002 --seed 14 --class-weights auto --weighted-sampler --val-ratio 0.15 --early-stop-patience 16 --min-epochs 12 --checkpoint-metric val_macro_f1 --temperature 2.0 --lambda-ce 0.9 --lambda-kd 1.1 --lambda-feat 0.0 --student-tcn-dropout 0.12 --student-classifier-hidden 64 --student-classifier-dropout 0.4 --student-attn-dropout 0.1 --student-tcn-dilation-base 2",/home/huang_kai/wind_turbine_phm/PHOENIX-main/autoencoder_benchmark/ablation_experiments/h1/reports/comparison_18d_baselines/teacher_student_reference/student_h1_strict_valf1_20260522/logs/stage2_s2_s1_l4_o3_c2_seed14.log,1.0,0.8173999999999999,0.734537,0.8961,10,1.0,"{""attn_dropout"": 0.1, ""attn_ff_dim"": 128, ""attn_heads"": 4, ""classifier_dropout"": 0.4, ""classifier_hidden"": 64, ""latent_dim"": 64, ""tcn_channels"": 64, ""tcn_dilation_base"": 2, ""tcn_dropout"": 0.12, ""tcn_kernel"": 3, ""tcn_layers"": 2}"
stage2,s2_s1_l4_o3_c3,s2_s1_l4_o3_c3,,14,80,128,2.0,0.9,1.1,0.0,0.00025,0.0002,0.08,,48,64,0.3,0.05,,2,/home/huang_kai/wind_turbine_phm/PHOENIX-main/autoencoder_benchmark/ablation_experiments/h1/results/comparison_18d_baselines/teacher_student_reference/student_h1_strict_valf1_20260522/stage2/s2_s1_l4_o3_c3,4,invalid_feature_alignment,distill_tcn_attn_weld_seam_windows_ws5_tf75_pg0_h1_ep80_lr0.00025_bs128_T2.0_lce0.9_lkd1.1_lf0.0_seed14,/home/huang_kai/wind_turbine_phm/PHOENIX-main/autoencoder_benchmark/ablation_experiments/h1/results/comparison_18d_baselines/teacher_student_reference/student_h1_strict_valf1_20260522/stage2/s2_s1_l4_o3_c3/distill_tcn_attn_weld_seam_windows_ws5_tf75_pg0_h1_ep80_lr0.00025_bs128_T2.0_lce0.9_lkd1.1_lf0.0_seed14,0.0,1,/home/huang_kai/wind_turbine_phm/PHOENIX-main/autoencoder_benchmark/outputs/teacher_h1_forecast_95/manifests/best_teacher_h1.json,"/usr/bin/python /home/huang_kai/wind_turbine_phm/PHOENIX-main/autoencoder_benchmark/train_distill_single_tcn_student.py --dataset-npz /home/huang_kai/wind_turbine_phm/PHOENIX-main/autoencoder_benchmark/Data/processed_data/weld_seam_windows_ws5_tf75_pg0_h1.npz --teacher-ckpt /home/huang_kai/wind_turbine_phm/PHOENIX-main/autoencoder_benchmark/outputs/teacher_h1_forecast_95/runs/single_tcn_attn_weld_seam_windows_ws5_tf75_pg0_h1_ep80_lr0.0003_bs128_k3_l2_d0.1_lat64_wd0.0005_seed183/best_single_tcn.pth --teacher-run-args /home/huang_kai/wind_turbine_phm/PHOENIX-main/autoencoder_benchmark/outputs/teacher_h1_forecast_95/runs/single_tcn_attn_weld_seam_windows_ws5_tf75_pg0_h1_ep80_lr0.0003_bs128_k3_l2_d0.1_lat64_wd0.0005_seed183/run_args.json --output-dir /home/huang_kai/wind_turbine_phm/PHOENIX-main/autoencoder_benchmark/ablation_experiments/h1/results/comparison_18d_baselines/teacher_student_reference/student_h1_strict_valf1_20260522/stage2/s2_s1_l4_o3_c3 --drop-feature-indices 3,4,5,6,7 --epochs 80 --batch-size 128 --lr 0.00025 --weight-decay 0.0002 --seed 14 --class-weights auto --weighted-sampler --val-ratio 0.15 --early-stop-patience 16 --min-epochs 12 --checkpoint-metric val_macro_f1 --temperature 2.0 --lambda-ce 0.9 --lambda-kd 1.1 --lambda-feat 0.0 --student-tcn-dropout 0.08 --student-tcn-channels 48 --student-classifier-hidden 64 --student-classifier-dropout 0.3 --student-attn-dropout 0.05 --student-tcn-dilation-base 2",/home/huang_kai/wind_turbine_phm/PHOENIX-main/autoencoder_benchmark/ablation_experiments/h1/reports/comparison_18d_baselines/teacher_student_reference/student_h1_strict_valf1_20260522/logs/stage2_s2_s1_l4_o3_c3_seed14.log,-1.0,-1.0,-1.0,-1.0,-1,-1.0,{}
stage2,s2_s1_l4_o3_c4,s2_s1_l4_o3_c4,,14,80,128,2.0,0.9,1.1,0.0,0.00025,0.0002,0.08,,96,128,0.3,0.05,,2,/home/huang_kai/wind_turbine_phm/PHOENIX-main/autoencoder_benchmark/ablation_experiments/h1/results/comparison_18d_baselines/teacher_student_reference/student_h1_strict_valf1_20260522/stage2/s2_s1_l4_o3_c4,5,invalid_feature_alignment,distill_tcn_attn_weld_seam_windows_ws5_tf75_pg0_h1_ep80_lr0.00025_bs128_T2.0_lce0.9_lkd1.1_lf0.0_seed14,/home/huang_kai/wind_turbine_phm/PHOENIX-main/autoencoder_benchmark/ablation_experiments/h1/results/comparison_18d_baselines/teacher_student_reference/student_h1_strict_valf1_20260522/stage2/s2_s1_l4_o3_c4/distill_tcn_attn_weld_seam_windows_ws5_tf75_pg0_h1_ep80_lr0.00025_bs128_T2.0_lce0.9_lkd1.1_lf0.0_seed14,0.0,1,/home/huang_kai/wind_turbine_phm/PHOENIX-main/autoencoder_benchmark/outputs/teacher_h1_forecast_95/manifests/best_teacher_h1.json,"/usr/bin/python /home/huang_kai/wind_turbine_phm/PHOENIX-main/autoencoder_benchmark/train_distill_single_tcn_student.py --dataset-npz /home/huang_kai/wind_turbine_phm/PHOENIX-main/autoencoder_benchmark/Data/processed_data/weld_seam_windows_ws5_tf75_pg0_h1.npz --teacher-ckpt /home/huang_kai/wind_turbine_phm/PHOENIX-main/autoencoder_benchmark/outputs/teacher_h1_forecast_95/runs/single_tcn_attn_weld_seam_windows_ws5_tf75_pg0_h1_ep80_lr0.0003_bs128_k3_l2_d0.1_lat64_wd0.0005_seed183/best_single_tcn.pth --teacher-run-args /home/huang_kai/wind_turbine_phm/PHOENIX-main/autoencoder_benchmark/outputs/teacher_h1_forecast_95/runs/single_tcn_attn_weld_seam_windows_ws5_tf75_pg0_h1_ep80_lr0.0003_bs128_k3_l2_d0.1_lat64_wd0.0005_seed183/run_args.json --output-dir /home/huang_kai/wind_turbine_phm/PHOENIX-main/autoencoder_benchmark/ablation_experiments/h1/results/comparison_18d_baselines/teacher_student_reference/student_h1_strict_valf1_20260522/stage2/s2_s1_l4_o3_c4 --drop-feature-indices 3,4,5,6,7 --epochs 80 --batch-size 128 --lr 0.00025 --weight-decay 0.0002 --seed 14 --class-weights auto --weighted-sampler --val-ratio 0.15 --early-stop-patience 16 --min-epochs 12 --checkpoint-metric val_macro_f1 --temperature 2.0 --lambda-ce 0.9 --lambda-kd 1.1 --lambda-feat 0.0 --student-tcn-dropout 0.08 --student-tcn-channels 96 --student-classifier-hidden 128 --student-classifier-dropout 0.3 --student-attn-dropout 0.05 --student-tcn-dilation-base 2",/home/huang_kai/wind_turbine_phm/PHOENIX-main/autoencoder_benchmark/ablation_experiments/h1/reports/comparison_18d_baselines/teacher_student_reference/student_h1_strict_valf1_20260522/logs/stage2_s2_s1_l4_o3_c4_seed14.log,-1.0,-1.0,-1.0,-1.0,-1,-1.0,{}
stage2,s2_s1_l4_o3_c5,s2_s1_l4_o3_c5,val_macro_f1,14,80,128,2.0,0.9,1.1,0.0,0.00025,0.0002,0.08,2,64,64,0.3,0.05,,2,/home/huang_kai/wind_turbine_phm/PHOENIX-main/autoencoder_benchmark/ablation_experiments/h1/results/comparison_18d_baselines/teacher_student_reference/student_h1_strict_valf1_20260522/stage2/s2_s1_l4_o3_c5,6,success,distill_tcn_attn_weld_seam_windows_ws5_tf75_pg0_h1_ep80_lr0.00025_bs128_T2.0_lce0.9_lkd1.1_lf0.0_seed14,/home/huang_kai/wind_turbine_phm/PHOENIX-main/autoencoder_benchmark/ablation_experiments/h1/results/comparison_18d_baselines/teacher_student_reference/student_h1_strict_valf1_20260522/stage2/s2_s1_l4_o3_c5/distill_tcn_attn_weld_seam_windows_ws5_tf75_pg0_h1_ep80_lr0.00025_bs128_T2.0_lce0.9_lkd1.1_lf0.0_seed14,10.9,1,/home/huang_kai/wind_turbine_phm/PHOENIX-main/autoencoder_benchmark/outputs/teacher_h1_forecast_95/manifests/best_teacher_h1.json,"/usr/bin/python /home/huang_kai/wind_turbine_phm/PHOENIX-main/autoencoder_benchmark/train_distill_single_tcn_student.py --dataset-npz /home/huang_kai/wind_turbine_phm/PHOENIX-main/autoencoder_benchmark/Data/processed_data/weld_seam_windows_ws5_tf75_pg0_h1.npz --teacher-ckpt /home/huang_kai/wind_turbine_phm/PHOENIX-main/autoencoder_benchmark/outputs/teacher_h1_forecast_95/runs/single_tcn_attn_weld_seam_windows_ws5_tf75_pg0_h1_ep80_lr0.0003_bs128_k3_l2_d0.1_lat64_wd0.0005_seed183/best_single_tcn.pth --teacher-run-args /home/huang_kai/wind_turbine_phm/PHOENIX-main/autoencoder_benchmark/outputs/teacher_h1_forecast_95/runs/single_tcn_attn_weld_seam_windows_ws5_tf75_pg0_h1_ep80_lr0.0003_bs128_k3_l2_d0.1_lat64_wd0.0005_seed183/run_args.json --output-dir /home/huang_kai/wind_turbine_phm/PHOENIX-main/autoencoder_benchmark/ablation_experiments/h1/results/comparison_18d_baselines/teacher_student_reference/student_h1_strict_valf1_20260522/stage2/s2_s1_l4_o3_c5 --drop-feature-indices 3,4,5,6,7 --epochs 80 --batch-size 128 --lr 0.00025 --weight-decay 0.0002 --seed 14 --class-weights auto --weighted-sampler --val-ratio 0.15 --early-stop-patience 16 --min-epochs 12 --checkpoint-metric val_macro_f1 --temperature 2.0 --lambda-ce 0.9 --lambda-kd 1.1 --lambda-feat 0.0 --student-tcn-dropout 0.08 --student-tcn-layers 2 --student-tcn-channels 64 --student-classifier-hidden 64 --student-classifier-dropout 0.3 --student-attn-dropout 0.05 --student-tcn-dilation-base 2",/home/huang_kai/wind_turbine_phm/PHOENIX-main/autoencoder_benchmark/ablation_experiments/h1/reports/comparison_18d_baselines/teacher_student_reference/student_h1_strict_valf1_20260522/logs/stage2_s2_s1_l4_o3_c5_seed14.log,1.0,0.8034,0.728344,0.9157,8,1.0,"{""attn_dropout"": 0.05, ""attn_ff_dim"": 128, ""attn_heads"": 4, ""classifier_dropout"": 0.3, ""classifier_hidden"": 64, ""latent_dim"": 64, ""tcn_channels"": 64, ""tcn_dilation_base"": 2, ""tcn_dropout"": 0.08, ""tcn_kernel"": 3, ""tcn_layers"": 2}"
stage2,s2_s1_l4_o3_c6,s2_s1_l4_o3_c6,val_macro_f1,14,80,128,2.0,0.9,1.1,0.0,0.00025,0.0002,0.08,,64,128,0.25,0.05,192,2,/home/huang_kai/wind_turbine_phm/PHOENIX-main/autoencoder_benchmark/ablation_experiments/h1/results/comparison_18d_baselines/teacher_student_reference/student_h1_strict_valf1_20260522/stage2/s2_s1_l4_o3_c6,7,success,distill_tcn_attn_weld_seam_windows_ws5_tf75_pg0_h1_ep80_lr0.00025_bs128_T2.0_lce0.9_lkd1.1_lf0.0_seed14,/home/huang_kai/wind_turbine_phm/PHOENIX-main/autoencoder_benchmark/ablation_experiments/h1/results/comparison_18d_baselines/teacher_student_reference/student_h1_strict_valf1_20260522/stage2/s2_s1_l4_o3_c6/distill_tcn_attn_weld_seam_windows_ws5_tf75_pg0_h1_ep80_lr0.00025_bs128_T2.0_lce0.9_lkd1.1_lf0.0_seed14,13.64,1,/home/huang_kai/wind_turbine_phm/PHOENIX-main/autoencoder_benchmark/outputs/teacher_h1_forecast_95/manifests/best_teacher_h1.json,"/usr/bin/python /home/huang_kai/wind_turbine_phm/PHOENIX-main/autoencoder_benchmark/train_distill_single_tcn_student.py --dataset-npz /home/huang_kai/wind_turbine_phm/PHOENIX-main/autoencoder_benchmark/Data/processed_data/weld_seam_windows_ws5_tf75_pg0_h1.npz --teacher-ckpt /home/huang_kai/wind_turbine_phm/PHOENIX-main/autoencoder_benchmark/outputs/teacher_h1_forecast_95/runs/single_tcn_attn_weld_seam_windows_ws5_tf75_pg0_h1_ep80_lr0.0003_bs128_k3_l2_d0.1_lat64_wd0.0005_seed183/best_single_tcn.pth --teacher-run-args /home/huang_kai/wind_turbine_phm/PHOENIX-main/autoencoder_benchmark/outputs/teacher_h1_forecast_95/runs/single_tcn_attn_weld_seam_windows_ws5_tf75_pg0_h1_ep80_lr0.0003_bs128_k3_l2_d0.1_lat64_wd0.0005_seed183/run_args.json --output-dir /home/huang_kai/wind_turbine_phm/PHOENIX-main/autoencoder_benchmark/ablation_experiments/h1/results/comparison_18d_baselines/teacher_student_reference/student_h1_strict_valf1_20260522/stage2/s2_s1_l4_o3_c6 --drop-feature-indices 3,4,5,6,7 --epochs 80 --batch-size 128 --lr 0.00025 --weight-decay 0.0002 --seed 14 --class-weights auto --weighted-sampler --val-ratio 0.15 --early-stop-patience 16 --min-epochs 12 --checkpoint-metric val_macro_f1 --temperature 2.0 --lambda-ce 0.9 --lambda-kd 1.1 --lambda-feat 0.0 --student-tcn-dropout 0.08 --student-tcn-channels 64 --student-classifier-hidden 128 --student-classifier-dropout 0.25 --student-attn-dropout 0.05 --student-attn-ff-dim 192 --student-tcn-dilation-base 2",/home/huang_kai/wind_turbine_phm/PHOENIX-main/autoencoder_benchmark/ablation_experiments/h1/reports/comparison_18d_baselines/teacher_student_reference/student_h1_strict_valf1_20260522/logs/stage2_s2_s1_l4_o3_c6_seed14.log,1.0,0.8343,0.782299,0.9073,16,1.0,"{""attn_dropout"": 0.05, ""attn_ff_dim"": 192, ""attn_heads"": 4, ""classifier_dropout"": 0.25, ""classifier_hidden"": 128, ""latent_dim"": 64, ""tcn_channels"": 64, ""tcn_dilation_base"": 2, ""tcn_dropout"": 0.08, ""tcn_kernel"": 3, ""tcn_layers"": 2}"
stage2,s2_s1_l4_o3_c7,s2_s1_l4_o3_c7,val_macro_f1,14,80,128,2.0,0.9,1.1,0.0,0.00025,0.0002,0.08,,64,64,0.3,0.05,,1,/home/huang_kai/wind_turbine_phm/PHOENIX-main/autoencoder_benchmark/ablation_experiments/h1/results/comparison_18d_baselines/teacher_student_reference/student_h1_strict_valf1_20260522/stage2/s2_s1_l4_o3_c7,8,success,distill_tcn_attn_weld_seam_windows_ws5_tf75_pg0_h1_ep80_lr0.00025_bs128_T2.0_lce0.9_lkd1.1_lf0.0_seed14,/home/huang_kai/wind_turbine_phm/PHOENIX-main/autoencoder_benchmark/ablation_experiments/h1/results/comparison_18d_baselines/teacher_student_reference/student_h1_strict_valf1_20260522/stage2/s2_s1_l4_o3_c7/distill_tcn_attn_weld_seam_windows_ws5_tf75_pg0_h1_ep80_lr0.00025_bs128_T2.0_lce0.9_lkd1.1_lf0.0_seed14,8.36,1,/home/huang_kai/wind_turbine_phm/PHOENIX-main/autoencoder_benchmark/outputs/teacher_h1_forecast_95/manifests/best_teacher_h1.json,"/usr/bin/python /home/huang_kai/wind_turbine_phm/PHOENIX-main/autoencoder_benchmark/train_distill_single_tcn_student.py --dataset-npz /home/huang_kai/wind_turbine_phm/PHOENIX-main/autoencoder_benchmark/Data/processed_data/weld_seam_windows_ws5_tf75_pg0_h1.npz --teacher-ckpt /home/huang_kai/wind_turbine_phm/PHOENIX-main/autoencoder_benchmark/outputs/teacher_h1_forecast_95/runs/single_tcn_attn_weld_seam_windows_ws5_tf75_pg0_h1_ep80_lr0.0003_bs128_k3_l2_d0.1_lat64_wd0.0005_seed183/best_single_tcn.pth --teacher-run-args /home/huang_kai/wind_turbine_phm/PHOENIX-main/autoencoder_benchmark/outputs/teacher_h1_forecast_95/runs/single_tcn_attn_weld_seam_windows_ws5_tf75_pg0_h1_ep80_lr0.0003_bs128_k3_l2_d0.1_lat64_wd0.0005_seed183/run_args.json --output-dir /home/huang_kai/wind_turbine_phm/PHOENIX-main/autoencoder_benchmark/ablation_experiments/h1/results/comparison_18d_baselines/teacher_student_reference/student_h1_strict_valf1_20260522/stage2/s2_s1_l4_o3_c7 --drop-feature-indices 3,4,5,6,7 --epochs 80 --batch-size 128 --lr 0.00025 --weight-decay 0.0002 --seed 14 --class-weights auto --weighted-sampler --val-ratio 0.15 --early-stop-patience 16 --min-epochs 12 --checkpoint-metric val_macro_f1 --temperature 2.0 --lambda-ce 0.9 --lambda-kd 1.1 --lambda-feat 0.0 --student-tcn-dropout 0.08 --student-tcn-channels 64 --student-classifier-hidden 64 --student-classifier-dropout 0.3 --student-attn-dropout 0.05 --student-tcn-dilation-base 1",/home/huang_kai/wind_turbine_phm/PHOENIX-main/autoencoder_benchmark/ablation_experiments/h1/reports/comparison_18d_baselines/teacher_student_reference/student_h1_strict_valf1_20260522/logs/stage2_s2_s1_l4_o3_c7_seed14.log,1.0,0.8034,0.726278,0.9045000000000001,8,1.0,"{""attn_dropout"": 0.05, ""attn_ff_dim"": 128, ""attn_heads"": 4, ""classifier_dropout"": 0.3, ""classifier_hidden"": 64, ""latent_dim"": 64, ""tcn_channels"": 64, ""tcn_dilation_base"": 1, ""tcn_dropout"": 0.08, ""tcn_kernel"": 3, ""tcn_layers"": 2}"
stage2,s2_s1_l1_o1_c0,s2_s1_l1_o1_c0,val_macro_f1,14,80,128,2.5,1.0,1.0,0.1,0.00015,0.00015,0.05,,,64,0.4,0.1,,2,/home/huang_kai/wind_turbine_phm/PHOENIX-main/autoencoder_benchmark/ablation_experiments/h1/results/comparison_18d_baselines/teacher_student_reference/student_h1_strict_valf1_20260522/stage2/s2_s1_l1_o1_c0,9,success,distill_tcn_attn_weld_seam_windows_ws5_tf75_pg0_h1_ep80_lr0.00015_bs128_T2.5_lce1.0_lkd1.0_lf0.1_seed14,/home/huang_kai/wind_turbine_phm/PHOENIX-main/autoencoder_benchmark/ablation_experiments/h1/results/comparison_18d_baselines/teacher_student_reference/student_h1_strict_valf1_20260522/stage2/s2_s1_l1_o1_c0/distill_tcn_attn_weld_seam_windows_ws5_tf75_pg0_h1_ep80_lr0.00015_bs128_T2.5_lce1.0_lkd1.0_lf0.1_seed14,12.37,1,/home/huang_kai/wind_turbine_phm/PHOENIX-main/autoencoder_benchmark/outputs/teacher_h1_forecast_95/manifests/best_teacher_h1.json,"/usr/bin/python /home/huang_kai/wind_turbine_phm/PHOENIX-main/autoencoder_benchmark/train_distill_single_tcn_student.py --dataset-npz /home/huang_kai/wind_turbine_phm/PHOENIX-main/autoencoder_benchmark/Data/processed_data/weld_seam_windows_ws5_tf75_pg0_h1.npz --teacher-ckpt /home/huang_kai/wind_turbine_phm/PHOENIX-main/autoencoder_benchmark/outputs/teacher_h1_forecast_95/runs/single_tcn_attn_weld_seam_windows_ws5_tf75_pg0_h1_ep80_lr0.0003_bs128_k3_l2_d0.1_lat64_wd0.0005_seed183/best_single_tcn.pth --teacher-run-args /home/huang_kai/wind_turbine_phm/PHOENIX-main/autoencoder_benchmark/outputs/teacher_h1_forecast_95/runs/single_tcn_attn_weld_seam_windows_ws5_tf75_pg0_h1_ep80_lr0.0003_bs128_k3_l2_d0.1_lat64_wd0.0005_seed183/run_args.json --output-dir /home/huang_kai/wind_turbine_phm/PHOENIX-main/autoencoder_benchmark/ablation_experiments/h1/results/comparison_18d_baselines/teacher_student_reference/student_h1_strict_valf1_20260522/stage2/s2_s1_l1_o1_c0 --drop-feature-indices 3,4,5,6,7 --epochs 80 --batch-size 128 --lr 0.00015 --weight-decay 0.00015 --seed 14 --class-weights auto --weighted-sampler --val-ratio 0.15 --early-stop-patience 16 --min-epochs 12 --checkpoint-metric val_macro_f1 --temperature 2.5 --lambda-ce 1.0 --lambda-kd 1.0 --lambda-feat 0.1 --student-tcn-dropout 0.05 --student-classifier-hidden 64 --student-classifier-dropout 0.4 --student-attn-dropout 0.1 --student-tcn-dilation-base 2",/home/huang_kai/wind_turbine_phm/PHOENIX-main/autoencoder_benchmark/ablation_experiments/h1/reports/comparison_18d_baselines/teacher_student_reference/student_h1_strict_valf1_20260522/logs/stage2_s2_s1_l1_o1_c0_seed14.log,1.0,0.8146,0.736384,0.9045000000000001,14,1.0,"{""attn_dropout"": 0.1, ""attn_ff_dim"": 128, ""attn_heads"": 4, ""classifier_dropout"": 0.4, ""classifier_hidden"": 64, ""latent_dim"": 64, ""tcn_channels"": 64, ""tcn_dilation_base"": 2, ""tcn_dropout"": 0.05, ""tcn_kernel"": 3, ""tcn_layers"": 2}"
stage2,s2_s1_l1_o1_c1,s2_s1_l1_o1_c1,val_macro_f1,14,80,128,2.5,1.0,1.0,0.1,0.00015,0.00015,0.05,,,64,0.3,0.05,,2,/home/huang_kai/wind_turbine_phm/PHOENIX-main/autoencoder_benchmark/ablation_experiments/h1/results/comparison_18d_baselines/teacher_student_reference/student_h1_strict_valf1_20260522/stage2/s2_s1_l1_o1_c1,10,success,distill_tcn_attn_weld_seam_windows_ws5_tf75_pg0_h1_ep80_lr0.00015_bs128_T2.5_lce1.0_lkd1.0_lf0.1_seed14,/home/huang_kai/wind_turbine_phm/PHOENIX-main/autoencoder_benchmark/ablation_experiments/h1/results/comparison_18d_baselines/teacher_student_reference/student_h1_strict_valf1_20260522/stage2/s2_s1_l1_o1_c1/distill_tcn_attn_weld_seam_windows_ws5_tf75_pg0_h1_ep80_lr0.00015_bs128_T2.5_lce1.0_lkd1.0_lf0.1_seed14,12.23,1,/home/huang_kai/wind_turbine_phm/PHOENIX-main/autoencoder_benchmark/outputs/teacher_h1_forecast_95/manifests/best_teacher_h1.json,"/usr/bin/python /home/huang_kai/wind_turbine_phm/PHOENIX-main/autoencoder_benchmark/train_distill_single_tcn_student.py --dataset-npz /home/huang_kai/wind_turbine_phm/PHOENIX-main/autoencoder_benchmark/Data/processed_data/weld_seam_windows_ws5_tf75_pg0_h1.npz --teacher-ckpt /home/huang_kai/wind_turbine_phm/PHOENIX-main/autoencoder_benchmark/outputs/teacher_h1_forecast_95/runs/single_tcn_attn_weld_seam_windows_ws5_tf75_pg0_h1_ep80_lr0.0003_bs128_k3_l2_d0.1_lat64_wd0.0005_seed183/best_single_tcn.pth --teacher-run-args /home/huang_kai/wind_turbine_phm/PHOENIX-main/autoencoder_benchmark/outputs/teacher_h1_forecast_95/runs/single_tcn_attn_weld_seam_windows_ws5_tf75_pg0_h1_ep80_lr0.0003_bs128_k3_l2_d0.1_lat64_wd0.0005_seed183/run_args.json --output-dir /home/huang_kai/wind_turbine_phm/PHOENIX-main/autoencoder_benchmark/ablation_experiments/h1/results/comparison_18d_baselines/teacher_student_reference/student_h1_strict_valf1_20260522/stage2/s2_s1_l1_o1_c1 --drop-feature-indices 3,4,5,6,7 --epochs 80 --batch-size 128 --lr 0.00015 --weight-decay 0.00015 --seed 14 --class-weights auto --weighted-sampler --val-ratio 0.15 --early-stop-patience 16 --min-epochs 12 --checkpoint-metric val_macro_f1 --temperature 2.5 --lambda-ce 1.0 --lambda-kd 1.0 --lambda-feat 0.1 --student-tcn-dropout 0.05 --student-classifier-hidden 64 --student-classifier-dropout 0.3 --student-attn-dropout 0.05 --student-tcn-dilation-base 2",/home/huang_kai/wind_turbine_phm/PHOENIX-main/autoencoder_benchmark/ablation_experiments/h1/reports/comparison_18d_baselines/teacher_student_reference/student_h1_strict_valf1_20260522/logs/stage2_s2_s1_l1_o1_c1_seed14.log,1.0,0.8034,0.719494,0.8989,14,1.0,"{""attn_dropout"": 0.05, ""attn_ff_dim"": 128, ""attn_heads"": 4, ""classifier_dropout"": 0.3, ""classifier_hidden"": 64, ""latent_dim"": 64, ""tcn_channels"": 64, ""tcn_dilation_base"": 2, ""tcn_dropout"": 0.05, ""tcn_kernel"": 3, ""tcn_layers"": 2}"
stage2,s2_s1_l1_o1_c2,s2_s1_l1_o1_c2,val_macro_f1,14,80,128,2.5,1.0,1.0,0.1,0.00015,0.00015,0.12,,,64,0.4,0.1,,2,/home/huang_kai/wind_turbine_phm/PHOENIX-main/autoencoder_benchmark/ablation_experiments/h1/results/comparison_18d_baselines/teacher_student_reference/student_h1_strict_valf1_20260522/stage2/s2_s1_l1_o1_c2,11,success,distill_tcn_attn_weld_seam_windows_ws5_tf75_pg0_h1_ep80_lr0.00015_bs128_T2.5_lce1.0_lkd1.0_lf0.1_seed14,/home/huang_kai/wind_turbine_phm/PHOENIX-main/autoencoder_benchmark/ablation_experiments/h1/results/comparison_18d_baselines/teacher_student_reference/student_h1_strict_valf1_20260522/stage2/s2_s1_l1_o1_c2/distill_tcn_attn_weld_seam_windows_ws5_tf75_pg0_h1_ep80_lr0.00015_bs128_T2.5_lce1.0_lkd1.0_lf0.1_seed14,12.19,1,/home/huang_kai/wind_turbine_phm/PHOENIX-main/autoencoder_benchmark/outputs/teacher_h1_forecast_95/manifests/best_teacher_h1.json,"/usr/bin/python /home/huang_kai/wind_turbine_phm/PHOENIX-main/autoencoder_benchmark/train_distill_single_tcn_student.py --dataset-npz /home/huang_kai/wind_turbine_phm/PHOENIX-main/autoencoder_benchmark/Data/processed_data/weld_seam_windows_ws5_tf75_pg0_h1.npz --teacher-ckpt /home/huang_kai/wind_turbine_phm/PHOENIX-main/autoencoder_benchmark/outputs/teacher_h1_forecast_95/runs/single_tcn_attn_weld_seam_windows_ws5_tf75_pg0_h1_ep80_lr0.0003_bs128_k3_l2_d0.1_lat64_wd0.0005_seed183/best_single_tcn.pth --teacher-run-args /home/huang_kai/wind_turbine_phm/PHOENIX-main/autoencoder_benchmark/outputs/teacher_h1_forecast_95/runs/single_tcn_attn_weld_seam_windows_ws5_tf75_pg0_h1_ep80_lr0.0003_bs128_k3_l2_d0.1_lat64_wd0.0005_seed183/run_args.json --output-dir /home/huang_kai/wind_turbine_phm/PHOENIX-main/autoencoder_benchmark/ablation_experiments/h1/results/comparison_18d_baselines/teacher_student_reference/student_h1_strict_valf1_20260522/stage2/s2_s1_l1_o1_c2 --drop-feature-indices 3,4,5,6,7 --epochs 80 --batch-size 128 --lr 0.00015 --weight-decay 0.00015 --seed 14 --class-weights auto --weighted-sampler --val-ratio 0.15 --early-stop-patience 16 --min-epochs 12 --checkpoint-metric val_macro_f1 --temperature 2.5 --lambda-ce 1.0 --lambda-kd 1.0 --lambda-feat 0.1 --student-tcn-dropout 0.12 --student-classifier-hidden 64 --student-classifier-dropout 0.4 --student-attn-dropout 0.1 --student-tcn-dilation-base 2",/home/huang_kai/wind_turbine_phm/PHOENIX-main/autoencoder_benchmark/ablation_experiments/h1/reports/comparison_18d_baselines/teacher_student_reference/student_h1_strict_valf1_20260522/logs/stage2_s2_s1_l1_o1_c2_seed14.log,1.0,0.8118000000000001,0.733346,0.9073,14,1.0,"{""attn_dropout"": 0.1, ""attn_ff_dim"": 128, ""attn_heads"": 4, ""classifier_dropout"": 0.4, ""classifier_hidden"": 64, ""latent_dim"": 64, ""tcn_channels"": 64, ""tcn_dilation_base"": 2, ""tcn_dropout"": 0.12, ""tcn_kernel"": 3, ""tcn_layers"": 2}"
stage2,s2_s1_l1_o1_c3,s2_s1_l1_o1_c3,,14,80,128,2.5,1.0,1.0,0.1,0.00015,0.00015,0.05,,48,64,0.3,0.05,,2,/home/huang_kai/wind_turbine_phm/PHOENIX-main/autoencoder_benchmark/ablation_experiments/h1/results/comparison_18d_baselines/teacher_student_reference/student_h1_strict_valf1_20260522/stage2/s2_s1_l1_o1_c3,12,invalid_feature_alignment,distill_tcn_attn_weld_seam_windows_ws5_tf75_pg0_h1_ep80_lr0.00015_bs128_T2.5_lce1.0_lkd1.0_lf0.1_seed14,/home/huang_kai/wind_turbine_phm/PHOENIX-main/autoencoder_benchmark/ablation_experiments/h1/results/comparison_18d_baselines/teacher_student_reference/student_h1_strict_valf1_20260522/stage2/s2_s1_l1_o1_c3/distill_tcn_attn_weld_seam_windows_ws5_tf75_pg0_h1_ep80_lr0.00015_bs128_T2.5_lce1.0_lkd1.0_lf0.1_seed14,0.0,1,/home/huang_kai/wind_turbine_phm/PHOENIX-main/autoencoder_benchmark/outputs/teacher_h1_forecast_95/manifests/best_teacher_h1.json,"/usr/bin/python /home/huang_kai/wind_turbine_phm/PHOENIX-main/autoencoder_benchmark/train_distill_single_tcn_student.py --dataset-npz /home/huang_kai/wind_turbine_phm/PHOENIX-main/autoencoder_benchmark/Data/processed_data/weld_seam_windows_ws5_tf75_pg0_h1.npz --teacher-ckpt /home/huang_kai/wind_turbine_phm/PHOENIX-main/autoencoder_benchmark/outputs/teacher_h1_forecast_95/runs/single_tcn_attn_weld_seam_windows_ws5_tf75_pg0_h1_ep80_lr0.0003_bs128_k3_l2_d0.1_lat64_wd0.0005_seed183/best_single_tcn.pth --teacher-run-args /home/huang_kai/wind_turbine_phm/PHOENIX-main/autoencoder_benchmark/outputs/teacher_h1_forecast_95/runs/single_tcn_attn_weld_seam_windows_ws5_tf75_pg0_h1_ep80_lr0.0003_bs128_k3_l2_d0.1_lat64_wd0.0005_seed183/run_args.json --output-dir /home/huang_kai/wind_turbine_phm/PHOENIX-main/autoencoder_benchmark/ablation_experiments/h1/results/comparison_18d_baselines/teacher_student_reference/student_h1_strict_valf1_20260522/stage2/s2_s1_l1_o1_c3 --drop-feature-indices 3,4,5,6,7 --epochs 80 --batch-size 128 --lr 0.00015 --weight-decay 0.00015 --seed 14 --class-weights auto --weighted-sampler --val-ratio 0.15 --early-stop-patience 16 --min-epochs 12 --checkpoint-metric val_macro_f1 --temperature 2.5 --lambda-ce 1.0 --lambda-kd 1.0 --lambda-feat 0.1 --student-tcn-dropout 0.05 --student-tcn-channels 48 --student-classifier-hidden 64 --student-classifier-dropout 0.3 --student-attn-dropout 0.05 --student-tcn-dilation-base 2",/home/huang_kai/wind_turbine_phm/PHOENIX-main/autoencoder_benchmark/ablation_experiments/h1/reports/comparison_18d_baselines/teacher_student_reference/student_h1_strict_valf1_20260522/logs/stage2_s2_s1_l1_o1_c3_seed14.log,-1.0,-1.0,-1.0,-1.0,-1,-1.0,{}
stage2,s2_s1_l1_o1_c4,s2_s1_l1_o1_c4,,14,80,128,2.5,1.0,1.0,0.1,0.00015,0.00015,0.05,,96,128,0.3,0.05,,2,/home/huang_kai/wind_turbine_phm/PHOENIX-main/autoencoder_benchmark/ablation_experiments/h1/results/comparison_18d_baselines/teacher_student_reference/student_h1_strict_valf1_20260522/stage2/s2_s1_l1_o1_c4,13,invalid_feature_alignment,distill_tcn_attn_weld_seam_windows_ws5_tf75_pg0_h1_ep80_lr0.00015_bs128_T2.5_lce1.0_lkd1.0_lf0.1_seed14,/home/huang_kai/wind_turbine_phm/PHOENIX-main/autoencoder_benchmark/ablation_experiments/h1/results/comparison_18d_baselines/teacher_student_reference/student_h1_strict_valf1_20260522/stage2/s2_s1_l1_o1_c4/distill_tcn_attn_weld_seam_windows_ws5_tf75_pg0_h1_ep80_lr0.00015_bs128_T2.5_lce1.0_lkd1.0_lf0.1_seed14,0.0,1,/home/huang_kai/wind_turbine_phm/PHOENIX-main/autoencoder_benchmark/outputs/teacher_h1_forecast_95/manifests/best_teacher_h1.json,"/usr/bin/python /home/huang_kai/wind_turbine_phm/PHOENIX-main/autoencoder_benchmark/train_distill_single_tcn_student.py --dataset-npz /home/huang_kai/wind_turbine_phm/PHOENIX-main/autoencoder_benchmark/Data/processed_data/weld_seam_windows_ws5_tf75_pg0_h1.npz --teacher-ckpt /home/huang_kai/wind_turbine_phm/PHOENIX-main/autoencoder_benchmark/outputs/teacher_h1_forecast_95/runs/single_tcn_attn_weld_seam_windows_ws5_tf75_pg0_h1_ep80_lr0.0003_bs128_k3_l2_d0.1_lat64_wd0.0005_seed183/best_single_tcn.pth --teacher-run-args /home/huang_kai/wind_turbine_phm/PHOENIX-main/autoencoder_benchmark/outputs/teacher_h1_forecast_95/runs/single_tcn_attn_weld_seam_windows_ws5_tf75_pg0_h1_ep80_lr0.0003_bs128_k3_l2_d0.1_lat64_wd0.0005_seed183/run_args.json --output-dir /home/huang_kai/wind_turbine_phm/PHOENIX-main/autoencoder_benchmark/ablation_experiments/h1/results/comparison_18d_baselines/teacher_student_reference/student_h1_strict_valf1_20260522/stage2/s2_s1_l1_o1_c4 --drop-feature-indices 3,4,5,6,7 --epochs 80 --batch-size 128 --lr 0.00015 --weight-decay 0.00015 --seed 14 --class-weights auto --weighted-sampler --val-ratio 0.15 --early-stop-patience 16 --min-epochs 12 --checkpoint-metric val_macro_f1 --temperature 2.5 --lambda-ce 1.0 --lambda-kd 1.0 --lambda-feat 0.1 --student-tcn-dropout 0.05 --student-tcn-channels 96 --student-classifier-hidden 128 --student-classifier-dropout 0.3 --student-attn-dropout 0.05 --student-tcn-dilation-base 2",/home/huang_kai/wind_turbine_phm/PHOENIX-main/autoencoder_benchmark/ablation_experiments/h1/reports/comparison_18d_baselines/teacher_student_reference/student_h1_strict_valf1_20260522/logs/stage2_s2_s1_l1_o1_c4_seed14.log,-1.0,-1.0,-1.0,-1.0,-1,-1.0,{}
stage2,s2_s1_l1_o1_c5,s2_s1_l1_o1_c5,val_macro_f1,14,80,128,2.5,1.0,1.0,0.1,0.00015,0.00015,0.05,2,64,64,0.3,0.05,,2,/home/huang_kai/wind_turbine_phm/PHOENIX-main/autoencoder_benchmark/ablation_experiments/h1/results/comparison_18d_baselines/teacher_student_reference/student_h1_strict_valf1_20260522/stage2/s2_s1_l1_o1_c5,14,success,distill_tcn_attn_weld_seam_windows_ws5_tf75_pg0_h1_ep80_lr0.00015_bs128_T2.5_lce1.0_lkd1.0_lf0.1_seed14,/home/huang_kai/wind_turbine_phm/PHOENIX-main/autoencoder_benchmark/ablation_experiments/h1/results/comparison_18d_baselines/teacher_student_reference/student_h1_strict_valf1_20260522/stage2/s2_s1_l1_o1_c5/distill_tcn_attn_weld_seam_windows_ws5_tf75_pg0_h1_ep80_lr0.00015_bs128_T2.5_lce1.0_lkd1.0_lf0.1_seed14,12.18,1,/home/huang_kai/wind_turbine_phm/PHOENIX-main/autoencoder_benchmark/outputs/teacher_h1_forecast_95/manifests/best_teacher_h1.json,"/usr/bin/python /home/huang_kai/wind_turbine_phm/PHOENIX-main/autoencoder_benchmark/train_distill_single_tcn_student.py --dataset-npz /home/huang_kai/wind_turbine_phm/PHOENIX-main/autoencoder_benchmark/Data/processed_data/weld_seam_windows_ws5_tf75_pg0_h1.npz --teacher-ckpt /home/huang_kai/wind_turbine_phm/PHOENIX-main/autoencoder_benchmark/outputs/teacher_h1_forecast_95/runs/single_tcn_attn_weld_seam_windows_ws5_tf75_pg0_h1_ep80_lr0.0003_bs128_k3_l2_d0.1_lat64_wd0.0005_seed183/best_single_tcn.pth --teacher-run-args /home/huang_kai/wind_turbine_phm/PHOENIX-main/autoencoder_benchmark/outputs/teacher_h1_forecast_95/runs/single_tcn_attn_weld_seam_windows_ws5_tf75_pg0_h1_ep80_lr0.0003_bs128_k3_l2_d0.1_lat64_wd0.0005_seed183/run_args.json --output-dir /home/huang_kai/wind_turbine_phm/PHOENIX-main/autoencoder_benchmark/ablation_experiments/h1/results/comparison_18d_baselines/teacher_student_reference/student_h1_strict_valf1_20260522/stage2/s2_s1_l1_o1_c5 --drop-feature-indices 3,4,5,6,7 --epochs 80 --batch-size 128 --lr 0.00015 --weight-decay 0.00015 --seed 14 --class-weights auto --weighted-sampler --val-ratio 0.15 --early-stop-patience 16 --min-epochs 12 --checkpoint-metric val_macro_f1 --temperature 2.5 --lambda-ce 1.0 --lambda-kd 1.0 --lambda-feat 0.1 --student-tcn-dropout 0.05 --student-tcn-layers 2 --student-tcn-channels 64 --student-classifier-hidden 64 --student-classifier-dropout 0.3 --student-attn-dropout 0.05 --student-tcn-dilation-base 2",/home/huang_kai/wind_turbine_phm/PHOENIX-main/autoencoder_benchmark/ablation_experiments/h1/reports/comparison_18d_baselines/teacher_student_reference/student_h1_strict_valf1_20260522/logs/stage2_s2_s1_l1_o1_c5_seed14.log,1.0,0.8034,0.719494,0.8989,14,1.0,"{""attn_dropout"": 0.05, ""attn_ff_dim"": 128, ""attn_heads"": 4, ""classifier_dropout"": 0.3, ""classifier_hidden"": 64, ""latent_dim"": 64, ""tcn_channels"": 64, ""tcn_dilation_base"": 2, ""tcn_dropout"": 0.05, ""tcn_kernel"": 3, ""tcn_layers"": 2}"
stage2,s2_s1_l1_o1_c6,s2_s1_l1_o1_c6,val_macro_f1,14,80,128,2.5,1.0,1.0,0.1,0.00015,0.00015,0.05,,64,128,0.25,0.05,192,2,/home/huang_kai/wind_turbine_phm/PHOENIX-main/autoencoder_benchmark/ablation_experiments/h1/results/comparison_18d_baselines/teacher_student_reference/student_h1_strict_valf1_20260522/stage2/s2_s1_l1_o1_c6,15,success,distill_tcn_attn_weld_seam_windows_ws5_tf75_pg0_h1_ep80_lr0.00015_bs128_T2.5_lce1.0_lkd1.0_lf0.1_seed14,/home/huang_kai/wind_turbine_phm/PHOENIX-main/autoencoder_benchmark/ablation_experiments/h1/results/comparison_18d_baselines/teacher_student_reference/student_h1_strict_valf1_20260522/stage2/s2_s1_l1_o1_c6/distill_tcn_attn_weld_seam_windows_ws5_tf75_pg0_h1_ep80_lr0.00015_bs128_T2.5_lce1.0_lkd1.0_lf0.1_seed14,16.73,1,/home/huang_kai/wind_turbine_phm/PHOENIX-main/autoencoder_benchmark/outputs/teacher_h1_forecast_95/manifests/best_teacher_h1.json,"/usr/bin/python /home/huang_kai/wind_turbine_phm/PHOENIX-main/autoencoder_benchmark/train_distill_single_tcn_student.py --dataset-npz /home/huang_kai/wind_turbine_phm/PHOENIX-main/autoencoder_benchmark/Data/processed_data/weld_seam_windows_ws5_tf75_pg0_h1.npz --teacher-ckpt /home/huang_kai/wind_turbine_phm/PHOENIX-main/autoencoder_benchmark/outputs/teacher_h1_forecast_95/runs/single_tcn_attn_weld_seam_windows_ws5_tf75_pg0_h1_ep80_lr0.0003_bs128_k3_l2_d0.1_lat64_wd0.0005_seed183/best_single_tcn.pth --teacher-run-args /home/huang_kai/wind_turbine_phm/PHOENIX-main/autoencoder_benchmark/outputs/teacher_h1_forecast_95/runs/single_tcn_attn_weld_seam_windows_ws5_tf75_pg0_h1_ep80_lr0.0003_bs128_k3_l2_d0.1_lat64_wd0.0005_seed183/run_args.json --output-dir /home/huang_kai/wind_turbine_phm/PHOENIX-main/autoencoder_benchmark/ablation_experiments/h1/results/comparison_18d_baselines/teacher_student_reference/student_h1_strict_valf1_20260522/stage2/s2_s1_l1_o1_c6 --drop-feature-indices 3,4,5,6,7 --epochs 80 --batch-size 128 --lr 0.00015 --weight-decay 0.00015 --seed 14 --class-weights auto --weighted-sampler --val-ratio 0.15 --early-stop-patience 16 --min-epochs 12 --checkpoint-metric val_macro_f1 --temperature 2.5 --lambda-ce 1.0 --lambda-kd 1.0 --lambda-feat 0.1 --student-tcn-dropout 0.05 --student-tcn-channels 64 --student-classifier-hidden 128 --student-classifier-dropout 0.25 --student-attn-dropout 0.05 --student-attn-ff-dim 192 --student-tcn-dilation-base 2",/home/huang_kai/wind_turbine_phm/PHOENIX-main/autoencoder_benchmark/ablation_experiments/h1/reports/comparison_18d_baselines/teacher_student_reference/student_h1_strict_valf1_20260522/logs/stage2_s2_s1_l1_o1_c6_seed14.log,1.0,0.7893000000000001,0.71597,0.8904000000000001,30,1.0,"{""attn_dropout"": 0.05, ""attn_ff_dim"": 192, ""attn_heads"": 4, ""classifier_dropout"": 0.25, ""classifier_hidden"": 128, ""latent_dim"": 64, ""tcn_channels"": 64, ""tcn_dilation_base"": 2, ""tcn_dropout"": 0.05, ""tcn_kernel"": 3, ""tcn_layers"": 2}"
stage2,s2_s1_l1_o1_c7,s2_s1_l1_o1_c7,val_macro_f1,14,80,128,2.5,1.0,1.0,0.1,0.00015,0.00015,0.05,,64,64,0.3,0.05,,1,/home/huang_kai/wind_turbine_phm/PHOENIX-main/autoencoder_benchmark/ablation_experiments/h1/results/comparison_18d_baselines/teacher_student_reference/student_h1_strict_valf1_20260522/stage2/s2_s1_l1_o1_c7,16,success,distill_tcn_attn_weld_seam_windows_ws5_tf75_pg0_h1_ep80_lr0.00015_bs128_T2.5_lce1.0_lkd1.0_lf0.1_seed14,/home/huang_kai/wind_turbine_phm/PHOENIX-main/autoencoder_benchmark/ablation_experiments/h1/results/comparison_18d_baselines/teacher_student_reference/student_h1_strict_valf1_20260522/stage2/s2_s1_l1_o1_c7/distill_tcn_attn_weld_seam_windows_ws5_tf75_pg0_h1_ep80_lr0.00015_bs128_T2.5_lce1.0_lkd1.0_lf0.1_seed14,8.67,1,/home/huang_kai/wind_turbine_phm/PHOENIX-main/autoencoder_benchmark/outputs/teacher_h1_forecast_95/manifests/best_teacher_h1.json,"/usr/bin/python /home/huang_kai/wind_turbine_phm/PHOENIX-main/autoencoder_benchmark/train_distill_single_tcn_student.py --dataset-npz /home/huang_kai/wind_turbine_phm/PHOENIX-main/autoencoder_benchmark/Data/processed_data/weld_seam_windows_ws5_tf75_pg0_h1.npz --teacher-ckpt /home/huang_kai/wind_turbine_phm/PHOENIX-main/autoencoder_benchmark/outputs/teacher_h1_forecast_95/runs/single_tcn_attn_weld_seam_windows_ws5_tf75_pg0_h1_ep80_lr0.0003_bs128_k3_l2_d0.1_lat64_wd0.0005_seed183/best_single_tcn.pth --teacher-run-args /home/huang_kai/wind_turbine_phm/PHOENIX-main/autoencoder_benchmark/outputs/teacher_h1_forecast_95/runs/single_tcn_attn_weld_seam_windows_ws5_tf75_pg0_h1_ep80_lr0.0003_bs128_k3_l2_d0.1_lat64_wd0.0005_seed183/run_args.json --output-dir /home/huang_kai/wind_turbine_phm/PHOENIX-main/autoencoder_benchmark/ablation_experiments/h1/results/comparison_18d_baselines/teacher_student_reference/student_h1_strict_valf1_20260522/stage2/s2_s1_l1_o1_c7 --drop-feature-indices 3,4,5,6,7 --epochs 80 --batch-size 128 --lr 0.00015 --weight-decay 0.00015 --seed 14 --class-weights auto --weighted-sampler --val-ratio 0.15 --early-stop-patience 16 --min-epochs 12 --checkpoint-metric val_macro_f1 --temperature 2.5 --lambda-ce 1.0 --lambda-kd 1.0 --lambda-feat 0.1 --student-tcn-dropout 0.05 --student-tcn-channels 64 --student-classifier-hidden 64 --student-classifier-dropout 0.3 --student-attn-dropout 0.05 --student-tcn-dilation-base 1",/home/huang_kai/wind_turbine_phm/PHOENIX-main/autoencoder_benchmark/ablation_experiments/h1/reports/comparison_18d_baselines/teacher_student_reference/student_h1_strict_valf1_20260522/logs/stage2_s2_s1_l1_o1_c7_seed14.log,1.0,0.7920999999999999,0.710582,0.9045000000000001,13,1.0,"{""attn_dropout"": 0.05, ""attn_ff_dim"": 128, ""attn_heads"": 4, ""classifier_dropout"": 0.3, ""classifier_hidden"": 64, ""latent_dim"": 64, ""tcn_channels"": 64, ""tcn_dilation_base"": 1, ""tcn_dropout"": 0.05, ""tcn_kernel"": 3, ""tcn_layers"": 2}"
stage2,s2_s1_l4_o1_c0,s2_s1_l4_o1_c0,val_macro_f1,14,80,128,2.0,0.9,1.1,0.0,0.00015,0.00015,0.05,,,64,0.4,0.1,,2,/home/huang_kai/wind_turbine_phm/PHOENIX-main/autoencoder_benchmark/ablation_experiments/h1/results/comparison_18d_baselines/teacher_student_reference/student_h1_strict_valf1_20260522/stage2/s2_s1_l4_o1_c0,17,success,distill_tcn_attn_weld_seam_windows_ws5_tf75_pg0_h1_ep80_lr0.00015_bs128_T2.0_lce0.9_lkd1.1_lf0.0_seed14,/home/huang_kai/wind_turbine_phm/PHOENIX-main/autoencoder_benchmark/ablation_experiments/h1/results/comparison_18d_baselines/teacher_student_reference/student_h1_strict_valf1_20260522/stage2/s2_s1_l4_o1_c0/distill_tcn_attn_weld_seam_windows_ws5_tf75_pg0_h1_ep80_lr0.00015_bs128_T2.0_lce0.9_lkd1.1_lf0.0_seed14,12.51,1,/home/huang_kai/wind_turbine_phm/PHOENIX-main/autoencoder_benchmark/outputs/teacher_h1_forecast_95/manifests/best_teacher_h1.json,"/usr/bin/python /home/huang_kai/wind_turbine_phm/PHOENIX-main/autoencoder_benchmark/train_distill_single_tcn_student.py --dataset-npz /home/huang_kai/wind_turbine_phm/PHOENIX-main/autoencoder_benchmark/Data/processed_data/weld_seam_windows_ws5_tf75_pg0_h1.npz --teacher-ckpt /home/huang_kai/wind_turbine_phm/PHOENIX-main/autoencoder_benchmark/outputs/teacher_h1_forecast_95/runs/single_tcn_attn_weld_seam_windows_ws5_tf75_pg0_h1_ep80_lr0.0003_bs128_k3_l2_d0.1_lat64_wd0.0005_seed183/best_single_tcn.pth --teacher-run-args /home/huang_kai/wind_turbine_phm/PHOENIX-main/autoencoder_benchmark/outputs/teacher_h1_forecast_95/runs/single_tcn_attn_weld_seam_windows_ws5_tf75_pg0_h1_ep80_lr0.0003_bs128_k3_l2_d0.1_lat64_wd0.0005_seed183/run_args.json --output-dir /home/huang_kai/wind_turbine_phm/PHOENIX-main/autoencoder_benchmark/ablation_experiments/h1/results/comparison_18d_baselines/teacher_student_reference/student_h1_strict_valf1_20260522/stage2/s2_s1_l4_o1_c0 --drop-feature-indices 3,4,5,6,7 --epochs 80 --batch-size 128 --lr 0.00015 --weight-decay 0.00015 --seed 14 --class-weights auto --weighted-sampler --val-ratio 0.15 --early-stop-patience 16 --min-epochs 12 --checkpoint-metric val_macro_f1 --temperature 2.0 --lambda-ce 0.9 --lambda-kd 1.1 --lambda-feat 0.0 --student-tcn-dropout 0.05 --student-classifier-hidden 64 --student-classifier-dropout 0.4 --student-attn-dropout 0.1 --student-tcn-dilation-base 2",/home/huang_kai/wind_turbine_phm/PHOENIX-main/autoencoder_benchmark/ablation_experiments/h1/reports/comparison_18d_baselines/teacher_student_reference/student_h1_strict_valf1_20260522/logs/stage2_s2_s1_l4_o1_c0_seed14.log,1.0,0.8118000000000001,0.733346,0.9017000000000001,14,1.0,"{""attn_dropout"": 0.1, ""attn_ff_dim"": 128, ""attn_heads"": 4, ""classifier_dropout"": 0.4, ""classifier_hidden"": 64, ""latent_dim"": 64, ""tcn_channels"": 64, ""tcn_dilation_base"": 2, ""tcn_dropout"": 0.05, ""tcn_kernel"": 3, ""tcn_layers"": 2}"
stage2,s2_s1_l4_o1_c1,s2_s1_l4_o1_c1,val_macro_f1,14,80,128,2.0,0.9,1.1,0.0,0.00015,0.00015,0.05,,,64,0.3,0.05,,2,/home/huang_kai/wind_turbine_phm/PHOENIX-main/autoencoder_benchmark/ablation_experiments/h1/results/comparison_18d_baselines/teacher_student_reference/student_h1_strict_valf1_20260522/stage2/s2_s1_l4_o1_c1,18,success,distill_tcn_attn_weld_seam_windows_ws5_tf75_pg0_h1_ep80_lr0.00015_bs128_T2.0_lce0.9_lkd1.1_lf0.0_seed14,/home/huang_kai/wind_turbine_phm/PHOENIX-main/autoencoder_benchmark/ablation_experiments/h1/results/comparison_18d_baselines/teacher_student_reference/student_h1_strict_valf1_20260522/stage2/s2_s1_l4_o1_c1/distill_tcn_attn_weld_seam_windows_ws5_tf75_pg0_h1_ep80_lr0.00015_bs128_T2.0_lce0.9_lkd1.1_lf0.0_seed14,11.67,1,/home/huang_kai/wind_turbine_phm/PHOENIX-main/autoencoder_benchmark/outputs/teacher_h1_forecast_95/manifests/best_teacher_h1.json,"/usr/bin/python /home/huang_kai/wind_turbine_phm/PHOENIX-main/autoencoder_benchmark/train_distill_single_tcn_student.py --dataset-npz /home/huang_kai/wind_turbine_phm/PHOENIX-main/autoencoder_benchmark/Data/processed_data/weld_seam_windows_ws5_tf75_pg0_h1.npz --teacher-ckpt /home/huang_kai/wind_turbine_phm/PHOENIX-main/autoencoder_benchmark/outputs/teacher_h1_forecast_95/runs/single_tcn_attn_weld_seam_windows_ws5_tf75_pg0_h1_ep80_lr0.0003_bs128_k3_l2_d0.1_lat64_wd0.0005_seed183/best_single_tcn.pth --teacher-run-args /home/huang_kai/wind_turbine_phm/PHOENIX-main/autoencoder_benchmark/outputs/teacher_h1_forecast_95/runs/single_tcn_attn_weld_seam_windows_ws5_tf75_pg0_h1_ep80_lr0.0003_bs128_k3_l2_d0.1_lat64_wd0.0005_seed183/run_args.json --output-dir /home/huang_kai/wind_turbine_phm/PHOENIX-main/autoencoder_benchmark/ablation_experiments/h1/results/comparison_18d_baselines/teacher_student_reference/student_h1_strict_valf1_20260522/stage2/s2_s1_l4_o1_c1 --drop-feature-indices 3,4,5,6,7 --epochs 80 --batch-size 128 --lr 0.00015 --weight-decay 0.00015 --seed 14 --class-weights auto --weighted-sampler --val-ratio 0.15 --early-stop-patience 16 --min-epochs 12 --checkpoint-metric val_macro_f1 --temperature 2.0 --lambda-ce 0.9 --lambda-kd 1.1 --lambda-feat 0.0 --student-tcn-dropout 0.05 --student-classifier-hidden 64 --student-classifier-dropout 0.3 --student-attn-dropout 0.05 --student-tcn-dilation-base 2",/home/huang_kai/wind_turbine_phm/PHOENIX-main/autoencoder_benchmark/ablation_experiments/h1/reports/comparison_18d_baselines/teacher_student_reference/student_h1_strict_valf1_20260522/logs/stage2_s2_s1_l4_o1_c1_seed14.log,1.0,0.8034,0.721854,0.9045000000000001,14,1.0,"{""attn_dropout"": 0.05, ""attn_ff_dim"": 128, ""attn_heads"": 4, ""classifier_dropout"": 0.3, ""classifier_hidden"": 64, ""latent_dim"": 64, ""tcn_channels"": 64, ""tcn_dilation_base"": 2, ""tcn_dropout"": 0.05, ""tcn_kernel"": 3, ""tcn_layers"": 2}"
stage2,s2_s1_l4_o1_c2,s2_s1_l4_o1_c2,val_macro_f1,14,80,128,2.0,0.9,1.1,0.0,0.00015,0.00015,0.12,,,64,0.4,0.1,,2,/home/huang_kai/wind_turbine_phm/PHOENIX-main/autoencoder_benchmark/ablation_experiments/h1/results/comparison_18d_baselines/teacher_student_reference/student_h1_strict_valf1_20260522/stage2/s2_s1_l4_o1_c2,19,success,distill_tcn_attn_weld_seam_windows_ws5_tf75_pg0_h1_ep80_lr0.00015_bs128_T2.0_lce0.9_lkd1.1_lf0.0_seed14,/home/huang_kai/wind_turbine_phm/PHOENIX-main/autoencoder_benchmark/ablation_experiments/h1/results/comparison_18d_baselines/teacher_student_reference/student_h1_strict_valf1_20260522/stage2/s2_s1_l4_o1_c2/distill_tcn_attn_weld_seam_windows_ws5_tf75_pg0_h1_ep80_lr0.00015_bs128_T2.0_lce0.9_lkd1.1_lf0.0_seed14,11.73,1,/home/huang_kai/wind_turbine_phm/PHOENIX-main/autoencoder_benchmark/outputs/teacher_h1_forecast_95/manifests/best_teacher_h1.json,"/usr/bin/python /home/huang_kai/wind_turbine_phm/PHOENIX-main/autoencoder_benchmark/train_distill_single_tcn_student.py --dataset-npz /home/huang_kai/wind_turbine_phm/PHOENIX-main/autoencoder_benchmark/Data/processed_data/weld_seam_windows_ws5_tf75_pg0_h1.npz --teacher-ckpt /home/huang_kai/wind_turbine_phm/PHOENIX-main/autoencoder_benchmark/outputs/teacher_h1_forecast_95/runs/single_tcn_attn_weld_seam_windows_ws5_tf75_pg0_h1_ep80_lr0.0003_bs128_k3_l2_d0.1_lat64_wd0.0005_seed183/best_single_tcn.pth --teacher-run-args /home/huang_kai/wind_turbine_phm/PHOENIX-main/autoencoder_benchmark/outputs/teacher_h1_forecast_95/runs/single_tcn_attn_weld_seam_windows_ws5_tf75_pg0_h1_ep80_lr0.0003_bs128_k3_l2_d0.1_lat64_wd0.0005_seed183/run_args.json --output-dir /home/huang_kai/wind_turbine_phm/PHOENIX-main/autoencoder_benchmark/ablation_experiments/h1/results/comparison_18d_baselines/teacher_student_reference/student_h1_strict_valf1_20260522/stage2/s2_s1_l4_o1_c2 --drop-feature-indices 3,4,5,6,7 --epochs 80 --batch-size 128 --lr 0.00015 --weight-decay 0.00015 --seed 14 --class-weights auto --weighted-sampler --val-ratio 0.15 --early-stop-patience 16 --min-epochs 12 --checkpoint-metric val_macro_f1 --temperature 2.0 --lambda-ce 0.9 --lambda-kd 1.1 --lambda-feat 0.0 --student-tcn-dropout 0.12 --student-classifier-hidden 64 --student-classifier-dropout 0.4 --student-attn-dropout 0.1 --student-tcn-dilation-base 2",/home/huang_kai/wind_turbine_phm/PHOENIX-main/autoencoder_benchmark/ablation_experiments/h1/reports/comparison_18d_baselines/teacher_student_reference/student_h1_strict_valf1_20260522/logs/stage2_s2_s1_l4_o1_c2_seed14.log,1.0,0.8118000000000001,0.735588,0.9129,14,1.0,"{""attn_dropout"": 0.1, ""attn_ff_dim"": 128, ""attn_heads"": 4, ""classifier_dropout"": 0.4, ""classifier_hidden"": 64, ""latent_dim"": 64, ""tcn_channels"": 64, ""tcn_dilation_base"": 2, ""tcn_dropout"": 0.12, ""tcn_kernel"": 3, ""tcn_layers"": 2}"
stage2,s2_s1_l4_o1_c3,s2_s1_l4_o1_c3,,14,80,128,2.0,0.9,1.1,0.0,0.00015,0.00015,0.05,,48,64,0.3,0.05,,2,/home/huang_kai/wind_turbine_phm/PHOENIX-main/autoencoder_benchmark/ablation_experiments/h1/results/comparison_18d_baselines/teacher_student_reference/student_h1_strict_valf1_20260522/stage2/s2_s1_l4_o1_c3,20,invalid_feature_alignment,distill_tcn_attn_weld_seam_windows_ws5_tf75_pg0_h1_ep80_lr0.00015_bs128_T2.0_lce0.9_lkd1.1_lf0.0_seed14,/home/huang_kai/wind_turbine_phm/PHOENIX-main/autoencoder_benchmark/ablation_experiments/h1/results/comparison_18d_baselines/teacher_student_reference/student_h1_strict_valf1_20260522/stage2/s2_s1_l4_o1_c3/distill_tcn_attn_weld_seam_windows_ws5_tf75_pg0_h1_ep80_lr0.00015_bs128_T2.0_lce0.9_lkd1.1_lf0.0_seed14,0.0,1,/home/huang_kai/wind_turbine_phm/PHOENIX-main/autoencoder_benchmark/outputs/teacher_h1_forecast_95/manifests/best_teacher_h1.json,"/usr/bin/python /home/huang_kai/wind_turbine_phm/PHOENIX-main/autoencoder_benchmark/train_distill_single_tcn_student.py --dataset-npz /home/huang_kai/wind_turbine_phm/PHOENIX-main/autoencoder_benchmark/Data/processed_data/weld_seam_windows_ws5_tf75_pg0_h1.npz --teacher-ckpt /home/huang_kai/wind_turbine_phm/PHOENIX-main/autoencoder_benchmark/outputs/teacher_h1_forecast_95/runs/single_tcn_attn_weld_seam_windows_ws5_tf75_pg0_h1_ep80_lr0.0003_bs128_k3_l2_d0.1_lat64_wd0.0005_seed183/best_single_tcn.pth --teacher-run-args /home/huang_kai/wind_turbine_phm/PHOENIX-main/autoencoder_benchmark/outputs/teacher_h1_forecast_95/runs/single_tcn_attn_weld_seam_windows_ws5_tf75_pg0_h1_ep80_lr0.0003_bs128_k3_l2_d0.1_lat64_wd0.0005_seed183/run_args.json --output-dir /home/huang_kai/wind_turbine_phm/PHOENIX-main/autoencoder_benchmark/ablation_experiments/h1/results/comparison_18d_baselines/teacher_student_reference/student_h1_strict_valf1_20260522/stage2/s2_s1_l4_o1_c3 --drop-feature-indices 3,4,5,6,7 --epochs 80 --batch-size 128 --lr 0.00015 --weight-decay 0.00015 --seed 14 --class-weights auto --weighted-sampler --val-ratio 0.15 --early-stop-patience 16 --min-epochs 12 --checkpoint-metric val_macro_f1 --temperature 2.0 --lambda-ce 0.9 --lambda-kd 1.1 --lambda-feat 0.0 --student-tcn-dropout 0.05 --student-tcn-channels 48 --student-classifier-hidden 64 --student-classifier-dropout 0.3 --student-attn-dropout 0.05 --student-tcn-dilation-base 2",/home/huang_kai/wind_turbine_phm/PHOENIX-main/autoencoder_benchmark/ablation_experiments/h1/reports/comparison_18d_baselines/teacher_student_reference/student_h1_strict_valf1_20260522/logs/stage2_s2_s1_l4_o1_c3_seed14.log,-1.0,-1.0,-1.0,-1.0,-1,-1.0,{}
stage2,s2_s1_l4_o1_c4,s2_s1_l4_o1_c4,,14,80,128,2.0,0.9,1.1,0.0,0.00015,0.00015,0.05,,96,128,0.3,0.05,,2,/home/huang_kai/wind_turbine_phm/PHOENIX-main/autoencoder_benchmark/ablation_experiments/h1/results/comparison_18d_baselines/teacher_student_reference/student_h1_strict_valf1_20260522/stage2/s2_s1_l4_o1_c4,21,invalid_feature_alignment,distill_tcn_attn_weld_seam_windows_ws5_tf75_pg0_h1_ep80_lr0.00015_bs128_T2.0_lce0.9_lkd1.1_lf0.0_seed14,/home/huang_kai/wind_turbine_phm/PHOENIX-main/autoencoder_benchmark/ablation_experiments/h1/results/comparison_18d_baselines/teacher_student_reference/student_h1_strict_valf1_20260522/stage2/s2_s1_l4_o1_c4/distill_tcn_attn_weld_seam_windows_ws5_tf75_pg0_h1_ep80_lr0.00015_bs128_T2.0_lce0.9_lkd1.1_lf0.0_seed14,0.0,1,/home/huang_kai/wind_turbine_phm/PHOENIX-main/autoencoder_benchmark/outputs/teacher_h1_forecast_95/manifests/best_teacher_h1.json,"/usr/bin/python /home/huang_kai/wind_turbine_phm/PHOENIX-main/autoencoder_benchmark/train_distill_single_tcn_student.py --dataset-npz /home/huang_kai/wind_turbine_phm/PHOENIX-main/autoencoder_benchmark/Data/processed_data/weld_seam_windows_ws5_tf75_pg0_h1.npz --teacher-ckpt /home/huang_kai/wind_turbine_phm/PHOENIX-main/autoencoder_benchmark/outputs/teacher_h1_forecast_95/runs/single_tcn_attn_weld_seam_windows_ws5_tf75_pg0_h1_ep80_lr0.0003_bs128_k3_l2_d0.1_lat64_wd0.0005_seed183/best_single_tcn.pth --teacher-run-args /home/huang_kai/wind_turbine_phm/PHOENIX-main/autoencoder_benchmark/outputs/teacher_h1_forecast_95/runs/single_tcn_attn_weld_seam_windows_ws5_tf75_pg0_h1_ep80_lr0.0003_bs128_k3_l2_d0.1_lat64_wd0.0005_seed183/run_args.json --output-dir /home/huang_kai/wind_turbine_phm/PHOENIX-main/autoencoder_benchmark/ablation_experiments/h1/results/comparison_18d_baselines/teacher_student_reference/student_h1_strict_valf1_20260522/stage2/s2_s1_l4_o1_c4 --drop-feature-indices 3,4,5,6,7 --epochs 80 --batch-size 128 --lr 0.00015 --weight-decay 0.00015 --seed 14 --class-weights auto --weighted-sampler --val-ratio 0.15 --early-stop-patience 16 --min-epochs 12 --checkpoint-metric val_macro_f1 --temperature 2.0 --lambda-ce 0.9 --lambda-kd 1.1 --lambda-feat 0.0 --student-tcn-dropout 0.05 --student-tcn-channels 96 --student-classifier-hidden 128 --student-classifier-dropout 0.3 --student-attn-dropout 0.05 --student-tcn-dilation-base 2",/home/huang_kai/wind_turbine_phm/PHOENIX-main/autoencoder_benchmark/ablation_experiments/h1/reports/comparison_18d_baselines/teacher_student_reference/student_h1_strict_valf1_20260522/logs/stage2_s2_s1_l4_o1_c4_seed14.log,-1.0,-1.0,-1.0,-1.0,-1,-1.0,{}
stage2,s2_s1_l4_o1_c5,s2_s1_l4_o1_c5,val_macro_f1,14,80,128,2.0,0.9,1.1,0.0,0.00015,0.00015,0.05,2,64,64,0.3,0.05,,2,/home/huang_kai/wind_turbine_phm/PHOENIX-main/autoencoder_benchmark/ablation_experiments/h1/results/comparison_18d_baselines/teacher_student_reference/student_h1_strict_valf1_20260522/stage2/s2_s1_l4_o1_c5,22,success,distill_tcn_attn_weld_seam_windows_ws5_tf75_pg0_h1_ep80_lr0.00015_bs128_T2.0_lce0.9_lkd1.1_lf0.0_seed14,/home/huang_kai/wind_turbine_phm/PHOENIX-main/autoencoder_benchmark/ablation_experiments/h1/results/comparison_18d_baselines/teacher_student_reference/student_h1_strict_valf1_20260522/stage2/s2_s1_l4_o1_c5/distill_tcn_attn_weld_seam_windows_ws5_tf75_pg0_h1_ep80_lr0.00015_bs128_T2.0_lce0.9_lkd1.1_lf0.0_seed14,12.05,1,/home/huang_kai/wind_turbine_phm/PHOENIX-main/autoencoder_benchmark/outputs/teacher_h1_forecast_95/manifests/best_teacher_h1.json,"/usr/bin/python /home/huang_kai/wind_turbine_phm/PHOENIX-main/autoencoder_benchmark/train_distill_single_tcn_student.py --dataset-npz /home/huang_kai/wind_turbine_phm/PHOENIX-main/autoencoder_benchmark/Data/processed_data/weld_seam_windows_ws5_tf75_pg0_h1.npz --teacher-ckpt /home/huang_kai/wind_turbine_phm/PHOENIX-main/autoencoder_benchmark/outputs/teacher_h1_forecast_95/runs/single_tcn_attn_weld_seam_windows_ws5_tf75_pg0_h1_ep80_lr0.0003_bs128_k3_l2_d0.1_lat64_wd0.0005_seed183/best_single_tcn.pth --teacher-run-args /home/huang_kai/wind_turbine_phm/PHOENIX-main/autoencoder_benchmark/outputs/teacher_h1_forecast_95/runs/single_tcn_attn_weld_seam_windows_ws5_tf75_pg0_h1_ep80_lr0.0003_bs128_k3_l2_d0.1_lat64_wd0.0005_seed183/run_args.json --output-dir /home/huang_kai/wind_turbine_phm/PHOENIX-main/autoencoder_benchmark/ablation_experiments/h1/results/comparison_18d_baselines/teacher_student_reference/student_h1_strict_valf1_20260522/stage2/s2_s1_l4_o1_c5 --drop-feature-indices 3,4,5,6,7 --epochs 80 --batch-size 128 --lr 0.00015 --weight-decay 0.00015 --seed 14 --class-weights auto --weighted-sampler --val-ratio 0.15 --early-stop-patience 16 --min-epochs 12 --checkpoint-metric val_macro_f1 --temperature 2.0 --lambda-ce 0.9 --lambda-kd 1.1 --lambda-feat 0.0 --student-tcn-dropout 0.05 --student-tcn-layers 2 --student-tcn-channels 64 --student-classifier-hidden 64 --student-classifier-dropout 0.3 --student-attn-dropout 0.05 --student-tcn-dilation-base 2",/home/huang_kai/wind_turbine_phm/PHOENIX-main/autoencoder_benchmark/ablation_experiments/h1/reports/comparison_18d_baselines/teacher_student_reference/student_h1_strict_valf1_20260522/logs/stage2_s2_s1_l4_o1_c5_seed14.log,1.0,0.8034,0.721854,0.9045000000000001,14,1.0,"{""attn_dropout"": 0.05, ""attn_ff_dim"": 128, ""attn_heads"": 4, ""classifier_dropout"": 0.3, ""classifier_hidden"": 64, ""latent_dim"": 64, ""tcn_channels"": 64, ""tcn_dilation_base"": 2, ""tcn_dropout"": 0.05, ""tcn_kernel"": 3, ""tcn_layers"": 2}"
stage2,s2_s1_l4_o1_c6,s2_s1_l4_o1_c6,val_macro_f1,14,80,128,2.0,0.9,1.1,0.0,0.00015,0.00015,0.05,,64,128,0.25,0.05,192,2,/home/huang_kai/wind_turbine_phm/PHOENIX-main/autoencoder_benchmark/ablation_experiments/h1/results/comparison_18d_baselines/teacher_student_reference/student_h1_strict_valf1_20260522/stage2/s2_s1_l4_o1_c6,23,success,distill_tcn_attn_weld_seam_windows_ws5_tf75_pg0_h1_ep80_lr0.00015_bs128_T2.0_lce0.9_lkd1.1_lf0.0_seed14,/home/huang_kai/wind_turbine_phm/PHOENIX-main/autoencoder_benchmark/ablation_experiments/h1/results/comparison_18d_baselines/teacher_student_reference/student_h1_strict_valf1_20260522/stage2/s2_s1_l4_o1_c6/distill_tcn_attn_weld_seam_windows_ws5_tf75_pg0_h1_ep80_lr0.00015_bs128_T2.0_lce0.9_lkd1.1_lf0.0_seed14,10.53,1,/home/huang_kai/wind_turbine_phm/PHOENIX-main/autoencoder_benchmark/outputs/teacher_h1_forecast_95/manifests/best_teacher_h1.json,"/usr/bin/python /home/huang_kai/wind_turbine_phm/PHOENIX-main/autoencoder_benchmark/train_distill_single_tcn_student.py --dataset-npz /home/huang_kai/wind_turbine_phm/PHOENIX-main/autoencoder_benchmark/Data/processed_data/weld_seam_windows_ws5_tf75_pg0_h1.npz --teacher-ckpt /home/huang_kai/wind_turbine_phm/PHOENIX-main/autoencoder_benchmark/outputs/teacher_h1_forecast_95/runs/single_tcn_attn_weld_seam_windows_ws5_tf75_pg0_h1_ep80_lr0.0003_bs128_k3_l2_d0.1_lat64_wd0.0005_seed183/best_single_tcn.pth --teacher-run-args /home/huang_kai/wind_turbine_phm/PHOENIX-main/autoencoder_benchmark/outputs/teacher_h1_forecast_95/runs/single_tcn_attn_weld_seam_windows_ws5_tf75_pg0_h1_ep80_lr0.0003_bs128_k3_l2_d0.1_lat64_wd0.0005_seed183/run_args.json --output-dir /home/huang_kai/wind_turbine_phm/PHOENIX-main/autoencoder_benchmark/ablation_experiments/h1/results/comparison_18d_baselines/teacher_student_reference/student_h1_strict_valf1_20260522/stage2/s2_s1_l4_o1_c6 --drop-feature-indices 3,4,5,6,7 --epochs 80 --batch-size 128 --lr 0.00015 --weight-decay 0.00015 --seed 14 --class-weights auto --weighted-sampler --val-ratio 0.15 --early-stop-patience 16 --min-epochs 12 --checkpoint-metric val_macro_f1 --temperature 2.0 --lambda-ce 0.9 --lambda-kd 1.1 --lambda-feat 0.0 --student-tcn-dropout 0.05 --student-tcn-channels 64 --student-classifier-hidden 128 --student-classifier-dropout 0.25 --student-attn-dropout 0.05 --student-attn-ff-dim 192 --student-tcn-dilation-base 2",/home/huang_kai/wind_turbine_phm/PHOENIX-main/autoencoder_benchmark/ablation_experiments/h1/reports/comparison_18d_baselines/teacher_student_reference/student_h1_strict_valf1_20260522/logs/stage2_s2_s1_l4_o1_c6_seed14.log,0.994277,0.8511,0.795679,0.9185,9,0.994277,"{""attn_dropout"": 0.05, ""attn_ff_dim"": 192, ""attn_heads"": 4, ""classifier_dropout"": 0.25, ""classifier_hidden"": 128, ""latent_dim"": 64, ""tcn_channels"": 64, ""tcn_dilation_base"": 2, ""tcn_dropout"": 0.05, ""tcn_kernel"": 3, ""tcn_layers"": 2}"
stage2,s2_s1_l4_o1_c7,s2_s1_l4_o1_c7,val_macro_f1,14,80,128,2.0,0.9,1.1,0.0,0.00015,0.00015,0.05,,64,64,0.3,0.05,,1,/home/huang_kai/wind_turbine_phm/PHOENIX-main/autoencoder_benchmark/ablation_experiments/h1/results/comparison_18d_baselines/teacher_student_reference/student_h1_strict_valf1_20260522/stage2/s2_s1_l4_o1_c7,24,success,distill_tcn_attn_weld_seam_windows_ws5_tf75_pg0_h1_ep80_lr0.00015_bs128_T2.0_lce0.9_lkd1.1_lf0.0_seed14,/home/huang_kai/wind_turbine_phm/PHOENIX-main/autoencoder_benchmark/ablation_experiments/h1/results/comparison_18d_baselines/teacher_student_reference/student_h1_strict_valf1_20260522/stage2/s2_s1_l4_o1_c7/distill_tcn_attn_weld_seam_windows_ws5_tf75_pg0_h1_ep80_lr0.00015_bs128_T2.0_lce0.9_lkd1.1_lf0.0_seed14,9.05,1,/home/huang_kai/wind_turbine_phm/PHOENIX-main/autoencoder_benchmark/outputs/teacher_h1_forecast_95/manifests/best_teacher_h1.json,"/usr/bin/python /home/huang_kai/wind_turbine_phm/PHOENIX-main/autoencoder_benchmark/train_distill_single_tcn_student.py --dataset-npz /home/huang_kai/wind_turbine_phm/PHOENIX-main/autoencoder_benchmark/Data/processed_data/weld_seam_windows_ws5_tf75_pg0_h1.npz --teacher-ckpt /home/huang_kai/wind_turbine_phm/PHOENIX-main/autoencoder_benchmark/outputs/teacher_h1_forecast_95/runs/single_tcn_attn_weld_seam_windows_ws5_tf75_pg0_h1_ep80_lr0.0003_bs128_k3_l2_d0.1_lat64_wd0.0005_seed183/best_single_tcn.pth --teacher-run-args /home/huang_kai/wind_turbine_phm/PHOENIX-main/autoencoder_benchmark/outputs/teacher_h1_forecast_95/runs/single_tcn_attn_weld_seam_windows_ws5_tf75_pg0_h1_ep80_lr0.0003_bs128_k3_l2_d0.1_lat64_wd0.0005_seed183/run_args.json --output-dir /home/huang_kai/wind_turbine_phm/PHOENIX-main/autoencoder_benchmark/ablation_experiments/h1/results/comparison_18d_baselines/teacher_student_reference/student_h1_strict_valf1_20260522/stage2/s2_s1_l4_o1_c7 --drop-feature-indices 3,4,5,6,7 --epochs 80 --batch-size 128 --lr 0.00015 --weight-decay 0.00015 --seed 14 --class-weights auto --weighted-sampler --val-ratio 0.15 --early-stop-patience 16 --min-epochs 12 --checkpoint-metric val_macro_f1 --temperature 2.0 --lambda-ce 0.9 --lambda-kd 1.1 --lambda-feat 0.0 --student-tcn-dropout 0.05 --student-tcn-channels 64 --student-classifier-hidden 64 --student-classifier-dropout 0.3 --student-attn-dropout 0.05 --student-tcn-dilation-base 1",/home/huang_kai/wind_turbine_phm/PHOENIX-main/autoencoder_benchmark/ablation_experiments/h1/reports/comparison_18d_baselines/teacher_student_reference/student_h1_strict_valf1_20260522/logs/stage2_s2_s1_l4_o1_c7_seed14.log,1.0,0.7978000000000001,0.71786,0.9101,13,1.0,"{""attn_dropout"": 0.05, ""attn_ff_dim"": 128, ""attn_heads"": 4, ""classifier_dropout"": 0.3, ""classifier_hidden"": 64, ""latent_dim"": 64, ""tcn_channels"": 64, ""tcn_dilation_base"": 1, ""tcn_dropout"": 0.05, ""tcn_kernel"": 3, ""tcn_layers"": 2}"
stage3,s3_s2_s1_l4_o3_c6_r1,s3_s2_s1_l4_o3_c6_r1,val_macro_f1,14,80,128,2.0,0.9,1.1,0.0,0.0002,0.0002,0.08,,64,128,0.25,0.05,192,2,/home/huang_kai/wind_turbine_phm/PHOENIX-main/autoencoder_benchmark/ablation_experiments/h1/results/comparison_18d_baselines/teacher_student_reference/student_h1_strict_valf1_20260522/stage3/s3_s2_s1_l4_o3_c6_r1,1,success,distill_tcn_attn_weld_seam_windows_ws5_tf75_pg0_h1_ep80_lr0.0002_bs128_T2.0_lce0.9_lkd1.1_lf0.0_seed14,/home/huang_kai/wind_turbine_phm/PHOENIX-main/autoencoder_benchmark/ablation_experiments/h1/results/comparison_18d_baselines/teacher_student_reference/student_h1_strict_valf1_20260522/stage3/s3_s2_s1_l4_o3_c6_r1/distill_tcn_attn_weld_seam_windows_ws5_tf75_pg0_h1_ep80_lr0.0002_bs128_T2.0_lce0.9_lkd1.1_lf0.0_seed14,12.72,1,/home/huang_kai/wind_turbine_phm/PHOENIX-main/autoencoder_benchmark/outputs/teacher_h1_forecast_95/manifests/best_teacher_h1.json,"/usr/bin/python /home/huang_kai/wind_turbine_phm/PHOENIX-main/autoencoder_benchmark/train_distill_single_tcn_student.py --dataset-npz /home/huang_kai/wind_turbine_phm/PHOENIX-main/autoencoder_benchmark/Data/processed_data/weld_seam_windows_ws5_tf75_pg0_h1.npz --teacher-ckpt /home/huang_kai/wind_turbine_phm/PHOENIX-main/autoencoder_benchmark/outputs/teacher_h1_forecast_95/runs/single_tcn_attn_weld_seam_windows_ws5_tf75_pg0_h1_ep80_lr0.0003_bs128_k3_l2_d0.1_lat64_wd0.0005_seed183/best_single_tcn.pth --teacher-run-args /home/huang_kai/wind_turbine_phm/PHOENIX-main/autoencoder_benchmark/outputs/teacher_h1_forecast_95/runs/single_tcn_attn_weld_seam_windows_ws5_tf75_pg0_h1_ep80_lr0.0003_bs128_k3_l2_d0.1_lat64_wd0.0005_seed183/run_args.json --output-dir /home/huang_kai/wind_turbine_phm/PHOENIX-main/autoencoder_benchmark/ablation_experiments/h1/results/comparison_18d_baselines/teacher_student_reference/student_h1_strict_valf1_20260522/stage3/s3_s2_s1_l4_o3_c6_r1 --drop-feature-indices 3,4,5,6,7 --epochs 80 --batch-size 128 --lr 0.0002 --weight-decay 0.0002 --seed 14 --class-weights auto --weighted-sampler --val-ratio 0.15 --early-stop-patience 16 --min-epochs 12 --checkpoint-metric val_macro_f1 --temperature 2.0 --lambda-ce 0.9 --lambda-kd 1.1 --lambda-feat 0.0 --student-tcn-dropout 0.08 --student-tcn-channels 64 --student-classifier-hidden 128 --student-classifier-dropout 0.25 --student-attn-dropout 0.05 --student-attn-ff-dim 192 --student-tcn-dilation-base 2",/home/huang_kai/wind_turbine_phm/PHOENIX-main/autoencoder_benchmark/ablation_experiments/h1/reports/comparison_18d_baselines/teacher_student_reference/student_h1_strict_valf1_20260522/logs/stage3_s3_s2_s1_l4_o3_c6_r1_seed14.log,1.0,0.8343,0.782299,0.9073,17,1.0,"{""attn_dropout"": 0.05, ""attn_ff_dim"": 192, ""attn_heads"": 4, ""classifier_dropout"": 0.25, ""classifier_hidden"": 128, ""latent_dim"": 64, ""tcn_channels"": 64, ""tcn_dilation_base"": 2, ""tcn_dropout"": 0.08, ""tcn_kernel"": 3, ""tcn_layers"": 2}"
stage3,s3_s2_s1_l4_o3_c6_r2,s3_s2_s1_l4_o3_c6_r2,val_macro_f1,14,80,128,2.0,0.9,1.1,0.0,0.00030000000000000003,0.0002,0.08,,64,128,0.25,0.05,192,2,/home/huang_kai/wind_turbine_phm/PHOENIX-main/autoencoder_benchmark/ablation_experiments/h1/results/comparison_18d_baselines/teacher_student_reference/student_h1_strict_valf1_20260522/stage3/s3_s2_s1_l4_o3_c6_r2,2,success,distill_tcn_attn_weld_seam_windows_ws5_tf75_pg0_h1_ep80_lr0.00030000000000000003_bs128_T2.0_lce0.9_lkd1.1_lf0.0_seed14,/home/huang_kai/wind_turbine_phm/PHOENIX-main/autoencoder_benchmark/ablation_experiments/h1/results/comparison_18d_baselines/teacher_student_reference/student_h1_strict_valf1_20260522/stage3/s3_s2_s1_l4_o3_c6_r2/distill_tcn_attn_weld_seam_windows_ws5_tf75_pg0_h1_ep80_lr0.00030000000000000003_bs128_T2.0_lce0.9_lkd1.1_lf0.0_seed14,12.47,1,/home/huang_kai/wind_turbine_phm/PHOENIX-main/autoencoder_benchmark/outputs/teacher_h1_forecast_95/manifests/best_teacher_h1.json,"/usr/bin/python /home/huang_kai/wind_turbine_phm/PHOENIX-main/autoencoder_benchmark/train_distill_single_tcn_student.py --dataset-npz /home/huang_kai/wind_turbine_phm/PHOENIX-main/autoencoder_benchmark/Data/processed_data/weld_seam_windows_ws5_tf75_pg0_h1.npz --teacher-ckpt /home/huang_kai/wind_turbine_phm/PHOENIX-main/autoencoder_benchmark/outputs/teacher_h1_forecast_95/runs/single_tcn_attn_weld_seam_windows_ws5_tf75_pg0_h1_ep80_lr0.0003_bs128_k3_l2_d0.1_lat64_wd0.0005_seed183/best_single_tcn.pth --teacher-run-args /home/huang_kai/wind_turbine_phm/PHOENIX-main/autoencoder_benchmark/outputs/teacher_h1_forecast_95/runs/single_tcn_attn_weld_seam_windows_ws5_tf75_pg0_h1_ep80_lr0.0003_bs128_k3_l2_d0.1_lat64_wd0.0005_seed183/run_args.json --output-dir /home/huang_kai/wind_turbine_phm/PHOENIX-main/autoencoder_benchmark/ablation_experiments/h1/results/comparison_18d_baselines/teacher_student_reference/student_h1_strict_valf1_20260522/stage3/s3_s2_s1_l4_o3_c6_r2 --drop-feature-indices 3,4,5,6,7 --epochs 80 --batch-size 128 --lr 0.00030000000000000003 --weight-decay 0.0002 --seed 14 --class-weights auto --weighted-sampler --val-ratio 0.15 --early-stop-patience 16 --min-epochs 12 --checkpoint-metric val_macro_f1 --temperature 2.0 --lambda-ce 0.9 --lambda-kd 1.1 --lambda-feat 0.0 --student-tcn-dropout 0.08 --student-tcn-channels 64 --student-classifier-hidden 128 --student-classifier-dropout 0.25 --student-attn-dropout 0.05 --student-attn-ff-dim 192 --student-tcn-dilation-base 2",/home/huang_kai/wind_turbine_phm/PHOENIX-main/autoencoder_benchmark/ablation_experiments/h1/reports/comparison_18d_baselines/teacher_student_reference/student_h1_strict_valf1_20260522/logs/stage3_s3_s2_s1_l4_o3_c6_r2_seed14.log,1.0,0.8287,0.775645,0.9073,16,1.0,"{""attn_dropout"": 0.05, ""attn_ff_dim"": 192, ""attn_heads"": 4, ""classifier_dropout"": 0.25, ""classifier_hidden"": 128, ""latent_dim"": 64, ""tcn_channels"": 64, ""tcn_dilation_base"": 2, ""tcn_dropout"": 0.08, ""tcn_kernel"": 3, ""tcn_layers"": 2}"
stage3,s3_s2_s1_l4_o3_c6_r3,s3_s2_s1_l4_o3_c6_r3,val_macro_f1,14,80,128,2.5,0.9,1.1,0.0,0.00025,0.0002,0.08,,64,128,0.25,0.05,192,2,/home/huang_kai/wind_turbine_phm/PHOENIX-main/autoencoder_benchmark/ablation_experiments/h1/results/comparison_18d_baselines/teacher_student_reference/student_h1_strict_valf1_20260522/stage3/s3_s2_s1_l4_o3_c6_r3,3,success,distill_tcn_attn_weld_seam_windows_ws5_tf75_pg0_h1_ep80_lr0.00025_bs128_T2.5_lce0.9_lkd1.1_lf0.0_seed14,/home/huang_kai/wind_turbine_phm/PHOENIX-main/autoencoder_benchmark/ablation_experiments/h1/results/comparison_18d_baselines/teacher_student_reference/student_h1_strict_valf1_20260522/stage3/s3_s2_s1_l4_o3_c6_r3/distill_tcn_attn_weld_seam_windows_ws5_tf75_pg0_h1_ep80_lr0.00025_bs128_T2.5_lce0.9_lkd1.1_lf0.0_seed14,12.36,1,/home/huang_kai/wind_turbine_phm/PHOENIX-main/autoencoder_benchmark/outputs/teacher_h1_forecast_95/manifests/best_teacher_h1.json,"/usr/bin/python /home/huang_kai/wind_turbine_phm/PHOENIX-main/autoencoder_benchmark/train_distill_single_tcn_student.py --dataset-npz /home/huang_kai/wind_turbine_phm/PHOENIX-main/autoencoder_benchmark/Data/processed_data/weld_seam_windows_ws5_tf75_pg0_h1.npz --teacher-ckpt /home/huang_kai/wind_turbine_phm/PHOENIX-main/autoencoder_benchmark/outputs/teacher_h1_forecast_95/runs/single_tcn_attn_weld_seam_windows_ws5_tf75_pg0_h1_ep80_lr0.0003_bs128_k3_l2_d0.1_lat64_wd0.0005_seed183/best_single_tcn.pth --teacher-run-args /home/huang_kai/wind_turbine_phm/PHOENIX-main/autoencoder_benchmark/outputs/teacher_h1_forecast_95/runs/single_tcn_attn_weld_seam_windows_ws5_tf75_pg0_h1_ep80_lr0.0003_bs128_k3_l2_d0.1_lat64_wd0.0005_seed183/run_args.json --output-dir /home/huang_kai/wind_turbine_phm/PHOENIX-main/autoencoder_benchmark/ablation_experiments/h1/results/comparison_18d_baselines/teacher_student_reference/student_h1_strict_valf1_20260522/stage3/s3_s2_s1_l4_o3_c6_r3 --drop-feature-indices 3,4,5,6,7 --epochs 80 --batch-size 128 --lr 0.00025 --weight-decay 0.0002 --seed 14 --class-weights auto --weighted-sampler --val-ratio 0.15 --early-stop-patience 16 --min-epochs 12 --checkpoint-metric val_macro_f1 --temperature 2.5 --lambda-ce 0.9 --lambda-kd 1.1 --lambda-feat 0.0 --student-tcn-dropout 0.08 --student-tcn-channels 64 --student-classifier-hidden 128 --student-classifier-dropout 0.25 --student-attn-dropout 0.05 --student-attn-ff-dim 192 --student-tcn-dilation-base 2",/home/huang_kai/wind_turbine_phm/PHOENIX-main/autoencoder_benchmark/ablation_experiments/h1/reports/comparison_18d_baselines/teacher_student_reference/student_h1_strict_valf1_20260522/logs/stage3_s3_s2_s1_l4_o3_c6_r3_seed14.log,1.0,0.8371,0.785587,0.9101,16,1.0,"{""attn_dropout"": 0.05, ""attn_ff_dim"": 192, ""attn_heads"": 4, ""classifier_dropout"": 0.25, ""classifier_hidden"": 128, ""latent_dim"": 64, ""tcn_channels"": 64, ""tcn_dilation_base"": 2, ""tcn_dropout"": 0.08, ""tcn_kernel"": 3, ""tcn_layers"": 2}"
stage3,s3_s2_s1_l4_o3_c6_r4,s3_s2_s1_l4_o3_c6_r4,val_macro_f1,14,80,128,2.0,0.8,1.3,0.0,0.00025,0.0002,0.08,,64,128,0.25,0.05,192,2,/home/huang_kai/wind_turbine_phm/PHOENIX-main/autoencoder_benchmark/ablation_experiments/h1/results/comparison_18d_baselines/teacher_student_reference/student_h1_strict_valf1_20260522/stage3/s3_s2_s1_l4_o3_c6_r4,4,success,distill_tcn_attn_weld_seam_windows_ws5_tf75_pg0_h1_ep80_lr0.00025_bs128_T2.0_lce0.8_lkd1.3_lf0.0_seed14,/home/huang_kai/wind_turbine_phm/PHOENIX-main/autoencoder_benchmark/ablation_experiments/h1/results/comparison_18d_baselines/teacher_student_reference/student_h1_strict_valf1_20260522/stage3/s3_s2_s1_l4_o3_c6_r4/distill_tcn_attn_weld_seam_windows_ws5_tf75_pg0_h1_ep80_lr0.00025_bs128_T2.0_lce0.8_lkd1.3_lf0.0_seed14,12.73,1,/home/huang_kai/wind_turbine_phm/PHOENIX-main/autoencoder_benchmark/outputs/teacher_h1_forecast_95/manifests/best_teacher_h1.json,"/usr/bin/python /home/huang_kai/wind_turbine_phm/PHOENIX-main/autoencoder_benchmark/train_distill_single_tcn_student.py --dataset-npz /home/huang_kai/wind_turbine_phm/PHOENIX-main/autoencoder_benchmark/Data/processed_data/weld_seam_windows_ws5_tf75_pg0_h1.npz --teacher-ckpt /home/huang_kai/wind_turbine_phm/PHOENIX-main/autoencoder_benchmark/outputs/teacher_h1_forecast_95/runs/single_tcn_attn_weld_seam_windows_ws5_tf75_pg0_h1_ep80_lr0.0003_bs128_k3_l2_d0.1_lat64_wd0.0005_seed183/best_single_tcn.pth --teacher-run-args /home/huang_kai/wind_turbine_phm/PHOENIX-main/autoencoder_benchmark/outputs/teacher_h1_forecast_95/runs/single_tcn_attn_weld_seam_windows_ws5_tf75_pg0_h1_ep80_lr0.0003_bs128_k3_l2_d0.1_lat64_wd0.0005_seed183/run_args.json --output-dir /home/huang_kai/wind_turbine_phm/PHOENIX-main/autoencoder_benchmark/ablation_experiments/h1/results/comparison_18d_baselines/teacher_student_reference/student_h1_strict_valf1_20260522/stage3/s3_s2_s1_l4_o3_c6_r4 --drop-feature-indices 3,4,5,6,7 --epochs 80 --batch-size 128 --lr 0.00025 --weight-decay 0.0002 --seed 14 --class-weights auto --weighted-sampler --val-ratio 0.15 --early-stop-patience 16 --min-epochs 12 --checkpoint-metric val_macro_f1 --temperature 2.0 --lambda-ce 0.8 --lambda-kd 1.3 --lambda-feat 0.0 --student-tcn-dropout 0.08 --student-tcn-channels 64 --student-classifier-hidden 128 --student-classifier-dropout 0.25 --student-attn-dropout 0.05 --student-attn-ff-dim 192 --student-tcn-dilation-base 2",/home/huang_kai/wind_turbine_phm/PHOENIX-main/autoencoder_benchmark/ablation_experiments/h1/reports/comparison_18d_baselines/teacher_student_reference/student_h1_strict_valf1_20260522/logs/stage3_s3_s2_s1_l4_o3_c6_r4_seed14.log,1.0,0.8371,0.785587,0.9101,16,1.0,"{""attn_dropout"": 0.05, ""attn_ff_dim"": 192, ""attn_heads"": 4, ""classifier_dropout"": 0.25, ""classifier_hidden"": 128, ""latent_dim"": 64, ""tcn_channels"": 64, ""tcn_dilation_base"": 2, ""tcn_dropout"": 0.08, ""tcn_kernel"": 3, ""tcn_layers"": 2}"
stage3,s3_s2_s1_l4_o3_c6_r5,s3_s2_s1_l4_o3_c6_r5,val_macro_f1,14,80,128,2.0,0.9,1.2000000000000002,0.1,0.00025,0.0002,0.08,,64,128,0.25,0.05,192,2,/home/huang_kai/wind_turbine_phm/PHOENIX-main/autoencoder_benchmark/ablation_experiments/h1/results/comparison_18d_baselines/teacher_student_reference/student_h1_strict_valf1_20260522/stage3/s3_s2_s1_l4_o3_c6_r5,5,success,distill_tcn_attn_weld_seam_windows_ws5_tf75_pg0_h1_ep80_lr0.00025_bs128_T2.0_lce0.9_lkd1.2000000000000002_lf0.1_seed14,/home/huang_kai/wind_turbine_phm/PHOENIX-main/autoencoder_benchmark/ablation_experiments/h1/results/comparison_18d_baselines/teacher_student_reference/student_h1_strict_valf1_20260522/stage3/s3_s2_s1_l4_o3_c6_r5/distill_tcn_attn_weld_seam_windows_ws5_tf75_pg0_h1_ep80_lr0.00025_bs128_T2.0_lce0.9_lkd1.2000000000000002_lf0.1_seed14,13.12,1,/home/huang_kai/wind_turbine_phm/PHOENIX-main/autoencoder_benchmark/outputs/teacher_h1_forecast_95/manifests/best_teacher_h1.json,"/usr/bin/python /home/huang_kai/wind_turbine_phm/PHOENIX-main/autoencoder_benchmark/train_distill_single_tcn_student.py --dataset-npz /home/huang_kai/wind_turbine_phm/PHOENIX-main/autoencoder_benchmark/Data/processed_data/weld_seam_windows_ws5_tf75_pg0_h1.npz --teacher-ckpt /home/huang_kai/wind_turbine_phm/PHOENIX-main/autoencoder_benchmark/outputs/teacher_h1_forecast_95/runs/single_tcn_attn_weld_seam_windows_ws5_tf75_pg0_h1_ep80_lr0.0003_bs128_k3_l2_d0.1_lat64_wd0.0005_seed183/best_single_tcn.pth --teacher-run-args /home/huang_kai/wind_turbine_phm/PHOENIX-main/autoencoder_benchmark/outputs/teacher_h1_forecast_95/runs/single_tcn_attn_weld_seam_windows_ws5_tf75_pg0_h1_ep80_lr0.0003_bs128_k3_l2_d0.1_lat64_wd0.0005_seed183/run_args.json --output-dir /home/huang_kai/wind_turbine_phm/PHOENIX-main/autoencoder_benchmark/ablation_experiments/h1/results/comparison_18d_baselines/teacher_student_reference/student_h1_strict_valf1_20260522/stage3/s3_s2_s1_l4_o3_c6_r5 --drop-feature-indices 3,4,5,6,7 --epochs 80 --batch-size 128 --lr 0.00025 --weight-decay 0.0002 --seed 14 --class-weights auto --weighted-sampler --val-ratio 0.15 --early-stop-patience 16 --min-epochs 12 --checkpoint-metric val_macro_f1 --temperature 2.0 --lambda-ce 0.9 --lambda-kd 1.2000000000000002 --lambda-feat 0.1 --student-tcn-dropout 0.08 --student-tcn-channels 64 --student-classifier-hidden 128 --student-classifier-dropout 0.25 --student-attn-dropout 0.05 --student-attn-ff-dim 192 --student-tcn-dilation-base 2",/home/huang_kai/wind_turbine_phm/PHOENIX-main/autoencoder_benchmark/ablation_experiments/h1/reports/comparison_18d_baselines/teacher_student_reference/student_h1_strict_valf1_20260522/logs/stage3_s3_s2_s1_l4_o3_c6_r5_seed14.log,1.0,0.8343,0.779806,0.9129,17,1.0,"{""attn_dropout"": 0.05, ""attn_ff_dim"": 192, ""attn_heads"": 4, ""classifier_dropout"": 0.25, ""classifier_hidden"": 128, ""latent_dim"": 64, ""tcn_channels"": 64, ""tcn_dilation_base"": 2, ""tcn_dropout"": 0.08, ""tcn_kernel"": 3, ""tcn_layers"": 2}"
stage3,s3_s2_s1_l4_o3_c0_r1,s3_s2_s1_l4_o3_c0_r1,val_macro_f1,14,80,128,2.0,0.9,1.1,0.0,0.0002,0.0002,0.08,,,64,0.4,0.1,,2,/home/huang_kai/wind_turbine_phm/PHOENIX-main/autoencoder_benchmark/ablation_experiments/h1/results/comparison_18d_baselines/teacher_student_reference/student_h1_strict_valf1_20260522/stage3/s3_s2_s1_l4_o3_c0_r1,6,success,distill_tcn_attn_weld_seam_windows_ws5_tf75_pg0_h1_ep80_lr0.0002_bs128_T2.0_lce0.9_lkd1.1_lf0.0_seed14,/home/huang_kai/wind_turbine_phm/PHOENIX-main/autoencoder_benchmark/ablation_experiments/h1/results/comparison_18d_baselines/teacher_student_reference/student_h1_strict_valf1_20260522/stage3/s3_s2_s1_l4_o3_c0_r1/distill_tcn_attn_weld_seam_windows_ws5_tf75_pg0_h1_ep80_lr0.0002_bs128_T2.0_lce0.9_lkd1.1_lf0.0_seed14,12.33,1,/home/huang_kai/wind_turbine_phm/PHOENIX-main/autoencoder_benchmark/outputs/teacher_h1_forecast_95/manifests/best_teacher_h1.json,"/usr/bin/python /home/huang_kai/wind_turbine_phm/PHOENIX-main/autoencoder_benchmark/train_distill_single_tcn_student.py --dataset-npz /home/huang_kai/wind_turbine_phm/PHOENIX-main/autoencoder_benchmark/Data/processed_data/weld_seam_windows_ws5_tf75_pg0_h1.npz --teacher-ckpt /home/huang_kai/wind_turbine_phm/PHOENIX-main/autoencoder_benchmark/outputs/teacher_h1_forecast_95/runs/single_tcn_attn_weld_seam_windows_ws5_tf75_pg0_h1_ep80_lr0.0003_bs128_k3_l2_d0.1_lat64_wd0.0005_seed183/best_single_tcn.pth --teacher-run-args /home/huang_kai/wind_turbine_phm/PHOENIX-main/autoencoder_benchmark/outputs/teacher_h1_forecast_95/runs/single_tcn_attn_weld_seam_windows_ws5_tf75_pg0_h1_ep80_lr0.0003_bs128_k3_l2_d0.1_lat64_wd0.0005_seed183/run_args.json --output-dir /home/huang_kai/wind_turbine_phm/PHOENIX-main/autoencoder_benchmark/ablation_experiments/h1/results/comparison_18d_baselines/teacher_student_reference/student_h1_strict_valf1_20260522/stage3/s3_s2_s1_l4_o3_c0_r1 --drop-feature-indices 3,4,5,6,7 --epochs 80 --batch-size 128 --lr 0.0002 --weight-decay 0.0002 --seed 14 --class-weights auto --weighted-sampler --val-ratio 0.15 --early-stop-patience 16 --min-epochs 12 --checkpoint-metric val_macro_f1 --temperature 2.0 --lambda-ce 0.9 --lambda-kd 1.1 --lambda-feat 0.0 --student-tcn-dropout 0.08 --student-classifier-hidden 64 --student-classifier-dropout 0.4 --student-attn-dropout 0.1 --student-tcn-dilation-base 2",/home/huang_kai/wind_turbine_phm/PHOENIX-main/autoencoder_benchmark/ablation_experiments/h1/reports/comparison_18d_baselines/teacher_student_reference/student_h1_strict_valf1_20260522/logs/stage3_s3_s2_s1_l4_o3_c0_r1_seed14.log,1.0,0.7725,0.667196,0.8961,13,1.0,"{""attn_dropout"": 0.1, ""attn_ff_dim"": 128, ""attn_heads"": 4, ""classifier_dropout"": 0.4, ""classifier_hidden"": 64, ""latent_dim"": 64, ""tcn_channels"": 64, ""tcn_dilation_base"": 2, ""tcn_dropout"": 0.08, ""tcn_kernel"": 3, ""tcn_layers"": 2}"
stage3,s3_s2_s1_l4_o3_c0_r2,s3_s2_s1_l4_o3_c0_r2,val_macro_f1,14,80,128,2.0,0.9,1.1,0.0,0.00030000000000000003,0.0002,0.08,,,64,0.4,0.1,,2,/home/huang_kai/wind_turbine_phm/PHOENIX-main/autoencoder_benchmark/ablation_experiments/h1/results/comparison_18d_baselines/teacher_student_reference/student_h1_strict_valf1_20260522/stage3/s3_s2_s1_l4_o3_c0_r2,7,success,distill_tcn_attn_weld_seam_windows_ws5_tf75_pg0_h1_ep80_lr0.00030000000000000003_bs128_T2.0_lce0.9_lkd1.1_lf0.0_seed14,/home/huang_kai/wind_turbine_phm/PHOENIX-main/autoencoder_benchmark/ablation_experiments/h1/results/comparison_18d_baselines/teacher_student_reference/student_h1_strict_valf1_20260522/stage3/s3_s2_s1_l4_o3_c0_r2/distill_tcn_attn_weld_seam_windows_ws5_tf75_pg0_h1_ep80_lr0.00030000000000000003_bs128_T2.0_lce0.9_lkd1.1_lf0.0_seed14,10.61,1,/home/huang_kai/wind_turbine_phm/PHOENIX-main/autoencoder_benchmark/outputs/teacher_h1_forecast_95/manifests/best_teacher_h1.json,"/usr/bin/python /home/huang_kai/wind_turbine_phm/PHOENIX-main/autoencoder_benchmark/train_distill_single_tcn_student.py --dataset-npz /home/huang_kai/wind_turbine_phm/PHOENIX-main/autoencoder_benchmark/Data/processed_data/weld_seam_windows_ws5_tf75_pg0_h1.npz --teacher-ckpt /home/huang_kai/wind_turbine_phm/PHOENIX-main/autoencoder_benchmark/outputs/teacher_h1_forecast_95/runs/single_tcn_attn_weld_seam_windows_ws5_tf75_pg0_h1_ep80_lr0.0003_bs128_k3_l2_d0.1_lat64_wd0.0005_seed183/best_single_tcn.pth --teacher-run-args /home/huang_kai/wind_turbine_phm/PHOENIX-main/autoencoder_benchmark/outputs/teacher_h1_forecast_95/runs/single_tcn_attn_weld_seam_windows_ws5_tf75_pg0_h1_ep80_lr0.0003_bs128_k3_l2_d0.1_lat64_wd0.0005_seed183/run_args.json --output-dir /home/huang_kai/wind_turbine_phm/PHOENIX-main/autoencoder_benchmark/ablation_experiments/h1/results/comparison_18d_baselines/teacher_student_reference/student_h1_strict_valf1_20260522/stage3/s3_s2_s1_l4_o3_c0_r2 --drop-feature-indices 3,4,5,6,7 --epochs 80 --batch-size 128 --lr 0.00030000000000000003 --weight-decay 0.0002 --seed 14 --class-weights auto --weighted-sampler --val-ratio 0.15 --early-stop-patience 16 --min-epochs 12 --checkpoint-metric val_macro_f1 --temperature 2.0 --lambda-ce 0.9 --lambda-kd 1.1 --lambda-feat 0.0 --student-tcn-dropout 0.08 --student-classifier-hidden 64 --student-classifier-dropout 0.4 --student-attn-dropout 0.1 --student-tcn-dilation-base 2",/home/huang_kai/wind_turbine_phm/PHOENIX-main/autoencoder_benchmark/ablation_experiments/h1/reports/comparison_18d_baselines/teacher_student_reference/student_h1_strict_valf1_20260522/logs/stage3_s3_s2_s1_l4_o3_c0_r2_seed14.log,1.0,0.8006,0.716429,0.9073,8,1.0,"{""attn_dropout"": 0.1, ""attn_ff_dim"": 128, ""attn_heads"": 4, ""classifier_dropout"": 0.4, ""classifier_hidden"": 64, ""latent_dim"": 64, ""tcn_channels"": 64, ""tcn_dilation_base"": 2, ""tcn_dropout"": 0.08, ""tcn_kernel"": 3, ""tcn_layers"": 2}"
stage3,s3_s2_s1_l4_o3_c0_r3,s3_s2_s1_l4_o3_c0_r3,val_macro_f1,14,80,128,2.5,0.9,1.1,0.0,0.00025,0.0002,0.08,,,64,0.4,0.1,,2,/home/huang_kai/wind_turbine_phm/PHOENIX-main/autoencoder_benchmark/ablation_experiments/h1/results/comparison_18d_baselines/teacher_student_reference/student_h1_strict_valf1_20260522/stage3/s3_s2_s1_l4_o3_c0_r3,8,success,distill_tcn_attn_weld_seam_windows_ws5_tf75_pg0_h1_ep80_lr0.00025_bs128_T2.5_lce0.9_lkd1.1_lf0.0_seed14,/home/huang_kai/wind_turbine_phm/PHOENIX-main/autoencoder_benchmark/ablation_experiments/h1/results/comparison_18d_baselines/teacher_student_reference/student_h1_strict_valf1_20260522/stage3/s3_s2_s1_l4_o3_c0_r3/distill_tcn_attn_weld_seam_windows_ws5_tf75_pg0_h1_ep80_lr0.00025_bs128_T2.5_lce0.9_lkd1.1_lf0.0_seed14,12.06,1,/home/huang_kai/wind_turbine_phm/PHOENIX-main/autoencoder_benchmark/outputs/teacher_h1_forecast_95/manifests/best_teacher_h1.json,"/usr/bin/python /home/huang_kai/wind_turbine_phm/PHOENIX-main/autoencoder_benchmark/train_distill_single_tcn_student.py --dataset-npz /home/huang_kai/wind_turbine_phm/PHOENIX-main/autoencoder_benchmark/Data/processed_data/weld_seam_windows_ws5_tf75_pg0_h1.npz --teacher-ckpt /home/huang_kai/wind_turbine_phm/PHOENIX-main/autoencoder_benchmark/outputs/teacher_h1_forecast_95/runs/single_tcn_attn_weld_seam_windows_ws5_tf75_pg0_h1_ep80_lr0.0003_bs128_k3_l2_d0.1_lat64_wd0.0005_seed183/best_single_tcn.pth --teacher-run-args /home/huang_kai/wind_turbine_phm/PHOENIX-main/autoencoder_benchmark/outputs/teacher_h1_forecast_95/runs/single_tcn_attn_weld_seam_windows_ws5_tf75_pg0_h1_ep80_lr0.0003_bs128_k3_l2_d0.1_lat64_wd0.0005_seed183/run_args.json --output-dir /home/huang_kai/wind_turbine_phm/PHOENIX-main/autoencoder_benchmark/ablation_experiments/h1/results/comparison_18d_baselines/teacher_student_reference/student_h1_strict_valf1_20260522/stage3/s3_s2_s1_l4_o3_c0_r3 --drop-feature-indices 3,4,5,6,7 --epochs 80 --batch-size 128 --lr 0.00025 --weight-decay 0.0002 --seed 14 --class-weights auto --weighted-sampler --val-ratio 0.15 --early-stop-patience 16 --min-epochs 12 --checkpoint-metric val_macro_f1 --temperature 2.5 --lambda-ce 0.9 --lambda-kd 1.1 --lambda-feat 0.0 --student-tcn-dropout 0.08 --student-classifier-hidden 64 --student-classifier-dropout 0.4 --student-attn-dropout 0.1 --student-tcn-dilation-base 2",/home/huang_kai/wind_turbine_phm/PHOENIX-main/autoencoder_benchmark/ablation_experiments/h1/reports/comparison_18d_baselines/teacher_student_reference/student_h1_strict_valf1_20260522/logs/stage3_s3_s2_s1_l4_o3_c0_r3_seed14.log,1.0,0.7584000000000001,0.648681,0.8876000000000001,13,1.0,"{""attn_dropout"": 0.1, ""attn_ff_dim"": 128, ""attn_heads"": 4, ""classifier_dropout"": 0.4, ""classifier_hidden"": 64, ""latent_dim"": 64, ""tcn_channels"": 64, ""tcn_dilation_base"": 2, ""tcn_dropout"": 0.08, ""tcn_kernel"": 3, ""tcn_layers"": 2}"
stage3,s3_s2_s1_l4_o3_c0_r4,s3_s2_s1_l4_o3_c0_r4,val_macro_f1,14,80,128,2.0,0.8,1.3,0.0,0.00025,0.0002,0.08,,,64,0.4,0.1,,2,/home/huang_kai/wind_turbine_phm/PHOENIX-main/autoencoder_benchmark/ablation_experiments/h1/results/comparison_18d_baselines/teacher_student_reference/student_h1_strict_valf1_20260522/stage3/s3_s2_s1_l4_o3_c0_r4,9,success,distill_tcn_attn_weld_seam_windows_ws5_tf75_pg0_h1_ep80_lr0.00025_bs128_T2.0_lce0.8_lkd1.3_lf0.0_seed14,/home/huang_kai/wind_turbine_phm/PHOENIX-main/autoencoder_benchmark/ablation_experiments/h1/results/comparison_18d_baselines/teacher_student_reference/student_h1_strict_valf1_20260522/stage3/s3_s2_s1_l4_o3_c0_r4/distill_tcn_attn_weld_seam_windows_ws5_tf75_pg0_h1_ep80_lr0.00025_bs128_T2.0_lce0.8_lkd1.3_lf0.0_seed14,11.12,1,/home/huang_kai/wind_turbine_phm/PHOENIX-main/autoencoder_benchmark/outputs/teacher_h1_forecast_95/manifests/best_teacher_h1.json,"/usr/bin/python /home/huang_kai/wind_turbine_phm/PHOENIX-main/autoencoder_benchmark/train_distill_single_tcn_student.py --dataset-npz /home/huang_kai/wind_turbine_phm/PHOENIX-main/autoencoder_benchmark/Data/processed_data/weld_seam_windows_ws5_tf75_pg0_h1.npz --teacher-ckpt /home/huang_kai/wind_turbine_phm/PHOENIX-main/autoencoder_benchmark/outputs/teacher_h1_forecast_95/runs/single_tcn_attn_weld_seam_windows_ws5_tf75_pg0_h1_ep80_lr0.0003_bs128_k3_l2_d0.1_lat64_wd0.0005_seed183/best_single_tcn.pth --teacher-run-args /home/huang_kai/wind_turbine_phm/PHOENIX-main/autoencoder_benchmark/outputs/teacher_h1_forecast_95/runs/single_tcn_attn_weld_seam_windows_ws5_tf75_pg0_h1_ep80_lr0.0003_bs128_k3_l2_d0.1_lat64_wd0.0005_seed183/run_args.json --output-dir /home/huang_kai/wind_turbine_phm/PHOENIX-main/autoencoder_benchmark/ablation_experiments/h1/results/comparison_18d_baselines/teacher_student_reference/student_h1_strict_valf1_20260522/stage3/s3_s2_s1_l4_o3_c0_r4 --drop-feature-indices 3,4,5,6,7 --epochs 80 --batch-size 128 --lr 0.00025 --weight-decay 0.0002 --seed 14 --class-weights auto --weighted-sampler --val-ratio 0.15 --early-stop-patience 16 --min-epochs 12 --checkpoint-metric val_macro_f1 --temperature 2.0 --lambda-ce 0.8 --lambda-kd 1.3 --lambda-feat 0.0 --student-tcn-dropout 0.08 --student-classifier-hidden 64 --student-classifier-dropout 0.4 --student-attn-dropout 0.1 --student-tcn-dilation-base 2",/home/huang_kai/wind_turbine_phm/PHOENIX-main/autoencoder_benchmark/ablation_experiments/h1/reports/comparison_18d_baselines/teacher_student_reference/student_h1_strict_valf1_20260522/logs/stage3_s3_s2_s1_l4_o3_c0_r4_seed14.log,1.0,0.823,0.747726,0.9017000000000001,9,1.0,"{""attn_dropout"": 0.1, ""attn_ff_dim"": 128, ""attn_heads"": 4, ""classifier_dropout"": 0.4, ""classifier_hidden"": 64, ""latent_dim"": 64, ""tcn_channels"": 64, ""tcn_dilation_base"": 2, ""tcn_dropout"": 0.08, ""tcn_kernel"": 3, ""tcn_layers"": 2}"
stage3,s3_s2_s1_l4_o3_c0_r5,s3_s2_s1_l4_o3_c0_r5,val_macro_f1,14,80,128,2.0,0.9,1.2000000000000002,0.1,0.00025,0.0002,0.08,,,64,0.4,0.1,,2,/home/huang_kai/wind_turbine_phm/PHOENIX-main/autoencoder_benchmark/ablation_experiments/h1/results/comparison_18d_baselines/teacher_student_reference/student_h1_strict_valf1_20260522/stage3/s3_s2_s1_l4_o3_c0_r5,10,success,distill_tcn_attn_weld_seam_windows_ws5_tf75_pg0_h1_ep80_lr0.00025_bs128_T2.0_lce0.9_lkd1.2000000000000002_lf0.1_seed14,/home/huang_kai/wind_turbine_phm/PHOENIX-main/autoencoder_benchmark/ablation_experiments/h1/results/comparison_18d_baselines/teacher_student_reference/student_h1_strict_valf1_20260522/stage3/s3_s2_s1_l4_o3_c0_r5/distill_tcn_attn_weld_seam_windows_ws5_tf75_pg0_h1_ep80_lr0.00025_bs128_T2.0_lce0.9_lkd1.2000000000000002_lf0.1_seed14,12.15,1,/home/huang_kai/wind_turbine_phm/PHOENIX-main/autoencoder_benchmark/outputs/teacher_h1_forecast_95/manifests/best_teacher_h1.json,"/usr/bin/python /home/huang_kai/wind_turbine_phm/PHOENIX-main/autoencoder_benchmark/train_distill_single_tcn_student.py --dataset-npz /home/huang_kai/wind_turbine_phm/PHOENIX-main/autoencoder_benchmark/Data/processed_data/weld_seam_windows_ws5_tf75_pg0_h1.npz --teacher-ckpt /home/huang_kai/wind_turbine_phm/PHOENIX-main/autoencoder_benchmark/outputs/teacher_h1_forecast_95/runs/single_tcn_attn_weld_seam_windows_ws5_tf75_pg0_h1_ep80_lr0.0003_bs128_k3_l2_d0.1_lat64_wd0.0005_seed183/best_single_tcn.pth --teacher-run-args /home/huang_kai/wind_turbine_phm/PHOENIX-main/autoencoder_benchmark/outputs/teacher_h1_forecast_95/runs/single_tcn_attn_weld_seam_windows_ws5_tf75_pg0_h1_ep80_lr0.0003_bs128_k3_l2_d0.1_lat64_wd0.0005_seed183/run_args.json --output-dir /home/huang_kai/wind_turbine_phm/PHOENIX-main/autoencoder_benchmark/ablation_experiments/h1/results/comparison_18d_baselines/teacher_student_reference/student_h1_strict_valf1_20260522/stage3/s3_s2_s1_l4_o3_c0_r5 --drop-feature-indices 3,4,5,6,7 --epochs 80 --batch-size 128 --lr 0.00025 --weight-decay 0.0002 --seed 14 --class-weights auto --weighted-sampler --val-ratio 0.15 --early-stop-patience 16 --min-epochs 12 --checkpoint-metric val_macro_f1 --temperature 2.0 --lambda-ce 0.9 --lambda-kd 1.2000000000000002 --lambda-feat 0.1 --student-tcn-dropout 0.08 --student-classifier-hidden 64 --student-classifier-dropout 0.4 --student-attn-dropout 0.1 --student-tcn-dilation-base 2",/home/huang_kai/wind_turbine_phm/PHOENIX-main/autoencoder_benchmark/ablation_experiments/h1/reports/comparison_18d_baselines/teacher_student_reference/student_h1_strict_valf1_20260522/logs/stage3_s3_s2_s1_l4_o3_c0_r5_seed14.log,1.0,0.7612000000000001,0.654685,0.8904000000000001,13,1.0,"{""attn_dropout"": 0.1, ""attn_ff_dim"": 128, ""attn_heads"": 4, ""classifier_dropout"": 0.4, ""classifier_hidden"": 64, ""latent_dim"": 64, ""tcn_channels"": 64, ""tcn_dilation_base"": 2, ""tcn_dropout"": 0.08, ""tcn_kernel"": 3, ""tcn_layers"": 2}"
stage3,s3_s2_s1_l1_o1_c0_r1,s3_s2_s1_l1_o1_c0_r1,val_macro_f1,14,80,128,2.5,1.0,1.0,0.1,0.0001,0.00015,0.05,,,64,0.4,0.1,,2,/home/huang_kai/wind_turbine_phm/PHOENIX-main/autoencoder_benchmark/ablation_experiments/h1/results/comparison_18d_baselines/teacher_student_reference/student_h1_strict_valf1_20260522/stage3/s3_s2_s1_l1_o1_c0_r1,11,success,distill_tcn_attn_weld_seam_windows_ws5_tf75_pg0_h1_ep80_lr0.0001_bs128_T2.5_lce1.0_lkd1.0_lf0.1_seed14,/home/huang_kai/wind_turbine_phm/PHOENIX-main/autoencoder_benchmark/ablation_experiments/h1/results/comparison_18d_baselines/teacher_student_reference/student_h1_strict_valf1_20260522/stage3/s3_s2_s1_l1_o1_c0_r1/distill_tcn_attn_weld_seam_windows_ws5_tf75_pg0_h1_ep80_lr0.0001_bs128_T2.5_lce1.0_lkd1.0_lf0.1_seed14,15.33,1,/home/huang_kai/wind_turbine_phm/PHOENIX-main/autoencoder_benchmark/outputs/teacher_h1_forecast_95/manifests/best_teacher_h1.json,"/usr/bin/python /home/huang_kai/wind_turbine_phm/PHOENIX-main/autoencoder_benchmark/train_distill_single_tcn_student.py --dataset-npz /home/huang_kai/wind_turbine_phm/PHOENIX-main/autoencoder_benchmark/Data/processed_data/weld_seam_windows_ws5_tf75_pg0_h1.npz --teacher-ckpt /home/huang_kai/wind_turbine_phm/PHOENIX-main/autoencoder_benchmark/outputs/teacher_h1_forecast_95/runs/single_tcn_attn_weld_seam_windows_ws5_tf75_pg0_h1_ep80_lr0.0003_bs128_k3_l2_d0.1_lat64_wd0.0005_seed183/best_single_tcn.pth --teacher-run-args /home/huang_kai/wind_turbine_phm/PHOENIX-main/autoencoder_benchmark/outputs/teacher_h1_forecast_95/runs/single_tcn_attn_weld_seam_windows_ws5_tf75_pg0_h1_ep80_lr0.0003_bs128_k3_l2_d0.1_lat64_wd0.0005_seed183/run_args.json --output-dir /home/huang_kai/wind_turbine_phm/PHOENIX-main/autoencoder_benchmark/ablation_experiments/h1/results/comparison_18d_baselines/teacher_student_reference/student_h1_strict_valf1_20260522/stage3/s3_s2_s1_l1_o1_c0_r1 --drop-feature-indices 3,4,5,6,7 --epochs 80 --batch-size 128 --lr 0.0001 --weight-decay 0.00015 --seed 14 --class-weights auto --weighted-sampler --val-ratio 0.15 --early-stop-patience 16 --min-epochs 12 --checkpoint-metric val_macro_f1 --temperature 2.5 --lambda-ce 1.0 --lambda-kd 1.0 --lambda-feat 0.1 --student-tcn-dropout 0.05 --student-classifier-hidden 64 --student-classifier-dropout 0.4 --student-attn-dropout 0.1 --student-tcn-dilation-base 2",/home/huang_kai/wind_turbine_phm/PHOENIX-main/autoencoder_benchmark/ablation_experiments/h1/reports/comparison_18d_baselines/teacher_student_reference/student_h1_strict_valf1_20260522/logs/stage3_s3_s2_s1_l1_o1_c0_r1_seed14.log,1.0,0.7725,0.654604,0.8736,27,1.0,"{""attn_dropout"": 0.1, ""attn_ff_dim"": 128, ""attn_heads"": 4, ""classifier_dropout"": 0.4, ""classifier_hidden"": 64, ""latent_dim"": 64, ""tcn_channels"": 64, ""tcn_dilation_base"": 2, ""tcn_dropout"": 0.05, ""tcn_kernel"": 3, ""tcn_layers"": 2}"
stage3,s3_s2_s1_l1_o1_c0_r2,s3_s2_s1_l1_o1_c0_r2,val_macro_f1,14,80,128,2.5,1.0,1.0,0.1,0.00019999999999999998,0.00015,0.05,,,64,0.4,0.1,,2,/home/huang_kai/wind_turbine_phm/PHOENIX-main/autoencoder_benchmark/ablation_experiments/h1/results/comparison_18d_baselines/teacher_student_reference/student_h1_strict_valf1_20260522/stage3/s3_s2_s1_l1_o1_c0_r2,12,success,distill_tcn_attn_weld_seam_windows_ws5_tf75_pg0_h1_ep80_lr0.00019999999999999998_bs128_T2.5_lce1.0_lkd1.0_lf0.1_seed14,/home/huang_kai/wind_turbine_phm/PHOENIX-main/autoencoder_benchmark/ablation_experiments/h1/results/comparison_18d_baselines/teacher_student_reference/student_h1_strict_valf1_20260522/stage3/s3_s2_s1_l1_o1_c0_r2/distill_tcn_attn_weld_seam_windows_ws5_tf75_pg0_h1_ep80_lr0.00019999999999999998_bs128_T2.5_lce1.0_lkd1.0_lf0.1_seed14,11.45,1,/home/huang_kai/wind_turbine_phm/PHOENIX-main/autoencoder_benchmark/outputs/teacher_h1_forecast_95/manifests/best_teacher_h1.json,"/usr/bin/python /home/huang_kai/wind_turbine_phm/PHOENIX-main/autoencoder_benchmark/train_distill_single_tcn_student.py --dataset-npz /home/huang_kai/wind_turbine_phm/PHOENIX-main/autoencoder_benchmark/Data/processed_data/weld_seam_windows_ws5_tf75_pg0_h1.npz --teacher-ckpt /home/huang_kai/wind_turbine_phm/PHOENIX-main/autoencoder_benchmark/outputs/teacher_h1_forecast_95/runs/single_tcn_attn_weld_seam_windows_ws5_tf75_pg0_h1_ep80_lr0.0003_bs128_k3_l2_d0.1_lat64_wd0.0005_seed183/best_single_tcn.pth --teacher-run-args /home/huang_kai/wind_turbine_phm/PHOENIX-main/autoencoder_benchmark/outputs/teacher_h1_forecast_95/runs/single_tcn_attn_weld_seam_windows_ws5_tf75_pg0_h1_ep80_lr0.0003_bs128_k3_l2_d0.1_lat64_wd0.0005_seed183/run_args.json --output-dir /home/huang_kai/wind_turbine_phm/PHOENIX-main/autoencoder_benchmark/ablation_experiments/h1/results/comparison_18d_baselines/teacher_student_reference/student_h1_strict_valf1_20260522/stage3/s3_s2_s1_l1_o1_c0_r2 --drop-feature-indices 3,4,5,6,7 --epochs 80 --batch-size 128 --lr 0.00019999999999999998 --weight-decay 0.00015 --seed 14 --class-weights auto --weighted-sampler --val-ratio 0.15 --early-stop-patience 16 --min-epochs 12 --checkpoint-metric val_macro_f1 --temperature 2.5 --lambda-ce 1.0 --lambda-kd 1.0 --lambda-feat 0.1 --student-tcn-dropout 0.05 --student-classifier-hidden 64 --student-classifier-dropout 0.4 --student-attn-dropout 0.1 --student-tcn-dilation-base 2",/home/huang_kai/wind_turbine_phm/PHOENIX-main/autoencoder_benchmark/ablation_experiments/h1/reports/comparison_18d_baselines/teacher_student_reference/student_h1_strict_valf1_20260522/logs/stage3_s3_s2_s1_l1_o1_c0_r2_seed14.log,1.0,0.7753,0.670274,0.8933,13,1.0,"{""attn_dropout"": 0.1, ""attn_ff_dim"": 128, ""attn_heads"": 4, ""classifier_dropout"": 0.4, ""classifier_hidden"": 64, ""latent_dim"": 64, ""tcn_channels"": 64, ""tcn_dilation_base"": 2, ""tcn_dropout"": 0.05, ""tcn_kernel"": 3, ""tcn_layers"": 2}"
stage3,s3_s2_s1_l1_o1_c0_r3,s3_s2_s1_l1_o1_c0_r3,val_macro_f1,14,80,128,3.0,1.0,1.0,0.1,0.00015,0.00015,0.05,,,64,0.4,0.1,,2,/home/huang_kai/wind_turbine_phm/PHOENIX-main/autoencoder_benchmark/ablation_experiments/h1/results/comparison_18d_baselines/teacher_student_reference/student_h1_strict_valf1_20260522/stage3/s3_s2_s1_l1_o1_c0_r3,13,success,distill_tcn_attn_weld_seam_windows_ws5_tf75_pg0_h1_ep80_lr0.00015_bs128_T3.0_lce1.0_lkd1.0_lf0.1_seed14,/home/huang_kai/wind_turbine_phm/PHOENIX-main/autoencoder_benchmark/ablation_experiments/h1/results/comparison_18d_baselines/teacher_student_reference/student_h1_strict_valf1_20260522/stage3/s3_s2_s1_l1_o1_c0_r3/distill_tcn_attn_weld_seam_windows_ws5_tf75_pg0_h1_ep80_lr0.00015_bs128_T3.0_lce1.0_lkd1.0_lf0.1_seed14,11.86,1,/home/huang_kai/wind_turbine_phm/PHOENIX-main/autoencoder_benchmark/outputs/teacher_h1_forecast_95/manifests/best_teacher_h1.json,"/usr/bin/python /home/huang_kai/wind_turbine_phm/PHOENIX-main/autoencoder_benchmark/train_distill_single_tcn_student.py --dataset-npz /home/huang_kai/wind_turbine_phm/PHOENIX-main/autoencoder_benchmark/Data/processed_data/weld_seam_windows_ws5_tf75_pg0_h1.npz --teacher-ckpt /home/huang_kai/wind_turbine_phm/PHOENIX-main/autoencoder_benchmark/outputs/teacher_h1_forecast_95/runs/single_tcn_attn_weld_seam_windows_ws5_tf75_pg0_h1_ep80_lr0.0003_bs128_k3_l2_d0.1_lat64_wd0.0005_seed183/best_single_tcn.pth --teacher-run-args /home/huang_kai/wind_turbine_phm/PHOENIX-main/autoencoder_benchmark/outputs/teacher_h1_forecast_95/runs/single_tcn_attn_weld_seam_windows_ws5_tf75_pg0_h1_ep80_lr0.0003_bs128_k3_l2_d0.1_lat64_wd0.0005_seed183/run_args.json --output-dir /home/huang_kai/wind_turbine_phm/PHOENIX-main/autoencoder_benchmark/ablation_experiments/h1/results/comparison_18d_baselines/teacher_student_reference/student_h1_strict_valf1_20260522/stage3/s3_s2_s1_l1_o1_c0_r3 --drop-feature-indices 3,4,5,6,7 --epochs 80 --batch-size 128 --lr 0.00015 --weight-decay 0.00015 --seed 14 --class-weights auto --weighted-sampler --val-ratio 0.15 --early-stop-patience 16 --min-epochs 12 --checkpoint-metric val_macro_f1 --temperature 3.0 --lambda-ce 1.0 --lambda-kd 1.0 --lambda-feat 0.1 --student-tcn-dropout 0.05 --student-classifier-hidden 64 --student-classifier-dropout 0.4 --student-attn-dropout 0.1 --student-tcn-dilation-base 2",/home/huang_kai/wind_turbine_phm/PHOENIX-main/autoencoder_benchmark/ablation_experiments/h1/reports/comparison_18d_baselines/teacher_student_reference/student_h1_strict_valf1_20260522/logs/stage3_s3_s2_s1_l1_o1_c0_r3_seed14.log,1.0,0.8173999999999999,0.739403,0.9073,14,1.0,"{""attn_dropout"": 0.1, ""attn_ff_dim"": 128, ""attn_heads"": 4, ""classifier_dropout"": 0.4, ""classifier_hidden"": 64, ""latent_dim"": 64, ""tcn_channels"": 64, ""tcn_dilation_base"": 2, ""tcn_dropout"": 0.05, ""tcn_kernel"": 3, ""tcn_layers"": 2}"
stage3,s3_s2_s1_l1_o1_c0_r4,s3_s2_s1_l1_o1_c0_r4,val_macro_f1,14,80,128,2.5,0.9,1.2,0.1,0.00015,0.00015,0.05,,,64,0.4,0.1,,2,/home/huang_kai/wind_turbine_phm/PHOENIX-main/autoencoder_benchmark/ablation_experiments/h1/results/comparison_18d_baselines/teacher_student_reference/student_h1_strict_valf1_20260522/stage3/s3_s2_s1_l1_o1_c0_r4,14,success,distill_tcn_attn_weld_seam_windows_ws5_tf75_pg0_h1_ep80_lr0.00015_bs128_T2.5_lce0.9_lkd1.2_lf0.1_seed14,/home/huang_kai/wind_turbine_phm/PHOENIX-main/autoencoder_benchmark/ablation_experiments/h1/results/comparison_18d_baselines/teacher_student_reference/student_h1_strict_valf1_20260522/stage3/s3_s2_s1_l1_o1_c0_r4/distill_tcn_attn_weld_seam_windows_ws5_tf75_pg0_h1_ep80_lr0.00015_bs128_T2.5_lce0.9_lkd1.2_lf0.1_seed14,11.73,1,/home/huang_kai/wind_turbine_phm/PHOENIX-main/autoencoder_benchmark/outputs/teacher_h1_forecast_95/manifests/best_teacher_h1.json,"/usr/bin/python /home/huang_kai/wind_turbine_phm/PHOENIX-main/autoencoder_benchmark/train_distill_single_tcn_student.py --dataset-npz /home/huang_kai/wind_turbine_phm/PHOENIX-main/autoencoder_benchmark/Data/processed_data/weld_seam_windows_ws5_tf75_pg0_h1.npz --teacher-ckpt /home/huang_kai/wind_turbine_phm/PHOENIX-main/autoencoder_benchmark/outputs/teacher_h1_forecast_95/runs/single_tcn_attn_weld_seam_windows_ws5_tf75_pg0_h1_ep80_lr0.0003_bs128_k3_l2_d0.1_lat64_wd0.0005_seed183/best_single_tcn.pth --teacher-run-args /home/huang_kai/wind_turbine_phm/PHOENIX-main/autoencoder_benchmark/outputs/teacher_h1_forecast_95/runs/single_tcn_attn_weld_seam_windows_ws5_tf75_pg0_h1_ep80_lr0.0003_bs128_k3_l2_d0.1_lat64_wd0.0005_seed183/run_args.json --output-dir /home/huang_kai/wind_turbine_phm/PHOENIX-main/autoencoder_benchmark/ablation_experiments/h1/results/comparison_18d_baselines/teacher_student_reference/student_h1_strict_valf1_20260522/stage3/s3_s2_s1_l1_o1_c0_r4 --drop-feature-indices 3,4,5,6,7 --epochs 80 --batch-size 128 --lr 0.00015 --weight-decay 0.00015 --seed 14 --class-weights auto --weighted-sampler --val-ratio 0.15 --early-stop-patience 16 --min-epochs 12 --checkpoint-metric val_macro_f1 --temperature 2.5 --lambda-ce 0.9 --lambda-kd 1.2 --lambda-feat 0.1 --student-tcn-dropout 0.05 --student-classifier-hidden 64 --student-classifier-dropout 0.4 --student-attn-dropout 0.1 --student-tcn-dilation-base 2",/home/huang_kai/wind_turbine_phm/PHOENIX-main/autoencoder_benchmark/ablation_experiments/h1/reports/comparison_18d_baselines/teacher_student_reference/student_h1_strict_valf1_20260522/logs/stage3_s3_s2_s1_l1_o1_c0_r4_seed14.log,1.0,0.8146,0.736384,0.9045000000000001,14,1.0,"{""attn_dropout"": 0.1, ""attn_ff_dim"": 128, ""attn_heads"": 4, ""classifier_dropout"": 0.4, ""classifier_hidden"": 64, ""latent_dim"": 64, ""tcn_channels"": 64, ""tcn_dilation_base"": 2, ""tcn_dropout"": 0.05, ""tcn_kernel"": 3, ""tcn_layers"": 2}"
stage3,s3_s2_s1_l1_o1_c0_r5,s3_s2_s1_l1_o1_c0_r5,val_macro_f1,14,80,128,2.5,1.0,1.1,0.2,0.00015,0.00015,0.05,,,64,0.4,0.1,,2,/home/huang_kai/wind_turbine_phm/PHOENIX-main/autoencoder_benchmark/ablation_experiments/h1/results/comparison_18d_baselines/teacher_student_reference/student_h1_strict_valf1_20260522/stage3/s3_s2_s1_l1_o1_c0_r5,15,success,distill_tcn_attn_weld_seam_windows_ws5_tf75_pg0_h1_ep80_lr0.00015_bs128_T2.5_lce1.0_lkd1.1_lf0.2_seed14,/home/huang_kai/wind_turbine_phm/PHOENIX-main/autoencoder_benchmark/ablation_experiments/h1/results/comparison_18d_baselines/teacher_student_reference/student_h1_strict_valf1_20260522/stage3/s3_s2_s1_l1_o1_c0_r5/distill_tcn_attn_weld_seam_windows_ws5_tf75_pg0_h1_ep80_lr0.00015_bs128_T2.5_lce1.0_lkd1.1_lf0.2_seed14,12.58,1,/home/huang_kai/wind_turbine_phm/PHOENIX-main/autoencoder_benchmark/outputs/teacher_h1_forecast_95/manifests/best_teacher_h1.json,"/usr/bin/python /home/huang_kai/wind_turbine_phm/PHOENIX-main/autoencoder_benchmark/train_distill_single_tcn_student.py --dataset-npz /home/huang_kai/wind_turbine_phm/PHOENIX-main/autoencoder_benchmark/Data/processed_data/weld_seam_windows_ws5_tf75_pg0_h1.npz --teacher-ckpt /home/huang_kai/wind_turbine_phm/PHOENIX-main/autoencoder_benchmark/outputs/teacher_h1_forecast_95/runs/single_tcn_attn_weld_seam_windows_ws5_tf75_pg0_h1_ep80_lr0.0003_bs128_k3_l2_d0.1_lat64_wd0.0005_seed183/best_single_tcn.pth --teacher-run-args /home/huang_kai/wind_turbine_phm/PHOENIX-main/autoencoder_benchmark/outputs/teacher_h1_forecast_95/runs/single_tcn_attn_weld_seam_windows_ws5_tf75_pg0_h1_ep80_lr0.0003_bs128_k3_l2_d0.1_lat64_wd0.0005_seed183/run_args.json --output-dir /home/huang_kai/wind_turbine_phm/PHOENIX-main/autoencoder_benchmark/ablation_experiments/h1/results/comparison_18d_baselines/teacher_student_reference/student_h1_strict_valf1_20260522/stage3/s3_s2_s1_l1_o1_c0_r5 --drop-feature-indices 3,4,5,6,7 --epochs 80 --batch-size 128 --lr 0.00015 --weight-decay 0.00015 --seed 14 --class-weights auto --weighted-sampler --val-ratio 0.15 --early-stop-patience 16 --min-epochs 12 --checkpoint-metric val_macro_f1 --temperature 2.5 --lambda-ce 1.0 --lambda-kd 1.1 --lambda-feat 0.2 --student-tcn-dropout 0.05 --student-classifier-hidden 64 --student-classifier-dropout 0.4 --student-attn-dropout 0.1 --student-tcn-dilation-base 2",/home/huang_kai/wind_turbine_phm/PHOENIX-main/autoencoder_benchmark/ablation_experiments/h1/reports/comparison_18d_baselines/teacher_student_reference/student_h1_strict_valf1_20260522/logs/stage3_s3_s2_s1_l1_o1_c0_r5_seed14.log,1.0,0.8146,0.734022,0.9045000000000001,14,1.0,"{""attn_dropout"": 0.1, ""attn_ff_dim"": 128, ""attn_heads"": 4, ""classifier_dropout"": 0.4, ""classifier_hidden"": 64, ""latent_dim"": 64, ""tcn_channels"": 64, ""tcn_dilation_base"": 2, ""tcn_dropout"": 0.05, ""tcn_kernel"": 3, ""tcn_layers"": 2}"
stage3,s3_s2_s1_l4_o1_c2_r1,s3_s2_s1_l4_o1_c2_r1,val_macro_f1,14,80,128,2.0,0.9,1.1,0.0,0.0001,0.00015,0.12,,,64,0.4,0.1,,2,/home/huang_kai/wind_turbine_phm/PHOENIX-main/autoencoder_benchmark/ablation_experiments/h1/results/comparison_18d_baselines/teacher_student_reference/student_h1_strict_valf1_20260522/stage3/s3_s2_s1_l4_o1_c2_r1,16,success,distill_tcn_attn_weld_seam_windows_ws5_tf75_pg0_h1_ep80_lr0.0001_bs128_T2.0_lce0.9_lkd1.1_lf0.0_seed14,/home/huang_kai/wind_turbine_phm/PHOENIX-main/autoencoder_benchmark/ablation_experiments/h1/results/comparison_18d_baselines/teacher_student_reference/student_h1_strict_valf1_20260522/stage3/s3_s2_s1_l4_o1_c2_r1/distill_tcn_attn_weld_seam_windows_ws5_tf75_pg0_h1_ep80_lr0.0001_bs128_T2.0_lce0.9_lkd1.1_lf0.0_seed14,14.07,1,/home/huang_kai/wind_turbine_phm/PHOENIX-main/autoencoder_benchmark/outputs/teacher_h1_forecast_95/manifests/best_teacher_h1.json,"/usr/bin/python /home/huang_kai/wind_turbine_phm/PHOENIX-main/autoencoder_benchmark/train_distill_single_tcn_student.py --dataset-npz /home/huang_kai/wind_turbine_phm/PHOENIX-main/autoencoder_benchmark/Data/processed_data/weld_seam_windows_ws5_tf75_pg0_h1.npz --teacher-ckpt /home/huang_kai/wind_turbine_phm/PHOENIX-main/autoencoder_benchmark/outputs/teacher_h1_forecast_95/runs/single_tcn_attn_weld_seam_windows_ws5_tf75_pg0_h1_ep80_lr0.0003_bs128_k3_l2_d0.1_lat64_wd0.0005_seed183/best_single_tcn.pth --teacher-run-args /home/huang_kai/wind_turbine_phm/PHOENIX-main/autoencoder_benchmark/outputs/teacher_h1_forecast_95/runs/single_tcn_attn_weld_seam_windows_ws5_tf75_pg0_h1_ep80_lr0.0003_bs128_k3_l2_d0.1_lat64_wd0.0005_seed183/run_args.json --output-dir /home/huang_kai/wind_turbine_phm/PHOENIX-main/autoencoder_benchmark/ablation_experiments/h1/results/comparison_18d_baselines/teacher_student_reference/student_h1_strict_valf1_20260522/stage3/s3_s2_s1_l4_o1_c2_r1 --drop-feature-indices 3,4,5,6,7 --epochs 80 --batch-size 128 --lr 0.0001 --weight-decay 0.00015 --seed 14 --class-weights auto --weighted-sampler --val-ratio 0.15 --early-stop-patience 16 --min-epochs 12 --checkpoint-metric val_macro_f1 --temperature 2.0 --lambda-ce 0.9 --lambda-kd 1.1 --lambda-feat 0.0 --student-tcn-dropout 0.12 --student-classifier-hidden 64 --student-classifier-dropout 0.4 --student-attn-dropout 0.1 --student-tcn-dilation-base 2",/home/huang_kai/wind_turbine_phm/PHOENIX-main/autoencoder_benchmark/ablation_experiments/h1/reports/comparison_18d_baselines/teacher_student_reference/student_h1_strict_valf1_20260522/logs/stage3_s3_s2_s1_l4_o1_c2_r1_seed14.log,1.0,0.8427,0.785171,0.9101,21,1.0,"{""attn_dropout"": 0.1, ""attn_ff_dim"": 128, ""attn_heads"": 4, ""classifier_dropout"": 0.4, ""classifier_hidden"": 64, ""latent_dim"": 64, ""tcn_channels"": 64, ""tcn_dilation_base"": 2, ""tcn_dropout"": 0.12, ""tcn_kernel"": 3, ""tcn_layers"": 2}"
stage3,s3_s2_s1_l4_o1_c2_r2,s3_s2_s1_l4_o1_c2_r2,val_macro_f1,14,80,128,2.0,0.9,1.1,0.0,0.00019999999999999998,0.00015,0.12,,,64,0.4,0.1,,2,/home/huang_kai/wind_turbine_phm/PHOENIX-main/autoencoder_benchmark/ablation_experiments/h1/results/comparison_18d_baselines/teacher_student_reference/student_h1_strict_valf1_20260522/stage3/s3_s2_s1_l4_o1_c2_r2,17,success,distill_tcn_attn_weld_seam_windows_ws5_tf75_pg0_h1_ep80_lr0.00019999999999999998_bs128_T2.0_lce0.9_lkd1.1_lf0.0_seed14,/home/huang_kai/wind_turbine_phm/PHOENIX-main/autoencoder_benchmark/ablation_experiments/h1/results/comparison_18d_baselines/teacher_student_reference/student_h1_strict_valf1_20260522/stage3/s3_s2_s1_l4_o1_c2_r2/distill_tcn_attn_weld_seam_windows_ws5_tf75_pg0_h1_ep80_lr0.00019999999999999998_bs128_T2.0_lce0.9_lkd1.1_lf0.0_seed14,10.91,1,/home/huang_kai/wind_turbine_phm/PHOENIX-main/autoencoder_benchmark/outputs/teacher_h1_forecast_95/manifests/best_teacher_h1.json,"/usr/bin/python /home/huang_kai/wind_turbine_phm/PHOENIX-main/autoencoder_benchmark/train_distill_single_tcn_student.py --dataset-npz /home/huang_kai/wind_turbine_phm/PHOENIX-main/autoencoder_benchmark/Data/processed_data/weld_seam_windows_ws5_tf75_pg0_h1.npz --teacher-ckpt /home/huang_kai/wind_turbine_phm/PHOENIX-main/autoencoder_benchmark/outputs/teacher_h1_forecast_95/runs/single_tcn_attn_weld_seam_windows_ws5_tf75_pg0_h1_ep80_lr0.0003_bs128_k3_l2_d0.1_lat64_wd0.0005_seed183/best_single_tcn.pth --teacher-run-args /home/huang_kai/wind_turbine_phm/PHOENIX-main/autoencoder_benchmark/outputs/teacher_h1_forecast_95/runs/single_tcn_attn_weld_seam_windows_ws5_tf75_pg0_h1_ep80_lr0.0003_bs128_k3_l2_d0.1_lat64_wd0.0005_seed183/run_args.json --output-dir /home/huang_kai/wind_turbine_phm/PHOENIX-main/autoencoder_benchmark/ablation_experiments/h1/results/comparison_18d_baselines/teacher_student_reference/student_h1_strict_valf1_20260522/stage3/s3_s2_s1_l4_o1_c2_r2 --drop-feature-indices 3,4,5,6,7 --epochs 80 --batch-size 128 --lr 0.00019999999999999998 --weight-decay 0.00015 --seed 14 --class-weights auto --weighted-sampler --val-ratio 0.15 --early-stop-patience 16 --min-epochs 12 --checkpoint-metric val_macro_f1 --temperature 2.0 --lambda-ce 0.9 --lambda-kd 1.1 --lambda-feat 0.0 --student-tcn-dropout 0.12 --student-classifier-hidden 64 --student-classifier-dropout 0.4 --student-attn-dropout 0.1 --student-tcn-dilation-base 2",/home/huang_kai/wind_turbine_phm/PHOENIX-main/autoencoder_benchmark/ablation_experiments/h1/reports/comparison_18d_baselines/teacher_student_reference/student_h1_strict_valf1_20260522/logs/stage3_s3_s2_s1_l4_o1_c2_r2_seed14.log,1.0,0.7837000000000001,0.692964,0.9017000000000001,13,1.0,"{""attn_dropout"": 0.1, ""attn_ff_dim"": 128, ""attn_heads"": 4, ""classifier_dropout"": 0.4, ""classifier_hidden"": 64, ""latent_dim"": 64, ""tcn_channels"": 64, ""tcn_dilation_base"": 2, ""tcn_dropout"": 0.12, ""tcn_kernel"": 3, ""tcn_layers"": 2}"
stage3,s3_s2_s1_l4_o1_c2_r3,s3_s2_s1_l4_o1_c2_r3,val_macro_f1,14,80,128,2.5,0.9,1.1,0.0,0.00015,0.00015,0.12,,,64,0.4,0.1,,2,/home/huang_kai/wind_turbine_phm/PHOENIX-main/autoencoder_benchmark/ablation_experiments/h1/results/comparison_18d_baselines/teacher_student_reference/student_h1_strict_valf1_20260522/stage3/s3_s2_s1_l4_o1_c2_r3,18,success,distill_tcn_attn_weld_seam_windows_ws5_tf75_pg0_h1_ep80_lr0.00015_bs128_T2.5_lce0.9_lkd1.1_lf0.0_seed14,/home/huang_kai/wind_turbine_phm/PHOENIX-main/autoencoder_benchmark/ablation_experiments/h1/results/comparison_18d_baselines/teacher_student_reference/student_h1_strict_valf1_20260522/stage3/s3_s2_s1_l4_o1_c2_r3/distill_tcn_attn_weld_seam_windows_ws5_tf75_pg0_h1_ep80_lr0.00015_bs128_T2.5_lce0.9_lkd1.1_lf0.0_seed14,12.16,1,/home/huang_kai/wind_turbine_phm/PHOENIX-main/autoencoder_benchmark/outputs/teacher_h1_forecast_95/manifests/best_teacher_h1.json,"/usr/bin/python /home/huang_kai/wind_turbine_phm/PHOENIX-main/autoencoder_benchmark/train_distill_single_tcn_student.py --dataset-npz /home/huang_kai/wind_turbine_phm/PHOENIX-main/autoencoder_benchmark/Data/processed_data/weld_seam_windows_ws5_tf75_pg0_h1.npz --teacher-ckpt /home/huang_kai/wind_turbine_phm/PHOENIX-main/autoencoder_benchmark/outputs/teacher_h1_forecast_95/runs/single_tcn_attn_weld_seam_windows_ws5_tf75_pg0_h1_ep80_lr0.0003_bs128_k3_l2_d0.1_lat64_wd0.0005_seed183/best_single_tcn.pth --teacher-run-args /home/huang_kai/wind_turbine_phm/PHOENIX-main/autoencoder_benchmark/outputs/teacher_h1_forecast_95/runs/single_tcn_attn_weld_seam_windows_ws5_tf75_pg0_h1_ep80_lr0.0003_bs128_k3_l2_d0.1_lat64_wd0.0005_seed183/run_args.json --output-dir /home/huang_kai/wind_turbine_phm/PHOENIX-main/autoencoder_benchmark/ablation_experiments/h1/results/comparison_18d_baselines/teacher_student_reference/student_h1_strict_valf1_20260522/stage3/s3_s2_s1_l4_o1_c2_r3 --drop-feature-indices 3,4,5,6,7 --epochs 80 --batch-size 128 --lr 0.00015 --weight-decay 0.00015 --seed 14 --class-weights auto --weighted-sampler --val-ratio 0.15 --early-stop-patience 16 --min-epochs 12 --checkpoint-metric val_macro_f1 --temperature 2.5 --lambda-ce 0.9 --lambda-kd 1.1 --lambda-feat 0.0 --student-tcn-dropout 0.12 --student-classifier-hidden 64 --student-classifier-dropout 0.4 --student-attn-dropout 0.1 --student-tcn-dilation-base 2",/home/huang_kai/wind_turbine_phm/PHOENIX-main/autoencoder_benchmark/ablation_experiments/h1/reports/comparison_18d_baselines/teacher_student_reference/student_h1_strict_valf1_20260522/logs/stage3_s3_s2_s1_l4_o1_c2_r3_seed14.log,1.0,0.8146,0.736384,0.9045000000000001,14,1.0,"{""attn_dropout"": 0.1, ""attn_ff_dim"": 128, ""attn_heads"": 4, ""classifier_dropout"": 0.4, ""classifier_hidden"": 64, ""latent_dim"": 64, ""tcn_channels"": 64, ""tcn_dilation_base"": 2, ""tcn_dropout"": 0.12, ""tcn_kernel"": 3, ""tcn_layers"": 2}"
stage3,s3_s2_s1_l4_o1_c2_r4,s3_s2_s1_l4_o1_c2_r4,val_macro_f1,14,80,128,2.0,0.8,1.3,0.0,0.00015,0.00015,0.12,,,64,0.4,0.1,,2,/home/huang_kai/wind_turbine_phm/PHOENIX-main/autoencoder_benchmark/ablation_experiments/h1/results/comparison_18d_baselines/teacher_student_reference/student_h1_strict_valf1_20260522/stage3/s3_s2_s1_l4_o1_c2_r4,19,success,distill_tcn_attn_weld_seam_windows_ws5_tf75_pg0_h1_ep80_lr0.00015_bs128_T2.0_lce0.8_lkd1.3_lf0.0_seed14,/home/huang_kai/wind_turbine_phm/PHOENIX-main/autoencoder_benchmark/ablation_experiments/h1/results/comparison_18d_baselines/teacher_student_reference/student_h1_strict_valf1_20260522/stage3/s3_s2_s1_l4_o1_c2_r4/distill_tcn_attn_weld_seam_windows_ws5_tf75_pg0_h1_ep80_lr0.00015_bs128_T2.0_lce0.8_lkd1.3_lf0.0_seed14,12.15,1,/home/huang_kai/wind_turbine_phm/PHOENIX-main/autoencoder_benchmark/outputs/teacher_h1_forecast_95/manifests/best_teacher_h1.json,"/usr/bin/python /home/huang_kai/wind_turbine_phm/PHOENIX-main/autoencoder_benchmark/train_distill_single_tcn_student.py --dataset-npz /home/huang_kai/wind_turbine_phm/PHOENIX-main/autoencoder_benchmark/Data/processed_data/weld_seam_windows_ws5_tf75_pg0_h1.npz --teacher-ckpt /home/huang_kai/wind_turbine_phm/PHOENIX-main/autoencoder_benchmark/outputs/teacher_h1_forecast_95/runs/single_tcn_attn_weld_seam_windows_ws5_tf75_pg0_h1_ep80_lr0.0003_bs128_k3_l2_d0.1_lat64_wd0.0005_seed183/best_single_tcn.pth --teacher-run-args /home/huang_kai/wind_turbine_phm/PHOENIX-main/autoencoder_benchmark/outputs/teacher_h1_forecast_95/runs/single_tcn_attn_weld_seam_windows_ws5_tf75_pg0_h1_ep80_lr0.0003_bs128_k3_l2_d0.1_lat64_wd0.0005_seed183/run_args.json --output-dir /home/huang_kai/wind_turbine_phm/PHOENIX-main/autoencoder_benchmark/ablation_experiments/h1/results/comparison_18d_baselines/teacher_student_reference/student_h1_strict_valf1_20260522/stage3/s3_s2_s1_l4_o1_c2_r4 --drop-feature-indices 3,4,5,6,7 --epochs 80 --batch-size 128 --lr 0.00015 --weight-decay 0.00015 --seed 14 --class-weights auto --weighted-sampler --val-ratio 0.15 --early-stop-patience 16 --min-epochs 12 --checkpoint-metric val_macro_f1 --temperature 2.0 --lambda-ce 0.8 --lambda-kd 1.3 --lambda-feat 0.0 --student-tcn-dropout 0.12 --student-classifier-hidden 64 --student-classifier-dropout 0.4 --student-attn-dropout 0.1 --student-tcn-dilation-base 2",/home/huang_kai/wind_turbine_phm/PHOENIX-main/autoencoder_benchmark/ablation_experiments/h1/reports/comparison_18d_baselines/teacher_student_reference/student_h1_strict_valf1_20260522/logs/stage3_s3_s2_s1_l4_o1_c2_r4_seed14.log,1.0,0.809,0.732505,0.9101,14,1.0,"{""attn_dropout"": 0.1, ""attn_ff_dim"": 128, ""attn_heads"": 4, ""classifier_dropout"": 0.4, ""classifier_hidden"": 64, ""latent_dim"": 64, ""tcn_channels"": 64, ""tcn_dilation_base"": 2, ""tcn_dropout"": 0.12, ""tcn_kernel"": 3, ""tcn_layers"": 2}"
stage3,s3_s2_s1_l4_o1_c2_r5,s3_s2_s1_l4_o1_c2_r5,val_macro_f1,14,80,128,2.0,0.9,1.2000000000000002,0.1,0.00015,0.00015,0.12,,,64,0.4,0.1,,2,/home/huang_kai/wind_turbine_phm/PHOENIX-main/autoencoder_benchmark/ablation_experiments/h1/results/comparison_18d_baselines/teacher_student_reference/student_h1_strict_valf1_20260522/stage3/s3_s2_s1_l4_o1_c2_r5,20,success,distill_tcn_attn_weld_seam_windows_ws5_tf75_pg0_h1_ep80_lr0.00015_bs128_T2.0_lce0.9_lkd1.2000000000000002_lf0.1_seed14,/home/huang_kai/wind_turbine_phm/PHOENIX-main/autoencoder_benchmark/ablation_experiments/h1/results/comparison_18d_baselines/teacher_student_reference/student_h1_strict_valf1_20260522/stage3/s3_s2_s1_l4_o1_c2_r5/distill_tcn_attn_weld_seam_windows_ws5_tf75_pg0_h1_ep80_lr0.00015_bs128_T2.0_lce0.9_lkd1.2000000000000002_lf0.1_seed14,12.61,1,/home/huang_kai/wind_turbine_phm/PHOENIX-main/autoencoder_benchmark/outputs/teacher_h1_forecast_95/manifests/best_teacher_h1.json,"/usr/bin/python /home/huang_kai/wind_turbine_phm/PHOENIX-main/autoencoder_benchmark/train_distill_single_tcn_student.py --dataset-npz /home/huang_kai/wind_turbine_phm/PHOENIX-main/autoencoder_benchmark/Data/processed_data/weld_seam_windows_ws5_tf75_pg0_h1.npz --teacher-ckpt /home/huang_kai/wind_turbine_phm/PHOENIX-main/autoencoder_benchmark/outputs/teacher_h1_forecast_95/runs/single_tcn_attn_weld_seam_windows_ws5_tf75_pg0_h1_ep80_lr0.0003_bs128_k3_l2_d0.1_lat64_wd0.0005_seed183/best_single_tcn.pth --teacher-run-args /home/huang_kai/wind_turbine_phm/PHOENIX-main/autoencoder_benchmark/outputs/teacher_h1_forecast_95/runs/single_tcn_attn_weld_seam_windows_ws5_tf75_pg0_h1_ep80_lr0.0003_bs128_k3_l2_d0.1_lat64_wd0.0005_seed183/run_args.json --output-dir /home/huang_kai/wind_turbine_phm/PHOENIX-main/autoencoder_benchmark/ablation_experiments/h1/results/comparison_18d_baselines/teacher_student_reference/student_h1_strict_valf1_20260522/stage3/s3_s2_s1_l4_o1_c2_r5 --drop-feature-indices 3,4,5,6,7 --epochs 80 --batch-size 128 --lr 0.00015 --weight-decay 0.00015 --seed 14 --class-weights auto --weighted-sampler --val-ratio 0.15 --early-stop-patience 16 --min-epochs 12 --checkpoint-metric val_macro_f1 --temperature 2.0 --lambda-ce 0.9 --lambda-kd 1.2000000000000002 --lambda-feat 0.1 --student-tcn-dropout 0.12 --student-classifier-hidden 64 --student-classifier-dropout 0.4 --student-attn-dropout 0.1 --student-tcn-dilation-base 2",/home/huang_kai/wind_turbine_phm/PHOENIX-main/autoencoder_benchmark/ablation_experiments/h1/reports/comparison_18d_baselines/teacher_student_reference/student_h1_strict_valf1_20260522/logs/stage3_s3_s2_s1_l4_o1_c2_r5_seed14.log,1.0,0.8118000000000001,0.733346,0.9073,14,1.0,"{""attn_dropout"": 0.1, ""attn_ff_dim"": 128, ""attn_heads"": 4, ""classifier_dropout"": 0.4, ""classifier_hidden"": 64, ""latent_dim"": 64, ""tcn_channels"": 64, ""tcn_dilation_base"": 2, ""tcn_dropout"": 0.12, ""tcn_kernel"": 3, ""tcn_layers"": 2}"
stage4,stage4_s3_s2_s1_l4_o3_c6_r3,s3_s2_s1_l4_o3_c6_r3,val_macro_f1,7,80,128,2.5,0.9,1.1,0.0,0.00025,0.0002,0.08,,64,128,0.25,0.05,192,2,/home/huang_kai/wind_turbine_phm/PHOENIX-main/autoencoder_benchmark/ablation_experiments/h1/results/comparison_18d_baselines/teacher_student_reference/student_h1_strict_valf1_20260522/stage4/stage4_s3_s2_s1_l4_o3_c6_r3,1,success,distill_tcn_attn_weld_seam_windows_ws5_tf75_pg0_h1_ep80_lr0.00025_bs128_T2.5_lce0.9_lkd1.1_lf0.0_seed7,/home/huang_kai/wind_turbine_phm/PHOENIX-main/autoencoder_benchmark/ablation_experiments/h1/results/comparison_18d_baselines/teacher_student_reference/student_h1_strict_valf1_20260522/stage4/stage4_s3_s2_s1_l4_o3_c6_r3/distill_tcn_attn_weld_seam_windows_ws5_tf75_pg0_h1_ep80_lr0.00025_bs128_T2.5_lce0.9_lkd1.1_lf0.0_seed7,10.12,1,/home/huang_kai/wind_turbine_phm/PHOENIX-main/autoencoder_benchmark/outputs/teacher_h1_forecast_95/manifests/best_teacher_h1.json,"/usr/bin/python /home/huang_kai/wind_turbine_phm/PHOENIX-main/autoencoder_benchmark/train_distill_single_tcn_student.py --dataset-npz /home/huang_kai/wind_turbine_phm/PHOENIX-main/autoencoder_benchmark/Data/processed_data/weld_seam_windows_ws5_tf75_pg0_h1.npz --teacher-ckpt /home/huang_kai/wind_turbine_phm/PHOENIX-main/autoencoder_benchmark/outputs/teacher_h1_forecast_95/runs/single_tcn_attn_weld_seam_windows_ws5_tf75_pg0_h1_ep80_lr0.0003_bs128_k3_l2_d0.1_lat64_wd0.0005_seed183/best_single_tcn.pth --teacher-run-args /home/huang_kai/wind_turbine_phm/PHOENIX-main/autoencoder_benchmark/outputs/teacher_h1_forecast_95/runs/single_tcn_attn_weld_seam_windows_ws5_tf75_pg0_h1_ep80_lr0.0003_bs128_k3_l2_d0.1_lat64_wd0.0005_seed183/run_args.json --output-dir /home/huang_kai/wind_turbine_phm/PHOENIX-main/autoencoder_benchmark/ablation_experiments/h1/results/comparison_18d_baselines/teacher_student_reference/student_h1_strict_valf1_20260522/stage4/stage4_s3_s2_s1_l4_o3_c6_r3 --drop-feature-indices 3,4,5,6,7 --epochs 80 --batch-size 128 --lr 0.00025 --weight-decay 0.0002 --seed 7 --class-weights auto --weighted-sampler --val-ratio 0.15 --early-stop-patience 16 --min-epochs 12 --checkpoint-metric val_macro_f1 --temperature 2.5 --lambda-ce 0.9 --lambda-kd 1.1 --lambda-feat 0.0 --student-tcn-dropout 0.08 --student-tcn-channels 64 --student-classifier-hidden 128 --student-classifier-dropout 0.25 --student-attn-dropout 0.05 --student-attn-ff-dim 192 --student-tcn-dilation-base 2",/home/huang_kai/wind_turbine_phm/PHOENIX-main/autoencoder_benchmark/ablation_experiments/h1/reports/comparison_18d_baselines/teacher_student_reference/student_h1_strict_valf1_20260522/logs/stage4_stage4_s3_s2_s1_l4_o3_c6_r3_seed7.log,1.0,0.8482999999999999,0.805918,0.9045000000000001,6,1.0,"{""attn_dropout"": 0.05, ""attn_ff_dim"": 192, ""attn_heads"": 4, ""classifier_dropout"": 0.25, ""classifier_hidden"": 128, ""latent_dim"": 64, ""tcn_channels"": 64, ""tcn_dilation_base"": 2, ""tcn_dropout"": 0.08, ""tcn_kernel"": 3, ""tcn_layers"": 2}"
stage4,stage4_s3_s2_s1_l4_o3_c6_r3,s3_s2_s1_l4_o3_c6_r3,val_macro_f1,21,80,128,2.5,0.9,1.1,0.0,0.00025,0.0002,0.08,,64,128,0.25,0.05,192,2,/home/huang_kai/wind_turbine_phm/PHOENIX-main/autoencoder_benchmark/ablation_experiments/h1/results/comparison_18d_baselines/teacher_student_reference/student_h1_strict_valf1_20260522/stage4/stage4_s3_s2_s1_l4_o3_c6_r3,2,success,distill_tcn_attn_weld_seam_windows_ws5_tf75_pg0_h1_ep80_lr0.00025_bs128_T2.5_lce0.9_lkd1.1_lf0.0_seed21,/home/huang_kai/wind_turbine_phm/PHOENIX-main/autoencoder_benchmark/ablation_experiments/h1/results/comparison_18d_baselines/teacher_student_reference/student_h1_strict_valf1_20260522/stage4/stage4_s3_s2_s1_l4_o3_c6_r3/distill_tcn_attn_weld_seam_windows_ws5_tf75_pg0_h1_ep80_lr0.00025_bs128_T2.5_lce0.9_lkd1.1_lf0.0_seed21,11.26,1,/home/huang_kai/wind_turbine_phm/PHOENIX-main/autoencoder_benchmark/outputs/teacher_h1_forecast_95/manifests/best_teacher_h1.json,"/usr/bin/python /home/huang_kai/wind_turbine_phm/PHOENIX-main/autoencoder_benchmark/train_distill_single_tcn_student.py --dataset-npz /home/huang_kai/wind_turbine_phm/PHOENIX-main/autoencoder_benchmark/Data/processed_data/weld_seam_windows_ws5_tf75_pg0_h1.npz --teacher-ckpt /home/huang_kai/wind_turbine_phm/PHOENIX-main/autoencoder_benchmark/outputs/teacher_h1_forecast_95/runs/single_tcn_attn_weld_seam_windows_ws5_tf75_pg0_h1_ep80_lr0.0003_bs128_k3_l2_d0.1_lat64_wd0.0005_seed183/best_single_tcn.pth --teacher-run-args /home/huang_kai/wind_turbine_phm/PHOENIX-main/autoencoder_benchmark/outputs/teacher_h1_forecast_95/runs/single_tcn_attn_weld_seam_windows_ws5_tf75_pg0_h1_ep80_lr0.0003_bs128_k3_l2_d0.1_lat64_wd0.0005_seed183/run_args.json --output-dir /home/huang_kai/wind_turbine_phm/PHOENIX-main/autoencoder_benchmark/ablation_experiments/h1/results/comparison_18d_baselines/teacher_student_reference/student_h1_strict_valf1_20260522/stage4/stage4_s3_s2_s1_l4_o3_c6_r3 --drop-feature-indices 3,4,5,6,7 --epochs 80 --batch-size 128 --lr 0.00025 --weight-decay 0.0002 --seed 21 --class-weights auto --weighted-sampler --val-ratio 0.15 --early-stop-patience 16 --min-epochs 12 --checkpoint-metric val_macro_f1 --temperature 2.5 --lambda-ce 0.9 --lambda-kd 1.1 --lambda-feat 0.0 --student-tcn-dropout 0.08 --student-tcn-channels 64 --student-classifier-hidden 128 --student-classifier-dropout 0.25 --student-attn-dropout 0.05 --student-attn-ff-dim 192 --student-tcn-dilation-base 2",/home/huang_kai/wind_turbine_phm/PHOENIX-main/autoencoder_benchmark/ablation_experiments/h1/reports/comparison_18d_baselines/teacher_student_reference/student_h1_strict_valf1_20260522/logs/stage4_stage4_s3_s2_s1_l4_o3_c6_r3_seed21.log,1.0,0.7415999999999999,0.639533,0.882,10,1.0,"{""attn_dropout"": 0.05, ""attn_ff_dim"": 192, ""attn_heads"": 4, ""classifier_dropout"": 0.25, ""classifier_hidden"": 128, ""latent_dim"": 64, ""tcn_channels"": 64, ""tcn_dilation_base"": 2, ""tcn_dropout"": 0.08, ""tcn_kernel"": 3, ""tcn_layers"": 2}"
stage4,stage4_s3_s2_s1_l4_o3_c6_r3,s3_s2_s1_l4_o3_c6_r3,val_macro_f1,77,80,128,2.5,0.9,1.1,0.0,0.00025,0.0002,0.08,,64,128,0.25,0.05,192,2,/home/huang_kai/wind_turbine_phm/PHOENIX-main/autoencoder_benchmark/ablation_experiments/h1/results/comparison_18d_baselines/teacher_student_reference/student_h1_strict_valf1_20260522/stage4/stage4_s3_s2_s1_l4_o3_c6_r3,3,success,distill_tcn_attn_weld_seam_windows_ws5_tf75_pg0_h1_ep80_lr0.00025_bs128_T2.5_lce0.9_lkd1.1_lf0.0_seed77,/home/huang_kai/wind_turbine_phm/PHOENIX-main/autoencoder_benchmark/ablation_experiments/h1/results/comparison_18d_baselines/teacher_student_reference/student_h1_strict_valf1_20260522/stage4/stage4_s3_s2_s1_l4_o3_c6_r3/distill_tcn_attn_weld_seam_windows_ws5_tf75_pg0_h1_ep80_lr0.00025_bs128_T2.5_lce0.9_lkd1.1_lf0.0_seed77,13.55,1,/home/huang_kai/wind_turbine_phm/PHOENIX-main/autoencoder_benchmark/outputs/teacher_h1_forecast_95/manifests/best_teacher_h1.json,"/usr/bin/python /home/huang_kai/wind_turbine_phm/PHOENIX-main/autoencoder_benchmark/train_distill_single_tcn_student.py --dataset-npz /home/huang_kai/wind_turbine_phm/PHOENIX-main/autoencoder_benchmark/Data/processed_data/weld_seam_windows_ws5_tf75_pg0_h1.npz --teacher-ckpt /home/huang_kai/wind_turbine_phm/PHOENIX-main/autoencoder_benchmark/outputs/teacher_h1_forecast_95/runs/single_tcn_attn_weld_seam_windows_ws5_tf75_pg0_h1_ep80_lr0.0003_bs128_k3_l2_d0.1_lat64_wd0.0005_seed183/best_single_tcn.pth --teacher-run-args /home/huang_kai/wind_turbine_phm/PHOENIX-main/autoencoder_benchmark/outputs/teacher_h1_forecast_95/runs/single_tcn_attn_weld_seam_windows_ws5_tf75_pg0_h1_ep80_lr0.0003_bs128_k3_l2_d0.1_lat64_wd0.0005_seed183/run_args.json --output-dir /home/huang_kai/wind_turbine_phm/PHOENIX-main/autoencoder_benchmark/ablation_experiments/h1/results/comparison_18d_baselines/teacher_student_reference/student_h1_strict_valf1_20260522/stage4/stage4_s3_s2_s1_l4_o3_c6_r3 --drop-feature-indices 3,4,5,6,7 --epochs 80 --batch-size 128 --lr 0.00025 --weight-decay 0.0002 --seed 77 --class-weights auto --weighted-sampler --val-ratio 0.15 --early-stop-patience 16 --min-epochs 12 --checkpoint-metric val_macro_f1 --temperature 2.5 --lambda-ce 0.9 --lambda-kd 1.1 --lambda-feat 0.0 --student-tcn-dropout 0.08 --student-tcn-channels 64 --student-classifier-hidden 128 --student-classifier-dropout 0.25 --student-attn-dropout 0.05 --student-attn-ff-dim 192 --student-tcn-dilation-base 2",/home/huang_kai/wind_turbine_phm/PHOENIX-main/autoencoder_benchmark/ablation_experiments/h1/reports/comparison_18d_baselines/teacher_student_reference/student_h1_strict_valf1_20260522/logs/stage4_stage4_s3_s2_s1_l4_o3_c6_r3_seed77.log,1.0,0.8006,0.723943,0.9073,18,1.0,"{""attn_dropout"": 0.05, ""attn_ff_dim"": 192, ""attn_heads"": 4, ""classifier_dropout"": 0.25, ""classifier_hidden"": 128, ""latent_dim"": 64, ""tcn_channels"": 64, ""tcn_dilation_base"": 2, ""tcn_dropout"": 0.08, ""tcn_kernel"": 3, ""tcn_layers"": 2}"
stage4,stage4_s3_s2_s1_l4_o3_c6_r3,s3_s2_s1_l4_o3_c6_r3,val_macro_f1,122,80,128,2.5,0.9,1.1,0.0,0.00025,0.0002,0.08,,64,128,0.25,0.05,192,2,/home/huang_kai/wind_turbine_phm/PHOENIX-main/autoencoder_benchmark/ablation_experiments/h1/results/comparison_18d_baselines/teacher_student_reference/student_h1_strict_valf1_20260522/stage4/stage4_s3_s2_s1_l4_o3_c6_r3,4,success,distill_tcn_attn_weld_seam_windows_ws5_tf75_pg0_h1_ep80_lr0.00025_bs128_T2.5_lce0.9_lkd1.1_lf0.0_seed122,/home/huang_kai/wind_turbine_phm/PHOENIX-main/autoencoder_benchmark/ablation_experiments/h1/results/comparison_18d_baselines/teacher_student_reference/student_h1_strict_valf1_20260522/stage4/stage4_s3_s2_s1_l4_o3_c6_r3/distill_tcn_attn_weld_seam_windows_ws5_tf75_pg0_h1_ep80_lr0.00025_bs128_T2.5_lce0.9_lkd1.1_lf0.0_seed122,11.26,1,/home/huang_kai/wind_turbine_phm/PHOENIX-main/autoencoder_benchmark/outputs/teacher_h1_forecast_95/manifests/best_teacher_h1.json,"/usr/bin/python /home/huang_kai/wind_turbine_phm/PHOENIX-main/autoencoder_benchmark/train_distill_single_tcn_student.py --dataset-npz /home/huang_kai/wind_turbine_phm/PHOENIX-main/autoencoder_benchmark/Data/processed_data/weld_seam_windows_ws5_tf75_pg0_h1.npz --teacher-ckpt /home/huang_kai/wind_turbine_phm/PHOENIX-main/autoencoder_benchmark/outputs/teacher_h1_forecast_95/runs/single_tcn_attn_weld_seam_windows_ws5_tf75_pg0_h1_ep80_lr0.0003_bs128_k3_l2_d0.1_lat64_wd0.0005_seed183/best_single_tcn.pth --teacher-run-args /home/huang_kai/wind_turbine_phm/PHOENIX-main/autoencoder_benchmark/outputs/teacher_h1_forecast_95/runs/single_tcn_attn_weld_seam_windows_ws5_tf75_pg0_h1_ep80_lr0.0003_bs128_k3_l2_d0.1_lat64_wd0.0005_seed183/run_args.json --output-dir /home/huang_kai/wind_turbine_phm/PHOENIX-main/autoencoder_benchmark/ablation_experiments/h1/results/comparison_18d_baselines/teacher_student_reference/student_h1_strict_valf1_20260522/stage4/stage4_s3_s2_s1_l4_o3_c6_r3 --drop-feature-indices 3,4,5,6,7 --epochs 80 --batch-size 128 --lr 0.00025 --weight-decay 0.0002 --seed 122 --class-weights auto --weighted-sampler --val-ratio 0.15 --early-stop-patience 16 --min-epochs 12 --checkpoint-metric val_macro_f1 --temperature 2.5 --lambda-ce 0.9 --lambda-kd 1.1 --lambda-feat 0.0 --student-tcn-dropout 0.08 --student-tcn-channels 64 --student-classifier-hidden 128 --student-classifier-dropout 0.25 --student-attn-dropout 0.05 --student-attn-ff-dim 192 --student-tcn-dilation-base 2",/home/huang_kai/wind_turbine_phm/PHOENIX-main/autoencoder_benchmark/ablation_experiments/h1/reports/comparison_18d_baselines/teacher_student_reference/student_h1_strict_valf1_20260522/logs/stage4_stage4_s3_s2_s1_l4_o3_c6_r3_seed122.log,1.0,0.8201999999999999,0.748518,0.9213,10,1.0,"{""attn_dropout"": 0.05, ""attn_ff_dim"": 192, ""attn_heads"": 4, ""classifier_dropout"": 0.25, ""classifier_hidden"": 128, ""latent_dim"": 64, ""tcn_channels"": 64, ""tcn_dilation_base"": 2, ""tcn_dropout"": 0.08, ""tcn_kernel"": 3, ""tcn_layers"": 2}"
stage4,stage4_s3_s2_s1_l4_o3_c6_r3,s3_s2_s1_l4_o3_c6_r3,val_macro_f1,183,80,128,2.5,0.9,1.1,0.0,0.00025,0.0002,0.08,,64,128,0.25,0.05,192,2,/home/huang_kai/wind_turbine_phm/PHOENIX-main/autoencoder_benchmark/ablation_experiments/h1/results/comparison_18d_baselines/teacher_student_reference/student_h1_strict_valf1_20260522/stage4/stage4_s3_s2_s1_l4_o3_c6_r3,5,success,distill_tcn_attn_weld_seam_windows_ws5_tf75_pg0_h1_ep80_lr0.00025_bs128_T2.5_lce0.9_lkd1.1_lf0.0_seed183,/home/huang_kai/wind_turbine_phm/PHOENIX-main/autoencoder_benchmark/ablation_experiments/h1/results/comparison_18d_baselines/teacher_student_reference/student_h1_strict_valf1_20260522/stage4/stage4_s3_s2_s1_l4_o3_c6_r3/distill_tcn_attn_weld_seam_windows_ws5_tf75_pg0_h1_ep80_lr0.00025_bs128_T2.5_lce0.9_lkd1.1_lf0.0_seed183,10.36,1,/home/huang_kai/wind_turbine_phm/PHOENIX-main/autoencoder_benchmark/outputs/teacher_h1_forecast_95/manifests/best_teacher_h1.json,"/usr/bin/python /home/huang_kai/wind_turbine_phm/PHOENIX-main/autoencoder_benchmark/train_distill_single_tcn_student.py --dataset-npz /home/huang_kai/wind_turbine_phm/PHOENIX-main/autoencoder_benchmark/Data/processed_data/weld_seam_windows_ws5_tf75_pg0_h1.npz --teacher-ckpt /home/huang_kai/wind_turbine_phm/PHOENIX-main/autoencoder_benchmark/outputs/teacher_h1_forecast_95/runs/single_tcn_attn_weld_seam_windows_ws5_tf75_pg0_h1_ep80_lr0.0003_bs128_k3_l2_d0.1_lat64_wd0.0005_seed183/best_single_tcn.pth --teacher-run-args /home/huang_kai/wind_turbine_phm/PHOENIX-main/autoencoder_benchmark/outputs/teacher_h1_forecast_95/runs/single_tcn_attn_weld_seam_windows_ws5_tf75_pg0_h1_ep80_lr0.0003_bs128_k3_l2_d0.1_lat64_wd0.0005_seed183/run_args.json --output-dir /home/huang_kai/wind_turbine_phm/PHOENIX-main/autoencoder_benchmark/ablation_experiments/h1/results/comparison_18d_baselines/teacher_student_reference/student_h1_strict_valf1_20260522/stage4/stage4_s3_s2_s1_l4_o3_c6_r3 --drop-feature-indices 3,4,5,6,7 --epochs 80 --batch-size 128 --lr 0.00025 --weight-decay 0.0002 --seed 183 --class-weights auto --weighted-sampler --val-ratio 0.15 --early-stop-patience 16 --min-epochs 12 --checkpoint-metric val_macro_f1 --temperature 2.5 --lambda-ce 0.9 --lambda-kd 1.1 --lambda-feat 0.0 --student-tcn-dropout 0.08 --student-tcn-channels 64 --student-classifier-hidden 128 --student-classifier-dropout 0.25 --student-attn-dropout 0.05 --student-attn-ff-dim 192 --student-tcn-dilation-base 2",/home/huang_kai/wind_turbine_phm/PHOENIX-main/autoencoder_benchmark/ablation_experiments/h1/reports/comparison_18d_baselines/teacher_student_reference/student_h1_strict_valf1_20260522/logs/stage4_stage4_s3_s2_s1_l4_o3_c6_r3_seed183.log,1.0,0.8034,0.733099,0.9101,7,1.0,"{""attn_dropout"": 0.05, ""attn_ff_dim"": 192, ""attn_heads"": 4, ""classifier_dropout"": 0.25, ""classifier_hidden"": 128, ""latent_dim"": 64, ""tcn_channels"": 64, ""tcn_dilation_base"": 2, ""tcn_dropout"": 0.08, ""tcn_kernel"": 3, ""tcn_layers"": 2}"
stage4,stage4_s3_s2_s1_l4_o3_c6_r4,s3_s2_s1_l4_o3_c6_r4,val_macro_f1,7,80,128,2.0,0.8,1.3,0.0,0.00025,0.0002,0.08,,64,128,0.25,0.05,192,2,/home/huang_kai/wind_turbine_phm/PHOENIX-main/autoencoder_benchmark/ablation_experiments/h1/results/comparison_18d_baselines/teacher_student_reference/student_h1_strict_valf1_20260522/stage4/stage4_s3_s2_s1_l4_o3_c6_r4,6,success,distill_tcn_attn_weld_seam_windows_ws5_tf75_pg0_h1_ep80_lr0.00025_bs128_T2.0_lce0.8_lkd1.3_lf0.0_seed7,/home/huang_kai/wind_turbine_phm/PHOENIX-main/autoencoder_benchmark/ablation_experiments/h1/results/comparison_18d_baselines/teacher_student_reference/student_h1_strict_valf1_20260522/stage4/stage4_s3_s2_s1_l4_o3_c6_r4/distill_tcn_attn_weld_seam_windows_ws5_tf75_pg0_h1_ep80_lr0.00025_bs128_T2.0_lce0.8_lkd1.3_lf0.0_seed7,9.6,1,/home/huang_kai/wind_turbine_phm/PHOENIX-main/autoencoder_benchmark/outputs/teacher_h1_forecast_95/manifests/best_teacher_h1.json,"/usr/bin/python /home/huang_kai/wind_turbine_phm/PHOENIX-main/autoencoder_benchmark/train_distill_single_tcn_student.py --dataset-npz /home/huang_kai/wind_turbine_phm/PHOENIX-main/autoencoder_benchmark/Data/processed_data/weld_seam_windows_ws5_tf75_pg0_h1.npz --teacher-ckpt /home/huang_kai/wind_turbine_phm/PHOENIX-main/autoencoder_benchmark/outputs/teacher_h1_forecast_95/runs/single_tcn_attn_weld_seam_windows_ws5_tf75_pg0_h1_ep80_lr0.0003_bs128_k3_l2_d0.1_lat64_wd0.0005_seed183/best_single_tcn.pth --teacher-run-args /home/huang_kai/wind_turbine_phm/PHOENIX-main/autoencoder_benchmark/outputs/teacher_h1_forecast_95/runs/single_tcn_attn_weld_seam_windows_ws5_tf75_pg0_h1_ep80_lr0.0003_bs128_k3_l2_d0.1_lat64_wd0.0005_seed183/run_args.json --output-dir /home/huang_kai/wind_turbine_phm/PHOENIX-main/autoencoder_benchmark/ablation_experiments/h1/results/comparison_18d_baselines/teacher_student_reference/student_h1_strict_valf1_20260522/stage4/stage4_s3_s2_s1_l4_o3_c6_r4 --drop-feature-indices 3,4,5,6,7 --epochs 80 --batch-size 128 --lr 0.00025 --weight-decay 0.0002 --seed 7 --class-weights auto --weighted-sampler --val-ratio 0.15 --early-stop-patience 16 --min-epochs 12 --checkpoint-metric val_macro_f1 --temperature 2.0 --lambda-ce 0.8 --lambda-kd 1.3 --lambda-feat 0.0 --student-tcn-dropout 0.08 --student-tcn-channels 64 --student-classifier-hidden 128 --student-classifier-dropout 0.25 --student-attn-dropout 0.05 --student-attn-ff-dim 192 --student-tcn-dilation-base 2",/home/huang_kai/wind_turbine_phm/PHOENIX-main/autoencoder_benchmark/ablation_experiments/h1/reports/comparison_18d_baselines/teacher_student_reference/student_h1_strict_valf1_20260522/logs/stage4_stage4_s3_s2_s1_l4_o3_c6_r4_seed7.log,1.0,0.8482999999999999,0.805918,0.9045000000000001,6,1.0,"{""attn_dropout"": 0.05, ""attn_ff_dim"": 192, ""attn_heads"": 4, ""classifier_dropout"": 0.25, ""classifier_hidden"": 128, ""latent_dim"": 64, ""tcn_channels"": 64, ""tcn_dilation_base"": 2, ""tcn_dropout"": 0.08, ""tcn_kernel"": 3, ""tcn_layers"": 2}"
stage4,stage4_s3_s2_s1_l4_o3_c6_r4,s3_s2_s1_l4_o3_c6_r4,val_macro_f1,21,80,128,2.0,0.8,1.3,0.0,0.00025,0.0002,0.08,,64,128,0.25,0.05,192,2,/home/huang_kai/wind_turbine_phm/PHOENIX-main/autoencoder_benchmark/ablation_experiments/h1/results/comparison_18d_baselines/teacher_student_reference/student_h1_strict_valf1_20260522/stage4/stage4_s3_s2_s1_l4_o3_c6_r4,7,success,distill_tcn_attn_weld_seam_windows_ws5_tf75_pg0_h1_ep80_lr0.00025_bs128_T2.0_lce0.8_lkd1.3_lf0.0_seed21,/home/huang_kai/wind_turbine_phm/PHOENIX-main/autoencoder_benchmark/ablation_experiments/h1/results/comparison_18d_baselines/teacher_student_reference/student_h1_strict_valf1_20260522/stage4/stage4_s3_s2_s1_l4_o3_c6_r4/distill_tcn_attn_weld_seam_windows_ws5_tf75_pg0_h1_ep80_lr0.00025_bs128_T2.0_lce0.8_lkd1.3_lf0.0_seed21,11.34,1,/home/huang_kai/wind_turbine_phm/PHOENIX-main/autoencoder_benchmark/outputs/teacher_h1_forecast_95/manifests/best_teacher_h1.json,"/usr/bin/python /home/huang_kai/wind_turbine_phm/PHOENIX-main/autoencoder_benchmark/train_distill_single_tcn_student.py --dataset-npz /home/huang_kai/wind_turbine_phm/PHOENIX-main/autoencoder_benchmark/Data/processed_data/weld_seam_windows_ws5_tf75_pg0_h1.npz --teacher-ckpt /home/huang_kai/wind_turbine_phm/PHOENIX-main/autoencoder_benchmark/outputs/teacher_h1_forecast_95/runs/single_tcn_attn_weld_seam_windows_ws5_tf75_pg0_h1_ep80_lr0.0003_bs128_k3_l2_d0.1_lat64_wd0.0005_seed183/best_single_tcn.pth --teacher-run-args /home/huang_kai/wind_turbine_phm/PHOENIX-main/autoencoder_benchmark/outputs/teacher_h1_forecast_95/runs/single_tcn_attn_weld_seam_windows_ws5_tf75_pg0_h1_ep80_lr0.0003_bs128_k3_l2_d0.1_lat64_wd0.0005_seed183/run_args.json --output-dir /home/huang_kai/wind_turbine_phm/PHOENIX-main/autoencoder_benchmark/ablation_experiments/h1/results/comparison_18d_baselines/teacher_student_reference/student_h1_strict_valf1_20260522/stage4/stage4_s3_s2_s1_l4_o3_c6_r4 --drop-feature-indices 3,4,5,6,7 --epochs 80 --batch-size 128 --lr 0.00025 --weight-decay 0.0002 --seed 21 --class-weights auto --weighted-sampler --val-ratio 0.15 --early-stop-patience 16 --min-epochs 12 --checkpoint-metric val_macro_f1 --temperature 2.0 --lambda-ce 0.8 --lambda-kd 1.3 --lambda-feat 0.0 --student-tcn-dropout 0.08 --student-tcn-channels 64 --student-classifier-hidden 128 --student-classifier-dropout 0.25 --student-attn-dropout 0.05 --student-attn-ff-dim 192 --student-tcn-dilation-base 2",/home/huang_kai/wind_turbine_phm/PHOENIX-main/autoencoder_benchmark/ablation_experiments/h1/reports/comparison_18d_baselines/teacher_student_reference/student_h1_strict_valf1_20260522/logs/stage4_stage4_s3_s2_s1_l4_o3_c6_r4_seed21.log,1.0,0.7415999999999999,0.639533,0.882,10,1.0,"{""attn_dropout"": 0.05, ""attn_ff_dim"": 192, ""attn_heads"": 4, ""classifier_dropout"": 0.25, ""classifier_hidden"": 128, ""latent_dim"": 64, ""tcn_channels"": 64, ""tcn_dilation_base"": 2, ""tcn_dropout"": 0.08, ""tcn_kernel"": 3, ""tcn_layers"": 2}"
stage4,stage4_s3_s2_s1_l4_o3_c6_r4,s3_s2_s1_l4_o3_c6_r4,val_macro_f1,77,80,128,2.0,0.8,1.3,0.0,0.00025,0.0002,0.08,,64,128,0.25,0.05,192,2,/home/huang_kai/wind_turbine_phm/PHOENIX-main/autoencoder_benchmark/ablation_experiments/h1/results/comparison_18d_baselines/teacher_student_reference/student_h1_strict_valf1_20260522/stage4/stage4_s3_s2_s1_l4_o3_c6_r4,8,success,distill_tcn_attn_weld_seam_windows_ws5_tf75_pg0_h1_ep80_lr0.00025_bs128_T2.0_lce0.8_lkd1.3_lf0.0_seed77,/home/huang_kai/wind_turbine_phm/PHOENIX-main/autoencoder_benchmark/ablation_experiments/h1/results/comparison_18d_baselines/teacher_student_reference/student_h1_strict_valf1_20260522/stage4/stage4_s3_s2_s1_l4_o3_c6_r4/distill_tcn_attn_weld_seam_windows_ws5_tf75_pg0_h1_ep80_lr0.00025_bs128_T2.0_lce0.8_lkd1.3_lf0.0_seed77,13.66,1,/home/huang_kai/wind_turbine_phm/PHOENIX-main/autoencoder_benchmark/outputs/teacher_h1_forecast_95/manifests/best_teacher_h1.json,"/usr/bin/python /home/huang_kai/wind_turbine_phm/PHOENIX-main/autoencoder_benchmark/train_distill_single_tcn_student.py --dataset-npz /home/huang_kai/wind_turbine_phm/PHOENIX-main/autoencoder_benchmark/Data/processed_data/weld_seam_windows_ws5_tf75_pg0_h1.npz --teacher-ckpt /home/huang_kai/wind_turbine_phm/PHOENIX-main/autoencoder_benchmark/outputs/teacher_h1_forecast_95/runs/single_tcn_attn_weld_seam_windows_ws5_tf75_pg0_h1_ep80_lr0.0003_bs128_k3_l2_d0.1_lat64_wd0.0005_seed183/best_single_tcn.pth --teacher-run-args /home/huang_kai/wind_turbine_phm/PHOENIX-main/autoencoder_benchmark/outputs/teacher_h1_forecast_95/runs/single_tcn_attn_weld_seam_windows_ws5_tf75_pg0_h1_ep80_lr0.0003_bs128_k3_l2_d0.1_lat64_wd0.0005_seed183/run_args.json --output-dir /home/huang_kai/wind_turbine_phm/PHOENIX-main/autoencoder_benchmark/ablation_experiments/h1/results/comparison_18d_baselines/teacher_student_reference/student_h1_strict_valf1_20260522/stage4/stage4_s3_s2_s1_l4_o3_c6_r4 --drop-feature-indices 3,4,5,6,7 --epochs 80 --batch-size 128 --lr 0.00025 --weight-decay 0.0002 --seed 77 --class-weights auto --weighted-sampler --val-ratio 0.15 --early-stop-patience 16 --min-epochs 12 --checkpoint-metric val_macro_f1 --temperature 2.0 --lambda-ce 0.8 --lambda-kd 1.3 --lambda-feat 0.0 --student-tcn-dropout 0.08 --student-tcn-channels 64 --student-classifier-hidden 128 --student-classifier-dropout 0.25 --student-attn-dropout 0.05 --student-attn-ff-dim 192 --student-tcn-dilation-base 2",/home/huang_kai/wind_turbine_phm/PHOENIX-main/autoencoder_benchmark/ablation_experiments/h1/reports/comparison_18d_baselines/teacher_student_reference/student_h1_strict_valf1_20260522/logs/stage4_stage4_s3_s2_s1_l4_o3_c6_r4_seed77.log,1.0,0.7978000000000001,0.720718,0.9045000000000001,18,1.0,"{""attn_dropout"": 0.05, ""attn_ff_dim"": 192, ""attn_heads"": 4, ""classifier_dropout"": 0.25, ""classifier_hidden"": 128, ""latent_dim"": 64, ""tcn_channels"": 64, ""tcn_dilation_base"": 2, ""tcn_dropout"": 0.08, ""tcn_kernel"": 3, ""tcn_layers"": 2}"
stage4,stage4_s3_s2_s1_l4_o3_c6_r4,s3_s2_s1_l4_o3_c6_r4,val_macro_f1,122,80,128,2.0,0.8,1.3,0.0,0.00025,0.0002,0.08,,64,128,0.25,0.05,192,2,/home/huang_kai/wind_turbine_phm/PHOENIX-main/autoencoder_benchmark/ablation_experiments/h1/results/comparison_18d_baselines/teacher_student_reference/student_h1_strict_valf1_20260522/stage4/stage4_s3_s2_s1_l4_o3_c6_r4,9,success,distill_tcn_attn_weld_seam_windows_ws5_tf75_pg0_h1_ep80_lr0.00025_bs128_T2.0_lce0.8_lkd1.3_lf0.0_seed122,/home/huang_kai/wind_turbine_phm/PHOENIX-main/autoencoder_benchmark/ablation_experiments/h1/results/comparison_18d_baselines/teacher_student_reference/student_h1_strict_valf1_20260522/stage4/stage4_s3_s2_s1_l4_o3_c6_r4/distill_tcn_attn_weld_seam_windows_ws5_tf75_pg0_h1_ep80_lr0.00025_bs128_T2.0_lce0.8_lkd1.3_lf0.0_seed122,10.95,1,/home/huang_kai/wind_turbine_phm/PHOENIX-main/autoencoder_benchmark/outputs/teacher_h1_forecast_95/manifests/best_teacher_h1.json,"/usr/bin/python /home/huang_kai/wind_turbine_phm/PHOENIX-main/autoencoder_benchmark/train_distill_single_tcn_student.py --dataset-npz /home/huang_kai/wind_turbine_phm/PHOENIX-main/autoencoder_benchmark/Data/processed_data/weld_seam_windows_ws5_tf75_pg0_h1.npz --teacher-ckpt /home/huang_kai/wind_turbine_phm/PHOENIX-main/autoencoder_benchmark/outputs/teacher_h1_forecast_95/runs/single_tcn_attn_weld_seam_windows_ws5_tf75_pg0_h1_ep80_lr0.0003_bs128_k3_l2_d0.1_lat64_wd0.0005_seed183/best_single_tcn.pth --teacher-run-args /home/huang_kai/wind_turbine_phm/PHOENIX-main/autoencoder_benchmark/outputs/teacher_h1_forecast_95/runs/single_tcn_attn_weld_seam_windows_ws5_tf75_pg0_h1_ep80_lr0.0003_bs128_k3_l2_d0.1_lat64_wd0.0005_seed183/run_args.json --output-dir /home/huang_kai/wind_turbine_phm/PHOENIX-main/autoencoder_benchmark/ablation_experiments/h1/results/comparison_18d_baselines/teacher_student_reference/student_h1_strict_valf1_20260522/stage4/stage4_s3_s2_s1_l4_o3_c6_r4 --drop-feature-indices 3,4,5,6,7 --epochs 80 --batch-size 128 --lr 0.00025 --weight-decay 0.0002 --seed 122 --class-weights auto --weighted-sampler --val-ratio 0.15 --early-stop-patience 16 --min-epochs 12 --checkpoint-metric val_macro_f1 --temperature 2.0 --lambda-ce 0.8 --lambda-kd 1.3 --lambda-feat 0.0 --student-tcn-dropout 0.08 --student-tcn-channels 64 --student-classifier-hidden 128 --student-classifier-dropout 0.25 --student-attn-dropout 0.05 --student-attn-ff-dim 192 --student-tcn-dilation-base 2",/home/huang_kai/wind_turbine_phm/PHOENIX-main/autoencoder_benchmark/ablation_experiments/h1/reports/comparison_18d_baselines/teacher_student_reference/student_h1_strict_valf1_20260522/logs/stage4_stage4_s3_s2_s1_l4_o3_c6_r4_seed122.log,1.0,0.8201999999999999,0.748518,0.9213,10,1.0,"{""attn_dropout"": 0.05, ""attn_ff_dim"": 192, ""attn_heads"": 4, ""classifier_dropout"": 0.25, ""classifier_hidden"": 128, ""latent_dim"": 64, ""tcn_channels"": 64, ""tcn_dilation_base"": 2, ""tcn_dropout"": 0.08, ""tcn_kernel"": 3, ""tcn_layers"": 2}"
stage4,stage4_s3_s2_s1_l4_o3_c6_r4,s3_s2_s1_l4_o3_c6_r4,val_macro_f1,183,80,128,2.0,0.8,1.3,0.0,0.00025,0.0002,0.08,,64,128,0.25,0.05,192,2,/home/huang_kai/wind_turbine_phm/PHOENIX-main/autoencoder_benchmark/ablation_experiments/h1/results/comparison_18d_baselines/teacher_student_reference/student_h1_strict_valf1_20260522/stage4/stage4_s3_s2_s1_l4_o3_c6_r4,10,success,distill_tcn_attn_weld_seam_windows_ws5_tf75_pg0_h1_ep80_lr0.00025_bs128_T2.0_lce0.8_lkd1.3_lf0.0_seed183,/home/huang_kai/wind_turbine_phm/PHOENIX-main/autoencoder_benchmark/ablation_experiments/h1/results/comparison_18d_baselines/teacher_student_reference/student_h1_strict_valf1_20260522/stage4/stage4_s3_s2_s1_l4_o3_c6_r4/distill_tcn_attn_weld_seam_windows_ws5_tf75_pg0_h1_ep80_lr0.00025_bs128_T2.0_lce0.8_lkd1.3_lf0.0_seed183,9.93,1,/home/huang_kai/wind_turbine_phm/PHOENIX-main/autoencoder_benchmark/outputs/teacher_h1_forecast_95/manifests/best_teacher_h1.json,"/usr/bin/python /home/huang_kai/wind_turbine_phm/PHOENIX-main/autoencoder_benchmark/train_distill_single_tcn_student.py --dataset-npz /home/huang_kai/wind_turbine_phm/PHOENIX-main/autoencoder_benchmark/Data/processed_data/weld_seam_windows_ws5_tf75_pg0_h1.npz --teacher-ckpt /home/huang_kai/wind_turbine_phm/PHOENIX-main/autoencoder_benchmark/outputs/teacher_h1_forecast_95/runs/single_tcn_attn_weld_seam_windows_ws5_tf75_pg0_h1_ep80_lr0.0003_bs128_k3_l2_d0.1_lat64_wd0.0005_seed183/best_single_tcn.pth --teacher-run-args /home/huang_kai/wind_turbine_phm/PHOENIX-main/autoencoder_benchmark/outputs/teacher_h1_forecast_95/runs/single_tcn_attn_weld_seam_windows_ws5_tf75_pg0_h1_ep80_lr0.0003_bs128_k3_l2_d0.1_lat64_wd0.0005_seed183/run_args.json --output-dir /home/huang_kai/wind_turbine_phm/PHOENIX-main/autoencoder_benchmark/ablation_experiments/h1/results/comparison_18d_baselines/teacher_student_reference/student_h1_strict_valf1_20260522/stage4/stage4_s3_s2_s1_l4_o3_c6_r4 --drop-feature-indices 3,4,5,6,7 --epochs 80 --batch-size 128 --lr 0.00025 --weight-decay 0.0002 --seed 183 --class-weights auto --weighted-sampler --val-ratio 0.15 --early-stop-patience 16 --min-epochs 12 --checkpoint-metric val_macro_f1 --temperature 2.0 --lambda-ce 0.8 --lambda-kd 1.3 --lambda-feat 0.0 --student-tcn-dropout 0.08 --student-tcn-channels 64 --student-classifier-hidden 128 --student-classifier-dropout 0.25 --student-attn-dropout 0.05 --student-attn-ff-dim 192 --student-tcn-dilation-base 2",/home/huang_kai/wind_turbine_phm/PHOENIX-main/autoencoder_benchmark/ablation_experiments/h1/reports/comparison_18d_baselines/teacher_student_reference/student_h1_strict_valf1_20260522/logs/stage4_stage4_s3_s2_s1_l4_o3_c6_r4_seed183.log,1.0,0.8006,0.728249,0.9073,7,1.0,"{""attn_dropout"": 0.05, ""attn_ff_dim"": 192, ""attn_heads"": 4, ""classifier_dropout"": 0.25, ""classifier_hidden"": 128, ""latent_dim"": 64, ""tcn_channels"": 64, ""tcn_dilation_base"": 2, ""tcn_dropout"": 0.08, ""tcn_kernel"": 3, ""tcn_layers"": 2}"
stage4,stage4_s3_s2_s1_l4_o1_c2_r1,s3_s2_s1_l4_o1_c2_r1,val_macro_f1,7,80,128,2.0,0.9,1.1,0.0,0.0001,0.00015,0.12,,,64,0.4,0.1,,2,/home/huang_kai/wind_turbine_phm/PHOENIX-main/autoencoder_benchmark/ablation_experiments/h1/results/comparison_18d_baselines/teacher_student_reference/student_h1_strict_valf1_20260522/stage4/stage4_s3_s2_s1_l4_o1_c2_r1,11,success,distill_tcn_attn_weld_seam_windows_ws5_tf75_pg0_h1_ep80_lr0.0001_bs128_T2.0_lce0.9_lkd1.1_lf0.0_seed7,/home/huang_kai/wind_turbine_phm/PHOENIX-main/autoencoder_benchmark/ablation_experiments/h1/results/comparison_18d_baselines/teacher_student_reference/student_h1_strict_valf1_20260522/stage4/stage4_s3_s2_s1_l4_o1_c2_r1/distill_tcn_attn_weld_seam_windows_ws5_tf75_pg0_h1_ep80_lr0.0001_bs128_T2.0_lce0.9_lkd1.1_lf0.0_seed7,14.66,1,/home/huang_kai/wind_turbine_phm/PHOENIX-main/autoencoder_benchmark/outputs/teacher_h1_forecast_95/manifests/best_teacher_h1.json,"/usr/bin/python /home/huang_kai/wind_turbine_phm/PHOENIX-main/autoencoder_benchmark/train_distill_single_tcn_student.py --dataset-npz /home/huang_kai/wind_turbine_phm/PHOENIX-main/autoencoder_benchmark/Data/processed_data/weld_seam_windows_ws5_tf75_pg0_h1.npz --teacher-ckpt /home/huang_kai/wind_turbine_phm/PHOENIX-main/autoencoder_benchmark/outputs/teacher_h1_forecast_95/runs/single_tcn_attn_weld_seam_windows_ws5_tf75_pg0_h1_ep80_lr0.0003_bs128_k3_l2_d0.1_lat64_wd0.0005_seed183/best_single_tcn.pth --teacher-run-args /home/huang_kai/wind_turbine_phm/PHOENIX-main/autoencoder_benchmark/outputs/teacher_h1_forecast_95/runs/single_tcn_attn_weld_seam_windows_ws5_tf75_pg0_h1_ep80_lr0.0003_bs128_k3_l2_d0.1_lat64_wd0.0005_seed183/run_args.json --output-dir /home/huang_kai/wind_turbine_phm/PHOENIX-main/autoencoder_benchmark/ablation_experiments/h1/results/comparison_18d_baselines/teacher_student_reference/student_h1_strict_valf1_20260522/stage4/stage4_s3_s2_s1_l4_o1_c2_r1 --drop-feature-indices 3,4,5,6,7 --epochs 80 --batch-size 128 --lr 0.0001 --weight-decay 0.00015 --seed 7 --class-weights auto --weighted-sampler --val-ratio 0.15 --early-stop-patience 16 --min-epochs 12 --checkpoint-metric val_macro_f1 --temperature 2.0 --lambda-ce 0.9 --lambda-kd 1.1 --lambda-feat 0.0 --student-tcn-dropout 0.12 --student-classifier-hidden 64 --student-classifier-dropout 0.4 --student-attn-dropout 0.1 --student-tcn-dilation-base 2",/home/huang_kai/wind_turbine_phm/PHOENIX-main/autoencoder_benchmark/ablation_experiments/h1/reports/comparison_18d_baselines/teacher_student_reference/student_h1_strict_valf1_20260522/logs/stage4_stage4_s3_s2_s1_l4_o1_c2_r1_seed7.log,1.0,0.8343,0.752858,0.8961,21,1.0,"{""attn_dropout"": 0.1, ""attn_ff_dim"": 128, ""attn_heads"": 4, ""classifier_dropout"": 0.4, ""classifier_hidden"": 64, ""latent_dim"": 64, ""tcn_channels"": 64, ""tcn_dilation_base"": 2, ""tcn_dropout"": 0.12, ""tcn_kernel"": 3, ""tcn_layers"": 2}"
stage4,stage4_s3_s2_s1_l4_o1_c2_r1,s3_s2_s1_l4_o1_c2_r1,val_macro_f1,21,80,128,2.0,0.9,1.1,0.0,0.0001,0.00015,0.12,,,64,0.4,0.1,,2,/home/huang_kai/wind_turbine_phm/PHOENIX-main/autoencoder_benchmark/ablation_experiments/h1/results/comparison_18d_baselines/teacher_student_reference/student_h1_strict_valf1_20260522/stage4/stage4_s3_s2_s1_l4_o1_c2_r1,12,success,distill_tcn_attn_weld_seam_windows_ws5_tf75_pg0_h1_ep80_lr0.0001_bs128_T2.0_lce0.9_lkd1.1_lf0.0_seed21,/home/huang_kai/wind_turbine_phm/PHOENIX-main/autoencoder_benchmark/ablation_experiments/h1/results/comparison_18d_baselines/teacher_student_reference/student_h1_strict_valf1_20260522/stage4/stage4_s3_s2_s1_l4_o1_c2_r1/distill_tcn_attn_weld_seam_windows_ws5_tf75_pg0_h1_ep80_lr0.0001_bs128_T2.0_lce0.9_lkd1.1_lf0.0_seed21,14.63,1,/home/huang_kai/wind_turbine_phm/PHOENIX-main/autoencoder_benchmark/outputs/teacher_h1_forecast_95/manifests/best_teacher_h1.json,"/usr/bin/python /home/huang_kai/wind_turbine_phm/PHOENIX-main/autoencoder_benchmark/train_distill_single_tcn_student.py --dataset-npz /home/huang_kai/wind_turbine_phm/PHOENIX-main/autoencoder_benchmark/Data/processed_data/weld_seam_windows_ws5_tf75_pg0_h1.npz --teacher-ckpt /home/huang_kai/wind_turbine_phm/PHOENIX-main/autoencoder_benchmark/outputs/teacher_h1_forecast_95/runs/single_tcn_attn_weld_seam_windows_ws5_tf75_pg0_h1_ep80_lr0.0003_bs128_k3_l2_d0.1_lat64_wd0.0005_seed183/best_single_tcn.pth --teacher-run-args /home/huang_kai/wind_turbine_phm/PHOENIX-main/autoencoder_benchmark/outputs/teacher_h1_forecast_95/runs/single_tcn_attn_weld_seam_windows_ws5_tf75_pg0_h1_ep80_lr0.0003_bs128_k3_l2_d0.1_lat64_wd0.0005_seed183/run_args.json --output-dir /home/huang_kai/wind_turbine_phm/PHOENIX-main/autoencoder_benchmark/ablation_experiments/h1/results/comparison_18d_baselines/teacher_student_reference/student_h1_strict_valf1_20260522/stage4/stage4_s3_s2_s1_l4_o1_c2_r1 --drop-feature-indices 3,4,5,6,7 --epochs 80 --batch-size 128 --lr 0.0001 --weight-decay 0.00015 --seed 21 --class-weights auto --weighted-sampler --val-ratio 0.15 --early-stop-patience 16 --min-epochs 12 --checkpoint-metric val_macro_f1 --temperature 2.0 --lambda-ce 0.9 --lambda-kd 1.1 --lambda-feat 0.0 --student-tcn-dropout 0.12 --student-classifier-hidden 64 --student-classifier-dropout 0.4 --student-attn-dropout 0.1 --student-tcn-dilation-base 2",/home/huang_kai/wind_turbine_phm/PHOENIX-main/autoencoder_benchmark/ablation_experiments/h1/reports/comparison_18d_baselines/teacher_student_reference/student_h1_strict_valf1_20260522/logs/stage4_stage4_s3_s2_s1_l4_o1_c2_r1_seed21.log,1.0,0.7948999999999999,0.721926,0.8961,23,1.0,"{""attn_dropout"": 0.1, ""attn_ff_dim"": 128, ""attn_heads"": 4, ""classifier_dropout"": 0.4, ""classifier_hidden"": 64, ""latent_dim"": 64, ""tcn_channels"": 64, ""tcn_dilation_base"": 2, ""tcn_dropout"": 0.12, ""tcn_kernel"": 3, ""tcn_layers"": 2}"
stage4,stage4_s3_s2_s1_l4_o1_c2_r1,s3_s2_s1_l4_o1_c2_r1,val_macro_f1,77,80,128,2.0,0.9,1.1,0.0,0.0001,0.00015,0.12,,,64,0.4,0.1,,2,/home/huang_kai/wind_turbine_phm/PHOENIX-main/autoencoder_benchmark/ablation_experiments/h1/results/comparison_18d_baselines/teacher_student_reference/student_h1_strict_valf1_20260522/stage4/stage4_s3_s2_s1_l4_o1_c2_r1,13,success,distill_tcn_attn_weld_seam_windows_ws5_tf75_pg0_h1_ep80_lr0.0001_bs128_T2.0_lce0.9_lkd1.1_lf0.0_seed77,/home/huang_kai/wind_turbine_phm/PHOENIX-main/autoencoder_benchmark/ablation_experiments/h1/results/comparison_18d_baselines/teacher_student_reference/student_h1_strict_valf1_20260522/stage4/stage4_s3_s2_s1_l4_o1_c2_r1/distill_tcn_attn_weld_seam_windows_ws5_tf75_pg0_h1_ep80_lr0.0001_bs128_T2.0_lce0.9_lkd1.1_lf0.0_seed77,16.68,1,/home/huang_kai/wind_turbine_phm/PHOENIX-main/autoencoder_benchmark/outputs/teacher_h1_forecast_95/manifests/best_teacher_h1.json,"/usr/bin/python /home/huang_kai/wind_turbine_phm/PHOENIX-main/autoencoder_benchmark/train_distill_single_tcn_student.py --dataset-npz /home/huang_kai/wind_turbine_phm/PHOENIX-main/autoencoder_benchmark/Data/processed_data/weld_seam_windows_ws5_tf75_pg0_h1.npz --teacher-ckpt /home/huang_kai/wind_turbine_phm/PHOENIX-main/autoencoder_benchmark/outputs/teacher_h1_forecast_95/runs/single_tcn_attn_weld_seam_windows_ws5_tf75_pg0_h1_ep80_lr0.0003_bs128_k3_l2_d0.1_lat64_wd0.0005_seed183/best_single_tcn.pth --teacher-run-args /home/huang_kai/wind_turbine_phm/PHOENIX-main/autoencoder_benchmark/outputs/teacher_h1_forecast_95/runs/single_tcn_attn_weld_seam_windows_ws5_tf75_pg0_h1_ep80_lr0.0003_bs128_k3_l2_d0.1_lat64_wd0.0005_seed183/run_args.json --output-dir /home/huang_kai/wind_turbine_phm/PHOENIX-main/autoencoder_benchmark/ablation_experiments/h1/results/comparison_18d_baselines/teacher_student_reference/student_h1_strict_valf1_20260522/stage4/stage4_s3_s2_s1_l4_o1_c2_r1 --drop-feature-indices 3,4,5,6,7 --epochs 80 --batch-size 128 --lr 0.0001 --weight-decay 0.00015 --seed 77 --class-weights auto --weighted-sampler --val-ratio 0.15 --early-stop-patience 16 --min-epochs 12 --checkpoint-metric val_macro_f1 --temperature 2.0 --lambda-ce 0.9 --lambda-kd 1.1 --lambda-feat 0.0 --student-tcn-dropout 0.12 --student-classifier-hidden 64 --student-classifier-dropout 0.4 --student-attn-dropout 0.1 --student-tcn-dilation-base 2",/home/huang_kai/wind_turbine_phm/PHOENIX-main/autoencoder_benchmark/ablation_experiments/h1/reports/comparison_18d_baselines/teacher_student_reference/student_h1_strict_valf1_20260522/logs/stage4_stage4_s3_s2_s1_l4_o1_c2_r1_seed77.log,1.0,0.8287,0.759304,0.9354,28,1.0,"{""attn_dropout"": 0.1, ""attn_ff_dim"": 128, ""attn_heads"": 4, ""classifier_dropout"": 0.4, ""classifier_hidden"": 64, ""latent_dim"": 64, ""tcn_channels"": 64, ""tcn_dilation_base"": 2, ""tcn_dropout"": 0.12, ""tcn_kernel"": 3, ""tcn_layers"": 2}"
stage4,stage4_s3_s2_s1_l4_o1_c2_r1,s3_s2_s1_l4_o1_c2_r1,val_macro_f1,122,80,128,2.0,0.9,1.1,0.0,0.0001,0.00015,0.12,,,64,0.4,0.1,,2,/home/huang_kai/wind_turbine_phm/PHOENIX-main/autoencoder_benchmark/ablation_experiments/h1/results/comparison_18d_baselines/teacher_student_reference/student_h1_strict_valf1_20260522/stage4/stage4_s3_s2_s1_l4_o1_c2_r1,14,success,distill_tcn_attn_weld_seam_windows_ws5_tf75_pg0_h1_ep80_lr0.0001_bs128_T2.0_lce0.9_lkd1.1_lf0.0_seed122,/home/huang_kai/wind_turbine_phm/PHOENIX-main/autoencoder_benchmark/ablation_experiments/h1/results/comparison_18d_baselines/teacher_student_reference/student_h1_strict_valf1_20260522/stage4/stage4_s3_s2_s1_l4_o1_c2_r1/distill_tcn_attn_weld_seam_windows_ws5_tf75_pg0_h1_ep80_lr0.0001_bs128_T2.0_lce0.9_lkd1.1_lf0.0_seed122,15.77,1,/home/huang_kai/wind_turbine_phm/PHOENIX-main/autoencoder_benchmark/outputs/teacher_h1_forecast_95/manifests/best_teacher_h1.json,"/usr/bin/python /home/huang_kai/wind_turbine_phm/PHOENIX-main/autoencoder_benchmark/train_distill_single_tcn_student.py --dataset-npz /home/huang_kai/wind_turbine_phm/PHOENIX-main/autoencoder_benchmark/Data/processed_data/weld_seam_windows_ws5_tf75_pg0_h1.npz --teacher-ckpt /home/huang_kai/wind_turbine_phm/PHOENIX-main/autoencoder_benchmark/outputs/teacher_h1_forecast_95/runs/single_tcn_attn_weld_seam_windows_ws5_tf75_pg0_h1_ep80_lr0.0003_bs128_k3_l2_d0.1_lat64_wd0.0005_seed183/best_single_tcn.pth --teacher-run-args /home/huang_kai/wind_turbine_phm/PHOENIX-main/autoencoder_benchmark/outputs/teacher_h1_forecast_95/runs/single_tcn_attn_weld_seam_windows_ws5_tf75_pg0_h1_ep80_lr0.0003_bs128_k3_l2_d0.1_lat64_wd0.0005_seed183/run_args.json --output-dir /home/huang_kai/wind_turbine_phm/PHOENIX-main/autoencoder_benchmark/ablation_experiments/h1/results/comparison_18d_baselines/teacher_student_reference/student_h1_strict_valf1_20260522/stage4/stage4_s3_s2_s1_l4_o1_c2_r1 --drop-feature-indices 3,4,5,6,7 --epochs 80 --batch-size 128 --lr 0.0001 --weight-decay 0.00015 --seed 122 --class-weights auto --weighted-sampler --val-ratio 0.15 --early-stop-patience 16 --min-epochs 12 --checkpoint-metric val_macro_f1 --temperature 2.0 --lambda-ce 0.9 --lambda-kd 1.1 --lambda-feat 0.0 --student-tcn-dropout 0.12 --student-classifier-hidden 64 --student-classifier-dropout 0.4 --student-attn-dropout 0.1 --student-tcn-dilation-base 2",/home/huang_kai/wind_turbine_phm/PHOENIX-main/autoencoder_benchmark/ablation_experiments/h1/reports/comparison_18d_baselines/teacher_student_reference/student_h1_strict_valf1_20260522/logs/stage4_stage4_s3_s2_s1_l4_o1_c2_r1_seed122.log,0.991859,0.8482999999999999,0.765671,0.927,25,0.991859,"{""attn_dropout"": 0.1, ""attn_ff_dim"": 128, ""attn_heads"": 4, ""classifier_dropout"": 0.4, ""classifier_hidden"": 64, ""latent_dim"": 64, ""tcn_channels"": 64, ""tcn_dilation_base"": 2, ""tcn_dropout"": 0.12, ""tcn_kernel"": 3, ""tcn_layers"": 2}"
stage4,stage4_s3_s2_s1_l4_o1_c2_r1,s3_s2_s1_l4_o1_c2_r1,val_macro_f1,183,80,128,2.0,0.9,1.1,0.0,0.0001,0.00015,0.12,,,64,0.4,0.1,,2,/home/huang_kai/wind_turbine_phm/PHOENIX-main/autoencoder_benchmark/ablation_experiments/h1/results/comparison_18d_baselines/teacher_student_reference/student_h1_strict_valf1_20260522/stage4/stage4_s3_s2_s1_l4_o1_c2_r1,15,success,distill_tcn_attn_weld_seam_windows_ws5_tf75_pg0_h1_ep80_lr0.0001_bs128_T2.0_lce0.9_lkd1.1_lf0.0_seed183,/home/huang_kai/wind_turbine_phm/PHOENIX-main/autoencoder_benchmark/ablation_experiments/h1/results/comparison_18d_baselines/teacher_student_reference/student_h1_strict_valf1_20260522/stage4/stage4_s3_s2_s1_l4_o1_c2_r1/distill_tcn_attn_weld_seam_windows_ws5_tf75_pg0_h1_ep80_lr0.0001_bs128_T2.0_lce0.9_lkd1.1_lf0.0_seed183,11.14,1,/home/huang_kai/wind_turbine_phm/PHOENIX-main/autoencoder_benchmark/outputs/teacher_h1_forecast_95/manifests/best_teacher_h1.json,"/usr/bin/python /home/huang_kai/wind_turbine_phm/PHOENIX-main/autoencoder_benchmark/train_distill_single_tcn_student.py --dataset-npz /home/huang_kai/wind_turbine_phm/PHOENIX-main/autoencoder_benchmark/Data/processed_data/weld_seam_windows_ws5_tf75_pg0_h1.npz --teacher-ckpt /home/huang_kai/wind_turbine_phm/PHOENIX-main/autoencoder_benchmark/outputs/teacher_h1_forecast_95/runs/single_tcn_attn_weld_seam_windows_ws5_tf75_pg0_h1_ep80_lr0.0003_bs128_k3_l2_d0.1_lat64_wd0.0005_seed183/best_single_tcn.pth --teacher-run-args /home/huang_kai/wind_turbine_phm/PHOENIX-main/autoencoder_benchmark/outputs/teacher_h1_forecast_95/runs/single_tcn_attn_weld_seam_windows_ws5_tf75_pg0_h1_ep80_lr0.0003_bs128_k3_l2_d0.1_lat64_wd0.0005_seed183/run_args.json --output-dir /home/huang_kai/wind_turbine_phm/PHOENIX-main/autoencoder_benchmark/ablation_experiments/h1/results/comparison_18d_baselines/teacher_student_reference/student_h1_strict_valf1_20260522/stage4/stage4_s3_s2_s1_l4_o1_c2_r1 --drop-feature-indices 3,4,5,6,7 --epochs 80 --batch-size 128 --lr 0.0001 --weight-decay 0.00015 --seed 183 --class-weights auto --weighted-sampler --val-ratio 0.15 --early-stop-patience 16 --min-epochs 12 --checkpoint-metric val_macro_f1 --temperature 2.0 --lambda-ce 0.9 --lambda-kd 1.1 --lambda-feat 0.0 --student-tcn-dropout 0.12 --student-classifier-hidden 64 --student-classifier-dropout 0.4 --student-attn-dropout 0.1 --student-tcn-dilation-base 2",/home/huang_kai/wind_turbine_phm/PHOENIX-main/autoencoder_benchmark/ablation_experiments/h1/reports/comparison_18d_baselines/teacher_student_reference/student_h1_strict_valf1_20260522/logs/stage4_stage4_s3_s2_s1_l4_o1_c2_r1_seed183.log,1.0,0.8287,0.771834,0.9185,16,1.0,"{""attn_dropout"": 0.1, ""attn_ff_dim"": 128, ""attn_heads"": 4, ""classifier_dropout"": 0.4, ""classifier_hidden"": 64, ""latent_dim"": 64, ""tcn_channels"": 64, ""tcn_dilation_base"": 2, ""tcn_dropout"": 0.12, ""tcn_kernel"": 3, ""tcn_layers"": 2}"
stage4,stage4_s3_s2_s1_l4_o3_c6_r1,s3_s2_s1_l4_o3_c6_r1,val_macro_f1,7,80,128,2.0,0.9,1.1,0.0,0.0002,0.0002,0.08,,64,128,0.25,0.05,192,2,/home/huang_kai/wind_turbine_phm/PHOENIX-main/autoencoder_benchmark/ablation_experiments/h1/results/comparison_18d_baselines/teacher_student_reference/student_h1_strict_valf1_20260522/stage4/stage4_s3_s2_s1_l4_o3_c6_r1,16,success,distill_tcn_attn_weld_seam_windows_ws5_tf75_pg0_h1_ep80_lr0.0002_bs128_T2.0_lce0.9_lkd1.1_lf0.0_seed7,/home/huang_kai/wind_turbine_phm/PHOENIX-main/autoencoder_benchmark/ablation_experiments/h1/results/comparison_18d_baselines/teacher_student_reference/student_h1_strict_valf1_20260522/stage4/stage4_s3_s2_s1_l4_o3_c6_r1/distill_tcn_attn_weld_seam_windows_ws5_tf75_pg0_h1_ep80_lr0.0002_bs128_T2.0_lce0.9_lkd1.1_lf0.0_seed7,9.24,1,/home/huang_kai/wind_turbine_phm/PHOENIX-main/autoencoder_benchmark/outputs/teacher_h1_forecast_95/manifests/best_teacher_h1.json,"/usr/bin/python /home/huang_kai/wind_turbine_phm/PHOENIX-main/autoencoder_benchmark/train_distill_single_tcn_student.py --dataset-npz /home/huang_kai/wind_turbine_phm/PHOENIX-main/autoencoder_benchmark/Data/processed_data/weld_seam_windows_ws5_tf75_pg0_h1.npz --teacher-ckpt /home/huang_kai/wind_turbine_phm/PHOENIX-main/autoencoder_benchmark/outputs/teacher_h1_forecast_95/runs/single_tcn_attn_weld_seam_windows_ws5_tf75_pg0_h1_ep80_lr0.0003_bs128_k3_l2_d0.1_lat64_wd0.0005_seed183/best_single_tcn.pth --teacher-run-args /home/huang_kai/wind_turbine_phm/PHOENIX-main/autoencoder_benchmark/outputs/teacher_h1_forecast_95/runs/single_tcn_attn_weld_seam_windows_ws5_tf75_pg0_h1_ep80_lr0.0003_bs128_k3_l2_d0.1_lat64_wd0.0005_seed183/run_args.json --output-dir /home/huang_kai/wind_turbine_phm/PHOENIX-main/autoencoder_benchmark/ablation_experiments/h1/results/comparison_18d_baselines/teacher_student_reference/student_h1_strict_valf1_20260522/stage4/stage4_s3_s2_s1_l4_o3_c6_r1 --drop-feature-indices 3,4,5,6,7 --epochs 80 --batch-size 128 --lr 0.0002 --weight-decay 0.0002 --seed 7 --class-weights auto --weighted-sampler --val-ratio 0.15 --early-stop-patience 16 --min-epochs 12 --checkpoint-metric val_macro_f1 --temperature 2.0 --lambda-ce 0.9 --lambda-kd 1.1 --lambda-feat 0.0 --student-tcn-dropout 0.08 --student-tcn-channels 64 --student-classifier-hidden 128 --student-classifier-dropout 0.25 --student-attn-dropout 0.05 --student-attn-ff-dim 192 --student-tcn-dilation-base 2",/home/huang_kai/wind_turbine_phm/PHOENIX-main/autoencoder_benchmark/ablation_experiments/h1/reports/comparison_18d_baselines/teacher_student_reference/student_h1_strict_valf1_20260522/logs/stage4_stage4_s3_s2_s1_l4_o3_c6_r1_seed7.log,1.0,0.809,0.745077,0.9101,9,1.0,"{""attn_dropout"": 0.05, ""attn_ff_dim"": 192, ""attn_heads"": 4, ""classifier_dropout"": 0.25, ""classifier_hidden"": 128, ""latent_dim"": 64, ""tcn_channels"": 64, ""tcn_dilation_base"": 2, ""tcn_dropout"": 0.08, ""tcn_kernel"": 3, ""tcn_layers"": 2}"
stage4,stage4_s3_s2_s1_l4_o3_c6_r1,s3_s2_s1_l4_o3_c6_r1,val_macro_f1,21,80,128,2.0,0.9,1.1,0.0,0.0002,0.0002,0.08,,64,128,0.25,0.05,192,2,/home/huang_kai/wind_turbine_phm/PHOENIX-main/autoencoder_benchmark/ablation_experiments/h1/results/comparison_18d_baselines/teacher_student_reference/student_h1_strict_valf1_20260522/stage4/stage4_s3_s2_s1_l4_o3_c6_r1,17,success,distill_tcn_attn_weld_seam_windows_ws5_tf75_pg0_h1_ep80_lr0.0002_bs128_T2.0_lce0.9_lkd1.1_lf0.0_seed21,/home/huang_kai/wind_turbine_phm/PHOENIX-main/autoencoder_benchmark/ablation_experiments/h1/results/comparison_18d_baselines/teacher_student_reference/student_h1_strict_valf1_20260522/stage4/stage4_s3_s2_s1_l4_o3_c6_r1/distill_tcn_attn_weld_seam_windows_ws5_tf75_pg0_h1_ep80_lr0.0002_bs128_T2.0_lce0.9_lkd1.1_lf0.0_seed21,10.9,1,/home/huang_kai/wind_turbine_phm/PHOENIX-main/autoencoder_benchmark/outputs/teacher_h1_forecast_95/manifests/best_teacher_h1.json,"/usr/bin/python /home/huang_kai/wind_turbine_phm/PHOENIX-main/autoencoder_benchmark/train_distill_single_tcn_student.py --dataset-npz /home/huang_kai/wind_turbine_phm/PHOENIX-main/autoencoder_benchmark/Data/processed_data/weld_seam_windows_ws5_tf75_pg0_h1.npz --teacher-ckpt /home/huang_kai/wind_turbine_phm/PHOENIX-main/autoencoder_benchmark/outputs/teacher_h1_forecast_95/runs/single_tcn_attn_weld_seam_windows_ws5_tf75_pg0_h1_ep80_lr0.0003_bs128_k3_l2_d0.1_lat64_wd0.0005_seed183/best_single_tcn.pth --teacher-run-args /home/huang_kai/wind_turbine_phm/PHOENIX-main/autoencoder_benchmark/outputs/teacher_h1_forecast_95/runs/single_tcn_attn_weld_seam_windows_ws5_tf75_pg0_h1_ep80_lr0.0003_bs128_k3_l2_d0.1_lat64_wd0.0005_seed183/run_args.json --output-dir /home/huang_kai/wind_turbine_phm/PHOENIX-main/autoencoder_benchmark/ablation_experiments/h1/results/comparison_18d_baselines/teacher_student_reference/student_h1_strict_valf1_20260522/stage4/stage4_s3_s2_s1_l4_o3_c6_r1 --drop-feature-indices 3,4,5,6,7 --epochs 80 --batch-size 128 --lr 0.0002 --weight-decay 0.0002 --seed 21 --class-weights auto --weighted-sampler --val-ratio 0.15 --early-stop-patience 16 --min-epochs 12 --checkpoint-metric val_macro_f1 --temperature 2.0 --lambda-ce 0.9 --lambda-kd 1.1 --lambda-feat 0.0 --student-tcn-dropout 0.08 --student-tcn-channels 64 --student-classifier-hidden 128 --student-classifier-dropout 0.25 --student-attn-dropout 0.05 --student-attn-ff-dim 192 --student-tcn-dilation-base 2",/home/huang_kai/wind_turbine_phm/PHOENIX-main/autoencoder_benchmark/ablation_experiments/h1/reports/comparison_18d_baselines/teacher_student_reference/student_h1_strict_valf1_20260522/logs/stage4_stage4_s3_s2_s1_l4_o3_c6_r1_seed21.log,1.0,0.7612000000000001,0.665627,0.8961,11,1.0,"{""attn_dropout"": 0.05, ""attn_ff_dim"": 192, ""attn_heads"": 4, ""classifier_dropout"": 0.25, ""classifier_hidden"": 128, ""latent_dim"": 64, ""tcn_channels"": 64, ""tcn_dilation_base"": 2, ""tcn_dropout"": 0.08, ""tcn_kernel"": 3, ""tcn_layers"": 2}"
stage4,stage4_s3_s2_s1_l4_o3_c6_r1,s3_s2_s1_l4_o3_c6_r1,val_macro_f1,77,80,128,2.0,0.9,1.1,0.0,0.0002,0.0002,0.08,,64,128,0.25,0.05,192,2,/home/huang_kai/wind_turbine_phm/PHOENIX-main/autoencoder_benchmark/ablation_experiments/h1/results/comparison_18d_baselines/teacher_student_reference/student_h1_strict_valf1_20260522/stage4/stage4_s3_s2_s1_l4_o3_c6_r1,18,success,distill_tcn_attn_weld_seam_windows_ws5_tf75_pg0_h1_ep80_lr0.0002_bs128_T2.0_lce0.9_lkd1.1_lf0.0_seed77,/home/huang_kai/wind_turbine_phm/PHOENIX-main/autoencoder_benchmark/ablation_experiments/h1/results/comparison_18d_baselines/teacher_student_reference/student_h1_strict_valf1_20260522/stage4/stage4_s3_s2_s1_l4_o3_c6_r1/distill_tcn_attn_weld_seam_windows_ws5_tf75_pg0_h1_ep80_lr0.0002_bs128_T2.0_lce0.9_lkd1.1_lf0.0_seed77,13.31,1,/home/huang_kai/wind_turbine_phm/PHOENIX-main/autoencoder_benchmark/outputs/teacher_h1_forecast_95/manifests/best_teacher_h1.json,"/usr/bin/python /home/huang_kai/wind_turbine_phm/PHOENIX-main/autoencoder_benchmark/train_distill_single_tcn_student.py --dataset-npz /home/huang_kai/wind_turbine_phm/PHOENIX-main/autoencoder_benchmark/Data/processed_data/weld_seam_windows_ws5_tf75_pg0_h1.npz --teacher-ckpt /home/huang_kai/wind_turbine_phm/PHOENIX-main/autoencoder_benchmark/outputs/teacher_h1_forecast_95/runs/single_tcn_attn_weld_seam_windows_ws5_tf75_pg0_h1_ep80_lr0.0003_bs128_k3_l2_d0.1_lat64_wd0.0005_seed183/best_single_tcn.pth --teacher-run-args /home/huang_kai/wind_turbine_phm/PHOENIX-main/autoencoder_benchmark/outputs/teacher_h1_forecast_95/runs/single_tcn_attn_weld_seam_windows_ws5_tf75_pg0_h1_ep80_lr0.0003_bs128_k3_l2_d0.1_lat64_wd0.0005_seed183/run_args.json --output-dir /home/huang_kai/wind_turbine_phm/PHOENIX-main/autoencoder_benchmark/ablation_experiments/h1/results/comparison_18d_baselines/teacher_student_reference/student_h1_strict_valf1_20260522/stage4/stage4_s3_s2_s1_l4_o3_c6_r1 --drop-feature-indices 3,4,5,6,7 --epochs 80 --batch-size 128 --lr 0.0002 --weight-decay 0.0002 --seed 77 --class-weights auto --weighted-sampler --val-ratio 0.15 --early-stop-patience 16 --min-epochs 12 --checkpoint-metric val_macro_f1 --temperature 2.0 --lambda-ce 0.9 --lambda-kd 1.1 --lambda-feat 0.0 --student-tcn-dropout 0.08 --student-tcn-channels 64 --student-classifier-hidden 128 --student-classifier-dropout 0.25 --student-attn-dropout 0.05 --student-attn-ff-dim 192 --student-tcn-dilation-base 2",/home/huang_kai/wind_turbine_phm/PHOENIX-main/autoencoder_benchmark/ablation_experiments/h1/reports/comparison_18d_baselines/teacher_student_reference/student_h1_strict_valf1_20260522/logs/stage4_stage4_s3_s2_s1_l4_o3_c6_r1_seed77.log,1.0,0.8118000000000001,0.742439,0.9185,18,1.0,"{""attn_dropout"": 0.05, ""attn_ff_dim"": 192, ""attn_heads"": 4, ""classifier_dropout"": 0.25, ""classifier_hidden"": 128, ""latent_dim"": 64, ""tcn_channels"": 64, ""tcn_dilation_base"": 2, ""tcn_dropout"": 0.08, ""tcn_kernel"": 3, ""tcn_layers"": 2}"
stage4,stage4_s3_s2_s1_l4_o3_c6_r1,s3_s2_s1_l4_o3_c6_r1,val_macro_f1,122,80,128,2.0,0.9,1.1,0.0,0.0002,0.0002,0.08,,64,128,0.25,0.05,192,2,/home/huang_kai/wind_turbine_phm/PHOENIX-main/autoencoder_benchmark/ablation_experiments/h1/results/comparison_18d_baselines/teacher_student_reference/student_h1_strict_valf1_20260522/stage4/stage4_s3_s2_s1_l4_o3_c6_r1,19,success,distill_tcn_attn_weld_seam_windows_ws5_tf75_pg0_h1_ep80_lr0.0002_bs128_T2.0_lce0.9_lkd1.1_lf0.0_seed122,/home/huang_kai/wind_turbine_phm/PHOENIX-main/autoencoder_benchmark/ablation_experiments/h1/results/comparison_18d_baselines/teacher_student_reference/student_h1_strict_valf1_20260522/stage4/stage4_s3_s2_s1_l4_o3_c6_r1/distill_tcn_attn_weld_seam_windows_ws5_tf75_pg0_h1_ep80_lr0.0002_bs128_T2.0_lce0.9_lkd1.1_lf0.0_seed122,11.91,1,/home/huang_kai/wind_turbine_phm/PHOENIX-main/autoencoder_benchmark/outputs/teacher_h1_forecast_95/manifests/best_teacher_h1.json,"/usr/bin/python /home/huang_kai/wind_turbine_phm/PHOENIX-main/autoencoder_benchmark/train_distill_single_tcn_student.py --dataset-npz /home/huang_kai/wind_turbine_phm/PHOENIX-main/autoencoder_benchmark/Data/processed_data/weld_seam_windows_ws5_tf75_pg0_h1.npz --teacher-ckpt /home/huang_kai/wind_turbine_phm/PHOENIX-main/autoencoder_benchmark/outputs/teacher_h1_forecast_95/runs/single_tcn_attn_weld_seam_windows_ws5_tf75_pg0_h1_ep80_lr0.0003_bs128_k3_l2_d0.1_lat64_wd0.0005_seed183/best_single_tcn.pth --teacher-run-args /home/huang_kai/wind_turbine_phm/PHOENIX-main/autoencoder_benchmark/outputs/teacher_h1_forecast_95/runs/single_tcn_attn_weld_seam_windows_ws5_tf75_pg0_h1_ep80_lr0.0003_bs128_k3_l2_d0.1_lat64_wd0.0005_seed183/run_args.json --output-dir /home/huang_kai/wind_turbine_phm/PHOENIX-main/autoencoder_benchmark/ablation_experiments/h1/results/comparison_18d_baselines/teacher_student_reference/student_h1_strict_valf1_20260522/stage4/stage4_s3_s2_s1_l4_o3_c6_r1 --drop-feature-indices 3,4,5,6,7 --epochs 80 --batch-size 128 --lr 0.0002 --weight-decay 0.0002 --seed 122 --class-weights auto --weighted-sampler --val-ratio 0.15 --early-stop-patience 16 --min-epochs 12 --checkpoint-metric val_macro_f1 --temperature 2.0 --lambda-ce 0.9 --lambda-kd 1.1 --lambda-feat 0.0 --student-tcn-dropout 0.08 --student-tcn-channels 64 --student-classifier-hidden 128 --student-classifier-dropout 0.25 --student-attn-dropout 0.05 --student-attn-ff-dim 192 --student-tcn-dilation-base 2",/home/huang_kai/wind_turbine_phm/PHOENIX-main/autoencoder_benchmark/ablation_experiments/h1/reports/comparison_18d_baselines/teacher_student_reference/student_h1_strict_valf1_20260522/logs/stage4_stage4_s3_s2_s1_l4_o3_c6_r1_seed122.log,1.0,0.8652,0.804695,0.9213,12,1.0,"{""attn_dropout"": 0.05, ""attn_ff_dim"": 192, ""attn_heads"": 4, ""classifier_dropout"": 0.25, ""classifier_hidden"": 128, ""latent_dim"": 64, ""tcn_channels"": 64, ""tcn_dilation_base"": 2, ""tcn_dropout"": 0.08, ""tcn_kernel"": 3, ""tcn_layers"": 2}"
stage4,stage4_s3_s2_s1_l4_o3_c6_r1,s3_s2_s1_l4_o3_c6_r1,val_macro_f1,183,80,128,2.0,0.9,1.1,0.0,0.0002,0.0002,0.08,,64,128,0.25,0.05,192,2,/home/huang_kai/wind_turbine_phm/PHOENIX-main/autoencoder_benchmark/ablation_experiments/h1/results/comparison_18d_baselines/teacher_student_reference/student_h1_strict_valf1_20260522/stage4/stage4_s3_s2_s1_l4_o3_c6_r1,20,success,distill_tcn_attn_weld_seam_windows_ws5_tf75_pg0_h1_ep80_lr0.0002_bs128_T2.0_lce0.9_lkd1.1_lf0.0_seed183,/home/huang_kai/wind_turbine_phm/PHOENIX-main/autoencoder_benchmark/ablation_experiments/h1/results/comparison_18d_baselines/teacher_student_reference/student_h1_strict_valf1_20260522/stage4/stage4_s3_s2_s1_l4_o3_c6_r1/distill_tcn_attn_weld_seam_windows_ws5_tf75_pg0_h1_ep80_lr0.0002_bs128_T2.0_lce0.9_lkd1.1_lf0.0_seed183,10.19,1,/home/huang_kai/wind_turbine_phm/PHOENIX-main/autoencoder_benchmark/outputs/teacher_h1_forecast_95/manifests/best_teacher_h1.json,"/usr/bin/python /home/huang_kai/wind_turbine_phm/PHOENIX-main/autoencoder_benchmark/train_distill_single_tcn_student.py --dataset-npz /home/huang_kai/wind_turbine_phm/PHOENIX-main/autoencoder_benchmark/Data/processed_data/weld_seam_windows_ws5_tf75_pg0_h1.npz --teacher-ckpt /home/huang_kai/wind_turbine_phm/PHOENIX-main/autoencoder_benchmark/outputs/teacher_h1_forecast_95/runs/single_tcn_attn_weld_seam_windows_ws5_tf75_pg0_h1_ep80_lr0.0003_bs128_k3_l2_d0.1_lat64_wd0.0005_seed183/best_single_tcn.pth --teacher-run-args /home/huang_kai/wind_turbine_phm/PHOENIX-main/autoencoder_benchmark/outputs/teacher_h1_forecast_95/runs/single_tcn_attn_weld_seam_windows_ws5_tf75_pg0_h1_ep80_lr0.0003_bs128_k3_l2_d0.1_lat64_wd0.0005_seed183/run_args.json --output-dir /home/huang_kai/wind_turbine_phm/PHOENIX-main/autoencoder_benchmark/ablation_experiments/h1/results/comparison_18d_baselines/teacher_student_reference/student_h1_strict_valf1_20260522/stage4/stage4_s3_s2_s1_l4_o3_c6_r1 --drop-feature-indices 3,4,5,6,7 --epochs 80 --batch-size 128 --lr 0.0002 --weight-decay 0.0002 --seed 183 --class-weights auto --weighted-sampler --val-ratio 0.15 --early-stop-patience 16 --min-epochs 12 --checkpoint-metric val_macro_f1 --temperature 2.0 --lambda-ce 0.9 --lambda-kd 1.1 --lambda-feat 0.0 --student-tcn-dropout 0.08 --student-tcn-channels 64 --student-classifier-hidden 128 --student-classifier-dropout 0.25 --student-attn-dropout 0.05 --student-attn-ff-dim 192 --student-tcn-dilation-base 2",/home/huang_kai/wind_turbine_phm/PHOENIX-main/autoencoder_benchmark/ablation_experiments/h1/reports/comparison_18d_baselines/teacher_student_reference/student_h1_strict_valf1_20260522/logs/stage4_stage4_s3_s2_s1_l4_o3_c6_r1_seed183.log,1.0,0.8371,0.783227,0.9045000000000001,7,1.0,"{""attn_dropout"": 0.05, ""attn_ff_dim"": 192, ""attn_heads"": 4, ""classifier_dropout"": 0.25, ""classifier_hidden"": 128, ""latent_dim"": 64, ""tcn_channels"": 64, ""tcn_dilation_base"": 2, ""tcn_dropout"": 0.08, ""tcn_kernel"": 3, ""tcn_layers"": 2}"
extension,extension_s3_s2_s1_l4_o3_c6_r3,s3_s2_s1_l4_o3_c6_r3,val_macro_f1,132,80,128,2.5,0.9,1.1,0.0,0.00025,0.0002,0.08,,64,128,0.25,0.05,192,2,/home/huang_kai/wind_turbine_phm/PHOENIX-main/autoencoder_benchmark/ablation_experiments/h1/results/comparison_18d_baselines/teacher_student_reference/student_h1_strict_valf1_20260522/extension/extension_s3_s2_s1_l4_o3_c6_r3,1,success,distill_tcn_attn_weld_seam_windows_ws5_tf75_pg0_h1_ep80_lr0.00025_bs128_T2.5_lce0.9_lkd1.1_lf0.0_seed132,/home/huang_kai/wind_turbine_phm/PHOENIX-main/autoencoder_benchmark/ablation_experiments/h1/results/comparison_18d_baselines/teacher_student_reference/student_h1_strict_valf1_20260522/extension/extension_s3_s2_s1_l4_o3_c6_r3/distill_tcn_attn_weld_seam_windows_ws5_tf75_pg0_h1_ep80_lr0.00025_bs128_T2.5_lce0.9_lkd1.1_lf0.0_seed132,11.12,1,/home/huang_kai/wind_turbine_phm/PHOENIX-main/autoencoder_benchmark/outputs/teacher_h1_forecast_95/manifests/best_teacher_h1.json,"/usr/bin/python /home/huang_kai/wind_turbine_phm/PHOENIX-main/autoencoder_benchmark/train_distill_single_tcn_student.py --dataset-npz /home/huang_kai/wind_turbine_phm/PHOENIX-main/autoencoder_benchmark/Data/processed_data/weld_seam_windows_ws5_tf75_pg0_h1.npz --teacher-ckpt /home/huang_kai/wind_turbine_phm/PHOENIX-main/autoencoder_benchmark/outputs/teacher_h1_forecast_95/runs/single_tcn_attn_weld_seam_windows_ws5_tf75_pg0_h1_ep80_lr0.0003_bs128_k3_l2_d0.1_lat64_wd0.0005_seed183/best_single_tcn.pth --teacher-run-args /home/huang_kai/wind_turbine_phm/PHOENIX-main/autoencoder_benchmark/outputs/teacher_h1_forecast_95/runs/single_tcn_attn_weld_seam_windows_ws5_tf75_pg0_h1_ep80_lr0.0003_bs128_k3_l2_d0.1_lat64_wd0.0005_seed183/run_args.json --output-dir /home/huang_kai/wind_turbine_phm/PHOENIX-main/autoencoder_benchmark/ablation_experiments/h1/results/comparison_18d_baselines/teacher_student_reference/student_h1_strict_valf1_20260522/extension/extension_s3_s2_s1_l4_o3_c6_r3 --drop-feature-indices 3,4,5,6,7 --epochs 80 --batch-size 128 --lr 0.00025 --weight-decay 0.0002 --seed 132 --class-weights auto --weighted-sampler --val-ratio 0.15 --early-stop-patience 16 --min-epochs 12 --checkpoint-metric val_macro_f1 --temperature 2.5 --lambda-ce 0.9 --lambda-kd 1.1 --lambda-feat 0.0 --student-tcn-dropout 0.08 --student-tcn-channels 64 --student-classifier-hidden 128 --student-classifier-dropout 0.25 --student-attn-dropout 0.05 --student-attn-ff-dim 192 --student-tcn-dilation-base 2",/home/huang_kai/wind_turbine_phm/PHOENIX-main/autoencoder_benchmark/ablation_experiments/h1/reports/comparison_18d_baselines/teacher_student_reference/student_h1_strict_valf1_20260522/logs/extension_extension_s3_s2_s1_l4_o3_c6_r3_seed132.log,1.0,0.8511,0.783165,0.9129,9,1.0,"{""attn_dropout"": 0.05, ""attn_ff_dim"": 192, ""attn_heads"": 4, ""classifier_dropout"": 0.25, ""classifier_hidden"": 128, ""latent_dim"": 64, ""tcn_channels"": 64, ""tcn_dilation_base"": 2, ""tcn_dropout"": 0.08, ""tcn_kernel"": 3, ""tcn_layers"": 2}"
extension,extension_s3_s2_s1_l4_o3_c6_r3,s3_s2_s1_l4_o3_c6_r3,val_macro_f1,230,80,128,2.5,0.9,1.1,0.0,0.00025,0.0002,0.08,,64,128,0.25,0.05,192,2,/home/huang_kai/wind_turbine_phm/PHOENIX-main/autoencoder_benchmark/ablation_experiments/h1/results/comparison_18d_baselines/teacher_student_reference/student_h1_strict_valf1_20260522/extension/extension_s3_s2_s1_l4_o3_c6_r3,2,success,distill_tcn_attn_weld_seam_windows_ws5_tf75_pg0_h1_ep80_lr0.00025_bs128_T2.5_lce0.9_lkd1.1_lf0.0_seed230,/home/huang_kai/wind_turbine_phm/PHOENIX-main/autoencoder_benchmark/ablation_experiments/h1/results/comparison_18d_baselines/teacher_student_reference/student_h1_strict_valf1_20260522/extension/extension_s3_s2_s1_l4_o3_c6_r3/distill_tcn_attn_weld_seam_windows_ws5_tf75_pg0_h1_ep80_lr0.00025_bs128_T2.5_lce0.9_lkd1.1_lf0.0_seed230,11.72,1,/home/huang_kai/wind_turbine_phm/PHOENIX-main/autoencoder_benchmark/outputs/teacher_h1_forecast_95/manifests/best_teacher_h1.json,"/usr/bin/python /home/huang_kai/wind_turbine_phm/PHOENIX-main/autoencoder_benchmark/train_distill_single_tcn_student.py --dataset-npz /home/huang_kai/wind_turbine_phm/PHOENIX-main/autoencoder_benchmark/Data/processed_data/weld_seam_windows_ws5_tf75_pg0_h1.npz --teacher-ckpt /home/huang_kai/wind_turbine_phm/PHOENIX-main/autoencoder_benchmark/outputs/teacher_h1_forecast_95/runs/single_tcn_attn_weld_seam_windows_ws5_tf75_pg0_h1_ep80_lr0.0003_bs128_k3_l2_d0.1_lat64_wd0.0005_seed183/best_single_tcn.pth --teacher-run-args /home/huang_kai/wind_turbine_phm/PHOENIX-main/autoencoder_benchmark/outputs/teacher_h1_forecast_95/runs/single_tcn_attn_weld_seam_windows_ws5_tf75_pg0_h1_ep80_lr0.0003_bs128_k3_l2_d0.1_lat64_wd0.0005_seed183/run_args.json --output-dir /home/huang_kai/wind_turbine_phm/PHOENIX-main/autoencoder_benchmark/ablation_experiments/h1/results/comparison_18d_baselines/teacher_student_reference/student_h1_strict_valf1_20260522/extension/extension_s3_s2_s1_l4_o3_c6_r3 --drop-feature-indices 3,4,5,6,7 --epochs 80 --batch-size 128 --lr 0.00025 --weight-decay 0.0002 --seed 230 --class-weights auto --weighted-sampler --val-ratio 0.15 --early-stop-patience 16 --min-epochs 12 --checkpoint-metric val_macro_f1 --temperature 2.5 --lambda-ce 0.9 --lambda-kd 1.1 --lambda-feat 0.0 --student-tcn-dropout 0.08 --student-tcn-channels 64 --student-classifier-hidden 128 --student-classifier-dropout 0.25 --student-attn-dropout 0.05 --student-attn-ff-dim 192 --student-tcn-dilation-base 2",/home/huang_kai/wind_turbine_phm/PHOENIX-main/autoencoder_benchmark/ablation_experiments/h1/reports/comparison_18d_baselines/teacher_student_reference/student_h1_strict_valf1_20260522/logs/extension_extension_s3_s2_s1_l4_o3_c6_r3_seed230.log,1.0,0.8427,0.776092,0.8708,11,1.0,"{""attn_dropout"": 0.05, ""attn_ff_dim"": 192, ""attn_heads"": 4, ""classifier_dropout"": 0.25, ""classifier_hidden"": 128, ""latent_dim"": 64, ""tcn_channels"": 64, ""tcn_dilation_base"": 2, ""tcn_dropout"": 0.08, ""tcn_kernel"": 3, ""tcn_layers"": 2}"
extension,extension_s3_s2_s1_l4_o3_c6_r3,s3_s2_s1_l4_o3_c6_r3,val_macro_f1,314,80,128,2.5,0.9,1.1,0.0,0.00025,0.0002,0.08,,64,128,0.25,0.05,192,2,/home/huang_kai/wind_turbine_phm/PHOENIX-main/autoencoder_benchmark/ablation_experiments/h1/results/comparison_18d_baselines/teacher_student_reference/student_h1_strict_valf1_20260522/extension/extension_s3_s2_s1_l4_o3_c6_r3,3,success,distill_tcn_attn_weld_seam_windows_ws5_tf75_pg0_h1_ep80_lr0.00025_bs128_T2.5_lce0.9_lkd1.1_lf0.0_seed314,/home/huang_kai/wind_turbine_phm/PHOENIX-main/autoencoder_benchmark/ablation_experiments/h1/results/comparison_18d_baselines/teacher_student_reference/student_h1_strict_valf1_20260522/extension/extension_s3_s2_s1_l4_o3_c6_r3/distill_tcn_attn_weld_seam_windows_ws5_tf75_pg0_h1_ep80_lr0.00025_bs128_T2.5_lce0.9_lkd1.1_lf0.0_seed314,10.17,1,/home/huang_kai/wind_turbine_phm/PHOENIX-main/autoencoder_benchmark/outputs/teacher_h1_forecast_95/manifests/best_teacher_h1.json,"/usr/bin/python /home/huang_kai/wind_turbine_phm/PHOENIX-main/autoencoder_benchmark/train_distill_single_tcn_student.py --dataset-npz /home/huang_kai/wind_turbine_phm/PHOENIX-main/autoencoder_benchmark/Data/processed_data/weld_seam_windows_ws5_tf75_pg0_h1.npz --teacher-ckpt /home/huang_kai/wind_turbine_phm/PHOENIX-main/autoencoder_benchmark/outputs/teacher_h1_forecast_95/runs/single_tcn_attn_weld_seam_windows_ws5_tf75_pg0_h1_ep80_lr0.0003_bs128_k3_l2_d0.1_lat64_wd0.0005_seed183/best_single_tcn.pth --teacher-run-args /home/huang_kai/wind_turbine_phm/PHOENIX-main/autoencoder_benchmark/outputs/teacher_h1_forecast_95/runs/single_tcn_attn_weld_seam_windows_ws5_tf75_pg0_h1_ep80_lr0.0003_bs128_k3_l2_d0.1_lat64_wd0.0005_seed183/run_args.json --output-dir /home/huang_kai/wind_turbine_phm/PHOENIX-main/autoencoder_benchmark/ablation_experiments/h1/results/comparison_18d_baselines/teacher_student_reference/student_h1_strict_valf1_20260522/extension/extension_s3_s2_s1_l4_o3_c6_r3 --drop-feature-indices 3,4,5,6,7 --epochs 80 --batch-size 128 --lr 0.00025 --weight-decay 0.0002 --seed 314 --class-weights auto --weighted-sampler --val-ratio 0.15 --early-stop-patience 16 --min-epochs 12 --checkpoint-metric val_macro_f1 --temperature 2.5 --lambda-ce 0.9 --lambda-kd 1.1 --lambda-feat 0.0 --student-tcn-dropout 0.08 --student-tcn-channels 64 --student-classifier-hidden 128 --student-classifier-dropout 0.25 --student-attn-dropout 0.05 --student-attn-ff-dim 192 --student-tcn-dilation-base 2",/home/huang_kai/wind_turbine_phm/PHOENIX-main/autoencoder_benchmark/ablation_experiments/h1/reports/comparison_18d_baselines/teacher_student_reference/student_h1_strict_valf1_20260522/logs/extension_extension_s3_s2_s1_l4_o3_c6_r3_seed314.log,1.0,0.8173999999999999,0.763933,0.882,8,1.0,"{""attn_dropout"": 0.05, ""attn_ff_dim"": 192, ""attn_heads"": 4, ""classifier_dropout"": 0.25, ""classifier_hidden"": 128, ""latent_dim"": 64, ""tcn_channels"": 64, ""tcn_dilation_base"": 2, ""tcn_dropout"": 0.08, ""tcn_kernel"": 3, ""tcn_layers"": 2}"
extension,extension_s3_s2_s1_l4_o3_c6_r3,s3_s2_s1_l4_o3_c6_r3,val_macro_f1,512,80,128,2.5,0.9,1.1,0.0,0.00025,0.0002,0.08,,64,128,0.25,0.05,192,2,/home/huang_kai/wind_turbine_phm/PHOENIX-main/autoencoder_benchmark/ablation_experiments/h1/results/comparison_18d_baselines/teacher_student_reference/student_h1_strict_valf1_20260522/extension/extension_s3_s2_s1_l4_o3_c6_r3,4,success,distill_tcn_attn_weld_seam_windows_ws5_tf75_pg0_h1_ep80_lr0.00025_bs128_T2.5_lce0.9_lkd1.1_lf0.0_seed512,/home/huang_kai/wind_turbine_phm/PHOENIX-main/autoencoder_benchmark/ablation_experiments/h1/results/comparison_18d_baselines/teacher_student_reference/student_h1_strict_valf1_20260522/extension/extension_s3_s2_s1_l4_o3_c6_r3/distill_tcn_attn_weld_seam_windows_ws5_tf75_pg0_h1_ep80_lr0.00025_bs128_T2.5_lce0.9_lkd1.1_lf0.0_seed512,11.12,1,/home/huang_kai/wind_turbine_phm/PHOENIX-main/autoencoder_benchmark/outputs/teacher_h1_forecast_95/manifests/best_teacher_h1.json,"/usr/bin/python /home/huang_kai/wind_turbine_phm/PHOENIX-main/autoencoder_benchmark/train_distill_single_tcn_student.py --dataset-npz /home/huang_kai/wind_turbine_phm/PHOENIX-main/autoencoder_benchmark/Data/processed_data/weld_seam_windows_ws5_tf75_pg0_h1.npz --teacher-ckpt /home/huang_kai/wind_turbine_phm/PHOENIX-main/autoencoder_benchmark/outputs/teacher_h1_forecast_95/runs/single_tcn_attn_weld_seam_windows_ws5_tf75_pg0_h1_ep80_lr0.0003_bs128_k3_l2_d0.1_lat64_wd0.0005_seed183/best_single_tcn.pth --teacher-run-args /home/huang_kai/wind_turbine_phm/PHOENIX-main/autoencoder_benchmark/outputs/teacher_h1_forecast_95/runs/single_tcn_attn_weld_seam_windows_ws5_tf75_pg0_h1_ep80_lr0.0003_bs128_k3_l2_d0.1_lat64_wd0.0005_seed183/run_args.json --output-dir /home/huang_kai/wind_turbine_phm/PHOENIX-main/autoencoder_benchmark/ablation_experiments/h1/results/comparison_18d_baselines/teacher_student_reference/student_h1_strict_valf1_20260522/extension/extension_s3_s2_s1_l4_o3_c6_r3 --drop-feature-indices 3,4,5,6,7 --epochs 80 --batch-size 128 --lr 0.00025 --weight-decay 0.0002 --seed 512 --class-weights auto --weighted-sampler --val-ratio 0.15 --early-stop-patience 16 --min-epochs 12 --checkpoint-metric val_macro_f1 --temperature 2.5 --lambda-ce 0.9 --lambda-kd 1.1 --lambda-feat 0.0 --student-tcn-dropout 0.08 --student-tcn-channels 64 --student-classifier-hidden 128 --student-classifier-dropout 0.25 --student-attn-dropout 0.05 --student-attn-ff-dim 192 --student-tcn-dilation-base 2",/home/huang_kai/wind_turbine_phm/PHOENIX-main/autoencoder_benchmark/ablation_experiments/h1/reports/comparison_18d_baselines/teacher_student_reference/student_h1_strict_valf1_20260522/logs/extension_extension_s3_s2_s1_l4_o3_c6_r3_seed512.log,1.0,0.809,0.74139,0.9101,11,1.0,"{""attn_dropout"": 0.05, ""attn_ff_dim"": 192, ""attn_heads"": 4, ""classifier_dropout"": 0.25, ""classifier_hidden"": 128, ""latent_dim"": 64, ""tcn_channels"": 64, ""tcn_dilation_base"": 2, ""tcn_dropout"": 0.08, ""tcn_kernel"": 3, ""tcn_layers"": 2}"
extension,extension_s3_s2_s1_l4_o3_c6_r3,s3_s2_s1_l4_o3_c6_r3,val_macro_f1,777,80,128,2.5,0.9,1.1,0.0,0.00025,0.0002,0.08,,64,128,0.25,0.05,192,2,/home/huang_kai/wind_turbine_phm/PHOENIX-main/autoencoder_benchmark/ablation_experiments/h1/results/comparison_18d_baselines/teacher_student_reference/student_h1_strict_valf1_20260522/extension/extension_s3_s2_s1_l4_o3_c6_r3,5,success,distill_tcn_attn_weld_seam_windows_ws5_tf75_pg0_h1_ep80_lr0.00025_bs128_T2.5_lce0.9_lkd1.1_lf0.0_seed777,/home/huang_kai/wind_turbine_phm/PHOENIX-main/autoencoder_benchmark/ablation_experiments/h1/results/comparison_18d_baselines/teacher_student_reference/student_h1_strict_valf1_20260522/extension/extension_s3_s2_s1_l4_o3_c6_r3/distill_tcn_attn_weld_seam_windows_ws5_tf75_pg0_h1_ep80_lr0.00025_bs128_T2.5_lce0.9_lkd1.1_lf0.0_seed777,11.1,1,/home/huang_kai/wind_turbine_phm/PHOENIX-main/autoencoder_benchmark/outputs/teacher_h1_forecast_95/manifests/best_teacher_h1.json,"/usr/bin/python /home/huang_kai/wind_turbine_phm/PHOENIX-main/autoencoder_benchmark/train_distill_single_tcn_student.py --dataset-npz /home/huang_kai/wind_turbine_phm/PHOENIX-main/autoencoder_benchmark/Data/processed_data/weld_seam_windows_ws5_tf75_pg0_h1.npz --teacher-ckpt /home/huang_kai/wind_turbine_phm/PHOENIX-main/autoencoder_benchmark/outputs/teacher_h1_forecast_95/runs/single_tcn_attn_weld_seam_windows_ws5_tf75_pg0_h1_ep80_lr0.0003_bs128_k3_l2_d0.1_lat64_wd0.0005_seed183/best_single_tcn.pth --teacher-run-args /home/huang_kai/wind_turbine_phm/PHOENIX-main/autoencoder_benchmark/outputs/teacher_h1_forecast_95/runs/single_tcn_attn_weld_seam_windows_ws5_tf75_pg0_h1_ep80_lr0.0003_bs128_k3_l2_d0.1_lat64_wd0.0005_seed183/run_args.json --output-dir /home/huang_kai/wind_turbine_phm/PHOENIX-main/autoencoder_benchmark/ablation_experiments/h1/results/comparison_18d_baselines/teacher_student_reference/student_h1_strict_valf1_20260522/extension/extension_s3_s2_s1_l4_o3_c6_r3 --drop-feature-indices 3,4,5,6,7 --epochs 80 --batch-size 128 --lr 0.00025 --weight-decay 0.0002 --seed 777 --class-weights auto --weighted-sampler --val-ratio 0.15 --early-stop-patience 16 --min-epochs 12 --checkpoint-metric val_macro_f1 --temperature 2.5 --lambda-ce 0.9 --lambda-kd 1.1 --lambda-feat 0.0 --student-tcn-dropout 0.08 --student-tcn-channels 64 --student-classifier-hidden 128 --student-classifier-dropout 0.25 --student-attn-dropout 0.05 --student-attn-ff-dim 192 --student-tcn-dilation-base 2",/home/huang_kai/wind_turbine_phm/PHOENIX-main/autoencoder_benchmark/ablation_experiments/h1/reports/comparison_18d_baselines/teacher_student_reference/student_h1_strict_valf1_20260522/logs/extension_extension_s3_s2_s1_l4_o3_c6_r3_seed777.log,1.0,0.8258,0.759267,0.8989,9,1.0,"{""attn_dropout"": 0.05, ""attn_ff_dim"": 192, ""attn_heads"": 4, ""classifier_dropout"": 0.25, ""classifier_hidden"": 128, ""latent_dim"": 64, ""tcn_channels"": 64, ""tcn_dilation_base"": 2, ""tcn_dropout"": 0.08, ""tcn_kernel"": 3, ""tcn_layers"": 2}"
extension,extension_s3_s2_s1_l4_o3_c6_r3,s3_s2_s1_l4_o3_c6_r3,val_macro_f1,1001,80,128,2.5,0.9,1.1,0.0,0.00025,0.0002,0.08,,64,128,0.25,0.05,192,2,/home/huang_kai/wind_turbine_phm/PHOENIX-main/autoencoder_benchmark/ablation_experiments/h1/results/comparison_18d_baselines/teacher_student_reference/student_h1_strict_valf1_20260522/extension/extension_s3_s2_s1_l4_o3_c6_r3,6,success,distill_tcn_attn_weld_seam_windows_ws5_tf75_pg0_h1_ep80_lr0.00025_bs128_T2.5_lce0.9_lkd1.1_lf0.0_seed1001,/home/huang_kai/wind_turbine_phm/PHOENIX-main/autoencoder_benchmark/ablation_experiments/h1/results/comparison_18d_baselines/teacher_student_reference/student_h1_strict_valf1_20260522/extension/extension_s3_s2_s1_l4_o3_c6_r3/distill_tcn_attn_weld_seam_windows_ws5_tf75_pg0_h1_ep80_lr0.00025_bs128_T2.5_lce0.9_lkd1.1_lf0.0_seed1001,11.07,1,/home/huang_kai/wind_turbine_phm/PHOENIX-main/autoencoder_benchmark/outputs/teacher_h1_forecast_95/manifests/best_teacher_h1.json,"/usr/bin/python /home/huang_kai/wind_turbine_phm/PHOENIX-main/autoencoder_benchmark/train_distill_single_tcn_student.py --dataset-npz /home/huang_kai/wind_turbine_phm/PHOENIX-main/autoencoder_benchmark/Data/processed_data/weld_seam_windows_ws5_tf75_pg0_h1.npz --teacher-ckpt /home/huang_kai/wind_turbine_phm/PHOENIX-main/autoencoder_benchmark/outputs/teacher_h1_forecast_95/runs/single_tcn_attn_weld_seam_windows_ws5_tf75_pg0_h1_ep80_lr0.0003_bs128_k3_l2_d0.1_lat64_wd0.0005_seed183/best_single_tcn.pth --teacher-run-args /home/huang_kai/wind_turbine_phm/PHOENIX-main/autoencoder_benchmark/outputs/teacher_h1_forecast_95/runs/single_tcn_attn_weld_seam_windows_ws5_tf75_pg0_h1_ep80_lr0.0003_bs128_k3_l2_d0.1_lat64_wd0.0005_seed183/run_args.json --output-dir /home/huang_kai/wind_turbine_phm/PHOENIX-main/autoencoder_benchmark/ablation_experiments/h1/results/comparison_18d_baselines/teacher_student_reference/student_h1_strict_valf1_20260522/extension/extension_s3_s2_s1_l4_o3_c6_r3 --drop-feature-indices 3,4,5,6,7 --epochs 80 --batch-size 128 --lr 0.00025 --weight-decay 0.0002 --seed 1001 --class-weights auto --weighted-sampler --val-ratio 0.15 --early-stop-patience 16 --min-epochs 12 --checkpoint-metric val_macro_f1 --temperature 2.5 --lambda-ce 0.9 --lambda-kd 1.1 --lambda-feat 0.0 --student-tcn-dropout 0.08 --student-tcn-channels 64 --student-classifier-hidden 128 --student-classifier-dropout 0.25 --student-attn-dropout 0.05 --student-attn-ff-dim 192 --student-tcn-dilation-base 2",/home/huang_kai/wind_turbine_phm/PHOENIX-main/autoencoder_benchmark/ablation_experiments/h1/reports/comparison_18d_baselines/teacher_student_reference/student_h1_strict_valf1_20260522/logs/extension_extension_s3_s2_s1_l4_o3_c6_r3_seed1001.log,1.0,0.8258,0.754939,0.9213,10,1.0,"{""attn_dropout"": 0.05, ""attn_ff_dim"": 192, ""attn_heads"": 4, ""classifier_dropout"": 0.25, ""classifier_hidden"": 128, ""latent_dim"": 64, ""tcn_channels"": 64, ""tcn_dilation_base"": 2, ""tcn_dropout"": 0.08, ""tcn_kernel"": 3, ""tcn_layers"": 2}"
extension,extension_s3_s2_s1_l4_o3_c6_r4,s3_s2_s1_l4_o3_c6_r4,val_macro_f1,132,80,128,2.0,0.8,1.3,0.0,0.00025,0.0002,0.08,,64,128,0.25,0.05,192,2,/home/huang_kai/wind_turbine_phm/PHOENIX-main/autoencoder_benchmark/ablation_experiments/h1/results/comparison_18d_baselines/teacher_student_reference/student_h1_strict_valf1_20260522/extension/extension_s3_s2_s1_l4_o3_c6_r4,7,success,distill_tcn_attn_weld_seam_windows_ws5_tf75_pg0_h1_ep80_lr0.00025_bs128_T2.0_lce0.8_lkd1.3_lf0.0_seed132,/home/huang_kai/wind_turbine_phm/PHOENIX-main/autoencoder_benchmark/ablation_experiments/h1/results/comparison_18d_baselines/teacher_student_reference/student_h1_strict_valf1_20260522/extension/extension_s3_s2_s1_l4_o3_c6_r4/distill_tcn_attn_weld_seam_windows_ws5_tf75_pg0_h1_ep80_lr0.00025_bs128_T2.0_lce0.8_lkd1.3_lf0.0_seed132,10.52,1,/home/huang_kai/wind_turbine_phm/PHOENIX-main/autoencoder_benchmark/outputs/teacher_h1_forecast_95/manifests/best_teacher_h1.json,"/usr/bin/python /home/huang_kai/wind_turbine_phm/PHOENIX-main/autoencoder_benchmark/train_distill_single_tcn_student.py --dataset-npz /home/huang_kai/wind_turbine_phm/PHOENIX-main/autoencoder_benchmark/Data/processed_data/weld_seam_windows_ws5_tf75_pg0_h1.npz --teacher-ckpt /home/huang_kai/wind_turbine_phm/PHOENIX-main/autoencoder_benchmark/outputs/teacher_h1_forecast_95/runs/single_tcn_attn_weld_seam_windows_ws5_tf75_pg0_h1_ep80_lr0.0003_bs128_k3_l2_d0.1_lat64_wd0.0005_seed183/best_single_tcn.pth --teacher-run-args /home/huang_kai/wind_turbine_phm/PHOENIX-main/autoencoder_benchmark/outputs/teacher_h1_forecast_95/runs/single_tcn_attn_weld_seam_windows_ws5_tf75_pg0_h1_ep80_lr0.0003_bs128_k3_l2_d0.1_lat64_wd0.0005_seed183/run_args.json --output-dir /home/huang_kai/wind_turbine_phm/PHOENIX-main/autoencoder_benchmark/ablation_experiments/h1/results/comparison_18d_baselines/teacher_student_reference/student_h1_strict_valf1_20260522/extension/extension_s3_s2_s1_l4_o3_c6_r4 --drop-feature-indices 3,4,5,6,7 --epochs 80 --batch-size 128 --lr 0.00025 --weight-decay 0.0002 --seed 132 --class-weights auto --weighted-sampler --val-ratio 0.15 --early-stop-patience 16 --min-epochs 12 --checkpoint-metric val_macro_f1 --temperature 2.0 --lambda-ce 0.8 --lambda-kd 1.3 --lambda-feat 0.0 --student-tcn-dropout 0.08 --student-tcn-channels 64 --student-classifier-hidden 128 --student-classifier-dropout 0.25 --student-attn-dropout 0.05 --student-attn-ff-dim 192 --student-tcn-dilation-base 2",/home/huang_kai/wind_turbine_phm/PHOENIX-main/autoencoder_benchmark/ablation_experiments/h1/reports/comparison_18d_baselines/teacher_student_reference/student_h1_strict_valf1_20260522/logs/extension_extension_s3_s2_s1_l4_o3_c6_r4_seed132.log,1.0,0.8482999999999999,0.780244,0.9101,9,1.0,"{""attn_dropout"": 0.05, ""attn_ff_dim"": 192, ""attn_heads"": 4, ""classifier_dropout"": 0.25, ""classifier_hidden"": 128, ""latent_dim"": 64, ""tcn_channels"": 64, ""tcn_dilation_base"": 2, ""tcn_dropout"": 0.08, ""tcn_kernel"": 3, ""tcn_layers"": 2}"
extension,extension_s3_s2_s1_l4_o3_c6_r4,s3_s2_s1_l4_o3_c6_r4,val_macro_f1,230,80,128,2.0,0.8,1.3,0.0,0.00025,0.0002,0.08,,64,128,0.25,0.05,192,2,/home/huang_kai/wind_turbine_phm/PHOENIX-main/autoencoder_benchmark/ablation_experiments/h1/results/comparison_18d_baselines/teacher_student_reference/student_h1_strict_valf1_20260522/extension/extension_s3_s2_s1_l4_o3_c6_r4,8,success,distill_tcn_attn_weld_seam_windows_ws5_tf75_pg0_h1_ep80_lr0.00025_bs128_T2.0_lce0.8_lkd1.3_lf0.0_seed230,/home/huang_kai/wind_turbine_phm/PHOENIX-main/autoencoder_benchmark/ablation_experiments/h1/results/comparison_18d_baselines/teacher_student_reference/student_h1_strict_valf1_20260522/extension/extension_s3_s2_s1_l4_o3_c6_r4/distill_tcn_attn_weld_seam_windows_ws5_tf75_pg0_h1_ep80_lr0.00025_bs128_T2.0_lce0.8_lkd1.3_lf0.0_seed230,11.01,1,/home/huang_kai/wind_turbine_phm/PHOENIX-main/autoencoder_benchmark/outputs/teacher_h1_forecast_95/manifests/best_teacher_h1.json,"/usr/bin/python /home/huang_kai/wind_turbine_phm/PHOENIX-main/autoencoder_benchmark/train_distill_single_tcn_student.py --dataset-npz /home/huang_kai/wind_turbine_phm/PHOENIX-main/autoencoder_benchmark/Data/processed_data/weld_seam_windows_ws5_tf75_pg0_h1.npz --teacher-ckpt /home/huang_kai/wind_turbine_phm/PHOENIX-main/autoencoder_benchmark/outputs/teacher_h1_forecast_95/runs/single_tcn_attn_weld_seam_windows_ws5_tf75_pg0_h1_ep80_lr0.0003_bs128_k3_l2_d0.1_lat64_wd0.0005_seed183/best_single_tcn.pth --teacher-run-args /home/huang_kai/wind_turbine_phm/PHOENIX-main/autoencoder_benchmark/outputs/teacher_h1_forecast_95/runs/single_tcn_attn_weld_seam_windows_ws5_tf75_pg0_h1_ep80_lr0.0003_bs128_k3_l2_d0.1_lat64_wd0.0005_seed183/run_args.json --output-dir /home/huang_kai/wind_turbine_phm/PHOENIX-main/autoencoder_benchmark/ablation_experiments/h1/results/comparison_18d_baselines/teacher_student_reference/student_h1_strict_valf1_20260522/extension/extension_s3_s2_s1_l4_o3_c6_r4 --drop-feature-indices 3,4,5,6,7 --epochs 80 --batch-size 128 --lr 0.00025 --weight-decay 0.0002 --seed 230 --class-weights auto --weighted-sampler --val-ratio 0.15 --early-stop-patience 16 --min-epochs 12 --checkpoint-metric val_macro_f1 --temperature 2.0 --lambda-ce 0.8 --lambda-kd 1.3 --lambda-feat 0.0 --student-tcn-dropout 0.08 --student-tcn-channels 64 --student-classifier-hidden 128 --student-classifier-dropout 0.25 --student-attn-dropout 0.05 --student-attn-ff-dim 192 --student-tcn-dilation-base 2",/home/huang_kai/wind_turbine_phm/PHOENIX-main/autoencoder_benchmark/ablation_experiments/h1/reports/comparison_18d_baselines/teacher_student_reference/student_h1_strict_valf1_20260522/logs/extension_extension_s3_s2_s1_l4_o3_c6_r4_seed230.log,1.0,0.8454999999999999,0.779003,0.8736,11,1.0,"{""attn_dropout"": 0.05, ""attn_ff_dim"": 192, ""attn_heads"": 4, ""classifier_dropout"": 0.25, ""classifier_hidden"": 128, ""latent_dim"": 64, ""tcn_channels"": 64, ""tcn_dilation_base"": 2, ""tcn_dropout"": 0.08, ""tcn_kernel"": 3, ""tcn_layers"": 2}"
extension,extension_s3_s2_s1_l4_o3_c6_r4,s3_s2_s1_l4_o3_c6_r4,val_macro_f1,314,80,128,2.0,0.8,1.3,0.0,0.00025,0.0002,0.08,,64,128,0.25,0.05,192,2,/home/huang_kai/wind_turbine_phm/PHOENIX-main/autoencoder_benchmark/ablation_experiments/h1/results/comparison_18d_baselines/teacher_student_reference/student_h1_strict_valf1_20260522/extension/extension_s3_s2_s1_l4_o3_c6_r4,9,success,distill_tcn_attn_weld_seam_windows_ws5_tf75_pg0_h1_ep80_lr0.00025_bs128_T2.0_lce0.8_lkd1.3_lf0.0_seed314,/home/huang_kai/wind_turbine_phm/PHOENIX-main/autoencoder_benchmark/ablation_experiments/h1/results/comparison_18d_baselines/teacher_student_reference/student_h1_strict_valf1_20260522/extension/extension_s3_s2_s1_l4_o3_c6_r4/distill_tcn_attn_weld_seam_windows_ws5_tf75_pg0_h1_ep80_lr0.00025_bs128_T2.0_lce0.8_lkd1.3_lf0.0_seed314,10.12,1,/home/huang_kai/wind_turbine_phm/PHOENIX-main/autoencoder_benchmark/outputs/teacher_h1_forecast_95/manifests/best_teacher_h1.json,"/usr/bin/python /home/huang_kai/wind_turbine_phm/PHOENIX-main/autoencoder_benchmark/train_distill_single_tcn_student.py --dataset-npz /home/huang_kai/wind_turbine_phm/PHOENIX-main/autoencoder_benchmark/Data/processed_data/weld_seam_windows_ws5_tf75_pg0_h1.npz --teacher-ckpt /home/huang_kai/wind_turbine_phm/PHOENIX-main/autoencoder_benchmark/outputs/teacher_h1_forecast_95/runs/single_tcn_attn_weld_seam_windows_ws5_tf75_pg0_h1_ep80_lr0.0003_bs128_k3_l2_d0.1_lat64_wd0.0005_seed183/best_single_tcn.pth --teacher-run-args /home/huang_kai/wind_turbine_phm/PHOENIX-main/autoencoder_benchmark/outputs/teacher_h1_forecast_95/runs/single_tcn_attn_weld_seam_windows_ws5_tf75_pg0_h1_ep80_lr0.0003_bs128_k3_l2_d0.1_lat64_wd0.0005_seed183/run_args.json --output-dir /home/huang_kai/wind_turbine_phm/PHOENIX-main/autoencoder_benchmark/ablation_experiments/h1/results/comparison_18d_baselines/teacher_student_reference/student_h1_strict_valf1_20260522/extension/extension_s3_s2_s1_l4_o3_c6_r4 --drop-feature-indices 3,4,5,6,7 --epochs 80 --batch-size 128 --lr 0.00025 --weight-decay 0.0002 --seed 314 --class-weights auto --weighted-sampler --val-ratio 0.15 --early-stop-patience 16 --min-epochs 12 --checkpoint-metric val_macro_f1 --temperature 2.0 --lambda-ce 0.8 --lambda-kd 1.3 --lambda-feat 0.0 --student-tcn-dropout 0.08 --student-tcn-channels 64 --student-classifier-hidden 128 --student-classifier-dropout 0.25 --student-attn-dropout 0.05 --student-attn-ff-dim 192 --student-tcn-dilation-base 2",/home/huang_kai/wind_turbine_phm/PHOENIX-main/autoencoder_benchmark/ablation_experiments/h1/reports/comparison_18d_baselines/teacher_student_reference/student_h1_strict_valf1_20260522/logs/extension_extension_s3_s2_s1_l4_o3_c6_r4_seed314.log,1.0,0.8118000000000001,0.755196,0.8736,8,1.0,"{""attn_dropout"": 0.05, ""attn_ff_dim"": 192, ""attn_heads"": 4, ""classifier_dropout"": 0.25, ""classifier_hidden"": 128, ""latent_dim"": 64, ""tcn_channels"": 64, ""tcn_dilation_base"": 2, ""tcn_dropout"": 0.08, ""tcn_kernel"": 3, ""tcn_layers"": 2}"
extension,extension_s3_s2_s1_l4_o3_c6_r4,s3_s2_s1_l4_o3_c6_r4,val_macro_f1,512,80,128,2.0,0.8,1.3,0.0,0.00025,0.0002,0.08,,64,128,0.25,0.05,192,2,/home/huang_kai/wind_turbine_phm/PHOENIX-main/autoencoder_benchmark/ablation_experiments/h1/results/comparison_18d_baselines/teacher_student_reference/student_h1_strict_valf1_20260522/extension/extension_s3_s2_s1_l4_o3_c6_r4,10,success,distill_tcn_attn_weld_seam_windows_ws5_tf75_pg0_h1_ep80_lr0.00025_bs128_T2.0_lce0.8_lkd1.3_lf0.0_seed512,/home/huang_kai/wind_turbine_phm/PHOENIX-main/autoencoder_benchmark/ablation_experiments/h1/results/comparison_18d_baselines/teacher_student_reference/student_h1_strict_valf1_20260522/extension/extension_s3_s2_s1_l4_o3_c6_r4/distill_tcn_attn_weld_seam_windows_ws5_tf75_pg0_h1_ep80_lr0.00025_bs128_T2.0_lce0.8_lkd1.3_lf0.0_seed512,11.38,1,/home/huang_kai/wind_turbine_phm/PHOENIX-main/autoencoder_benchmark/outputs/teacher_h1_forecast_95/manifests/best_teacher_h1.json,"/usr/bin/python /home/huang_kai/wind_turbine_phm/PHOENIX-main/autoencoder_benchmark/train_distill_single_tcn_student.py --dataset-npz /home/huang_kai/wind_turbine_phm/PHOENIX-main/autoencoder_benchmark/Data/processed_data/weld_seam_windows_ws5_tf75_pg0_h1.npz --teacher-ckpt /home/huang_kai/wind_turbine_phm/PHOENIX-main/autoencoder_benchmark/outputs/teacher_h1_forecast_95/runs/single_tcn_attn_weld_seam_windows_ws5_tf75_pg0_h1_ep80_lr0.0003_bs128_k3_l2_d0.1_lat64_wd0.0005_seed183/best_single_tcn.pth --teacher-run-args /home/huang_kai/wind_turbine_phm/PHOENIX-main/autoencoder_benchmark/outputs/teacher_h1_forecast_95/runs/single_tcn_attn_weld_seam_windows_ws5_tf75_pg0_h1_ep80_lr0.0003_bs128_k3_l2_d0.1_lat64_wd0.0005_seed183/run_args.json --output-dir /home/huang_kai/wind_turbine_phm/PHOENIX-main/autoencoder_benchmark/ablation_experiments/h1/results/comparison_18d_baselines/teacher_student_reference/student_h1_strict_valf1_20260522/extension/extension_s3_s2_s1_l4_o3_c6_r4 --drop-feature-indices 3,4,5,6,7 --epochs 80 --batch-size 128 --lr 0.00025 --weight-decay 0.0002 --seed 512 --class-weights auto --weighted-sampler --val-ratio 0.15 --early-stop-patience 16 --min-epochs 12 --checkpoint-metric val_macro_f1 --temperature 2.0 --lambda-ce 0.8 --lambda-kd 1.3 --lambda-feat 0.0 --student-tcn-dropout 0.08 --student-tcn-channels 64 --student-classifier-hidden 128 --student-classifier-dropout 0.25 --student-attn-dropout 0.05 --student-attn-ff-dim 192 --student-tcn-dilation-base 2",/home/huang_kai/wind_turbine_phm/PHOENIX-main/autoencoder_benchmark/ablation_experiments/h1/reports/comparison_18d_baselines/teacher_student_reference/student_h1_strict_valf1_20260522/logs/extension_extension_s3_s2_s1_l4_o3_c6_r4_seed512.log,1.0,0.809,0.74139,0.9101,11,1.0,"{""attn_dropout"": 0.05, ""attn_ff_dim"": 192, ""attn_heads"": 4, ""classifier_dropout"": 0.25, ""classifier_hidden"": 128, ""latent_dim"": 64, ""tcn_channels"": 64, ""tcn_dilation_base"": 2, ""tcn_dropout"": 0.08, ""tcn_kernel"": 3, ""tcn_layers"": 2}"
extension,extension_s3_s2_s1_l4_o3_c6_r4,s3_s2_s1_l4_o3_c6_r4,val_macro_f1,777,80,128,2.0,0.8,1.3,0.0,0.00025,0.0002,0.08,,64,128,0.25,0.05,192,2,/home/huang_kai/wind_turbine_phm/PHOENIX-main/autoencoder_benchmark/ablation_experiments/h1/results/comparison_18d_baselines/teacher_student_reference/student_h1_strict_valf1_20260522/extension/extension_s3_s2_s1_l4_o3_c6_r4,11,success,distill_tcn_attn_weld_seam_windows_ws5_tf75_pg0_h1_ep80_lr0.00025_bs128_T2.0_lce0.8_lkd1.3_lf0.0_seed777,/home/huang_kai/wind_turbine_phm/PHOENIX-main/autoencoder_benchmark/ablation_experiments/h1/results/comparison_18d_baselines/teacher_student_reference/student_h1_strict_valf1_20260522/extension/extension_s3_s2_s1_l4_o3_c6_r4/distill_tcn_attn_weld_seam_windows_ws5_tf75_pg0_h1_ep80_lr0.00025_bs128_T2.0_lce0.8_lkd1.3_lf0.0_seed777,10.89,1,/home/huang_kai/wind_turbine_phm/PHOENIX-main/autoencoder_benchmark/outputs/teacher_h1_forecast_95/manifests/best_teacher_h1.json,"/usr/bin/python /home/huang_kai/wind_turbine_phm/PHOENIX-main/autoencoder_benchmark/train_distill_single_tcn_student.py --dataset-npz /home/huang_kai/wind_turbine_phm/PHOENIX-main/autoencoder_benchmark/Data/processed_data/weld_seam_windows_ws5_tf75_pg0_h1.npz --teacher-ckpt /home/huang_kai/wind_turbine_phm/PHOENIX-main/autoencoder_benchmark/outputs/teacher_h1_forecast_95/runs/single_tcn_attn_weld_seam_windows_ws5_tf75_pg0_h1_ep80_lr0.0003_bs128_k3_l2_d0.1_lat64_wd0.0005_seed183/best_single_tcn.pth --teacher-run-args /home/huang_kai/wind_turbine_phm/PHOENIX-main/autoencoder_benchmark/outputs/teacher_h1_forecast_95/runs/single_tcn_attn_weld_seam_windows_ws5_tf75_pg0_h1_ep80_lr0.0003_bs128_k3_l2_d0.1_lat64_wd0.0005_seed183/run_args.json --output-dir /home/huang_kai/wind_turbine_phm/PHOENIX-main/autoencoder_benchmark/ablation_experiments/h1/results/comparison_18d_baselines/teacher_student_reference/student_h1_strict_valf1_20260522/extension/extension_s3_s2_s1_l4_o3_c6_r4 --drop-feature-indices 3,4,5,6,7 --epochs 80 --batch-size 128 --lr 0.00025 --weight-decay 0.0002 --seed 777 --class-weights auto --weighted-sampler --val-ratio 0.15 --early-stop-patience 16 --min-epochs 12 --checkpoint-metric val_macro_f1 --temperature 2.0 --lambda-ce 0.8 --lambda-kd 1.3 --lambda-feat 0.0 --student-tcn-dropout 0.08 --student-tcn-channels 64 --student-classifier-hidden 128 --student-classifier-dropout 0.25 --student-attn-dropout 0.05 --student-attn-ff-dim 192 --student-tcn-dilation-base 2",/home/huang_kai/wind_turbine_phm/PHOENIX-main/autoencoder_benchmark/ablation_experiments/h1/reports/comparison_18d_baselines/teacher_student_reference/student_h1_strict_valf1_20260522/logs/extension_extension_s3_s2_s1_l4_o3_c6_r4_seed777.log,1.0,0.823,0.758073,0.8961,9,1.0,"{""attn_dropout"": 0.05, ""attn_ff_dim"": 192, ""attn_heads"": 4, ""classifier_dropout"": 0.25, ""classifier_hidden"": 128, ""latent_dim"": 64, ""tcn_channels"": 64, ""tcn_dilation_base"": 2, ""tcn_dropout"": 0.08, ""tcn_kernel"": 3, ""tcn_layers"": 2}"
extension,extension_s3_s2_s1_l4_o3_c6_r4,s3_s2_s1_l4_o3_c6_r4,val_macro_f1,1001,80,128,2.0,0.8,1.3,0.0,0.00025,0.0002,0.08,,64,128,0.25,0.05,192,2,/home/huang_kai/wind_turbine_phm/PHOENIX-main/autoencoder_benchmark/ablation_experiments/h1/results/comparison_18d_baselines/teacher_student_reference/student_h1_strict_valf1_20260522/extension/extension_s3_s2_s1_l4_o3_c6_r4,12,success,distill_tcn_attn_weld_seam_windows_ws5_tf75_pg0_h1_ep80_lr0.00025_bs128_T2.0_lce0.8_lkd1.3_lf0.0_seed1001,/home/huang_kai/wind_turbine_phm/PHOENIX-main/autoencoder_benchmark/ablation_experiments/h1/results/comparison_18d_baselines/teacher_student_reference/student_h1_strict_valf1_20260522/extension/extension_s3_s2_s1_l4_o3_c6_r4/distill_tcn_attn_weld_seam_windows_ws5_tf75_pg0_h1_ep80_lr0.00025_bs128_T2.0_lce0.8_lkd1.3_lf0.0_seed1001,10.72,1,/home/huang_kai/wind_turbine_phm/PHOENIX-main/autoencoder_benchmark/outputs/teacher_h1_forecast_95/manifests/best_teacher_h1.json,"/usr/bin/python /home/huang_kai/wind_turbine_phm/PHOENIX-main/autoencoder_benchmark/train_distill_single_tcn_student.py --dataset-npz /home/huang_kai/wind_turbine_phm/PHOENIX-main/autoencoder_benchmark/Data/processed_data/weld_seam_windows_ws5_tf75_pg0_h1.npz --teacher-ckpt /home/huang_kai/wind_turbine_phm/PHOENIX-main/autoencoder_benchmark/outputs/teacher_h1_forecast_95/runs/single_tcn_attn_weld_seam_windows_ws5_tf75_pg0_h1_ep80_lr0.0003_bs128_k3_l2_d0.1_lat64_wd0.0005_seed183/best_single_tcn.pth --teacher-run-args /home/huang_kai/wind_turbine_phm/PHOENIX-main/autoencoder_benchmark/outputs/teacher_h1_forecast_95/runs/single_tcn_attn_weld_seam_windows_ws5_tf75_pg0_h1_ep80_lr0.0003_bs128_k3_l2_d0.1_lat64_wd0.0005_seed183/run_args.json --output-dir /home/huang_kai/wind_turbine_phm/PHOENIX-main/autoencoder_benchmark/ablation_experiments/h1/results/comparison_18d_baselines/teacher_student_reference/student_h1_strict_valf1_20260522/extension/extension_s3_s2_s1_l4_o3_c6_r4 --drop-feature-indices 3,4,5,6,7 --epochs 80 --batch-size 128 --lr 0.00025 --weight-decay 0.0002 --seed 1001 --class-weights auto --weighted-sampler --val-ratio 0.15 --early-stop-patience 16 --min-epochs 12 --checkpoint-metric val_macro_f1 --temperature 2.0 --lambda-ce 0.8 --lambda-kd 1.3 --lambda-feat 0.0 --student-tcn-dropout 0.08 --student-tcn-channels 64 --student-classifier-hidden 128 --student-classifier-dropout 0.25 --student-attn-dropout 0.05 --student-attn-ff-dim 192 --student-tcn-dilation-base 2",/home/huang_kai/wind_turbine_phm/PHOENIX-main/autoencoder_benchmark/ablation_experiments/h1/reports/comparison_18d_baselines/teacher_student_reference/student_h1_strict_valf1_20260522/logs/extension_extension_s3_s2_s1_l4_o3_c6_r4_seed1001.log,1.0,0.8258,0.754939,0.9213,10,1.0,"{""attn_dropout"": 0.05, ""attn_ff_dim"": 192, ""attn_heads"": 4, ""classifier_dropout"": 0.25, ""classifier_hidden"": 128, ""latent_dim"": 64, ""tcn_channels"": 64, ""tcn_dilation_base"": 2, ""tcn_dropout"": 0.08, ""tcn_kernel"": 3, ""tcn_layers"": 2}"
extension,extension_s3_s2_s1_l4_o3_c6_r1,s3_s2_s1_l4_o3_c6_r1,val_macro_f1,132,80,128,2.0,0.9,1.1,0.0,0.0002,0.0002,0.08,,64,128,0.25,0.05,192,2,/home/huang_kai/wind_turbine_phm/PHOENIX-main/autoencoder_benchmark/ablation_experiments/h1/results/comparison_18d_baselines/teacher_student_reference/student_h1_strict_valf1_20260522/extension/extension_s3_s2_s1_l4_o3_c6_r1,13,success,distill_tcn_attn_weld_seam_windows_ws5_tf75_pg0_h1_ep80_lr0.0002_bs128_T2.0_lce0.9_lkd1.1_lf0.0_seed132,/home/huang_kai/wind_turbine_phm/PHOENIX-main/autoencoder_benchmark/ablation_experiments/h1/results/comparison_18d_baselines/teacher_student_reference/student_h1_strict_valf1_20260522/extension/extension_s3_s2_s1_l4_o3_c6_r1/distill_tcn_attn_weld_seam_windows_ws5_tf75_pg0_h1_ep80_lr0.0002_bs128_T2.0_lce0.9_lkd1.1_lf0.0_seed132,11.16,1,/home/huang_kai/wind_turbine_phm/PHOENIX-main/autoencoder_benchmark/outputs/teacher_h1_forecast_95/manifests/best_teacher_h1.json,"/usr/bin/python /home/huang_kai/wind_turbine_phm/PHOENIX-main/autoencoder_benchmark/train_distill_single_tcn_student.py --dataset-npz /home/huang_kai/wind_turbine_phm/PHOENIX-main/autoencoder_benchmark/Data/processed_data/weld_seam_windows_ws5_tf75_pg0_h1.npz --teacher-ckpt /home/huang_kai/wind_turbine_phm/PHOENIX-main/autoencoder_benchmark/outputs/teacher_h1_forecast_95/runs/single_tcn_attn_weld_seam_windows_ws5_tf75_pg0_h1_ep80_lr0.0003_bs128_k3_l2_d0.1_lat64_wd0.0005_seed183/best_single_tcn.pth --teacher-run-args /home/huang_kai/wind_turbine_phm/PHOENIX-main/autoencoder_benchmark/outputs/teacher_h1_forecast_95/runs/single_tcn_attn_weld_seam_windows_ws5_tf75_pg0_h1_ep80_lr0.0003_bs128_k3_l2_d0.1_lat64_wd0.0005_seed183/run_args.json --output-dir /home/huang_kai/wind_turbine_phm/PHOENIX-main/autoencoder_benchmark/ablation_experiments/h1/results/comparison_18d_baselines/teacher_student_reference/student_h1_strict_valf1_20260522/extension/extension_s3_s2_s1_l4_o3_c6_r1 --drop-feature-indices 3,4,5,6,7 --epochs 80 --batch-size 128 --lr 0.0002 --weight-decay 0.0002 --seed 132 --class-weights auto --weighted-sampler --val-ratio 0.15 --early-stop-patience 16 --min-epochs 12 --checkpoint-metric val_macro_f1 --temperature 2.0 --lambda-ce 0.9 --lambda-kd 1.1 --lambda-feat 0.0 --student-tcn-dropout 0.08 --student-tcn-channels 64 --student-classifier-hidden 128 --student-classifier-dropout 0.25 --student-attn-dropout 0.05 --student-attn-ff-dim 192 --student-tcn-dilation-base 2",/home/huang_kai/wind_turbine_phm/PHOENIX-main/autoencoder_benchmark/ablation_experiments/h1/reports/comparison_18d_baselines/teacher_student_reference/student_h1_strict_valf1_20260522/logs/extension_extension_s3_s2_s1_l4_o3_c6_r1_seed132.log,1.0,0.8595999999999999,0.799587,0.9157,11,1.0,"{""attn_dropout"": 0.05, ""attn_ff_dim"": 192, ""attn_heads"": 4, ""classifier_dropout"": 0.25, ""classifier_hidden"": 128, ""latent_dim"": 64, ""tcn_channels"": 64, ""tcn_dilation_base"": 2, ""tcn_dropout"": 0.08, ""tcn_kernel"": 3, ""tcn_layers"": 2}"
extension,extension_s3_s2_s1_l4_o3_c6_r1,s3_s2_s1_l4_o3_c6_r1,val_macro_f1,230,80,128,2.0,0.9,1.1,0.0,0.0002,0.0002,0.08,,64,128,0.25,0.05,192,2,/home/huang_kai/wind_turbine_phm/PHOENIX-main/autoencoder_benchmark/ablation_experiments/h1/results/comparison_18d_baselines/teacher_student_reference/student_h1_strict_valf1_20260522/extension/extension_s3_s2_s1_l4_o3_c6_r1,14,success,distill_tcn_attn_weld_seam_windows_ws5_tf75_pg0_h1_ep80_lr0.0002_bs128_T2.0_lce0.9_lkd1.1_lf0.0_seed230,/home/huang_kai/wind_turbine_phm/PHOENIX-main/autoencoder_benchmark/ablation_experiments/h1/results/comparison_18d_baselines/teacher_student_reference/student_h1_strict_valf1_20260522/extension/extension_s3_s2_s1_l4_o3_c6_r1/distill_tcn_attn_weld_seam_windows_ws5_tf75_pg0_h1_ep80_lr0.0002_bs128_T2.0_lce0.9_lkd1.1_lf0.0_seed230,11.29,1,/home/huang_kai/wind_turbine_phm/PHOENIX-main/autoencoder_benchmark/outputs/teacher_h1_forecast_95/manifests/best_teacher_h1.json,"/usr/bin/python /home/huang_kai/wind_turbine_phm/PHOENIX-main/autoencoder_benchmark/train_distill_single_tcn_student.py --dataset-npz /home/huang_kai/wind_turbine_phm/PHOENIX-main/autoencoder_benchmark/Data/processed_data/weld_seam_windows_ws5_tf75_pg0_h1.npz --teacher-ckpt /home/huang_kai/wind_turbine_phm/PHOENIX-main/autoencoder_benchmark/outputs/teacher_h1_forecast_95/runs/single_tcn_attn_weld_seam_windows_ws5_tf75_pg0_h1_ep80_lr0.0003_bs128_k3_l2_d0.1_lat64_wd0.0005_seed183/best_single_tcn.pth --teacher-run-args /home/huang_kai/wind_turbine_phm/PHOENIX-main/autoencoder_benchmark/outputs/teacher_h1_forecast_95/runs/single_tcn_attn_weld_seam_windows_ws5_tf75_pg0_h1_ep80_lr0.0003_bs128_k3_l2_d0.1_lat64_wd0.0005_seed183/run_args.json --output-dir /home/huang_kai/wind_turbine_phm/PHOENIX-main/autoencoder_benchmark/ablation_experiments/h1/results/comparison_18d_baselines/teacher_student_reference/student_h1_strict_valf1_20260522/extension/extension_s3_s2_s1_l4_o3_c6_r1 --drop-feature-indices 3,4,5,6,7 --epochs 80 --batch-size 128 --lr 0.0002 --weight-decay 0.0002 --seed 230 --class-weights auto --weighted-sampler --val-ratio 0.15 --early-stop-patience 16 --min-epochs 12 --checkpoint-metric val_macro_f1 --temperature 2.0 --lambda-ce 0.9 --lambda-kd 1.1 --lambda-feat 0.0 --student-tcn-dropout 0.08 --student-tcn-channels 64 --student-classifier-hidden 128 --student-classifier-dropout 0.25 --student-attn-dropout 0.05 --student-attn-ff-dim 192 --student-tcn-dilation-base 2",/home/huang_kai/wind_turbine_phm/PHOENIX-main/autoencoder_benchmark/ablation_experiments/h1/reports/comparison_18d_baselines/teacher_student_reference/student_h1_strict_valf1_20260522/logs/extension_extension_s3_s2_s1_l4_o3_c6_r1_seed230.log,1.0,0.8848,0.842869,0.8904000000000001,13,1.0,"{""attn_dropout"": 0.05, ""attn_ff_dim"": 192, ""attn_heads"": 4, ""classifier_dropout"": 0.25, ""classifier_hidden"": 128, ""latent_dim"": 64, ""tcn_channels"": 64, ""tcn_dilation_base"": 2, ""tcn_dropout"": 0.08, ""tcn_kernel"": 3, ""tcn_layers"": 2}"
extension,extension_s3_s2_s1_l4_o3_c6_r1,s3_s2_s1_l4_o3_c6_r1,val_macro_f1,314,80,128,2.0,0.9,1.1,0.0,0.0002,0.0002,0.08,,64,128,0.25,0.05,192,2,/home/huang_kai/wind_turbine_phm/PHOENIX-main/autoencoder_benchmark/ablation_experiments/h1/results/comparison_18d_baselines/teacher_student_reference/student_h1_strict_valf1_20260522/extension/extension_s3_s2_s1_l4_o3_c6_r1,15,success,distill_tcn_attn_weld_seam_windows_ws5_tf75_pg0_h1_ep80_lr0.0002_bs128_T2.0_lce0.9_lkd1.1_lf0.0_seed314,/home/huang_kai/wind_turbine_phm/PHOENIX-main/autoencoder_benchmark/ablation_experiments/h1/results/comparison_18d_baselines/teacher_student_reference/student_h1_strict_valf1_20260522/extension/extension_s3_s2_s1_l4_o3_c6_r1/distill_tcn_attn_weld_seam_windows_ws5_tf75_pg0_h1_ep80_lr0.0002_bs128_T2.0_lce0.9_lkd1.1_lf0.0_seed314,10.76,1,/home/huang_kai/wind_turbine_phm/PHOENIX-main/autoencoder_benchmark/outputs/teacher_h1_forecast_95/manifests/best_teacher_h1.json,"/usr/bin/python /home/huang_kai/wind_turbine_phm/PHOENIX-main/autoencoder_benchmark/train_distill_single_tcn_student.py --dataset-npz /home/huang_kai/wind_turbine_phm/PHOENIX-main/autoencoder_benchmark/Data/processed_data/weld_seam_windows_ws5_tf75_pg0_h1.npz --teacher-ckpt /home/huang_kai/wind_turbine_phm/PHOENIX-main/autoencoder_benchmark/outputs/teacher_h1_forecast_95/runs/single_tcn_attn_weld_seam_windows_ws5_tf75_pg0_h1_ep80_lr0.0003_bs128_k3_l2_d0.1_lat64_wd0.0005_seed183/best_single_tcn.pth --teacher-run-args /home/huang_kai/wind_turbine_phm/PHOENIX-main/autoencoder_benchmark/outputs/teacher_h1_forecast_95/runs/single_tcn_attn_weld_seam_windows_ws5_tf75_pg0_h1_ep80_lr0.0003_bs128_k3_l2_d0.1_lat64_wd0.0005_seed183/run_args.json --output-dir /home/huang_kai/wind_turbine_phm/PHOENIX-main/autoencoder_benchmark/ablation_experiments/h1/results/comparison_18d_baselines/teacher_student_reference/student_h1_strict_valf1_20260522/extension/extension_s3_s2_s1_l4_o3_c6_r1 --drop-feature-indices 3,4,5,6,7 --epochs 80 --batch-size 128 --lr 0.0002 --weight-decay 0.0002 --seed 314 --class-weights auto --weighted-sampler --val-ratio 0.15 --early-stop-patience 16 --min-epochs 12 --checkpoint-metric val_macro_f1 --temperature 2.0 --lambda-ce 0.9 --lambda-kd 1.1 --lambda-feat 0.0 --student-tcn-dropout 0.08 --student-tcn-channels 64 --student-classifier-hidden 128 --student-classifier-dropout 0.25 --student-attn-dropout 0.05 --student-attn-ff-dim 192 --student-tcn-dilation-base 2",/home/huang_kai/wind_turbine_phm/PHOENIX-main/autoencoder_benchmark/ablation_experiments/h1/reports/comparison_18d_baselines/teacher_student_reference/student_h1_strict_valf1_20260522/logs/extension_extension_s3_s2_s1_l4_o3_c6_r1_seed314.log,1.0,0.8201999999999999,0.770424,0.8904000000000001,8,1.0,"{""attn_dropout"": 0.05, ""attn_ff_dim"": 192, ""attn_heads"": 4, ""classifier_dropout"": 0.25, ""classifier_hidden"": 128, ""latent_dim"": 64, ""tcn_channels"": 64, ""tcn_dilation_base"": 2, ""tcn_dropout"": 0.08, ""tcn_kernel"": 3, ""tcn_layers"": 2}"
extension,extension_s3_s2_s1_l4_o3_c6_r1,s3_s2_s1_l4_o3_c6_r1,val_macro_f1,512,80,128,2.0,0.9,1.1,0.0,0.0002,0.0002,0.08,,64,128,0.25,0.05,192,2,/home/huang_kai/wind_turbine_phm/PHOENIX-main/autoencoder_benchmark/ablation_experiments/h1/results/comparison_18d_baselines/teacher_student_reference/student_h1_strict_valf1_20260522/extension/extension_s3_s2_s1_l4_o3_c6_r1,16,success,distill_tcn_attn_weld_seam_windows_ws5_tf75_pg0_h1_ep80_lr0.0002_bs128_T2.0_lce0.9_lkd1.1_lf0.0_seed512,/home/huang_kai/wind_turbine_phm/PHOENIX-main/autoencoder_benchmark/ablation_experiments/h1/results/comparison_18d_baselines/teacher_student_reference/student_h1_strict_valf1_20260522/extension/extension_s3_s2_s1_l4_o3_c6_r1/distill_tcn_attn_weld_seam_windows_ws5_tf75_pg0_h1_ep80_lr0.0002_bs128_T2.0_lce0.9_lkd1.1_lf0.0_seed512,11.05,1,/home/huang_kai/wind_turbine_phm/PHOENIX-main/autoencoder_benchmark/outputs/teacher_h1_forecast_95/manifests/best_teacher_h1.json,"/usr/bin/python /home/huang_kai/wind_turbine_phm/PHOENIX-main/autoencoder_benchmark/train_distill_single_tcn_student.py --dataset-npz /home/huang_kai/wind_turbine_phm/PHOENIX-main/autoencoder_benchmark/Data/processed_data/weld_seam_windows_ws5_tf75_pg0_h1.npz --teacher-ckpt /home/huang_kai/wind_turbine_phm/PHOENIX-main/autoencoder_benchmark/outputs/teacher_h1_forecast_95/runs/single_tcn_attn_weld_seam_windows_ws5_tf75_pg0_h1_ep80_lr0.0003_bs128_k3_l2_d0.1_lat64_wd0.0005_seed183/best_single_tcn.pth --teacher-run-args /home/huang_kai/wind_turbine_phm/PHOENIX-main/autoencoder_benchmark/outputs/teacher_h1_forecast_95/runs/single_tcn_attn_weld_seam_windows_ws5_tf75_pg0_h1_ep80_lr0.0003_bs128_k3_l2_d0.1_lat64_wd0.0005_seed183/run_args.json --output-dir /home/huang_kai/wind_turbine_phm/PHOENIX-main/autoencoder_benchmark/ablation_experiments/h1/results/comparison_18d_baselines/teacher_student_reference/student_h1_strict_valf1_20260522/extension/extension_s3_s2_s1_l4_o3_c6_r1 --drop-feature-indices 3,4,5,6,7 --epochs 80 --batch-size 128 --lr 0.0002 --weight-decay 0.0002 --seed 512 --class-weights auto --weighted-sampler --val-ratio 0.15 --early-stop-patience 16 --min-epochs 12 --checkpoint-metric val_macro_f1 --temperature 2.0 --lambda-ce 0.9 --lambda-kd 1.1 --lambda-feat 0.0 --student-tcn-dropout 0.08 --student-tcn-channels 64 --student-classifier-hidden 128 --student-classifier-dropout 0.25 --student-attn-dropout 0.05 --student-attn-ff-dim 192 --student-tcn-dilation-base 2",/home/huang_kai/wind_turbine_phm/PHOENIX-main/autoencoder_benchmark/ablation_experiments/h1/reports/comparison_18d_baselines/teacher_student_reference/student_h1_strict_valf1_20260522/logs/extension_extension_s3_s2_s1_l4_o3_c6_r1_seed512.log,1.0,0.8173999999999999,0.753066,0.9185,11,1.0,"{""attn_dropout"": 0.05, ""attn_ff_dim"": 192, ""attn_heads"": 4, ""classifier_dropout"": 0.25, ""classifier_hidden"": 128, ""latent_dim"": 64, ""tcn_channels"": 64, ""tcn_dilation_base"": 2, ""tcn_dropout"": 0.08, ""tcn_kernel"": 3, ""tcn_layers"": 2}"
extension,extension_s3_s2_s1_l4_o3_c6_r1,s3_s2_s1_l4_o3_c6_r1,val_macro_f1,777,80,128,2.0,0.9,1.1,0.0,0.0002,0.0002,0.08,,64,128,0.25,0.05,192,2,/home/huang_kai/wind_turbine_phm/PHOENIX-main/autoencoder_benchmark/ablation_experiments/h1/results/comparison_18d_baselines/teacher_student_reference/student_h1_strict_valf1_20260522/extension/extension_s3_s2_s1_l4_o3_c6_r1,17,success,distill_tcn_attn_weld_seam_windows_ws5_tf75_pg0_h1_ep80_lr0.0002_bs128_T2.0_lce0.9_lkd1.1_lf0.0_seed777,/home/huang_kai/wind_turbine_phm/PHOENIX-main/autoencoder_benchmark/ablation_experiments/h1/results/comparison_18d_baselines/teacher_student_reference/student_h1_strict_valf1_20260522/extension/extension_s3_s2_s1_l4_o3_c6_r1/distill_tcn_attn_weld_seam_windows_ws5_tf75_pg0_h1_ep80_lr0.0002_bs128_T2.0_lce0.9_lkd1.1_lf0.0_seed777,11.17,1,/home/huang_kai/wind_turbine_phm/PHOENIX-main/autoencoder_benchmark/outputs/teacher_h1_forecast_95/manifests/best_teacher_h1.json,"/usr/bin/python /home/huang_kai/wind_turbine_phm/PHOENIX-main/autoencoder_benchmark/train_distill_single_tcn_student.py --dataset-npz /home/huang_kai/wind_turbine_phm/PHOENIX-main/autoencoder_benchmark/Data/processed_data/weld_seam_windows_ws5_tf75_pg0_h1.npz --teacher-ckpt /home/huang_kai/wind_turbine_phm/PHOENIX-main/autoencoder_benchmark/outputs/teacher_h1_forecast_95/runs/single_tcn_attn_weld_seam_windows_ws5_tf75_pg0_h1_ep80_lr0.0003_bs128_k3_l2_d0.1_lat64_wd0.0005_seed183/best_single_tcn.pth --teacher-run-args /home/huang_kai/wind_turbine_phm/PHOENIX-main/autoencoder_benchmark/outputs/teacher_h1_forecast_95/runs/single_tcn_attn_weld_seam_windows_ws5_tf75_pg0_h1_ep80_lr0.0003_bs128_k3_l2_d0.1_lat64_wd0.0005_seed183/run_args.json --output-dir /home/huang_kai/wind_turbine_phm/PHOENIX-main/autoencoder_benchmark/ablation_experiments/h1/results/comparison_18d_baselines/teacher_student_reference/student_h1_strict_valf1_20260522/extension/extension_s3_s2_s1_l4_o3_c6_r1 --drop-feature-indices 3,4,5,6,7 --epochs 80 --batch-size 128 --lr 0.0002 --weight-decay 0.0002 --seed 777 --class-weights auto --weighted-sampler --val-ratio 0.15 --early-stop-patience 16 --min-epochs 12 --checkpoint-metric val_macro_f1 --temperature 2.0 --lambda-ce 0.9 --lambda-kd 1.1 --lambda-feat 0.0 --student-tcn-dropout 0.08 --student-tcn-channels 64 --student-classifier-hidden 128 --student-classifier-dropout 0.25 --student-attn-dropout 0.05 --student-attn-ff-dim 192 --student-tcn-dilation-base 2",/home/huang_kai/wind_turbine_phm/PHOENIX-main/autoencoder_benchmark/ablation_experiments/h1/reports/comparison_18d_baselines/teacher_student_reference/student_h1_strict_valf1_20260522/logs/extension_extension_s3_s2_s1_l4_o3_c6_r1_seed777.log,1.0,0.8118000000000001,0.715824,0.8736,10,1.0,"{""attn_dropout"": 0.05, ""attn_ff_dim"": 192, ""attn_heads"": 4, ""classifier_dropout"": 0.25, ""classifier_hidden"": 128, ""latent_dim"": 64, ""tcn_channels"": 64, ""tcn_dilation_base"": 2, ""tcn_dropout"": 0.08, ""tcn_kernel"": 3, ""tcn_layers"": 2}"
extension,extension_s3_s2_s1_l4_o3_c6_r1,s3_s2_s1_l4_o3_c6_r1,val_macro_f1,1001,80,128,2.0,0.9,1.1,0.0,0.0002,0.0002,0.08,,64,128,0.25,0.05,192,2,/home/huang_kai/wind_turbine_phm/PHOENIX-main/autoencoder_benchmark/ablation_experiments/h1/results/comparison_18d_baselines/teacher_student_reference/student_h1_strict_valf1_20260522/extension/extension_s3_s2_s1_l4_o3_c6_r1,18,success,distill_tcn_attn_weld_seam_windows_ws5_tf75_pg0_h1_ep80_lr0.0002_bs128_T2.0_lce0.9_lkd1.1_lf0.0_seed1001,/home/huang_kai/wind_turbine_phm/PHOENIX-main/autoencoder_benchmark/ablation_experiments/h1/results/comparison_18d_baselines/teacher_student_reference/student_h1_strict_valf1_20260522/extension/extension_s3_s2_s1_l4_o3_c6_r1/distill_tcn_attn_weld_seam_windows_ws5_tf75_pg0_h1_ep80_lr0.0002_bs128_T2.0_lce0.9_lkd1.1_lf0.0_seed1001,10.45,1,/home/huang_kai/wind_turbine_phm/PHOENIX-main/autoencoder_benchmark/outputs/teacher_h1_forecast_95/manifests/best_teacher_h1.json,"/usr/bin/python /home/huang_kai/wind_turbine_phm/PHOENIX-main/autoencoder_benchmark/train_distill_single_tcn_student.py --dataset-npz /home/huang_kai/wind_turbine_phm/PHOENIX-main/autoencoder_benchmark/Data/processed_data/weld_seam_windows_ws5_tf75_pg0_h1.npz --teacher-ckpt /home/huang_kai/wind_turbine_phm/PHOENIX-main/autoencoder_benchmark/outputs/teacher_h1_forecast_95/runs/single_tcn_attn_weld_seam_windows_ws5_tf75_pg0_h1_ep80_lr0.0003_bs128_k3_l2_d0.1_lat64_wd0.0005_seed183/best_single_tcn.pth --teacher-run-args /home/huang_kai/wind_turbine_phm/PHOENIX-main/autoencoder_benchmark/outputs/teacher_h1_forecast_95/runs/single_tcn_attn_weld_seam_windows_ws5_tf75_pg0_h1_ep80_lr0.0003_bs128_k3_l2_d0.1_lat64_wd0.0005_seed183/run_args.json --output-dir /home/huang_kai/wind_turbine_phm/PHOENIX-main/autoencoder_benchmark/ablation_experiments/h1/results/comparison_18d_baselines/teacher_student_reference/student_h1_strict_valf1_20260522/extension/extension_s3_s2_s1_l4_o3_c6_r1 --drop-feature-indices 3,4,5,6,7 --epochs 80 --batch-size 128 --lr 0.0002 --weight-decay 0.0002 --seed 1001 --class-weights auto --weighted-sampler --val-ratio 0.15 --early-stop-patience 16 --min-epochs 12 --checkpoint-metric val_macro_f1 --temperature 2.0 --lambda-ce 0.9 --lambda-kd 1.1 --lambda-feat 0.0 --student-tcn-dropout 0.08 --student-tcn-channels 64 --student-classifier-hidden 128 --student-classifier-dropout 0.25 --student-attn-dropout 0.05 --student-attn-ff-dim 192 --student-tcn-dilation-base 2",/home/huang_kai/wind_turbine_phm/PHOENIX-main/autoencoder_benchmark/ablation_experiments/h1/reports/comparison_18d_baselines/teacher_student_reference/student_h1_strict_valf1_20260522/logs/extension_extension_s3_s2_s1_l4_o3_c6_r1_seed1001.log,1.0,0.8006,0.716104,0.9073,12,1.0,"{""attn_dropout"": 0.05, ""attn_ff_dim"": 192, ""attn_heads"": 4, ""classifier_dropout"": 0.25, ""classifier_hidden"": 128, ""latent_dim"": 64, ""tcn_channels"": 64, ""tcn_dilation_base"": 2, ""tcn_dropout"": 0.08, ""tcn_kernel"": 3, ""tcn_layers"": 2}"
extension,extension_s3_s2_s1_l4_o1_c2_r1,s3_s2_s1_l4_o1_c2_r1,val_macro_f1,132,80,128,2.0,0.9,1.1,0.0,0.0001,0.00015,0.12,,,64,0.4,0.1,,2,/home/huang_kai/wind_turbine_phm/PHOENIX-main/autoencoder_benchmark/ablation_experiments/h1/results/comparison_18d_baselines/teacher_student_reference/student_h1_strict_valf1_20260522/extension/extension_s3_s2_s1_l4_o1_c2_r1,19,success,distill_tcn_attn_weld_seam_windows_ws5_tf75_pg0_h1_ep80_lr0.0001_bs128_T2.0_lce0.9_lkd1.1_lf0.0_seed132,/home/huang_kai/wind_turbine_phm/PHOENIX-main/autoencoder_benchmark/ablation_experiments/h1/results/comparison_18d_baselines/teacher_student_reference/student_h1_strict_valf1_20260522/extension/extension_s3_s2_s1_l4_o1_c2_r1/distill_tcn_attn_weld_seam_windows_ws5_tf75_pg0_h1_ep80_lr0.0001_bs128_T2.0_lce0.9_lkd1.1_lf0.0_seed132,13.56,1,/home/huang_kai/wind_turbine_phm/PHOENIX-main/autoencoder_benchmark/outputs/teacher_h1_forecast_95/manifests/best_teacher_h1.json,"/usr/bin/python /home/huang_kai/wind_turbine_phm/PHOENIX-main/autoencoder_benchmark/train_distill_single_tcn_student.py --dataset-npz /home/huang_kai/wind_turbine_phm/PHOENIX-main/autoencoder_benchmark/Data/processed_data/weld_seam_windows_ws5_tf75_pg0_h1.npz --teacher-ckpt /home/huang_kai/wind_turbine_phm/PHOENIX-main/autoencoder_benchmark/outputs/teacher_h1_forecast_95/runs/single_tcn_attn_weld_seam_windows_ws5_tf75_pg0_h1_ep80_lr0.0003_bs128_k3_l2_d0.1_lat64_wd0.0005_seed183/best_single_tcn.pth --teacher-run-args /home/huang_kai/wind_turbine_phm/PHOENIX-main/autoencoder_benchmark/outputs/teacher_h1_forecast_95/runs/single_tcn_attn_weld_seam_windows_ws5_tf75_pg0_h1_ep80_lr0.0003_bs128_k3_l2_d0.1_lat64_wd0.0005_seed183/run_args.json --output-dir /home/huang_kai/wind_turbine_phm/PHOENIX-main/autoencoder_benchmark/ablation_experiments/h1/results/comparison_18d_baselines/teacher_student_reference/student_h1_strict_valf1_20260522/extension/extension_s3_s2_s1_l4_o1_c2_r1 --drop-feature-indices 3,4,5,6,7 --epochs 80 --batch-size 128 --lr 0.0001 --weight-decay 0.00015 --seed 132 --class-weights auto --weighted-sampler --val-ratio 0.15 --early-stop-patience 16 --min-epochs 12 --checkpoint-metric val_macro_f1 --temperature 2.0 --lambda-ce 0.9 --lambda-kd 1.1 --lambda-feat 0.0 --student-tcn-dropout 0.12 --student-classifier-hidden 64 --student-classifier-dropout 0.4 --student-attn-dropout 0.1 --student-tcn-dilation-base 2",/home/huang_kai/wind_turbine_phm/PHOENIX-main/autoencoder_benchmark/ablation_experiments/h1/reports/comparison_18d_baselines/teacher_student_reference/student_h1_strict_valf1_20260522/logs/extension_extension_s3_s2_s1_l4_o1_c2_r1_seed132.log,1.0,0.9045000000000001,0.863536,0.8989,19,1.0,"{""attn_dropout"": 0.1, ""attn_ff_dim"": 128, ""attn_heads"": 4, ""classifier_dropout"": 0.4, ""classifier_hidden"": 64, ""latent_dim"": 64, ""tcn_channels"": 64, ""tcn_dilation_base"": 2, ""tcn_dropout"": 0.12, ""tcn_kernel"": 3, ""tcn_layers"": 2}"
extension,extension_s3_s2_s1_l4_o1_c2_r1,s3_s2_s1_l4_o1_c2_r1,val_macro_f1,230,80,128,2.0,0.9,1.1,0.0,0.0001,0.00015,0.12,,,64,0.4,0.1,,2,/home/huang_kai/wind_turbine_phm/PHOENIX-main/autoencoder_benchmark/ablation_experiments/h1/results/comparison_18d_baselines/teacher_student_reference/student_h1_strict_valf1_20260522/extension/extension_s3_s2_s1_l4_o1_c2_r1,20,success,distill_tcn_attn_weld_seam_windows_ws5_tf75_pg0_h1_ep80_lr0.0001_bs128_T2.0_lce0.9_lkd1.1_lf0.0_seed230,/home/huang_kai/wind_turbine_phm/PHOENIX-main/autoencoder_benchmark/ablation_experiments/h1/results/comparison_18d_baselines/teacher_student_reference/student_h1_strict_valf1_20260522/extension/extension_s3_s2_s1_l4_o1_c2_r1/distill_tcn_attn_weld_seam_windows_ws5_tf75_pg0_h1_ep80_lr0.0001_bs128_T2.0_lce0.9_lkd1.1_lf0.0_seed230,16.65,1,/home/huang_kai/wind_turbine_phm/PHOENIX-main/autoencoder_benchmark/outputs/teacher_h1_forecast_95/manifests/best_teacher_h1.json,"/usr/bin/python /home/huang_kai/wind_turbine_phm/PHOENIX-main/autoencoder_benchmark/train_distill_single_tcn_student.py --dataset-npz /home/huang_kai/wind_turbine_phm/PHOENIX-main/autoencoder_benchmark/Data/processed_data/weld_seam_windows_ws5_tf75_pg0_h1.npz --teacher-ckpt /home/huang_kai/wind_turbine_phm/PHOENIX-main/autoencoder_benchmark/outputs/teacher_h1_forecast_95/runs/single_tcn_attn_weld_seam_windows_ws5_tf75_pg0_h1_ep80_lr0.0003_bs128_k3_l2_d0.1_lat64_wd0.0005_seed183/best_single_tcn.pth --teacher-run-args /home/huang_kai/wind_turbine_phm/PHOENIX-main/autoencoder_benchmark/outputs/teacher_h1_forecast_95/runs/single_tcn_attn_weld_seam_windows_ws5_tf75_pg0_h1_ep80_lr0.0003_bs128_k3_l2_d0.1_lat64_wd0.0005_seed183/run_args.json --output-dir /home/huang_kai/wind_turbine_phm/PHOENIX-main/autoencoder_benchmark/ablation_experiments/h1/results/comparison_18d_baselines/teacher_student_reference/student_h1_strict_valf1_20260522/extension/extension_s3_s2_s1_l4_o1_c2_r1 --drop-feature-indices 3,4,5,6,7 --epochs 80 --batch-size 128 --lr 0.0001 --weight-decay 0.00015 --seed 230 --class-weights auto --weighted-sampler --val-ratio 0.15 --early-stop-patience 16 --min-epochs 12 --checkpoint-metric val_macro_f1 --temperature 2.0 --lambda-ce 0.9 --lambda-kd 1.1 --lambda-feat 0.0 --student-tcn-dropout 0.12 --student-classifier-hidden 64 --student-classifier-dropout 0.4 --student-attn-dropout 0.1 --student-tcn-dilation-base 2",/home/huang_kai/wind_turbine_phm/PHOENIX-main/autoencoder_benchmark/ablation_experiments/h1/reports/comparison_18d_baselines/teacher_student_reference/student_h1_strict_valf1_20260522/logs/extension_extension_s3_s2_s1_l4_o1_c2_r1_seed230.log,1.0,0.8511,0.815872,0.8736,31,1.0,"{""attn_dropout"": 0.1, ""attn_ff_dim"": 128, ""attn_heads"": 4, ""classifier_dropout"": 0.4, ""classifier_hidden"": 64, ""latent_dim"": 64, ""tcn_channels"": 64, ""tcn_dilation_base"": 2, ""tcn_dropout"": 0.12, ""tcn_kernel"": 3, ""tcn_layers"": 2}"
extension,extension_s3_s2_s1_l4_o1_c2_r1,s3_s2_s1_l4_o1_c2_r1,val_macro_f1,314,80,128,2.0,0.9,1.1,0.0,0.0001,0.00015,0.12,,,64,0.4,0.1,,2,/home/huang_kai/wind_turbine_phm/PHOENIX-main/autoencoder_benchmark/ablation_experiments/h1/results/comparison_18d_baselines/teacher_student_reference/student_h1_strict_valf1_20260522/extension/extension_s3_s2_s1_l4_o1_c2_r1,21,success,distill_tcn_attn_weld_seam_windows_ws5_tf75_pg0_h1_ep80_lr0.0001_bs128_T2.0_lce0.9_lkd1.1_lf0.0_seed314,/home/huang_kai/wind_turbine_phm/PHOENIX-main/autoencoder_benchmark/ablation_experiments/h1/results/comparison_18d_baselines/teacher_student_reference/student_h1_strict_valf1_20260522/extension/extension_s3_s2_s1_l4_o1_c2_r1/distill_tcn_attn_weld_seam_windows_ws5_tf75_pg0_h1_ep80_lr0.0001_bs128_T2.0_lce0.9_lkd1.1_lf0.0_seed314,14.85,1,/home/huang_kai/wind_turbine_phm/PHOENIX-main/autoencoder_benchmark/outputs/teacher_h1_forecast_95/manifests/best_teacher_h1.json,"/usr/bin/python /home/huang_kai/wind_turbine_phm/PHOENIX-main/autoencoder_benchmark/train_distill_single_tcn_student.py --dataset-npz /home/huang_kai/wind_turbine_phm/PHOENIX-main/autoencoder_benchmark/Data/processed_data/weld_seam_windows_ws5_tf75_pg0_h1.npz --teacher-ckpt /home/huang_kai/wind_turbine_phm/PHOENIX-main/autoencoder_benchmark/outputs/teacher_h1_forecast_95/runs/single_tcn_attn_weld_seam_windows_ws5_tf75_pg0_h1_ep80_lr0.0003_bs128_k3_l2_d0.1_lat64_wd0.0005_seed183/best_single_tcn.pth --teacher-run-args /home/huang_kai/wind_turbine_phm/PHOENIX-main/autoencoder_benchmark/outputs/teacher_h1_forecast_95/runs/single_tcn_attn_weld_seam_windows_ws5_tf75_pg0_h1_ep80_lr0.0003_bs128_k3_l2_d0.1_lat64_wd0.0005_seed183/run_args.json --output-dir /home/huang_kai/wind_turbine_phm/PHOENIX-main/autoencoder_benchmark/ablation_experiments/h1/results/comparison_18d_baselines/teacher_student_reference/student_h1_strict_valf1_20260522/extension/extension_s3_s2_s1_l4_o1_c2_r1 --drop-feature-indices 3,4,5,6,7 --epochs 80 --batch-size 128 --lr 0.0001 --weight-decay 0.00015 --seed 314 --class-weights auto --weighted-sampler --val-ratio 0.15 --early-stop-patience 16 --min-epochs 12 --checkpoint-metric val_macro_f1 --temperature 2.0 --lambda-ce 0.9 --lambda-kd 1.1 --lambda-feat 0.0 --student-tcn-dropout 0.12 --student-classifier-hidden 64 --student-classifier-dropout 0.4 --student-attn-dropout 0.1 --student-tcn-dilation-base 2",/home/huang_kai/wind_turbine_phm/PHOENIX-main/autoencoder_benchmark/ablation_experiments/h1/reports/comparison_18d_baselines/teacher_student_reference/student_h1_strict_valf1_20260522/logs/extension_extension_s3_s2_s1_l4_o1_c2_r1_seed314.log,1.0,0.868,0.816121,0.9129,22,1.0,"{""attn_dropout"": 0.1, ""attn_ff_dim"": 128, ""attn_heads"": 4, ""classifier_dropout"": 0.4, ""classifier_hidden"": 64, ""latent_dim"": 64, ""tcn_channels"": 64, ""tcn_dilation_base"": 2, ""tcn_dropout"": 0.12, ""tcn_kernel"": 3, ""tcn_layers"": 2}"
extension,extension_s3_s2_s1_l4_o1_c2_r1,s3_s2_s1_l4_o1_c2_r1,val_macro_f1,512,80,128,2.0,0.9,1.1,0.0,0.0001,0.00015,0.12,,,64,0.4,0.1,,2,/home/huang_kai/wind_turbine_phm/PHOENIX-main/autoencoder_benchmark/ablation_experiments/h1/results/comparison_18d_baselines/teacher_student_reference/student_h1_strict_valf1_20260522/extension/extension_s3_s2_s1_l4_o1_c2_r1,22,success,distill_tcn_attn_weld_seam_windows_ws5_tf75_pg0_h1_ep80_lr0.0001_bs128_T2.0_lce0.9_lkd1.1_lf0.0_seed512,/home/huang_kai/wind_turbine_phm/PHOENIX-main/autoencoder_benchmark/ablation_experiments/h1/results/comparison_18d_baselines/teacher_student_reference/student_h1_strict_valf1_20260522/extension/extension_s3_s2_s1_l4_o1_c2_r1/distill_tcn_attn_weld_seam_windows_ws5_tf75_pg0_h1_ep80_lr0.0001_bs128_T2.0_lce0.9_lkd1.1_lf0.0_seed512,16.5,1,/home/huang_kai/wind_turbine_phm/PHOENIX-main/autoencoder_benchmark/outputs/teacher_h1_forecast_95/manifests/best_teacher_h1.json,"/usr/bin/python /home/huang_kai/wind_turbine_phm/PHOENIX-main/autoencoder_benchmark/train_distill_single_tcn_student.py --dataset-npz /home/huang_kai/wind_turbine_phm/PHOENIX-main/autoencoder_benchmark/Data/processed_data/weld_seam_windows_ws5_tf75_pg0_h1.npz --teacher-ckpt /home/huang_kai/wind_turbine_phm/PHOENIX-main/autoencoder_benchmark/outputs/teacher_h1_forecast_95/runs/single_tcn_attn_weld_seam_windows_ws5_tf75_pg0_h1_ep80_lr0.0003_bs128_k3_l2_d0.1_lat64_wd0.0005_seed183/best_single_tcn.pth --teacher-run-args /home/huang_kai/wind_turbine_phm/PHOENIX-main/autoencoder_benchmark/outputs/teacher_h1_forecast_95/runs/single_tcn_attn_weld_seam_windows_ws5_tf75_pg0_h1_ep80_lr0.0003_bs128_k3_l2_d0.1_lat64_wd0.0005_seed183/run_args.json --output-dir /home/huang_kai/wind_turbine_phm/PHOENIX-main/autoencoder_benchmark/ablation_experiments/h1/results/comparison_18d_baselines/teacher_student_reference/student_h1_strict_valf1_20260522/extension/extension_s3_s2_s1_l4_o1_c2_r1 --drop-feature-indices 3,4,5,6,7 --epochs 80 --batch-size 128 --lr 0.0001 --weight-decay 0.00015 --seed 512 --class-weights auto --weighted-sampler --val-ratio 0.15 --early-stop-patience 16 --min-epochs 12 --checkpoint-metric val_macro_f1 --temperature 2.0 --lambda-ce 0.9 --lambda-kd 1.1 --lambda-feat 0.0 --student-tcn-dropout 0.12 --student-classifier-hidden 64 --student-classifier-dropout 0.4 --student-attn-dropout 0.1 --student-tcn-dilation-base 2",/home/huang_kai/wind_turbine_phm/PHOENIX-main/autoencoder_benchmark/ablation_experiments/h1/reports/comparison_18d_baselines/teacher_student_reference/student_h1_strict_valf1_20260522/logs/extension_extension_s3_s2_s1_l4_o1_c2_r1_seed512.log,1.0,0.8062,0.737932,0.9242,29,1.0,"{""attn_dropout"": 0.1, ""attn_ff_dim"": 128, ""attn_heads"": 4, ""classifier_dropout"": 0.4, ""classifier_hidden"": 64, ""latent_dim"": 64, ""tcn_channels"": 64, ""tcn_dilation_base"": 2, ""tcn_dropout"": 0.12, ""tcn_kernel"": 3, ""tcn_layers"": 2}"
extension,extension_s3_s2_s1_l4_o1_c2_r1,s3_s2_s1_l4_o1_c2_r1,val_macro_f1,777,80,128,2.0,0.9,1.1,0.0,0.0001,0.00015,0.12,,,64,0.4,0.1,,2,/home/huang_kai/wind_turbine_phm/PHOENIX-main/autoencoder_benchmark/ablation_experiments/h1/results/comparison_18d_baselines/teacher_student_reference/student_h1_strict_valf1_20260522/extension/extension_s3_s2_s1_l4_o1_c2_r1,23,success,distill_tcn_attn_weld_seam_windows_ws5_tf75_pg0_h1_ep80_lr0.0001_bs128_T2.0_lce0.9_lkd1.1_lf0.0_seed777,/home/huang_kai/wind_turbine_phm/PHOENIX-main/autoencoder_benchmark/ablation_experiments/h1/results/comparison_18d_baselines/teacher_student_reference/student_h1_strict_valf1_20260522/extension/extension_s3_s2_s1_l4_o1_c2_r1/distill_tcn_attn_weld_seam_windows_ws5_tf75_pg0_h1_ep80_lr0.0001_bs128_T2.0_lce0.9_lkd1.1_lf0.0_seed777,11.75,1,/home/huang_kai/wind_turbine_phm/PHOENIX-main/autoencoder_benchmark/outputs/teacher_h1_forecast_95/manifests/best_teacher_h1.json,"/usr/bin/python /home/huang_kai/wind_turbine_phm/PHOENIX-main/autoencoder_benchmark/train_distill_single_tcn_student.py --dataset-npz /home/huang_kai/wind_turbine_phm/PHOENIX-main/autoencoder_benchmark/Data/processed_data/weld_seam_windows_ws5_tf75_pg0_h1.npz --teacher-ckpt /home/huang_kai/wind_turbine_phm/PHOENIX-main/autoencoder_benchmark/outputs/teacher_h1_forecast_95/runs/single_tcn_attn_weld_seam_windows_ws5_tf75_pg0_h1_ep80_lr0.0003_bs128_k3_l2_d0.1_lat64_wd0.0005_seed183/best_single_tcn.pth --teacher-run-args /home/huang_kai/wind_turbine_phm/PHOENIX-main/autoencoder_benchmark/outputs/teacher_h1_forecast_95/runs/single_tcn_attn_weld_seam_windows_ws5_tf75_pg0_h1_ep80_lr0.0003_bs128_k3_l2_d0.1_lat64_wd0.0005_seed183/run_args.json --output-dir /home/huang_kai/wind_turbine_phm/PHOENIX-main/autoencoder_benchmark/ablation_experiments/h1/results/comparison_18d_baselines/teacher_student_reference/student_h1_strict_valf1_20260522/extension/extension_s3_s2_s1_l4_o1_c2_r1 --drop-feature-indices 3,4,5,6,7 --epochs 80 --batch-size 128 --lr 0.0001 --weight-decay 0.00015 --seed 777 --class-weights auto --weighted-sampler --val-ratio 0.15 --early-stop-patience 16 --min-epochs 12 --checkpoint-metric val_macro_f1 --temperature 2.0 --lambda-ce 0.9 --lambda-kd 1.1 --lambda-feat 0.0 --student-tcn-dropout 0.12 --student-classifier-hidden 64 --student-classifier-dropout 0.4 --student-attn-dropout 0.1 --student-tcn-dilation-base 2",/home/huang_kai/wind_turbine_phm/PHOENIX-main/autoencoder_benchmark/ablation_experiments/h1/reports/comparison_18d_baselines/teacher_student_reference/student_h1_strict_valf1_20260522/logs/extension_extension_s3_s2_s1_l4_o1_c2_r1_seed777.log,1.0,0.8764,0.836201,0.9101,13,1.0,"{""attn_dropout"": 0.1, ""attn_ff_dim"": 128, ""attn_heads"": 4, ""classifier_dropout"": 0.4, ""classifier_hidden"": 64, ""latent_dim"": 64, ""tcn_channels"": 64, ""tcn_dilation_base"": 2, ""tcn_dropout"": 0.12, ""tcn_kernel"": 3, ""tcn_layers"": 2}"
extension,extension_s3_s2_s1_l4_o1_c2_r1,s3_s2_s1_l4_o1_c2_r1,val_macro_f1,1001,80,128,2.0,0.9,1.1,0.0,0.0001,0.00015,0.12,,,64,0.4,0.1,,2,/home/huang_kai/wind_turbine_phm/PHOENIX-main/autoencoder_benchmark/ablation_experiments/h1/results/comparison_18d_baselines/teacher_student_reference/student_h1_strict_valf1_20260522/extension/extension_s3_s2_s1_l4_o1_c2_r1,24,success,distill_tcn_attn_weld_seam_windows_ws5_tf75_pg0_h1_ep80_lr0.0001_bs128_T2.0_lce0.9_lkd1.1_lf0.0_seed1001,/home/huang_kai/wind_turbine_phm/PHOENIX-main/autoencoder_benchmark/ablation_experiments/h1/results/comparison_18d_baselines/teacher_student_reference/student_h1_strict_valf1_20260522/extension/extension_s3_s2_s1_l4_o1_c2_r1/distill_tcn_attn_weld_seam_windows_ws5_tf75_pg0_h1_ep80_lr0.0001_bs128_T2.0_lce0.9_lkd1.1_lf0.0_seed1001,14.55,1,/home/huang_kai/wind_turbine_phm/PHOENIX-main/autoencoder_benchmark/outputs/teacher_h1_forecast_95/manifests/best_teacher_h1.json,"/usr/bin/python /home/huang_kai/wind_turbine_phm/PHOENIX-main/autoencoder_benchmark/train_distill_single_tcn_student.py --dataset-npz /home/huang_kai/wind_turbine_phm/PHOENIX-main/autoencoder_benchmark/Data/processed_data/weld_seam_windows_ws5_tf75_pg0_h1.npz --teacher-ckpt /home/huang_kai/wind_turbine_phm/PHOENIX-main/autoencoder_benchmark/outputs/teacher_h1_forecast_95/runs/single_tcn_attn_weld_seam_windows_ws5_tf75_pg0_h1_ep80_lr0.0003_bs128_k3_l2_d0.1_lat64_wd0.0005_seed183/best_single_tcn.pth --teacher-run-args /home/huang_kai/wind_turbine_phm/PHOENIX-main/autoencoder_benchmark/outputs/teacher_h1_forecast_95/runs/single_tcn_attn_weld_seam_windows_ws5_tf75_pg0_h1_ep80_lr0.0003_bs128_k3_l2_d0.1_lat64_wd0.0005_seed183/run_args.json --output-dir /home/huang_kai/wind_turbine_phm/PHOENIX-main/autoencoder_benchmark/ablation_experiments/h1/results/comparison_18d_baselines/teacher_student_reference/student_h1_strict_valf1_20260522/extension/extension_s3_s2_s1_l4_o1_c2_r1 --drop-feature-indices 3,4,5,6,7 --epochs 80 --batch-size 128 --lr 0.0001 --weight-decay 0.00015 --seed 1001 --class-weights auto --weighted-sampler --val-ratio 0.15 --early-stop-patience 16 --min-epochs 12 --checkpoint-metric val_macro_f1 --temperature 2.0 --lambda-ce 0.9 --lambda-kd 1.1 --lambda-feat 0.0 --student-tcn-dropout 0.12 --student-classifier-hidden 64 --student-classifier-dropout 0.4 --student-attn-dropout 0.1 --student-tcn-dilation-base 2",/home/huang_kai/wind_turbine_phm/PHOENIX-main/autoencoder_benchmark/ablation_experiments/h1/reports/comparison_18d_baselines/teacher_student_reference/student_h1_strict_valf1_20260522/logs/extension_extension_s3_s2_s1_l4_o1_c2_r1_seed1001.log,1.0,0.8876000000000001,0.843403,0.9157,22,1.0,"{""attn_dropout"": 0.1, ""attn_ff_dim"": 128, ""attn_heads"": 4, ""classifier_dropout"": 0.4, ""classifier_hidden"": 64, ""latent_dim"": 64, ""tcn_channels"": 64, ""tcn_dilation_base"": 2, ""tcn_dropout"": 0.12, ""tcn_kernel"": 3, ""tcn_layers"": 2}"
