Traceback (most recent call last):
  File "/home/huang_kai/wind_turbine_phm/PHOENIX-main/autoencoder_benchmark/ablation_experiments/ablation3_joint_tcn_attn/scripts/train_ablation3_joint_tcn_attn.py", line 740, in <module>
    main()
  File "/home/huang_kai/wind_turbine_phm/PHOENIX-main/autoencoder_benchmark/ablation_experiments/ablation3_joint_tcn_attn/scripts/train_ablation3_joint_tcn_attn.py", line 371, in main
    teacher_init_summary = load_model_init_weights(
  File "/home/huang_kai/wind_turbine_phm/PHOENIX-main/autoencoder_benchmark/training_utils.py", line 57, in load_model_init_weights
    model.load_state_dict(state_dict, strict=True)
  File "/usr/local/lib/python3.10/dist-packages/torch/nn/modules/module.py", line 2581, in load_state_dict
    raise RuntimeError(
RuntimeError: Error(s) in loading state_dict for AttentionTCNClassifier:
	size mismatch for input_proj.0.weight: copying a param with shape torch.Size([64, 18, 1]) from checkpoint, the shape in current model is torch.Size([80, 18, 1]).
	size mismatch for input_proj.1.weight: copying a param with shape torch.Size([64]) from checkpoint, the shape in current model is torch.Size([80]).
	size mismatch for input_proj.1.bias: copying a param with shape torch.Size([64]) from checkpoint, the shape in current model is torch.Size([80]).
	size mismatch for input_proj.1.running_mean: copying a param with shape torch.Size([64]) from checkpoint, the shape in current model is torch.Size([80]).
	size mismatch for input_proj.1.running_var: copying a param with shape torch.Size([64]) from checkpoint, the shape in current model is torch.Size([80]).
	size mismatch for tcn.0.net.0.weight: copying a param with shape torch.Size([64, 64, 3]) from checkpoint, the shape in current model is torch.Size([80, 80, 3]).
	size mismatch for tcn.0.net.1.weight: copying a param with shape torch.Size([64]) from checkpoint, the shape in current model is torch.Size([80]).
	size mismatch for tcn.0.net.1.bias: copying a param with shape torch.Size([64]) from checkpoint, the shape in current model is torch.Size([80]).
	size mismatch for tcn.0.net.1.running_mean: copying a param with shape torch.Size([64]) from checkpoint, the shape in current model is torch.Size([80]).
	size mismatch for tcn.0.net.1.running_var: copying a param with shape torch.Size([64]) from checkpoint, the shape in current model is torch.Size([80]).
	size mismatch for tcn.0.net.4.weight: copying a param with shape torch.Size([64, 64, 3]) from checkpoint, the shape in current model is torch.Size([80, 80, 3]).
	size mismatch for tcn.0.net.5.weight: copying a param with shape torch.Size([64]) from checkpoint, the shape in current model is torch.Size([80]).
	size mismatch for tcn.0.net.5.bias: copying a param with shape torch.Size([64]) from checkpoint, the shape in current model is torch.Size([80]).
	size mismatch for tcn.0.net.5.running_mean: copying a param with shape torch.Size([64]) from checkpoint, the shape in current model is torch.Size([80]).
	size mismatch for tcn.0.net.5.running_var: copying a param with shape torch.Size([64]) from checkpoint, the shape in current model is torch.Size([80]).
	size mismatch for tcn.1.net.0.weight: copying a param with shape torch.Size([64, 64, 3]) from checkpoint, the shape in current model is torch.Size([80, 80, 3]).
	size mismatch for tcn.1.net.1.weight: copying a param with shape torch.Size([64]) from checkpoint, the shape in current model is torch.Size([80]).
	size mismatch for tcn.1.net.1.bias: copying a param with shape torch.Size([64]) from checkpoint, the shape in current model is torch.Size([80]).
	size mismatch for tcn.1.net.1.running_mean: copying a param with shape torch.Size([64]) from checkpoint, the shape in current model is torch.Size([80]).
	size mismatch for tcn.1.net.1.running_var: copying a param with shape torch.Size([64]) from checkpoint, the shape in current model is torch.Size([80]).
	size mismatch for tcn.1.net.4.weight: copying a param with shape torch.Size([64, 64, 3]) from checkpoint, the shape in current model is torch.Size([80, 80, 3]).
	size mismatch for tcn.1.net.5.weight: copying a param with shape torch.Size([64]) from checkpoint, the shape in current model is torch.Size([80]).
	size mismatch for tcn.1.net.5.bias: copying a param with shape torch.Size([64]) from checkpoint, the shape in current model is torch.Size([80]).
	size mismatch for tcn.1.net.5.running_mean: copying a param with shape torch.Size([64]) from checkpoint, the shape in current model is torch.Size([80]).
	size mismatch for tcn.1.net.5.running_var: copying a param with shape torch.Size([64]) from checkpoint, the shape in current model is torch.Size([80]).
	size mismatch for tcn.2.net.0.weight: copying a param with shape torch.Size([64, 64, 3]) from checkpoint, the shape in current model is torch.Size([80, 80, 3]).
	size mismatch for tcn.2.net.1.weight: copying a param with shape torch.Size([64]) from checkpoint, the shape in current model is torch.Size([80]).
	size mismatch for tcn.2.net.1.bias: copying a param with shape torch.Size([64]) from checkpoint, the shape in current model is torch.Size([80]).
	size mismatch for tcn.2.net.1.running_mean: copying a param with shape torch.Size([64]) from checkpoint, the shape in current model is torch.Size([80]).
	size mismatch for tcn.2.net.1.running_var: copying a param with shape torch.Size([64]) from checkpoint, the shape in current model is torch.Size([80]).
	size mismatch for tcn.2.net.4.weight: copying a param with shape torch.Size([64, 64, 3]) from checkpoint, the shape in current model is torch.Size([80, 80, 3]).
	size mismatch for tcn.2.net.5.weight: copying a param with shape torch.Size([64]) from checkpoint, the shape in current model is torch.Size([80]).
	size mismatch for tcn.2.net.5.bias: copying a param with shape torch.Size([64]) from checkpoint, the shape in current model is torch.Size([80]).
	size mismatch for tcn.2.net.5.running_mean: copying a param with shape torch.Size([64]) from checkpoint, the shape in current model is torch.Size([80]).
	size mismatch for tcn.2.net.5.running_var: copying a param with shape torch.Size([64]) from checkpoint, the shape in current model is torch.Size([80]).
	size mismatch for attn.in_proj_weight: copying a param with shape torch.Size([192, 64]) from checkpoint, the shape in current model is torch.Size([240, 80]).
	size mismatch for attn.in_proj_bias: copying a param with shape torch.Size([192]) from checkpoint, the shape in current model is torch.Size([240]).
	size mismatch for attn.out_proj.weight: copying a param with shape torch.Size([64, 64]) from checkpoint, the shape in current model is torch.Size([80, 80]).
	size mismatch for attn.out_proj.bias: copying a param with shape torch.Size([64]) from checkpoint, the shape in current model is torch.Size([80]).
	size mismatch for ln1.weight: copying a param with shape torch.Size([64]) from checkpoint, the shape in current model is torch.Size([80]).
	size mismatch for ln1.bias: copying a param with shape torch.Size([64]) from checkpoint, the shape in current model is torch.Size([80]).
	size mismatch for ff.0.weight: copying a param with shape torch.Size([128, 64]) from checkpoint, the shape in current model is torch.Size([128, 80]).
	size mismatch for ff.3.weight: copying a param with shape torch.Size([64, 128]) from checkpoint, the shape in current model is torch.Size([80, 128]).
	size mismatch for ff.3.bias: copying a param with shape torch.Size([64]) from checkpoint, the shape in current model is torch.Size([80]).
	size mismatch for ln2.weight: copying a param with shape torch.Size([64]) from checkpoint, the shape in current model is torch.Size([80]).
	size mismatch for ln2.bias: copying a param with shape torch.Size([64]) from checkpoint, the shape in current model is torch.Size([80]).
	size mismatch for classifier.1.weight: copying a param with shape torch.Size([64, 128]) from checkpoint, the shape in current model is torch.Size([64, 160]).
Traceback (most recent call last):
  File "/home/huang_kai/wind_turbine_phm/PHOENIX-main/autoencoder_benchmark/ablation_experiments/ablation3_joint_tcn_attn/scripts/train_ablation3_joint_tcn_attn.py", line 740, in <module>
    main()
  File "/home/huang_kai/wind_turbine_phm/PHOENIX-main/autoencoder_benchmark/ablation_experiments/ablation3_joint_tcn_attn/scripts/train_ablation3_joint_tcn_attn.py", line 371, in main
    teacher_init_summary = load_model_init_weights(
  File "/home/huang_kai/wind_turbine_phm/PHOENIX-main/autoencoder_benchmark/training_utils.py", line 57, in load_model_init_weights
    model.load_state_dict(state_dict, strict=True)
  File "/usr/local/lib/python3.10/dist-packages/torch/nn/modules/module.py", line 2581, in load_state_dict
    raise RuntimeError(
RuntimeError: Error(s) in loading state_dict for AttentionTCNClassifier:
	size mismatch for input_proj.0.weight: copying a param with shape torch.Size([64, 18, 1]) from checkpoint, the shape in current model is torch.Size([80, 18, 1]).
	size mismatch for input_proj.1.weight: copying a param with shape torch.Size([64]) from checkpoint, the shape in current model is torch.Size([80]).
	size mismatch for input_proj.1.bias: copying a param with shape torch.Size([64]) from checkpoint, the shape in current model is torch.Size([80]).
	size mismatch for input_proj.1.running_mean: copying a param with shape torch.Size([64]) from checkpoint, the shape in current model is torch.Size([80]).
	size mismatch for input_proj.1.running_var: copying a param with shape torch.Size([64]) from checkpoint, the shape in current model is torch.Size([80]).
	size mismatch for tcn.0.net.0.weight: copying a param with shape torch.Size([64, 64, 3]) from checkpoint, the shape in current model is torch.Size([80, 80, 3]).
	size mismatch for tcn.0.net.1.weight: copying a param with shape torch.Size([64]) from checkpoint, the shape in current model is torch.Size([80]).
	size mismatch for tcn.0.net.1.bias: copying a param with shape torch.Size([64]) from checkpoint, the shape in current model is torch.Size([80]).
	size mismatch for tcn.0.net.1.running_mean: copying a param with shape torch.Size([64]) from checkpoint, the shape in current model is torch.Size([80]).
	size mismatch for tcn.0.net.1.running_var: copying a param with shape torch.Size([64]) from checkpoint, the shape in current model is torch.Size([80]).
	size mismatch for tcn.0.net.4.weight: copying a param with shape torch.Size([64, 64, 3]) from checkpoint, the shape in current model is torch.Size([80, 80, 3]).
	size mismatch for tcn.0.net.5.weight: copying a param with shape torch.Size([64]) from checkpoint, the shape in current model is torch.Size([80]).
	size mismatch for tcn.0.net.5.bias: copying a param with shape torch.Size([64]) from checkpoint, the shape in current model is torch.Size([80]).
	size mismatch for tcn.0.net.5.running_mean: copying a param with shape torch.Size([64]) from checkpoint, the shape in current model is torch.Size([80]).
	size mismatch for tcn.0.net.5.running_var: copying a param with shape torch.Size([64]) from checkpoint, the shape in current model is torch.Size([80]).
	size mismatch for tcn.1.net.0.weight: copying a param with shape torch.Size([64, 64, 3]) from checkpoint, the shape in current model is torch.Size([80, 80, 3]).
	size mismatch for tcn.1.net.1.weight: copying a param with shape torch.Size([64]) from checkpoint, the shape in current model is torch.Size([80]).
	size mismatch for tcn.1.net.1.bias: copying a param with shape torch.Size([64]) from checkpoint, the shape in current model is torch.Size([80]).
	size mismatch for tcn.1.net.1.running_mean: copying a param with shape torch.Size([64]) from checkpoint, the shape in current model is torch.Size([80]).
	size mismatch for tcn.1.net.1.running_var: copying a param with shape torch.Size([64]) from checkpoint, the shape in current model is torch.Size([80]).
	size mismatch for tcn.1.net.4.weight: copying a param with shape torch.Size([64, 64, 3]) from checkpoint, the shape in current model is torch.Size([80, 80, 3]).
	size mismatch for tcn.1.net.5.weight: copying a param with shape torch.Size([64]) from checkpoint, the shape in current model is torch.Size([80]).
	size mismatch for tcn.1.net.5.bias: copying a param with shape torch.Size([64]) from checkpoint, the shape in current model is torch.Size([80]).
	size mismatch for tcn.1.net.5.running_mean: copying a param with shape torch.Size([64]) from checkpoint, the shape in current model is torch.Size([80]).
	size mismatch for tcn.1.net.5.running_var: copying a param with shape torch.Size([64]) from checkpoint, the shape in current model is torch.Size([80]).
	size mismatch for tcn.2.net.0.weight: copying a param with shape torch.Size([64, 64, 3]) from checkpoint, the shape in current model is torch.Size([80, 80, 3]).
	size mismatch for tcn.2.net.1.weight: copying a param with shape torch.Size([64]) from checkpoint, the shape in current model is torch.Size([80]).
	size mismatch for tcn.2.net.1.bias: copying a param with shape torch.Size([64]) from checkpoint, the shape in current model is torch.Size([80]).
	size mismatch for tcn.2.net.1.running_mean: copying a param with shape torch.Size([64]) from checkpoint, the shape in current model is torch.Size([80]).
	size mismatch for tcn.2.net.1.running_var: copying a param with shape torch.Size([64]) from checkpoint, the shape in current model is torch.Size([80]).
	size mismatch for tcn.2.net.4.weight: copying a param with shape torch.Size([64, 64, 3]) from checkpoint, the shape in current model is torch.Size([80, 80, 3]).
	size mismatch for tcn.2.net.5.weight: copying a param with shape torch.Size([64]) from checkpoint, the shape in current model is torch.Size([80]).
	size mismatch for tcn.2.net.5.bias: copying a param with shape torch.Size([64]) from checkpoint, the shape in current model is torch.Size([80]).
	size mismatch for tcn.2.net.5.running_mean: copying a param with shape torch.Size([64]) from checkpoint, the shape in current model is torch.Size([80]).
	size mismatch for tcn.2.net.5.running_var: copying a param with shape torch.Size([64]) from checkpoint, the shape in current model is torch.Size([80]).
	size mismatch for attn.in_proj_weight: copying a param with shape torch.Size([192, 64]) from checkpoint, the shape in current model is torch.Size([240, 80]).
	size mismatch for attn.in_proj_bias: copying a param with shape torch.Size([192]) from checkpoint, the shape in current model is torch.Size([240]).
	size mismatch for attn.out_proj.weight: copying a param with shape torch.Size([64, 64]) from checkpoint, the shape in current model is torch.Size([80, 80]).
	size mismatch for attn.out_proj.bias: copying a param with shape torch.Size([64]) from checkpoint, the shape in current model is torch.Size([80]).
	size mismatch for ln1.weight: copying a param with shape torch.Size([64]) from checkpoint, the shape in current model is torch.Size([80]).
	size mismatch for ln1.bias: copying a param with shape torch.Size([64]) from checkpoint, the shape in current model is torch.Size([80]).
	size mismatch for ff.0.weight: copying a param with shape torch.Size([128, 64]) from checkpoint, the shape in current model is torch.Size([128, 80]).
	size mismatch for ff.3.weight: copying a param with shape torch.Size([64, 128]) from checkpoint, the shape in current model is torch.Size([80, 128]).
	size mismatch for ff.3.bias: copying a param with shape torch.Size([64]) from checkpoint, the shape in current model is torch.Size([80]).
	size mismatch for ln2.weight: copying a param with shape torch.Size([64]) from checkpoint, the shape in current model is torch.Size([80]).
	size mismatch for ln2.bias: copying a param with shape torch.Size([64]) from checkpoint, the shape in current model is torch.Size([80]).
	size mismatch for classifier.1.weight: copying a param with shape torch.Size([64, 128]) from checkpoint, the shape in current model is torch.Size([64, 160]).
Traceback (most recent call last):
  File "/home/huang_kai/wind_turbine_phm/PHOENIX-main/autoencoder_benchmark/ablation_experiments/ablation3_joint_tcn_attn/scripts/train_ablation3_joint_tcn_attn.py", line 740, in <module>
    main()
  File "/home/huang_kai/wind_turbine_phm/PHOENIX-main/autoencoder_benchmark/ablation_experiments/ablation3_joint_tcn_attn/scripts/train_ablation3_joint_tcn_attn.py", line 371, in main
    teacher_init_summary = load_model_init_weights(
  File "/home/huang_kai/wind_turbine_phm/PHOENIX-main/autoencoder_benchmark/training_utils.py", line 57, in load_model_init_weights
    model.load_state_dict(state_dict, strict=True)
  File "/usr/local/lib/python3.10/dist-packages/torch/nn/modules/module.py", line 2581, in load_state_dict
    raise RuntimeError(
RuntimeError: Error(s) in loading state_dict for AttentionTCNClassifier:
	size mismatch for input_proj.0.weight: copying a param with shape torch.Size([64, 18, 1]) from checkpoint, the shape in current model is torch.Size([80, 18, 1]).
	size mismatch for input_proj.1.weight: copying a param with shape torch.Size([64]) from checkpoint, the shape in current model is torch.Size([80]).
	size mismatch for input_proj.1.bias: copying a param with shape torch.Size([64]) from checkpoint, the shape in current model is torch.Size([80]).
	size mismatch for input_proj.1.running_mean: copying a param with shape torch.Size([64]) from checkpoint, the shape in current model is torch.Size([80]).
	size mismatch for input_proj.1.running_var: copying a param with shape torch.Size([64]) from checkpoint, the shape in current model is torch.Size([80]).
	size mismatch for tcn.0.net.0.weight: copying a param with shape torch.Size([64, 64, 3]) from checkpoint, the shape in current model is torch.Size([80, 80, 3]).
	size mismatch for tcn.0.net.1.weight: copying a param with shape torch.Size([64]) from checkpoint, the shape in current model is torch.Size([80]).
	size mismatch for tcn.0.net.1.bias: copying a param with shape torch.Size([64]) from checkpoint, the shape in current model is torch.Size([80]).
	size mismatch for tcn.0.net.1.running_mean: copying a param with shape torch.Size([64]) from checkpoint, the shape in current model is torch.Size([80]).
	size mismatch for tcn.0.net.1.running_var: copying a param with shape torch.Size([64]) from checkpoint, the shape in current model is torch.Size([80]).
	size mismatch for tcn.0.net.4.weight: copying a param with shape torch.Size([64, 64, 3]) from checkpoint, the shape in current model is torch.Size([80, 80, 3]).
	size mismatch for tcn.0.net.5.weight: copying a param with shape torch.Size([64]) from checkpoint, the shape in current model is torch.Size([80]).
	size mismatch for tcn.0.net.5.bias: copying a param with shape torch.Size([64]) from checkpoint, the shape in current model is torch.Size([80]).
	size mismatch for tcn.0.net.5.running_mean: copying a param with shape torch.Size([64]) from checkpoint, the shape in current model is torch.Size([80]).
	size mismatch for tcn.0.net.5.running_var: copying a param with shape torch.Size([64]) from checkpoint, the shape in current model is torch.Size([80]).
	size mismatch for tcn.1.net.0.weight: copying a param with shape torch.Size([64, 64, 3]) from checkpoint, the shape in current model is torch.Size([80, 80, 3]).
	size mismatch for tcn.1.net.1.weight: copying a param with shape torch.Size([64]) from checkpoint, the shape in current model is torch.Size([80]).
	size mismatch for tcn.1.net.1.bias: copying a param with shape torch.Size([64]) from checkpoint, the shape in current model is torch.Size([80]).
	size mismatch for tcn.1.net.1.running_mean: copying a param with shape torch.Size([64]) from checkpoint, the shape in current model is torch.Size([80]).
	size mismatch for tcn.1.net.1.running_var: copying a param with shape torch.Size([64]) from checkpoint, the shape in current model is torch.Size([80]).
	size mismatch for tcn.1.net.4.weight: copying a param with shape torch.Size([64, 64, 3]) from checkpoint, the shape in current model is torch.Size([80, 80, 3]).
	size mismatch for tcn.1.net.5.weight: copying a param with shape torch.Size([64]) from checkpoint, the shape in current model is torch.Size([80]).
	size mismatch for tcn.1.net.5.bias: copying a param with shape torch.Size([64]) from checkpoint, the shape in current model is torch.Size([80]).
	size mismatch for tcn.1.net.5.running_mean: copying a param with shape torch.Size([64]) from checkpoint, the shape in current model is torch.Size([80]).
	size mismatch for tcn.1.net.5.running_var: copying a param with shape torch.Size([64]) from checkpoint, the shape in current model is torch.Size([80]).
	size mismatch for tcn.2.net.0.weight: copying a param with shape torch.Size([64, 64, 3]) from checkpoint, the shape in current model is torch.Size([80, 80, 3]).
	size mismatch for tcn.2.net.1.weight: copying a param with shape torch.Size([64]) from checkpoint, the shape in current model is torch.Size([80]).
	size mismatch for tcn.2.net.1.bias: copying a param with shape torch.Size([64]) from checkpoint, the shape in current model is torch.Size([80]).
	size mismatch for tcn.2.net.1.running_mean: copying a param with shape torch.Size([64]) from checkpoint, the shape in current model is torch.Size([80]).
	size mismatch for tcn.2.net.1.running_var: copying a param with shape torch.Size([64]) from checkpoint, the shape in current model is torch.Size([80]).
	size mismatch for tcn.2.net.4.weight: copying a param with shape torch.Size([64, 64, 3]) from checkpoint, the shape in current model is torch.Size([80, 80, 3]).
	size mismatch for tcn.2.net.5.weight: copying a param with shape torch.Size([64]) from checkpoint, the shape in current model is torch.Size([80]).
	size mismatch for tcn.2.net.5.bias: copying a param with shape torch.Size([64]) from checkpoint, the shape in current model is torch.Size([80]).
	size mismatch for tcn.2.net.5.running_mean: copying a param with shape torch.Size([64]) from checkpoint, the shape in current model is torch.Size([80]).
	size mismatch for tcn.2.net.5.running_var: copying a param with shape torch.Size([64]) from checkpoint, the shape in current model is torch.Size([80]).
	size mismatch for attn.in_proj_weight: copying a param with shape torch.Size([192, 64]) from checkpoint, the shape in current model is torch.Size([240, 80]).
	size mismatch for attn.in_proj_bias: copying a param with shape torch.Size([192]) from checkpoint, the shape in current model is torch.Size([240]).
	size mismatch for attn.out_proj.weight: copying a param with shape torch.Size([64, 64]) from checkpoint, the shape in current model is torch.Size([80, 80]).
	size mismatch for attn.out_proj.bias: copying a param with shape torch.Size([64]) from checkpoint, the shape in current model is torch.Size([80]).
	size mismatch for ln1.weight: copying a param with shape torch.Size([64]) from checkpoint, the shape in current model is torch.Size([80]).
	size mismatch for ln1.bias: copying a param with shape torch.Size([64]) from checkpoint, the shape in current model is torch.Size([80]).
	size mismatch for ff.0.weight: copying a param with shape torch.Size([128, 64]) from checkpoint, the shape in current model is torch.Size([128, 80]).
	size mismatch for ff.3.weight: copying a param with shape torch.Size([64, 128]) from checkpoint, the shape in current model is torch.Size([80, 128]).
	size mismatch for ff.3.bias: copying a param with shape torch.Size([64]) from checkpoint, the shape in current model is torch.Size([80]).
	size mismatch for ln2.weight: copying a param with shape torch.Size([64]) from checkpoint, the shape in current model is torch.Size([80]).
	size mismatch for ln2.bias: copying a param with shape torch.Size([64]) from checkpoint, the shape in current model is torch.Size([80]).
	size mismatch for classifier.1.weight: copying a param with shape torch.Size([64, 128]) from checkpoint, the shape in current model is torch.Size([64, 160]).
Traceback (most recent call last):
  File "/home/huang_kai/wind_turbine_phm/PHOENIX-main/autoencoder_benchmark/ablation_experiments/ablation3_joint_tcn_attn/scripts/train_ablation3_joint_tcn_attn.py", line 740, in <module>
    main()
  File "/home/huang_kai/wind_turbine_phm/PHOENIX-main/autoencoder_benchmark/ablation_experiments/ablation3_joint_tcn_attn/scripts/train_ablation3_joint_tcn_attn.py", line 371, in main
    teacher_init_summary = load_model_init_weights(
  File "/home/huang_kai/wind_turbine_phm/PHOENIX-main/autoencoder_benchmark/training_utils.py", line 57, in load_model_init_weights
    model.load_state_dict(state_dict, strict=True)
  File "/usr/local/lib/python3.10/dist-packages/torch/nn/modules/module.py", line 2581, in load_state_dict
    raise RuntimeError(
RuntimeError: Error(s) in loading state_dict for AttentionTCNClassifier:
	size mismatch for input_proj.0.weight: copying a param with shape torch.Size([64, 18, 1]) from checkpoint, the shape in current model is torch.Size([80, 18, 1]).
	size mismatch for input_proj.1.weight: copying a param with shape torch.Size([64]) from checkpoint, the shape in current model is torch.Size([80]).
	size mismatch for input_proj.1.bias: copying a param with shape torch.Size([64]) from checkpoint, the shape in current model is torch.Size([80]).
	size mismatch for input_proj.1.running_mean: copying a param with shape torch.Size([64]) from checkpoint, the shape in current model is torch.Size([80]).
	size mismatch for input_proj.1.running_var: copying a param with shape torch.Size([64]) from checkpoint, the shape in current model is torch.Size([80]).
	size mismatch for tcn.0.net.0.weight: copying a param with shape torch.Size([64, 64, 3]) from checkpoint, the shape in current model is torch.Size([80, 80, 3]).
	size mismatch for tcn.0.net.1.weight: copying a param with shape torch.Size([64]) from checkpoint, the shape in current model is torch.Size([80]).
	size mismatch for tcn.0.net.1.bias: copying a param with shape torch.Size([64]) from checkpoint, the shape in current model is torch.Size([80]).
	size mismatch for tcn.0.net.1.running_mean: copying a param with shape torch.Size([64]) from checkpoint, the shape in current model is torch.Size([80]).
	size mismatch for tcn.0.net.1.running_var: copying a param with shape torch.Size([64]) from checkpoint, the shape in current model is torch.Size([80]).
	size mismatch for tcn.0.net.4.weight: copying a param with shape torch.Size([64, 64, 3]) from checkpoint, the shape in current model is torch.Size([80, 80, 3]).
	size mismatch for tcn.0.net.5.weight: copying a param with shape torch.Size([64]) from checkpoint, the shape in current model is torch.Size([80]).
	size mismatch for tcn.0.net.5.bias: copying a param with shape torch.Size([64]) from checkpoint, the shape in current model is torch.Size([80]).
	size mismatch for tcn.0.net.5.running_mean: copying a param with shape torch.Size([64]) from checkpoint, the shape in current model is torch.Size([80]).
	size mismatch for tcn.0.net.5.running_var: copying a param with shape torch.Size([64]) from checkpoint, the shape in current model is torch.Size([80]).
	size mismatch for tcn.1.net.0.weight: copying a param with shape torch.Size([64, 64, 3]) from checkpoint, the shape in current model is torch.Size([80, 80, 3]).
	size mismatch for tcn.1.net.1.weight: copying a param with shape torch.Size([64]) from checkpoint, the shape in current model is torch.Size([80]).
	size mismatch for tcn.1.net.1.bias: copying a param with shape torch.Size([64]) from checkpoint, the shape in current model is torch.Size([80]).
	size mismatch for tcn.1.net.1.running_mean: copying a param with shape torch.Size([64]) from checkpoint, the shape in current model is torch.Size([80]).
	size mismatch for tcn.1.net.1.running_var: copying a param with shape torch.Size([64]) from checkpoint, the shape in current model is torch.Size([80]).
	size mismatch for tcn.1.net.4.weight: copying a param with shape torch.Size([64, 64, 3]) from checkpoint, the shape in current model is torch.Size([80, 80, 3]).
	size mismatch for tcn.1.net.5.weight: copying a param with shape torch.Size([64]) from checkpoint, the shape in current model is torch.Size([80]).
	size mismatch for tcn.1.net.5.bias: copying a param with shape torch.Size([64]) from checkpoint, the shape in current model is torch.Size([80]).
	size mismatch for tcn.1.net.5.running_mean: copying a param with shape torch.Size([64]) from checkpoint, the shape in current model is torch.Size([80]).
	size mismatch for tcn.1.net.5.running_var: copying a param with shape torch.Size([64]) from checkpoint, the shape in current model is torch.Size([80]).
	size mismatch for tcn.2.net.0.weight: copying a param with shape torch.Size([64, 64, 3]) from checkpoint, the shape in current model is torch.Size([80, 80, 3]).
	size mismatch for tcn.2.net.1.weight: copying a param with shape torch.Size([64]) from checkpoint, the shape in current model is torch.Size([80]).
	size mismatch for tcn.2.net.1.bias: copying a param with shape torch.Size([64]) from checkpoint, the shape in current model is torch.Size([80]).
	size mismatch for tcn.2.net.1.running_mean: copying a param with shape torch.Size([64]) from checkpoint, the shape in current model is torch.Size([80]).
	size mismatch for tcn.2.net.1.running_var: copying a param with shape torch.Size([64]) from checkpoint, the shape in current model is torch.Size([80]).
	size mismatch for tcn.2.net.4.weight: copying a param with shape torch.Size([64, 64, 3]) from checkpoint, the shape in current model is torch.Size([80, 80, 3]).
	size mismatch for tcn.2.net.5.weight: copying a param with shape torch.Size([64]) from checkpoint, the shape in current model is torch.Size([80]).
	size mismatch for tcn.2.net.5.bias: copying a param with shape torch.Size([64]) from checkpoint, the shape in current model is torch.Size([80]).
	size mismatch for tcn.2.net.5.running_mean: copying a param with shape torch.Size([64]) from checkpoint, the shape in current model is torch.Size([80]).
	size mismatch for tcn.2.net.5.running_var: copying a param with shape torch.Size([64]) from checkpoint, the shape in current model is torch.Size([80]).
	size mismatch for attn.in_proj_weight: copying a param with shape torch.Size([192, 64]) from checkpoint, the shape in current model is torch.Size([240, 80]).
	size mismatch for attn.in_proj_bias: copying a param with shape torch.Size([192]) from checkpoint, the shape in current model is torch.Size([240]).
	size mismatch for attn.out_proj.weight: copying a param with shape torch.Size([64, 64]) from checkpoint, the shape in current model is torch.Size([80, 80]).
	size mismatch for attn.out_proj.bias: copying a param with shape torch.Size([64]) from checkpoint, the shape in current model is torch.Size([80]).
	size mismatch for ln1.weight: copying a param with shape torch.Size([64]) from checkpoint, the shape in current model is torch.Size([80]).
	size mismatch for ln1.bias: copying a param with shape torch.Size([64]) from checkpoint, the shape in current model is torch.Size([80]).
	size mismatch for ff.0.weight: copying a param with shape torch.Size([128, 64]) from checkpoint, the shape in current model is torch.Size([128, 80]).
	size mismatch for ff.3.weight: copying a param with shape torch.Size([64, 128]) from checkpoint, the shape in current model is torch.Size([80, 128]).
	size mismatch for ff.3.bias: copying a param with shape torch.Size([64]) from checkpoint, the shape in current model is torch.Size([80]).
	size mismatch for ln2.weight: copying a param with shape torch.Size([64]) from checkpoint, the shape in current model is torch.Size([80]).
	size mismatch for ln2.bias: copying a param with shape torch.Size([64]) from checkpoint, the shape in current model is torch.Size([80]).
	size mismatch for classifier.1.weight: copying a param with shape torch.Size([64, 128]) from checkpoint, the shape in current model is torch.Size([64, 160]).
========================================================================================
Ablation-3 h1 staged sweep
========================================================================================
Dataset: Data/processed_data/weld_seam_windows_ws5_tf75_pg0_h1.npz
Teacher run: /home/huang_kai/wind_turbine_phm/PHOENIX-main/autoencoder_benchmark/outputs/teacher_h1_scan98_gpu1_v2/runs/single_tcn_attn_weld_seam_windows_ws5_tf75_pg0_h1_ep60_lr0.0003_bs128_k3_l3_d0.08_lat64_wd0.00015_seed14
Student init run: ablation_experiments/h1/results/run_20260327_131013/ablation1_sweep/trials/trial_0004_A/ablation1_student_only_tcn_attn_weld_seam_windows_ws5_tf75_pg0_h1_ep80_lr0.00015_bs96_seed156
Target test_acc: 90.00%
Command: /usr/bin/python /home/huang_kai/wind_turbine_phm/PHOENIX-main/autoencoder_benchmark/ablation_experiments/ablation3_joint_tcn_attn/scripts/train_ablation3_joint_tcn_attn.py --dataset-npz Data/processed_data/weld_seam_windows_ws5_tf75_pg0_h1.npz --output-dir ablation_experiments/h1/results/run_20260327_131013/ablation3_joint_tcn_attn/ablation3_h1_scan90_run_20260327_131013/stage0/s0_l4_c0 --epochs 80 --batch-size 128 --lr-teacher 0.0001 --lr-student 0.0003 --weight-decay 0.00015 --seed 14 --num-workers 0 --checkpoint-metric test_acc --temperature 2.5 --lambda-ce 0.9 --lambda-kd 1.1 --lambda-feat 0.0 --freeze-teacher-epochs 5 --teacher-tcn-kernel 3 --teacher-tcn-layers 3 --teacher-tcn-channels 64,64,64 --teacher-tcn-dropout 0.08 --teacher-tcn-dilation-base 2 --teacher-classifier-hidden 64 --teacher-classifier-dropout 0.4 --teacher-attn-heads 4 --teacher-attn-dropout 0.1 --teacher-attn-ff-dim 128 --teacher-init-ckpt /home/huang_kai/wind_turbine_phm/PHOENIX-main/autoencoder_benchmark/outputs/teacher_h1_scan98_gpu1_v2/runs/single_tcn_attn_weld_seam_windows_ws5_tf75_pg0_h1_ep60_lr0.0003_bs128_k3_l3_d0.08_lat64_wd0.00015_seed14/best_single_tcn.pth --teacher-init-mode strict --student-tcn-layers 3 --student-tcn-dropout 0.12 --student-classifier-hidden 64 --student-classifier-dropout 0.3 --student-attn-dropout 0.05 --student-attn-ff-dim 128 --student-tcn-dilation-base 1 --weighted-sampler --student-init-ckpt ablation_experiments/h1/results/run_20260327_131013/ablation1_sweep/trials/trial_0004_A/ablation1_student_only_tcn_attn_weld_seam_windows_ws5_tf75_pg0_h1_ep80_lr0.00015_bs96_seed156/best_student_only.pth --student-init-mode shape_safe
Command: /usr/bin/python /home/huang_kai/wind_turbine_phm/PHOENIX-main/autoencoder_benchmark/ablation_experiments/ablation3_joint_tcn_attn/scripts/train_ablation3_joint_tcn_attn.py --dataset-npz Data/processed_data/weld_seam_windows_ws5_tf75_pg0_h1.npz --output-dir ablation_experiments/h1/results/run_20260327_131013/ablation3_joint_tcn_attn/ablation3_h1_scan90_run_20260327_131013/stage0/s0_l4_c7 --epochs 80 --batch-size 128 --lr-teacher 0.0001 --lr-student 0.0003 --weight-decay 0.00015 --seed 14 --num-workers 0 --checkpoint-metric test_acc --temperature 2.5 --lambda-ce 0.9 --lambda-kd 1.1 --lambda-feat 0.0 --freeze-teacher-epochs 5 --teacher-tcn-kernel 3 --teacher-tcn-layers 3 --teacher-tcn-channels 64,64,64 --teacher-tcn-dropout 0.08 --teacher-tcn-dilation-base 2 --teacher-classifier-hidden 64 --teacher-classifier-dropout 0.4 --teacher-attn-heads 4 --teacher-attn-dropout 0.1 --teacher-attn-ff-dim 128 --teacher-init-ckpt /home/huang_kai/wind_turbine_phm/PHOENIX-main/autoencoder_benchmark/outputs/teacher_h1_scan98_gpu1_v2/runs/single_tcn_attn_weld_seam_windows_ws5_tf75_pg0_h1_ep60_lr0.0003_bs128_k3_l3_d0.08_lat64_wd0.00015_seed14/best_single_tcn.pth --teacher-init-mode strict --student-tcn-layers 3 --student-tcn-dropout 0.12 --student-classifier-hidden 64 --student-classifier-dropout 0.3 --student-attn-dropout 0.05 --student-attn-ff-dim 128 --student-tcn-dilation-base 1 --weighted-sampler --student-init-ckpt ablation_experiments/h1/results/run_20260327_131013/ablation1_sweep/trials/trial_0004_A/ablation1_student_only_tcn_attn_weld_seam_windows_ws5_tf75_pg0_h1_ep80_lr0.00015_bs96_seed156/best_student_only.pth --student-init-mode shape_safe
Command: /usr/bin/python /home/huang_kai/wind_turbine_phm/PHOENIX-main/autoencoder_benchmark/ablation_experiments/ablation3_joint_tcn_attn/scripts/train_ablation3_joint_tcn_attn.py --dataset-npz Data/processed_data/weld_seam_windows_ws5_tf75_pg0_h1.npz --output-dir ablation_experiments/h1/results/run_20260327_131013/ablation3_joint_tcn_attn/ablation3_h1_scan90_run_20260327_131013/stage0/s0_l4p_c0 --epochs 80 --batch-size 128 --lr-teacher 0.0001 --lr-student 0.0003 --weight-decay 0.00015 --seed 14 --num-workers 0 --checkpoint-metric test_acc --temperature 2.0 --lambda-ce 0.9 --lambda-kd 1.2 --lambda-feat 0.1 --freeze-teacher-epochs 5 --teacher-tcn-kernel 3 --teacher-tcn-layers 3 --teacher-tcn-channels 64,64,64 --teacher-tcn-dropout 0.08 --teacher-tcn-dilation-base 2 --teacher-classifier-hidden 64 --teacher-classifier-dropout 0.4 --teacher-attn-heads 4 --teacher-attn-dropout 0.1 --teacher-attn-ff-dim 128 --teacher-init-ckpt /home/huang_kai/wind_turbine_phm/PHOENIX-main/autoencoder_benchmark/outputs/teacher_h1_scan98_gpu1_v2/runs/single_tcn_attn_weld_seam_windows_ws5_tf75_pg0_h1_ep60_lr0.0003_bs128_k3_l3_d0.08_lat64_wd0.00015_seed14/best_single_tcn.pth --teacher-init-mode strict --student-tcn-layers 3 --student-tcn-dropout 0.12 --student-classifier-hidden 64 --student-classifier-dropout 0.3 --student-attn-dropout 0.05 --student-attn-ff-dim 128 --student-tcn-dilation-base 1 --weighted-sampler --student-init-ckpt ablation_experiments/h1/results/run_20260327_131013/ablation1_sweep/trials/trial_0004_A/ablation1_student_only_tcn_attn_weld_seam_windows_ws5_tf75_pg0_h1_ep80_lr0.00015_bs96_seed156/best_student_only.pth --student-init-mode shape_safe
Command: /usr/bin/python /home/huang_kai/wind_turbine_phm/PHOENIX-main/autoencoder_benchmark/ablation_experiments/ablation3_joint_tcn_attn/scripts/train_ablation3_joint_tcn_attn.py --dataset-npz Data/processed_data/weld_seam_windows_ws5_tf75_pg0_h1.npz --output-dir ablation_experiments/h1/results/run_20260327_131013/ablation3_joint_tcn_attn/ablation3_h1_scan90_run_20260327_131013/stage0/s0_l4p_c7 --epochs 80 --batch-size 128 --lr-teacher 0.0001 --lr-student 0.0003 --weight-decay 0.00015 --seed 14 --num-workers 0 --checkpoint-metric test_acc --temperature 2.0 --lambda-ce 0.9 --lambda-kd 1.2 --lambda-feat 0.1 --freeze-teacher-epochs 5 --teacher-tcn-kernel 3 --teacher-tcn-layers 3 --teacher-tcn-channels 64,64,64 --teacher-tcn-dropout 0.08 --teacher-tcn-dilation-base 2 --teacher-classifier-hidden 64 --teacher-classifier-dropout 0.4 --teacher-attn-heads 4 --teacher-attn-dropout 0.1 --teacher-attn-ff-dim 128 --teacher-init-ckpt /home/huang_kai/wind_turbine_phm/PHOENIX-main/autoencoder_benchmark/outputs/teacher_h1_scan98_gpu1_v2/runs/single_tcn_attn_weld_seam_windows_ws5_tf75_pg0_h1_ep60_lr0.0003_bs128_k3_l3_d0.08_lat64_wd0.00015_seed14/best_single_tcn.pth --teacher-init-mode strict --student-tcn-layers 3 --student-tcn-dropout 0.12 --student-classifier-hidden 64 --student-classifier-dropout 0.3 --student-attn-dropout 0.05 --student-attn-ff-dim 128 --student-tcn-dilation-base 1 --weighted-sampler --student-init-ckpt ablation_experiments/h1/results/run_20260327_131013/ablation1_sweep/trials/trial_0004_A/ablation1_student_only_tcn_attn_weld_seam_windows_ws5_tf75_pg0_h1_ep80_lr0.00015_bs96_seed156/best_student_only.pth --student-init-mode shape_safe
Command: Traceback (most recent call last):
  File "/home/huang_kai/wind_turbine_phm/PHOENIX-main/autoencoder_benchmark/ablation_experiments/ablation3_joint_tcn_attn/scripts/train_ablation3_joint_tcn_attn.py", line 740, in <module>
    main()
  File "/home/huang_kai/wind_turbine_phm/PHOENIX-main/autoencoder_benchmark/ablation_experiments/ablation3_joint_tcn_attn/scripts/train_ablation3_joint_tcn_attn.py", line 371, in main
    teacher_init_summary = load_model_init_weights(
  File "/home/huang_kai/wind_turbine_phm/PHOENIX-main/autoencoder_benchmark/training_utils.py", line 57, in load_model_init_weights
    model.load_state_dict(state_dict, strict=True)
  File "/usr/local/lib/python3.10/dist-packages/torch/nn/modules/module.py", line 2581, in load_state_dict
    raise RuntimeError(
RuntimeError: Error(s) in loading state_dict for AttentionTCNClassifier:
	size mismatch for input_proj.0.weight: copying a param with shape torch.Size([64, 18, 1]) from checkpoint, the shape in current model is torch.Size([80, 18, 1]).
	size mismatch for input_proj.1.weight: copying a param with shape torch.Size([64]) from checkpoint, the shape in current model is torch.Size([80]).
	size mismatch for input_proj.1.bias: copying a param with shape torch.Size([64]) from checkpoint, the shape in current model is torch.Size([80]).
	size mismatch for input_proj.1.running_mean: copying a param with shape torch.Size([64]) from checkpoint, the shape in current model is torch.Size([80]).
	size mismatch for input_proj.1.running_var: copying a param with shape torch.Size([64]) from checkpoint, the shape in current model is torch.Size([80]).
	size mismatch for tcn.0.net.0.weight: copying a param with shape torch.Size([64, 64, 3]) from checkpoint, the shape in current model is torch.Size([80, 80, 3]).
	size mismatch for tcn.0.net.1.weight: copying a param with shape torch.Size([64]) from checkpoint, the shape in current model is torch.Size([80]).
	size mismatch for tcn.0.net.1.bias: copying a param with shape torch.Size([64]) from checkpoint, the shape in current model is torch.Size([80]).
	size mismatch for tcn.0.net.1.running_mean: copying a param with shape torch.Size([64]) from checkpoint, the shape in current model is torch.Size([80]).
	size mismatch for tcn.0.net.1.running_var: copying a param with shape torch.Size([64]) from checkpoint, the shape in current model is torch.Size([80]).
	size mismatch for tcn.0.net.4.weight: copying a param with shape torch.Size([64, 64, 3]) from checkpoint, the shape in current model is torch.Size([80, 80, 3]).
	size mismatch for tcn.0.net.5.weight: copying a param with shape torch.Size([64]) from checkpoint, the shape in current model is torch.Size([80]).
	size mismatch for tcn.0.net.5.bias: copying a param with shape torch.Size([64]) from checkpoint, the shape in current model is torch.Size([80]).
	size mismatch for tcn.0.net.5.running_mean: copying a param with shape torch.Size([64]) from checkpoint, the shape in current model is torch.Size([80]).
	size mismatch for tcn.0.net.5.running_var: copying a param with shape torch.Size([64]) from checkpoint, the shape in current model is torch.Size([80]).
	size mismatch for tcn.1.net.0.weight: copying a param with shape torch.Size([64, 64, 3]) from checkpoint, the shape in current model is torch.Size([80, 80, 3]).
	size mismatch for tcn.1.net.1.weight: copying a param with shape torch.Size([64]) from checkpoint, the shape in current model is torch.Size([80]).
	size mismatch for tcn.1.net.1.bias: copying a param with shape torch.Size([64]) from checkpoint, the shape in current model is torch.Size([80]).
	size mismatch for tcn.1.net.1.running_mean: copying a param with shape torch.Size([64]) from checkpoint, the shape in current model is torch.Size([80]).
	size mismatch for tcn.1.net.1.running_var: copying a param with shape torch.Size([64]) from checkpoint, the shape in current model is torch.Size([80]).
	size mismatch for tcn.1.net.4.weight: copying a param with shape torch.Size([64, 64, 3]) from checkpoint, the shape in current model is torch.Size([80, 80, 3]).
	size mismatch for tcn.1.net.5.weight: copying a param with shape torch.Size([64]) from checkpoint, the shape in current model is torch.Size([80]).
	size mismatch for tcn.1.net.5.bias: copying a param with shape torch.Size([64]) from checkpoint, the shape in current model is torch.Size([80]).
	size mismatch for tcn.1.net.5.running_mean: copying a param with shape torch.Size([64]) from checkpoint, the shape in current model is torch.Size([80]).
	size mismatch for tcn.1.net.5.running_var: copying a param with shape torch.Size([64]) from checkpoint, the shape in current model is torch.Size([80]).
	size mismatch for tcn.2.net.0.weight: copying a param with shape torch.Size([64, 64, 3]) from checkpoint, the shape in current model is torch.Size([80, 80, 3]).
	size mismatch for tcn.2.net.1.weight: copying a param with shape torch.Size([64]) from checkpoint, the shape in current model is torch.Size([80]).
	size mismatch for tcn.2.net.1.bias: copying a param with shape torch.Size([64]) from checkpoint, the shape in current model is torch.Size([80]).
	size mismatch for tcn.2.net.1.running_mean: copying a param with shape torch.Size([64]) from checkpoint, the shape in current model is torch.Size([80]).
	size mismatch for tcn.2.net.1.running_var: copying a param with shape torch.Size([64]) from checkpoint, the shape in current model is torch.Size([80]).
	size mismatch for tcn.2.net.4.weight: copying a param with shape torch.Size([64, 64, 3]) from checkpoint, the shape in current model is torch.Size([80, 80, 3]).
	size mismatch for tcn.2.net.5.weight: copying a param with shape torch.Size([64]) from checkpoint, the shape in current model is torch.Size([80]).
	size mismatch for tcn.2.net.5.bias: copying a param with shape torch.Size([64]) from checkpoint, the shape in current model is torch.Size([80]).
	size mismatch for tcn.2.net.5.running_mean: copying a param with shape torch.Size([64]) from checkpoint, the shape in current model is torch.Size([80]).
	size mismatch for tcn.2.net.5.running_var: copying a param with shape torch.Size([64]) from checkpoint, the shape in current model is torch.Size([80]).
	size mismatch for attn.in_proj_weight: copying a param with shape torch.Size([192, 64]) from checkpoint, the shape in current model is torch.Size([240, 80]).
	size mismatch for attn.in_proj_bias: copying a param with shape torch.Size([192]) from checkpoint, the shape in current model is torch.Size([240]).
	size mismatch for attn.out_proj.weight: copying a param with shape torch.Size([64, 64]) from checkpoint, the shape in current model is torch.Size([80, 80]).
	size mismatch for attn.out_proj.bias: copying a param with shape torch.Size([64]) from checkpoint, the shape in current model is torch.Size([80]).
	size mismatch for ln1.weight: copying a param with shape torch.Size([64]) from checkpoint, the shape in current model is torch.Size([80]).
	size mismatch for ln1.bias: copying a param with shape torch.Size([64]) from checkpoint, the shape in current model is torch.Size([80]).
	size mismatch for ff.0.weight: copying a param with shape torch.Size([128, 64]) from checkpoint, the shape in current model is torch.Size([128, 80]).
	size mismatch for ff.3.weight: copying a param with shape torch.Size([64, 128]) from checkpoint, the shape in current model is torch.Size([80, 128]).
	size mismatch for ff.3.bias: copying a param with shape torch.Size([64]) from checkpoint, the shape in current model is torch.Size([80]).
	size mismatch for ln2.weight: copying a param with shape torch.Size([64]) from checkpoint, the shape in current model is torch.Size([80]).
	size mismatch for ln2.bias: copying a param with shape torch.Size([64]) from checkpoint, the shape in current model is torch.Size([80]).
	size mismatch for classifier.1.weight: copying a param with shape torch.Size([64, 128]) from checkpoint, the shape in current model is torch.Size([64, 160]).
Traceback (most recent call last):
  File "/home/huang_kai/wind_turbine_phm/PHOENIX-main/autoencoder_benchmark/ablation_experiments/ablation3_joint_tcn_attn/scripts/train_ablation3_joint_tcn_attn.py", line 740, in <module>
    main()
  File "/home/huang_kai/wind_turbine_phm/PHOENIX-main/autoencoder_benchmark/ablation_experiments/ablation3_joint_tcn_attn/scripts/train_ablation3_joint_tcn_attn.py", line 371, in main
    teacher_init_summary = load_model_init_weights(
  File "/home/huang_kai/wind_turbine_phm/PHOENIX-main/autoencoder_benchmark/training_utils.py", line 57, in load_model_init_weights
    model.load_state_dict(state_dict, strict=True)
  File "/usr/local/lib/python3.10/dist-packages/torch/nn/modules/module.py", line 2581, in load_state_dict
    raise RuntimeError(
RuntimeError: Error(s) in loading state_dict for AttentionTCNClassifier:
	size mismatch for input_proj.0.weight: copying a param with shape torch.Size([64, 18, 1]) from checkpoint, the shape in current model is torch.Size([80, 18, 1]).
	size mismatch for input_proj.1.weight: copying a param with shape torch.Size([64]) from checkpoint, the shape in current model is torch.Size([80]).
	size mismatch for input_proj.1.bias: copying a param with shape torch.Size([64]) from checkpoint, the shape in current model is torch.Size([80]).
	size mismatch for input_proj.1.running_mean: copying a param with shape torch.Size([64]) from checkpoint, the shape in current model is torch.Size([80]).
	size mismatch for input_proj.1.running_var: copying a param with shape torch.Size([64]) from checkpoint, the shape in current model is torch.Size([80]).
	size mismatch for tcn.0.net.0.weight: copying a param with shape torch.Size([64, 64, 3]) from checkpoint, the shape in current model is torch.Size([80, 80, 3]).
	size mismatch for tcn.0.net.1.weight: copying a param with shape torch.Size([64]) from checkpoint, the shape in current model is torch.Size([80]).
	size mismatch for tcn.0.net.1.bias: copying a param with shape torch.Size([64]) from checkpoint, the shape in current model is torch.Size([80]).
	size mismatch for tcn.0.net.1.running_mean: copying a param with shape torch.Size([64]) from checkpoint, the shape in current model is torch.Size([80]).
	size mismatch for tcn.0.net.1.running_var: copying a param with shape torch.Size([64]) from checkpoint, the shape in current model is torch.Size([80]).
	size mismatch for tcn.0.net.4.weight: copying a param with shape torch.Size([64, 64, 3]) from checkpoint, the shape in current model is torch.Size([80, 80, 3]).
	size mismatch for tcn.0.net.5.weight: copying a param with shape torch.Size([64]) from checkpoint, the shape in current model is torch.Size([80]).
	size mismatch for tcn.0.net.5.bias: copying a param with shape torch.Size([64]) from checkpoint, the shape in current model is torch.Size([80]).
	size mismatch for tcn.0.net.5.running_mean: copying a param with shape torch.Size([64]) from checkpoint, the shape in current model is torch.Size([80]).
	size mismatch for tcn.0.net.5.running_var: copying a param with shape torch.Size([64]) from checkpoint, the shape in current model is torch.Size([80]).
	size mismatch for tcn.1.net.0.weight: copying a param with shape torch.Size([64, 64, 3]) from checkpoint, the shape in current model is torch.Size([80, 80, 3]).
	size mismatch for tcn.1.net.1.weight: copying a param with shape torch.Size([64]) from checkpoint, the shape in current model is torch.Size([80]).
	size mismatch for tcn.1.net.1.bias: copying a param with shape torch.Size([64]) from checkpoint, the shape in current model is torch.Size([80]).
	size mismatch for tcn.1.net.1.running_mean: copying a param with shape torch.Size([64]) from checkpoint, the shape in current model is torch.Size([80]).
	size mismatch for tcn.1.net.1.running_var: copying a param with shape torch.Size([64]) from checkpoint, the shape in current model is torch.Size([80]).
	size mismatch for tcn.1.net.4.weight: copying a param with shape torch.Size([64, 64, 3]) from checkpoint, the shape in current model is torch.Size([80, 80, 3]).
	size mismatch for tcn.1.net.5.weight: copying a param with shape torch.Size([64]) from checkpoint, the shape in current model is torch.Size([80]).
	size mismatch for tcn.1.net.5.bias: copying a param with shape torch.Size([64]) from checkpoint, the shape in current model is torch.Size([80]).
	size mismatch for tcn.1.net.5.running_mean: copying a param with shape torch.Size([64]) from checkpoint, the shape in current model is torch.Size([80]).
	size mismatch for tcn.1.net.5.running_var: copying a param with shape torch.Size([64]) from checkpoint, the shape in current model is torch.Size([80]).
	size mismatch for tcn.2.net.0.weight: copying a param with shape torch.Size([64, 64, 3]) from checkpoint, the shape in current model is torch.Size([80, 80, 3]).
	size mismatch for tcn.2.net.1.weight: copying a param with shape torch.Size([64]) from checkpoint, the shape in current model is torch.Size([80]).
	size mismatch for tcn.2.net.1.bias: copying a param with shape torch.Size([64]) from checkpoint, the shape in current model is torch.Size([80]).
	size mismatch for tcn.2.net.1.running_mean: copying a param with shape torch.Size([64]) from checkpoint, the shape in current model is torch.Size([80]).
	size mismatch for tcn.2.net.1.running_var: copying a param with shape torch.Size([64]) from checkpoint, the shape in current model is torch.Size([80]).
	size mismatch for tcn.2.net.4.weight: copying a param with shape torch.Size([64, 64, 3]) from checkpoint, the shape in current model is torch.Size([80, 80, 3]).
	size mismatch for tcn.2.net.5.weight: copying a param with shape torch.Size([64]) from checkpoint, the shape in current model is torch.Size([80]).
	size mismatch for tcn.2.net.5.bias: copying a param with shape torch.Size([64]) from checkpoint, the shape in current model is torch.Size([80]).
	size mismatch for tcn.2.net.5.running_mean: copying a param with shape torch.Size([64]) from checkpoint, the shape in current model is torch.Size([80]).
	size mismatch for tcn.2.net.5.running_var: copying a param with shape torch.Size([64]) from checkpoint, the shape in current model is torch.Size([80]).
	size mismatch for attn.in_proj_weight: copying a param with shape torch.Size([192, 64]) from checkpoint, the shape in current model is torch.Size([240, 80]).
	size mismatch for attn.in_proj_bias: copying a param with shape torch.Size([192]) from checkpoint, the shape in current model is torch.Size([240]).
	size mismatch for attn.out_proj.weight: copying a param with shape torch.Size([64, 64]) from checkpoint, the shape in current model is torch.Size([80, 80]).
	size mismatch for attn.out_proj.bias: copying a param with shape torch.Size([64]) from checkpoint, the shape in current model is torch.Size([80]).
	size mismatch for ln1.weight: copying a param with shape torch.Size([64]) from checkpoint, the shape in current model is torch.Size([80]).
	size mismatch for ln1.bias: copying a param with shape torch.Size([64]) from checkpoint, the shape in current model is torch.Size([80]).
	size mismatch for ff.0.weight: copying a param with shape torch.Size([128, 64]) from checkpoint, the shape in current model is torch.Size([128, 80]).
	size mismatch for ff.3.weight: copying a param with shape torch.Size([64, 128]) from checkpoint, the shape in current model is torch.Size([80, 128]).
	size mismatch for ff.3.bias: copying a param with shape torch.Size([64]) from checkpoint, the shape in current model is torch.Size([80]).
	size mismatch for ln2.weight: copying a param with shape torch.Size([64]) from checkpoint, the shape in current model is torch.Size([80]).
	size mismatch for ln2.bias: copying a param with shape torch.Size([64]) from checkpoint, the shape in current model is torch.Size([80]).
	size mismatch for classifier.1.weight: copying a param with shape torch.Size([64, 128]) from checkpoint, the shape in current model is torch.Size([64, 160]).
Traceback (most recent call last):
  File "/home/huang_kai/wind_turbine_phm/PHOENIX-main/autoencoder_benchmark/ablation_experiments/ablation3_joint_tcn_attn/scripts/train_ablation3_joint_tcn_attn.py", line 740, in <module>
    main()
  File "/home/huang_kai/wind_turbine_phm/PHOENIX-main/autoencoder_benchmark/ablation_experiments/ablation3_joint_tcn_attn/scripts/train_ablation3_joint_tcn_attn.py", line 371, in main
    teacher_init_summary = load_model_init_weights(
  File "/home/huang_kai/wind_turbine_phm/PHOENIX-main/autoencoder_benchmark/training_utils.py", line 57, in load_model_init_weights
    model.load_state_dict(state_dict, strict=True)
  File "/usr/local/lib/python3.10/dist-packages/torch/nn/modules/module.py", line 2581, in load_state_dict
    raise RuntimeError(
RuntimeError: Error(s) in loading state_dict for AttentionTCNClassifier:
	size mismatch for input_proj.0.weight: copying a param with shape torch.Size([64, 18, 1]) from checkpoint, the shape in current model is torch.Size([80, 18, 1]).
	size mismatch for input_proj.1.weight: copying a param with shape torch.Size([64]) from checkpoint, the shape in current model is torch.Size([80]).
	size mismatch for input_proj.1.bias: copying a param with shape torch.Size([64]) from checkpoint, the shape in current model is torch.Size([80]).
	size mismatch for input_proj.1.running_mean: copying a param with shape torch.Size([64]) from checkpoint, the shape in current model is torch.Size([80]).
	size mismatch for input_proj.1.running_var: copying a param with shape torch.Size([64]) from checkpoint, the shape in current model is torch.Size([80]).
	size mismatch for tcn.0.net.0.weight: copying a param with shape torch.Size([64, 64, 3]) from checkpoint, the shape in current model is torch.Size([80, 80, 3]).
	size mismatch for tcn.0.net.1.weight: copying a param with shape torch.Size([64]) from checkpoint, the shape in current model is torch.Size([80]).
	size mismatch for tcn.0.net.1.bias: copying a param with shape torch.Size([64]) from checkpoint, the shape in current model is torch.Size([80]).
	size mismatch for tcn.0.net.1.running_mean: copying a param with shape torch.Size([64]) from checkpoint, the shape in current model is torch.Size([80]).
	size mismatch for tcn.0.net.1.running_var: copying a param with shape torch.Size([64]) from checkpoint, the shape in current model is torch.Size([80]).
	size mismatch for tcn.0.net.4.weight: copying a param with shape torch.Size([64, 64, 3]) from checkpoint, the shape in current model is torch.Size([80, 80, 3]).
	size mismatch for tcn.0.net.5.weight: copying a param with shape torch.Size([64]) from checkpoint, the shape in current model is torch.Size([80]).
	size mismatch for tcn.0.net.5.bias: copying a param with shape torch.Size([64]) from checkpoint, the shape in current model is torch.Size([80]).
	size mismatch for tcn.0.net.5.running_mean: copying a param with shape torch.Size([64]) from checkpoint, the shape in current model is torch.Size([80]).
	size mismatch for tcn.0.net.5.running_var: copying a param with shape torch.Size([64]) from checkpoint, the shape in current model is torch.Size([80]).
	size mismatch for tcn.1.net.0.weight: copying a param with shape torch.Size([64, 64, 3]) from checkpoint, the shape in current model is torch.Size([80, 80, 3]).
	size mismatch for tcn.1.net.1.weight: copying a param with shape torch.Size([64]) from checkpoint, the shape in current model is torch.Size([80]).
	size mismatch for tcn.1.net.1.bias: copying a param with shape torch.Size([64]) from checkpoint, the shape in current model is torch.Size([80]).
	size mismatch for tcn.1.net.1.running_mean: copying a param with shape torch.Size([64]) from checkpoint, the shape in current model is torch.Size([80]).
	size mismatch for tcn.1.net.1.running_var: copying a param with shape torch.Size([64]) from checkpoint, the shape in current model is torch.Size([80]).
	size mismatch for tcn.1.net.4.weight: copying a param with shape torch.Size([64, 64, 3]) from checkpoint, the shape in current model is torch.Size([80, 80, 3]).
	size mismatch for tcn.1.net.5.weight: copying a param with shape torch.Size([64]) from checkpoint, the shape in current model is torch.Size([80]).
	size mismatch for tcn.1.net.5.bias: copying a param with shape torch.Size([64]) from checkpoint, the shape in current model is torch.Size([80]).
	size mismatch for tcn.1.net.5.running_mean: copying a param with shape torch.Size([64]) from checkpoint, the shape in current model is torch.Size([80]).
	size mismatch for tcn.1.net.5.running_var: copying a param with shape torch.Size([64]) from checkpoint, the shape in current model is torch.Size([80]).
	size mismatch for tcn.2.net.0.weight: copying a param with shape torch.Size([64, 64, 3]) from checkpoint, the shape in current model is torch.Size([80, 80, 3]).
	size mismatch for tcn.2.net.1.weight: copying a param with shape torch.Size([64]) from checkpoint, the shape in current model is torch.Size([80]).
	size mismatch for tcn.2.net.1.bias: copying a param with shape torch.Size([64]) from checkpoint, the shape in current model is torch.Size([80]).
	size mismatch for tcn.2.net.1.running_mean: copying a param with shape torch.Size([64]) from checkpoint, the shape in current model is torch.Size([80]).
	size mismatch for tcn.2.net.1.running_var: copying a param with shape torch.Size([64]) from checkpoint, the shape in current model is torch.Size([80]).
	size mismatch for tcn.2.net.4.weight: copying a param with shape torch.Size([64, 64, 3]) from checkpoint, the shape in current model is torch.Size([80, 80, 3]).
	size mismatch for tcn.2.net.5.weight: copying a param with shape torch.Size([64]) from checkpoint, the shape in current model is torch.Size([80]).
	size mismatch for tcn.2.net.5.bias: copying a param with shape torch.Size([64]) from checkpoint, the shape in current model is torch.Size([80]).
	size mismatch for tcn.2.net.5.running_mean: copying a param with shape torch.Size([64]) from checkpoint, the shape in current model is torch.Size([80]).
	size mismatch for tcn.2.net.5.running_var: copying a param with shape torch.Size([64]) from checkpoint, the shape in current model is torch.Size([80]).
	size mismatch for attn.in_proj_weight: copying a param with shape torch.Size([192, 64]) from checkpoint, the shape in current model is torch.Size([240, 80]).
	size mismatch for attn.in_proj_bias: copying a param with shape torch.Size([192]) from checkpoint, the shape in current model is torch.Size([240]).
	size mismatch for attn.out_proj.weight: copying a param with shape torch.Size([64, 64]) from checkpoint, the shape in current model is torch.Size([80, 80]).
	size mismatch for attn.out_proj.bias: copying a param with shape torch.Size([64]) from checkpoint, the shape in current model is torch.Size([80]).
	size mismatch for ln1.weight: copying a param with shape torch.Size([64]) from checkpoint, the shape in current model is torch.Size([80]).
	size mismatch for ln1.bias: copying a param with shape torch.Size([64]) from checkpoint, the shape in current model is torch.Size([80]).
	size mismatch for ff.0.weight: copying a param with shape torch.Size([128, 64]) from checkpoint, the shape in current model is torch.Size([128, 80]).
	size mismatch for ff.3.weight: copying a param with shape torch.Size([64, 128]) from checkpoint, the shape in current model is torch.Size([80, 128]).
	size mismatch for ff.3.bias: copying a param with shape torch.Size([64]) from checkpoint, the shape in current model is torch.Size([80]).
	size mismatch for ln2.weight: copying a param with shape torch.Size([64]) from checkpoint, the shape in current model is torch.Size([80]).
	size mismatch for ln2.bias: copying a param with shape torch.Size([64]) from checkpoint, the shape in current model is torch.Size([80]).
	size mismatch for classifier.1.weight: copying a param with shape torch.Size([64, 128]) from checkpoint, the shape in current model is torch.Size([64, 160]).
Traceback (most recent call last):
  File "/home/huang_kai/wind_turbine_phm/PHOENIX-main/autoencoder_benchmark/ablation_experiments/ablation3_joint_tcn_attn/scripts/train_ablation3_joint_tcn_attn.py", line 740, in <module>
    main()
  File "/home/huang_kai/wind_turbine_phm/PHOENIX-main/autoencoder_benchmark/ablation_experiments/ablation3_joint_tcn_attn/scripts/train_ablation3_joint_tcn_attn.py", line 371, in main
    teacher_init_summary = load_model_init_weights(
  File "/home/huang_kai/wind_turbine_phm/PHOENIX-main/autoencoder_benchmark/training_utils.py", line 57, in load_model_init_weights
    model.load_state_dict(state_dict, strict=True)
  File "/usr/local/lib/python3.10/dist-packages/torch/nn/modules/module.py", line 2581, in load_state_dict
    raise RuntimeError(
RuntimeError: Error(s) in loading state_dict for AttentionTCNClassifier:
	size mismatch for input_proj.0.weight: copying a param with shape torch.Size([64, 18, 1]) from checkpoint, the shape in current model is torch.Size([80, 18, 1]).
	size mismatch for input_proj.1.weight: copying a param with shape torch.Size([64]) from checkpoint, the shape in current model is torch.Size([80]).
	size mismatch for input_proj.1.bias: copying a param with shape torch.Size([64]) from checkpoint, the shape in current model is torch.Size([80]).
	size mismatch for input_proj.1.running_mean: copying a param with shape torch.Size([64]) from checkpoint, the shape in current model is torch.Size([80]).
	size mismatch for input_proj.1.running_var: copying a param with shape torch.Size([64]) from checkpoint, the shape in current model is torch.Size([80]).
	size mismatch for tcn.0.net.0.weight: copying a param with shape torch.Size([64, 64, 3]) from checkpoint, the shape in current model is torch.Size([80, 80, 3]).
	size mismatch for tcn.0.net.1.weight: copying a param with shape torch.Size([64]) from checkpoint, the shape in current model is torch.Size([80]).
	size mismatch for tcn.0.net.1.bias: copying a param with shape torch.Size([64]) from checkpoint, the shape in current model is torch.Size([80]).
	size mismatch for tcn.0.net.1.running_mean: copying a param with shape torch.Size([64]) from checkpoint, the shape in current model is torch.Size([80]).
	size mismatch for tcn.0.net.1.running_var: copying a param with shape torch.Size([64]) from checkpoint, the shape in current model is torch.Size([80]).
	size mismatch for tcn.0.net.4.weight: copying a param with shape torch.Size([64, 64, 3]) from checkpoint, the shape in current model is torch.Size([80, 80, 3]).
	size mismatch for tcn.0.net.5.weight: copying a param with shape torch.Size([64]) from checkpoint, the shape in current model is torch.Size([80]).
	size mismatch for tcn.0.net.5.bias: copying a param with shape torch.Size([64]) from checkpoint, the shape in current model is torch.Size([80]).
	size mismatch for tcn.0.net.5.running_mean: copying a param with shape torch.Size([64]) from checkpoint, the shape in current model is torch.Size([80]).
	size mismatch for tcn.0.net.5.running_var: copying a param with shape torch.Size([64]) from checkpoint, the shape in current model is torch.Size([80]).
	size mismatch for tcn.1.net.0.weight: copying a param with shape torch.Size([64, 64, 3]) from checkpoint, the shape in current model is torch.Size([80, 80, 3]).
	size mismatch for tcn.1.net.1.weight: copying a param with shape torch.Size([64]) from checkpoint, the shape in current model is torch.Size([80]).
	size mismatch for tcn.1.net.1.bias: copying a param with shape torch.Size([64]) from checkpoint, the shape in current model is torch.Size([80]).
	size mismatch for tcn.1.net.1.running_mean: copying a param with shape torch.Size([64]) from checkpoint, the shape in current model is torch.Size([80]).
	size mismatch for tcn.1.net.1.running_var: copying a param with shape torch.Size([64]) from checkpoint, the shape in current model is torch.Size([80]).
	size mismatch for tcn.1.net.4.weight: copying a param with shape torch.Size([64, 64, 3]) from checkpoint, the shape in current model is torch.Size([80, 80, 3]).
	size mismatch for tcn.1.net.5.weight: copying a param with shape torch.Size([64]) from checkpoint, the shape in current model is torch.Size([80]).
	size mismatch for tcn.1.net.5.bias: copying a param with shape torch.Size([64]) from checkpoint, the shape in current model is torch.Size([80]).
	size mismatch for tcn.1.net.5.running_mean: copying a param with shape torch.Size([64]) from checkpoint, the shape in current model is torch.Size([80]).
	size mismatch for tcn.1.net.5.running_var: copying a param with shape torch.Size([64]) from checkpoint, the shape in current model is torch.Size([80]).
	size mismatch for tcn.2.net.0.weight: copying a param with shape torch.Size([64, 64, 3]) from checkpoint, the shape in current model is torch.Size([80, 80, 3]).
	size mismatch for tcn.2.net.1.weight: copying a param with shape torch.Size([64]) from checkpoint, the shape in current model is torch.Size([80]).
	size mismatch for tcn.2.net.1.bias: copying a param with shape torch.Size([64]) from checkpoint, the shape in current model is torch.Size([80]).
	size mismatch for tcn.2.net.1.running_mean: copying a param with shape torch.Size([64]) from checkpoint, the shape in current model is torch.Size([80]).
	size mismatch for tcn.2.net.1.running_var: copying a param with shape torch.Size([64]) from checkpoint, the shape in current model is torch.Size([80]).
	size mismatch for tcn.2.net.4.weight: copying a param with shape torch.Size([64, 64, 3]) from checkpoint, the shape in current model is torch.Size([80, 80, 3]).
	size mismatch for tcn.2.net.5.weight: copying a param with shape torch.Size([64]) from checkpoint, the shape in current model is torch.Size([80]).
	size mismatch for tcn.2.net.5.bias: copying a param with shape torch.Size([64]) from checkpoint, the shape in current model is torch.Size([80]).
	size mismatch for tcn.2.net.5.running_mean: copying a param with shape torch.Size([64]) from checkpoint, the shape in current model is torch.Size([80]).
	size mismatch for tcn.2.net.5.running_var: copying a param with shape torch.Size([64]) from checkpoint, the shape in current model is torch.Size([80]).
	size mismatch for attn.in_proj_weight: copying a param with shape torch.Size([192, 64]) from checkpoint, the shape in current model is torch.Size([240, 80]).
	size mismatch for attn.in_proj_bias: copying a param with shape torch.Size([192]) from checkpoint, the shape in current model is torch.Size([240]).
	size mismatch for attn.out_proj.weight: copying a param with shape torch.Size([64, 64]) from checkpoint, the shape in current model is torch.Size([80, 80]).
	size mismatch for attn.out_proj.bias: copying a param with shape torch.Size([64]) from checkpoint, the shape in current model is torch.Size([80]).
	size mismatch for ln1.weight: copying a param with shape torch.Size([64]) from checkpoint, the shape in current model is torch.Size([80]).
	size mismatch for ln1.bias: copying a param with shape torch.Size([64]) from checkpoint, the shape in current model is torch.Size([80]).
	size mismatch for ff.0.weight: copying a param with shape torch.Size([128, 64]) from checkpoint, the shape in current model is torch.Size([128, 80]).
	size mismatch for ff.3.weight: copying a param with shape torch.Size([64, 128]) from checkpoint, the shape in current model is torch.Size([80, 128]).
	size mismatch for ff.3.bias: copying a param with shape torch.Size([64]) from checkpoint, the shape in current model is torch.Size([80]).
	size mismatch for ln2.weight: copying a param with shape torch.Size([64]) from checkpoint, the shape in current model is torch.Size([80]).
	size mismatch for ln2.bias: copying a param with shape torch.Size([64]) from checkpoint, the shape in current model is torch.Size([80]).
	size mismatch for classifier.1.weight: copying a param with shape torch.Size([64, 128]) from checkpoint, the shape in current model is torch.Size([64, 160]).
/usr/bin/python /home/huang_kai/wind_turbine_phm/PHOENIX-main/autoencoder_benchmark/ablation_experiments/ablation3_joint_tcn_attn/scripts/train_ablation3_joint_tcn_attn.py --dataset-npz Data/processed_data/weld_seam_windows_ws5_tf75_pg0_h1.npz --output-dir ablation_experiments/h1/results/run_20260327_131013/ablation3_joint_tcn_attn/ablation3_h1_scan90_run_20260327_131013/stage0/s0_l3_c0 --epochs 80 --batch-size 128 --lr-teacher 0.0001 --lr-student 0.0003 --weight-decay 0.00015 --seed 14 --num-workers 0 --checkpoint-metric test_acc --temperature 3.0 --lambda-ce 0.8 --lambda-kd 1.1 --lambda-feat 0.0 --freeze-teacher-epochs 5 --teacher-tcn-kernel 3 --teacher-tcn-layers 3 --teacher-tcn-channels 64,64,64 --teacher-tcn-dropout 0.08 --teacher-tcn-dilation-base 2 --teacher-classifier-hidden 64 --teacher-classifier-dropout 0.4 --teacher-attn-heads 4 --teacher-attn-dropout 0.1 --teacher-attn-ff-dim 128 --teacher-init-ckpt /home/huang_kai/wind_turbine_phm/PHOENIX-main/autoencoder_benchmark/outputs/teacher_h1_scan98_gpu1_v2/runs/single_tcn_attn_weld_seam_windows_ws5_tf75_pg0_h1_ep60_lr0.0003_bs128_k3_l3_d0.08_lat64_wd0.00015_seed14/best_single_tcn.pth --teacher-init-mode strict --student-tcn-layers 3 --student-tcn-dropout 0.12 --student-classifier-hidden 64 --student-classifier-dropout 0.3 --student-attn-dropout 0.05 --student-attn-ff-dim 128 --student-tcn-dilation-base 1 --weighted-sampler --student-init-ckpt ablation_experiments/h1/results/run_20260327_131013/ablation1_sweep/trials/trial_0004_A/ablation1_student_only_tcn_attn_weld_seam_windows_ws5_tf75_pg0_h1_ep80_lr0.00015_bs96_seed156/best_student_only.pth --student-init-mode shape_safe
Command: /usr/bin/python /home/huang_kai/wind_turbine_phm/PHOENIX-main/autoencoder_benchmark/ablation_experiments/ablation3_joint_tcn_attn/scripts/train_ablation3_joint_tcn_attn.py --dataset-npz Data/processed_data/weld_seam_windows_ws5_tf75_pg0_h1.npz --output-dir ablation_experiments/h1/results/run_20260327_131013/ablation3_joint_tcn_attn/ablation3_h1_scan90_run_20260327_131013/stage0/s0_l3_c7 --epochs 80 --batch-size 128 --lr-teacher 0.0001 --lr-student 0.0003 --weight-decay 0.00015 --seed 14 --num-workers 0 --checkpoint-metric test_acc --temperature 3.0 --lambda-ce 0.8 --lambda-kd 1.1 --lambda-feat 0.0 --freeze-teacher-epochs 5 --teacher-tcn-kernel 3 --teacher-tcn-layers 3 --teacher-tcn-channels 64,64,64 --teacher-tcn-dropout 0.08 --teacher-tcn-dilation-base 2 --teacher-classifier-hidden 64 --teacher-classifier-dropout 0.4 --teacher-attn-heads 4 --teacher-attn-dropout 0.1 --teacher-attn-ff-dim 128 --teacher-init-ckpt /home/huang_kai/wind_turbine_phm/PHOENIX-main/autoencoder_benchmark/outputs/teacher_h1_scan98_gpu1_v2/runs/single_tcn_attn_weld_seam_windows_ws5_tf75_pg0_h1_ep60_lr0.0003_bs128_k3_l3_d0.08_lat64_wd0.00015_seed14/best_single_tcn.pth --teacher-init-mode strict --student-tcn-layers 3 --student-tcn-dropout 0.12 --student-classifier-hidden 64 --student-classifier-dropout 0.3 --student-attn-dropout 0.05 --student-attn-ff-dim 128 --student-tcn-dilation-base 1 --weighted-sampler --student-init-ckpt ablation_experiments/h1/results/run_20260327_131013/ablation1_sweep/trials/trial_0004_A/ablation1_student_only_tcn_attn_weld_seam_windows_ws5_tf75_pg0_h1_ep80_lr0.00015_bs96_seed156/best_student_only.pth --student-init-mode shape_safe
Command: /usr/bin/python /home/huang_kai/wind_turbine_phm/PHOENIX-main/autoencoder_benchmark/ablation_experiments/ablation3_joint_tcn_attn/scripts/train_ablation3_joint_tcn_attn.py --dataset-npz Data/processed_data/weld_seam_windows_ws5_tf75_pg0_h1.npz --output-dir ablation_experiments/h1/results/run_20260327_131013/ablation3_joint_tcn_attn/ablation3_h1_scan90_run_20260327_131013/stage1/s1_l4_o1_c0 --epochs 80 --batch-size 128 --lr-teacher 0.0001 --lr-student 0.0002 --weight-decay 0.00015 --seed 14 --num-workers 0 --checkpoint-metric test_acc --temperature 2.5 --lambda-ce 0.9 --lambda-kd 1.1 --lambda-feat 0.0 --freeze-teacher-epochs 0 --teacher-tcn-kernel 3 --teacher-tcn-layers 3 --teacher-tcn-channels 64,64,64 --teacher-tcn-dropout 0.08 --teacher-tcn-dilation-base 2 --teacher-classifier-hidden 64 --teacher-classifier-dropout 0.4 --teacher-attn-heads 4 --teacher-attn-dropout 0.1 --teacher-attn-ff-dim 128 --teacher-init-ckpt /home/huang_kai/wind_turbine_phm/PHOENIX-main/autoencoder_benchmark/outputs/teacher_h1_scan98_gpu1_v2/runs/single_tcn_attn_weld_seam_windows_ws5_tf75_pg0_h1_ep60_lr0.0003_bs128_k3_l3_d0.08_lat64_wd0.00015_seed14/best_single_tcn.pth --teacher-init-mode strict --student-tcn-layers 3 --student-tcn-dropout 0.12 --student-classifier-hidden 64 --student-classifier-dropout 0.3 --student-attn-dropout 0.05 --student-attn-ff-dim 128 --student-tcn-dilation-base 1 --weighted-sampler --student-init-ckpt ablation_experiments/h1/results/run_20260327_131013/ablation1_sweep/trials/trial_0004_A/ablation1_student_only_tcn_attn_weld_seam_windows_ws5_tf75_pg0_h1_ep80_lr0.00015_bs96_seed156/best_student_only.pth --student-init-mode shape_safe
Command: /usr/bin/python /home/huang_kai/wind_turbine_phm/PHOENIX-main/autoencoder_benchmark/ablation_experiments/ablation3_joint_tcn_attn/scripts/train_ablation3_joint_tcn_attn.py --dataset-npz Data/processed_data/weld_seam_windows_ws5_tf75_pg0_h1.npz --output-dir ablation_experiments/h1/results/run_20260327_131013/ablation3_joint_tcn_attn/ablation3_h1_scan90_run_20260327_131013/stage1/s1_l4_o1_c7 --epochs 80 --batch-size 128 --lr-teacher 0.0001 --lr-student 0.0002 --weight-decay 0.00015 --seed 14 --num-workers 0 --checkpoint-metric test_acc --temperature 2.5 --lambda-ce 0.9 --lambda-kd 1.1 --lambda-feat 0.0 --freeze-teacher-epochs 0 --teacher-tcn-kernel 3 --teacher-tcn-layers 3 --teacher-tcn-channels 64,64,64 --teacher-tcn-dropout 0.08 --teacher-tcn-dilation-base 2 --teacher-classifier-hidden 64 --teacher-classifier-dropout 0.4 --teacher-attn-heads 4 --teacher-attn-dropout 0.1 --teacher-attn-ff-dim 128 --teacher-init-ckpt /home/huang_kai/wind_turbine_phm/PHOENIX-main/autoencoder_benchmark/outputs/teacher_h1_scan98_gpu1_v2/runs/single_tcn_attn_weld_seam_windows_ws5_tf75_pg0_h1_ep60_lr0.0003_bs128_k3_l3_d0.08_lat64_wd0.00015_seed14/best_single_tcn.pth --teacher-init-mode strict --student-tcn-layers 3 --student-tcn-dropout 0.12 --student-classifier-hidden 64 --student-classifier-dropout 0.3 --student-attn-dropout 0.05 --student-attn-ff-dim 128 --student-tcn-dilation-base 1 --weighted-sampler --student-init-ckpt ablation_experiments/h1/results/run_20260327_131013/ablation1_sweep/trials/trial_0004_A/ablation1_student_only_tcn_attn_weld_seam_windows_ws5_tf75_pg0_h1_ep80_lr0.00015_bs96_seed156/best_student_only.pth --student-init-mode shape_safe
Command: Traceback (most recent call last):
  File "/home/huang_kai/wind_turbine_phm/PHOENIX-main/autoencoder_benchmark/ablation_experiments/ablation3_joint_tcn_attn/scripts/train_ablation3_joint_tcn_attn.py", line 740, in <module>
    main()
  File "/home/huang_kai/wind_turbine_phm/PHOENIX-main/autoencoder_benchmark/ablation_experiments/ablation3_joint_tcn_attn/scripts/train_ablation3_joint_tcn_attn.py", line 371, in main
    teacher_init_summary = load_model_init_weights(
  File "/home/huang_kai/wind_turbine_phm/PHOENIX-main/autoencoder_benchmark/training_utils.py", line 57, in load_model_init_weights
    model.load_state_dict(state_dict, strict=True)
  File "/usr/local/lib/python3.10/dist-packages/torch/nn/modules/module.py", line 2581, in load_state_dict
    raise RuntimeError(
RuntimeError: Error(s) in loading state_dict for AttentionTCNClassifier:
	size mismatch for input_proj.0.weight: copying a param with shape torch.Size([64, 18, 1]) from checkpoint, the shape in current model is torch.Size([80, 18, 1]).
	size mismatch for input_proj.1.weight: copying a param with shape torch.Size([64]) from checkpoint, the shape in current model is torch.Size([80]).
	size mismatch for input_proj.1.bias: copying a param with shape torch.Size([64]) from checkpoint, the shape in current model is torch.Size([80]).
	size mismatch for input_proj.1.running_mean: copying a param with shape torch.Size([64]) from checkpoint, the shape in current model is torch.Size([80]).
	size mismatch for input_proj.1.running_var: copying a param with shape torch.Size([64]) from checkpoint, the shape in current model is torch.Size([80]).
	size mismatch for tcn.0.net.0.weight: copying a param with shape torch.Size([64, 64, 3]) from checkpoint, the shape in current model is torch.Size([80, 80, 3]).
	size mismatch for tcn.0.net.1.weight: copying a param with shape torch.Size([64]) from checkpoint, the shape in current model is torch.Size([80]).
	size mismatch for tcn.0.net.1.bias: copying a param with shape torch.Size([64]) from checkpoint, the shape in current model is torch.Size([80]).
	size mismatch for tcn.0.net.1.running_mean: copying a param with shape torch.Size([64]) from checkpoint, the shape in current model is torch.Size([80]).
	size mismatch for tcn.0.net.1.running_var: copying a param with shape torch.Size([64]) from checkpoint, the shape in current model is torch.Size([80]).
	size mismatch for tcn.0.net.4.weight: copying a param with shape torch.Size([64, 64, 3]) from checkpoint, the shape in current model is torch.Size([80, 80, 3]).
	size mismatch for tcn.0.net.5.weight: copying a param with shape torch.Size([64]) from checkpoint, the shape in current model is torch.Size([80]).
	size mismatch for tcn.0.net.5.bias: copying a param with shape torch.Size([64]) from checkpoint, the shape in current model is torch.Size([80]).
	size mismatch for tcn.0.net.5.running_mean: copying a param with shape torch.Size([64]) from checkpoint, the shape in current model is torch.Size([80]).
	size mismatch for tcn.0.net.5.running_var: copying a param with shape torch.Size([64]) from checkpoint, the shape in current model is torch.Size([80]).
	size mismatch for tcn.1.net.0.weight: copying a param with shape torch.Size([64, 64, 3]) from checkpoint, the shape in current model is torch.Size([80, 80, 3]).
	size mismatch for tcn.1.net.1.weight: copying a param with shape torch.Size([64]) from checkpoint, the shape in current model is torch.Size([80]).
	size mismatch for tcn.1.net.1.bias: copying a param with shape torch.Size([64]) from checkpoint, the shape in current model is torch.Size([80]).
	size mismatch for tcn.1.net.1.running_mean: copying a param with shape torch.Size([64]) from checkpoint, the shape in current model is torch.Size([80]).
	size mismatch for tcn.1.net.1.running_var: copying a param with shape torch.Size([64]) from checkpoint, the shape in current model is torch.Size([80]).
	size mismatch for tcn.1.net.4.weight: copying a param with shape torch.Size([64, 64, 3]) from checkpoint, the shape in current model is torch.Size([80, 80, 3]).
	size mismatch for tcn.1.net.5.weight: copying a param with shape torch.Size([64]) from checkpoint, the shape in current model is torch.Size([80]).
	size mismatch for tcn.1.net.5.bias: copying a param with shape torch.Size([64]) from checkpoint, the shape in current model is torch.Size([80]).
	size mismatch for tcn.1.net.5.running_mean: copying a param with shape torch.Size([64]) from checkpoint, the shape in current model is torch.Size([80]).
	size mismatch for tcn.1.net.5.running_var: copying a param with shape torch.Size([64]) from checkpoint, the shape in current model is torch.Size([80]).
	size mismatch for tcn.2.net.0.weight: copying a param with shape torch.Size([64, 64, 3]) from checkpoint, the shape in current model is torch.Size([80, 80, 3]).
	size mismatch for tcn.2.net.1.weight: copying a param with shape torch.Size([64]) from checkpoint, the shape in current model is torch.Size([80]).
	size mismatch for tcn.2.net.1.bias: copying a param with shape torch.Size([64]) from checkpoint, the shape in current model is torch.Size([80]).
	size mismatch for tcn.2.net.1.running_mean: copying a param with shape torch.Size([64]) from checkpoint, the shape in current model is torch.Size([80]).
	size mismatch for tcn.2.net.1.running_var: copying a param with shape torch.Size([64]) from checkpoint, the shape in current model is torch.Size([80]).
	size mismatch for tcn.2.net.4.weight: copying a param with shape torch.Size([64, 64, 3]) from checkpoint, the shape in current model is torch.Size([80, 80, 3]).
	size mismatch for tcn.2.net.5.weight: copying a param with shape torch.Size([64]) from checkpoint, the shape in current model is torch.Size([80]).
	size mismatch for tcn.2.net.5.bias: copying a param with shape torch.Size([64]) from checkpoint, the shape in current model is torch.Size([80]).
	size mismatch for tcn.2.net.5.running_mean: copying a param with shape torch.Size([64]) from checkpoint, the shape in current model is torch.Size([80]).
	size mismatch for tcn.2.net.5.running_var: copying a param with shape torch.Size([64]) from checkpoint, the shape in current model is torch.Size([80]).
	size mismatch for attn.in_proj_weight: copying a param with shape torch.Size([192, 64]) from checkpoint, the shape in current model is torch.Size([240, 80]).
	size mismatch for attn.in_proj_bias: copying a param with shape torch.Size([192]) from checkpoint, the shape in current model is torch.Size([240]).
	size mismatch for attn.out_proj.weight: copying a param with shape torch.Size([64, 64]) from checkpoint, the shape in current model is torch.Size([80, 80]).
	size mismatch for attn.out_proj.bias: copying a param with shape torch.Size([64]) from checkpoint, the shape in current model is torch.Size([80]).
	size mismatch for ln1.weight: copying a param with shape torch.Size([64]) from checkpoint, the shape in current model is torch.Size([80]).
	size mismatch for ln1.bias: copying a param with shape torch.Size([64]) from checkpoint, the shape in current model is torch.Size([80]).
	size mismatch for ff.0.weight: copying a param with shape torch.Size([128, 64]) from checkpoint, the shape in current model is torch.Size([128, 80]).
	size mismatch for ff.3.weight: copying a param with shape torch.Size([64, 128]) from checkpoint, the shape in current model is torch.Size([80, 128]).
	size mismatch for ff.3.bias: copying a param with shape torch.Size([64]) from checkpoint, the shape in current model is torch.Size([80]).
	size mismatch for ln2.weight: copying a param with shape torch.Size([64]) from checkpoint, the shape in current model is torch.Size([80]).
	size mismatch for ln2.bias: copying a param with shape torch.Size([64]) from checkpoint, the shape in current model is torch.Size([80]).
	size mismatch for classifier.1.weight: copying a param with shape torch.Size([64, 128]) from checkpoint, the shape in current model is torch.Size([64, 160]).
Traceback (most recent call last):
  File "/home/huang_kai/wind_turbine_phm/PHOENIX-main/autoencoder_benchmark/ablation_experiments/ablation3_joint_tcn_attn/scripts/train_ablation3_joint_tcn_attn.py", line 740, in <module>
    main()
  File "/home/huang_kai/wind_turbine_phm/PHOENIX-main/autoencoder_benchmark/ablation_experiments/ablation3_joint_tcn_attn/scripts/train_ablation3_joint_tcn_attn.py", line 371, in main
    teacher_init_summary = load_model_init_weights(
  File "/home/huang_kai/wind_turbine_phm/PHOENIX-main/autoencoder_benchmark/training_utils.py", line 57, in load_model_init_weights
    model.load_state_dict(state_dict, strict=True)
  File "/usr/local/lib/python3.10/dist-packages/torch/nn/modules/module.py", line 2581, in load_state_dict
    raise RuntimeError(
RuntimeError: Error(s) in loading state_dict for AttentionTCNClassifier:
	size mismatch for input_proj.0.weight: copying a param with shape torch.Size([64, 18, 1]) from checkpoint, the shape in current model is torch.Size([80, 18, 1]).
	size mismatch for input_proj.1.weight: copying a param with shape torch.Size([64]) from checkpoint, the shape in current model is torch.Size([80]).
	size mismatch for input_proj.1.bias: copying a param with shape torch.Size([64]) from checkpoint, the shape in current model is torch.Size([80]).
	size mismatch for input_proj.1.running_mean: copying a param with shape torch.Size([64]) from checkpoint, the shape in current model is torch.Size([80]).
	size mismatch for input_proj.1.running_var: copying a param with shape torch.Size([64]) from checkpoint, the shape in current model is torch.Size([80]).
	size mismatch for tcn.0.net.0.weight: copying a param with shape torch.Size([64, 64, 3]) from checkpoint, the shape in current model is torch.Size([80, 80, 3]).
	size mismatch for tcn.0.net.1.weight: copying a param with shape torch.Size([64]) from checkpoint, the shape in current model is torch.Size([80]).
	size mismatch for tcn.0.net.1.bias: copying a param with shape torch.Size([64]) from checkpoint, the shape in current model is torch.Size([80]).
	size mismatch for tcn.0.net.1.running_mean: copying a param with shape torch.Size([64]) from checkpoint, the shape in current model is torch.Size([80]).
	size mismatch for tcn.0.net.1.running_var: copying a param with shape torch.Size([64]) from checkpoint, the shape in current model is torch.Size([80]).
	size mismatch for tcn.0.net.4.weight: copying a param with shape torch.Size([64, 64, 3]) from checkpoint, the shape in current model is torch.Size([80, 80, 3]).
	size mismatch for tcn.0.net.5.weight: copying a param with shape torch.Size([64]) from checkpoint, the shape in current model is torch.Size([80]).
	size mismatch for tcn.0.net.5.bias: copying a param with shape torch.Size([64]) from checkpoint, the shape in current model is torch.Size([80]).
	size mismatch for tcn.0.net.5.running_mean: copying a param with shape torch.Size([64]) from checkpoint, the shape in current model is torch.Size([80]).
	size mismatch for tcn.0.net.5.running_var: copying a param with shape torch.Size([64]) from checkpoint, the shape in current model is torch.Size([80]).
	size mismatch for tcn.1.net.0.weight: copying a param with shape torch.Size([64, 64, 3]) from checkpoint, the shape in current model is torch.Size([80, 80, 3]).
	size mismatch for tcn.1.net.1.weight: copying a param with shape torch.Size([64]) from checkpoint, the shape in current model is torch.Size([80]).
	size mismatch for tcn.1.net.1.bias: copying a param with shape torch.Size([64]) from checkpoint, the shape in current model is torch.Size([80]).
	size mismatch for tcn.1.net.1.running_mean: copying a param with shape torch.Size([64]) from checkpoint, the shape in current model is torch.Size([80]).
	size mismatch for tcn.1.net.1.running_var: copying a param with shape torch.Size([64]) from checkpoint, the shape in current model is torch.Size([80]).
	size mismatch for tcn.1.net.4.weight: copying a param with shape torch.Size([64, 64, 3]) from checkpoint, the shape in current model is torch.Size([80, 80, 3]).
	size mismatch for tcn.1.net.5.weight: copying a param with shape torch.Size([64]) from checkpoint, the shape in current model is torch.Size([80]).
	size mismatch for tcn.1.net.5.bias: copying a param with shape torch.Size([64]) from checkpoint, the shape in current model is torch.Size([80]).
	size mismatch for tcn.1.net.5.running_mean: copying a param with shape torch.Size([64]) from checkpoint, the shape in current model is torch.Size([80]).
	size mismatch for tcn.1.net.5.running_var: copying a param with shape torch.Size([64]) from checkpoint, the shape in current model is torch.Size([80]).
	size mismatch for tcn.2.net.0.weight: copying a param with shape torch.Size([64, 64, 3]) from checkpoint, the shape in current model is torch.Size([80, 80, 3]).
	size mismatch for tcn.2.net.1.weight: copying a param with shape torch.Size([64]) from checkpoint, the shape in current model is torch.Size([80]).
	size mismatch for tcn.2.net.1.bias: copying a param with shape torch.Size([64]) from checkpoint, the shape in current model is torch.Size([80]).
	size mismatch for tcn.2.net.1.running_mean: copying a param with shape torch.Size([64]) from checkpoint, the shape in current model is torch.Size([80]).
	size mismatch for tcn.2.net.1.running_var: copying a param with shape torch.Size([64]) from checkpoint, the shape in current model is torch.Size([80]).
	size mismatch for tcn.2.net.4.weight: copying a param with shape torch.Size([64, 64, 3]) from checkpoint, the shape in current model is torch.Size([80, 80, 3]).
	size mismatch for tcn.2.net.5.weight: copying a param with shape torch.Size([64]) from checkpoint, the shape in current model is torch.Size([80]).
	size mismatch for tcn.2.net.5.bias: copying a param with shape torch.Size([64]) from checkpoint, the shape in current model is torch.Size([80]).
	size mismatch for tcn.2.net.5.running_mean: copying a param with shape torch.Size([64]) from checkpoint, the shape in current model is torch.Size([80]).
	size mismatch for tcn.2.net.5.running_var: copying a param with shape torch.Size([64]) from checkpoint, the shape in current model is torch.Size([80]).
	size mismatch for attn.in_proj_weight: copying a param with shape torch.Size([192, 64]) from checkpoint, the shape in current model is torch.Size([240, 80]).
	size mismatch for attn.in_proj_bias: copying a param with shape torch.Size([192]) from checkpoint, the shape in current model is torch.Size([240]).
	size mismatch for attn.out_proj.weight: copying a param with shape torch.Size([64, 64]) from checkpoint, the shape in current model is torch.Size([80, 80]).
	size mismatch for attn.out_proj.bias: copying a param with shape torch.Size([64]) from checkpoint, the shape in current model is torch.Size([80]).
	size mismatch for ln1.weight: copying a param with shape torch.Size([64]) from checkpoint, the shape in current model is torch.Size([80]).
	size mismatch for ln1.bias: copying a param with shape torch.Size([64]) from checkpoint, the shape in current model is torch.Size([80]).
	size mismatch for ff.0.weight: copying a param with shape torch.Size([128, 64]) from checkpoint, the shape in current model is torch.Size([128, 80]).
	size mismatch for ff.3.weight: copying a param with shape torch.Size([64, 128]) from checkpoint, the shape in current model is torch.Size([80, 128]).
	size mismatch for ff.3.bias: copying a param with shape torch.Size([64]) from checkpoint, the shape in current model is torch.Size([80]).
	size mismatch for ln2.weight: copying a param with shape torch.Size([64]) from checkpoint, the shape in current model is torch.Size([80]).
	size mismatch for ln2.bias: copying a param with shape torch.Size([64]) from checkpoint, the shape in current model is torch.Size([80]).
	size mismatch for classifier.1.weight: copying a param with shape torch.Size([64, 128]) from checkpoint, the shape in current model is torch.Size([64, 160]).
Traceback (most recent call last):
  File "/home/huang_kai/wind_turbine_phm/PHOENIX-main/autoencoder_benchmark/ablation_experiments/ablation3_joint_tcn_attn/scripts/train_ablation3_joint_tcn_attn.py", line 740, in <module>
    main()
  File "/home/huang_kai/wind_turbine_phm/PHOENIX-main/autoencoder_benchmark/ablation_experiments/ablation3_joint_tcn_attn/scripts/train_ablation3_joint_tcn_attn.py", line 371, in main
    teacher_init_summary = load_model_init_weights(
  File "/home/huang_kai/wind_turbine_phm/PHOENIX-main/autoencoder_benchmark/training_utils.py", line 57, in load_model_init_weights
    model.load_state_dict(state_dict, strict=True)
  File "/usr/local/lib/python3.10/dist-packages/torch/nn/modules/module.py", line 2581, in load_state_dict
    raise RuntimeError(
RuntimeError: Error(s) in loading state_dict for AttentionTCNClassifier:
	size mismatch for input_proj.0.weight: copying a param with shape torch.Size([64, 18, 1]) from checkpoint, the shape in current model is torch.Size([80, 18, 1]).
	size mismatch for input_proj.1.weight: copying a param with shape torch.Size([64]) from checkpoint, the shape in current model is torch.Size([80]).
	size mismatch for input_proj.1.bias: copying a param with shape torch.Size([64]) from checkpoint, the shape in current model is torch.Size([80]).
	size mismatch for input_proj.1.running_mean: copying a param with shape torch.Size([64]) from checkpoint, the shape in current model is torch.Size([80]).
	size mismatch for input_proj.1.running_var: copying a param with shape torch.Size([64]) from checkpoint, the shape in current model is torch.Size([80]).
	size mismatch for tcn.0.net.0.weight: copying a param with shape torch.Size([64, 64, 3]) from checkpoint, the shape in current model is torch.Size([80, 80, 3]).
	size mismatch for tcn.0.net.1.weight: copying a param with shape torch.Size([64]) from checkpoint, the shape in current model is torch.Size([80]).
	size mismatch for tcn.0.net.1.bias: copying a param with shape torch.Size([64]) from checkpoint, the shape in current model is torch.Size([80]).
	size mismatch for tcn.0.net.1.running_mean: copying a param with shape torch.Size([64]) from checkpoint, the shape in current model is torch.Size([80]).
	size mismatch for tcn.0.net.1.running_var: copying a param with shape torch.Size([64]) from checkpoint, the shape in current model is torch.Size([80]).
	size mismatch for tcn.0.net.4.weight: copying a param with shape torch.Size([64, 64, 3]) from checkpoint, the shape in current model is torch.Size([80, 80, 3]).
	size mismatch for tcn.0.net.5.weight: copying a param with shape torch.Size([64]) from checkpoint, the shape in current model is torch.Size([80]).
	size mismatch for tcn.0.net.5.bias: copying a param with shape torch.Size([64]) from checkpoint, the shape in current model is torch.Size([80]).
	size mismatch for tcn.0.net.5.running_mean: copying a param with shape torch.Size([64]) from checkpoint, the shape in current model is torch.Size([80]).
	size mismatch for tcn.0.net.5.running_var: copying a param with shape torch.Size([64]) from checkpoint, the shape in current model is torch.Size([80]).
	size mismatch for tcn.1.net.0.weight: copying a param with shape torch.Size([64, 64, 3]) from checkpoint, the shape in current model is torch.Size([80, 80, 3]).
	size mismatch for tcn.1.net.1.weight: copying a param with shape torch.Size([64]) from checkpoint, the shape in current model is torch.Size([80]).
	size mismatch for tcn.1.net.1.bias: copying a param with shape torch.Size([64]) from checkpoint, the shape in current model is torch.Size([80]).
	size mismatch for tcn.1.net.1.running_mean: copying a param with shape torch.Size([64]) from checkpoint, the shape in current model is torch.Size([80]).
	size mismatch for tcn.1.net.1.running_var: copying a param with shape torch.Size([64]) from checkpoint, the shape in current model is torch.Size([80]).
	size mismatch for tcn.1.net.4.weight: copying a param with shape torch.Size([64, 64, 3]) from checkpoint, the shape in current model is torch.Size([80, 80, 3]).
	size mismatch for tcn.1.net.5.weight: copying a param with shape torch.Size([64]) from checkpoint, the shape in current model is torch.Size([80]).
	size mismatch for tcn.1.net.5.bias: copying a param with shape torch.Size([64]) from checkpoint, the shape in current model is torch.Size([80]).
	size mismatch for tcn.1.net.5.running_mean: copying a param with shape torch.Size([64]) from checkpoint, the shape in current model is torch.Size([80]).
	size mismatch for tcn.1.net.5.running_var: copying a param with shape torch.Size([64]) from checkpoint, the shape in current model is torch.Size([80]).
	size mismatch for tcn.2.net.0.weight: copying a param with shape torch.Size([64, 64, 3]) from checkpoint, the shape in current model is torch.Size([80, 80, 3]).
	size mismatch for tcn.2.net.1.weight: copying a param with shape torch.Size([64]) from checkpoint, the shape in current model is torch.Size([80]).
	size mismatch for tcn.2.net.1.bias: copying a param with shape torch.Size([64]) from checkpoint, the shape in current model is torch.Size([80]).
	size mismatch for tcn.2.net.1.running_mean: copying a param with shape torch.Size([64]) from checkpoint, the shape in current model is torch.Size([80]).
	size mismatch for tcn.2.net.1.running_var: copying a param with shape torch.Size([64]) from checkpoint, the shape in current model is torch.Size([80]).
	size mismatch for tcn.2.net.4.weight: copying a param with shape torch.Size([64, 64, 3]) from checkpoint, the shape in current model is torch.Size([80, 80, 3]).
	size mismatch for tcn.2.net.5.weight: copying a param with shape torch.Size([64]) from checkpoint, the shape in current model is torch.Size([80]).
	size mismatch for tcn.2.net.5.bias: copying a param with shape torch.Size([64]) from checkpoint, the shape in current model is torch.Size([80]).
	size mismatch for tcn.2.net.5.running_mean: copying a param with shape torch.Size([64]) from checkpoint, the shape in current model is torch.Size([80]).
	size mismatch for tcn.2.net.5.running_var: copying a param with shape torch.Size([64]) from checkpoint, the shape in current model is torch.Size([80]).
	size mismatch for attn.in_proj_weight: copying a param with shape torch.Size([192, 64]) from checkpoint, the shape in current model is torch.Size([240, 80]).
	size mismatch for attn.in_proj_bias: copying a param with shape torch.Size([192]) from checkpoint, the shape in current model is torch.Size([240]).
	size mismatch for attn.out_proj.weight: copying a param with shape torch.Size([64, 64]) from checkpoint, the shape in current model is torch.Size([80, 80]).
	size mismatch for attn.out_proj.bias: copying a param with shape torch.Size([64]) from checkpoint, the shape in current model is torch.Size([80]).
	size mismatch for ln1.weight: copying a param with shape torch.Size([64]) from checkpoint, the shape in current model is torch.Size([80]).
	size mismatch for ln1.bias: copying a param with shape torch.Size([64]) from checkpoint, the shape in current model is torch.Size([80]).
	size mismatch for ff.0.weight: copying a param with shape torch.Size([128, 64]) from checkpoint, the shape in current model is torch.Size([128, 80]).
	size mismatch for ff.3.weight: copying a param with shape torch.Size([64, 128]) from checkpoint, the shape in current model is torch.Size([80, 128]).
	size mismatch for ff.3.bias: copying a param with shape torch.Size([64]) from checkpoint, the shape in current model is torch.Size([80]).
	size mismatch for ln2.weight: copying a param with shape torch.Size([64]) from checkpoint, the shape in current model is torch.Size([80]).
	size mismatch for ln2.bias: copying a param with shape torch.Size([64]) from checkpoint, the shape in current model is torch.Size([80]).
	size mismatch for classifier.1.weight: copying a param with shape torch.Size([64, 128]) from checkpoint, the shape in current model is torch.Size([64, 160]).
Traceback (most recent call last):
  File "/home/huang_kai/wind_turbine_phm/PHOENIX-main/autoencoder_benchmark/ablation_experiments/ablation3_joint_tcn_attn/scripts/train_ablation3_joint_tcn_attn.py", line 740, in <module>
    main()
  File "/home/huang_kai/wind_turbine_phm/PHOENIX-main/autoencoder_benchmark/ablation_experiments/ablation3_joint_tcn_attn/scripts/train_ablation3_joint_tcn_attn.py", line 371, in main
    teacher_init_summary = load_model_init_weights(
  File "/home/huang_kai/wind_turbine_phm/PHOENIX-main/autoencoder_benchmark/training_utils.py", line 57, in load_model_init_weights
    model.load_state_dict(state_dict, strict=True)
  File "/usr/local/lib/python3.10/dist-packages/torch/nn/modules/module.py", line 2581, in load_state_dict
    raise RuntimeError(
RuntimeError: Error(s) in loading state_dict for AttentionTCNClassifier:
	size mismatch for input_proj.0.weight: copying a param with shape torch.Size([64, 18, 1]) from checkpoint, the shape in current model is torch.Size([80, 18, 1]).
	size mismatch for input_proj.1.weight: copying a param with shape torch.Size([64]) from checkpoint, the shape in current model is torch.Size([80]).
	size mismatch for input_proj.1.bias: copying a param with shape torch.Size([64]) from checkpoint, the shape in current model is torch.Size([80]).
	size mismatch for input_proj.1.running_mean: copying a param with shape torch.Size([64]) from checkpoint, the shape in current model is torch.Size([80]).
	size mismatch for input_proj.1.running_var: copying a param with shape torch.Size([64]) from checkpoint, the shape in current model is torch.Size([80]).
	size mismatch for tcn.0.net.0.weight: copying a param with shape torch.Size([64, 64, 3]) from checkpoint, the shape in current model is torch.Size([80, 80, 3]).
	size mismatch for tcn.0.net.1.weight: copying a param with shape torch.Size([64]) from checkpoint, the shape in current model is torch.Size([80]).
	size mismatch for tcn.0.net.1.bias: copying a param with shape torch.Size([64]) from checkpoint, the shape in current model is torch.Size([80]).
	size mismatch for tcn.0.net.1.running_mean: copying a param with shape torch.Size([64]) from checkpoint, the shape in current model is torch.Size([80]).
	size mismatch for tcn.0.net.1.running_var: copying a param with shape torch.Size([64]) from checkpoint, the shape in current model is torch.Size([80]).
	size mismatch for tcn.0.net.4.weight: copying a param with shape torch.Size([64, 64, 3]) from checkpoint, the shape in current model is torch.Size([80, 80, 3]).
	size mismatch for tcn.0.net.5.weight: copying a param with shape torch.Size([64]) from checkpoint, the shape in current model is torch.Size([80]).
	size mismatch for tcn.0.net.5.bias: copying a param with shape torch.Size([64]) from checkpoint, the shape in current model is torch.Size([80]).
	size mismatch for tcn.0.net.5.running_mean: copying a param with shape torch.Size([64]) from checkpoint, the shape in current model is torch.Size([80]).
	size mismatch for tcn.0.net.5.running_var: copying a param with shape torch.Size([64]) from checkpoint, the shape in current model is torch.Size([80]).
	size mismatch for tcn.1.net.0.weight: copying a param with shape torch.Size([64, 64, 3]) from checkpoint, the shape in current model is torch.Size([80, 80, 3]).
	size mismatch for tcn.1.net.1.weight: copying a param with shape torch.Size([64]) from checkpoint, the shape in current model is torch.Size([80]).
	size mismatch for tcn.1.net.1.bias: copying a param with shape torch.Size([64]) from checkpoint, the shape in current model is torch.Size([80]).
	size mismatch for tcn.1.net.1.running_mean: copying a param with shape torch.Size([64]) from checkpoint, the shape in current model is torch.Size([80]).
	size mismatch for tcn.1.net.1.running_var: copying a param with shape torch.Size([64]) from checkpoint, the shape in current model is torch.Size([80]).
	size mismatch for tcn.1.net.4.weight: copying a param with shape torch.Size([64, 64, 3]) from checkpoint, the shape in current model is torch.Size([80, 80, 3]).
	size mismatch for tcn.1.net.5.weight: copying a param with shape torch.Size([64]) from checkpoint, the shape in current model is torch.Size([80]).
	size mismatch for tcn.1.net.5.bias: copying a param with shape torch.Size([64]) from checkpoint, the shape in current model is torch.Size([80]).
	size mismatch for tcn.1.net.5.running_mean: copying a param with shape torch.Size([64]) from checkpoint, the shape in current model is torch.Size([80]).
	size mismatch for tcn.1.net.5.running_var: copying a param with shape torch.Size([64]) from checkpoint, the shape in current model is torch.Size([80]).
	size mismatch for tcn.2.net.0.weight: copying a param with shape torch.Size([64, 64, 3]) from checkpoint, the shape in current model is torch.Size([80, 80, 3]).
	size mismatch for tcn.2.net.1.weight: copying a param with shape torch.Size([64]) from checkpoint, the shape in current model is torch.Size([80]).
	size mismatch for tcn.2.net.1.bias: copying a param with shape torch.Size([64]) from checkpoint, the shape in current model is torch.Size([80]).
	size mismatch for tcn.2.net.1.running_mean: copying a param with shape torch.Size([64]) from checkpoint, the shape in current model is torch.Size([80]).
	size mismatch for tcn.2.net.1.running_var: copying a param with shape torch.Size([64]) from checkpoint, the shape in current model is torch.Size([80]).
	size mismatch for tcn.2.net.4.weight: copying a param with shape torch.Size([64, 64, 3]) from checkpoint, the shape in current model is torch.Size([80, 80, 3]).
	size mismatch for tcn.2.net.5.weight: copying a param with shape torch.Size([64]) from checkpoint, the shape in current model is torch.Size([80]).
	size mismatch for tcn.2.net.5.bias: copying a param with shape torch.Size([64]) from checkpoint, the shape in current model is torch.Size([80]).
	size mismatch for tcn.2.net.5.running_mean: copying a param with shape torch.Size([64]) from checkpoint, the shape in current model is torch.Size([80]).
	size mismatch for tcn.2.net.5.running_var: copying a param with shape torch.Size([64]) from checkpoint, the shape in current model is torch.Size([80]).
	size mismatch for attn.in_proj_weight: copying a param with shape torch.Size([192, 64]) from checkpoint, the shape in current model is torch.Size([240, 80]).
	size mismatch for attn.in_proj_bias: copying a param with shape torch.Size([192]) from checkpoint, the shape in current model is torch.Size([240]).
	size mismatch for attn.out_proj.weight: copying a param with shape torch.Size([64, 64]) from checkpoint, the shape in current model is torch.Size([80, 80]).
	size mismatch for attn.out_proj.bias: copying a param with shape torch.Size([64]) from checkpoint, the shape in current model is torch.Size([80]).
	size mismatch for ln1.weight: copying a param with shape torch.Size([64]) from checkpoint, the shape in current model is torch.Size([80]).
	size mismatch for ln1.bias: copying a param with shape torch.Size([64]) from checkpoint, the shape in current model is torch.Size([80]).
	size mismatch for ff.0.weight: copying a param with shape torch.Size([128, 64]) from checkpoint, the shape in current model is torch.Size([128, 80]).
	size mismatch for ff.3.weight: copying a param with shape torch.Size([64, 128]) from checkpoint, the shape in current model is torch.Size([80, 128]).
	size mismatch for ff.3.bias: copying a param with shape torch.Size([64]) from checkpoint, the shape in current model is torch.Size([80]).
	size mismatch for ln2.weight: copying a param with shape torch.Size([64]) from checkpoint, the shape in current model is torch.Size([80]).
	size mismatch for ln2.bias: copying a param with shape torch.Size([64]) from checkpoint, the shape in current model is torch.Size([80]).
	size mismatch for classifier.1.weight: copying a param with shape torch.Size([64, 128]) from checkpoint, the shape in current model is torch.Size([64, 160]).
/usr/bin/python /home/huang_kai/wind_turbine_phm/PHOENIX-main/autoencoder_benchmark/ablation_experiments/ablation3_joint_tcn_attn/scripts/train_ablation3_joint_tcn_attn.py --dataset-npz Data/processed_data/weld_seam_windows_ws5_tf75_pg0_h1.npz --output-dir ablation_experiments/h1/results/run_20260327_131013/ablation3_joint_tcn_attn/ablation3_h1_scan90_run_20260327_131013/stage1/s1_l4_o2_c0 --epochs 80 --batch-size 128 --lr-teacher 0.0001 --lr-student 0.0003 --weight-decay 0.00015 --seed 14 --num-workers 0 --checkpoint-metric test_acc --temperature 2.5 --lambda-ce 0.9 --lambda-kd 1.1 --lambda-feat 0.0 --freeze-teacher-epochs 0 --teacher-tcn-kernel 3 --teacher-tcn-layers 3 --teacher-tcn-channels 64,64,64 --teacher-tcn-dropout 0.08 --teacher-tcn-dilation-base 2 --teacher-classifier-hidden 64 --teacher-classifier-dropout 0.4 --teacher-attn-heads 4 --teacher-attn-dropout 0.1 --teacher-attn-ff-dim 128 --teacher-init-ckpt /home/huang_kai/wind_turbine_phm/PHOENIX-main/autoencoder_benchmark/outputs/teacher_h1_scan98_gpu1_v2/runs/single_tcn_attn_weld_seam_windows_ws5_tf75_pg0_h1_ep60_lr0.0003_bs128_k3_l3_d0.08_lat64_wd0.00015_seed14/best_single_tcn.pth --teacher-init-mode strict --student-tcn-layers 3 --student-tcn-dropout 0.12 --student-classifier-hidden 64 --student-classifier-dropout 0.3 --student-attn-dropout 0.05 --student-attn-ff-dim 128 --student-tcn-dilation-base 1 --weighted-sampler --student-init-ckpt ablation_experiments/h1/results/run_20260327_131013/ablation1_sweep/trials/trial_0004_A/ablation1_student_only_tcn_attn_weld_seam_windows_ws5_tf75_pg0_h1_ep80_lr0.00015_bs96_seed156/best_student_only.pth --student-init-mode shape_safe
Command: /usr/bin/python /home/huang_kai/wind_turbine_phm/PHOENIX-main/autoencoder_benchmark/ablation_experiments/ablation3_joint_tcn_attn/scripts/train_ablation3_joint_tcn_attn.py --dataset-npz Data/processed_data/weld_seam_windows_ws5_tf75_pg0_h1.npz --output-dir ablation_experiments/h1/results/run_20260327_131013/ablation3_joint_tcn_attn/ablation3_h1_scan90_run_20260327_131013/stage1/s1_l4_o2_c7 --epochs 80 --batch-size 128 --lr-teacher 0.0001 --lr-student 0.0003 --weight-decay 0.00015 --seed 14 --num-workers 0 --checkpoint-metric test_acc --temperature 2.5 --lambda-ce 0.9 --lambda-kd 1.1 --lambda-feat 0.0 --freeze-teacher-epochs 0 --teacher-tcn-kernel 3 --teacher-tcn-layers 3 --teacher-tcn-channels 64,64,64 --teacher-tcn-dropout 0.08 --teacher-tcn-dilation-base 2 --teacher-classifier-hidden 64 --teacher-classifier-dropout 0.4 --teacher-attn-heads 4 --teacher-attn-dropout 0.1 --teacher-attn-ff-dim 128 --teacher-init-ckpt /home/huang_kai/wind_turbine_phm/PHOENIX-main/autoencoder_benchmark/outputs/teacher_h1_scan98_gpu1_v2/runs/single_tcn_attn_weld_seam_windows_ws5_tf75_pg0_h1_ep60_lr0.0003_bs128_k3_l3_d0.08_lat64_wd0.00015_seed14/best_single_tcn.pth --teacher-init-mode strict --student-tcn-layers 3 --student-tcn-dropout 0.12 --student-classifier-hidden 64 --student-classifier-dropout 0.3 --student-attn-dropout 0.05 --student-attn-ff-dim 128 --student-tcn-dilation-base 1 --weighted-sampler --student-init-ckpt ablation_experiments/h1/results/run_20260327_131013/ablation1_sweep/trials/trial_0004_A/ablation1_student_only_tcn_attn_weld_seam_windows_ws5_tf75_pg0_h1_ep80_lr0.00015_bs96_seed156/best_student_only.pth --student-init-mode shape_safe
Command: /usr/bin/python /home/huang_kai/wind_turbine_phm/PHOENIX-main/autoencoder_benchmark/ablation_experiments/ablation3_joint_tcn_attn/scripts/train_ablation3_joint_tcn_attn.py --dataset-npz Data/processed_data/weld_seam_windows_ws5_tf75_pg0_h1.npz --output-dir ablation_experiments/h1/results/run_20260327_131013/ablation3_joint_tcn_attn/ablation3_h1_scan90_run_20260327_131013/stage1/s1_l4_o3_c0 --epochs 80 --batch-size 128 --lr-teacher 0.0002 --lr-student 0.0003 --weight-decay 0.0002 --seed 14 --num-workers 0 --checkpoint-metric test_acc --temperature 2.5 --lambda-ce 0.9 --lambda-kd 1.1 --lambda-feat 0.0 --freeze-teacher-epochs 0 --teacher-tcn-kernel 3 --teacher-tcn-layers 3 --teacher-tcn-channels 64,64,64 --teacher-tcn-dropout 0.08 --teacher-tcn-dilation-base 2 --teacher-classifier-hidden 64 --teacher-classifier-dropout 0.4 --teacher-attn-heads 4 --teacher-attn-dropout 0.1 --teacher-attn-ff-dim 128 --teacher-init-ckpt /home/huang_kai/wind_turbine_phm/PHOENIX-main/autoencoder_benchmark/outputs/teacher_h1_scan98_gpu1_v2/runs/single_tcn_attn_weld_seam_windows_ws5_tf75_pg0_h1_ep60_lr0.0003_bs128_k3_l3_d0.08_lat64_wd0.00015_seed14/best_single_tcn.pth --teacher-init-mode strict --student-tcn-layers 3 --student-tcn-dropout 0.12 --student-classifier-hidden 64 --student-classifier-dropout 0.3 --student-attn-dropout 0.05 --student-attn-ff-dim 128 --student-tcn-dilation-base 1 --weighted-sampler --student-init-ckpt ablation_experiments/h1/results/run_20260327_131013/ablation1_sweep/trials/trial_0004_A/ablation1_student_only_tcn_attn_weld_seam_windows_ws5_tf75_pg0_h1_ep80_lr0.00015_bs96_seed156/best_student_only.pth --student-init-mode shape_safe
Command: /usr/bin/python /home/huang_kai/wind_turbine_phm/PHOENIX-main/autoencoder_benchmark/ablation_experiments/ablation3_joint_tcn_attn/scripts/train_ablation3_joint_tcn_attn.py --dataset-npz Data/processed_data/weld_seam_windows_ws5_tf75_pg0_h1.npz --output-dir ablation_experiments/h1/results/run_20260327_131013/ablation3_joint_tcn_attn/ablation3_h1_scan90_run_20260327_131013/stage1/s1_l4_o3_c7 --epochs 80 --batch-size 128 --lr-teacher 0.0002 --lr-student 0.0003 --weight-decay 0.0002 --seed 14 --num-workers 0 --checkpoint-metric test_acc --temperature 2.5 --lambda-ce 0.9 --lambda-kd 1.1 --lambda-feat 0.0 --freeze-teacher-epochs 0 --teacher-tcn-kernel 3 --teacher-tcn-layers 3 --teacher-tcn-channels 64,64,64 --teacher-tcn-dropout 0.08 --teacher-tcn-dilation-base 2 --teacher-classifier-hidden 64 --teacher-classifier-dropout 0.4 --teacher-attn-heads 4 --teacher-attn-dropout 0.1 --teacher-attn-ff-dim 128 --teacher-init-ckpt /home/huang_kai/wind_turbine_phm/PHOENIX-main/autoencoder_benchmark/outputs/teacher_h1_scan98_gpu1_v2/runs/single_tcn_attn_weld_seam_windows_ws5_tf75_pg0_h1_ep60_lr0.0003_bs128_k3_l3_d0.08_lat64_wd0.00015_seed14/best_single_tcn.pth --teacher-init-mode strict --student-tcn-layers 3 --student-tcn-dropout 0.12 --student-classifier-hidden 64 --student-classifier-dropout 0.3 --student-attn-dropout 0.05 --student-attn-ff-dim 128 --student-tcn-dilation-base 1 --weighted-sampler --student-init-ckpt ablation_experiments/h1/results/run_20260327_131013/ablation1_sweep/trials/trial_0004_A/ablation1_student_only_tcn_attn_weld_seam_windows_ws5_tf75_pg0_h1_ep80_lr0.00015_bs96_seed156/best_student_only.pth --student-init-mode shape_safe
Command: Traceback (most recent call last):
  File "/home/huang_kai/wind_turbine_phm/PHOENIX-main/autoencoder_benchmark/ablation_experiments/ablation3_joint_tcn_attn/scripts/train_ablation3_joint_tcn_attn.py", line 740, in <module>
    main()
  File "/home/huang_kai/wind_turbine_phm/PHOENIX-main/autoencoder_benchmark/ablation_experiments/ablation3_joint_tcn_attn/scripts/train_ablation3_joint_tcn_attn.py", line 371, in main
    teacher_init_summary = load_model_init_weights(
  File "/home/huang_kai/wind_turbine_phm/PHOENIX-main/autoencoder_benchmark/training_utils.py", line 57, in load_model_init_weights
    model.load_state_dict(state_dict, strict=True)
  File "/usr/local/lib/python3.10/dist-packages/torch/nn/modules/module.py", line 2581, in load_state_dict
    raise RuntimeError(
RuntimeError: Error(s) in loading state_dict for AttentionTCNClassifier:
	size mismatch for input_proj.0.weight: copying a param with shape torch.Size([64, 18, 1]) from checkpoint, the shape in current model is torch.Size([80, 18, 1]).
	size mismatch for input_proj.1.weight: copying a param with shape torch.Size([64]) from checkpoint, the shape in current model is torch.Size([80]).
	size mismatch for input_proj.1.bias: copying a param with shape torch.Size([64]) from checkpoint, the shape in current model is torch.Size([80]).
	size mismatch for input_proj.1.running_mean: copying a param with shape torch.Size([64]) from checkpoint, the shape in current model is torch.Size([80]).
	size mismatch for input_proj.1.running_var: copying a param with shape torch.Size([64]) from checkpoint, the shape in current model is torch.Size([80]).
	size mismatch for tcn.0.net.0.weight: copying a param with shape torch.Size([64, 64, 3]) from checkpoint, the shape in current model is torch.Size([80, 80, 3]).
	size mismatch for tcn.0.net.1.weight: copying a param with shape torch.Size([64]) from checkpoint, the shape in current model is torch.Size([80]).
	size mismatch for tcn.0.net.1.bias: copying a param with shape torch.Size([64]) from checkpoint, the shape in current model is torch.Size([80]).
	size mismatch for tcn.0.net.1.running_mean: copying a param with shape torch.Size([64]) from checkpoint, the shape in current model is torch.Size([80]).
	size mismatch for tcn.0.net.1.running_var: copying a param with shape torch.Size([64]) from checkpoint, the shape in current model is torch.Size([80]).
	size mismatch for tcn.0.net.4.weight: copying a param with shape torch.Size([64, 64, 3]) from checkpoint, the shape in current model is torch.Size([80, 80, 3]).
	size mismatch for tcn.0.net.5.weight: copying a param with shape torch.Size([64]) from checkpoint, the shape in current model is torch.Size([80]).
	size mismatch for tcn.0.net.5.bias: copying a param with shape torch.Size([64]) from checkpoint, the shape in current model is torch.Size([80]).
	size mismatch for tcn.0.net.5.running_mean: copying a param with shape torch.Size([64]) from checkpoint, the shape in current model is torch.Size([80]).
	size mismatch for tcn.0.net.5.running_var: copying a param with shape torch.Size([64]) from checkpoint, the shape in current model is torch.Size([80]).
	size mismatch for tcn.1.net.0.weight: copying a param with shape torch.Size([64, 64, 3]) from checkpoint, the shape in current model is torch.Size([80, 80, 3]).
	size mismatch for tcn.1.net.1.weight: copying a param with shape torch.Size([64]) from checkpoint, the shape in current model is torch.Size([80]).
	size mismatch for tcn.1.net.1.bias: copying a param with shape torch.Size([64]) from checkpoint, the shape in current model is torch.Size([80]).
	size mismatch for tcn.1.net.1.running_mean: copying a param with shape torch.Size([64]) from checkpoint, the shape in current model is torch.Size([80]).
	size mismatch for tcn.1.net.1.running_var: copying a param with shape torch.Size([64]) from checkpoint, the shape in current model is torch.Size([80]).
	size mismatch for tcn.1.net.4.weight: copying a param with shape torch.Size([64, 64, 3]) from checkpoint, the shape in current model is torch.Size([80, 80, 3]).
	size mismatch for tcn.1.net.5.weight: copying a param with shape torch.Size([64]) from checkpoint, the shape in current model is torch.Size([80]).
	size mismatch for tcn.1.net.5.bias: copying a param with shape torch.Size([64]) from checkpoint, the shape in current model is torch.Size([80]).
	size mismatch for tcn.1.net.5.running_mean: copying a param with shape torch.Size([64]) from checkpoint, the shape in current model is torch.Size([80]).
	size mismatch for tcn.1.net.5.running_var: copying a param with shape torch.Size([64]) from checkpoint, the shape in current model is torch.Size([80]).
	size mismatch for tcn.2.net.0.weight: copying a param with shape torch.Size([64, 64, 3]) from checkpoint, the shape in current model is torch.Size([80, 80, 3]).
	size mismatch for tcn.2.net.1.weight: copying a param with shape torch.Size([64]) from checkpoint, the shape in current model is torch.Size([80]).
	size mismatch for tcn.2.net.1.bias: copying a param with shape torch.Size([64]) from checkpoint, the shape in current model is torch.Size([80]).
	size mismatch for tcn.2.net.1.running_mean: copying a param with shape torch.Size([64]) from checkpoint, the shape in current model is torch.Size([80]).
	size mismatch for tcn.2.net.1.running_var: copying a param with shape torch.Size([64]) from checkpoint, the shape in current model is torch.Size([80]).
	size mismatch for tcn.2.net.4.weight: copying a param with shape torch.Size([64, 64, 3]) from checkpoint, the shape in current model is torch.Size([80, 80, 3]).
	size mismatch for tcn.2.net.5.weight: copying a param with shape torch.Size([64]) from checkpoint, the shape in current model is torch.Size([80]).
	size mismatch for tcn.2.net.5.bias: copying a param with shape torch.Size([64]) from checkpoint, the shape in current model is torch.Size([80]).
	size mismatch for tcn.2.net.5.running_mean: copying a param with shape torch.Size([64]) from checkpoint, the shape in current model is torch.Size([80]).
	size mismatch for tcn.2.net.5.running_var: copying a param with shape torch.Size([64]) from checkpoint, the shape in current model is torch.Size([80]).
	size mismatch for attn.in_proj_weight: copying a param with shape torch.Size([192, 64]) from checkpoint, the shape in current model is torch.Size([240, 80]).
	size mismatch for attn.in_proj_bias: copying a param with shape torch.Size([192]) from checkpoint, the shape in current model is torch.Size([240]).
	size mismatch for attn.out_proj.weight: copying a param with shape torch.Size([64, 64]) from checkpoint, the shape in current model is torch.Size([80, 80]).
	size mismatch for attn.out_proj.bias: copying a param with shape torch.Size([64]) from checkpoint, the shape in current model is torch.Size([80]).
	size mismatch for ln1.weight: copying a param with shape torch.Size([64]) from checkpoint, the shape in current model is torch.Size([80]).
	size mismatch for ln1.bias: copying a param with shape torch.Size([64]) from checkpoint, the shape in current model is torch.Size([80]).
	size mismatch for ff.0.weight: copying a param with shape torch.Size([128, 64]) from checkpoint, the shape in current model is torch.Size([128, 80]).
	size mismatch for ff.3.weight: copying a param with shape torch.Size([64, 128]) from checkpoint, the shape in current model is torch.Size([80, 128]).
	size mismatch for ff.3.bias: copying a param with shape torch.Size([64]) from checkpoint, the shape in current model is torch.Size([80]).
	size mismatch for ln2.weight: copying a param with shape torch.Size([64]) from checkpoint, the shape in current model is torch.Size([80]).
	size mismatch for ln2.bias: copying a param with shape torch.Size([64]) from checkpoint, the shape in current model is torch.Size([80]).
	size mismatch for classifier.1.weight: copying a param with shape torch.Size([64, 128]) from checkpoint, the shape in current model is torch.Size([64, 160]).
Traceback (most recent call last):
  File "/home/huang_kai/wind_turbine_phm/PHOENIX-main/autoencoder_benchmark/ablation_experiments/ablation3_joint_tcn_attn/scripts/train_ablation3_joint_tcn_attn.py", line 740, in <module>
    main()
  File "/home/huang_kai/wind_turbine_phm/PHOENIX-main/autoencoder_benchmark/ablation_experiments/ablation3_joint_tcn_attn/scripts/train_ablation3_joint_tcn_attn.py", line 371, in main
    teacher_init_summary = load_model_init_weights(
  File "/home/huang_kai/wind_turbine_phm/PHOENIX-main/autoencoder_benchmark/training_utils.py", line 57, in load_model_init_weights
    model.load_state_dict(state_dict, strict=True)
  File "/usr/local/lib/python3.10/dist-packages/torch/nn/modules/module.py", line 2581, in load_state_dict
    raise RuntimeError(
RuntimeError: Error(s) in loading state_dict for AttentionTCNClassifier:
	size mismatch for input_proj.0.weight: copying a param with shape torch.Size([64, 18, 1]) from checkpoint, the shape in current model is torch.Size([80, 18, 1]).
	size mismatch for input_proj.1.weight: copying a param with shape torch.Size([64]) from checkpoint, the shape in current model is torch.Size([80]).
	size mismatch for input_proj.1.bias: copying a param with shape torch.Size([64]) from checkpoint, the shape in current model is torch.Size([80]).
	size mismatch for input_proj.1.running_mean: copying a param with shape torch.Size([64]) from checkpoint, the shape in current model is torch.Size([80]).
	size mismatch for input_proj.1.running_var: copying a param with shape torch.Size([64]) from checkpoint, the shape in current model is torch.Size([80]).
	size mismatch for tcn.0.net.0.weight: copying a param with shape torch.Size([64, 64, 3]) from checkpoint, the shape in current model is torch.Size([80, 80, 3]).
	size mismatch for tcn.0.net.1.weight: copying a param with shape torch.Size([64]) from checkpoint, the shape in current model is torch.Size([80]).
	size mismatch for tcn.0.net.1.bias: copying a param with shape torch.Size([64]) from checkpoint, the shape in current model is torch.Size([80]).
	size mismatch for tcn.0.net.1.running_mean: copying a param with shape torch.Size([64]) from checkpoint, the shape in current model is torch.Size([80]).
	size mismatch for tcn.0.net.1.running_var: copying a param with shape torch.Size([64]) from checkpoint, the shape in current model is torch.Size([80]).
	size mismatch for tcn.0.net.4.weight: copying a param with shape torch.Size([64, 64, 3]) from checkpoint, the shape in current model is torch.Size([80, 80, 3]).
	size mismatch for tcn.0.net.5.weight: copying a param with shape torch.Size([64]) from checkpoint, the shape in current model is torch.Size([80]).
	size mismatch for tcn.0.net.5.bias: copying a param with shape torch.Size([64]) from checkpoint, the shape in current model is torch.Size([80]).
	size mismatch for tcn.0.net.5.running_mean: copying a param with shape torch.Size([64]) from checkpoint, the shape in current model is torch.Size([80]).
	size mismatch for tcn.0.net.5.running_var: copying a param with shape torch.Size([64]) from checkpoint, the shape in current model is torch.Size([80]).
	size mismatch for tcn.1.net.0.weight: copying a param with shape torch.Size([64, 64, 3]) from checkpoint, the shape in current model is torch.Size([80, 80, 3]).
	size mismatch for tcn.1.net.1.weight: copying a param with shape torch.Size([64]) from checkpoint, the shape in current model is torch.Size([80]).
	size mismatch for tcn.1.net.1.bias: copying a param with shape torch.Size([64]) from checkpoint, the shape in current model is torch.Size([80]).
	size mismatch for tcn.1.net.1.running_mean: copying a param with shape torch.Size([64]) from checkpoint, the shape in current model is torch.Size([80]).
	size mismatch for tcn.1.net.1.running_var: copying a param with shape torch.Size([64]) from checkpoint, the shape in current model is torch.Size([80]).
	size mismatch for tcn.1.net.4.weight: copying a param with shape torch.Size([64, 64, 3]) from checkpoint, the shape in current model is torch.Size([80, 80, 3]).
	size mismatch for tcn.1.net.5.weight: copying a param with shape torch.Size([64]) from checkpoint, the shape in current model is torch.Size([80]).
	size mismatch for tcn.1.net.5.bias: copying a param with shape torch.Size([64]) from checkpoint, the shape in current model is torch.Size([80]).
	size mismatch for tcn.1.net.5.running_mean: copying a param with shape torch.Size([64]) from checkpoint, the shape in current model is torch.Size([80]).
	size mismatch for tcn.1.net.5.running_var: copying a param with shape torch.Size([64]) from checkpoint, the shape in current model is torch.Size([80]).
	size mismatch for tcn.2.net.0.weight: copying a param with shape torch.Size([64, 64, 3]) from checkpoint, the shape in current model is torch.Size([80, 80, 3]).
	size mismatch for tcn.2.net.1.weight: copying a param with shape torch.Size([64]) from checkpoint, the shape in current model is torch.Size([80]).
	size mismatch for tcn.2.net.1.bias: copying a param with shape torch.Size([64]) from checkpoint, the shape in current model is torch.Size([80]).
	size mismatch for tcn.2.net.1.running_mean: copying a param with shape torch.Size([64]) from checkpoint, the shape in current model is torch.Size([80]).
	size mismatch for tcn.2.net.1.running_var: copying a param with shape torch.Size([64]) from checkpoint, the shape in current model is torch.Size([80]).
	size mismatch for tcn.2.net.4.weight: copying a param with shape torch.Size([64, 64, 3]) from checkpoint, the shape in current model is torch.Size([80, 80, 3]).
	size mismatch for tcn.2.net.5.weight: copying a param with shape torch.Size([64]) from checkpoint, the shape in current model is torch.Size([80]).
	size mismatch for tcn.2.net.5.bias: copying a param with shape torch.Size([64]) from checkpoint, the shape in current model is torch.Size([80]).
	size mismatch for tcn.2.net.5.running_mean: copying a param with shape torch.Size([64]) from checkpoint, the shape in current model is torch.Size([80]).
	size mismatch for tcn.2.net.5.running_var: copying a param with shape torch.Size([64]) from checkpoint, the shape in current model is torch.Size([80]).
	size mismatch for attn.in_proj_weight: copying a param with shape torch.Size([192, 64]) from checkpoint, the shape in current model is torch.Size([240, 80]).
	size mismatch for attn.in_proj_bias: copying a param with shape torch.Size([192]) from checkpoint, the shape in current model is torch.Size([240]).
	size mismatch for attn.out_proj.weight: copying a param with shape torch.Size([64, 64]) from checkpoint, the shape in current model is torch.Size([80, 80]).
	size mismatch for attn.out_proj.bias: copying a param with shape torch.Size([64]) from checkpoint, the shape in current model is torch.Size([80]).
	size mismatch for ln1.weight: copying a param with shape torch.Size([64]) from checkpoint, the shape in current model is torch.Size([80]).
	size mismatch for ln1.bias: copying a param with shape torch.Size([64]) from checkpoint, the shape in current model is torch.Size([80]).
	size mismatch for ff.0.weight: copying a param with shape torch.Size([128, 64]) from checkpoint, the shape in current model is torch.Size([128, 80]).
	size mismatch for ff.3.weight: copying a param with shape torch.Size([64, 128]) from checkpoint, the shape in current model is torch.Size([80, 128]).
	size mismatch for ff.3.bias: copying a param with shape torch.Size([64]) from checkpoint, the shape in current model is torch.Size([80]).
	size mismatch for ln2.weight: copying a param with shape torch.Size([64]) from checkpoint, the shape in current model is torch.Size([80]).
	size mismatch for ln2.bias: copying a param with shape torch.Size([64]) from checkpoint, the shape in current model is torch.Size([80]).
	size mismatch for classifier.1.weight: copying a param with shape torch.Size([64, 128]) from checkpoint, the shape in current model is torch.Size([64, 160]).
Traceback (most recent call last):
  File "/home/huang_kai/wind_turbine_phm/PHOENIX-main/autoencoder_benchmark/ablation_experiments/ablation3_joint_tcn_attn/scripts/train_ablation3_joint_tcn_attn.py", line 740, in <module>
    main()
  File "/home/huang_kai/wind_turbine_phm/PHOENIX-main/autoencoder_benchmark/ablation_experiments/ablation3_joint_tcn_attn/scripts/train_ablation3_joint_tcn_attn.py", line 371, in main
    teacher_init_summary = load_model_init_weights(
  File "/home/huang_kai/wind_turbine_phm/PHOENIX-main/autoencoder_benchmark/training_utils.py", line 57, in load_model_init_weights
    model.load_state_dict(state_dict, strict=True)
  File "/usr/local/lib/python3.10/dist-packages/torch/nn/modules/module.py", line 2581, in load_state_dict
    raise RuntimeError(
RuntimeError: Error(s) in loading state_dict for AttentionTCNClassifier:
	size mismatch for input_proj.0.weight: copying a param with shape torch.Size([64, 18, 1]) from checkpoint, the shape in current model is torch.Size([80, 18, 1]).
	size mismatch for input_proj.1.weight: copying a param with shape torch.Size([64]) from checkpoint, the shape in current model is torch.Size([80]).
	size mismatch for input_proj.1.bias: copying a param with shape torch.Size([64]) from checkpoint, the shape in current model is torch.Size([80]).
	size mismatch for input_proj.1.running_mean: copying a param with shape torch.Size([64]) from checkpoint, the shape in current model is torch.Size([80]).
	size mismatch for input_proj.1.running_var: copying a param with shape torch.Size([64]) from checkpoint, the shape in current model is torch.Size([80]).
	size mismatch for tcn.0.net.0.weight: copying a param with shape torch.Size([64, 64, 3]) from checkpoint, the shape in current model is torch.Size([80, 80, 3]).
	size mismatch for tcn.0.net.1.weight: copying a param with shape torch.Size([64]) from checkpoint, the shape in current model is torch.Size([80]).
	size mismatch for tcn.0.net.1.bias: copying a param with shape torch.Size([64]) from checkpoint, the shape in current model is torch.Size([80]).
	size mismatch for tcn.0.net.1.running_mean: copying a param with shape torch.Size([64]) from checkpoint, the shape in current model is torch.Size([80]).
	size mismatch for tcn.0.net.1.running_var: copying a param with shape torch.Size([64]) from checkpoint, the shape in current model is torch.Size([80]).
	size mismatch for tcn.0.net.4.weight: copying a param with shape torch.Size([64, 64, 3]) from checkpoint, the shape in current model is torch.Size([80, 80, 3]).
	size mismatch for tcn.0.net.5.weight: copying a param with shape torch.Size([64]) from checkpoint, the shape in current model is torch.Size([80]).
	size mismatch for tcn.0.net.5.bias: copying a param with shape torch.Size([64]) from checkpoint, the shape in current model is torch.Size([80]).
	size mismatch for tcn.0.net.5.running_mean: copying a param with shape torch.Size([64]) from checkpoint, the shape in current model is torch.Size([80]).
	size mismatch for tcn.0.net.5.running_var: copying a param with shape torch.Size([64]) from checkpoint, the shape in current model is torch.Size([80]).
	size mismatch for tcn.1.net.0.weight: copying a param with shape torch.Size([64, 64, 3]) from checkpoint, the shape in current model is torch.Size([80, 80, 3]).
	size mismatch for tcn.1.net.1.weight: copying a param with shape torch.Size([64]) from checkpoint, the shape in current model is torch.Size([80]).
	size mismatch for tcn.1.net.1.bias: copying a param with shape torch.Size([64]) from checkpoint, the shape in current model is torch.Size([80]).
	size mismatch for tcn.1.net.1.running_mean: copying a param with shape torch.Size([64]) from checkpoint, the shape in current model is torch.Size([80]).
	size mismatch for tcn.1.net.1.running_var: copying a param with shape torch.Size([64]) from checkpoint, the shape in current model is torch.Size([80]).
	size mismatch for tcn.1.net.4.weight: copying a param with shape torch.Size([64, 64, 3]) from checkpoint, the shape in current model is torch.Size([80, 80, 3]).
	size mismatch for tcn.1.net.5.weight: copying a param with shape torch.Size([64]) from checkpoint, the shape in current model is torch.Size([80]).
	size mismatch for tcn.1.net.5.bias: copying a param with shape torch.Size([64]) from checkpoint, the shape in current model is torch.Size([80]).
	size mismatch for tcn.1.net.5.running_mean: copying a param with shape torch.Size([64]) from checkpoint, the shape in current model is torch.Size([80]).
	size mismatch for tcn.1.net.5.running_var: copying a param with shape torch.Size([64]) from checkpoint, the shape in current model is torch.Size([80]).
	size mismatch for tcn.2.net.0.weight: copying a param with shape torch.Size([64, 64, 3]) from checkpoint, the shape in current model is torch.Size([80, 80, 3]).
	size mismatch for tcn.2.net.1.weight: copying a param with shape torch.Size([64]) from checkpoint, the shape in current model is torch.Size([80]).
	size mismatch for tcn.2.net.1.bias: copying a param with shape torch.Size([64]) from checkpoint, the shape in current model is torch.Size([80]).
	size mismatch for tcn.2.net.1.running_mean: copying a param with shape torch.Size([64]) from checkpoint, the shape in current model is torch.Size([80]).
	size mismatch for tcn.2.net.1.running_var: copying a param with shape torch.Size([64]) from checkpoint, the shape in current model is torch.Size([80]).
	size mismatch for tcn.2.net.4.weight: copying a param with shape torch.Size([64, 64, 3]) from checkpoint, the shape in current model is torch.Size([80, 80, 3]).
	size mismatch for tcn.2.net.5.weight: copying a param with shape torch.Size([64]) from checkpoint, the shape in current model is torch.Size([80]).
	size mismatch for tcn.2.net.5.bias: copying a param with shape torch.Size([64]) from checkpoint, the shape in current model is torch.Size([80]).
	size mismatch for tcn.2.net.5.running_mean: copying a param with shape torch.Size([64]) from checkpoint, the shape in current model is torch.Size([80]).
	size mismatch for tcn.2.net.5.running_var: copying a param with shape torch.Size([64]) from checkpoint, the shape in current model is torch.Size([80]).
	size mismatch for attn.in_proj_weight: copying a param with shape torch.Size([192, 64]) from checkpoint, the shape in current model is torch.Size([240, 80]).
	size mismatch for attn.in_proj_bias: copying a param with shape torch.Size([192]) from checkpoint, the shape in current model is torch.Size([240]).
	size mismatch for attn.out_proj.weight: copying a param with shape torch.Size([64, 64]) from checkpoint, the shape in current model is torch.Size([80, 80]).
	size mismatch for attn.out_proj.bias: copying a param with shape torch.Size([64]) from checkpoint, the shape in current model is torch.Size([80]).
	size mismatch for ln1.weight: copying a param with shape torch.Size([64]) from checkpoint, the shape in current model is torch.Size([80]).
	size mismatch for ln1.bias: copying a param with shape torch.Size([64]) from checkpoint, the shape in current model is torch.Size([80]).
	size mismatch for ff.0.weight: copying a param with shape torch.Size([128, 64]) from checkpoint, the shape in current model is torch.Size([128, 80]).
	size mismatch for ff.3.weight: copying a param with shape torch.Size([64, 128]) from checkpoint, the shape in current model is torch.Size([80, 128]).
	size mismatch for ff.3.bias: copying a param with shape torch.Size([64]) from checkpoint, the shape in current model is torch.Size([80]).
	size mismatch for ln2.weight: copying a param with shape torch.Size([64]) from checkpoint, the shape in current model is torch.Size([80]).
	size mismatch for ln2.bias: copying a param with shape torch.Size([64]) from checkpoint, the shape in current model is torch.Size([80]).
	size mismatch for classifier.1.weight: copying a param with shape torch.Size([64, 128]) from checkpoint, the shape in current model is torch.Size([64, 160]).
Traceback (most recent call last):
  File "/home/huang_kai/wind_turbine_phm/PHOENIX-main/autoencoder_benchmark/ablation_experiments/ablation3_joint_tcn_attn/scripts/train_ablation3_joint_tcn_attn.py", line 740, in <module>
    main()
  File "/home/huang_kai/wind_turbine_phm/PHOENIX-main/autoencoder_benchmark/ablation_experiments/ablation3_joint_tcn_attn/scripts/train_ablation3_joint_tcn_attn.py", line 371, in main
    teacher_init_summary = load_model_init_weights(
  File "/home/huang_kai/wind_turbine_phm/PHOENIX-main/autoencoder_benchmark/training_utils.py", line 57, in load_model_init_weights
    model.load_state_dict(state_dict, strict=True)
  File "/usr/local/lib/python3.10/dist-packages/torch/nn/modules/module.py", line 2581, in load_state_dict
    raise RuntimeError(
RuntimeError: Error(s) in loading state_dict for AttentionTCNClassifier:
	size mismatch for input_proj.0.weight: copying a param with shape torch.Size([64, 18, 1]) from checkpoint, the shape in current model is torch.Size([80, 18, 1]).
	size mismatch for input_proj.1.weight: copying a param with shape torch.Size([64]) from checkpoint, the shape in current model is torch.Size([80]).
	size mismatch for input_proj.1.bias: copying a param with shape torch.Size([64]) from checkpoint, the shape in current model is torch.Size([80]).
	size mismatch for input_proj.1.running_mean: copying a param with shape torch.Size([64]) from checkpoint, the shape in current model is torch.Size([80]).
	size mismatch for input_proj.1.running_var: copying a param with shape torch.Size([64]) from checkpoint, the shape in current model is torch.Size([80]).
	size mismatch for tcn.0.net.0.weight: copying a param with shape torch.Size([64, 64, 3]) from checkpoint, the shape in current model is torch.Size([80, 80, 3]).
	size mismatch for tcn.0.net.1.weight: copying a param with shape torch.Size([64]) from checkpoint, the shape in current model is torch.Size([80]).
	size mismatch for tcn.0.net.1.bias: copying a param with shape torch.Size([64]) from checkpoint, the shape in current model is torch.Size([80]).
	size mismatch for tcn.0.net.1.running_mean: copying a param with shape torch.Size([64]) from checkpoint, the shape in current model is torch.Size([80]).
	size mismatch for tcn.0.net.1.running_var: copying a param with shape torch.Size([64]) from checkpoint, the shape in current model is torch.Size([80]).
	size mismatch for tcn.0.net.4.weight: copying a param with shape torch.Size([64, 64, 3]) from checkpoint, the shape in current model is torch.Size([80, 80, 3]).
	size mismatch for tcn.0.net.5.weight: copying a param with shape torch.Size([64]) from checkpoint, the shape in current model is torch.Size([80]).
	size mismatch for tcn.0.net.5.bias: copying a param with shape torch.Size([64]) from checkpoint, the shape in current model is torch.Size([80]).
	size mismatch for tcn.0.net.5.running_mean: copying a param with shape torch.Size([64]) from checkpoint, the shape in current model is torch.Size([80]).
	size mismatch for tcn.0.net.5.running_var: copying a param with shape torch.Size([64]) from checkpoint, the shape in current model is torch.Size([80]).
	size mismatch for tcn.1.net.0.weight: copying a param with shape torch.Size([64, 64, 3]) from checkpoint, the shape in current model is torch.Size([80, 80, 3]).
	size mismatch for tcn.1.net.1.weight: copying a param with shape torch.Size([64]) from checkpoint, the shape in current model is torch.Size([80]).
	size mismatch for tcn.1.net.1.bias: copying a param with shape torch.Size([64]) from checkpoint, the shape in current model is torch.Size([80]).
	size mismatch for tcn.1.net.1.running_mean: copying a param with shape torch.Size([64]) from checkpoint, the shape in current model is torch.Size([80]).
	size mismatch for tcn.1.net.1.running_var: copying a param with shape torch.Size([64]) from checkpoint, the shape in current model is torch.Size([80]).
	size mismatch for tcn.1.net.4.weight: copying a param with shape torch.Size([64, 64, 3]) from checkpoint, the shape in current model is torch.Size([80, 80, 3]).
	size mismatch for tcn.1.net.5.weight: copying a param with shape torch.Size([64]) from checkpoint, the shape in current model is torch.Size([80]).
	size mismatch for tcn.1.net.5.bias: copying a param with shape torch.Size([64]) from checkpoint, the shape in current model is torch.Size([80]).
	size mismatch for tcn.1.net.5.running_mean: copying a param with shape torch.Size([64]) from checkpoint, the shape in current model is torch.Size([80]).
	size mismatch for tcn.1.net.5.running_var: copying a param with shape torch.Size([64]) from checkpoint, the shape in current model is torch.Size([80]).
	size mismatch for tcn.2.net.0.weight: copying a param with shape torch.Size([64, 64, 3]) from checkpoint, the shape in current model is torch.Size([80, 80, 3]).
	size mismatch for tcn.2.net.1.weight: copying a param with shape torch.Size([64]) from checkpoint, the shape in current model is torch.Size([80]).
	size mismatch for tcn.2.net.1.bias: copying a param with shape torch.Size([64]) from checkpoint, the shape in current model is torch.Size([80]).
	size mismatch for tcn.2.net.1.running_mean: copying a param with shape torch.Size([64]) from checkpoint, the shape in current model is torch.Size([80]).
	size mismatch for tcn.2.net.1.running_var: copying a param with shape torch.Size([64]) from checkpoint, the shape in current model is torch.Size([80]).
	size mismatch for tcn.2.net.4.weight: copying a param with shape torch.Size([64, 64, 3]) from checkpoint, the shape in current model is torch.Size([80, 80, 3]).
	size mismatch for tcn.2.net.5.weight: copying a param with shape torch.Size([64]) from checkpoint, the shape in current model is torch.Size([80]).
	size mismatch for tcn.2.net.5.bias: copying a param with shape torch.Size([64]) from checkpoint, the shape in current model is torch.Size([80]).
	size mismatch for tcn.2.net.5.running_mean: copying a param with shape torch.Size([64]) from checkpoint, the shape in current model is torch.Size([80]).
	size mismatch for tcn.2.net.5.running_var: copying a param with shape torch.Size([64]) from checkpoint, the shape in current model is torch.Size([80]).
	size mismatch for attn.in_proj_weight: copying a param with shape torch.Size([192, 64]) from checkpoint, the shape in current model is torch.Size([240, 80]).
	size mismatch for attn.in_proj_bias: copying a param with shape torch.Size([192]) from checkpoint, the shape in current model is torch.Size([240]).
	size mismatch for attn.out_proj.weight: copying a param with shape torch.Size([64, 64]) from checkpoint, the shape in current model is torch.Size([80, 80]).
	size mismatch for attn.out_proj.bias: copying a param with shape torch.Size([64]) from checkpoint, the shape in current model is torch.Size([80]).
	size mismatch for ln1.weight: copying a param with shape torch.Size([64]) from checkpoint, the shape in current model is torch.Size([80]).
	size mismatch for ln1.bias: copying a param with shape torch.Size([64]) from checkpoint, the shape in current model is torch.Size([80]).
	size mismatch for ff.0.weight: copying a param with shape torch.Size([128, 64]) from checkpoint, the shape in current model is torch.Size([128, 80]).
	size mismatch for ff.3.weight: copying a param with shape torch.Size([64, 128]) from checkpoint, the shape in current model is torch.Size([80, 128]).
	size mismatch for ff.3.bias: copying a param with shape torch.Size([64]) from checkpoint, the shape in current model is torch.Size([80]).
	size mismatch for ln2.weight: copying a param with shape torch.Size([64]) from checkpoint, the shape in current model is torch.Size([80]).
	size mismatch for ln2.bias: copying a param with shape torch.Size([64]) from checkpoint, the shape in current model is torch.Size([80]).
	size mismatch for classifier.1.weight: copying a param with shape torch.Size([64, 128]) from checkpoint, the shape in current model is torch.Size([64, 160]).
/usr/bin/python /home/huang_kai/wind_turbine_phm/PHOENIX-main/autoencoder_benchmark/ablation_experiments/ablation3_joint_tcn_attn/scripts/train_ablation3_joint_tcn_attn.py --dataset-npz Data/processed_data/weld_seam_windows_ws5_tf75_pg0_h1.npz --output-dir ablation_experiments/h1/results/run_20260327_131013/ablation3_joint_tcn_attn/ablation3_h1_scan90_run_20260327_131013/stage1/s1_l4p_o1_c0 --epochs 80 --batch-size 128 --lr-teacher 0.0001 --lr-student 0.0002 --weight-decay 0.00015 --seed 14 --num-workers 0 --checkpoint-metric test_acc --temperature 2.0 --lambda-ce 0.9 --lambda-kd 1.2 --lambda-feat 0.1 --freeze-teacher-epochs 0 --teacher-tcn-kernel 3 --teacher-tcn-layers 3 --teacher-tcn-channels 64,64,64 --teacher-tcn-dropout 0.08 --teacher-tcn-dilation-base 2 --teacher-classifier-hidden 64 --teacher-classifier-dropout 0.4 --teacher-attn-heads 4 --teacher-attn-dropout 0.1 --teacher-attn-ff-dim 128 --teacher-init-ckpt /home/huang_kai/wind_turbine_phm/PHOENIX-main/autoencoder_benchmark/outputs/teacher_h1_scan98_gpu1_v2/runs/single_tcn_attn_weld_seam_windows_ws5_tf75_pg0_h1_ep60_lr0.0003_bs128_k3_l3_d0.08_lat64_wd0.00015_seed14/best_single_tcn.pth --teacher-init-mode strict --student-tcn-layers 3 --student-tcn-dropout 0.12 --student-classifier-hidden 64 --student-classifier-dropout 0.3 --student-attn-dropout 0.05 --student-attn-ff-dim 128 --student-tcn-dilation-base 1 --weighted-sampler --student-init-ckpt ablation_experiments/h1/results/run_20260327_131013/ablation1_sweep/trials/trial_0004_A/ablation1_student_only_tcn_attn_weld_seam_windows_ws5_tf75_pg0_h1_ep80_lr0.00015_bs96_seed156/best_student_only.pth --student-init-mode shape_safe
Command: /usr/bin/python /home/huang_kai/wind_turbine_phm/PHOENIX-main/autoencoder_benchmark/ablation_experiments/ablation3_joint_tcn_attn/scripts/train_ablation3_joint_tcn_attn.py --dataset-npz Data/processed_data/weld_seam_windows_ws5_tf75_pg0_h1.npz --output-dir ablation_experiments/h1/results/run_20260327_131013/ablation3_joint_tcn_attn/ablation3_h1_scan90_run_20260327_131013/stage1/s1_l4p_o1_c7 --epochs 80 --batch-size 128 --lr-teacher 0.0001 --lr-student 0.0002 --weight-decay 0.00015 --seed 14 --num-workers 0 --checkpoint-metric test_acc --temperature 2.0 --lambda-ce 0.9 --lambda-kd 1.2 --lambda-feat 0.1 --freeze-teacher-epochs 0 --teacher-tcn-kernel 3 --teacher-tcn-layers 3 --teacher-tcn-channels 64,64,64 --teacher-tcn-dropout 0.08 --teacher-tcn-dilation-base 2 --teacher-classifier-hidden 64 --teacher-classifier-dropout 0.4 --teacher-attn-heads 4 --teacher-attn-dropout 0.1 --teacher-attn-ff-dim 128 --teacher-init-ckpt /home/huang_kai/wind_turbine_phm/PHOENIX-main/autoencoder_benchmark/outputs/teacher_h1_scan98_gpu1_v2/runs/single_tcn_attn_weld_seam_windows_ws5_tf75_pg0_h1_ep60_lr0.0003_bs128_k3_l3_d0.08_lat64_wd0.00015_seed14/best_single_tcn.pth --teacher-init-mode strict --student-tcn-layers 3 --student-tcn-dropout 0.12 --student-classifier-hidden 64 --student-classifier-dropout 0.3 --student-attn-dropout 0.05 --student-attn-ff-dim 128 --student-tcn-dilation-base 1 --weighted-sampler --student-init-ckpt ablation_experiments/h1/results/run_20260327_131013/ablation1_sweep/trials/trial_0004_A/ablation1_student_only_tcn_attn_weld_seam_windows_ws5_tf75_pg0_h1_ep80_lr0.00015_bs96_seed156/best_student_only.pth --student-init-mode shape_safe
Command: /usr/bin/python /home/huang_kai/wind_turbine_phm/PHOENIX-main/autoencoder_benchmark/ablation_experiments/ablation3_joint_tcn_attn/scripts/train_ablation3_joint_tcn_attn.py --dataset-npz Data/processed_data/weld_seam_windows_ws5_tf75_pg0_h1.npz --output-dir ablation_experiments/h1/results/run_20260327_131013/ablation3_joint_tcn_attn/ablation3_h1_scan90_run_20260327_131013/stage1/s1_l4p_o2_c0 --epochs 80 --batch-size 128 --lr-teacher 0.0001 --lr-student 0.0003 --weight-decay 0.00015 --seed 14 --num-workers 0 --checkpoint-metric test_acc --temperature 2.0 --lambda-ce 0.9 --lambda-kd 1.2 --lambda-feat 0.1 --freeze-teacher-epochs 0 --teacher-tcn-kernel 3 --teacher-tcn-layers 3 --teacher-tcn-channels 64,64,64 --teacher-tcn-dropout 0.08 --teacher-tcn-dilation-base 2 --teacher-classifier-hidden 64 --teacher-classifier-dropout 0.4 --teacher-attn-heads 4 --teacher-attn-dropout 0.1 --teacher-attn-ff-dim 128 --teacher-init-ckpt /home/huang_kai/wind_turbine_phm/PHOENIX-main/autoencoder_benchmark/outputs/teacher_h1_scan98_gpu1_v2/runs/single_tcn_attn_weld_seam_windows_ws5_tf75_pg0_h1_ep60_lr0.0003_bs128_k3_l3_d0.08_lat64_wd0.00015_seed14/best_single_tcn.pth --teacher-init-mode strict --student-tcn-layers 3 --student-tcn-dropout 0.12 --student-classifier-hidden 64 --student-classifier-dropout 0.3 --student-attn-dropout 0.05 --student-attn-ff-dim 128 --student-tcn-dilation-base 1 --weighted-sampler --student-init-ckpt ablation_experiments/h1/results/run_20260327_131013/ablation1_sweep/trials/trial_0004_A/ablation1_student_only_tcn_attn_weld_seam_windows_ws5_tf75_pg0_h1_ep80_lr0.00015_bs96_seed156/best_student_only.pth --student-init-mode shape_safe
Command: /usr/bin/python /home/huang_kai/wind_turbine_phm/PHOENIX-main/autoencoder_benchmark/ablation_experiments/ablation3_joint_tcn_attn/scripts/train_ablation3_joint_tcn_attn.py --dataset-npz Data/processed_data/weld_seam_windows_ws5_tf75_pg0_h1.npz --output-dir ablation_experiments/h1/results/run_20260327_131013/ablation3_joint_tcn_attn/ablation3_h1_scan90_run_20260327_131013/stage1/s1_l4p_o2_c7 --epochs 80 --batch-size 128 --lr-teacher 0.0001 --lr-student 0.0003 --weight-decay 0.00015 --seed 14 --num-workers 0 --checkpoint-metric test_acc --temperature 2.0 --lambda-ce 0.9 --lambda-kd 1.2 --lambda-feat 0.1 --freeze-teacher-epochs 0 --teacher-tcn-kernel 3 --teacher-tcn-layers 3 --teacher-tcn-channels 64,64,64 --teacher-tcn-dropout 0.08 --teacher-tcn-dilation-base 2 --teacher-classifier-hidden 64 --teacher-classifier-dropout 0.4 --teacher-attn-heads 4 --teacher-attn-dropout 0.1 --teacher-attn-ff-dim 128 --teacher-init-ckpt /home/huang_kai/wind_turbine_phm/PHOENIX-main/autoencoder_benchmark/outputs/teacher_h1_scan98_gpu1_v2/runs/single_tcn_attn_weld_seam_windows_ws5_tf75_pg0_h1_ep60_lr0.0003_bs128_k3_l3_d0.08_lat64_wd0.00015_seed14/best_single_tcn.pth --teacher-init-mode strict --student-tcn-layers 3 --student-tcn-dropout 0.12 --student-classifier-hidden 64 --student-classifier-dropout 0.3 --student-attn-dropout 0.05 --student-attn-ff-dim 128 --student-tcn-dilation-base 1 --weighted-sampler --student-init-ckpt ablation_experiments/h1/results/run_20260327_131013/ablation1_sweep/trials/trial_0004_A/ablation1_student_only_tcn_attn_weld_seam_windows_ws5_tf75_pg0_h1_ep80_lr0.00015_bs96_seed156/best_student_only.pth --student-init-mode shape_safe
Command: Traceback (most recent call last):
  File "/home/huang_kai/wind_turbine_phm/PHOENIX-main/autoencoder_benchmark/ablation_experiments/ablation3_joint_tcn_attn/scripts/train_ablation3_joint_tcn_attn.py", line 740, in <module>
    main()
  File "/home/huang_kai/wind_turbine_phm/PHOENIX-main/autoencoder_benchmark/ablation_experiments/ablation3_joint_tcn_attn/scripts/train_ablation3_joint_tcn_attn.py", line 371, in main
    teacher_init_summary = load_model_init_weights(
  File "/home/huang_kai/wind_turbine_phm/PHOENIX-main/autoencoder_benchmark/training_utils.py", line 57, in load_model_init_weights
    model.load_state_dict(state_dict, strict=True)
  File "/usr/local/lib/python3.10/dist-packages/torch/nn/modules/module.py", line 2581, in load_state_dict
    raise RuntimeError(
RuntimeError: Error(s) in loading state_dict for AttentionTCNClassifier:
	size mismatch for input_proj.0.weight: copying a param with shape torch.Size([64, 18, 1]) from checkpoint, the shape in current model is torch.Size([80, 18, 1]).
	size mismatch for input_proj.1.weight: copying a param with shape torch.Size([64]) from checkpoint, the shape in current model is torch.Size([80]).
	size mismatch for input_proj.1.bias: copying a param with shape torch.Size([64]) from checkpoint, the shape in current model is torch.Size([80]).
	size mismatch for input_proj.1.running_mean: copying a param with shape torch.Size([64]) from checkpoint, the shape in current model is torch.Size([80]).
	size mismatch for input_proj.1.running_var: copying a param with shape torch.Size([64]) from checkpoint, the shape in current model is torch.Size([80]).
	size mismatch for tcn.0.net.0.weight: copying a param with shape torch.Size([64, 64, 3]) from checkpoint, the shape in current model is torch.Size([80, 80, 3]).
	size mismatch for tcn.0.net.1.weight: copying a param with shape torch.Size([64]) from checkpoint, the shape in current model is torch.Size([80]).
	size mismatch for tcn.0.net.1.bias: copying a param with shape torch.Size([64]) from checkpoint, the shape in current model is torch.Size([80]).
	size mismatch for tcn.0.net.1.running_mean: copying a param with shape torch.Size([64]) from checkpoint, the shape in current model is torch.Size([80]).
	size mismatch for tcn.0.net.1.running_var: copying a param with shape torch.Size([64]) from checkpoint, the shape in current model is torch.Size([80]).
	size mismatch for tcn.0.net.4.weight: copying a param with shape torch.Size([64, 64, 3]) from checkpoint, the shape in current model is torch.Size([80, 80, 3]).
	size mismatch for tcn.0.net.5.weight: copying a param with shape torch.Size([64]) from checkpoint, the shape in current model is torch.Size([80]).
	size mismatch for tcn.0.net.5.bias: copying a param with shape torch.Size([64]) from checkpoint, the shape in current model is torch.Size([80]).
	size mismatch for tcn.0.net.5.running_mean: copying a param with shape torch.Size([64]) from checkpoint, the shape in current model is torch.Size([80]).
	size mismatch for tcn.0.net.5.running_var: copying a param with shape torch.Size([64]) from checkpoint, the shape in current model is torch.Size([80]).
	size mismatch for tcn.1.net.0.weight: copying a param with shape torch.Size([64, 64, 3]) from checkpoint, the shape in current model is torch.Size([80, 80, 3]).
	size mismatch for tcn.1.net.1.weight: copying a param with shape torch.Size([64]) from checkpoint, the shape in current model is torch.Size([80]).
	size mismatch for tcn.1.net.1.bias: copying a param with shape torch.Size([64]) from checkpoint, the shape in current model is torch.Size([80]).
	size mismatch for tcn.1.net.1.running_mean: copying a param with shape torch.Size([64]) from checkpoint, the shape in current model is torch.Size([80]).
	size mismatch for tcn.1.net.1.running_var: copying a param with shape torch.Size([64]) from checkpoint, the shape in current model is torch.Size([80]).
	size mismatch for tcn.1.net.4.weight: copying a param with shape torch.Size([64, 64, 3]) from checkpoint, the shape in current model is torch.Size([80, 80, 3]).
	size mismatch for tcn.1.net.5.weight: copying a param with shape torch.Size([64]) from checkpoint, the shape in current model is torch.Size([80]).
	size mismatch for tcn.1.net.5.bias: copying a param with shape torch.Size([64]) from checkpoint, the shape in current model is torch.Size([80]).
	size mismatch for tcn.1.net.5.running_mean: copying a param with shape torch.Size([64]) from checkpoint, the shape in current model is torch.Size([80]).
	size mismatch for tcn.1.net.5.running_var: copying a param with shape torch.Size([64]) from checkpoint, the shape in current model is torch.Size([80]).
	size mismatch for tcn.2.net.0.weight: copying a param with shape torch.Size([64, 64, 3]) from checkpoint, the shape in current model is torch.Size([80, 80, 3]).
	size mismatch for tcn.2.net.1.weight: copying a param with shape torch.Size([64]) from checkpoint, the shape in current model is torch.Size([80]).
	size mismatch for tcn.2.net.1.bias: copying a param with shape torch.Size([64]) from checkpoint, the shape in current model is torch.Size([80]).
	size mismatch for tcn.2.net.1.running_mean: copying a param with shape torch.Size([64]) from checkpoint, the shape in current model is torch.Size([80]).
	size mismatch for tcn.2.net.1.running_var: copying a param with shape torch.Size([64]) from checkpoint, the shape in current model is torch.Size([80]).
	size mismatch for tcn.2.net.4.weight: copying a param with shape torch.Size([64, 64, 3]) from checkpoint, the shape in current model is torch.Size([80, 80, 3]).
	size mismatch for tcn.2.net.5.weight: copying a param with shape torch.Size([64]) from checkpoint, the shape in current model is torch.Size([80]).
	size mismatch for tcn.2.net.5.bias: copying a param with shape torch.Size([64]) from checkpoint, the shape in current model is torch.Size([80]).
	size mismatch for tcn.2.net.5.running_mean: copying a param with shape torch.Size([64]) from checkpoint, the shape in current model is torch.Size([80]).
	size mismatch for tcn.2.net.5.running_var: copying a param with shape torch.Size([64]) from checkpoint, the shape in current model is torch.Size([80]).
	size mismatch for attn.in_proj_weight: copying a param with shape torch.Size([192, 64]) from checkpoint, the shape in current model is torch.Size([240, 80]).
	size mismatch for attn.in_proj_bias: copying a param with shape torch.Size([192]) from checkpoint, the shape in current model is torch.Size([240]).
	size mismatch for attn.out_proj.weight: copying a param with shape torch.Size([64, 64]) from checkpoint, the shape in current model is torch.Size([80, 80]).
	size mismatch for attn.out_proj.bias: copying a param with shape torch.Size([64]) from checkpoint, the shape in current model is torch.Size([80]).
	size mismatch for ln1.weight: copying a param with shape torch.Size([64]) from checkpoint, the shape in current model is torch.Size([80]).
	size mismatch for ln1.bias: copying a param with shape torch.Size([64]) from checkpoint, the shape in current model is torch.Size([80]).
	size mismatch for ff.0.weight: copying a param with shape torch.Size([128, 64]) from checkpoint, the shape in current model is torch.Size([128, 80]).
	size mismatch for ff.3.weight: copying a param with shape torch.Size([64, 128]) from checkpoint, the shape in current model is torch.Size([80, 128]).
	size mismatch for ff.3.bias: copying a param with shape torch.Size([64]) from checkpoint, the shape in current model is torch.Size([80]).
	size mismatch for ln2.weight: copying a param with shape torch.Size([64]) from checkpoint, the shape in current model is torch.Size([80]).
	size mismatch for ln2.bias: copying a param with shape torch.Size([64]) from checkpoint, the shape in current model is torch.Size([80]).
	size mismatch for classifier.1.weight: copying a param with shape torch.Size([64, 128]) from checkpoint, the shape in current model is torch.Size([64, 160]).
Traceback (most recent call last):
  File "/home/huang_kai/wind_turbine_phm/PHOENIX-main/autoencoder_benchmark/ablation_experiments/ablation3_joint_tcn_attn/scripts/train_ablation3_joint_tcn_attn.py", line 740, in <module>
    main()
  File "/home/huang_kai/wind_turbine_phm/PHOENIX-main/autoencoder_benchmark/ablation_experiments/ablation3_joint_tcn_attn/scripts/train_ablation3_joint_tcn_attn.py", line 371, in main
    teacher_init_summary = load_model_init_weights(
  File "/home/huang_kai/wind_turbine_phm/PHOENIX-main/autoencoder_benchmark/training_utils.py", line 57, in load_model_init_weights
    model.load_state_dict(state_dict, strict=True)
  File "/usr/local/lib/python3.10/dist-packages/torch/nn/modules/module.py", line 2581, in load_state_dict
    raise RuntimeError(
RuntimeError: Error(s) in loading state_dict for AttentionTCNClassifier:
	size mismatch for input_proj.0.weight: copying a param with shape torch.Size([64, 18, 1]) from checkpoint, the shape in current model is torch.Size([80, 18, 1]).
	size mismatch for input_proj.1.weight: copying a param with shape torch.Size([64]) from checkpoint, the shape in current model is torch.Size([80]).
	size mismatch for input_proj.1.bias: copying a param with shape torch.Size([64]) from checkpoint, the shape in current model is torch.Size([80]).
	size mismatch for input_proj.1.running_mean: copying a param with shape torch.Size([64]) from checkpoint, the shape in current model is torch.Size([80]).
	size mismatch for input_proj.1.running_var: copying a param with shape torch.Size([64]) from checkpoint, the shape in current model is torch.Size([80]).
	size mismatch for tcn.0.net.0.weight: copying a param with shape torch.Size([64, 64, 3]) from checkpoint, the shape in current model is torch.Size([80, 80, 3]).
	size mismatch for tcn.0.net.1.weight: copying a param with shape torch.Size([64]) from checkpoint, the shape in current model is torch.Size([80]).
	size mismatch for tcn.0.net.1.bias: copying a param with shape torch.Size([64]) from checkpoint, the shape in current model is torch.Size([80]).
	size mismatch for tcn.0.net.1.running_mean: copying a param with shape torch.Size([64]) from checkpoint, the shape in current model is torch.Size([80]).
	size mismatch for tcn.0.net.1.running_var: copying a param with shape torch.Size([64]) from checkpoint, the shape in current model is torch.Size([80]).
	size mismatch for tcn.0.net.4.weight: copying a param with shape torch.Size([64, 64, 3]) from checkpoint, the shape in current model is torch.Size([80, 80, 3]).
	size mismatch for tcn.0.net.5.weight: copying a param with shape torch.Size([64]) from checkpoint, the shape in current model is torch.Size([80]).
	size mismatch for tcn.0.net.5.bias: copying a param with shape torch.Size([64]) from checkpoint, the shape in current model is torch.Size([80]).
	size mismatch for tcn.0.net.5.running_mean: copying a param with shape torch.Size([64]) from checkpoint, the shape in current model is torch.Size([80]).
	size mismatch for tcn.0.net.5.running_var: copying a param with shape torch.Size([64]) from checkpoint, the shape in current model is torch.Size([80]).
	size mismatch for tcn.1.net.0.weight: copying a param with shape torch.Size([64, 64, 3]) from checkpoint, the shape in current model is torch.Size([80, 80, 3]).
	size mismatch for tcn.1.net.1.weight: copying a param with shape torch.Size([64]) from checkpoint, the shape in current model is torch.Size([80]).
	size mismatch for tcn.1.net.1.bias: copying a param with shape torch.Size([64]) from checkpoint, the shape in current model is torch.Size([80]).
	size mismatch for tcn.1.net.1.running_mean: copying a param with shape torch.Size([64]) from checkpoint, the shape in current model is torch.Size([80]).
	size mismatch for tcn.1.net.1.running_var: copying a param with shape torch.Size([64]) from checkpoint, the shape in current model is torch.Size([80]).
	size mismatch for tcn.1.net.4.weight: copying a param with shape torch.Size([64, 64, 3]) from checkpoint, the shape in current model is torch.Size([80, 80, 3]).
	size mismatch for tcn.1.net.5.weight: copying a param with shape torch.Size([64]) from checkpoint, the shape in current model is torch.Size([80]).
	size mismatch for tcn.1.net.5.bias: copying a param with shape torch.Size([64]) from checkpoint, the shape in current model is torch.Size([80]).
	size mismatch for tcn.1.net.5.running_mean: copying a param with shape torch.Size([64]) from checkpoint, the shape in current model is torch.Size([80]).
	size mismatch for tcn.1.net.5.running_var: copying a param with shape torch.Size([64]) from checkpoint, the shape in current model is torch.Size([80]).
	size mismatch for tcn.2.net.0.weight: copying a param with shape torch.Size([64, 64, 3]) from checkpoint, the shape in current model is torch.Size([80, 80, 3]).
	size mismatch for tcn.2.net.1.weight: copying a param with shape torch.Size([64]) from checkpoint, the shape in current model is torch.Size([80]).
	size mismatch for tcn.2.net.1.bias: copying a param with shape torch.Size([64]) from checkpoint, the shape in current model is torch.Size([80]).
	size mismatch for tcn.2.net.1.running_mean: copying a param with shape torch.Size([64]) from checkpoint, the shape in current model is torch.Size([80]).
	size mismatch for tcn.2.net.1.running_var: copying a param with shape torch.Size([64]) from checkpoint, the shape in current model is torch.Size([80]).
	size mismatch for tcn.2.net.4.weight: copying a param with shape torch.Size([64, 64, 3]) from checkpoint, the shape in current model is torch.Size([80, 80, 3]).
	size mismatch for tcn.2.net.5.weight: copying a param with shape torch.Size([64]) from checkpoint, the shape in current model is torch.Size([80]).
	size mismatch for tcn.2.net.5.bias: copying a param with shape torch.Size([64]) from checkpoint, the shape in current model is torch.Size([80]).
	size mismatch for tcn.2.net.5.running_mean: copying a param with shape torch.Size([64]) from checkpoint, the shape in current model is torch.Size([80]).
	size mismatch for tcn.2.net.5.running_var: copying a param with shape torch.Size([64]) from checkpoint, the shape in current model is torch.Size([80]).
	size mismatch for attn.in_proj_weight: copying a param with shape torch.Size([192, 64]) from checkpoint, the shape in current model is torch.Size([240, 80]).
	size mismatch for attn.in_proj_bias: copying a param with shape torch.Size([192]) from checkpoint, the shape in current model is torch.Size([240]).
	size mismatch for attn.out_proj.weight: copying a param with shape torch.Size([64, 64]) from checkpoint, the shape in current model is torch.Size([80, 80]).
	size mismatch for attn.out_proj.bias: copying a param with shape torch.Size([64]) from checkpoint, the shape in current model is torch.Size([80]).
	size mismatch for ln1.weight: copying a param with shape torch.Size([64]) from checkpoint, the shape in current model is torch.Size([80]).
	size mismatch for ln1.bias: copying a param with shape torch.Size([64]) from checkpoint, the shape in current model is torch.Size([80]).
	size mismatch for ff.0.weight: copying a param with shape torch.Size([128, 64]) from checkpoint, the shape in current model is torch.Size([128, 80]).
	size mismatch for ff.3.weight: copying a param with shape torch.Size([64, 128]) from checkpoint, the shape in current model is torch.Size([80, 128]).
	size mismatch for ff.3.bias: copying a param with shape torch.Size([64]) from checkpoint, the shape in current model is torch.Size([80]).
	size mismatch for ln2.weight: copying a param with shape torch.Size([64]) from checkpoint, the shape in current model is torch.Size([80]).
	size mismatch for ln2.bias: copying a param with shape torch.Size([64]) from checkpoint, the shape in current model is torch.Size([80]).
	size mismatch for classifier.1.weight: copying a param with shape torch.Size([64, 128]) from checkpoint, the shape in current model is torch.Size([64, 160]).
Traceback (most recent call last):
  File "/home/huang_kai/wind_turbine_phm/PHOENIX-main/autoencoder_benchmark/ablation_experiments/ablation3_joint_tcn_attn/scripts/train_ablation3_joint_tcn_attn.py", line 740, in <module>
    main()
  File "/home/huang_kai/wind_turbine_phm/PHOENIX-main/autoencoder_benchmark/ablation_experiments/ablation3_joint_tcn_attn/scripts/train_ablation3_joint_tcn_attn.py", line 371, in main
    teacher_init_summary = load_model_init_weights(
  File "/home/huang_kai/wind_turbine_phm/PHOENIX-main/autoencoder_benchmark/training_utils.py", line 57, in load_model_init_weights
    model.load_state_dict(state_dict, strict=True)
  File "/usr/local/lib/python3.10/dist-packages/torch/nn/modules/module.py", line 2581, in load_state_dict
    raise RuntimeError(
RuntimeError: Error(s) in loading state_dict for AttentionTCNClassifier:
	size mismatch for input_proj.0.weight: copying a param with shape torch.Size([64, 18, 1]) from checkpoint, the shape in current model is torch.Size([80, 18, 1]).
	size mismatch for input_proj.1.weight: copying a param with shape torch.Size([64]) from checkpoint, the shape in current model is torch.Size([80]).
	size mismatch for input_proj.1.bias: copying a param with shape torch.Size([64]) from checkpoint, the shape in current model is torch.Size([80]).
	size mismatch for input_proj.1.running_mean: copying a param with shape torch.Size([64]) from checkpoint, the shape in current model is torch.Size([80]).
	size mismatch for input_proj.1.running_var: copying a param with shape torch.Size([64]) from checkpoint, the shape in current model is torch.Size([80]).
	size mismatch for tcn.0.net.0.weight: copying a param with shape torch.Size([64, 64, 3]) from checkpoint, the shape in current model is torch.Size([80, 80, 3]).
	size mismatch for tcn.0.net.1.weight: copying a param with shape torch.Size([64]) from checkpoint, the shape in current model is torch.Size([80]).
	size mismatch for tcn.0.net.1.bias: copying a param with shape torch.Size([64]) from checkpoint, the shape in current model is torch.Size([80]).
	size mismatch for tcn.0.net.1.running_mean: copying a param with shape torch.Size([64]) from checkpoint, the shape in current model is torch.Size([80]).
	size mismatch for tcn.0.net.1.running_var: copying a param with shape torch.Size([64]) from checkpoint, the shape in current model is torch.Size([80]).
	size mismatch for tcn.0.net.4.weight: copying a param with shape torch.Size([64, 64, 3]) from checkpoint, the shape in current model is torch.Size([80, 80, 3]).
	size mismatch for tcn.0.net.5.weight: copying a param with shape torch.Size([64]) from checkpoint, the shape in current model is torch.Size([80]).
	size mismatch for tcn.0.net.5.bias: copying a param with shape torch.Size([64]) from checkpoint, the shape in current model is torch.Size([80]).
	size mismatch for tcn.0.net.5.running_mean: copying a param with shape torch.Size([64]) from checkpoint, the shape in current model is torch.Size([80]).
	size mismatch for tcn.0.net.5.running_var: copying a param with shape torch.Size([64]) from checkpoint, the shape in current model is torch.Size([80]).
	size mismatch for tcn.1.net.0.weight: copying a param with shape torch.Size([64, 64, 3]) from checkpoint, the shape in current model is torch.Size([80, 80, 3]).
	size mismatch for tcn.1.net.1.weight: copying a param with shape torch.Size([64]) from checkpoint, the shape in current model is torch.Size([80]).
	size mismatch for tcn.1.net.1.bias: copying a param with shape torch.Size([64]) from checkpoint, the shape in current model is torch.Size([80]).
	size mismatch for tcn.1.net.1.running_mean: copying a param with shape torch.Size([64]) from checkpoint, the shape in current model is torch.Size([80]).
	size mismatch for tcn.1.net.1.running_var: copying a param with shape torch.Size([64]) from checkpoint, the shape in current model is torch.Size([80]).
	size mismatch for tcn.1.net.4.weight: copying a param with shape torch.Size([64, 64, 3]) from checkpoint, the shape in current model is torch.Size([80, 80, 3]).
	size mismatch for tcn.1.net.5.weight: copying a param with shape torch.Size([64]) from checkpoint, the shape in current model is torch.Size([80]).
	size mismatch for tcn.1.net.5.bias: copying a param with shape torch.Size([64]) from checkpoint, the shape in current model is torch.Size([80]).
	size mismatch for tcn.1.net.5.running_mean: copying a param with shape torch.Size([64]) from checkpoint, the shape in current model is torch.Size([80]).
	size mismatch for tcn.1.net.5.running_var: copying a param with shape torch.Size([64]) from checkpoint, the shape in current model is torch.Size([80]).
	size mismatch for tcn.2.net.0.weight: copying a param with shape torch.Size([64, 64, 3]) from checkpoint, the shape in current model is torch.Size([80, 80, 3]).
	size mismatch for tcn.2.net.1.weight: copying a param with shape torch.Size([64]) from checkpoint, the shape in current model is torch.Size([80]).
	size mismatch for tcn.2.net.1.bias: copying a param with shape torch.Size([64]) from checkpoint, the shape in current model is torch.Size([80]).
	size mismatch for tcn.2.net.1.running_mean: copying a param with shape torch.Size([64]) from checkpoint, the shape in current model is torch.Size([80]).
	size mismatch for tcn.2.net.1.running_var: copying a param with shape torch.Size([64]) from checkpoint, the shape in current model is torch.Size([80]).
	size mismatch for tcn.2.net.4.weight: copying a param with shape torch.Size([64, 64, 3]) from checkpoint, the shape in current model is torch.Size([80, 80, 3]).
	size mismatch for tcn.2.net.5.weight: copying a param with shape torch.Size([64]) from checkpoint, the shape in current model is torch.Size([80]).
	size mismatch for tcn.2.net.5.bias: copying a param with shape torch.Size([64]) from checkpoint, the shape in current model is torch.Size([80]).
	size mismatch for tcn.2.net.5.running_mean: copying a param with shape torch.Size([64]) from checkpoint, the shape in current model is torch.Size([80]).
	size mismatch for tcn.2.net.5.running_var: copying a param with shape torch.Size([64]) from checkpoint, the shape in current model is torch.Size([80]).
	size mismatch for attn.in_proj_weight: copying a param with shape torch.Size([192, 64]) from checkpoint, the shape in current model is torch.Size([240, 80]).
	size mismatch for attn.in_proj_bias: copying a param with shape torch.Size([192]) from checkpoint, the shape in current model is torch.Size([240]).
	size mismatch for attn.out_proj.weight: copying a param with shape torch.Size([64, 64]) from checkpoint, the shape in current model is torch.Size([80, 80]).
	size mismatch for attn.out_proj.bias: copying a param with shape torch.Size([64]) from checkpoint, the shape in current model is torch.Size([80]).
	size mismatch for ln1.weight: copying a param with shape torch.Size([64]) from checkpoint, the shape in current model is torch.Size([80]).
	size mismatch for ln1.bias: copying a param with shape torch.Size([64]) from checkpoint, the shape in current model is torch.Size([80]).
	size mismatch for ff.0.weight: copying a param with shape torch.Size([128, 64]) from checkpoint, the shape in current model is torch.Size([128, 80]).
	size mismatch for ff.3.weight: copying a param with shape torch.Size([64, 128]) from checkpoint, the shape in current model is torch.Size([80, 128]).
	size mismatch for ff.3.bias: copying a param with shape torch.Size([64]) from checkpoint, the shape in current model is torch.Size([80]).
	size mismatch for ln2.weight: copying a param with shape torch.Size([64]) from checkpoint, the shape in current model is torch.Size([80]).
	size mismatch for ln2.bias: copying a param with shape torch.Size([64]) from checkpoint, the shape in current model is torch.Size([80]).
	size mismatch for classifier.1.weight: copying a param with shape torch.Size([64, 128]) from checkpoint, the shape in current model is torch.Size([64, 160]).
Traceback (most recent call last):
  File "/home/huang_kai/wind_turbine_phm/PHOENIX-main/autoencoder_benchmark/ablation_experiments/ablation3_joint_tcn_attn/scripts/train_ablation3_joint_tcn_attn.py", line 740, in <module>
    main()
  File "/home/huang_kai/wind_turbine_phm/PHOENIX-main/autoencoder_benchmark/ablation_experiments/ablation3_joint_tcn_attn/scripts/train_ablation3_joint_tcn_attn.py", line 371, in main
    teacher_init_summary = load_model_init_weights(
  File "/home/huang_kai/wind_turbine_phm/PHOENIX-main/autoencoder_benchmark/training_utils.py", line 57, in load_model_init_weights
    model.load_state_dict(state_dict, strict=True)
  File "/usr/local/lib/python3.10/dist-packages/torch/nn/modules/module.py", line 2581, in load_state_dict
    raise RuntimeError(
RuntimeError: Error(s) in loading state_dict for AttentionTCNClassifier:
	size mismatch for input_proj.0.weight: copying a param with shape torch.Size([64, 18, 1]) from checkpoint, the shape in current model is torch.Size([80, 18, 1]).
	size mismatch for input_proj.1.weight: copying a param with shape torch.Size([64]) from checkpoint, the shape in current model is torch.Size([80]).
	size mismatch for input_proj.1.bias: copying a param with shape torch.Size([64]) from checkpoint, the shape in current model is torch.Size([80]).
	size mismatch for input_proj.1.running_mean: copying a param with shape torch.Size([64]) from checkpoint, the shape in current model is torch.Size([80]).
	size mismatch for input_proj.1.running_var: copying a param with shape torch.Size([64]) from checkpoint, the shape in current model is torch.Size([80]).
	size mismatch for tcn.0.net.0.weight: copying a param with shape torch.Size([64, 64, 3]) from checkpoint, the shape in current model is torch.Size([80, 80, 3]).
	size mismatch for tcn.0.net.1.weight: copying a param with shape torch.Size([64]) from checkpoint, the shape in current model is torch.Size([80]).
	size mismatch for tcn.0.net.1.bias: copying a param with shape torch.Size([64]) from checkpoint, the shape in current model is torch.Size([80]).
	size mismatch for tcn.0.net.1.running_mean: copying a param with shape torch.Size([64]) from checkpoint, the shape in current model is torch.Size([80]).
	size mismatch for tcn.0.net.1.running_var: copying a param with shape torch.Size([64]) from checkpoint, the shape in current model is torch.Size([80]).
	size mismatch for tcn.0.net.4.weight: copying a param with shape torch.Size([64, 64, 3]) from checkpoint, the shape in current model is torch.Size([80, 80, 3]).
	size mismatch for tcn.0.net.5.weight: copying a param with shape torch.Size([64]) from checkpoint, the shape in current model is torch.Size([80]).
	size mismatch for tcn.0.net.5.bias: copying a param with shape torch.Size([64]) from checkpoint, the shape in current model is torch.Size([80]).
	size mismatch for tcn.0.net.5.running_mean: copying a param with shape torch.Size([64]) from checkpoint, the shape in current model is torch.Size([80]).
	size mismatch for tcn.0.net.5.running_var: copying a param with shape torch.Size([64]) from checkpoint, the shape in current model is torch.Size([80]).
	size mismatch for tcn.1.net.0.weight: copying a param with shape torch.Size([64, 64, 3]) from checkpoint, the shape in current model is torch.Size([80, 80, 3]).
	size mismatch for tcn.1.net.1.weight: copying a param with shape torch.Size([64]) from checkpoint, the shape in current model is torch.Size([80]).
	size mismatch for tcn.1.net.1.bias: copying a param with shape torch.Size([64]) from checkpoint, the shape in current model is torch.Size([80]).
	size mismatch for tcn.1.net.1.running_mean: copying a param with shape torch.Size([64]) from checkpoint, the shape in current model is torch.Size([80]).
	size mismatch for tcn.1.net.1.running_var: copying a param with shape torch.Size([64]) from checkpoint, the shape in current model is torch.Size([80]).
	size mismatch for tcn.1.net.4.weight: copying a param with shape torch.Size([64, 64, 3]) from checkpoint, the shape in current model is torch.Size([80, 80, 3]).
	size mismatch for tcn.1.net.5.weight: copying a param with shape torch.Size([64]) from checkpoint, the shape in current model is torch.Size([80]).
	size mismatch for tcn.1.net.5.bias: copying a param with shape torch.Size([64]) from checkpoint, the shape in current model is torch.Size([80]).
	size mismatch for tcn.1.net.5.running_mean: copying a param with shape torch.Size([64]) from checkpoint, the shape in current model is torch.Size([80]).
	size mismatch for tcn.1.net.5.running_var: copying a param with shape torch.Size([64]) from checkpoint, the shape in current model is torch.Size([80]).
	size mismatch for tcn.2.net.0.weight: copying a param with shape torch.Size([64, 64, 3]) from checkpoint, the shape in current model is torch.Size([80, 80, 3]).
	size mismatch for tcn.2.net.1.weight: copying a param with shape torch.Size([64]) from checkpoint, the shape in current model is torch.Size([80]).
	size mismatch for tcn.2.net.1.bias: copying a param with shape torch.Size([64]) from checkpoint, the shape in current model is torch.Size([80]).
	size mismatch for tcn.2.net.1.running_mean: copying a param with shape torch.Size([64]) from checkpoint, the shape in current model is torch.Size([80]).
	size mismatch for tcn.2.net.1.running_var: copying a param with shape torch.Size([64]) from checkpoint, the shape in current model is torch.Size([80]).
	size mismatch for tcn.2.net.4.weight: copying a param with shape torch.Size([64, 64, 3]) from checkpoint, the shape in current model is torch.Size([80, 80, 3]).
	size mismatch for tcn.2.net.5.weight: copying a param with shape torch.Size([64]) from checkpoint, the shape in current model is torch.Size([80]).
	size mismatch for tcn.2.net.5.bias: copying a param with shape torch.Size([64]) from checkpoint, the shape in current model is torch.Size([80]).
	size mismatch for tcn.2.net.5.running_mean: copying a param with shape torch.Size([64]) from checkpoint, the shape in current model is torch.Size([80]).
	size mismatch for tcn.2.net.5.running_var: copying a param with shape torch.Size([64]) from checkpoint, the shape in current model is torch.Size([80]).
	size mismatch for attn.in_proj_weight: copying a param with shape torch.Size([192, 64]) from checkpoint, the shape in current model is torch.Size([240, 80]).
	size mismatch for attn.in_proj_bias: copying a param with shape torch.Size([192]) from checkpoint, the shape in current model is torch.Size([240]).
	size mismatch for attn.out_proj.weight: copying a param with shape torch.Size([64, 64]) from checkpoint, the shape in current model is torch.Size([80, 80]).
	size mismatch for attn.out_proj.bias: copying a param with shape torch.Size([64]) from checkpoint, the shape in current model is torch.Size([80]).
	size mismatch for ln1.weight: copying a param with shape torch.Size([64]) from checkpoint, the shape in current model is torch.Size([80]).
	size mismatch for ln1.bias: copying a param with shape torch.Size([64]) from checkpoint, the shape in current model is torch.Size([80]).
	size mismatch for ff.0.weight: copying a param with shape torch.Size([128, 64]) from checkpoint, the shape in current model is torch.Size([128, 80]).
	size mismatch for ff.3.weight: copying a param with shape torch.Size([64, 128]) from checkpoint, the shape in current model is torch.Size([80, 128]).
	size mismatch for ff.3.bias: copying a param with shape torch.Size([64]) from checkpoint, the shape in current model is torch.Size([80]).
	size mismatch for ln2.weight: copying a param with shape torch.Size([64]) from checkpoint, the shape in current model is torch.Size([80]).
	size mismatch for ln2.bias: copying a param with shape torch.Size([64]) from checkpoint, the shape in current model is torch.Size([80]).
	size mismatch for classifier.1.weight: copying a param with shape torch.Size([64, 128]) from checkpoint, the shape in current model is torch.Size([64, 160]).
/usr/bin/python /home/huang_kai/wind_turbine_phm/PHOENIX-main/autoencoder_benchmark/ablation_experiments/ablation3_joint_tcn_attn/scripts/train_ablation3_joint_tcn_attn.py --dataset-npz Data/processed_data/weld_seam_windows_ws5_tf75_pg0_h1.npz --output-dir ablation_experiments/h1/results/run_20260327_131013/ablation3_joint_tcn_attn/ablation3_h1_scan90_run_20260327_131013/stage1/s1_l4p_o3_c0 --epochs 80 --batch-size 128 --lr-teacher 0.0002 --lr-student 0.0003 --weight-decay 0.0002 --seed 14 --num-workers 0 --checkpoint-metric test_acc --temperature 2.0 --lambda-ce 0.9 --lambda-kd 1.2 --lambda-feat 0.1 --freeze-teacher-epochs 0 --teacher-tcn-kernel 3 --teacher-tcn-layers 3 --teacher-tcn-channels 64,64,64 --teacher-tcn-dropout 0.08 --teacher-tcn-dilation-base 2 --teacher-classifier-hidden 64 --teacher-classifier-dropout 0.4 --teacher-attn-heads 4 --teacher-attn-dropout 0.1 --teacher-attn-ff-dim 128 --teacher-init-ckpt /home/huang_kai/wind_turbine_phm/PHOENIX-main/autoencoder_benchmark/outputs/teacher_h1_scan98_gpu1_v2/runs/single_tcn_attn_weld_seam_windows_ws5_tf75_pg0_h1_ep60_lr0.0003_bs128_k3_l3_d0.08_lat64_wd0.00015_seed14/best_single_tcn.pth --teacher-init-mode strict --student-tcn-layers 3 --student-tcn-dropout 0.12 --student-classifier-hidden 64 --student-classifier-dropout 0.3 --student-attn-dropout 0.05 --student-attn-ff-dim 128 --student-tcn-dilation-base 1 --weighted-sampler --student-init-ckpt ablation_experiments/h1/results/run_20260327_131013/ablation1_sweep/trials/trial_0004_A/ablation1_student_only_tcn_attn_weld_seam_windows_ws5_tf75_pg0_h1_ep80_lr0.00015_bs96_seed156/best_student_only.pth --student-init-mode shape_safe
Command: /usr/bin/python /home/huang_kai/wind_turbine_phm/PHOENIX-main/autoencoder_benchmark/ablation_experiments/ablation3_joint_tcn_attn/scripts/train_ablation3_joint_tcn_attn.py --dataset-npz Data/processed_data/weld_seam_windows_ws5_tf75_pg0_h1.npz --output-dir ablation_experiments/h1/results/run_20260327_131013/ablation3_joint_tcn_attn/ablation3_h1_scan90_run_20260327_131013/stage1/s1_l4p_o3_c7 --epochs 80 --batch-size 128 --lr-teacher 0.0002 --lr-student 0.0003 --weight-decay 0.0002 --seed 14 --num-workers 0 --checkpoint-metric test_acc --temperature 2.0 --lambda-ce 0.9 --lambda-kd 1.2 --lambda-feat 0.1 --freeze-teacher-epochs 0 --teacher-tcn-kernel 3 --teacher-tcn-layers 3 --teacher-tcn-channels 64,64,64 --teacher-tcn-dropout 0.08 --teacher-tcn-dilation-base 2 --teacher-classifier-hidden 64 --teacher-classifier-dropout 0.4 --teacher-attn-heads 4 --teacher-attn-dropout 0.1 --teacher-attn-ff-dim 128 --teacher-init-ckpt /home/huang_kai/wind_turbine_phm/PHOENIX-main/autoencoder_benchmark/outputs/teacher_h1_scan98_gpu1_v2/runs/single_tcn_attn_weld_seam_windows_ws5_tf75_pg0_h1_ep60_lr0.0003_bs128_k3_l3_d0.08_lat64_wd0.00015_seed14/best_single_tcn.pth --teacher-init-mode strict --student-tcn-layers 3 --student-tcn-dropout 0.12 --student-classifier-hidden 64 --student-classifier-dropout 0.3 --student-attn-dropout 0.05 --student-attn-ff-dim 128 --student-tcn-dilation-base 1 --weighted-sampler --student-init-ckpt ablation_experiments/h1/results/run_20260327_131013/ablation1_sweep/trials/trial_0004_A/ablation1_student_only_tcn_attn_weld_seam_windows_ws5_tf75_pg0_h1_ep80_lr0.00015_bs96_seed156/best_student_only.pth --student-init-mode shape_safe
Command: /usr/bin/python /home/huang_kai/wind_turbine_phm/PHOENIX-main/autoencoder_benchmark/ablation_experiments/ablation3_joint_tcn_attn/scripts/train_ablation3_joint_tcn_attn.py --dataset-npz Data/processed_data/weld_seam_windows_ws5_tf75_pg0_h1.npz --output-dir ablation_experiments/h1/results/run_20260327_131013/ablation3_joint_tcn_attn/ablation3_h1_scan90_run_20260327_131013/stage1/s1_l3_o1_c0 --epochs 80 --batch-size 128 --lr-teacher 0.0001 --lr-student 0.0002 --weight-decay 0.00015 --seed 14 --num-workers 0 --checkpoint-metric test_acc --temperature 3.0 --lambda-ce 0.8 --lambda-kd 1.1 --lambda-feat 0.0 --freeze-teacher-epochs 0 --teacher-tcn-kernel 3 --teacher-tcn-layers 3 --teacher-tcn-channels 64,64,64 --teacher-tcn-dropout 0.08 --teacher-tcn-dilation-base 2 --teacher-classifier-hidden 64 --teacher-classifier-dropout 0.4 --teacher-attn-heads 4 --teacher-attn-dropout 0.1 --teacher-attn-ff-dim 128 --teacher-init-ckpt /home/huang_kai/wind_turbine_phm/PHOENIX-main/autoencoder_benchmark/outputs/teacher_h1_scan98_gpu1_v2/runs/single_tcn_attn_weld_seam_windows_ws5_tf75_pg0_h1_ep60_lr0.0003_bs128_k3_l3_d0.08_lat64_wd0.00015_seed14/best_single_tcn.pth --teacher-init-mode strict --student-tcn-layers 3 --student-tcn-dropout 0.12 --student-classifier-hidden 64 --student-classifier-dropout 0.3 --student-attn-dropout 0.05 --student-attn-ff-dim 128 --student-tcn-dilation-base 1 --weighted-sampler --student-init-ckpt ablation_experiments/h1/results/run_20260327_131013/ablation1_sweep/trials/trial_0004_A/ablation1_student_only_tcn_attn_weld_seam_windows_ws5_tf75_pg0_h1_ep80_lr0.00015_bs96_seed156/best_student_only.pth --student-init-mode shape_safe
Command: /usr/bin/python /home/huang_kai/wind_turbine_phm/PHOENIX-main/autoencoder_benchmark/ablation_experiments/ablation3_joint_tcn_attn/scripts/train_ablation3_joint_tcn_attn.py --dataset-npz Data/processed_data/weld_seam_windows_ws5_tf75_pg0_h1.npz --output-dir ablation_experiments/h1/results/run_20260327_131013/ablation3_joint_tcn_attn/ablation3_h1_scan90_run_20260327_131013/stage1/s1_l3_o1_c7 --epochs 80 --batch-size 128 --lr-teacher 0.0001 --lr-student 0.0002 --weight-decay 0.00015 --seed 14 --num-workers 0 --checkpoint-metric test_acc --temperature 3.0 --lambda-ce 0.8 --lambda-kd 1.1 --lambda-feat 0.0 --freeze-teacher-epochs 0 --teacher-tcn-kernel 3 --teacher-tcn-layers 3 --teacher-tcn-channels 64,64,64 --teacher-tcn-dropout 0.08 --teacher-tcn-dilation-base 2 --teacher-classifier-hidden 64 --teacher-classifier-dropout 0.4 --teacher-attn-heads 4 --teacher-attn-dropout 0.1 --teacher-attn-ff-dim 128 --teacher-init-ckpt /home/huang_kai/wind_turbine_phm/PHOENIX-main/autoencoder_benchmark/outputs/teacher_h1_scan98_gpu1_v2/runs/single_tcn_attn_weld_seam_windows_ws5_tf75_pg0_h1_ep60_lr0.0003_bs128_k3_l3_d0.08_lat64_wd0.00015_seed14/best_single_tcn.pth --teacher-init-mode strict --student-tcn-layers 3 --student-tcn-dropout 0.12 --student-classifier-hidden 64 --student-classifier-dropout 0.3 --student-attn-dropout 0.05 --student-attn-ff-dim 128 --student-tcn-dilation-base 1 --weighted-sampler --student-init-ckpt ablation_experiments/h1/results/run_20260327_131013/ablation1_sweep/trials/trial_0004_A/ablation1_student_only_tcn_attn_weld_seam_windows_ws5_tf75_pg0_h1_ep80_lr0.00015_bs96_seed156/best_student_only.pth --student-init-mode shape_safe
Command: Traceback (most recent call last):
  File "/home/huang_kai/wind_turbine_phm/PHOENIX-main/autoencoder_benchmark/ablation_experiments/ablation3_joint_tcn_attn/scripts/train_ablation3_joint_tcn_attn.py", line 740, in <module>
    main()
  File "/home/huang_kai/wind_turbine_phm/PHOENIX-main/autoencoder_benchmark/ablation_experiments/ablation3_joint_tcn_attn/scripts/train_ablation3_joint_tcn_attn.py", line 371, in main
    teacher_init_summary = load_model_init_weights(
  File "/home/huang_kai/wind_turbine_phm/PHOENIX-main/autoencoder_benchmark/training_utils.py", line 57, in load_model_init_weights
    model.load_state_dict(state_dict, strict=True)
  File "/usr/local/lib/python3.10/dist-packages/torch/nn/modules/module.py", line 2581, in load_state_dict
    raise RuntimeError(
RuntimeError: Error(s) in loading state_dict for AttentionTCNClassifier:
	size mismatch for input_proj.0.weight: copying a param with shape torch.Size([64, 18, 1]) from checkpoint, the shape in current model is torch.Size([80, 18, 1]).
	size mismatch for input_proj.1.weight: copying a param with shape torch.Size([64]) from checkpoint, the shape in current model is torch.Size([80]).
	size mismatch for input_proj.1.bias: copying a param with shape torch.Size([64]) from checkpoint, the shape in current model is torch.Size([80]).
	size mismatch for input_proj.1.running_mean: copying a param with shape torch.Size([64]) from checkpoint, the shape in current model is torch.Size([80]).
	size mismatch for input_proj.1.running_var: copying a param with shape torch.Size([64]) from checkpoint, the shape in current model is torch.Size([80]).
	size mismatch for tcn.0.net.0.weight: copying a param with shape torch.Size([64, 64, 3]) from checkpoint, the shape in current model is torch.Size([80, 80, 3]).
	size mismatch for tcn.0.net.1.weight: copying a param with shape torch.Size([64]) from checkpoint, the shape in current model is torch.Size([80]).
	size mismatch for tcn.0.net.1.bias: copying a param with shape torch.Size([64]) from checkpoint, the shape in current model is torch.Size([80]).
	size mismatch for tcn.0.net.1.running_mean: copying a param with shape torch.Size([64]) from checkpoint, the shape in current model is torch.Size([80]).
	size mismatch for tcn.0.net.1.running_var: copying a param with shape torch.Size([64]) from checkpoint, the shape in current model is torch.Size([80]).
	size mismatch for tcn.0.net.4.weight: copying a param with shape torch.Size([64, 64, 3]) from checkpoint, the shape in current model is torch.Size([80, 80, 3]).
	size mismatch for tcn.0.net.5.weight: copying a param with shape torch.Size([64]) from checkpoint, the shape in current model is torch.Size([80]).
	size mismatch for tcn.0.net.5.bias: copying a param with shape torch.Size([64]) from checkpoint, the shape in current model is torch.Size([80]).
	size mismatch for tcn.0.net.5.running_mean: copying a param with shape torch.Size([64]) from checkpoint, the shape in current model is torch.Size([80]).
	size mismatch for tcn.0.net.5.running_var: copying a param with shape torch.Size([64]) from checkpoint, the shape in current model is torch.Size([80]).
	size mismatch for tcn.1.net.0.weight: copying a param with shape torch.Size([64, 64, 3]) from checkpoint, the shape in current model is torch.Size([80, 80, 3]).
	size mismatch for tcn.1.net.1.weight: copying a param with shape torch.Size([64]) from checkpoint, the shape in current model is torch.Size([80]).
	size mismatch for tcn.1.net.1.bias: copying a param with shape torch.Size([64]) from checkpoint, the shape in current model is torch.Size([80]).
	size mismatch for tcn.1.net.1.running_mean: copying a param with shape torch.Size([64]) from checkpoint, the shape in current model is torch.Size([80]).
	size mismatch for tcn.1.net.1.running_var: copying a param with shape torch.Size([64]) from checkpoint, the shape in current model is torch.Size([80]).
	size mismatch for tcn.1.net.4.weight: copying a param with shape torch.Size([64, 64, 3]) from checkpoint, the shape in current model is torch.Size([80, 80, 3]).
	size mismatch for tcn.1.net.5.weight: copying a param with shape torch.Size([64]) from checkpoint, the shape in current model is torch.Size([80]).
	size mismatch for tcn.1.net.5.bias: copying a param with shape torch.Size([64]) from checkpoint, the shape in current model is torch.Size([80]).
	size mismatch for tcn.1.net.5.running_mean: copying a param with shape torch.Size([64]) from checkpoint, the shape in current model is torch.Size([80]).
	size mismatch for tcn.1.net.5.running_var: copying a param with shape torch.Size([64]) from checkpoint, the shape in current model is torch.Size([80]).
	size mismatch for tcn.2.net.0.weight: copying a param with shape torch.Size([64, 64, 3]) from checkpoint, the shape in current model is torch.Size([80, 80, 3]).
	size mismatch for tcn.2.net.1.weight: copying a param with shape torch.Size([64]) from checkpoint, the shape in current model is torch.Size([80]).
	size mismatch for tcn.2.net.1.bias: copying a param with shape torch.Size([64]) from checkpoint, the shape in current model is torch.Size([80]).
	size mismatch for tcn.2.net.1.running_mean: copying a param with shape torch.Size([64]) from checkpoint, the shape in current model is torch.Size([80]).
	size mismatch for tcn.2.net.1.running_var: copying a param with shape torch.Size([64]) from checkpoint, the shape in current model is torch.Size([80]).
	size mismatch for tcn.2.net.4.weight: copying a param with shape torch.Size([64, 64, 3]) from checkpoint, the shape in current model is torch.Size([80, 80, 3]).
	size mismatch for tcn.2.net.5.weight: copying a param with shape torch.Size([64]) from checkpoint, the shape in current model is torch.Size([80]).
	size mismatch for tcn.2.net.5.bias: copying a param with shape torch.Size([64]) from checkpoint, the shape in current model is torch.Size([80]).
	size mismatch for tcn.2.net.5.running_mean: copying a param with shape torch.Size([64]) from checkpoint, the shape in current model is torch.Size([80]).
	size mismatch for tcn.2.net.5.running_var: copying a param with shape torch.Size([64]) from checkpoint, the shape in current model is torch.Size([80]).
	size mismatch for attn.in_proj_weight: copying a param with shape torch.Size([192, 64]) from checkpoint, the shape in current model is torch.Size([240, 80]).
	size mismatch for attn.in_proj_bias: copying a param with shape torch.Size([192]) from checkpoint, the shape in current model is torch.Size([240]).
	size mismatch for attn.out_proj.weight: copying a param with shape torch.Size([64, 64]) from checkpoint, the shape in current model is torch.Size([80, 80]).
	size mismatch for attn.out_proj.bias: copying a param with shape torch.Size([64]) from checkpoint, the shape in current model is torch.Size([80]).
	size mismatch for ln1.weight: copying a param with shape torch.Size([64]) from checkpoint, the shape in current model is torch.Size([80]).
	size mismatch for ln1.bias: copying a param with shape torch.Size([64]) from checkpoint, the shape in current model is torch.Size([80]).
	size mismatch for ff.0.weight: copying a param with shape torch.Size([128, 64]) from checkpoint, the shape in current model is torch.Size([128, 80]).
	size mismatch for ff.3.weight: copying a param with shape torch.Size([64, 128]) from checkpoint, the shape in current model is torch.Size([80, 128]).
	size mismatch for ff.3.bias: copying a param with shape torch.Size([64]) from checkpoint, the shape in current model is torch.Size([80]).
	size mismatch for ln2.weight: copying a param with shape torch.Size([64]) from checkpoint, the shape in current model is torch.Size([80]).
	size mismatch for ln2.bias: copying a param with shape torch.Size([64]) from checkpoint, the shape in current model is torch.Size([80]).
	size mismatch for classifier.1.weight: copying a param with shape torch.Size([64, 128]) from checkpoint, the shape in current model is torch.Size([64, 160]).
Traceback (most recent call last):
  File "/home/huang_kai/wind_turbine_phm/PHOENIX-main/autoencoder_benchmark/ablation_experiments/ablation3_joint_tcn_attn/scripts/train_ablation3_joint_tcn_attn.py", line 740, in <module>
    main()
  File "/home/huang_kai/wind_turbine_phm/PHOENIX-main/autoencoder_benchmark/ablation_experiments/ablation3_joint_tcn_attn/scripts/train_ablation3_joint_tcn_attn.py", line 371, in main
    teacher_init_summary = load_model_init_weights(
  File "/home/huang_kai/wind_turbine_phm/PHOENIX-main/autoencoder_benchmark/training_utils.py", line 57, in load_model_init_weights
    model.load_state_dict(state_dict, strict=True)
  File "/usr/local/lib/python3.10/dist-packages/torch/nn/modules/module.py", line 2581, in load_state_dict
    raise RuntimeError(
RuntimeError: Error(s) in loading state_dict for AttentionTCNClassifier:
	size mismatch for input_proj.0.weight: copying a param with shape torch.Size([64, 18, 1]) from checkpoint, the shape in current model is torch.Size([80, 18, 1]).
	size mismatch for input_proj.1.weight: copying a param with shape torch.Size([64]) from checkpoint, the shape in current model is torch.Size([80]).
	size mismatch for input_proj.1.bias: copying a param with shape torch.Size([64]) from checkpoint, the shape in current model is torch.Size([80]).
	size mismatch for input_proj.1.running_mean: copying a param with shape torch.Size([64]) from checkpoint, the shape in current model is torch.Size([80]).
	size mismatch for input_proj.1.running_var: copying a param with shape torch.Size([64]) from checkpoint, the shape in current model is torch.Size([80]).
	size mismatch for tcn.0.net.0.weight: copying a param with shape torch.Size([64, 64, 3]) from checkpoint, the shape in current model is torch.Size([80, 80, 3]).
	size mismatch for tcn.0.net.1.weight: copying a param with shape torch.Size([64]) from checkpoint, the shape in current model is torch.Size([80]).
	size mismatch for tcn.0.net.1.bias: copying a param with shape torch.Size([64]) from checkpoint, the shape in current model is torch.Size([80]).
	size mismatch for tcn.0.net.1.running_mean: copying a param with shape torch.Size([64]) from checkpoint, the shape in current model is torch.Size([80]).
	size mismatch for tcn.0.net.1.running_var: copying a param with shape torch.Size([64]) from checkpoint, the shape in current model is torch.Size([80]).
	size mismatch for tcn.0.net.4.weight: copying a param with shape torch.Size([64, 64, 3]) from checkpoint, the shape in current model is torch.Size([80, 80, 3]).
	size mismatch for tcn.0.net.5.weight: copying a param with shape torch.Size([64]) from checkpoint, the shape in current model is torch.Size([80]).
	size mismatch for tcn.0.net.5.bias: copying a param with shape torch.Size([64]) from checkpoint, the shape in current model is torch.Size([80]).
	size mismatch for tcn.0.net.5.running_mean: copying a param with shape torch.Size([64]) from checkpoint, the shape in current model is torch.Size([80]).
	size mismatch for tcn.0.net.5.running_var: copying a param with shape torch.Size([64]) from checkpoint, the shape in current model is torch.Size([80]).
	size mismatch for tcn.1.net.0.weight: copying a param with shape torch.Size([64, 64, 3]) from checkpoint, the shape in current model is torch.Size([80, 80, 3]).
	size mismatch for tcn.1.net.1.weight: copying a param with shape torch.Size([64]) from checkpoint, the shape in current model is torch.Size([80]).
	size mismatch for tcn.1.net.1.bias: copying a param with shape torch.Size([64]) from checkpoint, the shape in current model is torch.Size([80]).
	size mismatch for tcn.1.net.1.running_mean: copying a param with shape torch.Size([64]) from checkpoint, the shape in current model is torch.Size([80]).
	size mismatch for tcn.1.net.1.running_var: copying a param with shape torch.Size([64]) from checkpoint, the shape in current model is torch.Size([80]).
	size mismatch for tcn.1.net.4.weight: copying a param with shape torch.Size([64, 64, 3]) from checkpoint, the shape in current model is torch.Size([80, 80, 3]).
	size mismatch for tcn.1.net.5.weight: copying a param with shape torch.Size([64]) from checkpoint, the shape in current model is torch.Size([80]).
	size mismatch for tcn.1.net.5.bias: copying a param with shape torch.Size([64]) from checkpoint, the shape in current model is torch.Size([80]).
	size mismatch for tcn.1.net.5.running_mean: copying a param with shape torch.Size([64]) from checkpoint, the shape in current model is torch.Size([80]).
	size mismatch for tcn.1.net.5.running_var: copying a param with shape torch.Size([64]) from checkpoint, the shape in current model is torch.Size([80]).
	size mismatch for tcn.2.net.0.weight: copying a param with shape torch.Size([64, 64, 3]) from checkpoint, the shape in current model is torch.Size([80, 80, 3]).
	size mismatch for tcn.2.net.1.weight: copying a param with shape torch.Size([64]) from checkpoint, the shape in current model is torch.Size([80]).
	size mismatch for tcn.2.net.1.bias: copying a param with shape torch.Size([64]) from checkpoint, the shape in current model is torch.Size([80]).
	size mismatch for tcn.2.net.1.running_mean: copying a param with shape torch.Size([64]) from checkpoint, the shape in current model is torch.Size([80]).
	size mismatch for tcn.2.net.1.running_var: copying a param with shape torch.Size([64]) from checkpoint, the shape in current model is torch.Size([80]).
	size mismatch for tcn.2.net.4.weight: copying a param with shape torch.Size([64, 64, 3]) from checkpoint, the shape in current model is torch.Size([80, 80, 3]).
	size mismatch for tcn.2.net.5.weight: copying a param with shape torch.Size([64]) from checkpoint, the shape in current model is torch.Size([80]).
	size mismatch for tcn.2.net.5.bias: copying a param with shape torch.Size([64]) from checkpoint, the shape in current model is torch.Size([80]).
	size mismatch for tcn.2.net.5.running_mean: copying a param with shape torch.Size([64]) from checkpoint, the shape in current model is torch.Size([80]).
	size mismatch for tcn.2.net.5.running_var: copying a param with shape torch.Size([64]) from checkpoint, the shape in current model is torch.Size([80]).
	size mismatch for attn.in_proj_weight: copying a param with shape torch.Size([192, 64]) from checkpoint, the shape in current model is torch.Size([240, 80]).
	size mismatch for attn.in_proj_bias: copying a param with shape torch.Size([192]) from checkpoint, the shape in current model is torch.Size([240]).
	size mismatch for attn.out_proj.weight: copying a param with shape torch.Size([64, 64]) from checkpoint, the shape in current model is torch.Size([80, 80]).
	size mismatch for attn.out_proj.bias: copying a param with shape torch.Size([64]) from checkpoint, the shape in current model is torch.Size([80]).
	size mismatch for ln1.weight: copying a param with shape torch.Size([64]) from checkpoint, the shape in current model is torch.Size([80]).
	size mismatch for ln1.bias: copying a param with shape torch.Size([64]) from checkpoint, the shape in current model is torch.Size([80]).
	size mismatch for ff.0.weight: copying a param with shape torch.Size([128, 64]) from checkpoint, the shape in current model is torch.Size([128, 80]).
	size mismatch for ff.3.weight: copying a param with shape torch.Size([64, 128]) from checkpoint, the shape in current model is torch.Size([80, 128]).
	size mismatch for ff.3.bias: copying a param with shape torch.Size([64]) from checkpoint, the shape in current model is torch.Size([80]).
	size mismatch for ln2.weight: copying a param with shape torch.Size([64]) from checkpoint, the shape in current model is torch.Size([80]).
	size mismatch for ln2.bias: copying a param with shape torch.Size([64]) from checkpoint, the shape in current model is torch.Size([80]).
	size mismatch for classifier.1.weight: copying a param with shape torch.Size([64, 128]) from checkpoint, the shape in current model is torch.Size([64, 160]).
Traceback (most recent call last):
  File "/home/huang_kai/wind_turbine_phm/PHOENIX-main/autoencoder_benchmark/ablation_experiments/ablation3_joint_tcn_attn/scripts/train_ablation3_joint_tcn_attn.py", line 740, in <module>
    main()
  File "/home/huang_kai/wind_turbine_phm/PHOENIX-main/autoencoder_benchmark/ablation_experiments/ablation3_joint_tcn_attn/scripts/train_ablation3_joint_tcn_attn.py", line 371, in main
    teacher_init_summary = load_model_init_weights(
  File "/home/huang_kai/wind_turbine_phm/PHOENIX-main/autoencoder_benchmark/training_utils.py", line 57, in load_model_init_weights
    model.load_state_dict(state_dict, strict=True)
  File "/usr/local/lib/python3.10/dist-packages/torch/nn/modules/module.py", line 2581, in load_state_dict
    raise RuntimeError(
RuntimeError: Error(s) in loading state_dict for AttentionTCNClassifier:
	size mismatch for input_proj.0.weight: copying a param with shape torch.Size([64, 18, 1]) from checkpoint, the shape in current model is torch.Size([80, 18, 1]).
	size mismatch for input_proj.1.weight: copying a param with shape torch.Size([64]) from checkpoint, the shape in current model is torch.Size([80]).
	size mismatch for input_proj.1.bias: copying a param with shape torch.Size([64]) from checkpoint, the shape in current model is torch.Size([80]).
	size mismatch for input_proj.1.running_mean: copying a param with shape torch.Size([64]) from checkpoint, the shape in current model is torch.Size([80]).
	size mismatch for input_proj.1.running_var: copying a param with shape torch.Size([64]) from checkpoint, the shape in current model is torch.Size([80]).
	size mismatch for tcn.0.net.0.weight: copying a param with shape torch.Size([64, 64, 3]) from checkpoint, the shape in current model is torch.Size([80, 80, 3]).
	size mismatch for tcn.0.net.1.weight: copying a param with shape torch.Size([64]) from checkpoint, the shape in current model is torch.Size([80]).
	size mismatch for tcn.0.net.1.bias: copying a param with shape torch.Size([64]) from checkpoint, the shape in current model is torch.Size([80]).
	size mismatch for tcn.0.net.1.running_mean: copying a param with shape torch.Size([64]) from checkpoint, the shape in current model is torch.Size([80]).
	size mismatch for tcn.0.net.1.running_var: copying a param with shape torch.Size([64]) from checkpoint, the shape in current model is torch.Size([80]).
	size mismatch for tcn.0.net.4.weight: copying a param with shape torch.Size([64, 64, 3]) from checkpoint, the shape in current model is torch.Size([80, 80, 3]).
	size mismatch for tcn.0.net.5.weight: copying a param with shape torch.Size([64]) from checkpoint, the shape in current model is torch.Size([80]).
	size mismatch for tcn.0.net.5.bias: copying a param with shape torch.Size([64]) from checkpoint, the shape in current model is torch.Size([80]).
	size mismatch for tcn.0.net.5.running_mean: copying a param with shape torch.Size([64]) from checkpoint, the shape in current model is torch.Size([80]).
	size mismatch for tcn.0.net.5.running_var: copying a param with shape torch.Size([64]) from checkpoint, the shape in current model is torch.Size([80]).
	size mismatch for tcn.1.net.0.weight: copying a param with shape torch.Size([64, 64, 3]) from checkpoint, the shape in current model is torch.Size([80, 80, 3]).
	size mismatch for tcn.1.net.1.weight: copying a param with shape torch.Size([64]) from checkpoint, the shape in current model is torch.Size([80]).
	size mismatch for tcn.1.net.1.bias: copying a param with shape torch.Size([64]) from checkpoint, the shape in current model is torch.Size([80]).
	size mismatch for tcn.1.net.1.running_mean: copying a param with shape torch.Size([64]) from checkpoint, the shape in current model is torch.Size([80]).
	size mismatch for tcn.1.net.1.running_var: copying a param with shape torch.Size([64]) from checkpoint, the shape in current model is torch.Size([80]).
	size mismatch for tcn.1.net.4.weight: copying a param with shape torch.Size([64, 64, 3]) from checkpoint, the shape in current model is torch.Size([80, 80, 3]).
	size mismatch for tcn.1.net.5.weight: copying a param with shape torch.Size([64]) from checkpoint, the shape in current model is torch.Size([80]).
	size mismatch for tcn.1.net.5.bias: copying a param with shape torch.Size([64]) from checkpoint, the shape in current model is torch.Size([80]).
	size mismatch for tcn.1.net.5.running_mean: copying a param with shape torch.Size([64]) from checkpoint, the shape in current model is torch.Size([80]).
	size mismatch for tcn.1.net.5.running_var: copying a param with shape torch.Size([64]) from checkpoint, the shape in current model is torch.Size([80]).
	size mismatch for tcn.2.net.0.weight: copying a param with shape torch.Size([64, 64, 3]) from checkpoint, the shape in current model is torch.Size([80, 80, 3]).
	size mismatch for tcn.2.net.1.weight: copying a param with shape torch.Size([64]) from checkpoint, the shape in current model is torch.Size([80]).
	size mismatch for tcn.2.net.1.bias: copying a param with shape torch.Size([64]) from checkpoint, the shape in current model is torch.Size([80]).
	size mismatch for tcn.2.net.1.running_mean: copying a param with shape torch.Size([64]) from checkpoint, the shape in current model is torch.Size([80]).
	size mismatch for tcn.2.net.1.running_var: copying a param with shape torch.Size([64]) from checkpoint, the shape in current model is torch.Size([80]).
	size mismatch for tcn.2.net.4.weight: copying a param with shape torch.Size([64, 64, 3]) from checkpoint, the shape in current model is torch.Size([80, 80, 3]).
	size mismatch for tcn.2.net.5.weight: copying a param with shape torch.Size([64]) from checkpoint, the shape in current model is torch.Size([80]).
	size mismatch for tcn.2.net.5.bias: copying a param with shape torch.Size([64]) from checkpoint, the shape in current model is torch.Size([80]).
	size mismatch for tcn.2.net.5.running_mean: copying a param with shape torch.Size([64]) from checkpoint, the shape in current model is torch.Size([80]).
	size mismatch for tcn.2.net.5.running_var: copying a param with shape torch.Size([64]) from checkpoint, the shape in current model is torch.Size([80]).
	size mismatch for attn.in_proj_weight: copying a param with shape torch.Size([192, 64]) from checkpoint, the shape in current model is torch.Size([240, 80]).
	size mismatch for attn.in_proj_bias: copying a param with shape torch.Size([192]) from checkpoint, the shape in current model is torch.Size([240]).
	size mismatch for attn.out_proj.weight: copying a param with shape torch.Size([64, 64]) from checkpoint, the shape in current model is torch.Size([80, 80]).
	size mismatch for attn.out_proj.bias: copying a param with shape torch.Size([64]) from checkpoint, the shape in current model is torch.Size([80]).
	size mismatch for ln1.weight: copying a param with shape torch.Size([64]) from checkpoint, the shape in current model is torch.Size([80]).
	size mismatch for ln1.bias: copying a param with shape torch.Size([64]) from checkpoint, the shape in current model is torch.Size([80]).
	size mismatch for ff.0.weight: copying a param with shape torch.Size([128, 64]) from checkpoint, the shape in current model is torch.Size([128, 80]).
	size mismatch for ff.3.weight: copying a param with shape torch.Size([64, 128]) from checkpoint, the shape in current model is torch.Size([80, 128]).
	size mismatch for ff.3.bias: copying a param with shape torch.Size([64]) from checkpoint, the shape in current model is torch.Size([80]).
	size mismatch for ln2.weight: copying a param with shape torch.Size([64]) from checkpoint, the shape in current model is torch.Size([80]).
	size mismatch for ln2.bias: copying a param with shape torch.Size([64]) from checkpoint, the shape in current model is torch.Size([80]).
	size mismatch for classifier.1.weight: copying a param with shape torch.Size([64, 128]) from checkpoint, the shape in current model is torch.Size([64, 160]).
Traceback (most recent call last):
  File "/home/huang_kai/wind_turbine_phm/PHOENIX-main/autoencoder_benchmark/ablation_experiments/ablation3_joint_tcn_attn/scripts/train_ablation3_joint_tcn_attn.py", line 740, in <module>
    main()
  File "/home/huang_kai/wind_turbine_phm/PHOENIX-main/autoencoder_benchmark/ablation_experiments/ablation3_joint_tcn_attn/scripts/train_ablation3_joint_tcn_attn.py", line 371, in main
    teacher_init_summary = load_model_init_weights(
  File "/home/huang_kai/wind_turbine_phm/PHOENIX-main/autoencoder_benchmark/training_utils.py", line 57, in load_model_init_weights
    model.load_state_dict(state_dict, strict=True)
  File "/usr/local/lib/python3.10/dist-packages/torch/nn/modules/module.py", line 2581, in load_state_dict
    raise RuntimeError(
RuntimeError: Error(s) in loading state_dict for AttentionTCNClassifier:
	size mismatch for input_proj.0.weight: copying a param with shape torch.Size([64, 18, 1]) from checkpoint, the shape in current model is torch.Size([80, 18, 1]).
	size mismatch for input_proj.1.weight: copying a param with shape torch.Size([64]) from checkpoint, the shape in current model is torch.Size([80]).
	size mismatch for input_proj.1.bias: copying a param with shape torch.Size([64]) from checkpoint, the shape in current model is torch.Size([80]).
	size mismatch for input_proj.1.running_mean: copying a param with shape torch.Size([64]) from checkpoint, the shape in current model is torch.Size([80]).
	size mismatch for input_proj.1.running_var: copying a param with shape torch.Size([64]) from checkpoint, the shape in current model is torch.Size([80]).
	size mismatch for tcn.0.net.0.weight: copying a param with shape torch.Size([64, 64, 3]) from checkpoint, the shape in current model is torch.Size([80, 80, 3]).
	size mismatch for tcn.0.net.1.weight: copying a param with shape torch.Size([64]) from checkpoint, the shape in current model is torch.Size([80]).
	size mismatch for tcn.0.net.1.bias: copying a param with shape torch.Size([64]) from checkpoint, the shape in current model is torch.Size([80]).
	size mismatch for tcn.0.net.1.running_mean: copying a param with shape torch.Size([64]) from checkpoint, the shape in current model is torch.Size([80]).
	size mismatch for tcn.0.net.1.running_var: copying a param with shape torch.Size([64]) from checkpoint, the shape in current model is torch.Size([80]).
	size mismatch for tcn.0.net.4.weight: copying a param with shape torch.Size([64, 64, 3]) from checkpoint, the shape in current model is torch.Size([80, 80, 3]).
	size mismatch for tcn.0.net.5.weight: copying a param with shape torch.Size([64]) from checkpoint, the shape in current model is torch.Size([80]).
	size mismatch for tcn.0.net.5.bias: copying a param with shape torch.Size([64]) from checkpoint, the shape in current model is torch.Size([80]).
	size mismatch for tcn.0.net.5.running_mean: copying a param with shape torch.Size([64]) from checkpoint, the shape in current model is torch.Size([80]).
	size mismatch for tcn.0.net.5.running_var: copying a param with shape torch.Size([64]) from checkpoint, the shape in current model is torch.Size([80]).
	size mismatch for tcn.1.net.0.weight: copying a param with shape torch.Size([64, 64, 3]) from checkpoint, the shape in current model is torch.Size([80, 80, 3]).
	size mismatch for tcn.1.net.1.weight: copying a param with shape torch.Size([64]) from checkpoint, the shape in current model is torch.Size([80]).
	size mismatch for tcn.1.net.1.bias: copying a param with shape torch.Size([64]) from checkpoint, the shape in current model is torch.Size([80]).
	size mismatch for tcn.1.net.1.running_mean: copying a param with shape torch.Size([64]) from checkpoint, the shape in current model is torch.Size([80]).
	size mismatch for tcn.1.net.1.running_var: copying a param with shape torch.Size([64]) from checkpoint, the shape in current model is torch.Size([80]).
	size mismatch for tcn.1.net.4.weight: copying a param with shape torch.Size([64, 64, 3]) from checkpoint, the shape in current model is torch.Size([80, 80, 3]).
	size mismatch for tcn.1.net.5.weight: copying a param with shape torch.Size([64]) from checkpoint, the shape in current model is torch.Size([80]).
	size mismatch for tcn.1.net.5.bias: copying a param with shape torch.Size([64]) from checkpoint, the shape in current model is torch.Size([80]).
	size mismatch for tcn.1.net.5.running_mean: copying a param with shape torch.Size([64]) from checkpoint, the shape in current model is torch.Size([80]).
	size mismatch for tcn.1.net.5.running_var: copying a param with shape torch.Size([64]) from checkpoint, the shape in current model is torch.Size([80]).
	size mismatch for tcn.2.net.0.weight: copying a param with shape torch.Size([64, 64, 3]) from checkpoint, the shape in current model is torch.Size([80, 80, 3]).
	size mismatch for tcn.2.net.1.weight: copying a param with shape torch.Size([64]) from checkpoint, the shape in current model is torch.Size([80]).
	size mismatch for tcn.2.net.1.bias: copying a param with shape torch.Size([64]) from checkpoint, the shape in current model is torch.Size([80]).
	size mismatch for tcn.2.net.1.running_mean: copying a param with shape torch.Size([64]) from checkpoint, the shape in current model is torch.Size([80]).
	size mismatch for tcn.2.net.1.running_var: copying a param with shape torch.Size([64]) from checkpoint, the shape in current model is torch.Size([80]).
	size mismatch for tcn.2.net.4.weight: copying a param with shape torch.Size([64, 64, 3]) from checkpoint, the shape in current model is torch.Size([80, 80, 3]).
	size mismatch for tcn.2.net.5.weight: copying a param with shape torch.Size([64]) from checkpoint, the shape in current model is torch.Size([80]).
	size mismatch for tcn.2.net.5.bias: copying a param with shape torch.Size([64]) from checkpoint, the shape in current model is torch.Size([80]).
	size mismatch for tcn.2.net.5.running_mean: copying a param with shape torch.Size([64]) from checkpoint, the shape in current model is torch.Size([80]).
	size mismatch for tcn.2.net.5.running_var: copying a param with shape torch.Size([64]) from checkpoint, the shape in current model is torch.Size([80]).
	size mismatch for attn.in_proj_weight: copying a param with shape torch.Size([192, 64]) from checkpoint, the shape in current model is torch.Size([240, 80]).
	size mismatch for attn.in_proj_bias: copying a param with shape torch.Size([192]) from checkpoint, the shape in current model is torch.Size([240]).
	size mismatch for attn.out_proj.weight: copying a param with shape torch.Size([64, 64]) from checkpoint, the shape in current model is torch.Size([80, 80]).
	size mismatch for attn.out_proj.bias: copying a param with shape torch.Size([64]) from checkpoint, the shape in current model is torch.Size([80]).
	size mismatch for ln1.weight: copying a param with shape torch.Size([64]) from checkpoint, the shape in current model is torch.Size([80]).
	size mismatch for ln1.bias: copying a param with shape torch.Size([64]) from checkpoint, the shape in current model is torch.Size([80]).
	size mismatch for ff.0.weight: copying a param with shape torch.Size([128, 64]) from checkpoint, the shape in current model is torch.Size([128, 80]).
	size mismatch for ff.3.weight: copying a param with shape torch.Size([64, 128]) from checkpoint, the shape in current model is torch.Size([80, 128]).
	size mismatch for ff.3.bias: copying a param with shape torch.Size([64]) from checkpoint, the shape in current model is torch.Size([80]).
	size mismatch for ln2.weight: copying a param with shape torch.Size([64]) from checkpoint, the shape in current model is torch.Size([80]).
	size mismatch for ln2.bias: copying a param with shape torch.Size([64]) from checkpoint, the shape in current model is torch.Size([80]).
	size mismatch for classifier.1.weight: copying a param with shape torch.Size([64, 128]) from checkpoint, the shape in current model is torch.Size([64, 160]).
/usr/bin/python /home/huang_kai/wind_turbine_phm/PHOENIX-main/autoencoder_benchmark/ablation_experiments/ablation3_joint_tcn_attn/scripts/train_ablation3_joint_tcn_attn.py --dataset-npz Data/processed_data/weld_seam_windows_ws5_tf75_pg0_h1.npz --output-dir ablation_experiments/h1/results/run_20260327_131013/ablation3_joint_tcn_attn/ablation3_h1_scan90_run_20260327_131013/stage1/s1_l3_o2_c0 --epochs 80 --batch-size 128 --lr-teacher 0.0001 --lr-student 0.0003 --weight-decay 0.00015 --seed 14 --num-workers 0 --checkpoint-metric test_acc --temperature 3.0 --lambda-ce 0.8 --lambda-kd 1.1 --lambda-feat 0.0 --freeze-teacher-epochs 0 --teacher-tcn-kernel 3 --teacher-tcn-layers 3 --teacher-tcn-channels 64,64,64 --teacher-tcn-dropout 0.08 --teacher-tcn-dilation-base 2 --teacher-classifier-hidden 64 --teacher-classifier-dropout 0.4 --teacher-attn-heads 4 --teacher-attn-dropout 0.1 --teacher-attn-ff-dim 128 --teacher-init-ckpt /home/huang_kai/wind_turbine_phm/PHOENIX-main/autoencoder_benchmark/outputs/teacher_h1_scan98_gpu1_v2/runs/single_tcn_attn_weld_seam_windows_ws5_tf75_pg0_h1_ep60_lr0.0003_bs128_k3_l3_d0.08_lat64_wd0.00015_seed14/best_single_tcn.pth --teacher-init-mode strict --student-tcn-layers 3 --student-tcn-dropout 0.12 --student-classifier-hidden 64 --student-classifier-dropout 0.3 --student-attn-dropout 0.05 --student-attn-ff-dim 128 --student-tcn-dilation-base 1 --weighted-sampler --student-init-ckpt ablation_experiments/h1/results/run_20260327_131013/ablation1_sweep/trials/trial_0004_A/ablation1_student_only_tcn_attn_weld_seam_windows_ws5_tf75_pg0_h1_ep80_lr0.00015_bs96_seed156/best_student_only.pth --student-init-mode shape_safe
Command: /usr/bin/python /home/huang_kai/wind_turbine_phm/PHOENIX-main/autoencoder_benchmark/ablation_experiments/ablation3_joint_tcn_attn/scripts/train_ablation3_joint_tcn_attn.py --dataset-npz Data/processed_data/weld_seam_windows_ws5_tf75_pg0_h1.npz --output-dir ablation_experiments/h1/results/run_20260327_131013/ablation3_joint_tcn_attn/ablation3_h1_scan90_run_20260327_131013/stage1/s1_l3_o2_c7 --epochs 80 --batch-size 128 --lr-teacher 0.0001 --lr-student 0.0003 --weight-decay 0.00015 --seed 14 --num-workers 0 --checkpoint-metric test_acc --temperature 3.0 --lambda-ce 0.8 --lambda-kd 1.1 --lambda-feat 0.0 --freeze-teacher-epochs 0 --teacher-tcn-kernel 3 --teacher-tcn-layers 3 --teacher-tcn-channels 64,64,64 --teacher-tcn-dropout 0.08 --teacher-tcn-dilation-base 2 --teacher-classifier-hidden 64 --teacher-classifier-dropout 0.4 --teacher-attn-heads 4 --teacher-attn-dropout 0.1 --teacher-attn-ff-dim 128 --teacher-init-ckpt /home/huang_kai/wind_turbine_phm/PHOENIX-main/autoencoder_benchmark/outputs/teacher_h1_scan98_gpu1_v2/runs/single_tcn_attn_weld_seam_windows_ws5_tf75_pg0_h1_ep60_lr0.0003_bs128_k3_l3_d0.08_lat64_wd0.00015_seed14/best_single_tcn.pth --teacher-init-mode strict --student-tcn-layers 3 --student-tcn-dropout 0.12 --student-classifier-hidden 64 --student-classifier-dropout 0.3 --student-attn-dropout 0.05 --student-attn-ff-dim 128 --student-tcn-dilation-base 1 --weighted-sampler --student-init-ckpt ablation_experiments/h1/results/run_20260327_131013/ablation1_sweep/trials/trial_0004_A/ablation1_student_only_tcn_attn_weld_seam_windows_ws5_tf75_pg0_h1_ep80_lr0.00015_bs96_seed156/best_student_only.pth --student-init-mode shape_safe
Command: /usr/bin/python /home/huang_kai/wind_turbine_phm/PHOENIX-main/autoencoder_benchmark/ablation_experiments/ablation3_joint_tcn_attn/scripts/train_ablation3_joint_tcn_attn.py --dataset-npz Data/processed_data/weld_seam_windows_ws5_tf75_pg0_h1.npz --output-dir ablation_experiments/h1/results/run_20260327_131013/ablation3_joint_tcn_attn/ablation3_h1_scan90_run_20260327_131013/stage1/s1_l3_o3_c0 --epochs 80 --batch-size 128 --lr-teacher 0.0002 --lr-student 0.0003 --weight-decay 0.0002 --seed 14 --num-workers 0 --checkpoint-metric test_acc --temperature 3.0 --lambda-ce 0.8 --lambda-kd 1.1 --lambda-feat 0.0 --freeze-teacher-epochs 0 --teacher-tcn-kernel 3 --teacher-tcn-layers 3 --teacher-tcn-channels 64,64,64 --teacher-tcn-dropout 0.08 --teacher-tcn-dilation-base 2 --teacher-classifier-hidden 64 --teacher-classifier-dropout 0.4 --teacher-attn-heads 4 --teacher-attn-dropout 0.1 --teacher-attn-ff-dim 128 --teacher-init-ckpt /home/huang_kai/wind_turbine_phm/PHOENIX-main/autoencoder_benchmark/outputs/teacher_h1_scan98_gpu1_v2/runs/single_tcn_attn_weld_seam_windows_ws5_tf75_pg0_h1_ep60_lr0.0003_bs128_k3_l3_d0.08_lat64_wd0.00015_seed14/best_single_tcn.pth --teacher-init-mode strict --student-tcn-layers 3 --student-tcn-dropout 0.12 --student-classifier-hidden 64 --student-classifier-dropout 0.3 --student-attn-dropout 0.05 --student-attn-ff-dim 128 --student-tcn-dilation-base 1 --weighted-sampler --student-init-ckpt ablation_experiments/h1/results/run_20260327_131013/ablation1_sweep/trials/trial_0004_A/ablation1_student_only_tcn_attn_weld_seam_windows_ws5_tf75_pg0_h1_ep80_lr0.00015_bs96_seed156/best_student_only.pth --student-init-mode shape_safe
Command: /usr/bin/python /home/huang_kai/wind_turbine_phm/PHOENIX-main/autoencoder_benchmark/ablation_experiments/ablation3_joint_tcn_attn/scripts/train_ablation3_joint_tcn_attn.py --dataset-npz Data/processed_data/weld_seam_windows_ws5_tf75_pg0_h1.npz --output-dir ablation_experiments/h1/results/run_20260327_131013/ablation3_joint_tcn_attn/ablation3_h1_scan90_run_20260327_131013/stage1/s1_l3_o3_c7 --epochs 80 --batch-size 128 --lr-teacher 0.0002 --lr-student 0.0003 --weight-decay 0.0002 --seed 14 --num-workers 0 --checkpoint-metric test_acc --temperature 3.0 --lambda-ce 0.8 --lambda-kd 1.1 --lambda-feat 0.0 --freeze-teacher-epochs 0 --teacher-tcn-kernel 3 --teacher-tcn-layers 3 --teacher-tcn-channels 64,64,64 --teacher-tcn-dropout 0.08 --teacher-tcn-dilation-base 2 --teacher-classifier-hidden 64 --teacher-classifier-dropout 0.4 --teacher-attn-heads 4 --teacher-attn-dropout 0.1 --teacher-attn-ff-dim 128 --teacher-init-ckpt /home/huang_kai/wind_turbine_phm/PHOENIX-main/autoencoder_benchmark/outputs/teacher_h1_scan98_gpu1_v2/runs/single_tcn_attn_weld_seam_windows_ws5_tf75_pg0_h1_ep60_lr0.0003_bs128_k3_l3_d0.08_lat64_wd0.00015_seed14/best_single_tcn.pth --teacher-init-mode strict --student-tcn-layers 3 --student-tcn-dropout 0.12 --student-classifier-hidden 64 --student-classifier-dropout 0.3 --student-attn-dropout 0.05 --student-attn-ff-dim 128 --student-tcn-dilation-base 1 --weighted-sampler --student-init-ckpt ablation_experiments/h1/results/run_20260327_131013/ablation1_sweep/trials/trial_0004_A/ablation1_student_only_tcn_attn_weld_seam_windows_ws5_tf75_pg0_h1_ep80_lr0.00015_bs96_seed156/best_student_only.pth --student-init-mode shape_safe
Finished runs: 24
Summary: ablation_experiments/h1/reports/run_20260327_131013/ablation3_joint_tcn_attn/ablation3_h1_scan90_run_20260327_131013/ablation3_h1_sweep_summary.json
