/usr/local/lib/python3.10/dist-packages/torch/optim/lr_scheduler.py:227: UserWarning: Detected call of `lr_scheduler.step()` before `optimizer.step()`. In PyTorch 1.1.0 and later, you should call them in the opposite order: `optimizer.step()` before `lr_scheduler.step()`.  Failure to do this will result in PyTorch skipping the first value of the learning rate schedule. See more details at https://pytorch.org/docs/stable/optim.html#how-to-adjust-learning-rate
  warnings.warn(
================================================================================
Ablation-3 | Joint teacher-student future-step prediction with TCN+Attention
================================================================================
Dataset: Data/processed_data/weld_seam_windows_ws5_tf75_pg0_h1.npz
Device: cuda
Train/Val/Test: 990 / 175 / 356
Input full/subset dims: 18 / 13
Dropped feature indices: [3, 4, 5, 6, 7]
Temperature: 2.5
Loss weights (ce/kd/feat): 0.9 / 1.1 / 0.0
Checkpoint metric: test_acc
Freeze teacher epochs: 5
Teacher init summary: {'init_mode': 'strict', 'loaded_keys': 58, 'skipped_keys': [], 'missing_model_keys': []}
Student init summary: {'init_mode': 'shape_safe', 'loaded_keys': 9, 'skipped_keys': ['attn.in_proj_bias', 'attn.in_proj_weight', 'attn.out_proj.bias', 'attn.out_proj.weight', 'classifier.1.bias', 'classifier.1.weight', 'classifier.4.weight', 'ff.0.weight', 'ff.3.bias', 'ff.3.weight', 'input_proj.0.weight', 'input_proj.1.bias', 'input_proj.1.running_mean', 'input_proj.1.running_var', 'input_proj.1.weight', 'ln1.bias', 'ln1.weight', 'ln2.bias', 'ln2.weight', 'tcn.0.net.0.weight', 'tcn.0.net.1.bias', 'tcn.0.net.1.running_mean', 'tcn.0.net.1.running_var', 'tcn.0.net.1.weight', 'tcn.0.net.4.weight', 'tcn.0.net.5.bias', 'tcn.0.net.5.running_mean', 'tcn.0.net.5.running_var', 'tcn.0.net.5.weight', 'tcn.1.net.0.weight', 'tcn.1.net.1.bias', 'tcn.1.net.1.running_mean', 'tcn.1.net.1.running_var', 'tcn.1.net.1.weight', 'tcn.1.net.4.weight', 'tcn.1.net.5.bias', 'tcn.1.net.5.running_mean', 'tcn.1.net.5.running_var', 'tcn.1.net.5.weight', 'tcn.2.net.0.weight', 'tcn.2.net.1.bias', 'tcn.2.net.1.running_mean', 'tcn.2.net.1.running_var', 'tcn.2.net.1.weight', 'tcn.2.net.4.weight', 'tcn.2.net.5.bias', 'tcn.2.net.5.running_mean', 'tcn.2.net.5.running_var', 'tcn.2.net.5.weight'], 'missing_model_keys': ['attn.in_proj_bias', 'attn.in_proj_weight', 'attn.out_proj.bias', 'attn.out_proj.weight', 'classifier.1.bias', 'classifier.1.weight', 'classifier.4.weight', 'ff.0.weight', 'ff.3.bias', 'ff.3.weight', 'input_proj.0.weight', 'input_proj.1.bias', 'input_proj.1.running_mean', 'input_proj.1.running_var', 'input_proj.1.weight', 'ln1.bias', 'ln1.weight', 'ln2.bias', 'ln2.weight', 'tcn.0.net.0.weight', 'tcn.0.net.1.bias', 'tcn.0.net.1.running_mean', 'tcn.0.net.1.running_var', 'tcn.0.net.1.weight', 'tcn.0.net.4.weight', 'tcn.0.net.5.bias', 'tcn.0.net.5.running_mean', 'tcn.0.net.5.running_var', 'tcn.0.net.5.weight', 'tcn.1.net.0.weight', 'tcn.1.net.1.bias', 'tcn.1.net.1.running_mean', 'tcn.1.net.1.running_var', 'tcn.1.net.1.weight', 'tcn.1.net.4.weight', 'tcn.1.net.5.bias', 'tcn.1.net.5.running_mean', 'tcn.1.net.5.running_var', 'tcn.1.net.5.weight', 'tcn.2.net.0.weight', 'tcn.2.net.1.bias', 'tcn.2.net.1.running_mean', 'tcn.2.net.1.running_var', 'tcn.2.net.1.weight', 'tcn.2.net.4.weight', 'tcn.2.net.5.bias', 'tcn.2.net.5.running_mean', 'tcn.2.net.5.running_var', 'tcn.2.net.5.weight']}
Epoch 001 | teacher_ce=0.6366 | student=1.0460 (ce=0.9980, kd=0.1344, feat=1.6805) | val_student_acc=55.43% val_student_f1=0.5909 val_agree=69.71% | test_student_acc=36.80% test_agree=37.92%
Epoch 002 | teacher_ce=0.6243 | student=0.7196 (ce=0.7112, kd=0.0723, feat=1.6936) | val_student_acc=74.86% val_student_f1=0.7742 val_agree=87.43% | test_student_acc=65.45% test_agree=65.45%
Epoch 003 | teacher_ce=0.6258 | student=0.5456 (ce=0.5061, kd=0.0819, feat=1.7737) | val_student_acc=88.57% val_student_f1=0.8883 val_agree=88.57% | test_student_acc=97.75% test_agree=96.63%
Epoch 004 | teacher_ce=0.6320 | student=0.4943 (ce=0.3797, kd=0.1387, feat=1.8154) | val_student_acc=94.29% val_student_f1=0.9447 val_agree=85.14% | test_student_acc=96.35% test_agree=95.22%
Epoch 005 | teacher_ce=0.6342 | student=0.4793 (ce=0.3468, kd=0.1520, feat=1.8192) | val_student_acc=94.29% val_student_f1=0.9447 val_agree=85.14% | test_student_acc=93.82% test_agree=92.70%
Epoch 006 | teacher_ce=0.6022 | student=0.4867 (ce=0.3477, kd=0.1580, feat=1.7296) | val_student_acc=96.57% val_student_f1=0.9667 val_agree=93.71% | test_student_acc=90.73% test_agree=91.85%
Epoch 007 | teacher_ce=0.5184 | student=0.4696 (ce=0.3545, kd=0.1369, feat=1.7436) | val_student_acc=97.71% val_student_f1=0.9752 val_agree=93.71% | test_student_acc=87.92% test_agree=90.17%
Epoch 008 | teacher_ce=0.4452 | student=0.4348 (ce=0.3172, kd=0.1358, feat=1.7863) | val_student_acc=97.14% val_student_f1=0.9721 val_agree=94.86% | test_student_acc=92.42% test_agree=93.54%
Epoch 009 | teacher_ce=0.3905 | student=0.3992 (ce=0.2565, kd=0.1531, feat=1.8369) | val_student_acc=97.71% val_student_f1=0.9775 val_agree=94.86% | test_student_acc=92.13% test_agree=93.54%
Epoch 010 | teacher_ce=0.3416 | student=0.3809 (ce=0.2176, kd=0.1683, feat=1.8772) | val_student_acc=98.29% val_student_f1=0.9807 val_agree=97.71% | test_student_acc=88.48% test_agree=91.29%
Epoch 011 | teacher_ce=0.2764 | student=0.3483 (ce=0.1865, kd=0.1640, feat=1.9124) | val_student_acc=98.86% val_student_f1=0.9886 val_agree=97.14% | test_student_acc=91.57% test_agree=93.26%
Epoch 012 | teacher_ce=0.2461 | student=0.3307 (ce=0.1818, kd=0.1519, feat=1.9245) | val_student_acc=98.29% val_student_f1=0.9807 val_agree=97.71% | test_student_acc=88.48% test_agree=94.38%
Epoch 013 | teacher_ce=0.2187 | student=0.3270 (ce=0.1481, kd=0.1761, feat=1.9298) | val_student_acc=98.86% val_student_f1=0.9886 val_agree=97.14% | test_student_acc=86.24% test_agree=91.85%
Epoch 014 | teacher_ce=0.1907 | student=0.3312 (ce=0.1325, kd=0.1927, feat=1.9492) | val_student_acc=98.86% val_student_f1=0.9886 val_agree=97.71% | test_student_acc=85.11% test_agree=92.70%
Epoch 015 | teacher_ce=0.1693 | student=0.3243 (ce=0.1210, kd=0.1958, feat=1.9586) | val_student_acc=98.86% val_student_f1=0.9886 val_agree=98.29% | test_student_acc=83.43% test_agree=92.42%
Epoch 016 | teacher_ce=0.1454 | student=0.3023 (ce=0.1146, kd=0.1810, feat=1.9569) | val_student_acc=98.86% val_student_f1=0.9886 val_agree=98.29% | test_student_acc=84.55% test_agree=94.10%
Epoch 017 | teacher_ce=0.1212 | student=0.2931 (ce=0.0928, kd=0.1905, feat=1.9836) | val_student_acc=99.43% val_student_f1=0.9943 val_agree=98.29% | test_student_acc=87.08% test_agree=95.79%
Epoch 018 | teacher_ce=0.1041 | student=0.2673 (ce=0.0743, kd=0.1823, feat=2.0111) | val_student_acc=100.00% val_student_f1=1.0000 val_agree=100.00% | test_student_acc=84.83% test_agree=92.70%
Epoch 019 | teacher_ce=0.0978 | student=0.2880 (ce=0.0750, kd=0.2005, feat=2.0148) | val_student_acc=100.00% val_student_f1=1.0000 val_agree=100.00% | test_student_acc=82.87% test_agree=93.26%
Early stopping at epoch 19 (best=3, score=0.977528)
================================================================================
Best epoch: 3
Best score (test_acc): 0.977528
Final test student accuracy: 97.75%
Final test teacher agreement: 96.63%
Saved to: ablation_experiments/h1/results/run_20260327_131013/ablation3_joint_tcn_attn/ablation3_h1_scan90_run_20260327_131013_rerun/stage0/s0_l4_c0/ablation3_joint_tcn_attn_weld_seam_windows_ws5_tf75_pg0_h1_ep80_lrt0.0001_lrs0.0003_bs128_T2.5_lce0.9_lkd1.1_lf0.0_seed14
/usr/local/lib/python3.10/dist-packages/torch/optim/lr_scheduler.py:227: UserWarning: Detected call of `lr_scheduler.step()` before `optimizer.step()`. In PyTorch 1.1.0 and later, you should call them in the opposite order: `optimizer.step()` before `lr_scheduler.step()`.  Failure to do this will result in PyTorch skipping the first value of the learning rate schedule. See more details at https://pytorch.org/docs/stable/optim.html#how-to-adjust-learning-rate
  warnings.warn(
================================================================================
Ablation-3 | Joint teacher-student future-step prediction with TCN+Attention
================================================================================
Dataset: Data/processed_data/weld_seam_windows_ws5_tf75_pg0_h1.npz
Device: cuda
Train/Val/Test: 990 / 175 / 356
Input full/subset dims: 18 / 13
Dropped feature indices: [3, 4, 5, 6, 7]
Temperature: 2.5
Loss weights (ce/kd/feat): 0.9 / 1.1 / 0.0
Checkpoint metric: test_acc
Freeze teacher epochs: 5
Teacher init summary: {'init_mode': 'strict', 'loaded_keys': 58, 'skipped_keys': [], 'missing_model_keys': []}
Student init summary: {'init_mode': 'shape_safe', 'loaded_keys': 9, 'skipped_keys': ['attn.in_proj_bias', 'attn.in_proj_weight', 'attn.out_proj.bias', 'attn.out_proj.weight', 'classifier.1.bias', 'classifier.1.weight', 'classifier.4.weight', 'ff.0.weight', 'ff.3.bias', 'ff.3.weight', 'input_proj.0.weight', 'input_proj.1.bias', 'input_proj.1.running_mean', 'input_proj.1.running_var', 'input_proj.1.weight', 'ln1.bias', 'ln1.weight', 'ln2.bias', 'ln2.weight', 'tcn.0.net.0.weight', 'tcn.0.net.1.bias', 'tcn.0.net.1.running_mean', 'tcn.0.net.1.running_var', 'tcn.0.net.1.weight', 'tcn.0.net.4.weight', 'tcn.0.net.5.bias', 'tcn.0.net.5.running_mean', 'tcn.0.net.5.running_var', 'tcn.0.net.5.weight', 'tcn.1.net.0.weight', 'tcn.1.net.1.bias', 'tcn.1.net.1.running_mean', 'tcn.1.net.1.running_var', 'tcn.1.net.1.weight', 'tcn.1.net.4.weight', 'tcn.1.net.5.bias', 'tcn.1.net.5.running_mean', 'tcn.1.net.5.running_var', 'tcn.1.net.5.weight', 'tcn.2.net.0.weight', 'tcn.2.net.1.bias', 'tcn.2.net.1.running_mean', 'tcn.2.net.1.running_var', 'tcn.2.net.1.weight', 'tcn.2.net.4.weight', 'tcn.2.net.5.bias', 'tcn.2.net.5.running_mean', 'tcn.2.net.5.running_var', 'tcn.2.net.5.weight'], 'missing_model_keys': ['attn.in_proj_bias', 'attn.in_proj_weight', 'attn.out_proj.bias', 'attn.out_proj.weight', 'classifier.1.bias', 'classifier.1.weight', 'classifier.4.weight', 'ff.0.weight', 'ff.3.bias', 'ff.3.weight', 'input_proj.0.weight', 'input_proj.1.bias', 'input_proj.1.running_mean', 'input_proj.1.running_var', 'input_proj.1.weight', 'ln1.bias', 'ln1.weight', 'ln2.bias', 'ln2.weight', 'tcn.0.net.0.weight', 'tcn.0.net.1.bias', 'tcn.0.net.1.running_mean', 'tcn.0.net.1.running_var', 'tcn.0.net.1.weight', 'tcn.0.net.4.weight', 'tcn.0.net.5.bias', 'tcn.0.net.5.running_mean', 'tcn.0.net.5.running_var', 'tcn.0.net.5.weight', 'tcn.1.net.0.weight', 'tcn.1.net.1.bias', 'tcn.1.net.1.running_mean', 'tcn.1.net.1.running_var', 'tcn.1.net.1.weight', 'tcn.1.net.4.weight', 'tcn.1.net.5.bias', 'tcn.1.net.5.running_mean', 'tcn.1.net.5.running_var', 'tcn.1.net.5.weight', 'tcn.2.net.0.weight', 'tcn.2.net.1.bias', 'tcn.2.net.1.running_mean', 'tcn.2.net.1.running_var', 'tcn.2.net.1.weight', 'tcn.2.net.4.weight', 'tcn.2.net.5.bias', 'tcn.2.net.5.running_mean', 'tcn.2.net.5.running_var', 'tcn.2.net.5.weight']}
Epoch 001 | teacher_ce=0.6366 | student=1.0460 (ce=0.9980, kd=0.1344, feat=1.6805) | val_student_acc=55.43% val_student_f1=0.5909 val_agree=69.71% | test_student_acc=36.80% test_agree=37.92%
Epoch 002 | teacher_ce=0.6243 | student=0.7196 (ce=0.7112, kd=0.0723, feat=1.6936) | val_student_acc=74.86% val_student_f1=0.7742 val_agree=87.43% | test_student_acc=65.45% test_agree=65.45%
Epoch 003 | teacher_ce=0.6258 | student=0.5456 (ce=0.5061, kd=0.0819, feat=1.7737) | val_student_acc=88.57% val_student_f1=0.8883 val_agree=88.57% | test_student_acc=97.75% test_agree=96.63%
Epoch 004 | teacher_ce=0.6320 | student=0.4943 (ce=0.3797, kd=0.1387, feat=1.8154) | val_student_acc=94.29% val_student_f1=0.9447 val_agree=85.14% | test_student_acc=96.35% test_agree=95.22%
Epoch 005 | teacher_ce=0.6342 | student=0.4793 (ce=0.3468, kd=0.1520, feat=1.8192) | val_student_acc=94.29% val_student_f1=0.9447 val_agree=85.14% | test_student_acc=93.82% test_agree=92.70%
Epoch 006 | teacher_ce=0.6022 | student=0.4867 (ce=0.3477, kd=0.1580, feat=1.7296) | val_student_acc=96.57% val_student_f1=0.9667 val_agree=93.71% | test_student_acc=90.73% test_agree=91.85%
Epoch 007 | teacher_ce=0.5184 | student=0.4696 (ce=0.3545, kd=0.1369, feat=1.7436) | val_student_acc=97.71% val_student_f1=0.9752 val_agree=93.71% | test_student_acc=87.92% test_agree=90.17%
Epoch 008 | teacher_ce=0.4452 | student=0.4348 (ce=0.3172, kd=0.1358, feat=1.7863) | val_student_acc=97.14% val_student_f1=0.9721 val_agree=94.86% | test_student_acc=92.42% test_agree=93.54%
Epoch 009 | teacher_ce=0.3905 | student=0.3992 (ce=0.2565, kd=0.1531, feat=1.8369) | val_student_acc=97.71% val_student_f1=0.9775 val_agree=94.86% | test_student_acc=92.13% test_agree=93.54%
Epoch 010 | teacher_ce=0.3416 | student=0.3809 (ce=0.2176, kd=0.1683, feat=1.8772) | val_student_acc=98.29% val_student_f1=0.9807 val_agree=97.71% | test_student_acc=88.48% test_agree=91.29%
Epoch 011 | teacher_ce=0.2764 | student=0.3483 (ce=0.1865, kd=0.1640, feat=1.9124) | val_student_acc=98.86% val_student_f1=0.9886 val_agree=97.14% | test_student_acc=91.57% test_agree=93.26%
Epoch 012 | teacher_ce=0.2461 | student=0.3307 (ce=0.1818, kd=0.1519, feat=1.9245) | val_student_acc=98.29% val_student_f1=0.9807 val_agree=97.71% | test_student_acc=88.48% test_agree=94.38%
Epoch 013 | teacher_ce=0.2187 | student=0.3270 (ce=0.1481, kd=0.1761, feat=1.9298) | val_student_acc=98.86% val_student_f1=0.9886 val_agree=97.14% | test_student_acc=86.24% test_agree=91.85%
Epoch 014 | teacher_ce=0.1907 | student=0.3312 (ce=0.1325, kd=0.1927, feat=1.9492) | val_student_acc=98.86% val_student_f1=0.9886 val_agree=97.71% | test_student_acc=85.11% test_agree=92.70%
Epoch 015 | teacher_ce=0.1693 | student=0.3243 (ce=0.1210, kd=0.1958, feat=1.9586) | val_student_acc=98.86% val_student_f1=0.9886 val_agree=98.29% | test_student_acc=83.43% test_agree=92.42%
Epoch 016 | teacher_ce=0.1454 | student=0.3023 (ce=0.1146, kd=0.1810, feat=1.9569) | val_student_acc=98.86% val_student_f1=0.9886 val_agree=98.29% | test_student_acc=84.55% test_agree=94.10%
Epoch 017 | teacher_ce=0.1212 | student=0.2931 (ce=0.0928, kd=0.1905, feat=1.9836) | val_student_acc=99.43% val_student_f1=0.9943 val_agree=98.29% | test_student_acc=87.08% test_agree=95.79%
Epoch 018 | teacher_ce=0.1041 | student=0.2673 (ce=0.0743, kd=0.1823, feat=2.0111) | val_student_acc=100.00% val_student_f1=1.0000 val_agree=100.00% | test_student_acc=84.83% test_agree=92.70%
Epoch 019 | teacher_ce=0.0978 | student=0.2880 (ce=0.0750, kd=0.2005, feat=2.0148) | val_student_acc=100.00% val_student_f1=1.0000 val_agree=100.00% | test_student_acc=82.87% test_agree=93.26%
Early stopping at epoch 19 (best=3, score=0.977528)
================================================================================
Best epoch: 3
Best score (test_acc): 0.977528
Final test student accuracy: 97.75%
Final test teacher agreement: 96.63%
Saved to: ablation_experiments/h1/results/run_20260327_131013/ablation3_joint_tcn_attn/ablation3_h1_scan90_run_20260327_131013_rerun/stage0/s0_l4_c7/ablation3_joint_tcn_attn_weld_seam_windows_ws5_tf75_pg0_h1_ep80_lrt0.0001_lrs0.0003_bs128_T2.5_lce0.9_lkd1.1_lf0.0_seed14
/usr/local/lib/python3.10/dist-packages/torch/optim/lr_scheduler.py:227: UserWarning: Detected call of `lr_scheduler.step()` before `optimizer.step()`. In PyTorch 1.1.0 and later, you should call them in the opposite order: `optimizer.step()` before `lr_scheduler.step()`.  Failure to do this will result in PyTorch skipping the first value of the learning rate schedule. See more details at https://pytorch.org/docs/stable/optim.html#how-to-adjust-learning-rate
  warnings.warn(
================================================================================
Ablation-3 | Joint teacher-student future-step prediction with TCN+Attention
================================================================================
Dataset: Data/processed_data/weld_seam_windows_ws5_tf75_pg0_h1.npz
Device: cuda
Train/Val/Test: 990 / 175 / 356
Input full/subset dims: 18 / 13
Dropped feature indices: [3, 4, 5, 6, 7]
Temperature: 2.0
Loss weights (ce/kd/feat): 0.9 / 1.2 / 0.1
Checkpoint metric: test_acc
Freeze teacher epochs: 5
Teacher init summary: {'init_mode': 'strict', 'loaded_keys': 58, 'skipped_keys': [], 'missing_model_keys': []}
Student init summary: {'init_mode': 'shape_safe', 'loaded_keys': 9, 'skipped_keys': ['attn.in_proj_bias', 'attn.in_proj_weight', 'attn.out_proj.bias', 'attn.out_proj.weight', 'classifier.1.bias', 'classifier.1.weight', 'classifier.4.weight', 'ff.0.weight', 'ff.3.bias', 'ff.3.weight', 'input_proj.0.weight', 'input_proj.1.bias', 'input_proj.1.running_mean', 'input_proj.1.running_var', 'input_proj.1.weight', 'ln1.bias', 'ln1.weight', 'ln2.bias', 'ln2.weight', 'tcn.0.net.0.weight', 'tcn.0.net.1.bias', 'tcn.0.net.1.running_mean', 'tcn.0.net.1.running_var', 'tcn.0.net.1.weight', 'tcn.0.net.4.weight', 'tcn.0.net.5.bias', 'tcn.0.net.5.running_mean', 'tcn.0.net.5.running_var', 'tcn.0.net.5.weight', 'tcn.1.net.0.weight', 'tcn.1.net.1.bias', 'tcn.1.net.1.running_mean', 'tcn.1.net.1.running_var', 'tcn.1.net.1.weight', 'tcn.1.net.4.weight', 'tcn.1.net.5.bias', 'tcn.1.net.5.running_mean', 'tcn.1.net.5.running_var', 'tcn.1.net.5.weight', 'tcn.2.net.0.weight', 'tcn.2.net.1.bias', 'tcn.2.net.1.running_mean', 'tcn.2.net.1.running_var', 'tcn.2.net.1.weight', 'tcn.2.net.4.weight', 'tcn.2.net.5.bias', 'tcn.2.net.5.running_mean', 'tcn.2.net.5.running_var', 'tcn.2.net.5.weight'], 'missing_model_keys': ['attn.in_proj_bias', 'attn.in_proj_weight', 'attn.out_proj.bias', 'attn.out_proj.weight', 'classifier.1.bias', 'classifier.1.weight', 'classifier.4.weight', 'ff.0.weight', 'ff.3.bias', 'ff.3.weight', 'input_proj.0.weight', 'input_proj.1.bias', 'input_proj.1.running_mean', 'input_proj.1.running_var', 'input_proj.1.weight', 'ln1.bias', 'ln1.weight', 'ln2.bias', 'ln2.weight', 'tcn.0.net.0.weight', 'tcn.0.net.1.bias', 'tcn.0.net.1.running_mean', 'tcn.0.net.1.running_var', 'tcn.0.net.1.weight', 'tcn.0.net.4.weight', 'tcn.0.net.5.bias', 'tcn.0.net.5.running_mean', 'tcn.0.net.5.running_var', 'tcn.0.net.5.weight', 'tcn.1.net.0.weight', 'tcn.1.net.1.bias', 'tcn.1.net.1.running_mean', 'tcn.1.net.1.running_var', 'tcn.1.net.1.weight', 'tcn.1.net.4.weight', 'tcn.1.net.5.bias', 'tcn.1.net.5.running_mean', 'tcn.1.net.5.running_var', 'tcn.1.net.5.weight', 'tcn.2.net.0.weight', 'tcn.2.net.1.bias', 'tcn.2.net.1.running_mean', 'tcn.2.net.1.running_var', 'tcn.2.net.1.weight', 'tcn.2.net.4.weight', 'tcn.2.net.5.bias', 'tcn.2.net.5.running_mean', 'tcn.2.net.5.running_var', 'tcn.2.net.5.weight']}
Epoch 001 | teacher_ce=0.6366 | student=1.2241 (ce=0.9984, kd=0.1337, feat=1.6507) | val_student_acc=56.00% val_student_f1=0.5976 val_agree=70.29% | test_student_acc=37.08% test_agree=38.20%
Epoch 002 | teacher_ce=0.6243 | student=0.8902 (ce=0.7175, kd=0.0714, feat=1.5873) | val_student_acc=75.43% val_student_f1=0.7833 val_agree=86.86% | test_student_acc=67.42% test_agree=67.42%
Epoch 003 | teacher_ce=0.6258 | student=0.7136 (ce=0.5170, kd=0.0752, feat=1.5802) | val_student_acc=88.00% val_student_f1=0.8834 val_agree=89.14% | test_student_acc=98.31% test_agree=97.19%
Epoch 004 | teacher_ce=0.6320 | student=0.6552 (ce=0.3964, kd=0.1214, feat=1.5262) | val_student_acc=93.71% val_student_f1=0.9395 val_agree=85.71% | test_student_acc=97.19% test_agree=96.07%
Epoch 005 | teacher_ce=0.6342 | student=0.6302 (ce=0.3726, kd=0.1280, feat=1.4132) | val_student_acc=93.71% val_student_f1=0.9395 val_agree=85.71% | test_student_acc=93.82% test_agree=92.70%
Epoch 006 | teacher_ce=0.6022 | student=0.6356 (ce=0.3772, kd=0.1369, feat=1.3173) | val_student_acc=95.43% val_student_f1=0.9560 val_agree=94.86% | test_student_acc=91.01% test_agree=92.13%
Epoch 007 | teacher_ce=0.5184 | student=0.6132 (ce=0.3764, kd=0.1253, feat=1.2412) | val_student_acc=96.00% val_student_f1=0.9590 val_agree=95.43% | test_student_acc=88.48% test_agree=90.73%
Epoch 008 | teacher_ce=0.4452 | student=0.5746 (ce=0.3295, kd=0.1304, feat=1.2151) | val_student_acc=96.00% val_student_f1=0.9613 val_agree=96.00% | test_student_acc=92.70% test_agree=93.82%
Epoch 009 | teacher_ce=0.3905 | student=0.5330 (ce=0.2652, kd=0.1460, feat=1.1904) | val_student_acc=97.14% val_student_f1=0.9697 val_agree=95.43% | test_student_acc=92.42% test_agree=94.38%
Epoch 010 | teacher_ce=0.3416 | student=0.5067 (ce=0.2322, kd=0.1533, feat=1.1378) | val_student_acc=98.29% val_student_f1=0.9807 val_agree=97.71% | test_student_acc=87.36% test_agree=90.17%
Epoch 011 | teacher_ce=0.2764 | student=0.4674 (ce=0.1994, kd=0.1500, feat=1.0795) | val_student_acc=98.29% val_student_f1=0.9807 val_agree=97.71% | test_student_acc=90.45% test_agree=93.26%
Epoch 012 | teacher_ce=0.2461 | student=0.4427 (ce=0.1917, kd=0.1410, feat=1.0105) | val_student_acc=98.29% val_student_f1=0.9807 val_agree=97.71% | test_student_acc=87.64% test_agree=94.10%
Epoch 013 | teacher_ce=0.2187 | student=0.4332 (ce=0.1592, kd=0.1619, feat=0.9562) | val_student_acc=97.71% val_student_f1=0.9749 val_agree=97.14% | test_student_acc=84.55% test_agree=90.17%
Epoch 014 | teacher_ce=0.1907 | student=0.4216 (ce=0.1395, kd=0.1706, feat=0.9144) | val_student_acc=98.86% val_student_f1=0.9886 val_agree=97.71% | test_student_acc=87.36% test_agree=93.26%
Epoch 015 | teacher_ce=0.1693 | student=0.4139 (ce=0.1288, kd=0.1776, feat=0.8488) | val_student_acc=97.71% val_student_f1=0.9752 val_agree=98.29% | test_student_acc=82.30% test_agree=92.42%
Epoch 016 | teacher_ce=0.1454 | student=0.3807 (ce=0.1195, kd=0.1612, feat=0.7975) | val_student_acc=98.86% val_student_f1=0.9886 val_agree=98.29% | test_student_acc=85.39% test_agree=94.94%
Epoch 017 | teacher_ce=0.1212 | student=0.3677 (ce=0.0985, kd=0.1676, feat=0.7798) | val_student_acc=99.43% val_student_f1=0.9943 val_agree=98.29% | test_student_acc=86.24% test_agree=94.94%
Epoch 018 | teacher_ce=0.1041 | student=0.3366 (ce=0.0789, kd=0.1593, feat=0.7445) | val_student_acc=100.00% val_student_f1=1.0000 val_agree=100.00% | test_student_acc=83.15% test_agree=94.38%
Epoch 019 | teacher_ce=0.0978 | student=0.3452 (ce=0.0786, kd=0.1704, feat=0.7002) | val_student_acc=99.43% val_student_f1=0.9943 val_agree=99.43% | test_student_acc=83.15% test_agree=94.10%
Early stopping at epoch 19 (best=3, score=0.983146)
================================================================================
Best epoch: 3
Best score (test_acc): 0.983146
Final test student accuracy: 98.31%
Final test teacher agreement: 97.19%
Saved to: ablation_experiments/h1/results/run_20260327_131013/ablation3_joint_tcn_attn/ablation3_h1_scan90_run_20260327_131013_rerun/stage0/s0_l4p_c0/ablation3_joint_tcn_attn_weld_seam_windows_ws5_tf75_pg0_h1_ep80_lrt0.0001_lrs0.0003_bs128_T2.0_lce0.9_lkd1.2_lf0.1_seed14
/usr/local/lib/python3.10/dist-packages/torch/optim/lr_scheduler.py:227: UserWarning: Detected call of `lr_scheduler.step()` before `optimizer.step()`. In PyTorch 1.1.0 and later, you should call them in the opposite order: `optimizer.step()` before `lr_scheduler.step()`.  Failure to do this will result in PyTorch skipping the first value of the learning rate schedule. See more details at https://pytorch.org/docs/stable/optim.html#how-to-adjust-learning-rate
  warnings.warn(
================================================================================
Ablation-3 | Joint teacher-student future-step prediction with TCN+Attention
================================================================================
Dataset: Data/processed_data/weld_seam_windows_ws5_tf75_pg0_h1.npz
Device: cuda
Train/Val/Test: 990 / 175 / 356
Input full/subset dims: 18 / 13
Dropped feature indices: [3, 4, 5, 6, 7]
Temperature: 2.0
Loss weights (ce/kd/feat): 0.9 / 1.2 / 0.1
Checkpoint metric: test_acc
Freeze teacher epochs: 5
Teacher init summary: {'init_mode': 'strict', 'loaded_keys': 58, 'skipped_keys': [], 'missing_model_keys': []}
Student init summary: {'init_mode': 'shape_safe', 'loaded_keys': 9, 'skipped_keys': ['attn.in_proj_bias', 'attn.in_proj_weight', 'attn.out_proj.bias', 'attn.out_proj.weight', 'classifier.1.bias', 'classifier.1.weight', 'classifier.4.weight', 'ff.0.weight', 'ff.3.bias', 'ff.3.weight', 'input_proj.0.weight', 'input_proj.1.bias', 'input_proj.1.running_mean', 'input_proj.1.running_var', 'input_proj.1.weight', 'ln1.bias', 'ln1.weight', 'ln2.bias', 'ln2.weight', 'tcn.0.net.0.weight', 'tcn.0.net.1.bias', 'tcn.0.net.1.running_mean', 'tcn.0.net.1.running_var', 'tcn.0.net.1.weight', 'tcn.0.net.4.weight', 'tcn.0.net.5.bias', 'tcn.0.net.5.running_mean', 'tcn.0.net.5.running_var', 'tcn.0.net.5.weight', 'tcn.1.net.0.weight', 'tcn.1.net.1.bias', 'tcn.1.net.1.running_mean', 'tcn.1.net.1.running_var', 'tcn.1.net.1.weight', 'tcn.1.net.4.weight', 'tcn.1.net.5.bias', 'tcn.1.net.5.running_mean', 'tcn.1.net.5.running_var', 'tcn.1.net.5.weight', 'tcn.2.net.0.weight', 'tcn.2.net.1.bias', 'tcn.2.net.1.running_mean', 'tcn.2.net.1.running_var', 'tcn.2.net.1.weight', 'tcn.2.net.4.weight', 'tcn.2.net.5.bias', 'tcn.2.net.5.running_mean', 'tcn.2.net.5.running_var', 'tcn.2.net.5.weight'], 'missing_model_keys': ['attn.in_proj_bias', 'attn.in_proj_weight', 'attn.out_proj.bias', 'attn.out_proj.weight', 'classifier.1.bias', 'classifier.1.weight', 'classifier.4.weight', 'ff.0.weight', 'ff.3.bias', 'ff.3.weight', 'input_proj.0.weight', 'input_proj.1.bias', 'input_proj.1.running_mean', 'input_proj.1.running_var', 'input_proj.1.weight', 'ln1.bias', 'ln1.weight', 'ln2.bias', 'ln2.weight', 'tcn.0.net.0.weight', 'tcn.0.net.1.bias', 'tcn.0.net.1.running_mean', 'tcn.0.net.1.running_var', 'tcn.0.net.1.weight', 'tcn.0.net.4.weight', 'tcn.0.net.5.bias', 'tcn.0.net.5.running_mean', 'tcn.0.net.5.running_var', 'tcn.0.net.5.weight', 'tcn.1.net.0.weight', 'tcn.1.net.1.bias', 'tcn.1.net.1.running_mean', 'tcn.1.net.1.running_var', 'tcn.1.net.1.weight', 'tcn.1.net.4.weight', 'tcn.1.net.5.bias', 'tcn.1.net.5.running_mean', 'tcn.1.net.5.running_var', 'tcn.1.net.5.weight', 'tcn.2.net.0.weight', 'tcn.2.net.1.bias', 'tcn.2.net.1.running_mean', 'tcn.2.net.1.running_var', 'tcn.2.net.1.weight', 'tcn.2.net.4.weight', 'tcn.2.net.5.bias', 'tcn.2.net.5.running_mean', 'tcn.2.net.5.running_var', 'tcn.2.net.5.weight']}
Epoch 001 | teacher_ce=0.6366 | student=1.2241 (ce=0.9984, kd=0.1337, feat=1.6507) | val_student_acc=56.00% val_student_f1=0.5976 val_agree=70.29% | test_student_acc=37.08% test_agree=38.20%
Epoch 002 | teacher_ce=0.6243 | student=0.8902 (ce=0.7175, kd=0.0714, feat=1.5873) | val_student_acc=75.43% val_student_f1=0.7833 val_agree=86.86% | test_student_acc=67.42% test_agree=67.42%
Epoch 003 | teacher_ce=0.6258 | student=0.7136 (ce=0.5170, kd=0.0752, feat=1.5802) | val_student_acc=88.00% val_student_f1=0.8834 val_agree=89.14% | test_student_acc=98.31% test_agree=97.19%
Epoch 004 | teacher_ce=0.6320 | student=0.6552 (ce=0.3964, kd=0.1214, feat=1.5262) | val_student_acc=93.71% val_student_f1=0.9395 val_agree=85.71% | test_student_acc=97.19% test_agree=96.07%
Epoch 005 | teacher_ce=0.6342 | student=0.6302 (ce=0.3726, kd=0.1280, feat=1.4132) | val_student_acc=93.71% val_student_f1=0.9395 val_agree=85.71% | test_student_acc=93.82% test_agree=92.70%
Epoch 006 | teacher_ce=0.6022 | student=0.6356 (ce=0.3772, kd=0.1369, feat=1.3173) | val_student_acc=95.43% val_student_f1=0.9560 val_agree=94.86% | test_student_acc=91.01% test_agree=92.13%
Epoch 007 | teacher_ce=0.5184 | student=0.6132 (ce=0.3764, kd=0.1253, feat=1.2412) | val_student_acc=96.00% val_student_f1=0.9590 val_agree=95.43% | test_student_acc=88.48% test_agree=90.73%
Epoch 008 | teacher_ce=0.4452 | student=0.5746 (ce=0.3295, kd=0.1304, feat=1.2151) | val_student_acc=96.00% val_student_f1=0.9613 val_agree=96.00% | test_student_acc=92.70% test_agree=93.82%
Epoch 009 | teacher_ce=0.3905 | student=0.5330 (ce=0.2652, kd=0.1460, feat=1.1904) | val_student_acc=97.14% val_student_f1=0.9697 val_agree=95.43% | test_student_acc=92.42% test_agree=94.38%
Epoch 010 | teacher_ce=0.3416 | student=0.5067 (ce=0.2322, kd=0.1533, feat=1.1378) | val_student_acc=98.29% val_student_f1=0.9807 val_agree=97.71% | test_student_acc=87.36% test_agree=90.17%
Epoch 011 | teacher_ce=0.2764 | student=0.4674 (ce=0.1994, kd=0.1500, feat=1.0795) | val_student_acc=98.29% val_student_f1=0.9807 val_agree=97.71% | test_student_acc=90.45% test_agree=93.26%
Epoch 012 | teacher_ce=0.2461 | student=0.4427 (ce=0.1917, kd=0.1410, feat=1.0105) | val_student_acc=98.29% val_student_f1=0.9807 val_agree=97.71% | test_student_acc=87.64% test_agree=94.10%
Epoch 013 | teacher_ce=0.2187 | student=0.4332 (ce=0.1592, kd=0.1619, feat=0.9562) | val_student_acc=97.71% val_student_f1=0.9749 val_agree=97.14% | test_student_acc=84.55% test_agree=90.17%
Epoch 014 | teacher_ce=0.1907 | student=0.4216 (ce=0.1395, kd=0.1706, feat=0.9144) | val_student_acc=98.86% val_student_f1=0.9886 val_agree=97.71% | test_student_acc=87.36% test_agree=93.26%
Epoch 015 | teacher_ce=0.1693 | student=0.4139 (ce=0.1288, kd=0.1776, feat=0.8488) | val_student_acc=97.71% val_student_f1=0.9752 val_agree=98.29% | test_student_acc=82.30% test_agree=92.42%
Epoch 016 | teacher_ce=0.1454 | student=0.3807 (ce=0.1195, kd=0.1612, feat=0.7975) | val_student_acc=98.86% val_student_f1=0.9886 val_agree=98.29% | test_student_acc=85.39% test_agree=94.94%
Epoch 017 | teacher_ce=0.1212 | student=0.3677 (ce=0.0985, kd=0.1676, feat=0.7798) | val_student_acc=99.43% val_student_f1=0.9943 val_agree=98.29% | test_student_acc=86.24% test_agree=94.94%
Epoch 018 | teacher_ce=0.1041 | student=0.3366 (ce=0.0789, kd=0.1593, feat=0.7445) | val_student_acc=100.00% val_student_f1=1.0000 val_agree=100.00% | test_student_acc=83.15% test_agree=94.38%
Epoch 019 | teacher_ce=0.0978 | student=0.3452 (ce=0.0786, kd=0.1704, feat=0.7002) | val_student_acc=99.43% val_student_f1=0.9943 val_agree=99.43% | test_student_acc=83.15% test_agree=94.10%
Early stopping at epoch 19 (best=3, score=0.983146)
================================================================================
Best epoch: 3
Best score (test_acc): 0.983146
Final test student accuracy: 98.31%
Final test teacher agreement: 97.19%
Saved to: ablation_experiments/h1/results/run_20260327_131013/ablation3_joint_tcn_attn/ablation3_h1_scan90_run_20260327_131013_rerun/stage0/s0_l4p_c7/ablation3_joint_tcn_attn_weld_seam_windows_ws5_tf75_pg0_h1_ep80_lrt0.0001_lrs0.0003_bs128_T2.0_lce0.9_lkd1.2_lf0.1_seed14
========================================================================================
Ablation-3 h1 staged sweep
========================================================================================
Dataset: Data/processed_data/weld_seam_windows_ws5_tf75_pg0_h1.npz
Teacher run: /home/huang_kai/wind_turbine_phm/PHOENIX-main/autoencoder_benchmark/outputs/teacher_h1_scan98_gpu1_v2/runs/single_tcn_attn_weld_seam_windows_ws5_tf75_pg0_h1_ep60_lr0.0003_bs128_k3_l3_d0.08_lat64_wd0.00015_seed14
Student init run: ablation_experiments/h1/results/run_20260327_131013/ablation1_sweep/trials/trial_0004_A/ablation1_student_only_tcn_attn_weld_seam_windows_ws5_tf75_pg0_h1_ep80_lr0.00015_bs96_seed156
Target test_acc: 90.00%
Command: /usr/bin/python /home/huang_kai/wind_turbine_phm/PHOENIX-main/autoencoder_benchmark/ablation_experiments/ablation3_joint_tcn_attn/scripts/train_ablation3_joint_tcn_attn.py --dataset-npz Data/processed_data/weld_seam_windows_ws5_tf75_pg0_h1.npz --output-dir ablation_experiments/h1/results/run_20260327_131013/ablation3_joint_tcn_attn/ablation3_h1_scan90_run_20260327_131013_rerun/stage0/s0_l4_c0 --epochs 80 --batch-size 128 --lr-teacher 0.0001 --lr-student 0.0003 --weight-decay 0.00015 --seed 14 --num-workers 0 --checkpoint-metric test_acc --temperature 2.5 --lambda-ce 0.9 --lambda-kd 1.1 --lambda-feat 0.0 --freeze-teacher-epochs 5 --teacher-tcn-kernel 3 --teacher-tcn-layers 3 --teacher-tcn-channels 64,64,64 --teacher-tcn-dropout 0.08 --teacher-tcn-dilation-base 2 --teacher-classifier-hidden 64 --teacher-classifier-dropout 0.4 --teacher-attn-heads 4 --teacher-attn-dropout 0.1 --teacher-attn-ff-dim 128 --teacher-init-ckpt /home/huang_kai/wind_turbine_phm/PHOENIX-main/autoencoder_benchmark/outputs/teacher_h1_scan98_gpu1_v2/runs/single_tcn_attn_weld_seam_windows_ws5_tf75_pg0_h1_ep60_lr0.0003_bs128_k3_l3_d0.08_lat64_wd0.00015_seed14/best_single_tcn.pth --teacher-init-mode strict --student-tcn-layers 3 --student-tcn-dropout 0.12 --student-classifier-hidden 64 --student-classifier-dropout 0.3 --student-attn-dropout 0.05 --student-attn-ff-dim 128 --student-tcn-dilation-base 1 --weighted-sampler --student-init-ckpt ablation_experiments/h1/results/run_20260327_131013/ablation1_sweep/trials/trial_0004_A/ablation1_student_only_tcn_attn_weld_seam_windows_ws5_tf75_pg0_h1_ep80_lr0.00015_bs96_seed156/best_student_only.pth --student-init-mode shape_safe
Command: /usr/bin/python /home/huang_kai/wind_turbine_phm/PHOENIX-main/autoencoder_benchmark/ablation_experiments/ablation3_joint_tcn_attn/scripts/train_ablation3_joint_tcn_attn.py --dataset-npz Data/processed_data/weld_seam_windows_ws5_tf75_pg0_h1.npz --output-dir ablation_experiments/h1/results/run_20260327_131013/ablation3_joint_tcn_attn/ablation3_h1_scan90_run_20260327_131013_rerun/stage0/s0_l4_c7 --epochs 80 --batch-size 128 --lr-teacher 0.0001 --lr-student 0.0003 --weight-decay 0.00015 --seed 14 --num-workers 0 --checkpoint-metric test_acc --temperature 2.5 --lambda-ce 0.9 --lambda-kd 1.1 --lambda-feat 0.0 --freeze-teacher-epochs 5 --teacher-tcn-kernel 3 --teacher-tcn-layers 3 --teacher-tcn-channels 64,64,64 --teacher-tcn-dropout 0.08 --teacher-tcn-dilation-base 2 --teacher-classifier-hidden 64 --teacher-classifier-dropout 0.4 --teacher-attn-heads 4 --teacher-attn-dropout 0.1 --teacher-attn-ff-dim 128 --teacher-init-ckpt /home/huang_kai/wind_turbine_phm/PHOENIX-main/autoencoder_benchmark/outputs/teacher_h1_scan98_gpu1_v2/runs/single_tcn_attn_weld_seam_windows_ws5_tf75_pg0_h1_ep60_lr0.0003_bs128_k3_l3_d0.08_lat64_wd0.00015_seed14/best_single_tcn.pth --teacher-init-mode strict --student-tcn-layers 3 --student-tcn-dropout 0.12 --student-classifier-hidden 64 --student-classifier-dropout 0.3 --student-attn-dropout 0.05 --student-attn-ff-dim 128 --student-tcn-dilation-base 1 --weighted-sampler --student-init-ckpt ablation_experiments/h1/results/run_20260327_131013/ablation1_sweep/trials/trial_0004_A/ablation1_student_only_tcn_attn_weld_seam_windows_ws5_tf75_pg0_h1_ep80_lr0.00015_bs96_seed156/best_student_only.pth --student-init-mode shape_safe
Command: /usr/bin/python /home/huang_kai/wind_turbine_phm/PHOENIX-main/autoencoder_benchmark/ablation_experiments/ablation3_joint_tcn_attn/scripts/train_ablation3_joint_tcn_attn.py --dataset-npz Data/processed_data/weld_seam_windows_ws5_tf75_pg0_h1.npz --output-dir ablation_experiments/h1/results/run_20260327_131013/ablation3_joint_tcn_attn/ablation3_h1_scan90_run_20260327_131013_rerun/stage0/s0_l4p_c0 --epochs 80 --batch-size 128 --lr-teacher 0.0001 --lr-student 0.0003 --weight-decay 0.00015 --seed 14 --num-workers 0 --checkpoint-metric test_acc --temperature 2.0 --lambda-ce 0.9 --lambda-kd 1.2 --lambda-feat 0.1 --freeze-teacher-epochs 5 --teacher-tcn-kernel 3 --teacher-tcn-layers 3 --teacher-tcn-channels 64,64,64 --teacher-tcn-dropout 0.08 --teacher-tcn-dilation-base 2 --teacher-classifier-hidden 64 --teacher-classifier-dropout 0.4 --teacher-attn-heads 4 --teacher-attn-dropout 0.1 --teacher-attn-ff-dim 128 --teacher-init-ckpt /home/huang_kai/wind_turbine_phm/PHOENIX-main/autoencoder_benchmark/outputs/teacher_h1_scan98_gpu1_v2/runs/single_tcn_attn_weld_seam_windows_ws5_tf75_pg0_h1_ep60_lr0.0003_bs128_k3_l3_d0.08_lat64_wd0.00015_seed14/best_single_tcn.pth --teacher-init-mode strict --student-tcn-layers 3 --student-tcn-dropout 0.12 --student-classifier-hidden 64 --student-classifier-dropout 0.3 --student-attn-dropout 0.05 --student-attn-ff-dim 128 --student-tcn-dilation-base 1 --weighted-sampler --student-init-ckpt ablation_experiments/h1/results/run_20260327_131013/ablation1_sweep/trials/trial_0004_A/ablation1_student_only_tcn_attn_weld_seam_windows_ws5_tf75_pg0_h1_ep80_lr0.00015_bs96_seed156/best_student_only.pth --student-init-mode shape_safe
Command: /usr/bin/python /home/huang_kai/wind_turbine_phm/PHOENIX-main/autoencoder_benchmark/ablation_experiments/ablation3_joint_tcn_attn/scripts/train_ablation3_joint_tcn_attn.py --dataset-npz Data/processed_data/weld_seam_windows_ws5_tf75_pg0_h1.npz --output-dir ablation_experiments/h1/results/run_20260327_131013/ablation3_joint_tcn_attn/ablation3_h1_scan90_run_20260327_131013_rerun/stage0/s0_l4p_c7 --epochs 80 --batch-size 128 --lr-teacher 0.0001 --lr-student 0.0003 --weight-decay 0.00015 --seed 14 --num-workers 0 --checkpoint-metric test_acc --temperature 2.0 --lambda-ce 0.9 --lambda-kd 1.2 --lambda-feat 0.1 --freeze-teacher-epochs 5 --teacher-tcn-kernel 3 --teacher-tcn-layers 3 --teacher-tcn-channels 64,64,64 --teacher-tcn-dropout 0.08 --teacher-tcn-dilation-base 2 --teacher-classifier-hidden 64 --teacher-classifier-dropout 0.4 --teacher-attn-heads 4 --teacher-attn-dropout 0.1 --teacher-attn-ff-dim 128 --teacher-init-ckpt /home/huang_kai/wind_turbine_phm/PHOENIX-main/autoencoder_benchmark/outputs/teacher_h1_scan98_gpu1_v2/runs/single_tcn_attn_weld_seam_windows_ws5_tf75_pg0_h1_ep60_lr0.0003_bs128_k3_l3_d0.08_lat64_wd0.00015_seed14/best_single_tcn.pth --teacher-init-mode strict --student-tcn-layers 3 --student-tcn-dropout 0.12 --student-classifier-hidden 64 --student-classifier-dropout 0.3 --student-attn-dropout 0.05 --student-attn-ff-dim 128 --student-tcn-dilation-base 1 --weighted-sampler --student-init-ckpt ablation_experiments/h1/results/run_20260327_131013/ablation1_sweep/trials/trial_0004_A/ablation1_student_only_tcn_attn_weld_seam_windows_ws5_tf75_pg0_h1_ep80_lr0.00015_bs96_seed156/best_student_only.pth --student-init-mode shape_safe
Command: /usr/local/lib/python3.10/dist-packages/torch/optim/lr_scheduler.py:227: UserWarning: Detected call of `lr_scheduler.step()` before `optimizer.step()`. In PyTorch 1.1.0 and later, you should call them in the opposite order: `optimizer.step()` before `lr_scheduler.step()`.  Failure to do this will result in PyTorch skipping the first value of the learning rate schedule. See more details at https://pytorch.org/docs/stable/optim.html#how-to-adjust-learning-rate
  warnings.warn(
================================================================================
Ablation-3 | Joint teacher-student future-step prediction with TCN+Attention
================================================================================
Dataset: Data/processed_data/weld_seam_windows_ws5_tf75_pg0_h1.npz
Device: cuda
Train/Val/Test: 990 / 175 / 356
Input full/subset dims: 18 / 13
Dropped feature indices: [3, 4, 5, 6, 7]
Temperature: 3.0
Loss weights (ce/kd/feat): 0.8 / 1.1 / 0.0
Checkpoint metric: test_acc
Freeze teacher epochs: 5
Teacher init summary: {'init_mode': 'strict', 'loaded_keys': 58, 'skipped_keys': [], 'missing_model_keys': []}
Student init summary: {'init_mode': 'shape_safe', 'loaded_keys': 9, 'skipped_keys': ['attn.in_proj_bias', 'attn.in_proj_weight', 'attn.out_proj.bias', 'attn.out_proj.weight', 'classifier.1.bias', 'classifier.1.weight', 'classifier.4.weight', 'ff.0.weight', 'ff.3.bias', 'ff.3.weight', 'input_proj.0.weight', 'input_proj.1.bias', 'input_proj.1.running_mean', 'input_proj.1.running_var', 'input_proj.1.weight', 'ln1.bias', 'ln1.weight', 'ln2.bias', 'ln2.weight', 'tcn.0.net.0.weight', 'tcn.0.net.1.bias', 'tcn.0.net.1.running_mean', 'tcn.0.net.1.running_var', 'tcn.0.net.1.weight', 'tcn.0.net.4.weight', 'tcn.0.net.5.bias', 'tcn.0.net.5.running_mean', 'tcn.0.net.5.running_var', 'tcn.0.net.5.weight', 'tcn.1.net.0.weight', 'tcn.1.net.1.bias', 'tcn.1.net.1.running_mean', 'tcn.1.net.1.running_var', 'tcn.1.net.1.weight', 'tcn.1.net.4.weight', 'tcn.1.net.5.bias', 'tcn.1.net.5.running_mean', 'tcn.1.net.5.running_var', 'tcn.1.net.5.weight', 'tcn.2.net.0.weight', 'tcn.2.net.1.bias', 'tcn.2.net.1.running_mean', 'tcn.2.net.1.running_var', 'tcn.2.net.1.weight', 'tcn.2.net.4.weight', 'tcn.2.net.5.bias', 'tcn.2.net.5.running_mean', 'tcn.2.net.5.running_var', 'tcn.2.net.5.weight'], 'missing_model_keys': ['attn.in_proj_bias', 'attn.in_proj_weight', 'attn.out_proj.bias', 'attn.out_proj.weight', 'classifier.1.bias', 'classifier.1.weight', 'classifier.4.weight', 'ff.0.weight', 'ff.3.bias', 'ff.3.weight', 'input_proj.0.weight', 'input_proj.1.bias', 'input_proj.1.running_mean', 'input_proj.1.running_var', 'input_proj.1.weight', 'ln1.bias', 'ln1.weight', 'ln2.bias', 'ln2.weight', 'tcn.0.net.0.weight', 'tcn.0.net.1.bias', 'tcn.0.net.1.running_mean', 'tcn.0.net.1.running_var', 'tcn.0.net.1.weight', 'tcn.0.net.4.weight', 'tcn.0.net.5.bias', 'tcn.0.net.5.running_mean', 'tcn.0.net.5.running_var', 'tcn.0.net.5.weight', 'tcn.1.net.0.weight', 'tcn.1.net.1.bias', 'tcn.1.net.1.running_mean', 'tcn.1.net.1.running_var', 'tcn.1.net.1.weight', 'tcn.1.net.4.weight', 'tcn.1.net.5.bias', 'tcn.1.net.5.running_mean', 'tcn.1.net.5.running_var', 'tcn.1.net.5.weight', 'tcn.2.net.0.weight', 'tcn.2.net.1.bias', 'tcn.2.net.1.running_mean', 'tcn.2.net.1.running_var', 'tcn.2.net.1.weight', 'tcn.2.net.4.weight', 'tcn.2.net.5.bias', 'tcn.2.net.5.running_mean', 'tcn.2.net.5.running_var', 'tcn.2.net.5.weight']}
Epoch 001 | teacher_ce=0.6366 | student=0.9465 (ce=0.9985, kd=0.1343, feat=1.6805) | val_student_acc=54.86% val_student_f1=0.5837 val_agree=69.14% | test_student_acc=36.80% test_agree=37.92%
Epoch 002 | teacher_ce=0.6243 | student=0.6488 (ce=0.7131, kd=0.0712, feat=1.6946) | val_student_acc=74.86% val_student_f1=0.7742 val_agree=87.43% | test_student_acc=64.04% test_agree=64.04%
Epoch 003 | teacher_ce=0.6258 | student=0.4975 (ce=0.5126, kd=0.0795, feat=1.7742) | val_student_acc=88.00% val_student_f1=0.8834 val_agree=89.14% | test_student_acc=97.75% test_agree=96.63%
Epoch 004 | teacher_ce=0.6320 | student=0.4545 (ce=0.3920, kd=0.1281, feat=1.8112) | val_student_acc=93.71% val_student_f1=0.9395 val_agree=85.71% | test_student_acc=97.19% test_agree=96.07%
Epoch 005 | teacher_ce=0.6342 | student=0.4400 (ce=0.3646, kd=0.1348, feat=1.8125) | val_student_acc=93.71% val_student_f1=0.9395 val_agree=85.71% | test_student_acc=94.94% test_agree=93.82%
Epoch 006 | teacher_ce=0.6022 | student=0.4528 (ce=0.3669, kd=0.1448, feat=1.7213) | val_student_acc=96.57% val_student_f1=0.9667 val_agree=93.71% | test_student_acc=91.29% test_agree=92.42%
Epoch 007 | teacher_ce=0.5184 | student=0.4395 (ce=0.3698, kd=0.1306, feat=1.7376) | val_student_acc=97.14% val_student_f1=0.9697 val_agree=94.29% | test_student_acc=87.92% test_agree=90.17%
Epoch 008 | teacher_ce=0.4452 | student=0.4085 (ce=0.3267, kd=0.1338, feat=1.7834) | val_student_acc=96.57% val_student_f1=0.9667 val_agree=95.43% | test_student_acc=92.70% test_agree=93.82%
Epoch 009 | teacher_ce=0.3905 | student=0.3776 (ce=0.2639, kd=0.1513, feat=1.8379) | val_student_acc=97.71% val_student_f1=0.9775 val_agree=94.86% | test_student_acc=92.98% test_agree=94.38%
Epoch 010 | teacher_ce=0.3416 | student=0.3632 (ce=0.2251, kd=0.1665, feat=1.8790) | val_student_acc=98.29% val_student_f1=0.9807 val_agree=97.71% | test_student_acc=88.48% test_agree=91.29%
Epoch 011 | teacher_ce=0.2764 | student=0.3364 (ce=0.1943, kd=0.1645, feat=1.9135) | val_student_acc=98.86% val_student_f1=0.9886 val_agree=97.14% | test_student_acc=92.13% test_agree=93.82%
Epoch 012 | teacher_ce=0.2461 | student=0.3209 (ce=0.1880, kd=0.1550, feat=1.9266) | val_student_acc=97.71% val_student_f1=0.9752 val_agree=98.29% | test_student_acc=88.76% test_agree=94.66%
Epoch 013 | teacher_ce=0.2187 | student=0.3226 (ce=0.1529, kd=0.1821, feat=1.9349) | val_student_acc=98.86% val_student_f1=0.9886 val_agree=97.14% | test_student_acc=86.24% test_agree=91.85%
Epoch 014 | teacher_ce=0.1907 | student=0.3307 (ce=0.1365, kd=0.2014, feat=1.9547) | val_student_acc=98.86% val_student_f1=0.9886 val_agree=97.71% | test_student_acc=85.11% test_agree=92.70%
Epoch 015 | teacher_ce=0.1693 | student=0.3260 (ce=0.1243, kd=0.2060, feat=1.9650) | val_student_acc=98.29% val_student_f1=0.9830 val_agree=98.86% | test_student_acc=83.99% test_agree=92.42%
Epoch 016 | teacher_ce=0.1454 | student=0.3061 (ce=0.1168, kd=0.1933, feat=1.9625) | val_student_acc=98.86% val_student_f1=0.9886 val_agree=98.29% | test_student_acc=84.55% test_agree=94.10%
Epoch 017 | teacher_ce=0.1212 | student=0.3018 (ce=0.0945, kd=0.2056, feat=1.9900) | val_student_acc=99.43% val_student_f1=0.9943 val_agree=98.29% | test_student_acc=87.64% test_agree=95.79%
Epoch 018 | teacher_ce=0.1041 | student=0.2777 (ce=0.0759, kd=0.1973, feat=2.0169) | val_student_acc=100.00% val_student_f1=1.0000 val_agree=100.00% | test_student_acc=84.83% test_agree=93.26%
Epoch 019 | teacher_ce=0.0978 | student=0.3041 (ce=0.0765, kd=0.2208, feat=2.0218) | val_student_acc=100.00% val_student_f1=1.0000 val_agree=100.00% | test_student_acc=83.43% test_agree=93.26%
Early stopping at epoch 19 (best=3, score=0.977528)
================================================================================
Best epoch: 3
Best score (test_acc): 0.977528
Final test student accuracy: 97.75%
Final test teacher agreement: 96.63%
Saved to: ablation_experiments/h1/results/run_20260327_131013/ablation3_joint_tcn_attn/ablation3_h1_scan90_run_20260327_131013_rerun/stage0/s0_l3_c0/ablation3_joint_tcn_attn_weld_seam_windows_ws5_tf75_pg0_h1_ep80_lrt0.0001_lrs0.0003_bs128_T3.0_lce0.8_lkd1.1_lf0.0_seed14
/usr/local/lib/python3.10/dist-packages/torch/optim/lr_scheduler.py:227: UserWarning: Detected call of `lr_scheduler.step()` before `optimizer.step()`. In PyTorch 1.1.0 and later, you should call them in the opposite order: `optimizer.step()` before `lr_scheduler.step()`.  Failure to do this will result in PyTorch skipping the first value of the learning rate schedule. See more details at https://pytorch.org/docs/stable/optim.html#how-to-adjust-learning-rate
  warnings.warn(
================================================================================
Ablation-3 | Joint teacher-student future-step prediction with TCN+Attention
================================================================================
Dataset: Data/processed_data/weld_seam_windows_ws5_tf75_pg0_h1.npz
Device: cuda
Train/Val/Test: 990 / 175 / 356
Input full/subset dims: 18 / 13
Dropped feature indices: [3, 4, 5, 6, 7]
Temperature: 3.0
Loss weights (ce/kd/feat): 0.8 / 1.1 / 0.0
Checkpoint metric: test_acc
Freeze teacher epochs: 5
Teacher init summary: {'init_mode': 'strict', 'loaded_keys': 58, 'skipped_keys': [], 'missing_model_keys': []}
Student init summary: {'init_mode': 'shape_safe', 'loaded_keys': 9, 'skipped_keys': ['attn.in_proj_bias', 'attn.in_proj_weight', 'attn.out_proj.bias', 'attn.out_proj.weight', 'classifier.1.bias', 'classifier.1.weight', 'classifier.4.weight', 'ff.0.weight', 'ff.3.bias', 'ff.3.weight', 'input_proj.0.weight', 'input_proj.1.bias', 'input_proj.1.running_mean', 'input_proj.1.running_var', 'input_proj.1.weight', 'ln1.bias', 'ln1.weight', 'ln2.bias', 'ln2.weight', 'tcn.0.net.0.weight', 'tcn.0.net.1.bias', 'tcn.0.net.1.running_mean', 'tcn.0.net.1.running_var', 'tcn.0.net.1.weight', 'tcn.0.net.4.weight', 'tcn.0.net.5.bias', 'tcn.0.net.5.running_mean', 'tcn.0.net.5.running_var', 'tcn.0.net.5.weight', 'tcn.1.net.0.weight', 'tcn.1.net.1.bias', 'tcn.1.net.1.running_mean', 'tcn.1.net.1.running_var', 'tcn.1.net.1.weight', 'tcn.1.net.4.weight', 'tcn.1.net.5.bias', 'tcn.1.net.5.running_mean', 'tcn.1.net.5.running_var', 'tcn.1.net.5.weight', 'tcn.2.net.0.weight', 'tcn.2.net.1.bias', 'tcn.2.net.1.running_mean', 'tcn.2.net.1.running_var', 'tcn.2.net.1.weight', 'tcn.2.net.4.weight', 'tcn.2.net.5.bias', 'tcn.2.net.5.running_mean', 'tcn.2.net.5.running_var', 'tcn.2.net.5.weight'], 'missing_model_keys': ['attn.in_proj_bias', 'attn.in_proj_weight', 'attn.out_proj.bias', 'attn.out_proj.weight', 'classifier.1.bias', 'classifier.1.weight', 'classifier.4.weight', 'ff.0.weight', 'ff.3.bias', 'ff.3.weight', 'input_proj.0.weight', 'input_proj.1.bias', 'input_proj.1.running_mean', 'input_proj.1.running_var', 'input_proj.1.weight', 'ln1.bias', 'ln1.weight', 'ln2.bias', 'ln2.weight', 'tcn.0.net.0.weight', 'tcn.0.net.1.bias', 'tcn.0.net.1.running_mean', 'tcn.0.net.1.running_var', 'tcn.0.net.1.weight', 'tcn.0.net.4.weight', 'tcn.0.net.5.bias', 'tcn.0.net.5.running_mean', 'tcn.0.net.5.running_var', 'tcn.0.net.5.weight', 'tcn.1.net.0.weight', 'tcn.1.net.1.bias', 'tcn.1.net.1.running_mean', 'tcn.1.net.1.running_var', 'tcn.1.net.1.weight', 'tcn.1.net.4.weight', 'tcn.1.net.5.bias', 'tcn.1.net.5.running_mean', 'tcn.1.net.5.running_var', 'tcn.1.net.5.weight', 'tcn.2.net.0.weight', 'tcn.2.net.1.bias', 'tcn.2.net.1.running_mean', 'tcn.2.net.1.running_var', 'tcn.2.net.1.weight', 'tcn.2.net.4.weight', 'tcn.2.net.5.bias', 'tcn.2.net.5.running_mean', 'tcn.2.net.5.running_var', 'tcn.2.net.5.weight']}
Epoch 001 | teacher_ce=0.6366 | student=0.9465 (ce=0.9985, kd=0.1343, feat=1.6805) | val_student_acc=54.86% val_student_f1=0.5837 val_agree=69.14% | test_student_acc=36.80% test_agree=37.92%
Epoch 002 | teacher_ce=0.6243 | student=0.6488 (ce=0.7131, kd=0.0712, feat=1.6946) | val_student_acc=74.86% val_student_f1=0.7742 val_agree=87.43% | test_student_acc=64.04% test_agree=64.04%
Epoch 003 | teacher_ce=0.6258 | student=0.4975 (ce=0.5126, kd=0.0795, feat=1.7742) | val_student_acc=88.00% val_student_f1=0.8834 val_agree=89.14% | test_student_acc=97.75% test_agree=96.63%
Epoch 004 | teacher_ce=0.6320 | student=0.4545 (ce=0.3920, kd=0.1281, feat=1.8112) | val_student_acc=93.71% val_student_f1=0.9395 val_agree=85.71% | test_student_acc=97.19% test_agree=96.07%
Epoch 005 | teacher_ce=0.6342 | student=0.4400 (ce=0.3646, kd=0.1348, feat=1.8125) | val_student_acc=93.71% val_student_f1=0.9395 val_agree=85.71% | test_student_acc=94.94% test_agree=93.82%
Epoch 006 | teacher_ce=0.6022 | student=0.4528 (ce=0.3669, kd=0.1448, feat=1.7213) | val_student_acc=96.57% val_student_f1=0.9667 val_agree=93.71% | test_student_acc=91.29% test_agree=92.42%
Epoch 007 | teacher_ce=0.5184 | student=0.4395 (ce=0.3698, kd=0.1306, feat=1.7376) | val_student_acc=97.14% val_student_f1=0.9697 val_agree=94.29% | test_student_acc=87.92% test_agree=90.17%
Epoch 008 | teacher_ce=0.4452 | student=0.4085 (ce=0.3267, kd=0.1338, feat=1.7834) | val_student_acc=96.57% val_student_f1=0.9667 val_agree=95.43% | test_student_acc=92.70% test_agree=93.82%
Epoch 009 | teacher_ce=0.3905 | student=0.3776 (ce=0.2639, kd=0.1513, feat=1.8379) | val_student_acc=97.71% val_student_f1=0.9775 val_agree=94.86% | test_student_acc=92.98% test_agree=94.38%
Epoch 010 | teacher_ce=0.3416 | student=0.3632 (ce=0.2251, kd=0.1665, feat=1.8790) | val_student_acc=98.29% val_student_f1=0.9807 val_agree=97.71% | test_student_acc=88.48% test_agree=91.29%
Epoch 011 | teacher_ce=0.2764 | student=0.3364 (ce=0.1943, kd=0.1645, feat=1.9135) | val_student_acc=98.86% val_student_f1=0.9886 val_agree=97.14% | test_student_acc=92.13% test_agree=93.82%
Epoch 012 | teacher_ce=0.2461 | student=0.3209 (ce=0.1880, kd=0.1550, feat=1.9266) | val_student_acc=97.71% val_student_f1=0.9752 val_agree=98.29% | test_student_acc=88.76% test_agree=94.66%
Epoch 013 | teacher_ce=0.2187 | student=0.3226 (ce=0.1529, kd=0.1821, feat=1.9349) | val_student_acc=98.86% val_student_f1=0.9886 val_agree=97.14% | test_student_acc=86.24% test_agree=91.85%
Epoch 014 | teacher_ce=0.1907 | student=0.3307 (ce=0.1365, kd=0.2014, feat=1.9547) | val_student_acc=98.86% val_student_f1=0.9886 val_agree=97.71% | test_student_acc=85.11% test_agree=92.70%
Epoch 015 | teacher_ce=0.1693 | student=0.3260 (ce=0.1243, kd=0.2060, feat=1.9650) | val_student_acc=98.29% val_student_f1=0.9830 val_agree=98.86% | test_student_acc=83.99% test_agree=92.42%
Epoch 016 | teacher_ce=0.1454 | student=0.3061 (ce=0.1168, kd=0.1933, feat=1.9625) | val_student_acc=98.86% val_student_f1=0.9886 val_agree=98.29% | test_student_acc=84.55% test_agree=94.10%
Epoch 017 | teacher_ce=0.1212 | student=0.3018 (ce=0.0945, kd=0.2056, feat=1.9900) | val_student_acc=99.43% val_student_f1=0.9943 val_agree=98.29% | test_student_acc=87.64% test_agree=95.79%
Epoch 018 | teacher_ce=0.1041 | student=0.2777 (ce=0.0759, kd=0.1973, feat=2.0169) | val_student_acc=100.00% val_student_f1=1.0000 val_agree=100.00% | test_student_acc=84.83% test_agree=93.26%
Epoch 019 | teacher_ce=0.0978 | student=0.3041 (ce=0.0765, kd=0.2208, feat=2.0218) | val_student_acc=100.00% val_student_f1=1.0000 val_agree=100.00% | test_student_acc=83.43% test_agree=93.26%
Early stopping at epoch 19 (best=3, score=0.977528)
================================================================================
Best epoch: 3
Best score (test_acc): 0.977528
Final test student accuracy: 97.75%
Final test teacher agreement: 96.63%
Saved to: ablation_experiments/h1/results/run_20260327_131013/ablation3_joint_tcn_attn/ablation3_h1_scan90_run_20260327_131013_rerun/stage0/s0_l3_c7/ablation3_joint_tcn_attn_weld_seam_windows_ws5_tf75_pg0_h1_ep80_lrt0.0001_lrs0.0003_bs128_T3.0_lce0.8_lkd1.1_lf0.0_seed14
================================================================================
Ablation-3 | Joint teacher-student future-step prediction with TCN+Attention
================================================================================
Dataset: Data/processed_data/weld_seam_windows_ws5_tf75_pg0_h1.npz
Device: cuda
Train/Val/Test: 990 / 175 / 356
Input full/subset dims: 18 / 13
Dropped feature indices: [3, 4, 5, 6, 7]
Temperature: 2.5
Loss weights (ce/kd/feat): 0.9 / 1.1 / 0.0
Checkpoint metric: test_acc
Freeze teacher epochs: 0
Teacher init summary: {'init_mode': 'strict', 'loaded_keys': 58, 'skipped_keys': [], 'missing_model_keys': []}
Student init summary: {'init_mode': 'shape_safe', 'loaded_keys': 9, 'skipped_keys': ['attn.in_proj_bias', 'attn.in_proj_weight', 'attn.out_proj.bias', 'attn.out_proj.weight', 'classifier.1.bias', 'classifier.1.weight', 'classifier.4.weight', 'ff.0.weight', 'ff.3.bias', 'ff.3.weight', 'input_proj.0.weight', 'input_proj.1.bias', 'input_proj.1.running_mean', 'input_proj.1.running_var', 'input_proj.1.weight', 'ln1.bias', 'ln1.weight', 'ln2.bias', 'ln2.weight', 'tcn.0.net.0.weight', 'tcn.0.net.1.bias', 'tcn.0.net.1.running_mean', 'tcn.0.net.1.running_var', 'tcn.0.net.1.weight', 'tcn.0.net.4.weight', 'tcn.0.net.5.bias', 'tcn.0.net.5.running_mean', 'tcn.0.net.5.running_var', 'tcn.0.net.5.weight', 'tcn.1.net.0.weight', 'tcn.1.net.1.bias', 'tcn.1.net.1.running_mean', 'tcn.1.net.1.running_var', 'tcn.1.net.1.weight', 'tcn.1.net.4.weight', 'tcn.1.net.5.bias', 'tcn.1.net.5.running_mean', 'tcn.1.net.5.running_var', 'tcn.1.net.5.weight', 'tcn.2.net.0.weight', 'tcn.2.net.1.bias', 'tcn.2.net.1.running_mean', 'tcn.2.net.1.running_var', 'tcn.2.net.1.weight', 'tcn.2.net.4.weight', 'tcn.2.net.5.bias', 'tcn.2.net.5.running_mean', 'tcn.2.net.5.running_var', 'tcn.2.net.5.weight'], 'missing_model_keys': ['attn.in_proj_bias', 'attn.in_proj_weight', 'attn.out_proj.bias', 'attn.out_proj.weight', 'classifier.1.bias', 'classifier.1.weight', 'classifier.4.weight', 'ff.0.weight', 'ff.3.bias', 'ff.3.weight', 'input_proj.0.weight', 'input_proj.1.bias', 'input_proj.1.running_mean', 'input_proj.1.running_var', 'input_proj.1.weight', 'ln1.bias', 'ln1.weight', 'ln2.bias', 'ln2.weight', 'tcn.0.net.0.weight', 'tcn.0.net.1.bias', 'tcn.0.net.1.running_mean', 'tcn.0.net.1.running_var', 'tcn.0.net.1.weight', 'tcn.0.net.4.weight', 'tcn.0.net.5.bias', 'tcn.0.net.5.running_mean', 'tcn.0.net.5.running_var', 'tcn.0.net.5.weight', 'tcn.1.net.0.weight', 'tcn.1.net.1.bias', 'tcn.1.net.1.running_mean', 'tcn.1.net.1.running_var', 'tcn.1.net.1.weight', 'tcn.1.net.4.weight', 'tcn.1.net.5.bias', 'tcn.1.net.5.running_mean', 'tcn.1.net.5.running_var', 'tcn.1.net.5.weight', 'tcn.2.net.0.weight', 'tcn.2.net.1.bias', 'tcn.2.net.1.running_mean', 'tcn.2.net.1.running_var', 'tcn.2.net.1.weight', 'tcn.2.net.4.weight', 'tcn.2.net.5.bias', 'tcn.2.net.5.running_mean', 'tcn.2.net.5.running_var', 'tcn.2.net.5.weight']}
Epoch 001 | teacher_ce=0.6152 | student=1.1872 (ce=1.0506, kd=0.2196, feat=1.5033) | val_student_acc=58.86% val_student_f1=0.5768 val_agree=61.71% | test_student_acc=30.62% test_agree=33.99%
Epoch 002 | teacher_ce=0.5181 | student=0.9320 (ce=0.8124, kd=0.1826, feat=1.5433) | val_student_acc=72.00% val_student_f1=0.7534 val_agree=80.57% | test_student_acc=47.75% test_agree=50.56%
Epoch 003 | teacher_ce=0.4500 | student=0.7602 (ce=0.6314, kd=0.1744, feat=1.6405) | val_student_acc=80.57% val_student_f1=0.8241 val_agree=88.00% | test_student_acc=87.64% test_agree=88.48%
Epoch 004 | teacher_ce=0.3643 | student=0.5857 (ce=0.4552, kd=0.1601, feat=1.7320) | val_student_acc=93.71% val_student_f1=0.9373 val_agree=97.14% | test_student_acc=96.63% test_agree=96.07%
Epoch 005 | teacher_ce=0.3366 | student=0.4922 (ce=0.3472, kd=0.1634, feat=1.8136) | val_student_acc=93.71% val_student_f1=0.9373 val_agree=97.14% | test_student_acc=95.51% test_agree=94.94%
Epoch 006 | teacher_ce=0.2878 | student=0.4044 (ce=0.2565, kd=0.1578, feat=1.8844) | val_student_acc=95.43% val_student_f1=0.9530 val_agree=97.14% | test_student_acc=93.26% test_agree=93.54%
Epoch 007 | teacher_ce=0.2630 | student=0.4072 (ce=0.2274, kd=0.1842, feat=1.9275) | val_student_acc=96.00% val_student_f1=0.9590 val_agree=97.71% | test_student_acc=89.04% test_agree=91.57%
Epoch 008 | teacher_ce=0.2349 | student=0.3735 (ce=0.1819, kd=0.1907, feat=1.9438) | val_student_acc=97.71% val_student_f1=0.9775 val_agree=98.86% | test_student_acc=89.33% test_agree=92.13%
Epoch 009 | teacher_ce=0.1874 | student=0.3600 (ce=0.1627, kd=0.1942, feat=1.9542) | val_student_acc=98.29% val_student_f1=0.9830 val_agree=98.86% | test_student_acc=89.33% test_agree=94.10%
Epoch 010 | teacher_ce=0.1751 | student=0.3607 (ce=0.1645, kd=0.1934, feat=1.9626) | val_student_acc=97.71% val_student_f1=0.9749 val_agree=98.86% | test_student_acc=84.27% test_agree=92.42%
Epoch 011 | teacher_ce=0.1358 | student=0.3390 (ce=0.1270, kd=0.2043, feat=1.9934) | val_student_acc=98.86% val_student_f1=0.9886 val_agree=98.29% | test_student_acc=87.64% test_agree=91.29%
Epoch 012 | teacher_ce=0.1175 | student=0.3022 (ce=0.0966, kd=0.1957, feat=2.0111) | val_student_acc=98.86% val_student_f1=0.9886 val_agree=98.29% | test_student_acc=87.92% test_agree=93.26%
Epoch 013 | teacher_ce=0.1091 | student=0.3210 (ce=0.1019, kd=0.2085, feat=2.0051) | val_student_acc=98.29% val_student_f1=0.9807 val_agree=98.29% | test_student_acc=86.52% test_agree=92.70%
Epoch 014 | teacher_ce=0.0896 | student=0.3020 (ce=0.0773, kd=0.2114, feat=2.0444) | val_student_acc=98.86% val_student_f1=0.9886 val_agree=98.86% | test_student_acc=83.99% test_agree=91.85%
Epoch 015 | teacher_ce=0.0794 | student=0.3032 (ce=0.0794, kd=0.2106, feat=2.0507) | val_student_acc=99.43% val_student_f1=0.9943 val_agree=98.29% | test_student_acc=82.87% test_agree=93.82%
Epoch 016 | teacher_ce=0.0799 | student=0.3100 (ce=0.0670, kd=0.2270, feat=2.0503) | val_student_acc=98.86% val_student_f1=0.9885 val_agree=98.29% | test_student_acc=82.58% test_agree=92.98%
Epoch 017 | teacher_ce=0.0694 | student=0.2940 (ce=0.0599, kd=0.2183, feat=2.0612) | val_student_acc=99.43% val_student_f1=0.9942 val_agree=98.86% | test_student_acc=82.58% test_agree=92.70%
Epoch 018 | teacher_ce=0.0574 | student=0.2879 (ce=0.0529, kd=0.2185, feat=2.0781) | val_student_acc=99.43% val_student_f1=0.9943 val_agree=99.43% | test_student_acc=84.55% test_agree=92.42%
Epoch 019 | teacher_ce=0.0532 | student=0.2953 (ce=0.0497, kd=0.2278, feat=2.0973) | val_student_acc=98.86% val_student_f1=0.9886 val_agree=98.86% | test_student_acc=83.99% test_agree=90.45%
Epoch 020 | teacher_ce=0.0465 | student=0.2808 (ce=0.0403, kd=0.2223, feat=2.0974) | val_student_acc=100.00% val_student_f1=1.0000 val_agree=100.00% | test_student_acc=83.99% test_agree=91.57%
Early stopping at epoch 20 (best=4, score=0.966292)
================================================================================
Best epoch: 4
Best score (test_acc): 0.966292
Final test student accuracy: 96.63%
Final test teacher agreement: 96.07%
Saved to: ablation_experiments/h1/results/run_20260327_131013/ablation3_joint_tcn_attn/ablation3_h1_scan90_run_20260327_131013_rerun/stage1/s1_l4_o1_c0/ablation3_joint_tcn_attn_weld_seam_windows_ws5_tf75_pg0_h1_ep80_lrt0.0001_lrs0.0002_bs128_T2.5_lce0.9_lkd1.1_lf0.0_seed14
================================================================================
Ablation-3 | Joint teacher-student future-step prediction with TCN+Attention
================================================================================
Dataset: Data/processed_data/weld_seam_windows_ws5_tf75_pg0_h1.npz
Device: cuda
Train/Val/Test: 990 / 175 / 356
Input full/subset dims: 18 / 13
Dropped feature indices: [3, 4, 5, 6, 7]
Temperature: 2.5
Loss weights (ce/kd/feat): 0.9 / 1.1 / 0.0
Checkpoint metric: test_acc
Freeze teacher epochs: 0
Teacher init summary: {'init_mode': 'strict', 'loaded_keys': 58, 'skipped_keys': [], 'missing_model_keys': []}
Student init summary: {'init_mode': 'shape_safe', 'loaded_keys': 9, 'skipped_keys': ['attn.in_proj_bias', 'attn.in_proj_weight', 'attn.out_proj.bias', 'attn.out_proj.weight', 'classifier.1.bias', 'classifier.1.weight', 'classifier.4.weight', 'ff.0.weight', 'ff.3.bias', 'ff.3.weight', 'input_proj.0.weight', 'input_proj.1.bias', 'input_proj.1.running_mean', 'input_proj.1.running_var', 'input_proj.1.weight', 'ln1.bias', 'ln1.weight', 'ln2.bias', 'ln2.weight', 'tcn.0.net.0.weight', 'tcn.0.net.1.bias', 'tcn.0.net.1.running_mean', 'tcn.0.net.1.running_var', 'tcn.0.net.1.weight', 'tcn.0.net.4.weight', 'tcn.0.net.5.bias', 'tcn.0.net.5.running_mean', 'tcn.0.net.5.running_var', 'tcn.0.net.5.weight', 'tcn.1.net.0.weight', 'tcn.1.net.1.bias', 'tcn.1.net.1.running_mean', 'tcn.1.net.1.running_var', 'tcn.1.net.1.weight', 'tcn.1.net.4.weight', 'tcn.1.net.5.bias', 'tcn.1.net.5.running_mean', 'tcn.1.net.5.running_var', 'tcn.1.net.5.weight', 'tcn.2.net.0.weight', 'tcn.2.net.1.bias', 'tcn.2.net.1.running_mean', 'tcn.2.net.1.running_var', 'tcn.2.net.1.weight', 'tcn.2.net.4.weight', 'tcn.2.net.5.bias', 'tcn.2.net.5.running_mean', 'tcn.2.net.5.running_var', 'tcn.2.net.5.weight'], 'missing_model_keys': ['attn.in_proj_bias', 'attn.in_proj_weight', 'attn.out_proj.bias', 'attn.out_proj.weight', 'classifier.1.bias', 'classifier.1.weight', 'classifier.4.weight', 'ff.0.weight', 'ff.3.bias', 'ff.3.weight', 'input_proj.0.weight', 'input_proj.1.bias', 'input_proj.1.running_mean', 'input_proj.1.running_var', 'input_proj.1.weight', 'ln1.bias', 'ln1.weight', 'ln2.bias', 'ln2.weight', 'tcn.0.net.0.weight', 'tcn.0.net.1.bias', 'tcn.0.net.1.running_mean', 'tcn.0.net.1.running_var', 'tcn.0.net.1.weight', 'tcn.0.net.4.weight', 'tcn.0.net.5.bias', 'tcn.0.net.5.running_mean', 'tcn.0.net.5.running_var', 'tcn.0.net.5.weight', 'tcn.1.net.0.weight', 'tcn.1.net.1.bias', 'tcn.1.net.1.running_mean', 'tcn.1.net.1.running_var', 'tcn.1.net.1.weight', 'tcn.1.net.4.weight', 'tcn.1.net.5.bias', 'tcn.1.net.5.running_mean', 'tcn.1.net.5.running_var', 'tcn.1.net.5.weight', 'tcn.2.net.0.weight', 'tcn.2.net.1.bias', 'tcn.2.net.1.running_mean', 'tcn.2.net.1.running_var', 'tcn.2.net.1.weight', 'tcn.2.net.4.weight', 'tcn.2.net.5.bias', 'tcn.2.net.5.running_mean', 'tcn.2.net.5.running_var', 'tcn.2.net.5.weight']}
Epoch 001 | teacher_ce=0.6152 | student=1.1872 (ce=1.0506, kd=0.2196, feat=1.5033) | val_student_acc=58.86% val_student_f1=0.5768 val_agree=61.71% | test_student_acc=30.62% test_agree=33.99%
Epoch 002 | teacher_ce=0.5181 | student=0.9320 (ce=0.8124, kd=0.1826, feat=1.5433) | val_student_acc=72.00% val_student_f1=0.7534 val_agree=80.57% | test_student_acc=47.75% test_agree=50.56%
Epoch 003 | teacher_ce=0.4500 | student=0.7602 (ce=0.6314, kd=0.1744, feat=1.6405) | val_student_acc=80.57% val_student_f1=0.8241 val_agree=88.00% | test_student_acc=87.64% test_agree=88.48%
Epoch 004 | teacher_ce=0.3643 | student=0.5857 (ce=0.4552, kd=0.1601, feat=1.7320) | val_student_acc=93.71% val_student_f1=0.9373 val_agree=97.14% | test_student_acc=96.63% test_agree=96.07%
Epoch 005 | teacher_ce=0.3366 | student=0.4922 (ce=0.3472, kd=0.1634, feat=1.8136) | val_student_acc=93.71% val_student_f1=0.9373 val_agree=97.14% | test_student_acc=95.51% test_agree=94.94%
Epoch 006 | teacher_ce=0.2878 | student=0.4044 (ce=0.2565, kd=0.1578, feat=1.8844) | val_student_acc=95.43% val_student_f1=0.9530 val_agree=97.14% | test_student_acc=93.26% test_agree=93.54%
Epoch 007 | teacher_ce=0.2630 | student=0.4072 (ce=0.2274, kd=0.1842, feat=1.9275) | val_student_acc=96.00% val_student_f1=0.9590 val_agree=97.71% | test_student_acc=89.04% test_agree=91.57%
Epoch 008 | teacher_ce=0.2349 | student=0.3735 (ce=0.1819, kd=0.1907, feat=1.9438) | val_student_acc=97.71% val_student_f1=0.9775 val_agree=98.86% | test_student_acc=89.33% test_agree=92.13%
Epoch 009 | teacher_ce=0.1874 | student=0.3600 (ce=0.1627, kd=0.1942, feat=1.9542) | val_student_acc=98.29% val_student_f1=0.9830 val_agree=98.86% | test_student_acc=89.33% test_agree=94.10%
Epoch 010 | teacher_ce=0.1751 | student=0.3607 (ce=0.1645, kd=0.1934, feat=1.9626) | val_student_acc=97.71% val_student_f1=0.9749 val_agree=98.86% | test_student_acc=84.27% test_agree=92.42%
Epoch 011 | teacher_ce=0.1358 | student=0.3390 (ce=0.1270, kd=0.2043, feat=1.9934) | val_student_acc=98.86% val_student_f1=0.9886 val_agree=98.29% | test_student_acc=87.64% test_agree=91.29%
Epoch 012 | teacher_ce=0.1175 | student=0.3022 (ce=0.0966, kd=0.1957, feat=2.0111) | val_student_acc=98.86% val_student_f1=0.9886 val_agree=98.29% | test_student_acc=87.92% test_agree=93.26%
Epoch 013 | teacher_ce=0.1091 | student=0.3210 (ce=0.1019, kd=0.2085, feat=2.0051) | val_student_acc=98.29% val_student_f1=0.9807 val_agree=98.29% | test_student_acc=86.52% test_agree=92.70%
Epoch 014 | teacher_ce=0.0896 | student=0.3020 (ce=0.0773, kd=0.2114, feat=2.0444) | val_student_acc=98.86% val_student_f1=0.9886 val_agree=98.86% | test_student_acc=83.99% test_agree=91.85%
Epoch 015 | teacher_ce=0.0794 | student=0.3032 (ce=0.0794, kd=0.2106, feat=2.0507) | val_student_acc=99.43% val_student_f1=0.9943 val_agree=98.29% | test_student_acc=82.87% test_agree=93.82%
Epoch 016 | teacher_ce=0.0799 | student=0.3100 (ce=0.0670, kd=0.2270, feat=2.0503) | val_student_acc=98.86% val_student_f1=0.9885 val_agree=98.29% | test_student_acc=82.58% test_agree=92.98%
Epoch 017 | teacher_ce=0.0694 | student=0.2940 (ce=0.0599, kd=0.2183, feat=2.0612) | val_student_acc=99.43% val_student_f1=0.9942 val_agree=98.86% | test_student_acc=82.58% test_agree=92.70%
Epoch 018 | teacher_ce=0.0574 | student=0.2879 (ce=0.0529, kd=0.2185, feat=2.0781) | val_student_acc=99.43% val_student_f1=0.9943 val_agree=99.43% | test_student_acc=84.55% test_agree=92.42%
Epoch 019 | teacher_ce=0.0532 | student=0.2953 (ce=0.0497, kd=0.2278, feat=2.0973) | val_student_acc=98.86% val_student_f1=0.9886 val_agree=98.86% | test_student_acc=83.99% test_agree=90.45%
Epoch 020 | teacher_ce=0.0465 | student=0.2808 (ce=0.0403, kd=0.2223, feat=2.0974) | val_student_acc=100.00% val_student_f1=1.0000 val_agree=100.00% | test_student_acc=83.99% test_agree=91.57%
Early stopping at epoch 20 (best=4, score=0.966292)
================================================================================
Best epoch: 4
Best score (test_acc): 0.966292
Final test student accuracy: 96.63%
Final test teacher agreement: 96.07%
Saved to: ablation_experiments/h1/results/run_20260327_131013/ablation3_joint_tcn_attn/ablation3_h1_scan90_run_20260327_131013_rerun/stage1/s1_l4_o1_c7/ablation3_joint_tcn_attn_weld_seam_windows_ws5_tf75_pg0_h1_ep80_lrt0.0001_lrs0.0002_bs128_T2.5_lce0.9_lkd1.1_lf0.0_seed14
/usr/bin/python /home/huang_kai/wind_turbine_phm/PHOENIX-main/autoencoder_benchmark/ablation_experiments/ablation3_joint_tcn_attn/scripts/train_ablation3_joint_tcn_attn.py --dataset-npz Data/processed_data/weld_seam_windows_ws5_tf75_pg0_h1.npz --output-dir ablation_experiments/h1/results/run_20260327_131013/ablation3_joint_tcn_attn/ablation3_h1_scan90_run_20260327_131013_rerun/stage0/s0_l3_c0 --epochs 80 --batch-size 128 --lr-teacher 0.0001 --lr-student 0.0003 --weight-decay 0.00015 --seed 14 --num-workers 0 --checkpoint-metric test_acc --temperature 3.0 --lambda-ce 0.8 --lambda-kd 1.1 --lambda-feat 0.0 --freeze-teacher-epochs 5 --teacher-tcn-kernel 3 --teacher-tcn-layers 3 --teacher-tcn-channels 64,64,64 --teacher-tcn-dropout 0.08 --teacher-tcn-dilation-base 2 --teacher-classifier-hidden 64 --teacher-classifier-dropout 0.4 --teacher-attn-heads 4 --teacher-attn-dropout 0.1 --teacher-attn-ff-dim 128 --teacher-init-ckpt /home/huang_kai/wind_turbine_phm/PHOENIX-main/autoencoder_benchmark/outputs/teacher_h1_scan98_gpu1_v2/runs/single_tcn_attn_weld_seam_windows_ws5_tf75_pg0_h1_ep60_lr0.0003_bs128_k3_l3_d0.08_lat64_wd0.00015_seed14/best_single_tcn.pth --teacher-init-mode strict --student-tcn-layers 3 --student-tcn-dropout 0.12 --student-classifier-hidden 64 --student-classifier-dropout 0.3 --student-attn-dropout 0.05 --student-attn-ff-dim 128 --student-tcn-dilation-base 1 --weighted-sampler --student-init-ckpt ablation_experiments/h1/results/run_20260327_131013/ablation1_sweep/trials/trial_0004_A/ablation1_student_only_tcn_attn_weld_seam_windows_ws5_tf75_pg0_h1_ep80_lr0.00015_bs96_seed156/best_student_only.pth --student-init-mode shape_safe
Command: /usr/bin/python /home/huang_kai/wind_turbine_phm/PHOENIX-main/autoencoder_benchmark/ablation_experiments/ablation3_joint_tcn_attn/scripts/train_ablation3_joint_tcn_attn.py --dataset-npz Data/processed_data/weld_seam_windows_ws5_tf75_pg0_h1.npz --output-dir ablation_experiments/h1/results/run_20260327_131013/ablation3_joint_tcn_attn/ablation3_h1_scan90_run_20260327_131013_rerun/stage0/s0_l3_c7 --epochs 80 --batch-size 128 --lr-teacher 0.0001 --lr-student 0.0003 --weight-decay 0.00015 --seed 14 --num-workers 0 --checkpoint-metric test_acc --temperature 3.0 --lambda-ce 0.8 --lambda-kd 1.1 --lambda-feat 0.0 --freeze-teacher-epochs 5 --teacher-tcn-kernel 3 --teacher-tcn-layers 3 --teacher-tcn-channels 64,64,64 --teacher-tcn-dropout 0.08 --teacher-tcn-dilation-base 2 --teacher-classifier-hidden 64 --teacher-classifier-dropout 0.4 --teacher-attn-heads 4 --teacher-attn-dropout 0.1 --teacher-attn-ff-dim 128 --teacher-init-ckpt /home/huang_kai/wind_turbine_phm/PHOENIX-main/autoencoder_benchmark/outputs/teacher_h1_scan98_gpu1_v2/runs/single_tcn_attn_weld_seam_windows_ws5_tf75_pg0_h1_ep60_lr0.0003_bs128_k3_l3_d0.08_lat64_wd0.00015_seed14/best_single_tcn.pth --teacher-init-mode strict --student-tcn-layers 3 --student-tcn-dropout 0.12 --student-classifier-hidden 64 --student-classifier-dropout 0.3 --student-attn-dropout 0.05 --student-attn-ff-dim 128 --student-tcn-dilation-base 1 --weighted-sampler --student-init-ckpt ablation_experiments/h1/results/run_20260327_131013/ablation1_sweep/trials/trial_0004_A/ablation1_student_only_tcn_attn_weld_seam_windows_ws5_tf75_pg0_h1_ep80_lr0.00015_bs96_seed156/best_student_only.pth --student-init-mode shape_safe
Command: /usr/bin/python /home/huang_kai/wind_turbine_phm/PHOENIX-main/autoencoder_benchmark/ablation_experiments/ablation3_joint_tcn_attn/scripts/train_ablation3_joint_tcn_attn.py --dataset-npz Data/processed_data/weld_seam_windows_ws5_tf75_pg0_h1.npz --output-dir ablation_experiments/h1/results/run_20260327_131013/ablation3_joint_tcn_attn/ablation3_h1_scan90_run_20260327_131013_rerun/stage1/s1_l4_o1_c0 --epochs 80 --batch-size 128 --lr-teacher 0.0001 --lr-student 0.0002 --weight-decay 0.00015 --seed 14 --num-workers 0 --checkpoint-metric test_acc --temperature 2.5 --lambda-ce 0.9 --lambda-kd 1.1 --lambda-feat 0.0 --freeze-teacher-epochs 0 --teacher-tcn-kernel 3 --teacher-tcn-layers 3 --teacher-tcn-channels 64,64,64 --teacher-tcn-dropout 0.08 --teacher-tcn-dilation-base 2 --teacher-classifier-hidden 64 --teacher-classifier-dropout 0.4 --teacher-attn-heads 4 --teacher-attn-dropout 0.1 --teacher-attn-ff-dim 128 --teacher-init-ckpt /home/huang_kai/wind_turbine_phm/PHOENIX-main/autoencoder_benchmark/outputs/teacher_h1_scan98_gpu1_v2/runs/single_tcn_attn_weld_seam_windows_ws5_tf75_pg0_h1_ep60_lr0.0003_bs128_k3_l3_d0.08_lat64_wd0.00015_seed14/best_single_tcn.pth --teacher-init-mode strict --student-tcn-layers 3 --student-tcn-dropout 0.12 --student-classifier-hidden 64 --student-classifier-dropout 0.3 --student-attn-dropout 0.05 --student-attn-ff-dim 128 --student-tcn-dilation-base 1 --weighted-sampler --student-init-ckpt ablation_experiments/h1/results/run_20260327_131013/ablation1_sweep/trials/trial_0004_A/ablation1_student_only_tcn_attn_weld_seam_windows_ws5_tf75_pg0_h1_ep80_lr0.00015_bs96_seed156/best_student_only.pth --student-init-mode shape_safe
Command: /usr/bin/python /home/huang_kai/wind_turbine_phm/PHOENIX-main/autoencoder_benchmark/ablation_experiments/ablation3_joint_tcn_attn/scripts/train_ablation3_joint_tcn_attn.py --dataset-npz Data/processed_data/weld_seam_windows_ws5_tf75_pg0_h1.npz --output-dir ablation_experiments/h1/results/run_20260327_131013/ablation3_joint_tcn_attn/ablation3_h1_scan90_run_20260327_131013_rerun/stage1/s1_l4_o1_c7 --epochs 80 --batch-size 128 --lr-teacher 0.0001 --lr-student 0.0002 --weight-decay 0.00015 --seed 14 --num-workers 0 --checkpoint-metric test_acc --temperature 2.5 --lambda-ce 0.9 --lambda-kd 1.1 --lambda-feat 0.0 --freeze-teacher-epochs 0 --teacher-tcn-kernel 3 --teacher-tcn-layers 3 --teacher-tcn-channels 64,64,64 --teacher-tcn-dropout 0.08 --teacher-tcn-dilation-base 2 --teacher-classifier-hidden 64 --teacher-classifier-dropout 0.4 --teacher-attn-heads 4 --teacher-attn-dropout 0.1 --teacher-attn-ff-dim 128 --teacher-init-ckpt /home/huang_kai/wind_turbine_phm/PHOENIX-main/autoencoder_benchmark/outputs/teacher_h1_scan98_gpu1_v2/runs/single_tcn_attn_weld_seam_windows_ws5_tf75_pg0_h1_ep60_lr0.0003_bs128_k3_l3_d0.08_lat64_wd0.00015_seed14/best_single_tcn.pth --teacher-init-mode strict --student-tcn-layers 3 --student-tcn-dropout 0.12 --student-classifier-hidden 64 --student-classifier-dropout 0.3 --student-attn-dropout 0.05 --student-attn-ff-dim 128 --student-tcn-dilation-base 1 --weighted-sampler --student-init-ckpt ablation_experiments/h1/results/run_20260327_131013/ablation1_sweep/trials/trial_0004_A/ablation1_student_only_tcn_attn_weld_seam_windows_ws5_tf75_pg0_h1_ep80_lr0.00015_bs96_seed156/best_student_only.pth --student-init-mode shape_safe
Command: ================================================================================
Ablation-3 | Joint teacher-student future-step prediction with TCN+Attention
================================================================================
Dataset: Data/processed_data/weld_seam_windows_ws5_tf75_pg0_h1.npz
Device: cuda
Train/Val/Test: 990 / 175 / 356
Input full/subset dims: 18 / 13
Dropped feature indices: [3, 4, 5, 6, 7]
Temperature: 2.5
Loss weights (ce/kd/feat): 0.9 / 1.1 / 0.0
Checkpoint metric: test_acc
Freeze teacher epochs: 0
Teacher init summary: {'init_mode': 'strict', 'loaded_keys': 58, 'skipped_keys': [], 'missing_model_keys': []}
Student init summary: {'init_mode': 'shape_safe', 'loaded_keys': 9, 'skipped_keys': ['attn.in_proj_bias', 'attn.in_proj_weight', 'attn.out_proj.bias', 'attn.out_proj.weight', 'classifier.1.bias', 'classifier.1.weight', 'classifier.4.weight', 'ff.0.weight', 'ff.3.bias', 'ff.3.weight', 'input_proj.0.weight', 'input_proj.1.bias', 'input_proj.1.running_mean', 'input_proj.1.running_var', 'input_proj.1.weight', 'ln1.bias', 'ln1.weight', 'ln2.bias', 'ln2.weight', 'tcn.0.net.0.weight', 'tcn.0.net.1.bias', 'tcn.0.net.1.running_mean', 'tcn.0.net.1.running_var', 'tcn.0.net.1.weight', 'tcn.0.net.4.weight', 'tcn.0.net.5.bias', 'tcn.0.net.5.running_mean', 'tcn.0.net.5.running_var', 'tcn.0.net.5.weight', 'tcn.1.net.0.weight', 'tcn.1.net.1.bias', 'tcn.1.net.1.running_mean', 'tcn.1.net.1.running_var', 'tcn.1.net.1.weight', 'tcn.1.net.4.weight', 'tcn.1.net.5.bias', 'tcn.1.net.5.running_mean', 'tcn.1.net.5.running_var', 'tcn.1.net.5.weight', 'tcn.2.net.0.weight', 'tcn.2.net.1.bias', 'tcn.2.net.1.running_mean', 'tcn.2.net.1.running_var', 'tcn.2.net.1.weight', 'tcn.2.net.4.weight', 'tcn.2.net.5.bias', 'tcn.2.net.5.running_mean', 'tcn.2.net.5.running_var', 'tcn.2.net.5.weight'], 'missing_model_keys': ['attn.in_proj_bias', 'attn.in_proj_weight', 'attn.out_proj.bias', 'attn.out_proj.weight', 'classifier.1.bias', 'classifier.1.weight', 'classifier.4.weight', 'ff.0.weight', 'ff.3.bias', 'ff.3.weight', 'input_proj.0.weight', 'input_proj.1.bias', 'input_proj.1.running_mean', 'input_proj.1.running_var', 'input_proj.1.weight', 'ln1.bias', 'ln1.weight', 'ln2.bias', 'ln2.weight', 'tcn.0.net.0.weight', 'tcn.0.net.1.bias', 'tcn.0.net.1.running_mean', 'tcn.0.net.1.running_var', 'tcn.0.net.1.weight', 'tcn.0.net.4.weight', 'tcn.0.net.5.bias', 'tcn.0.net.5.running_mean', 'tcn.0.net.5.running_var', 'tcn.0.net.5.weight', 'tcn.1.net.0.weight', 'tcn.1.net.1.bias', 'tcn.1.net.1.running_mean', 'tcn.1.net.1.running_var', 'tcn.1.net.1.weight', 'tcn.1.net.4.weight', 'tcn.1.net.5.bias', 'tcn.1.net.5.running_mean', 'tcn.1.net.5.running_var', 'tcn.1.net.5.weight', 'tcn.2.net.0.weight', 'tcn.2.net.1.bias', 'tcn.2.net.1.running_mean', 'tcn.2.net.1.running_var', 'tcn.2.net.1.weight', 'tcn.2.net.4.weight', 'tcn.2.net.5.bias', 'tcn.2.net.5.running_mean', 'tcn.2.net.5.running_var', 'tcn.2.net.5.weight']}
Epoch 001 | teacher_ce=0.6152 | student=1.1185 (ce=0.9977, kd=0.2006, feat=1.5061) | val_student_acc=58.86% val_student_f1=0.6265 val_agree=68.00% | test_student_acc=35.96% test_agree=39.33%
Epoch 002 | teacher_ce=0.5181 | student=0.7810 (ce=0.6883, kd=0.1468, feat=1.5832) | val_student_acc=76.57% val_student_f1=0.7914 val_agree=85.14% | test_student_acc=71.35% test_agree=73.03%
Epoch 003 | teacher_ce=0.4500 | student=0.5635 (ce=0.4678, kd=0.1295, feat=1.7279) | val_student_acc=93.14% val_student_f1=0.9315 val_agree=96.00% | test_student_acc=96.91% test_agree=96.07%
Epoch 004 | teacher_ce=0.3643 | student=0.4456 (ce=0.3111, kd=0.1506, feat=1.8221) | val_student_acc=94.86% val_student_f1=0.9500 val_agree=96.00% | test_student_acc=95.51% test_agree=94.94%
Epoch 005 | teacher_ce=0.3366 | student=0.4137 (ce=0.2405, kd=0.1793, feat=1.8903) | val_student_acc=93.71% val_student_f1=0.9395 val_agree=97.14% | test_student_acc=93.82% test_agree=94.38%
Epoch 006 | teacher_ce=0.2878 | student=0.3741 (ce=0.1989, kd=0.1774, feat=1.9410) | val_student_acc=97.71% val_student_f1=0.9752 val_agree=98.29% | test_student_acc=89.33% test_agree=90.73%
Epoch 007 | teacher_ce=0.2630 | student=0.3813 (ce=0.2003, kd=0.1827, feat=1.9567) | val_student_acc=97.71% val_student_f1=0.9752 val_agree=98.29% | test_student_acc=87.36% test_agree=91.57%
Epoch 008 | teacher_ce=0.2349 | student=0.3602 (ce=0.1735, kd=0.1855, feat=1.9690) | val_student_acc=97.71% val_student_f1=0.9775 val_agree=98.86% | test_student_acc=90.17% test_agree=92.42%
Epoch 009 | teacher_ce=0.1874 | student=0.3414 (ce=0.1501, kd=0.1875, feat=1.9737) | val_student_acc=97.71% val_student_f1=0.9752 val_agree=98.29% | test_student_acc=89.89% test_agree=94.66%
Epoch 010 | teacher_ce=0.1751 | student=0.3383 (ce=0.1472, kd=0.1872, feat=1.9869) | val_student_acc=100.00% val_student_f1=1.0000 val_agree=97.71% | test_student_acc=82.02% test_agree=92.42%
Epoch 011 | teacher_ce=0.1358 | student=0.3177 (ce=0.1098, kd=0.1990, feat=2.0193) | val_student_acc=100.00% val_student_f1=1.0000 val_agree=98.29% | test_student_acc=86.80% test_agree=90.45%
Epoch 012 | teacher_ce=0.1175 | student=0.2904 (ce=0.0867, kd=0.1930, feat=2.0235) | val_student_acc=99.43% val_student_f1=0.9919 val_agree=97.71% | test_student_acc=85.67% test_agree=92.70%
Epoch 013 | teacher_ce=0.1091 | student=0.3056 (ce=0.0934, kd=0.2014, feat=2.0231) | val_student_acc=98.29% val_student_f1=0.9807 val_agree=98.29% | test_student_acc=84.83% test_agree=92.13%
Epoch 014 | teacher_ce=0.0896 | student=0.2904 (ce=0.0694, kd=0.2072, feat=2.0767) | val_student_acc=98.86% val_student_f1=0.9886 val_agree=98.86% | test_student_acc=81.46% test_agree=92.13%
Epoch 015 | teacher_ce=0.0794 | student=0.2851 (ce=0.0722, kd=0.2001, feat=2.0688) | val_student_acc=100.00% val_student_f1=1.0000 val_agree=98.86% | test_student_acc=81.74% test_agree=93.82%
Epoch 016 | teacher_ce=0.0799 | student=0.2978 (ce=0.0599, kd=0.2217, feat=2.0683) | val_student_acc=98.86% val_student_f1=0.9886 val_agree=99.43% | test_student_acc=83.71% test_agree=92.42%
Epoch 017 | teacher_ce=0.0694 | student=0.2802 (ce=0.0542, kd=0.2104, feat=2.0790) | val_student_acc=100.00% val_student_f1=1.0000 val_agree=99.43% | test_student_acc=81.46% test_agree=91.57%
Epoch 018 | teacher_ce=0.0574 | student=0.2759 (ce=0.0482, kd=0.2114, feat=2.0919) | val_student_acc=100.00% val_student_f1=1.0000 val_agree=100.00% | test_student_acc=83.43% test_agree=91.85%
Epoch 019 | teacher_ce=0.0532 | student=0.2832 (ce=0.0447, kd=0.2209, feat=2.1101) | val_student_acc=99.43% val_student_f1=0.9943 val_agree=99.43% | test_student_acc=83.43% test_agree=90.45%
Early stopping at epoch 19 (best=3, score=0.969101)
================================================================================
Best epoch: 3
Best score (test_acc): 0.969101
Final test student accuracy: 96.91%
Final test teacher agreement: 96.07%
Saved to: ablation_experiments/h1/results/run_20260327_131013/ablation3_joint_tcn_attn/ablation3_h1_scan90_run_20260327_131013_rerun/stage1/s1_l4_o2_c0/ablation3_joint_tcn_attn_weld_seam_windows_ws5_tf75_pg0_h1_ep80_lrt0.0001_lrs0.0003_bs128_T2.5_lce0.9_lkd1.1_lf0.0_seed14
================================================================================
Ablation-3 | Joint teacher-student future-step prediction with TCN+Attention
================================================================================
Dataset: Data/processed_data/weld_seam_windows_ws5_tf75_pg0_h1.npz
Device: cuda
Train/Val/Test: 990 / 175 / 356
Input full/subset dims: 18 / 13
Dropped feature indices: [3, 4, 5, 6, 7]
Temperature: 2.5
Loss weights (ce/kd/feat): 0.9 / 1.1 / 0.0
Checkpoint metric: test_acc
Freeze teacher epochs: 0
Teacher init summary: {'init_mode': 'strict', 'loaded_keys': 58, 'skipped_keys': [], 'missing_model_keys': []}
Student init summary: {'init_mode': 'shape_safe', 'loaded_keys': 9, 'skipped_keys': ['attn.in_proj_bias', 'attn.in_proj_weight', 'attn.out_proj.bias', 'attn.out_proj.weight', 'classifier.1.bias', 'classifier.1.weight', 'classifier.4.weight', 'ff.0.weight', 'ff.3.bias', 'ff.3.weight', 'input_proj.0.weight', 'input_proj.1.bias', 'input_proj.1.running_mean', 'input_proj.1.running_var', 'input_proj.1.weight', 'ln1.bias', 'ln1.weight', 'ln2.bias', 'ln2.weight', 'tcn.0.net.0.weight', 'tcn.0.net.1.bias', 'tcn.0.net.1.running_mean', 'tcn.0.net.1.running_var', 'tcn.0.net.1.weight', 'tcn.0.net.4.weight', 'tcn.0.net.5.bias', 'tcn.0.net.5.running_mean', 'tcn.0.net.5.running_var', 'tcn.0.net.5.weight', 'tcn.1.net.0.weight', 'tcn.1.net.1.bias', 'tcn.1.net.1.running_mean', 'tcn.1.net.1.running_var', 'tcn.1.net.1.weight', 'tcn.1.net.4.weight', 'tcn.1.net.5.bias', 'tcn.1.net.5.running_mean', 'tcn.1.net.5.running_var', 'tcn.1.net.5.weight', 'tcn.2.net.0.weight', 'tcn.2.net.1.bias', 'tcn.2.net.1.running_mean', 'tcn.2.net.1.running_var', 'tcn.2.net.1.weight', 'tcn.2.net.4.weight', 'tcn.2.net.5.bias', 'tcn.2.net.5.running_mean', 'tcn.2.net.5.running_var', 'tcn.2.net.5.weight'], 'missing_model_keys': ['attn.in_proj_bias', 'attn.in_proj_weight', 'attn.out_proj.bias', 'attn.out_proj.weight', 'classifier.1.bias', 'classifier.1.weight', 'classifier.4.weight', 'ff.0.weight', 'ff.3.bias', 'ff.3.weight', 'input_proj.0.weight', 'input_proj.1.bias', 'input_proj.1.running_mean', 'input_proj.1.running_var', 'input_proj.1.weight', 'ln1.bias', 'ln1.weight', 'ln2.bias', 'ln2.weight', 'tcn.0.net.0.weight', 'tcn.0.net.1.bias', 'tcn.0.net.1.running_mean', 'tcn.0.net.1.running_var', 'tcn.0.net.1.weight', 'tcn.0.net.4.weight', 'tcn.0.net.5.bias', 'tcn.0.net.5.running_mean', 'tcn.0.net.5.running_var', 'tcn.0.net.5.weight', 'tcn.1.net.0.weight', 'tcn.1.net.1.bias', 'tcn.1.net.1.running_mean', 'tcn.1.net.1.running_var', 'tcn.1.net.1.weight', 'tcn.1.net.4.weight', 'tcn.1.net.5.bias', 'tcn.1.net.5.running_mean', 'tcn.1.net.5.running_var', 'tcn.1.net.5.weight', 'tcn.2.net.0.weight', 'tcn.2.net.1.bias', 'tcn.2.net.1.running_mean', 'tcn.2.net.1.running_var', 'tcn.2.net.1.weight', 'tcn.2.net.4.weight', 'tcn.2.net.5.bias', 'tcn.2.net.5.running_mean', 'tcn.2.net.5.running_var', 'tcn.2.net.5.weight']}
Epoch 001 | teacher_ce=0.6152 | student=1.1185 (ce=0.9977, kd=0.2006, feat=1.5061) | val_student_acc=58.86% val_student_f1=0.6265 val_agree=68.00% | test_student_acc=35.96% test_agree=39.33%
Epoch 002 | teacher_ce=0.5181 | student=0.7810 (ce=0.6883, kd=0.1468, feat=1.5832) | val_student_acc=76.57% val_student_f1=0.7914 val_agree=85.14% | test_student_acc=71.35% test_agree=73.03%
Epoch 003 | teacher_ce=0.4500 | student=0.5635 (ce=0.4678, kd=0.1295, feat=1.7279) | val_student_acc=93.14% val_student_f1=0.9315 val_agree=96.00% | test_student_acc=96.91% test_agree=96.07%
Epoch 004 | teacher_ce=0.3643 | student=0.4456 (ce=0.3111, kd=0.1506, feat=1.8221) | val_student_acc=94.86% val_student_f1=0.9500 val_agree=96.00% | test_student_acc=95.51% test_agree=94.94%
Epoch 005 | teacher_ce=0.3366 | student=0.4137 (ce=0.2405, kd=0.1793, feat=1.8903) | val_student_acc=93.71% val_student_f1=0.9395 val_agree=97.14% | test_student_acc=93.82% test_agree=94.38%
Epoch 006 | teacher_ce=0.2878 | student=0.3741 (ce=0.1989, kd=0.1774, feat=1.9410) | val_student_acc=97.71% val_student_f1=0.9752 val_agree=98.29% | test_student_acc=89.33% test_agree=90.73%
Epoch 007 | teacher_ce=0.2630 | student=0.3813 (ce=0.2003, kd=0.1827, feat=1.9567) | val_student_acc=97.71% val_student_f1=0.9752 val_agree=98.29% | test_student_acc=87.36% test_agree=91.57%
Epoch 008 | teacher_ce=0.2349 | student=0.3602 (ce=0.1735, kd=0.1855, feat=1.9690) | val_student_acc=97.71% val_student_f1=0.9775 val_agree=98.86% | test_student_acc=90.17% test_agree=92.42%
Epoch 009 | teacher_ce=0.1874 | student=0.3414 (ce=0.1501, kd=0.1875, feat=1.9737) | val_student_acc=97.71% val_student_f1=0.9752 val_agree=98.29% | test_student_acc=89.89% test_agree=94.66%
Epoch 010 | teacher_ce=0.1751 | student=0.3383 (ce=0.1472, kd=0.1872, feat=1.9869) | val_student_acc=100.00% val_student_f1=1.0000 val_agree=97.71% | test_student_acc=82.02% test_agree=92.42%
Epoch 011 | teacher_ce=0.1358 | student=0.3177 (ce=0.1098, kd=0.1990, feat=2.0193) | val_student_acc=100.00% val_student_f1=1.0000 val_agree=98.29% | test_student_acc=86.80% test_agree=90.45%
Epoch 012 | teacher_ce=0.1175 | student=0.2904 (ce=0.0867, kd=0.1930, feat=2.0235) | val_student_acc=99.43% val_student_f1=0.9919 val_agree=97.71% | test_student_acc=85.67% test_agree=92.70%
Epoch 013 | teacher_ce=0.1091 | student=0.3056 (ce=0.0934, kd=0.2014, feat=2.0231) | val_student_acc=98.29% val_student_f1=0.9807 val_agree=98.29% | test_student_acc=84.83% test_agree=92.13%
Epoch 014 | teacher_ce=0.0896 | student=0.2904 (ce=0.0694, kd=0.2072, feat=2.0767) | val_student_acc=98.86% val_student_f1=0.9886 val_agree=98.86% | test_student_acc=81.46% test_agree=92.13%
Epoch 015 | teacher_ce=0.0794 | student=0.2851 (ce=0.0722, kd=0.2001, feat=2.0688) | val_student_acc=100.00% val_student_f1=1.0000 val_agree=98.86% | test_student_acc=81.74% test_agree=93.82%
Epoch 016 | teacher_ce=0.0799 | student=0.2978 (ce=0.0599, kd=0.2217, feat=2.0683) | val_student_acc=98.86% val_student_f1=0.9886 val_agree=99.43% | test_student_acc=83.71% test_agree=92.42%
Epoch 017 | teacher_ce=0.0694 | student=0.2802 (ce=0.0542, kd=0.2104, feat=2.0790) | val_student_acc=100.00% val_student_f1=1.0000 val_agree=99.43% | test_student_acc=81.46% test_agree=91.57%
Epoch 018 | teacher_ce=0.0574 | student=0.2759 (ce=0.0482, kd=0.2114, feat=2.0919) | val_student_acc=100.00% val_student_f1=1.0000 val_agree=100.00% | test_student_acc=83.43% test_agree=91.85%
Epoch 019 | teacher_ce=0.0532 | student=0.2832 (ce=0.0447, kd=0.2209, feat=2.1101) | val_student_acc=99.43% val_student_f1=0.9943 val_agree=99.43% | test_student_acc=83.43% test_agree=90.45%
Early stopping at epoch 19 (best=3, score=0.969101)
================================================================================
Best epoch: 3
Best score (test_acc): 0.969101
Final test student accuracy: 96.91%
Final test teacher agreement: 96.07%
Saved to: ablation_experiments/h1/results/run_20260327_131013/ablation3_joint_tcn_attn/ablation3_h1_scan90_run_20260327_131013_rerun/stage1/s1_l4_o2_c7/ablation3_joint_tcn_attn_weld_seam_windows_ws5_tf75_pg0_h1_ep80_lrt0.0001_lrs0.0003_bs128_T2.5_lce0.9_lkd1.1_lf0.0_seed14
================================================================================
Ablation-3 | Joint teacher-student future-step prediction with TCN+Attention
================================================================================
Dataset: Data/processed_data/weld_seam_windows_ws5_tf75_pg0_h1.npz
Device: cuda
Train/Val/Test: 990 / 175 / 356
Input full/subset dims: 18 / 13
Dropped feature indices: [3, 4, 5, 6, 7]
Temperature: 2.5
Loss weights (ce/kd/feat): 0.9 / 1.1 / 0.0
Checkpoint metric: test_acc
Freeze teacher epochs: 0
Teacher init summary: {'init_mode': 'strict', 'loaded_keys': 58, 'skipped_keys': [], 'missing_model_keys': []}
Student init summary: {'init_mode': 'shape_safe', 'loaded_keys': 9, 'skipped_keys': ['attn.in_proj_bias', 'attn.in_proj_weight', 'attn.out_proj.bias', 'attn.out_proj.weight', 'classifier.1.bias', 'classifier.1.weight', 'classifier.4.weight', 'ff.0.weight', 'ff.3.bias', 'ff.3.weight', 'input_proj.0.weight', 'input_proj.1.bias', 'input_proj.1.running_mean', 'input_proj.1.running_var', 'input_proj.1.weight', 'ln1.bias', 'ln1.weight', 'ln2.bias', 'ln2.weight', 'tcn.0.net.0.weight', 'tcn.0.net.1.bias', 'tcn.0.net.1.running_mean', 'tcn.0.net.1.running_var', 'tcn.0.net.1.weight', 'tcn.0.net.4.weight', 'tcn.0.net.5.bias', 'tcn.0.net.5.running_mean', 'tcn.0.net.5.running_var', 'tcn.0.net.5.weight', 'tcn.1.net.0.weight', 'tcn.1.net.1.bias', 'tcn.1.net.1.running_mean', 'tcn.1.net.1.running_var', 'tcn.1.net.1.weight', 'tcn.1.net.4.weight', 'tcn.1.net.5.bias', 'tcn.1.net.5.running_mean', 'tcn.1.net.5.running_var', 'tcn.1.net.5.weight', 'tcn.2.net.0.weight', 'tcn.2.net.1.bias', 'tcn.2.net.1.running_mean', 'tcn.2.net.1.running_var', 'tcn.2.net.1.weight', 'tcn.2.net.4.weight', 'tcn.2.net.5.bias', 'tcn.2.net.5.running_mean', 'tcn.2.net.5.running_var', 'tcn.2.net.5.weight'], 'missing_model_keys': ['attn.in_proj_bias', 'attn.in_proj_weight', 'attn.out_proj.bias', 'attn.out_proj.weight', 'classifier.1.bias', 'classifier.1.weight', 'classifier.4.weight', 'ff.0.weight', 'ff.3.bias', 'ff.3.weight', 'input_proj.0.weight', 'input_proj.1.bias', 'input_proj.1.running_mean', 'input_proj.1.running_var', 'input_proj.1.weight', 'ln1.bias', 'ln1.weight', 'ln2.bias', 'ln2.weight', 'tcn.0.net.0.weight', 'tcn.0.net.1.bias', 'tcn.0.net.1.running_mean', 'tcn.0.net.1.running_var', 'tcn.0.net.1.weight', 'tcn.0.net.4.weight', 'tcn.0.net.5.bias', 'tcn.0.net.5.running_mean', 'tcn.0.net.5.running_var', 'tcn.0.net.5.weight', 'tcn.1.net.0.weight', 'tcn.1.net.1.bias', 'tcn.1.net.1.running_mean', 'tcn.1.net.1.running_var', 'tcn.1.net.1.weight', 'tcn.1.net.4.weight', 'tcn.1.net.5.bias', 'tcn.1.net.5.running_mean', 'tcn.1.net.5.running_var', 'tcn.1.net.5.weight', 'tcn.2.net.0.weight', 'tcn.2.net.1.bias', 'tcn.2.net.1.running_mean', 'tcn.2.net.1.running_var', 'tcn.2.net.1.weight', 'tcn.2.net.4.weight', 'tcn.2.net.5.bias', 'tcn.2.net.5.running_mean', 'tcn.2.net.5.running_var', 'tcn.2.net.5.weight']}
Epoch 001 | teacher_ce=0.5756 | student=1.1460 (ce=0.9973, kd=0.2258, feat=1.5203) | val_student_acc=60.00% val_student_f1=0.6320 val_agree=68.00% | test_student_acc=35.11% test_agree=37.92%
Epoch 002 | teacher_ce=0.4186 | student=0.8575 (ce=0.6846, kd=0.2194, feat=1.6323) | val_student_acc=77.71% val_student_f1=0.8007 val_agree=84.57% | test_student_acc=74.44% test_agree=76.12%
Epoch 003 | teacher_ce=0.3203 | student=0.6325 (ce=0.4522, kd=0.2051, feat=1.7926) | val_student_acc=93.14% val_student_f1=0.9315 val_agree=95.43% | test_student_acc=96.35% test_agree=95.51%
Epoch 004 | teacher_ce=0.2229 | student=0.4667 (ce=0.2797, kd=0.1954, feat=1.8994) | val_student_acc=96.00% val_student_f1=0.9606 val_agree=97.14% | test_student_acc=94.66% test_agree=92.70%
Epoch 005 | teacher_ce=0.1820 | student=0.3992 (ce=0.1877, kd=0.2093, feat=1.9765) | val_student_acc=96.57% val_student_f1=0.9660 val_agree=97.14% | test_student_acc=91.01% test_agree=88.76%
Epoch 006 | teacher_ce=0.1329 | student=0.3392 (ce=0.1266, kd=0.2047, feat=2.0250) | val_student_acc=99.43% val_student_f1=0.9942 val_agree=98.86% | test_student_acc=83.99% test_agree=90.73%
Epoch 007 | teacher_ce=0.1029 | student=0.3578 (ce=0.1144, kd=0.2317, feat=2.0514) | val_student_acc=98.29% val_student_f1=0.9830 val_agree=97.71% | test_student_acc=85.11% test_agree=89.89%
Epoch 008 | teacher_ce=0.0924 | student=0.3408 (ce=0.0923, kd=0.2343, feat=2.0637) | val_student_acc=100.00% val_student_f1=1.0000 val_agree=100.00% | test_student_acc=85.39% test_agree=90.45%
Epoch 009 | teacher_ce=0.0573 | student=0.3215 (ce=0.0617, kd=0.2417, feat=2.0714) | val_student_acc=100.00% val_student_f1=1.0000 val_agree=99.43% | test_student_acc=81.74% test_agree=91.85%
Epoch 010 | teacher_ce=0.0603 | student=0.3383 (ce=0.0758, kd=0.2455, feat=2.0944) | val_student_acc=100.00% val_student_f1=1.0000 val_agree=99.43% | test_student_acc=82.30% test_agree=87.64%
Epoch 011 | teacher_ce=0.0410 | student=0.3127 (ce=0.0434, kd=0.2488, feat=2.1152) | val_student_acc=100.00% val_student_f1=1.0000 val_agree=100.00% | test_student_acc=87.08% test_agree=89.61%
Epoch 012 | teacher_ce=0.0324 | student=0.2818 (ce=0.0275, kd=0.2337, feat=2.1219) | val_student_acc=100.00% val_student_f1=1.0000 val_agree=100.00% | test_student_acc=87.64% test_agree=92.70%
Epoch 013 | teacher_ce=0.0292 | student=0.2944 (ce=0.0323, kd=0.2412, feat=2.1180) | val_student_acc=100.00% val_student_f1=1.0000 val_agree=100.00% | test_student_acc=85.39% test_agree=92.98%
Epoch 014 | teacher_ce=0.0233 | student=0.2753 (ce=0.0215, kd=0.2327, feat=2.1530) | val_student_acc=100.00% val_student_f1=1.0000 val_agree=100.00% | test_student_acc=80.90% test_agree=88.20%
Epoch 015 | teacher_ce=0.0211 | student=0.2884 (ce=0.0272, kd=0.2399, feat=2.1467) | val_student_acc=100.00% val_student_f1=1.0000 val_agree=100.00% | test_student_acc=82.58% test_agree=89.61%
Epoch 016 | teacher_ce=0.0212 | student=0.2906 (ce=0.0193, kd=0.2484, feat=2.1483) | val_student_acc=100.00% val_student_f1=1.0000 val_agree=100.00% | test_student_acc=83.99% test_agree=91.57%
Epoch 017 | teacher_ce=0.0179 | student=0.2703 (ce=0.0152, kd=0.2333, feat=2.1520) | val_student_acc=100.00% val_student_f1=1.0000 val_agree=100.00% | test_student_acc=80.34% test_agree=88.76%
Epoch 018 | teacher_ce=0.0150 | student=0.2715 (ce=0.0151, kd=0.2345, feat=2.1534) | val_student_acc=100.00% val_student_f1=1.0000 val_agree=100.00% | test_student_acc=80.62% test_agree=87.36%
Epoch 019 | teacher_ce=0.0150 | student=0.2859 (ce=0.0155, kd=0.2472, feat=2.1696) | val_student_acc=100.00% val_student_f1=1.0000 val_agree=100.00% | test_student_acc=80.62% test_agree=86.52%
Early stopping at epoch 19 (best=3, score=0.963483)
================================================================================
Best epoch: 3
Best score (test_acc): 0.963483
Final test student accuracy: 96.35%
Final test teacher agreement: 95.51%
Saved to: ablation_experiments/h1/results/run_20260327_131013/ablation3_joint_tcn_attn/ablation3_h1_scan90_run_20260327_131013_rerun/stage1/s1_l4_o3_c0/ablation3_joint_tcn_attn_weld_seam_windows_ws5_tf75_pg0_h1_ep80_lrt0.0002_lrs0.0003_bs128_T2.5_lce0.9_lkd1.1_lf0.0_seed14
================================================================================
Ablation-3 | Joint teacher-student future-step prediction with TCN+Attention
================================================================================
Dataset: Data/processed_data/weld_seam_windows_ws5_tf75_pg0_h1.npz
Device: cuda
Train/Val/Test: 990 / 175 / 356
Input full/subset dims: 18 / 13
Dropped feature indices: [3, 4, 5, 6, 7]
Temperature: 2.5
Loss weights (ce/kd/feat): 0.9 / 1.1 / 0.0
Checkpoint metric: test_acc
Freeze teacher epochs: 0
Teacher init summary: {'init_mode': 'strict', 'loaded_keys': 58, 'skipped_keys': [], 'missing_model_keys': []}
Student init summary: {'init_mode': 'shape_safe', 'loaded_keys': 9, 'skipped_keys': ['attn.in_proj_bias', 'attn.in_proj_weight', 'attn.out_proj.bias', 'attn.out_proj.weight', 'classifier.1.bias', 'classifier.1.weight', 'classifier.4.weight', 'ff.0.weight', 'ff.3.bias', 'ff.3.weight', 'input_proj.0.weight', 'input_proj.1.bias', 'input_proj.1.running_mean', 'input_proj.1.running_var', 'input_proj.1.weight', 'ln1.bias', 'ln1.weight', 'ln2.bias', 'ln2.weight', 'tcn.0.net.0.weight', 'tcn.0.net.1.bias', 'tcn.0.net.1.running_mean', 'tcn.0.net.1.running_var', 'tcn.0.net.1.weight', 'tcn.0.net.4.weight', 'tcn.0.net.5.bias', 'tcn.0.net.5.running_mean', 'tcn.0.net.5.running_var', 'tcn.0.net.5.weight', 'tcn.1.net.0.weight', 'tcn.1.net.1.bias', 'tcn.1.net.1.running_mean', 'tcn.1.net.1.running_var', 'tcn.1.net.1.weight', 'tcn.1.net.4.weight', 'tcn.1.net.5.bias', 'tcn.1.net.5.running_mean', 'tcn.1.net.5.running_var', 'tcn.1.net.5.weight', 'tcn.2.net.0.weight', 'tcn.2.net.1.bias', 'tcn.2.net.1.running_mean', 'tcn.2.net.1.running_var', 'tcn.2.net.1.weight', 'tcn.2.net.4.weight', 'tcn.2.net.5.bias', 'tcn.2.net.5.running_mean', 'tcn.2.net.5.running_var', 'tcn.2.net.5.weight'], 'missing_model_keys': ['attn.in_proj_bias', 'attn.in_proj_weight', 'attn.out_proj.bias', 'attn.out_proj.weight', 'classifier.1.bias', 'classifier.1.weight', 'classifier.4.weight', 'ff.0.weight', 'ff.3.bias', 'ff.3.weight', 'input_proj.0.weight', 'input_proj.1.bias', 'input_proj.1.running_mean', 'input_proj.1.running_var', 'input_proj.1.weight', 'ln1.bias', 'ln1.weight', 'ln2.bias', 'ln2.weight', 'tcn.0.net.0.weight', 'tcn.0.net.1.bias', 'tcn.0.net.1.running_mean', 'tcn.0.net.1.running_var', 'tcn.0.net.1.weight', 'tcn.0.net.4.weight', 'tcn.0.net.5.bias', 'tcn.0.net.5.running_mean', 'tcn.0.net.5.running_var', 'tcn.0.net.5.weight', 'tcn.1.net.0.weight', 'tcn.1.net.1.bias', 'tcn.1.net.1.running_mean', 'tcn.1.net.1.running_var', 'tcn.1.net.1.weight', 'tcn.1.net.4.weight', 'tcn.1.net.5.bias', 'tcn.1.net.5.running_mean', 'tcn.1.net.5.running_var', 'tcn.1.net.5.weight', 'tcn.2.net.0.weight', 'tcn.2.net.1.bias', 'tcn.2.net.1.running_mean', 'tcn.2.net.1.running_var', 'tcn.2.net.1.weight', 'tcn.2.net.4.weight', 'tcn.2.net.5.bias', 'tcn.2.net.5.running_mean', 'tcn.2.net.5.running_var', 'tcn.2.net.5.weight']}
Epoch 001 | teacher_ce=0.5756 | student=1.1460 (ce=0.9973, kd=0.2258, feat=1.5203) | val_student_acc=60.00% val_student_f1=0.6320 val_agree=68.00% | test_student_acc=35.11% test_agree=37.92%
Epoch 002 | teacher_ce=0.4186 | student=0.8575 (ce=0.6846, kd=0.2194, feat=1.6323) | val_student_acc=77.71% val_student_f1=0.8007 val_agree=84.57% | test_student_acc=74.44% test_agree=76.12%
Epoch 003 | teacher_ce=0.3203 | student=0.6325 (ce=0.4522, kd=0.2051, feat=1.7926) | val_student_acc=93.14% val_student_f1=0.9315 val_agree=95.43% | test_student_acc=96.35% test_agree=95.51%
Epoch 004 | teacher_ce=0.2229 | student=0.4667 (ce=0.2797, kd=0.1954, feat=1.8994) | val_student_acc=96.00% val_student_f1=0.9606 val_agree=97.14% | test_student_acc=94.66% test_agree=92.70%
Epoch 005 | teacher_ce=0.1820 | student=0.3992 (ce=0.1877, kd=0.2093, feat=1.9765) | val_student_acc=96.57% val_student_f1=0.9660 val_agree=97.14% | test_student_acc=91.01% test_agree=88.76%
Epoch 006 | teacher_ce=0.1329 | student=0.3392 (ce=0.1266, kd=0.2047, feat=2.0250) | val_student_acc=99.43% val_student_f1=0.9942 val_agree=98.86% | test_student_acc=83.99% test_agree=90.73%
Epoch 007 | teacher_ce=0.1029 | student=0.3578 (ce=0.1144, kd=0.2317, feat=2.0514) | val_student_acc=98.29% val_student_f1=0.9830 val_agree=97.71% | test_student_acc=85.11% test_agree=89.89%
Epoch 008 | teacher_ce=0.0924 | student=0.3408 (ce=0.0923, kd=0.2343, feat=2.0637) | val_student_acc=100.00% val_student_f1=1.0000 val_agree=100.00% | test_student_acc=85.39% test_agree=90.45%
Epoch 009 | teacher_ce=0.0573 | student=0.3215 (ce=0.0617, kd=0.2417, feat=2.0714) | val_student_acc=100.00% val_student_f1=1.0000 val_agree=99.43% | test_student_acc=81.74% test_agree=91.85%
Epoch 010 | teacher_ce=0.0603 | student=0.3383 (ce=0.0758, kd=0.2455, feat=2.0944) | val_student_acc=100.00% val_student_f1=1.0000 val_agree=99.43% | test_student_acc=82.30% test_agree=87.64%
Epoch 011 | teacher_ce=0.0410 | student=0.3127 (ce=0.0434, kd=0.2488, feat=2.1152) | val_student_acc=100.00% val_student_f1=1.0000 val_agree=100.00% | test_student_acc=87.08% test_agree=89.61%
Epoch 012 | teacher_ce=0.0324 | student=0.2818 (ce=0.0275, kd=0.2337, feat=2.1219) | val_student_acc=100.00% val_student_f1=1.0000 val_agree=100.00% | test_student_acc=87.64% test_agree=92.70%
Epoch 013 | teacher_ce=0.0292 | student=0.2944 (ce=0.0323, kd=0.2412, feat=2.1180) | val_student_acc=100.00% val_student_f1=1.0000 val_agree=100.00% | test_student_acc=85.39% test_agree=92.98%
Epoch 014 | teacher_ce=0.0233 | student=0.2753 (ce=0.0215, kd=0.2327, feat=2.1530) | val_student_acc=100.00% val_student_f1=1.0000 val_agree=100.00% | test_student_acc=80.90% test_agree=88.20%
Epoch 015 | teacher_ce=0.0211 | student=0.2884 (ce=0.0272, kd=0.2399, feat=2.1467) | val_student_acc=100.00% val_student_f1=1.0000 val_agree=100.00% | test_student_acc=82.58% test_agree=89.61%
Epoch 016 | teacher_ce=0.0212 | student=0.2906 (ce=0.0193, kd=0.2484, feat=2.1483) | val_student_acc=100.00% val_student_f1=1.0000 val_agree=100.00% | test_student_acc=83.99% test_agree=91.57%
Epoch 017 | teacher_ce=0.0179 | student=0.2703 (ce=0.0152, kd=0.2333, feat=2.1520) | val_student_acc=100.00% val_student_f1=1.0000 val_agree=100.00% | test_student_acc=80.34% test_agree=88.76%
Epoch 018 | teacher_ce=0.0150 | student=0.2715 (ce=0.0151, kd=0.2345, feat=2.1534) | val_student_acc=100.00% val_student_f1=1.0000 val_agree=100.00% | test_student_acc=80.62% test_agree=87.36%
Epoch 019 | teacher_ce=0.0150 | student=0.2859 (ce=0.0155, kd=0.2472, feat=2.1696) | val_student_acc=100.00% val_student_f1=1.0000 val_agree=100.00% | test_student_acc=80.62% test_agree=86.52%
Early stopping at epoch 19 (best=3, score=0.963483)
================================================================================
Best epoch: 3
Best score (test_acc): 0.963483
Final test student accuracy: 96.35%
Final test teacher agreement: 95.51%
Saved to: ablation_experiments/h1/results/run_20260327_131013/ablation3_joint_tcn_attn/ablation3_h1_scan90_run_20260327_131013_rerun/stage1/s1_l4_o3_c7/ablation3_joint_tcn_attn_weld_seam_windows_ws5_tf75_pg0_h1_ep80_lrt0.0002_lrs0.0003_bs128_T2.5_lce0.9_lkd1.1_lf0.0_seed14
/usr/bin/python /home/huang_kai/wind_turbine_phm/PHOENIX-main/autoencoder_benchmark/ablation_experiments/ablation3_joint_tcn_attn/scripts/train_ablation3_joint_tcn_attn.py --dataset-npz Data/processed_data/weld_seam_windows_ws5_tf75_pg0_h1.npz --output-dir ablation_experiments/h1/results/run_20260327_131013/ablation3_joint_tcn_attn/ablation3_h1_scan90_run_20260327_131013_rerun/stage1/s1_l4_o2_c0 --epochs 80 --batch-size 128 --lr-teacher 0.0001 --lr-student 0.0003 --weight-decay 0.00015 --seed 14 --num-workers 0 --checkpoint-metric test_acc --temperature 2.5 --lambda-ce 0.9 --lambda-kd 1.1 --lambda-feat 0.0 --freeze-teacher-epochs 0 --teacher-tcn-kernel 3 --teacher-tcn-layers 3 --teacher-tcn-channels 64,64,64 --teacher-tcn-dropout 0.08 --teacher-tcn-dilation-base 2 --teacher-classifier-hidden 64 --teacher-classifier-dropout 0.4 --teacher-attn-heads 4 --teacher-attn-dropout 0.1 --teacher-attn-ff-dim 128 --teacher-init-ckpt /home/huang_kai/wind_turbine_phm/PHOENIX-main/autoencoder_benchmark/outputs/teacher_h1_scan98_gpu1_v2/runs/single_tcn_attn_weld_seam_windows_ws5_tf75_pg0_h1_ep60_lr0.0003_bs128_k3_l3_d0.08_lat64_wd0.00015_seed14/best_single_tcn.pth --teacher-init-mode strict --student-tcn-layers 3 --student-tcn-dropout 0.12 --student-classifier-hidden 64 --student-classifier-dropout 0.3 --student-attn-dropout 0.05 --student-attn-ff-dim 128 --student-tcn-dilation-base 1 --weighted-sampler --student-init-ckpt ablation_experiments/h1/results/run_20260327_131013/ablation1_sweep/trials/trial_0004_A/ablation1_student_only_tcn_attn_weld_seam_windows_ws5_tf75_pg0_h1_ep80_lr0.00015_bs96_seed156/best_student_only.pth --student-init-mode shape_safe
Command: /usr/bin/python /home/huang_kai/wind_turbine_phm/PHOENIX-main/autoencoder_benchmark/ablation_experiments/ablation3_joint_tcn_attn/scripts/train_ablation3_joint_tcn_attn.py --dataset-npz Data/processed_data/weld_seam_windows_ws5_tf75_pg0_h1.npz --output-dir ablation_experiments/h1/results/run_20260327_131013/ablation3_joint_tcn_attn/ablation3_h1_scan90_run_20260327_131013_rerun/stage1/s1_l4_o2_c7 --epochs 80 --batch-size 128 --lr-teacher 0.0001 --lr-student 0.0003 --weight-decay 0.00015 --seed 14 --num-workers 0 --checkpoint-metric test_acc --temperature 2.5 --lambda-ce 0.9 --lambda-kd 1.1 --lambda-feat 0.0 --freeze-teacher-epochs 0 --teacher-tcn-kernel 3 --teacher-tcn-layers 3 --teacher-tcn-channels 64,64,64 --teacher-tcn-dropout 0.08 --teacher-tcn-dilation-base 2 --teacher-classifier-hidden 64 --teacher-classifier-dropout 0.4 --teacher-attn-heads 4 --teacher-attn-dropout 0.1 --teacher-attn-ff-dim 128 --teacher-init-ckpt /home/huang_kai/wind_turbine_phm/PHOENIX-main/autoencoder_benchmark/outputs/teacher_h1_scan98_gpu1_v2/runs/single_tcn_attn_weld_seam_windows_ws5_tf75_pg0_h1_ep60_lr0.0003_bs128_k3_l3_d0.08_lat64_wd0.00015_seed14/best_single_tcn.pth --teacher-init-mode strict --student-tcn-layers 3 --student-tcn-dropout 0.12 --student-classifier-hidden 64 --student-classifier-dropout 0.3 --student-attn-dropout 0.05 --student-attn-ff-dim 128 --student-tcn-dilation-base 1 --weighted-sampler --student-init-ckpt ablation_experiments/h1/results/run_20260327_131013/ablation1_sweep/trials/trial_0004_A/ablation1_student_only_tcn_attn_weld_seam_windows_ws5_tf75_pg0_h1_ep80_lr0.00015_bs96_seed156/best_student_only.pth --student-init-mode shape_safe
Command: /usr/bin/python /home/huang_kai/wind_turbine_phm/PHOENIX-main/autoencoder_benchmark/ablation_experiments/ablation3_joint_tcn_attn/scripts/train_ablation3_joint_tcn_attn.py --dataset-npz Data/processed_data/weld_seam_windows_ws5_tf75_pg0_h1.npz --output-dir ablation_experiments/h1/results/run_20260327_131013/ablation3_joint_tcn_attn/ablation3_h1_scan90_run_20260327_131013_rerun/stage1/s1_l4_o3_c0 --epochs 80 --batch-size 128 --lr-teacher 0.0002 --lr-student 0.0003 --weight-decay 0.0002 --seed 14 --num-workers 0 --checkpoint-metric test_acc --temperature 2.5 --lambda-ce 0.9 --lambda-kd 1.1 --lambda-feat 0.0 --freeze-teacher-epochs 0 --teacher-tcn-kernel 3 --teacher-tcn-layers 3 --teacher-tcn-channels 64,64,64 --teacher-tcn-dropout 0.08 --teacher-tcn-dilation-base 2 --teacher-classifier-hidden 64 --teacher-classifier-dropout 0.4 --teacher-attn-heads 4 --teacher-attn-dropout 0.1 --teacher-attn-ff-dim 128 --teacher-init-ckpt /home/huang_kai/wind_turbine_phm/PHOENIX-main/autoencoder_benchmark/outputs/teacher_h1_scan98_gpu1_v2/runs/single_tcn_attn_weld_seam_windows_ws5_tf75_pg0_h1_ep60_lr0.0003_bs128_k3_l3_d0.08_lat64_wd0.00015_seed14/best_single_tcn.pth --teacher-init-mode strict --student-tcn-layers 3 --student-tcn-dropout 0.12 --student-classifier-hidden 64 --student-classifier-dropout 0.3 --student-attn-dropout 0.05 --student-attn-ff-dim 128 --student-tcn-dilation-base 1 --weighted-sampler --student-init-ckpt ablation_experiments/h1/results/run_20260327_131013/ablation1_sweep/trials/trial_0004_A/ablation1_student_only_tcn_attn_weld_seam_windows_ws5_tf75_pg0_h1_ep80_lr0.00015_bs96_seed156/best_student_only.pth --student-init-mode shape_safe
Command: /usr/bin/python /home/huang_kai/wind_turbine_phm/PHOENIX-main/autoencoder_benchmark/ablation_experiments/ablation3_joint_tcn_attn/scripts/train_ablation3_joint_tcn_attn.py --dataset-npz Data/processed_data/weld_seam_windows_ws5_tf75_pg0_h1.npz --output-dir ablation_experiments/h1/results/run_20260327_131013/ablation3_joint_tcn_attn/ablation3_h1_scan90_run_20260327_131013_rerun/stage1/s1_l4_o3_c7 --epochs 80 --batch-size 128 --lr-teacher 0.0002 --lr-student 0.0003 --weight-decay 0.0002 --seed 14 --num-workers 0 --checkpoint-metric test_acc --temperature 2.5 --lambda-ce 0.9 --lambda-kd 1.1 --lambda-feat 0.0 --freeze-teacher-epochs 0 --teacher-tcn-kernel 3 --teacher-tcn-layers 3 --teacher-tcn-channels 64,64,64 --teacher-tcn-dropout 0.08 --teacher-tcn-dilation-base 2 --teacher-classifier-hidden 64 --teacher-classifier-dropout 0.4 --teacher-attn-heads 4 --teacher-attn-dropout 0.1 --teacher-attn-ff-dim 128 --teacher-init-ckpt /home/huang_kai/wind_turbine_phm/PHOENIX-main/autoencoder_benchmark/outputs/teacher_h1_scan98_gpu1_v2/runs/single_tcn_attn_weld_seam_windows_ws5_tf75_pg0_h1_ep60_lr0.0003_bs128_k3_l3_d0.08_lat64_wd0.00015_seed14/best_single_tcn.pth --teacher-init-mode strict --student-tcn-layers 3 --student-tcn-dropout 0.12 --student-classifier-hidden 64 --student-classifier-dropout 0.3 --student-attn-dropout 0.05 --student-attn-ff-dim 128 --student-tcn-dilation-base 1 --weighted-sampler --student-init-ckpt ablation_experiments/h1/results/run_20260327_131013/ablation1_sweep/trials/trial_0004_A/ablation1_student_only_tcn_attn_weld_seam_windows_ws5_tf75_pg0_h1_ep80_lr0.00015_bs96_seed156/best_student_only.pth --student-init-mode shape_safe
Command: ================================================================================
Ablation-3 | Joint teacher-student future-step prediction with TCN+Attention
================================================================================
Dataset: Data/processed_data/weld_seam_windows_ws5_tf75_pg0_h1.npz
Device: cuda
Train/Val/Test: 990 / 175 / 356
Input full/subset dims: 18 / 13
Dropped feature indices: [3, 4, 5, 6, 7]
Temperature: 2.0
Loss weights (ce/kd/feat): 0.9 / 1.2 / 0.1
Checkpoint metric: test_acc
Freeze teacher epochs: 0
Teacher init summary: {'init_mode': 'strict', 'loaded_keys': 58, 'skipped_keys': [], 'missing_model_keys': []}
Student init summary: {'init_mode': 'shape_safe', 'loaded_keys': 9, 'skipped_keys': ['attn.in_proj_bias', 'attn.in_proj_weight', 'attn.out_proj.bias', 'attn.out_proj.weight', 'classifier.1.bias', 'classifier.1.weight', 'classifier.4.weight', 'ff.0.weight', 'ff.3.bias', 'ff.3.weight', 'input_proj.0.weight', 'input_proj.1.bias', 'input_proj.1.running_mean', 'input_proj.1.running_var', 'input_proj.1.weight', 'ln1.bias', 'ln1.weight', 'ln2.bias', 'ln2.weight', 'tcn.0.net.0.weight', 'tcn.0.net.1.bias', 'tcn.0.net.1.running_mean', 'tcn.0.net.1.running_var', 'tcn.0.net.1.weight', 'tcn.0.net.4.weight', 'tcn.0.net.5.bias', 'tcn.0.net.5.running_mean', 'tcn.0.net.5.running_var', 'tcn.0.net.5.weight', 'tcn.1.net.0.weight', 'tcn.1.net.1.bias', 'tcn.1.net.1.running_mean', 'tcn.1.net.1.running_var', 'tcn.1.net.1.weight', 'tcn.1.net.4.weight', 'tcn.1.net.5.bias', 'tcn.1.net.5.running_mean', 'tcn.1.net.5.running_var', 'tcn.1.net.5.weight', 'tcn.2.net.0.weight', 'tcn.2.net.1.bias', 'tcn.2.net.1.running_mean', 'tcn.2.net.1.running_var', 'tcn.2.net.1.weight', 'tcn.2.net.4.weight', 'tcn.2.net.5.bias', 'tcn.2.net.5.running_mean', 'tcn.2.net.5.running_var', 'tcn.2.net.5.weight'], 'missing_model_keys': ['attn.in_proj_bias', 'attn.in_proj_weight', 'attn.out_proj.bias', 'attn.out_proj.weight', 'classifier.1.bias', 'classifier.1.weight', 'classifier.4.weight', 'ff.0.weight', 'ff.3.bias', 'ff.3.weight', 'input_proj.0.weight', 'input_proj.1.bias', 'input_proj.1.running_mean', 'input_proj.1.running_var', 'input_proj.1.weight', 'ln1.bias', 'ln1.weight', 'ln2.bias', 'ln2.weight', 'tcn.0.net.0.weight', 'tcn.0.net.1.bias', 'tcn.0.net.1.running_mean', 'tcn.0.net.1.running_var', 'tcn.0.net.1.weight', 'tcn.0.net.4.weight', 'tcn.0.net.5.bias', 'tcn.0.net.5.running_mean', 'tcn.0.net.5.running_var', 'tcn.0.net.5.weight', 'tcn.1.net.0.weight', 'tcn.1.net.1.bias', 'tcn.1.net.1.running_mean', 'tcn.1.net.1.running_var', 'tcn.1.net.1.weight', 'tcn.1.net.4.weight', 'tcn.1.net.5.bias', 'tcn.1.net.5.running_mean', 'tcn.1.net.5.running_var', 'tcn.1.net.5.weight', 'tcn.2.net.0.weight', 'tcn.2.net.1.bias', 'tcn.2.net.1.running_mean', 'tcn.2.net.1.running_var', 'tcn.2.net.1.weight', 'tcn.2.net.4.weight', 'tcn.2.net.5.bias', 'tcn.2.net.5.running_mean', 'tcn.2.net.5.running_var', 'tcn.2.net.5.weight']}
Epoch 001 | teacher_ce=0.6152 | student=1.3542 (ce=1.0511, kd=0.2162, feat=1.4877) | val_student_acc=58.86% val_student_f1=0.5670 val_agree=61.71% | test_student_acc=30.62% test_agree=33.99%
Epoch 002 | teacher_ce=0.5181 | student=1.0997 (ce=0.8171, kd=0.1796, feat=1.4870) | val_student_acc=72.00% val_student_f1=0.7534 val_agree=80.57% | test_student_acc=47.75% test_agree=50.56%
Epoch 003 | teacher_ce=0.4500 | student=0.9317 (ce=0.6383, kd=0.1696, feat=1.5370) | val_student_acc=81.14% val_student_f1=0.8287 val_agree=88.57% | test_student_acc=88.76% test_agree=89.04%
Epoch 004 | teacher_ce=0.3643 | student=0.7621 (ce=0.4647, kd=0.1544, feat=1.5851) | val_student_acc=93.71% val_student_f1=0.9373 val_agree=97.14% | test_student_acc=96.35% test_agree=95.79%
Epoch 005 | teacher_ce=0.3366 | student=0.6710 (ce=0.3583, kd=0.1554, feat=1.6207) | val_student_acc=93.14% val_student_f1=0.9321 val_agree=97.71% | test_student_acc=95.79% test_agree=95.79%
Epoch 006 | teacher_ce=0.2878 | student=0.5778 (ce=0.2665, kd=0.1456, feat=1.6327) | val_student_acc=95.43% val_student_f1=0.9530 val_agree=97.14% | test_student_acc=92.70% test_agree=92.98%
Epoch 007 | teacher_ce=0.2630 | student=0.5746 (ce=0.2377, kd=0.1670, feat=1.6031) | val_student_acc=97.14% val_student_f1=0.9697 val_agree=98.86% | test_student_acc=88.48% test_agree=91.57%
Epoch 008 | teacher_ce=0.2349 | student=0.5324 (ce=0.1901, kd=0.1718, feat=1.5510) | val_student_acc=97.14% val_student_f1=0.9721 val_agree=98.29% | test_student_acc=90.17% test_agree=91.85%
Epoch 009 | teacher_ce=0.1874 | student=0.5099 (ce=0.1716, kd=0.1727, feat=1.4813) | val_student_acc=98.29% val_student_f1=0.9830 val_agree=98.86% | test_student_acc=89.04% test_agree=93.82%
Epoch 010 | teacher_ce=0.1751 | student=0.5037 (ce=0.1704, kd=0.1736, feat=1.4201) | val_student_acc=98.86% val_student_f1=0.9886 val_agree=98.86% | test_student_acc=83.99% test_agree=92.13%
Epoch 011 | teacher_ce=0.1358 | student=0.4714 (ce=0.1324, kd=0.1778, feat=1.3894) | val_student_acc=98.86% val_student_f1=0.9886 val_agree=98.29% | test_student_acc=87.08% test_agree=91.85%
Epoch 012 | teacher_ce=0.1175 | student=0.4308 (ce=0.1029, kd=0.1699, feat=1.3424) | val_student_acc=98.86% val_student_f1=0.9886 val_agree=98.29% | test_student_acc=87.36% test_agree=94.38%
Epoch 013 | teacher_ce=0.1091 | student=0.4409 (ce=0.1068, kd=0.1799, feat=1.2894) | val_student_acc=98.29% val_student_f1=0.9807 val_agree=98.29% | test_student_acc=85.96% test_agree=93.26%
Epoch 014 | teacher_ce=0.0896 | student=0.4109 (ce=0.0799, kd=0.1771, feat=1.2648) | val_student_acc=98.86% val_student_f1=0.9886 val_agree=98.86% | test_student_acc=84.27% test_agree=92.13%
Epoch 015 | teacher_ce=0.0794 | student=0.4121 (ce=0.0850, kd=0.1793, feat=1.2034) | val_student_acc=98.86% val_student_f1=0.9885 val_agree=98.86% | test_student_acc=82.30% test_agree=93.82%
Epoch 016 | teacher_ce=0.0799 | student=0.4067 (ce=0.0711, kd=0.1890, feat=1.1592) | val_student_acc=98.86% val_student_f1=0.9885 val_agree=98.29% | test_student_acc=83.43% test_agree=93.82%
Epoch 017 | teacher_ce=0.0694 | student=0.3858 (ce=0.0634, kd=0.1806, feat=1.1205) | val_student_acc=98.86% val_student_f1=0.9885 val_agree=98.29% | test_student_acc=82.30% test_agree=92.42%
Epoch 018 | teacher_ce=0.0574 | student=0.3713 (ce=0.0558, kd=0.1768, feat=1.0900) | val_student_acc=98.86% val_student_f1=0.9886 val_agree=98.86% | test_student_acc=85.67% test_agree=92.98%
Epoch 019 | teacher_ce=0.0532 | student=0.3757 (ce=0.0526, kd=0.1851, feat=1.0626) | val_student_acc=98.86% val_student_f1=0.9886 val_agree=98.86% | test_student_acc=84.55% test_agree=90.45%
Epoch 020 | teacher_ce=0.0465 | student=0.3550 (ce=0.0438, kd=0.1785, feat=1.0136) | val_student_acc=100.00% val_student_f1=1.0000 val_agree=100.00% | test_student_acc=85.39% test_agree=91.29%
Early stopping at epoch 20 (best=4, score=0.963483)
================================================================================
Best epoch: 4
Best score (test_acc): 0.963483
Final test student accuracy: 96.35%
Final test teacher agreement: 95.79%
Saved to: ablation_experiments/h1/results/run_20260327_131013/ablation3_joint_tcn_attn/ablation3_h1_scan90_run_20260327_131013_rerun/stage1/s1_l4p_o1_c0/ablation3_joint_tcn_attn_weld_seam_windows_ws5_tf75_pg0_h1_ep80_lrt0.0001_lrs0.0002_bs128_T2.0_lce0.9_lkd1.2_lf0.1_seed14
================================================================================
Ablation-3 | Joint teacher-student future-step prediction with TCN+Attention
================================================================================
Dataset: Data/processed_data/weld_seam_windows_ws5_tf75_pg0_h1.npz
Device: cuda
Train/Val/Test: 990 / 175 / 356
Input full/subset dims: 18 / 13
Dropped feature indices: [3, 4, 5, 6, 7]
Temperature: 2.0
Loss weights (ce/kd/feat): 0.9 / 1.2 / 0.1
Checkpoint metric: test_acc
Freeze teacher epochs: 0
Teacher init summary: {'init_mode': 'strict', 'loaded_keys': 58, 'skipped_keys': [], 'missing_model_keys': []}
Student init summary: {'init_mode': 'shape_safe', 'loaded_keys': 9, 'skipped_keys': ['attn.in_proj_bias', 'attn.in_proj_weight', 'attn.out_proj.bias', 'attn.out_proj.weight', 'classifier.1.bias', 'classifier.1.weight', 'classifier.4.weight', 'ff.0.weight', 'ff.3.bias', 'ff.3.weight', 'input_proj.0.weight', 'input_proj.1.bias', 'input_proj.1.running_mean', 'input_proj.1.running_var', 'input_proj.1.weight', 'ln1.bias', 'ln1.weight', 'ln2.bias', 'ln2.weight', 'tcn.0.net.0.weight', 'tcn.0.net.1.bias', 'tcn.0.net.1.running_mean', 'tcn.0.net.1.running_var', 'tcn.0.net.1.weight', 'tcn.0.net.4.weight', 'tcn.0.net.5.bias', 'tcn.0.net.5.running_mean', 'tcn.0.net.5.running_var', 'tcn.0.net.5.weight', 'tcn.1.net.0.weight', 'tcn.1.net.1.bias', 'tcn.1.net.1.running_mean', 'tcn.1.net.1.running_var', 'tcn.1.net.1.weight', 'tcn.1.net.4.weight', 'tcn.1.net.5.bias', 'tcn.1.net.5.running_mean', 'tcn.1.net.5.running_var', 'tcn.1.net.5.weight', 'tcn.2.net.0.weight', 'tcn.2.net.1.bias', 'tcn.2.net.1.running_mean', 'tcn.2.net.1.running_var', 'tcn.2.net.1.weight', 'tcn.2.net.4.weight', 'tcn.2.net.5.bias', 'tcn.2.net.5.running_mean', 'tcn.2.net.5.running_var', 'tcn.2.net.5.weight'], 'missing_model_keys': ['attn.in_proj_bias', 'attn.in_proj_weight', 'attn.out_proj.bias', 'attn.out_proj.weight', 'classifier.1.bias', 'classifier.1.weight', 'classifier.4.weight', 'ff.0.weight', 'ff.3.bias', 'ff.3.weight', 'input_proj.0.weight', 'input_proj.1.bias', 'input_proj.1.running_mean', 'input_proj.1.running_var', 'input_proj.1.weight', 'ln1.bias', 'ln1.weight', 'ln2.bias', 'ln2.weight', 'tcn.0.net.0.weight', 'tcn.0.net.1.bias', 'tcn.0.net.1.running_mean', 'tcn.0.net.1.running_var', 'tcn.0.net.1.weight', 'tcn.0.net.4.weight', 'tcn.0.net.5.bias', 'tcn.0.net.5.running_mean', 'tcn.0.net.5.running_var', 'tcn.0.net.5.weight', 'tcn.1.net.0.weight', 'tcn.1.net.1.bias', 'tcn.1.net.1.running_mean', 'tcn.1.net.1.running_var', 'tcn.1.net.1.weight', 'tcn.1.net.4.weight', 'tcn.1.net.5.bias', 'tcn.1.net.5.running_mean', 'tcn.1.net.5.running_var', 'tcn.1.net.5.weight', 'tcn.2.net.0.weight', 'tcn.2.net.1.bias', 'tcn.2.net.1.running_mean', 'tcn.2.net.1.running_var', 'tcn.2.net.1.weight', 'tcn.2.net.4.weight', 'tcn.2.net.5.bias', 'tcn.2.net.5.running_mean', 'tcn.2.net.5.running_var', 'tcn.2.net.5.weight']}
Epoch 001 | teacher_ce=0.6152 | student=1.3542 (ce=1.0511, kd=0.2162, feat=1.4877) | val_student_acc=58.86% val_student_f1=0.5670 val_agree=61.71% | test_student_acc=30.62% test_agree=33.99%
Epoch 002 | teacher_ce=0.5181 | student=1.0997 (ce=0.8171, kd=0.1796, feat=1.4870) | val_student_acc=72.00% val_student_f1=0.7534 val_agree=80.57% | test_student_acc=47.75% test_agree=50.56%
Epoch 003 | teacher_ce=0.4500 | student=0.9317 (ce=0.6383, kd=0.1696, feat=1.5370) | val_student_acc=81.14% val_student_f1=0.8287 val_agree=88.57% | test_student_acc=88.76% test_agree=89.04%
Epoch 004 | teacher_ce=0.3643 | student=0.7621 (ce=0.4647, kd=0.1544, feat=1.5851) | val_student_acc=93.71% val_student_f1=0.9373 val_agree=97.14% | test_student_acc=96.35% test_agree=95.79%
Epoch 005 | teacher_ce=0.3366 | student=0.6710 (ce=0.3583, kd=0.1554, feat=1.6207) | val_student_acc=93.14% val_student_f1=0.9321 val_agree=97.71% | test_student_acc=95.79% test_agree=95.79%
Epoch 006 | teacher_ce=0.2878 | student=0.5778 (ce=0.2665, kd=0.1456, feat=1.6327) | val_student_acc=95.43% val_student_f1=0.9530 val_agree=97.14% | test_student_acc=92.70% test_agree=92.98%
Epoch 007 | teacher_ce=0.2630 | student=0.5746 (ce=0.2377, kd=0.1670, feat=1.6031) | val_student_acc=97.14% val_student_f1=0.9697 val_agree=98.86% | test_student_acc=88.48% test_agree=91.57%
Epoch 008 | teacher_ce=0.2349 | student=0.5324 (ce=0.1901, kd=0.1718, feat=1.5510) | val_student_acc=97.14% val_student_f1=0.9721 val_agree=98.29% | test_student_acc=90.17% test_agree=91.85%
Epoch 009 | teacher_ce=0.1874 | student=0.5099 (ce=0.1716, kd=0.1727, feat=1.4813) | val_student_acc=98.29% val_student_f1=0.9830 val_agree=98.86% | test_student_acc=89.04% test_agree=93.82%
Epoch 010 | teacher_ce=0.1751 | student=0.5037 (ce=0.1704, kd=0.1736, feat=1.4201) | val_student_acc=98.86% val_student_f1=0.9886 val_agree=98.86% | test_student_acc=83.99% test_agree=92.13%
Epoch 011 | teacher_ce=0.1358 | student=0.4714 (ce=0.1324, kd=0.1778, feat=1.3894) | val_student_acc=98.86% val_student_f1=0.9886 val_agree=98.29% | test_student_acc=87.08% test_agree=91.85%
Epoch 012 | teacher_ce=0.1175 | student=0.4308 (ce=0.1029, kd=0.1699, feat=1.3424) | val_student_acc=98.86% val_student_f1=0.9886 val_agree=98.29% | test_student_acc=87.36% test_agree=94.38%
Epoch 013 | teacher_ce=0.1091 | student=0.4409 (ce=0.1068, kd=0.1799, feat=1.2894) | val_student_acc=98.29% val_student_f1=0.9807 val_agree=98.29% | test_student_acc=85.96% test_agree=93.26%
Epoch 014 | teacher_ce=0.0896 | student=0.4109 (ce=0.0799, kd=0.1771, feat=1.2648) | val_student_acc=98.86% val_student_f1=0.9886 val_agree=98.86% | test_student_acc=84.27% test_agree=92.13%
Epoch 015 | teacher_ce=0.0794 | student=0.4121 (ce=0.0850, kd=0.1793, feat=1.2034) | val_student_acc=98.86% val_student_f1=0.9885 val_agree=98.86% | test_student_acc=82.30% test_agree=93.82%
Epoch 016 | teacher_ce=0.0799 | student=0.4067 (ce=0.0711, kd=0.1890, feat=1.1592) | val_student_acc=98.86% val_student_f1=0.9885 val_agree=98.29% | test_student_acc=83.43% test_agree=93.82%
Epoch 017 | teacher_ce=0.0694 | student=0.3858 (ce=0.0634, kd=0.1806, feat=1.1205) | val_student_acc=98.86% val_student_f1=0.9885 val_agree=98.29% | test_student_acc=82.30% test_agree=92.42%
Epoch 018 | teacher_ce=0.0574 | student=0.3713 (ce=0.0558, kd=0.1768, feat=1.0900) | val_student_acc=98.86% val_student_f1=0.9886 val_agree=98.86% | test_student_acc=85.67% test_agree=92.98%
Epoch 019 | teacher_ce=0.0532 | student=0.3757 (ce=0.0526, kd=0.1851, feat=1.0626) | val_student_acc=98.86% val_student_f1=0.9886 val_agree=98.86% | test_student_acc=84.55% test_agree=90.45%
Epoch 020 | teacher_ce=0.0465 | student=0.3550 (ce=0.0438, kd=0.1785, feat=1.0136) | val_student_acc=100.00% val_student_f1=1.0000 val_agree=100.00% | test_student_acc=85.39% test_agree=91.29%
Early stopping at epoch 20 (best=4, score=0.963483)
================================================================================
Best epoch: 4
Best score (test_acc): 0.963483
Final test student accuracy: 96.35%
Final test teacher agreement: 95.79%
Saved to: ablation_experiments/h1/results/run_20260327_131013/ablation3_joint_tcn_attn/ablation3_h1_scan90_run_20260327_131013_rerun/stage1/s1_l4p_o1_c7/ablation3_joint_tcn_attn_weld_seam_windows_ws5_tf75_pg0_h1_ep80_lrt0.0001_lrs0.0002_bs128_T2.0_lce0.9_lkd1.2_lf0.1_seed14
================================================================================
Ablation-3 | Joint teacher-student future-step prediction with TCN+Attention
================================================================================
Dataset: Data/processed_data/weld_seam_windows_ws5_tf75_pg0_h1.npz
Device: cuda
Train/Val/Test: 990 / 175 / 356
Input full/subset dims: 18 / 13
Dropped feature indices: [3, 4, 5, 6, 7]
Temperature: 2.0
Loss weights (ce/kd/feat): 0.9 / 1.2 / 0.1
Checkpoint metric: test_acc
Freeze teacher epochs: 0
Teacher init summary: {'init_mode': 'strict', 'loaded_keys': 58, 'skipped_keys': [], 'missing_model_keys': []}
Student init summary: {'init_mode': 'shape_safe', 'loaded_keys': 9, 'skipped_keys': ['attn.in_proj_bias', 'attn.in_proj_weight', 'attn.out_proj.bias', 'attn.out_proj.weight', 'classifier.1.bias', 'classifier.1.weight', 'classifier.4.weight', 'ff.0.weight', 'ff.3.bias', 'ff.3.weight', 'input_proj.0.weight', 'input_proj.1.bias', 'input_proj.1.running_mean', 'input_proj.1.running_var', 'input_proj.1.weight', 'ln1.bias', 'ln1.weight', 'ln2.bias', 'ln2.weight', 'tcn.0.net.0.weight', 'tcn.0.net.1.bias', 'tcn.0.net.1.running_mean', 'tcn.0.net.1.running_var', 'tcn.0.net.1.weight', 'tcn.0.net.4.weight', 'tcn.0.net.5.bias', 'tcn.0.net.5.running_mean', 'tcn.0.net.5.running_var', 'tcn.0.net.5.weight', 'tcn.1.net.0.weight', 'tcn.1.net.1.bias', 'tcn.1.net.1.running_mean', 'tcn.1.net.1.running_var', 'tcn.1.net.1.weight', 'tcn.1.net.4.weight', 'tcn.1.net.5.bias', 'tcn.1.net.5.running_mean', 'tcn.1.net.5.running_var', 'tcn.1.net.5.weight', 'tcn.2.net.0.weight', 'tcn.2.net.1.bias', 'tcn.2.net.1.running_mean', 'tcn.2.net.1.running_var', 'tcn.2.net.1.weight', 'tcn.2.net.4.weight', 'tcn.2.net.5.bias', 'tcn.2.net.5.running_mean', 'tcn.2.net.5.running_var', 'tcn.2.net.5.weight'], 'missing_model_keys': ['attn.in_proj_bias', 'attn.in_proj_weight', 'attn.out_proj.bias', 'attn.out_proj.weight', 'classifier.1.bias', 'classifier.1.weight', 'classifier.4.weight', 'ff.0.weight', 'ff.3.bias', 'ff.3.weight', 'input_proj.0.weight', 'input_proj.1.bias', 'input_proj.1.running_mean', 'input_proj.1.running_var', 'input_proj.1.weight', 'ln1.bias', 'ln1.weight', 'ln2.bias', 'ln2.weight', 'tcn.0.net.0.weight', 'tcn.0.net.1.bias', 'tcn.0.net.1.running_mean', 'tcn.0.net.1.running_var', 'tcn.0.net.1.weight', 'tcn.0.net.4.weight', 'tcn.0.net.5.bias', 'tcn.0.net.5.running_mean', 'tcn.0.net.5.running_var', 'tcn.0.net.5.weight', 'tcn.1.net.0.weight', 'tcn.1.net.1.bias', 'tcn.1.net.1.running_mean', 'tcn.1.net.1.running_var', 'tcn.1.net.1.weight', 'tcn.1.net.4.weight', 'tcn.1.net.5.bias', 'tcn.1.net.5.running_mean', 'tcn.1.net.5.running_var', 'tcn.1.net.5.weight', 'tcn.2.net.0.weight', 'tcn.2.net.1.bias', 'tcn.2.net.1.running_mean', 'tcn.2.net.1.running_var', 'tcn.2.net.1.weight', 'tcn.2.net.4.weight', 'tcn.2.net.5.bias', 'tcn.2.net.5.running_mean', 'tcn.2.net.5.running_var', 'tcn.2.net.5.weight']}
Epoch 001 | teacher_ce=0.6152 | student=1.2843 (ce=0.9989, kd=0.1976, feat=1.4825) | val_student_acc=57.71% val_student_f1=0.6103 val_agree=66.86% | test_student_acc=35.67% test_agree=39.04%
Epoch 002 | teacher_ce=0.5181 | student=0.9496 (ce=0.6967, kd=0.1440, feat=1.4972) | val_student_acc=77.14% val_student_f1=0.7961 val_agree=85.71% | test_student_acc=72.75% test_agree=74.44%
Epoch 003 | teacher_ce=0.4500 | student=0.7366 (ce=0.4783, kd=0.1242, feat=1.5702) | val_student_acc=93.71% val_student_f1=0.9395 val_agree=96.57% | test_student_acc=96.91% test_agree=96.07%
Epoch 004 | teacher_ce=0.3643 | student=0.6179 (ce=0.3221, kd=0.1407, feat=1.5910) | val_student_acc=94.29% val_student_f1=0.9447 val_agree=96.57% | test_student_acc=94.94% test_agree=94.94%
Epoch 005 | teacher_ce=0.3366 | student=0.5826 (ce=0.2538, kd=0.1645, feat=1.5681) | val_student_acc=93.14% val_student_f1=0.9321 val_agree=97.71% | test_student_acc=92.42% test_agree=92.98%
Epoch 006 | teacher_ce=0.2878 | student=0.5309 (ce=0.2104, kd=0.1596, feat=1.5005) | val_student_acc=97.14% val_student_f1=0.9694 val_agree=97.71% | test_student_acc=87.92% test_agree=88.76%
Epoch 007 | teacher_ce=0.2630 | student=0.5289 (ce=0.2114, kd=0.1664, feat=1.3904) | val_student_acc=97.14% val_student_f1=0.9697 val_agree=98.86% | test_student_acc=87.64% test_agree=91.29%
Epoch 008 | teacher_ce=0.2349 | student=0.4956 (ce=0.1815, kd=0.1680, feat=1.3061) | val_student_acc=96.57% val_student_f1=0.9667 val_agree=98.86% | test_student_acc=89.89% test_agree=92.13%
Epoch 009 | teacher_ce=0.1874 | student=0.4658 (ce=0.1581, kd=0.1684, feat=1.2139) | val_student_acc=98.86% val_student_f1=0.9886 val_agree=98.29% | test_student_acc=90.17% test_agree=94.94%
Epoch 010 | teacher_ce=0.1751 | student=0.4575 (ce=0.1524, kd=0.1707, feat=1.1548) | val_student_acc=100.00% val_student_f1=1.0000 val_agree=97.71% | test_student_acc=83.99% test_agree=93.26%
Epoch 011 | teacher_ce=0.1358 | student=0.4259 (ce=0.1162, kd=0.1749, feat=1.1142) | val_student_acc=100.00% val_student_f1=1.0000 val_agree=98.29% | test_student_acc=85.96% test_agree=91.85%
Epoch 012 | teacher_ce=0.1175 | student=0.3940 (ce=0.0949, kd=0.1707, feat=1.0378) | val_student_acc=98.86% val_student_f1=0.9862 val_agree=98.29% | test_student_acc=87.08% test_agree=94.10%
Epoch 013 | teacher_ce=0.1091 | student=0.3980 (ce=0.0979, kd=0.1761, feat=0.9852) | val_student_acc=98.29% val_student_f1=0.9807 val_agree=98.29% | test_student_acc=84.83% test_agree=92.70%
Epoch 014 | teacher_ce=0.0896 | student=0.3684 (ce=0.0707, kd=0.1744, feat=0.9555) | val_student_acc=98.29% val_student_f1=0.9807 val_agree=98.29% | test_student_acc=82.87% test_agree=92.42%
Epoch 015 | teacher_ce=0.0794 | student=0.3641 (ce=0.0794, kd=0.1712, feat=0.8716) | val_student_acc=98.29% val_student_f1=0.9828 val_agree=99.43% | test_student_acc=80.90% test_agree=92.98%
Epoch 016 | teacher_ce=0.0799 | student=0.3649 (ce=0.0646, kd=0.1857, feat=0.8390) | val_student_acc=98.86% val_student_f1=0.9886 val_agree=99.43% | test_student_acc=83.43% test_agree=92.70%
Epoch 017 | teacher_ce=0.0694 | student=0.3421 (ce=0.0563, kd=0.1758, feat=0.8042) | val_student_acc=100.00% val_student_f1=1.0000 val_agree=99.43% | test_student_acc=83.15% test_agree=92.13%
Epoch 018 | teacher_ce=0.0574 | student=0.3298 (ce=0.0511, kd=0.1723, feat=0.7714) | val_student_acc=98.86% val_student_f1=0.9886 val_agree=98.86% | test_student_acc=87.08% test_agree=92.13%
Epoch 019 | teacher_ce=0.0532 | student=0.3314 (ce=0.0467, kd=0.1792, feat=0.7436) | val_student_acc=98.86% val_student_f1=0.9886 val_agree=98.86% | test_student_acc=84.27% test_agree=90.17%
Early stopping at epoch 19 (best=3, score=0.969101)
================================================================================
Best epoch: 3
Best score (test_acc): 0.969101
Final test student accuracy: 96.91%
Final test teacher agreement: 96.07%
Saved to: ablation_experiments/h1/results/run_20260327_131013/ablation3_joint_tcn_attn/ablation3_h1_scan90_run_20260327_131013_rerun/stage1/s1_l4p_o2_c0/ablation3_joint_tcn_attn_weld_seam_windows_ws5_tf75_pg0_h1_ep80_lrt0.0001_lrs0.0003_bs128_T2.0_lce0.9_lkd1.2_lf0.1_seed14
================================================================================
Ablation-3 | Joint teacher-student future-step prediction with TCN+Attention
================================================================================
Dataset: Data/processed_data/weld_seam_windows_ws5_tf75_pg0_h1.npz
Device: cuda
Train/Val/Test: 990 / 175 / 356
Input full/subset dims: 18 / 13
Dropped feature indices: [3, 4, 5, 6, 7]
Temperature: 2.0
Loss weights (ce/kd/feat): 0.9 / 1.2 / 0.1
Checkpoint metric: test_acc
Freeze teacher epochs: 0
Teacher init summary: {'init_mode': 'strict', 'loaded_keys': 58, 'skipped_keys': [], 'missing_model_keys': []}
Student init summary: {'init_mode': 'shape_safe', 'loaded_keys': 9, 'skipped_keys': ['attn.in_proj_bias', 'attn.in_proj_weight', 'attn.out_proj.bias', 'attn.out_proj.weight', 'classifier.1.bias', 'classifier.1.weight', 'classifier.4.weight', 'ff.0.weight', 'ff.3.bias', 'ff.3.weight', 'input_proj.0.weight', 'input_proj.1.bias', 'input_proj.1.running_mean', 'input_proj.1.running_var', 'input_proj.1.weight', 'ln1.bias', 'ln1.weight', 'ln2.bias', 'ln2.weight', 'tcn.0.net.0.weight', 'tcn.0.net.1.bias', 'tcn.0.net.1.running_mean', 'tcn.0.net.1.running_var', 'tcn.0.net.1.weight', 'tcn.0.net.4.weight', 'tcn.0.net.5.bias', 'tcn.0.net.5.running_mean', 'tcn.0.net.5.running_var', 'tcn.0.net.5.weight', 'tcn.1.net.0.weight', 'tcn.1.net.1.bias', 'tcn.1.net.1.running_mean', 'tcn.1.net.1.running_var', 'tcn.1.net.1.weight', 'tcn.1.net.4.weight', 'tcn.1.net.5.bias', 'tcn.1.net.5.running_mean', 'tcn.1.net.5.running_var', 'tcn.1.net.5.weight', 'tcn.2.net.0.weight', 'tcn.2.net.1.bias', 'tcn.2.net.1.running_mean', 'tcn.2.net.1.running_var', 'tcn.2.net.1.weight', 'tcn.2.net.4.weight', 'tcn.2.net.5.bias', 'tcn.2.net.5.running_mean', 'tcn.2.net.5.running_var', 'tcn.2.net.5.weight'], 'missing_model_keys': ['attn.in_proj_bias', 'attn.in_proj_weight', 'attn.out_proj.bias', 'attn.out_proj.weight', 'classifier.1.bias', 'classifier.1.weight', 'classifier.4.weight', 'ff.0.weight', 'ff.3.bias', 'ff.3.weight', 'input_proj.0.weight', 'input_proj.1.bias', 'input_proj.1.running_mean', 'input_proj.1.running_var', 'input_proj.1.weight', 'ln1.bias', 'ln1.weight', 'ln2.bias', 'ln2.weight', 'tcn.0.net.0.weight', 'tcn.0.net.1.bias', 'tcn.0.net.1.running_mean', 'tcn.0.net.1.running_var', 'tcn.0.net.1.weight', 'tcn.0.net.4.weight', 'tcn.0.net.5.bias', 'tcn.0.net.5.running_mean', 'tcn.0.net.5.running_var', 'tcn.0.net.5.weight', 'tcn.1.net.0.weight', 'tcn.1.net.1.bias', 'tcn.1.net.1.running_mean', 'tcn.1.net.1.running_var', 'tcn.1.net.1.weight', 'tcn.1.net.4.weight', 'tcn.1.net.5.bias', 'tcn.1.net.5.running_mean', 'tcn.1.net.5.running_var', 'tcn.1.net.5.weight', 'tcn.2.net.0.weight', 'tcn.2.net.1.bias', 'tcn.2.net.1.running_mean', 'tcn.2.net.1.running_var', 'tcn.2.net.1.weight', 'tcn.2.net.4.weight', 'tcn.2.net.5.bias', 'tcn.2.net.5.running_mean', 'tcn.2.net.5.running_var', 'tcn.2.net.5.weight']}
Epoch 001 | teacher_ce=0.6152 | student=1.2843 (ce=0.9989, kd=0.1976, feat=1.4825) | val_student_acc=57.71% val_student_f1=0.6103 val_agree=66.86% | test_student_acc=35.67% test_agree=39.04%
Epoch 002 | teacher_ce=0.5181 | student=0.9496 (ce=0.6967, kd=0.1440, feat=1.4972) | val_student_acc=77.14% val_student_f1=0.7961 val_agree=85.71% | test_student_acc=72.75% test_agree=74.44%
Epoch 003 | teacher_ce=0.4500 | student=0.7366 (ce=0.4783, kd=0.1242, feat=1.5702) | val_student_acc=93.71% val_student_f1=0.9395 val_agree=96.57% | test_student_acc=96.91% test_agree=96.07%
Epoch 004 | teacher_ce=0.3643 | student=0.6179 (ce=0.3221, kd=0.1407, feat=1.5910) | val_student_acc=94.29% val_student_f1=0.9447 val_agree=96.57% | test_student_acc=94.94% test_agree=94.94%
Epoch 005 | teacher_ce=0.3366 | student=0.5826 (ce=0.2538, kd=0.1645, feat=1.5681) | val_student_acc=93.14% val_student_f1=0.9321 val_agree=97.71% | test_student_acc=92.42% test_agree=92.98%
Epoch 006 | teacher_ce=0.2878 | student=0.5309 (ce=0.2104, kd=0.1596, feat=1.5005) | val_student_acc=97.14% val_student_f1=0.9694 val_agree=97.71% | test_student_acc=87.92% test_agree=88.76%
Epoch 007 | teacher_ce=0.2630 | student=0.5289 (ce=0.2114, kd=0.1664, feat=1.3904) | val_student_acc=97.14% val_student_f1=0.9697 val_agree=98.86% | test_student_acc=87.64% test_agree=91.29%
Epoch 008 | teacher_ce=0.2349 | student=0.4956 (ce=0.1815, kd=0.1680, feat=1.3061) | val_student_acc=96.57% val_student_f1=0.9667 val_agree=98.86% | test_student_acc=89.89% test_agree=92.13%
Epoch 009 | teacher_ce=0.1874 | student=0.4658 (ce=0.1581, kd=0.1684, feat=1.2139) | val_student_acc=98.86% val_student_f1=0.9886 val_agree=98.29% | test_student_acc=90.17% test_agree=94.94%
Epoch 010 | teacher_ce=0.1751 | student=0.4575 (ce=0.1524, kd=0.1707, feat=1.1548) | val_student_acc=100.00% val_student_f1=1.0000 val_agree=97.71% | test_student_acc=83.99% test_agree=93.26%
Epoch 011 | teacher_ce=0.1358 | student=0.4259 (ce=0.1162, kd=0.1749, feat=1.1142) | val_student_acc=100.00% val_student_f1=1.0000 val_agree=98.29% | test_student_acc=85.96% test_agree=91.85%
Epoch 012 | teacher_ce=0.1175 | student=0.3940 (ce=0.0949, kd=0.1707, feat=1.0378) | val_student_acc=98.86% val_student_f1=0.9862 val_agree=98.29% | test_student_acc=87.08% test_agree=94.10%
Epoch 013 | teacher_ce=0.1091 | student=0.3980 (ce=0.0979, kd=0.1761, feat=0.9852) | val_student_acc=98.29% val_student_f1=0.9807 val_agree=98.29% | test_student_acc=84.83% test_agree=92.70%
Epoch 014 | teacher_ce=0.0896 | student=0.3684 (ce=0.0707, kd=0.1744, feat=0.9555) | val_student_acc=98.29% val_student_f1=0.9807 val_agree=98.29% | test_student_acc=82.87% test_agree=92.42%
Epoch 015 | teacher_ce=0.0794 | student=0.3641 (ce=0.0794, kd=0.1712, feat=0.8716) | val_student_acc=98.29% val_student_f1=0.9828 val_agree=99.43% | test_student_acc=80.90% test_agree=92.98%
Epoch 016 | teacher_ce=0.0799 | student=0.3649 (ce=0.0646, kd=0.1857, feat=0.8390) | val_student_acc=98.86% val_student_f1=0.9886 val_agree=99.43% | test_student_acc=83.43% test_agree=92.70%
Epoch 017 | teacher_ce=0.0694 | student=0.3421 (ce=0.0563, kd=0.1758, feat=0.8042) | val_student_acc=100.00% val_student_f1=1.0000 val_agree=99.43% | test_student_acc=83.15% test_agree=92.13%
Epoch 018 | teacher_ce=0.0574 | student=0.3298 (ce=0.0511, kd=0.1723, feat=0.7714) | val_student_acc=98.86% val_student_f1=0.9886 val_agree=98.86% | test_student_acc=87.08% test_agree=92.13%
Epoch 019 | teacher_ce=0.0532 | student=0.3314 (ce=0.0467, kd=0.1792, feat=0.7436) | val_student_acc=98.86% val_student_f1=0.9886 val_agree=98.86% | test_student_acc=84.27% test_agree=90.17%
Early stopping at epoch 19 (best=3, score=0.969101)
================================================================================
Best epoch: 3
Best score (test_acc): 0.969101
Final test student accuracy: 96.91%
Final test teacher agreement: 96.07%
Saved to: ablation_experiments/h1/results/run_20260327_131013/ablation3_joint_tcn_attn/ablation3_h1_scan90_run_20260327_131013_rerun/stage1/s1_l4p_o2_c7/ablation3_joint_tcn_attn_weld_seam_windows_ws5_tf75_pg0_h1_ep80_lrt0.0001_lrs0.0003_bs128_T2.0_lce0.9_lkd1.2_lf0.1_seed14
/usr/bin/python /home/huang_kai/wind_turbine_phm/PHOENIX-main/autoencoder_benchmark/ablation_experiments/ablation3_joint_tcn_attn/scripts/train_ablation3_joint_tcn_attn.py --dataset-npz Data/processed_data/weld_seam_windows_ws5_tf75_pg0_h1.npz --output-dir ablation_experiments/h1/results/run_20260327_131013/ablation3_joint_tcn_attn/ablation3_h1_scan90_run_20260327_131013_rerun/stage1/s1_l4p_o1_c0 --epochs 80 --batch-size 128 --lr-teacher 0.0001 --lr-student 0.0002 --weight-decay 0.00015 --seed 14 --num-workers 0 --checkpoint-metric test_acc --temperature 2.0 --lambda-ce 0.9 --lambda-kd 1.2 --lambda-feat 0.1 --freeze-teacher-epochs 0 --teacher-tcn-kernel 3 --teacher-tcn-layers 3 --teacher-tcn-channels 64,64,64 --teacher-tcn-dropout 0.08 --teacher-tcn-dilation-base 2 --teacher-classifier-hidden 64 --teacher-classifier-dropout 0.4 --teacher-attn-heads 4 --teacher-attn-dropout 0.1 --teacher-attn-ff-dim 128 --teacher-init-ckpt /home/huang_kai/wind_turbine_phm/PHOENIX-main/autoencoder_benchmark/outputs/teacher_h1_scan98_gpu1_v2/runs/single_tcn_attn_weld_seam_windows_ws5_tf75_pg0_h1_ep60_lr0.0003_bs128_k3_l3_d0.08_lat64_wd0.00015_seed14/best_single_tcn.pth --teacher-init-mode strict --student-tcn-layers 3 --student-tcn-dropout 0.12 --student-classifier-hidden 64 --student-classifier-dropout 0.3 --student-attn-dropout 0.05 --student-attn-ff-dim 128 --student-tcn-dilation-base 1 --weighted-sampler --student-init-ckpt ablation_experiments/h1/results/run_20260327_131013/ablation1_sweep/trials/trial_0004_A/ablation1_student_only_tcn_attn_weld_seam_windows_ws5_tf75_pg0_h1_ep80_lr0.00015_bs96_seed156/best_student_only.pth --student-init-mode shape_safe
Command: /usr/bin/python /home/huang_kai/wind_turbine_phm/PHOENIX-main/autoencoder_benchmark/ablation_experiments/ablation3_joint_tcn_attn/scripts/train_ablation3_joint_tcn_attn.py --dataset-npz Data/processed_data/weld_seam_windows_ws5_tf75_pg0_h1.npz --output-dir ablation_experiments/h1/results/run_20260327_131013/ablation3_joint_tcn_attn/ablation3_h1_scan90_run_20260327_131013_rerun/stage1/s1_l4p_o1_c7 --epochs 80 --batch-size 128 --lr-teacher 0.0001 --lr-student 0.0002 --weight-decay 0.00015 --seed 14 --num-workers 0 --checkpoint-metric test_acc --temperature 2.0 --lambda-ce 0.9 --lambda-kd 1.2 --lambda-feat 0.1 --freeze-teacher-epochs 0 --teacher-tcn-kernel 3 --teacher-tcn-layers 3 --teacher-tcn-channels 64,64,64 --teacher-tcn-dropout 0.08 --teacher-tcn-dilation-base 2 --teacher-classifier-hidden 64 --teacher-classifier-dropout 0.4 --teacher-attn-heads 4 --teacher-attn-dropout 0.1 --teacher-attn-ff-dim 128 --teacher-init-ckpt /home/huang_kai/wind_turbine_phm/PHOENIX-main/autoencoder_benchmark/outputs/teacher_h1_scan98_gpu1_v2/runs/single_tcn_attn_weld_seam_windows_ws5_tf75_pg0_h1_ep60_lr0.0003_bs128_k3_l3_d0.08_lat64_wd0.00015_seed14/best_single_tcn.pth --teacher-init-mode strict --student-tcn-layers 3 --student-tcn-dropout 0.12 --student-classifier-hidden 64 --student-classifier-dropout 0.3 --student-attn-dropout 0.05 --student-attn-ff-dim 128 --student-tcn-dilation-base 1 --weighted-sampler --student-init-ckpt ablation_experiments/h1/results/run_20260327_131013/ablation1_sweep/trials/trial_0004_A/ablation1_student_only_tcn_attn_weld_seam_windows_ws5_tf75_pg0_h1_ep80_lr0.00015_bs96_seed156/best_student_only.pth --student-init-mode shape_safe
Command: /usr/bin/python /home/huang_kai/wind_turbine_phm/PHOENIX-main/autoencoder_benchmark/ablation_experiments/ablation3_joint_tcn_attn/scripts/train_ablation3_joint_tcn_attn.py --dataset-npz Data/processed_data/weld_seam_windows_ws5_tf75_pg0_h1.npz --output-dir ablation_experiments/h1/results/run_20260327_131013/ablation3_joint_tcn_attn/ablation3_h1_scan90_run_20260327_131013_rerun/stage1/s1_l4p_o2_c0 --epochs 80 --batch-size 128 --lr-teacher 0.0001 --lr-student 0.0003 --weight-decay 0.00015 --seed 14 --num-workers 0 --checkpoint-metric test_acc --temperature 2.0 --lambda-ce 0.9 --lambda-kd 1.2 --lambda-feat 0.1 --freeze-teacher-epochs 0 --teacher-tcn-kernel 3 --teacher-tcn-layers 3 --teacher-tcn-channels 64,64,64 --teacher-tcn-dropout 0.08 --teacher-tcn-dilation-base 2 --teacher-classifier-hidden 64 --teacher-classifier-dropout 0.4 --teacher-attn-heads 4 --teacher-attn-dropout 0.1 --teacher-attn-ff-dim 128 --teacher-init-ckpt /home/huang_kai/wind_turbine_phm/PHOENIX-main/autoencoder_benchmark/outputs/teacher_h1_scan98_gpu1_v2/runs/single_tcn_attn_weld_seam_windows_ws5_tf75_pg0_h1_ep60_lr0.0003_bs128_k3_l3_d0.08_lat64_wd0.00015_seed14/best_single_tcn.pth --teacher-init-mode strict --student-tcn-layers 3 --student-tcn-dropout 0.12 --student-classifier-hidden 64 --student-classifier-dropout 0.3 --student-attn-dropout 0.05 --student-attn-ff-dim 128 --student-tcn-dilation-base 1 --weighted-sampler --student-init-ckpt ablation_experiments/h1/results/run_20260327_131013/ablation1_sweep/trials/trial_0004_A/ablation1_student_only_tcn_attn_weld_seam_windows_ws5_tf75_pg0_h1_ep80_lr0.00015_bs96_seed156/best_student_only.pth --student-init-mode shape_safe
Command: /usr/bin/python /home/huang_kai/wind_turbine_phm/PHOENIX-main/autoencoder_benchmark/ablation_experiments/ablation3_joint_tcn_attn/scripts/train_ablation3_joint_tcn_attn.py --dataset-npz Data/processed_data/weld_seam_windows_ws5_tf75_pg0_h1.npz --output-dir ablation_experiments/h1/results/run_20260327_131013/ablation3_joint_tcn_attn/ablation3_h1_scan90_run_20260327_131013_rerun/stage1/s1_l4p_o2_c7 --epochs 80 --batch-size 128 --lr-teacher 0.0001 --lr-student 0.0003 --weight-decay 0.00015 --seed 14 --num-workers 0 --checkpoint-metric test_acc --temperature 2.0 --lambda-ce 0.9 --lambda-kd 1.2 --lambda-feat 0.1 --freeze-teacher-epochs 0 --teacher-tcn-kernel 3 --teacher-tcn-layers 3 --teacher-tcn-channels 64,64,64 --teacher-tcn-dropout 0.08 --teacher-tcn-dilation-base 2 --teacher-classifier-hidden 64 --teacher-classifier-dropout 0.4 --teacher-attn-heads 4 --teacher-attn-dropout 0.1 --teacher-attn-ff-dim 128 --teacher-init-ckpt /home/huang_kai/wind_turbine_phm/PHOENIX-main/autoencoder_benchmark/outputs/teacher_h1_scan98_gpu1_v2/runs/single_tcn_attn_weld_seam_windows_ws5_tf75_pg0_h1_ep60_lr0.0003_bs128_k3_l3_d0.08_lat64_wd0.00015_seed14/best_single_tcn.pth --teacher-init-mode strict --student-tcn-layers 3 --student-tcn-dropout 0.12 --student-classifier-hidden 64 --student-classifier-dropout 0.3 --student-attn-dropout 0.05 --student-attn-ff-dim 128 --student-tcn-dilation-base 1 --weighted-sampler --student-init-ckpt ablation_experiments/h1/results/run_20260327_131013/ablation1_sweep/trials/trial_0004_A/ablation1_student_only_tcn_attn_weld_seam_windows_ws5_tf75_pg0_h1_ep80_lr0.00015_bs96_seed156/best_student_only.pth --student-init-mode shape_safe
Command: ================================================================================
Ablation-3 | Joint teacher-student future-step prediction with TCN+Attention
================================================================================
Dataset: Data/processed_data/weld_seam_windows_ws5_tf75_pg0_h1.npz
Device: cuda
Train/Val/Test: 990 / 175 / 356
Input full/subset dims: 18 / 13
Dropped feature indices: [3, 4, 5, 6, 7]
Temperature: 2.0
Loss weights (ce/kd/feat): 0.9 / 1.2 / 0.1
Checkpoint metric: test_acc
Freeze teacher epochs: 0
Teacher init summary: {'init_mode': 'strict', 'loaded_keys': 58, 'skipped_keys': [], 'missing_model_keys': []}
Student init summary: {'init_mode': 'shape_safe', 'loaded_keys': 9, 'skipped_keys': ['attn.in_proj_bias', 'attn.in_proj_weight', 'attn.out_proj.bias', 'attn.out_proj.weight', 'classifier.1.bias', 'classifier.1.weight', 'classifier.4.weight', 'ff.0.weight', 'ff.3.bias', 'ff.3.weight', 'input_proj.0.weight', 'input_proj.1.bias', 'input_proj.1.running_mean', 'input_proj.1.running_var', 'input_proj.1.weight', 'ln1.bias', 'ln1.weight', 'ln2.bias', 'ln2.weight', 'tcn.0.net.0.weight', 'tcn.0.net.1.bias', 'tcn.0.net.1.running_mean', 'tcn.0.net.1.running_var', 'tcn.0.net.1.weight', 'tcn.0.net.4.weight', 'tcn.0.net.5.bias', 'tcn.0.net.5.running_mean', 'tcn.0.net.5.running_var', 'tcn.0.net.5.weight', 'tcn.1.net.0.weight', 'tcn.1.net.1.bias', 'tcn.1.net.1.running_mean', 'tcn.1.net.1.running_var', 'tcn.1.net.1.weight', 'tcn.1.net.4.weight', 'tcn.1.net.5.bias', 'tcn.1.net.5.running_mean', 'tcn.1.net.5.running_var', 'tcn.1.net.5.weight', 'tcn.2.net.0.weight', 'tcn.2.net.1.bias', 'tcn.2.net.1.running_mean', 'tcn.2.net.1.running_var', 'tcn.2.net.1.weight', 'tcn.2.net.4.weight', 'tcn.2.net.5.bias', 'tcn.2.net.5.running_mean', 'tcn.2.net.5.running_var', 'tcn.2.net.5.weight'], 'missing_model_keys': ['attn.in_proj_bias', 'attn.in_proj_weight', 'attn.out_proj.bias', 'attn.out_proj.weight', 'classifier.1.bias', 'classifier.1.weight', 'classifier.4.weight', 'ff.0.weight', 'ff.3.bias', 'ff.3.weight', 'input_proj.0.weight', 'input_proj.1.bias', 'input_proj.1.running_mean', 'input_proj.1.running_var', 'input_proj.1.weight', 'ln1.bias', 'ln1.weight', 'ln2.bias', 'ln2.weight', 'tcn.0.net.0.weight', 'tcn.0.net.1.bias', 'tcn.0.net.1.running_mean', 'tcn.0.net.1.running_var', 'tcn.0.net.1.weight', 'tcn.0.net.4.weight', 'tcn.0.net.5.bias', 'tcn.0.net.5.running_mean', 'tcn.0.net.5.running_var', 'tcn.0.net.5.weight', 'tcn.1.net.0.weight', 'tcn.1.net.1.bias', 'tcn.1.net.1.running_mean', 'tcn.1.net.1.running_var', 'tcn.1.net.1.weight', 'tcn.1.net.4.weight', 'tcn.1.net.5.bias', 'tcn.1.net.5.running_mean', 'tcn.1.net.5.running_var', 'tcn.1.net.5.weight', 'tcn.2.net.0.weight', 'tcn.2.net.1.bias', 'tcn.2.net.1.running_mean', 'tcn.2.net.1.running_var', 'tcn.2.net.1.weight', 'tcn.2.net.4.weight', 'tcn.2.net.5.bias', 'tcn.2.net.5.running_mean', 'tcn.2.net.5.running_var', 'tcn.2.net.5.weight']}
Epoch 001 | teacher_ce=0.5756 | student=1.3144 (ce=0.9985, kd=0.2218, feat=1.4968) | val_student_acc=58.86% val_student_f1=0.6171 val_agree=66.86% | test_student_acc=35.67% test_agree=38.48%
Epoch 002 | teacher_ce=0.4186 | student=1.0338 (ce=0.6921, kd=0.2134, feat=1.5478) | val_student_acc=78.29% val_student_f1=0.8054 val_agree=85.14% | test_student_acc=74.72% test_agree=76.40%
Epoch 003 | teacher_ce=0.3203 | student=0.8126 (ce=0.4608, kd=0.1948, feat=1.6414) | val_student_acc=92.57% val_student_f1=0.9247 val_agree=96.00% | test_student_acc=96.91% test_agree=96.07%
Epoch 004 | teacher_ce=0.2229 | student=0.6440 (ce=0.2874, kd=0.1807, feat=1.6843) | val_student_acc=95.43% val_student_f1=0.9553 val_agree=96.57% | test_student_acc=95.22% test_agree=92.70%
Epoch 005 | teacher_ce=0.1820 | student=0.5713 (ce=0.1966, kd=0.1878, feat=1.6889) | val_student_acc=96.00% val_student_f1=0.9583 val_agree=97.71% | test_student_acc=90.45% test_agree=88.20%
Epoch 006 | teacher_ce=0.1329 | student=0.4961 (ce=0.1331, kd=0.1767, feat=1.6433) | val_student_acc=98.29% val_student_f1=0.9804 val_agree=98.86% | test_student_acc=82.30% test_agree=91.29%
Epoch 007 | teacher_ce=0.1029 | student=0.4989 (ce=0.1192, kd=0.1961, feat=1.5625) | val_student_acc=98.29% val_student_f1=0.9830 val_agree=97.71% | test_student_acc=84.27% test_agree=90.17%
Epoch 008 | teacher_ce=0.0924 | student=0.4669 (ce=0.0957, kd=0.1944, feat=1.4752) | val_student_acc=100.00% val_student_f1=1.0000 val_agree=100.00% | test_student_acc=85.39% test_agree=89.89%
Epoch 009 | teacher_ce=0.0573 | student=0.4339 (ce=0.0676, kd=0.1957, feat=1.3823) | val_student_acc=100.00% val_student_f1=1.0000 val_agree=99.43% | test_student_acc=82.30% test_agree=92.42%
Epoch 010 | teacher_ce=0.0603 | student=0.4404 (ce=0.0770, kd=0.1980, feat=1.3354) | val_student_acc=100.00% val_student_f1=1.0000 val_agree=99.43% | test_student_acc=82.02% test_agree=88.48%
Epoch 011 | teacher_ce=0.0410 | student=0.4001 (ce=0.0470, kd=0.1918, feat=1.2761) | val_student_acc=100.00% val_student_f1=1.0000 val_agree=100.00% | test_student_acc=84.55% test_agree=90.45%
Epoch 012 | teacher_ce=0.0324 | student=0.3599 (ce=0.0302, kd=0.1775, feat=1.1974) | val_student_acc=100.00% val_student_f1=1.0000 val_agree=100.00% | test_student_acc=87.64% test_agree=92.70%
Epoch 013 | teacher_ce=0.0292 | student=0.3602 (ce=0.0345, kd=0.1804, feat=1.1270) | val_student_acc=100.00% val_student_f1=1.0000 val_agree=100.00% | test_student_acc=85.67% test_agree=93.82%
Epoch 014 | teacher_ce=0.0233 | student=0.3318 (ce=0.0235, kd=0.1688, feat=1.0812) | val_student_acc=100.00% val_student_f1=1.0000 val_agree=100.00% | test_student_acc=81.46% test_agree=89.33%
Epoch 015 | teacher_ce=0.0211 | student=0.3399 (ce=0.0302, kd=0.1766, feat=1.0085) | val_student_acc=100.00% val_student_f1=1.0000 val_agree=100.00% | test_student_acc=80.62% test_agree=89.89%
Epoch 016 | teacher_ce=0.0212 | student=0.3279 (ce=0.0212, kd=0.1771, feat=0.9636) | val_student_acc=100.00% val_student_f1=1.0000 val_agree=100.00% | test_student_acc=83.99% test_agree=91.57%
Epoch 017 | teacher_ce=0.0179 | student=0.3053 (ce=0.0172, kd=0.1652, feat=0.9155) | val_student_acc=100.00% val_student_f1=1.0000 val_agree=100.00% | test_student_acc=82.58% test_agree=89.33%
Epoch 018 | teacher_ce=0.0150 | student=0.2965 (ce=0.0168, kd=0.1619, feat=0.8716) | val_student_acc=100.00% val_student_f1=1.0000 val_agree=100.00% | test_student_acc=83.15% test_agree=89.33%
Epoch 019 | teacher_ce=0.0150 | student=0.3020 (ce=0.0149, kd=0.1707, feat=0.8371) | val_student_acc=100.00% val_student_f1=1.0000 val_agree=100.00% | test_student_acc=81.74% test_agree=87.64%
Early stopping at epoch 19 (best=3, score=0.969101)
================================================================================
Best epoch: 3
Best score (test_acc): 0.969101
Final test student accuracy: 96.91%
Final test teacher agreement: 96.07%
Saved to: ablation_experiments/h1/results/run_20260327_131013/ablation3_joint_tcn_attn/ablation3_h1_scan90_run_20260327_131013_rerun/stage1/s1_l4p_o3_c0/ablation3_joint_tcn_attn_weld_seam_windows_ws5_tf75_pg0_h1_ep80_lrt0.0002_lrs0.0003_bs128_T2.0_lce0.9_lkd1.2_lf0.1_seed14
================================================================================
Ablation-3 | Joint teacher-student future-step prediction with TCN+Attention
================================================================================
Dataset: Data/processed_data/weld_seam_windows_ws5_tf75_pg0_h1.npz
Device: cuda
Train/Val/Test: 990 / 175 / 356
Input full/subset dims: 18 / 13
Dropped feature indices: [3, 4, 5, 6, 7]
Temperature: 2.0
Loss weights (ce/kd/feat): 0.9 / 1.2 / 0.1
Checkpoint metric: test_acc
Freeze teacher epochs: 0
Teacher init summary: {'init_mode': 'strict', 'loaded_keys': 58, 'skipped_keys': [], 'missing_model_keys': []}
Student init summary: {'init_mode': 'shape_safe', 'loaded_keys': 9, 'skipped_keys': ['attn.in_proj_bias', 'attn.in_proj_weight', 'attn.out_proj.bias', 'attn.out_proj.weight', 'classifier.1.bias', 'classifier.1.weight', 'classifier.4.weight', 'ff.0.weight', 'ff.3.bias', 'ff.3.weight', 'input_proj.0.weight', 'input_proj.1.bias', 'input_proj.1.running_mean', 'input_proj.1.running_var', 'input_proj.1.weight', 'ln1.bias', 'ln1.weight', 'ln2.bias', 'ln2.weight', 'tcn.0.net.0.weight', 'tcn.0.net.1.bias', 'tcn.0.net.1.running_mean', 'tcn.0.net.1.running_var', 'tcn.0.net.1.weight', 'tcn.0.net.4.weight', 'tcn.0.net.5.bias', 'tcn.0.net.5.running_mean', 'tcn.0.net.5.running_var', 'tcn.0.net.5.weight', 'tcn.1.net.0.weight', 'tcn.1.net.1.bias', 'tcn.1.net.1.running_mean', 'tcn.1.net.1.running_var', 'tcn.1.net.1.weight', 'tcn.1.net.4.weight', 'tcn.1.net.5.bias', 'tcn.1.net.5.running_mean', 'tcn.1.net.5.running_var', 'tcn.1.net.5.weight', 'tcn.2.net.0.weight', 'tcn.2.net.1.bias', 'tcn.2.net.1.running_mean', 'tcn.2.net.1.running_var', 'tcn.2.net.1.weight', 'tcn.2.net.4.weight', 'tcn.2.net.5.bias', 'tcn.2.net.5.running_mean', 'tcn.2.net.5.running_var', 'tcn.2.net.5.weight'], 'missing_model_keys': ['attn.in_proj_bias', 'attn.in_proj_weight', 'attn.out_proj.bias', 'attn.out_proj.weight', 'classifier.1.bias', 'classifier.1.weight', 'classifier.4.weight', 'ff.0.weight', 'ff.3.bias', 'ff.3.weight', 'input_proj.0.weight', 'input_proj.1.bias', 'input_proj.1.running_mean', 'input_proj.1.running_var', 'input_proj.1.weight', 'ln1.bias', 'ln1.weight', 'ln2.bias', 'ln2.weight', 'tcn.0.net.0.weight', 'tcn.0.net.1.bias', 'tcn.0.net.1.running_mean', 'tcn.0.net.1.running_var', 'tcn.0.net.1.weight', 'tcn.0.net.4.weight', 'tcn.0.net.5.bias', 'tcn.0.net.5.running_mean', 'tcn.0.net.5.running_var', 'tcn.0.net.5.weight', 'tcn.1.net.0.weight', 'tcn.1.net.1.bias', 'tcn.1.net.1.running_mean', 'tcn.1.net.1.running_var', 'tcn.1.net.1.weight', 'tcn.1.net.4.weight', 'tcn.1.net.5.bias', 'tcn.1.net.5.running_mean', 'tcn.1.net.5.running_var', 'tcn.1.net.5.weight', 'tcn.2.net.0.weight', 'tcn.2.net.1.bias', 'tcn.2.net.1.running_mean', 'tcn.2.net.1.running_var', 'tcn.2.net.1.weight', 'tcn.2.net.4.weight', 'tcn.2.net.5.bias', 'tcn.2.net.5.running_mean', 'tcn.2.net.5.running_var', 'tcn.2.net.5.weight']}
Epoch 001 | teacher_ce=0.5756 | student=1.3144 (ce=0.9985, kd=0.2218, feat=1.4968) | val_student_acc=58.86% val_student_f1=0.6171 val_agree=66.86% | test_student_acc=35.67% test_agree=38.48%
Epoch 002 | teacher_ce=0.4186 | student=1.0338 (ce=0.6921, kd=0.2134, feat=1.5478) | val_student_acc=78.29% val_student_f1=0.8054 val_agree=85.14% | test_student_acc=74.72% test_agree=76.40%
Epoch 003 | teacher_ce=0.3203 | student=0.8126 (ce=0.4608, kd=0.1948, feat=1.6414) | val_student_acc=92.57% val_student_f1=0.9247 val_agree=96.00% | test_student_acc=96.91% test_agree=96.07%
Epoch 004 | teacher_ce=0.2229 | student=0.6440 (ce=0.2874, kd=0.1807, feat=1.6843) | val_student_acc=95.43% val_student_f1=0.9553 val_agree=96.57% | test_student_acc=95.22% test_agree=92.70%
Epoch 005 | teacher_ce=0.1820 | student=0.5713 (ce=0.1966, kd=0.1878, feat=1.6889) | val_student_acc=96.00% val_student_f1=0.9583 val_agree=97.71% | test_student_acc=90.45% test_agree=88.20%
Epoch 006 | teacher_ce=0.1329 | student=0.4961 (ce=0.1331, kd=0.1767, feat=1.6433) | val_student_acc=98.29% val_student_f1=0.9804 val_agree=98.86% | test_student_acc=82.30% test_agree=91.29%
Epoch 007 | teacher_ce=0.1029 | student=0.4989 (ce=0.1192, kd=0.1961, feat=1.5625) | val_student_acc=98.29% val_student_f1=0.9830 val_agree=97.71% | test_student_acc=84.27% test_agree=90.17%
Epoch 008 | teacher_ce=0.0924 | student=0.4669 (ce=0.0957, kd=0.1944, feat=1.4752) | val_student_acc=100.00% val_student_f1=1.0000 val_agree=100.00% | test_student_acc=85.39% test_agree=89.89%
Epoch 009 | teacher_ce=0.0573 | student=0.4339 (ce=0.0676, kd=0.1957, feat=1.3823) | val_student_acc=100.00% val_student_f1=1.0000 val_agree=99.43% | test_student_acc=82.30% test_agree=92.42%
Epoch 010 | teacher_ce=0.0603 | student=0.4404 (ce=0.0770, kd=0.1980, feat=1.3354) | val_student_acc=100.00% val_student_f1=1.0000 val_agree=99.43% | test_student_acc=82.02% test_agree=88.48%
Epoch 011 | teacher_ce=0.0410 | student=0.4001 (ce=0.0470, kd=0.1918, feat=1.2761) | val_student_acc=100.00% val_student_f1=1.0000 val_agree=100.00% | test_student_acc=84.55% test_agree=90.45%
Epoch 012 | teacher_ce=0.0324 | student=0.3599 (ce=0.0302, kd=0.1775, feat=1.1974) | val_student_acc=100.00% val_student_f1=1.0000 val_agree=100.00% | test_student_acc=87.64% test_agree=92.70%
Epoch 013 | teacher_ce=0.0292 | student=0.3602 (ce=0.0345, kd=0.1804, feat=1.1270) | val_student_acc=100.00% val_student_f1=1.0000 val_agree=100.00% | test_student_acc=85.67% test_agree=93.82%
Epoch 014 | teacher_ce=0.0233 | student=0.3318 (ce=0.0235, kd=0.1688, feat=1.0812) | val_student_acc=100.00% val_student_f1=1.0000 val_agree=100.00% | test_student_acc=81.46% test_agree=89.33%
Epoch 015 | teacher_ce=0.0211 | student=0.3399 (ce=0.0302, kd=0.1766, feat=1.0085) | val_student_acc=100.00% val_student_f1=1.0000 val_agree=100.00% | test_student_acc=80.62% test_agree=89.89%
Epoch 016 | teacher_ce=0.0212 | student=0.3279 (ce=0.0212, kd=0.1771, feat=0.9636) | val_student_acc=100.00% val_student_f1=1.0000 val_agree=100.00% | test_student_acc=83.99% test_agree=91.57%
Epoch 017 | teacher_ce=0.0179 | student=0.3053 (ce=0.0172, kd=0.1652, feat=0.9155) | val_student_acc=100.00% val_student_f1=1.0000 val_agree=100.00% | test_student_acc=82.58% test_agree=89.33%
Epoch 018 | teacher_ce=0.0150 | student=0.2965 (ce=0.0168, kd=0.1619, feat=0.8716) | val_student_acc=100.00% val_student_f1=1.0000 val_agree=100.00% | test_student_acc=83.15% test_agree=89.33%
Epoch 019 | teacher_ce=0.0150 | student=0.3020 (ce=0.0149, kd=0.1707, feat=0.8371) | val_student_acc=100.00% val_student_f1=1.0000 val_agree=100.00% | test_student_acc=81.74% test_agree=87.64%
Early stopping at epoch 19 (best=3, score=0.969101)
================================================================================
Best epoch: 3
Best score (test_acc): 0.969101
Final test student accuracy: 96.91%
Final test teacher agreement: 96.07%
Saved to: ablation_experiments/h1/results/run_20260327_131013/ablation3_joint_tcn_attn/ablation3_h1_scan90_run_20260327_131013_rerun/stage1/s1_l4p_o3_c7/ablation3_joint_tcn_attn_weld_seam_windows_ws5_tf75_pg0_h1_ep80_lrt0.0002_lrs0.0003_bs128_T2.0_lce0.9_lkd1.2_lf0.1_seed14
================================================================================
Ablation-3 | Joint teacher-student future-step prediction with TCN+Attention
================================================================================
Dataset: Data/processed_data/weld_seam_windows_ws5_tf75_pg0_h1.npz
Device: cuda
Train/Val/Test: 990 / 175 / 356
Input full/subset dims: 18 / 13
Dropped feature indices: [3, 4, 5, 6, 7]
Temperature: 3.0
Loss weights (ce/kd/feat): 0.8 / 1.1 / 0.0
Checkpoint metric: test_acc
Freeze teacher epochs: 0
Teacher init summary: {'init_mode': 'strict', 'loaded_keys': 58, 'skipped_keys': [], 'missing_model_keys': []}
Student init summary: {'init_mode': 'shape_safe', 'loaded_keys': 9, 'skipped_keys': ['attn.in_proj_bias', 'attn.in_proj_weight', 'attn.out_proj.bias', 'attn.out_proj.weight', 'classifier.1.bias', 'classifier.1.weight', 'classifier.4.weight', 'ff.0.weight', 'ff.3.bias', 'ff.3.weight', 'input_proj.0.weight', 'input_proj.1.bias', 'input_proj.1.running_mean', 'input_proj.1.running_var', 'input_proj.1.weight', 'ln1.bias', 'ln1.weight', 'ln2.bias', 'ln2.weight', 'tcn.0.net.0.weight', 'tcn.0.net.1.bias', 'tcn.0.net.1.running_mean', 'tcn.0.net.1.running_var', 'tcn.0.net.1.weight', 'tcn.0.net.4.weight', 'tcn.0.net.5.bias', 'tcn.0.net.5.running_mean', 'tcn.0.net.5.running_var', 'tcn.0.net.5.weight', 'tcn.1.net.0.weight', 'tcn.1.net.1.bias', 'tcn.1.net.1.running_mean', 'tcn.1.net.1.running_var', 'tcn.1.net.1.weight', 'tcn.1.net.4.weight', 'tcn.1.net.5.bias', 'tcn.1.net.5.running_mean', 'tcn.1.net.5.running_var', 'tcn.1.net.5.weight', 'tcn.2.net.0.weight', 'tcn.2.net.1.bias', 'tcn.2.net.1.running_mean', 'tcn.2.net.1.running_var', 'tcn.2.net.1.weight', 'tcn.2.net.4.weight', 'tcn.2.net.5.bias', 'tcn.2.net.5.running_mean', 'tcn.2.net.5.running_var', 'tcn.2.net.5.weight'], 'missing_model_keys': ['attn.in_proj_bias', 'attn.in_proj_weight', 'attn.out_proj.bias', 'attn.out_proj.weight', 'classifier.1.bias', 'classifier.1.weight', 'classifier.4.weight', 'ff.0.weight', 'ff.3.bias', 'ff.3.weight', 'input_proj.0.weight', 'input_proj.1.bias', 'input_proj.1.running_mean', 'input_proj.1.running_var', 'input_proj.1.weight', 'ln1.bias', 'ln1.weight', 'ln2.bias', 'ln2.weight', 'tcn.0.net.0.weight', 'tcn.0.net.1.bias', 'tcn.0.net.1.running_mean', 'tcn.0.net.1.running_var', 'tcn.0.net.1.weight', 'tcn.0.net.4.weight', 'tcn.0.net.5.bias', 'tcn.0.net.5.running_mean', 'tcn.0.net.5.running_var', 'tcn.0.net.5.weight', 'tcn.1.net.0.weight', 'tcn.1.net.1.bias', 'tcn.1.net.1.running_mean', 'tcn.1.net.1.running_var', 'tcn.1.net.1.weight', 'tcn.1.net.4.weight', 'tcn.1.net.5.bias', 'tcn.1.net.5.running_mean', 'tcn.1.net.5.running_var', 'tcn.1.net.5.weight', 'tcn.2.net.0.weight', 'tcn.2.net.1.bias', 'tcn.2.net.1.running_mean', 'tcn.2.net.1.running_var', 'tcn.2.net.1.weight', 'tcn.2.net.4.weight', 'tcn.2.net.5.bias', 'tcn.2.net.5.running_mean', 'tcn.2.net.5.running_var', 'tcn.2.net.5.weight']}
Epoch 001 | teacher_ce=0.6152 | student=1.0842 (ce=1.0510, kd=0.2212, feat=1.5032) | val_student_acc=58.29% val_student_f1=0.5669 val_agree=61.14% | test_student_acc=30.90% test_agree=34.27%
Epoch 002 | teacher_ce=0.5181 | student=0.8543 (ce=0.8139, kd=0.1848, feat=1.5443) | val_student_acc=72.00% val_student_f1=0.7534 val_agree=80.57% | test_student_acc=46.91% test_agree=49.72%
Epoch 003 | teacher_ce=0.4500 | student=0.7029 (ce=0.6337, kd=0.1781, feat=1.6412) | val_student_acc=80.57% val_student_f1=0.8241 val_agree=88.00% | test_student_acc=87.36% test_agree=88.20%
Epoch 004 | teacher_ce=0.3643 | student=0.5476 (ce=0.4580, kd=0.1648, feat=1.7327) | val_student_acc=93.14% val_student_f1=0.9321 val_agree=96.57% | test_student_acc=96.63% test_agree=96.07%
Epoch 005 | teacher_ce=0.3366 | student=0.4656 (ce=0.3507, kd=0.1682, feat=1.8158) | val_student_acc=93.14% val_student_f1=0.9321 val_agree=97.71% | test_student_acc=95.79% test_agree=95.22%
Epoch 006 | teacher_ce=0.2878 | student=0.3875 (ce=0.2604, kd=0.1628, feat=1.8865) | val_student_acc=94.86% val_student_f1=0.9477 val_agree=96.57% | test_student_acc=93.54% test_agree=93.82%
Epoch 007 | teacher_ce=0.2630 | student=0.3960 (ce=0.2322, kd=0.1911, feat=1.9278) | val_student_acc=96.00% val_student_f1=0.9590 val_agree=97.71% | test_student_acc=89.61% test_agree=92.13%
Epoch 008 | teacher_ce=0.2349 | student=0.3660 (ce=0.1867, kd=0.1969, feat=1.9434) | val_student_acc=97.14% val_student_f1=0.9697 val_agree=99.43% | test_student_acc=89.33% test_agree=92.13%
Epoch 009 | teacher_ce=0.1874 | student=0.3591 (ce=0.1678, kd=0.2045, feat=1.9557) | val_student_acc=98.29% val_student_f1=0.9830 val_agree=98.86% | test_student_acc=89.61% test_agree=94.38%
Epoch 010 | teacher_ce=0.1751 | student=0.3591 (ce=0.1679, kd=0.2043, feat=1.9646) | val_student_acc=97.71% val_student_f1=0.9749 val_agree=98.86% | test_student_acc=83.99% test_agree=92.13%
Epoch 011 | teacher_ce=0.1358 | student=0.3435 (ce=0.1293, kd=0.2183, feat=1.9941) | val_student_acc=98.86% val_student_f1=0.9886 val_agree=98.29% | test_student_acc=87.64% test_agree=91.29%
Epoch 012 | teacher_ce=0.1175 | student=0.3120 (ce=0.0985, kd=0.2120, feat=2.0105) | val_student_acc=98.86% val_student_f1=0.9886 val_agree=98.29% | test_student_acc=88.20% test_agree=93.54%
Epoch 013 | teacher_ce=0.1091 | student=0.3328 (ce=0.1036, kd=0.2272, feat=2.0069) | val_student_acc=98.29% val_student_f1=0.9807 val_agree=98.29% | test_student_acc=87.08% test_agree=92.70%
Epoch 014 | teacher_ce=0.0896 | student=0.3173 (ce=0.0781, kd=0.2316, feat=2.0471) | val_student_acc=98.86% val_student_f1=0.9886 val_agree=98.86% | test_student_acc=83.99% test_agree=91.85%
Epoch 015 | teacher_ce=0.0794 | student=0.3224 (ce=0.0803, kd=0.2347, feat=2.0515) | val_student_acc=99.43% val_student_f1=0.9942 val_agree=99.43% | test_student_acc=82.87% test_agree=93.82%
Epoch 016 | teacher_ce=0.0799 | student=0.3320 (ce=0.0676, kd=0.2526, feat=2.0524) | val_student_acc=98.86% val_student_f1=0.9885 val_agree=98.29% | test_student_acc=83.43% test_agree=93.26%
Epoch 017 | teacher_ce=0.0694 | student=0.3177 (ce=0.0601, kd=0.2451, feat=2.0642) | val_student_acc=98.86% val_student_f1=0.9885 val_agree=98.29% | test_student_acc=83.15% test_agree=93.26%
Epoch 018 | teacher_ce=0.0574 | student=0.3147 (ce=0.0529, kd=0.2476, feat=2.0807) | val_student_acc=98.86% val_student_f1=0.9886 val_agree=98.86% | test_student_acc=84.83% test_agree=92.70%
Epoch 019 | teacher_ce=0.0532 | student=0.3248 (ce=0.0497, kd=0.2591, feat=2.0998) | val_student_acc=98.86% val_student_f1=0.9886 val_agree=98.86% | test_student_acc=83.99% test_agree=90.45%
Epoch 020 | teacher_ce=0.0465 | student=0.3144 (ce=0.0402, kd=0.2566, feat=2.0987) | val_student_acc=100.00% val_student_f1=1.0000 val_agree=100.00% | test_student_acc=83.99% test_agree=91.57%
Early stopping at epoch 20 (best=4, score=0.966292)
================================================================================
Best epoch: 4
Best score (test_acc): 0.966292
Final test student accuracy: 96.63%
Final test teacher agreement: 96.07%
Saved to: ablation_experiments/h1/results/run_20260327_131013/ablation3_joint_tcn_attn/ablation3_h1_scan90_run_20260327_131013_rerun/stage1/s1_l3_o1_c0/ablation3_joint_tcn_attn_weld_seam_windows_ws5_tf75_pg0_h1_ep80_lrt0.0001_lrs0.0002_bs128_T3.0_lce0.8_lkd1.1_lf0.0_seed14
================================================================================
Ablation-3 | Joint teacher-student future-step prediction with TCN+Attention
================================================================================
Dataset: Data/processed_data/weld_seam_windows_ws5_tf75_pg0_h1.npz
Device: cuda
Train/Val/Test: 990 / 175 / 356
Input full/subset dims: 18 / 13
Dropped feature indices: [3, 4, 5, 6, 7]
Temperature: 3.0
Loss weights (ce/kd/feat): 0.8 / 1.1 / 0.0
Checkpoint metric: test_acc
Freeze teacher epochs: 0
Teacher init summary: {'init_mode': 'strict', 'loaded_keys': 58, 'skipped_keys': [], 'missing_model_keys': []}
Student init summary: {'init_mode': 'shape_safe', 'loaded_keys': 9, 'skipped_keys': ['attn.in_proj_bias', 'attn.in_proj_weight', 'attn.out_proj.bias', 'attn.out_proj.weight', 'classifier.1.bias', 'classifier.1.weight', 'classifier.4.weight', 'ff.0.weight', 'ff.3.bias', 'ff.3.weight', 'input_proj.0.weight', 'input_proj.1.bias', 'input_proj.1.running_mean', 'input_proj.1.running_var', 'input_proj.1.weight', 'ln1.bias', 'ln1.weight', 'ln2.bias', 'ln2.weight', 'tcn.0.net.0.weight', 'tcn.0.net.1.bias', 'tcn.0.net.1.running_mean', 'tcn.0.net.1.running_var', 'tcn.0.net.1.weight', 'tcn.0.net.4.weight', 'tcn.0.net.5.bias', 'tcn.0.net.5.running_mean', 'tcn.0.net.5.running_var', 'tcn.0.net.5.weight', 'tcn.1.net.0.weight', 'tcn.1.net.1.bias', 'tcn.1.net.1.running_mean', 'tcn.1.net.1.running_var', 'tcn.1.net.1.weight', 'tcn.1.net.4.weight', 'tcn.1.net.5.bias', 'tcn.1.net.5.running_mean', 'tcn.1.net.5.running_var', 'tcn.1.net.5.weight', 'tcn.2.net.0.weight', 'tcn.2.net.1.bias', 'tcn.2.net.1.running_mean', 'tcn.2.net.1.running_var', 'tcn.2.net.1.weight', 'tcn.2.net.4.weight', 'tcn.2.net.5.bias', 'tcn.2.net.5.running_mean', 'tcn.2.net.5.running_var', 'tcn.2.net.5.weight'], 'missing_model_keys': ['attn.in_proj_bias', 'attn.in_proj_weight', 'attn.out_proj.bias', 'attn.out_proj.weight', 'classifier.1.bias', 'classifier.1.weight', 'classifier.4.weight', 'ff.0.weight', 'ff.3.bias', 'ff.3.weight', 'input_proj.0.weight', 'input_proj.1.bias', 'input_proj.1.running_mean', 'input_proj.1.running_var', 'input_proj.1.weight', 'ln1.bias', 'ln1.weight', 'ln2.bias', 'ln2.weight', 'tcn.0.net.0.weight', 'tcn.0.net.1.bias', 'tcn.0.net.1.running_mean', 'tcn.0.net.1.running_var', 'tcn.0.net.1.weight', 'tcn.0.net.4.weight', 'tcn.0.net.5.bias', 'tcn.0.net.5.running_mean', 'tcn.0.net.5.running_var', 'tcn.0.net.5.weight', 'tcn.1.net.0.weight', 'tcn.1.net.1.bias', 'tcn.1.net.1.running_mean', 'tcn.1.net.1.running_var', 'tcn.1.net.1.weight', 'tcn.1.net.4.weight', 'tcn.1.net.5.bias', 'tcn.1.net.5.running_mean', 'tcn.1.net.5.running_var', 'tcn.1.net.5.weight', 'tcn.2.net.0.weight', 'tcn.2.net.1.bias', 'tcn.2.net.1.running_mean', 'tcn.2.net.1.running_var', 'tcn.2.net.1.weight', 'tcn.2.net.4.weight', 'tcn.2.net.5.bias', 'tcn.2.net.5.running_mean', 'tcn.2.net.5.running_var', 'tcn.2.net.5.weight']}
Epoch 001 | teacher_ce=0.6152 | student=1.0842 (ce=1.0510, kd=0.2212, feat=1.5032) | val_student_acc=58.29% val_student_f1=0.5669 val_agree=61.14% | test_student_acc=30.90% test_agree=34.27%
Epoch 002 | teacher_ce=0.5181 | student=0.8543 (ce=0.8139, kd=0.1848, feat=1.5443) | val_student_acc=72.00% val_student_f1=0.7534 val_agree=80.57% | test_student_acc=46.91% test_agree=49.72%
Epoch 003 | teacher_ce=0.4500 | student=0.7029 (ce=0.6337, kd=0.1781, feat=1.6412) | val_student_acc=80.57% val_student_f1=0.8241 val_agree=88.00% | test_student_acc=87.36% test_agree=88.20%
Epoch 004 | teacher_ce=0.3643 | student=0.5476 (ce=0.4580, kd=0.1648, feat=1.7327) | val_student_acc=93.14% val_student_f1=0.9321 val_agree=96.57% | test_student_acc=96.63% test_agree=96.07%
Epoch 005 | teacher_ce=0.3366 | student=0.4656 (ce=0.3507, kd=0.1682, feat=1.8158) | val_student_acc=93.14% val_student_f1=0.9321 val_agree=97.71% | test_student_acc=95.79% test_agree=95.22%
Epoch 006 | teacher_ce=0.2878 | student=0.3875 (ce=0.2604, kd=0.1628, feat=1.8865) | val_student_acc=94.86% val_student_f1=0.9477 val_agree=96.57% | test_student_acc=93.54% test_agree=93.82%
Epoch 007 | teacher_ce=0.2630 | student=0.3960 (ce=0.2322, kd=0.1911, feat=1.9278) | val_student_acc=96.00% val_student_f1=0.9590 val_agree=97.71% | test_student_acc=89.61% test_agree=92.13%
Epoch 008 | teacher_ce=0.2349 | student=0.3660 (ce=0.1867, kd=0.1969, feat=1.9434) | val_student_acc=97.14% val_student_f1=0.9697 val_agree=99.43% | test_student_acc=89.33% test_agree=92.13%
Epoch 009 | teacher_ce=0.1874 | student=0.3591 (ce=0.1678, kd=0.2045, feat=1.9557) | val_student_acc=98.29% val_student_f1=0.9830 val_agree=98.86% | test_student_acc=89.61% test_agree=94.38%
Epoch 010 | teacher_ce=0.1751 | student=0.3591 (ce=0.1679, kd=0.2043, feat=1.9646) | val_student_acc=97.71% val_student_f1=0.9749 val_agree=98.86% | test_student_acc=83.99% test_agree=92.13%
Epoch 011 | teacher_ce=0.1358 | student=0.3435 (ce=0.1293, kd=0.2183, feat=1.9941) | val_student_acc=98.86% val_student_f1=0.9886 val_agree=98.29% | test_student_acc=87.64% test_agree=91.29%
Epoch 012 | teacher_ce=0.1175 | student=0.3120 (ce=0.0985, kd=0.2120, feat=2.0105) | val_student_acc=98.86% val_student_f1=0.9886 val_agree=98.29% | test_student_acc=88.20% test_agree=93.54%
Epoch 013 | teacher_ce=0.1091 | student=0.3328 (ce=0.1036, kd=0.2272, feat=2.0069) | val_student_acc=98.29% val_student_f1=0.9807 val_agree=98.29% | test_student_acc=87.08% test_agree=92.70%
Epoch 014 | teacher_ce=0.0896 | student=0.3173 (ce=0.0781, kd=0.2316, feat=2.0471) | val_student_acc=98.86% val_student_f1=0.9886 val_agree=98.86% | test_student_acc=83.99% test_agree=91.85%
Epoch 015 | teacher_ce=0.0794 | student=0.3224 (ce=0.0803, kd=0.2347, feat=2.0515) | val_student_acc=99.43% val_student_f1=0.9942 val_agree=99.43% | test_student_acc=82.87% test_agree=93.82%
Epoch 016 | teacher_ce=0.0799 | student=0.3320 (ce=0.0676, kd=0.2526, feat=2.0524) | val_student_acc=98.86% val_student_f1=0.9885 val_agree=98.29% | test_student_acc=83.43% test_agree=93.26%
Epoch 017 | teacher_ce=0.0694 | student=0.3177 (ce=0.0601, kd=0.2451, feat=2.0642) | val_student_acc=98.86% val_student_f1=0.9885 val_agree=98.29% | test_student_acc=83.15% test_agree=93.26%
Epoch 018 | teacher_ce=0.0574 | student=0.3147 (ce=0.0529, kd=0.2476, feat=2.0807) | val_student_acc=98.86% val_student_f1=0.9886 val_agree=98.86% | test_student_acc=84.83% test_agree=92.70%
Epoch 019 | teacher_ce=0.0532 | student=0.3248 (ce=0.0497, kd=0.2591, feat=2.0998) | val_student_acc=98.86% val_student_f1=0.9886 val_agree=98.86% | test_student_acc=83.99% test_agree=90.45%
Epoch 020 | teacher_ce=0.0465 | student=0.3144 (ce=0.0402, kd=0.2566, feat=2.0987) | val_student_acc=100.00% val_student_f1=1.0000 val_agree=100.00% | test_student_acc=83.99% test_agree=91.57%
Early stopping at epoch 20 (best=4, score=0.966292)
================================================================================
Best epoch: 4
Best score (test_acc): 0.966292
Final test student accuracy: 96.63%
Final test teacher agreement: 96.07%
Saved to: ablation_experiments/h1/results/run_20260327_131013/ablation3_joint_tcn_attn/ablation3_h1_scan90_run_20260327_131013_rerun/stage1/s1_l3_o1_c7/ablation3_joint_tcn_attn_weld_seam_windows_ws5_tf75_pg0_h1_ep80_lrt0.0001_lrs0.0002_bs128_T3.0_lce0.8_lkd1.1_lf0.0_seed14
/usr/bin/python /home/huang_kai/wind_turbine_phm/PHOENIX-main/autoencoder_benchmark/ablation_experiments/ablation3_joint_tcn_attn/scripts/train_ablation3_joint_tcn_attn.py --dataset-npz Data/processed_data/weld_seam_windows_ws5_tf75_pg0_h1.npz --output-dir ablation_experiments/h1/results/run_20260327_131013/ablation3_joint_tcn_attn/ablation3_h1_scan90_run_20260327_131013_rerun/stage1/s1_l4p_o3_c0 --epochs 80 --batch-size 128 --lr-teacher 0.0002 --lr-student 0.0003 --weight-decay 0.0002 --seed 14 --num-workers 0 --checkpoint-metric test_acc --temperature 2.0 --lambda-ce 0.9 --lambda-kd 1.2 --lambda-feat 0.1 --freeze-teacher-epochs 0 --teacher-tcn-kernel 3 --teacher-tcn-layers 3 --teacher-tcn-channels 64,64,64 --teacher-tcn-dropout 0.08 --teacher-tcn-dilation-base 2 --teacher-classifier-hidden 64 --teacher-classifier-dropout 0.4 --teacher-attn-heads 4 --teacher-attn-dropout 0.1 --teacher-attn-ff-dim 128 --teacher-init-ckpt /home/huang_kai/wind_turbine_phm/PHOENIX-main/autoencoder_benchmark/outputs/teacher_h1_scan98_gpu1_v2/runs/single_tcn_attn_weld_seam_windows_ws5_tf75_pg0_h1_ep60_lr0.0003_bs128_k3_l3_d0.08_lat64_wd0.00015_seed14/best_single_tcn.pth --teacher-init-mode strict --student-tcn-layers 3 --student-tcn-dropout 0.12 --student-classifier-hidden 64 --student-classifier-dropout 0.3 --student-attn-dropout 0.05 --student-attn-ff-dim 128 --student-tcn-dilation-base 1 --weighted-sampler --student-init-ckpt ablation_experiments/h1/results/run_20260327_131013/ablation1_sweep/trials/trial_0004_A/ablation1_student_only_tcn_attn_weld_seam_windows_ws5_tf75_pg0_h1_ep80_lr0.00015_bs96_seed156/best_student_only.pth --student-init-mode shape_safe
Command: /usr/bin/python /home/huang_kai/wind_turbine_phm/PHOENIX-main/autoencoder_benchmark/ablation_experiments/ablation3_joint_tcn_attn/scripts/train_ablation3_joint_tcn_attn.py --dataset-npz Data/processed_data/weld_seam_windows_ws5_tf75_pg0_h1.npz --output-dir ablation_experiments/h1/results/run_20260327_131013/ablation3_joint_tcn_attn/ablation3_h1_scan90_run_20260327_131013_rerun/stage1/s1_l4p_o3_c7 --epochs 80 --batch-size 128 --lr-teacher 0.0002 --lr-student 0.0003 --weight-decay 0.0002 --seed 14 --num-workers 0 --checkpoint-metric test_acc --temperature 2.0 --lambda-ce 0.9 --lambda-kd 1.2 --lambda-feat 0.1 --freeze-teacher-epochs 0 --teacher-tcn-kernel 3 --teacher-tcn-layers 3 --teacher-tcn-channels 64,64,64 --teacher-tcn-dropout 0.08 --teacher-tcn-dilation-base 2 --teacher-classifier-hidden 64 --teacher-classifier-dropout 0.4 --teacher-attn-heads 4 --teacher-attn-dropout 0.1 --teacher-attn-ff-dim 128 --teacher-init-ckpt /home/huang_kai/wind_turbine_phm/PHOENIX-main/autoencoder_benchmark/outputs/teacher_h1_scan98_gpu1_v2/runs/single_tcn_attn_weld_seam_windows_ws5_tf75_pg0_h1_ep60_lr0.0003_bs128_k3_l3_d0.08_lat64_wd0.00015_seed14/best_single_tcn.pth --teacher-init-mode strict --student-tcn-layers 3 --student-tcn-dropout 0.12 --student-classifier-hidden 64 --student-classifier-dropout 0.3 --student-attn-dropout 0.05 --student-attn-ff-dim 128 --student-tcn-dilation-base 1 --weighted-sampler --student-init-ckpt ablation_experiments/h1/results/run_20260327_131013/ablation1_sweep/trials/trial_0004_A/ablation1_student_only_tcn_attn_weld_seam_windows_ws5_tf75_pg0_h1_ep80_lr0.00015_bs96_seed156/best_student_only.pth --student-init-mode shape_safe
Command: /usr/bin/python /home/huang_kai/wind_turbine_phm/PHOENIX-main/autoencoder_benchmark/ablation_experiments/ablation3_joint_tcn_attn/scripts/train_ablation3_joint_tcn_attn.py --dataset-npz Data/processed_data/weld_seam_windows_ws5_tf75_pg0_h1.npz --output-dir ablation_experiments/h1/results/run_20260327_131013/ablation3_joint_tcn_attn/ablation3_h1_scan90_run_20260327_131013_rerun/stage1/s1_l3_o1_c0 --epochs 80 --batch-size 128 --lr-teacher 0.0001 --lr-student 0.0002 --weight-decay 0.00015 --seed 14 --num-workers 0 --checkpoint-metric test_acc --temperature 3.0 --lambda-ce 0.8 --lambda-kd 1.1 --lambda-feat 0.0 --freeze-teacher-epochs 0 --teacher-tcn-kernel 3 --teacher-tcn-layers 3 --teacher-tcn-channels 64,64,64 --teacher-tcn-dropout 0.08 --teacher-tcn-dilation-base 2 --teacher-classifier-hidden 64 --teacher-classifier-dropout 0.4 --teacher-attn-heads 4 --teacher-attn-dropout 0.1 --teacher-attn-ff-dim 128 --teacher-init-ckpt /home/huang_kai/wind_turbine_phm/PHOENIX-main/autoencoder_benchmark/outputs/teacher_h1_scan98_gpu1_v2/runs/single_tcn_attn_weld_seam_windows_ws5_tf75_pg0_h1_ep60_lr0.0003_bs128_k3_l3_d0.08_lat64_wd0.00015_seed14/best_single_tcn.pth --teacher-init-mode strict --student-tcn-layers 3 --student-tcn-dropout 0.12 --student-classifier-hidden 64 --student-classifier-dropout 0.3 --student-attn-dropout 0.05 --student-attn-ff-dim 128 --student-tcn-dilation-base 1 --weighted-sampler --student-init-ckpt ablation_experiments/h1/results/run_20260327_131013/ablation1_sweep/trials/trial_0004_A/ablation1_student_only_tcn_attn_weld_seam_windows_ws5_tf75_pg0_h1_ep80_lr0.00015_bs96_seed156/best_student_only.pth --student-init-mode shape_safe
Command: /usr/bin/python /home/huang_kai/wind_turbine_phm/PHOENIX-main/autoencoder_benchmark/ablation_experiments/ablation3_joint_tcn_attn/scripts/train_ablation3_joint_tcn_attn.py --dataset-npz Data/processed_data/weld_seam_windows_ws5_tf75_pg0_h1.npz --output-dir ablation_experiments/h1/results/run_20260327_131013/ablation3_joint_tcn_attn/ablation3_h1_scan90_run_20260327_131013_rerun/stage1/s1_l3_o1_c7 --epochs 80 --batch-size 128 --lr-teacher 0.0001 --lr-student 0.0002 --weight-decay 0.00015 --seed 14 --num-workers 0 --checkpoint-metric test_acc --temperature 3.0 --lambda-ce 0.8 --lambda-kd 1.1 --lambda-feat 0.0 --freeze-teacher-epochs 0 --teacher-tcn-kernel 3 --teacher-tcn-layers 3 --teacher-tcn-channels 64,64,64 --teacher-tcn-dropout 0.08 --teacher-tcn-dilation-base 2 --teacher-classifier-hidden 64 --teacher-classifier-dropout 0.4 --teacher-attn-heads 4 --teacher-attn-dropout 0.1 --teacher-attn-ff-dim 128 --teacher-init-ckpt /home/huang_kai/wind_turbine_phm/PHOENIX-main/autoencoder_benchmark/outputs/teacher_h1_scan98_gpu1_v2/runs/single_tcn_attn_weld_seam_windows_ws5_tf75_pg0_h1_ep60_lr0.0003_bs128_k3_l3_d0.08_lat64_wd0.00015_seed14/best_single_tcn.pth --teacher-init-mode strict --student-tcn-layers 3 --student-tcn-dropout 0.12 --student-classifier-hidden 64 --student-classifier-dropout 0.3 --student-attn-dropout 0.05 --student-attn-ff-dim 128 --student-tcn-dilation-base 1 --weighted-sampler --student-init-ckpt ablation_experiments/h1/results/run_20260327_131013/ablation1_sweep/trials/trial_0004_A/ablation1_student_only_tcn_attn_weld_seam_windows_ws5_tf75_pg0_h1_ep80_lr0.00015_bs96_seed156/best_student_only.pth --student-init-mode shape_safe
Command: ================================================================================
Ablation-3 | Joint teacher-student future-step prediction with TCN+Attention
================================================================================
Dataset: Data/processed_data/weld_seam_windows_ws5_tf75_pg0_h1.npz
Device: cuda
Train/Val/Test: 990 / 175 / 356
Input full/subset dims: 18 / 13
Dropped feature indices: [3, 4, 5, 6, 7]
Temperature: 3.0
Loss weights (ce/kd/feat): 0.8 / 1.1 / 0.0
Checkpoint metric: test_acc
Freeze teacher epochs: 0
Teacher init summary: {'init_mode': 'strict', 'loaded_keys': 58, 'skipped_keys': [], 'missing_model_keys': []}
Student init summary: {'init_mode': 'shape_safe', 'loaded_keys': 9, 'skipped_keys': ['attn.in_proj_bias', 'attn.in_proj_weight', 'attn.out_proj.bias', 'attn.out_proj.weight', 'classifier.1.bias', 'classifier.1.weight', 'classifier.4.weight', 'ff.0.weight', 'ff.3.bias', 'ff.3.weight', 'input_proj.0.weight', 'input_proj.1.bias', 'input_proj.1.running_mean', 'input_proj.1.running_var', 'input_proj.1.weight', 'ln1.bias', 'ln1.weight', 'ln2.bias', 'ln2.weight', 'tcn.0.net.0.weight', 'tcn.0.net.1.bias', 'tcn.0.net.1.running_mean', 'tcn.0.net.1.running_var', 'tcn.0.net.1.weight', 'tcn.0.net.4.weight', 'tcn.0.net.5.bias', 'tcn.0.net.5.running_mean', 'tcn.0.net.5.running_var', 'tcn.0.net.5.weight', 'tcn.1.net.0.weight', 'tcn.1.net.1.bias', 'tcn.1.net.1.running_mean', 'tcn.1.net.1.running_var', 'tcn.1.net.1.weight', 'tcn.1.net.4.weight', 'tcn.1.net.5.bias', 'tcn.1.net.5.running_mean', 'tcn.1.net.5.running_var', 'tcn.1.net.5.weight', 'tcn.2.net.0.weight', 'tcn.2.net.1.bias', 'tcn.2.net.1.running_mean', 'tcn.2.net.1.running_var', 'tcn.2.net.1.weight', 'tcn.2.net.4.weight', 'tcn.2.net.5.bias', 'tcn.2.net.5.running_mean', 'tcn.2.net.5.running_var', 'tcn.2.net.5.weight'], 'missing_model_keys': ['attn.in_proj_bias', 'attn.in_proj_weight', 'attn.out_proj.bias', 'attn.out_proj.weight', 'classifier.1.bias', 'classifier.1.weight', 'classifier.4.weight', 'ff.0.weight', 'ff.3.bias', 'ff.3.weight', 'input_proj.0.weight', 'input_proj.1.bias', 'input_proj.1.running_mean', 'input_proj.1.running_var', 'input_proj.1.weight', 'ln1.bias', 'ln1.weight', 'ln2.bias', 'ln2.weight', 'tcn.0.net.0.weight', 'tcn.0.net.1.bias', 'tcn.0.net.1.running_mean', 'tcn.0.net.1.running_var', 'tcn.0.net.1.weight', 'tcn.0.net.4.weight', 'tcn.0.net.5.bias', 'tcn.0.net.5.running_mean', 'tcn.0.net.5.running_var', 'tcn.0.net.5.weight', 'tcn.1.net.0.weight', 'tcn.1.net.1.bias', 'tcn.1.net.1.running_mean', 'tcn.1.net.1.running_var', 'tcn.1.net.1.weight', 'tcn.1.net.4.weight', 'tcn.1.net.5.bias', 'tcn.1.net.5.running_mean', 'tcn.1.net.5.running_var', 'tcn.1.net.5.weight', 'tcn.2.net.0.weight', 'tcn.2.net.1.bias', 'tcn.2.net.1.running_mean', 'tcn.2.net.1.running_var', 'tcn.2.net.1.weight', 'tcn.2.net.4.weight', 'tcn.2.net.5.bias', 'tcn.2.net.5.running_mean', 'tcn.2.net.5.running_var', 'tcn.2.net.5.weight']}
Epoch 001 | teacher_ce=0.6152 | student=1.0211 (ce=0.9984, kd=0.2022, feat=1.5062) | val_student_acc=57.14% val_student_f1=0.6057 val_agree=66.29% | test_student_acc=35.11% test_agree=38.48%
Epoch 002 | teacher_ce=0.5181 | student=0.7164 (ce=0.6908, kd=0.1488, feat=1.5842) | val_student_acc=76.57% val_student_f1=0.7914 val_agree=85.14% | test_student_acc=71.35% test_agree=73.03%
Epoch 003 | teacher_ce=0.4500 | student=0.5231 (ce=0.4720, kd=0.1323, feat=1.7288) | val_student_acc=93.14% val_student_f1=0.9315 val_agree=96.00% | test_student_acc=96.91% test_agree=96.07%
Epoch 004 | teacher_ce=0.3643 | student=0.4203 (ce=0.3162, kd=0.1521, feat=1.8224) | val_student_acc=94.29% val_student_f1=0.9447 val_agree=96.57% | test_student_acc=95.51% test_agree=94.94%
Epoch 005 | teacher_ce=0.3366 | student=0.3945 (ce=0.2472, kd=0.1789, feat=1.8910) | val_student_acc=93.14% val_student_f1=0.9321 val_agree=97.71% | test_student_acc=94.10% test_agree=94.66%
Epoch 006 | teacher_ce=0.2878 | student=0.3603 (ce=0.2065, kd=0.1773, feat=1.9408) | val_student_acc=97.71% val_student_f1=0.9752 val_agree=98.29% | test_student_acc=89.89% test_agree=90.73%
Epoch 007 | teacher_ce=0.2630 | student=0.3727 (ce=0.2087, kd=0.1871, feat=1.9563) | val_student_acc=97.71% val_student_f1=0.9752 val_agree=98.29% | test_student_acc=88.48% test_agree=91.57%
Epoch 008 | teacher_ce=0.2349 | student=0.3535 (ce=0.1788, kd=0.1913, feat=1.9706) | val_student_acc=97.14% val_student_f1=0.9721 val_agree=98.29% | test_student_acc=90.17% test_agree=92.98%
Epoch 009 | teacher_ce=0.1874 | student=0.3402 (ce=0.1535, kd=0.1977, feat=1.9781) | val_student_acc=97.71% val_student_f1=0.9752 val_agree=98.29% | test_student_acc=89.89% test_agree=94.66%
Epoch 010 | teacher_ce=0.1751 | student=0.3372 (ce=0.1501, kd=0.1974, feat=1.9932) | val_student_acc=100.00% val_student_f1=1.0000 val_agree=97.71% | test_student_acc=82.30% test_agree=92.13%
Epoch 011 | teacher_ce=0.1358 | student=0.3222 (ce=0.1122, kd=0.2113, feat=2.0240) | val_student_acc=100.00% val_student_f1=1.0000 val_agree=98.29% | test_student_acc=86.80% test_agree=90.45%
Epoch 012 | teacher_ce=0.1175 | student=0.3001 (ce=0.0897, kd=0.2076, feat=2.0260) | val_student_acc=98.29% val_student_f1=0.9807 val_agree=98.86% | test_student_acc=86.52% test_agree=92.98%
Epoch 013 | teacher_ce=0.1091 | student=0.3167 (ce=0.0948, kd=0.2189, feat=2.0289) | val_student_acc=98.29% val_student_f1=0.9807 val_agree=98.29% | test_student_acc=84.83% test_agree=92.13%
Epoch 014 | teacher_ce=0.0896 | student=0.3054 (ce=0.0700, kd=0.2267, feat=2.0812) | val_student_acc=98.86% val_student_f1=0.9886 val_agree=98.86% | test_student_acc=81.46% test_agree=92.13%
Epoch 015 | teacher_ce=0.0794 | student=0.3035 (ce=0.0731, kd=0.2228, feat=2.0700) | val_student_acc=100.00% val_student_f1=1.0000 val_agree=98.86% | test_student_acc=82.30% test_agree=93.82%
Epoch 016 | teacher_ce=0.0799 | student=0.3201 (ce=0.0610, kd=0.2466, feat=2.0725) | val_student_acc=98.86% val_student_f1=0.9886 val_agree=99.43% | test_student_acc=84.83% test_agree=92.42%
Epoch 017 | teacher_ce=0.0694 | student=0.3028 (ce=0.0546, kd=0.2356, feat=2.0820) | val_student_acc=100.00% val_student_f1=1.0000 val_agree=99.43% | test_student_acc=81.46% test_agree=91.01%
Epoch 018 | teacher_ce=0.0574 | student=0.3029 (ce=0.0485, kd=0.2401, feat=2.0942) | val_student_acc=100.00% val_student_f1=1.0000 val_agree=100.00% | test_student_acc=84.27% test_agree=92.13%
Epoch 019 | teacher_ce=0.0532 | student=0.3129 (ce=0.0450, kd=0.2517, feat=2.1120) | val_student_acc=99.43% val_student_f1=0.9943 val_agree=99.43% | test_student_acc=83.71% test_agree=90.17%
Early stopping at epoch 19 (best=3, score=0.969101)
================================================================================
Best epoch: 3
Best score (test_acc): 0.969101
Final test student accuracy: 96.91%
Final test teacher agreement: 96.07%
Saved to: ablation_experiments/h1/results/run_20260327_131013/ablation3_joint_tcn_attn/ablation3_h1_scan90_run_20260327_131013_rerun/stage1/s1_l3_o2_c0/ablation3_joint_tcn_attn_weld_seam_windows_ws5_tf75_pg0_h1_ep80_lrt0.0001_lrs0.0003_bs128_T3.0_lce0.8_lkd1.1_lf0.0_seed14
================================================================================
Ablation-3 | Joint teacher-student future-step prediction with TCN+Attention
================================================================================
Dataset: Data/processed_data/weld_seam_windows_ws5_tf75_pg0_h1.npz
Device: cuda
Train/Val/Test: 990 / 175 / 356
Input full/subset dims: 18 / 13
Dropped feature indices: [3, 4, 5, 6, 7]
Temperature: 3.0
Loss weights (ce/kd/feat): 0.8 / 1.1 / 0.0
Checkpoint metric: test_acc
Freeze teacher epochs: 0
Teacher init summary: {'init_mode': 'strict', 'loaded_keys': 58, 'skipped_keys': [], 'missing_model_keys': []}
Student init summary: {'init_mode': 'shape_safe', 'loaded_keys': 9, 'skipped_keys': ['attn.in_proj_bias', 'attn.in_proj_weight', 'attn.out_proj.bias', 'attn.out_proj.weight', 'classifier.1.bias', 'classifier.1.weight', 'classifier.4.weight', 'ff.0.weight', 'ff.3.bias', 'ff.3.weight', 'input_proj.0.weight', 'input_proj.1.bias', 'input_proj.1.running_mean', 'input_proj.1.running_var', 'input_proj.1.weight', 'ln1.bias', 'ln1.weight', 'ln2.bias', 'ln2.weight', 'tcn.0.net.0.weight', 'tcn.0.net.1.bias', 'tcn.0.net.1.running_mean', 'tcn.0.net.1.running_var', 'tcn.0.net.1.weight', 'tcn.0.net.4.weight', 'tcn.0.net.5.bias', 'tcn.0.net.5.running_mean', 'tcn.0.net.5.running_var', 'tcn.0.net.5.weight', 'tcn.1.net.0.weight', 'tcn.1.net.1.bias', 'tcn.1.net.1.running_mean', 'tcn.1.net.1.running_var', 'tcn.1.net.1.weight', 'tcn.1.net.4.weight', 'tcn.1.net.5.bias', 'tcn.1.net.5.running_mean', 'tcn.1.net.5.running_var', 'tcn.1.net.5.weight', 'tcn.2.net.0.weight', 'tcn.2.net.1.bias', 'tcn.2.net.1.running_mean', 'tcn.2.net.1.running_var', 'tcn.2.net.1.weight', 'tcn.2.net.4.weight', 'tcn.2.net.5.bias', 'tcn.2.net.5.running_mean', 'tcn.2.net.5.running_var', 'tcn.2.net.5.weight'], 'missing_model_keys': ['attn.in_proj_bias', 'attn.in_proj_weight', 'attn.out_proj.bias', 'attn.out_proj.weight', 'classifier.1.bias', 'classifier.1.weight', 'classifier.4.weight', 'ff.0.weight', 'ff.3.bias', 'ff.3.weight', 'input_proj.0.weight', 'input_proj.1.bias', 'input_proj.1.running_mean', 'input_proj.1.running_var', 'input_proj.1.weight', 'ln1.bias', 'ln1.weight', 'ln2.bias', 'ln2.weight', 'tcn.0.net.0.weight', 'tcn.0.net.1.bias', 'tcn.0.net.1.running_mean', 'tcn.0.net.1.running_var', 'tcn.0.net.1.weight', 'tcn.0.net.4.weight', 'tcn.0.net.5.bias', 'tcn.0.net.5.running_mean', 'tcn.0.net.5.running_var', 'tcn.0.net.5.weight', 'tcn.1.net.0.weight', 'tcn.1.net.1.bias', 'tcn.1.net.1.running_mean', 'tcn.1.net.1.running_var', 'tcn.1.net.1.weight', 'tcn.1.net.4.weight', 'tcn.1.net.5.bias', 'tcn.1.net.5.running_mean', 'tcn.1.net.5.running_var', 'tcn.1.net.5.weight', 'tcn.2.net.0.weight', 'tcn.2.net.1.bias', 'tcn.2.net.1.running_mean', 'tcn.2.net.1.running_var', 'tcn.2.net.1.weight', 'tcn.2.net.4.weight', 'tcn.2.net.5.bias', 'tcn.2.net.5.running_mean', 'tcn.2.net.5.running_var', 'tcn.2.net.5.weight']}
Epoch 001 | teacher_ce=0.6152 | student=1.0211 (ce=0.9984, kd=0.2022, feat=1.5062) | val_student_acc=57.14% val_student_f1=0.6057 val_agree=66.29% | test_student_acc=35.11% test_agree=38.48%
Epoch 002 | teacher_ce=0.5181 | student=0.7164 (ce=0.6908, kd=0.1488, feat=1.5842) | val_student_acc=76.57% val_student_f1=0.7914 val_agree=85.14% | test_student_acc=71.35% test_agree=73.03%
Epoch 003 | teacher_ce=0.4500 | student=0.5231 (ce=0.4720, kd=0.1323, feat=1.7288) | val_student_acc=93.14% val_student_f1=0.9315 val_agree=96.00% | test_student_acc=96.91% test_agree=96.07%
Epoch 004 | teacher_ce=0.3643 | student=0.4203 (ce=0.3162, kd=0.1521, feat=1.8224) | val_student_acc=94.29% val_student_f1=0.9447 val_agree=96.57% | test_student_acc=95.51% test_agree=94.94%
Epoch 005 | teacher_ce=0.3366 | student=0.3945 (ce=0.2472, kd=0.1789, feat=1.8910) | val_student_acc=93.14% val_student_f1=0.9321 val_agree=97.71% | test_student_acc=94.10% test_agree=94.66%
Epoch 006 | teacher_ce=0.2878 | student=0.3603 (ce=0.2065, kd=0.1773, feat=1.9408) | val_student_acc=97.71% val_student_f1=0.9752 val_agree=98.29% | test_student_acc=89.89% test_agree=90.73%
Epoch 007 | teacher_ce=0.2630 | student=0.3727 (ce=0.2087, kd=0.1871, feat=1.9563) | val_student_acc=97.71% val_student_f1=0.9752 val_agree=98.29% | test_student_acc=88.48% test_agree=91.57%
Epoch 008 | teacher_ce=0.2349 | student=0.3535 (ce=0.1788, kd=0.1913, feat=1.9706) | val_student_acc=97.14% val_student_f1=0.9721 val_agree=98.29% | test_student_acc=90.17% test_agree=92.98%
Epoch 009 | teacher_ce=0.1874 | student=0.3402 (ce=0.1535, kd=0.1977, feat=1.9781) | val_student_acc=97.71% val_student_f1=0.9752 val_agree=98.29% | test_student_acc=89.89% test_agree=94.66%
Epoch 010 | teacher_ce=0.1751 | student=0.3372 (ce=0.1501, kd=0.1974, feat=1.9932) | val_student_acc=100.00% val_student_f1=1.0000 val_agree=97.71% | test_student_acc=82.30% test_agree=92.13%
Epoch 011 | teacher_ce=0.1358 | student=0.3222 (ce=0.1122, kd=0.2113, feat=2.0240) | val_student_acc=100.00% val_student_f1=1.0000 val_agree=98.29% | test_student_acc=86.80% test_agree=90.45%
Epoch 012 | teacher_ce=0.1175 | student=0.3001 (ce=0.0897, kd=0.2076, feat=2.0260) | val_student_acc=98.29% val_student_f1=0.9807 val_agree=98.86% | test_student_acc=86.52% test_agree=92.98%
Epoch 013 | teacher_ce=0.1091 | student=0.3167 (ce=0.0948, kd=0.2189, feat=2.0289) | val_student_acc=98.29% val_student_f1=0.9807 val_agree=98.29% | test_student_acc=84.83% test_agree=92.13%
Epoch 014 | teacher_ce=0.0896 | student=0.3054 (ce=0.0700, kd=0.2267, feat=2.0812) | val_student_acc=98.86% val_student_f1=0.9886 val_agree=98.86% | test_student_acc=81.46% test_agree=92.13%
Epoch 015 | teacher_ce=0.0794 | student=0.3035 (ce=0.0731, kd=0.2228, feat=2.0700) | val_student_acc=100.00% val_student_f1=1.0000 val_agree=98.86% | test_student_acc=82.30% test_agree=93.82%
Epoch 016 | teacher_ce=0.0799 | student=0.3201 (ce=0.0610, kd=0.2466, feat=2.0725) | val_student_acc=98.86% val_student_f1=0.9886 val_agree=99.43% | test_student_acc=84.83% test_agree=92.42%
Epoch 017 | teacher_ce=0.0694 | student=0.3028 (ce=0.0546, kd=0.2356, feat=2.0820) | val_student_acc=100.00% val_student_f1=1.0000 val_agree=99.43% | test_student_acc=81.46% test_agree=91.01%
Epoch 018 | teacher_ce=0.0574 | student=0.3029 (ce=0.0485, kd=0.2401, feat=2.0942) | val_student_acc=100.00% val_student_f1=1.0000 val_agree=100.00% | test_student_acc=84.27% test_agree=92.13%
Epoch 019 | teacher_ce=0.0532 | student=0.3129 (ce=0.0450, kd=0.2517, feat=2.1120) | val_student_acc=99.43% val_student_f1=0.9943 val_agree=99.43% | test_student_acc=83.71% test_agree=90.17%
Early stopping at epoch 19 (best=3, score=0.969101)
================================================================================
Best epoch: 3
Best score (test_acc): 0.969101
Final test student accuracy: 96.91%
Final test teacher agreement: 96.07%
Saved to: ablation_experiments/h1/results/run_20260327_131013/ablation3_joint_tcn_attn/ablation3_h1_scan90_run_20260327_131013_rerun/stage1/s1_l3_o2_c7/ablation3_joint_tcn_attn_weld_seam_windows_ws5_tf75_pg0_h1_ep80_lrt0.0001_lrs0.0003_bs128_T3.0_lce0.8_lkd1.1_lf0.0_seed14
================================================================================
Ablation-3 | Joint teacher-student future-step prediction with TCN+Attention
================================================================================
Dataset: Data/processed_data/weld_seam_windows_ws5_tf75_pg0_h1.npz
Device: cuda
Train/Val/Test: 990 / 175 / 356
Input full/subset dims: 18 / 13
Dropped feature indices: [3, 4, 5, 6, 7]
Temperature: 3.0
Loss weights (ce/kd/feat): 0.8 / 1.1 / 0.0
Checkpoint metric: test_acc
Freeze teacher epochs: 0
Teacher init summary: {'init_mode': 'strict', 'loaded_keys': 58, 'skipped_keys': [], 'missing_model_keys': []}
Student init summary: {'init_mode': 'shape_safe', 'loaded_keys': 9, 'skipped_keys': ['attn.in_proj_bias', 'attn.in_proj_weight', 'attn.out_proj.bias', 'attn.out_proj.weight', 'classifier.1.bias', 'classifier.1.weight', 'classifier.4.weight', 'ff.0.weight', 'ff.3.bias', 'ff.3.weight', 'input_proj.0.weight', 'input_proj.1.bias', 'input_proj.1.running_mean', 'input_proj.1.running_var', 'input_proj.1.weight', 'ln1.bias', 'ln1.weight', 'ln2.bias', 'ln2.weight', 'tcn.0.net.0.weight', 'tcn.0.net.1.bias', 'tcn.0.net.1.running_mean', 'tcn.0.net.1.running_var', 'tcn.0.net.1.weight', 'tcn.0.net.4.weight', 'tcn.0.net.5.bias', 'tcn.0.net.5.running_mean', 'tcn.0.net.5.running_var', 'tcn.0.net.5.weight', 'tcn.1.net.0.weight', 'tcn.1.net.1.bias', 'tcn.1.net.1.running_mean', 'tcn.1.net.1.running_var', 'tcn.1.net.1.weight', 'tcn.1.net.4.weight', 'tcn.1.net.5.bias', 'tcn.1.net.5.running_mean', 'tcn.1.net.5.running_var', 'tcn.1.net.5.weight', 'tcn.2.net.0.weight', 'tcn.2.net.1.bias', 'tcn.2.net.1.running_mean', 'tcn.2.net.1.running_var', 'tcn.2.net.1.weight', 'tcn.2.net.4.weight', 'tcn.2.net.5.bias', 'tcn.2.net.5.running_mean', 'tcn.2.net.5.running_var', 'tcn.2.net.5.weight'], 'missing_model_keys': ['attn.in_proj_bias', 'attn.in_proj_weight', 'attn.out_proj.bias', 'attn.out_proj.weight', 'classifier.1.bias', 'classifier.1.weight', 'classifier.4.weight', 'ff.0.weight', 'ff.3.bias', 'ff.3.weight', 'input_proj.0.weight', 'input_proj.1.bias', 'input_proj.1.running_mean', 'input_proj.1.running_var', 'input_proj.1.weight', 'ln1.bias', 'ln1.weight', 'ln2.bias', 'ln2.weight', 'tcn.0.net.0.weight', 'tcn.0.net.1.bias', 'tcn.0.net.1.running_mean', 'tcn.0.net.1.running_var', 'tcn.0.net.1.weight', 'tcn.0.net.4.weight', 'tcn.0.net.5.bias', 'tcn.0.net.5.running_mean', 'tcn.0.net.5.running_var', 'tcn.0.net.5.weight', 'tcn.1.net.0.weight', 'tcn.1.net.1.bias', 'tcn.1.net.1.running_mean', 'tcn.1.net.1.running_var', 'tcn.1.net.1.weight', 'tcn.1.net.4.weight', 'tcn.1.net.5.bias', 'tcn.1.net.5.running_mean', 'tcn.1.net.5.running_var', 'tcn.1.net.5.weight', 'tcn.2.net.0.weight', 'tcn.2.net.1.bias', 'tcn.2.net.1.running_mean', 'tcn.2.net.1.running_var', 'tcn.2.net.1.weight', 'tcn.2.net.4.weight', 'tcn.2.net.5.bias', 'tcn.2.net.5.running_mean', 'tcn.2.net.5.running_var', 'tcn.2.net.5.weight']}
Epoch 001 | teacher_ce=0.5756 | student=1.0492 (ce=0.9980, kd=0.2280, feat=1.5203) | val_student_acc=58.86% val_student_f1=0.6199 val_agree=66.86% | test_student_acc=35.11% test_agree=37.92%
Epoch 002 | teacher_ce=0.4186 | student=0.7959 (ce=0.6871, kd=0.2238, feat=1.6322) | val_student_acc=77.71% val_student_f1=0.8007 val_agree=84.57% | test_student_acc=73.88% test_agree=75.56%
Epoch 003 | teacher_ce=0.3203 | student=0.5995 (ce=0.4555, kd=0.2137, feat=1.7925) | val_student_acc=93.71% val_student_f1=0.9395 val_agree=96.00% | test_student_acc=96.91% test_agree=96.07%
Epoch 004 | teacher_ce=0.2229 | student=0.4534 (ce=0.2823, kd=0.2069, feat=1.9006) | val_student_acc=95.43% val_student_f1=0.9553 val_agree=96.57% | test_student_acc=95.51% test_agree=92.98%
Epoch 005 | teacher_ce=0.1820 | student=0.3957 (ce=0.1892, kd=0.2222, feat=1.9792) | val_student_acc=96.57% val_student_f1=0.9660 val_agree=97.14% | test_student_acc=91.29% test_agree=88.48%
Epoch 006 | teacher_ce=0.1329 | student=0.3462 (ce=0.1285, kd=0.2213, feat=2.0267) | val_student_acc=98.29% val_student_f1=0.9804 val_agree=98.86% | test_student_acc=83.99% test_agree=90.73%
Epoch 007 | teacher_ce=0.1029 | student=0.3744 (ce=0.1167, kd=0.2555, feat=2.0532) | val_student_acc=98.29% val_student_f1=0.9830 val_agree=97.71% | test_student_acc=85.96% test_agree=89.04%
Epoch 008 | teacher_ce=0.0924 | student=0.3633 (ce=0.0942, kd=0.2617, feat=2.0646) | val_student_acc=100.00% val_student_f1=1.0000 val_agree=100.00% | test_student_acc=85.11% test_agree=89.61%
Epoch 009 | teacher_ce=0.0573 | student=0.3541 (ce=0.0623, kd=0.2766, feat=2.0738) | val_student_acc=100.00% val_student_f1=1.0000 val_agree=99.43% | test_student_acc=82.30% test_agree=92.42%
Epoch 010 | teacher_ce=0.0603 | student=0.3712 (ce=0.0769, kd=0.2815, feat=2.0968) | val_student_acc=100.00% val_student_f1=1.0000 val_agree=99.43% | test_student_acc=81.18% test_agree=87.64%
Epoch 011 | teacher_ce=0.0410 | student=0.3518 (ce=0.0431, kd=0.2885, feat=2.1191) | val_student_acc=100.00% val_student_f1=1.0000 val_agree=100.00% | test_student_acc=84.83% test_agree=89.04%
Epoch 012 | teacher_ce=0.0324 | student=0.3265 (ce=0.0270, kd=0.2772, feat=2.1249) | val_student_acc=100.00% val_student_f1=1.0000 val_agree=100.00% | test_student_acc=85.39% test_agree=93.26%
Epoch 013 | teacher_ce=0.0292 | student=0.3449 (ce=0.0327, kd=0.2898, feat=2.1234) | val_student_acc=99.43% val_student_f1=0.9919 val_agree=99.43% | test_student_acc=82.87% test_agree=91.01%
Epoch 014 | teacher_ce=0.0233 | student=0.3282 (ce=0.0211, kd=0.2830, feat=2.1576) | val_student_acc=100.00% val_student_f1=1.0000 val_agree=100.00% | test_student_acc=80.34% test_agree=87.64%
Epoch 015 | teacher_ce=0.0211 | student=0.3468 (ce=0.0273, kd=0.2954, feat=2.1522) | val_student_acc=100.00% val_student_f1=1.0000 val_agree=100.00% | test_student_acc=85.11% test_agree=89.33%
Epoch 016 | teacher_ce=0.0212 | student=0.3539 (ce=0.0198, kd=0.3073, feat=2.1600) | val_student_acc=100.00% val_student_f1=1.0000 val_agree=100.00% | test_student_acc=83.71% test_agree=90.73%
Epoch 017 | teacher_ce=0.0179 | student=0.3319 (ce=0.0148, kd=0.2910, feat=2.1606) | val_student_acc=100.00% val_student_f1=1.0000 val_agree=100.00% | test_student_acc=78.65% test_agree=87.64%
Epoch 018 | teacher_ce=0.0150 | student=0.3387 (ce=0.0152, kd=0.2968, feat=2.1596) | val_student_acc=100.00% val_student_f1=1.0000 val_agree=100.00% | test_student_acc=80.06% test_agree=86.80%
Epoch 019 | teacher_ce=0.0150 | student=0.3563 (ce=0.0153, kd=0.3128, feat=2.1768) | val_student_acc=100.00% val_student_f1=1.0000 val_agree=100.00% | test_student_acc=80.62% test_agree=85.39%
Early stopping at epoch 19 (best=3, score=0.969101)
================================================================================
Best epoch: 3
Best score (test_acc): 0.969101
Final test student accuracy: 96.91%
Final test teacher agreement: 96.07%
Saved to: ablation_experiments/h1/results/run_20260327_131013/ablation3_joint_tcn_attn/ablation3_h1_scan90_run_20260327_131013_rerun/stage1/s1_l3_o3_c0/ablation3_joint_tcn_attn_weld_seam_windows_ws5_tf75_pg0_h1_ep80_lrt0.0002_lrs0.0003_bs128_T3.0_lce0.8_lkd1.1_lf0.0_seed14
================================================================================
Ablation-3 | Joint teacher-student future-step prediction with TCN+Attention
================================================================================
Dataset: Data/processed_data/weld_seam_windows_ws5_tf75_pg0_h1.npz
Device: cuda
Train/Val/Test: 990 / 175 / 356
Input full/subset dims: 18 / 13
Dropped feature indices: [3, 4, 5, 6, 7]
Temperature: 3.0
Loss weights (ce/kd/feat): 0.8 / 1.1 / 0.0
Checkpoint metric: test_acc
Freeze teacher epochs: 0
Teacher init summary: {'init_mode': 'strict', 'loaded_keys': 58, 'skipped_keys': [], 'missing_model_keys': []}
Student init summary: {'init_mode': 'shape_safe', 'loaded_keys': 9, 'skipped_keys': ['attn.in_proj_bias', 'attn.in_proj_weight', 'attn.out_proj.bias', 'attn.out_proj.weight', 'classifier.1.bias', 'classifier.1.weight', 'classifier.4.weight', 'ff.0.weight', 'ff.3.bias', 'ff.3.weight', 'input_proj.0.weight', 'input_proj.1.bias', 'input_proj.1.running_mean', 'input_proj.1.running_var', 'input_proj.1.weight', 'ln1.bias', 'ln1.weight', 'ln2.bias', 'ln2.weight', 'tcn.0.net.0.weight', 'tcn.0.net.1.bias', 'tcn.0.net.1.running_mean', 'tcn.0.net.1.running_var', 'tcn.0.net.1.weight', 'tcn.0.net.4.weight', 'tcn.0.net.5.bias', 'tcn.0.net.5.running_mean', 'tcn.0.net.5.running_var', 'tcn.0.net.5.weight', 'tcn.1.net.0.weight', 'tcn.1.net.1.bias', 'tcn.1.net.1.running_mean', 'tcn.1.net.1.running_var', 'tcn.1.net.1.weight', 'tcn.1.net.4.weight', 'tcn.1.net.5.bias', 'tcn.1.net.5.running_mean', 'tcn.1.net.5.running_var', 'tcn.1.net.5.weight', 'tcn.2.net.0.weight', 'tcn.2.net.1.bias', 'tcn.2.net.1.running_mean', 'tcn.2.net.1.running_var', 'tcn.2.net.1.weight', 'tcn.2.net.4.weight', 'tcn.2.net.5.bias', 'tcn.2.net.5.running_mean', 'tcn.2.net.5.running_var', 'tcn.2.net.5.weight'], 'missing_model_keys': ['attn.in_proj_bias', 'attn.in_proj_weight', 'attn.out_proj.bias', 'attn.out_proj.weight', 'classifier.1.bias', 'classifier.1.weight', 'classifier.4.weight', 'ff.0.weight', 'ff.3.bias', 'ff.3.weight', 'input_proj.0.weight', 'input_proj.1.bias', 'input_proj.1.running_mean', 'input_proj.1.running_var', 'input_proj.1.weight', 'ln1.bias', 'ln1.weight', 'ln2.bias', 'ln2.weight', 'tcn.0.net.0.weight', 'tcn.0.net.1.bias', 'tcn.0.net.1.running_mean', 'tcn.0.net.1.running_var', 'tcn.0.net.1.weight', 'tcn.0.net.4.weight', 'tcn.0.net.5.bias', 'tcn.0.net.5.running_mean', 'tcn.0.net.5.running_var', 'tcn.0.net.5.weight', 'tcn.1.net.0.weight', 'tcn.1.net.1.bias', 'tcn.1.net.1.running_mean', 'tcn.1.net.1.running_var', 'tcn.1.net.1.weight', 'tcn.1.net.4.weight', 'tcn.1.net.5.bias', 'tcn.1.net.5.running_mean', 'tcn.1.net.5.running_var', 'tcn.1.net.5.weight', 'tcn.2.net.0.weight', 'tcn.2.net.1.bias', 'tcn.2.net.1.running_mean', 'tcn.2.net.1.running_var', 'tcn.2.net.1.weight', 'tcn.2.net.4.weight', 'tcn.2.net.5.bias', 'tcn.2.net.5.running_mean', 'tcn.2.net.5.running_var', 'tcn.2.net.5.weight']}
Epoch 001 | teacher_ce=0.5756 | student=1.0492 (ce=0.9980, kd=0.2280, feat=1.5203) | val_student_acc=58.86% val_student_f1=0.6199 val_agree=66.86% | test_student_acc=35.11% test_agree=37.92%
Epoch 002 | teacher_ce=0.4186 | student=0.7959 (ce=0.6871, kd=0.2238, feat=1.6322) | val_student_acc=77.71% val_student_f1=0.8007 val_agree=84.57% | test_student_acc=73.88% test_agree=75.56%
Epoch 003 | teacher_ce=0.3203 | student=0.5995 (ce=0.4555, kd=0.2137, feat=1.7925) | val_student_acc=93.71% val_student_f1=0.9395 val_agree=96.00% | test_student_acc=96.91% test_agree=96.07%
Epoch 004 | teacher_ce=0.2229 | student=0.4534 (ce=0.2823, kd=0.2069, feat=1.9006) | val_student_acc=95.43% val_student_f1=0.9553 val_agree=96.57% | test_student_acc=95.51% test_agree=92.98%
Epoch 005 | teacher_ce=0.1820 | student=0.3957 (ce=0.1892, kd=0.2222, feat=1.9792) | val_student_acc=96.57% val_student_f1=0.9660 val_agree=97.14% | test_student_acc=91.29% test_agree=88.48%
Epoch 006 | teacher_ce=0.1329 | student=0.3462 (ce=0.1285, kd=0.2213, feat=2.0267) | val_student_acc=98.29% val_student_f1=0.9804 val_agree=98.86% | test_student_acc=83.99% test_agree=90.73%
Epoch 007 | teacher_ce=0.1029 | student=0.3744 (ce=0.1167, kd=0.2555, feat=2.0532) | val_student_acc=98.29% val_student_f1=0.9830 val_agree=97.71% | test_student_acc=85.96% test_agree=89.04%
Epoch 008 | teacher_ce=0.0924 | student=0.3633 (ce=0.0942, kd=0.2617, feat=2.0646) | val_student_acc=100.00% val_student_f1=1.0000 val_agree=100.00% | test_student_acc=85.11% test_agree=89.61%
Epoch 009 | teacher_ce=0.0573 | student=0.3541 (ce=0.0623, kd=0.2766, feat=2.0738) | val_student_acc=100.00% val_student_f1=1.0000 val_agree=99.43% | test_student_acc=82.30% test_agree=92.42%
Epoch 010 | teacher_ce=0.0603 | student=0.3712 (ce=0.0769, kd=0.2815, feat=2.0968) | val_student_acc=100.00% val_student_f1=1.0000 val_agree=99.43% | test_student_acc=81.18% test_agree=87.64%
Epoch 011 | teacher_ce=0.0410 | student=0.3518 (ce=0.0431, kd=0.2885, feat=2.1191) | val_student_acc=100.00% val_student_f1=1.0000 val_agree=100.00% | test_student_acc=84.83% test_agree=89.04%
Epoch 012 | teacher_ce=0.0324 | student=0.3265 (ce=0.0270, kd=0.2772, feat=2.1249) | val_student_acc=100.00% val_student_f1=1.0000 val_agree=100.00% | test_student_acc=85.39% test_agree=93.26%
Epoch 013 | teacher_ce=0.0292 | student=0.3449 (ce=0.0327, kd=0.2898, feat=2.1234) | val_student_acc=99.43% val_student_f1=0.9919 val_agree=99.43% | test_student_acc=82.87% test_agree=91.01%
Epoch 014 | teacher_ce=0.0233 | student=0.3282 (ce=0.0211, kd=0.2830, feat=2.1576) | val_student_acc=100.00% val_student_f1=1.0000 val_agree=100.00% | test_student_acc=80.34% test_agree=87.64%
Epoch 015 | teacher_ce=0.0211 | student=0.3468 (ce=0.0273, kd=0.2954, feat=2.1522) | val_student_acc=100.00% val_student_f1=1.0000 val_agree=100.00% | test_student_acc=85.11% test_agree=89.33%
Epoch 016 | teacher_ce=0.0212 | student=0.3539 (ce=0.0198, kd=0.3073, feat=2.1600) | val_student_acc=100.00% val_student_f1=1.0000 val_agree=100.00% | test_student_acc=83.71% test_agree=90.73%
Epoch 017 | teacher_ce=0.0179 | student=0.3319 (ce=0.0148, kd=0.2910, feat=2.1606) | val_student_acc=100.00% val_student_f1=1.0000 val_agree=100.00% | test_student_acc=78.65% test_agree=87.64%
Epoch 018 | teacher_ce=0.0150 | student=0.3387 (ce=0.0152, kd=0.2968, feat=2.1596) | val_student_acc=100.00% val_student_f1=1.0000 val_agree=100.00% | test_student_acc=80.06% test_agree=86.80%
Epoch 019 | teacher_ce=0.0150 | student=0.3563 (ce=0.0153, kd=0.3128, feat=2.1768) | val_student_acc=100.00% val_student_f1=1.0000 val_agree=100.00% | test_student_acc=80.62% test_agree=85.39%
Early stopping at epoch 19 (best=3, score=0.969101)
================================================================================
Best epoch: 3
Best score (test_acc): 0.969101
Final test student accuracy: 96.91%
Final test teacher agreement: 96.07%
Saved to: ablation_experiments/h1/results/run_20260327_131013/ablation3_joint_tcn_attn/ablation3_h1_scan90_run_20260327_131013_rerun/stage1/s1_l3_o3_c7/ablation3_joint_tcn_attn_weld_seam_windows_ws5_tf75_pg0_h1_ep80_lrt0.0002_lrs0.0003_bs128_T3.0_lce0.8_lkd1.1_lf0.0_seed14
/usr/bin/python /home/huang_kai/wind_turbine_phm/PHOENIX-main/autoencoder_benchmark/ablation_experiments/ablation3_joint_tcn_attn/scripts/train_ablation3_joint_tcn_attn.py --dataset-npz Data/processed_data/weld_seam_windows_ws5_tf75_pg0_h1.npz --output-dir ablation_experiments/h1/results/run_20260327_131013/ablation3_joint_tcn_attn/ablation3_h1_scan90_run_20260327_131013_rerun/stage1/s1_l3_o2_c0 --epochs 80 --batch-size 128 --lr-teacher 0.0001 --lr-student 0.0003 --weight-decay 0.00015 --seed 14 --num-workers 0 --checkpoint-metric test_acc --temperature 3.0 --lambda-ce 0.8 --lambda-kd 1.1 --lambda-feat 0.0 --freeze-teacher-epochs 0 --teacher-tcn-kernel 3 --teacher-tcn-layers 3 --teacher-tcn-channels 64,64,64 --teacher-tcn-dropout 0.08 --teacher-tcn-dilation-base 2 --teacher-classifier-hidden 64 --teacher-classifier-dropout 0.4 --teacher-attn-heads 4 --teacher-attn-dropout 0.1 --teacher-attn-ff-dim 128 --teacher-init-ckpt /home/huang_kai/wind_turbine_phm/PHOENIX-main/autoencoder_benchmark/outputs/teacher_h1_scan98_gpu1_v2/runs/single_tcn_attn_weld_seam_windows_ws5_tf75_pg0_h1_ep60_lr0.0003_bs128_k3_l3_d0.08_lat64_wd0.00015_seed14/best_single_tcn.pth --teacher-init-mode strict --student-tcn-layers 3 --student-tcn-dropout 0.12 --student-classifier-hidden 64 --student-classifier-dropout 0.3 --student-attn-dropout 0.05 --student-attn-ff-dim 128 --student-tcn-dilation-base 1 --weighted-sampler --student-init-ckpt ablation_experiments/h1/results/run_20260327_131013/ablation1_sweep/trials/trial_0004_A/ablation1_student_only_tcn_attn_weld_seam_windows_ws5_tf75_pg0_h1_ep80_lr0.00015_bs96_seed156/best_student_only.pth --student-init-mode shape_safe
Command: /usr/bin/python /home/huang_kai/wind_turbine_phm/PHOENIX-main/autoencoder_benchmark/ablation_experiments/ablation3_joint_tcn_attn/scripts/train_ablation3_joint_tcn_attn.py --dataset-npz Data/processed_data/weld_seam_windows_ws5_tf75_pg0_h1.npz --output-dir ablation_experiments/h1/results/run_20260327_131013/ablation3_joint_tcn_attn/ablation3_h1_scan90_run_20260327_131013_rerun/stage1/s1_l3_o2_c7 --epochs 80 --batch-size 128 --lr-teacher 0.0001 --lr-student 0.0003 --weight-decay 0.00015 --seed 14 --num-workers 0 --checkpoint-metric test_acc --temperature 3.0 --lambda-ce 0.8 --lambda-kd 1.1 --lambda-feat 0.0 --freeze-teacher-epochs 0 --teacher-tcn-kernel 3 --teacher-tcn-layers 3 --teacher-tcn-channels 64,64,64 --teacher-tcn-dropout 0.08 --teacher-tcn-dilation-base 2 --teacher-classifier-hidden 64 --teacher-classifier-dropout 0.4 --teacher-attn-heads 4 --teacher-attn-dropout 0.1 --teacher-attn-ff-dim 128 --teacher-init-ckpt /home/huang_kai/wind_turbine_phm/PHOENIX-main/autoencoder_benchmark/outputs/teacher_h1_scan98_gpu1_v2/runs/single_tcn_attn_weld_seam_windows_ws5_tf75_pg0_h1_ep60_lr0.0003_bs128_k3_l3_d0.08_lat64_wd0.00015_seed14/best_single_tcn.pth --teacher-init-mode strict --student-tcn-layers 3 --student-tcn-dropout 0.12 --student-classifier-hidden 64 --student-classifier-dropout 0.3 --student-attn-dropout 0.05 --student-attn-ff-dim 128 --student-tcn-dilation-base 1 --weighted-sampler --student-init-ckpt ablation_experiments/h1/results/run_20260327_131013/ablation1_sweep/trials/trial_0004_A/ablation1_student_only_tcn_attn_weld_seam_windows_ws5_tf75_pg0_h1_ep80_lr0.00015_bs96_seed156/best_student_only.pth --student-init-mode shape_safe
Command: /usr/bin/python /home/huang_kai/wind_turbine_phm/PHOENIX-main/autoencoder_benchmark/ablation_experiments/ablation3_joint_tcn_attn/scripts/train_ablation3_joint_tcn_attn.py --dataset-npz Data/processed_data/weld_seam_windows_ws5_tf75_pg0_h1.npz --output-dir ablation_experiments/h1/results/run_20260327_131013/ablation3_joint_tcn_attn/ablation3_h1_scan90_run_20260327_131013_rerun/stage1/s1_l3_o3_c0 --epochs 80 --batch-size 128 --lr-teacher 0.0002 --lr-student 0.0003 --weight-decay 0.0002 --seed 14 --num-workers 0 --checkpoint-metric test_acc --temperature 3.0 --lambda-ce 0.8 --lambda-kd 1.1 --lambda-feat 0.0 --freeze-teacher-epochs 0 --teacher-tcn-kernel 3 --teacher-tcn-layers 3 --teacher-tcn-channels 64,64,64 --teacher-tcn-dropout 0.08 --teacher-tcn-dilation-base 2 --teacher-classifier-hidden 64 --teacher-classifier-dropout 0.4 --teacher-attn-heads 4 --teacher-attn-dropout 0.1 --teacher-attn-ff-dim 128 --teacher-init-ckpt /home/huang_kai/wind_turbine_phm/PHOENIX-main/autoencoder_benchmark/outputs/teacher_h1_scan98_gpu1_v2/runs/single_tcn_attn_weld_seam_windows_ws5_tf75_pg0_h1_ep60_lr0.0003_bs128_k3_l3_d0.08_lat64_wd0.00015_seed14/best_single_tcn.pth --teacher-init-mode strict --student-tcn-layers 3 --student-tcn-dropout 0.12 --student-classifier-hidden 64 --student-classifier-dropout 0.3 --student-attn-dropout 0.05 --student-attn-ff-dim 128 --student-tcn-dilation-base 1 --weighted-sampler --student-init-ckpt ablation_experiments/h1/results/run_20260327_131013/ablation1_sweep/trials/trial_0004_A/ablation1_student_only_tcn_attn_weld_seam_windows_ws5_tf75_pg0_h1_ep80_lr0.00015_bs96_seed156/best_student_only.pth --student-init-mode shape_safe
Command: /usr/bin/python /home/huang_kai/wind_turbine_phm/PHOENIX-main/autoencoder_benchmark/ablation_experiments/ablation3_joint_tcn_attn/scripts/train_ablation3_joint_tcn_attn.py --dataset-npz Data/processed_data/weld_seam_windows_ws5_tf75_pg0_h1.npz --output-dir ablation_experiments/h1/results/run_20260327_131013/ablation3_joint_tcn_attn/ablation3_h1_scan90_run_20260327_131013_rerun/stage1/s1_l3_o3_c7 --epochs 80 --batch-size 128 --lr-teacher 0.0002 --lr-student 0.0003 --weight-decay 0.0002 --seed 14 --num-workers 0 --checkpoint-metric test_acc --temperature 3.0 --lambda-ce 0.8 --lambda-kd 1.1 --lambda-feat 0.0 --freeze-teacher-epochs 0 --teacher-tcn-kernel 3 --teacher-tcn-layers 3 --teacher-tcn-channels 64,64,64 --teacher-tcn-dropout 0.08 --teacher-tcn-dilation-base 2 --teacher-classifier-hidden 64 --teacher-classifier-dropout 0.4 --teacher-attn-heads 4 --teacher-attn-dropout 0.1 --teacher-attn-ff-dim 128 --teacher-init-ckpt /home/huang_kai/wind_turbine_phm/PHOENIX-main/autoencoder_benchmark/outputs/teacher_h1_scan98_gpu1_v2/runs/single_tcn_attn_weld_seam_windows_ws5_tf75_pg0_h1_ep60_lr0.0003_bs128_k3_l3_d0.08_lat64_wd0.00015_seed14/best_single_tcn.pth --teacher-init-mode strict --student-tcn-layers 3 --student-tcn-dropout 0.12 --student-classifier-hidden 64 --student-classifier-dropout 0.3 --student-attn-dropout 0.05 --student-attn-ff-dim 128 --student-tcn-dilation-base 1 --weighted-sampler --student-init-ckpt ablation_experiments/h1/results/run_20260327_131013/ablation1_sweep/trials/trial_0004_A/ablation1_student_only_tcn_attn_weld_seam_windows_ws5_tf75_pg0_h1_ep80_lr0.00015_bs96_seed156/best_student_only.pth --student-init-mode shape_safe
Command: ================================================================================
Ablation-3 | Joint teacher-student future-step prediction with TCN+Attention
================================================================================
Dataset: Data/processed_data/weld_seam_windows_ws5_tf75_pg0_h1.npz
Device: cuda
Train/Val/Test: 990 / 175 / 356
Input full/subset dims: 18 / 13
Dropped feature indices: [3, 4, 5, 6, 7]
Temperature: 2.0
Loss weights (ce/kd/feat): 0.9 / 1.2 / 0.1
Checkpoint metric: test_acc
Freeze teacher epochs: 0
Teacher init summary: {'init_mode': 'strict', 'loaded_keys': 58, 'skipped_keys': [], 'missing_model_keys': []}
Student init summary: {'init_mode': 'shape_safe', 'loaded_keys': 9, 'skipped_keys': ['attn.in_proj_bias', 'attn.in_proj_weight', 'attn.out_proj.bias', 'attn.out_proj.weight', 'classifier.1.bias', 'classifier.1.weight', 'classifier.4.weight', 'ff.0.weight', 'ff.3.bias', 'ff.3.weight', 'input_proj.0.weight', 'input_proj.1.bias', 'input_proj.1.running_mean', 'input_proj.1.running_var', 'input_proj.1.weight', 'ln1.bias', 'ln1.weight', 'ln2.bias', 'ln2.weight', 'tcn.0.net.0.weight', 'tcn.0.net.1.bias', 'tcn.0.net.1.running_mean', 'tcn.0.net.1.running_var', 'tcn.0.net.1.weight', 'tcn.0.net.4.weight', 'tcn.0.net.5.bias', 'tcn.0.net.5.running_mean', 'tcn.0.net.5.running_var', 'tcn.0.net.5.weight', 'tcn.1.net.0.weight', 'tcn.1.net.1.bias', 'tcn.1.net.1.running_mean', 'tcn.1.net.1.running_var', 'tcn.1.net.1.weight', 'tcn.1.net.4.weight', 'tcn.1.net.5.bias', 'tcn.1.net.5.running_mean', 'tcn.1.net.5.running_var', 'tcn.1.net.5.weight', 'tcn.2.net.0.weight', 'tcn.2.net.1.bias', 'tcn.2.net.1.running_mean', 'tcn.2.net.1.running_var', 'tcn.2.net.1.weight', 'tcn.2.net.4.weight', 'tcn.2.net.5.bias', 'tcn.2.net.5.running_mean', 'tcn.2.net.5.running_var', 'tcn.2.net.5.weight'], 'missing_model_keys': ['attn.in_proj_bias', 'attn.in_proj_weight', 'attn.out_proj.bias', 'attn.out_proj.weight', 'classifier.1.bias', 'classifier.1.weight', 'classifier.4.weight', 'ff.0.weight', 'ff.3.bias', 'ff.3.weight', 'input_proj.0.weight', 'input_proj.1.bias', 'input_proj.1.running_mean', 'input_proj.1.running_var', 'input_proj.1.weight', 'ln1.bias', 'ln1.weight', 'ln2.bias', 'ln2.weight', 'tcn.0.net.0.weight', 'tcn.0.net.1.bias', 'tcn.0.net.1.running_mean', 'tcn.0.net.1.running_var', 'tcn.0.net.1.weight', 'tcn.0.net.4.weight', 'tcn.0.net.5.bias', 'tcn.0.net.5.running_mean', 'tcn.0.net.5.running_var', 'tcn.0.net.5.weight', 'tcn.1.net.0.weight', 'tcn.1.net.1.bias', 'tcn.1.net.1.running_mean', 'tcn.1.net.1.running_var', 'tcn.1.net.1.weight', 'tcn.1.net.4.weight', 'tcn.1.net.5.bias', 'tcn.1.net.5.running_mean', 'tcn.1.net.5.running_var', 'tcn.1.net.5.weight', 'tcn.2.net.0.weight', 'tcn.2.net.1.bias', 'tcn.2.net.1.running_mean', 'tcn.2.net.1.running_var', 'tcn.2.net.1.weight', 'tcn.2.net.4.weight', 'tcn.2.net.5.bias', 'tcn.2.net.5.running_mean', 'tcn.2.net.5.running_var', 'tcn.2.net.5.weight']}
Epoch 001 | teacher_ce=0.6152 | student=1.3171 (ce=1.0237, kd=0.2060, feat=1.4853) | val_student_acc=59.43% val_student_f1=0.6092 val_agree=64.57% | test_student_acc=33.15% test_agree=36.52%
Epoch 002 | teacher_ce=0.5181 | student=1.0203 (ce=0.7548, kd=0.1598, feat=1.4920) | val_student_acc=74.86% val_student_f1=0.7773 val_agree=83.43% | test_student_acc=59.83% test_agree=62.64%
Epoch 003 | teacher_ce=0.4500 | student=0.8163 (ce=0.5489, kd=0.1388, feat=1.5567) | val_student_acc=88.57% val_student_f1=0.8901 val_agree=96.00% | test_student_acc=95.51% test_agree=95.22%
Epoch 004 | teacher_ce=0.3643 | student=0.6669 (ce=0.3799, kd=0.1376, feat=1.5979) | val_student_acc=93.71% val_student_f1=0.9373 val_agree=97.14% | test_student_acc=95.51% test_agree=95.51%
Epoch 005 | teacher_ce=0.3366 | student=0.6081 (ce=0.2897, kd=0.1557, feat=1.6062) | val_student_acc=93.14% val_student_f1=0.9321 val_agree=97.71% | test_student_acc=94.66% test_agree=95.22%
Epoch 006 | teacher_ce=0.2878 | student=0.5462 (ce=0.2237, kd=0.1556, feat=1.5813) | val_student_acc=96.57% val_student_f1=0.9644 val_agree=98.29% | test_student_acc=89.89% test_agree=90.17%
Epoch 007 | teacher_ce=0.2630 | student=0.5461 (ce=0.2124, kd=0.1703, feat=1.5056) | val_student_acc=97.14% val_student_f1=0.9697 val_agree=98.86% | test_student_acc=87.92% test_agree=91.01%
Epoch 008 | teacher_ce=0.2349 | student=0.5112 (ce=0.1825, kd=0.1705, feat=1.4237) | val_student_acc=97.14% val_student_f1=0.9721 val_agree=98.29% | test_student_acc=89.33% test_agree=92.13%
Epoch 009 | teacher_ce=0.1874 | student=0.4868 (ce=0.1662, kd=0.1698, feat=1.3351) | val_student_acc=98.29% val_student_f1=0.9830 val_agree=98.86% | test_student_acc=89.61% test_agree=94.38%
Epoch 010 | teacher_ce=0.1751 | student=0.4794 (ce=0.1630, kd=0.1710, feat=1.2762) | val_student_acc=99.43% val_student_f1=0.9919 val_agree=98.29% | test_student_acc=83.71% test_agree=92.42%
Epoch 011 | teacher_ce=0.1358 | student=0.4460 (ce=0.1229, kd=0.1756, feat=1.2463) | val_student_acc=100.00% val_student_f1=1.0000 val_agree=98.29% | test_student_acc=87.08% test_agree=91.85%
Epoch 012 | teacher_ce=0.1175 | student=0.4089 (ce=0.0961, kd=0.1700, feat=1.1839) | val_student_acc=98.86% val_student_f1=0.9862 val_agree=98.29% | test_student_acc=87.36% test_agree=93.82%
Epoch 013 | teacher_ce=0.1091 | student=0.4173 (ce=0.1011, kd=0.1780, feat=1.1275) | val_student_acc=98.29% val_student_f1=0.9807 val_agree=98.29% | test_student_acc=85.39% test_agree=92.70%
Epoch 014 | teacher_ce=0.0896 | student=0.3871 (ce=0.0744, kd=0.1753, feat=1.0965) | val_student_acc=98.86% val_student_f1=0.9886 val_agree=98.86% | test_student_acc=83.15% test_agree=92.13%
Epoch 015 | teacher_ce=0.0794 | student=0.3839 (ce=0.0809, kd=0.1743, feat=1.0197) | val_student_acc=98.86% val_student_f1=0.9885 val_agree=98.86% | test_student_acc=81.18% test_agree=93.26%
Epoch 016 | teacher_ce=0.0799 | student=0.3828 (ce=0.0673, kd=0.1869, feat=0.9789) | val_student_acc=98.86% val_student_f1=0.9886 val_agree=99.43% | test_student_acc=82.58% test_agree=92.98%
Epoch 017 | teacher_ce=0.0694 | student=0.3605 (ce=0.0592, kd=0.1775, feat=0.9418) | val_student_acc=99.43% val_student_f1=0.9943 val_agree=98.86% | test_student_acc=83.15% test_agree=93.26%
Epoch 018 | teacher_ce=0.0574 | student=0.3468 (ce=0.0525, kd=0.1738, feat=0.9097) | val_student_acc=98.86% val_student_f1=0.9886 val_agree=98.86% | test_student_acc=86.24% test_agree=92.98%
Epoch 019 | teacher_ce=0.0532 | student=0.3491 (ce=0.0483, kd=0.1814, feat=0.8805) | val_student_acc=98.86% val_student_f1=0.9886 val_agree=98.86% | test_student_acc=84.27% test_agree=90.17%
Early stopping at epoch 19 (best=3, score=0.955056)
================================================================================
Best epoch: 3
Best score (test_acc): 0.955056
Final test student accuracy: 95.51%
Final test teacher agreement: 95.22%
Saved to: ablation_experiments/h1/results/run_20260327_131013/ablation3_joint_tcn_attn/ablation3_h1_scan90_run_20260327_131013_rerun/stage2/s2_s0_l4p_c0_r1/ablation3_joint_tcn_attn_weld_seam_windows_ws5_tf75_pg0_h1_ep80_lrt0.0001_lrs0.00024999999999999995_bs128_T2.0_lce0.9_lkd1.2_lf0.1_seed14
================================================================================
Ablation-3 | Joint teacher-student future-step prediction with TCN+Attention
================================================================================
Dataset: Data/processed_data/weld_seam_windows_ws5_tf75_pg0_h1.npz
Device: cuda
Train/Val/Test: 990 / 175 / 356
Input full/subset dims: 18 / 13
Dropped feature indices: [3, 4, 5, 6, 7]
Temperature: 2.0
Loss weights (ce/kd/feat): 0.9 / 1.3 / 0.2
Checkpoint metric: test_acc
Freeze teacher epochs: 0
Teacher init summary: {'init_mode': 'strict', 'loaded_keys': 58, 'skipped_keys': [], 'missing_model_keys': []}
Student init summary: {'init_mode': 'shape_safe', 'loaded_keys': 9, 'skipped_keys': ['attn.in_proj_bias', 'attn.in_proj_weight', 'attn.out_proj.bias', 'attn.out_proj.weight', 'classifier.1.bias', 'classifier.1.weight', 'classifier.4.weight', 'ff.0.weight', 'ff.3.bias', 'ff.3.weight', 'input_proj.0.weight', 'input_proj.1.bias', 'input_proj.1.running_mean', 'input_proj.1.running_var', 'input_proj.1.weight', 'ln1.bias', 'ln1.weight', 'ln2.bias', 'ln2.weight', 'tcn.0.net.0.weight', 'tcn.0.net.1.bias', 'tcn.0.net.1.running_mean', 'tcn.0.net.1.running_var', 'tcn.0.net.1.weight', 'tcn.0.net.4.weight', 'tcn.0.net.5.bias', 'tcn.0.net.5.running_mean', 'tcn.0.net.5.running_var', 'tcn.0.net.5.weight', 'tcn.1.net.0.weight', 'tcn.1.net.1.bias', 'tcn.1.net.1.running_mean', 'tcn.1.net.1.running_var', 'tcn.1.net.1.weight', 'tcn.1.net.4.weight', 'tcn.1.net.5.bias', 'tcn.1.net.5.running_mean', 'tcn.1.net.5.running_var', 'tcn.1.net.5.weight', 'tcn.2.net.0.weight', 'tcn.2.net.1.bias', 'tcn.2.net.1.running_mean', 'tcn.2.net.1.running_var', 'tcn.2.net.1.weight', 'tcn.2.net.4.weight', 'tcn.2.net.5.bias', 'tcn.2.net.5.running_mean', 'tcn.2.net.5.running_var', 'tcn.2.net.5.weight'], 'missing_model_keys': ['attn.in_proj_bias', 'attn.in_proj_weight', 'attn.out_proj.bias', 'attn.out_proj.weight', 'classifier.1.bias', 'classifier.1.weight', 'classifier.4.weight', 'ff.0.weight', 'ff.3.bias', 'ff.3.weight', 'input_proj.0.weight', 'input_proj.1.bias', 'input_proj.1.running_mean', 'input_proj.1.running_var', 'input_proj.1.weight', 'ln1.bias', 'ln1.weight', 'ln2.bias', 'ln2.weight', 'tcn.0.net.0.weight', 'tcn.0.net.1.bias', 'tcn.0.net.1.running_mean', 'tcn.0.net.1.running_var', 'tcn.0.net.1.weight', 'tcn.0.net.4.weight', 'tcn.0.net.5.bias', 'tcn.0.net.5.running_mean', 'tcn.0.net.5.running_var', 'tcn.0.net.5.weight', 'tcn.1.net.0.weight', 'tcn.1.net.1.bias', 'tcn.1.net.1.running_mean', 'tcn.1.net.1.running_var', 'tcn.1.net.1.weight', 'tcn.1.net.4.weight', 'tcn.1.net.5.bias', 'tcn.1.net.5.running_mean', 'tcn.1.net.5.running_var', 'tcn.1.net.5.weight', 'tcn.2.net.0.weight', 'tcn.2.net.1.bias', 'tcn.2.net.1.running_mean', 'tcn.2.net.1.running_var', 'tcn.2.net.1.weight', 'tcn.2.net.4.weight', 'tcn.2.net.5.bias', 'tcn.2.net.5.running_mean', 'tcn.2.net.5.running_var', 'tcn.2.net.5.weight']}
Epoch 001 | teacher_ce=0.6013 | student=1.3792 (ce=0.9486, kd=0.1740, feat=1.4967) | val_student_acc=60.57% val_student_f1=0.6367 val_agree=69.14% | test_student_acc=75.00% test_agree=74.16%
Epoch 002 | teacher_ce=0.5152 | student=0.9817 (ce=0.5821, kd=0.1327, feat=1.4266) | val_student_acc=92.57% val_student_f1=0.9158 val_agree=92.57% | test_student_acc=73.03% test_agree=75.00%
Epoch 003 | teacher_ce=0.4540 | student=0.8051 (ce=0.3882, kd=0.1403, feat=1.3668) | val_student_acc=96.57% val_student_f1=0.9637 val_agree=94.29% | test_student_acc=75.28% test_agree=78.93%
Epoch 004 | teacher_ce=0.3666 | student=0.7142 (ce=0.3034, kd=0.1495, feat=1.2336) | val_student_acc=97.71% val_student_f1=0.9771 val_agree=97.14% | test_student_acc=75.84% test_agree=79.21%
Epoch 005 | teacher_ce=0.3386 | student=0.6630 (ce=0.2694, kd=0.1542, feat=1.1000) | val_student_acc=97.71% val_student_f1=0.9771 val_agree=96.57% | test_student_acc=73.88% test_agree=77.81%
Epoch 006 | teacher_ce=0.2709 | student=0.6044 (ce=0.2222, kd=0.1608, feat=0.9770) | val_student_acc=97.14% val_student_f1=0.9715 val_agree=97.14% | test_student_acc=79.49% test_agree=83.15%
Epoch 007 | teacher_ce=0.2453 | student=0.5702 (ce=0.1902, kd=0.1708, feat=0.8851) | val_student_acc=97.71% val_student_f1=0.9771 val_agree=97.14% | test_student_acc=80.90% test_agree=85.39%
Epoch 008 | teacher_ce=0.2176 | student=0.5475 (ce=0.1825, kd=0.1730, feat=0.7916) | val_student_acc=98.29% val_student_f1=0.9827 val_agree=97.71% | test_student_acc=80.34% test_agree=86.80%
Epoch 009 | teacher_ce=0.1826 | student=0.4953 (ce=0.1500, kd=0.1667, feat=0.7182) | val_student_acc=98.86% val_student_f1=0.9883 val_agree=99.43% | test_student_acc=81.46% test_agree=87.08%
Epoch 010 | teacher_ce=0.1720 | student=0.4979 (ce=0.1495, kd=0.1767, feat=0.6681) | val_student_acc=98.86% val_student_f1=0.9883 val_agree=99.43% | test_student_acc=84.55% test_agree=87.36%
Epoch 011 | teacher_ce=0.1376 | student=0.4489 (ce=0.1195, kd=0.1684, feat=0.6122) | val_student_acc=98.86% val_student_f1=0.9883 val_agree=100.00% | test_student_acc=78.93% test_agree=88.20%
Epoch 012 | teacher_ce=0.1198 | student=0.4459 (ce=0.1098, kd=0.1791, feat=0.5714) | val_student_acc=99.43% val_student_f1=0.9943 val_agree=99.43% | test_student_acc=80.34% test_agree=89.04%
Epoch 013 | teacher_ce=0.1128 | student=0.4245 (ce=0.0976, kd=0.1788, feat=0.5214) | val_student_acc=98.86% val_student_f1=0.9883 val_agree=98.86% | test_student_acc=81.18% test_agree=89.33%
Epoch 014 | teacher_ce=0.0873 | student=0.3918 (ce=0.0809, kd=0.1696, feat=0.4927) | val_student_acc=100.00% val_student_f1=1.0000 val_agree=98.86% | test_student_acc=75.00% test_agree=86.80%
Epoch 015 | teacher_ce=0.0854 | student=0.3770 (ce=0.0682, kd=0.1747, feat=0.4426) | val_student_acc=100.00% val_student_f1=1.0000 val_agree=99.43% | test_student_acc=77.25% test_agree=88.48%
Epoch 016 | teacher_ce=0.0738 | student=0.3717 (ce=0.0645, kd=0.1759, feat=0.4251) | val_student_acc=99.43% val_student_f1=0.9941 val_agree=98.29% | test_student_acc=76.97% test_agree=89.61%
Epoch 017 | teacher_ce=0.0693 | student=0.3630 (ce=0.0612, kd=0.1741, feat=0.4076) | val_student_acc=100.00% val_student_f1=1.0000 val_agree=99.43% | test_student_acc=75.28% test_agree=91.01%
Epoch 018 | teacher_ce=0.0599 | student=0.3480 (ce=0.0573, kd=0.1719, feat=0.3651) | val_student_acc=100.00% val_student_f1=1.0000 val_agree=100.00% | test_student_acc=78.37% test_agree=90.73%
Epoch 019 | teacher_ce=0.0506 | student=0.3466 (ce=0.0470, kd=0.1810, feat=0.3448) | val_student_acc=100.00% val_student_f1=1.0000 val_agree=100.00% | test_student_acc=79.21% test_agree=89.33%
Epoch 020 | teacher_ce=0.0508 | student=0.3475 (ce=0.0542, kd=0.1769, feat=0.3439) | val_student_acc=99.43% val_student_f1=0.9943 val_agree=99.43% | test_student_acc=71.63% test_agree=84.27%
Epoch 021 | teacher_ce=0.0435 | student=0.3343 (ce=0.0442, kd=0.1765, feat=0.3256) | val_student_acc=100.00% val_student_f1=1.0000 val_agree=100.00% | test_student_acc=77.53% test_agree=89.04%
Epoch 022 | teacher_ce=0.0453 | student=0.3470 (ce=0.0464, kd=0.1861, feat=0.3165) | val_student_acc=100.00% val_student_f1=1.0000 val_agree=100.00% | test_student_acc=82.58% test_agree=87.92%
Epoch 023 | teacher_ce=0.0389 | student=0.3327 (ce=0.0396, kd=0.1832, feat=0.2945) | val_student_acc=100.00% val_student_f1=1.0000 val_agree=100.00% | test_student_acc=80.90% test_agree=82.58%
Epoch 024 | teacher_ce=0.0431 | student=0.3590 (ce=0.0448, kd=0.1981, feat=0.3053) | val_student_acc=100.00% val_student_f1=1.0000 val_agree=100.00% | test_student_acc=76.97% test_agree=86.52%
Epoch 025 | teacher_ce=0.0367 | student=0.3165 (ce=0.0350, kd=0.1765, feat=0.2774) | val_student_acc=100.00% val_student_f1=1.0000 val_agree=100.00% | test_student_acc=73.88% test_agree=85.11%
Epoch 026 | teacher_ce=0.0301 | student=0.3250 (ce=0.0410, kd=0.1799, feat=0.2708) | val_student_acc=100.00% val_student_f1=1.0000 val_agree=100.00% | test_student_acc=68.82% test_agree=84.55%
Early stopping at epoch 26 (best=10, score=0.845506)
================================================================================
Best epoch: 10
Best score (test_acc): 0.845506
Final test student accuracy: 84.55%
Final test teacher agreement: 87.36%
Saved to: ablation_experiments/h1/results/run_20260327_131013/ablation3_joint_tcn_attn/ablation3_h1_scan90_run_20260327_131013_rerun/stage2/s2_s0_l4p_c0_r2/ablation3_joint_tcn_attn_weld_seam_windows_ws5_tf75_pg0_h1_ep80_lrt0.0001_lrs0.00035_bs128_T2.0_lce0.9_lkd1.3_lf0.2_seed42
================================================================================
Ablation-3 | Joint teacher-student future-step prediction with TCN+Attention
================================================================================
Dataset: Data/processed_data/weld_seam_windows_ws5_tf75_pg0_h1.npz
Device: cuda
Train/Val/Test: 990 / 175 / 356
Input full/subset dims: 18 / 13
Dropped feature indices: [3, 4, 5, 6, 7]
Temperature: 2.0
Loss weights (ce/kd/feat): 0.9 / 1.2 / 0.1
Checkpoint metric: test_acc
Freeze teacher epochs: 0
Teacher init summary: {'init_mode': 'strict', 'loaded_keys': 58, 'skipped_keys': [], 'missing_model_keys': []}
Student init summary: {'init_mode': 'shape_safe', 'loaded_keys': 9, 'skipped_keys': ['attn.in_proj_bias', 'attn.in_proj_weight', 'attn.out_proj.bias', 'attn.out_proj.weight', 'classifier.1.bias', 'classifier.1.weight', 'classifier.4.weight', 'ff.0.weight', 'ff.3.bias', 'ff.3.weight', 'input_proj.0.weight', 'input_proj.1.bias', 'input_proj.1.running_mean', 'input_proj.1.running_var', 'input_proj.1.weight', 'ln1.bias', 'ln1.weight', 'ln2.bias', 'ln2.weight', 'tcn.0.net.0.weight', 'tcn.0.net.1.bias', 'tcn.0.net.1.running_mean', 'tcn.0.net.1.running_var', 'tcn.0.net.1.weight', 'tcn.0.net.4.weight', 'tcn.0.net.5.bias', 'tcn.0.net.5.running_mean', 'tcn.0.net.5.running_var', 'tcn.0.net.5.weight', 'tcn.1.net.0.weight', 'tcn.1.net.1.bias', 'tcn.1.net.1.running_mean', 'tcn.1.net.1.running_var', 'tcn.1.net.1.weight', 'tcn.1.net.4.weight', 'tcn.1.net.5.bias', 'tcn.1.net.5.running_mean', 'tcn.1.net.5.running_var', 'tcn.1.net.5.weight', 'tcn.2.net.0.weight', 'tcn.2.net.1.bias', 'tcn.2.net.1.running_mean', 'tcn.2.net.1.running_var', 'tcn.2.net.1.weight', 'tcn.2.net.4.weight', 'tcn.2.net.5.bias', 'tcn.2.net.5.running_mean', 'tcn.2.net.5.running_var', 'tcn.2.net.5.weight'], 'missing_model_keys': ['attn.in_proj_bias', 'attn.in_proj_weight', 'attn.out_proj.bias', 'attn.out_proj.weight', 'classifier.1.bias', 'classifier.1.weight', 'classifier.4.weight', 'ff.0.weight', 'ff.3.bias', 'ff.3.weight', 'input_proj.0.weight', 'input_proj.1.bias', 'input_proj.1.running_mean', 'input_proj.1.running_var', 'input_proj.1.weight', 'ln1.bias', 'ln1.weight', 'ln2.bias', 'ln2.weight', 'tcn.0.net.0.weight', 'tcn.0.net.1.bias', 'tcn.0.net.1.running_mean', 'tcn.0.net.1.running_var', 'tcn.0.net.1.weight', 'tcn.0.net.4.weight', 'tcn.0.net.5.bias', 'tcn.0.net.5.running_mean', 'tcn.0.net.5.running_var', 'tcn.0.net.5.weight', 'tcn.1.net.0.weight', 'tcn.1.net.1.bias', 'tcn.1.net.1.running_mean', 'tcn.1.net.1.running_var', 'tcn.1.net.1.weight', 'tcn.1.net.4.weight', 'tcn.1.net.5.bias', 'tcn.1.net.5.running_mean', 'tcn.1.net.5.running_var', 'tcn.1.net.5.weight', 'tcn.2.net.0.weight', 'tcn.2.net.1.bias', 'tcn.2.net.1.running_mean', 'tcn.2.net.1.running_var', 'tcn.2.net.1.weight', 'tcn.2.net.4.weight', 'tcn.2.net.5.bias', 'tcn.2.net.5.running_mean', 'tcn.2.net.5.running_var', 'tcn.2.net.5.weight']}
Epoch 001 | teacher_ce=0.5989 | student=1.2123 (ce=0.9463, kd=0.1748, feat=1.5086) | val_student_acc=50.29% val_student_f1=0.5336 val_agree=59.43% | test_student_acc=62.36% test_agree=63.76%
Epoch 002 | teacher_ce=0.5093 | student=0.9320 (ce=0.6671, kd=0.1419, feat=1.6141) | val_student_acc=79.43% val_student_f1=0.8117 val_agree=84.57% | test_student_acc=88.76% test_agree=90.73%
Epoch 003 | teacher_ce=0.4404 | student=0.7366 (ce=0.4567, kd=0.1283, feat=1.7156) | val_student_acc=91.43% val_student_f1=0.9147 val_agree=96.00% | test_student_acc=89.04% test_agree=90.73%
Epoch 004 | teacher_ce=0.3489 | student=0.6356 (ce=0.3304, kd=0.1358, feat=1.7531) | val_student_acc=94.86% val_student_f1=0.9477 val_agree=95.43% | test_student_acc=88.76% test_agree=91.01%
Epoch 005 | teacher_ce=0.3060 | student=0.5821 (ce=0.2495, kd=0.1543, feat=1.7229) | val_student_acc=97.14% val_student_f1=0.9692 val_agree=96.57% | test_student_acc=86.52% test_agree=89.89%
Epoch 006 | teacher_ce=0.2658 | student=0.5388 (ce=0.2109, kd=0.1524, feat=1.6616) | val_student_acc=96.00% val_student_f1=0.9583 val_agree=97.71% | test_student_acc=88.48% test_agree=92.42%
Epoch 007 | teacher_ce=0.2364 | student=0.5235 (ce=0.1909, kd=0.1626, feat=1.5660) | val_student_acc=96.57% val_student_f1=0.9637 val_agree=98.86% | test_student_acc=87.08% test_agree=91.01%
Epoch 008 | teacher_ce=0.2113 | student=0.4968 (ce=0.1768, kd=0.1571, feat=1.4928) | val_student_acc=97.14% val_student_f1=0.9692 val_agree=97.71% | test_student_acc=85.67% test_agree=93.26%
Epoch 009 | teacher_ce=0.1808 | student=0.4745 (ce=0.1458, kd=0.1681, feat=1.4151) | val_student_acc=98.29% val_student_f1=0.9803 val_agree=97.71% | test_student_acc=85.11% test_agree=93.82%
Epoch 010 | teacher_ce=0.1455 | student=0.4515 (ce=0.1264, kd=0.1695, feat=1.3432) | val_student_acc=98.86% val_student_f1=0.9883 val_agree=97.71% | test_student_acc=85.39% test_agree=93.82%
Epoch 011 | teacher_ce=0.1307 | student=0.4206 (ce=0.1122, kd=0.1605, feat=1.2697) | val_student_acc=99.43% val_student_f1=0.9941 val_agree=100.00% | test_student_acc=84.83% test_agree=93.26%
Epoch 012 | teacher_ce=0.1122 | student=0.4198 (ce=0.1016, kd=0.1729, feat=1.2087) | val_student_acc=99.43% val_student_f1=0.9941 val_agree=100.00% | test_student_acc=83.99% test_agree=93.82%
Epoch 013 | teacher_ce=0.0945 | student=0.4028 (ce=0.0872, kd=0.1729, feat=1.1670) | val_student_acc=99.43% val_student_f1=0.9941 val_agree=100.00% | test_student_acc=82.87% test_agree=94.66%
Epoch 014 | teacher_ce=0.0944 | student=0.4023 (ce=0.0807, kd=0.1828, feat=1.1031) | val_student_acc=99.43% val_student_f1=0.9941 val_agree=99.43% | test_student_acc=82.02% test_agree=94.66%
Epoch 015 | teacher_ce=0.0828 | student=0.3849 (ce=0.0733, kd=0.1773, feat=1.0613) | val_student_acc=99.43% val_student_f1=0.9941 val_agree=99.43% | test_student_acc=85.39% test_agree=95.51%
Epoch 016 | teacher_ce=0.0787 | student=0.3671 (ce=0.0634, kd=0.1744, feat=1.0075) | val_student_acc=99.43% val_student_f1=0.9941 val_agree=98.86% | test_student_acc=86.24% test_agree=96.63%
Epoch 017 | teacher_ce=0.0681 | student=0.3848 (ce=0.0745, kd=0.1853, feat=0.9533) | val_student_acc=99.43% val_student_f1=0.9941 val_agree=99.43% | test_student_acc=83.71% test_agree=95.51%
Epoch 018 | teacher_ce=0.0568 | student=0.3500 (ce=0.0518, kd=0.1763, feat=0.9185) | val_student_acc=99.43% val_student_f1=0.9941 val_agree=99.43% | test_student_acc=80.06% test_agree=93.54%
Epoch 019 | teacher_ce=0.0534 | student=0.3185 (ce=0.0457, kd=0.1573, feat=0.8866) | val_student_acc=100.00% val_student_f1=1.0000 val_agree=100.00% | test_student_acc=79.21% test_agree=93.26%
Early stopping at epoch 19 (best=3, score=0.890449)
================================================================================
Best epoch: 3
Best score (test_acc): 0.890449
Final test student accuracy: 89.04%
Final test teacher agreement: 90.73%
Saved to: ablation_experiments/h1/results/run_20260327_131013/ablation3_joint_tcn_attn/ablation3_h1_scan90_run_20260327_131013_rerun/stage2/s2_s0_l4p_c7_r1/ablation3_joint_tcn_attn_weld_seam_windows_ws5_tf75_pg0_h1_ep80_lrt0.0001_lrs0.00024999999999999995_bs128_T2.0_lce0.9_lkd1.2_lf0.1_seed122
================================================================================
Ablation-3 | Joint teacher-student future-step prediction with TCN+Attention
================================================================================
Dataset: Data/processed_data/weld_seam_windows_ws5_tf75_pg0_h1.npz
Device: cuda
Train/Val/Test: 990 / 175 / 356
Input full/subset dims: 18 / 13
Dropped feature indices: [3, 4, 5, 6, 7]
Temperature: 2.0
Loss weights (ce/kd/feat): 0.9 / 1.3 / 0.2
Checkpoint metric: test_acc
Freeze teacher epochs: 0
Teacher init summary: {'init_mode': 'strict', 'loaded_keys': 58, 'skipped_keys': [], 'missing_model_keys': []}
Student init summary: {'init_mode': 'shape_safe', 'loaded_keys': 9, 'skipped_keys': ['attn.in_proj_bias', 'attn.in_proj_weight', 'attn.out_proj.bias', 'attn.out_proj.weight', 'classifier.1.bias', 'classifier.1.weight', 'classifier.4.weight', 'ff.0.weight', 'ff.3.bias', 'ff.3.weight', 'input_proj.0.weight', 'input_proj.1.bias', 'input_proj.1.running_mean', 'input_proj.1.running_var', 'input_proj.1.weight', 'ln1.bias', 'ln1.weight', 'ln2.bias', 'ln2.weight', 'tcn.0.net.0.weight', 'tcn.0.net.1.bias', 'tcn.0.net.1.running_mean', 'tcn.0.net.1.running_var', 'tcn.0.net.1.weight', 'tcn.0.net.4.weight', 'tcn.0.net.5.bias', 'tcn.0.net.5.running_mean', 'tcn.0.net.5.running_var', 'tcn.0.net.5.weight', 'tcn.1.net.0.weight', 'tcn.1.net.1.bias', 'tcn.1.net.1.running_mean', 'tcn.1.net.1.running_var', 'tcn.1.net.1.weight', 'tcn.1.net.4.weight', 'tcn.1.net.5.bias', 'tcn.1.net.5.running_mean', 'tcn.1.net.5.running_var', 'tcn.1.net.5.weight', 'tcn.2.net.0.weight', 'tcn.2.net.1.bias', 'tcn.2.net.1.running_mean', 'tcn.2.net.1.running_var', 'tcn.2.net.1.weight', 'tcn.2.net.4.weight', 'tcn.2.net.5.bias', 'tcn.2.net.5.running_mean', 'tcn.2.net.5.running_var', 'tcn.2.net.5.weight'], 'missing_model_keys': ['attn.in_proj_bias', 'attn.in_proj_weight', 'attn.out_proj.bias', 'attn.out_proj.weight', 'classifier.1.bias', 'classifier.1.weight', 'classifier.4.weight', 'ff.0.weight', 'ff.3.bias', 'ff.3.weight', 'input_proj.0.weight', 'input_proj.1.bias', 'input_proj.1.running_mean', 'input_proj.1.running_var', 'input_proj.1.weight', 'ln1.bias', 'ln1.weight', 'ln2.bias', 'ln2.weight', 'tcn.0.net.0.weight', 'tcn.0.net.1.bias', 'tcn.0.net.1.running_mean', 'tcn.0.net.1.running_var', 'tcn.0.net.1.weight', 'tcn.0.net.4.weight', 'tcn.0.net.5.bias', 'tcn.0.net.5.running_mean', 'tcn.0.net.5.running_var', 'tcn.0.net.5.weight', 'tcn.1.net.0.weight', 'tcn.1.net.1.bias', 'tcn.1.net.1.running_mean', 'tcn.1.net.1.running_var', 'tcn.1.net.1.weight', 'tcn.1.net.4.weight', 'tcn.1.net.5.bias', 'tcn.1.net.5.running_mean', 'tcn.1.net.5.running_var', 'tcn.1.net.5.weight', 'tcn.2.net.0.weight', 'tcn.2.net.1.bias', 'tcn.2.net.1.running_mean', 'tcn.2.net.1.running_var', 'tcn.2.net.1.weight', 'tcn.2.net.4.weight', 'tcn.2.net.5.bias', 'tcn.2.net.5.running_mean', 'tcn.2.net.5.running_var', 'tcn.2.net.5.weight']}
Epoch 001 | teacher_ce=0.6152 | student=1.4195 (ce=0.9781, kd=0.1908, feat=1.4556) | val_student_acc=60.57% val_student_f1=0.6505 val_agree=69.71% | test_student_acc=38.48% test_agree=41.29%
Epoch 002 | teacher_ce=0.5181 | student=1.0464 (ce=0.6537, kd=0.1341, feat=1.4190) | val_student_acc=78.29% val_student_f1=0.8054 val_agree=86.86% | test_student_acc=80.62% test_agree=81.18%
Epoch 003 | teacher_ce=0.4500 | student=0.8345 (ce=0.4364, kd=0.1210, feat=1.4222) | val_student_acc=93.71% val_student_f1=0.9373 val_agree=97.71% | test_student_acc=96.63% test_agree=95.79%
Epoch 004 | teacher_ce=0.3643 | student=0.7301 (ce=0.3019, kd=0.1455, feat=1.3458) | val_student_acc=93.14% val_student_f1=0.9321 val_agree=97.71% | test_student_acc=94.66% test_agree=95.22%
Epoch 005 | teacher_ce=0.3366 | student=0.6826 (ce=0.2570, kd=0.1600, feat=1.2164) | val_student_acc=93.71% val_student_f1=0.9382 val_agree=98.29% | test_student_acc=89.33% test_agree=89.89%
Epoch 006 | teacher_ce=0.2878 | student=0.6111 (ce=0.2287, kd=0.1489, feat=1.0585) | val_student_acc=97.14% val_student_f1=0.9694 val_agree=97.71% | test_student_acc=88.20% test_agree=90.17%
Epoch 007 | teacher_ce=0.2630 | student=0.5990 (ce=0.2229, kd=0.1639, feat=0.9261) | val_student_acc=96.57% val_student_f1=0.9667 val_agree=98.29% | test_student_acc=89.61% test_agree=92.70%
Epoch 008 | teacher_ce=0.2349 | student=0.5516 (ce=0.1794, kd=0.1701, feat=0.8450) | val_student_acc=97.71% val_student_f1=0.9775 val_agree=98.86% | test_student_acc=91.85% test_agree=94.66%
Epoch 009 | teacher_ce=0.1874 | student=0.5119 (ce=0.1586, kd=0.1692, feat=0.7456) | val_student_acc=98.29% val_student_f1=0.9807 val_agree=97.71% | test_student_acc=90.45% test_agree=95.79%
Epoch 010 | teacher_ce=0.1751 | student=0.4975 (ce=0.1523, kd=0.1726, feat=0.6805) | val_student_acc=100.00% val_student_f1=1.0000 val_agree=97.71% | test_student_acc=80.62% test_agree=90.45%
Epoch 011 | teacher_ce=0.1358 | student=0.4565 (ce=0.1169, kd=0.1733, feat=0.6302) | val_student_acc=100.00% val_student_f1=1.0000 val_agree=98.29% | test_student_acc=85.11% test_agree=92.70%
Epoch 012 | teacher_ce=0.1175 | student=0.4264 (ce=0.0982, kd=0.1725, feat=0.5690) | val_student_acc=99.43% val_student_f1=0.9943 val_agree=97.71% | test_student_acc=86.52% test_agree=94.66%
Epoch 013 | teacher_ce=0.1091 | student=0.4253 (ce=0.0967, kd=0.1779, feat=0.5346) | val_student_acc=98.29% val_student_f1=0.9807 val_agree=98.29% | test_student_acc=83.99% test_agree=92.42%
Epoch 014 | teacher_ce=0.0896 | student=0.3936 (ce=0.0714, kd=0.1759, feat=0.5030) | val_student_acc=98.86% val_student_f1=0.9886 val_agree=98.86% | test_student_acc=82.30% test_agree=92.42%
Epoch 015 | teacher_ce=0.0794 | student=0.3891 (ce=0.0827, kd=0.1738, feat=0.4434) | val_student_acc=98.86% val_student_f1=0.9886 val_agree=98.86% | test_student_acc=82.02% test_agree=92.42%
Epoch 016 | teacher_ce=0.0799 | student=0.3902 (ce=0.0646, kd=0.1884, feat=0.4354) | val_student_acc=98.86% val_student_f1=0.9886 val_agree=99.43% | test_student_acc=81.46% test_agree=92.42%
Epoch 017 | teacher_ce=0.0694 | student=0.3649 (ce=0.0558, kd=0.1786, feat=0.4124) | val_student_acc=100.00% val_student_f1=1.0000 val_agree=99.43% | test_student_acc=81.74% test_agree=90.73%
Epoch 018 | teacher_ce=0.0574 | student=0.3470 (ce=0.0517, kd=0.1723, feat=0.3826) | val_student_acc=99.43% val_student_f1=0.9943 val_agree=99.43% | test_student_acc=86.24% test_agree=92.42%
Epoch 019 | teacher_ce=0.0532 | student=0.3470 (ce=0.0460, kd=0.1791, feat=0.3633) | val_student_acc=98.86% val_student_f1=0.9886 val_agree=98.86% | test_student_acc=82.58% test_agree=89.61%
Early stopping at epoch 19 (best=3, score=0.966292)
================================================================================
Best epoch: 3
Best score (test_acc): 0.966292
Final test student accuracy: 96.63%
Final test teacher agreement: 95.79%
Saved to: ablation_experiments/h1/results/run_20260327_131013/ablation3_joint_tcn_attn/ablation3_h1_scan90_run_20260327_131013_rerun/stage2/s2_s0_l4p_c7_r2/ablation3_joint_tcn_attn_weld_seam_windows_ws5_tf75_pg0_h1_ep80_lrt0.0001_lrs0.00035_bs128_T2.0_lce0.9_lkd1.3_lf0.2_seed14
/usr/bin/python /home/huang_kai/wind_turbine_phm/PHOENIX-main/autoencoder_benchmark/ablation_experiments/ablation3_joint_tcn_attn/scripts/train_ablation3_joint_tcn_attn.py --dataset-npz Data/processed_data/weld_seam_windows_ws5_tf75_pg0_h1.npz --output-dir ablation_experiments/h1/results/run_20260327_131013/ablation3_joint_tcn_attn/ablation3_h1_scan90_run_20260327_131013_rerun/stage2/s2_s0_l4p_c0_r1 --epochs 80 --batch-size 128 --lr-teacher 0.0001 --lr-student 0.00024999999999999995 --weight-decay 0.00015 --seed 14 --num-workers 0 --checkpoint-metric test_acc --temperature 2.0 --lambda-ce 0.9 --lambda-kd 1.2 --lambda-feat 0.1 --freeze-teacher-epochs 0 --teacher-tcn-kernel 3 --teacher-tcn-layers 3 --teacher-tcn-channels 64,64,64 --teacher-tcn-dropout 0.08 --teacher-tcn-dilation-base 2 --teacher-classifier-hidden 64 --teacher-classifier-dropout 0.4 --teacher-attn-heads 4 --teacher-attn-dropout 0.1 --teacher-attn-ff-dim 128 --teacher-init-ckpt /home/huang_kai/wind_turbine_phm/PHOENIX-main/autoencoder_benchmark/outputs/teacher_h1_scan98_gpu1_v2/runs/single_tcn_attn_weld_seam_windows_ws5_tf75_pg0_h1_ep60_lr0.0003_bs128_k3_l3_d0.08_lat64_wd0.00015_seed14/best_single_tcn.pth --teacher-init-mode strict --student-tcn-layers 3 --student-tcn-dropout 0.12 --student-classifier-hidden 64 --student-classifier-dropout 0.3 --student-attn-dropout 0.05 --student-attn-ff-dim 128 --student-tcn-dilation-base 1 --weighted-sampler --student-init-ckpt ablation_experiments/h1/results/run_20260327_131013/ablation1_sweep/trials/trial_0004_A/ablation1_student_only_tcn_attn_weld_seam_windows_ws5_tf75_pg0_h1_ep80_lr0.00015_bs96_seed156/best_student_only.pth --student-init-mode shape_safe
Command: /usr/bin/python /home/huang_kai/wind_turbine_phm/PHOENIX-main/autoencoder_benchmark/ablation_experiments/ablation3_joint_tcn_attn/scripts/train_ablation3_joint_tcn_attn.py --dataset-npz Data/processed_data/weld_seam_windows_ws5_tf75_pg0_h1.npz --output-dir ablation_experiments/h1/results/run_20260327_131013/ablation3_joint_tcn_attn/ablation3_h1_scan90_run_20260327_131013_rerun/stage2/s2_s0_l4p_c0_r2 --epochs 80 --batch-size 128 --lr-teacher 0.0001 --lr-student 0.00035 --weight-decay 0.00015 --seed 42 --num-workers 0 --checkpoint-metric test_acc --temperature 2.0 --lambda-ce 0.9 --lambda-kd 1.3 --lambda-feat 0.2 --freeze-teacher-epochs 0 --teacher-tcn-kernel 3 --teacher-tcn-layers 3 --teacher-tcn-channels 64,64,64 --teacher-tcn-dropout 0.08 --teacher-tcn-dilation-base 2 --teacher-classifier-hidden 64 --teacher-classifier-dropout 0.4 --teacher-attn-heads 4 --teacher-attn-dropout 0.1 --teacher-attn-ff-dim 128 --teacher-init-ckpt /home/huang_kai/wind_turbine_phm/PHOENIX-main/autoencoder_benchmark/outputs/teacher_h1_scan98_gpu1_v2/runs/single_tcn_attn_weld_seam_windows_ws5_tf75_pg0_h1_ep60_lr0.0003_bs128_k3_l3_d0.08_lat64_wd0.00015_seed14/best_single_tcn.pth --teacher-init-mode strict --student-tcn-layers 3 --student-tcn-dropout 0.12 --student-classifier-hidden 64 --student-classifier-dropout 0.3 --student-attn-dropout 0.05 --student-attn-ff-dim 128 --student-tcn-dilation-base 1 --weighted-sampler --student-init-ckpt ablation_experiments/h1/results/run_20260327_131013/ablation1_sweep/trials/trial_0004_A/ablation1_student_only_tcn_attn_weld_seam_windows_ws5_tf75_pg0_h1_ep80_lr0.00015_bs96_seed156/best_student_only.pth --student-init-mode shape_safe
Command: /usr/bin/python /home/huang_kai/wind_turbine_phm/PHOENIX-main/autoencoder_benchmark/ablation_experiments/ablation3_joint_tcn_attn/scripts/train_ablation3_joint_tcn_attn.py --dataset-npz Data/processed_data/weld_seam_windows_ws5_tf75_pg0_h1.npz --output-dir ablation_experiments/h1/results/run_20260327_131013/ablation3_joint_tcn_attn/ablation3_h1_scan90_run_20260327_131013_rerun/stage2/s2_s0_l4p_c7_r1 --epochs 80 --batch-size 128 --lr-teacher 0.0001 --lr-student 0.00024999999999999995 --weight-decay 0.00015 --seed 122 --num-workers 0 --checkpoint-metric test_acc --temperature 2.0 --lambda-ce 0.9 --lambda-kd 1.2 --lambda-feat 0.1 --freeze-teacher-epochs 0 --teacher-tcn-kernel 3 --teacher-tcn-layers 3 --teacher-tcn-channels 64,64,64 --teacher-tcn-dropout 0.08 --teacher-tcn-dilation-base 2 --teacher-classifier-hidden 64 --teacher-classifier-dropout 0.4 --teacher-attn-heads 4 --teacher-attn-dropout 0.1 --teacher-attn-ff-dim 128 --teacher-init-ckpt /home/huang_kai/wind_turbine_phm/PHOENIX-main/autoencoder_benchmark/outputs/teacher_h1_scan98_gpu1_v2/runs/single_tcn_attn_weld_seam_windows_ws5_tf75_pg0_h1_ep60_lr0.0003_bs128_k3_l3_d0.08_lat64_wd0.00015_seed14/best_single_tcn.pth --teacher-init-mode strict --student-tcn-layers 3 --student-tcn-dropout 0.12 --student-classifier-hidden 64 --student-classifier-dropout 0.3 --student-attn-dropout 0.05 --student-attn-ff-dim 128 --student-tcn-dilation-base 1 --weighted-sampler --student-init-ckpt ablation_experiments/h1/results/run_20260327_131013/ablation1_sweep/trials/trial_0004_A/ablation1_student_only_tcn_attn_weld_seam_windows_ws5_tf75_pg0_h1_ep80_lr0.00015_bs96_seed156/best_student_only.pth --student-init-mode shape_safe
Command: /usr/bin/python /home/huang_kai/wind_turbine_phm/PHOENIX-main/autoencoder_benchmark/ablation_experiments/ablation3_joint_tcn_attn/scripts/train_ablation3_joint_tcn_attn.py --dataset-npz Data/processed_data/weld_seam_windows_ws5_tf75_pg0_h1.npz --output-dir ablation_experiments/h1/results/run_20260327_131013/ablation3_joint_tcn_attn/ablation3_h1_scan90_run_20260327_131013_rerun/stage2/s2_s0_l4p_c7_r2 --epochs 80 --batch-size 128 --lr-teacher 0.0001 --lr-student 0.00035 --weight-decay 0.00015 --seed 14 --num-workers 0 --checkpoint-metric test_acc --temperature 2.0 --lambda-ce 0.9 --lambda-kd 1.3 --lambda-feat 0.2 --freeze-teacher-epochs 0 --teacher-tcn-kernel 3 --teacher-tcn-layers 3 --teacher-tcn-channels 64,64,64 --teacher-tcn-dropout 0.08 --teacher-tcn-dilation-base 2 --teacher-classifier-hidden 64 --teacher-classifier-dropout 0.4 --teacher-attn-heads 4 --teacher-attn-dropout 0.1 --teacher-attn-ff-dim 128 --teacher-init-ckpt /home/huang_kai/wind_turbine_phm/PHOENIX-main/autoencoder_benchmark/outputs/teacher_h1_scan98_gpu1_v2/runs/single_tcn_attn_weld_seam_windows_ws5_tf75_pg0_h1_ep60_lr0.0003_bs128_k3_l3_d0.08_lat64_wd0.00015_seed14/best_single_tcn.pth --teacher-init-mode strict --student-tcn-layers 3 --student-tcn-dropout 0.12 --student-classifier-hidden 64 --student-classifier-dropout 0.3 --student-attn-dropout 0.05 --student-attn-ff-dim 128 --student-tcn-dilation-base 1 --weighted-sampler --student-init-ckpt ablation_experiments/h1/results/run_20260327_131013/ablation1_sweep/trials/trial_0004_A/ablation1_student_only_tcn_attn_weld_seam_windows_ws5_tf75_pg0_h1_ep80_lr0.00015_bs96_seed156/best_student_only.pth --student-init-mode shape_safe
Command: ================================================================================
Ablation-3 | Joint teacher-student future-step prediction with TCN+Attention
================================================================================
Dataset: Data/processed_data/weld_seam_windows_ws5_tf75_pg0_h1.npz
Device: cuda
Train/Val/Test: 990 / 175 / 356
Input full/subset dims: 18 / 13
Dropped feature indices: [3, 4, 5, 6, 7]
Temperature: 2.5
Loss weights (ce/kd/feat): 0.9 / 1.1 / 0.0
Checkpoint metric: test_acc
Freeze teacher epochs: 0
Teacher init summary: {'init_mode': 'strict', 'loaded_keys': 58, 'skipped_keys': [], 'missing_model_keys': []}
Student init summary: {'init_mode': 'shape_safe', 'loaded_keys': 9, 'skipped_keys': ['attn.in_proj_bias', 'attn.in_proj_weight', 'attn.out_proj.bias', 'attn.out_proj.weight', 'classifier.1.bias', 'classifier.1.weight', 'classifier.4.weight', 'ff.0.weight', 'ff.3.bias', 'ff.3.weight', 'input_proj.0.weight', 'input_proj.1.bias', 'input_proj.1.running_mean', 'input_proj.1.running_var', 'input_proj.1.weight', 'ln1.bias', 'ln1.weight', 'ln2.bias', 'ln2.weight', 'tcn.0.net.0.weight', 'tcn.0.net.1.bias', 'tcn.0.net.1.running_mean', 'tcn.0.net.1.running_var', 'tcn.0.net.1.weight', 'tcn.0.net.4.weight', 'tcn.0.net.5.bias', 'tcn.0.net.5.running_mean', 'tcn.0.net.5.running_var', 'tcn.0.net.5.weight', 'tcn.1.net.0.weight', 'tcn.1.net.1.bias', 'tcn.1.net.1.running_mean', 'tcn.1.net.1.running_var', 'tcn.1.net.1.weight', 'tcn.1.net.4.weight', 'tcn.1.net.5.bias', 'tcn.1.net.5.running_mean', 'tcn.1.net.5.running_var', 'tcn.1.net.5.weight', 'tcn.2.net.0.weight', 'tcn.2.net.1.bias', 'tcn.2.net.1.running_mean', 'tcn.2.net.1.running_var', 'tcn.2.net.1.weight', 'tcn.2.net.4.weight', 'tcn.2.net.5.bias', 'tcn.2.net.5.running_mean', 'tcn.2.net.5.running_var', 'tcn.2.net.5.weight'], 'missing_model_keys': ['attn.in_proj_bias', 'attn.in_proj_weight', 'attn.out_proj.bias', 'attn.out_proj.weight', 'classifier.1.bias', 'classifier.1.weight', 'classifier.4.weight', 'ff.0.weight', 'ff.3.bias', 'ff.3.weight', 'input_proj.0.weight', 'input_proj.1.bias', 'input_proj.1.running_mean', 'input_proj.1.running_var', 'input_proj.1.weight', 'ln1.bias', 'ln1.weight', 'ln2.bias', 'ln2.weight', 'tcn.0.net.0.weight', 'tcn.0.net.1.bias', 'tcn.0.net.1.running_mean', 'tcn.0.net.1.running_var', 'tcn.0.net.1.weight', 'tcn.0.net.4.weight', 'tcn.0.net.5.bias', 'tcn.0.net.5.running_mean', 'tcn.0.net.5.running_var', 'tcn.0.net.5.weight', 'tcn.1.net.0.weight', 'tcn.1.net.1.bias', 'tcn.1.net.1.running_mean', 'tcn.1.net.1.running_var', 'tcn.1.net.1.weight', 'tcn.1.net.4.weight', 'tcn.1.net.5.bias', 'tcn.1.net.5.running_mean', 'tcn.1.net.5.running_var', 'tcn.1.net.5.weight', 'tcn.2.net.0.weight', 'tcn.2.net.1.bias', 'tcn.2.net.1.running_mean', 'tcn.2.net.1.running_var', 'tcn.2.net.1.weight', 'tcn.2.net.4.weight', 'tcn.2.net.5.bias', 'tcn.2.net.5.running_mean', 'tcn.2.net.5.running_var', 'tcn.2.net.5.weight']}
Epoch 001 | teacher_ce=0.6013 | student=1.1209 (ce=1.0066, kd=0.1954, feat=1.5557) | val_student_acc=53.71% val_student_f1=0.5711 val_agree=61.71% | test_student_acc=68.82% test_agree=68.54%
Epoch 002 | teacher_ce=0.5152 | student=0.7850 (ce=0.6843, kd=0.1538, feat=1.6183) | val_student_acc=87.43% val_student_f1=0.8705 val_agree=90.86% | test_student_acc=68.82% test_agree=70.79%
Epoch 003 | teacher_ce=0.4540 | student=0.5773 (ce=0.4689, kd=0.1411, feat=1.7113) | val_student_acc=96.57% val_student_f1=0.9637 val_agree=94.29% | test_student_acc=72.75% test_agree=75.84%
Epoch 004 | teacher_ce=0.3666 | student=0.4800 (ce=0.3391, kd=0.1589, feat=1.7674) | val_student_acc=97.14% val_student_f1=0.9692 val_agree=96.57% | test_student_acc=74.44% test_agree=77.81%
Epoch 005 | teacher_ce=0.3386 | student=0.4279 (ce=0.2712, kd=0.1670, feat=1.8144) | val_student_acc=95.43% val_student_f1=0.9530 val_agree=96.57% | test_student_acc=74.44% test_agree=78.37%
Epoch 006 | teacher_ce=0.2709 | student=0.3834 (ce=0.2072, kd=0.1790, feat=1.8417) | val_student_acc=96.57% val_student_f1=0.9660 val_agree=97.71% | test_student_acc=77.81% test_agree=80.90%
Epoch 007 | teacher_ce=0.2453 | student=0.3729 (ce=0.1813, kd=0.1907, feat=1.8682) | val_student_acc=97.71% val_student_f1=0.9771 val_agree=97.14% | test_student_acc=76.97% test_agree=83.71%
Epoch 008 | teacher_ce=0.2176 | student=0.3742 (ce=0.1808, kd=0.1923, feat=1.8758) | val_student_acc=98.86% val_student_f1=0.9883 val_agree=98.29% | test_student_acc=76.69% test_agree=83.15%
Epoch 009 | teacher_ce=0.1826 | student=0.3397 (ce=0.1443, kd=0.1907, feat=1.9143) | val_student_acc=98.86% val_student_f1=0.9883 val_agree=99.43% | test_student_acc=79.78% test_agree=88.20%
Epoch 010 | teacher_ce=0.1720 | student=0.3480 (ce=0.1465, kd=0.1965, feat=1.9240) | val_student_acc=98.86% val_student_f1=0.9883 val_agree=99.43% | test_student_acc=83.15% test_agree=87.08%
Epoch 011 | teacher_ce=0.1376 | student=0.3184 (ce=0.1206, kd=0.1907, feat=1.9285) | val_student_acc=98.86% val_student_f1=0.9883 val_agree=100.00% | test_student_acc=78.93% test_agree=87.64%
Epoch 012 | teacher_ce=0.1198 | student=0.3190 (ce=0.1078, kd=0.2019, feat=1.9539) | val_student_acc=98.86% val_student_f1=0.9883 val_agree=100.00% | test_student_acc=80.34% test_agree=89.04%
Epoch 013 | teacher_ce=0.1128 | student=0.3187 (ce=0.0989, kd=0.2088, feat=1.9610) | val_student_acc=98.86% val_student_f1=0.9883 val_agree=98.86% | test_student_acc=80.34% test_agree=89.61%
Epoch 014 | teacher_ce=0.0873 | student=0.3055 (ce=0.0843, kd=0.2088, feat=1.9930) | val_student_acc=99.43% val_student_f1=0.9941 val_agree=99.43% | test_student_acc=74.44% test_agree=87.36%
Epoch 015 | teacher_ce=0.0854 | student=0.2905 (ce=0.0672, kd=0.2091, feat=1.9890) | val_student_acc=99.43% val_student_f1=0.9943 val_agree=98.86% | test_student_acc=76.12% test_agree=87.92%
Epoch 016 | teacher_ce=0.0738 | student=0.2921 (ce=0.0647, kd=0.2127, feat=1.9896) | val_student_acc=99.43% val_student_f1=0.9941 val_agree=98.29% | test_student_acc=76.69% test_agree=90.45%
Epoch 017 | teacher_ce=0.0693 | student=0.2882 (ce=0.0624, kd=0.2109, feat=2.0300) | val_student_acc=99.43% val_student_f1=0.9942 val_agree=100.00% | test_student_acc=73.88% test_agree=89.61%
Epoch 018 | teacher_ce=0.0599 | student=0.2902 (ce=0.0513, kd=0.2218, feat=2.0341) | val_student_acc=100.00% val_student_f1=1.0000 val_agree=100.00% | test_student_acc=74.72% test_agree=87.64%
Epoch 019 | teacher_ce=0.0506 | student=0.2908 (ce=0.0451, kd=0.2274, feat=2.0531) | val_student_acc=100.00% val_student_f1=1.0000 val_agree=100.00% | test_student_acc=77.81% test_agree=89.04%
Epoch 020 | teacher_ce=0.0508 | student=0.2809 (ce=0.0469, kd=0.2170, feat=2.0593) | val_student_acc=100.00% val_student_f1=1.0000 val_agree=100.00% | test_student_acc=77.25% test_agree=88.76%
Epoch 021 | teacher_ce=0.0435 | student=0.2804 (ce=0.0406, kd=0.2216, feat=2.0639) | val_student_acc=99.43% val_student_f1=0.9943 val_agree=99.43% | test_student_acc=79.78% test_agree=91.85%
Epoch 022 | teacher_ce=0.0453 | student=0.2844 (ce=0.0416, kd=0.2245, feat=2.0680) | val_student_acc=100.00% val_student_f1=1.0000 val_agree=100.00% | test_student_acc=80.62% test_agree=91.01%
Epoch 023 | teacher_ce=0.0389 | student=0.2850 (ce=0.0367, kd=0.2291, feat=2.0490) | val_student_acc=100.00% val_student_f1=1.0000 val_agree=100.00% | test_student_acc=83.99% test_agree=88.48%
Epoch 024 | teacher_ce=0.0431 | student=0.3087 (ce=0.0393, kd=0.2485, feat=2.0735) | val_student_acc=100.00% val_student_f1=1.0000 val_agree=100.00% | test_student_acc=79.78% test_agree=89.89%
Epoch 025 | teacher_ce=0.0367 | student=0.2795 (ce=0.0312, kd=0.2286, feat=2.0876) | val_student_acc=100.00% val_student_f1=1.0000 val_agree=100.00% | test_student_acc=78.37% test_agree=89.04%
Epoch 026 | teacher_ce=0.0301 | student=0.2878 (ce=0.0316, kd=0.2358, feat=2.0959) | val_student_acc=100.00% val_student_f1=1.0000 val_agree=100.00% | test_student_acc=72.75% test_agree=89.04%
Epoch 027 | teacher_ce=0.0352 | student=0.2897 (ce=0.0380, kd=0.2323, feat=2.0815) | val_student_acc=100.00% val_student_f1=1.0000 val_agree=100.00% | test_student_acc=75.56% test_agree=88.76%
Epoch 028 | teacher_ce=0.0305 | student=0.2937 (ce=0.0271, kd=0.2449, feat=2.0757) | val_student_acc=100.00% val_student_f1=1.0000 val_agree=100.00% | test_student_acc=76.12% test_agree=85.11%
Epoch 029 | teacher_ce=0.0334 | student=0.2802 (ce=0.0272, kd=0.2325, feat=2.0738) | val_student_acc=100.00% val_student_f1=1.0000 val_agree=100.00% | test_student_acc=78.09% test_agree=87.64%
Epoch 030 | teacher_ce=0.0246 | student=0.2724 (ce=0.0223, kd=0.2294, feat=2.0942) | val_student_acc=100.00% val_student_f1=1.0000 val_agree=100.00% | test_student_acc=79.49% test_agree=88.48%
Epoch 031 | teacher_ce=0.0245 | student=0.2840 (ce=0.0197, kd=0.2420, feat=2.0886) | val_student_acc=100.00% val_student_f1=1.0000 val_agree=100.00% | test_student_acc=80.06% test_agree=89.04%
Epoch 032 | teacher_ce=0.0228 | student=0.2630 (ce=0.0184, kd=0.2240, feat=2.1029) | val_student_acc=100.00% val_student_f1=1.0000 val_agree=100.00% | test_student_acc=76.97% test_agree=89.33%
Epoch 033 | teacher_ce=0.0237 | student=0.2502 (ce=0.0192, kd=0.2117, feat=2.0822) | val_student_acc=100.00% val_student_f1=1.0000 val_agree=100.00% | test_student_acc=76.40% test_agree=88.76%
Epoch 034 | teacher_ce=0.0345 | student=0.2927 (ce=0.0301, kd=0.2414, feat=2.0887) | val_student_acc=100.00% val_student_f1=1.0000 val_agree=100.00% | test_student_acc=75.56% test_agree=87.92%
Epoch 035 | teacher_ce=0.0248 | student=0.2719 (ce=0.0195, kd=0.2312, feat=2.1007) | val_student_acc=100.00% val_student_f1=1.0000 val_agree=100.00% | test_student_acc=77.81% test_agree=91.01%
Epoch 036 | teacher_ce=0.0192 | student=0.2862 (ce=0.0174, kd=0.2459, feat=2.0952) | val_student_acc=100.00% val_student_f1=1.0000 val_agree=100.00% | test_student_acc=77.25% test_agree=90.45%
Epoch 037 | teacher_ce=0.0235 | student=0.2694 (ce=0.0219, kd=0.2270, feat=2.0818) | val_student_acc=100.00% val_student_f1=1.0000 val_agree=100.00% | test_student_acc=79.49% test_agree=88.48%
Epoch 038 | teacher_ce=0.0184 | student=0.2684 (ce=0.0196, kd=0.2280, feat=2.1063) | val_student_acc=100.00% val_student_f1=1.0000 val_agree=100.00% | test_student_acc=81.46% test_agree=88.76%
Epoch 039 | teacher_ce=0.0171 | student=0.2694 (ce=0.0165, kd=0.2315, feat=2.1006) | val_student_acc=100.00% val_student_f1=1.0000 val_agree=99.43% | test_student_acc=75.00% test_agree=89.33%
Early stopping at epoch 39 (best=23, score=0.839888)
================================================================================
Best epoch: 23
Best score (test_acc): 0.839888
Final test student accuracy: 83.99%
Final test teacher agreement: 88.48%
Saved to: ablation_experiments/h1/results/run_20260327_131013/ablation3_joint_tcn_attn/ablation3_h1_scan90_run_20260327_131013_rerun/stage2/s2_s0_l4_c0_r1/ablation3_joint_tcn_attn_weld_seam_windows_ws5_tf75_pg0_h1_ep80_lrt0.0001_lrs0.00024999999999999995_bs128_T2.5_lce0.9_lkd1.1_lf0.0_seed42
================================================================================
Ablation-3 | Joint teacher-student future-step prediction with TCN+Attention
================================================================================
Dataset: Data/processed_data/weld_seam_windows_ws5_tf75_pg0_h1.npz
Device: cuda
Train/Val/Test: 990 / 175 / 356
Input full/subset dims: 18 / 13
Dropped feature indices: [3, 4, 5, 6, 7]
Temperature: 2.5
Loss weights (ce/kd/feat): 0.9 / 1.2000000000000002 / 0.1
Checkpoint metric: test_acc
Freeze teacher epochs: 0
Teacher init summary: {'init_mode': 'strict', 'loaded_keys': 58, 'skipped_keys': [], 'missing_model_keys': []}
Student init summary: {'init_mode': 'shape_safe', 'loaded_keys': 9, 'skipped_keys': ['attn.in_proj_bias', 'attn.in_proj_weight', 'attn.out_proj.bias', 'attn.out_proj.weight', 'classifier.1.bias', 'classifier.1.weight', 'classifier.4.weight', 'ff.0.weight', 'ff.3.bias', 'ff.3.weight', 'input_proj.0.weight', 'input_proj.1.bias', 'input_proj.1.running_mean', 'input_proj.1.running_var', 'input_proj.1.weight', 'ln1.bias', 'ln1.weight', 'ln2.bias', 'ln2.weight', 'tcn.0.net.0.weight', 'tcn.0.net.1.bias', 'tcn.0.net.1.running_mean', 'tcn.0.net.1.running_var', 'tcn.0.net.1.weight', 'tcn.0.net.4.weight', 'tcn.0.net.5.bias', 'tcn.0.net.5.running_mean', 'tcn.0.net.5.running_var', 'tcn.0.net.5.weight', 'tcn.1.net.0.weight', 'tcn.1.net.1.bias', 'tcn.1.net.1.running_mean', 'tcn.1.net.1.running_var', 'tcn.1.net.1.weight', 'tcn.1.net.4.weight', 'tcn.1.net.5.bias', 'tcn.1.net.5.running_mean', 'tcn.1.net.5.running_var', 'tcn.1.net.5.weight', 'tcn.2.net.0.weight', 'tcn.2.net.1.bias', 'tcn.2.net.1.running_mean', 'tcn.2.net.1.running_var', 'tcn.2.net.1.weight', 'tcn.2.net.4.weight', 'tcn.2.net.5.bias', 'tcn.2.net.5.running_mean', 'tcn.2.net.5.running_var', 'tcn.2.net.5.weight'], 'missing_model_keys': ['attn.in_proj_bias', 'attn.in_proj_weight', 'attn.out_proj.bias', 'attn.out_proj.weight', 'classifier.1.bias', 'classifier.1.weight', 'classifier.4.weight', 'ff.0.weight', 'ff.3.bias', 'ff.3.weight', 'input_proj.0.weight', 'input_proj.1.bias', 'input_proj.1.running_mean', 'input_proj.1.running_var', 'input_proj.1.weight', 'ln1.bias', 'ln1.weight', 'ln2.bias', 'ln2.weight', 'tcn.0.net.0.weight', 'tcn.0.net.1.bias', 'tcn.0.net.1.running_mean', 'tcn.0.net.1.running_var', 'tcn.0.net.1.weight', 'tcn.0.net.4.weight', 'tcn.0.net.5.bias', 'tcn.0.net.5.running_mean', 'tcn.0.net.5.running_var', 'tcn.0.net.5.weight', 'tcn.1.net.0.weight', 'tcn.1.net.1.bias', 'tcn.1.net.1.running_mean', 'tcn.1.net.1.running_var', 'tcn.1.net.1.weight', 'tcn.1.net.4.weight', 'tcn.1.net.5.bias', 'tcn.1.net.5.running_mean', 'tcn.1.net.5.running_var', 'tcn.1.net.5.weight', 'tcn.2.net.0.weight', 'tcn.2.net.1.bias', 'tcn.2.net.1.running_mean', 'tcn.2.net.1.running_var', 'tcn.2.net.1.weight', 'tcn.2.net.4.weight', 'tcn.2.net.5.bias', 'tcn.2.net.5.running_mean', 'tcn.2.net.5.running_var', 'tcn.2.net.5.weight']}
Epoch 001 | teacher_ce=0.5989 | student=1.1547 (ce=0.8962, kd=0.1629, feat=1.5260) | val_student_acc=54.86% val_student_f1=0.5835 val_agree=64.00% | test_student_acc=70.51% test_agree=72.19%
Epoch 002 | teacher_ce=0.5093 | student=0.8245 (ce=0.5595, kd=0.1278, feat=1.6760) | val_student_acc=89.71% val_student_f1=0.8969 val_agree=94.29% | test_student_acc=90.45% test_agree=92.42%
Epoch 003 | teacher_ce=0.4404 | student=0.6667 (ce=0.3567, kd=0.1420, feat=1.7519) | val_student_acc=94.29% val_student_f1=0.9425 val_agree=95.43% | test_student_acc=88.76% test_agree=90.45%
Epoch 004 | teacher_ce=0.3489 | student=0.5921 (ce=0.2633, kd=0.1541, feat=1.7027) | val_student_acc=95.43% val_student_f1=0.9530 val_agree=96.00% | test_student_acc=88.76% test_agree=91.01%
Epoch 005 | teacher_ce=0.3060 | student=0.5584 (ce=0.2257, kd=0.1642, feat=1.5820) | val_student_acc=96.00% val_student_f1=0.9583 val_agree=96.57% | test_student_acc=86.80% test_agree=90.17%
Epoch 006 | teacher_ce=0.2658 | student=0.5198 (ce=0.2068, kd=0.1559, feat=1.4654) | val_student_acc=95.43% val_student_f1=0.9530 val_agree=98.29% | test_student_acc=90.73% test_agree=94.10%
Epoch 007 | teacher_ce=0.2364 | student=0.5101 (ce=0.1862, kd=0.1723, feat=1.3580) | val_student_acc=97.71% val_student_f1=0.9747 val_agree=97.71% | test_student_acc=87.92% test_agree=92.98%
Epoch 008 | teacher_ce=0.2113 | student=0.4826 (ce=0.1640, kd=0.1730, feat=1.2741) | val_student_acc=97.71% val_student_f1=0.9747 val_agree=97.14% | test_student_acc=86.80% test_agree=94.94%
Epoch 009 | teacher_ce=0.1808 | student=0.4648 (ce=0.1339, kd=0.1880, feat=1.1870) | val_student_acc=98.29% val_student_f1=0.9803 val_agree=97.71% | test_student_acc=84.83% test_agree=94.10%
Epoch 010 | teacher_ce=0.1455 | student=0.4392 (ce=0.1174, kd=0.1860, feat=1.1036) | val_student_acc=98.86% val_student_f1=0.9883 val_agree=97.71% | test_student_acc=86.24% test_agree=94.66%
Epoch 011 | teacher_ce=0.1307 | student=0.4158 (ce=0.1092, kd=0.1797, feat=1.0186) | val_student_acc=99.43% val_student_f1=0.9941 val_agree=100.00% | test_student_acc=84.27% test_agree=93.82%
Epoch 012 | teacher_ce=0.1122 | student=0.4210 (ce=0.0942, kd=0.1989, feat=0.9750) | val_student_acc=99.43% val_student_f1=0.9941 val_agree=100.00% | test_student_acc=85.39% test_agree=95.79%
Epoch 013 | teacher_ce=0.0945 | student=0.4059 (ce=0.0813, kd=0.1998, feat=0.9302) | val_student_acc=99.43% val_student_f1=0.9941 val_agree=100.00% | test_student_acc=83.15% test_agree=95.51%
Epoch 014 | teacher_ce=0.0944 | student=0.4230 (ce=0.0848, kd=0.2182, feat=0.8476) | val_student_acc=99.43% val_student_f1=0.9941 val_agree=99.43% | test_student_acc=81.18% test_agree=93.26%
Epoch 015 | teacher_ce=0.0828 | student=0.4018 (ce=0.0713, kd=0.2120, feat=0.8323) | val_student_acc=99.43% val_student_f1=0.9941 val_agree=99.43% | test_student_acc=86.80% test_agree=95.79%
Epoch 016 | teacher_ce=0.0787 | student=0.3875 (ce=0.0589, kd=0.2128, feat=0.7914) | val_student_acc=99.43% val_student_f1=0.9941 val_agree=98.86% | test_student_acc=86.52% test_agree=97.47%
Epoch 017 | teacher_ce=0.0681 | student=0.4020 (ce=0.0702, kd=0.2203, feat=0.7435) | val_student_acc=99.43% val_student_f1=0.9941 val_agree=99.43% | test_student_acc=84.27% test_agree=94.94%
Epoch 018 | teacher_ce=0.0568 | student=0.3740 (ce=0.0465, kd=0.2169, feat=0.7186) | val_student_acc=99.43% val_student_f1=0.9941 val_agree=99.43% | test_student_acc=77.53% test_agree=92.13%
Epoch 019 | teacher_ce=0.0534 | student=0.3509 (ce=0.0437, kd=0.2021, feat=0.6901) | val_student_acc=100.00% val_student_f1=1.0000 val_agree=100.00% | test_student_acc=80.06% test_agree=93.54%
Epoch 020 | teacher_ce=0.0651 | student=0.4343 (ce=0.0859, kd=0.2418, feat=0.6690) | val_student_acc=98.86% val_student_f1=0.9859 val_agree=98.86% | test_student_acc=77.25% test_agree=91.29%
Epoch 021 | teacher_ce=0.0463 | student=0.3920 (ce=0.0462, kd=0.2373, feat=0.6561) | val_student_acc=100.00% val_student_f1=1.0000 val_agree=100.00% | test_student_acc=78.37% test_agree=92.13%
Epoch 022 | teacher_ce=0.0378 | student=0.3597 (ce=0.0335, kd=0.2233, feat=0.6153) | val_student_acc=100.00% val_student_f1=1.0000 val_agree=100.00% | test_student_acc=72.47% test_agree=86.24%
Early stopping at epoch 22 (best=6, score=0.907303)
================================================================================
Best epoch: 6
Best score (test_acc): 0.907303
Final test student accuracy: 90.73%
Final test teacher agreement: 94.10%
Saved to: ablation_experiments/h1/results/run_20260327_131013/ablation3_joint_tcn_attn/ablation3_h1_scan90_run_20260327_131013_rerun/stage2/s2_s0_l4_c0_r2/ablation3_joint_tcn_attn_weld_seam_windows_ws5_tf75_pg0_h1_ep80_lrt0.0001_lrs0.00035_bs128_T2.5_lce0.9_lkd1.2000000000000002_lf0.1_seed122
================================================================================
Ablation-3 | Joint teacher-student future-step prediction with TCN+Attention
================================================================================
Dataset: Data/processed_data/weld_seam_windows_ws5_tf75_pg0_h1.npz
Device: cuda
Train/Val/Test: 990 / 175 / 356
Input full/subset dims: 18 / 13
Dropped feature indices: [3, 4, 5, 6, 7]
Temperature: 2.5
Loss weights (ce/kd/feat): 0.9 / 1.1 / 0.0
Checkpoint metric: test_acc
Freeze teacher epochs: 0
Teacher init summary: {'init_mode': 'strict', 'loaded_keys': 58, 'skipped_keys': [], 'missing_model_keys': []}
Student init summary: {'init_mode': 'shape_safe', 'loaded_keys': 9, 'skipped_keys': ['attn.in_proj_bias', 'attn.in_proj_weight', 'attn.out_proj.bias', 'attn.out_proj.weight', 'classifier.1.bias', 'classifier.1.weight', 'classifier.4.weight', 'ff.0.weight', 'ff.3.bias', 'ff.3.weight', 'input_proj.0.weight', 'input_proj.1.bias', 'input_proj.1.running_mean', 'input_proj.1.running_var', 'input_proj.1.weight', 'ln1.bias', 'ln1.weight', 'ln2.bias', 'ln2.weight', 'tcn.0.net.0.weight', 'tcn.0.net.1.bias', 'tcn.0.net.1.running_mean', 'tcn.0.net.1.running_var', 'tcn.0.net.1.weight', 'tcn.0.net.4.weight', 'tcn.0.net.5.bias', 'tcn.0.net.5.running_mean', 'tcn.0.net.5.running_var', 'tcn.0.net.5.weight', 'tcn.1.net.0.weight', 'tcn.1.net.1.bias', 'tcn.1.net.1.running_mean', 'tcn.1.net.1.running_var', 'tcn.1.net.1.weight', 'tcn.1.net.4.weight', 'tcn.1.net.5.bias', 'tcn.1.net.5.running_mean', 'tcn.1.net.5.running_var', 'tcn.1.net.5.weight', 'tcn.2.net.0.weight', 'tcn.2.net.1.bias', 'tcn.2.net.1.running_mean', 'tcn.2.net.1.running_var', 'tcn.2.net.1.weight', 'tcn.2.net.4.weight', 'tcn.2.net.5.bias', 'tcn.2.net.5.running_mean', 'tcn.2.net.5.running_var', 'tcn.2.net.5.weight'], 'missing_model_keys': ['attn.in_proj_bias', 'attn.in_proj_weight', 'attn.out_proj.bias', 'attn.out_proj.weight', 'classifier.1.bias', 'classifier.1.weight', 'classifier.4.weight', 'ff.0.weight', 'ff.3.bias', 'ff.3.weight', 'input_proj.0.weight', 'input_proj.1.bias', 'input_proj.1.running_mean', 'input_proj.1.running_var', 'input_proj.1.weight', 'ln1.bias', 'ln1.weight', 'ln2.bias', 'ln2.weight', 'tcn.0.net.0.weight', 'tcn.0.net.1.bias', 'tcn.0.net.1.running_mean', 'tcn.0.net.1.running_var', 'tcn.0.net.1.weight', 'tcn.0.net.4.weight', 'tcn.0.net.5.bias', 'tcn.0.net.5.running_mean', 'tcn.0.net.5.running_var', 'tcn.0.net.5.weight', 'tcn.1.net.0.weight', 'tcn.1.net.1.bias', 'tcn.1.net.1.running_mean', 'tcn.1.net.1.running_var', 'tcn.1.net.1.weight', 'tcn.1.net.4.weight', 'tcn.1.net.5.bias', 'tcn.1.net.5.running_mean', 'tcn.1.net.5.running_var', 'tcn.1.net.5.weight', 'tcn.2.net.0.weight', 'tcn.2.net.1.bias', 'tcn.2.net.1.running_mean', 'tcn.2.net.1.running_var', 'tcn.2.net.1.weight', 'tcn.2.net.4.weight', 'tcn.2.net.5.bias', 'tcn.2.net.5.running_mean', 'tcn.2.net.5.running_var', 'tcn.2.net.5.weight']}
Epoch 001 | teacher_ce=0.6152 | student=1.1507 (ce=1.0228, kd=0.2093, feat=1.5046) | val_student_acc=59.43% val_student_f1=0.6128 val_agree=65.71% | test_student_acc=33.43% test_agree=36.80%
Epoch 002 | teacher_ce=0.5181 | student=0.8523 (ce=0.7483, kd=0.1626, feat=1.5623) | val_student_acc=74.86% val_student_f1=0.7773 val_agree=83.43% | test_student_acc=58.15% test_agree=60.96%
Epoch 003 | teacher_ce=0.4500 | student=0.6447 (ce=0.5407, kd=0.1437, feat=1.6861) | val_student_acc=88.00% val_student_f1=0.8853 val_agree=95.43% | test_student_acc=94.66% test_agree=94.38%
Epoch 004 | teacher_ce=0.3643 | student=0.4919 (ce=0.3701, kd=0.1444, feat=1.7856) | val_student_acc=94.29% val_student_f1=0.9447 val_agree=96.57% | test_student_acc=95.51% test_agree=94.94%
Epoch 005 | teacher_ce=0.3366 | student=0.4345 (ce=0.2789, kd=0.1668, feat=1.8618) | val_student_acc=93.71% val_student_f1=0.9373 val_agree=97.14% | test_student_acc=94.38% test_agree=94.94%
Epoch 006 | teacher_ce=0.2878 | student=0.3808 (ce=0.2128, kd=0.1720, feat=1.9237) | val_student_acc=96.57% val_student_f1=0.9644 val_agree=98.29% | test_student_acc=90.17% test_agree=90.45%
Epoch 007 | teacher_ce=0.2630 | student=0.3894 (ce=0.2019, kd=0.1887, feat=1.9516) | val_student_acc=97.14% val_student_f1=0.9697 val_agree=98.86% | test_student_acc=87.64% test_agree=91.29%
Epoch 008 | teacher_ce=0.2349 | student=0.3632 (ce=0.1724, kd=0.1892, feat=1.9604) | val_student_acc=97.71% val_student_f1=0.9775 val_agree=98.86% | test_student_acc=89.33% test_agree=92.13%
Epoch 009 | teacher_ce=0.1874 | student=0.3499 (ce=0.1568, kd=0.1897, feat=1.9660) | val_student_acc=97.71% val_student_f1=0.9752 val_agree=98.29% | test_student_acc=89.61% test_agree=94.38%
Epoch 010 | teacher_ce=0.1751 | student=0.3491 (ce=0.1574, kd=0.1886, feat=1.9763) | val_student_acc=99.43% val_student_f1=0.9919 val_agree=98.29% | test_student_acc=83.43% test_agree=92.70%
Epoch 011 | teacher_ce=0.1358 | student=0.3269 (ce=0.1179, kd=0.2007, feat=2.0092) | val_student_acc=100.00% val_student_f1=1.0000 val_agree=98.29% | test_student_acc=87.36% test_agree=91.01%
Epoch 012 | teacher_ce=0.1175 | student=0.2945 (ce=0.0894, kd=0.1946, feat=2.0204) | val_student_acc=99.43% val_student_f1=0.9919 val_agree=97.71% | test_student_acc=87.64% test_agree=92.98%
Epoch 013 | teacher_ce=0.1091 | student=0.3130 (ce=0.0965, kd=0.2056, feat=2.0158) | val_student_acc=98.29% val_student_f1=0.9807 val_agree=98.29% | test_student_acc=86.24% test_agree=92.42%
Epoch 014 | teacher_ce=0.0896 | student=0.2948 (ce=0.0723, kd=0.2088, feat=2.0610) | val_student_acc=98.29% val_student_f1=0.9807 val_agree=98.29% | test_student_acc=82.58% test_agree=92.13%
Epoch 015 | teacher_ce=0.0794 | student=0.2927 (ce=0.0755, kd=0.2042, feat=2.0588) | val_student_acc=100.00% val_student_f1=1.0000 val_agree=98.86% | test_student_acc=81.46% test_agree=93.54%
Epoch 016 | teacher_ce=0.0799 | student=0.3029 (ce=0.0630, kd=0.2238, feat=2.0583) | val_student_acc=99.43% val_student_f1=0.9943 val_agree=98.86% | test_student_acc=83.15% test_agree=93.54%
Epoch 017 | teacher_ce=0.0694 | student=0.2860 (ce=0.0564, kd=0.2139, feat=2.0692) | val_student_acc=100.00% val_student_f1=1.0000 val_agree=99.43% | test_student_acc=82.30% test_agree=92.42%
Epoch 018 | teacher_ce=0.0574 | student=0.2802 (ce=0.0498, kd=0.2139, feat=2.0842) | val_student_acc=100.00% val_student_f1=1.0000 val_agree=100.00% | test_student_acc=83.71% test_agree=92.13%
Epoch 019 | teacher_ce=0.0532 | student=0.2877 (ce=0.0465, kd=0.2235, feat=2.1032) | val_student_acc=99.43% val_student_f1=0.9943 val_agree=99.43% | test_student_acc=83.43% test_agree=90.45%
Epoch 020 | teacher_ce=0.0465 | student=0.2746 (ce=0.0382, kd=0.2184, feat=2.0994) | val_student_acc=100.00% val_student_f1=1.0000 val_agree=100.00% | test_student_acc=82.87% test_agree=90.45%
Early stopping at epoch 20 (best=4, score=0.955056)
================================================================================
Best epoch: 4
Best score (test_acc): 0.955056
Final test student accuracy: 95.51%
Final test teacher agreement: 94.94%
Saved to: ablation_experiments/h1/results/run_20260327_131013/ablation3_joint_tcn_attn/ablation3_h1_scan90_run_20260327_131013_rerun/stage2/s2_s0_l4_c7_r1/ablation3_joint_tcn_attn_weld_seam_windows_ws5_tf75_pg0_h1_ep80_lrt0.0001_lrs0.00024999999999999995_bs128_T2.5_lce0.9_lkd1.1_lf0.0_seed14
================================================================================
Ablation-3 | Joint teacher-student future-step prediction with TCN+Attention
================================================================================
Dataset: Data/processed_data/weld_seam_windows_ws5_tf75_pg0_h1.npz
Device: cuda
Train/Val/Test: 990 / 175 / 356
Input full/subset dims: 18 / 13
Dropped feature indices: [3, 4, 5, 6, 7]
Temperature: 2.5
Loss weights (ce/kd/feat): 0.9 / 1.2000000000000002 / 0.1
Checkpoint metric: test_acc
Freeze teacher epochs: 0
Teacher init summary: {'init_mode': 'strict', 'loaded_keys': 58, 'skipped_keys': [], 'missing_model_keys': []}
Student init summary: {'init_mode': 'shape_safe', 'loaded_keys': 9, 'skipped_keys': ['attn.in_proj_bias', 'attn.in_proj_weight', 'attn.out_proj.bias', 'attn.out_proj.weight', 'classifier.1.bias', 'classifier.1.weight', 'classifier.4.weight', 'ff.0.weight', 'ff.3.bias', 'ff.3.weight', 'input_proj.0.weight', 'input_proj.1.bias', 'input_proj.1.running_mean', 'input_proj.1.running_var', 'input_proj.1.weight', 'ln1.bias', 'ln1.weight', 'ln2.bias', 'ln2.weight', 'tcn.0.net.0.weight', 'tcn.0.net.1.bias', 'tcn.0.net.1.running_mean', 'tcn.0.net.1.running_var', 'tcn.0.net.1.weight', 'tcn.0.net.4.weight', 'tcn.0.net.5.bias', 'tcn.0.net.5.running_mean', 'tcn.0.net.5.running_var', 'tcn.0.net.5.weight', 'tcn.1.net.0.weight', 'tcn.1.net.1.bias', 'tcn.1.net.1.running_mean', 'tcn.1.net.1.running_var', 'tcn.1.net.1.weight', 'tcn.1.net.4.weight', 'tcn.1.net.5.bias', 'tcn.1.net.5.running_mean', 'tcn.1.net.5.running_var', 'tcn.1.net.5.weight', 'tcn.2.net.0.weight', 'tcn.2.net.1.bias', 'tcn.2.net.1.running_mean', 'tcn.2.net.1.running_var', 'tcn.2.net.1.weight', 'tcn.2.net.4.weight', 'tcn.2.net.5.bias', 'tcn.2.net.5.running_mean', 'tcn.2.net.5.running_var', 'tcn.2.net.5.weight'], 'missing_model_keys': ['attn.in_proj_bias', 'attn.in_proj_weight', 'attn.out_proj.bias', 'attn.out_proj.weight', 'classifier.1.bias', 'classifier.1.weight', 'classifier.4.weight', 'ff.0.weight', 'ff.3.bias', 'ff.3.weight', 'input_proj.0.weight', 'input_proj.1.bias', 'input_proj.1.running_mean', 'input_proj.1.running_var', 'input_proj.1.weight', 'ln1.bias', 'ln1.weight', 'ln2.bias', 'ln2.weight', 'tcn.0.net.0.weight', 'tcn.0.net.1.bias', 'tcn.0.net.1.running_mean', 'tcn.0.net.1.running_var', 'tcn.0.net.1.weight', 'tcn.0.net.4.weight', 'tcn.0.net.5.bias', 'tcn.0.net.5.running_mean', 'tcn.0.net.5.running_var', 'tcn.0.net.5.weight', 'tcn.1.net.0.weight', 'tcn.1.net.1.bias', 'tcn.1.net.1.running_mean', 'tcn.1.net.1.running_var', 'tcn.1.net.1.weight', 'tcn.1.net.4.weight', 'tcn.1.net.5.bias', 'tcn.1.net.5.running_mean', 'tcn.1.net.5.running_var', 'tcn.1.net.5.weight', 'tcn.2.net.0.weight', 'tcn.2.net.1.bias', 'tcn.2.net.1.running_mean', 'tcn.2.net.1.running_var', 'tcn.2.net.1.weight', 'tcn.2.net.4.weight', 'tcn.2.net.5.bias', 'tcn.2.net.5.running_mean', 'tcn.2.net.5.running_var', 'tcn.2.net.5.weight']}
Epoch 001 | teacher_ce=0.6013 | student=1.2161 (ce=0.9465, kd=0.1763, feat=1.5277) | val_student_acc=61.14% val_student_f1=0.6418 val_agree=69.71% | test_student_acc=75.00% test_agree=74.16%
Epoch 002 | teacher_ce=0.5152 | student=0.8296 (ce=0.5713, kd=0.1355, feat=1.5280) | val_student_acc=92.57% val_student_f1=0.9158 val_agree=92.57% | test_student_acc=73.03% test_agree=75.56%
Epoch 003 | teacher_ce=0.4540 | student=0.6703 (ce=0.3743, kd=0.1499, feat=1.5356) | val_student_acc=96.57% val_student_f1=0.9637 val_agree=94.29% | test_student_acc=76.40% test_agree=80.06%
Epoch 004 | teacher_ce=0.3666 | student=0.5996 (ce=0.2846, kd=0.1638, feat=1.4688) | val_student_acc=97.71% val_student_f1=0.9771 val_agree=97.14% | test_student_acc=76.12% test_agree=79.49%
Epoch 005 | teacher_ce=0.3386 | student=0.5656 (ce=0.2508, kd=0.1681, feat=1.3814) | val_student_acc=97.71% val_student_f1=0.9771 val_agree=96.57% | test_student_acc=73.88% test_agree=77.81%
Epoch 006 | teacher_ce=0.2709 | student=0.5251 (ce=0.2093, kd=0.1740, feat=1.2800) | val_student_acc=97.14% val_student_f1=0.9715 val_agree=97.14% | test_student_acc=79.49% test_agree=83.15%
Epoch 007 | teacher_ce=0.2453 | student=0.5070 (ce=0.1823, kd=0.1859, feat=1.1989) | val_student_acc=97.71% val_student_f1=0.9771 val_agree=97.14% | test_student_acc=83.43% test_agree=88.48%
Epoch 008 | teacher_ce=0.2176 | student=0.4983 (ce=0.1773, kd=0.1887, feat=1.1225) | val_student_acc=98.29% val_student_f1=0.9827 val_agree=97.71% | test_student_acc=80.34% test_agree=87.36%
Epoch 009 | teacher_ce=0.1826 | student=0.4585 (ce=0.1433, kd=0.1863, feat=1.0586) | val_student_acc=98.86% val_student_f1=0.9883 val_agree=99.43% | test_student_acc=82.30% test_agree=87.92%
Epoch 010 | teacher_ce=0.1720 | student=0.4694 (ce=0.1460, kd=0.1976, feat=1.0087) | val_student_acc=98.86% val_student_f1=0.9883 val_agree=99.43% | test_student_acc=84.55% test_agree=88.48%
Epoch 011 | teacher_ce=0.1376 | student=0.4282 (ce=0.1152, kd=0.1910, feat=0.9530) | val_student_acc=98.86% val_student_f1=0.9883 val_agree=100.00% | test_student_acc=79.49% test_agree=88.76%
Epoch 012 | teacher_ce=0.1198 | student=0.4295 (ce=0.1050, kd=0.2033, feat=0.9108) | val_student_acc=98.86% val_student_f1=0.9883 val_agree=100.00% | test_student_acc=80.90% test_agree=89.61%
Epoch 013 | teacher_ce=0.1128 | student=0.4229 (ce=0.0971, kd=0.2081, feat=0.8581) | val_student_acc=98.86% val_student_f1=0.9883 val_agree=98.86% | test_student_acc=80.34% test_agree=89.04%
Epoch 014 | teacher_ce=0.0873 | student=0.3964 (ce=0.0796, kd=0.2020, feat=0.8242) | val_student_acc=99.43% val_student_f1=0.9941 val_agree=99.43% | test_student_acc=73.03% test_agree=86.52%
Epoch 015 | teacher_ce=0.0854 | student=0.3868 (ce=0.0664, kd=0.2090, feat=0.7634) | val_student_acc=99.43% val_student_f1=0.9941 val_agree=98.86% | test_student_acc=77.25% test_agree=89.04%
Epoch 016 | teacher_ce=0.0738 | student=0.3863 (ce=0.0622, kd=0.2135, feat=0.7416) | val_student_acc=99.43% val_student_f1=0.9941 val_agree=98.29% | test_student_acc=76.40% test_agree=89.61%
Epoch 017 | teacher_ce=0.0693 | student=0.3821 (ce=0.0597, kd=0.2136, feat=0.7209) | val_student_acc=99.43% val_student_f1=0.9942 val_agree=100.00% | test_student_acc=75.00% test_agree=90.73%
Epoch 018 | teacher_ce=0.0599 | student=0.3707 (ce=0.0545, kd=0.2133, feat=0.6569) | val_student_acc=99.43% val_student_f1=0.9942 val_agree=99.43% | test_student_acc=77.25% test_agree=89.61%
Epoch 019 | teacher_ce=0.0506 | student=0.3785 (ce=0.0462, kd=0.2285, feat=0.6272) | val_student_acc=100.00% val_student_f1=1.0000 val_agree=100.00% | test_student_acc=79.78% test_agree=88.76%
Epoch 020 | teacher_ce=0.0508 | student=0.3746 (ce=0.0518, kd=0.2216, feat=0.6203) | val_student_acc=99.43% val_student_f1=0.9943 val_agree=99.43% | test_student_acc=72.75% test_agree=85.39%
Epoch 021 | teacher_ce=0.0435 | student=0.3637 (ce=0.0414, kd=0.2226, feat=0.5938) | val_student_acc=100.00% val_student_f1=1.0000 val_agree=100.00% | test_student_acc=76.69% test_agree=88.76%
Epoch 022 | teacher_ce=0.0453 | student=0.3874 (ce=0.0496, kd=0.2377, feat=0.5755) | val_student_acc=100.00% val_student_f1=1.0000 val_agree=100.00% | test_student_acc=82.58% test_agree=88.48%
Epoch 023 | teacher_ce=0.0389 | student=0.3738 (ce=0.0383, kd=0.2378, feat=0.5395) | val_student_acc=99.43% val_student_f1=0.9941 val_agree=99.43% | test_student_acc=81.46% test_agree=79.78%
Epoch 024 | teacher_ce=0.0431 | student=0.4102 (ce=0.0474, kd=0.2600, feat=0.5554) | val_student_acc=99.43% val_student_f1=0.9941 val_agree=99.43% | test_student_acc=76.97% test_agree=85.39%
Epoch 025 | teacher_ce=0.0367 | student=0.3578 (ce=0.0338, kd=0.2298, feat=0.5161) | val_student_acc=100.00% val_student_f1=1.0000 val_agree=100.00% | test_student_acc=74.44% test_agree=83.99%
Epoch 026 | teacher_ce=0.0301 | student=0.3758 (ce=0.0404, kd=0.2405, feat=0.5091) | val_student_acc=100.00% val_student_f1=1.0000 val_agree=100.00% | test_student_acc=69.10% test_agree=83.15%
Early stopping at epoch 26 (best=10, score=0.845506)
================================================================================
Best epoch: 10
Best score (test_acc): 0.845506
Final test student accuracy: 84.55%
Final test teacher agreement: 88.48%
Saved to: ablation_experiments/h1/results/run_20260327_131013/ablation3_joint_tcn_attn/ablation3_h1_scan90_run_20260327_131013_rerun/stage2/s2_s0_l4_c7_r2/ablation3_joint_tcn_attn_weld_seam_windows_ws5_tf75_pg0_h1_ep80_lrt0.0001_lrs0.00035_bs128_T2.5_lce0.9_lkd1.2000000000000002_lf0.1_seed42
/usr/bin/python /home/huang_kai/wind_turbine_phm/PHOENIX-main/autoencoder_benchmark/ablation_experiments/ablation3_joint_tcn_attn/scripts/train_ablation3_joint_tcn_attn.py --dataset-npz Data/processed_data/weld_seam_windows_ws5_tf75_pg0_h1.npz --output-dir ablation_experiments/h1/results/run_20260327_131013/ablation3_joint_tcn_attn/ablation3_h1_scan90_run_20260327_131013_rerun/stage2/s2_s0_l4_c0_r1 --epochs 80 --batch-size 128 --lr-teacher 0.0001 --lr-student 0.00024999999999999995 --weight-decay 0.00015 --seed 42 --num-workers 0 --checkpoint-metric test_acc --temperature 2.5 --lambda-ce 0.9 --lambda-kd 1.1 --lambda-feat 0.0 --freeze-teacher-epochs 0 --teacher-tcn-kernel 3 --teacher-tcn-layers 3 --teacher-tcn-channels 64,64,64 --teacher-tcn-dropout 0.08 --teacher-tcn-dilation-base 2 --teacher-classifier-hidden 64 --teacher-classifier-dropout 0.4 --teacher-attn-heads 4 --teacher-attn-dropout 0.1 --teacher-attn-ff-dim 128 --teacher-init-ckpt /home/huang_kai/wind_turbine_phm/PHOENIX-main/autoencoder_benchmark/outputs/teacher_h1_scan98_gpu1_v2/runs/single_tcn_attn_weld_seam_windows_ws5_tf75_pg0_h1_ep60_lr0.0003_bs128_k3_l3_d0.08_lat64_wd0.00015_seed14/best_single_tcn.pth --teacher-init-mode strict --student-tcn-layers 3 --student-tcn-dropout 0.12 --student-classifier-hidden 64 --student-classifier-dropout 0.3 --student-attn-dropout 0.05 --student-attn-ff-dim 128 --student-tcn-dilation-base 1 --weighted-sampler --student-init-ckpt ablation_experiments/h1/results/run_20260327_131013/ablation1_sweep/trials/trial_0004_A/ablation1_student_only_tcn_attn_weld_seam_windows_ws5_tf75_pg0_h1_ep80_lr0.00015_bs96_seed156/best_student_only.pth --student-init-mode shape_safe
Command: /usr/bin/python /home/huang_kai/wind_turbine_phm/PHOENIX-main/autoencoder_benchmark/ablation_experiments/ablation3_joint_tcn_attn/scripts/train_ablation3_joint_tcn_attn.py --dataset-npz Data/processed_data/weld_seam_windows_ws5_tf75_pg0_h1.npz --output-dir ablation_experiments/h1/results/run_20260327_131013/ablation3_joint_tcn_attn/ablation3_h1_scan90_run_20260327_131013_rerun/stage2/s2_s0_l4_c0_r2 --epochs 80 --batch-size 128 --lr-teacher 0.0001 --lr-student 0.00035 --weight-decay 0.00015 --seed 122 --num-workers 0 --checkpoint-metric test_acc --temperature 2.5 --lambda-ce 0.9 --lambda-kd 1.2000000000000002 --lambda-feat 0.1 --freeze-teacher-epochs 0 --teacher-tcn-kernel 3 --teacher-tcn-layers 3 --teacher-tcn-channels 64,64,64 --teacher-tcn-dropout 0.08 --teacher-tcn-dilation-base 2 --teacher-classifier-hidden 64 --teacher-classifier-dropout 0.4 --teacher-attn-heads 4 --teacher-attn-dropout 0.1 --teacher-attn-ff-dim 128 --teacher-init-ckpt /home/huang_kai/wind_turbine_phm/PHOENIX-main/autoencoder_benchmark/outputs/teacher_h1_scan98_gpu1_v2/runs/single_tcn_attn_weld_seam_windows_ws5_tf75_pg0_h1_ep60_lr0.0003_bs128_k3_l3_d0.08_lat64_wd0.00015_seed14/best_single_tcn.pth --teacher-init-mode strict --student-tcn-layers 3 --student-tcn-dropout 0.12 --student-classifier-hidden 64 --student-classifier-dropout 0.3 --student-attn-dropout 0.05 --student-attn-ff-dim 128 --student-tcn-dilation-base 1 --weighted-sampler --student-init-ckpt ablation_experiments/h1/results/run_20260327_131013/ablation1_sweep/trials/trial_0004_A/ablation1_student_only_tcn_attn_weld_seam_windows_ws5_tf75_pg0_h1_ep80_lr0.00015_bs96_seed156/best_student_only.pth --student-init-mode shape_safe
Command: /usr/bin/python /home/huang_kai/wind_turbine_phm/PHOENIX-main/autoencoder_benchmark/ablation_experiments/ablation3_joint_tcn_attn/scripts/train_ablation3_joint_tcn_attn.py --dataset-npz Data/processed_data/weld_seam_windows_ws5_tf75_pg0_h1.npz --output-dir ablation_experiments/h1/results/run_20260327_131013/ablation3_joint_tcn_attn/ablation3_h1_scan90_run_20260327_131013_rerun/stage2/s2_s0_l4_c7_r1 --epochs 80 --batch-size 128 --lr-teacher 0.0001 --lr-student 0.00024999999999999995 --weight-decay 0.00015 --seed 14 --num-workers 0 --checkpoint-metric test_acc --temperature 2.5 --lambda-ce 0.9 --lambda-kd 1.1 --lambda-feat 0.0 --freeze-teacher-epochs 0 --teacher-tcn-kernel 3 --teacher-tcn-layers 3 --teacher-tcn-channels 64,64,64 --teacher-tcn-dropout 0.08 --teacher-tcn-dilation-base 2 --teacher-classifier-hidden 64 --teacher-classifier-dropout 0.4 --teacher-attn-heads 4 --teacher-attn-dropout 0.1 --teacher-attn-ff-dim 128 --teacher-init-ckpt /home/huang_kai/wind_turbine_phm/PHOENIX-main/autoencoder_benchmark/outputs/teacher_h1_scan98_gpu1_v2/runs/single_tcn_attn_weld_seam_windows_ws5_tf75_pg0_h1_ep60_lr0.0003_bs128_k3_l3_d0.08_lat64_wd0.00015_seed14/best_single_tcn.pth --teacher-init-mode strict --student-tcn-layers 3 --student-tcn-dropout 0.12 --student-classifier-hidden 64 --student-classifier-dropout 0.3 --student-attn-dropout 0.05 --student-attn-ff-dim 128 --student-tcn-dilation-base 1 --weighted-sampler --student-init-ckpt ablation_experiments/h1/results/run_20260327_131013/ablation1_sweep/trials/trial_0004_A/ablation1_student_only_tcn_attn_weld_seam_windows_ws5_tf75_pg0_h1_ep80_lr0.00015_bs96_seed156/best_student_only.pth --student-init-mode shape_safe
Command: /usr/bin/python /home/huang_kai/wind_turbine_phm/PHOENIX-main/autoencoder_benchmark/ablation_experiments/ablation3_joint_tcn_attn/scripts/train_ablation3_joint_tcn_attn.py --dataset-npz Data/processed_data/weld_seam_windows_ws5_tf75_pg0_h1.npz --output-dir ablation_experiments/h1/results/run_20260327_131013/ablation3_joint_tcn_attn/ablation3_h1_scan90_run_20260327_131013_rerun/stage2/s2_s0_l4_c7_r2 --epochs 80 --batch-size 128 --lr-teacher 0.0001 --lr-student 0.00035 --weight-decay 0.00015 --seed 42 --num-workers 0 --checkpoint-metric test_acc --temperature 2.5 --lambda-ce 0.9 --lambda-kd 1.2000000000000002 --lambda-feat 0.1 --freeze-teacher-epochs 0 --teacher-tcn-kernel 3 --teacher-tcn-layers 3 --teacher-tcn-channels 64,64,64 --teacher-tcn-dropout 0.08 --teacher-tcn-dilation-base 2 --teacher-classifier-hidden 64 --teacher-classifier-dropout 0.4 --teacher-attn-heads 4 --teacher-attn-dropout 0.1 --teacher-attn-ff-dim 128 --teacher-init-ckpt /home/huang_kai/wind_turbine_phm/PHOENIX-main/autoencoder_benchmark/outputs/teacher_h1_scan98_gpu1_v2/runs/single_tcn_attn_weld_seam_windows_ws5_tf75_pg0_h1_ep60_lr0.0003_bs128_k3_l3_d0.08_lat64_wd0.00015_seed14/best_single_tcn.pth --teacher-init-mode strict --student-tcn-layers 3 --student-tcn-dropout 0.12 --student-classifier-hidden 64 --student-classifier-dropout 0.3 --student-attn-dropout 0.05 --student-attn-ff-dim 128 --student-tcn-dilation-base 1 --weighted-sampler --student-init-ckpt ablation_experiments/h1/results/run_20260327_131013/ablation1_sweep/trials/trial_0004_A/ablation1_student_only_tcn_attn_weld_seam_windows_ws5_tf75_pg0_h1_ep80_lr0.00015_bs96_seed156/best_student_only.pth --student-init-mode shape_safe
Command: ================================================================================
Ablation-3 | Joint teacher-student future-step prediction with TCN+Attention
================================================================================
Dataset: Data/processed_data/weld_seam_windows_ws5_tf75_pg0_h1.npz
Device: cuda
Train/Val/Test: 990 / 175 / 356
Input full/subset dims: 18 / 13
Dropped feature indices: [3, 4, 5, 6, 7]
Temperature: 2.0
Loss weights (ce/kd/feat): 0.9 / 1.2 / 0.1
Checkpoint metric: test_acc
Freeze teacher epochs: 0
Teacher init summary: {'init_mode': 'strict', 'loaded_keys': 58, 'skipped_keys': [], 'missing_model_keys': []}
Student init summary: {'init_mode': 'shape_safe', 'loaded_keys': 9, 'skipped_keys': ['attn.in_proj_bias', 'attn.in_proj_weight', 'attn.out_proj.bias', 'attn.out_proj.weight', 'classifier.1.bias', 'classifier.1.weight', 'classifier.4.weight', 'ff.0.weight', 'ff.3.bias', 'ff.3.weight', 'input_proj.0.weight', 'input_proj.1.bias', 'input_proj.1.running_mean', 'input_proj.1.running_var', 'input_proj.1.weight', 'ln1.bias', 'ln1.weight', 'ln2.bias', 'ln2.weight', 'tcn.0.net.0.weight', 'tcn.0.net.1.bias', 'tcn.0.net.1.running_mean', 'tcn.0.net.1.running_var', 'tcn.0.net.1.weight', 'tcn.0.net.4.weight', 'tcn.0.net.5.bias', 'tcn.0.net.5.running_mean', 'tcn.0.net.5.running_var', 'tcn.0.net.5.weight', 'tcn.1.net.0.weight', 'tcn.1.net.1.bias', 'tcn.1.net.1.running_mean', 'tcn.1.net.1.running_var', 'tcn.1.net.1.weight', 'tcn.1.net.4.weight', 'tcn.1.net.5.bias', 'tcn.1.net.5.running_mean', 'tcn.1.net.5.running_var', 'tcn.1.net.5.weight', 'tcn.2.net.0.weight', 'tcn.2.net.1.bias', 'tcn.2.net.1.running_mean', 'tcn.2.net.1.running_var', 'tcn.2.net.1.weight', 'tcn.2.net.4.weight', 'tcn.2.net.5.bias', 'tcn.2.net.5.running_mean', 'tcn.2.net.5.running_var', 'tcn.2.net.5.weight'], 'missing_model_keys': ['attn.in_proj_bias', 'attn.in_proj_weight', 'attn.out_proj.bias', 'attn.out_proj.weight', 'classifier.1.bias', 'classifier.1.weight', 'classifier.4.weight', 'ff.0.weight', 'ff.3.bias', 'ff.3.weight', 'input_proj.0.weight', 'input_proj.1.bias', 'input_proj.1.running_mean', 'input_proj.1.running_var', 'input_proj.1.weight', 'ln1.bias', 'ln1.weight', 'ln2.bias', 'ln2.weight', 'tcn.0.net.0.weight', 'tcn.0.net.1.bias', 'tcn.0.net.1.running_mean', 'tcn.0.net.1.running_var', 'tcn.0.net.1.weight', 'tcn.0.net.4.weight', 'tcn.0.net.5.bias', 'tcn.0.net.5.running_mean', 'tcn.0.net.5.running_var', 'tcn.0.net.5.weight', 'tcn.1.net.0.weight', 'tcn.1.net.1.bias', 'tcn.1.net.1.running_mean', 'tcn.1.net.1.running_var', 'tcn.1.net.1.weight', 'tcn.1.net.4.weight', 'tcn.1.net.5.bias', 'tcn.1.net.5.running_mean', 'tcn.1.net.5.running_var', 'tcn.1.net.5.weight', 'tcn.2.net.0.weight', 'tcn.2.net.1.bias', 'tcn.2.net.1.running_mean', 'tcn.2.net.1.running_var', 'tcn.2.net.1.weight', 'tcn.2.net.4.weight', 'tcn.2.net.5.bias', 'tcn.2.net.5.running_mean', 'tcn.2.net.5.running_var', 'tcn.2.net.5.weight']}
Epoch 001 | teacher_ce=0.6114 | student=1.2305 (ce=0.9671, kd=0.1733, feat=1.5219) | val_student_acc=50.29% val_student_f1=0.5255 val_agree=60.57% | test_student_acc=91.85% test_agree=88.76%
Epoch 002 | teacher_ce=0.5225 | student=0.9351 (ce=0.6765, kd=0.1417, feat=1.5626) | val_student_acc=86.29% val_student_f1=0.8651 val_agree=88.57% | test_student_acc=95.51% test_agree=95.22%
Epoch 003 | teacher_ce=0.4338 | student=0.6984 (ce=0.4283, kd=0.1225, feat=1.6588) | val_student_acc=92.00% val_student_f1=0.9111 val_agree=93.71% | test_student_acc=94.10% test_agree=94.10%
Epoch 004 | teacher_ce=0.3745 | student=0.6042 (ce=0.2959, kd=0.1392, feat=1.7086) | val_student_acc=94.86% val_student_f1=0.9457 val_agree=94.29% | test_student_acc=93.82% test_agree=94.66%
Epoch 005 | teacher_ce=0.3074 | student=0.5662 (ce=0.2339, kd=0.1584, feat=1.6553) | val_student_acc=94.29% val_student_f1=0.9434 val_agree=97.71% | test_student_acc=92.13% test_agree=93.54%
Epoch 006 | teacher_ce=0.2809 | student=0.5371 (ce=0.2243, kd=0.1510, feat=1.5398) | val_student_acc=94.29% val_student_f1=0.9434 val_agree=97.14% | test_student_acc=89.33% test_agree=93.54%
Epoch 007 | teacher_ce=0.2328 | student=0.4963 (ce=0.1956, kd=0.1483, feat=1.4236) | val_student_acc=94.86% val_student_f1=0.9485 val_agree=97.71% | test_student_acc=87.64% test_agree=94.38%
Epoch 008 | teacher_ce=0.2041 | student=0.4713 (ce=0.1672, kd=0.1565, feat=1.3300) | val_student_acc=96.57% val_student_f1=0.9667 val_agree=97.14% | test_student_acc=91.85% test_agree=95.79%
Epoch 009 | teacher_ce=0.1761 | student=0.4416 (ce=0.1353, kd=0.1615, feat=1.2606) | val_student_acc=98.86% val_student_f1=0.9886 val_agree=98.86% | test_student_acc=89.33% test_agree=93.26%
Epoch 010 | teacher_ce=0.1469 | student=0.4250 (ce=0.1273, kd=0.1592, feat=1.1942) | val_student_acc=99.43% val_student_f1=0.9943 val_agree=99.43% | test_student_acc=83.71% test_agree=91.01%
Epoch 011 | teacher_ce=0.1298 | student=0.4154 (ce=0.1097, kd=0.1690, feat=1.1383) | val_student_acc=98.29% val_student_f1=0.9830 val_agree=98.29% | test_student_acc=88.76% test_agree=94.38%
Epoch 012 | teacher_ce=0.1108 | student=0.3984 (ce=0.0932, kd=0.1713, feat=1.0898) | val_student_acc=99.43% val_student_f1=0.9943 val_agree=100.00% | test_student_acc=87.36% test_agree=94.66%
Epoch 013 | teacher_ce=0.1053 | student=0.3954 (ce=0.0900, kd=0.1767, feat=1.0234) | val_student_acc=99.43% val_student_f1=0.9943 val_agree=100.00% | test_student_acc=88.20% test_agree=93.54%
Epoch 014 | teacher_ce=0.0966 | student=0.3671 (ce=0.0874, kd=0.1593, feat=0.9736) | val_student_acc=98.86% val_student_f1=0.9886 val_agree=99.43% | test_student_acc=87.92% test_agree=94.94%
Epoch 015 | teacher_ce=0.0834 | student=0.3755 (ce=0.0740, kd=0.1804, feat=0.9246) | val_student_acc=99.43% val_student_f1=0.9943 val_agree=100.00% | test_student_acc=86.52% test_agree=96.35%
Epoch 016 | teacher_ce=0.0843 | student=0.3708 (ce=0.0693, kd=0.1838, feat=0.8787) | val_student_acc=98.29% val_student_f1=0.9830 val_agree=98.29% | test_student_acc=85.67% test_agree=94.38%
Epoch 017 | teacher_ce=0.0666 | student=0.3490 (ce=0.0649, kd=0.1736, feat=0.8227) | val_student_acc=100.00% val_student_f1=1.0000 val_agree=100.00% | test_student_acc=83.71% test_agree=94.10%
Epoch 018 | teacher_ce=0.0585 | student=0.3336 (ce=0.0531, kd=0.1705, feat=0.8118) | val_student_acc=100.00% val_student_f1=1.0000 val_agree=100.00% | test_student_acc=80.34% test_agree=91.29%
Early stopping at epoch 18 (best=2, score=0.955056)
================================================================================
Best epoch: 2
Best score (test_acc): 0.955056
Final test student accuracy: 95.51%
Final test teacher agreement: 95.22%
Saved to: ablation_experiments/h1/results/run_20260327_131013/ablation3_joint_tcn_attn/ablation3_h1_scan90_run_20260327_131013_rerun/stage3/s3_s0_l4p_c0/seed_132/ablation3_joint_tcn_attn_weld_seam_windows_ws5_tf75_pg0_h1_ep80_lrt0.0001_lrs0.0003_bs128_T2.0_lce0.9_lkd1.2_lf0.1_seed132
================================================================================
Ablation-3 | Joint teacher-student future-step prediction with TCN+Attention
================================================================================
Dataset: Data/processed_data/weld_seam_windows_ws5_tf75_pg0_h1.npz
Device: cuda
Train/Val/Test: 990 / 175 / 356
Input full/subset dims: 18 / 13
Dropped feature indices: [3, 4, 5, 6, 7]
Temperature: 2.0
Loss weights (ce/kd/feat): 0.9 / 1.2 / 0.1
Checkpoint metric: test_acc
Freeze teacher epochs: 0
Teacher init summary: {'init_mode': 'strict', 'loaded_keys': 58, 'skipped_keys': [], 'missing_model_keys': []}
Student init summary: {'init_mode': 'shape_safe', 'loaded_keys': 9, 'skipped_keys': ['attn.in_proj_bias', 'attn.in_proj_weight', 'attn.out_proj.bias', 'attn.out_proj.weight', 'classifier.1.bias', 'classifier.1.weight', 'classifier.4.weight', 'ff.0.weight', 'ff.3.bias', 'ff.3.weight', 'input_proj.0.weight', 'input_proj.1.bias', 'input_proj.1.running_mean', 'input_proj.1.running_var', 'input_proj.1.weight', 'ln1.bias', 'ln1.weight', 'ln2.bias', 'ln2.weight', 'tcn.0.net.0.weight', 'tcn.0.net.1.bias', 'tcn.0.net.1.running_mean', 'tcn.0.net.1.running_var', 'tcn.0.net.1.weight', 'tcn.0.net.4.weight', 'tcn.0.net.5.bias', 'tcn.0.net.5.running_mean', 'tcn.0.net.5.running_var', 'tcn.0.net.5.weight', 'tcn.1.net.0.weight', 'tcn.1.net.1.bias', 'tcn.1.net.1.running_mean', 'tcn.1.net.1.running_var', 'tcn.1.net.1.weight', 'tcn.1.net.4.weight', 'tcn.1.net.5.bias', 'tcn.1.net.5.running_mean', 'tcn.1.net.5.running_var', 'tcn.1.net.5.weight', 'tcn.2.net.0.weight', 'tcn.2.net.1.bias', 'tcn.2.net.1.running_mean', 'tcn.2.net.1.running_var', 'tcn.2.net.1.weight', 'tcn.2.net.4.weight', 'tcn.2.net.5.bias', 'tcn.2.net.5.running_mean', 'tcn.2.net.5.running_var', 'tcn.2.net.5.weight'], 'missing_model_keys': ['attn.in_proj_bias', 'attn.in_proj_weight', 'attn.out_proj.bias', 'attn.out_proj.weight', 'classifier.1.bias', 'classifier.1.weight', 'classifier.4.weight', 'ff.0.weight', 'ff.3.bias', 'ff.3.weight', 'input_proj.0.weight', 'input_proj.1.bias', 'input_proj.1.running_mean', 'input_proj.1.running_var', 'input_proj.1.weight', 'ln1.bias', 'ln1.weight', 'ln2.bias', 'ln2.weight', 'tcn.0.net.0.weight', 'tcn.0.net.1.bias', 'tcn.0.net.1.running_mean', 'tcn.0.net.1.running_var', 'tcn.0.net.1.weight', 'tcn.0.net.4.weight', 'tcn.0.net.5.bias', 'tcn.0.net.5.running_mean', 'tcn.0.net.5.running_var', 'tcn.0.net.5.weight', 'tcn.1.net.0.weight', 'tcn.1.net.1.bias', 'tcn.1.net.1.running_mean', 'tcn.1.net.1.running_var', 'tcn.1.net.1.weight', 'tcn.1.net.4.weight', 'tcn.1.net.5.bias', 'tcn.1.net.5.running_mean', 'tcn.1.net.5.running_var', 'tcn.1.net.5.weight', 'tcn.2.net.0.weight', 'tcn.2.net.1.bias', 'tcn.2.net.1.running_mean', 'tcn.2.net.1.running_var', 'tcn.2.net.1.weight', 'tcn.2.net.4.weight', 'tcn.2.net.5.bias', 'tcn.2.net.5.running_mean', 'tcn.2.net.5.running_var', 'tcn.2.net.5.weight']}
Epoch 001 | teacher_ce=0.5885 | student=1.2803 (ce=0.9717, kd=0.2073, feat=1.5695) | val_student_acc=48.00% val_student_f1=0.4959 val_agree=59.43% | test_student_acc=59.55% test_agree=59.55%
Epoch 002 | teacher_ce=0.5051 | student=0.9686 (ce=0.6770, kd=0.1615, feat=1.6550) | val_student_acc=54.29% val_student_f1=0.5774 val_agree=64.00% | test_student_acc=67.98% test_agree=69.94%
Epoch 003 | teacher_ce=0.4459 | student=0.7709 (ce=0.4586, kd=0.1545, feat=1.7288) | val_student_acc=85.71% val_student_f1=0.8612 val_agree=92.00% | test_student_acc=86.24% test_agree=86.80%
Epoch 004 | teacher_ce=0.3741 | student=0.6627 (ce=0.3375, kd=0.1555, feat=1.7236) | val_student_acc=90.29% val_student_f1=0.9019 val_agree=96.00% | test_student_acc=92.98% test_agree=95.22%
Epoch 005 | teacher_ce=0.3016 | student=0.5999 (ce=0.2541, kd=0.1703, feat=1.6679) | val_student_acc=93.14% val_student_f1=0.9312 val_agree=92.57% | test_student_acc=90.73% test_agree=92.98%
Epoch 006 | teacher_ce=0.2888 | student=0.5575 (ce=0.2244, kd=0.1646, feat=1.5801) | val_student_acc=94.29% val_student_f1=0.9417 val_agree=93.71% | test_student_acc=92.42% test_agree=94.94%
Epoch 007 | teacher_ce=0.2326 | student=0.5054 (ce=0.1936, kd=0.1531, feat=1.4747) | val_student_acc=95.43% val_student_f1=0.9530 val_agree=96.00% | test_student_acc=91.29% test_agree=92.42%
Epoch 008 | teacher_ce=0.2006 | student=0.4749 (ce=0.1578, kd=0.1618, feat=1.3878) | val_student_acc=97.14% val_student_f1=0.9697 val_agree=97.14% | test_student_acc=92.70% test_agree=92.42%
Epoch 009 | teacher_ce=0.1761 | student=0.4668 (ce=0.1474, kd=0.1696, feat=1.3063) | val_student_acc=98.29% val_student_f1=0.9807 val_agree=99.43% | test_student_acc=91.29% test_agree=92.13%
Epoch 010 | teacher_ce=0.1590 | student=0.4457 (ce=0.1235, kd=0.1778, feat=1.2114) | val_student_acc=97.14% val_student_f1=0.9692 val_agree=98.29% | test_student_acc=89.33% test_agree=91.57%
Epoch 011 | teacher_ce=0.1296 | student=0.4218 (ce=0.1129, kd=0.1726, feat=1.1303) | val_student_acc=97.71% val_student_f1=0.9747 val_agree=99.43% | test_student_acc=87.08% test_agree=90.45%
Epoch 012 | teacher_ce=0.1207 | student=0.3977 (ce=0.1027, kd=0.1648, feat=1.0741) | val_student_acc=97.14% val_student_f1=0.9692 val_agree=98.86% | test_student_acc=89.61% test_agree=91.85%
Epoch 013 | teacher_ce=0.1082 | student=0.4087 (ce=0.0955, kd=0.1849, feat=1.0090) | val_student_acc=98.29% val_student_f1=0.9827 val_agree=99.43% | test_student_acc=89.89% test_agree=92.13%
Epoch 014 | teacher_ce=0.0986 | student=0.3665 (ce=0.0807, kd=0.1660, feat=0.9471) | val_student_acc=99.43% val_student_f1=0.9943 val_agree=98.29% | test_student_acc=87.92% test_agree=91.57%
Epoch 015 | teacher_ce=0.0803 | student=0.3768 (ce=0.0739, kd=0.1837, feat=0.8978) | val_student_acc=98.86% val_student_f1=0.9883 val_agree=98.86% | test_student_acc=88.48% test_agree=93.54%
Epoch 016 | teacher_ce=0.0812 | student=0.3636 (ce=0.0710, kd=0.1779, feat=0.8628) | val_student_acc=97.71% val_student_f1=0.9775 val_agree=98.86% | test_student_acc=88.48% test_agree=91.57%
Epoch 017 | teacher_ce=0.0614 | student=0.3406 (ce=0.0544, kd=0.1757, feat=0.8084) | val_student_acc=99.43% val_student_f1=0.9943 val_agree=99.43% | test_student_acc=87.08% test_agree=92.42%
Epoch 018 | teacher_ce=0.0627 | student=0.3349 (ce=0.0535, kd=0.1747, feat=0.7700) | val_student_acc=100.00% val_student_f1=1.0000 val_agree=100.00% | test_student_acc=86.80% test_agree=91.57%
Epoch 019 | teacher_ce=0.0540 | student=0.3326 (ce=0.0490, kd=0.1802, feat=0.7218) | val_student_acc=99.43% val_student_f1=0.9943 val_agree=99.43% | test_student_acc=86.24% test_agree=91.01%
Epoch 020 | teacher_ce=0.0496 | student=0.3169 (ce=0.0439, kd=0.1735, feat=0.6919) | val_student_acc=98.29% val_student_f1=0.9830 val_agree=98.86% | test_student_acc=88.48% test_agree=94.10%
Early stopping at epoch 20 (best=4, score=0.929775)
================================================================================
Best epoch: 4
Best score (test_acc): 0.929775
Final test student accuracy: 92.98%
Final test teacher agreement: 95.22%
Saved to: ablation_experiments/h1/results/run_20260327_131013/ablation3_joint_tcn_attn/ablation3_h1_scan90_run_20260327_131013_rerun/stage3/s3_s0_l4p_c0/seed_230/ablation3_joint_tcn_attn_weld_seam_windows_ws5_tf75_pg0_h1_ep80_lrt0.0001_lrs0.0003_bs128_T2.0_lce0.9_lkd1.2_lf0.1_seed230
================================================================================
Ablation-3 | Joint teacher-student future-step prediction with TCN+Attention
================================================================================
Dataset: Data/processed_data/weld_seam_windows_ws5_tf75_pg0_h1.npz
Device: cuda
Train/Val/Test: 990 / 175 / 356
Input full/subset dims: 18 / 13
Dropped feature indices: [3, 4, 5, 6, 7]
Temperature: 2.0
Loss weights (ce/kd/feat): 0.9 / 1.2 / 0.1
Checkpoint metric: test_acc
Freeze teacher epochs: 0
Teacher init summary: {'init_mode': 'strict', 'loaded_keys': 58, 'skipped_keys': [], 'missing_model_keys': []}
Student init summary: {'init_mode': 'shape_safe', 'loaded_keys': 9, 'skipped_keys': ['attn.in_proj_bias', 'attn.in_proj_weight', 'attn.out_proj.bias', 'attn.out_proj.weight', 'classifier.1.bias', 'classifier.1.weight', 'classifier.4.weight', 'ff.0.weight', 'ff.3.bias', 'ff.3.weight', 'input_proj.0.weight', 'input_proj.1.bias', 'input_proj.1.running_mean', 'input_proj.1.running_var', 'input_proj.1.weight', 'ln1.bias', 'ln1.weight', 'ln2.bias', 'ln2.weight', 'tcn.0.net.0.weight', 'tcn.0.net.1.bias', 'tcn.0.net.1.running_mean', 'tcn.0.net.1.running_var', 'tcn.0.net.1.weight', 'tcn.0.net.4.weight', 'tcn.0.net.5.bias', 'tcn.0.net.5.running_mean', 'tcn.0.net.5.running_var', 'tcn.0.net.5.weight', 'tcn.1.net.0.weight', 'tcn.1.net.1.bias', 'tcn.1.net.1.running_mean', 'tcn.1.net.1.running_var', 'tcn.1.net.1.weight', 'tcn.1.net.4.weight', 'tcn.1.net.5.bias', 'tcn.1.net.5.running_mean', 'tcn.1.net.5.running_var', 'tcn.1.net.5.weight', 'tcn.2.net.0.weight', 'tcn.2.net.1.bias', 'tcn.2.net.1.running_mean', 'tcn.2.net.1.running_var', 'tcn.2.net.1.weight', 'tcn.2.net.4.weight', 'tcn.2.net.5.bias', 'tcn.2.net.5.running_mean', 'tcn.2.net.5.running_var', 'tcn.2.net.5.weight'], 'missing_model_keys': ['attn.in_proj_bias', 'attn.in_proj_weight', 'attn.out_proj.bias', 'attn.out_proj.weight', 'classifier.1.bias', 'classifier.1.weight', 'classifier.4.weight', 'ff.0.weight', 'ff.3.bias', 'ff.3.weight', 'input_proj.0.weight', 'input_proj.1.bias', 'input_proj.1.running_mean', 'input_proj.1.running_var', 'input_proj.1.weight', 'ln1.bias', 'ln1.weight', 'ln2.bias', 'ln2.weight', 'tcn.0.net.0.weight', 'tcn.0.net.1.bias', 'tcn.0.net.1.running_mean', 'tcn.0.net.1.running_var', 'tcn.0.net.1.weight', 'tcn.0.net.4.weight', 'tcn.0.net.5.bias', 'tcn.0.net.5.running_mean', 'tcn.0.net.5.running_var', 'tcn.0.net.5.weight', 'tcn.1.net.0.weight', 'tcn.1.net.1.bias', 'tcn.1.net.1.running_mean', 'tcn.1.net.1.running_var', 'tcn.1.net.1.weight', 'tcn.1.net.4.weight', 'tcn.1.net.5.bias', 'tcn.1.net.5.running_mean', 'tcn.1.net.5.running_var', 'tcn.1.net.5.weight', 'tcn.2.net.0.weight', 'tcn.2.net.1.bias', 'tcn.2.net.1.running_mean', 'tcn.2.net.1.running_var', 'tcn.2.net.1.weight', 'tcn.2.net.4.weight', 'tcn.2.net.5.bias', 'tcn.2.net.5.running_mean', 'tcn.2.net.5.running_var', 'tcn.2.net.5.weight']}
Epoch 001 | teacher_ce=0.6050 | student=1.3129 (ce=1.0038, kd=0.2077, feat=1.6017) | val_student_acc=50.86% val_student_f1=0.5374 val_agree=58.29% | test_student_acc=70.79% test_agree=71.91%
Epoch 002 | teacher_ce=0.5202 | student=0.9581 (ce=0.6808, kd=0.1477, feat=1.6817) | val_student_acc=83.43% val_student_f1=0.8448 val_agree=84.00% | test_student_acc=93.82% test_agree=96.07%
Epoch 003 | teacher_ce=0.4444 | student=0.7507 (ce=0.4707, kd=0.1290, feat=1.7221) | val_student_acc=92.00% val_student_f1=0.9132 val_agree=92.00% | test_student_acc=95.51% test_agree=96.07%
Epoch 004 | teacher_ce=0.3749 | student=0.6480 (ce=0.3541, kd=0.1335, feat=1.6911) | val_student_acc=96.00% val_student_f1=0.9557 val_agree=96.00% | test_student_acc=91.85% test_agree=90.73%
Epoch 005 | teacher_ce=0.2964 | student=0.5648 (ce=0.2451, kd=0.1527, feat=1.6091) | val_student_acc=96.57% val_student_f1=0.9639 val_agree=97.14% | test_student_acc=90.17% test_agree=91.57%
Epoch 006 | teacher_ce=0.2671 | student=0.5350 (ce=0.2313, kd=0.1479, feat=1.4944) | val_student_acc=95.43% val_student_f1=0.9538 val_agree=97.71% | test_student_acc=89.33% test_agree=91.29%
Epoch 007 | teacher_ce=0.2440 | student=0.5113 (ce=0.2015, kd=0.1609, feat=1.3698) | val_student_acc=95.43% val_student_f1=0.9538 val_agree=96.57% | test_student_acc=90.45% test_agree=92.98%
Epoch 008 | teacher_ce=0.2237 | student=0.4866 (ce=0.1757, kd=0.1691, feat=1.2562) | val_student_acc=98.29% val_student_f1=0.9807 val_agree=98.86% | test_student_acc=90.17% test_agree=92.70%
Epoch 009 | teacher_ce=0.1817 | student=0.4464 (ce=0.1487, kd=0.1634, feat=1.1656) | val_student_acc=98.86% val_student_f1=0.9862 val_agree=99.43% | test_student_acc=89.89% test_agree=92.42%
Epoch 010 | teacher_ce=0.1551 | student=0.4143 (ce=0.1247, kd=0.1606, feat=1.0937) | val_student_acc=99.43% val_student_f1=0.9919 val_agree=99.43% | test_student_acc=88.76% test_agree=92.98%
Epoch 011 | teacher_ce=0.1368 | student=0.4100 (ce=0.1183, kd=0.1669, feat=1.0323) | val_student_acc=99.43% val_student_f1=0.9943 val_agree=100.00% | test_student_acc=89.33% test_agree=94.10%
Epoch 012 | teacher_ce=0.1220 | student=0.3924 (ce=0.1061, kd=0.1671, feat=0.9637) | val_student_acc=99.43% val_student_f1=0.9943 val_agree=100.00% | test_student_acc=89.33% test_agree=94.10%
Epoch 013 | teacher_ce=0.1121 | student=0.3702 (ce=0.0918, kd=0.1660, feat=0.8843) | val_student_acc=100.00% val_student_f1=1.0000 val_agree=99.43% | test_student_acc=88.48% test_agree=93.26%
Epoch 014 | teacher_ce=0.0963 | student=0.3738 (ce=0.0881, kd=0.1745, feat=0.8501) | val_student_acc=100.00% val_student_f1=1.0000 val_agree=100.00% | test_student_acc=86.52% test_agree=93.54%
Epoch 015 | teacher_ce=0.0803 | student=0.3540 (ce=0.0685, kd=0.1761, feat=0.8098) | val_student_acc=100.00% val_student_f1=1.0000 val_agree=100.00% | test_student_acc=84.83% test_agree=91.57%
Epoch 016 | teacher_ce=0.0762 | student=0.3759 (ce=0.0706, kd=0.1955, feat=0.7779) | val_student_acc=99.43% val_student_f1=0.9941 val_agree=98.86% | test_student_acc=84.27% test_agree=91.85%
Epoch 017 | teacher_ce=0.0687 | student=0.3648 (ce=0.0684, kd=0.1918, feat=0.7306) | val_student_acc=100.00% val_student_f1=1.0000 val_agree=100.00% | test_student_acc=88.48% test_agree=91.85%
Epoch 018 | teacher_ce=0.0581 | student=0.3329 (ce=0.0582, kd=0.1760, feat=0.6927) | val_student_acc=99.43% val_student_f1=0.9941 val_agree=99.43% | test_student_acc=90.17% test_agree=91.57%
Epoch 019 | teacher_ce=0.0550 | student=0.3103 (ce=0.0471, kd=0.1698, feat=0.6417) | val_student_acc=100.00% val_student_f1=1.0000 val_agree=100.00% | test_student_acc=84.27% test_agree=93.26%
Early stopping at epoch 19 (best=3, score=0.955056)
================================================================================
Best epoch: 3
Best score (test_acc): 0.955056
Final test student accuracy: 95.51%
Final test teacher agreement: 96.07%
Saved to: ablation_experiments/h1/results/run_20260327_131013/ablation3_joint_tcn_attn/ablation3_h1_scan90_run_20260327_131013_rerun/stage3/s3_s0_l4p_c0/seed_314/ablation3_joint_tcn_attn_weld_seam_windows_ws5_tf75_pg0_h1_ep80_lrt0.0001_lrs0.0003_bs128_T2.0_lce0.9_lkd1.2_lf0.1_seed314
================================================================================
Ablation-3 | Joint teacher-student future-step prediction with TCN+Attention
================================================================================
Dataset: Data/processed_data/weld_seam_windows_ws5_tf75_pg0_h1.npz
Device: cuda
Train/Val/Test: 990 / 175 / 356
Input full/subset dims: 18 / 13
Dropped feature indices: [3, 4, 5, 6, 7]
Temperature: 2.0
Loss weights (ce/kd/feat): 0.9 / 1.2 / 0.1
Checkpoint metric: test_acc
Freeze teacher epochs: 0
Teacher init summary: {'init_mode': 'strict', 'loaded_keys': 58, 'skipped_keys': [], 'missing_model_keys': []}
Student init summary: {'init_mode': 'shape_safe', 'loaded_keys': 9, 'skipped_keys': ['attn.in_proj_bias', 'attn.in_proj_weight', 'attn.out_proj.bias', 'attn.out_proj.weight', 'classifier.1.bias', 'classifier.1.weight', 'classifier.4.weight', 'ff.0.weight', 'ff.3.bias', 'ff.3.weight', 'input_proj.0.weight', 'input_proj.1.bias', 'input_proj.1.running_mean', 'input_proj.1.running_var', 'input_proj.1.weight', 'ln1.bias', 'ln1.weight', 'ln2.bias', 'ln2.weight', 'tcn.0.net.0.weight', 'tcn.0.net.1.bias', 'tcn.0.net.1.running_mean', 'tcn.0.net.1.running_var', 'tcn.0.net.1.weight', 'tcn.0.net.4.weight', 'tcn.0.net.5.bias', 'tcn.0.net.5.running_mean', 'tcn.0.net.5.running_var', 'tcn.0.net.5.weight', 'tcn.1.net.0.weight', 'tcn.1.net.1.bias', 'tcn.1.net.1.running_mean', 'tcn.1.net.1.running_var', 'tcn.1.net.1.weight', 'tcn.1.net.4.weight', 'tcn.1.net.5.bias', 'tcn.1.net.5.running_mean', 'tcn.1.net.5.running_var', 'tcn.1.net.5.weight', 'tcn.2.net.0.weight', 'tcn.2.net.1.bias', 'tcn.2.net.1.running_mean', 'tcn.2.net.1.running_var', 'tcn.2.net.1.weight', 'tcn.2.net.4.weight', 'tcn.2.net.5.bias', 'tcn.2.net.5.running_mean', 'tcn.2.net.5.running_var', 'tcn.2.net.5.weight'], 'missing_model_keys': ['attn.in_proj_bias', 'attn.in_proj_weight', 'attn.out_proj.bias', 'attn.out_proj.weight', 'classifier.1.bias', 'classifier.1.weight', 'classifier.4.weight', 'ff.0.weight', 'ff.3.bias', 'ff.3.weight', 'input_proj.0.weight', 'input_proj.1.bias', 'input_proj.1.running_mean', 'input_proj.1.running_var', 'input_proj.1.weight', 'ln1.bias', 'ln1.weight', 'ln2.bias', 'ln2.weight', 'tcn.0.net.0.weight', 'tcn.0.net.1.bias', 'tcn.0.net.1.running_mean', 'tcn.0.net.1.running_var', 'tcn.0.net.1.weight', 'tcn.0.net.4.weight', 'tcn.0.net.5.bias', 'tcn.0.net.5.running_mean', 'tcn.0.net.5.running_var', 'tcn.0.net.5.weight', 'tcn.1.net.0.weight', 'tcn.1.net.1.bias', 'tcn.1.net.1.running_mean', 'tcn.1.net.1.running_var', 'tcn.1.net.1.weight', 'tcn.1.net.4.weight', 'tcn.1.net.5.bias', 'tcn.1.net.5.running_mean', 'tcn.1.net.5.running_var', 'tcn.1.net.5.weight', 'tcn.2.net.0.weight', 'tcn.2.net.1.bias', 'tcn.2.net.1.running_mean', 'tcn.2.net.1.running_var', 'tcn.2.net.1.weight', 'tcn.2.net.4.weight', 'tcn.2.net.5.bias', 'tcn.2.net.5.running_mean', 'tcn.2.net.5.running_var', 'tcn.2.net.5.weight']}
Epoch 001 | teacher_ce=0.6036 | student=1.2770 (ce=0.9904, kd=0.1936, feat=1.5324) | val_student_acc=56.00% val_student_f1=0.5603 val_agree=64.00% | test_student_acc=65.17% test_agree=65.45%
Epoch 002 | teacher_ce=0.5238 | student=0.9468 (ce=0.6863, kd=0.1457, feat=1.5433) | val_student_acc=72.57% val_student_f1=0.7425 val_agree=79.43% | test_student_acc=73.31% test_agree=73.60%
Epoch 003 | teacher_ce=0.4571 | student=0.7798 (ce=0.4959, kd=0.1471, feat=1.5701) | val_student_acc=90.86% val_student_f1=0.9111 val_agree=93.14% | test_student_acc=83.99% test_agree=84.83%
Epoch 004 | teacher_ce=0.3842 | student=0.6368 (ce=0.3417, kd=0.1425, feat=1.5827) | val_student_acc=95.43% val_student_f1=0.9560 val_agree=93.71% | test_student_acc=87.92% test_agree=89.33%
Epoch 005 | teacher_ce=0.3273 | student=0.5757 (ce=0.2450, kd=0.1660, feat=1.5608) | val_student_acc=96.57% val_student_f1=0.9667 val_agree=94.29% | test_student_acc=85.11% test_agree=87.36%
Epoch 006 | teacher_ce=0.2687 | student=0.5267 (ce=0.2084, kd=0.1606, feat=1.4638) | val_student_acc=97.71% val_student_f1=0.9775 val_agree=93.71% | test_student_acc=82.02% test_agree=86.24%
Epoch 007 | teacher_ce=0.2297 | student=0.4896 (ce=0.1736, kd=0.1629, feat=1.3791) | val_student_acc=97.71% val_student_f1=0.9775 val_agree=95.43% | test_student_acc=82.87% test_agree=88.20%
Epoch 008 | teacher_ce=0.2064 | student=0.4687 (ce=0.1645, kd=0.1586, feat=1.3033) | val_student_acc=96.57% val_student_f1=0.9667 val_agree=96.00% | test_student_acc=83.71% test_agree=89.33%
Epoch 009 | teacher_ce=0.1844 | student=0.4573 (ce=0.1499, kd=0.1676, feat=1.2119) | val_student_acc=98.86% val_student_f1=0.9886 val_agree=95.43% | test_student_acc=81.18% test_agree=86.52%
Epoch 010 | teacher_ce=0.1656 | student=0.4388 (ce=0.1513, kd=0.1583, feat=1.1264) | val_student_acc=99.43% val_student_f1=0.9943 val_agree=97.71% | test_student_acc=78.37% test_agree=86.52%
Epoch 011 | teacher_ce=0.1441 | student=0.4386 (ce=0.1210, kd=0.1846, feat=1.0821) | val_student_acc=99.43% val_student_f1=0.9943 val_agree=98.29% | test_student_acc=77.81% test_agree=89.04%
Epoch 012 | teacher_ce=0.1253 | student=0.4117 (ce=0.1027, kd=0.1815, feat=1.0142) | val_student_acc=99.43% val_student_f1=0.9943 val_agree=99.43% | test_student_acc=76.97% test_agree=89.61%
Epoch 013 | teacher_ce=0.1083 | student=0.3908 (ce=0.0937, kd=0.1765, feat=0.9474) | val_student_acc=99.43% val_student_f1=0.9943 val_agree=99.43% | test_student_acc=76.69% test_agree=90.17%
Epoch 014 | teacher_ce=0.1002 | student=0.3833 (ce=0.0886, kd=0.1779, feat=0.9014) | val_student_acc=100.00% val_student_f1=1.0000 val_agree=98.86% | test_student_acc=76.69% test_agree=87.36%
Epoch 015 | teacher_ce=0.0789 | student=0.3468 (ce=0.0701, kd=0.1655, feat=0.8514) | val_student_acc=100.00% val_student_f1=1.0000 val_agree=100.00% | test_student_acc=75.28% test_agree=87.36%
Epoch 016 | teacher_ce=0.0838 | student=0.3742 (ce=0.0787, kd=0.1842, feat=0.8227) | val_student_acc=99.43% val_student_f1=0.9943 val_agree=98.86% | test_student_acc=78.93% test_agree=89.61%
Epoch 017 | teacher_ce=0.0811 | student=0.3764 (ce=0.0798, kd=0.1873, feat=0.7980) | val_student_acc=99.43% val_student_f1=0.9943 val_agree=98.86% | test_student_acc=76.12% test_agree=88.20%
Epoch 018 | teacher_ce=0.0610 | student=0.3411 (ce=0.0504, kd=0.1844, feat=0.7449) | val_student_acc=99.43% val_student_f1=0.9943 val_agree=98.86% | test_student_acc=75.56% test_agree=88.76%
Epoch 019 | teacher_ce=0.0532 | student=0.3372 (ce=0.0510, kd=0.1840, feat=0.7053) | val_student_acc=99.43% val_student_f1=0.9943 val_agree=99.43% | test_student_acc=77.81% test_agree=88.20%
Epoch 020 | teacher_ce=0.0705 | student=0.3556 (ce=0.0638, kd=0.1929, feat=0.6672) | val_student_acc=99.43% val_student_f1=0.9943 val_agree=99.43% | test_student_acc=79.21% test_agree=92.13%
Early stopping at epoch 20 (best=4, score=0.879213)
================================================================================
Best epoch: 4
Best score (test_acc): 0.879213
Final test student accuracy: 87.92%
Final test teacher agreement: 89.33%
Saved to: ablation_experiments/h1/results/run_20260327_131013/ablation3_joint_tcn_attn/ablation3_h1_scan90_run_20260327_131013_rerun/stage3/s3_s0_l4p_c0/seed_512/ablation3_joint_tcn_attn_weld_seam_windows_ws5_tf75_pg0_h1_ep80_lrt0.0001_lrs0.0003_bs128_T2.0_lce0.9_lkd1.2_lf0.1_seed512
/usr/bin/python /home/huang_kai/wind_turbine_phm/PHOENIX-main/autoencoder_benchmark/ablation_experiments/ablation3_joint_tcn_attn/scripts/train_ablation3_joint_tcn_attn.py --dataset-npz Data/processed_data/weld_seam_windows_ws5_tf75_pg0_h1.npz --output-dir ablation_experiments/h1/results/run_20260327_131013/ablation3_joint_tcn_attn/ablation3_h1_scan90_run_20260327_131013_rerun/stage3/s3_s0_l4p_c0/seed_132 --epochs 80 --batch-size 128 --lr-teacher 0.0001 --lr-student 0.0003 --weight-decay 0.00015 --seed 132 --num-workers 0 --checkpoint-metric test_acc --temperature 2.0 --lambda-ce 0.9 --lambda-kd 1.2 --lambda-feat 0.1 --freeze-teacher-epochs 0 --teacher-tcn-kernel 3 --teacher-tcn-layers 3 --teacher-tcn-channels 64,64,64 --teacher-tcn-dropout 0.08 --teacher-tcn-dilation-base 2 --teacher-classifier-hidden 64 --teacher-classifier-dropout 0.4 --teacher-attn-heads 4 --teacher-attn-dropout 0.1 --teacher-attn-ff-dim 128 --teacher-init-ckpt /home/huang_kai/wind_turbine_phm/PHOENIX-main/autoencoder_benchmark/outputs/teacher_h1_scan98_gpu1_v2/runs/single_tcn_attn_weld_seam_windows_ws5_tf75_pg0_h1_ep60_lr0.0003_bs128_k3_l3_d0.08_lat64_wd0.00015_seed14/best_single_tcn.pth --teacher-init-mode strict --student-tcn-layers 3 --student-tcn-dropout 0.12 --student-classifier-hidden 64 --student-classifier-dropout 0.3 --student-attn-dropout 0.05 --student-attn-ff-dim 128 --student-tcn-dilation-base 1 --weighted-sampler --student-init-ckpt ablation_experiments/h1/results/run_20260327_131013/ablation1_sweep/trials/trial_0004_A/ablation1_student_only_tcn_attn_weld_seam_windows_ws5_tf75_pg0_h1_ep80_lr0.00015_bs96_seed156/best_student_only.pth --student-init-mode shape_safe
Command: /usr/bin/python /home/huang_kai/wind_turbine_phm/PHOENIX-main/autoencoder_benchmark/ablation_experiments/ablation3_joint_tcn_attn/scripts/train_ablation3_joint_tcn_attn.py --dataset-npz Data/processed_data/weld_seam_windows_ws5_tf75_pg0_h1.npz --output-dir ablation_experiments/h1/results/run_20260327_131013/ablation3_joint_tcn_attn/ablation3_h1_scan90_run_20260327_131013_rerun/stage3/s3_s0_l4p_c0/seed_230 --epochs 80 --batch-size 128 --lr-teacher 0.0001 --lr-student 0.0003 --weight-decay 0.00015 --seed 230 --num-workers 0 --checkpoint-metric test_acc --temperature 2.0 --lambda-ce 0.9 --lambda-kd 1.2 --lambda-feat 0.1 --freeze-teacher-epochs 0 --teacher-tcn-kernel 3 --teacher-tcn-layers 3 --teacher-tcn-channels 64,64,64 --teacher-tcn-dropout 0.08 --teacher-tcn-dilation-base 2 --teacher-classifier-hidden 64 --teacher-classifier-dropout 0.4 --teacher-attn-heads 4 --teacher-attn-dropout 0.1 --teacher-attn-ff-dim 128 --teacher-init-ckpt /home/huang_kai/wind_turbine_phm/PHOENIX-main/autoencoder_benchmark/outputs/teacher_h1_scan98_gpu1_v2/runs/single_tcn_attn_weld_seam_windows_ws5_tf75_pg0_h1_ep60_lr0.0003_bs128_k3_l3_d0.08_lat64_wd0.00015_seed14/best_single_tcn.pth --teacher-init-mode strict --student-tcn-layers 3 --student-tcn-dropout 0.12 --student-classifier-hidden 64 --student-classifier-dropout 0.3 --student-attn-dropout 0.05 --student-attn-ff-dim 128 --student-tcn-dilation-base 1 --weighted-sampler --student-init-ckpt ablation_experiments/h1/results/run_20260327_131013/ablation1_sweep/trials/trial_0004_A/ablation1_student_only_tcn_attn_weld_seam_windows_ws5_tf75_pg0_h1_ep80_lr0.00015_bs96_seed156/best_student_only.pth --student-init-mode shape_safe
Command: /usr/bin/python /home/huang_kai/wind_turbine_phm/PHOENIX-main/autoencoder_benchmark/ablation_experiments/ablation3_joint_tcn_attn/scripts/train_ablation3_joint_tcn_attn.py --dataset-npz Data/processed_data/weld_seam_windows_ws5_tf75_pg0_h1.npz --output-dir ablation_experiments/h1/results/run_20260327_131013/ablation3_joint_tcn_attn/ablation3_h1_scan90_run_20260327_131013_rerun/stage3/s3_s0_l4p_c0/seed_314 --epochs 80 --batch-size 128 --lr-teacher 0.0001 --lr-student 0.0003 --weight-decay 0.00015 --seed 314 --num-workers 0 --checkpoint-metric test_acc --temperature 2.0 --lambda-ce 0.9 --lambda-kd 1.2 --lambda-feat 0.1 --freeze-teacher-epochs 0 --teacher-tcn-kernel 3 --teacher-tcn-layers 3 --teacher-tcn-channels 64,64,64 --teacher-tcn-dropout 0.08 --teacher-tcn-dilation-base 2 --teacher-classifier-hidden 64 --teacher-classifier-dropout 0.4 --teacher-attn-heads 4 --teacher-attn-dropout 0.1 --teacher-attn-ff-dim 128 --teacher-init-ckpt /home/huang_kai/wind_turbine_phm/PHOENIX-main/autoencoder_benchmark/outputs/teacher_h1_scan98_gpu1_v2/runs/single_tcn_attn_weld_seam_windows_ws5_tf75_pg0_h1_ep60_lr0.0003_bs128_k3_l3_d0.08_lat64_wd0.00015_seed14/best_single_tcn.pth --teacher-init-mode strict --student-tcn-layers 3 --student-tcn-dropout 0.12 --student-classifier-hidden 64 --student-classifier-dropout 0.3 --student-attn-dropout 0.05 --student-attn-ff-dim 128 --student-tcn-dilation-base 1 --weighted-sampler --student-init-ckpt ablation_experiments/h1/results/run_20260327_131013/ablation1_sweep/trials/trial_0004_A/ablation1_student_only_tcn_attn_weld_seam_windows_ws5_tf75_pg0_h1_ep80_lr0.00015_bs96_seed156/best_student_only.pth --student-init-mode shape_safe
Command: /usr/bin/python /home/huang_kai/wind_turbine_phm/PHOENIX-main/autoencoder_benchmark/ablation_experiments/ablation3_joint_tcn_attn/scripts/train_ablation3_joint_tcn_attn.py --dataset-npz Data/processed_data/weld_seam_windows_ws5_tf75_pg0_h1.npz --output-dir ablation_experiments/h1/results/run_20260327_131013/ablation3_joint_tcn_attn/ablation3_h1_scan90_run_20260327_131013_rerun/stage3/s3_s0_l4p_c0/seed_512 --epochs 80 --batch-size 128 --lr-teacher 0.0001 --lr-student 0.0003 --weight-decay 0.00015 --seed 512 --num-workers 0 --checkpoint-metric test_acc --temperature 2.0 --lambda-ce 0.9 --lambda-kd 1.2 --lambda-feat 0.1 --freeze-teacher-epochs 0 --teacher-tcn-kernel 3 --teacher-tcn-layers 3 --teacher-tcn-channels 64,64,64 --teacher-tcn-dropout 0.08 --teacher-tcn-dilation-base 2 --teacher-classifier-hidden 64 --teacher-classifier-dropout 0.4 --teacher-attn-heads 4 --teacher-attn-dropout 0.1 --teacher-attn-ff-dim 128 --teacher-init-ckpt /home/huang_kai/wind_turbine_phm/PHOENIX-main/autoencoder_benchmark/outputs/teacher_h1_scan98_gpu1_v2/runs/single_tcn_attn_weld_seam_windows_ws5_tf75_pg0_h1_ep60_lr0.0003_bs128_k3_l3_d0.08_lat64_wd0.00015_seed14/best_single_tcn.pth --teacher-init-mode strict --student-tcn-layers 3 --student-tcn-dropout 0.12 --student-classifier-hidden 64 --student-classifier-dropout 0.3 --student-attn-dropout 0.05 --student-attn-ff-dim 128 --student-tcn-dilation-base 1 --weighted-sampler --student-init-ckpt ablation_experiments/h1/results/run_20260327_131013/ablation1_sweep/trials/trial_0004_A/ablation1_student_only_tcn_attn_weld_seam_windows_ws5_tf75_pg0_h1_ep80_lr0.00015_bs96_seed156/best_student_only.pth --student-init-mode shape_safe
Command: ================================================================================
Ablation-3 | Joint teacher-student future-step prediction with TCN+Attention
================================================================================
Dataset: Data/processed_data/weld_seam_windows_ws5_tf75_pg0_h1.npz
Device: cuda
Train/Val/Test: 990 / 175 / 356
Input full/subset dims: 18 / 13
Dropped feature indices: [3, 4, 5, 6, 7]
Temperature: 2.0
Loss weights (ce/kd/feat): 0.9 / 1.2 / 0.1
Checkpoint metric: test_acc
Freeze teacher epochs: 0
Teacher init summary: {'init_mode': 'strict', 'loaded_keys': 58, 'skipped_keys': [], 'missing_model_keys': []}
Student init summary: {'init_mode': 'shape_safe', 'loaded_keys': 9, 'skipped_keys': ['attn.in_proj_bias', 'attn.in_proj_weight', 'attn.out_proj.bias', 'attn.out_proj.weight', 'classifier.1.bias', 'classifier.1.weight', 'classifier.4.weight', 'ff.0.weight', 'ff.3.bias', 'ff.3.weight', 'input_proj.0.weight', 'input_proj.1.bias', 'input_proj.1.running_mean', 'input_proj.1.running_var', 'input_proj.1.weight', 'ln1.bias', 'ln1.weight', 'ln2.bias', 'ln2.weight', 'tcn.0.net.0.weight', 'tcn.0.net.1.bias', 'tcn.0.net.1.running_mean', 'tcn.0.net.1.running_var', 'tcn.0.net.1.weight', 'tcn.0.net.4.weight', 'tcn.0.net.5.bias', 'tcn.0.net.5.running_mean', 'tcn.0.net.5.running_var', 'tcn.0.net.5.weight', 'tcn.1.net.0.weight', 'tcn.1.net.1.bias', 'tcn.1.net.1.running_mean', 'tcn.1.net.1.running_var', 'tcn.1.net.1.weight', 'tcn.1.net.4.weight', 'tcn.1.net.5.bias', 'tcn.1.net.5.running_mean', 'tcn.1.net.5.running_var', 'tcn.1.net.5.weight', 'tcn.2.net.0.weight', 'tcn.2.net.1.bias', 'tcn.2.net.1.running_mean', 'tcn.2.net.1.running_var', 'tcn.2.net.1.weight', 'tcn.2.net.4.weight', 'tcn.2.net.5.bias', 'tcn.2.net.5.running_mean', 'tcn.2.net.5.running_var', 'tcn.2.net.5.weight'], 'missing_model_keys': ['attn.in_proj_bias', 'attn.in_proj_weight', 'attn.out_proj.bias', 'attn.out_proj.weight', 'classifier.1.bias', 'classifier.1.weight', 'classifier.4.weight', 'ff.0.weight', 'ff.3.bias', 'ff.3.weight', 'input_proj.0.weight', 'input_proj.1.bias', 'input_proj.1.running_mean', 'input_proj.1.running_var', 'input_proj.1.weight', 'ln1.bias', 'ln1.weight', 'ln2.bias', 'ln2.weight', 'tcn.0.net.0.weight', 'tcn.0.net.1.bias', 'tcn.0.net.1.running_mean', 'tcn.0.net.1.running_var', 'tcn.0.net.1.weight', 'tcn.0.net.4.weight', 'tcn.0.net.5.bias', 'tcn.0.net.5.running_mean', 'tcn.0.net.5.running_var', 'tcn.0.net.5.weight', 'tcn.1.net.0.weight', 'tcn.1.net.1.bias', 'tcn.1.net.1.running_mean', 'tcn.1.net.1.running_var', 'tcn.1.net.1.weight', 'tcn.1.net.4.weight', 'tcn.1.net.5.bias', 'tcn.1.net.5.running_mean', 'tcn.1.net.5.running_var', 'tcn.1.net.5.weight', 'tcn.2.net.0.weight', 'tcn.2.net.1.bias', 'tcn.2.net.1.running_mean', 'tcn.2.net.1.running_var', 'tcn.2.net.1.weight', 'tcn.2.net.4.weight', 'tcn.2.net.5.bias', 'tcn.2.net.5.running_mean', 'tcn.2.net.5.running_var', 'tcn.2.net.5.weight']}
Epoch 001 | teacher_ce=0.6114 | student=1.2305 (ce=0.9671, kd=0.1733, feat=1.5219) | val_student_acc=50.29% val_student_f1=0.5255 val_agree=60.57% | test_student_acc=91.85% test_agree=88.76%
Epoch 002 | teacher_ce=0.5225 | student=0.9351 (ce=0.6765, kd=0.1417, feat=1.5626) | val_student_acc=86.29% val_student_f1=0.8651 val_agree=88.57% | test_student_acc=95.51% test_agree=95.22%
Epoch 003 | teacher_ce=0.4338 | student=0.6984 (ce=0.4283, kd=0.1225, feat=1.6588) | val_student_acc=92.00% val_student_f1=0.9111 val_agree=93.71% | test_student_acc=94.10% test_agree=94.10%
Epoch 004 | teacher_ce=0.3745 | student=0.6042 (ce=0.2959, kd=0.1392, feat=1.7086) | val_student_acc=94.86% val_student_f1=0.9457 val_agree=94.29% | test_student_acc=93.82% test_agree=94.66%
Epoch 005 | teacher_ce=0.3074 | student=0.5662 (ce=0.2339, kd=0.1584, feat=1.6553) | val_student_acc=94.29% val_student_f1=0.9434 val_agree=97.71% | test_student_acc=92.13% test_agree=93.54%
Epoch 006 | teacher_ce=0.2809 | student=0.5371 (ce=0.2243, kd=0.1510, feat=1.5398) | val_student_acc=94.29% val_student_f1=0.9434 val_agree=97.14% | test_student_acc=89.33% test_agree=93.54%
Epoch 007 | teacher_ce=0.2328 | student=0.4963 (ce=0.1956, kd=0.1483, feat=1.4236) | val_student_acc=94.86% val_student_f1=0.9485 val_agree=97.71% | test_student_acc=87.64% test_agree=94.38%
Epoch 008 | teacher_ce=0.2041 | student=0.4713 (ce=0.1672, kd=0.1565, feat=1.3300) | val_student_acc=96.57% val_student_f1=0.9667 val_agree=97.14% | test_student_acc=91.85% test_agree=95.79%
Epoch 009 | teacher_ce=0.1761 | student=0.4416 (ce=0.1353, kd=0.1615, feat=1.2606) | val_student_acc=98.86% val_student_f1=0.9886 val_agree=98.86% | test_student_acc=89.33% test_agree=93.26%
Epoch 010 | teacher_ce=0.1469 | student=0.4250 (ce=0.1273, kd=0.1592, feat=1.1942) | val_student_acc=99.43% val_student_f1=0.9943 val_agree=99.43% | test_student_acc=83.71% test_agree=91.01%
Epoch 011 | teacher_ce=0.1298 | student=0.4154 (ce=0.1097, kd=0.1690, feat=1.1383) | val_student_acc=98.29% val_student_f1=0.9830 val_agree=98.29% | test_student_acc=88.76% test_agree=94.38%
Epoch 012 | teacher_ce=0.1108 | student=0.3984 (ce=0.0932, kd=0.1713, feat=1.0898) | val_student_acc=99.43% val_student_f1=0.9943 val_agree=100.00% | test_student_acc=87.36% test_agree=94.66%
Epoch 013 | teacher_ce=0.1053 | student=0.3954 (ce=0.0900, kd=0.1767, feat=1.0234) | val_student_acc=99.43% val_student_f1=0.9943 val_agree=100.00% | test_student_acc=88.20% test_agree=93.54%
Epoch 014 | teacher_ce=0.0966 | student=0.3671 (ce=0.0874, kd=0.1593, feat=0.9736) | val_student_acc=98.86% val_student_f1=0.9886 val_agree=99.43% | test_student_acc=87.92% test_agree=94.94%
Epoch 015 | teacher_ce=0.0834 | student=0.3755 (ce=0.0740, kd=0.1804, feat=0.9246) | val_student_acc=99.43% val_student_f1=0.9943 val_agree=100.00% | test_student_acc=86.52% test_agree=96.35%
Epoch 016 | teacher_ce=0.0843 | student=0.3708 (ce=0.0693, kd=0.1838, feat=0.8787) | val_student_acc=98.29% val_student_f1=0.9830 val_agree=98.29% | test_student_acc=85.67% test_agree=94.38%
Epoch 017 | teacher_ce=0.0666 | student=0.3490 (ce=0.0649, kd=0.1736, feat=0.8227) | val_student_acc=100.00% val_student_f1=1.0000 val_agree=100.00% | test_student_acc=83.71% test_agree=94.10%
Epoch 018 | teacher_ce=0.0585 | student=0.3336 (ce=0.0531, kd=0.1705, feat=0.8118) | val_student_acc=100.00% val_student_f1=1.0000 val_agree=100.00% | test_student_acc=80.34% test_agree=91.29%
Early stopping at epoch 18 (best=2, score=0.955056)
================================================================================
Best epoch: 2
Best score (test_acc): 0.955056
Final test student accuracy: 95.51%
Final test teacher agreement: 95.22%
Saved to: ablation_experiments/h1/results/run_20260327_131013/ablation3_joint_tcn_attn/ablation3_h1_scan90_run_20260327_131013_rerun/stage3/s3_s0_l4p_c7/seed_132/ablation3_joint_tcn_attn_weld_seam_windows_ws5_tf75_pg0_h1_ep80_lrt0.0001_lrs0.0003_bs128_T2.0_lce0.9_lkd1.2_lf0.1_seed132
================================================================================
Ablation-3 | Joint teacher-student future-step prediction with TCN+Attention
================================================================================
Dataset: Data/processed_data/weld_seam_windows_ws5_tf75_pg0_h1.npz
Device: cuda
Train/Val/Test: 990 / 175 / 356
Input full/subset dims: 18 / 13
Dropped feature indices: [3, 4, 5, 6, 7]
Temperature: 2.0
Loss weights (ce/kd/feat): 0.9 / 1.2 / 0.1
Checkpoint metric: test_acc
Freeze teacher epochs: 0
Teacher init summary: {'init_mode': 'strict', 'loaded_keys': 58, 'skipped_keys': [], 'missing_model_keys': []}
Student init summary: {'init_mode': 'shape_safe', 'loaded_keys': 9, 'skipped_keys': ['attn.in_proj_bias', 'attn.in_proj_weight', 'attn.out_proj.bias', 'attn.out_proj.weight', 'classifier.1.bias', 'classifier.1.weight', 'classifier.4.weight', 'ff.0.weight', 'ff.3.bias', 'ff.3.weight', 'input_proj.0.weight', 'input_proj.1.bias', 'input_proj.1.running_mean', 'input_proj.1.running_var', 'input_proj.1.weight', 'ln1.bias', 'ln1.weight', 'ln2.bias', 'ln2.weight', 'tcn.0.net.0.weight', 'tcn.0.net.1.bias', 'tcn.0.net.1.running_mean', 'tcn.0.net.1.running_var', 'tcn.0.net.1.weight', 'tcn.0.net.4.weight', 'tcn.0.net.5.bias', 'tcn.0.net.5.running_mean', 'tcn.0.net.5.running_var', 'tcn.0.net.5.weight', 'tcn.1.net.0.weight', 'tcn.1.net.1.bias', 'tcn.1.net.1.running_mean', 'tcn.1.net.1.running_var', 'tcn.1.net.1.weight', 'tcn.1.net.4.weight', 'tcn.1.net.5.bias', 'tcn.1.net.5.running_mean', 'tcn.1.net.5.running_var', 'tcn.1.net.5.weight', 'tcn.2.net.0.weight', 'tcn.2.net.1.bias', 'tcn.2.net.1.running_mean', 'tcn.2.net.1.running_var', 'tcn.2.net.1.weight', 'tcn.2.net.4.weight', 'tcn.2.net.5.bias', 'tcn.2.net.5.running_mean', 'tcn.2.net.5.running_var', 'tcn.2.net.5.weight'], 'missing_model_keys': ['attn.in_proj_bias', 'attn.in_proj_weight', 'attn.out_proj.bias', 'attn.out_proj.weight', 'classifier.1.bias', 'classifier.1.weight', 'classifier.4.weight', 'ff.0.weight', 'ff.3.bias', 'ff.3.weight', 'input_proj.0.weight', 'input_proj.1.bias', 'input_proj.1.running_mean', 'input_proj.1.running_var', 'input_proj.1.weight', 'ln1.bias', 'ln1.weight', 'ln2.bias', 'ln2.weight', 'tcn.0.net.0.weight', 'tcn.0.net.1.bias', 'tcn.0.net.1.running_mean', 'tcn.0.net.1.running_var', 'tcn.0.net.1.weight', 'tcn.0.net.4.weight', 'tcn.0.net.5.bias', 'tcn.0.net.5.running_mean', 'tcn.0.net.5.running_var', 'tcn.0.net.5.weight', 'tcn.1.net.0.weight', 'tcn.1.net.1.bias', 'tcn.1.net.1.running_mean', 'tcn.1.net.1.running_var', 'tcn.1.net.1.weight', 'tcn.1.net.4.weight', 'tcn.1.net.5.bias', 'tcn.1.net.5.running_mean', 'tcn.1.net.5.running_var', 'tcn.1.net.5.weight', 'tcn.2.net.0.weight', 'tcn.2.net.1.bias', 'tcn.2.net.1.running_mean', 'tcn.2.net.1.running_var', 'tcn.2.net.1.weight', 'tcn.2.net.4.weight', 'tcn.2.net.5.bias', 'tcn.2.net.5.running_mean', 'tcn.2.net.5.running_var', 'tcn.2.net.5.weight']}
Epoch 001 | teacher_ce=0.5885 | student=1.2803 (ce=0.9717, kd=0.2073, feat=1.5695) | val_student_acc=48.00% val_student_f1=0.4959 val_agree=59.43% | test_student_acc=59.55% test_agree=59.55%
Epoch 002 | teacher_ce=0.5051 | student=0.9686 (ce=0.6770, kd=0.1615, feat=1.6550) | val_student_acc=54.29% val_student_f1=0.5774 val_agree=64.00% | test_student_acc=67.98% test_agree=69.94%
Epoch 003 | teacher_ce=0.4459 | student=0.7709 (ce=0.4586, kd=0.1545, feat=1.7288) | val_student_acc=85.71% val_student_f1=0.8612 val_agree=92.00% | test_student_acc=86.24% test_agree=86.80%
Epoch 004 | teacher_ce=0.3741 | student=0.6627 (ce=0.3375, kd=0.1555, feat=1.7236) | val_student_acc=90.29% val_student_f1=0.9019 val_agree=96.00% | test_student_acc=92.98% test_agree=95.22%
Epoch 005 | teacher_ce=0.3016 | student=0.5999 (ce=0.2541, kd=0.1703, feat=1.6679) | val_student_acc=93.14% val_student_f1=0.9312 val_agree=92.57% | test_student_acc=90.73% test_agree=92.98%
Epoch 006 | teacher_ce=0.2888 | student=0.5575 (ce=0.2244, kd=0.1646, feat=1.5801) | val_student_acc=94.29% val_student_f1=0.9417 val_agree=93.71% | test_student_acc=92.42% test_agree=94.94%
Epoch 007 | teacher_ce=0.2326 | student=0.5054 (ce=0.1936, kd=0.1531, feat=1.4747) | val_student_acc=95.43% val_student_f1=0.9530 val_agree=96.00% | test_student_acc=91.29% test_agree=92.42%
Epoch 008 | teacher_ce=0.2006 | student=0.4749 (ce=0.1578, kd=0.1618, feat=1.3878) | val_student_acc=97.14% val_student_f1=0.9697 val_agree=97.14% | test_student_acc=92.70% test_agree=92.42%
Epoch 009 | teacher_ce=0.1761 | student=0.4668 (ce=0.1474, kd=0.1696, feat=1.3063) | val_student_acc=98.29% val_student_f1=0.9807 val_agree=99.43% | test_student_acc=91.29% test_agree=92.13%
Epoch 010 | teacher_ce=0.1590 | student=0.4457 (ce=0.1235, kd=0.1778, feat=1.2114) | val_student_acc=97.14% val_student_f1=0.9692 val_agree=98.29% | test_student_acc=89.33% test_agree=91.57%
Epoch 011 | teacher_ce=0.1296 | student=0.4218 (ce=0.1129, kd=0.1726, feat=1.1303) | val_student_acc=97.71% val_student_f1=0.9747 val_agree=99.43% | test_student_acc=87.08% test_agree=90.45%
Epoch 012 | teacher_ce=0.1207 | student=0.3977 (ce=0.1027, kd=0.1648, feat=1.0741) | val_student_acc=97.14% val_student_f1=0.9692 val_agree=98.86% | test_student_acc=89.61% test_agree=91.85%
Epoch 013 | teacher_ce=0.1082 | student=0.4087 (ce=0.0955, kd=0.1849, feat=1.0090) | val_student_acc=98.29% val_student_f1=0.9827 val_agree=99.43% | test_student_acc=89.89% test_agree=92.13%
Epoch 014 | teacher_ce=0.0986 | student=0.3665 (ce=0.0807, kd=0.1660, feat=0.9471) | val_student_acc=99.43% val_student_f1=0.9943 val_agree=98.29% | test_student_acc=87.92% test_agree=91.57%
Epoch 015 | teacher_ce=0.0803 | student=0.3768 (ce=0.0739, kd=0.1837, feat=0.8978) | val_student_acc=98.86% val_student_f1=0.9883 val_agree=98.86% | test_student_acc=88.48% test_agree=93.54%
Epoch 016 | teacher_ce=0.0812 | student=0.3636 (ce=0.0710, kd=0.1779, feat=0.8628) | val_student_acc=97.71% val_student_f1=0.9775 val_agree=98.86% | test_student_acc=88.48% test_agree=91.57%
Epoch 017 | teacher_ce=0.0614 | student=0.3406 (ce=0.0544, kd=0.1757, feat=0.8084) | val_student_acc=99.43% val_student_f1=0.9943 val_agree=99.43% | test_student_acc=87.08% test_agree=92.42%
Epoch 018 | teacher_ce=0.0627 | student=0.3349 (ce=0.0535, kd=0.1747, feat=0.7700) | val_student_acc=100.00% val_student_f1=1.0000 val_agree=100.00% | test_student_acc=86.80% test_agree=91.57%
Epoch 019 | teacher_ce=0.0540 | student=0.3326 (ce=0.0490, kd=0.1802, feat=0.7218) | val_student_acc=99.43% val_student_f1=0.9943 val_agree=99.43% | test_student_acc=86.24% test_agree=91.01%
Epoch 020 | teacher_ce=0.0496 | student=0.3169 (ce=0.0439, kd=0.1735, feat=0.6919) | val_student_acc=98.29% val_student_f1=0.9830 val_agree=98.86% | test_student_acc=88.48% test_agree=94.10%
Early stopping at epoch 20 (best=4, score=0.929775)
================================================================================
Best epoch: 4
Best score (test_acc): 0.929775
Final test student accuracy: 92.98%
Final test teacher agreement: 95.22%
Saved to: ablation_experiments/h1/results/run_20260327_131013/ablation3_joint_tcn_attn/ablation3_h1_scan90_run_20260327_131013_rerun/stage3/s3_s0_l4p_c7/seed_230/ablation3_joint_tcn_attn_weld_seam_windows_ws5_tf75_pg0_h1_ep80_lrt0.0001_lrs0.0003_bs128_T2.0_lce0.9_lkd1.2_lf0.1_seed230
================================================================================
Ablation-3 | Joint teacher-student future-step prediction with TCN+Attention
================================================================================
Dataset: Data/processed_data/weld_seam_windows_ws5_tf75_pg0_h1.npz
Device: cuda
Train/Val/Test: 990 / 175 / 356
Input full/subset dims: 18 / 13
Dropped feature indices: [3, 4, 5, 6, 7]
Temperature: 2.0
Loss weights (ce/kd/feat): 0.9 / 1.2 / 0.1
Checkpoint metric: test_acc
Freeze teacher epochs: 0
Teacher init summary: {'init_mode': 'strict', 'loaded_keys': 58, 'skipped_keys': [], 'missing_model_keys': []}
Student init summary: {'init_mode': 'shape_safe', 'loaded_keys': 9, 'skipped_keys': ['attn.in_proj_bias', 'attn.in_proj_weight', 'attn.out_proj.bias', 'attn.out_proj.weight', 'classifier.1.bias', 'classifier.1.weight', 'classifier.4.weight', 'ff.0.weight', 'ff.3.bias', 'ff.3.weight', 'input_proj.0.weight', 'input_proj.1.bias', 'input_proj.1.running_mean', 'input_proj.1.running_var', 'input_proj.1.weight', 'ln1.bias', 'ln1.weight', 'ln2.bias', 'ln2.weight', 'tcn.0.net.0.weight', 'tcn.0.net.1.bias', 'tcn.0.net.1.running_mean', 'tcn.0.net.1.running_var', 'tcn.0.net.1.weight', 'tcn.0.net.4.weight', 'tcn.0.net.5.bias', 'tcn.0.net.5.running_mean', 'tcn.0.net.5.running_var', 'tcn.0.net.5.weight', 'tcn.1.net.0.weight', 'tcn.1.net.1.bias', 'tcn.1.net.1.running_mean', 'tcn.1.net.1.running_var', 'tcn.1.net.1.weight', 'tcn.1.net.4.weight', 'tcn.1.net.5.bias', 'tcn.1.net.5.running_mean', 'tcn.1.net.5.running_var', 'tcn.1.net.5.weight', 'tcn.2.net.0.weight', 'tcn.2.net.1.bias', 'tcn.2.net.1.running_mean', 'tcn.2.net.1.running_var', 'tcn.2.net.1.weight', 'tcn.2.net.4.weight', 'tcn.2.net.5.bias', 'tcn.2.net.5.running_mean', 'tcn.2.net.5.running_var', 'tcn.2.net.5.weight'], 'missing_model_keys': ['attn.in_proj_bias', 'attn.in_proj_weight', 'attn.out_proj.bias', 'attn.out_proj.weight', 'classifier.1.bias', 'classifier.1.weight', 'classifier.4.weight', 'ff.0.weight', 'ff.3.bias', 'ff.3.weight', 'input_proj.0.weight', 'input_proj.1.bias', 'input_proj.1.running_mean', 'input_proj.1.running_var', 'input_proj.1.weight', 'ln1.bias', 'ln1.weight', 'ln2.bias', 'ln2.weight', 'tcn.0.net.0.weight', 'tcn.0.net.1.bias', 'tcn.0.net.1.running_mean', 'tcn.0.net.1.running_var', 'tcn.0.net.1.weight', 'tcn.0.net.4.weight', 'tcn.0.net.5.bias', 'tcn.0.net.5.running_mean', 'tcn.0.net.5.running_var', 'tcn.0.net.5.weight', 'tcn.1.net.0.weight', 'tcn.1.net.1.bias', 'tcn.1.net.1.running_mean', 'tcn.1.net.1.running_var', 'tcn.1.net.1.weight', 'tcn.1.net.4.weight', 'tcn.1.net.5.bias', 'tcn.1.net.5.running_mean', 'tcn.1.net.5.running_var', 'tcn.1.net.5.weight', 'tcn.2.net.0.weight', 'tcn.2.net.1.bias', 'tcn.2.net.1.running_mean', 'tcn.2.net.1.running_var', 'tcn.2.net.1.weight', 'tcn.2.net.4.weight', 'tcn.2.net.5.bias', 'tcn.2.net.5.running_mean', 'tcn.2.net.5.running_var', 'tcn.2.net.5.weight']}
Epoch 001 | teacher_ce=0.6050 | student=1.3129 (ce=1.0038, kd=0.2077, feat=1.6017) | val_student_acc=50.86% val_student_f1=0.5374 val_agree=58.29% | test_student_acc=70.79% test_agree=71.91%
Epoch 002 | teacher_ce=0.5202 | student=0.9581 (ce=0.6808, kd=0.1477, feat=1.6817) | val_student_acc=83.43% val_student_f1=0.8448 val_agree=84.00% | test_student_acc=93.82% test_agree=96.07%
Epoch 003 | teacher_ce=0.4444 | student=0.7507 (ce=0.4707, kd=0.1290, feat=1.7221) | val_student_acc=92.00% val_student_f1=0.9132 val_agree=92.00% | test_student_acc=95.51% test_agree=96.07%
Epoch 004 | teacher_ce=0.3749 | student=0.6480 (ce=0.3541, kd=0.1335, feat=1.6911) | val_student_acc=96.00% val_student_f1=0.9557 val_agree=96.00% | test_student_acc=91.85% test_agree=90.73%
Epoch 005 | teacher_ce=0.2964 | student=0.5648 (ce=0.2451, kd=0.1527, feat=1.6091) | val_student_acc=96.57% val_student_f1=0.9639 val_agree=97.14% | test_student_acc=90.17% test_agree=91.57%
Epoch 006 | teacher_ce=0.2671 | student=0.5350 (ce=0.2313, kd=0.1479, feat=1.4944) | val_student_acc=95.43% val_student_f1=0.9538 val_agree=97.71% | test_student_acc=89.33% test_agree=91.29%
Epoch 007 | teacher_ce=0.2440 | student=0.5113 (ce=0.2015, kd=0.1609, feat=1.3698) | val_student_acc=95.43% val_student_f1=0.9538 val_agree=96.57% | test_student_acc=90.45% test_agree=92.98%
Epoch 008 | teacher_ce=0.2237 | student=0.4866 (ce=0.1757, kd=0.1691, feat=1.2562) | val_student_acc=98.29% val_student_f1=0.9807 val_agree=98.86% | test_student_acc=90.17% test_agree=92.70%
Epoch 009 | teacher_ce=0.1817 | student=0.4464 (ce=0.1487, kd=0.1634, feat=1.1656) | val_student_acc=98.86% val_student_f1=0.9862 val_agree=99.43% | test_student_acc=89.89% test_agree=92.42%
Epoch 010 | teacher_ce=0.1551 | student=0.4143 (ce=0.1247, kd=0.1606, feat=1.0937) | val_student_acc=99.43% val_student_f1=0.9919 val_agree=99.43% | test_student_acc=88.76% test_agree=92.98%
Epoch 011 | teacher_ce=0.1368 | student=0.4100 (ce=0.1183, kd=0.1669, feat=1.0323) | val_student_acc=99.43% val_student_f1=0.9943 val_agree=100.00% | test_student_acc=89.33% test_agree=94.10%
Epoch 012 | teacher_ce=0.1220 | student=0.3924 (ce=0.1061, kd=0.1671, feat=0.9637) | val_student_acc=99.43% val_student_f1=0.9943 val_agree=100.00% | test_student_acc=89.33% test_agree=94.10%
Epoch 013 | teacher_ce=0.1121 | student=0.3702 (ce=0.0918, kd=0.1660, feat=0.8843) | val_student_acc=100.00% val_student_f1=1.0000 val_agree=99.43% | test_student_acc=88.48% test_agree=93.26%
Epoch 014 | teacher_ce=0.0963 | student=0.3738 (ce=0.0881, kd=0.1745, feat=0.8501) | val_student_acc=100.00% val_student_f1=1.0000 val_agree=100.00% | test_student_acc=86.52% test_agree=93.54%
Epoch 015 | teacher_ce=0.0803 | student=0.3540 (ce=0.0685, kd=0.1761, feat=0.8098) | val_student_acc=100.00% val_student_f1=1.0000 val_agree=100.00% | test_student_acc=84.83% test_agree=91.57%
Epoch 016 | teacher_ce=0.0762 | student=0.3759 (ce=0.0706, kd=0.1955, feat=0.7779) | val_student_acc=99.43% val_student_f1=0.9941 val_agree=98.86% | test_student_acc=84.27% test_agree=91.85%
Epoch 017 | teacher_ce=0.0687 | student=0.3648 (ce=0.0684, kd=0.1918, feat=0.7306) | val_student_acc=100.00% val_student_f1=1.0000 val_agree=100.00% | test_student_acc=88.48% test_agree=91.85%
Epoch 018 | teacher_ce=0.0581 | student=0.3329 (ce=0.0582, kd=0.1760, feat=0.6927) | val_student_acc=99.43% val_student_f1=0.9941 val_agree=99.43% | test_student_acc=90.17% test_agree=91.57%
Epoch 019 | teacher_ce=0.0550 | student=0.3103 (ce=0.0471, kd=0.1698, feat=0.6417) | val_student_acc=100.00% val_student_f1=1.0000 val_agree=100.00% | test_student_acc=84.27% test_agree=93.26%
Early stopping at epoch 19 (best=3, score=0.955056)
================================================================================
Best epoch: 3
Best score (test_acc): 0.955056
Final test student accuracy: 95.51%
Final test teacher agreement: 96.07%
Saved to: ablation_experiments/h1/results/run_20260327_131013/ablation3_joint_tcn_attn/ablation3_h1_scan90_run_20260327_131013_rerun/stage3/s3_s0_l4p_c7/seed_314/ablation3_joint_tcn_attn_weld_seam_windows_ws5_tf75_pg0_h1_ep80_lrt0.0001_lrs0.0003_bs128_T2.0_lce0.9_lkd1.2_lf0.1_seed314
================================================================================
Ablation-3 | Joint teacher-student future-step prediction with TCN+Attention
================================================================================
Dataset: Data/processed_data/weld_seam_windows_ws5_tf75_pg0_h1.npz
Device: cuda
Train/Val/Test: 990 / 175 / 356
Input full/subset dims: 18 / 13
Dropped feature indices: [3, 4, 5, 6, 7]
Temperature: 2.0
Loss weights (ce/kd/feat): 0.9 / 1.2 / 0.1
Checkpoint metric: test_acc
Freeze teacher epochs: 0
Teacher init summary: {'init_mode': 'strict', 'loaded_keys': 58, 'skipped_keys': [], 'missing_model_keys': []}
Student init summary: {'init_mode': 'shape_safe', 'loaded_keys': 9, 'skipped_keys': ['attn.in_proj_bias', 'attn.in_proj_weight', 'attn.out_proj.bias', 'attn.out_proj.weight', 'classifier.1.bias', 'classifier.1.weight', 'classifier.4.weight', 'ff.0.weight', 'ff.3.bias', 'ff.3.weight', 'input_proj.0.weight', 'input_proj.1.bias', 'input_proj.1.running_mean', 'input_proj.1.running_var', 'input_proj.1.weight', 'ln1.bias', 'ln1.weight', 'ln2.bias', 'ln2.weight', 'tcn.0.net.0.weight', 'tcn.0.net.1.bias', 'tcn.0.net.1.running_mean', 'tcn.0.net.1.running_var', 'tcn.0.net.1.weight', 'tcn.0.net.4.weight', 'tcn.0.net.5.bias', 'tcn.0.net.5.running_mean', 'tcn.0.net.5.running_var', 'tcn.0.net.5.weight', 'tcn.1.net.0.weight', 'tcn.1.net.1.bias', 'tcn.1.net.1.running_mean', 'tcn.1.net.1.running_var', 'tcn.1.net.1.weight', 'tcn.1.net.4.weight', 'tcn.1.net.5.bias', 'tcn.1.net.5.running_mean', 'tcn.1.net.5.running_var', 'tcn.1.net.5.weight', 'tcn.2.net.0.weight', 'tcn.2.net.1.bias', 'tcn.2.net.1.running_mean', 'tcn.2.net.1.running_var', 'tcn.2.net.1.weight', 'tcn.2.net.4.weight', 'tcn.2.net.5.bias', 'tcn.2.net.5.running_mean', 'tcn.2.net.5.running_var', 'tcn.2.net.5.weight'], 'missing_model_keys': ['attn.in_proj_bias', 'attn.in_proj_weight', 'attn.out_proj.bias', 'attn.out_proj.weight', 'classifier.1.bias', 'classifier.1.weight', 'classifier.4.weight', 'ff.0.weight', 'ff.3.bias', 'ff.3.weight', 'input_proj.0.weight', 'input_proj.1.bias', 'input_proj.1.running_mean', 'input_proj.1.running_var', 'input_proj.1.weight', 'ln1.bias', 'ln1.weight', 'ln2.bias', 'ln2.weight', 'tcn.0.net.0.weight', 'tcn.0.net.1.bias', 'tcn.0.net.1.running_mean', 'tcn.0.net.1.running_var', 'tcn.0.net.1.weight', 'tcn.0.net.4.weight', 'tcn.0.net.5.bias', 'tcn.0.net.5.running_mean', 'tcn.0.net.5.running_var', 'tcn.0.net.5.weight', 'tcn.1.net.0.weight', 'tcn.1.net.1.bias', 'tcn.1.net.1.running_mean', 'tcn.1.net.1.running_var', 'tcn.1.net.1.weight', 'tcn.1.net.4.weight', 'tcn.1.net.5.bias', 'tcn.1.net.5.running_mean', 'tcn.1.net.5.running_var', 'tcn.1.net.5.weight', 'tcn.2.net.0.weight', 'tcn.2.net.1.bias', 'tcn.2.net.1.running_mean', 'tcn.2.net.1.running_var', 'tcn.2.net.1.weight', 'tcn.2.net.4.weight', 'tcn.2.net.5.bias', 'tcn.2.net.5.running_mean', 'tcn.2.net.5.running_var', 'tcn.2.net.5.weight']}
Epoch 001 | teacher_ce=0.6036 | student=1.2770 (ce=0.9904, kd=0.1936, feat=1.5324) | val_student_acc=56.00% val_student_f1=0.5603 val_agree=64.00% | test_student_acc=65.17% test_agree=65.45%
Epoch 002 | teacher_ce=0.5238 | student=0.9468 (ce=0.6863, kd=0.1457, feat=1.5433) | val_student_acc=72.57% val_student_f1=0.7425 val_agree=79.43% | test_student_acc=73.31% test_agree=73.60%
Epoch 003 | teacher_ce=0.4571 | student=0.7798 (ce=0.4959, kd=0.1471, feat=1.5701) | val_student_acc=90.86% val_student_f1=0.9111 val_agree=93.14% | test_student_acc=83.99% test_agree=84.83%
Epoch 004 | teacher_ce=0.3842 | student=0.6368 (ce=0.3417, kd=0.1425, feat=1.5827) | val_student_acc=95.43% val_student_f1=0.9560 val_agree=93.71% | test_student_acc=87.92% test_agree=89.33%
Epoch 005 | teacher_ce=0.3273 | student=0.5757 (ce=0.2450, kd=0.1660, feat=1.5608) | val_student_acc=96.57% val_student_f1=0.9667 val_agree=94.29% | test_student_acc=85.11% test_agree=87.36%
Epoch 006 | teacher_ce=0.2687 | student=0.5267 (ce=0.2084, kd=0.1606, feat=1.4638) | val_student_acc=97.71% val_student_f1=0.9775 val_agree=93.71% | test_student_acc=82.02% test_agree=86.24%
Epoch 007 | teacher_ce=0.2297 | student=0.4896 (ce=0.1736, kd=0.1629, feat=1.3791) | val_student_acc=97.71% val_student_f1=0.9775 val_agree=95.43% | test_student_acc=82.87% test_agree=88.20%
Epoch 008 | teacher_ce=0.2064 | student=0.4687 (ce=0.1645, kd=0.1586, feat=1.3033) | val_student_acc=96.57% val_student_f1=0.9667 val_agree=96.00% | test_student_acc=83.71% test_agree=89.33%
Epoch 009 | teacher_ce=0.1844 | student=0.4573 (ce=0.1499, kd=0.1676, feat=1.2119) | val_student_acc=98.86% val_student_f1=0.9886 val_agree=95.43% | test_student_acc=81.18% test_agree=86.52%
Epoch 010 | teacher_ce=0.1656 | student=0.4388 (ce=0.1513, kd=0.1583, feat=1.1264) | val_student_acc=99.43% val_student_f1=0.9943 val_agree=97.71% | test_student_acc=78.37% test_agree=86.52%
Epoch 011 | teacher_ce=0.1441 | student=0.4386 (ce=0.1210, kd=0.1846, feat=1.0821) | val_student_acc=99.43% val_student_f1=0.9943 val_agree=98.29% | test_student_acc=77.81% test_agree=89.04%
Epoch 012 | teacher_ce=0.1253 | student=0.4117 (ce=0.1027, kd=0.1815, feat=1.0142) | val_student_acc=99.43% val_student_f1=0.9943 val_agree=99.43% | test_student_acc=76.97% test_agree=89.61%
Epoch 013 | teacher_ce=0.1083 | student=0.3908 (ce=0.0937, kd=0.1765, feat=0.9474) | val_student_acc=99.43% val_student_f1=0.9943 val_agree=99.43% | test_student_acc=76.69% test_agree=90.17%
Epoch 014 | teacher_ce=0.1002 | student=0.3833 (ce=0.0886, kd=0.1779, feat=0.9014) | val_student_acc=100.00% val_student_f1=1.0000 val_agree=98.86% | test_student_acc=76.69% test_agree=87.36%
Epoch 015 | teacher_ce=0.0789 | student=0.3468 (ce=0.0701, kd=0.1655, feat=0.8514) | val_student_acc=100.00% val_student_f1=1.0000 val_agree=100.00% | test_student_acc=75.28% test_agree=87.36%
Epoch 016 | teacher_ce=0.0838 | student=0.3742 (ce=0.0787, kd=0.1842, feat=0.8227) | val_student_acc=99.43% val_student_f1=0.9943 val_agree=98.86% | test_student_acc=78.93% test_agree=89.61%
Epoch 017 | teacher_ce=0.0811 | student=0.3764 (ce=0.0798, kd=0.1873, feat=0.7980) | val_student_acc=99.43% val_student_f1=0.9943 val_agree=98.86% | test_student_acc=76.12% test_agree=88.20%
Epoch 018 | teacher_ce=0.0610 | student=0.3411 (ce=0.0504, kd=0.1844, feat=0.7449) | val_student_acc=99.43% val_student_f1=0.9943 val_agree=98.86% | test_student_acc=75.56% test_agree=88.76%
Epoch 019 | teacher_ce=0.0532 | student=0.3372 (ce=0.0510, kd=0.1840, feat=0.7053) | val_student_acc=99.43% val_student_f1=0.9943 val_agree=99.43% | test_student_acc=77.81% test_agree=88.20%
Epoch 020 | teacher_ce=0.0705 | student=0.3556 (ce=0.0638, kd=0.1929, feat=0.6672) | val_student_acc=99.43% val_student_f1=0.9943 val_agree=99.43% | test_student_acc=79.21% test_agree=92.13%
Early stopping at epoch 20 (best=4, score=0.879213)
================================================================================
Best epoch: 4
Best score (test_acc): 0.879213
Final test student accuracy: 87.92%
Final test teacher agreement: 89.33%
Saved to: ablation_experiments/h1/results/run_20260327_131013/ablation3_joint_tcn_attn/ablation3_h1_scan90_run_20260327_131013_rerun/stage3/s3_s0_l4p_c7/seed_512/ablation3_joint_tcn_attn_weld_seam_windows_ws5_tf75_pg0_h1_ep80_lrt0.0001_lrs0.0003_bs128_T2.0_lce0.9_lkd1.2_lf0.1_seed512
/usr/bin/python /home/huang_kai/wind_turbine_phm/PHOENIX-main/autoencoder_benchmark/ablation_experiments/ablation3_joint_tcn_attn/scripts/train_ablation3_joint_tcn_attn.py --dataset-npz Data/processed_data/weld_seam_windows_ws5_tf75_pg0_h1.npz --output-dir ablation_experiments/h1/results/run_20260327_131013/ablation3_joint_tcn_attn/ablation3_h1_scan90_run_20260327_131013_rerun/stage3/s3_s0_l4p_c7/seed_132 --epochs 80 --batch-size 128 --lr-teacher 0.0001 --lr-student 0.0003 --weight-decay 0.00015 --seed 132 --num-workers 0 --checkpoint-metric test_acc --temperature 2.0 --lambda-ce 0.9 --lambda-kd 1.2 --lambda-feat 0.1 --freeze-teacher-epochs 0 --teacher-tcn-kernel 3 --teacher-tcn-layers 3 --teacher-tcn-channels 64,64,64 --teacher-tcn-dropout 0.08 --teacher-tcn-dilation-base 2 --teacher-classifier-hidden 64 --teacher-classifier-dropout 0.4 --teacher-attn-heads 4 --teacher-attn-dropout 0.1 --teacher-attn-ff-dim 128 --teacher-init-ckpt /home/huang_kai/wind_turbine_phm/PHOENIX-main/autoencoder_benchmark/outputs/teacher_h1_scan98_gpu1_v2/runs/single_tcn_attn_weld_seam_windows_ws5_tf75_pg0_h1_ep60_lr0.0003_bs128_k3_l3_d0.08_lat64_wd0.00015_seed14/best_single_tcn.pth --teacher-init-mode strict --student-tcn-layers 3 --student-tcn-dropout 0.12 --student-classifier-hidden 64 --student-classifier-dropout 0.3 --student-attn-dropout 0.05 --student-attn-ff-dim 128 --student-tcn-dilation-base 1 --weighted-sampler --student-init-ckpt ablation_experiments/h1/results/run_20260327_131013/ablation1_sweep/trials/trial_0004_A/ablation1_student_only_tcn_attn_weld_seam_windows_ws5_tf75_pg0_h1_ep80_lr0.00015_bs96_seed156/best_student_only.pth --student-init-mode shape_safe
Command: /usr/bin/python /home/huang_kai/wind_turbine_phm/PHOENIX-main/autoencoder_benchmark/ablation_experiments/ablation3_joint_tcn_attn/scripts/train_ablation3_joint_tcn_attn.py --dataset-npz Data/processed_data/weld_seam_windows_ws5_tf75_pg0_h1.npz --output-dir ablation_experiments/h1/results/run_20260327_131013/ablation3_joint_tcn_attn/ablation3_h1_scan90_run_20260327_131013_rerun/stage3/s3_s0_l4p_c7/seed_230 --epochs 80 --batch-size 128 --lr-teacher 0.0001 --lr-student 0.0003 --weight-decay 0.00015 --seed 230 --num-workers 0 --checkpoint-metric test_acc --temperature 2.0 --lambda-ce 0.9 --lambda-kd 1.2 --lambda-feat 0.1 --freeze-teacher-epochs 0 --teacher-tcn-kernel 3 --teacher-tcn-layers 3 --teacher-tcn-channels 64,64,64 --teacher-tcn-dropout 0.08 --teacher-tcn-dilation-base 2 --teacher-classifier-hidden 64 --teacher-classifier-dropout 0.4 --teacher-attn-heads 4 --teacher-attn-dropout 0.1 --teacher-attn-ff-dim 128 --teacher-init-ckpt /home/huang_kai/wind_turbine_phm/PHOENIX-main/autoencoder_benchmark/outputs/teacher_h1_scan98_gpu1_v2/runs/single_tcn_attn_weld_seam_windows_ws5_tf75_pg0_h1_ep60_lr0.0003_bs128_k3_l3_d0.08_lat64_wd0.00015_seed14/best_single_tcn.pth --teacher-init-mode strict --student-tcn-layers 3 --student-tcn-dropout 0.12 --student-classifier-hidden 64 --student-classifier-dropout 0.3 --student-attn-dropout 0.05 --student-attn-ff-dim 128 --student-tcn-dilation-base 1 --weighted-sampler --student-init-ckpt ablation_experiments/h1/results/run_20260327_131013/ablation1_sweep/trials/trial_0004_A/ablation1_student_only_tcn_attn_weld_seam_windows_ws5_tf75_pg0_h1_ep80_lr0.00015_bs96_seed156/best_student_only.pth --student-init-mode shape_safe
Command: /usr/bin/python /home/huang_kai/wind_turbine_phm/PHOENIX-main/autoencoder_benchmark/ablation_experiments/ablation3_joint_tcn_attn/scripts/train_ablation3_joint_tcn_attn.py --dataset-npz Data/processed_data/weld_seam_windows_ws5_tf75_pg0_h1.npz --output-dir ablation_experiments/h1/results/run_20260327_131013/ablation3_joint_tcn_attn/ablation3_h1_scan90_run_20260327_131013_rerun/stage3/s3_s0_l4p_c7/seed_314 --epochs 80 --batch-size 128 --lr-teacher 0.0001 --lr-student 0.0003 --weight-decay 0.00015 --seed 314 --num-workers 0 --checkpoint-metric test_acc --temperature 2.0 --lambda-ce 0.9 --lambda-kd 1.2 --lambda-feat 0.1 --freeze-teacher-epochs 0 --teacher-tcn-kernel 3 --teacher-tcn-layers 3 --teacher-tcn-channels 64,64,64 --teacher-tcn-dropout 0.08 --teacher-tcn-dilation-base 2 --teacher-classifier-hidden 64 --teacher-classifier-dropout 0.4 --teacher-attn-heads 4 --teacher-attn-dropout 0.1 --teacher-attn-ff-dim 128 --teacher-init-ckpt /home/huang_kai/wind_turbine_phm/PHOENIX-main/autoencoder_benchmark/outputs/teacher_h1_scan98_gpu1_v2/runs/single_tcn_attn_weld_seam_windows_ws5_tf75_pg0_h1_ep60_lr0.0003_bs128_k3_l3_d0.08_lat64_wd0.00015_seed14/best_single_tcn.pth --teacher-init-mode strict --student-tcn-layers 3 --student-tcn-dropout 0.12 --student-classifier-hidden 64 --student-classifier-dropout 0.3 --student-attn-dropout 0.05 --student-attn-ff-dim 128 --student-tcn-dilation-base 1 --weighted-sampler --student-init-ckpt ablation_experiments/h1/results/run_20260327_131013/ablation1_sweep/trials/trial_0004_A/ablation1_student_only_tcn_attn_weld_seam_windows_ws5_tf75_pg0_h1_ep80_lr0.00015_bs96_seed156/best_student_only.pth --student-init-mode shape_safe
Command: /usr/bin/python /home/huang_kai/wind_turbine_phm/PHOENIX-main/autoencoder_benchmark/ablation_experiments/ablation3_joint_tcn_attn/scripts/train_ablation3_joint_tcn_attn.py --dataset-npz Data/processed_data/weld_seam_windows_ws5_tf75_pg0_h1.npz --output-dir ablation_experiments/h1/results/run_20260327_131013/ablation3_joint_tcn_attn/ablation3_h1_scan90_run_20260327_131013_rerun/stage3/s3_s0_l4p_c7/seed_512 --epochs 80 --batch-size 128 --lr-teacher 0.0001 --lr-student 0.0003 --weight-decay 0.00015 --seed 512 --num-workers 0 --checkpoint-metric test_acc --temperature 2.0 --lambda-ce 0.9 --lambda-kd 1.2 --lambda-feat 0.1 --freeze-teacher-epochs 0 --teacher-tcn-kernel 3 --teacher-tcn-layers 3 --teacher-tcn-channels 64,64,64 --teacher-tcn-dropout 0.08 --teacher-tcn-dilation-base 2 --teacher-classifier-hidden 64 --teacher-classifier-dropout 0.4 --teacher-attn-heads 4 --teacher-attn-dropout 0.1 --teacher-attn-ff-dim 128 --teacher-init-ckpt /home/huang_kai/wind_turbine_phm/PHOENIX-main/autoencoder_benchmark/outputs/teacher_h1_scan98_gpu1_v2/runs/single_tcn_attn_weld_seam_windows_ws5_tf75_pg0_h1_ep60_lr0.0003_bs128_k3_l3_d0.08_lat64_wd0.00015_seed14/best_single_tcn.pth --teacher-init-mode strict --student-tcn-layers 3 --student-tcn-dropout 0.12 --student-classifier-hidden 64 --student-classifier-dropout 0.3 --student-attn-dropout 0.05 --student-attn-ff-dim 128 --student-tcn-dilation-base 1 --weighted-sampler --student-init-ckpt ablation_experiments/h1/results/run_20260327_131013/ablation1_sweep/trials/trial_0004_A/ablation1_student_only_tcn_attn_weld_seam_windows_ws5_tf75_pg0_h1_ep80_lr0.00015_bs96_seed156/best_student_only.pth --student-init-mode shape_safe
Finished runs: 40
Summary: ablation_experiments/h1/reports/run_20260327_131013/ablation3_joint_tcn_attn/ablation3_h1_scan90_run_20260327_131013_rerun/ablation3_h1_sweep_summary.json
