================================================================================
Ablation-1 | Student-only (13D) future-step prediction with TCN+Attention
================================================================================
Dataset: /home/huang_kai/wind_turbine_phm/PHOENIX-main/autoencoder_benchmark/Data/processed_data/weld_seam_windows_ws5_tf75_pg0_h1.npz
Device: cuda
Train/Val/Test: 990 / 175 / 356
Drop features: [3, 4, 5, 6, 7]
Epoch 001 | train_loss=0.9033 | val_acc=78.29% val_f1=0.6704 | test_acc=82.87% test_f1=0.7547
Epoch 002 | train_loss=0.5152 | val_acc=95.43% val_f1=0.9413 | test_acc=87.36% test_f1=0.8435
Epoch 003 | train_loss=0.2997 | val_acc=96.00% val_f1=0.9581 | test_acc=92.13% test_f1=0.9025
Epoch 004 | train_loss=0.1637 | val_acc=97.71% val_f1=0.9749 | test_acc=90.73% test_f1=0.8773
Epoch 005 | train_loss=0.1083 | val_acc=98.29% val_f1=0.9755 | test_acc=84.83% test_f1=0.7866
Epoch 006 | train_loss=0.0663 | val_acc=100.00% val_f1=1.0000 | test_acc=87.08% test_f1=0.8216
Epoch 007 | train_loss=0.0569 | val_acc=100.00% val_f1=1.0000 | test_acc=83.71% test_f1=0.7752
Epoch 008 | train_loss=0.0423 | val_acc=100.00% val_f1=1.0000 | test_acc=80.06% test_f1=0.7174
Epoch 009 | train_loss=0.0439 | val_acc=99.43% val_f1=0.9919 | test_acc=74.44% test_f1=0.6050
Epoch 010 | train_loss=0.0263 | val_acc=100.00% val_f1=1.0000 | test_acc=78.37% test_f1=0.6930
Epoch 011 | train_loss=0.0267 | val_acc=99.43% val_f1=0.9919 | test_acc=77.81% test_f1=0.6953
Epoch 012 | train_loss=0.0095 | val_acc=100.00% val_f1=1.0000 | test_acc=82.30% test_f1=0.7743
Epoch 013 | train_loss=0.0124 | val_acc=100.00% val_f1=1.0000 | test_acc=80.62% test_f1=0.7436
Epoch 014 | train_loss=0.0075 | val_acc=99.43% val_f1=0.9919 | test_acc=78.37% test_f1=0.7018
Epoch 015 | train_loss=0.0101 | val_acc=100.00% val_f1=1.0000 | test_acc=78.65% test_f1=0.7051
Epoch 016 | train_loss=0.0052 | val_acc=100.00% val_f1=1.0000 | test_acc=77.53% test_f1=0.6938
Epoch 017 | train_loss=0.0066 | val_acc=100.00% val_f1=1.0000 | test_acc=79.49% test_f1=0.7286
Epoch 018 | train_loss=0.0084 | val_acc=100.00% val_f1=1.0000 | test_acc=83.15% test_f1=0.7847
Epoch 019 | train_loss=0.0039 | val_acc=100.00% val_f1=1.0000 | test_acc=81.74% test_f1=0.7634
Epoch 020 | train_loss=0.0078 | val_acc=100.00% val_f1=1.0000 | test_acc=80.34% test_f1=0.7459
Epoch 021 | train_loss=0.0082 | val_acc=100.00% val_f1=1.0000 | test_acc=75.28% test_f1=0.6571
Epoch 022 | train_loss=0.0138 | val_acc=99.43% val_f1=0.9919 | test_acc=73.31% test_f1=0.6109
Early stopping at epoch 22 (best=6, score=1.000000)
================================================================================
Best epoch: 6
Best score (val_macro_f1): 1.000000
Final test accuracy: 87.08%
Saved to: /home/huang_kai/wind_turbine_phm/PHOENIX-main/autoencoder_benchmark/ablation_experiments/h1/results/ablation1_sweep_strict_valf1_20260522/trials/trial_0001_A/ablation1_student_only_tcn_attn_weld_seam_windows_ws5_tf75_pg0_h1_ep80_lr0.0003_bs128_seed154
================================================================================
Ablation-1 | Student-only (13D) future-step prediction with TCN+Attention
================================================================================
Dataset: /home/huang_kai/wind_turbine_phm/PHOENIX-main/autoencoder_benchmark/Data/processed_data/weld_seam_windows_ws5_tf75_pg0_h1.npz
Device: cuda
Train/Val/Test: 990 / 175 / 356
Drop features: [3, 4, 5, 6, 7]
Epoch 001 | train_loss=0.9880 | val_acc=66.86% val_f1=0.6899 | test_acc=53.09% test_f1=0.4852
Epoch 002 | train_loss=0.6430 | val_acc=90.86% val_f1=0.9094 | test_acc=74.44% test_f1=0.7551
Epoch 003 | train_loss=0.4438 | val_acc=95.43% val_f1=0.9550 | test_acc=88.48% test_f1=0.8505
Epoch 004 | train_loss=0.3184 | val_acc=97.71% val_f1=0.9770 | test_acc=84.83% test_f1=0.7931
Epoch 005 | train_loss=0.2378 | val_acc=99.43% val_f1=0.9942 | test_acc=81.46% test_f1=0.7498
Epoch 006 | train_loss=0.2150 | val_acc=99.43% val_f1=0.9943 | test_acc=82.58% test_f1=0.7592
Epoch 007 | train_loss=0.1993 | val_acc=100.00% val_f1=1.0000 | test_acc=79.21% test_f1=0.6883
Epoch 008 | train_loss=0.1922 | val_acc=100.00% val_f1=1.0000 | test_acc=79.78% test_f1=0.7168
Epoch 009 | train_loss=0.1860 | val_acc=100.00% val_f1=1.0000 | test_acc=82.58% test_f1=0.7641
Epoch 010 | train_loss=0.1880 | val_acc=100.00% val_f1=1.0000 | test_acc=80.90% test_f1=0.7335
Epoch 011 | train_loss=0.2109 | val_acc=100.00% val_f1=1.0000 | test_acc=81.18% test_f1=0.7459
Epoch 012 | train_loss=0.2027 | val_acc=100.00% val_f1=1.0000 | test_acc=80.34% test_f1=0.7218
Epoch 013 | train_loss=0.1879 | val_acc=100.00% val_f1=1.0000 | test_acc=79.49% test_f1=0.7135
Epoch 014 | train_loss=0.1897 | val_acc=100.00% val_f1=1.0000 | test_acc=77.53% test_f1=0.6719
Epoch 015 | train_loss=0.1856 | val_acc=100.00% val_f1=1.0000 | test_acc=85.39% test_f1=0.8125
Epoch 016 | train_loss=0.1803 | val_acc=100.00% val_f1=1.0000 | test_acc=82.87% test_f1=0.7712
Epoch 017 | train_loss=0.1780 | val_acc=100.00% val_f1=1.0000 | test_acc=80.34% test_f1=0.7318
Epoch 018 | train_loss=0.1869 | val_acc=100.00% val_f1=1.0000 | test_acc=79.21% test_f1=0.7191
Epoch 019 | train_loss=0.1876 | val_acc=100.00% val_f1=1.0000 | test_acc=75.00% test_f1=0.6376
Epoch 020 | train_loss=0.1809 | val_acc=100.00% val_f1=1.0000 | test_acc=73.60% test_f1=0.6141
Epoch 021 | train_loss=0.1794 | val_acc=100.00% val_f1=1.0000 | test_acc=73.88% test_f1=0.6286
Epoch 022 | train_loss=0.1784 | val_acc=100.00% val_f1=1.0000 | test_acc=78.09% test_f1=0.6886
Epoch 023 | train_loss=0.1727 | val_acc=100.00% val_f1=1.0000 | test_acc=80.06% test_f1=0.7231
Early stopping at epoch 23 (best=7, score=1.000000)
================================================================================
Best epoch: 7
Best score (val_macro_f1): 1.000000
Final test accuracy: 79.21%
Saved to: /home/huang_kai/wind_turbine_phm/PHOENIX-main/autoencoder_benchmark/ablation_experiments/h1/results/ablation1_sweep_strict_valf1_20260522/trials/trial_0002_A/ablation1_student_only_tcn_attn_weld_seam_windows_ws5_tf75_pg0_h1_ep80_lr0.0002_bs96_seed152
================================================================================
Ablation-1 | Student-only (13D) future-step prediction with TCN+Attention
================================================================================
Dataset: /home/huang_kai/wind_turbine_phm/PHOENIX-main/autoencoder_benchmark/Data/processed_data/weld_seam_windows_ws5_tf75_pg0_h1.npz
Device: cuda
Train/Val/Test: 990 / 175 / 356
Drop features: [3, 4, 5, 6, 7]
Epoch 001 | train_loss=1.0038 | val_acc=59.43% val_f1=0.6044 | test_acc=57.02% test_f1=0.6039
Epoch 002 | train_loss=0.7210 | val_acc=83.43% val_f1=0.8067 | test_acc=78.93% test_f1=0.8148
Epoch 003 | train_loss=0.5189 | val_acc=90.86% val_f1=0.8846 | test_acc=87.64% test_f1=0.8586
Epoch 004 | train_loss=0.3773 | val_acc=98.86% val_f1=0.9883 | test_acc=84.83% test_f1=0.8154
Epoch 005 | train_loss=0.3175 | val_acc=98.86% val_f1=0.9886 | test_acc=87.64% test_f1=0.8412
Epoch 006 | train_loss=0.2585 | val_acc=97.14% val_f1=0.9712 | test_acc=87.92% test_f1=0.8386
Epoch 007 | train_loss=0.2301 | val_acc=98.29% val_f1=0.9830 | test_acc=81.18% test_f1=0.7158
Epoch 008 | train_loss=0.2159 | val_acc=98.29% val_f1=0.9830 | test_acc=83.99% test_f1=0.7529
Epoch 009 | train_loss=0.2035 | val_acc=98.86% val_f1=0.9886 | test_acc=82.58% test_f1=0.7434
Epoch 010 | train_loss=0.1962 | val_acc=100.00% val_f1=1.0000 | test_acc=78.65% test_f1=0.6882
Epoch 011 | train_loss=0.1909 | val_acc=100.00% val_f1=1.0000 | test_acc=76.97% test_f1=0.6709
Epoch 012 | train_loss=0.1870 | val_acc=100.00% val_f1=1.0000 | test_acc=75.84% test_f1=0.6556
Epoch 013 | train_loss=0.1965 | val_acc=100.00% val_f1=1.0000 | test_acc=71.63% test_f1=0.6010
Epoch 014 | train_loss=0.1890 | val_acc=100.00% val_f1=1.0000 | test_acc=73.88% test_f1=0.6327
Epoch 015 | train_loss=0.1930 | val_acc=100.00% val_f1=1.0000 | test_acc=76.69% test_f1=0.6703
Epoch 016 | train_loss=0.1859 | val_acc=100.00% val_f1=1.0000 | test_acc=76.97% test_f1=0.6760
Epoch 017 | train_loss=0.1864 | val_acc=100.00% val_f1=1.0000 | test_acc=74.72% test_f1=0.6427
Epoch 018 | train_loss=0.1848 | val_acc=100.00% val_f1=1.0000 | test_acc=75.84% test_f1=0.6797
Epoch 019 | train_loss=0.1905 | val_acc=100.00% val_f1=1.0000 | test_acc=79.78% test_f1=0.7403
Epoch 020 | train_loss=0.1806 | val_acc=100.00% val_f1=1.0000 | test_acc=76.69% test_f1=0.6947
Epoch 021 | train_loss=0.1823 | val_acc=100.00% val_f1=1.0000 | test_acc=74.44% test_f1=0.6504
Epoch 022 | train_loss=0.1831 | val_acc=100.00% val_f1=1.0000 | test_acc=76.40% test_f1=0.6834
Epoch 023 | train_loss=0.1832 | val_acc=100.00% val_f1=1.0000 | test_acc=73.60% test_f1=0.6317
Epoch 024 | train_loss=0.1879 | val_acc=100.00% val_f1=1.0000 | test_acc=74.44% test_f1=0.6368
Epoch 025 | train_loss=0.1815 | val_acc=100.00% val_f1=1.0000 | test_acc=74.16% test_f1=0.6487
Epoch 026 | train_loss=0.1808 | val_acc=100.00% val_f1=1.0000 | test_acc=72.19% test_f1=0.6122
Early stopping at epoch 26 (best=10, score=1.000000)
================================================================================
Best epoch: 10
Best score (val_macro_f1): 1.000000
Final test accuracy: 78.65%
Saved to: /home/huang_kai/wind_turbine_phm/PHOENIX-main/autoencoder_benchmark/ablation_experiments/h1/results/ablation1_sweep_strict_valf1_20260522/trials/trial_0003_A/ablation1_student_only_tcn_attn_weld_seam_windows_ws5_tf75_pg0_h1_ep80_lr0.00025_bs128_seed136
================================================================================
Ablation-1 | Student-only (13D) future-step prediction with TCN+Attention
================================================================================
Dataset: /home/huang_kai/wind_turbine_phm/PHOENIX-main/autoencoder_benchmark/Data/processed_data/weld_seam_windows_ws5_tf75_pg0_h1.npz
Device: cuda
Train/Val/Test: 990 / 175 / 356
Drop features: [3, 4, 5, 6, 7]
Epoch 001 | train_loss=0.9629 | val_acc=73.71% val_f1=0.7239 | test_acc=98.31% test_f1=0.9778
Epoch 002 | train_loss=0.6724 | val_acc=92.57% val_f1=0.9235 | test_acc=96.63% test_f1=0.9587
Epoch 003 | train_loss=0.4712 | val_acc=97.71% val_f1=0.9771 | test_acc=90.45% test_f1=0.8735
Epoch 004 | train_loss=0.3418 | val_acc=97.14% val_f1=0.9666 | test_acc=88.76% test_f1=0.8573
Epoch 005 | train_loss=0.3070 | val_acc=97.71% val_f1=0.9723 | test_acc=85.67% test_f1=0.8179
Epoch 006 | train_loss=0.2771 | val_acc=98.86% val_f1=0.9883 | test_acc=81.18% test_f1=0.7462
Epoch 007 | train_loss=0.2520 | val_acc=100.00% val_f1=1.0000 | test_acc=81.46% test_f1=0.7363
Epoch 008 | train_loss=0.2444 | val_acc=100.00% val_f1=1.0000 | test_acc=77.81% test_f1=0.6855
Epoch 009 | train_loss=0.2344 | val_acc=100.00% val_f1=1.0000 | test_acc=72.47% test_f1=0.6161
Epoch 010 | train_loss=0.2378 | val_acc=100.00% val_f1=1.0000 | test_acc=70.79% test_f1=0.5923
Epoch 011 | train_loss=0.2354 | val_acc=100.00% val_f1=1.0000 | test_acc=77.81% test_f1=0.7037
Epoch 012 | train_loss=0.2289 | val_acc=100.00% val_f1=1.0000 | test_acc=73.60% test_f1=0.6229
Epoch 013 | train_loss=0.2196 | val_acc=100.00% val_f1=1.0000 | test_acc=73.88% test_f1=0.6323
Epoch 014 | train_loss=0.2103 | val_acc=100.00% val_f1=1.0000 | test_acc=77.53% test_f1=0.6921
Epoch 015 | train_loss=0.2206 | val_acc=100.00% val_f1=1.0000 | test_acc=71.63% test_f1=0.6058
Epoch 016 | train_loss=0.2167 | val_acc=100.00% val_f1=1.0000 | test_acc=76.69% test_f1=0.6838
Epoch 017 | train_loss=0.2122 | val_acc=100.00% val_f1=1.0000 | test_acc=77.53% test_f1=0.6977
Epoch 018 | train_loss=0.2102 | val_acc=100.00% val_f1=1.0000 | test_acc=78.37% test_f1=0.7117
Epoch 019 | train_loss=0.2089 | val_acc=100.00% val_f1=1.0000 | test_acc=75.28% test_f1=0.6657
Epoch 020 | train_loss=0.2380 | val_acc=100.00% val_f1=1.0000 | test_acc=70.79% test_f1=0.5882
Epoch 021 | train_loss=0.2122 | val_acc=100.00% val_f1=1.0000 | test_acc=72.19% test_f1=0.6161
Epoch 022 | train_loss=0.2075 | val_acc=100.00% val_f1=1.0000 | test_acc=73.60% test_f1=0.6393
Epoch 023 | train_loss=0.2176 | val_acc=100.00% val_f1=1.0000 | test_acc=77.53% test_f1=0.6999
Early stopping at epoch 23 (best=7, score=1.000000)
================================================================================
Best epoch: 7
Best score (val_macro_f1): 1.000000
Final test accuracy: 81.46%
Saved to: /home/huang_kai/wind_turbine_phm/PHOENIX-main/autoencoder_benchmark/ablation_experiments/h1/results/ablation1_sweep_strict_valf1_20260522/trials/trial_0004_A/ablation1_student_only_tcn_attn_weld_seam_windows_ws5_tf75_pg0_h1_ep80_lr0.00015_bs96_seed156
================================================================================
Ablation-1 | Student-only (13D) future-step prediction with TCN+Attention
================================================================================
Dataset: /home/huang_kai/wind_turbine_phm/PHOENIX-main/autoencoder_benchmark/Data/processed_data/weld_seam_windows_ws5_tf75_pg0_h1.npz
Device: cuda
Train/Val/Test: 990 / 175 / 356
Drop features: [3, 4, 5, 6, 7]
Epoch 001 | train_loss=0.8301 | val_acc=80.57% val_f1=0.7944 | test_acc=91.01% test_f1=0.9076
Epoch 002 | train_loss=0.3242 | val_acc=94.86% val_f1=0.9422 | test_acc=92.13% test_f1=0.8918
Epoch 003 | train_loss=0.1323 | val_acc=97.14% val_f1=0.9667 | test_acc=87.92% test_f1=0.8347
Epoch 004 | train_loss=0.0732 | val_acc=98.29% val_f1=0.9830 | test_acc=83.71% test_f1=0.7540
Epoch 005 | train_loss=0.0410 | val_acc=100.00% val_f1=1.0000 | test_acc=75.56% test_f1=0.6611
Epoch 006 | train_loss=0.0414 | val_acc=98.86% val_f1=0.9886 | test_acc=85.11% test_f1=0.8103
Epoch 007 | train_loss=0.0284 | val_acc=100.00% val_f1=1.0000 | test_acc=74.16% test_f1=0.6378
Epoch 008 | train_loss=0.0236 | val_acc=98.86% val_f1=0.9886 | test_acc=78.65% test_f1=0.7108
Epoch 009 | train_loss=0.0187 | val_acc=99.43% val_f1=0.9943 | test_acc=83.43% test_f1=0.7892
Epoch 010 | train_loss=0.0083 | val_acc=99.43% val_f1=0.9943 | test_acc=73.03% test_f1=0.6323
Epoch 011 | train_loss=0.0158 | val_acc=100.00% val_f1=1.0000 | test_acc=71.35% test_f1=0.5995
Epoch 012 | train_loss=0.0340 | val_acc=100.00% val_f1=1.0000 | test_acc=81.74% test_f1=0.7738
Epoch 013 | train_loss=0.0246 | val_acc=99.43% val_f1=0.9919 | test_acc=72.19% test_f1=0.6190
Epoch 014 | train_loss=0.0117 | val_acc=100.00% val_f1=1.0000 | test_acc=74.72% test_f1=0.6723
Epoch 015 | train_loss=0.0130 | val_acc=100.00% val_f1=1.0000 | test_acc=80.06% test_f1=0.7523
Epoch 016 | train_loss=0.0097 | val_acc=99.43% val_f1=0.9943 | test_acc=73.60% test_f1=0.6492
Epoch 017 | train_loss=0.0076 | val_acc=100.00% val_f1=1.0000 | test_acc=69.94% test_f1=0.5791
Epoch 018 | train_loss=0.0096 | val_acc=99.43% val_f1=0.9943 | test_acc=74.16% test_f1=0.6279
Epoch 019 | train_loss=0.0055 | val_acc=100.00% val_f1=1.0000 | test_acc=71.91% test_f1=0.6185
Epoch 020 | train_loss=0.0187 | val_acc=100.00% val_f1=1.0000 | test_acc=73.31% test_f1=0.6449
Epoch 021 | train_loss=0.0321 | val_acc=100.00% val_f1=1.0000 | test_acc=71.63% test_f1=0.6217
Early stopping at epoch 21 (best=5, score=1.000000)
================================================================================
Best epoch: 5
Best score (val_macro_f1): 1.000000
Final test accuracy: 75.56%
Saved to: /home/huang_kai/wind_turbine_phm/PHOENIX-main/autoencoder_benchmark/ablation_experiments/h1/results/ablation1_sweep_strict_valf1_20260522/trials/trial_0005_A/ablation1_student_only_tcn_attn_weld_seam_windows_ws5_tf75_pg0_h1_ep80_lr0.00025_bs64_seed105
================================================================================
Ablation-1 | Student-only (13D) future-step prediction with TCN+Attention
================================================================================
Dataset: /home/huang_kai/wind_turbine_phm/PHOENIX-main/autoencoder_benchmark/Data/processed_data/weld_seam_windows_ws5_tf75_pg0_h1.npz
Device: cuda
Train/Val/Test: 990 / 175 / 356
Drop features: [3, 4, 5, 6, 7]
Epoch 001 | train_loss=1.0502 | val_acc=81.14% val_f1=0.7960 | test_acc=80.34% test_f1=0.7808
Epoch 002 | train_loss=0.8163 | val_acc=79.43% val_f1=0.8135 | test_acc=76.12% test_f1=0.7411
Epoch 003 | train_loss=0.6109 | val_acc=89.14% val_f1=0.8978 | test_acc=76.40% test_f1=0.7364
Epoch 004 | train_loss=0.4850 | val_acc=94.29% val_f1=0.9422 | test_acc=79.49% test_f1=0.7657
Epoch 005 | train_loss=0.3692 | val_acc=98.29% val_f1=0.9824 | test_acc=83.71% test_f1=0.7925
Epoch 006 | train_loss=0.3059 | val_acc=98.29% val_f1=0.9824 | test_acc=81.74% test_f1=0.7592
Epoch 007 | train_loss=0.2855 | val_acc=98.86% val_f1=0.9883 | test_acc=81.46% test_f1=0.7535
Epoch 008 | train_loss=0.2565 | val_acc=99.43% val_f1=0.9942 | test_acc=78.37% test_f1=0.6977
Epoch 009 | train_loss=0.2378 | val_acc=100.00% val_f1=1.0000 | test_acc=81.46% test_f1=0.7510
Epoch 010 | train_loss=0.2258 | val_acc=100.00% val_f1=1.0000 | test_acc=79.78% test_f1=0.7233
Epoch 011 | train_loss=0.2217 | val_acc=100.00% val_f1=1.0000 | test_acc=76.40% test_f1=0.6766
Epoch 012 | train_loss=0.2186 | val_acc=100.00% val_f1=1.0000 | test_acc=75.56% test_f1=0.6642
Epoch 013 | train_loss=0.2126 | val_acc=100.00% val_f1=1.0000 | test_acc=74.44% test_f1=0.6492
Epoch 014 | train_loss=0.2265 | val_acc=100.00% val_f1=1.0000 | test_acc=73.88% test_f1=0.6403
Epoch 015 | train_loss=0.2174 | val_acc=100.00% val_f1=1.0000 | test_acc=78.37% test_f1=0.7142
Epoch 016 | train_loss=0.2140 | val_acc=100.00% val_f1=1.0000 | test_acc=78.37% test_f1=0.7142
Epoch 017 | train_loss=0.2073 | val_acc=100.00% val_f1=1.0000 | test_acc=75.56% test_f1=0.6712
Epoch 018 | train_loss=0.2064 | val_acc=100.00% val_f1=1.0000 | test_acc=75.00% test_f1=0.6619
Epoch 019 | train_loss=0.2053 | val_acc=100.00% val_f1=1.0000 | test_acc=75.56% test_f1=0.6712
Epoch 020 | train_loss=0.2178 | val_acc=100.00% val_f1=1.0000 | test_acc=74.72% test_f1=0.6571
Epoch 021 | train_loss=0.2059 | val_acc=100.00% val_f1=1.0000 | test_acc=77.25% test_f1=0.6974
Epoch 022 | train_loss=0.2064 | val_acc=100.00% val_f1=1.0000 | test_acc=77.25% test_f1=0.6974
Epoch 023 | train_loss=0.2040 | val_acc=100.00% val_f1=1.0000 | test_acc=77.53% test_f1=0.7014
Epoch 024 | train_loss=0.2048 | val_acc=100.00% val_f1=1.0000 | test_acc=77.53% test_f1=0.7014
Epoch 025 | train_loss=0.2050 | val_acc=100.00% val_f1=1.0000 | test_acc=76.40% test_f1=0.6838
Early stopping at epoch 25 (best=9, score=1.000000)
================================================================================
Best epoch: 9
Best score (val_macro_f1): 1.000000
Final test accuracy: 81.46%
Saved to: /home/huang_kai/wind_turbine_phm/PHOENIX-main/autoencoder_benchmark/ablation_experiments/h1/results/ablation1_sweep_strict_valf1_20260522/trials/trial_0006_A/ablation1_student_only_tcn_attn_weld_seam_windows_ws5_tf75_pg0_h1_ep80_lr0.00015_bs128_seed108
================================================================================
Ablation-1 | Student-only (13D) future-step prediction with TCN+Attention
================================================================================
Dataset: /home/huang_kai/wind_turbine_phm/PHOENIX-main/autoencoder_benchmark/Data/processed_data/weld_seam_windows_ws5_tf75_pg0_h1.npz
Device: cuda
Train/Val/Test: 990 / 175 / 356
Drop features: [3, 4, 5, 6, 7]
Epoch 001 | train_loss=1.0119 | val_acc=36.57% val_f1=0.3881 | test_acc=51.40% test_f1=0.5618
Epoch 002 | train_loss=0.8336 | val_acc=61.14% val_f1=0.6338 | test_acc=76.12% test_f1=0.7872
Epoch 003 | train_loss=0.7099 | val_acc=77.14% val_f1=0.7666 | test_acc=94.66% test_f1=0.9423
Epoch 004 | train_loss=0.5679 | val_acc=84.57% val_f1=0.8335 | test_acc=98.03% test_f1=0.9738
Epoch 005 | train_loss=0.4123 | val_acc=92.00% val_f1=0.9209 | test_acc=93.82% test_f1=0.9200
Epoch 006 | train_loss=0.3201 | val_acc=93.71% val_f1=0.9373 | test_acc=92.42% test_f1=0.9031
Epoch 007 | train_loss=0.2593 | val_acc=93.71% val_f1=0.9349 | test_acc=88.76% test_f1=0.8491
Epoch 008 | train_loss=0.2052 | val_acc=95.43% val_f1=0.9514 | test_acc=88.20% test_f1=0.8392
Epoch 009 | train_loss=0.1630 | val_acc=97.71% val_f1=0.9775 | test_acc=87.64% test_f1=0.8369
Epoch 010 | train_loss=0.1077 | val_acc=96.57% val_f1=0.9644 | test_acc=87.64% test_f1=0.8369
Epoch 011 | train_loss=0.1103 | val_acc=97.14% val_f1=0.9697 | test_acc=87.36% test_f1=0.8347
Epoch 012 | train_loss=0.0925 | val_acc=97.71% val_f1=0.9752 | test_acc=85.11% test_f1=0.8025
Epoch 013 | train_loss=0.1019 | val_acc=97.71% val_f1=0.9775 | test_acc=86.52% test_f1=0.8226
Epoch 014 | train_loss=0.0545 | val_acc=97.14% val_f1=0.9721 | test_acc=86.52% test_f1=0.8214
Epoch 015 | train_loss=0.0655 | val_acc=98.29% val_f1=0.9807 | test_acc=82.87% test_f1=0.7729
Epoch 016 | train_loss=0.0886 | val_acc=98.29% val_f1=0.9830 | test_acc=83.71% test_f1=0.7872
Epoch 017 | train_loss=0.0423 | val_acc=98.86% val_f1=0.9886 | test_acc=82.87% test_f1=0.7748
Epoch 018 | train_loss=0.0715 | val_acc=98.29% val_f1=0.9830 | test_acc=81.74% test_f1=0.7556
Epoch 019 | train_loss=0.0936 | val_acc=98.86% val_f1=0.9886 | test_acc=83.99% test_f1=0.7934
Epoch 020 | train_loss=0.0506 | val_acc=97.71% val_f1=0.9775 | test_acc=86.52% test_f1=0.8289
Epoch 021 | train_loss=0.0308 | val_acc=98.86% val_f1=0.9886 | test_acc=83.71% test_f1=0.7916
Epoch 022 | train_loss=0.0242 | val_acc=99.43% val_f1=0.9943 | test_acc=83.71% test_f1=0.7887
Epoch 023 | train_loss=0.0258 | val_acc=99.43% val_f1=0.9943 | test_acc=83.71% test_f1=0.7902
Epoch 024 | train_loss=0.0215 | val_acc=100.00% val_f1=1.0000 | test_acc=82.02% test_f1=0.7662
Epoch 025 | train_loss=0.0356 | val_acc=100.00% val_f1=1.0000 | test_acc=80.06% test_f1=0.7391
Epoch 026 | train_loss=0.0221 | val_acc=100.00% val_f1=1.0000 | test_acc=78.93% test_f1=0.7253
Epoch 027 | train_loss=0.0185 | val_acc=100.00% val_f1=1.0000 | test_acc=80.34% test_f1=0.7457
Epoch 028 | train_loss=0.0424 | val_acc=99.43% val_f1=0.9943 | test_acc=83.71% test_f1=0.7929
Epoch 029 | train_loss=0.0188 | val_acc=100.00% val_f1=1.0000 | test_acc=81.46% test_f1=0.7615
Epoch 030 | train_loss=0.0132 | val_acc=100.00% val_f1=1.0000 | test_acc=80.90% test_f1=0.7539
Epoch 031 | train_loss=0.0212 | val_acc=100.00% val_f1=1.0000 | test_acc=78.37% test_f1=0.7150
Epoch 032 | train_loss=0.0143 | val_acc=100.00% val_f1=1.0000 | test_acc=78.37% test_f1=0.7124
Epoch 033 | train_loss=0.0186 | val_acc=100.00% val_f1=1.0000 | test_acc=78.65% test_f1=0.7171
Epoch 034 | train_loss=0.0171 | val_acc=100.00% val_f1=1.0000 | test_acc=78.65% test_f1=0.7198
Epoch 035 | train_loss=0.0140 | val_acc=100.00% val_f1=1.0000 | test_acc=80.62% test_f1=0.7518
Epoch 036 | train_loss=0.0200 | val_acc=100.00% val_f1=1.0000 | test_acc=78.37% test_f1=0.7173
Epoch 037 | train_loss=0.0118 | val_acc=100.00% val_f1=1.0000 | test_acc=79.78% test_f1=0.7380
Epoch 038 | train_loss=0.0163 | val_acc=100.00% val_f1=1.0000 | test_acc=81.18% test_f1=0.7599
Epoch 039 | train_loss=0.0208 | val_acc=100.00% val_f1=1.0000 | test_acc=79.49% test_f1=0.7333
Epoch 040 | train_loss=0.0104 | val_acc=100.00% val_f1=1.0000 | test_acc=80.34% test_f1=0.7476
Early stopping at epoch 40 (best=24, score=1.000000)
================================================================================
Best epoch: 24
Best score (val_macro_f1): 1.000000
Final test accuracy: 82.02%
Saved to: /home/huang_kai/wind_turbine_phm/PHOENIX-main/autoencoder_benchmark/ablation_experiments/h1/results/ablation1_sweep_strict_valf1_20260522/trials/trial_0007_A/ablation1_student_only_tcn_attn_weld_seam_windows_ws5_tf75_pg0_h1_ep80_lr0.0001_bs96_seed113
================================================================================
Ablation-1 | Student-only (13D) future-step prediction with TCN+Attention
================================================================================
Dataset: /home/huang_kai/wind_turbine_phm/PHOENIX-main/autoencoder_benchmark/Data/processed_data/weld_seam_windows_ws5_tf75_pg0_h1.npz
Device: cuda
Train/Val/Test: 990 / 175 / 356
Drop features: [3, 4, 5, 6, 7]
Epoch 001 | train_loss=1.0505 | val_acc=63.43% val_f1=0.4977 | test_acc=67.98% test_f1=0.4790
Epoch 002 | train_loss=0.8735 | val_acc=86.29% val_f1=0.8337 | test_acc=69.38% test_f1=0.5339
Epoch 003 | train_loss=0.6898 | val_acc=95.43% val_f1=0.9486 | test_acc=75.84% test_f1=0.6707
Epoch 004 | train_loss=0.5324 | val_acc=96.57% val_f1=0.9627 | test_acc=81.18% test_f1=0.7544
Epoch 005 | train_loss=0.4243 | val_acc=96.57% val_f1=0.9627 | test_acc=85.11% test_f1=0.8114
Epoch 006 | train_loss=0.3149 | val_acc=97.71% val_f1=0.9745 | test_acc=84.83% test_f1=0.8039
Epoch 007 | train_loss=0.2254 | val_acc=97.71% val_f1=0.9745 | test_acc=83.43% test_f1=0.7798
Epoch 008 | train_loss=0.1684 | val_acc=98.29% val_f1=0.9803 | test_acc=79.21% test_f1=0.7134
Epoch 009 | train_loss=0.1366 | val_acc=98.29% val_f1=0.9803 | test_acc=77.81% test_f1=0.6894
Epoch 010 | train_loss=0.1085 | val_acc=98.29% val_f1=0.9803 | test_acc=74.72% test_f1=0.6450
Epoch 011 | train_loss=0.0959 | val_acc=98.86% val_f1=0.9862 | test_acc=76.69% test_f1=0.6736
Epoch 012 | train_loss=0.0842 | val_acc=99.43% val_f1=0.9943 | test_acc=78.09% test_f1=0.6979
Epoch 013 | train_loss=0.0800 | val_acc=98.86% val_f1=0.9861 | test_acc=71.91% test_f1=0.6056
Epoch 014 | train_loss=0.0669 | val_acc=99.43% val_f1=0.9919 | test_acc=74.16% test_f1=0.6420
Epoch 015 | train_loss=0.0535 | val_acc=100.00% val_f1=1.0000 | test_acc=76.69% test_f1=0.6833
Epoch 016 | train_loss=0.0386 | val_acc=98.86% val_f1=0.9837 | test_acc=68.82% test_f1=0.5442
Epoch 017 | train_loss=0.1264 | val_acc=99.43% val_f1=0.9919 | test_acc=74.72% test_f1=0.6482
Epoch 018 | train_loss=0.0538 | val_acc=99.43% val_f1=0.9919 | test_acc=68.82% test_f1=0.5568
Epoch 019 | train_loss=0.0359 | val_acc=100.00% val_f1=1.0000 | test_acc=78.37% test_f1=0.7129
Epoch 020 | train_loss=0.0420 | val_acc=100.00% val_f1=1.0000 | test_acc=71.35% test_f1=0.6016
Epoch 021 | train_loss=0.0278 | val_acc=100.00% val_f1=1.0000 | test_acc=71.63% test_f1=0.5969
Epoch 022 | train_loss=0.0234 | val_acc=100.00% val_f1=1.0000 | test_acc=69.94% test_f1=0.5662
Epoch 023 | train_loss=0.0236 | val_acc=99.43% val_f1=0.9919 | test_acc=70.79% test_f1=0.5776
Epoch 024 | train_loss=0.0215 | val_acc=99.43% val_f1=0.9919 | test_acc=69.66% test_f1=0.5602
Epoch 025 | train_loss=0.0199 | val_acc=100.00% val_f1=1.0000 | test_acc=73.31% test_f1=0.6100
Epoch 026 | train_loss=0.0188 | val_acc=100.00% val_f1=1.0000 | test_acc=73.88% test_f1=0.6403
Epoch 027 | train_loss=0.0205 | val_acc=100.00% val_f1=1.0000 | test_acc=71.35% test_f1=0.5962
Epoch 028 | train_loss=0.0271 | val_acc=100.00% val_f1=1.0000 | test_acc=76.97% test_f1=0.6789
Epoch 029 | train_loss=0.0657 | val_acc=99.43% val_f1=0.9919 | test_acc=68.82% test_f1=0.5464
Epoch 030 | train_loss=0.0154 | val_acc=100.00% val_f1=1.0000 | test_acc=73.31% test_f1=0.6397
Epoch 031 | train_loss=0.0407 | val_acc=100.00% val_f1=1.0000 | test_acc=76.97% test_f1=0.6899
Early stopping at epoch 31 (best=15, score=1.000000)
================================================================================
Best epoch: 15
Best score (val_macro_f1): 1.000000
Final test accuracy: 76.69%
Saved to: /home/huang_kai/wind_turbine_phm/PHOENIX-main/autoencoder_benchmark/ablation_experiments/h1/results/ablation1_sweep_strict_valf1_20260522/trials/trial_0008_A/ablation1_student_only_tcn_attn_weld_seam_windows_ws5_tf75_pg0_h1_ep80_lr0.0001_bs96_seed133
================================================================================
Ablation-1 | Student-only (13D) future-step prediction with TCN+Attention
================================================================================
Dataset: /home/huang_kai/wind_turbine_phm/PHOENIX-main/autoencoder_benchmark/Data/processed_data/weld_seam_windows_ws5_tf75_pg0_h1.npz
Device: cuda
Train/Val/Test: 990 / 175 / 356
Drop features: [3, 4, 5, 6, 7]
Epoch 001 | train_loss=0.8692 | val_acc=76.00% val_f1=0.7706 | test_acc=67.13% test_f1=0.6729
Epoch 002 | train_loss=0.5063 | val_acc=85.71% val_f1=0.8635 | test_acc=73.60% test_f1=0.7504
Epoch 003 | train_loss=0.3299 | val_acc=96.00% val_f1=0.9609 | test_acc=85.96% test_f1=0.8378
Epoch 004 | train_loss=0.2783 | val_acc=98.86% val_f1=0.9885 | test_acc=87.08% test_f1=0.8304
Epoch 005 | train_loss=0.2304 | val_acc=98.86% val_f1=0.9886 | test_acc=86.80% test_f1=0.8240
Epoch 006 | train_loss=0.2119 | val_acc=98.86% val_f1=0.9886 | test_acc=86.80% test_f1=0.8221
Epoch 007 | train_loss=0.2105 | val_acc=98.29% val_f1=0.9830 | test_acc=83.15% test_f1=0.7756
Epoch 008 | train_loss=0.2014 | val_acc=100.00% val_f1=1.0000 | test_acc=81.18% test_f1=0.7453
Epoch 009 | train_loss=0.2035 | val_acc=100.00% val_f1=1.0000 | test_acc=80.62% test_f1=0.7529
Epoch 010 | train_loss=0.1886 | val_acc=100.00% val_f1=1.0000 | test_acc=84.55% test_f1=0.8082
Epoch 011 | train_loss=0.1905 | val_acc=100.00% val_f1=1.0000 | test_acc=82.02% test_f1=0.7731
Epoch 012 | train_loss=0.1960 | val_acc=100.00% val_f1=1.0000 | test_acc=82.02% test_f1=0.7612
Epoch 013 | train_loss=0.1896 | val_acc=100.00% val_f1=1.0000 | test_acc=87.08% test_f1=0.8341
Epoch 014 | train_loss=0.1850 | val_acc=100.00% val_f1=1.0000 | test_acc=83.99% test_f1=0.7953
Epoch 015 | train_loss=0.1877 | val_acc=100.00% val_f1=1.0000 | test_acc=83.71% test_f1=0.7993
Epoch 016 | train_loss=0.1858 | val_acc=100.00% val_f1=1.0000 | test_acc=78.93% test_f1=0.7302
Epoch 017 | train_loss=0.1831 | val_acc=100.00% val_f1=1.0000 | test_acc=72.75% test_f1=0.6290
Epoch 018 | train_loss=0.2249 | val_acc=100.00% val_f1=1.0000 | test_acc=75.84% test_f1=0.6745
Epoch 019 | train_loss=0.2498 | val_acc=100.00% val_f1=1.0000 | test_acc=84.55% test_f1=0.8133
Epoch 020 | train_loss=0.1925 | val_acc=100.00% val_f1=1.0000 | test_acc=79.78% test_f1=0.7494
Epoch 021 | train_loss=0.1883 | val_acc=99.43% val_f1=0.9919 | test_acc=79.49% test_f1=0.7530
Epoch 022 | train_loss=0.1824 | val_acc=99.43% val_f1=0.9919 | test_acc=79.49% test_f1=0.7530
Epoch 023 | train_loss=0.1819 | val_acc=100.00% val_f1=1.0000 | test_acc=79.21% test_f1=0.7474
Epoch 024 | train_loss=0.1751 | val_acc=100.00% val_f1=1.0000 | test_acc=77.81% test_f1=0.7059
Early stopping at epoch 24 (best=8, score=1.000000)
================================================================================
Best epoch: 8
Best score (val_macro_f1): 1.000000
Final test accuracy: 81.18%
Saved to: /home/huang_kai/wind_turbine_phm/PHOENIX-main/autoencoder_benchmark/ablation_experiments/h1/results/ablation1_sweep_strict_valf1_20260522/trials/trial_0009_A/ablation1_student_only_tcn_attn_weld_seam_windows_ws5_tf75_pg0_h1_ep80_lr0.0003_bs96_seed107
================================================================================
Ablation-1 | Student-only (13D) future-step prediction with TCN+Attention
================================================================================
Dataset: /home/huang_kai/wind_turbine_phm/PHOENIX-main/autoencoder_benchmark/Data/processed_data/weld_seam_windows_ws5_tf75_pg0_h1.npz
Device: cuda
Train/Val/Test: 990 / 175 / 356
Drop features: [3, 4, 5, 6, 7]
Epoch 001 | train_loss=1.0276 | val_acc=54.29% val_f1=0.4144 | test_acc=51.40% test_f1=0.3908
Epoch 002 | train_loss=0.8099 | val_acc=84.00% val_f1=0.8032 | test_acc=80.90% test_f1=0.8039
Epoch 003 | train_loss=0.6283 | val_acc=91.43% val_f1=0.9071 | test_acc=88.20% test_f1=0.8822
Epoch 004 | train_loss=0.4744 | val_acc=92.00% val_f1=0.9153 | test_acc=90.45% test_f1=0.8968
Epoch 005 | train_loss=0.3575 | val_acc=96.00% val_f1=0.9581 | test_acc=91.57% test_f1=0.9001
Epoch 006 | train_loss=0.2542 | val_acc=96.57% val_f1=0.9635 | test_acc=89.89% test_f1=0.8829
Epoch 007 | train_loss=0.2099 | val_acc=97.14% val_f1=0.9690 | test_acc=87.36% test_f1=0.8393
Epoch 008 | train_loss=0.1946 | val_acc=97.14% val_f1=0.9690 | test_acc=86.52% test_f1=0.8298
Epoch 009 | train_loss=0.1308 | val_acc=97.14% val_f1=0.9690 | test_acc=80.62% test_f1=0.7404
Epoch 010 | train_loss=0.1110 | val_acc=97.71% val_f1=0.9746 | test_acc=84.27% test_f1=0.7949
Epoch 011 | train_loss=0.0958 | val_acc=98.86% val_f1=0.9883 | test_acc=84.83% test_f1=0.8033
Epoch 012 | train_loss=0.0759 | val_acc=100.00% val_f1=1.0000 | test_acc=85.11% test_f1=0.8072
Epoch 013 | train_loss=0.0796 | val_acc=100.00% val_f1=1.0000 | test_acc=86.80% test_f1=0.8282
Epoch 014 | train_loss=0.0496 | val_acc=100.00% val_f1=1.0000 | test_acc=86.24% test_f1=0.8206
Epoch 015 | train_loss=0.0550 | val_acc=100.00% val_f1=1.0000 | test_acc=81.46% test_f1=0.7419
Epoch 016 | train_loss=0.0398 | val_acc=100.00% val_f1=1.0000 | test_acc=84.27% test_f1=0.7942
Epoch 017 | train_loss=0.0335 | val_acc=100.00% val_f1=1.0000 | test_acc=84.27% test_f1=0.7958
Epoch 018 | train_loss=0.0384 | val_acc=100.00% val_f1=1.0000 | test_acc=84.83% test_f1=0.8009
Epoch 019 | train_loss=0.0306 | val_acc=100.00% val_f1=1.0000 | test_acc=81.18% test_f1=0.7487
Epoch 020 | train_loss=0.0288 | val_acc=100.00% val_f1=1.0000 | test_acc=85.11% test_f1=0.8113
Epoch 021 | train_loss=0.0238 | val_acc=100.00% val_f1=1.0000 | test_acc=86.80% test_f1=0.8332
Epoch 022 | train_loss=0.0266 | val_acc=100.00% val_f1=1.0000 | test_acc=86.24% test_f1=0.8245
Epoch 023 | train_loss=0.0594 | val_acc=99.43% val_f1=0.9919 | test_acc=77.53% test_f1=0.7015
Epoch 024 | train_loss=0.0215 | val_acc=100.00% val_f1=1.0000 | test_acc=79.49% test_f1=0.7136
Epoch 025 | train_loss=0.0299 | val_acc=100.00% val_f1=1.0000 | test_acc=81.46% test_f1=0.7481
Epoch 026 | train_loss=0.0181 | val_acc=100.00% val_f1=1.0000 | test_acc=78.09% test_f1=0.6872
Epoch 027 | train_loss=0.0211 | val_acc=100.00% val_f1=1.0000 | test_acc=72.47% test_f1=0.5988
Epoch 028 | train_loss=0.0128 | val_acc=100.00% val_f1=1.0000 | test_acc=74.44% test_f1=0.6539
Early stopping at epoch 28 (best=12, score=1.000000)
================================================================================
Best epoch: 12
Best score (val_macro_f1): 1.000000
Final test accuracy: 85.11%
Saved to: /home/huang_kai/wind_turbine_phm/PHOENIX-main/autoencoder_benchmark/ablation_experiments/h1/results/ablation1_sweep_strict_valf1_20260522/trials/trial_0010_A/ablation1_student_only_tcn_attn_weld_seam_windows_ws5_tf75_pg0_h1_ep80_lr0.0001_bs96_seed146
================================================================================
Ablation-1 | Student-only (13D) future-step prediction with TCN+Attention
================================================================================
Dataset: /home/huang_kai/wind_turbine_phm/PHOENIX-main/autoencoder_benchmark/Data/processed_data/weld_seam_windows_ws5_tf75_pg0_h1.npz
Device: cuda
Train/Val/Test: 990 / 175 / 356
Drop features: [3, 4, 5, 6, 7]
Epoch 001 | train_loss=1.0511 | val_acc=63.43% val_f1=0.6272 | test_acc=47.47% test_f1=0.3926
Epoch 002 | train_loss=0.8314 | val_acc=91.43% val_f1=0.9031 | test_acc=87.92% test_f1=0.8614
Epoch 003 | train_loss=0.6557 | val_acc=94.86% val_f1=0.9352 | test_acc=84.27% test_f1=0.8061
Epoch 004 | train_loss=0.5196 | val_acc=95.43% val_f1=0.9444 | test_acc=83.99% test_f1=0.8051
Epoch 005 | train_loss=0.4247 | val_acc=96.00% val_f1=0.9613 | test_acc=88.76% test_f1=0.8674
Epoch 006 | train_loss=0.3435 | val_acc=98.29% val_f1=0.9830 | test_acc=82.02% test_f1=0.7822
Epoch 007 | train_loss=0.3081 | val_acc=100.00% val_f1=1.0000 | test_acc=79.49% test_f1=0.7421
Epoch 008 | train_loss=0.2778 | val_acc=98.29% val_f1=0.9830 | test_acc=82.30% test_f1=0.7898
Epoch 009 | train_loss=0.2609 | val_acc=98.29% val_f1=0.9807 | test_acc=78.37% test_f1=0.7393
Epoch 010 | train_loss=0.2495 | val_acc=98.86% val_f1=0.9886 | test_acc=72.75% test_f1=0.6647
Epoch 011 | train_loss=0.2334 | val_acc=99.43% val_f1=0.9943 | test_acc=73.31% test_f1=0.6863
Epoch 012 | train_loss=0.2285 | val_acc=100.00% val_f1=1.0000 | test_acc=74.44% test_f1=0.6921
Epoch 013 | train_loss=0.2476 | val_acc=100.00% val_f1=1.0000 | test_acc=67.42% test_f1=0.5821
Epoch 014 | train_loss=0.2302 | val_acc=100.00% val_f1=1.0000 | test_acc=69.10% test_f1=0.6192
Epoch 015 | train_loss=0.2208 | val_acc=100.00% val_f1=1.0000 | test_acc=69.94% test_f1=0.6228
Epoch 016 | train_loss=0.2216 | val_acc=100.00% val_f1=1.0000 | test_acc=71.35% test_f1=0.6470
Epoch 017 | train_loss=0.2317 | val_acc=100.00% val_f1=1.0000 | test_acc=68.26% test_f1=0.5997
Epoch 018 | train_loss=0.2207 | val_acc=100.00% val_f1=1.0000 | test_acc=65.45% test_f1=0.5580
Epoch 019 | train_loss=0.2180 | val_acc=100.00% val_f1=1.0000 | test_acc=69.10% test_f1=0.6142
Epoch 020 | train_loss=0.2086 | val_acc=100.00% val_f1=1.0000 | test_acc=70.22% test_f1=0.6354
Epoch 021 | train_loss=0.2240 | val_acc=100.00% val_f1=1.0000 | test_acc=68.82% test_f1=0.6090
Epoch 022 | train_loss=0.2167 | val_acc=100.00% val_f1=1.0000 | test_acc=68.54% test_f1=0.6017
Epoch 023 | train_loss=0.2109 | val_acc=100.00% val_f1=1.0000 | test_acc=72.47% test_f1=0.6626
Early stopping at epoch 23 (best=7, score=1.000000)
================================================================================
Best epoch: 7
Best score (val_macro_f1): 1.000000
Final test accuracy: 79.49%
Saved to: /home/huang_kai/wind_turbine_phm/PHOENIX-main/autoencoder_benchmark/ablation_experiments/h1/results/ablation1_sweep_strict_valf1_20260522/trials/trial_0011_A/ablation1_student_only_tcn_attn_weld_seam_windows_ws5_tf75_pg0_h1_ep80_lr0.0001_bs64_seed106
================================================================================
Ablation-1 | Student-only (13D) future-step prediction with TCN+Attention
================================================================================
Dataset: /home/huang_kai/wind_turbine_phm/PHOENIX-main/autoencoder_benchmark/Data/processed_data/weld_seam_windows_ws5_tf75_pg0_h1.npz
Device: cuda
Train/Val/Test: 990 / 175 / 356
Drop features: [3, 4, 5, 6, 7]
Epoch 001 | train_loss=1.0083 | val_acc=37.14% val_f1=0.3954 | test_acc=32.58% test_f1=0.2952
Epoch 002 | train_loss=0.7496 | val_acc=65.14% val_f1=0.6914 | test_acc=39.89% test_f1=0.3934
Epoch 003 | train_loss=0.5536 | val_acc=86.86% val_f1=0.8763 | test_acc=69.66% test_f1=0.6889
Epoch 004 | train_loss=0.4331 | val_acc=90.86% val_f1=0.9119 | test_acc=84.27% test_f1=0.8029
Epoch 005 | train_loss=0.3637 | val_acc=90.86% val_f1=0.9119 | test_acc=84.55% test_f1=0.7995
Epoch 006 | train_loss=0.3023 | val_acc=92.57% val_f1=0.9292 | test_acc=83.15% test_f1=0.7682
Epoch 007 | train_loss=0.2745 | val_acc=97.71% val_f1=0.9771 | test_acc=80.90% test_f1=0.7269
Epoch 008 | train_loss=0.2494 | val_acc=98.29% val_f1=0.9827 | test_acc=80.34% test_f1=0.7193
Epoch 009 | train_loss=0.2348 | val_acc=98.29% val_f1=0.9827 | test_acc=80.06% test_f1=0.7161
Epoch 010 | train_loss=0.2147 | val_acc=98.29% val_f1=0.9830 | test_acc=81.18% test_f1=0.7289
Epoch 011 | train_loss=0.2180 | val_acc=99.43% val_f1=0.9941 | test_acc=82.30% test_f1=0.7599
Epoch 012 | train_loss=0.2129 | val_acc=99.43% val_f1=0.9941 | test_acc=79.49% test_f1=0.7134
Epoch 013 | train_loss=0.1880 | val_acc=100.00% val_f1=1.0000 | test_acc=80.34% test_f1=0.7317
Epoch 014 | train_loss=0.2194 | val_acc=99.43% val_f1=0.9941 | test_acc=80.34% test_f1=0.7331
Epoch 015 | train_loss=0.1902 | val_acc=100.00% val_f1=1.0000 | test_acc=75.84% test_f1=0.6553
Epoch 016 | train_loss=0.1823 | val_acc=100.00% val_f1=1.0000 | test_acc=76.97% test_f1=0.6689
Epoch 017 | train_loss=0.1906 | val_acc=100.00% val_f1=1.0000 | test_acc=77.25% test_f1=0.6806
Epoch 018 | train_loss=0.1811 | val_acc=100.00% val_f1=1.0000 | test_acc=76.97% test_f1=0.6753
Epoch 019 | train_loss=0.1861 | val_acc=100.00% val_f1=1.0000 | test_acc=74.72% test_f1=0.6323
Epoch 020 | train_loss=0.1865 | val_acc=100.00% val_f1=1.0000 | test_acc=80.62% test_f1=0.7285
Epoch 021 | train_loss=0.1880 | val_acc=100.00% val_f1=1.0000 | test_acc=78.09% test_f1=0.6963
Epoch 022 | train_loss=0.1750 | val_acc=100.00% val_f1=1.0000 | test_acc=76.12% test_f1=0.6648
Epoch 023 | train_loss=0.1780 | val_acc=100.00% val_f1=1.0000 | test_acc=77.25% test_f1=0.6806
Epoch 024 | train_loss=0.1790 | val_acc=100.00% val_f1=1.0000 | test_acc=80.06% test_f1=0.7320
Epoch 025 | train_loss=0.1753 | val_acc=100.00% val_f1=1.0000 | test_acc=78.37% test_f1=0.7014
Epoch 026 | train_loss=0.1789 | val_acc=100.00% val_f1=1.0000 | test_acc=77.53% test_f1=0.6859
Epoch 027 | train_loss=0.1754 | val_acc=100.00% val_f1=1.0000 | test_acc=78.93% test_f1=0.7114
Epoch 028 | train_loss=0.1861 | val_acc=100.00% val_f1=1.0000 | test_acc=77.53% test_f1=0.6923
Epoch 029 | train_loss=0.1747 | val_acc=100.00% val_f1=1.0000 | test_acc=74.44% test_f1=0.6482
Early stopping at epoch 29 (best=13, score=1.000000)
================================================================================
Best epoch: 13
Best score (val_macro_f1): 1.000000
Final test accuracy: 80.34%
Saved to: /home/huang_kai/wind_turbine_phm/PHOENIX-main/autoencoder_benchmark/ablation_experiments/h1/results/ablation1_sweep_strict_valf1_20260522/trials/trial_0012_A/ablation1_student_only_tcn_attn_weld_seam_windows_ws5_tf75_pg0_h1_ep80_lr0.0001_bs96_seed114
================================================================================
Ablation-1 | Student-only (13D) future-step prediction with TCN+Attention
================================================================================
Dataset: /home/huang_kai/wind_turbine_phm/PHOENIX-main/autoencoder_benchmark/Data/processed_data/weld_seam_windows_ws5_tf75_pg0_h1.npz
Device: cuda
Train/Val/Test: 990 / 175 / 356
Drop features: [3, 4, 5, 6, 7]
Epoch 001 | train_loss=1.0671 | val_acc=87.43% val_f1=0.8385 | test_acc=82.87% test_f1=0.7744
Epoch 002 | train_loss=0.8331 | val_acc=93.71% val_f1=0.9179 | test_acc=85.39% test_f1=0.8154
Epoch 003 | train_loss=0.6421 | val_acc=93.71% val_f1=0.9179 | test_acc=86.52% test_f1=0.8316
Epoch 004 | train_loss=0.4735 | val_acc=93.71% val_f1=0.9169 | test_acc=87.08% test_f1=0.8395
Epoch 005 | train_loss=0.3428 | val_acc=95.43% val_f1=0.9418 | test_acc=87.08% test_f1=0.8395
Epoch 006 | train_loss=0.2509 | val_acc=97.71% val_f1=0.9701 | test_acc=87.36% test_f1=0.8431
Epoch 007 | train_loss=0.1808 | val_acc=98.29% val_f1=0.9782 | test_acc=86.52% test_f1=0.8294
Epoch 008 | train_loss=0.1378 | val_acc=99.43% val_f1=0.9919 | test_acc=84.83% test_f1=0.8080
Epoch 009 | train_loss=0.1020 | val_acc=99.43% val_f1=0.9919 | test_acc=83.15% test_f1=0.7834
Epoch 010 | train_loss=0.0803 | val_acc=99.43% val_f1=0.9919 | test_acc=82.87% test_f1=0.7756
Epoch 011 | train_loss=0.0556 | val_acc=99.43% val_f1=0.9919 | test_acc=83.99% test_f1=0.7914
Epoch 012 | train_loss=0.0458 | val_acc=99.43% val_f1=0.9919 | test_acc=80.06% test_f1=0.7310
Epoch 013 | train_loss=0.0343 | val_acc=99.43% val_f1=0.9919 | test_acc=79.78% test_f1=0.7261
Epoch 014 | train_loss=0.0269 | val_acc=99.43% val_f1=0.9919 | test_acc=83.43% test_f1=0.7810
Epoch 015 | train_loss=0.0232 | val_acc=99.43% val_f1=0.9919 | test_acc=82.87% test_f1=0.7756
Epoch 016 | train_loss=0.0214 | val_acc=100.00% val_f1=1.0000 | test_acc=82.30% test_f1=0.7677
Epoch 017 | train_loss=0.0202 | val_acc=100.00% val_f1=1.0000 | test_acc=81.74% test_f1=0.7631
Epoch 018 | train_loss=0.0163 | val_acc=100.00% val_f1=1.0000 | test_acc=78.37% test_f1=0.7169
Epoch 019 | train_loss=0.0158 | val_acc=100.00% val_f1=1.0000 | test_acc=79.78% test_f1=0.7362
Epoch 020 | train_loss=0.0146 | val_acc=100.00% val_f1=1.0000 | test_acc=82.02% test_f1=0.7643
Epoch 021 | train_loss=0.0113 | val_acc=100.00% val_f1=1.0000 | test_acc=79.49% test_f1=0.7296
Epoch 022 | train_loss=0.0108 | val_acc=100.00% val_f1=1.0000 | test_acc=77.81% test_f1=0.7058
Epoch 023 | train_loss=0.0099 | val_acc=99.43% val_f1=0.9919 | test_acc=75.84% test_f1=0.6767
Epoch 024 | train_loss=0.0116 | val_acc=100.00% val_f1=1.0000 | test_acc=78.37% test_f1=0.7142
Epoch 025 | train_loss=0.0092 | val_acc=100.00% val_f1=1.0000 | test_acc=78.65% test_f1=0.7182
Epoch 026 | train_loss=0.0100 | val_acc=100.00% val_f1=1.0000 | test_acc=80.34% test_f1=0.7415
Epoch 027 | train_loss=0.0071 | val_acc=100.00% val_f1=1.0000 | test_acc=75.00% test_f1=0.6515
Epoch 028 | train_loss=0.0064 | val_acc=100.00% val_f1=1.0000 | test_acc=74.44% test_f1=0.6425
Epoch 029 | train_loss=0.0063 | val_acc=100.00% val_f1=1.0000 | test_acc=74.44% test_f1=0.6467
Epoch 030 | train_loss=0.0057 | val_acc=100.00% val_f1=1.0000 | test_acc=76.12% test_f1=0.6797
Epoch 031 | train_loss=0.0102 | val_acc=100.00% val_f1=1.0000 | test_acc=76.69% test_f1=0.6882
Epoch 032 | train_loss=0.0056 | val_acc=100.00% val_f1=1.0000 | test_acc=75.56% test_f1=0.6759
Early stopping at epoch 32 (best=16, score=1.000000)
================================================================================
Best epoch: 16
Best score (val_macro_f1): 1.000000
Final test accuracy: 82.30%
Saved to: /home/huang_kai/wind_turbine_phm/PHOENIX-main/autoencoder_benchmark/ablation_experiments/h1/results/ablation1_sweep_strict_valf1_20260522/trials/trial_0013_A/ablation1_student_only_tcn_attn_weld_seam_windows_ws5_tf75_pg0_h1_ep80_lr0.00015_bs128_seed131
================================================================================
Ablation-1 | Student-only (13D) future-step prediction with TCN+Attention
================================================================================
Dataset: /home/huang_kai/wind_turbine_phm/PHOENIX-main/autoencoder_benchmark/Data/processed_data/weld_seam_windows_ws5_tf75_pg0_h1.npz
Device: cuda
Train/Val/Test: 990 / 175 / 356
Drop features: [3, 4, 5, 6, 7]
Epoch 001 | train_loss=0.6915 | val_acc=85.14% val_f1=0.8620 | test_acc=80.06% test_f1=0.8201
Epoch 002 | train_loss=0.2954 | val_acc=98.29% val_f1=0.9804 | test_acc=90.17% test_f1=0.8788
Epoch 003 | train_loss=0.2246 | val_acc=98.86% val_f1=0.9862 | test_acc=88.76% test_f1=0.8542
Epoch 004 | train_loss=0.2202 | val_acc=100.00% val_f1=1.0000 | test_acc=77.81% test_f1=0.6819
Epoch 005 | train_loss=0.1902 | val_acc=99.43% val_f1=0.9943 | test_acc=71.07% test_f1=0.6204
Epoch 006 | train_loss=0.2215 | val_acc=100.00% val_f1=1.0000 | test_acc=73.88% test_f1=0.6529
Epoch 007 | train_loss=0.1990 | val_acc=98.86% val_f1=0.9886 | test_acc=81.18% test_f1=0.7771
Epoch 008 | train_loss=0.1830 | val_acc=100.00% val_f1=1.0000 | test_acc=78.65% test_f1=0.7241
Epoch 009 | train_loss=0.1826 | val_acc=100.00% val_f1=1.0000 | test_acc=78.37% test_f1=0.7411
Epoch 010 | train_loss=0.1733 | val_acc=100.00% val_f1=1.0000 | test_acc=73.60% test_f1=0.6523
Epoch 011 | train_loss=0.1736 | val_acc=100.00% val_f1=1.0000 | test_acc=76.40% test_f1=0.6913
Epoch 012 | train_loss=0.1891 | val_acc=100.00% val_f1=1.0000 | test_acc=70.51% test_f1=0.6502
Epoch 013 | train_loss=0.1703 | val_acc=100.00% val_f1=1.0000 | test_acc=74.16% test_f1=0.6519
Epoch 014 | train_loss=0.1717 | val_acc=100.00% val_f1=1.0000 | test_acc=75.28% test_f1=0.6707
Epoch 015 | train_loss=0.1710 | val_acc=100.00% val_f1=1.0000 | test_acc=75.00% test_f1=0.6657
Epoch 016 | train_loss=0.1810 | val_acc=100.00% val_f1=1.0000 | test_acc=66.01% test_f1=0.5148
Epoch 017 | train_loss=0.1733 | val_acc=100.00% val_f1=1.0000 | test_acc=74.16% test_f1=0.6578
Epoch 018 | train_loss=0.1719 | val_acc=100.00% val_f1=1.0000 | test_acc=71.91% test_f1=0.6096
Epoch 019 | train_loss=0.1701 | val_acc=100.00% val_f1=1.0000 | test_acc=70.22% test_f1=0.5511
Epoch 020 | train_loss=0.1694 | val_acc=100.00% val_f1=1.0000 | test_acc=75.28% test_f1=0.6645
Early stopping at epoch 20 (best=4, score=1.000000)
================================================================================
Best epoch: 4
Best score (val_macro_f1): 1.000000
Final test accuracy: 77.81%
Saved to: /home/huang_kai/wind_turbine_phm/PHOENIX-main/autoencoder_benchmark/ablation_experiments/h1/results/ablation1_sweep_strict_valf1_20260522/trials/trial_0014_A/ablation1_student_only_tcn_attn_weld_seam_windows_ws5_tf75_pg0_h1_ep80_lr0.0004_bs64_seed144
================================================================================
Ablation-1 | Student-only (13D) future-step prediction with TCN+Attention
================================================================================
Dataset: /home/huang_kai/wind_turbine_phm/PHOENIX-main/autoencoder_benchmark/Data/processed_data/weld_seam_windows_ws5_tf75_pg0_h1.npz
Device: cuda
Train/Val/Test: 990 / 175 / 356
Drop features: [3, 4, 5, 6, 7]
Epoch 001 | train_loss=0.9524 | val_acc=94.86% val_f1=0.9404 | test_acc=74.16% test_f1=0.5650
Epoch 002 | train_loss=0.6024 | val_acc=97.71% val_f1=0.9722 | test_acc=83.71% test_f1=0.7908
Epoch 003 | train_loss=0.3895 | val_acc=98.29% val_f1=0.9804 | test_acc=84.27% test_f1=0.7979
Epoch 004 | train_loss=0.2998 | val_acc=99.43% val_f1=0.9919 | test_acc=80.06% test_f1=0.7362
Epoch 005 | train_loss=0.2643 | val_acc=99.43% val_f1=0.9919 | test_acc=80.34% test_f1=0.7270
Epoch 006 | train_loss=0.2451 | val_acc=99.43% val_f1=0.9919 | test_acc=74.72% test_f1=0.6521
Epoch 007 | train_loss=0.2243 | val_acc=100.00% val_f1=1.0000 | test_acc=75.00% test_f1=0.6580
Epoch 008 | train_loss=0.2288 | val_acc=100.00% val_f1=1.0000 | test_acc=73.60% test_f1=0.6134
Epoch 009 | train_loss=0.2166 | val_acc=100.00% val_f1=1.0000 | test_acc=77.81% test_f1=0.7037
Epoch 010 | train_loss=0.2114 | val_acc=100.00% val_f1=1.0000 | test_acc=71.91% test_f1=0.6041
Epoch 011 | train_loss=0.2297 | val_acc=100.00% val_f1=1.0000 | test_acc=76.12% test_f1=0.6746
Epoch 012 | train_loss=0.2187 | val_acc=100.00% val_f1=1.0000 | test_acc=72.19% test_f1=0.6121
Epoch 013 | train_loss=0.2249 | val_acc=100.00% val_f1=1.0000 | test_acc=70.22% test_f1=0.5602
Epoch 014 | train_loss=0.2124 | val_acc=100.00% val_f1=1.0000 | test_acc=75.84% test_f1=0.6594
Epoch 015 | train_loss=0.2115 | val_acc=100.00% val_f1=1.0000 | test_acc=73.31% test_f1=0.6248
Epoch 016 | train_loss=0.2064 | val_acc=100.00% val_f1=1.0000 | test_acc=72.75% test_f1=0.6138
Epoch 017 | train_loss=0.2159 | val_acc=100.00% val_f1=1.0000 | test_acc=70.79% test_f1=0.5702
Epoch 018 | train_loss=0.2070 | val_acc=100.00% val_f1=1.0000 | test_acc=70.22% test_f1=0.5629
Epoch 019 | train_loss=0.2126 | val_acc=100.00% val_f1=1.0000 | test_acc=77.53% test_f1=0.6982
Epoch 020 | train_loss=0.2055 | val_acc=100.00% val_f1=1.0000 | test_acc=74.16% test_f1=0.6392
Epoch 021 | train_loss=0.2075 | val_acc=100.00% val_f1=1.0000 | test_acc=71.63% test_f1=0.5909
Epoch 022 | train_loss=0.2073 | val_acc=100.00% val_f1=1.0000 | test_acc=75.56% test_f1=0.6659
Epoch 023 | train_loss=0.2065 | val_acc=100.00% val_f1=1.0000 | test_acc=76.97% test_f1=0.6880
Early stopping at epoch 23 (best=7, score=1.000000)
================================================================================
Best epoch: 7
Best score (val_macro_f1): 1.000000
Final test accuracy: 75.00%
Saved to: /home/huang_kai/wind_turbine_phm/PHOENIX-main/autoencoder_benchmark/ablation_experiments/h1/results/ablation1_sweep_strict_valf1_20260522/trials/trial_0015_A/ablation1_student_only_tcn_attn_weld_seam_windows_ws5_tf75_pg0_h1_ep80_lr0.00015_bs64_seed109
================================================================================
Ablation-1 | Student-only (13D) future-step prediction with TCN+Attention
================================================================================
Dataset: /home/huang_kai/wind_turbine_phm/PHOENIX-main/autoencoder_benchmark/Data/processed_data/weld_seam_windows_ws5_tf75_pg0_h1.npz
Device: cuda
Train/Val/Test: 990 / 175 / 356
Drop features: [3, 4, 5, 6, 7]
Epoch 001 | train_loss=0.9171 | val_acc=75.43% val_f1=0.7452 | test_acc=71.63% test_f1=0.7135
Epoch 002 | train_loss=0.5096 | val_acc=92.00% val_f1=0.9252 | test_acc=72.19% test_f1=0.7341
Epoch 003 | train_loss=0.3289 | val_acc=96.57% val_f1=0.9663 | test_acc=83.99% test_f1=0.8286
Epoch 004 | train_loss=0.2467 | val_acc=97.71% val_f1=0.9775 | test_acc=84.27% test_f1=0.7852
Epoch 005 | train_loss=0.2088 | val_acc=98.29% val_f1=0.9830 | test_acc=83.71% test_f1=0.7640
Epoch 006 | train_loss=0.1952 | val_acc=98.29% val_f1=0.9830 | test_acc=81.74% test_f1=0.7300
Epoch 007 | train_loss=0.1872 | val_acc=98.29% val_f1=0.9830 | test_acc=78.93% test_f1=0.6861
Epoch 008 | train_loss=0.1840 | val_acc=98.29% val_f1=0.9830 | test_acc=83.71% test_f1=0.7770
Epoch 009 | train_loss=0.1828 | val_acc=98.29% val_f1=0.9830 | test_acc=80.62% test_f1=0.7442
Epoch 010 | train_loss=0.1837 | val_acc=99.43% val_f1=0.9943 | test_acc=76.40% test_f1=0.6805
Epoch 011 | train_loss=0.1814 | val_acc=99.43% val_f1=0.9943 | test_acc=74.72% test_f1=0.6455
Epoch 012 | train_loss=0.1770 | val_acc=99.43% val_f1=0.9943 | test_acc=77.81% test_f1=0.6873
Epoch 013 | train_loss=0.1849 | val_acc=99.43% val_f1=0.9943 | test_acc=77.25% test_f1=0.6881
Epoch 014 | train_loss=0.1757 | val_acc=100.00% val_f1=1.0000 | test_acc=76.40% test_f1=0.6773
Epoch 015 | train_loss=0.1779 | val_acc=100.00% val_f1=1.0000 | test_acc=74.44% test_f1=0.6473
Epoch 016 | train_loss=0.1748 | val_acc=99.43% val_f1=0.9943 | test_acc=77.81% test_f1=0.6932
Epoch 017 | train_loss=0.1728 | val_acc=99.43% val_f1=0.9943 | test_acc=78.93% test_f1=0.7084
Epoch 018 | train_loss=0.1786 | val_acc=99.43% val_f1=0.9943 | test_acc=78.93% test_f1=0.7066
Epoch 019 | train_loss=0.1797 | val_acc=99.43% val_f1=0.9943 | test_acc=75.84% test_f1=0.6671
Epoch 020 | train_loss=0.1764 | val_acc=100.00% val_f1=1.0000 | test_acc=73.03% test_f1=0.6317
Epoch 021 | train_loss=0.1740 | val_acc=100.00% val_f1=1.0000 | test_acc=73.03% test_f1=0.6308
Epoch 022 | train_loss=0.1739 | val_acc=100.00% val_f1=1.0000 | test_acc=77.25% test_f1=0.6879
Epoch 023 | train_loss=0.1741 | val_acc=100.00% val_f1=1.0000 | test_acc=77.53% test_f1=0.6880
Epoch 024 | train_loss=0.1717 | val_acc=100.00% val_f1=1.0000 | test_acc=76.69% test_f1=0.6740
Epoch 025 | train_loss=0.1728 | val_acc=100.00% val_f1=1.0000 | test_acc=76.12% test_f1=0.6652
Epoch 026 | train_loss=0.1730 | val_acc=100.00% val_f1=1.0000 | test_acc=76.40% test_f1=0.6750
Epoch 027 | train_loss=0.1762 | val_acc=99.43% val_f1=0.9943 | test_acc=80.90% test_f1=0.7505
Epoch 028 | train_loss=0.1760 | val_acc=99.43% val_f1=0.9943 | test_acc=80.06% test_f1=0.7310
Epoch 029 | train_loss=0.1749 | val_acc=99.43% val_f1=0.9943 | test_acc=81.46% test_f1=0.7613
Epoch 030 | train_loss=0.1762 | val_acc=99.43% val_f1=0.9943 | test_acc=77.81% test_f1=0.7096
Early stopping at epoch 30 (best=14, score=1.000000)
================================================================================
Best epoch: 14
Best score (val_macro_f1): 1.000000
Final test accuracy: 76.40%
Saved to: /home/huang_kai/wind_turbine_phm/PHOENIX-main/autoencoder_benchmark/ablation_experiments/h1/results/ablation1_sweep_strict_valf1_20260522/trials/trial_0016_A/ablation1_student_only_tcn_attn_weld_seam_windows_ws5_tf75_pg0_h1_ep80_lr0.0004_bs128_seed120
================================================================================
Ablation-1 | Student-only (13D) future-step prediction with TCN+Attention
================================================================================
Dataset: /home/huang_kai/wind_turbine_phm/PHOENIX-main/autoencoder_benchmark/Data/processed_data/weld_seam_windows_ws5_tf75_pg0_h1.npz
Device: cuda
Train/Val/Test: 990 / 175 / 356
Drop features: [3, 4, 5, 6, 7]
Epoch 001 | train_loss=1.0311 | val_acc=58.86% val_f1=0.5950 | test_acc=51.97% test_f1=0.5031
Epoch 002 | train_loss=0.7060 | val_acc=81.14% val_f1=0.8269 | test_acc=68.26% test_f1=0.7055
Epoch 003 | train_loss=0.4730 | val_acc=93.14% val_f1=0.9318 | test_acc=83.99% test_f1=0.8319
Epoch 004 | train_loss=0.2971 | val_acc=97.71% val_f1=0.9770 | test_acc=89.33% test_f1=0.8615
Epoch 005 | train_loss=0.1855 | val_acc=98.86% val_f1=0.9883 | test_acc=83.15% test_f1=0.7749
Epoch 006 | train_loss=0.1296 | val_acc=100.00% val_f1=1.0000 | test_acc=81.18% test_f1=0.7459
Epoch 007 | train_loss=0.0741 | val_acc=100.00% val_f1=1.0000 | test_acc=80.90% test_f1=0.7368
Epoch 008 | train_loss=0.0555 | val_acc=100.00% val_f1=1.0000 | test_acc=78.93% test_f1=0.7000
Epoch 009 | train_loss=0.0382 | val_acc=100.00% val_f1=1.0000 | test_acc=80.06% test_f1=0.7243
Epoch 010 | train_loss=0.0404 | val_acc=100.00% val_f1=1.0000 | test_acc=82.02% test_f1=0.7538
Epoch 011 | train_loss=0.0380 | val_acc=100.00% val_f1=1.0000 | test_acc=81.46% test_f1=0.7438
Epoch 012 | train_loss=0.0220 | val_acc=100.00% val_f1=1.0000 | test_acc=80.34% test_f1=0.7230
Epoch 013 | train_loss=0.0332 | val_acc=100.00% val_f1=1.0000 | test_acc=79.21% test_f1=0.7160
Epoch 014 | train_loss=0.0442 | val_acc=100.00% val_f1=1.0000 | test_acc=79.78% test_f1=0.7213
Epoch 015 | train_loss=0.0196 | val_acc=100.00% val_f1=1.0000 | test_acc=81.18% test_f1=0.7387
Epoch 016 | train_loss=0.0118 | val_acc=100.00% val_f1=1.0000 | test_acc=77.53% test_f1=0.6661
Epoch 017 | train_loss=0.0101 | val_acc=100.00% val_f1=1.0000 | test_acc=77.25% test_f1=0.6600
Epoch 018 | train_loss=0.0200 | val_acc=100.00% val_f1=1.0000 | test_acc=78.65% test_f1=0.7057
Epoch 019 | train_loss=0.0144 | val_acc=100.00% val_f1=1.0000 | test_acc=80.06% test_f1=0.7294
Epoch 020 | train_loss=0.0074 | val_acc=100.00% val_f1=1.0000 | test_acc=77.81% test_f1=0.6939
Epoch 021 | train_loss=0.0155 | val_acc=100.00% val_f1=1.0000 | test_acc=76.12% test_f1=0.6733
Epoch 022 | train_loss=0.0084 | val_acc=100.00% val_f1=1.0000 | test_acc=78.09% test_f1=0.6991
Early stopping at epoch 22 (best=6, score=1.000000)
================================================================================
Best epoch: 6
Best score (val_macro_f1): 1.000000
Final test accuracy: 81.18%
Saved to: /home/huang_kai/wind_turbine_phm/PHOENIX-main/autoencoder_benchmark/ablation_experiments/h1/results/ablation1_sweep_strict_valf1_20260522/trials/trial_0017_A/ablation1_student_only_tcn_attn_weld_seam_windows_ws5_tf75_pg0_h1_ep80_lr0.00025_bs128_seed152
================================================================================
Ablation-1 | Student-only (13D) future-step prediction with TCN+Attention
================================================================================
Dataset: /home/huang_kai/wind_turbine_phm/PHOENIX-main/autoencoder_benchmark/Data/processed_data/weld_seam_windows_ws5_tf75_pg0_h1.npz
Device: cuda
Train/Val/Test: 990 / 175 / 356
Drop features: [3, 4, 5, 6, 7]
Epoch 001 | train_loss=1.0291 | val_acc=56.00% val_f1=0.6034 | test_acc=45.22% test_f1=0.3751
Epoch 002 | train_loss=0.6929 | val_acc=90.29% val_f1=0.9000 | test_acc=77.25% test_f1=0.7788
Epoch 003 | train_loss=0.4655 | val_acc=94.86% val_f1=0.9396 | test_acc=80.62% test_f1=0.8019
Epoch 004 | train_loss=0.3501 | val_acc=96.57% val_f1=0.9566 | test_acc=79.21% test_f1=0.7752
Epoch 005 | train_loss=0.3160 | val_acc=98.29% val_f1=0.9755 | test_acc=76.69% test_f1=0.7132
Epoch 006 | train_loss=0.2529 | val_acc=97.71% val_f1=0.9727 | test_acc=76.12% test_f1=0.7249
Epoch 007 | train_loss=0.2359 | val_acc=98.86% val_f1=0.9837 | test_acc=75.84% test_f1=0.7071
Epoch 008 | train_loss=0.2178 | val_acc=100.00% val_f1=1.0000 | test_acc=81.18% test_f1=0.7782
Epoch 009 | train_loss=0.2180 | val_acc=98.86% val_f1=0.9862 | test_acc=76.97% test_f1=0.7199
Epoch 010 | train_loss=0.1911 | val_acc=100.00% val_f1=1.0000 | test_acc=78.93% test_f1=0.7294
Epoch 011 | train_loss=0.2134 | val_acc=99.43% val_f1=0.9919 | test_acc=74.72% test_f1=0.6670
Epoch 012 | train_loss=0.2120 | val_acc=100.00% val_f1=1.0000 | test_acc=75.00% test_f1=0.6880
Epoch 013 | train_loss=0.1899 | val_acc=100.00% val_f1=1.0000 | test_acc=74.44% test_f1=0.6782
Epoch 014 | train_loss=0.1901 | val_acc=100.00% val_f1=1.0000 | test_acc=76.69% test_f1=0.7103
Epoch 015 | train_loss=0.1947 | val_acc=100.00% val_f1=1.0000 | test_acc=73.31% test_f1=0.6532
Epoch 016 | train_loss=0.1984 | val_acc=100.00% val_f1=1.0000 | test_acc=76.97% test_f1=0.7213
Epoch 017 | train_loss=0.1904 | val_acc=100.00% val_f1=1.0000 | test_acc=73.60% test_f1=0.6647
Epoch 018 | train_loss=0.1870 | val_acc=100.00% val_f1=1.0000 | test_acc=75.56% test_f1=0.6896
Epoch 019 | train_loss=0.1955 | val_acc=100.00% val_f1=1.0000 | test_acc=74.16% test_f1=0.6538
Epoch 020 | train_loss=0.1866 | val_acc=100.00% val_f1=1.0000 | test_acc=77.25% test_f1=0.7225
Epoch 021 | train_loss=0.1866 | val_acc=100.00% val_f1=1.0000 | test_acc=70.79% test_f1=0.6454
Epoch 022 | train_loss=0.1910 | val_acc=100.00% val_f1=1.0000 | test_acc=69.94% test_f1=0.6085
Epoch 023 | train_loss=0.1916 | val_acc=100.00% val_f1=1.0000 | test_acc=71.07% test_f1=0.6434
Epoch 024 | train_loss=0.1857 | val_acc=100.00% val_f1=1.0000 | test_acc=70.79% test_f1=0.6478
Early stopping at epoch 24 (best=8, score=1.000000)
================================================================================
Best epoch: 8
Best score (val_macro_f1): 1.000000
Final test accuracy: 81.18%
Saved to: /home/huang_kai/wind_turbine_phm/PHOENIX-main/autoencoder_benchmark/ablation_experiments/h1/results/ablation1_sweep_strict_valf1_20260522/trials/trial_0018_A/ablation1_student_only_tcn_attn_weld_seam_windows_ws5_tf75_pg0_h1_ep80_lr0.00015_bs64_seed117
================================================================================
Ablation-1 | Student-only (13D) future-step prediction with TCN+Attention
================================================================================
Dataset: /home/huang_kai/wind_turbine_phm/PHOENIX-main/autoencoder_benchmark/Data/processed_data/weld_seam_windows_ws5_tf75_pg0_h1.npz
Device: cuda
Train/Val/Test: 990 / 175 / 356
Drop features: [3, 4, 5, 6, 7]
Epoch 001 | train_loss=0.9758 | val_acc=40.57% val_f1=0.3888 | test_acc=41.01% test_f1=0.4027
Epoch 002 | train_loss=0.7130 | val_acc=80.00% val_f1=0.8211 | test_acc=73.88% test_f1=0.7577
Epoch 003 | train_loss=0.4846 | val_acc=91.43% val_f1=0.9169 | test_acc=82.02% test_f1=0.8135
Epoch 004 | train_loss=0.3429 | val_acc=97.14% val_f1=0.9692 | test_acc=87.64% test_f1=0.8462
Epoch 005 | train_loss=0.2161 | val_acc=97.14% val_f1=0.9692 | test_acc=87.36% test_f1=0.8439
Epoch 006 | train_loss=0.1441 | val_acc=98.29% val_f1=0.9827 | test_acc=83.15% test_f1=0.7663
Epoch 007 | train_loss=0.1080 | val_acc=99.43% val_f1=0.9941 | test_acc=83.99% test_f1=0.7803
Epoch 008 | train_loss=0.1016 | val_acc=100.00% val_f1=1.0000 | test_acc=79.49% test_f1=0.6993
Epoch 009 | train_loss=0.0595 | val_acc=100.00% val_f1=1.0000 | test_acc=82.87% test_f1=0.7623
Epoch 010 | train_loss=0.0644 | val_acc=100.00% val_f1=1.0000 | test_acc=81.46% test_f1=0.7343
Epoch 011 | train_loss=0.0713 | val_acc=100.00% val_f1=1.0000 | test_acc=82.30% test_f1=0.7625
Epoch 012 | train_loss=0.0512 | val_acc=100.00% val_f1=1.0000 | test_acc=82.30% test_f1=0.7458
Epoch 013 | train_loss=0.0419 | val_acc=100.00% val_f1=1.0000 | test_acc=80.34% test_f1=0.6990
Epoch 014 | train_loss=0.0402 | val_acc=100.00% val_f1=1.0000 | test_acc=81.46% test_f1=0.7376
Epoch 015 | train_loss=0.0366 | val_acc=100.00% val_f1=1.0000 | test_acc=79.21% test_f1=0.7227
Epoch 016 | train_loss=0.0212 | val_acc=100.00% val_f1=1.0000 | test_acc=83.99% test_f1=0.7844
Epoch 017 | train_loss=0.0206 | val_acc=100.00% val_f1=1.0000 | test_acc=76.69% test_f1=0.6436
Epoch 018 | train_loss=0.0305 | val_acc=100.00% val_f1=1.0000 | test_acc=80.90% test_f1=0.7184
Epoch 019 | train_loss=0.0331 | val_acc=100.00% val_f1=1.0000 | test_acc=89.04% test_f1=0.8634
Epoch 020 | train_loss=0.0236 | val_acc=100.00% val_f1=1.0000 | test_acc=87.92% test_f1=0.8496
Epoch 021 | train_loss=0.0157 | val_acc=100.00% val_f1=1.0000 | test_acc=82.58% test_f1=0.7632
Epoch 022 | train_loss=0.0103 | val_acc=100.00% val_f1=1.0000 | test_acc=79.78% test_f1=0.7217
Epoch 023 | train_loss=0.0135 | val_acc=100.00% val_f1=1.0000 | test_acc=76.97% test_f1=0.6689
Epoch 024 | train_loss=0.0900 | val_acc=100.00% val_f1=1.0000 | test_acc=81.74% test_f1=0.7517
Early stopping at epoch 24 (best=8, score=1.000000)
================================================================================
Best epoch: 8
Best score (val_macro_f1): 1.000000
Final test accuracy: 79.49%
Saved to: /home/huang_kai/wind_turbine_phm/PHOENIX-main/autoencoder_benchmark/ablation_experiments/h1/results/ablation1_sweep_strict_valf1_20260522/trials/trial_0019_A/ablation1_student_only_tcn_attn_weld_seam_windows_ws5_tf75_pg0_h1_ep80_lr0.0001_bs64_seed137
================================================================================
Ablation-1 | Student-only (13D) future-step prediction with TCN+Attention
================================================================================
Dataset: /home/huang_kai/wind_turbine_phm/PHOENIX-main/autoencoder_benchmark/Data/processed_data/weld_seam_windows_ws5_tf75_pg0_h1.npz
Device: cuda
Train/Val/Test: 990 / 175 / 356
Drop features: [3, 4, 5, 6, 7]
Epoch 001 | train_loss=0.8430 | val_acc=69.71% val_f1=0.7160 | test_acc=57.02% test_f1=0.6227
Epoch 002 | train_loss=0.4775 | val_acc=93.71% val_f1=0.9315 | test_acc=91.85% test_f1=0.8796
Epoch 003 | train_loss=0.3091 | val_acc=98.86% val_f1=0.9883 | test_acc=88.76% test_f1=0.8454
Epoch 004 | train_loss=0.2320 | val_acc=98.86% val_f1=0.9886 | test_acc=84.83% test_f1=0.7603
Epoch 005 | train_loss=0.2091 | val_acc=98.86% val_f1=0.9886 | test_acc=86.52% test_f1=0.7953
Epoch 006 | train_loss=0.1921 | val_acc=99.43% val_f1=0.9943 | test_acc=87.08% test_f1=0.8077
Epoch 007 | train_loss=0.2100 | val_acc=98.86% val_f1=0.9886 | test_acc=89.61% test_f1=0.8542
Epoch 008 | train_loss=0.2893 | val_acc=100.00% val_f1=1.0000 | test_acc=87.64% test_f1=0.8338
Epoch 009 | train_loss=0.2172 | val_acc=100.00% val_f1=1.0000 | test_acc=72.47% test_f1=0.5657
Epoch 010 | train_loss=0.1990 | val_acc=99.43% val_f1=0.9943 | test_acc=82.02% test_f1=0.7256
Epoch 011 | train_loss=0.1858 | val_acc=100.00% val_f1=1.0000 | test_acc=76.12% test_f1=0.6611
Epoch 012 | train_loss=0.1799 | val_acc=100.00% val_f1=1.0000 | test_acc=77.25% test_f1=0.6727
Epoch 013 | train_loss=0.1767 | val_acc=99.43% val_f1=0.9943 | test_acc=79.49% test_f1=0.7078
Epoch 014 | train_loss=0.1845 | val_acc=100.00% val_f1=1.0000 | test_acc=77.53% test_f1=0.6865
Epoch 015 | train_loss=0.1826 | val_acc=100.00% val_f1=1.0000 | test_acc=75.28% test_f1=0.6554
Epoch 016 | train_loss=0.1749 | val_acc=98.86% val_f1=0.9886 | test_acc=77.81% test_f1=0.6817
Epoch 017 | train_loss=0.2037 | val_acc=100.00% val_f1=1.0000 | test_acc=80.06% test_f1=0.7307
Epoch 018 | train_loss=0.2093 | val_acc=100.00% val_f1=1.0000 | test_acc=66.85% test_f1=0.5167
Epoch 019 | train_loss=0.1881 | val_acc=100.00% val_f1=1.0000 | test_acc=78.09% test_f1=0.6833
Epoch 020 | train_loss=0.1809 | val_acc=100.00% val_f1=1.0000 | test_acc=74.72% test_f1=0.6411
Epoch 021 | train_loss=0.1795 | val_acc=100.00% val_f1=1.0000 | test_acc=77.81% test_f1=0.6817
Epoch 022 | train_loss=0.1806 | val_acc=100.00% val_f1=1.0000 | test_acc=78.93% test_f1=0.7016
Epoch 023 | train_loss=0.1810 | val_acc=99.43% val_f1=0.9943 | test_acc=78.37% test_f1=0.6794
Epoch 024 | train_loss=0.1731 | val_acc=100.00% val_f1=1.0000 | test_acc=75.28% test_f1=0.6423
Early stopping at epoch 24 (best=8, score=1.000000)
================================================================================
Best epoch: 8
Best score (val_macro_f1): 1.000000
Final test accuracy: 87.64%
Saved to: /home/huang_kai/wind_turbine_phm/PHOENIX-main/autoencoder_benchmark/ablation_experiments/h1/results/ablation1_sweep_strict_valf1_20260522/trials/trial_0020_A/ablation1_student_only_tcn_attn_weld_seam_windows_ws5_tf75_pg0_h1_ep80_lr0.00025_bs96_seed155
================================================================================
Ablation-1 | Student-only (13D) future-step prediction with TCN+Attention
================================================================================
Dataset: /home/huang_kai/wind_turbine_phm/PHOENIX-main/autoencoder_benchmark/Data/processed_data/weld_seam_windows_ws5_tf75_pg0_h1.npz
Device: cuda
Train/Val/Test: 990 / 175 / 356
Drop features: [3, 4, 5, 6, 7]
Epoch 001 | train_loss=1.0848 | val_acc=39.43% val_f1=0.3538 | test_acc=29.21% test_f1=0.2888
Epoch 002 | train_loss=0.8154 | val_acc=60.57% val_f1=0.6336 | test_acc=51.12% test_f1=0.5452
Epoch 003 | train_loss=0.6055 | val_acc=83.43% val_f1=0.8423 | test_acc=74.16% test_f1=0.7408
Epoch 004 | train_loss=0.4157 | val_acc=94.29% val_f1=0.9376 | test_acc=89.33% test_f1=0.8684
Epoch 005 | train_loss=0.3054 | val_acc=97.71% val_f1=0.9722 | test_acc=90.73% test_f1=0.8779
Epoch 006 | train_loss=0.2161 | val_acc=98.29% val_f1=0.9778 | test_acc=87.92% test_f1=0.8414
Epoch 007 | train_loss=0.1580 | val_acc=98.29% val_f1=0.9778 | test_acc=84.27% test_f1=0.7934
Epoch 008 | train_loss=0.1154 | val_acc=98.86% val_f1=0.9837 | test_acc=83.71% test_f1=0.7842
Epoch 009 | train_loss=0.0903 | val_acc=98.86% val_f1=0.9837 | test_acc=81.46% test_f1=0.7520
Epoch 010 | train_loss=0.0631 | val_acc=98.86% val_f1=0.9837 | test_acc=82.87% test_f1=0.7643
Epoch 011 | train_loss=0.0461 | val_acc=100.00% val_f1=1.0000 | test_acc=81.18% test_f1=0.7471
Epoch 012 | train_loss=0.0410 | val_acc=100.00% val_f1=1.0000 | test_acc=78.65% test_f1=0.7155
Epoch 013 | train_loss=0.0391 | val_acc=100.00% val_f1=1.0000 | test_acc=81.46% test_f1=0.7588
Epoch 014 | train_loss=0.0269 | val_acc=100.00% val_f1=1.0000 | test_acc=80.34% test_f1=0.7449
Epoch 015 | train_loss=0.0205 | val_acc=100.00% val_f1=1.0000 | test_acc=79.78% test_f1=0.7402
Epoch 016 | train_loss=0.0269 | val_acc=100.00% val_f1=1.0000 | test_acc=78.37% test_f1=0.7134
Epoch 017 | train_loss=0.0267 | val_acc=100.00% val_f1=1.0000 | test_acc=80.06% test_f1=0.7354
Epoch 018 | train_loss=0.0145 | val_acc=100.00% val_f1=1.0000 | test_acc=79.78% test_f1=0.7306
Epoch 019 | train_loss=0.0201 | val_acc=100.00% val_f1=1.0000 | test_acc=80.34% test_f1=0.7449
Epoch 020 | train_loss=0.0140 | val_acc=100.00% val_f1=1.0000 | test_acc=76.69% test_f1=0.6819
Epoch 021 | train_loss=0.0131 | val_acc=100.00% val_f1=1.0000 | test_acc=74.44% test_f1=0.6505
Epoch 022 | train_loss=0.0134 | val_acc=100.00% val_f1=1.0000 | test_acc=71.63% test_f1=0.6052
Epoch 023 | train_loss=0.0129 | val_acc=100.00% val_f1=1.0000 | test_acc=76.12% test_f1=0.6888
Epoch 024 | train_loss=0.0100 | val_acc=100.00% val_f1=1.0000 | test_acc=75.84% test_f1=0.6829
Epoch 025 | train_loss=0.0080 | val_acc=100.00% val_f1=1.0000 | test_acc=74.16% test_f1=0.6527
Epoch 026 | train_loss=0.0077 | val_acc=100.00% val_f1=1.0000 | test_acc=75.56% test_f1=0.6768
Epoch 027 | train_loss=0.0128 | val_acc=100.00% val_f1=1.0000 | test_acc=75.28% test_f1=0.6738
Early stopping at epoch 27 (best=11, score=1.000000)
================================================================================
Best epoch: 11
Best score (val_macro_f1): 1.000000
Final test accuracy: 81.18%
Saved to: /home/huang_kai/wind_turbine_phm/PHOENIX-main/autoencoder_benchmark/ablation_experiments/h1/results/ablation1_sweep_strict_valf1_20260522/trials/trial_0021_A/ablation1_student_only_tcn_attn_weld_seam_windows_ws5_tf75_pg0_h1_ep80_lr0.00015_bs128_seed127
================================================================================
Ablation-1 | Student-only (13D) future-step prediction with TCN+Attention
================================================================================
Dataset: /home/huang_kai/wind_turbine_phm/PHOENIX-main/autoencoder_benchmark/Data/processed_data/weld_seam_windows_ws5_tf75_pg0_h1.npz
Device: cuda
Train/Val/Test: 990 / 175 / 356
Drop features: [3, 4, 5, 6, 7]
Epoch 001 | train_loss=0.9976 | val_acc=71.43% val_f1=0.6957 | test_acc=73.60% test_f1=0.7190
Epoch 002 | train_loss=0.7053 | val_acc=79.43% val_f1=0.8147 | test_acc=68.26% test_f1=0.6830
Epoch 003 | train_loss=0.4509 | val_acc=91.43% val_f1=0.9147 | test_acc=83.15% test_f1=0.7991
Epoch 004 | train_loss=0.2951 | val_acc=94.29% val_f1=0.9396 | test_acc=88.76% test_f1=0.8411
Epoch 005 | train_loss=0.1897 | val_acc=97.14% val_f1=0.9669 | test_acc=89.33% test_f1=0.8371
Epoch 006 | train_loss=0.1171 | val_acc=98.86% val_f1=0.9862 | test_acc=87.92% test_f1=0.8164
Epoch 007 | train_loss=0.0827 | val_acc=99.43% val_f1=0.9943 | test_acc=90.45% test_f1=0.8617
Epoch 008 | train_loss=0.0557 | val_acc=99.43% val_f1=0.9943 | test_acc=89.61% test_f1=0.8512
Epoch 009 | train_loss=0.0496 | val_acc=99.43% val_f1=0.9943 | test_acc=87.36% test_f1=0.8015
Epoch 010 | train_loss=0.0362 | val_acc=99.43% val_f1=0.9943 | test_acc=88.20% test_f1=0.8130
Epoch 011 | train_loss=0.0315 | val_acc=100.00% val_f1=1.0000 | test_acc=86.24% test_f1=0.7876
Epoch 012 | train_loss=0.0260 | val_acc=100.00% val_f1=1.0000 | test_acc=88.20% test_f1=0.8214
Epoch 013 | train_loss=0.0197 | val_acc=100.00% val_f1=1.0000 | test_acc=85.67% test_f1=0.7887
Epoch 014 | train_loss=0.0247 | val_acc=100.00% val_f1=1.0000 | test_acc=73.88% test_f1=0.6050
Epoch 015 | train_loss=0.0120 | val_acc=100.00% val_f1=1.0000 | test_acc=78.09% test_f1=0.6520
Epoch 016 | train_loss=0.0142 | val_acc=100.00% val_f1=1.0000 | test_acc=79.78% test_f1=0.6981
Epoch 017 | train_loss=0.0121 | val_acc=100.00% val_f1=1.0000 | test_acc=77.81% test_f1=0.6884
Epoch 018 | train_loss=0.0086 | val_acc=100.00% val_f1=1.0000 | test_acc=79.21% test_f1=0.7208
Epoch 019 | train_loss=0.0084 | val_acc=100.00% val_f1=1.0000 | test_acc=82.02% test_f1=0.7591
Epoch 020 | train_loss=0.0082 | val_acc=100.00% val_f1=1.0000 | test_acc=79.78% test_f1=0.7316
Epoch 021 | train_loss=0.0137 | val_acc=100.00% val_f1=1.0000 | test_acc=78.37% test_f1=0.7014
Epoch 022 | train_loss=0.0082 | val_acc=100.00% val_f1=1.0000 | test_acc=76.69% test_f1=0.6597
Epoch 023 | train_loss=0.0139 | val_acc=100.00% val_f1=1.0000 | test_acc=77.53% test_f1=0.6784
Epoch 024 | train_loss=0.0058 | val_acc=100.00% val_f1=1.0000 | test_acc=77.81% test_f1=0.6924
Epoch 025 | train_loss=0.0054 | val_acc=100.00% val_f1=1.0000 | test_acc=79.21% test_f1=0.7177
Epoch 026 | train_loss=0.0074 | val_acc=100.00% val_f1=1.0000 | test_acc=77.25% test_f1=0.6871
Epoch 027 | train_loss=0.0078 | val_acc=100.00% val_f1=1.0000 | test_acc=79.49% test_f1=0.7227
Early stopping at epoch 27 (best=11, score=1.000000)
================================================================================
Best epoch: 11
Best score (val_macro_f1): 1.000000
Final test accuracy: 86.24%
Saved to: /home/huang_kai/wind_turbine_phm/PHOENIX-main/autoencoder_benchmark/ablation_experiments/h1/results/ablation1_sweep_strict_valf1_20260522/trials/trial_0022_A/ablation1_student_only_tcn_attn_weld_seam_windows_ws5_tf75_pg0_h1_ep80_lr0.0002_bs128_seed122
================================================================================
Ablation-1 | Student-only (13D) future-step prediction with TCN+Attention
================================================================================
Dataset: /home/huang_kai/wind_turbine_phm/PHOENIX-main/autoencoder_benchmark/Data/processed_data/weld_seam_windows_ws5_tf75_pg0_h1.npz
Device: cuda
Train/Val/Test: 990 / 175 / 356
Drop features: [3, 4, 5, 6, 7]
Epoch 001 | train_loss=0.9582 | val_acc=84.00% val_f1=0.8172 | test_acc=63.76% test_f1=0.5783
Epoch 002 | train_loss=0.6281 | val_acc=92.57% val_f1=0.9098 | test_acc=88.76% test_f1=0.8673
Epoch 003 | train_loss=0.4229 | val_acc=97.14% val_f1=0.9710 | test_acc=80.34% test_f1=0.7412
Epoch 004 | train_loss=0.2910 | val_acc=99.43% val_f1=0.9941 | test_acc=82.30% test_f1=0.7500
Epoch 005 | train_loss=0.2303 | val_acc=98.86% val_f1=0.9882 | test_acc=83.99% test_f1=0.7828
Epoch 006 | train_loss=0.2459 | val_acc=98.86% val_f1=0.9882 | test_acc=79.78% test_f1=0.7098
Epoch 007 | train_loss=0.2077 | val_acc=100.00% val_f1=1.0000 | test_acc=77.25% test_f1=0.6543
Epoch 008 | train_loss=0.1972 | val_acc=100.00% val_f1=1.0000 | test_acc=79.49% test_f1=0.7078
Epoch 009 | train_loss=0.1933 | val_acc=100.00% val_f1=1.0000 | test_acc=79.21% test_f1=0.7023
Epoch 010 | train_loss=0.1852 | val_acc=100.00% val_f1=1.0000 | test_acc=78.09% test_f1=0.6924
Epoch 011 | train_loss=0.1818 | val_acc=100.00% val_f1=1.0000 | test_acc=80.34% test_f1=0.7291
Epoch 012 | train_loss=0.1848 | val_acc=100.00% val_f1=1.0000 | test_acc=71.63% test_f1=0.6068
Epoch 013 | train_loss=0.2018 | val_acc=100.00% val_f1=1.0000 | test_acc=71.91% test_f1=0.6089
Epoch 014 | train_loss=0.1818 | val_acc=100.00% val_f1=1.0000 | test_acc=83.15% test_f1=0.7895
Epoch 015 | train_loss=0.1747 | val_acc=100.00% val_f1=1.0000 | test_acc=73.60% test_f1=0.6440
Epoch 016 | train_loss=0.1742 | val_acc=100.00% val_f1=1.0000 | test_acc=78.09% test_f1=0.7026
Epoch 017 | train_loss=0.1804 | val_acc=100.00% val_f1=1.0000 | test_acc=75.84% test_f1=0.6729
Epoch 018 | train_loss=0.1716 | val_acc=100.00% val_f1=1.0000 | test_acc=72.47% test_f1=0.6217
Epoch 019 | train_loss=0.1800 | val_acc=100.00% val_f1=1.0000 | test_acc=73.88% test_f1=0.6489
Epoch 020 | train_loss=0.1764 | val_acc=100.00% val_f1=1.0000 | test_acc=75.56% test_f1=0.6718
Epoch 021 | train_loss=0.1720 | val_acc=100.00% val_f1=1.0000 | test_acc=74.16% test_f1=0.6433
Epoch 022 | train_loss=0.1772 | val_acc=100.00% val_f1=1.0000 | test_acc=77.25% test_f1=0.6779
Epoch 023 | train_loss=0.1750 | val_acc=100.00% val_f1=1.0000 | test_acc=78.09% test_f1=0.7057
Early stopping at epoch 23 (best=7, score=1.000000)
================================================================================
Best epoch: 7
Best score (val_macro_f1): 1.000000
Final test accuracy: 77.25%
Saved to: /home/huang_kai/wind_turbine_phm/PHOENIX-main/autoencoder_benchmark/ablation_experiments/h1/results/ablation1_sweep_strict_valf1_20260522/trials/trial_0023_A/ablation1_student_only_tcn_attn_weld_seam_windows_ws5_tf75_pg0_h1_ep80_lr0.0002_bs96_seed136
================================================================================
Ablation-1 | Student-only (13D) future-step prediction with TCN+Attention
================================================================================
Dataset: /home/huang_kai/wind_turbine_phm/PHOENIX-main/autoencoder_benchmark/Data/processed_data/weld_seam_windows_ws5_tf75_pg0_h1.npz
Device: cuda
Train/Val/Test: 990 / 175 / 356
Drop features: [3, 4, 5, 6, 7]
Epoch 001 | train_loss=0.9121 | val_acc=38.29% val_f1=0.3934 | test_acc=55.90% test_f1=0.6126
Epoch 002 | train_loss=0.5323 | val_acc=88.00% val_f1=0.8894 | test_acc=88.48% test_f1=0.8851
Epoch 003 | train_loss=0.2881 | val_acc=96.00% val_f1=0.9606 | test_acc=91.01% test_f1=0.8890
Epoch 004 | train_loss=0.1747 | val_acc=97.14% val_f1=0.9713 | test_acc=83.15% test_f1=0.7683
Epoch 005 | train_loss=0.1183 | val_acc=96.57% val_f1=0.9660 | test_acc=81.46% test_f1=0.7139
Epoch 006 | train_loss=0.0832 | val_acc=97.14% val_f1=0.9715 | test_acc=89.04% test_f1=0.8541
Epoch 007 | train_loss=0.0676 | val_acc=100.00% val_f1=1.0000 | test_acc=83.71% test_f1=0.7764
Epoch 008 | train_loss=0.0355 | val_acc=100.00% val_f1=1.0000 | test_acc=84.27% test_f1=0.7933
Epoch 009 | train_loss=0.0394 | val_acc=99.43% val_f1=0.9941 | test_acc=82.87% test_f1=0.7790
Epoch 010 | train_loss=0.0750 | val_acc=100.00% val_f1=1.0000 | test_acc=78.09% test_f1=0.6979
Epoch 011 | train_loss=0.0424 | val_acc=100.00% val_f1=1.0000 | test_acc=82.02% test_f1=0.7536
Epoch 012 | train_loss=0.0278 | val_acc=100.00% val_f1=1.0000 | test_acc=69.66% test_f1=0.5373
Epoch 013 | train_loss=0.0351 | val_acc=100.00% val_f1=1.0000 | test_acc=72.19% test_f1=0.5677
Epoch 014 | train_loss=0.0184 | val_acc=100.00% val_f1=1.0000 | test_acc=81.74% test_f1=0.7556
Epoch 015 | train_loss=0.0394 | val_acc=98.29% val_f1=0.9830 | test_acc=87.36% test_f1=0.8336
Epoch 016 | train_loss=0.0152 | val_acc=100.00% val_f1=1.0000 | test_acc=75.00% test_f1=0.6146
Epoch 017 | train_loss=0.0124 | val_acc=100.00% val_f1=1.0000 | test_acc=69.38% test_f1=0.5436
Epoch 018 | train_loss=0.0177 | val_acc=100.00% val_f1=1.0000 | test_acc=74.72% test_f1=0.6297
Epoch 019 | train_loss=0.0428 | val_acc=100.00% val_f1=1.0000 | test_acc=72.47% test_f1=0.5784
Epoch 020 | train_loss=0.0147 | val_acc=100.00% val_f1=1.0000 | test_acc=82.87% test_f1=0.7729
Epoch 021 | train_loss=0.0722 | val_acc=100.00% val_f1=1.0000 | test_acc=79.49% test_f1=0.7291
Epoch 022 | train_loss=0.0249 | val_acc=100.00% val_f1=1.0000 | test_acc=68.26% test_f1=0.5288
Epoch 023 | train_loss=0.0211 | val_acc=100.00% val_f1=1.0000 | test_acc=70.79% test_f1=0.5614
Early stopping at epoch 23 (best=7, score=1.000000)
================================================================================
Best epoch: 7
Best score (val_macro_f1): 1.000000
Final test accuracy: 83.71%
Saved to: /home/huang_kai/wind_turbine_phm/PHOENIX-main/autoencoder_benchmark/ablation_experiments/h1/results/ablation1_sweep_strict_valf1_20260522/trials/trial_0024_A/ablation1_student_only_tcn_attn_weld_seam_windows_ws5_tf75_pg0_h1_ep80_lr0.00025_bs96_seed114
================================================================================
Ablation-1 | Student-only (13D) future-step prediction with TCN+Attention
================================================================================
Dataset: /home/huang_kai/wind_turbine_phm/PHOENIX-main/autoencoder_benchmark/Data/processed_data/weld_seam_windows_ws5_tf75_pg0_h1.npz
Device: cuda
Train/Val/Test: 990 / 175 / 356
Drop features: [3, 4, 5, 6, 7]
Epoch 001 | train_loss=0.8477 | val_acc=86.86% val_f1=0.8685 | test_acc=89.61% test_f1=0.8685
Epoch 002 | train_loss=0.3644 | val_acc=97.14% val_f1=0.9713 | test_acc=81.74% test_f1=0.7453
Epoch 003 | train_loss=0.1702 | val_acc=99.43% val_f1=0.9941 | test_acc=87.92% test_f1=0.8463
Epoch 004 | train_loss=0.0995 | val_acc=100.00% val_f1=1.0000 | test_acc=83.99% test_f1=0.7889
Epoch 005 | train_loss=0.0582 | val_acc=100.00% val_f1=1.0000 | test_acc=75.84% test_f1=0.6697
Epoch 006 | train_loss=0.0477 | val_acc=100.00% val_f1=1.0000 | test_acc=80.62% test_f1=0.7438
Epoch 007 | train_loss=0.0542 | val_acc=100.00% val_f1=1.0000 | test_acc=79.78% test_f1=0.7311
Epoch 008 | train_loss=0.0434 | val_acc=100.00% val_f1=1.0000 | test_acc=76.12% test_f1=0.6856
Epoch 009 | train_loss=0.0222 | val_acc=100.00% val_f1=1.0000 | test_acc=77.25% test_f1=0.6922
Epoch 010 | train_loss=0.0356 | val_acc=100.00% val_f1=1.0000 | test_acc=78.37% test_f1=0.7091
Epoch 011 | train_loss=0.0147 | val_acc=100.00% val_f1=1.0000 | test_acc=81.18% test_f1=0.7606
Epoch 012 | train_loss=0.0119 | val_acc=100.00% val_f1=1.0000 | test_acc=74.16% test_f1=0.6507
Epoch 013 | train_loss=0.0413 | val_acc=100.00% val_f1=1.0000 | test_acc=75.28% test_f1=0.6716
Epoch 014 | train_loss=0.0423 | val_acc=100.00% val_f1=1.0000 | test_acc=75.56% test_f1=0.6745
Epoch 015 | train_loss=0.0476 | val_acc=99.43% val_f1=0.9919 | test_acc=75.84% test_f1=0.6807
Epoch 016 | train_loss=0.0204 | val_acc=100.00% val_f1=1.0000 | test_acc=74.72% test_f1=0.6584
Epoch 017 | train_loss=0.0069 | val_acc=100.00% val_f1=1.0000 | test_acc=79.21% test_f1=0.7299
Epoch 018 | train_loss=0.0088 | val_acc=100.00% val_f1=1.0000 | test_acc=73.88% test_f1=0.6430
Epoch 019 | train_loss=0.0057 | val_acc=100.00% val_f1=1.0000 | test_acc=75.28% test_f1=0.6669
Epoch 020 | train_loss=0.0043 | val_acc=100.00% val_f1=1.0000 | test_acc=80.34% test_f1=0.7359
Early stopping at epoch 20 (best=4, score=1.000000)
================================================================================
Best epoch: 4
Best score (val_macro_f1): 1.000000
Final test accuracy: 83.99%
Saved to: /home/huang_kai/wind_turbine_phm/PHOENIX-main/autoencoder_benchmark/ablation_experiments/h1/results/ablation1_sweep_strict_valf1_20260522/trials/trial_0025_A/ablation1_student_only_tcn_attn_weld_seam_windows_ws5_tf75_pg0_h1_ep80_lr0.0003_bs96_seed114
================================================================================
Ablation-1 | Student-only (13D) future-step prediction with TCN+Attention
================================================================================
Dataset: /home/huang_kai/wind_turbine_phm/PHOENIX-main/autoencoder_benchmark/Data/processed_data/weld_seam_windows_ws5_tf75_pg0_h1.npz
Device: cuda
Train/Val/Test: 990 / 175 / 356
Drop features: [3, 4, 5, 6, 7]
Epoch 001 | train_loss=0.8718 | val_acc=75.43% val_f1=0.7733 | test_acc=87.36% test_f1=0.8571
Epoch 002 | train_loss=0.3620 | val_acc=97.14% val_f1=0.9721 | test_acc=90.17% test_f1=0.8798
Epoch 003 | train_loss=0.2394 | val_acc=97.71% val_f1=0.9775 | test_acc=80.62% test_f1=0.7060
Epoch 004 | train_loss=0.2532 | val_acc=100.00% val_f1=1.0000 | test_acc=75.28% test_f1=0.6141
Epoch 005 | train_loss=0.2147 | val_acc=100.00% val_f1=1.0000 | test_acc=84.55% test_f1=0.7873
Epoch 006 | train_loss=0.1938 | val_acc=100.00% val_f1=1.0000 | test_acc=84.27% test_f1=0.7869
Epoch 007 | train_loss=0.1844 | val_acc=100.00% val_f1=1.0000 | test_acc=76.40% test_f1=0.6606
Epoch 008 | train_loss=0.1874 | val_acc=100.00% val_f1=1.0000 | test_acc=80.62% test_f1=0.7389
Epoch 009 | train_loss=0.1885 | val_acc=99.43% val_f1=0.9943 | test_acc=76.97% test_f1=0.7101
Epoch 010 | train_loss=0.1828 | val_acc=100.00% val_f1=1.0000 | test_acc=80.62% test_f1=0.7489
Epoch 011 | train_loss=0.1755 | val_acc=100.00% val_f1=1.0000 | test_acc=76.40% test_f1=0.6900
Epoch 012 | train_loss=0.1810 | val_acc=100.00% val_f1=1.0000 | test_acc=68.26% test_f1=0.5601
Epoch 013 | train_loss=0.1795 | val_acc=99.43% val_f1=0.9943 | test_acc=71.91% test_f1=0.6144
Epoch 014 | train_loss=0.1835 | val_acc=100.00% val_f1=1.0000 | test_acc=75.28% test_f1=0.7044
Epoch 015 | train_loss=0.1746 | val_acc=100.00% val_f1=1.0000 | test_acc=71.63% test_f1=0.5975
Epoch 016 | train_loss=0.1750 | val_acc=100.00% val_f1=1.0000 | test_acc=74.72% test_f1=0.6757
Epoch 017 | train_loss=0.1776 | val_acc=100.00% val_f1=1.0000 | test_acc=69.38% test_f1=0.6189
Epoch 018 | train_loss=0.1761 | val_acc=100.00% val_f1=1.0000 | test_acc=69.10% test_f1=0.5937
Epoch 019 | train_loss=0.1813 | val_acc=100.00% val_f1=1.0000 | test_acc=74.44% test_f1=0.6473
Epoch 020 | train_loss=0.1788 | val_acc=100.00% val_f1=1.0000 | test_acc=75.84% test_f1=0.6822
Early stopping at epoch 20 (best=4, score=1.000000)
================================================================================
Best epoch: 4
Best score (val_macro_f1): 1.000000
Final test accuracy: 75.28%
Saved to: /home/huang_kai/wind_turbine_phm/PHOENIX-main/autoencoder_benchmark/ablation_experiments/h1/results/ablation1_sweep_strict_valf1_20260522/trials/trial_0026_A/ablation1_student_only_tcn_attn_weld_seam_windows_ws5_tf75_pg0_h1_ep80_lr0.0004_bs64_seed121
================================================================================
Ablation-1 | Student-only (13D) future-step prediction with TCN+Attention
================================================================================
Dataset: /home/huang_kai/wind_turbine_phm/PHOENIX-main/autoencoder_benchmark/Data/processed_data/weld_seam_windows_ws5_tf75_pg0_h1.npz
Device: cuda
Train/Val/Test: 990 / 175 / 356
Drop features: [3, 4, 5, 6, 7]
Epoch 001 | train_loss=1.1702 | val_acc=55.43% val_f1=0.3129 | test_acc=53.65% test_f1=0.2421
Epoch 002 | train_loss=1.0232 | val_acc=80.57% val_f1=0.7167 | test_acc=67.70% test_f1=0.5157
Epoch 003 | train_loss=0.8986 | val_acc=90.86% val_f1=0.8901 | test_acc=80.90% test_f1=0.7486
Epoch 004 | train_loss=0.7676 | val_acc=90.29% val_f1=0.8921 | test_acc=86.80% test_f1=0.8300
Epoch 005 | train_loss=0.6574 | val_acc=90.86% val_f1=0.9002 | test_acc=88.48% test_f1=0.8575
Epoch 006 | train_loss=0.5710 | val_acc=90.86% val_f1=0.8972 | test_acc=88.76% test_f1=0.8637
Epoch 007 | train_loss=0.4774 | val_acc=92.57% val_f1=0.9156 | test_acc=88.48% test_f1=0.8618
Epoch 008 | train_loss=0.4342 | val_acc=96.00% val_f1=0.9613 | test_acc=86.52% test_f1=0.8331
Epoch 009 | train_loss=0.3714 | val_acc=96.57% val_f1=0.9667 | test_acc=85.11% test_f1=0.8120
Epoch 010 | train_loss=0.3575 | val_acc=96.57% val_f1=0.9667 | test_acc=83.99% test_f1=0.7937
Epoch 011 | train_loss=0.3225 | val_acc=96.57% val_f1=0.9667 | test_acc=85.39% test_f1=0.8136
Epoch 012 | train_loss=0.3001 | val_acc=98.29% val_f1=0.9830 | test_acc=83.43% test_f1=0.7871
Epoch 013 | train_loss=0.2857 | val_acc=98.86% val_f1=0.9886 | test_acc=82.87% test_f1=0.7792
Epoch 014 | train_loss=0.2880 | val_acc=99.43% val_f1=0.9943 | test_acc=81.46% test_f1=0.7599
Epoch 015 | train_loss=0.2616 | val_acc=99.43% val_f1=0.9943 | test_acc=82.30% test_f1=0.7734
Epoch 016 | train_loss=0.2689 | val_acc=99.43% val_f1=0.9943 | test_acc=78.65% test_f1=0.7140
Epoch 017 | train_loss=0.2428 | val_acc=99.43% val_f1=0.9943 | test_acc=78.93% test_f1=0.7189
Epoch 018 | train_loss=0.2546 | val_acc=99.43% val_f1=0.9943 | test_acc=80.62% test_f1=0.7462
Epoch 019 | train_loss=0.2335 | val_acc=100.00% val_f1=1.0000 | test_acc=78.93% test_f1=0.7218
Epoch 020 | train_loss=0.2390 | val_acc=100.00% val_f1=1.0000 | test_acc=76.97% test_f1=0.6903
Epoch 021 | train_loss=0.2365 | val_acc=100.00% val_f1=1.0000 | test_acc=76.97% test_f1=0.6903
Epoch 022 | train_loss=0.2258 | val_acc=100.00% val_f1=1.0000 | test_acc=78.37% test_f1=0.7121
Epoch 023 | train_loss=0.2305 | val_acc=100.00% val_f1=1.0000 | test_acc=79.78% test_f1=0.7348
Epoch 024 | train_loss=0.2295 | val_acc=100.00% val_f1=1.0000 | test_acc=78.93% test_f1=0.7204
Epoch 025 | train_loss=0.2226 | val_acc=100.00% val_f1=1.0000 | test_acc=78.37% test_f1=0.7105
Epoch 026 | train_loss=0.2220 | val_acc=100.00% val_f1=1.0000 | test_acc=78.09% test_f1=0.7087
Epoch 027 | train_loss=0.2213 | val_acc=100.00% val_f1=1.0000 | test_acc=78.65% test_f1=0.7197
Epoch 028 | train_loss=0.2234 | val_acc=100.00% val_f1=1.0000 | test_acc=79.78% test_f1=0.7361
Epoch 029 | train_loss=0.2197 | val_acc=100.00% val_f1=1.0000 | test_acc=80.34% test_f1=0.7479
Epoch 030 | train_loss=0.2241 | val_acc=100.00% val_f1=1.0000 | test_acc=82.02% test_f1=0.7726
Epoch 031 | train_loss=0.2144 | val_acc=100.00% val_f1=1.0000 | test_acc=79.78% test_f1=0.7387
Epoch 032 | train_loss=0.2156 | val_acc=100.00% val_f1=1.0000 | test_acc=78.65% test_f1=0.7184
Epoch 033 | train_loss=0.2158 | val_acc=100.00% val_f1=1.0000 | test_acc=77.81% test_f1=0.7052
Epoch 034 | train_loss=0.2157 | val_acc=100.00% val_f1=1.0000 | test_acc=77.53% test_f1=0.7002
Epoch 035 | train_loss=0.2095 | val_acc=100.00% val_f1=1.0000 | test_acc=79.49% test_f1=0.7341
Early stopping at epoch 35 (best=19, score=1.000000)
================================================================================
Best epoch: 19
Best score (val_macro_f1): 1.000000
Final test accuracy: 78.93%
Saved to: /home/huang_kai/wind_turbine_phm/PHOENIX-main/autoencoder_benchmark/ablation_experiments/h1/results/ablation1_sweep_strict_valf1_20260522/trials/trial_0027_A/ablation1_student_only_tcn_attn_weld_seam_windows_ws5_tf75_pg0_h1_ep80_lr0.0001_bs128_seed121
================================================================================
Ablation-1 | Student-only (13D) future-step prediction with TCN+Attention
================================================================================
Dataset: /home/huang_kai/wind_turbine_phm/PHOENIX-main/autoencoder_benchmark/Data/processed_data/weld_seam_windows_ws5_tf75_pg0_h1.npz
Device: cuda
Train/Val/Test: 990 / 175 / 356
Drop features: [3, 4, 5, 6, 7]
Epoch 001 | train_loss=0.9616 | val_acc=92.00% val_f1=0.9064 | test_acc=91.85% test_f1=0.8813
Epoch 002 | train_loss=0.5343 | val_acc=93.14% val_f1=0.9117 | test_acc=93.54% test_f1=0.9149
Epoch 003 | train_loss=0.3382 | val_acc=97.14% val_f1=0.9673 | test_acc=89.61% test_f1=0.8631
Epoch 004 | train_loss=0.2697 | val_acc=97.71% val_f1=0.9752 | test_acc=86.80% test_f1=0.8405
Epoch 005 | train_loss=0.2619 | val_acc=98.86% val_f1=0.9837 | test_acc=75.56% test_f1=0.6730
Epoch 006 | train_loss=0.2512 | val_acc=100.00% val_f1=1.0000 | test_acc=77.53% test_f1=0.7381
Epoch 007 | train_loss=0.2140 | val_acc=99.43% val_f1=0.9943 | test_acc=71.07% test_f1=0.6538
Epoch 008 | train_loss=0.2425 | val_acc=99.43% val_f1=0.9943 | test_acc=75.28% test_f1=0.7117
Epoch 009 | train_loss=0.2313 | val_acc=100.00% val_f1=1.0000 | test_acc=69.94% test_f1=0.6350
Epoch 010 | train_loss=0.2178 | val_acc=99.43% val_f1=0.9943 | test_acc=78.93% test_f1=0.7690
Epoch 011 | train_loss=0.2284 | val_acc=99.43% val_f1=0.9919 | test_acc=76.12% test_f1=0.7008
Epoch 012 | train_loss=0.2140 | val_acc=100.00% val_f1=1.0000 | test_acc=76.69% test_f1=0.7348
Epoch 013 | train_loss=0.2182 | val_acc=100.00% val_f1=1.0000 | test_acc=67.70% test_f1=0.6058
Epoch 014 | train_loss=0.2102 | val_acc=100.00% val_f1=1.0000 | test_acc=67.98% test_f1=0.6090
Epoch 015 | train_loss=0.2128 | val_acc=100.00% val_f1=1.0000 | test_acc=69.38% test_f1=0.6397
Epoch 016 | train_loss=0.2095 | val_acc=100.00% val_f1=1.0000 | test_acc=68.54% test_f1=0.6248
Epoch 017 | train_loss=0.2037 | val_acc=100.00% val_f1=1.0000 | test_acc=70.79% test_f1=0.6650
Epoch 018 | train_loss=0.2035 | val_acc=100.00% val_f1=1.0000 | test_acc=69.38% test_f1=0.6420
Epoch 019 | train_loss=0.2037 | val_acc=100.00% val_f1=1.0000 | test_acc=69.10% test_f1=0.6385
Epoch 020 | train_loss=0.2063 | val_acc=100.00% val_f1=1.0000 | test_acc=67.70% test_f1=0.6091
Epoch 021 | train_loss=0.2063 | val_acc=100.00% val_f1=1.0000 | test_acc=69.66% test_f1=0.6355
Epoch 022 | train_loss=0.2171 | val_acc=100.00% val_f1=1.0000 | test_acc=70.79% test_f1=0.6571
Early stopping at epoch 22 (best=6, score=1.000000)
================================================================================
Best epoch: 6
Best score (val_macro_f1): 1.000000
Final test accuracy: 77.53%
Saved to: /home/huang_kai/wind_turbine_phm/PHOENIX-main/autoencoder_benchmark/ablation_experiments/h1/results/ablation1_sweep_strict_valf1_20260522/trials/trial_0028_A/ablation1_student_only_tcn_attn_weld_seam_windows_ws5_tf75_pg0_h1_ep80_lr0.00025_bs64_seed119
================================================================================
Ablation-1 | Student-only (13D) future-step prediction with TCN+Attention
================================================================================
Dataset: /home/huang_kai/wind_turbine_phm/PHOENIX-main/autoencoder_benchmark/Data/processed_data/weld_seam_windows_ws5_tf75_pg0_h1.npz
Device: cuda
Train/Val/Test: 990 / 175 / 356
Drop features: [3, 4, 5, 6, 7]
Epoch 001 | train_loss=0.8611 | val_acc=90.86% val_f1=0.8700 | test_acc=86.80% test_f1=0.8400
Epoch 002 | train_loss=0.4385 | val_acc=95.43% val_f1=0.9395 | test_acc=85.11% test_f1=0.8164
Epoch 003 | train_loss=0.2483 | val_acc=98.29% val_f1=0.9779 | test_acc=83.71% test_f1=0.7980
Epoch 004 | train_loss=0.1240 | val_acc=97.71% val_f1=0.9727 | test_acc=84.83% test_f1=0.7990
Epoch 005 | train_loss=0.1042 | val_acc=99.43% val_f1=0.9919 | test_acc=75.84% test_f1=0.6630
Epoch 006 | train_loss=0.0650 | val_acc=99.43% val_f1=0.9919 | test_acc=77.25% test_f1=0.7061
Epoch 007 | train_loss=0.0473 | val_acc=100.00% val_f1=1.0000 | test_acc=80.62% test_f1=0.7564
Epoch 008 | train_loss=0.0294 | val_acc=100.00% val_f1=1.0000 | test_acc=77.25% test_f1=0.6937
Epoch 009 | train_loss=0.0431 | val_acc=98.86% val_f1=0.9886 | test_acc=86.24% test_f1=0.8286
Epoch 010 | train_loss=0.0402 | val_acc=100.00% val_f1=1.0000 | test_acc=85.39% test_f1=0.8237
Epoch 011 | train_loss=0.0289 | val_acc=100.00% val_f1=1.0000 | test_acc=76.12% test_f1=0.6904
Epoch 012 | train_loss=0.0632 | val_acc=100.00% val_f1=1.0000 | test_acc=79.21% test_f1=0.7360
Epoch 013 | train_loss=0.0359 | val_acc=100.00% val_f1=1.0000 | test_acc=68.26% test_f1=0.5577
Epoch 014 | train_loss=0.0127 | val_acc=100.00% val_f1=1.0000 | test_acc=77.81% test_f1=0.6946
Epoch 015 | train_loss=0.0103 | val_acc=100.00% val_f1=1.0000 | test_acc=74.44% test_f1=0.6608
Epoch 016 | train_loss=0.0377 | val_acc=100.00% val_f1=1.0000 | test_acc=72.75% test_f1=0.6397
Epoch 017 | train_loss=0.0474 | val_acc=100.00% val_f1=1.0000 | test_acc=76.69% test_f1=0.7009
Epoch 018 | train_loss=0.0421 | val_acc=100.00% val_f1=1.0000 | test_acc=73.60% test_f1=0.6531
Epoch 019 | train_loss=0.0287 | val_acc=100.00% val_f1=1.0000 | test_acc=78.65% test_f1=0.7236
Epoch 020 | train_loss=0.0268 | val_acc=99.43% val_f1=0.9919 | test_acc=71.07% test_f1=0.5979
Epoch 021 | train_loss=0.0133 | val_acc=100.00% val_f1=1.0000 | test_acc=68.82% test_f1=0.5662
Epoch 022 | train_loss=0.0084 | val_acc=100.00% val_f1=1.0000 | test_acc=77.25% test_f1=0.7096
Epoch 023 | train_loss=0.0084 | val_acc=100.00% val_f1=1.0000 | test_acc=77.53% test_f1=0.7137
Early stopping at epoch 23 (best=7, score=1.000000)
================================================================================
Best epoch: 7
Best score (val_macro_f1): 1.000000
Final test accuracy: 80.62%
Saved to: /home/huang_kai/wind_turbine_phm/PHOENIX-main/autoencoder_benchmark/ablation_experiments/h1/results/ablation1_sweep_strict_valf1_20260522/trials/trial_0029_A/ablation1_student_only_tcn_attn_weld_seam_windows_ws5_tf75_pg0_h1_ep80_lr0.00025_bs64_seed101
================================================================================
Ablation-1 | Student-only (13D) future-step prediction with TCN+Attention
================================================================================
Dataset: /home/huang_kai/wind_turbine_phm/PHOENIX-main/autoencoder_benchmark/Data/processed_data/weld_seam_windows_ws5_tf75_pg0_h1.npz
Device: cuda
Train/Val/Test: 990 / 175 / 356
Drop features: [3, 4, 5, 6, 7]
Epoch 001 | train_loss=1.1169 | val_acc=61.14% val_f1=0.5973 | test_acc=50.00% test_f1=0.5040
Epoch 002 | train_loss=0.8232 | val_acc=87.43% val_f1=0.8529 | test_acc=89.33% test_f1=0.8712
Epoch 003 | train_loss=0.6324 | val_acc=96.00% val_f1=0.9480 | test_acc=89.33% test_f1=0.8706
Epoch 004 | train_loss=0.5117 | val_acc=97.71% val_f1=0.9699 | test_acc=87.08% test_f1=0.8390
Epoch 005 | train_loss=0.4036 | val_acc=98.86% val_f1=0.9861 | test_acc=86.24% test_f1=0.8246
Epoch 006 | train_loss=0.3466 | val_acc=98.86% val_f1=0.9861 | test_acc=85.67% test_f1=0.8148
Epoch 007 | train_loss=0.3182 | val_acc=98.86% val_f1=0.9886 | test_acc=85.96% test_f1=0.8179
Epoch 008 | train_loss=0.2809 | val_acc=98.86% val_f1=0.9862 | test_acc=80.62% test_f1=0.7379
Epoch 009 | train_loss=0.2596 | val_acc=98.29% val_f1=0.9807 | test_acc=83.71% test_f1=0.7828
Epoch 010 | train_loss=0.2454 | val_acc=98.86% val_f1=0.9886 | test_acc=84.83% test_f1=0.8036
Epoch 011 | train_loss=0.2491 | val_acc=98.86% val_f1=0.9862 | test_acc=78.65% test_f1=0.7169
Epoch 012 | train_loss=0.2332 | val_acc=98.86% val_f1=0.9862 | test_acc=78.09% test_f1=0.7132
Epoch 013 | train_loss=0.2307 | val_acc=99.43% val_f1=0.9943 | test_acc=82.30% test_f1=0.7743
Epoch 014 | train_loss=0.2277 | val_acc=100.00% val_f1=1.0000 | test_acc=78.93% test_f1=0.7269
Epoch 015 | train_loss=0.2330 | val_acc=99.43% val_f1=0.9919 | test_acc=76.69% test_f1=0.6929
Epoch 016 | train_loss=0.2285 | val_acc=99.43% val_f1=0.9919 | test_acc=77.81% test_f1=0.7112
Epoch 017 | train_loss=0.2208 | val_acc=99.43% val_f1=0.9919 | test_acc=76.97% test_f1=0.6997
Epoch 018 | train_loss=0.2196 | val_acc=99.43% val_f1=0.9919 | test_acc=77.25% test_f1=0.7055
Epoch 019 | train_loss=0.2187 | val_acc=100.00% val_f1=1.0000 | test_acc=77.81% test_f1=0.7130
Epoch 020 | train_loss=0.2181 | val_acc=100.00% val_f1=1.0000 | test_acc=78.65% test_f1=0.7263
Epoch 021 | train_loss=0.2193 | val_acc=100.00% val_f1=1.0000 | test_acc=80.62% test_f1=0.7557
Epoch 022 | train_loss=0.2226 | val_acc=100.00% val_f1=1.0000 | test_acc=76.97% test_f1=0.6984
Epoch 023 | train_loss=0.2168 | val_acc=99.43% val_f1=0.9919 | test_acc=75.56% test_f1=0.6743
Epoch 024 | train_loss=0.2170 | val_acc=99.43% val_f1=0.9919 | test_acc=73.88% test_f1=0.6497
Epoch 025 | train_loss=0.2191 | val_acc=100.00% val_f1=1.0000 | test_acc=76.69% test_f1=0.6947
Epoch 026 | train_loss=0.2209 | val_acc=100.00% val_f1=1.0000 | test_acc=78.37% test_f1=0.7204
Epoch 027 | train_loss=0.2156 | val_acc=100.00% val_f1=1.0000 | test_acc=77.25% test_f1=0.7061
Epoch 028 | train_loss=0.2158 | val_acc=100.00% val_f1=1.0000 | test_acc=75.56% test_f1=0.6816
Epoch 029 | train_loss=0.2135 | val_acc=100.00% val_f1=1.0000 | test_acc=73.31% test_f1=0.6445
Epoch 030 | train_loss=0.2169 | val_acc=100.00% val_f1=1.0000 | test_acc=74.16% test_f1=0.6595
Early stopping at epoch 30 (best=14, score=1.000000)
================================================================================
Best epoch: 14
Best score (val_macro_f1): 1.000000
Final test accuracy: 78.93%
Saved to: /home/huang_kai/wind_turbine_phm/PHOENIX-main/autoencoder_benchmark/ablation_experiments/h1/results/ablation1_sweep_strict_valf1_20260522/trials/trial_0030_A/ablation1_student_only_tcn_attn_weld_seam_windows_ws5_tf75_pg0_h1_ep80_lr0.0002_bs128_seed116
================================================================================
Ablation-1 | Student-only (13D) future-step prediction with TCN+Attention
================================================================================
Dataset: /home/huang_kai/wind_turbine_phm/PHOENIX-main/autoencoder_benchmark/Data/processed_data/weld_seam_windows_ws5_tf75_pg0_h1.npz
Device: cuda
Train/Val/Test: 990 / 175 / 356
Drop features: [3, 4, 5, 6, 7]
Epoch 001 | train_loss=1.0512 | val_acc=78.86% val_f1=0.6987 | test_acc=91.29% test_f1=0.9009
Epoch 002 | train_loss=0.8894 | val_acc=94.86% val_f1=0.9390 | test_acc=90.73% test_f1=0.8890
Epoch 003 | train_loss=0.7203 | val_acc=97.14% val_f1=0.9619 | test_acc=91.85% test_f1=0.9032
Epoch 004 | train_loss=0.5780 | val_acc=98.29% val_f1=0.9782 | test_acc=94.66% test_f1=0.9361
Epoch 005 | train_loss=0.4606 | val_acc=98.29% val_f1=0.9782 | test_acc=93.26% test_f1=0.9146
Epoch 006 | train_loss=0.4050 | val_acc=98.86% val_f1=0.9837 | test_acc=90.17% test_f1=0.8672
Epoch 007 | train_loss=0.3491 | val_acc=98.86% val_f1=0.9837 | test_acc=87.36% test_f1=0.8271
Epoch 008 | train_loss=0.3182 | val_acc=98.86% val_f1=0.9837 | test_acc=83.99% test_f1=0.7801
Epoch 009 | train_loss=0.2988 | val_acc=99.43% val_f1=0.9919 | test_acc=83.71% test_f1=0.7725
Epoch 010 | train_loss=0.2703 | val_acc=98.86% val_f1=0.9886 | test_acc=83.71% test_f1=0.7728
Epoch 011 | train_loss=0.2609 | val_acc=99.43% val_f1=0.9943 | test_acc=83.99% test_f1=0.7812
Epoch 012 | train_loss=0.2652 | val_acc=100.00% val_f1=1.0000 | test_acc=82.58% test_f1=0.7630
Epoch 013 | train_loss=0.2425 | val_acc=100.00% val_f1=1.0000 | test_acc=82.87% test_f1=0.7769
Epoch 014 | train_loss=0.2431 | val_acc=100.00% val_f1=1.0000 | test_acc=82.87% test_f1=0.7728
Epoch 015 | train_loss=0.2445 | val_acc=99.43% val_f1=0.9943 | test_acc=81.18% test_f1=0.7500
Epoch 016 | train_loss=0.2320 | val_acc=100.00% val_f1=1.0000 | test_acc=78.09% test_f1=0.7040
Epoch 017 | train_loss=0.2560 | val_acc=100.00% val_f1=1.0000 | test_acc=76.69% test_f1=0.6958
Epoch 018 | train_loss=0.2380 | val_acc=100.00% val_f1=1.0000 | test_acc=82.02% test_f1=0.7729
Epoch 019 | train_loss=0.2474 | val_acc=100.00% val_f1=1.0000 | test_acc=70.79% test_f1=0.5959
Epoch 020 | train_loss=0.2388 | val_acc=100.00% val_f1=1.0000 | test_acc=76.12% test_f1=0.6810
Epoch 021 | train_loss=0.2286 | val_acc=100.00% val_f1=1.0000 | test_acc=77.25% test_f1=0.7181
Epoch 022 | train_loss=0.2288 | val_acc=100.00% val_f1=1.0000 | test_acc=78.09% test_f1=0.7284
Epoch 023 | train_loss=0.2250 | val_acc=100.00% val_f1=1.0000 | test_acc=74.16% test_f1=0.6527
Epoch 024 | train_loss=0.2297 | val_acc=100.00% val_f1=1.0000 | test_acc=81.18% test_f1=0.7622
Epoch 025 | train_loss=0.2254 | val_acc=100.00% val_f1=1.0000 | test_acc=78.93% test_f1=0.7300
Epoch 026 | train_loss=0.2198 | val_acc=100.00% val_f1=1.0000 | test_acc=78.93% test_f1=0.7296
Epoch 027 | train_loss=0.2299 | val_acc=100.00% val_f1=1.0000 | test_acc=80.06% test_f1=0.7462
Epoch 028 | train_loss=0.2263 | val_acc=100.00% val_f1=1.0000 | test_acc=76.69% test_f1=0.6965
Early stopping at epoch 28 (best=12, score=1.000000)
================================================================================
Best epoch: 12
Best score (val_macro_f1): 1.000000
Final test accuracy: 82.58%
Saved to: /home/huang_kai/wind_turbine_phm/PHOENIX-main/autoencoder_benchmark/ablation_experiments/h1/results/ablation1_sweep_strict_valf1_20260522/trials/trial_0031_A/ablation1_student_only_tcn_attn_weld_seam_windows_ws5_tf75_pg0_h1_ep80_lr0.0001_bs64_seed144
================================================================================
Ablation-1 | Student-only (13D) future-step prediction with TCN+Attention
================================================================================
Dataset: /home/huang_kai/wind_turbine_phm/PHOENIX-main/autoencoder_benchmark/Data/processed_data/weld_seam_windows_ws5_tf75_pg0_h1.npz
Device: cuda
Train/Val/Test: 990 / 175 / 356
Drop features: [3, 4, 5, 6, 7]
Epoch 001 | train_loss=1.0339 | val_acc=81.71% val_f1=0.7924 | test_acc=83.99% test_f1=0.8213
Epoch 002 | train_loss=0.7304 | val_acc=91.43% val_f1=0.9180 | test_acc=82.58% test_f1=0.7979
Epoch 003 | train_loss=0.5438 | val_acc=90.29% val_f1=0.9068 | test_acc=88.48% test_f1=0.8622
Epoch 004 | train_loss=0.3914 | val_acc=94.29% val_f1=0.9435 | test_acc=91.29% test_f1=0.8668
Epoch 005 | train_loss=0.3038 | val_acc=96.57% val_f1=0.9660 | test_acc=88.76% test_f1=0.8327
Epoch 006 | train_loss=0.2551 | val_acc=97.14% val_f1=0.9715 | test_acc=84.55% test_f1=0.7746
Epoch 007 | train_loss=0.2629 | val_acc=98.29% val_f1=0.9827 | test_acc=83.71% test_f1=0.7705
Epoch 008 | train_loss=0.2182 | val_acc=98.29% val_f1=0.9827 | test_acc=83.71% test_f1=0.7705
Epoch 009 | train_loss=0.2104 | val_acc=99.43% val_f1=0.9941 | test_acc=78.37% test_f1=0.6998
Epoch 010 | train_loss=0.1994 | val_acc=100.00% val_f1=1.0000 | test_acc=78.93% test_f1=0.7109
Epoch 011 | train_loss=0.1994 | val_acc=100.00% val_f1=1.0000 | test_acc=80.62% test_f1=0.7377
Epoch 012 | train_loss=0.1975 | val_acc=98.29% val_f1=0.9827 | test_acc=78.37% test_f1=0.6752
Epoch 013 | train_loss=0.2060 | val_acc=99.43% val_f1=0.9941 | test_acc=71.91% test_f1=0.5935
Epoch 014 | train_loss=0.1849 | val_acc=100.00% val_f1=1.0000 | test_acc=73.31% test_f1=0.6185
Epoch 015 | train_loss=0.1919 | val_acc=99.43% val_f1=0.9943 | test_acc=77.25% test_f1=0.6765
Epoch 016 | train_loss=0.1779 | val_acc=100.00% val_f1=1.0000 | test_acc=74.44% test_f1=0.6545
Epoch 017 | train_loss=0.1814 | val_acc=100.00% val_f1=1.0000 | test_acc=76.97% test_f1=0.6926
Epoch 018 | train_loss=0.1958 | val_acc=100.00% val_f1=1.0000 | test_acc=75.28% test_f1=0.6681
Epoch 019 | train_loss=0.1858 | val_acc=100.00% val_f1=1.0000 | test_acc=73.03% test_f1=0.6290
Epoch 020 | train_loss=0.2039 | val_acc=100.00% val_f1=1.0000 | test_acc=74.72% test_f1=0.6605
Epoch 021 | train_loss=0.1764 | val_acc=100.00% val_f1=1.0000 | test_acc=76.40% test_f1=0.6803
Epoch 022 | train_loss=0.1904 | val_acc=98.86% val_f1=0.9886 | test_acc=78.37% test_f1=0.7057
Epoch 023 | train_loss=0.1759 | val_acc=99.43% val_f1=0.9943 | test_acc=77.25% test_f1=0.6953
Epoch 024 | train_loss=0.1825 | val_acc=100.00% val_f1=1.0000 | test_acc=76.97% test_f1=0.6944
Epoch 025 | train_loss=0.2046 | val_acc=99.43% val_f1=0.9943 | test_acc=80.06% test_f1=0.7381
Epoch 026 | train_loss=0.1815 | val_acc=100.00% val_f1=1.0000 | test_acc=76.40% test_f1=0.6815
Early stopping at epoch 26 (best=10, score=1.000000)
================================================================================
Best epoch: 10
Best score (val_macro_f1): 1.000000
Final test accuracy: 78.93%
Saved to: /home/huang_kai/wind_turbine_phm/PHOENIX-main/autoencoder_benchmark/ablation_experiments/h1/results/ablation1_sweep_strict_valf1_20260522/trials/trial_0032_A/ablation1_student_only_tcn_attn_weld_seam_windows_ws5_tf75_pg0_h1_ep80_lr0.00015_bs96_seed125
================================================================================
Ablation-1 | Student-only (13D) future-step prediction with TCN+Attention
================================================================================
Dataset: /home/huang_kai/wind_turbine_phm/PHOENIX-main/autoencoder_benchmark/Data/processed_data/weld_seam_windows_ws5_tf75_pg0_h1.npz
Device: cuda
Train/Val/Test: 990 / 175 / 356
Drop features: [3, 4, 5, 6, 7]
Epoch 001 | train_loss=0.9318 | val_acc=86.29% val_f1=0.8514 | test_acc=92.70% test_f1=0.9108
Epoch 002 | train_loss=0.5291 | val_acc=97.71% val_f1=0.9743 | test_acc=81.46% test_f1=0.7586
Epoch 003 | train_loss=0.2682 | val_acc=97.71% val_f1=0.9743 | test_acc=80.62% test_f1=0.7463
Epoch 004 | train_loss=0.1526 | val_acc=98.29% val_f1=0.9801 | test_acc=81.18% test_f1=0.7537
Epoch 005 | train_loss=0.0901 | val_acc=100.00% val_f1=1.0000 | test_acc=86.24% test_f1=0.8235
Epoch 006 | train_loss=0.0492 | val_acc=99.43% val_f1=0.9919 | test_acc=83.71% test_f1=0.7762
Epoch 007 | train_loss=0.0332 | val_acc=99.43% val_f1=0.9919 | test_acc=79.49% test_f1=0.7067
Epoch 008 | train_loss=0.0273 | val_acc=100.00% val_f1=1.0000 | test_acc=84.55% test_f1=0.8004
Epoch 009 | train_loss=0.0182 | val_acc=100.00% val_f1=1.0000 | test_acc=83.71% test_f1=0.7912
Epoch 010 | train_loss=0.0095 | val_acc=100.00% val_f1=1.0000 | test_acc=80.90% test_f1=0.7546
Epoch 011 | train_loss=0.0104 | val_acc=100.00% val_f1=1.0000 | test_acc=81.74% test_f1=0.7679
Epoch 012 | train_loss=0.0073 | val_acc=100.00% val_f1=1.0000 | test_acc=81.18% test_f1=0.7616
Epoch 013 | train_loss=0.0076 | val_acc=100.00% val_f1=1.0000 | test_acc=79.78% test_f1=0.7420
Epoch 014 | train_loss=0.0189 | val_acc=100.00% val_f1=1.0000 | test_acc=80.06% test_f1=0.7463
Epoch 015 | train_loss=0.0047 | val_acc=100.00% val_f1=1.0000 | test_acc=77.25% test_f1=0.7041
Epoch 016 | train_loss=0.0063 | val_acc=100.00% val_f1=1.0000 | test_acc=76.69% test_f1=0.6952
Epoch 017 | train_loss=0.0052 | val_acc=100.00% val_f1=1.0000 | test_acc=79.49% test_f1=0.7382
Epoch 018 | train_loss=0.0037 | val_acc=100.00% val_f1=1.0000 | test_acc=80.34% test_f1=0.7502
Epoch 019 | train_loss=0.0039 | val_acc=100.00% val_f1=1.0000 | test_acc=80.06% test_f1=0.7462
Epoch 020 | train_loss=0.0460 | val_acc=100.00% val_f1=1.0000 | test_acc=78.37% test_f1=0.7218
Epoch 021 | train_loss=0.0254 | val_acc=100.00% val_f1=1.0000 | test_acc=80.62% test_f1=0.7541
Early stopping at epoch 21 (best=5, score=1.000000)
================================================================================
Best epoch: 5
Best score (val_macro_f1): 1.000000
Final test accuracy: 86.24%
Saved to: /home/huang_kai/wind_turbine_phm/PHOENIX-main/autoencoder_benchmark/ablation_experiments/h1/results/ablation1_sweep_strict_valf1_20260522/trials/trial_0033_A/ablation1_student_only_tcn_attn_weld_seam_windows_ws5_tf75_pg0_h1_ep80_lr0.0003_bs128_seed142
================================================================================
Ablation-1 | Student-only (13D) future-step prediction with TCN+Attention
================================================================================
Dataset: /home/huang_kai/wind_turbine_phm/PHOENIX-main/autoencoder_benchmark/Data/processed_data/weld_seam_windows_ws5_tf75_pg0_h1.npz
Device: cuda
Train/Val/Test: 990 / 175 / 356
Drop features: [3, 4, 5, 6, 7]
Epoch 001 | train_loss=1.0111 | val_acc=92.00% val_f1=0.9168 | test_acc=76.69% test_f1=0.7010
Epoch 002 | train_loss=0.5949 | val_acc=97.71% val_f1=0.9720 | test_acc=83.71% test_f1=0.7779
Epoch 003 | train_loss=0.3364 | val_acc=99.43% val_f1=0.9919 | test_acc=92.98% test_f1=0.9140
Epoch 004 | train_loss=0.1843 | val_acc=99.43% val_f1=0.9919 | test_acc=88.48% test_f1=0.8465
Epoch 005 | train_loss=0.1096 | val_acc=100.00% val_f1=1.0000 | test_acc=87.36% test_f1=0.8298
Epoch 006 | train_loss=0.0672 | val_acc=99.43% val_f1=0.9919 | test_acc=80.90% test_f1=0.7354
Epoch 007 | train_loss=0.0999 | val_acc=99.43% val_f1=0.9919 | test_acc=83.43% test_f1=0.7819
Epoch 008 | train_loss=0.0468 | val_acc=99.43% val_f1=0.9919 | test_acc=83.71% test_f1=0.7832
Epoch 009 | train_loss=0.0398 | val_acc=100.00% val_f1=1.0000 | test_acc=84.55% test_f1=0.7978
Epoch 010 | train_loss=0.0466 | val_acc=100.00% val_f1=1.0000 | test_acc=76.40% test_f1=0.6550
Epoch 011 | train_loss=0.0296 | val_acc=100.00% val_f1=1.0000 | test_acc=81.74% test_f1=0.7517
Epoch 012 | train_loss=0.0712 | val_acc=100.00% val_f1=1.0000 | test_acc=79.78% test_f1=0.7284
Epoch 013 | train_loss=0.0424 | val_acc=100.00% val_f1=1.0000 | test_acc=87.08% test_f1=0.8355
Epoch 014 | train_loss=0.0143 | val_acc=99.43% val_f1=0.9919 | test_acc=79.21% test_f1=0.7123
Epoch 015 | train_loss=0.0335 | val_acc=99.43% val_f1=0.9919 | test_acc=73.31% test_f1=0.5962
Epoch 016 | train_loss=0.0170 | val_acc=100.00% val_f1=1.0000 | test_acc=77.81% test_f1=0.7086
Epoch 017 | train_loss=0.0109 | val_acc=100.00% val_f1=1.0000 | test_acc=75.84% test_f1=0.6765
Epoch 018 | train_loss=0.0151 | val_acc=100.00% val_f1=1.0000 | test_acc=77.25% test_f1=0.6935
Epoch 019 | train_loss=0.0161 | val_acc=99.43% val_f1=0.9919 | test_acc=80.90% test_f1=0.7441
Epoch 020 | train_loss=0.0202 | val_acc=99.43% val_f1=0.9919 | test_acc=76.40% test_f1=0.6815
Epoch 021 | train_loss=0.0173 | val_acc=99.43% val_f1=0.9919 | test_acc=86.24% test_f1=0.8265
Early stopping at epoch 21 (best=5, score=1.000000)
================================================================================
Best epoch: 5
Best score (val_macro_f1): 1.000000
Final test accuracy: 87.36%
Saved to: /home/huang_kai/wind_turbine_phm/PHOENIX-main/autoencoder_benchmark/ablation_experiments/h1/results/ablation1_sweep_strict_valf1_20260522/trials/trial_0034_A/ablation1_student_only_tcn_attn_weld_seam_windows_ws5_tf75_pg0_h1_ep80_lr0.0003_bs96_seed157
================================================================================
Ablation-1 | Student-only (13D) future-step prediction with TCN+Attention
================================================================================
Dataset: /home/huang_kai/wind_turbine_phm/PHOENIX-main/autoencoder_benchmark/Data/processed_data/weld_seam_windows_ws5_tf75_pg0_h1.npz
Device: cuda
Train/Val/Test: 990 / 175 / 356
Drop features: [3, 4, 5, 6, 7]
Epoch 001 | train_loss=0.8968 | val_acc=90.86% val_f1=0.8799 | test_acc=79.78% test_f1=0.6965
Epoch 002 | train_loss=0.5160 | val_acc=97.14% val_f1=0.9681 | test_acc=82.30% test_f1=0.7600
Epoch 003 | train_loss=0.3289 | val_acc=98.86% val_f1=0.9883 | test_acc=83.15% test_f1=0.7835
Epoch 004 | train_loss=0.2503 | val_acc=100.00% val_f1=1.0000 | test_acc=84.83% test_f1=0.7990
Epoch 005 | train_loss=0.2307 | val_acc=100.00% val_f1=1.0000 | test_acc=80.90% test_f1=0.7245
Epoch 006 | train_loss=0.2221 | val_acc=100.00% val_f1=1.0000 | test_acc=76.40% test_f1=0.6507
Epoch 007 | train_loss=0.2127 | val_acc=100.00% val_f1=1.0000 | test_acc=78.09% test_f1=0.6909
Epoch 008 | train_loss=0.2145 | val_acc=100.00% val_f1=1.0000 | test_acc=76.12% test_f1=0.6825
Epoch 009 | train_loss=0.2081 | val_acc=100.00% val_f1=1.0000 | test_acc=75.56% test_f1=0.6663
Epoch 010 | train_loss=0.2061 | val_acc=100.00% val_f1=1.0000 | test_acc=75.28% test_f1=0.6477
Epoch 011 | train_loss=0.2052 | val_acc=100.00% val_f1=1.0000 | test_acc=76.97% test_f1=0.6870
Epoch 012 | train_loss=0.2055 | val_acc=100.00% val_f1=1.0000 | test_acc=76.40% test_f1=0.6841
Epoch 013 | train_loss=0.2050 | val_acc=100.00% val_f1=1.0000 | test_acc=77.81% test_f1=0.7047
Epoch 014 | train_loss=0.2054 | val_acc=100.00% val_f1=1.0000 | test_acc=72.19% test_f1=0.5960
Epoch 015 | train_loss=0.2046 | val_acc=100.00% val_f1=1.0000 | test_acc=73.03% test_f1=0.5965
Epoch 016 | train_loss=0.2020 | val_acc=100.00% val_f1=1.0000 | test_acc=76.12% test_f1=0.6533
Epoch 017 | train_loss=0.2024 | val_acc=100.00% val_f1=1.0000 | test_acc=76.12% test_f1=0.6733
Epoch 018 | train_loss=0.2014 | val_acc=100.00% val_f1=1.0000 | test_acc=74.72% test_f1=0.6465
Epoch 019 | train_loss=0.2038 | val_acc=100.00% val_f1=1.0000 | test_acc=70.79% test_f1=0.5860
Epoch 020 | train_loss=0.2045 | val_acc=100.00% val_f1=1.0000 | test_acc=75.28% test_f1=0.6628
Early stopping at epoch 20 (best=4, score=1.000000)
================================================================================
Best epoch: 4
Best score (val_macro_f1): 1.000000
Final test accuracy: 84.83%
Saved to: /home/huang_kai/wind_turbine_phm/PHOENIX-main/autoencoder_benchmark/ablation_experiments/h1/results/ablation1_sweep_strict_valf1_20260522/trials/trial_0035_A/ablation1_student_only_tcn_attn_weld_seam_windows_ws5_tf75_pg0_h1_ep80_lr0.0004_bs128_seed137
================================================================================
Ablation-1 | Student-only (13D) future-step prediction with TCN+Attention
================================================================================
Dataset: /home/huang_kai/wind_turbine_phm/PHOENIX-main/autoencoder_benchmark/Data/processed_data/weld_seam_windows_ws5_tf75_pg0_h1.npz
Device: cuda
Train/Val/Test: 990 / 175 / 356
Drop features: [3, 4, 5, 6, 7]
Epoch 001 | train_loss=0.8949 | val_acc=57.71% val_f1=0.5789 | test_acc=47.47% test_f1=0.4985
Epoch 002 | train_loss=0.4481 | val_acc=85.14% val_f1=0.8607 | test_acc=77.81% test_f1=0.7790
Epoch 003 | train_loss=0.2135 | val_acc=96.57% val_f1=0.9667 | test_acc=88.20% test_f1=0.8420
Epoch 004 | train_loss=0.1118 | val_acc=99.43% val_f1=0.9943 | test_acc=82.02% test_f1=0.7565
Epoch 005 | train_loss=0.0603 | val_acc=99.43% val_f1=0.9943 | test_acc=80.90% test_f1=0.7400
Epoch 006 | train_loss=0.0336 | val_acc=99.43% val_f1=0.9943 | test_acc=81.46% test_f1=0.7469
Epoch 007 | train_loss=0.0210 | val_acc=100.00% val_f1=1.0000 | test_acc=80.62% test_f1=0.7337
Epoch 008 | train_loss=0.0155 | val_acc=100.00% val_f1=1.0000 | test_acc=80.90% test_f1=0.7386
Epoch 009 | train_loss=0.0188 | val_acc=100.00% val_f1=1.0000 | test_acc=81.74% test_f1=0.7531
Epoch 010 | train_loss=0.0079 | val_acc=98.29% val_f1=0.9807 | test_acc=81.74% test_f1=0.7531
Epoch 011 | train_loss=0.0108 | val_acc=97.71% val_f1=0.9727 | test_acc=78.09% test_f1=0.6909
Epoch 012 | train_loss=0.0108 | val_acc=100.00% val_f1=1.0000 | test_acc=77.81% test_f1=0.6855
Epoch 013 | train_loss=0.0053 | val_acc=100.00% val_f1=1.0000 | test_acc=78.65% test_f1=0.7024
Epoch 014 | train_loss=0.0077 | val_acc=100.00% val_f1=1.0000 | test_acc=80.62% test_f1=0.7366
Epoch 015 | train_loss=0.0088 | val_acc=100.00% val_f1=1.0000 | test_acc=81.74% test_f1=0.7570
Epoch 016 | train_loss=0.0045 | val_acc=100.00% val_f1=1.0000 | test_acc=79.78% test_f1=0.7276
Epoch 017 | train_loss=0.0034 | val_acc=100.00% val_f1=1.0000 | test_acc=79.49% test_f1=0.7274
Epoch 018 | train_loss=0.0072 | val_acc=100.00% val_f1=1.0000 | test_acc=80.34% test_f1=0.7411
Epoch 019 | train_loss=0.0077 | val_acc=100.00% val_f1=1.0000 | test_acc=80.34% test_f1=0.7402
Epoch 020 | train_loss=0.0177 | val_acc=100.00% val_f1=1.0000 | test_acc=75.56% test_f1=0.6567
Epoch 021 | train_loss=0.0048 | val_acc=100.00% val_f1=1.0000 | test_acc=78.65% test_f1=0.7057
Epoch 022 | train_loss=0.0062 | val_acc=100.00% val_f1=1.0000 | test_acc=83.15% test_f1=0.7858
Epoch 023 | train_loss=0.0041 | val_acc=100.00% val_f1=1.0000 | test_acc=82.30% test_f1=0.7767
Early stopping at epoch 23 (best=7, score=1.000000)
================================================================================
Best epoch: 7
Best score (val_macro_f1): 1.000000
Final test accuracy: 80.62%
Saved to: /home/huang_kai/wind_turbine_phm/PHOENIX-main/autoencoder_benchmark/ablation_experiments/h1/results/ablation1_sweep_strict_valf1_20260522/trials/trial_0036_A/ablation1_student_only_tcn_attn_weld_seam_windows_ws5_tf75_pg0_h1_ep80_lr0.0003_bs128_seed143
================================================================================
Ablation-1 | Student-only (13D) future-step prediction with TCN+Attention
================================================================================
Dataset: /home/huang_kai/wind_turbine_phm/PHOENIX-main/autoencoder_benchmark/Data/processed_data/weld_seam_windows_ws5_tf75_pg0_h1.npz
Device: cuda
Train/Val/Test: 990 / 175 / 356
Drop features: [3, 4, 5, 6, 7]
Epoch 001 | train_loss=0.6888 | val_acc=87.43% val_f1=0.8729 | test_acc=91.29% test_f1=0.8997
Epoch 002 | train_loss=0.2352 | val_acc=97.14% val_f1=0.9641 | test_acc=87.08% test_f1=0.8529
Epoch 003 | train_loss=0.1178 | val_acc=98.86% val_f1=0.9862 | test_acc=82.87% test_f1=0.7522
Epoch 004 | train_loss=0.0577 | val_acc=100.00% val_f1=1.0000 | test_acc=88.76% test_f1=0.8608
Epoch 005 | train_loss=0.0303 | val_acc=100.00% val_f1=1.0000 | test_acc=76.97% test_f1=0.6722
Epoch 006 | train_loss=0.0343 | val_acc=99.43% val_f1=0.9919 | test_acc=75.56% test_f1=0.6550
Epoch 007 | train_loss=0.0339 | val_acc=100.00% val_f1=1.0000 | test_acc=83.15% test_f1=0.7813
Epoch 008 | train_loss=0.0490 | val_acc=100.00% val_f1=1.0000 | test_acc=76.69% test_f1=0.6868
Epoch 009 | train_loss=0.0322 | val_acc=100.00% val_f1=1.0000 | test_acc=78.93% test_f1=0.7321
Epoch 010 | train_loss=0.0535 | val_acc=100.00% val_f1=1.0000 | test_acc=79.21% test_f1=0.6883
Epoch 011 | train_loss=0.0217 | val_acc=100.00% val_f1=1.0000 | test_acc=76.12% test_f1=0.6700
Epoch 012 | train_loss=0.0197 | val_acc=100.00% val_f1=1.0000 | test_acc=76.97% test_f1=0.7318
Epoch 013 | train_loss=0.0414 | val_acc=100.00% val_f1=1.0000 | test_acc=81.18% test_f1=0.7855
Epoch 014 | train_loss=0.0134 | val_acc=100.00% val_f1=1.0000 | test_acc=74.44% test_f1=0.6355
Epoch 015 | train_loss=0.0064 | val_acc=100.00% val_f1=1.0000 | test_acc=76.12% test_f1=0.6781
Epoch 016 | train_loss=0.0031 | val_acc=100.00% val_f1=1.0000 | test_acc=75.00% test_f1=0.6568
Epoch 017 | train_loss=0.0094 | val_acc=100.00% val_f1=1.0000 | test_acc=79.21% test_f1=0.7389
Epoch 018 | train_loss=0.0035 | val_acc=100.00% val_f1=1.0000 | test_acc=82.58% test_f1=0.7851
Epoch 019 | train_loss=0.0037 | val_acc=100.00% val_f1=1.0000 | test_acc=81.18% test_f1=0.7440
Epoch 020 | train_loss=0.0055 | val_acc=100.00% val_f1=1.0000 | test_acc=80.90% test_f1=0.7586
Early stopping at epoch 20 (best=4, score=1.000000)
================================================================================
Best epoch: 4
Best score (val_macro_f1): 1.000000
Final test accuracy: 88.76%
Saved to: /home/huang_kai/wind_turbine_phm/PHOENIX-main/autoencoder_benchmark/ablation_experiments/h1/results/ablation1_sweep_strict_valf1_20260522/trials/trial_0037_A/ablation1_student_only_tcn_attn_weld_seam_windows_ws5_tf75_pg0_h1_ep80_lr0.0003_bs64_seed128
================================================================================
Ablation-1 | Student-only (13D) future-step prediction with TCN+Attention
================================================================================
Dataset: /home/huang_kai/wind_turbine_phm/PHOENIX-main/autoencoder_benchmark/Data/processed_data/weld_seam_windows_ws5_tf75_pg0_h1.npz
Device: cuda
Train/Val/Test: 990 / 175 / 356
Drop features: [3, 4, 5, 6, 7]
Epoch 001 | train_loss=1.0196 | val_acc=57.14% val_f1=0.6033 | test_acc=40.45% test_f1=0.4197
Epoch 002 | train_loss=0.7330 | val_acc=68.00% val_f1=0.7103 | test_acc=53.09% test_f1=0.4507
Epoch 003 | train_loss=0.5570 | val_acc=79.43% val_f1=0.8090 | test_acc=76.40% test_f1=0.7207
Epoch 004 | train_loss=0.4001 | val_acc=92.57% val_f1=0.9247 | test_acc=78.93% test_f1=0.7327
Epoch 005 | train_loss=0.3178 | val_acc=97.14% val_f1=0.9692 | test_acc=80.06% test_f1=0.7437
Epoch 006 | train_loss=0.2666 | val_acc=98.86% val_f1=0.9859 | test_acc=76.40% test_f1=0.6880
Epoch 007 | train_loss=0.2254 | val_acc=100.00% val_f1=1.0000 | test_acc=77.81% test_f1=0.6957
Epoch 008 | train_loss=0.2181 | val_acc=100.00% val_f1=1.0000 | test_acc=77.81% test_f1=0.6975
Epoch 009 | train_loss=0.1978 | val_acc=100.00% val_f1=1.0000 | test_acc=79.21% test_f1=0.7249
Epoch 010 | train_loss=0.1979 | val_acc=100.00% val_f1=1.0000 | test_acc=71.91% test_f1=0.6126
Epoch 011 | train_loss=0.1883 | val_acc=100.00% val_f1=1.0000 | test_acc=70.22% test_f1=0.5905
Epoch 012 | train_loss=0.1922 | val_acc=100.00% val_f1=1.0000 | test_acc=75.56% test_f1=0.6823
Epoch 013 | train_loss=0.2014 | val_acc=100.00% val_f1=1.0000 | test_acc=76.12% test_f1=0.6904
Epoch 014 | train_loss=0.1858 | val_acc=100.00% val_f1=1.0000 | test_acc=72.75% test_f1=0.6286
Epoch 015 | train_loss=0.1809 | val_acc=100.00% val_f1=1.0000 | test_acc=69.38% test_f1=0.5601
Epoch 016 | train_loss=0.1858 | val_acc=100.00% val_f1=1.0000 | test_acc=72.47% test_f1=0.6249
Epoch 017 | train_loss=0.1793 | val_acc=100.00% val_f1=1.0000 | test_acc=71.35% test_f1=0.6095
Epoch 018 | train_loss=0.1823 | val_acc=100.00% val_f1=1.0000 | test_acc=72.19% test_f1=0.6270
Epoch 019 | train_loss=0.1852 | val_acc=100.00% val_f1=1.0000 | test_acc=69.10% test_f1=0.5711
Epoch 020 | train_loss=0.1834 | val_acc=100.00% val_f1=1.0000 | test_acc=71.63% test_f1=0.6156
Epoch 021 | train_loss=0.1824 | val_acc=100.00% val_f1=1.0000 | test_acc=69.66% test_f1=0.5812
Epoch 022 | train_loss=0.1839 | val_acc=100.00% val_f1=1.0000 | test_acc=75.56% test_f1=0.6811
Epoch 023 | train_loss=0.1818 | val_acc=100.00% val_f1=1.0000 | test_acc=75.56% test_f1=0.6811
Early stopping at epoch 23 (best=7, score=1.000000)
================================================================================
Best epoch: 7
Best score (val_macro_f1): 1.000000
Final test accuracy: 77.81%
Saved to: /home/huang_kai/wind_turbine_phm/PHOENIX-main/autoencoder_benchmark/ablation_experiments/h1/results/ablation1_sweep_strict_valf1_20260522/trials/trial_0038_A/ablation1_student_only_tcn_attn_weld_seam_windows_ws5_tf75_pg0_h1_ep80_lr0.0002_bs128_seed110
================================================================================
Ablation-1 | Student-only (13D) future-step prediction with TCN+Attention
================================================================================
Dataset: /home/huang_kai/wind_turbine_phm/PHOENIX-main/autoencoder_benchmark/Data/processed_data/weld_seam_windows_ws5_tf75_pg0_h1.npz
Device: cuda
Train/Val/Test: 990 / 175 / 356
Drop features: [3, 4, 5, 6, 7]
Epoch 001 | train_loss=0.7989 | val_acc=74.29% val_f1=0.7553 | test_acc=87.92% test_f1=0.8831
Epoch 002 | train_loss=0.3356 | val_acc=94.86% val_f1=0.9457 | test_acc=93.54% test_f1=0.9214
Epoch 003 | train_loss=0.1568 | val_acc=98.29% val_f1=0.9830 | test_acc=85.11% test_f1=0.8036
Epoch 004 | train_loss=0.1114 | val_acc=97.14% val_f1=0.9673 | test_acc=84.83% test_f1=0.8047
Epoch 005 | train_loss=0.0469 | val_acc=99.43% val_f1=0.9943 | test_acc=84.55% test_f1=0.8057
Epoch 006 | train_loss=0.0315 | val_acc=100.00% val_f1=1.0000 | test_acc=78.93% test_f1=0.7235
Epoch 007 | train_loss=0.0467 | val_acc=99.43% val_f1=0.9943 | test_acc=83.15% test_f1=0.7865
Epoch 008 | train_loss=0.0276 | val_acc=100.00% val_f1=1.0000 | test_acc=79.78% test_f1=0.7316
Epoch 009 | train_loss=0.0299 | val_acc=100.00% val_f1=1.0000 | test_acc=80.62% test_f1=0.7504
Epoch 010 | train_loss=0.0120 | val_acc=99.43% val_f1=0.9943 | test_acc=82.02% test_f1=0.7728
Epoch 011 | train_loss=0.0205 | val_acc=100.00% val_f1=1.0000 | test_acc=74.72% test_f1=0.6641
Epoch 012 | train_loss=0.0149 | val_acc=99.43% val_f1=0.9943 | test_acc=76.12% test_f1=0.6748
Epoch 013 | train_loss=0.0387 | val_acc=98.86% val_f1=0.9886 | test_acc=82.30% test_f1=0.7676
Epoch 014 | train_loss=0.0450 | val_acc=99.43% val_f1=0.9943 | test_acc=76.12% test_f1=0.6796
Epoch 015 | train_loss=0.0087 | val_acc=100.00% val_f1=1.0000 | test_acc=77.81% test_f1=0.7089
Epoch 016 | train_loss=0.0597 | val_acc=100.00% val_f1=1.0000 | test_acc=72.75% test_f1=0.6214
Epoch 017 | train_loss=0.0197 | val_acc=98.29% val_f1=0.9830 | test_acc=73.88% test_f1=0.6233
Epoch 018 | train_loss=0.0202 | val_acc=100.00% val_f1=1.0000 | test_acc=69.66% test_f1=0.5832
Epoch 019 | train_loss=0.0491 | val_acc=100.00% val_f1=1.0000 | test_acc=80.34% test_f1=0.7504
Epoch 020 | train_loss=0.0158 | val_acc=99.43% val_f1=0.9943 | test_acc=79.21% test_f1=0.7360
Epoch 021 | train_loss=0.0042 | val_acc=100.00% val_f1=1.0000 | test_acc=71.35% test_f1=0.6134
Epoch 022 | train_loss=0.0047 | val_acc=100.00% val_f1=1.0000 | test_acc=72.47% test_f1=0.6317
Early stopping at epoch 22 (best=6, score=1.000000)
================================================================================
Best epoch: 6
Best score (val_macro_f1): 1.000000
Final test accuracy: 78.93%
Saved to: /home/huang_kai/wind_turbine_phm/PHOENIX-main/autoencoder_benchmark/ablation_experiments/h1/results/ablation1_sweep_strict_valf1_20260522/trials/trial_0039_A/ablation1_student_only_tcn_attn_weld_seam_windows_ws5_tf75_pg0_h1_ep80_lr0.0003_bs64_seed113
================================================================================
Ablation-1 | Student-only (13D) future-step prediction with TCN+Attention
================================================================================
Dataset: /home/huang_kai/wind_turbine_phm/PHOENIX-main/autoencoder_benchmark/Data/processed_data/weld_seam_windows_ws5_tf75_pg0_h1.npz
Device: cuda
Train/Val/Test: 990 / 175 / 356
Drop features: [3, 4, 5, 6, 7]
Epoch 001 | train_loss=0.6890 | val_acc=92.00% val_f1=0.9096 | test_acc=89.89% test_f1=0.8747
Epoch 002 | train_loss=0.3077 | val_acc=97.71% val_f1=0.9767 | test_acc=85.11% test_f1=0.8066
Epoch 003 | train_loss=0.2324 | val_acc=98.86% val_f1=0.9883 | test_acc=73.88% test_f1=0.6095
Epoch 004 | train_loss=0.2066 | val_acc=100.00% val_f1=1.0000 | test_acc=78.37% test_f1=0.7010
Epoch 005 | train_loss=0.2182 | val_acc=100.00% val_f1=1.0000 | test_acc=77.25% test_f1=0.6674
Epoch 006 | train_loss=0.2014 | val_acc=100.00% val_f1=1.0000 | test_acc=76.12% test_f1=0.6697
Epoch 007 | train_loss=0.1872 | val_acc=100.00% val_f1=1.0000 | test_acc=79.78% test_f1=0.7318
Epoch 008 | train_loss=0.1822 | val_acc=100.00% val_f1=1.0000 | test_acc=76.97% test_f1=0.6789
Epoch 009 | train_loss=0.1854 | val_acc=100.00% val_f1=1.0000 | test_acc=72.47% test_f1=0.6031
Epoch 010 | train_loss=0.1817 | val_acc=100.00% val_f1=1.0000 | test_acc=75.84% test_f1=0.6735
Epoch 011 | train_loss=0.1878 | val_acc=100.00% val_f1=1.0000 | test_acc=78.65% test_f1=0.7220
Epoch 012 | train_loss=0.1763 | val_acc=100.00% val_f1=1.0000 | test_acc=71.07% test_f1=0.5918
Epoch 013 | train_loss=0.1784 | val_acc=100.00% val_f1=1.0000 | test_acc=71.91% test_f1=0.5988
Epoch 014 | train_loss=0.1813 | val_acc=100.00% val_f1=1.0000 | test_acc=78.37% test_f1=0.7105
Epoch 015 | train_loss=0.2018 | val_acc=100.00% val_f1=1.0000 | test_acc=71.91% test_f1=0.6150
Epoch 016 | train_loss=0.1746 | val_acc=100.00% val_f1=1.0000 | test_acc=74.16% test_f1=0.6460
Epoch 017 | train_loss=0.1825 | val_acc=100.00% val_f1=1.0000 | test_acc=65.73% test_f1=0.4857
Epoch 018 | train_loss=0.1755 | val_acc=100.00% val_f1=1.0000 | test_acc=68.54% test_f1=0.5379
Epoch 019 | train_loss=0.1736 | val_acc=100.00% val_f1=1.0000 | test_acc=72.75% test_f1=0.6232
Epoch 020 | train_loss=0.1752 | val_acc=100.00% val_f1=1.0000 | test_acc=74.16% test_f1=0.6467
Early stopping at epoch 20 (best=4, score=1.000000)
================================================================================
Best epoch: 4
Best score (val_macro_f1): 1.000000
Final test accuracy: 78.37%
Saved to: /home/huang_kai/wind_turbine_phm/PHOENIX-main/autoencoder_benchmark/ablation_experiments/h1/results/ablation1_sweep_strict_valf1_20260522/trials/trial_0040_A/ablation1_student_only_tcn_attn_weld_seam_windows_ws5_tf75_pg0_h1_ep80_lr0.0004_bs64_seed149
================================================================================
Ablation-1 | Student-only (13D) future-step prediction with TCN+Attention
================================================================================
Dataset: /home/huang_kai/wind_turbine_phm/PHOENIX-main/autoencoder_benchmark/Data/processed_data/weld_seam_windows_ws5_tf75_pg0_h1.npz
Device: cuda
Train/Val/Test: 990 / 175 / 356
Drop features: [3, 4, 5, 6, 7]
Epoch 001 | train_loss=0.9875 | val_acc=93.71% val_f1=0.9275 | test_acc=81.74% test_f1=0.6726
Epoch 002 | train_loss=0.5448 | val_acc=96.57% val_f1=0.9587 | test_acc=87.92% test_f1=0.8186
Epoch 003 | train_loss=0.3346 | val_acc=99.43% val_f1=0.9919 | test_acc=89.61% test_f1=0.8641
Epoch 004 | train_loss=0.1803 | val_acc=100.00% val_f1=1.0000 | test_acc=88.20% test_f1=0.8445
Epoch 005 | train_loss=0.0988 | val_acc=99.43% val_f1=0.9919 | test_acc=77.81% test_f1=0.7078
Epoch 006 | train_loss=0.0623 | val_acc=100.00% val_f1=1.0000 | test_acc=82.30% test_f1=0.7713
Epoch 007 | train_loss=0.0382 | val_acc=100.00% val_f1=1.0000 | test_acc=73.03% test_f1=0.6143
Epoch 008 | train_loss=0.0481 | val_acc=100.00% val_f1=1.0000 | test_acc=76.40% test_f1=0.6829
Epoch 009 | train_loss=0.0160 | val_acc=100.00% val_f1=1.0000 | test_acc=75.84% test_f1=0.6743
Epoch 010 | train_loss=0.0179 | val_acc=100.00% val_f1=1.0000 | test_acc=76.40% test_f1=0.6785
Epoch 011 | train_loss=0.0882 | val_acc=100.00% val_f1=1.0000 | test_acc=77.25% test_f1=0.6832
Epoch 012 | train_loss=0.0624 | val_acc=100.00% val_f1=1.0000 | test_acc=83.99% test_f1=0.7947
Epoch 013 | train_loss=0.0225 | val_acc=100.00% val_f1=1.0000 | test_acc=76.12% test_f1=0.6697
Epoch 014 | train_loss=0.0148 | val_acc=100.00% val_f1=1.0000 | test_acc=76.69% test_f1=0.6878
Epoch 015 | train_loss=0.0120 | val_acc=100.00% val_f1=1.0000 | test_acc=78.65% test_f1=0.7198
Epoch 016 | train_loss=0.0195 | val_acc=100.00% val_f1=1.0000 | test_acc=72.19% test_f1=0.5930
Epoch 017 | train_loss=0.0314 | val_acc=100.00% val_f1=1.0000 | test_acc=75.28% test_f1=0.6574
Epoch 018 | train_loss=0.0122 | val_acc=100.00% val_f1=1.0000 | test_acc=74.44% test_f1=0.6518
Epoch 019 | train_loss=0.0102 | val_acc=100.00% val_f1=1.0000 | test_acc=74.72% test_f1=0.6504
Epoch 020 | train_loss=0.0053 | val_acc=100.00% val_f1=1.0000 | test_acc=75.28% test_f1=0.6554
Early stopping at epoch 20 (best=4, score=1.000000)
================================================================================
Best epoch: 4
Best score (val_macro_f1): 1.000000
Final test accuracy: 88.20%
Saved to: /home/huang_kai/wind_turbine_phm/PHOENIX-main/autoencoder_benchmark/ablation_experiments/h1/results/ablation1_sweep_strict_valf1_20260522/trials/trial_0041_B/ablation1_student_only_tcn_attn_weld_seam_windows_ws5_tf75_pg0_h1_ep80_lr0.0003_bs96_seed145
================================================================================
Ablation-1 | Student-only (13D) future-step prediction with TCN+Attention
================================================================================
Dataset: /home/huang_kai/wind_turbine_phm/PHOENIX-main/autoencoder_benchmark/Data/processed_data/weld_seam_windows_ws5_tf75_pg0_h1.npz
Device: cuda
Train/Val/Test: 990 / 175 / 356
Drop features: [3, 4, 5, 6, 7]
Epoch 001 | train_loss=0.9834 | val_acc=86.86% val_f1=0.8116 | test_acc=73.31% test_f1=0.6093
Epoch 002 | train_loss=0.5784 | val_acc=98.29% val_f1=0.9803 | test_acc=90.45% test_f1=0.8723
Epoch 003 | train_loss=0.3097 | val_acc=96.57% val_f1=0.9557 | test_acc=93.54% test_f1=0.9265
Epoch 004 | train_loss=0.1535 | val_acc=98.86% val_f1=0.9859 | test_acc=86.52% test_f1=0.8299
Epoch 005 | train_loss=0.1065 | val_acc=100.00% val_f1=1.0000 | test_acc=86.80% test_f1=0.8342
Epoch 006 | train_loss=0.0547 | val_acc=100.00% val_f1=1.0000 | test_acc=83.99% test_f1=0.7959
Epoch 007 | train_loss=0.1026 | val_acc=100.00% val_f1=1.0000 | test_acc=84.27% test_f1=0.7993
Epoch 008 | train_loss=0.0563 | val_acc=100.00% val_f1=1.0000 | test_acc=75.28% test_f1=0.6645
Epoch 009 | train_loss=0.0240 | val_acc=100.00% val_f1=1.0000 | test_acc=79.49% test_f1=0.7272
Epoch 010 | train_loss=0.0271 | val_acc=100.00% val_f1=1.0000 | test_acc=76.40% test_f1=0.6877
Epoch 011 | train_loss=0.0293 | val_acc=100.00% val_f1=1.0000 | test_acc=73.31% test_f1=0.6462
Epoch 012 | train_loss=0.0238 | val_acc=100.00% val_f1=1.0000 | test_acc=73.03% test_f1=0.6458
Epoch 013 | train_loss=0.0265 | val_acc=100.00% val_f1=1.0000 | test_acc=79.21% test_f1=0.7362
Epoch 014 | train_loss=0.0235 | val_acc=100.00% val_f1=1.0000 | test_acc=78.93% test_f1=0.7218
Epoch 015 | train_loss=0.0255 | val_acc=100.00% val_f1=1.0000 | test_acc=73.31% test_f1=0.6389
Epoch 016 | train_loss=0.0116 | val_acc=100.00% val_f1=1.0000 | test_acc=78.93% test_f1=0.7273
Epoch 017 | train_loss=0.0060 | val_acc=100.00% val_f1=1.0000 | test_acc=79.78% test_f1=0.7402
Epoch 018 | train_loss=0.0063 | val_acc=100.00% val_f1=1.0000 | test_acc=79.21% test_f1=0.7313
Epoch 019 | train_loss=0.0210 | val_acc=100.00% val_f1=1.0000 | test_acc=71.35% test_f1=0.5902
Epoch 020 | train_loss=0.0176 | val_acc=100.00% val_f1=1.0000 | test_acc=70.22% test_f1=0.5804
Epoch 021 | train_loss=0.0069 | val_acc=100.00% val_f1=1.0000 | test_acc=75.00% test_f1=0.6698
Early stopping at epoch 21 (best=5, score=1.000000)
================================================================================
Best epoch: 5
Best score (val_macro_f1): 1.000000
Final test accuracy: 86.80%
Saved to: /home/huang_kai/wind_turbine_phm/PHOENIX-main/autoencoder_benchmark/ablation_experiments/h1/results/ablation1_sweep_strict_valf1_20260522/trials/trial_0042_B/ablation1_student_only_tcn_attn_weld_seam_windows_ws5_tf75_pg0_h1_ep80_lr0.00024_bs96_seed148
================================================================================
Ablation-1 | Student-only (13D) future-step prediction with TCN+Attention
================================================================================
Dataset: /home/huang_kai/wind_turbine_phm/PHOENIX-main/autoencoder_benchmark/Data/processed_data/weld_seam_windows_ws5_tf75_pg0_h1.npz
Device: cuda
Train/Val/Test: 990 / 175 / 356
Drop features: [3, 4, 5, 6, 7]
Epoch 001 | train_loss=0.8854 | val_acc=49.71% val_f1=0.5196 | test_acc=44.38% test_f1=0.4522
Epoch 002 | train_loss=0.5004 | val_acc=88.57% val_f1=0.8917 | test_acc=84.55% test_f1=0.8419
Epoch 003 | train_loss=0.3247 | val_acc=92.57% val_f1=0.9292 | test_acc=83.99% test_f1=0.7765
Epoch 004 | train_loss=0.2400 | val_acc=98.29% val_f1=0.9827 | test_acc=81.18% test_f1=0.7435
Epoch 005 | train_loss=0.2207 | val_acc=99.43% val_f1=0.9941 | test_acc=78.65% test_f1=0.6955
Epoch 006 | train_loss=0.2182 | val_acc=98.86% val_f1=0.9883 | test_acc=77.53% test_f1=0.6707
Epoch 007 | train_loss=0.1964 | val_acc=98.86% val_f1=0.9883 | test_acc=76.97% test_f1=0.6641
Epoch 008 | train_loss=0.1944 | val_acc=99.43% val_f1=0.9943 | test_acc=76.97% test_f1=0.6753
Epoch 009 | train_loss=0.2046 | val_acc=100.00% val_f1=1.0000 | test_acc=75.00% test_f1=0.6357
Epoch 010 | train_loss=0.1871 | val_acc=100.00% val_f1=1.0000 | test_acc=74.16% test_f1=0.6115
Epoch 011 | train_loss=0.2028 | val_acc=100.00% val_f1=1.0000 | test_acc=77.53% test_f1=0.6974
Epoch 012 | train_loss=0.1985 | val_acc=100.00% val_f1=1.0000 | test_acc=77.25% test_f1=0.6908
Epoch 013 | train_loss=0.1879 | val_acc=100.00% val_f1=1.0000 | test_acc=79.78% test_f1=0.7233
Epoch 014 | train_loss=0.1912 | val_acc=100.00% val_f1=1.0000 | test_acc=77.53% test_f1=0.6946
Epoch 015 | train_loss=0.1827 | val_acc=100.00% val_f1=1.0000 | test_acc=71.91% test_f1=0.5923
Epoch 016 | train_loss=0.1812 | val_acc=100.00% val_f1=1.0000 | test_acc=72.47% test_f1=0.5784
Epoch 017 | train_loss=0.1826 | val_acc=100.00% val_f1=1.0000 | test_acc=74.44% test_f1=0.6209
Epoch 018 | train_loss=0.1785 | val_acc=100.00% val_f1=1.0000 | test_acc=74.44% test_f1=0.6377
Epoch 019 | train_loss=0.1750 | val_acc=100.00% val_f1=1.0000 | test_acc=73.03% test_f1=0.6156
Epoch 020 | train_loss=0.1818 | val_acc=100.00% val_f1=1.0000 | test_acc=75.28% test_f1=0.6572
Epoch 021 | train_loss=0.1790 | val_acc=100.00% val_f1=1.0000 | test_acc=73.88% test_f1=0.6393
Epoch 022 | train_loss=0.1745 | val_acc=100.00% val_f1=1.0000 | test_acc=73.03% test_f1=0.6239
Epoch 023 | train_loss=0.1781 | val_acc=100.00% val_f1=1.0000 | test_acc=71.91% test_f1=0.6067
Epoch 024 | train_loss=0.1756 | val_acc=100.00% val_f1=1.0000 | test_acc=74.72% test_f1=0.6571
Epoch 025 | train_loss=0.1756 | val_acc=100.00% val_f1=1.0000 | test_acc=72.75% test_f1=0.6197
Early stopping at epoch 25 (best=9, score=1.000000)
================================================================================
Best epoch: 9
Best score (val_macro_f1): 1.000000
Final test accuracy: 75.00%
Saved to: /home/huang_kai/wind_turbine_phm/PHOENIX-main/autoencoder_benchmark/ablation_experiments/h1/results/ablation1_sweep_strict_valf1_20260522/trials/trial_0043_B/ablation1_student_only_tcn_attn_weld_seam_windows_ws5_tf75_pg0_h1_ep80_lr0.00036_bs128_seed114
================================================================================
Ablation-1 | Student-only (13D) future-step prediction with TCN+Attention
================================================================================
Dataset: /home/huang_kai/wind_turbine_phm/PHOENIX-main/autoencoder_benchmark/Data/processed_data/weld_seam_windows_ws5_tf75_pg0_h1.npz
Device: cuda
Train/Val/Test: 990 / 175 / 356
Drop features: [3, 4, 5, 6, 7]
Epoch 001 | train_loss=0.9787 | val_acc=94.86% val_f1=0.9456 | test_acc=86.52% test_f1=0.8271
Epoch 002 | train_loss=0.6291 | val_acc=94.86% val_f1=0.9448 | test_acc=87.36% test_f1=0.8190
Epoch 003 | train_loss=0.4018 | val_acc=97.14% val_f1=0.9664 | test_acc=91.57% test_f1=0.8920
Epoch 004 | train_loss=0.2473 | val_acc=97.14% val_f1=0.9664 | test_acc=88.48% test_f1=0.8548
Epoch 005 | train_loss=0.1674 | val_acc=97.71% val_f1=0.9722 | test_acc=86.52% test_f1=0.8226
Epoch 006 | train_loss=0.1292 | val_acc=98.86% val_f1=0.9837 | test_acc=81.74% test_f1=0.7502
Epoch 007 | train_loss=0.0773 | val_acc=99.43% val_f1=0.9919 | test_acc=83.15% test_f1=0.7480
Epoch 008 | train_loss=0.0537 | val_acc=99.43% val_f1=0.9919 | test_acc=85.39% test_f1=0.7836
Epoch 009 | train_loss=0.0461 | val_acc=99.43% val_f1=0.9919 | test_acc=80.62% test_f1=0.7050
Epoch 010 | train_loss=0.0273 | val_acc=100.00% val_f1=1.0000 | test_acc=83.43% test_f1=0.7699
Epoch 011 | train_loss=0.0428 | val_acc=100.00% val_f1=1.0000 | test_acc=84.83% test_f1=0.7967
Epoch 012 | train_loss=0.0216 | val_acc=99.43% val_f1=0.9919 | test_acc=72.47% test_f1=0.5818
Epoch 013 | train_loss=0.0198 | val_acc=100.00% val_f1=1.0000 | test_acc=72.19% test_f1=0.5879
Epoch 014 | train_loss=0.0196 | val_acc=100.00% val_f1=1.0000 | test_acc=75.84% test_f1=0.6660
Epoch 015 | train_loss=0.0199 | val_acc=100.00% val_f1=1.0000 | test_acc=81.74% test_f1=0.7586
Epoch 016 | train_loss=0.0194 | val_acc=100.00% val_f1=1.0000 | test_acc=82.87% test_f1=0.7706
Epoch 017 | train_loss=0.0141 | val_acc=100.00% val_f1=1.0000 | test_acc=79.21% test_f1=0.7090
Epoch 018 | train_loss=0.0117 | val_acc=100.00% val_f1=1.0000 | test_acc=77.81% test_f1=0.6924
Epoch 019 | train_loss=0.0076 | val_acc=100.00% val_f1=1.0000 | test_acc=77.53% test_f1=0.6925
Epoch 020 | train_loss=0.0065 | val_acc=100.00% val_f1=1.0000 | test_acc=77.81% test_f1=0.6976
Epoch 021 | train_loss=0.0132 | val_acc=100.00% val_f1=1.0000 | test_acc=74.72% test_f1=0.6396
Epoch 022 | train_loss=0.0107 | val_acc=100.00% val_f1=1.0000 | test_acc=77.25% test_f1=0.6856
Epoch 023 | train_loss=0.0068 | val_acc=100.00% val_f1=1.0000 | test_acc=78.37% test_f1=0.7013
Epoch 024 | train_loss=0.0184 | val_acc=100.00% val_f1=1.0000 | test_acc=77.25% test_f1=0.6822
Epoch 025 | train_loss=0.0067 | val_acc=100.00% val_f1=1.0000 | test_acc=82.58% test_f1=0.7637
Epoch 026 | train_loss=0.0378 | val_acc=100.00% val_f1=1.0000 | test_acc=80.06% test_f1=0.7310
Early stopping at epoch 26 (best=10, score=1.000000)
================================================================================
Best epoch: 10
Best score (val_macro_f1): 1.000000
Final test accuracy: 83.43%
Saved to: /home/huang_kai/wind_turbine_phm/PHOENIX-main/autoencoder_benchmark/ablation_experiments/h1/results/ablation1_sweep_strict_valf1_20260522/trials/trial_0044_B/ablation1_student_only_tcn_attn_weld_seam_windows_ws5_tf75_pg0_h1_ep80_lr0.00024_bs128_seed122
================================================================================
Ablation-1 | Student-only (13D) future-step prediction with TCN+Attention
================================================================================
Dataset: /home/huang_kai/wind_turbine_phm/PHOENIX-main/autoencoder_benchmark/Data/processed_data/weld_seam_windows_ws5_tf75_pg0_h1.npz
Device: cuda
Train/Val/Test: 990 / 175 / 356
Drop features: [3, 4, 5, 6, 7]
Epoch 001 | train_loss=0.9487 | val_acc=86.29% val_f1=0.8330 | test_acc=88.20% test_f1=0.8539
Epoch 002 | train_loss=0.6004 | val_acc=93.14% val_f1=0.9162 | test_acc=90.45% test_f1=0.8908
Epoch 003 | train_loss=0.4164 | val_acc=99.43% val_f1=0.9919 | test_acc=89.61% test_f1=0.8754
Epoch 004 | train_loss=0.3429 | val_acc=99.43% val_f1=0.9919 | test_acc=88.48% test_f1=0.8526
Epoch 005 | train_loss=0.3204 | val_acc=99.43% val_f1=0.9943 | test_acc=87.92% test_f1=0.8430
Epoch 006 | train_loss=0.3090 | val_acc=100.00% val_f1=1.0000 | test_acc=81.46% test_f1=0.7535
Epoch 007 | train_loss=0.3135 | val_acc=100.00% val_f1=1.0000 | test_acc=79.78% test_f1=0.7304
Epoch 008 | train_loss=0.3012 | val_acc=100.00% val_f1=1.0000 | test_acc=80.34% test_f1=0.7414
Epoch 009 | train_loss=0.3052 | val_acc=100.00% val_f1=1.0000 | test_acc=73.31% test_f1=0.6230
Epoch 010 | train_loss=0.2983 | val_acc=100.00% val_f1=1.0000 | test_acc=73.88% test_f1=0.6385
Epoch 011 | train_loss=0.2978 | val_acc=100.00% val_f1=1.0000 | test_acc=78.93% test_f1=0.7148
Epoch 012 | train_loss=0.2959 | val_acc=100.00% val_f1=1.0000 | test_acc=79.21% test_f1=0.7160
Epoch 013 | train_loss=0.2949 | val_acc=100.00% val_f1=1.0000 | test_acc=80.34% test_f1=0.7431
Epoch 014 | train_loss=0.2976 | val_acc=100.00% val_f1=1.0000 | test_acc=76.97% test_f1=0.6914
Epoch 015 | train_loss=0.2924 | val_acc=100.00% val_f1=1.0000 | test_acc=78.37% test_f1=0.7127
Epoch 016 | train_loss=0.2962 | val_acc=100.00% val_f1=1.0000 | test_acc=78.93% test_f1=0.7200
Epoch 017 | train_loss=0.2897 | val_acc=100.00% val_f1=1.0000 | test_acc=77.53% test_f1=0.6976
Epoch 018 | train_loss=0.2914 | val_acc=100.00% val_f1=1.0000 | test_acc=78.37% test_f1=0.7117
Epoch 019 | train_loss=0.2919 | val_acc=100.00% val_f1=1.0000 | test_acc=76.97% test_f1=0.6914
Epoch 020 | train_loss=0.2929 | val_acc=100.00% val_f1=1.0000 | test_acc=72.75% test_f1=0.6291
Epoch 021 | train_loss=0.2902 | val_acc=100.00% val_f1=1.0000 | test_acc=75.00% test_f1=0.6652
Epoch 022 | train_loss=0.2894 | val_acc=100.00% val_f1=1.0000 | test_acc=75.28% test_f1=0.6692
Early stopping at epoch 22 (best=6, score=1.000000)
================================================================================
Best epoch: 6
Best score (val_macro_f1): 1.000000
Final test accuracy: 81.46%
Saved to: /home/huang_kai/wind_turbine_phm/PHOENIX-main/autoencoder_benchmark/ablation_experiments/h1/results/ablation1_sweep_strict_valf1_20260522/trials/trial_0045_B/ablation1_student_only_tcn_attn_weld_seam_windows_ws5_tf75_pg0_h1_ep80_lr0.00036_bs128_seed134
================================================================================
Ablation-1 | Student-only (13D) future-step prediction with TCN+Attention
================================================================================
Dataset: /home/huang_kai/wind_turbine_phm/PHOENIX-main/autoencoder_benchmark/Data/processed_data/weld_seam_windows_ws5_tf75_pg0_h1.npz
Device: cuda
Train/Val/Test: 990 / 175 / 356
Drop features: [3, 4, 5, 6, 7]
Epoch 001 | train_loss=0.9136 | val_acc=66.86% val_f1=0.6741 | test_acc=48.31% test_f1=0.4779
Epoch 002 | train_loss=0.5673 | val_acc=91.43% val_f1=0.9026 | test_acc=93.26% test_f1=0.9159
Epoch 003 | train_loss=0.3893 | val_acc=96.00% val_f1=0.9554 | test_acc=93.26% test_f1=0.8990
Epoch 004 | train_loss=0.3295 | val_acc=96.57% val_f1=0.9613 | test_acc=91.57% test_f1=0.8715
Epoch 005 | train_loss=0.3178 | val_acc=96.57% val_f1=0.9613 | test_acc=90.73% test_f1=0.8628
Epoch 006 | train_loss=0.3030 | val_acc=98.29% val_f1=0.9778 | test_acc=87.92% test_f1=0.8248
Epoch 007 | train_loss=0.2825 | val_acc=98.86% val_f1=0.9859 | test_acc=88.76% test_f1=0.8444
Epoch 008 | train_loss=0.2660 | val_acc=98.29% val_f1=0.9778 | test_acc=82.30% test_f1=0.7141
Epoch 009 | train_loss=0.2715 | val_acc=100.00% val_f1=1.0000 | test_acc=81.18% test_f1=0.7130
Epoch 010 | train_loss=0.2605 | val_acc=100.00% val_f1=1.0000 | test_acc=85.11% test_f1=0.8000
Epoch 011 | train_loss=0.2616 | val_acc=100.00% val_f1=1.0000 | test_acc=85.67% test_f1=0.8029
Epoch 012 | train_loss=0.2623 | val_acc=100.00% val_f1=1.0000 | test_acc=75.00% test_f1=0.6558
Epoch 013 | train_loss=0.2658 | val_acc=100.00% val_f1=1.0000 | test_acc=84.83% test_f1=0.7980
Epoch 014 | train_loss=0.2616 | val_acc=100.00% val_f1=1.0000 | test_acc=80.62% test_f1=0.7201
Epoch 015 | train_loss=0.2619 | val_acc=100.00% val_f1=1.0000 | test_acc=77.53% test_f1=0.6685
Epoch 016 | train_loss=0.2526 | val_acc=100.00% val_f1=1.0000 | test_acc=70.51% test_f1=0.5743
Epoch 017 | train_loss=0.2640 | val_acc=100.00% val_f1=1.0000 | test_acc=76.69% test_f1=0.6800
Epoch 018 | train_loss=0.2777 | val_acc=100.00% val_f1=1.0000 | test_acc=74.44% test_f1=0.6238
Epoch 019 | train_loss=0.2499 | val_acc=100.00% val_f1=1.0000 | test_acc=88.48% test_f1=0.8525
Epoch 020 | train_loss=0.2609 | val_acc=100.00% val_f1=1.0000 | test_acc=83.43% test_f1=0.7942
Epoch 021 | train_loss=0.2494 | val_acc=100.00% val_f1=1.0000 | test_acc=80.34% test_f1=0.7523
Epoch 022 | train_loss=0.2506 | val_acc=100.00% val_f1=1.0000 | test_acc=83.15% test_f1=0.7893
Epoch 023 | train_loss=0.2512 | val_acc=99.43% val_f1=0.9919 | test_acc=80.90% test_f1=0.7522
Epoch 024 | train_loss=0.2508 | val_acc=100.00% val_f1=1.0000 | test_acc=82.02% test_f1=0.7721
Epoch 025 | train_loss=0.2526 | val_acc=100.00% val_f1=1.0000 | test_acc=80.90% test_f1=0.7579
Early stopping at epoch 25 (best=9, score=1.000000)
================================================================================
Best epoch: 9
Best score (val_macro_f1): 1.000000
Final test accuracy: 81.18%
Saved to: /home/huang_kai/wind_turbine_phm/PHOENIX-main/autoencoder_benchmark/ablation_experiments/h1/results/ablation1_sweep_strict_valf1_20260522/trials/trial_0046_B/ablation1_student_only_tcn_attn_weld_seam_windows_ws5_tf75_pg0_h1_ep80_lr0.0002_bs96_seed102
================================================================================
Ablation-1 | Student-only (13D) future-step prediction with TCN+Attention
================================================================================
Dataset: /home/huang_kai/wind_turbine_phm/PHOENIX-main/autoencoder_benchmark/Data/processed_data/weld_seam_windows_ws5_tf75_pg0_h1.npz
Device: cuda
Train/Val/Test: 990 / 175 / 356
Drop features: [3, 4, 5, 6, 7]
Epoch 001 | train_loss=0.9634 | val_acc=90.29% val_f1=0.8861 | test_acc=87.36% test_f1=0.8476
Epoch 002 | train_loss=0.6228 | val_acc=95.43% val_f1=0.9516 | test_acc=88.48% test_f1=0.8585
Epoch 003 | train_loss=0.3923 | val_acc=98.29% val_f1=0.9828 | test_acc=87.36% test_f1=0.8398
Epoch 004 | train_loss=0.3076 | val_acc=98.86% val_f1=0.9886 | test_acc=86.24% test_f1=0.8171
Epoch 005 | train_loss=0.2728 | val_acc=99.43% val_f1=0.9943 | test_acc=83.71% test_f1=0.7762
Epoch 006 | train_loss=0.3243 | val_acc=100.00% val_f1=1.0000 | test_acc=85.67% test_f1=0.8179
Epoch 007 | train_loss=0.2443 | val_acc=100.00% val_f1=1.0000 | test_acc=75.84% test_f1=0.6797
Epoch 008 | train_loss=0.2352 | val_acc=100.00% val_f1=1.0000 | test_acc=81.46% test_f1=0.7610
Epoch 009 | train_loss=0.2279 | val_acc=100.00% val_f1=1.0000 | test_acc=74.44% test_f1=0.6238
Epoch 010 | train_loss=0.2360 | val_acc=100.00% val_f1=1.0000 | test_acc=85.96% test_f1=0.8272
Epoch 011 | train_loss=0.2355 | val_acc=100.00% val_f1=1.0000 | test_acc=72.47% test_f1=0.6249
Epoch 012 | train_loss=0.2568 | val_acc=100.00% val_f1=1.0000 | test_acc=72.75% test_f1=0.6334
Epoch 013 | train_loss=0.2477 | val_acc=100.00% val_f1=1.0000 | test_acc=79.21% test_f1=0.7291
Epoch 014 | train_loss=0.2289 | val_acc=100.00% val_f1=1.0000 | test_acc=76.40% test_f1=0.6927
Epoch 015 | train_loss=0.2155 | val_acc=100.00% val_f1=1.0000 | test_acc=75.84% test_f1=0.6834
Epoch 016 | train_loss=0.2161 | val_acc=100.00% val_f1=1.0000 | test_acc=77.25% test_f1=0.7003
Epoch 017 | train_loss=0.2212 | val_acc=100.00% val_f1=1.0000 | test_acc=76.69% test_f1=0.6895
Epoch 018 | train_loss=0.2239 | val_acc=100.00% val_f1=1.0000 | test_acc=72.47% test_f1=0.6249
Epoch 019 | train_loss=0.2175 | val_acc=100.00% val_f1=1.0000 | test_acc=77.53% test_f1=0.7059
Epoch 020 | train_loss=0.2147 | val_acc=100.00% val_f1=1.0000 | test_acc=78.09% test_f1=0.7197
Epoch 021 | train_loss=0.2157 | val_acc=100.00% val_f1=1.0000 | test_acc=75.28% test_f1=0.6771
Epoch 022 | train_loss=0.2221 | val_acc=100.00% val_f1=1.0000 | test_acc=70.79% test_f1=0.5997
Early stopping at epoch 22 (best=6, score=1.000000)
================================================================================
Best epoch: 6
Best score (val_macro_f1): 1.000000
Final test accuracy: 85.67%
Saved to: /home/huang_kai/wind_turbine_phm/PHOENIX-main/autoencoder_benchmark/ablation_experiments/h1/results/ablation1_sweep_strict_valf1_20260522/trials/trial_0047_B/ablation1_student_only_tcn_attn_weld_seam_windows_ws5_tf75_pg0_h1_ep80_lr0.0003_bs64_seed112
================================================================================
Ablation-1 | Student-only (13D) future-step prediction with TCN+Attention
================================================================================
Dataset: /home/huang_kai/wind_turbine_phm/PHOENIX-main/autoencoder_benchmark/Data/processed_data/weld_seam_windows_ws5_tf75_pg0_h1.npz
Device: cuda
Train/Val/Test: 990 / 175 / 356
Drop features: [3, 4, 5, 6, 7]
Epoch 001 | train_loss=0.8422 | val_acc=93.14% val_f1=0.9310 | test_acc=78.65% test_f1=0.7989
Epoch 002 | train_loss=0.4386 | val_acc=97.71% val_f1=0.9770 | test_acc=91.01% test_f1=0.8829
Epoch 003 | train_loss=0.2356 | val_acc=98.86% val_f1=0.9883 | test_acc=85.39% test_f1=0.8124
Epoch 004 | train_loss=0.1249 | val_acc=98.86% val_f1=0.9883 | test_acc=76.97% test_f1=0.6537
Epoch 005 | train_loss=0.0816 | val_acc=100.00% val_f1=1.0000 | test_acc=81.46% test_f1=0.7460
Epoch 006 | train_loss=0.0452 | val_acc=100.00% val_f1=1.0000 | test_acc=82.58% test_f1=0.7622
Epoch 007 | train_loss=0.0337 | val_acc=100.00% val_f1=1.0000 | test_acc=75.28% test_f1=0.6204
Epoch 008 | train_loss=0.0279 | val_acc=100.00% val_f1=1.0000 | test_acc=77.53% test_f1=0.6967
Epoch 009 | train_loss=0.0170 | val_acc=100.00% val_f1=1.0000 | test_acc=80.34% test_f1=0.7464
Epoch 010 | train_loss=0.0233 | val_acc=100.00% val_f1=1.0000 | test_acc=78.09% test_f1=0.7037
Epoch 011 | train_loss=0.0208 | val_acc=100.00% val_f1=1.0000 | test_acc=82.58% test_f1=0.7748
Epoch 012 | train_loss=0.0068 | val_acc=100.00% val_f1=1.0000 | test_acc=78.09% test_f1=0.7087
Epoch 013 | train_loss=0.0064 | val_acc=100.00% val_f1=1.0000 | test_acc=76.69% test_f1=0.6834
Epoch 014 | train_loss=0.0131 | val_acc=100.00% val_f1=1.0000 | test_acc=80.34% test_f1=0.7285
Epoch 015 | train_loss=0.0063 | val_acc=100.00% val_f1=1.0000 | test_acc=79.78% test_f1=0.7179
Epoch 016 | train_loss=0.0081 | val_acc=100.00% val_f1=1.0000 | test_acc=74.44% test_f1=0.6521
Epoch 017 | train_loss=0.0045 | val_acc=100.00% val_f1=1.0000 | test_acc=73.88% test_f1=0.6415
Epoch 018 | train_loss=0.0120 | val_acc=100.00% val_f1=1.0000 | test_acc=75.56% test_f1=0.6635
Epoch 019 | train_loss=0.0070 | val_acc=100.00% val_f1=1.0000 | test_acc=78.65% test_f1=0.7124
Epoch 020 | train_loss=0.0225 | val_acc=100.00% val_f1=1.0000 | test_acc=72.75% test_f1=0.6241
Epoch 021 | train_loss=0.0091 | val_acc=100.00% val_f1=1.0000 | test_acc=79.21% test_f1=0.7295
Early stopping at epoch 21 (best=5, score=1.000000)
================================================================================
Best epoch: 5
Best score (val_macro_f1): 1.000000
Final test accuracy: 81.46%
Saved to: /home/huang_kai/wind_turbine_phm/PHOENIX-main/autoencoder_benchmark/ablation_experiments/h1/results/ablation1_sweep_strict_valf1_20260522/trials/trial_0048_B/ablation1_student_only_tcn_attn_weld_seam_windows_ws5_tf75_pg0_h1_ep80_lr0.0003_bs96_seed152
================================================================================
Ablation-1 | Student-only (13D) future-step prediction with TCN+Attention
================================================================================
Dataset: /home/huang_kai/wind_turbine_phm/PHOENIX-main/autoencoder_benchmark/Data/processed_data/weld_seam_windows_ws5_tf75_pg0_h1.npz
Device: cuda
Train/Val/Test: 990 / 175 / 356
Drop features: [3, 4, 5, 6, 7]
Epoch 001 | train_loss=0.7663 | val_acc=86.86% val_f1=0.8686 | test_acc=97.47% test_f1=0.9696
Epoch 002 | train_loss=0.3109 | val_acc=96.57% val_f1=0.9660 | test_acc=94.10% test_f1=0.9123
Epoch 003 | train_loss=0.1266 | val_acc=100.00% val_f1=1.0000 | test_acc=84.27% test_f1=0.7624
Epoch 004 | train_loss=0.1111 | val_acc=99.43% val_f1=0.9943 | test_acc=87.64% test_f1=0.8234
Epoch 005 | train_loss=0.0447 | val_acc=100.00% val_f1=1.0000 | test_acc=79.78% test_f1=0.6733
Epoch 006 | train_loss=0.0300 | val_acc=100.00% val_f1=1.0000 | test_acc=77.53% test_f1=0.6495
Epoch 007 | train_loss=0.0138 | val_acc=99.43% val_f1=0.9942 | test_acc=72.47% test_f1=0.6082
Epoch 008 | train_loss=0.0208 | val_acc=100.00% val_f1=1.0000 | test_acc=71.35% test_f1=0.5913
Epoch 009 | train_loss=0.0240 | val_acc=100.00% val_f1=1.0000 | test_acc=86.52% test_f1=0.8274
Epoch 010 | train_loss=0.0116 | val_acc=100.00% val_f1=1.0000 | test_acc=76.69% test_f1=0.6873
Epoch 011 | train_loss=0.0099 | val_acc=100.00% val_f1=1.0000 | test_acc=81.46% test_f1=0.7483
Epoch 012 | train_loss=0.0088 | val_acc=100.00% val_f1=1.0000 | test_acc=79.78% test_f1=0.7013
Epoch 013 | train_loss=0.0067 | val_acc=100.00% val_f1=1.0000 | test_acc=76.12% test_f1=0.6565
Epoch 014 | train_loss=0.0121 | val_acc=100.00% val_f1=1.0000 | test_acc=79.78% test_f1=0.7318
Epoch 015 | train_loss=0.0060 | val_acc=100.00% val_f1=1.0000 | test_acc=77.25% test_f1=0.6562
Epoch 016 | train_loss=0.0499 | val_acc=100.00% val_f1=1.0000 | test_acc=77.53% test_f1=0.6892
Epoch 017 | train_loss=0.0502 | val_acc=100.00% val_f1=1.0000 | test_acc=83.99% test_f1=0.7954
Epoch 018 | train_loss=0.0319 | val_acc=100.00% val_f1=1.0000 | test_acc=83.43% test_f1=0.7871
Epoch 019 | train_loss=0.0115 | val_acc=100.00% val_f1=1.0000 | test_acc=73.60% test_f1=0.5984
Early stopping at epoch 19 (best=3, score=1.000000)
================================================================================
Best epoch: 3
Best score (val_macro_f1): 1.000000
Final test accuracy: 84.27%
Saved to: /home/huang_kai/wind_turbine_phm/PHOENIX-main/autoencoder_benchmark/ablation_experiments/h1/results/ablation1_sweep_strict_valf1_20260522/trials/trial_0049_B/ablation1_student_only_tcn_attn_weld_seam_windows_ws5_tf75_pg0_h1_ep80_lr0.00036_bs96_seed115
================================================================================
Ablation-1 | Student-only (13D) future-step prediction with TCN+Attention
================================================================================
Dataset: /home/huang_kai/wind_turbine_phm/PHOENIX-main/autoencoder_benchmark/Data/processed_data/weld_seam_windows_ws5_tf75_pg0_h1.npz
Device: cuda
Train/Val/Test: 990 / 175 / 356
Drop features: [3, 4, 5, 6, 7]
Epoch 001 | train_loss=0.7452 | val_acc=84.00% val_f1=0.8283 | test_acc=92.42% test_f1=0.9246
Epoch 002 | train_loss=0.2644 | val_acc=96.57% val_f1=0.9667 | test_acc=88.76% test_f1=0.8454
Epoch 003 | train_loss=0.1103 | val_acc=98.29% val_f1=0.9828 | test_acc=84.55% test_f1=0.7807
Epoch 004 | train_loss=0.0550 | val_acc=99.43% val_f1=0.9943 | test_acc=81.46% test_f1=0.7298
Epoch 005 | train_loss=0.0379 | val_acc=99.43% val_f1=0.9943 | test_acc=82.58% test_f1=0.7693
Epoch 006 | train_loss=0.0372 | val_acc=98.86% val_f1=0.9886 | test_acc=82.02% test_f1=0.7665
Epoch 007 | train_loss=0.0419 | val_acc=99.43% val_f1=0.9943 | test_acc=81.46% test_f1=0.7645
Epoch 008 | train_loss=0.0377 | val_acc=99.43% val_f1=0.9943 | test_acc=71.07% test_f1=0.5873
Epoch 009 | train_loss=0.0528 | val_acc=98.29% val_f1=0.9830 | test_acc=77.81% test_f1=0.7006
Epoch 010 | train_loss=0.0941 | val_acc=99.43% val_f1=0.9919 | test_acc=71.63% test_f1=0.6166
Epoch 011 | train_loss=0.0384 | val_acc=100.00% val_f1=1.0000 | test_acc=80.90% test_f1=0.7522
Epoch 012 | train_loss=0.0220 | val_acc=98.29% val_f1=0.9830 | test_acc=80.06% test_f1=0.7455
Epoch 013 | train_loss=0.0197 | val_acc=98.29% val_f1=0.9830 | test_acc=73.31% test_f1=0.6124
Epoch 014 | train_loss=0.0101 | val_acc=97.71% val_f1=0.9775 | test_acc=78.93% test_f1=0.7293
Epoch 015 | train_loss=0.0167 | val_acc=98.86% val_f1=0.9886 | test_acc=70.79% test_f1=0.6027
Epoch 016 | train_loss=0.0056 | val_acc=100.00% val_f1=1.0000 | test_acc=71.35% test_f1=0.6130
Epoch 017 | train_loss=0.0037 | val_acc=100.00% val_f1=1.0000 | test_acc=70.79% test_f1=0.6016
Epoch 018 | train_loss=0.0084 | val_acc=99.43% val_f1=0.9943 | test_acc=72.47% test_f1=0.6318
Epoch 019 | train_loss=0.0033 | val_acc=100.00% val_f1=1.0000 | test_acc=68.54% test_f1=0.5623
Epoch 020 | train_loss=0.0026 | val_acc=100.00% val_f1=1.0000 | test_acc=72.47% test_f1=0.6342
Epoch 021 | train_loss=0.0123 | val_acc=100.00% val_f1=1.0000 | test_acc=66.85% test_f1=0.5161
Epoch 022 | train_loss=0.0113 | val_acc=100.00% val_f1=1.0000 | test_acc=75.84% test_f1=0.6876
Epoch 023 | train_loss=0.0046 | val_acc=98.86% val_f1=0.9886 | test_acc=71.91% test_f1=0.6834
Epoch 024 | train_loss=0.0075 | val_acc=98.86% val_f1=0.9886 | test_acc=64.61% test_f1=0.6420
Epoch 025 | train_loss=0.0242 | val_acc=100.00% val_f1=1.0000 | test_acc=67.42% test_f1=0.5449
Epoch 026 | train_loss=0.0055 | val_acc=98.86% val_f1=0.9886 | test_acc=73.03% test_f1=0.6334
Epoch 027 | train_loss=0.0040 | val_acc=100.00% val_f1=1.0000 | test_acc=72.19% test_f1=0.6495
Early stopping at epoch 27 (best=11, score=1.000000)
================================================================================
Best epoch: 11
Best score (val_macro_f1): 1.000000
Final test accuracy: 80.90%
Saved to: /home/huang_kai/wind_turbine_phm/PHOENIX-main/autoencoder_benchmark/ablation_experiments/h1/results/ablation1_sweep_strict_valf1_20260522/trials/trial_0050_B/ablation1_student_only_tcn_attn_weld_seam_windows_ws5_tf75_pg0_h1_ep80_lr0.0003_bs64_seed151
================================================================================
Ablation-1 | Student-only (13D) future-step prediction with TCN+Attention
================================================================================
Dataset: /home/huang_kai/wind_turbine_phm/PHOENIX-main/autoencoder_benchmark/Data/processed_data/weld_seam_windows_ws5_tf75_pg0_h1.npz
Device: cuda
Train/Val/Test: 990 / 175 / 356
Drop features: [3, 4, 5, 6, 7]
Epoch 001 | train_loss=0.8604 | val_acc=91.43% val_f1=0.8907 | test_acc=83.71% test_f1=0.7748
Epoch 002 | train_loss=0.4593 | val_acc=96.57% val_f1=0.9630 | test_acc=94.10% test_f1=0.9278
Epoch 003 | train_loss=0.2821 | val_acc=98.86% val_f1=0.9862 | test_acc=89.04% test_f1=0.8577
Epoch 004 | train_loss=0.2265 | val_acc=98.86% val_f1=0.9862 | test_acc=88.48% test_f1=0.8473
Epoch 005 | train_loss=0.1923 | val_acc=99.43% val_f1=0.9919 | test_acc=77.81% test_f1=0.6890
Epoch 006 | train_loss=0.1921 | val_acc=99.43% val_f1=0.9919 | test_acc=76.69% test_f1=0.6787
Epoch 007 | train_loss=0.1907 | val_acc=99.43% val_f1=0.9919 | test_acc=74.44% test_f1=0.6192
Epoch 008 | train_loss=0.1739 | val_acc=99.43% val_f1=0.9919 | test_acc=68.54% test_f1=0.5658
Epoch 009 | train_loss=0.1690 | val_acc=100.00% val_f1=1.0000 | test_acc=83.71% test_f1=0.7964
Epoch 010 | train_loss=0.1625 | val_acc=99.43% val_f1=0.9919 | test_acc=76.69% test_f1=0.6910
Epoch 011 | train_loss=0.1518 | val_acc=100.00% val_f1=1.0000 | test_acc=79.21% test_f1=0.7306
Epoch 012 | train_loss=0.1446 | val_acc=100.00% val_f1=1.0000 | test_acc=76.12% test_f1=0.6792
Epoch 013 | train_loss=0.1582 | val_acc=100.00% val_f1=1.0000 | test_acc=78.09% test_f1=0.7169
Epoch 014 | train_loss=0.1492 | val_acc=99.43% val_f1=0.9919 | test_acc=67.98% test_f1=0.5418
Epoch 015 | train_loss=0.1470 | val_acc=100.00% val_f1=1.0000 | test_acc=69.38% test_f1=0.5742
Epoch 016 | train_loss=0.1400 | val_acc=100.00% val_f1=1.0000 | test_acc=74.72% test_f1=0.6659
Epoch 017 | train_loss=0.1389 | val_acc=100.00% val_f1=1.0000 | test_acc=75.84% test_f1=0.6829
Epoch 018 | train_loss=0.1774 | val_acc=100.00% val_f1=1.0000 | test_acc=65.45% test_f1=0.4949
Epoch 019 | train_loss=0.1527 | val_acc=100.00% val_f1=1.0000 | test_acc=70.51% test_f1=0.5974
Epoch 020 | train_loss=0.1635 | val_acc=99.43% val_f1=0.9919 | test_acc=78.37% test_f1=0.7211
Epoch 021 | train_loss=0.1433 | val_acc=99.43% val_f1=0.9919 | test_acc=73.31% test_f1=0.6416
Epoch 022 | train_loss=0.1448 | val_acc=98.86% val_f1=0.9861 | test_acc=71.91% test_f1=0.6182
Epoch 023 | train_loss=0.1394 | val_acc=100.00% val_f1=1.0000 | test_acc=73.60% test_f1=0.6449
Epoch 024 | train_loss=0.1443 | val_acc=100.00% val_f1=1.0000 | test_acc=73.88% test_f1=0.6497
Epoch 025 | train_loss=0.1427 | val_acc=100.00% val_f1=1.0000 | test_acc=74.16% test_f1=0.6536
Early stopping at epoch 25 (best=9, score=1.000000)
================================================================================
Best epoch: 9
Best score (val_macro_f1): 1.000000
Final test accuracy: 83.71%
Saved to: /home/huang_kai/wind_turbine_phm/PHOENIX-main/autoencoder_benchmark/ablation_experiments/h1/results/ablation1_sweep_strict_valf1_20260522/trials/trial_0051_B/ablation1_student_only_tcn_attn_weld_seam_windows_ws5_tf75_pg0_h1_ep80_lr0.00024_bs64_seed111
================================================================================
Ablation-1 | Student-only (13D) future-step prediction with TCN+Attention
================================================================================
Dataset: /home/huang_kai/wind_turbine_phm/PHOENIX-main/autoencoder_benchmark/Data/processed_data/weld_seam_windows_ws5_tf75_pg0_h1.npz
Device: cuda
Train/Val/Test: 990 / 175 / 356
Drop features: [3, 4, 5, 6, 7]
Epoch 001 | train_loss=0.7509 | val_acc=85.71% val_f1=0.8563 | test_acc=92.13% test_f1=0.9085
Epoch 002 | train_loss=0.3034 | val_acc=97.14% val_f1=0.9641 | test_acc=88.20% test_f1=0.8656
Epoch 003 | train_loss=0.1488 | val_acc=98.29% val_f1=0.9782 | test_acc=84.55% test_f1=0.7853
Epoch 004 | train_loss=0.0761 | val_acc=99.43% val_f1=0.9919 | test_acc=87.64% test_f1=0.8385
Epoch 005 | train_loss=0.0519 | val_acc=100.00% val_f1=1.0000 | test_acc=83.99% test_f1=0.7899
Epoch 006 | train_loss=0.0353 | val_acc=98.86% val_f1=0.9837 | test_acc=77.25% test_f1=0.6654
Epoch 007 | train_loss=0.0293 | val_acc=100.00% val_f1=1.0000 | test_acc=83.71% test_f1=0.7853
Epoch 008 | train_loss=0.0557 | val_acc=100.00% val_f1=1.0000 | test_acc=71.91% test_f1=0.5899
Epoch 009 | train_loss=0.0354 | val_acc=100.00% val_f1=1.0000 | test_acc=82.02% test_f1=0.7763
Epoch 010 | train_loss=0.0412 | val_acc=100.00% val_f1=1.0000 | test_acc=76.69% test_f1=0.6312
Epoch 011 | train_loss=0.0199 | val_acc=100.00% val_f1=1.0000 | test_acc=77.25% test_f1=0.7025
Epoch 012 | train_loss=0.0215 | val_acc=100.00% val_f1=1.0000 | test_acc=84.27% test_f1=0.8096
Epoch 013 | train_loss=0.0491 | val_acc=100.00% val_f1=1.0000 | test_acc=84.27% test_f1=0.8231
Epoch 014 | train_loss=0.0100 | val_acc=100.00% val_f1=1.0000 | test_acc=65.73% test_f1=0.5485
Epoch 015 | train_loss=0.0073 | val_acc=100.00% val_f1=1.0000 | test_acc=71.63% test_f1=0.6330
Epoch 016 | train_loss=0.0044 | val_acc=100.00% val_f1=1.0000 | test_acc=73.03% test_f1=0.6307
Epoch 017 | train_loss=0.0121 | val_acc=100.00% val_f1=1.0000 | test_acc=71.91% test_f1=0.6513
Epoch 018 | train_loss=0.0088 | val_acc=100.00% val_f1=1.0000 | test_acc=80.62% test_f1=0.7519
Epoch 019 | train_loss=0.0050 | val_acc=100.00% val_f1=1.0000 | test_acc=76.97% test_f1=0.7076
Epoch 020 | train_loss=0.0115 | val_acc=100.00% val_f1=1.0000 | test_acc=78.65% test_f1=0.7423
Epoch 021 | train_loss=0.0042 | val_acc=100.00% val_f1=1.0000 | test_acc=75.84% test_f1=0.7168
Early stopping at epoch 21 (best=5, score=1.000000)
================================================================================
Best epoch: 5
Best score (val_macro_f1): 1.000000
Final test accuracy: 83.99%
Saved to: /home/huang_kai/wind_turbine_phm/PHOENIX-main/autoencoder_benchmark/ablation_experiments/h1/results/ablation1_sweep_strict_valf1_20260522/trials/trial_0052_B/ablation1_student_only_tcn_attn_weld_seam_windows_ws5_tf75_pg0_h1_ep80_lr0.0003_bs64_seed128
================================================================================
Ablation-1 | Student-only (13D) future-step prediction with TCN+Attention
================================================================================
Dataset: /home/huang_kai/wind_turbine_phm/PHOENIX-main/autoencoder_benchmark/Data/processed_data/weld_seam_windows_ws5_tf75_pg0_h1.npz
Device: cuda
Train/Val/Test: 990 / 175 / 356
Drop features: [3, 4, 5, 6, 7]
Epoch 001 | train_loss=0.7252 | val_acc=97.14% val_f1=0.9662 | test_acc=93.82% test_f1=0.9265
Epoch 002 | train_loss=0.2408 | val_acc=97.71% val_f1=0.9746 | test_acc=94.38% test_f1=0.9319
Epoch 003 | train_loss=0.1216 | val_acc=98.86% val_f1=0.9861 | test_acc=78.09% test_f1=0.7059
Epoch 004 | train_loss=0.0541 | val_acc=99.43% val_f1=0.9919 | test_acc=83.71% test_f1=0.7819
Epoch 005 | train_loss=0.0354 | val_acc=98.86% val_f1=0.9862 | test_acc=79.78% test_f1=0.7187
Epoch 006 | train_loss=0.0726 | val_acc=99.43% val_f1=0.9942 | test_acc=78.09% test_f1=0.7173
Epoch 007 | train_loss=0.0936 | val_acc=98.29% val_f1=0.9805 | test_acc=91.29% test_f1=0.8962
Epoch 008 | train_loss=0.0284 | val_acc=100.00% val_f1=1.0000 | test_acc=69.94% test_f1=0.5456
Epoch 009 | train_loss=0.0646 | val_acc=100.00% val_f1=1.0000 | test_acc=85.11% test_f1=0.8179
Epoch 010 | train_loss=0.0619 | val_acc=98.86% val_f1=0.9837 | test_acc=77.25% test_f1=0.7021
Epoch 011 | train_loss=0.0187 | val_acc=100.00% val_f1=1.0000 | test_acc=79.21% test_f1=0.7335
Epoch 012 | train_loss=0.0723 | val_acc=100.00% val_f1=1.0000 | test_acc=67.98% test_f1=0.5223
Epoch 013 | train_loss=0.0085 | val_acc=100.00% val_f1=1.0000 | test_acc=76.69% test_f1=0.6690
Epoch 014 | train_loss=0.0130 | val_acc=100.00% val_f1=1.0000 | test_acc=76.12% test_f1=0.6828
Epoch 015 | train_loss=0.0205 | val_acc=99.43% val_f1=0.9943 | test_acc=73.88% test_f1=0.6451
Epoch 016 | train_loss=0.0465 | val_acc=99.43% val_f1=0.9943 | test_acc=76.97% test_f1=0.6934
Epoch 017 | train_loss=0.0449 | val_acc=100.00% val_f1=1.0000 | test_acc=74.16% test_f1=0.6785
Epoch 018 | train_loss=0.0115 | val_acc=100.00% val_f1=1.0000 | test_acc=78.93% test_f1=0.7341
Epoch 019 | train_loss=0.0128 | val_acc=100.00% val_f1=1.0000 | test_acc=74.72% test_f1=0.6620
Epoch 020 | train_loss=0.0045 | val_acc=100.00% val_f1=1.0000 | test_acc=69.94% test_f1=0.5495
Epoch 021 | train_loss=0.0143 | val_acc=100.00% val_f1=1.0000 | test_acc=70.22% test_f1=0.5666
Epoch 022 | train_loss=0.0074 | val_acc=99.43% val_f1=0.9943 | test_acc=79.49% test_f1=0.7159
Epoch 023 | train_loss=0.0101 | val_acc=100.00% val_f1=1.0000 | test_acc=79.49% test_f1=0.7237
Epoch 024 | train_loss=0.0169 | val_acc=100.00% val_f1=1.0000 | test_acc=80.34% test_f1=0.7453
Early stopping at epoch 24 (best=8, score=1.000000)
================================================================================
Best epoch: 8
Best score (val_macro_f1): 1.000000
Final test accuracy: 69.94%
Saved to: /home/huang_kai/wind_turbine_phm/PHOENIX-main/autoencoder_benchmark/ablation_experiments/h1/results/ablation1_sweep_strict_valf1_20260522/trials/trial_0053_B/ablation1_student_only_tcn_attn_weld_seam_windows_ws5_tf75_pg0_h1_ep80_lr0.0003_bs64_seed146
================================================================================
Ablation-1 | Student-only (13D) future-step prediction with TCN+Attention
================================================================================
Dataset: /home/huang_kai/wind_turbine_phm/PHOENIX-main/autoencoder_benchmark/Data/processed_data/weld_seam_windows_ws5_tf75_pg0_h1.npz
Device: cuda
Train/Val/Test: 990 / 175 / 356
Drop features: [3, 4, 5, 6, 7]
Epoch 001 | train_loss=0.9759 | val_acc=89.71% val_f1=0.8881 | test_acc=87.08% test_f1=0.8408
Epoch 002 | train_loss=0.6682 | val_acc=95.43% val_f1=0.9518 | test_acc=91.01% test_f1=0.8887
Epoch 003 | train_loss=0.4254 | val_acc=97.71% val_f1=0.9769 | test_acc=89.61% test_f1=0.8638
Epoch 004 | train_loss=0.3167 | val_acc=98.86% val_f1=0.9886 | test_acc=87.08% test_f1=0.8293
Epoch 005 | train_loss=0.2784 | val_acc=100.00% val_f1=1.0000 | test_acc=81.18% test_f1=0.7300
Epoch 006 | train_loss=0.3167 | val_acc=100.00% val_f1=1.0000 | test_acc=85.11% test_f1=0.8081
Epoch 007 | train_loss=0.2366 | val_acc=100.00% val_f1=1.0000 | test_acc=76.40% test_f1=0.6801
Epoch 008 | train_loss=0.2333 | val_acc=100.00% val_f1=1.0000 | test_acc=79.21% test_f1=0.7238
Epoch 009 | train_loss=0.2257 | val_acc=100.00% val_f1=1.0000 | test_acc=74.72% test_f1=0.6301
Epoch 010 | train_loss=0.2301 | val_acc=100.00% val_f1=1.0000 | test_acc=84.55% test_f1=0.8063
Epoch 011 | train_loss=0.2337 | val_acc=100.00% val_f1=1.0000 | test_acc=76.12% test_f1=0.6823
Epoch 012 | train_loss=0.2532 | val_acc=100.00% val_f1=1.0000 | test_acc=76.97% test_f1=0.6966
Epoch 013 | train_loss=0.2379 | val_acc=100.00% val_f1=1.0000 | test_acc=78.65% test_f1=0.7155
Epoch 014 | train_loss=0.2286 | val_acc=100.00% val_f1=1.0000 | test_acc=77.81% test_f1=0.7075
Epoch 015 | train_loss=0.2136 | val_acc=100.00% val_f1=1.0000 | test_acc=79.21% test_f1=0.7326
Epoch 016 | train_loss=0.2159 | val_acc=100.00% val_f1=1.0000 | test_acc=75.84% test_f1=0.6731
Epoch 017 | train_loss=0.2203 | val_acc=100.00% val_f1=1.0000 | test_acc=78.37% test_f1=0.7147
Epoch 018 | train_loss=0.2215 | val_acc=100.00% val_f1=1.0000 | test_acc=74.44% test_f1=0.6613
Epoch 019 | train_loss=0.2149 | val_acc=100.00% val_f1=1.0000 | test_acc=75.28% test_f1=0.6749
Epoch 020 | train_loss=0.2122 | val_acc=100.00% val_f1=1.0000 | test_acc=78.65% test_f1=0.7254
Epoch 021 | train_loss=0.2141 | val_acc=100.00% val_f1=1.0000 | test_acc=75.84% test_f1=0.6829
Early stopping at epoch 21 (best=5, score=1.000000)
================================================================================
Best epoch: 5
Best score (val_macro_f1): 1.000000
Final test accuracy: 81.18%
Saved to: /home/huang_kai/wind_turbine_phm/PHOENIX-main/autoencoder_benchmark/ablation_experiments/h1/results/ablation1_sweep_strict_valf1_20260522/trials/trial_0054_B/ablation1_student_only_tcn_attn_weld_seam_windows_ws5_tf75_pg0_h1_ep80_lr0.00024_bs64_seed112
================================================================================
Ablation-1 | Student-only (13D) future-step prediction with TCN+Attention
================================================================================
Dataset: /home/huang_kai/wind_turbine_phm/PHOENIX-main/autoencoder_benchmark/Data/processed_data/weld_seam_windows_ws5_tf75_pg0_h1.npz
Device: cuda
Train/Val/Test: 990 / 175 / 356
Drop features: [3, 4, 5, 6, 7]
Epoch 001 | train_loss=0.9615 | val_acc=92.00% val_f1=0.9124 | test_acc=95.51% test_f1=0.9513
Epoch 002 | train_loss=0.6901 | val_acc=98.29% val_f1=0.9828 | test_acc=94.38% test_f1=0.9275
Epoch 003 | train_loss=0.4787 | val_acc=98.86% val_f1=0.9885 | test_acc=92.13% test_f1=0.9025
Epoch 004 | train_loss=0.3497 | val_acc=99.43% val_f1=0.9942 | test_acc=87.92% test_f1=0.8454
Epoch 005 | train_loss=0.2713 | val_acc=99.43% val_f1=0.9942 | test_acc=87.36% test_f1=0.8358
Epoch 006 | train_loss=0.2291 | val_acc=100.00% val_f1=1.0000 | test_acc=82.02% test_f1=0.7590
Epoch 007 | train_loss=0.1952 | val_acc=100.00% val_f1=1.0000 | test_acc=82.58% test_f1=0.7632
Epoch 008 | train_loss=0.1729 | val_acc=100.00% val_f1=1.0000 | test_acc=80.90% test_f1=0.7386
Epoch 009 | train_loss=0.1723 | val_acc=100.00% val_f1=1.0000 | test_acc=80.06% test_f1=0.7236
Epoch 010 | train_loss=0.1536 | val_acc=100.00% val_f1=1.0000 | test_acc=79.78% test_f1=0.7230
Epoch 011 | train_loss=0.1507 | val_acc=100.00% val_f1=1.0000 | test_acc=79.78% test_f1=0.7263
Epoch 012 | train_loss=0.1585 | val_acc=100.00% val_f1=1.0000 | test_acc=81.46% test_f1=0.7575
Epoch 013 | train_loss=0.1562 | val_acc=99.43% val_f1=0.9943 | test_acc=81.18% test_f1=0.7516
Epoch 014 | train_loss=0.1685 | val_acc=100.00% val_f1=1.0000 | test_acc=73.88% test_f1=0.6379
Epoch 015 | train_loss=0.1572 | val_acc=100.00% val_f1=1.0000 | test_acc=75.00% test_f1=0.6620
Epoch 016 | train_loss=0.1436 | val_acc=100.00% val_f1=1.0000 | test_acc=77.53% test_f1=0.7048
Epoch 017 | train_loss=0.1490 | val_acc=100.00% val_f1=1.0000 | test_acc=73.60% test_f1=0.6305
Epoch 018 | train_loss=0.1442 | val_acc=100.00% val_f1=1.0000 | test_acc=74.16% test_f1=0.6451
Epoch 019 | train_loss=0.1407 | val_acc=100.00% val_f1=1.0000 | test_acc=72.75% test_f1=0.6236
Epoch 020 | train_loss=0.1423 | val_acc=100.00% val_f1=1.0000 | test_acc=73.31% test_f1=0.6344
Epoch 021 | train_loss=0.1396 | val_acc=100.00% val_f1=1.0000 | test_acc=78.09% test_f1=0.7149
Epoch 022 | train_loss=0.1445 | val_acc=100.00% val_f1=1.0000 | test_acc=79.21% test_f1=0.7313
Early stopping at epoch 22 (best=6, score=1.000000)
================================================================================
Best epoch: 6
Best score (val_macro_f1): 1.000000
Final test accuracy: 82.02%
Saved to: /home/huang_kai/wind_turbine_phm/PHOENIX-main/autoencoder_benchmark/ablation_experiments/h1/results/ablation1_sweep_strict_valf1_20260522/trials/trial_0055_B/ablation1_student_only_tcn_attn_weld_seam_windows_ws5_tf75_pg0_h1_ep80_lr0.00024_bs128_seed139
================================================================================
Ablation-1 | Student-only (13D) future-step prediction with TCN+Attention
================================================================================
Dataset: /home/huang_kai/wind_turbine_phm/PHOENIX-main/autoencoder_benchmark/Data/processed_data/weld_seam_windows_ws5_tf75_pg0_h1.npz
Device: cuda
Train/Val/Test: 990 / 175 / 356
Drop features: [3, 4, 5, 6, 7]
Epoch 001 | train_loss=0.9259 | val_acc=89.14% val_f1=0.8724 | test_acc=83.71% test_f1=0.7732
Epoch 002 | train_loss=0.5549 | val_acc=97.71% val_f1=0.9724 | test_acc=87.64% test_f1=0.8333
Epoch 003 | train_loss=0.4096 | val_acc=97.14% val_f1=0.9673 | test_acc=84.83% test_f1=0.7722
Epoch 004 | train_loss=0.3466 | val_acc=98.86% val_f1=0.9862 | test_acc=84.83% test_f1=0.7842
Epoch 005 | train_loss=0.3580 | val_acc=99.43% val_f1=0.9919 | test_acc=76.40% test_f1=0.6762
Epoch 006 | train_loss=0.3255 | val_acc=98.86% val_f1=0.9862 | test_acc=80.62% test_f1=0.7501
Epoch 007 | train_loss=0.3199 | val_acc=99.43% val_f1=0.9943 | test_acc=82.30% test_f1=0.7748
Epoch 008 | train_loss=0.3088 | val_acc=98.86% val_f1=0.9862 | test_acc=77.25% test_f1=0.6815
Epoch 009 | train_loss=0.3307 | val_acc=98.86% val_f1=0.9886 | test_acc=78.65% test_f1=0.7207
Epoch 010 | train_loss=0.3068 | val_acc=99.43% val_f1=0.9943 | test_acc=73.31% test_f1=0.6519
Epoch 011 | train_loss=0.3192 | val_acc=100.00% val_f1=1.0000 | test_acc=71.63% test_f1=0.6130
Epoch 012 | train_loss=0.2976 | val_acc=100.00% val_f1=1.0000 | test_acc=75.84% test_f1=0.6997
Epoch 013 | train_loss=0.3128 | val_acc=98.86% val_f1=0.9862 | test_acc=73.88% test_f1=0.6790
Epoch 014 | train_loss=0.3059 | val_acc=99.43% val_f1=0.9919 | test_acc=72.19% test_f1=0.6345
Epoch 015 | train_loss=0.2971 | val_acc=99.43% val_f1=0.9943 | test_acc=79.78% test_f1=0.7455
Epoch 016 | train_loss=0.2979 | val_acc=100.00% val_f1=1.0000 | test_acc=73.88% test_f1=0.6869
Epoch 017 | train_loss=0.2957 | val_acc=100.00% val_f1=1.0000 | test_acc=73.31% test_f1=0.6654
Epoch 018 | train_loss=0.2936 | val_acc=100.00% val_f1=1.0000 | test_acc=70.79% test_f1=0.6203
Epoch 019 | train_loss=0.2942 | val_acc=100.00% val_f1=1.0000 | test_acc=72.75% test_f1=0.6533
Epoch 020 | train_loss=0.2961 | val_acc=100.00% val_f1=1.0000 | test_acc=71.63% test_f1=0.6488
Epoch 021 | train_loss=0.2947 | val_acc=100.00% val_f1=1.0000 | test_acc=67.98% test_f1=0.5913
Epoch 022 | train_loss=0.2950 | val_acc=100.00% val_f1=1.0000 | test_acc=72.75% test_f1=0.6668
Epoch 023 | train_loss=0.2979 | val_acc=99.43% val_f1=0.9943 | test_acc=73.31% test_f1=0.6682
Epoch 024 | train_loss=0.2920 | val_acc=99.43% val_f1=0.9919 | test_acc=71.35% test_f1=0.6270
Epoch 025 | train_loss=0.3012 | val_acc=100.00% val_f1=1.0000 | test_acc=74.44% test_f1=0.6705
Epoch 026 | train_loss=0.2965 | val_acc=100.00% val_f1=1.0000 | test_acc=75.00% test_f1=0.6864
Epoch 027 | train_loss=0.2958 | val_acc=100.00% val_f1=1.0000 | test_acc=70.51% test_f1=0.6020
Early stopping at epoch 27 (best=11, score=1.000000)
================================================================================
Best epoch: 11
Best score (val_macro_f1): 1.000000
Final test accuracy: 71.63%
Saved to: /home/huang_kai/wind_turbine_phm/PHOENIX-main/autoencoder_benchmark/ablation_experiments/h1/results/ablation1_sweep_strict_valf1_20260522/trials/trial_0056_B/ablation1_student_only_tcn_attn_weld_seam_windows_ws5_tf75_pg0_h1_ep80_lr0.0003_bs96_seed119
================================================================================
Ablation-1 | Student-only (13D) future-step prediction with TCN+Attention
================================================================================
Dataset: /home/huang_kai/wind_turbine_phm/PHOENIX-main/autoencoder_benchmark/Data/processed_data/weld_seam_windows_ws5_tf75_pg0_h1.npz
Device: cuda
Train/Val/Test: 990 / 175 / 356
Drop features: [3, 4, 5, 6, 7]
Epoch 001 | train_loss=0.9647 | val_acc=82.29% val_f1=0.8120 | test_acc=69.94% test_f1=0.6959
Epoch 002 | train_loss=0.6148 | val_acc=92.57% val_f1=0.9098 | test_acc=89.89% test_f1=0.8800
Epoch 003 | train_loss=0.4302 | val_acc=97.71% val_f1=0.9767 | test_acc=80.06% test_f1=0.7356
Epoch 004 | train_loss=0.3250 | val_acc=100.00% val_f1=1.0000 | test_acc=82.87% test_f1=0.7479
Epoch 005 | train_loss=0.2856 | val_acc=100.00% val_f1=1.0000 | test_acc=81.74% test_f1=0.7469
Epoch 006 | train_loss=0.3093 | val_acc=100.00% val_f1=1.0000 | test_acc=78.37% test_f1=0.6812
Epoch 007 | train_loss=0.2783 | val_acc=100.00% val_f1=1.0000 | test_acc=75.56% test_f1=0.6283
Epoch 008 | train_loss=0.2732 | val_acc=100.00% val_f1=1.0000 | test_acc=78.93% test_f1=0.7070
Epoch 009 | train_loss=0.2659 | val_acc=100.00% val_f1=1.0000 | test_acc=80.62% test_f1=0.7360
Epoch 010 | train_loss=0.2608 | val_acc=100.00% val_f1=1.0000 | test_acc=78.37% test_f1=0.7042
Epoch 011 | train_loss=0.2592 | val_acc=100.00% val_f1=1.0000 | test_acc=80.62% test_f1=0.7323
Epoch 012 | train_loss=0.2600 | val_acc=100.00% val_f1=1.0000 | test_acc=70.22% test_f1=0.5826
Epoch 013 | train_loss=0.2829 | val_acc=100.00% val_f1=1.0000 | test_acc=72.19% test_f1=0.6144
Epoch 014 | train_loss=0.2590 | val_acc=100.00% val_f1=1.0000 | test_acc=81.74% test_f1=0.7691
Epoch 015 | train_loss=0.2509 | val_acc=100.00% val_f1=1.0000 | test_acc=72.19% test_f1=0.6211
Epoch 016 | train_loss=0.2465 | val_acc=100.00% val_f1=1.0000 | test_acc=75.84% test_f1=0.6698
Epoch 017 | train_loss=0.2541 | val_acc=100.00% val_f1=1.0000 | test_acc=76.12% test_f1=0.6697
Epoch 018 | train_loss=0.2472 | val_acc=100.00% val_f1=1.0000 | test_acc=75.28% test_f1=0.6571
Epoch 019 | train_loss=0.2581 | val_acc=100.00% val_f1=1.0000 | test_acc=74.72% test_f1=0.6602
Epoch 020 | train_loss=0.2528 | val_acc=100.00% val_f1=1.0000 | test_acc=75.00% test_f1=0.6643
Early stopping at epoch 20 (best=4, score=1.000000)
================================================================================
Best epoch: 4
Best score (val_macro_f1): 1.000000
Final test accuracy: 82.87%
Saved to: /home/huang_kai/wind_turbine_phm/PHOENIX-main/autoencoder_benchmark/ablation_experiments/h1/results/ablation1_sweep_strict_valf1_20260522/trials/trial_0057_B/ablation1_student_only_tcn_attn_weld_seam_windows_ws5_tf75_pg0_h1_ep80_lr0.00025_bs96_seed136
================================================================================
Ablation-1 | Student-only (13D) future-step prediction with TCN+Attention
================================================================================
Dataset: /home/huang_kai/wind_turbine_phm/PHOENIX-main/autoencoder_benchmark/Data/processed_data/weld_seam_windows_ws5_tf75_pg0_h1.npz
Device: cuda
Train/Val/Test: 990 / 175 / 356
Drop features: [3, 4, 5, 6, 7]
Epoch 001 | train_loss=0.8830 | val_acc=88.57% val_f1=0.8540 | test_acc=66.29% test_f1=0.5236
Epoch 002 | train_loss=0.5209 | val_acc=97.71% val_f1=0.9742 | test_acc=73.60% test_f1=0.6398
Epoch 003 | train_loss=0.3481 | val_acc=98.29% val_f1=0.9782 | test_acc=80.06% test_f1=0.7468
Epoch 004 | train_loss=0.2934 | val_acc=98.86% val_f1=0.9862 | test_acc=83.71% test_f1=0.7959
Epoch 005 | train_loss=0.2591 | val_acc=98.29% val_f1=0.9807 | test_acc=74.44% test_f1=0.6233
Epoch 006 | train_loss=0.2485 | val_acc=99.43% val_f1=0.9943 | test_acc=79.49% test_f1=0.7212
Epoch 007 | train_loss=0.2512 | val_acc=100.00% val_f1=1.0000 | test_acc=80.34% test_f1=0.7507
Epoch 008 | train_loss=0.2352 | val_acc=99.43% val_f1=0.9943 | test_acc=80.90% test_f1=0.7569
Epoch 009 | train_loss=0.2405 | val_acc=100.00% val_f1=1.0000 | test_acc=71.91% test_f1=0.6262
Epoch 010 | train_loss=0.2385 | val_acc=100.00% val_f1=1.0000 | test_acc=74.16% test_f1=0.6645
Epoch 011 | train_loss=0.2372 | val_acc=99.43% val_f1=0.9919 | test_acc=67.70% test_f1=0.5262
Epoch 012 | train_loss=0.2215 | val_acc=100.00% val_f1=1.0000 | test_acc=66.57% test_f1=0.5425
Epoch 013 | train_loss=0.3118 | val_acc=99.43% val_f1=0.9943 | test_acc=80.90% test_f1=0.7669
Epoch 014 | train_loss=0.2270 | val_acc=100.00% val_f1=1.0000 | test_acc=76.40% test_f1=0.6850
Epoch 015 | train_loss=0.2277 | val_acc=100.00% val_f1=1.0000 | test_acc=74.44% test_f1=0.6674
Epoch 016 | train_loss=0.2162 | val_acc=100.00% val_f1=1.0000 | test_acc=74.72% test_f1=0.6721
Epoch 017 | train_loss=0.2388 | val_acc=100.00% val_f1=1.0000 | test_acc=74.16% test_f1=0.6609
Epoch 018 | train_loss=0.2400 | val_acc=100.00% val_f1=1.0000 | test_acc=66.57% test_f1=0.5318
Epoch 019 | train_loss=0.2215 | val_acc=100.00% val_f1=1.0000 | test_acc=81.18% test_f1=0.7649
Epoch 020 | train_loss=0.2232 | val_acc=99.43% val_f1=0.9919 | test_acc=75.84% test_f1=0.6796
Epoch 021 | train_loss=0.2150 | val_acc=99.43% val_f1=0.9919 | test_acc=74.44% test_f1=0.6539
Epoch 022 | train_loss=0.2132 | val_acc=100.00% val_f1=1.0000 | test_acc=76.40% test_f1=0.6965
Epoch 023 | train_loss=0.2304 | val_acc=100.00% val_f1=1.0000 | test_acc=75.56% test_f1=0.6849
Early stopping at epoch 23 (best=7, score=1.000000)
================================================================================
Best epoch: 7
Best score (val_macro_f1): 1.000000
Final test accuracy: 80.34%
Saved to: /home/huang_kai/wind_turbine_phm/PHOENIX-main/autoencoder_benchmark/ablation_experiments/h1/results/ablation1_sweep_strict_valf1_20260522/trials/trial_0058_B/ablation1_student_only_tcn_attn_weld_seam_windows_ws5_tf75_pg0_h1_ep80_lr0.00036_bs96_seed101
================================================================================
Ablation-1 | Student-only (13D) future-step prediction with TCN+Attention
================================================================================
Dataset: /home/huang_kai/wind_turbine_phm/PHOENIX-main/autoencoder_benchmark/Data/processed_data/weld_seam_windows_ws5_tf75_pg0_h1.npz
Device: cuda
Train/Val/Test: 990 / 175 / 356
Drop features: [3, 4, 5, 6, 7]
Epoch 001 | train_loss=0.8998 | val_acc=92.00% val_f1=0.8990 | test_acc=61.80% test_f1=0.4138
Epoch 002 | train_loss=0.5239 | val_acc=96.57% val_f1=0.9600 | test_acc=69.66% test_f1=0.5749
Epoch 003 | train_loss=0.2945 | val_acc=97.71% val_f1=0.9742 | test_acc=79.49% test_f1=0.7297
Epoch 004 | train_loss=0.1609 | val_acc=98.86% val_f1=0.9862 | test_acc=89.33% test_f1=0.8630
Epoch 005 | train_loss=0.0668 | val_acc=98.86% val_f1=0.9861 | test_acc=79.78% test_f1=0.7294
Epoch 006 | train_loss=0.0680 | val_acc=99.43% val_f1=0.9919 | test_acc=77.25% test_f1=0.6871
Epoch 007 | train_loss=0.0559 | val_acc=99.43% val_f1=0.9919 | test_acc=87.36% test_f1=0.8269
Epoch 008 | train_loss=0.0244 | val_acc=99.43% val_f1=0.9919 | test_acc=71.91% test_f1=0.5717
Epoch 009 | train_loss=0.0345 | val_acc=100.00% val_f1=1.0000 | test_acc=74.72% test_f1=0.6579
Epoch 010 | train_loss=0.0119 | val_acc=100.00% val_f1=1.0000 | test_acc=77.81% test_f1=0.7046
Epoch 011 | train_loss=0.0202 | val_acc=100.00% val_f1=1.0000 | test_acc=78.09% test_f1=0.7103
Epoch 012 | train_loss=0.0200 | val_acc=99.43% val_f1=0.9919 | test_acc=71.07% test_f1=0.5936
Epoch 013 | train_loss=0.0177 | val_acc=100.00% val_f1=1.0000 | test_acc=72.75% test_f1=0.6048
Epoch 014 | train_loss=0.0066 | val_acc=100.00% val_f1=1.0000 | test_acc=78.93% test_f1=0.7191
Epoch 015 | train_loss=0.0071 | val_acc=100.00% val_f1=1.0000 | test_acc=80.34% test_f1=0.7425
Epoch 016 | train_loss=0.0041 | val_acc=100.00% val_f1=1.0000 | test_acc=79.49% test_f1=0.7309
Epoch 017 | train_loss=0.0051 | val_acc=100.00% val_f1=1.0000 | test_acc=79.21% test_f1=0.7270
Epoch 018 | train_loss=0.0047 | val_acc=100.00% val_f1=1.0000 | test_acc=78.09% test_f1=0.7081
Epoch 019 | train_loss=0.0033 | val_acc=100.00% val_f1=1.0000 | test_acc=73.88% test_f1=0.6403
Epoch 020 | train_loss=0.0171 | val_acc=100.00% val_f1=1.0000 | test_acc=75.56% test_f1=0.6689
Epoch 021 | train_loss=0.0034 | val_acc=100.00% val_f1=1.0000 | test_acc=85.11% test_f1=0.8133
Epoch 022 | train_loss=0.0963 | val_acc=98.29% val_f1=0.9755 | test_acc=70.22% test_f1=0.5460
Epoch 023 | train_loss=0.0069 | val_acc=99.43% val_f1=0.9919 | test_acc=77.53% test_f1=0.6851
Epoch 024 | train_loss=0.0264 | val_acc=99.43% val_f1=0.9919 | test_acc=77.81% test_f1=0.7037
Epoch 025 | train_loss=0.0205 | val_acc=100.00% val_f1=1.0000 | test_acc=78.37% test_f1=0.7117
Early stopping at epoch 25 (best=9, score=1.000000)
================================================================================
Best epoch: 9
Best score (val_macro_f1): 1.000000
Final test accuracy: 74.72%
Saved to: /home/huang_kai/wind_turbine_phm/PHOENIX-main/autoencoder_benchmark/ablation_experiments/h1/results/ablation1_sweep_strict_valf1_20260522/trials/trial_0059_B/ablation1_student_only_tcn_attn_weld_seam_windows_ws5_tf75_pg0_h1_ep80_lr0.00036_bs128_seed111
================================================================================
Ablation-1 | Student-only (13D) future-step prediction with TCN+Attention
================================================================================
Dataset: /home/huang_kai/wind_turbine_phm/PHOENIX-main/autoencoder_benchmark/Data/processed_data/weld_seam_windows_ws5_tf75_pg0_h1.npz
Device: cuda
Train/Val/Test: 990 / 175 / 356
Drop features: [3, 4, 5, 6, 7]
Epoch 001 | train_loss=0.8811 | val_acc=77.14% val_f1=0.7939 | test_acc=55.62% test_f1=0.5003
Epoch 002 | train_loss=0.4791 | val_acc=97.71% val_f1=0.9743 | test_acc=82.30% test_f1=0.7909
Epoch 003 | train_loss=0.3109 | val_acc=98.29% val_f1=0.9801 | test_acc=82.02% test_f1=0.7739
Epoch 004 | train_loss=0.2534 | val_acc=98.29% val_f1=0.9803 | test_acc=81.18% test_f1=0.7419
Epoch 005 | train_loss=0.2371 | val_acc=98.86% val_f1=0.9837 | test_acc=78.93% test_f1=0.7016
Epoch 006 | train_loss=0.2078 | val_acc=99.43% val_f1=0.9941 | test_acc=77.25% test_f1=0.6654
Epoch 007 | train_loss=0.2038 | val_acc=99.43% val_f1=0.9943 | test_acc=82.02% test_f1=0.7457
Epoch 008 | train_loss=0.1876 | val_acc=100.00% val_f1=1.0000 | test_acc=79.78% test_f1=0.7408
Epoch 009 | train_loss=0.2146 | val_acc=100.00% val_f1=1.0000 | test_acc=67.98% test_f1=0.5357
Epoch 010 | train_loss=0.2021 | val_acc=98.86% val_f1=0.9837 | test_acc=71.35% test_f1=0.6072
Epoch 011 | train_loss=0.1874 | val_acc=100.00% val_f1=1.0000 | test_acc=75.00% test_f1=0.6770
Epoch 012 | train_loss=0.1867 | val_acc=100.00% val_f1=1.0000 | test_acc=70.22% test_f1=0.5828
Epoch 013 | train_loss=0.1820 | val_acc=100.00% val_f1=1.0000 | test_acc=71.07% test_f1=0.5935
Epoch 014 | train_loss=0.1918 | val_acc=100.00% val_f1=1.0000 | test_acc=77.81% test_f1=0.7090
Epoch 015 | train_loss=0.1791 | val_acc=100.00% val_f1=1.0000 | test_acc=75.56% test_f1=0.6909
Epoch 016 | train_loss=0.1782 | val_acc=100.00% val_f1=1.0000 | test_acc=71.35% test_f1=0.6250
Epoch 017 | train_loss=0.1887 | val_acc=100.00% val_f1=1.0000 | test_acc=74.72% test_f1=0.6675
Epoch 018 | train_loss=0.1765 | val_acc=100.00% val_f1=1.0000 | test_acc=76.69% test_f1=0.7032
Epoch 019 | train_loss=0.1903 | val_acc=100.00% val_f1=1.0000 | test_acc=77.25% test_f1=0.7181
Epoch 020 | train_loss=0.1790 | val_acc=100.00% val_f1=1.0000 | test_acc=71.35% test_f1=0.5988
Epoch 021 | train_loss=0.1757 | val_acc=100.00% val_f1=1.0000 | test_acc=70.79% test_f1=0.5717
Epoch 022 | train_loss=0.1848 | val_acc=100.00% val_f1=1.0000 | test_acc=72.19% test_f1=0.5913
Epoch 023 | train_loss=0.1786 | val_acc=100.00% val_f1=1.0000 | test_acc=66.57% test_f1=0.5329
Epoch 024 | train_loss=0.1788 | val_acc=100.00% val_f1=1.0000 | test_acc=68.54% test_f1=0.5656
Early stopping at epoch 24 (best=8, score=1.000000)
================================================================================
Best epoch: 8
Best score (val_macro_f1): 1.000000
Final test accuracy: 79.78%
Saved to: /home/huang_kai/wind_turbine_phm/PHOENIX-main/autoencoder_benchmark/ablation_experiments/h1/results/ablation1_sweep_strict_valf1_20260522/trials/trial_0060_B/ablation1_student_only_tcn_attn_weld_seam_windows_ws5_tf75_pg0_h1_ep80_lr0.00024_bs64_seed129
========================================================================================
Ablation-1 Hyperparameter Sweep
========================================================================================
Dataset: /home/huang_kai/wind_turbine_phm/PHOENIX-main/autoencoder_benchmark/Data/processed_data/weld_seam_windows_ws5_tf75_pg0_h1.npz
Checkpoint metric: val_macro_f1
Target test_acc: 90.00%
Stage-A runs: 40
[A 001] status=success val_f1=1.0000 test_acc=87.08%
[A 002] status=success val_f1=1.0000 test_acc=79.21%
[A 003] status=success val_f1=1.0000 test_acc=78.65%
[A 004] status=success val_f1=1.0000 test_acc=81.46%
[A 005] status=success val_f1=1.0000 test_acc=75.56%
[A 006] status=success val_f1=1.0000 test_acc=81.46%
[A 007] status=success val_f1=1.0000 test_acc=82.02%
[A 008] status=success val_f1=1.0000 test_acc=76.69%
[A 009] status=success val_f1=1.0000 test_acc=81.18%
[A 010] status=success val_f1=1.0000 test_acc=85.11%
[A 011] status=success val_f1=1.0000 test_acc=79.49%
[A 012] status=success val_f1=1.0000 test_acc=80.34%
[A 013] status=success val_f1=1.0000 test_acc=82.30%
[A 014] status=success val_f1=1.0000 test_acc=77.81%
[A 015] status=success val_f1=1.0000 test_acc=75.00%
[A 016] status=success val_f1=1.0000 test_acc=76.40%
[A 017] status=success val_f1=1.0000 test_acc=81.18%
[A 018] status=success val_f1=1.0000 test_acc=81.18%
[A 019] status=success val_f1=1.0000 test_acc=79.49%
[A 020] status=success val_f1=1.0000 test_acc=87.64%
[A 021] status=success val_f1=1.0000 test_acc=81.18%
[A 022] status=success val_f1=1.0000 test_acc=86.24%
[A 023] status=success val_f1=1.0000 test_acc=77.25%
[A 024] status=success val_f1=1.0000 test_acc=83.71%
[A 025] status=success val_f1=1.0000 test_acc=83.99%
[A 026] status=success val_f1=1.0000 test_acc=75.28%
[A 027] status=success val_f1=1.0000 test_acc=78.93%
[A 028] status=success val_f1=1.0000 test_acc=77.53%
[A 029] status=success val_f1=1.0000 test_acc=80.62%
[A 030] status=success val_f1=1.0000 test_acc=78.93%
[A 031] status=success val_f1=1.0000 test_acc=82.58%
[A 032] status=success val_f1=1.0000 test_acc=78.93%
[A 033] status=success val_f1=1.0000 test_acc=86.24%
[A 034] status=success val_f1=1.0000 test_acc=87.36%
[A 035] status=success val_f1=1.0000 test_acc=84.83%
[A 036] status=success val_f1=1.0000 test_acc=80.62%
[A 037] status=success val_f1=1.0000 test_acc=88.76%
[A 038] status=success val_f1=1.0000 test_acc=77.81%
[A 039] status=success val_f1=1.0000 test_acc=78.93%
[A 040] status=success val_f1=1.0000 test_acc=78.37%
Stage-B runs: 20
[B 041] status=success val_f1=1.0000 test_acc=88.20%
[B 042] status=success val_f1=1.0000 test_acc=86.80%
[B 043] status=success val_f1=1.0000 test_acc=75.00%
[B 044] status=success val_f1=1.0000 test_acc=83.43%
[B 045] status=success val_f1=1.0000 test_acc=81.46%
[B 046] status=success val_f1=1.0000 test_acc=81.18%
[B 047] status=success val_f1=1.0000 test_acc=85.67%
[B 048] status=success val_f1=1.0000 test_acc=81.46%
[B 049] status=success val_f1=1.0000 test_acc=84.27%
[B 050] status=success val_f1=1.0000 test_acc=80.90%
[B 051] status=success val_f1=1.0000 test_acc=83.71%
[B 052] status=success val_f1=1.0000 test_acc=83.99%
[B 053] status=success val_f1=1.0000 test_acc=69.94%
[B 054] status=success val_f1=1.0000 test_acc=81.18%
[B 055] status=success val_f1=1.0000 test_acc=82.02%
[B 056] status=success val_f1=1.0000 test_acc=71.63%
[B 057] status=success val_f1=1.0000 test_acc=82.87%
[B 058] status=success val_f1=1.0000 test_acc=80.34%
[B 059] status=success val_f1=1.0000 test_acc=74.72%
[B 060] status=success val_f1=1.0000 test_acc=79.78%
========================================================================================
Finished trials: 60
Progress CSV: /home/huang_kai/wind_turbine_phm/PHOENIX-main/autoencoder_benchmark/ablation_experiments/h1/reports/ablation1_sweep_strict_valf1_20260522/ablation1_sweep_progress.csv
Runtime summary JSON: /home/huang_kai/wind_turbine_phm/PHOENIX-main/autoencoder_benchmark/ablation_experiments/h1/reports/ablation1_sweep_strict_valf1_20260522/ablation1_sweep_runtime_summary.json
