================================================================================
Ablation-1 | Student-only (13D) future-step prediction with TCN+Attention
================================================================================
Dataset: Data/processed_data/weld_seam_windows_ws5_tf75_pg0_h1.npz
Device: cuda
Train/Val/Test: 990 / 175 / 356
Drop features: [3, 4, 5, 6, 7]
Epoch 001 | train_loss=0.9033 | val_acc=78.29% val_f1=0.6704 | test_acc=82.87% test_f1=0.7547
Epoch 002 | train_loss=0.5152 | val_acc=95.43% val_f1=0.9413 | test_acc=87.36% test_f1=0.8435
Epoch 003 | train_loss=0.2997 | val_acc=96.00% val_f1=0.9581 | test_acc=92.13% test_f1=0.9025
Epoch 004 | train_loss=0.1637 | val_acc=97.71% val_f1=0.9749 | test_acc=90.73% test_f1=0.8773
Epoch 005 | train_loss=0.1083 | val_acc=98.29% val_f1=0.9755 | test_acc=84.83% test_f1=0.7866
Epoch 006 | train_loss=0.0663 | val_acc=100.00% val_f1=1.0000 | test_acc=87.08% test_f1=0.8216
Epoch 007 | train_loss=0.0569 | val_acc=100.00% val_f1=1.0000 | test_acc=83.71% test_f1=0.7752
Epoch 008 | train_loss=0.0423 | val_acc=100.00% val_f1=1.0000 | test_acc=80.06% test_f1=0.7174
Epoch 009 | train_loss=0.0439 | val_acc=99.43% val_f1=0.9919 | test_acc=74.44% test_f1=0.6050
Epoch 010 | train_loss=0.0263 | val_acc=100.00% val_f1=1.0000 | test_acc=78.37% test_f1=0.6930
Epoch 011 | train_loss=0.0267 | val_acc=99.43% val_f1=0.9919 | test_acc=77.81% test_f1=0.6953
Epoch 012 | train_loss=0.0095 | val_acc=100.00% val_f1=1.0000 | test_acc=82.30% test_f1=0.7743
Epoch 013 | train_loss=0.0124 | val_acc=100.00% val_f1=1.0000 | test_acc=80.62% test_f1=0.7436
Epoch 014 | train_loss=0.0075 | val_acc=99.43% val_f1=0.9919 | test_acc=78.37% test_f1=0.7018
Epoch 015 | train_loss=0.0101 | val_acc=100.00% val_f1=1.0000 | test_acc=78.65% test_f1=0.7051
Epoch 016 | train_loss=0.0052 | val_acc=100.00% val_f1=1.0000 | test_acc=77.53% test_f1=0.6938
Epoch 017 | train_loss=0.0066 | val_acc=100.00% val_f1=1.0000 | test_acc=79.49% test_f1=0.7286
Epoch 018 | train_loss=0.0084 | val_acc=100.00% val_f1=1.0000 | test_acc=83.15% test_f1=0.7847
Epoch 019 | train_loss=0.0039 | val_acc=100.00% val_f1=1.0000 | test_acc=81.74% test_f1=0.7634
Early stopping at epoch 19 (best=3, score=0.921348)
================================================================================
Best epoch: 3
Best score (test_acc): 0.921348
Final test accuracy: 92.13%
Saved to: ablation_experiments/h1/results/run_20260327_131013/ablation1_sweep/trials/trial_0001_A/ablation1_student_only_tcn_attn_weld_seam_windows_ws5_tf75_pg0_h1_ep80_lr0.0003_bs128_seed154
================================================================================
Ablation-1 | Student-only (13D) future-step prediction with TCN+Attention
================================================================================
Dataset: Data/processed_data/weld_seam_windows_ws5_tf75_pg0_h1.npz
Device: cuda
Train/Val/Test: 990 / 175 / 356
Drop features: [3, 4, 5, 6, 7]
Epoch 001 | train_loss=0.9880 | val_acc=66.86% val_f1=0.6899 | test_acc=53.09% test_f1=0.4852
Epoch 002 | train_loss=0.6430 | val_acc=90.86% val_f1=0.9094 | test_acc=74.44% test_f1=0.7551
Epoch 003 | train_loss=0.4438 | val_acc=95.43% val_f1=0.9550 | test_acc=88.48% test_f1=0.8505
Epoch 004 | train_loss=0.3184 | val_acc=97.71% val_f1=0.9770 | test_acc=84.83% test_f1=0.7931
Epoch 005 | train_loss=0.2378 | val_acc=99.43% val_f1=0.9942 | test_acc=81.46% test_f1=0.7498
Epoch 006 | train_loss=0.2150 | val_acc=99.43% val_f1=0.9943 | test_acc=82.58% test_f1=0.7592
Epoch 007 | train_loss=0.1993 | val_acc=100.00% val_f1=1.0000 | test_acc=79.21% test_f1=0.6883
Epoch 008 | train_loss=0.1922 | val_acc=100.00% val_f1=1.0000 | test_acc=79.78% test_f1=0.7168
Epoch 009 | train_loss=0.1860 | val_acc=100.00% val_f1=1.0000 | test_acc=82.58% test_f1=0.7641
Epoch 010 | train_loss=0.1880 | val_acc=100.00% val_f1=1.0000 | test_acc=80.90% test_f1=0.7335
Epoch 011 | train_loss=0.2109 | val_acc=100.00% val_f1=1.0000 | test_acc=81.18% test_f1=0.7459
Epoch 012 | train_loss=0.2027 | val_acc=100.00% val_f1=1.0000 | test_acc=80.34% test_f1=0.7218
Epoch 013 | train_loss=0.1879 | val_acc=100.00% val_f1=1.0000 | test_acc=79.49% test_f1=0.7135
Epoch 014 | train_loss=0.1897 | val_acc=100.00% val_f1=1.0000 | test_acc=77.53% test_f1=0.6719
Epoch 015 | train_loss=0.1856 | val_acc=100.00% val_f1=1.0000 | test_acc=85.39% test_f1=0.8125
Epoch 016 | train_loss=0.1803 | val_acc=100.00% val_f1=1.0000 | test_acc=82.87% test_f1=0.7712
Epoch 017 | train_loss=0.1780 | val_acc=100.00% val_f1=1.0000 | test_acc=80.34% test_f1=0.7318
Epoch 018 | train_loss=0.1869 | val_acc=100.00% val_f1=1.0000 | test_acc=79.21% test_f1=0.7191
Epoch 019 | train_loss=0.1876 | val_acc=100.00% val_f1=1.0000 | test_acc=75.00% test_f1=0.6376
Early stopping at epoch 19 (best=3, score=0.884831)
================================================================================
Best epoch: 3
Best score (test_acc): 0.884831
Final test accuracy: 88.48%
Saved to: ablation_experiments/h1/results/run_20260327_131013/ablation1_sweep/trials/trial_0002_A/ablation1_student_only_tcn_attn_weld_seam_windows_ws5_tf75_pg0_h1_ep80_lr0.0002_bs96_seed152
================================================================================
Ablation-1 | Student-only (13D) future-step prediction with TCN+Attention
================================================================================
Dataset: Data/processed_data/weld_seam_windows_ws5_tf75_pg0_h1.npz
Device: cuda
Train/Val/Test: 990 / 175 / 356
Drop features: [3, 4, 5, 6, 7]
Epoch 001 | train_loss=1.0038 | val_acc=59.43% val_f1=0.6044 | test_acc=57.02% test_f1=0.6039
Epoch 002 | train_loss=0.7210 | val_acc=83.43% val_f1=0.8067 | test_acc=78.93% test_f1=0.8148
Epoch 003 | train_loss=0.5189 | val_acc=90.86% val_f1=0.8846 | test_acc=87.64% test_f1=0.8586
Epoch 004 | train_loss=0.3773 | val_acc=98.86% val_f1=0.9883 | test_acc=84.83% test_f1=0.8154
Epoch 005 | train_loss=0.3175 | val_acc=98.86% val_f1=0.9886 | test_acc=87.64% test_f1=0.8412
Epoch 006 | train_loss=0.2585 | val_acc=97.14% val_f1=0.9712 | test_acc=87.92% test_f1=0.8386
Epoch 007 | train_loss=0.2301 | val_acc=98.29% val_f1=0.9830 | test_acc=81.18% test_f1=0.7158
Epoch 008 | train_loss=0.2159 | val_acc=98.29% val_f1=0.9830 | test_acc=83.99% test_f1=0.7529
Epoch 009 | train_loss=0.2035 | val_acc=98.86% val_f1=0.9886 | test_acc=82.58% test_f1=0.7434
Epoch 010 | train_loss=0.1962 | val_acc=100.00% val_f1=1.0000 | test_acc=78.65% test_f1=0.6882
Epoch 011 | train_loss=0.1909 | val_acc=100.00% val_f1=1.0000 | test_acc=76.97% test_f1=0.6709
Epoch 012 | train_loss=0.1870 | val_acc=100.00% val_f1=1.0000 | test_acc=75.84% test_f1=0.6556
Epoch 013 | train_loss=0.1965 | val_acc=100.00% val_f1=1.0000 | test_acc=71.63% test_f1=0.6010
Epoch 014 | train_loss=0.1890 | val_acc=100.00% val_f1=1.0000 | test_acc=73.88% test_f1=0.6327
Epoch 015 | train_loss=0.1930 | val_acc=100.00% val_f1=1.0000 | test_acc=76.69% test_f1=0.6703
Epoch 016 | train_loss=0.1859 | val_acc=100.00% val_f1=1.0000 | test_acc=76.97% test_f1=0.6760
Epoch 017 | train_loss=0.1864 | val_acc=100.00% val_f1=1.0000 | test_acc=74.72% test_f1=0.6427
Epoch 018 | train_loss=0.1848 | val_acc=100.00% val_f1=1.0000 | test_acc=75.84% test_f1=0.6797
Epoch 019 | train_loss=0.1905 | val_acc=100.00% val_f1=1.0000 | test_acc=79.78% test_f1=0.7403
Epoch 020 | train_loss=0.1806 | val_acc=100.00% val_f1=1.0000 | test_acc=76.69% test_f1=0.6947
Epoch 021 | train_loss=0.1823 | val_acc=100.00% val_f1=1.0000 | test_acc=74.44% test_f1=0.6504
Epoch 022 | train_loss=0.1831 | val_acc=100.00% val_f1=1.0000 | test_acc=76.40% test_f1=0.6834
Early stopping at epoch 22 (best=6, score=0.879213)
================================================================================
Best epoch: 6
Best score (test_acc): 0.879213
Final test accuracy: 87.92%
Saved to: ablation_experiments/h1/results/run_20260327_131013/ablation1_sweep/trials/trial_0003_A/ablation1_student_only_tcn_attn_weld_seam_windows_ws5_tf75_pg0_h1_ep80_lr0.00025_bs128_seed136
================================================================================
Ablation-1 | Student-only (13D) future-step prediction with TCN+Attention
================================================================================
Dataset: Data/processed_data/weld_seam_windows_ws5_tf75_pg0_h1.npz
Device: cuda
Train/Val/Test: 990 / 175 / 356
Drop features: [3, 4, 5, 6, 7]
Epoch 001 | train_loss=0.9629 | val_acc=73.71% val_f1=0.7239 | test_acc=98.31% test_f1=0.9778
Epoch 002 | train_loss=0.6724 | val_acc=92.57% val_f1=0.9235 | test_acc=96.63% test_f1=0.9587
Epoch 003 | train_loss=0.4712 | val_acc=97.71% val_f1=0.9771 | test_acc=90.45% test_f1=0.8735
Epoch 004 | train_loss=0.3418 | val_acc=97.14% val_f1=0.9666 | test_acc=88.76% test_f1=0.8573
Epoch 005 | train_loss=0.3070 | val_acc=97.71% val_f1=0.9723 | test_acc=85.67% test_f1=0.8179
Epoch 006 | train_loss=0.2771 | val_acc=98.86% val_f1=0.9883 | test_acc=81.18% test_f1=0.7462
Epoch 007 | train_loss=0.2520 | val_acc=100.00% val_f1=1.0000 | test_acc=81.46% test_f1=0.7363
Epoch 008 | train_loss=0.2444 | val_acc=100.00% val_f1=1.0000 | test_acc=77.81% test_f1=0.6855
Epoch 009 | train_loss=0.2344 | val_acc=100.00% val_f1=1.0000 | test_acc=72.47% test_f1=0.6161
Epoch 010 | train_loss=0.2378 | val_acc=100.00% val_f1=1.0000 | test_acc=70.79% test_f1=0.5923
Epoch 011 | train_loss=0.2354 | val_acc=100.00% val_f1=1.0000 | test_acc=77.81% test_f1=0.7037
Epoch 012 | train_loss=0.2289 | val_acc=100.00% val_f1=1.0000 | test_acc=73.60% test_f1=0.6229
Epoch 013 | train_loss=0.2196 | val_acc=100.00% val_f1=1.0000 | test_acc=73.88% test_f1=0.6323
Epoch 014 | train_loss=0.2103 | val_acc=100.00% val_f1=1.0000 | test_acc=77.53% test_f1=0.6921
Epoch 015 | train_loss=0.2206 | val_acc=100.00% val_f1=1.0000 | test_acc=71.63% test_f1=0.6058
Epoch 016 | train_loss=0.2167 | val_acc=100.00% val_f1=1.0000 | test_acc=76.69% test_f1=0.6838
Epoch 017 | train_loss=0.2122 | val_acc=100.00% val_f1=1.0000 | test_acc=77.53% test_f1=0.6977
Early stopping at epoch 17 (best=1, score=0.983146)
================================================================================
Best epoch: 1
Best score (test_acc): 0.983146
Final test accuracy: 98.31%
Saved to: ablation_experiments/h1/results/run_20260327_131013/ablation1_sweep/trials/trial_0004_A/ablation1_student_only_tcn_attn_weld_seam_windows_ws5_tf75_pg0_h1_ep80_lr0.00015_bs96_seed156
================================================================================
Ablation-1 | Student-only (13D) future-step prediction with TCN+Attention
================================================================================
Dataset: Data/processed_data/weld_seam_windows_ws5_tf75_pg0_h1.npz
Device: cuda
Train/Val/Test: 990 / 175 / 356
Drop features: [3, 4, 5, 6, 7]
Epoch 001 | train_loss=0.8301 | val_acc=80.57% val_f1=0.7944 | test_acc=91.01% test_f1=0.9076
Epoch 002 | train_loss=0.3242 | val_acc=94.86% val_f1=0.9422 | test_acc=92.13% test_f1=0.8918
Epoch 003 | train_loss=0.1323 | val_acc=97.14% val_f1=0.9667 | test_acc=87.92% test_f1=0.8347
Epoch 004 | train_loss=0.0732 | val_acc=98.29% val_f1=0.9830 | test_acc=83.71% test_f1=0.7540
Epoch 005 | train_loss=0.0410 | val_acc=100.00% val_f1=1.0000 | test_acc=75.56% test_f1=0.6611
Epoch 006 | train_loss=0.0414 | val_acc=98.86% val_f1=0.9886 | test_acc=85.11% test_f1=0.8103
Epoch 007 | train_loss=0.0284 | val_acc=100.00% val_f1=1.0000 | test_acc=74.16% test_f1=0.6378
Epoch 008 | train_loss=0.0236 | val_acc=98.86% val_f1=0.9886 | test_acc=78.65% test_f1=0.7108
Epoch 009 | train_loss=0.0187 | val_acc=99.43% val_f1=0.9943 | test_acc=83.43% test_f1=0.7892
Epoch 010 | train_loss=0.0083 | val_acc=99.43% val_f1=0.9943 | test_acc=73.03% test_f1=0.6323
Epoch 011 | train_loss=0.0158 | val_acc=100.00% val_f1=1.0000 | test_acc=71.35% test_f1=0.5995
Epoch 012 | train_loss=0.0340 | val_acc=100.00% val_f1=1.0000 | test_acc=81.74% test_f1=0.7738
Epoch 013 | train_loss=0.0246 | val_acc=99.43% val_f1=0.9919 | test_acc=72.19% test_f1=0.6190
Epoch 014 | train_loss=0.0117 | val_acc=100.00% val_f1=1.0000 | test_acc=74.72% test_f1=0.6723
Epoch 015 | train_loss=0.0130 | val_acc=100.00% val_f1=1.0000 | test_acc=80.06% test_f1=0.7523
Epoch 016 | train_loss=0.0097 | val_acc=99.43% val_f1=0.9943 | test_acc=73.60% test_f1=0.6492
Epoch 017 | train_loss=0.0076 | val_acc=100.00% val_f1=1.0000 | test_acc=69.94% test_f1=0.5791
Epoch 018 | train_loss=0.0096 | val_acc=99.43% val_f1=0.9943 | test_acc=74.16% test_f1=0.6279
Early stopping at epoch 18 (best=2, score=0.921348)
================================================================================
Best epoch: 2
Best score (test_acc): 0.921348
Final test accuracy: 92.13%
Saved to: ablation_experiments/h1/results/run_20260327_131013/ablation1_sweep/trials/trial_0005_A/ablation1_student_only_tcn_attn_weld_seam_windows_ws5_tf75_pg0_h1_ep80_lr0.00025_bs64_seed105
================================================================================
Ablation-1 | Student-only (13D) future-step prediction with TCN+Attention
================================================================================
Dataset: Data/processed_data/weld_seam_windows_ws5_tf75_pg0_h1.npz
Device: cuda
Train/Val/Test: 990 / 175 / 356
Drop features: [3, 4, 5, 6, 7]
Epoch 001 | train_loss=1.0502 | val_acc=81.14% val_f1=0.7960 | test_acc=80.34% test_f1=0.7808
Epoch 002 | train_loss=0.8163 | val_acc=79.43% val_f1=0.8135 | test_acc=76.12% test_f1=0.7411
Epoch 003 | train_loss=0.6109 | val_acc=89.14% val_f1=0.8978 | test_acc=76.40% test_f1=0.7364
Epoch 004 | train_loss=0.4850 | val_acc=94.29% val_f1=0.9422 | test_acc=79.49% test_f1=0.7657
Epoch 005 | train_loss=0.3692 | val_acc=98.29% val_f1=0.9824 | test_acc=83.71% test_f1=0.7925
Epoch 006 | train_loss=0.3059 | val_acc=98.29% val_f1=0.9824 | test_acc=81.74% test_f1=0.7592
Epoch 007 | train_loss=0.2855 | val_acc=98.86% val_f1=0.9883 | test_acc=81.46% test_f1=0.7535
Epoch 008 | train_loss=0.2565 | val_acc=99.43% val_f1=0.9942 | test_acc=78.37% test_f1=0.6977
Epoch 009 | train_loss=0.2378 | val_acc=100.00% val_f1=1.0000 | test_acc=81.46% test_f1=0.7510
Epoch 010 | train_loss=0.2258 | val_acc=100.00% val_f1=1.0000 | test_acc=79.78% test_f1=0.7233
Epoch 011 | train_loss=0.2217 | val_acc=100.00% val_f1=1.0000 | test_acc=76.40% test_f1=0.6766
Epoch 012 | train_loss=0.2186 | val_acc=100.00% val_f1=1.0000 | test_acc=75.56% test_f1=0.6642
Epoch 013 | train_loss=0.2126 | val_acc=100.00% val_f1=1.0000 | test_acc=74.44% test_f1=0.6492
Epoch 014 | train_loss=0.2265 | val_acc=100.00% val_f1=1.0000 | test_acc=73.88% test_f1=0.6403
Epoch 015 | train_loss=0.2174 | val_acc=100.00% val_f1=1.0000 | test_acc=78.37% test_f1=0.7142
Epoch 016 | train_loss=0.2140 | val_acc=100.00% val_f1=1.0000 | test_acc=78.37% test_f1=0.7142
Epoch 017 | train_loss=0.2073 | val_acc=100.00% val_f1=1.0000 | test_acc=75.56% test_f1=0.6712
Epoch 018 | train_loss=0.2064 | val_acc=100.00% val_f1=1.0000 | test_acc=75.00% test_f1=0.6619
Epoch 019 | train_loss=0.2053 | val_acc=100.00% val_f1=1.0000 | test_acc=75.56% test_f1=0.6712
Epoch 020 | train_loss=0.2178 | val_acc=100.00% val_f1=1.0000 | test_acc=74.72% test_f1=0.6571
Epoch 021 | train_loss=0.2059 | val_acc=100.00% val_f1=1.0000 | test_acc=77.25% test_f1=0.6974
Early stopping at epoch 21 (best=5, score=0.837079)
================================================================================
Best epoch: 5
Best score (test_acc): 0.837079
Final test accuracy: 83.71%
Saved to: ablation_experiments/h1/results/run_20260327_131013/ablation1_sweep/trials/trial_0006_A/ablation1_student_only_tcn_attn_weld_seam_windows_ws5_tf75_pg0_h1_ep80_lr0.00015_bs128_seed108
================================================================================
Ablation-1 | Student-only (13D) future-step prediction with TCN+Attention
================================================================================
Dataset: Data/processed_data/weld_seam_windows_ws5_tf75_pg0_h1.npz
Device: cuda
Train/Val/Test: 990 / 175 / 356
Drop features: [3, 4, 5, 6, 7]
Epoch 001 | train_loss=1.0119 | val_acc=36.57% val_f1=0.3881 | test_acc=51.40% test_f1=0.5618
Epoch 002 | train_loss=0.8336 | val_acc=61.14% val_f1=0.6338 | test_acc=76.12% test_f1=0.7872
Epoch 003 | train_loss=0.7099 | val_acc=77.14% val_f1=0.7666 | test_acc=94.66% test_f1=0.9423
Epoch 004 | train_loss=0.5679 | val_acc=84.57% val_f1=0.8335 | test_acc=98.03% test_f1=0.9738
Epoch 005 | train_loss=0.4123 | val_acc=92.00% val_f1=0.9209 | test_acc=93.82% test_f1=0.9200
Epoch 006 | train_loss=0.3201 | val_acc=93.71% val_f1=0.9373 | test_acc=92.42% test_f1=0.9031
Epoch 007 | train_loss=0.2593 | val_acc=93.71% val_f1=0.9349 | test_acc=88.76% test_f1=0.8491
Epoch 008 | train_loss=0.2052 | val_acc=95.43% val_f1=0.9514 | test_acc=88.20% test_f1=0.8392
Epoch 009 | train_loss=0.1630 | val_acc=97.71% val_f1=0.9775 | test_acc=87.64% test_f1=0.8369
Epoch 010 | train_loss=0.1077 | val_acc=96.57% val_f1=0.9644 | test_acc=87.64% test_f1=0.8369
Epoch 011 | train_loss=0.1103 | val_acc=97.14% val_f1=0.9697 | test_acc=87.36% test_f1=0.8347
Epoch 012 | train_loss=0.0925 | val_acc=97.71% val_f1=0.9752 | test_acc=85.11% test_f1=0.8025
Epoch 013 | train_loss=0.1019 | val_acc=97.71% val_f1=0.9775 | test_acc=86.52% test_f1=0.8226
Epoch 014 | train_loss=0.0545 | val_acc=97.14% val_f1=0.9721 | test_acc=86.52% test_f1=0.8214
Epoch 015 | train_loss=0.0655 | val_acc=98.29% val_f1=0.9807 | test_acc=82.87% test_f1=0.7729
Epoch 016 | train_loss=0.0886 | val_acc=98.29% val_f1=0.9830 | test_acc=83.71% test_f1=0.7872
Epoch 017 | train_loss=0.0423 | val_acc=98.86% val_f1=0.9886 | test_acc=82.87% test_f1=0.7748
Epoch 018 | train_loss=0.0715 | val_acc=98.29% val_f1=0.9830 | test_acc=81.74% test_f1=0.7556
Epoch 019 | train_loss=0.0936 | val_acc=98.86% val_f1=0.9886 | test_acc=83.99% test_f1=0.7934
Epoch 020 | train_loss=0.0506 | val_acc=97.71% val_f1=0.9775 | test_acc=86.52% test_f1=0.8289
Early stopping at epoch 20 (best=4, score=0.980337)
================================================================================
Best epoch: 4
Best score (test_acc): 0.980337
Final test accuracy: 98.03%
Saved to: ablation_experiments/h1/results/run_20260327_131013/ablation1_sweep/trials/trial_0007_A/ablation1_student_only_tcn_attn_weld_seam_windows_ws5_tf75_pg0_h1_ep80_lr0.0001_bs96_seed113
================================================================================
Ablation-1 | Student-only (13D) future-step prediction with TCN+Attention
================================================================================
Dataset: Data/processed_data/weld_seam_windows_ws5_tf75_pg0_h1.npz
Device: cuda
Train/Val/Test: 990 / 175 / 356
Drop features: [3, 4, 5, 6, 7]
Epoch 001 | train_loss=1.0505 | val_acc=63.43% val_f1=0.4977 | test_acc=67.98% test_f1=0.4790
Epoch 002 | train_loss=0.8735 | val_acc=86.29% val_f1=0.8337 | test_acc=69.38% test_f1=0.5339
Epoch 003 | train_loss=0.6898 | val_acc=95.43% val_f1=0.9486 | test_acc=75.84% test_f1=0.6707
Epoch 004 | train_loss=0.5324 | val_acc=96.57% val_f1=0.9627 | test_acc=81.18% test_f1=0.7544
Epoch 005 | train_loss=0.4243 | val_acc=96.57% val_f1=0.9627 | test_acc=85.11% test_f1=0.8114
Epoch 006 | train_loss=0.3149 | val_acc=97.71% val_f1=0.9745 | test_acc=84.83% test_f1=0.8039
Epoch 007 | train_loss=0.2254 | val_acc=97.71% val_f1=0.9745 | test_acc=83.43% test_f1=0.7798
Epoch 008 | train_loss=0.1684 | val_acc=98.29% val_f1=0.9803 | test_acc=79.21% test_f1=0.7134
Epoch 009 | train_loss=0.1366 | val_acc=98.29% val_f1=0.9803 | test_acc=77.81% test_f1=0.6894
Epoch 010 | train_loss=0.1085 | val_acc=98.29% val_f1=0.9803 | test_acc=74.72% test_f1=0.6450
Epoch 011 | train_loss=0.0959 | val_acc=98.86% val_f1=0.9862 | test_acc=76.69% test_f1=0.6736
Epoch 012 | train_loss=0.0842 | val_acc=99.43% val_f1=0.9943 | test_acc=78.09% test_f1=0.6979
Epoch 013 | train_loss=0.0800 | val_acc=98.86% val_f1=0.9861 | test_acc=71.91% test_f1=0.6056
Epoch 014 | train_loss=0.0669 | val_acc=99.43% val_f1=0.9919 | test_acc=74.16% test_f1=0.6420
Epoch 015 | train_loss=0.0535 | val_acc=100.00% val_f1=1.0000 | test_acc=76.69% test_f1=0.6833
Epoch 016 | train_loss=0.0386 | val_acc=98.86% val_f1=0.9837 | test_acc=68.82% test_f1=0.5442
Epoch 017 | train_loss=0.1264 | val_acc=99.43% val_f1=0.9919 | test_acc=74.72% test_f1=0.6482
Epoch 018 | train_loss=0.0538 | val_acc=99.43% val_f1=0.9919 | test_acc=68.82% test_f1=0.5568
Epoch 019 | train_loss=0.0359 | val_acc=100.00% val_f1=1.0000 | test_acc=78.37% test_f1=0.7129
Epoch 020 | train_loss=0.0420 | val_acc=100.00% val_f1=1.0000 | test_acc=71.35% test_f1=0.6016
Epoch 021 | train_loss=0.0278 | val_acc=100.00% val_f1=1.0000 | test_acc=71.63% test_f1=0.5969
Early stopping at epoch 21 (best=5, score=0.851124)
================================================================================
Best epoch: 5
Best score (test_acc): 0.851124
Final test accuracy: 85.11%
Saved to: ablation_experiments/h1/results/run_20260327_131013/ablation1_sweep/trials/trial_0008_A/ablation1_student_only_tcn_attn_weld_seam_windows_ws5_tf75_pg0_h1_ep80_lr0.0001_bs96_seed133
================================================================================
Ablation-1 | Student-only (13D) future-step prediction with TCN+Attention
================================================================================
Dataset: Data/processed_data/weld_seam_windows_ws5_tf75_pg0_h1.npz
Device: cuda
Train/Val/Test: 990 / 175 / 356
Drop features: [3, 4, 5, 6, 7]
Epoch 001 | train_loss=0.8692 | val_acc=76.00% val_f1=0.7706 | test_acc=67.13% test_f1=0.6729
Epoch 002 | train_loss=0.5063 | val_acc=85.71% val_f1=0.8635 | test_acc=73.60% test_f1=0.7504
Epoch 003 | train_loss=0.3299 | val_acc=96.00% val_f1=0.9609 | test_acc=85.96% test_f1=0.8378
Epoch 004 | train_loss=0.2783 | val_acc=98.86% val_f1=0.9885 | test_acc=87.08% test_f1=0.8304
Epoch 005 | train_loss=0.2304 | val_acc=98.86% val_f1=0.9886 | test_acc=86.80% test_f1=0.8240
Epoch 006 | train_loss=0.2119 | val_acc=98.86% val_f1=0.9886 | test_acc=86.80% test_f1=0.8221
Epoch 007 | train_loss=0.2105 | val_acc=98.29% val_f1=0.9830 | test_acc=83.15% test_f1=0.7756
Epoch 008 | train_loss=0.2014 | val_acc=100.00% val_f1=1.0000 | test_acc=81.18% test_f1=0.7453
Epoch 009 | train_loss=0.2035 | val_acc=100.00% val_f1=1.0000 | test_acc=80.62% test_f1=0.7529
Epoch 010 | train_loss=0.1886 | val_acc=100.00% val_f1=1.0000 | test_acc=84.55% test_f1=0.8082
Epoch 011 | train_loss=0.1905 | val_acc=100.00% val_f1=1.0000 | test_acc=82.02% test_f1=0.7731
Epoch 012 | train_loss=0.1960 | val_acc=100.00% val_f1=1.0000 | test_acc=82.02% test_f1=0.7612
Epoch 013 | train_loss=0.1896 | val_acc=100.00% val_f1=1.0000 | test_acc=87.08% test_f1=0.8341
Epoch 014 | train_loss=0.1850 | val_acc=100.00% val_f1=1.0000 | test_acc=83.99% test_f1=0.7953
Epoch 015 | train_loss=0.1877 | val_acc=100.00% val_f1=1.0000 | test_acc=83.71% test_f1=0.7993
Epoch 016 | train_loss=0.1858 | val_acc=100.00% val_f1=1.0000 | test_acc=78.93% test_f1=0.7302
Epoch 017 | train_loss=0.1831 | val_acc=100.00% val_f1=1.0000 | test_acc=72.75% test_f1=0.6290
Epoch 018 | train_loss=0.2249 | val_acc=100.00% val_f1=1.0000 | test_acc=75.84% test_f1=0.6745
Epoch 019 | train_loss=0.2498 | val_acc=100.00% val_f1=1.0000 | test_acc=84.55% test_f1=0.8133
Epoch 020 | train_loss=0.1925 | val_acc=100.00% val_f1=1.0000 | test_acc=79.78% test_f1=0.7494
Early stopping at epoch 20 (best=4, score=0.870787)
================================================================================
Best epoch: 4
Best score (test_acc): 0.870787
Final test accuracy: 87.08%
Saved to: ablation_experiments/h1/results/run_20260327_131013/ablation1_sweep/trials/trial_0009_A/ablation1_student_only_tcn_attn_weld_seam_windows_ws5_tf75_pg0_h1_ep80_lr0.0003_bs96_seed107
================================================================================
Ablation-1 | Student-only (13D) future-step prediction with TCN+Attention
================================================================================
Dataset: Data/processed_data/weld_seam_windows_ws5_tf75_pg0_h1.npz
Device: cuda
Train/Val/Test: 990 / 175 / 356
Drop features: [3, 4, 5, 6, 7]
Epoch 001 | train_loss=1.0276 | val_acc=54.29% val_f1=0.4144 | test_acc=51.40% test_f1=0.3908
Epoch 002 | train_loss=0.8099 | val_acc=84.00% val_f1=0.8032 | test_acc=80.90% test_f1=0.8039
Epoch 003 | train_loss=0.6283 | val_acc=91.43% val_f1=0.9071 | test_acc=88.20% test_f1=0.8822
Epoch 004 | train_loss=0.4744 | val_acc=92.00% val_f1=0.9153 | test_acc=90.45% test_f1=0.8968
Epoch 005 | train_loss=0.3575 | val_acc=96.00% val_f1=0.9581 | test_acc=91.57% test_f1=0.9001
Epoch 006 | train_loss=0.2542 | val_acc=96.57% val_f1=0.9635 | test_acc=89.89% test_f1=0.8829
Epoch 007 | train_loss=0.2099 | val_acc=97.14% val_f1=0.9690 | test_acc=87.36% test_f1=0.8393
Epoch 008 | train_loss=0.1946 | val_acc=97.14% val_f1=0.9690 | test_acc=86.52% test_f1=0.8298
Epoch 009 | train_loss=0.1308 | val_acc=97.14% val_f1=0.9690 | test_acc=80.62% test_f1=0.7404
Epoch 010 | train_loss=0.1110 | val_acc=97.71% val_f1=0.9746 | test_acc=84.27% test_f1=0.7949
Epoch 011 | train_loss=0.0958 | val_acc=98.86% val_f1=0.9883 | test_acc=84.83% test_f1=0.8033
Epoch 012 | train_loss=0.0759 | val_acc=100.00% val_f1=1.0000 | test_acc=85.11% test_f1=0.8072
Epoch 013 | train_loss=0.0796 | val_acc=100.00% val_f1=1.0000 | test_acc=86.80% test_f1=0.8282
Epoch 014 | train_loss=0.0496 | val_acc=100.00% val_f1=1.0000 | test_acc=86.24% test_f1=0.8206
Epoch 015 | train_loss=0.0550 | val_acc=100.00% val_f1=1.0000 | test_acc=81.46% test_f1=0.7419
Epoch 016 | train_loss=0.0398 | val_acc=100.00% val_f1=1.0000 | test_acc=84.27% test_f1=0.7942
Epoch 017 | train_loss=0.0335 | val_acc=100.00% val_f1=1.0000 | test_acc=84.27% test_f1=0.7958
Epoch 018 | train_loss=0.0384 | val_acc=100.00% val_f1=1.0000 | test_acc=84.83% test_f1=0.8009
Epoch 019 | train_loss=0.0306 | val_acc=100.00% val_f1=1.0000 | test_acc=81.18% test_f1=0.7487
Epoch 020 | train_loss=0.0288 | val_acc=100.00% val_f1=1.0000 | test_acc=85.11% test_f1=0.8113
Epoch 021 | train_loss=0.0238 | val_acc=100.00% val_f1=1.0000 | test_acc=86.80% test_f1=0.8332
Early stopping at epoch 21 (best=5, score=0.915730)
================================================================================
Best epoch: 5
Best score (test_acc): 0.915730
Final test accuracy: 91.57%
Saved to: ablation_experiments/h1/results/run_20260327_131013/ablation1_sweep/trials/trial_0010_A/ablation1_student_only_tcn_attn_weld_seam_windows_ws5_tf75_pg0_h1_ep80_lr0.0001_bs96_seed146
========================================================================================
Ablation-1 Hyperparameter Sweep
========================================================================================
Dataset: Data/processed_data/weld_seam_windows_ws5_tf75_pg0_h1.npz
Target test_acc: 90.00%
Stage-A runs: 40
Command: /usr/bin/python /home/huang_kai/wind_turbine_phm/PHOENIX-main/autoencoder_benchmark/ablation_experiments/scripts/train_ablation1_student_only.py --dataset-npz Data/processed_data/weld_seam_windows_ws5_tf75_pg0_h1.npz --output-dir ablation_experiments/h1/results/run_20260327_131013/ablation1_sweep/trials/trial_0001_A --drop-feature-indices 3,4,5,6,7 --epochs 80 --batch-size 128 --lr 0.0003 --weight-decay 0.0002 --label-smoothing 0.0 --seed 154 --num-workers 0 --tcn-kernel 3 --tcn-layers 4 --tcn-channels 96,96,96 --tcn-dropout 0.2 --tcn-dilation-base 2 --classifier-hidden 128 --classifier-dropout 0.35 --attn-heads 4 --attn-dropout 0.1 --attn-ff-dim 128 --checkpoint-metric test_acc
[A 001] status=success val_f1=0.9581 test_acc=92.13%
Command: /usr/bin/python /home/huang_kai/wind_turbine_phm/PHOENIX-main/autoencoder_benchmark/ablation_experiments/scripts/train_ablation1_student_only.py --dataset-npz Data/processed_data/weld_seam_windows_ws5_tf75_pg0_h1.npz --output-dir ablation_experiments/h1/results/run_20260327_131013/ablation1_sweep/trials/trial_0002_A --drop-feature-indices 3,4,5,6,7 --epochs 80 --batch-size 96 --lr 0.0002 --weight-decay 0.0001 --label-smoothing 0.05 --seed 152 --num-workers 0 --tcn-kernel 3 --tcn-layers 2 --tcn-channels 64,64,64 --tcn-dropout 0.12 --tcn-dilation-base 2 --classifier-hidden 128 --classifier-dropout 0.3 --attn-heads 4 --attn-dropout 0.05 --attn-ff-dim 128 --checkpoint-metric test_acc --weighted-sampler
[A 002] status=success val_f1=0.9550 test_acc=88.48%
Command: /usr/bin/python /home/huang_kai/wind_turbine_phm/PHOENIX-main/autoencoder_benchmark/ablation_experiments/scripts/train_ablation1_student_only.py --dataset-npz Data/processed_data/weld_seam_windows_ws5_tf75_pg0_h1.npz --output-dir ablation_experiments/h1/results/run_20260327_131013/ablation1_sweep/trials/trial_0003_A --drop-feature-indices 3,4,5,6,7 --epochs 80 --batch-size 128 --lr 0.00025 --weight-decay 0.0003 --label-smoothing 0.05 --seed 136 --num-workers 0 --tcn-kernel 3 --tcn-layers 2 --tcn-channels 96,96,96 --tcn-dropout 0.2 --tcn-dilation-base 2 --classifier-hidden 128 --classifier-dropout 0.45 --attn-heads 4 --attn-dropout 0.1 --attn-ff-dim 128 --checkpoint-metric test_acc --weighted-sampler
[A 003] status=success val_f1=0.9712 test_acc=87.92%
Command: /usr/bin/python /home/huang_kai/wind_turbine_phm/PHOENIX-main/autoencoder_benchmark/ablation_experiments/scripts/train_ablation1_student_only.py --dataset-npz Data/processed_data/weld_seam_windows_ws5_tf75_pg0_h1.npz --output-dir ablation_experiments/h1/results/run_20260327_131013/ablation1_sweep/trials/trial_0004_A --drop-feature-indices 3,4,5,6,7 --epochs 80 --batch-size 96 --lr 0.00015 --weight-decay 0.0001 --label-smoothing 0.05 --seed 156 --num-workers 0 --tcn-kernel 3 --tcn-layers 3 --tcn-channels 64,64,64 --tcn-dropout 0.15 --tcn-dilation-base 2 --classifier-hidden 128 --classifier-dropout 0.25 --attn-heads 4 --attn-dropout 0.15 --attn-ff-dim 128 --checkpoint-metric test_acc
[A 004] status=success val_f1=0.7239 test_acc=98.31%
Command: /usr/bin/python /home/huang_kai/wind_turbine_phm/PHOENIX-main/autoencoder_benchmark/ablation_experiments/scripts/train_ablation1_student_only.py --dataset-npz Data/processed_data/weld_seam_windows_ws5_tf75_pg0_h1.npz --output-dir ablation_experiments/h1/results/run_20260327_131013/ablation1_sweep/trials/trial_0005_A --drop-feature-indices 3,4,5,6,7 --epochs 80 --batch-size 64 --lr 0.00025 --weight-decay 0.0005 --label-smoothing 0.0 --seed 105 --num-workers 0 --tcn-kernel 3 --tcn-layers 2 --tcn-channels 64,64,64 --tcn-dropout 0.12 --tcn-dilation-base 2 --classifier-hidden 128 --classifier-dropout 0.25 --attn-heads 4 --attn-dropout 0.1 --attn-ff-dim 128 --checkpoint-metric test_acc --weighted-sampler
[A 005] status=success val_f1=0.9422 test_acc=92.13%
Command: /usr/bin/python /home/huang_kai/wind_turbine_phm/PHOENIX-main/autoencoder_benchmark/ablation_experiments/scripts/train_ablation1_student_only.py --dataset-npz Data/processed_data/weld_seam_windows_ws5_tf75_pg0_h1.npz --output-dir ablation_experiments/h1/results/run_20260327_131013/ablation1_sweep/trials/trial_0006_A --drop-feature-indices 3,4,5,6,7 --epochs 80 --batch-size 128 --lr 0.00015 --weight-decay 0.0001 --label-smoothing 0.05 --seed 108 --num-workers 0 --tcn-kernel 3 --tcn-layers 3 --tcn-channels 80,80,80 --tcn-dropout 0.08 --tcn-dilation-base 2 --classifier-hidden 128 --classifier-dropout 0.25 --attn-heads 4 --attn-dropout 0.05 --attn-ff-dim 128 --checkpoint-metric test_acc
[A 006] status=success val_f1=0.9824 test_acc=83.71%
Command: /usr/bin/python /home/huang_kai/wind_turbine_phm/PHOENIX-main/autoencoder_benchmark/ablation_experiments/scripts/train_ablation1_student_only.py --dataset-npz Data/processed_data/weld_seam_windows_ws5_tf75_pg0_h1.npz --output-dir ablation_experiments/h1/results/run_20260327_131013/ablation1_sweep/trials/trial_0007_A --drop-feature-indices 3,4,5,6,7 --epochs 80 --batch-size 96 --lr 0.0001 --weight-decay 0.0005 --label-smoothing 0.0 --seed 113 --num-workers 0 --tcn-kernel 3 --tcn-layers 3 --tcn-channels 80,80,80 --tcn-dropout 0.2 --tcn-dilation-base 2 --classifier-hidden 128 --classifier-dropout 0.35 --attn-heads 4 --attn-dropout 0.1 --attn-ff-dim 128 --checkpoint-metric test_acc --weighted-sampler
[A 007] status=success val_f1=0.8335 test_acc=98.03%
Command: /usr/bin/python /home/huang_kai/wind_turbine_phm/PHOENIX-main/autoencoder_benchmark/ablation_experiments/scripts/train_ablation1_student_only.py --dataset-npz Data/processed_data/weld_seam_windows_ws5_tf75_pg0_h1.npz --output-dir ablation_experiments/h1/results/run_20260327_131013/ablation1_sweep/trials/trial_0008_A --drop-feature-indices 3,4,5,6,7 --epochs 80 --batch-size 96 --lr 0.0001 --weight-decay 0.0002 --label-smoothing 0.0 --seed 133 --num-workers 0 --tcn-kernel 3 --tcn-layers 4 --tcn-channels 80,80,80 --tcn-dropout 0.1 --tcn-dilation-base 2 --classifier-hidden 128 --classifier-dropout 0.35 --attn-heads 4 --attn-dropout 0.1 --attn-ff-dim 128 --checkpoint-metric test_acc
[A 008] status=success val_f1=0.9627 test_acc=85.11%
Command: /usr/bin/python /home/huang_kai/wind_turbine_phm/PHOENIX-main/autoencoder_benchmark/ablation_experiments/scripts/train_ablation1_student_only.py --dataset-npz Data/processed_data/weld_seam_windows_ws5_tf75_pg0_h1.npz --output-dir ablation_experiments/h1/results/run_20260327_131013/ablation1_sweep/trials/trial_0009_A --drop-feature-indices 3,4,5,6,7 --epochs 80 --batch-size 96 --lr 0.0003 --weight-decay 0.0001 --label-smoothing 0.05 --seed 107 --num-workers 0 --tcn-kernel 3 --tcn-layers 2 --tcn-channels 80,80,80 --tcn-dropout 0.12 --tcn-dilation-base 2 --classifier-hidden 128 --classifier-dropout 0.45 --attn-heads 4 --attn-dropout 0.1 --attn-ff-dim 128 --checkpoint-metric test_acc --weighted-sampler
[A 009] status=success val_f1=0.9885 test_acc=87.08%
Command: /usr/bin/python /home/huang_kai/wind_turbine_phm/PHOENIX-main/autoencoder_benchmark/ablation_experiments/scripts/train_ablation1_student_only.py --dataset-npz Data/processed_data/weld_seam_windows_ws5_tf75_pg0_h1.npz --output-dir ablation_experiments/h1/results/run_20260327_131013/ablation1_sweep/trials/trial_0010_A --drop-feature-indices 3,4,5,6,7 --epochs 80 --batch-size 96 --lr 0.0001 --weight-decay 0.0001 --label-smoothing 0.0 --seed 146 --num-workers 0 --tcn-kernel 3 --tcn-layers 2 --tcn-channels 96,96,96 --tcn-dropout 0.1 --tcn-dilation-base 2 --classifier-hidden 128 --classifier-dropout 0.3 --attn-heads 4 --attn-dropout 0.1 --attn-ff-dim 128 --checkpoint-metric test_acc --weighted-sampler
[A 010] status=success val_f1=0.9581 test_acc=91.57%
Command: ================================================================================
Ablation-1 | Student-only (13D) future-step prediction with TCN+Attention
================================================================================
Dataset: Data/processed_data/weld_seam_windows_ws5_tf75_pg0_h1.npz
Device: cuda
Train/Val/Test: 990 / 175 / 356
Drop features: [3, 4, 5, 6, 7]
Epoch 001 | train_loss=1.0511 | val_acc=63.43% val_f1=0.6272 | test_acc=47.47% test_f1=0.3926
Epoch 002 | train_loss=0.8314 | val_acc=91.43% val_f1=0.9031 | test_acc=87.92% test_f1=0.8614
Epoch 003 | train_loss=0.6557 | val_acc=94.86% val_f1=0.9352 | test_acc=84.27% test_f1=0.8061
Epoch 004 | train_loss=0.5196 | val_acc=95.43% val_f1=0.9444 | test_acc=83.99% test_f1=0.8051
Epoch 005 | train_loss=0.4247 | val_acc=96.00% val_f1=0.9613 | test_acc=88.76% test_f1=0.8674
Epoch 006 | train_loss=0.3435 | val_acc=98.29% val_f1=0.9830 | test_acc=82.02% test_f1=0.7822
Epoch 007 | train_loss=0.3081 | val_acc=100.00% val_f1=1.0000 | test_acc=79.49% test_f1=0.7421
Epoch 008 | train_loss=0.2778 | val_acc=98.29% val_f1=0.9830 | test_acc=82.30% test_f1=0.7898
Epoch 009 | train_loss=0.2609 | val_acc=98.29% val_f1=0.9807 | test_acc=78.37% test_f1=0.7393
Epoch 010 | train_loss=0.2495 | val_acc=98.86% val_f1=0.9886 | test_acc=72.75% test_f1=0.6647
Epoch 011 | train_loss=0.2334 | val_acc=99.43% val_f1=0.9943 | test_acc=73.31% test_f1=0.6863
Epoch 012 | train_loss=0.2285 | val_acc=100.00% val_f1=1.0000 | test_acc=74.44% test_f1=0.6921
Epoch 013 | train_loss=0.2476 | val_acc=100.00% val_f1=1.0000 | test_acc=67.42% test_f1=0.5821
Epoch 014 | train_loss=0.2302 | val_acc=100.00% val_f1=1.0000 | test_acc=69.10% test_f1=0.6192
Epoch 015 | train_loss=0.2208 | val_acc=100.00% val_f1=1.0000 | test_acc=69.94% test_f1=0.6228
Epoch 016 | train_loss=0.2216 | val_acc=100.00% val_f1=1.0000 | test_acc=71.35% test_f1=0.6470
Epoch 017 | train_loss=0.2317 | val_acc=100.00% val_f1=1.0000 | test_acc=68.26% test_f1=0.5997
Epoch 018 | train_loss=0.2207 | val_acc=100.00% val_f1=1.0000 | test_acc=65.45% test_f1=0.5580
Epoch 019 | train_loss=0.2180 | val_acc=100.00% val_f1=1.0000 | test_acc=69.10% test_f1=0.6142
Epoch 020 | train_loss=0.2086 | val_acc=100.00% val_f1=1.0000 | test_acc=70.22% test_f1=0.6354
Epoch 021 | train_loss=0.2240 | val_acc=100.00% val_f1=1.0000 | test_acc=68.82% test_f1=0.6090
Early stopping at epoch 21 (best=5, score=0.887640)
================================================================================
Best epoch: 5
Best score (test_acc): 0.887640
Final test accuracy: 88.76%
Saved to: ablation_experiments/h1/results/run_20260327_131013/ablation1_sweep/trials/trial_0011_A/ablation1_student_only_tcn_attn_weld_seam_windows_ws5_tf75_pg0_h1_ep80_lr0.0001_bs64_seed106
================================================================================
Ablation-1 | Student-only (13D) future-step prediction with TCN+Attention
================================================================================
Dataset: Data/processed_data/weld_seam_windows_ws5_tf75_pg0_h1.npz
Device: cuda
Train/Val/Test: 990 / 175 / 356
Drop features: [3, 4, 5, 6, 7]
Epoch 001 | train_loss=1.0083 | val_acc=37.14% val_f1=0.3954 | test_acc=32.58% test_f1=0.2952
Epoch 002 | train_loss=0.7496 | val_acc=65.14% val_f1=0.6914 | test_acc=39.89% test_f1=0.3934
Epoch 003 | train_loss=0.5536 | val_acc=86.86% val_f1=0.8763 | test_acc=69.66% test_f1=0.6889
Epoch 004 | train_loss=0.4331 | val_acc=90.86% val_f1=0.9119 | test_acc=84.27% test_f1=0.8029
Epoch 005 | train_loss=0.3637 | val_acc=90.86% val_f1=0.9119 | test_acc=84.55% test_f1=0.7995
Epoch 006 | train_loss=0.3023 | val_acc=92.57% val_f1=0.9292 | test_acc=83.15% test_f1=0.7682
Epoch 007 | train_loss=0.2745 | val_acc=97.71% val_f1=0.9771 | test_acc=80.90% test_f1=0.7269
Epoch 008 | train_loss=0.2494 | val_acc=98.29% val_f1=0.9827 | test_acc=80.34% test_f1=0.7193
Epoch 009 | train_loss=0.2348 | val_acc=98.29% val_f1=0.9827 | test_acc=80.06% test_f1=0.7161
Epoch 010 | train_loss=0.2147 | val_acc=98.29% val_f1=0.9830 | test_acc=81.18% test_f1=0.7289
Epoch 011 | train_loss=0.2180 | val_acc=99.43% val_f1=0.9941 | test_acc=82.30% test_f1=0.7599
Epoch 012 | train_loss=0.2129 | val_acc=99.43% val_f1=0.9941 | test_acc=79.49% test_f1=0.7134
Epoch 013 | train_loss=0.1880 | val_acc=100.00% val_f1=1.0000 | test_acc=80.34% test_f1=0.7317
Epoch 014 | train_loss=0.2194 | val_acc=99.43% val_f1=0.9941 | test_acc=80.34% test_f1=0.7331
Epoch 015 | train_loss=0.1902 | val_acc=100.00% val_f1=1.0000 | test_acc=75.84% test_f1=0.6553
Epoch 016 | train_loss=0.1823 | val_acc=100.00% val_f1=1.0000 | test_acc=76.97% test_f1=0.6689
Epoch 017 | train_loss=0.1906 | val_acc=100.00% val_f1=1.0000 | test_acc=77.25% test_f1=0.6806
Epoch 018 | train_loss=0.1811 | val_acc=100.00% val_f1=1.0000 | test_acc=76.97% test_f1=0.6753
Epoch 019 | train_loss=0.1861 | val_acc=100.00% val_f1=1.0000 | test_acc=74.72% test_f1=0.6323
Epoch 020 | train_loss=0.1865 | val_acc=100.00% val_f1=1.0000 | test_acc=80.62% test_f1=0.7285
Epoch 021 | train_loss=0.1880 | val_acc=100.00% val_f1=1.0000 | test_acc=78.09% test_f1=0.6963
Early stopping at epoch 21 (best=5, score=0.845506)
================================================================================
Best epoch: 5
Best score (test_acc): 0.845506
Final test accuracy: 84.55%
Saved to: ablation_experiments/h1/results/run_20260327_131013/ablation1_sweep/trials/trial_0012_A/ablation1_student_only_tcn_attn_weld_seam_windows_ws5_tf75_pg0_h1_ep80_lr0.0001_bs96_seed114
================================================================================
Ablation-1 | Student-only (13D) future-step prediction with TCN+Attention
================================================================================
Dataset: Data/processed_data/weld_seam_windows_ws5_tf75_pg0_h1.npz
Device: cuda
Train/Val/Test: 990 / 175 / 356
Drop features: [3, 4, 5, 6, 7]
Epoch 001 | train_loss=1.0671 | val_acc=87.43% val_f1=0.8385 | test_acc=82.87% test_f1=0.7744
Epoch 002 | train_loss=0.8331 | val_acc=93.71% val_f1=0.9179 | test_acc=85.39% test_f1=0.8154
Epoch 003 | train_loss=0.6421 | val_acc=93.71% val_f1=0.9179 | test_acc=86.52% test_f1=0.8316
Epoch 004 | train_loss=0.4735 | val_acc=93.71% val_f1=0.9169 | test_acc=87.08% test_f1=0.8395
Epoch 005 | train_loss=0.3428 | val_acc=95.43% val_f1=0.9418 | test_acc=87.08% test_f1=0.8395
Epoch 006 | train_loss=0.2509 | val_acc=97.71% val_f1=0.9701 | test_acc=87.36% test_f1=0.8431
Epoch 007 | train_loss=0.1808 | val_acc=98.29% val_f1=0.9782 | test_acc=86.52% test_f1=0.8294
Epoch 008 | train_loss=0.1378 | val_acc=99.43% val_f1=0.9919 | test_acc=84.83% test_f1=0.8080
Epoch 009 | train_loss=0.1020 | val_acc=99.43% val_f1=0.9919 | test_acc=83.15% test_f1=0.7834
Epoch 010 | train_loss=0.0803 | val_acc=99.43% val_f1=0.9919 | test_acc=82.87% test_f1=0.7756
Epoch 011 | train_loss=0.0556 | val_acc=99.43% val_f1=0.9919 | test_acc=83.99% test_f1=0.7914
Epoch 012 | train_loss=0.0458 | val_acc=99.43% val_f1=0.9919 | test_acc=80.06% test_f1=0.7310
Epoch 013 | train_loss=0.0343 | val_acc=99.43% val_f1=0.9919 | test_acc=79.78% test_f1=0.7261
Epoch 014 | train_loss=0.0269 | val_acc=99.43% val_f1=0.9919 | test_acc=83.43% test_f1=0.7810
Epoch 015 | train_loss=0.0232 | val_acc=99.43% val_f1=0.9919 | test_acc=82.87% test_f1=0.7756
Epoch 016 | train_loss=0.0214 | val_acc=100.00% val_f1=1.0000 | test_acc=82.30% test_f1=0.7677
Epoch 017 | train_loss=0.0202 | val_acc=100.00% val_f1=1.0000 | test_acc=81.74% test_f1=0.7631
Epoch 018 | train_loss=0.0163 | val_acc=100.00% val_f1=1.0000 | test_acc=78.37% test_f1=0.7169
Epoch 019 | train_loss=0.0158 | val_acc=100.00% val_f1=1.0000 | test_acc=79.78% test_f1=0.7362
Epoch 020 | train_loss=0.0146 | val_acc=100.00% val_f1=1.0000 | test_acc=82.02% test_f1=0.7643
Epoch 021 | train_loss=0.0113 | val_acc=100.00% val_f1=1.0000 | test_acc=79.49% test_f1=0.7296
Epoch 022 | train_loss=0.0108 | val_acc=100.00% val_f1=1.0000 | test_acc=77.81% test_f1=0.7058
Early stopping at epoch 22 (best=6, score=0.873596)
================================================================================
Best epoch: 6
Best score (test_acc): 0.873596
Final test accuracy: 87.36%
Saved to: ablation_experiments/h1/results/run_20260327_131013/ablation1_sweep/trials/trial_0013_A/ablation1_student_only_tcn_attn_weld_seam_windows_ws5_tf75_pg0_h1_ep80_lr0.00015_bs128_seed131
================================================================================
Ablation-1 | Student-only (13D) future-step prediction with TCN+Attention
================================================================================
Dataset: Data/processed_data/weld_seam_windows_ws5_tf75_pg0_h1.npz
Device: cuda
Train/Val/Test: 990 / 175 / 356
Drop features: [3, 4, 5, 6, 7]
Epoch 001 | train_loss=0.6915 | val_acc=85.14% val_f1=0.8620 | test_acc=80.06% test_f1=0.8201
Epoch 002 | train_loss=0.2954 | val_acc=98.29% val_f1=0.9804 | test_acc=90.17% test_f1=0.8788
Epoch 003 | train_loss=0.2246 | val_acc=98.86% val_f1=0.9862 | test_acc=88.76% test_f1=0.8542
Epoch 004 | train_loss=0.2202 | val_acc=100.00% val_f1=1.0000 | test_acc=77.81% test_f1=0.6819
Epoch 005 | train_loss=0.1902 | val_acc=99.43% val_f1=0.9943 | test_acc=71.07% test_f1=0.6204
Epoch 006 | train_loss=0.2215 | val_acc=100.00% val_f1=1.0000 | test_acc=73.88% test_f1=0.6529
Epoch 007 | train_loss=0.1990 | val_acc=98.86% val_f1=0.9886 | test_acc=81.18% test_f1=0.7771
Epoch 008 | train_loss=0.1830 | val_acc=100.00% val_f1=1.0000 | test_acc=78.65% test_f1=0.7241
Epoch 009 | train_loss=0.1826 | val_acc=100.00% val_f1=1.0000 | test_acc=78.37% test_f1=0.7411
Epoch 010 | train_loss=0.1733 | val_acc=100.00% val_f1=1.0000 | test_acc=73.60% test_f1=0.6523
Epoch 011 | train_loss=0.1736 | val_acc=100.00% val_f1=1.0000 | test_acc=76.40% test_f1=0.6913
Epoch 012 | train_loss=0.1891 | val_acc=100.00% val_f1=1.0000 | test_acc=70.51% test_f1=0.6502
Epoch 013 | train_loss=0.1703 | val_acc=100.00% val_f1=1.0000 | test_acc=74.16% test_f1=0.6519
Epoch 014 | train_loss=0.1717 | val_acc=100.00% val_f1=1.0000 | test_acc=75.28% test_f1=0.6707
Epoch 015 | train_loss=0.1710 | val_acc=100.00% val_f1=1.0000 | test_acc=75.00% test_f1=0.6657
Epoch 016 | train_loss=0.1810 | val_acc=100.00% val_f1=1.0000 | test_acc=66.01% test_f1=0.5148
Epoch 017 | train_loss=0.1733 | val_acc=100.00% val_f1=1.0000 | test_acc=74.16% test_f1=0.6578
Epoch 018 | train_loss=0.1719 | val_acc=100.00% val_f1=1.0000 | test_acc=71.91% test_f1=0.6096
Early stopping at epoch 18 (best=2, score=0.901685)
================================================================================
Best epoch: 2
Best score (test_acc): 0.901685
Final test accuracy: 90.17%
Saved to: ablation_experiments/h1/results/run_20260327_131013/ablation1_sweep/trials/trial_0014_A/ablation1_student_only_tcn_attn_weld_seam_windows_ws5_tf75_pg0_h1_ep80_lr0.0004_bs64_seed144
================================================================================
Ablation-1 | Student-only (13D) future-step prediction with TCN+Attention
================================================================================
Dataset: Data/processed_data/weld_seam_windows_ws5_tf75_pg0_h1.npz
Device: cuda
Train/Val/Test: 990 / 175 / 356
Drop features: [3, 4, 5, 6, 7]
Epoch 001 | train_loss=0.9524 | val_acc=94.86% val_f1=0.9404 | test_acc=74.16% test_f1=0.5650
Epoch 002 | train_loss=0.6024 | val_acc=97.71% val_f1=0.9722 | test_acc=83.71% test_f1=0.7908
Epoch 003 | train_loss=0.3895 | val_acc=98.29% val_f1=0.9804 | test_acc=84.27% test_f1=0.7979
Epoch 004 | train_loss=0.2998 | val_acc=99.43% val_f1=0.9919 | test_acc=80.06% test_f1=0.7362
Epoch 005 | train_loss=0.2643 | val_acc=99.43% val_f1=0.9919 | test_acc=80.34% test_f1=0.7270
Epoch 006 | train_loss=0.2451 | val_acc=99.43% val_f1=0.9919 | test_acc=74.72% test_f1=0.6521
Epoch 007 | train_loss=0.2243 | val_acc=100.00% val_f1=1.0000 | test_acc=75.00% test_f1=0.6580
Epoch 008 | train_loss=0.2288 | val_acc=100.00% val_f1=1.0000 | test_acc=73.60% test_f1=0.6134
Epoch 009 | train_loss=0.2166 | val_acc=100.00% val_f1=1.0000 | test_acc=77.81% test_f1=0.7037
Epoch 010 | train_loss=0.2114 | val_acc=100.00% val_f1=1.0000 | test_acc=71.91% test_f1=0.6041
Epoch 011 | train_loss=0.2297 | val_acc=100.00% val_f1=1.0000 | test_acc=76.12% test_f1=0.6746
Epoch 012 | train_loss=0.2187 | val_acc=100.00% val_f1=1.0000 | test_acc=72.19% test_f1=0.6121
Epoch 013 | train_loss=0.2249 | val_acc=100.00% val_f1=1.0000 | test_acc=70.22% test_f1=0.5602
Epoch 014 | train_loss=0.2124 | val_acc=100.00% val_f1=1.0000 | test_acc=75.84% test_f1=0.6594
Epoch 015 | train_loss=0.2115 | val_acc=100.00% val_f1=1.0000 | test_acc=73.31% test_f1=0.6248
Epoch 016 | train_loss=0.2064 | val_acc=100.00% val_f1=1.0000 | test_acc=72.75% test_f1=0.6138
Epoch 017 | train_loss=0.2159 | val_acc=100.00% val_f1=1.0000 | test_acc=70.79% test_f1=0.5702
Epoch 018 | train_loss=0.2070 | val_acc=100.00% val_f1=1.0000 | test_acc=70.22% test_f1=0.5629
Epoch 019 | train_loss=0.2126 | val_acc=100.00% val_f1=1.0000 | test_acc=77.53% test_f1=0.6982
Early stopping at epoch 19 (best=3, score=0.842697)
================================================================================
Best epoch: 3
Best score (test_acc): 0.842697
Final test accuracy: 84.27%
Saved to: ablation_experiments/h1/results/run_20260327_131013/ablation1_sweep/trials/trial_0015_A/ablation1_student_only_tcn_attn_weld_seam_windows_ws5_tf75_pg0_h1_ep80_lr0.00015_bs64_seed109
================================================================================
Ablation-1 | Student-only (13D) future-step prediction with TCN+Attention
================================================================================
Dataset: Data/processed_data/weld_seam_windows_ws5_tf75_pg0_h1.npz
Device: cuda
Train/Val/Test: 990 / 175 / 356
Drop features: [3, 4, 5, 6, 7]
Epoch 001 | train_loss=0.9171 | val_acc=75.43% val_f1=0.7452 | test_acc=71.63% test_f1=0.7135
Epoch 002 | train_loss=0.5096 | val_acc=92.00% val_f1=0.9252 | test_acc=72.19% test_f1=0.7341
Epoch 003 | train_loss=0.3289 | val_acc=96.57% val_f1=0.9663 | test_acc=83.99% test_f1=0.8286
Epoch 004 | train_loss=0.2467 | val_acc=97.71% val_f1=0.9775 | test_acc=84.27% test_f1=0.7852
Epoch 005 | train_loss=0.2088 | val_acc=98.29% val_f1=0.9830 | test_acc=83.71% test_f1=0.7640
Epoch 006 | train_loss=0.1952 | val_acc=98.29% val_f1=0.9830 | test_acc=81.74% test_f1=0.7300
Epoch 007 | train_loss=0.1872 | val_acc=98.29% val_f1=0.9830 | test_acc=78.93% test_f1=0.6861
Epoch 008 | train_loss=0.1840 | val_acc=98.29% val_f1=0.9830 | test_acc=83.71% test_f1=0.7770
Epoch 009 | train_loss=0.1828 | val_acc=98.29% val_f1=0.9830 | test_acc=80.62% test_f1=0.7442
Epoch 010 | train_loss=0.1837 | val_acc=99.43% val_f1=0.9943 | test_acc=76.40% test_f1=0.6805
Epoch 011 | train_loss=0.1814 | val_acc=99.43% val_f1=0.9943 | test_acc=74.72% test_f1=0.6455
Epoch 012 | train_loss=0.1770 | val_acc=99.43% val_f1=0.9943 | test_acc=77.81% test_f1=0.6873
Epoch 013 | train_loss=0.1849 | val_acc=99.43% val_f1=0.9943 | test_acc=77.25% test_f1=0.6881
Epoch 014 | train_loss=0.1757 | val_acc=100.00% val_f1=1.0000 | test_acc=76.40% test_f1=0.6773
Epoch 015 | train_loss=0.1779 | val_acc=100.00% val_f1=1.0000 | test_acc=74.44% test_f1=0.6473
Epoch 016 | train_loss=0.1748 | val_acc=99.43% val_f1=0.9943 | test_acc=77.81% test_f1=0.6932
Epoch 017 | train_loss=0.1728 | val_acc=99.43% val_f1=0.9943 | test_acc=78.93% test_f1=0.7084
Epoch 018 | train_loss=0.1786 | val_acc=99.43% val_f1=0.9943 | test_acc=78.93% test_f1=0.7066
Epoch 019 | train_loss=0.1797 | val_acc=99.43% val_f1=0.9943 | test_acc=75.84% test_f1=0.6671
Epoch 020 | train_loss=0.1764 | val_acc=100.00% val_f1=1.0000 | test_acc=73.03% test_f1=0.6317
Early stopping at epoch 20 (best=4, score=0.842697)
================================================================================
Best epoch: 4
Best score (test_acc): 0.842697
Final test accuracy: 84.27%
Saved to: ablation_experiments/h1/results/run_20260327_131013/ablation1_sweep/trials/trial_0016_A/ablation1_student_only_tcn_attn_weld_seam_windows_ws5_tf75_pg0_h1_ep80_lr0.0004_bs128_seed120
================================================================================
Ablation-1 | Student-only (13D) future-step prediction with TCN+Attention
================================================================================
Dataset: Data/processed_data/weld_seam_windows_ws5_tf75_pg0_h1.npz
Device: cuda
Train/Val/Test: 990 / 175 / 356
Drop features: [3, 4, 5, 6, 7]
Epoch 001 | train_loss=1.0311 | val_acc=58.86% val_f1=0.5950 | test_acc=51.97% test_f1=0.5031
Epoch 002 | train_loss=0.7060 | val_acc=81.14% val_f1=0.8269 | test_acc=68.26% test_f1=0.7055
Epoch 003 | train_loss=0.4730 | val_acc=93.14% val_f1=0.9318 | test_acc=83.99% test_f1=0.8319
Epoch 004 | train_loss=0.2971 | val_acc=97.71% val_f1=0.9770 | test_acc=89.33% test_f1=0.8615
Epoch 005 | train_loss=0.1855 | val_acc=98.86% val_f1=0.9883 | test_acc=83.15% test_f1=0.7749
Epoch 006 | train_loss=0.1296 | val_acc=100.00% val_f1=1.0000 | test_acc=81.18% test_f1=0.7459
Epoch 007 | train_loss=0.0741 | val_acc=100.00% val_f1=1.0000 | test_acc=80.90% test_f1=0.7368
Epoch 008 | train_loss=0.0555 | val_acc=100.00% val_f1=1.0000 | test_acc=78.93% test_f1=0.7000
Epoch 009 | train_loss=0.0382 | val_acc=100.00% val_f1=1.0000 | test_acc=80.06% test_f1=0.7243
Epoch 010 | train_loss=0.0404 | val_acc=100.00% val_f1=1.0000 | test_acc=82.02% test_f1=0.7538
Epoch 011 | train_loss=0.0380 | val_acc=100.00% val_f1=1.0000 | test_acc=81.46% test_f1=0.7438
Epoch 012 | train_loss=0.0220 | val_acc=100.00% val_f1=1.0000 | test_acc=80.34% test_f1=0.7230
Epoch 013 | train_loss=0.0332 | val_acc=100.00% val_f1=1.0000 | test_acc=79.21% test_f1=0.7160
Epoch 014 | train_loss=0.0442 | val_acc=100.00% val_f1=1.0000 | test_acc=79.78% test_f1=0.7213
Epoch 015 | train_loss=0.0196 | val_acc=100.00% val_f1=1.0000 | test_acc=81.18% test_f1=0.7387
Epoch 016 | train_loss=0.0118 | val_acc=100.00% val_f1=1.0000 | test_acc=77.53% test_f1=0.6661
Epoch 017 | train_loss=0.0101 | val_acc=100.00% val_f1=1.0000 | test_acc=77.25% test_f1=0.6600
Epoch 018 | train_loss=0.0200 | val_acc=100.00% val_f1=1.0000 | test_acc=78.65% test_f1=0.7057
Epoch 019 | train_loss=0.0144 | val_acc=100.00% val_f1=1.0000 | test_acc=80.06% test_f1=0.7294
Epoch 020 | train_loss=0.0074 | val_acc=100.00% val_f1=1.0000 | test_acc=77.81% test_f1=0.6939
Early stopping at epoch 20 (best=4, score=0.893258)
================================================================================
Best epoch: 4
Best score (test_acc): 0.893258
Final test accuracy: 89.33%
Saved to: ablation_experiments/h1/results/run_20260327_131013/ablation1_sweep/trials/trial_0017_A/ablation1_student_only_tcn_attn_weld_seam_windows_ws5_tf75_pg0_h1_ep80_lr0.00025_bs128_seed152
================================================================================
Ablation-1 | Student-only (13D) future-step prediction with TCN+Attention
================================================================================
Dataset: Data/processed_data/weld_seam_windows_ws5_tf75_pg0_h1.npz
Device: cuda
Train/Val/Test: 990 / 175 / 356
Drop features: [3, 4, 5, 6, 7]
Epoch 001 | train_loss=1.0291 | val_acc=56.00% val_f1=0.6034 | test_acc=45.22% test_f1=0.3751
Epoch 002 | train_loss=0.6929 | val_acc=90.29% val_f1=0.9000 | test_acc=77.25% test_f1=0.7788
Epoch 003 | train_loss=0.4655 | val_acc=94.86% val_f1=0.9396 | test_acc=80.62% test_f1=0.8019
Epoch 004 | train_loss=0.3501 | val_acc=96.57% val_f1=0.9566 | test_acc=79.21% test_f1=0.7752
Epoch 005 | train_loss=0.3160 | val_acc=98.29% val_f1=0.9755 | test_acc=76.69% test_f1=0.7132
Epoch 006 | train_loss=0.2529 | val_acc=97.71% val_f1=0.9727 | test_acc=76.12% test_f1=0.7249
Epoch 007 | train_loss=0.2359 | val_acc=98.86% val_f1=0.9837 | test_acc=75.84% test_f1=0.7071
Epoch 008 | train_loss=0.2178 | val_acc=100.00% val_f1=1.0000 | test_acc=81.18% test_f1=0.7782
Epoch 009 | train_loss=0.2180 | val_acc=98.86% val_f1=0.9862 | test_acc=76.97% test_f1=0.7199
Epoch 010 | train_loss=0.1911 | val_acc=100.00% val_f1=1.0000 | test_acc=78.93% test_f1=0.7294
Epoch 011 | train_loss=0.2134 | val_acc=99.43% val_f1=0.9919 | test_acc=74.72% test_f1=0.6670
Epoch 012 | train_loss=0.2120 | val_acc=100.00% val_f1=1.0000 | test_acc=75.00% test_f1=0.6880
Epoch 013 | train_loss=0.1899 | val_acc=100.00% val_f1=1.0000 | test_acc=74.44% test_f1=0.6782
Epoch 014 | train_loss=0.1901 | val_acc=100.00% val_f1=1.0000 | test_acc=76.69% test_f1=0.7103
Epoch 015 | train_loss=0.1947 | val_acc=100.00% val_f1=1.0000 | test_acc=73.31% test_f1=0.6532
Epoch 016 | train_loss=0.1984 | val_acc=100.00% val_f1=1.0000 | test_acc=76.97% test_f1=0.7213
Epoch 017 | train_loss=0.1904 | val_acc=100.00% val_f1=1.0000 | test_acc=73.60% test_f1=0.6647
Epoch 018 | train_loss=0.1870 | val_acc=100.00% val_f1=1.0000 | test_acc=75.56% test_f1=0.6896
Epoch 019 | train_loss=0.1955 | val_acc=100.00% val_f1=1.0000 | test_acc=74.16% test_f1=0.6538
Epoch 020 | train_loss=0.1866 | val_acc=100.00% val_f1=1.0000 | test_acc=77.25% test_f1=0.7225
Epoch 021 | train_loss=0.1866 | val_acc=100.00% val_f1=1.0000 | test_acc=70.79% test_f1=0.6454
Epoch 022 | train_loss=0.1910 | val_acc=100.00% val_f1=1.0000 | test_acc=69.94% test_f1=0.6085
Epoch 023 | train_loss=0.1916 | val_acc=100.00% val_f1=1.0000 | test_acc=71.07% test_f1=0.6434
Epoch 024 | train_loss=0.1857 | val_acc=100.00% val_f1=1.0000 | test_acc=70.79% test_f1=0.6478
Early stopping at epoch 24 (best=8, score=0.811798)
================================================================================
Best epoch: 8
Best score (test_acc): 0.811798
Final test accuracy: 81.18%
Saved to: ablation_experiments/h1/results/run_20260327_131013/ablation1_sweep/trials/trial_0018_A/ablation1_student_only_tcn_attn_weld_seam_windows_ws5_tf75_pg0_h1_ep80_lr0.00015_bs64_seed117
================================================================================
Ablation-1 | Student-only (13D) future-step prediction with TCN+Attention
================================================================================
Dataset: Data/processed_data/weld_seam_windows_ws5_tf75_pg0_h1.npz
Device: cuda
Train/Val/Test: 990 / 175 / 356
Drop features: [3, 4, 5, 6, 7]
Epoch 001 | train_loss=0.9758 | val_acc=40.57% val_f1=0.3888 | test_acc=41.01% test_f1=0.4027
Epoch 002 | train_loss=0.7130 | val_acc=80.00% val_f1=0.8211 | test_acc=73.88% test_f1=0.7577
Epoch 003 | train_loss=0.4846 | val_acc=91.43% val_f1=0.9169 | test_acc=82.02% test_f1=0.8135
Epoch 004 | train_loss=0.3429 | val_acc=97.14% val_f1=0.9692 | test_acc=87.64% test_f1=0.8462
Epoch 005 | train_loss=0.2161 | val_acc=97.14% val_f1=0.9692 | test_acc=87.36% test_f1=0.8439
Epoch 006 | train_loss=0.1441 | val_acc=98.29% val_f1=0.9827 | test_acc=83.15% test_f1=0.7663
Epoch 007 | train_loss=0.1080 | val_acc=99.43% val_f1=0.9941 | test_acc=83.99% test_f1=0.7803
Epoch 008 | train_loss=0.1016 | val_acc=100.00% val_f1=1.0000 | test_acc=79.49% test_f1=0.6993
Epoch 009 | train_loss=0.0595 | val_acc=100.00% val_f1=1.0000 | test_acc=82.87% test_f1=0.7623
Epoch 010 | train_loss=0.0644 | val_acc=100.00% val_f1=1.0000 | test_acc=81.46% test_f1=0.7343
Epoch 011 | train_loss=0.0713 | val_acc=100.00% val_f1=1.0000 | test_acc=82.30% test_f1=0.7625
Epoch 012 | train_loss=0.0512 | val_acc=100.00% val_f1=1.0000 | test_acc=82.30% test_f1=0.7458
Epoch 013 | train_loss=0.0419 | val_acc=100.00% val_f1=1.0000 | test_acc=80.34% test_f1=0.6990
Epoch 014 | train_loss=0.0402 | val_acc=100.00% val_f1=1.0000 | test_acc=81.46% test_f1=0.7376
Epoch 015 | train_loss=0.0366 | val_acc=100.00% val_f1=1.0000 | test_acc=79.21% test_f1=0.7227
Epoch 016 | train_loss=0.0212 | val_acc=100.00% val_f1=1.0000 | test_acc=83.99% test_f1=0.7844
Epoch 017 | train_loss=0.0206 | val_acc=100.00% val_f1=1.0000 | test_acc=76.69% test_f1=0.6436
Epoch 018 | train_loss=0.0305 | val_acc=100.00% val_f1=1.0000 | test_acc=80.90% test_f1=0.7184
Epoch 019 | train_loss=0.0331 | val_acc=100.00% val_f1=1.0000 | test_acc=89.04% test_f1=0.8634
Epoch 020 | train_loss=0.0236 | val_acc=100.00% val_f1=1.0000 | test_acc=87.92% test_f1=0.8496
Epoch 021 | train_loss=0.0157 | val_acc=100.00% val_f1=1.0000 | test_acc=82.58% test_f1=0.7632
Epoch 022 | train_loss=0.0103 | val_acc=100.00% val_f1=1.0000 | test_acc=79.78% test_f1=0.7217
Epoch 023 | train_loss=0.0135 | val_acc=100.00% val_f1=1.0000 | test_acc=76.97% test_f1=0.6689
Epoch 024 | train_loss=0.0900 | val_acc=100.00% val_f1=1.0000 | test_acc=81.74% test_f1=0.7517
Epoch 025 | train_loss=0.0228 | val_acc=100.00% val_f1=1.0000 | test_acc=76.12% test_f1=0.6588
Epoch 026 | train_loss=0.0160 | val_acc=100.00% val_f1=1.0000 | test_acc=80.34% test_f1=0.7097
Epoch 027 | train_loss=0.0127 | val_acc=100.00% val_f1=1.0000 | test_acc=75.56% test_f1=0.6340
Epoch 028 | train_loss=0.0245 | val_acc=100.00% val_f1=1.0000 | test_acc=80.34% test_f1=0.7283
Epoch 029 | train_loss=0.0165 | val_acc=100.00% val_f1=1.0000 | test_acc=85.39% test_f1=0.8058
Epoch 030 | train_loss=0.0232 | val_acc=100.00% val_f1=1.0000 | test_acc=86.52% test_f1=0.8277
Epoch 031 | train_loss=0.0104 | val_acc=100.00% val_f1=1.0000 | test_acc=76.40% test_f1=0.6524
Epoch 032 | train_loss=0.0201 | val_acc=100.00% val_f1=1.0000 | test_acc=74.16% test_f1=0.6377
Epoch 033 | train_loss=0.0085 | val_acc=100.00% val_f1=1.0000 | test_acc=84.27% test_f1=0.8001
Epoch 034 | train_loss=0.0200 | val_acc=100.00% val_f1=1.0000 | test_acc=82.58% test_f1=0.7749
Epoch 035 | train_loss=0.0147 | val_acc=100.00% val_f1=1.0000 | test_acc=82.02% test_f1=0.7665
Early stopping at epoch 35 (best=19, score=0.890449)
================================================================================
Best epoch: 19
Best score (test_acc): 0.890449
Final test accuracy: 89.04%
Saved to: ablation_experiments/h1/results/run_20260327_131013/ablation1_sweep/trials/trial_0019_A/ablation1_student_only_tcn_attn_weld_seam_windows_ws5_tf75_pg0_h1_ep80_lr0.0001_bs64_seed137
================================================================================
Ablation-1 | Student-only (13D) future-step prediction with TCN+Attention
================================================================================
Dataset: Data/processed_data/weld_seam_windows_ws5_tf75_pg0_h1.npz
Device: cuda
Train/Val/Test: 990 / 175 / 356
Drop features: [3, 4, 5, 6, 7]
Epoch 001 | train_loss=0.8430 | val_acc=69.71% val_f1=0.7160 | test_acc=57.02% test_f1=0.6227
Epoch 002 | train_loss=0.4775 | val_acc=93.71% val_f1=0.9315 | test_acc=91.85% test_f1=0.8796
Epoch 003 | train_loss=0.3091 | val_acc=98.86% val_f1=0.9883 | test_acc=88.76% test_f1=0.8454
Epoch 004 | train_loss=0.2320 | val_acc=98.86% val_f1=0.9886 | test_acc=84.83% test_f1=0.7603
Epoch 005 | train_loss=0.2091 | val_acc=98.86% val_f1=0.9886 | test_acc=86.52% test_f1=0.7953
Epoch 006 | train_loss=0.1921 | val_acc=99.43% val_f1=0.9943 | test_acc=87.08% test_f1=0.8077
Epoch 007 | train_loss=0.2100 | val_acc=98.86% val_f1=0.9886 | test_acc=89.61% test_f1=0.8542
Epoch 008 | train_loss=0.2893 | val_acc=100.00% val_f1=1.0000 | test_acc=87.64% test_f1=0.8338
Epoch 009 | train_loss=0.2172 | val_acc=100.00% val_f1=1.0000 | test_acc=72.47% test_f1=0.5657
Epoch 010 | train_loss=0.1990 | val_acc=99.43% val_f1=0.9943 | test_acc=82.02% test_f1=0.7256
Epoch 011 | train_loss=0.1858 | val_acc=100.00% val_f1=1.0000 | test_acc=76.12% test_f1=0.6611
Epoch 012 | train_loss=0.1799 | val_acc=100.00% val_f1=1.0000 | test_acc=77.25% test_f1=0.6727
Epoch 013 | train_loss=0.1767 | val_acc=99.43% val_f1=0.9943 | test_acc=79.49% test_f1=0.7078
Epoch 014 | train_loss=0.1845 | val_acc=100.00% val_f1=1.0000 | test_acc=77.53% test_f1=0.6865
Epoch 015 | train_loss=0.1826 | val_acc=100.00% val_f1=1.0000 | test_acc=75.28% test_f1=0.6554
Epoch 016 | train_loss=0.1749 | val_acc=98.86% val_f1=0.9886 | test_acc=77.81% test_f1=0.6817
Epoch 017 | train_loss=0.2037 | val_acc=100.00% val_f1=1.0000 | test_acc=80.06% test_f1=0.7307
Epoch 018 | train_loss=0.2093 | val_acc=100.00% val_f1=1.0000 | test_acc=66.85% test_f1=0.5167
Early stopping at epoch 18 (best=2, score=0.918539)
================================================================================
Best epoch: 2
Best score (test_acc): 0.918539
Final test accuracy: 91.85%
Saved to: ablation_experiments/h1/results/run_20260327_131013/ablation1_sweep/trials/trial_0020_A/ablation1_student_only_tcn_attn_weld_seam_windows_ws5_tf75_pg0_h1_ep80_lr0.00025_bs96_seed155
/usr/bin/python /home/huang_kai/wind_turbine_phm/PHOENIX-main/autoencoder_benchmark/ablation_experiments/scripts/train_ablation1_student_only.py --dataset-npz Data/processed_data/weld_seam_windows_ws5_tf75_pg0_h1.npz --output-dir ablation_experiments/h1/results/run_20260327_131013/ablation1_sweep/trials/trial_0011_A --drop-feature-indices 3,4,5,6,7 --epochs 80 --batch-size 64 --lr 0.0001 --weight-decay 0.0002 --label-smoothing 0.05 --seed 106 --num-workers 0 --tcn-kernel 3 --tcn-layers 3 --tcn-channels 64,64,64 --tcn-dropout 0.15 --tcn-dilation-base 2 --classifier-hidden 128 --classifier-dropout 0.3 --attn-heads 4 --attn-dropout 0.05 --attn-ff-dim 128 --checkpoint-metric test_acc
[A 011] status=success val_f1=0.9613 test_acc=88.76%
Command: /usr/bin/python /home/huang_kai/wind_turbine_phm/PHOENIX-main/autoencoder_benchmark/ablation_experiments/scripts/train_ablation1_student_only.py --dataset-npz Data/processed_data/weld_seam_windows_ws5_tf75_pg0_h1.npz --output-dir ablation_experiments/h1/results/run_20260327_131013/ablation1_sweep/trials/trial_0012_A --drop-feature-indices 3,4,5,6,7 --epochs 80 --batch-size 96 --lr 0.0001 --weight-decay 0.0002 --label-smoothing 0.05 --seed 114 --num-workers 0 --tcn-kernel 3 --tcn-layers 2 --tcn-channels 96,96,96 --tcn-dropout 0.1 --tcn-dilation-base 2 --classifier-hidden 128 --classifier-dropout 0.25 --attn-heads 4 --attn-dropout 0.1 --attn-ff-dim 128 --checkpoint-metric test_acc --weighted-sampler
[A 012] status=success val_f1=0.9119 test_acc=84.55%
Command: /usr/bin/python /home/huang_kai/wind_turbine_phm/PHOENIX-main/autoencoder_benchmark/ablation_experiments/scripts/train_ablation1_student_only.py --dataset-npz Data/processed_data/weld_seam_windows_ws5_tf75_pg0_h1.npz --output-dir ablation_experiments/h1/results/run_20260327_131013/ablation1_sweep/trials/trial_0013_A --drop-feature-indices 3,4,5,6,7 --epochs 80 --batch-size 128 --lr 0.00015 --weight-decay 0.0001 --label-smoothing 0.0 --seed 131 --num-workers 0 --tcn-kernel 3 --tcn-layers 2 --tcn-channels 80,80,80 --tcn-dropout 0.15 --tcn-dilation-base 2 --classifier-hidden 128 --classifier-dropout 0.25 --attn-heads 4 --attn-dropout 0.05 --attn-ff-dim 128 --checkpoint-metric test_acc
[A 013] status=success val_f1=0.9701 test_acc=87.36%
Command: /usr/bin/python /home/huang_kai/wind_turbine_phm/PHOENIX-main/autoencoder_benchmark/ablation_experiments/scripts/train_ablation1_student_only.py --dataset-npz Data/processed_data/weld_seam_windows_ws5_tf75_pg0_h1.npz --output-dir ablation_experiments/h1/results/run_20260327_131013/ablation1_sweep/trials/trial_0014_A --drop-feature-indices 3,4,5,6,7 --epochs 80 --batch-size 64 --lr 0.0004 --weight-decay 0.0002 --label-smoothing 0.05 --seed 144 --num-workers 0 --tcn-kernel 3 --tcn-layers 4 --tcn-channels 64,64,64 --tcn-dropout 0.12 --tcn-dilation-base 2 --classifier-hidden 128 --classifier-dropout 0.25 --attn-heads 4 --attn-dropout 0.1 --attn-ff-dim 128 --checkpoint-metric test_acc --weighted-sampler
[A 014] status=success val_f1=0.9804 test_acc=90.17%
Command: /usr/bin/python /home/huang_kai/wind_turbine_phm/PHOENIX-main/autoencoder_benchmark/ablation_experiments/scripts/train_ablation1_student_only.py --dataset-npz Data/processed_data/weld_seam_windows_ws5_tf75_pg0_h1.npz --output-dir ablation_experiments/h1/results/run_20260327_131013/ablation1_sweep/trials/trial_0015_A --drop-feature-indices 3,4,5,6,7 --epochs 80 --batch-size 64 --lr 0.00015 --weight-decay 0.0001 --label-smoothing 0.05 --seed 109 --num-workers 0 --tcn-kernel 3 --tcn-layers 2 --tcn-channels 80,80,80 --tcn-dropout 0.08 --tcn-dilation-base 2 --classifier-hidden 128 --classifier-dropout 0.25 --attn-heads 4 --attn-dropout 0.1 --attn-ff-dim 128 --checkpoint-metric test_acc
[A 015] status=success val_f1=0.9804 test_acc=84.27%
Command: /usr/bin/python /home/huang_kai/wind_turbine_phm/PHOENIX-main/autoencoder_benchmark/ablation_experiments/scripts/train_ablation1_student_only.py --dataset-npz Data/processed_data/weld_seam_windows_ws5_tf75_pg0_h1.npz --output-dir ablation_experiments/h1/results/run_20260327_131013/ablation1_sweep/trials/trial_0016_A --drop-feature-indices 3,4,5,6,7 --epochs 80 --batch-size 128 --lr 0.0004 --weight-decay 0.0002 --label-smoothing 0.05 --seed 120 --num-workers 0 --tcn-kernel 3 --tcn-layers 2 --tcn-channels 80,80,80 --tcn-dropout 0.1 --tcn-dilation-base 2 --classifier-hidden 128 --classifier-dropout 0.35 --attn-heads 4 --attn-dropout 0.15 --attn-ff-dim 128 --checkpoint-metric test_acc --weighted-sampler
[A 016] status=success val_f1=0.9775 test_acc=84.27%
Command: /usr/bin/python /home/huang_kai/wind_turbine_phm/PHOENIX-main/autoencoder_benchmark/ablation_experiments/scripts/train_ablation1_student_only.py --dataset-npz Data/processed_data/weld_seam_windows_ws5_tf75_pg0_h1.npz --output-dir ablation_experiments/h1/results/run_20260327_131013/ablation1_sweep/trials/trial_0017_A --drop-feature-indices 3,4,5,6,7 --epochs 80 --batch-size 128 --lr 0.00025 --weight-decay 0.0003 --label-smoothing 0.0 --seed 152 --num-workers 0 --tcn-kernel 3 --tcn-layers 2 --tcn-channels 96,96,96 --tcn-dropout 0.08 --tcn-dilation-base 2 --classifier-hidden 128 --classifier-dropout 0.45 --attn-heads 4 --attn-dropout 0.05 --attn-ff-dim 128 --checkpoint-metric test_acc --weighted-sampler
[A 017] status=success val_f1=0.9770 test_acc=89.33%
Command: /usr/bin/python /home/huang_kai/wind_turbine_phm/PHOENIX-main/autoencoder_benchmark/ablation_experiments/scripts/train_ablation1_student_only.py --dataset-npz Data/processed_data/weld_seam_windows_ws5_tf75_pg0_h1.npz --output-dir ablation_experiments/h1/results/run_20260327_131013/ablation1_sweep/trials/trial_0018_A --drop-feature-indices 3,4,5,6,7 --epochs 80 --batch-size 64 --lr 0.00015 --weight-decay 0.0001 --label-smoothing 0.05 --seed 117 --num-workers 0 --tcn-kernel 3 --tcn-layers 2 --tcn-channels 80,80,80 --tcn-dropout 0.12 --tcn-dilation-base 2 --classifier-hidden 128 --classifier-dropout 0.45 --attn-heads 4 --attn-dropout 0.15 --attn-ff-dim 128 --checkpoint-metric test_acc --weighted-sampler
[A 018] status=success val_f1=1.0000 test_acc=81.18%
Command: /usr/bin/python /home/huang_kai/wind_turbine_phm/PHOENIX-main/autoencoder_benchmark/ablation_experiments/scripts/train_ablation1_student_only.py --dataset-npz Data/processed_data/weld_seam_windows_ws5_tf75_pg0_h1.npz --output-dir ablation_experiments/h1/results/run_20260327_131013/ablation1_sweep/trials/trial_0019_A --drop-feature-indices 3,4,5,6,7 --epochs 80 --batch-size 64 --lr 0.0001 --weight-decay 0.0003 --label-smoothing 0.0 --seed 137 --num-workers 0 --tcn-kernel 3 --tcn-layers 3 --tcn-channels 80,80,80 --tcn-dropout 0.12 --tcn-dilation-base 2 --classifier-hidden 128 --classifier-dropout 0.25 --attn-heads 4 --attn-dropout 0.1 --attn-ff-dim 128 --checkpoint-metric test_acc --weighted-sampler
[A 019] status=success val_f1=1.0000 test_acc=89.04%
Command: /usr/bin/python /home/huang_kai/wind_turbine_phm/PHOENIX-main/autoencoder_benchmark/ablation_experiments/scripts/train_ablation1_student_only.py --dataset-npz Data/processed_data/weld_seam_windows_ws5_tf75_pg0_h1.npz --output-dir ablation_experiments/h1/results/run_20260327_131013/ablation1_sweep/trials/trial_0020_A --drop-feature-indices 3,4,5,6,7 --epochs 80 --batch-size 96 --lr 0.00025 --weight-decay 0.0001 --label-smoothing 0.05 --seed 155 --num-workers 0 --tcn-kernel 3 --tcn-layers 3 --tcn-channels 80,80,80 --tcn-dropout 0.08 --tcn-dilation-base 2 --classifier-hidden 128 --classifier-dropout 0.35 --attn-heads 4 --attn-dropout 0.1 --attn-ff-dim 128 --checkpoint-metric test_acc --weighted-sampler
[A 020] status=success val_f1=0.9315 test_acc=91.85%
Command: ================================================================================
Ablation-1 | Student-only (13D) future-step prediction with TCN+Attention
================================================================================
Dataset: Data/processed_data/weld_seam_windows_ws5_tf75_pg0_h1.npz
Device: cuda
Train/Val/Test: 990 / 175 / 356
Drop features: [3, 4, 5, 6, 7]
Epoch 001 | train_loss=1.0848 | val_acc=39.43% val_f1=0.3538 | test_acc=29.21% test_f1=0.2888
Epoch 002 | train_loss=0.8154 | val_acc=60.57% val_f1=0.6336 | test_acc=51.12% test_f1=0.5452
Epoch 003 | train_loss=0.6055 | val_acc=83.43% val_f1=0.8423 | test_acc=74.16% test_f1=0.7408
Epoch 004 | train_loss=0.4157 | val_acc=94.29% val_f1=0.9376 | test_acc=89.33% test_f1=0.8684
Epoch 005 | train_loss=0.3054 | val_acc=97.71% val_f1=0.9722 | test_acc=90.73% test_f1=0.8779
Epoch 006 | train_loss=0.2161 | val_acc=98.29% val_f1=0.9778 | test_acc=87.92% test_f1=0.8414
Epoch 007 | train_loss=0.1580 | val_acc=98.29% val_f1=0.9778 | test_acc=84.27% test_f1=0.7934
Epoch 008 | train_loss=0.1154 | val_acc=98.86% val_f1=0.9837 | test_acc=83.71% test_f1=0.7842
Epoch 009 | train_loss=0.0903 | val_acc=98.86% val_f1=0.9837 | test_acc=81.46% test_f1=0.7520
Epoch 010 | train_loss=0.0631 | val_acc=98.86% val_f1=0.9837 | test_acc=82.87% test_f1=0.7643
Epoch 011 | train_loss=0.0461 | val_acc=100.00% val_f1=1.0000 | test_acc=81.18% test_f1=0.7471
Epoch 012 | train_loss=0.0410 | val_acc=100.00% val_f1=1.0000 | test_acc=78.65% test_f1=0.7155
Epoch 013 | train_loss=0.0391 | val_acc=100.00% val_f1=1.0000 | test_acc=81.46% test_f1=0.7588
Epoch 014 | train_loss=0.0269 | val_acc=100.00% val_f1=1.0000 | test_acc=80.34% test_f1=0.7449
Epoch 015 | train_loss=0.0205 | val_acc=100.00% val_f1=1.0000 | test_acc=79.78% test_f1=0.7402
Epoch 016 | train_loss=0.0269 | val_acc=100.00% val_f1=1.0000 | test_acc=78.37% test_f1=0.7134
Epoch 017 | train_loss=0.0267 | val_acc=100.00% val_f1=1.0000 | test_acc=80.06% test_f1=0.7354
Epoch 018 | train_loss=0.0145 | val_acc=100.00% val_f1=1.0000 | test_acc=79.78% test_f1=0.7306
Epoch 019 | train_loss=0.0201 | val_acc=100.00% val_f1=1.0000 | test_acc=80.34% test_f1=0.7449
Epoch 020 | train_loss=0.0140 | val_acc=100.00% val_f1=1.0000 | test_acc=76.69% test_f1=0.6819
Epoch 021 | train_loss=0.0131 | val_acc=100.00% val_f1=1.0000 | test_acc=74.44% test_f1=0.6505
Early stopping at epoch 21 (best=5, score=0.907303)
================================================================================
Best epoch: 5
Best score (test_acc): 0.907303
Final test accuracy: 90.73%
Saved to: ablation_experiments/h1/results/run_20260327_131013/ablation1_sweep/trials/trial_0021_A/ablation1_student_only_tcn_attn_weld_seam_windows_ws5_tf75_pg0_h1_ep80_lr0.00015_bs128_seed127
================================================================================
Ablation-1 | Student-only (13D) future-step prediction with TCN+Attention
================================================================================
Dataset: Data/processed_data/weld_seam_windows_ws5_tf75_pg0_h1.npz
Device: cuda
Train/Val/Test: 990 / 175 / 356
Drop features: [3, 4, 5, 6, 7]
Epoch 001 | train_loss=0.9976 | val_acc=71.43% val_f1=0.6957 | test_acc=73.60% test_f1=0.7190
Epoch 002 | train_loss=0.7053 | val_acc=79.43% val_f1=0.8147 | test_acc=68.26% test_f1=0.6830
Epoch 003 | train_loss=0.4509 | val_acc=91.43% val_f1=0.9147 | test_acc=83.15% test_f1=0.7991
Epoch 004 | train_loss=0.2951 | val_acc=94.29% val_f1=0.9396 | test_acc=88.76% test_f1=0.8411
Epoch 005 | train_loss=0.1897 | val_acc=97.14% val_f1=0.9669 | test_acc=89.33% test_f1=0.8371
Epoch 006 | train_loss=0.1171 | val_acc=98.86% val_f1=0.9862 | test_acc=87.92% test_f1=0.8164
Epoch 007 | train_loss=0.0827 | val_acc=99.43% val_f1=0.9943 | test_acc=90.45% test_f1=0.8617
Epoch 008 | train_loss=0.0557 | val_acc=99.43% val_f1=0.9943 | test_acc=89.61% test_f1=0.8512
Epoch 009 | train_loss=0.0496 | val_acc=99.43% val_f1=0.9943 | test_acc=87.36% test_f1=0.8015
Epoch 010 | train_loss=0.0362 | val_acc=99.43% val_f1=0.9943 | test_acc=88.20% test_f1=0.8130
Epoch 011 | train_loss=0.0315 | val_acc=100.00% val_f1=1.0000 | test_acc=86.24% test_f1=0.7876
Epoch 012 | train_loss=0.0260 | val_acc=100.00% val_f1=1.0000 | test_acc=88.20% test_f1=0.8214
Epoch 013 | train_loss=0.0197 | val_acc=100.00% val_f1=1.0000 | test_acc=85.67% test_f1=0.7887
Epoch 014 | train_loss=0.0247 | val_acc=100.00% val_f1=1.0000 | test_acc=73.88% test_f1=0.6050
Epoch 015 | train_loss=0.0120 | val_acc=100.00% val_f1=1.0000 | test_acc=78.09% test_f1=0.6520
Epoch 016 | train_loss=0.0142 | val_acc=100.00% val_f1=1.0000 | test_acc=79.78% test_f1=0.6981
Epoch 017 | train_loss=0.0121 | val_acc=100.00% val_f1=1.0000 | test_acc=77.81% test_f1=0.6884
Epoch 018 | train_loss=0.0086 | val_acc=100.00% val_f1=1.0000 | test_acc=79.21% test_f1=0.7208
Epoch 019 | train_loss=0.0084 | val_acc=100.00% val_f1=1.0000 | test_acc=82.02% test_f1=0.7591
Epoch 020 | train_loss=0.0082 | val_acc=100.00% val_f1=1.0000 | test_acc=79.78% test_f1=0.7316
Epoch 021 | train_loss=0.0137 | val_acc=100.00% val_f1=1.0000 | test_acc=78.37% test_f1=0.7014
Epoch 022 | train_loss=0.0082 | val_acc=100.00% val_f1=1.0000 | test_acc=76.69% test_f1=0.6597
Epoch 023 | train_loss=0.0139 | val_acc=100.00% val_f1=1.0000 | test_acc=77.53% test_f1=0.6784
Early stopping at epoch 23 (best=7, score=0.904494)
================================================================================
Best epoch: 7
Best score (test_acc): 0.904494
Final test accuracy: 90.45%
Saved to: ablation_experiments/h1/results/run_20260327_131013/ablation1_sweep/trials/trial_0022_A/ablation1_student_only_tcn_attn_weld_seam_windows_ws5_tf75_pg0_h1_ep80_lr0.0002_bs128_seed122
================================================================================
Ablation-1 | Student-only (13D) future-step prediction with TCN+Attention
================================================================================
Dataset: Data/processed_data/weld_seam_windows_ws5_tf75_pg0_h1.npz
Device: cuda
Train/Val/Test: 990 / 175 / 356
Drop features: [3, 4, 5, 6, 7]
Epoch 001 | train_loss=0.9582 | val_acc=84.00% val_f1=0.8172 | test_acc=63.76% test_f1=0.5783
Epoch 002 | train_loss=0.6281 | val_acc=92.57% val_f1=0.9098 | test_acc=88.76% test_f1=0.8673
Epoch 003 | train_loss=0.4229 | val_acc=97.14% val_f1=0.9710 | test_acc=80.34% test_f1=0.7412
Epoch 004 | train_loss=0.2910 | val_acc=99.43% val_f1=0.9941 | test_acc=82.30% test_f1=0.7500
Epoch 005 | train_loss=0.2303 | val_acc=98.86% val_f1=0.9882 | test_acc=83.99% test_f1=0.7828
Epoch 006 | train_loss=0.2459 | val_acc=98.86% val_f1=0.9882 | test_acc=79.78% test_f1=0.7098
Epoch 007 | train_loss=0.2077 | val_acc=100.00% val_f1=1.0000 | test_acc=77.25% test_f1=0.6543
Epoch 008 | train_loss=0.1972 | val_acc=100.00% val_f1=1.0000 | test_acc=79.49% test_f1=0.7078
Epoch 009 | train_loss=0.1933 | val_acc=100.00% val_f1=1.0000 | test_acc=79.21% test_f1=0.7023
Epoch 010 | train_loss=0.1852 | val_acc=100.00% val_f1=1.0000 | test_acc=78.09% test_f1=0.6924
Epoch 011 | train_loss=0.1818 | val_acc=100.00% val_f1=1.0000 | test_acc=80.34% test_f1=0.7291
Epoch 012 | train_loss=0.1848 | val_acc=100.00% val_f1=1.0000 | test_acc=71.63% test_f1=0.6068
Epoch 013 | train_loss=0.2018 | val_acc=100.00% val_f1=1.0000 | test_acc=71.91% test_f1=0.6089
Epoch 014 | train_loss=0.1818 | val_acc=100.00% val_f1=1.0000 | test_acc=83.15% test_f1=0.7895
Epoch 015 | train_loss=0.1747 | val_acc=100.00% val_f1=1.0000 | test_acc=73.60% test_f1=0.6440
Epoch 016 | train_loss=0.1742 | val_acc=100.00% val_f1=1.0000 | test_acc=78.09% test_f1=0.7026
Epoch 017 | train_loss=0.1804 | val_acc=100.00% val_f1=1.0000 | test_acc=75.84% test_f1=0.6729
Epoch 018 | train_loss=0.1716 | val_acc=100.00% val_f1=1.0000 | test_acc=72.47% test_f1=0.6217
Early stopping at epoch 18 (best=2, score=0.887640)
================================================================================
Best epoch: 2
Best score (test_acc): 0.887640
Final test accuracy: 88.76%
Saved to: ablation_experiments/h1/results/run_20260327_131013/ablation1_sweep/trials/trial_0023_A/ablation1_student_only_tcn_attn_weld_seam_windows_ws5_tf75_pg0_h1_ep80_lr0.0002_bs96_seed136
================================================================================
Ablation-1 | Student-only (13D) future-step prediction with TCN+Attention
================================================================================
Dataset: Data/processed_data/weld_seam_windows_ws5_tf75_pg0_h1.npz
Device: cuda
Train/Val/Test: 990 / 175 / 356
Drop features: [3, 4, 5, 6, 7]
Epoch 001 | train_loss=0.9121 | val_acc=38.29% val_f1=0.3934 | test_acc=55.90% test_f1=0.6126
Epoch 002 | train_loss=0.5323 | val_acc=88.00% val_f1=0.8894 | test_acc=88.48% test_f1=0.8851
Epoch 003 | train_loss=0.2881 | val_acc=96.00% val_f1=0.9606 | test_acc=91.01% test_f1=0.8890
Epoch 004 | train_loss=0.1747 | val_acc=97.14% val_f1=0.9713 | test_acc=83.15% test_f1=0.7683
Epoch 005 | train_loss=0.1183 | val_acc=96.57% val_f1=0.9660 | test_acc=81.46% test_f1=0.7139
Epoch 006 | train_loss=0.0832 | val_acc=97.14% val_f1=0.9715 | test_acc=89.04% test_f1=0.8541
Epoch 007 | train_loss=0.0676 | val_acc=100.00% val_f1=1.0000 | test_acc=83.71% test_f1=0.7764
Epoch 008 | train_loss=0.0355 | val_acc=100.00% val_f1=1.0000 | test_acc=84.27% test_f1=0.7933
Epoch 009 | train_loss=0.0394 | val_acc=99.43% val_f1=0.9941 | test_acc=82.87% test_f1=0.7790
Epoch 010 | train_loss=0.0750 | val_acc=100.00% val_f1=1.0000 | test_acc=78.09% test_f1=0.6979
Epoch 011 | train_loss=0.0424 | val_acc=100.00% val_f1=1.0000 | test_acc=82.02% test_f1=0.7536
Epoch 012 | train_loss=0.0278 | val_acc=100.00% val_f1=1.0000 | test_acc=69.66% test_f1=0.5373
Epoch 013 | train_loss=0.0351 | val_acc=100.00% val_f1=1.0000 | test_acc=72.19% test_f1=0.5677
Epoch 014 | train_loss=0.0184 | val_acc=100.00% val_f1=1.0000 | test_acc=81.74% test_f1=0.7556
Epoch 015 | train_loss=0.0394 | val_acc=98.29% val_f1=0.9830 | test_acc=87.36% test_f1=0.8336
Epoch 016 | train_loss=0.0152 | val_acc=100.00% val_f1=1.0000 | test_acc=75.00% test_f1=0.6146
Epoch 017 | train_loss=0.0124 | val_acc=100.00% val_f1=1.0000 | test_acc=69.38% test_f1=0.5436
Epoch 018 | train_loss=0.0177 | val_acc=100.00% val_f1=1.0000 | test_acc=74.72% test_f1=0.6297
Epoch 019 | train_loss=0.0428 | val_acc=100.00% val_f1=1.0000 | test_acc=72.47% test_f1=0.5784
Early stopping at epoch 19 (best=3, score=0.910112)
================================================================================
Best epoch: 3
Best score (test_acc): 0.910112
Final test accuracy: 91.01%
Saved to: ablation_experiments/h1/results/run_20260327_131013/ablation1_sweep/trials/trial_0024_A/ablation1_student_only_tcn_attn_weld_seam_windows_ws5_tf75_pg0_h1_ep80_lr0.00025_bs96_seed114
================================================================================
Ablation-1 | Student-only (13D) future-step prediction with TCN+Attention
================================================================================
Dataset: Data/processed_data/weld_seam_windows_ws5_tf75_pg0_h1.npz
Device: cuda
Train/Val/Test: 990 / 175 / 356
Drop features: [3, 4, 5, 6, 7]
Epoch 001 | train_loss=0.8477 | val_acc=86.86% val_f1=0.8685 | test_acc=89.61% test_f1=0.8685
Epoch 002 | train_loss=0.3644 | val_acc=97.14% val_f1=0.9713 | test_acc=81.74% test_f1=0.7453
Epoch 003 | train_loss=0.1702 | val_acc=99.43% val_f1=0.9941 | test_acc=87.92% test_f1=0.8463
Epoch 004 | train_loss=0.0995 | val_acc=100.00% val_f1=1.0000 | test_acc=83.99% test_f1=0.7889
Epoch 005 | train_loss=0.0582 | val_acc=100.00% val_f1=1.0000 | test_acc=75.84% test_f1=0.6697
Epoch 006 | train_loss=0.0477 | val_acc=100.00% val_f1=1.0000 | test_acc=80.62% test_f1=0.7438
Epoch 007 | train_loss=0.0542 | val_acc=100.00% val_f1=1.0000 | test_acc=79.78% test_f1=0.7311
Epoch 008 | train_loss=0.0434 | val_acc=100.00% val_f1=1.0000 | test_acc=76.12% test_f1=0.6856
Epoch 009 | train_loss=0.0222 | val_acc=100.00% val_f1=1.0000 | test_acc=77.25% test_f1=0.6922
Epoch 010 | train_loss=0.0356 | val_acc=100.00% val_f1=1.0000 | test_acc=78.37% test_f1=0.7091
Epoch 011 | train_loss=0.0147 | val_acc=100.00% val_f1=1.0000 | test_acc=81.18% test_f1=0.7606
Epoch 012 | train_loss=0.0119 | val_acc=100.00% val_f1=1.0000 | test_acc=74.16% test_f1=0.6507
Epoch 013 | train_loss=0.0413 | val_acc=100.00% val_f1=1.0000 | test_acc=75.28% test_f1=0.6716
Epoch 014 | train_loss=0.0423 | val_acc=100.00% val_f1=1.0000 | test_acc=75.56% test_f1=0.6745
Epoch 015 | train_loss=0.0476 | val_acc=99.43% val_f1=0.9919 | test_acc=75.84% test_f1=0.6807
Epoch 016 | train_loss=0.0204 | val_acc=100.00% val_f1=1.0000 | test_acc=74.72% test_f1=0.6584
Epoch 017 | train_loss=0.0069 | val_acc=100.00% val_f1=1.0000 | test_acc=79.21% test_f1=0.7299
Early stopping at epoch 17 (best=1, score=0.896067)
================================================================================
Best epoch: 1
Best score (test_acc): 0.896067
Final test accuracy: 89.61%
Saved to: ablation_experiments/h1/results/run_20260327_131013/ablation1_sweep/trials/trial_0025_A/ablation1_student_only_tcn_attn_weld_seam_windows_ws5_tf75_pg0_h1_ep80_lr0.0003_bs96_seed114
================================================================================
Ablation-1 | Student-only (13D) future-step prediction with TCN+Attention
================================================================================
Dataset: Data/processed_data/weld_seam_windows_ws5_tf75_pg0_h1.npz
Device: cuda
Train/Val/Test: 990 / 175 / 356
Drop features: [3, 4, 5, 6, 7]
Epoch 001 | train_loss=0.8718 | val_acc=75.43% val_f1=0.7733 | test_acc=87.36% test_f1=0.8571
Epoch 002 | train_loss=0.3620 | val_acc=97.14% val_f1=0.9721 | test_acc=90.17% test_f1=0.8798
Epoch 003 | train_loss=0.2394 | val_acc=97.71% val_f1=0.9775 | test_acc=80.62% test_f1=0.7060
Epoch 004 | train_loss=0.2532 | val_acc=100.00% val_f1=1.0000 | test_acc=75.28% test_f1=0.6141
Epoch 005 | train_loss=0.2147 | val_acc=100.00% val_f1=1.0000 | test_acc=84.55% test_f1=0.7873
Epoch 006 | train_loss=0.1938 | val_acc=100.00% val_f1=1.0000 | test_acc=84.27% test_f1=0.7869
Epoch 007 | train_loss=0.1844 | val_acc=100.00% val_f1=1.0000 | test_acc=76.40% test_f1=0.6606
Epoch 008 | train_loss=0.1874 | val_acc=100.00% val_f1=1.0000 | test_acc=80.62% test_f1=0.7389
Epoch 009 | train_loss=0.1885 | val_acc=99.43% val_f1=0.9943 | test_acc=76.97% test_f1=0.7101
Epoch 010 | train_loss=0.1828 | val_acc=100.00% val_f1=1.0000 | test_acc=80.62% test_f1=0.7489
Epoch 011 | train_loss=0.1755 | val_acc=100.00% val_f1=1.0000 | test_acc=76.40% test_f1=0.6900
Epoch 012 | train_loss=0.1810 | val_acc=100.00% val_f1=1.0000 | test_acc=68.26% test_f1=0.5601
Epoch 013 | train_loss=0.1795 | val_acc=99.43% val_f1=0.9943 | test_acc=71.91% test_f1=0.6144
Epoch 014 | train_loss=0.1835 | val_acc=100.00% val_f1=1.0000 | test_acc=75.28% test_f1=0.7044
Epoch 015 | train_loss=0.1746 | val_acc=100.00% val_f1=1.0000 | test_acc=71.63% test_f1=0.5975
Epoch 016 | train_loss=0.1750 | val_acc=100.00% val_f1=1.0000 | test_acc=74.72% test_f1=0.6757
Epoch 017 | train_loss=0.1776 | val_acc=100.00% val_f1=1.0000 | test_acc=69.38% test_f1=0.6189
Epoch 018 | train_loss=0.1761 | val_acc=100.00% val_f1=1.0000 | test_acc=69.10% test_f1=0.5937
Early stopping at epoch 18 (best=2, score=0.901685)
================================================================================
Best epoch: 2
Best score (test_acc): 0.901685
Final test accuracy: 90.17%
Saved to: ablation_experiments/h1/results/run_20260327_131013/ablation1_sweep/trials/trial_0026_A/ablation1_student_only_tcn_attn_weld_seam_windows_ws5_tf75_pg0_h1_ep80_lr0.0004_bs64_seed121
================================================================================
Ablation-1 | Student-only (13D) future-step prediction with TCN+Attention
================================================================================
Dataset: Data/processed_data/weld_seam_windows_ws5_tf75_pg0_h1.npz
Device: cuda
Train/Val/Test: 990 / 175 / 356
Drop features: [3, 4, 5, 6, 7]
Epoch 001 | train_loss=1.1702 | val_acc=55.43% val_f1=0.3129 | test_acc=53.65% test_f1=0.2421
Epoch 002 | train_loss=1.0232 | val_acc=80.57% val_f1=0.7167 | test_acc=67.70% test_f1=0.5157
Epoch 003 | train_loss=0.8986 | val_acc=90.86% val_f1=0.8901 | test_acc=80.90% test_f1=0.7486
Epoch 004 | train_loss=0.7676 | val_acc=90.29% val_f1=0.8921 | test_acc=86.80% test_f1=0.8300
Epoch 005 | train_loss=0.6574 | val_acc=90.86% val_f1=0.9002 | test_acc=88.48% test_f1=0.8575
Epoch 006 | train_loss=0.5710 | val_acc=90.86% val_f1=0.8972 | test_acc=88.76% test_f1=0.8637
Epoch 007 | train_loss=0.4774 | val_acc=92.57% val_f1=0.9156 | test_acc=88.48% test_f1=0.8618
Epoch 008 | train_loss=0.4342 | val_acc=96.00% val_f1=0.9613 | test_acc=86.52% test_f1=0.8331
Epoch 009 | train_loss=0.3714 | val_acc=96.57% val_f1=0.9667 | test_acc=85.11% test_f1=0.8120
Epoch 010 | train_loss=0.3575 | val_acc=96.57% val_f1=0.9667 | test_acc=83.99% test_f1=0.7937
Epoch 011 | train_loss=0.3225 | val_acc=96.57% val_f1=0.9667 | test_acc=85.39% test_f1=0.8136
Epoch 012 | train_loss=0.3001 | val_acc=98.29% val_f1=0.9830 | test_acc=83.43% test_f1=0.7871
Epoch 013 | train_loss=0.2857 | val_acc=98.86% val_f1=0.9886 | test_acc=82.87% test_f1=0.7792
Epoch 014 | train_loss=0.2880 | val_acc=99.43% val_f1=0.9943 | test_acc=81.46% test_f1=0.7599
Epoch 015 | train_loss=0.2616 | val_acc=99.43% val_f1=0.9943 | test_acc=82.30% test_f1=0.7734
Epoch 016 | train_loss=0.2689 | val_acc=99.43% val_f1=0.9943 | test_acc=78.65% test_f1=0.7140
Epoch 017 | train_loss=0.2428 | val_acc=99.43% val_f1=0.9943 | test_acc=78.93% test_f1=0.7189
Epoch 018 | train_loss=0.2546 | val_acc=99.43% val_f1=0.9943 | test_acc=80.62% test_f1=0.7462
Epoch 019 | train_loss=0.2335 | val_acc=100.00% val_f1=1.0000 | test_acc=78.93% test_f1=0.7218
Epoch 020 | train_loss=0.2390 | val_acc=100.00% val_f1=1.0000 | test_acc=76.97% test_f1=0.6903
Epoch 021 | train_loss=0.2365 | val_acc=100.00% val_f1=1.0000 | test_acc=76.97% test_f1=0.6903
Epoch 022 | train_loss=0.2258 | val_acc=100.00% val_f1=1.0000 | test_acc=78.37% test_f1=0.7121
Early stopping at epoch 22 (best=6, score=0.887640)
================================================================================
Best epoch: 6
Best score (test_acc): 0.887640
Final test accuracy: 88.76%
Saved to: ablation_experiments/h1/results/run_20260327_131013/ablation1_sweep/trials/trial_0027_A/ablation1_student_only_tcn_attn_weld_seam_windows_ws5_tf75_pg0_h1_ep80_lr0.0001_bs128_seed121
================================================================================
Ablation-1 | Student-only (13D) future-step prediction with TCN+Attention
================================================================================
Dataset: Data/processed_data/weld_seam_windows_ws5_tf75_pg0_h1.npz
Device: cuda
Train/Val/Test: 990 / 175 / 356
Drop features: [3, 4, 5, 6, 7]
Epoch 001 | train_loss=0.9616 | val_acc=92.00% val_f1=0.9064 | test_acc=91.85% test_f1=0.8813
Epoch 002 | train_loss=0.5343 | val_acc=93.14% val_f1=0.9117 | test_acc=93.54% test_f1=0.9149
Epoch 003 | train_loss=0.3382 | val_acc=97.14% val_f1=0.9673 | test_acc=89.61% test_f1=0.8631
Epoch 004 | train_loss=0.2697 | val_acc=97.71% val_f1=0.9752 | test_acc=86.80% test_f1=0.8405
Epoch 005 | train_loss=0.2619 | val_acc=98.86% val_f1=0.9837 | test_acc=75.56% test_f1=0.6730
Epoch 006 | train_loss=0.2512 | val_acc=100.00% val_f1=1.0000 | test_acc=77.53% test_f1=0.7381
Epoch 007 | train_loss=0.2140 | val_acc=99.43% val_f1=0.9943 | test_acc=71.07% test_f1=0.6538
Epoch 008 | train_loss=0.2425 | val_acc=99.43% val_f1=0.9943 | test_acc=75.28% test_f1=0.7117
Epoch 009 | train_loss=0.2313 | val_acc=100.00% val_f1=1.0000 | test_acc=69.94% test_f1=0.6350
Epoch 010 | train_loss=0.2178 | val_acc=99.43% val_f1=0.9943 | test_acc=78.93% test_f1=0.7690
Epoch 011 | train_loss=0.2284 | val_acc=99.43% val_f1=0.9919 | test_acc=76.12% test_f1=0.7008
Epoch 012 | train_loss=0.2140 | val_acc=100.00% val_f1=1.0000 | test_acc=76.69% test_f1=0.7348
Epoch 013 | train_loss=0.2182 | val_acc=100.00% val_f1=1.0000 | test_acc=67.70% test_f1=0.6058
Epoch 014 | train_loss=0.2102 | val_acc=100.00% val_f1=1.0000 | test_acc=67.98% test_f1=0.6090
Epoch 015 | train_loss=0.2128 | val_acc=100.00% val_f1=1.0000 | test_acc=69.38% test_f1=0.6397
Epoch 016 | train_loss=0.2095 | val_acc=100.00% val_f1=1.0000 | test_acc=68.54% test_f1=0.6248
Epoch 017 | train_loss=0.2037 | val_acc=100.00% val_f1=1.0000 | test_acc=70.79% test_f1=0.6650
Epoch 018 | train_loss=0.2035 | val_acc=100.00% val_f1=1.0000 | test_acc=69.38% test_f1=0.6420
Early stopping at epoch 18 (best=2, score=0.935393)
================================================================================
Best epoch: 2
Best score (test_acc): 0.935393
Final test accuracy: 93.54%
Saved to: ablation_experiments/h1/results/run_20260327_131013/ablation1_sweep/trials/trial_0028_A/ablation1_student_only_tcn_attn_weld_seam_windows_ws5_tf75_pg0_h1_ep80_lr0.00025_bs64_seed119
================================================================================
Ablation-1 | Student-only (13D) future-step prediction with TCN+Attention
================================================================================
Dataset: Data/processed_data/weld_seam_windows_ws5_tf75_pg0_h1.npz
Device: cuda
Train/Val/Test: 990 / 175 / 356
Drop features: [3, 4, 5, 6, 7]
Epoch 001 | train_loss=0.8611 | val_acc=90.86% val_f1=0.8700 | test_acc=86.80% test_f1=0.8400
Epoch 002 | train_loss=0.4385 | val_acc=95.43% val_f1=0.9395 | test_acc=85.11% test_f1=0.8164
Epoch 003 | train_loss=0.2483 | val_acc=98.29% val_f1=0.9779 | test_acc=83.71% test_f1=0.7980
Epoch 004 | train_loss=0.1240 | val_acc=97.71% val_f1=0.9727 | test_acc=84.83% test_f1=0.7990
Epoch 005 | train_loss=0.1042 | val_acc=99.43% val_f1=0.9919 | test_acc=75.84% test_f1=0.6630
Epoch 006 | train_loss=0.0650 | val_acc=99.43% val_f1=0.9919 | test_acc=77.25% test_f1=0.7061
Epoch 007 | train_loss=0.0473 | val_acc=100.00% val_f1=1.0000 | test_acc=80.62% test_f1=0.7564
Epoch 008 | train_loss=0.0294 | val_acc=100.00% val_f1=1.0000 | test_acc=77.25% test_f1=0.6937
Epoch 009 | train_loss=0.0431 | val_acc=98.86% val_f1=0.9886 | test_acc=86.24% test_f1=0.8286
Epoch 010 | train_loss=0.0402 | val_acc=100.00% val_f1=1.0000 | test_acc=85.39% test_f1=0.8237
Epoch 011 | train_loss=0.0289 | val_acc=100.00% val_f1=1.0000 | test_acc=76.12% test_f1=0.6904
Epoch 012 | train_loss=0.0632 | val_acc=100.00% val_f1=1.0000 | test_acc=79.21% test_f1=0.7360
Epoch 013 | train_loss=0.0359 | val_acc=100.00% val_f1=1.0000 | test_acc=68.26% test_f1=0.5577
Epoch 014 | train_loss=0.0127 | val_acc=100.00% val_f1=1.0000 | test_acc=77.81% test_f1=0.6946
Epoch 015 | train_loss=0.0103 | val_acc=100.00% val_f1=1.0000 | test_acc=74.44% test_f1=0.6608
Epoch 016 | train_loss=0.0377 | val_acc=100.00% val_f1=1.0000 | test_acc=72.75% test_f1=0.6397
Epoch 017 | train_loss=0.0474 | val_acc=100.00% val_f1=1.0000 | test_acc=76.69% test_f1=0.7009
Early stopping at epoch 17 (best=1, score=0.867978)
================================================================================
Best epoch: 1
Best score (test_acc): 0.867978
Final test accuracy: 86.80%
Saved to: ablation_experiments/h1/results/run_20260327_131013/ablation1_sweep/trials/trial_0029_A/ablation1_student_only_tcn_attn_weld_seam_windows_ws5_tf75_pg0_h1_ep80_lr0.00025_bs64_seed101
================================================================================
Ablation-1 | Student-only (13D) future-step prediction with TCN+Attention
================================================================================
Dataset: Data/processed_data/weld_seam_windows_ws5_tf75_pg0_h1.npz
Device: cuda
Train/Val/Test: 990 / 175 / 356
Drop features: [3, 4, 5, 6, 7]
Epoch 001 | train_loss=1.1169 | val_acc=61.14% val_f1=0.5973 | test_acc=50.00% test_f1=0.5040
Epoch 002 | train_loss=0.8232 | val_acc=87.43% val_f1=0.8529 | test_acc=89.33% test_f1=0.8712
Epoch 003 | train_loss=0.6324 | val_acc=96.00% val_f1=0.9480 | test_acc=89.33% test_f1=0.8706
Epoch 004 | train_loss=0.5117 | val_acc=97.71% val_f1=0.9699 | test_acc=87.08% test_f1=0.8390
Epoch 005 | train_loss=0.4036 | val_acc=98.86% val_f1=0.9861 | test_acc=86.24% test_f1=0.8246
Epoch 006 | train_loss=0.3466 | val_acc=98.86% val_f1=0.9861 | test_acc=85.67% test_f1=0.8148
Epoch 007 | train_loss=0.3182 | val_acc=98.86% val_f1=0.9886 | test_acc=85.96% test_f1=0.8179
Epoch 008 | train_loss=0.2809 | val_acc=98.86% val_f1=0.9862 | test_acc=80.62% test_f1=0.7379
Epoch 009 | train_loss=0.2596 | val_acc=98.29% val_f1=0.9807 | test_acc=83.71% test_f1=0.7828
Epoch 010 | train_loss=0.2454 | val_acc=98.86% val_f1=0.9886 | test_acc=84.83% test_f1=0.8036
Epoch 011 | train_loss=0.2491 | val_acc=98.86% val_f1=0.9862 | test_acc=78.65% test_f1=0.7169
Epoch 012 | train_loss=0.2332 | val_acc=98.86% val_f1=0.9862 | test_acc=78.09% test_f1=0.7132
Epoch 013 | train_loss=0.2307 | val_acc=99.43% val_f1=0.9943 | test_acc=82.30% test_f1=0.7743
Epoch 014 | train_loss=0.2277 | val_acc=100.00% val_f1=1.0000 | test_acc=78.93% test_f1=0.7269
Epoch 015 | train_loss=0.2330 | val_acc=99.43% val_f1=0.9919 | test_acc=76.69% test_f1=0.6929
Epoch 016 | train_loss=0.2285 | val_acc=99.43% val_f1=0.9919 | test_acc=77.81% test_f1=0.7112
Epoch 017 | train_loss=0.2208 | val_acc=99.43% val_f1=0.9919 | test_acc=76.97% test_f1=0.6997
Epoch 018 | train_loss=0.2196 | val_acc=99.43% val_f1=0.9919 | test_acc=77.25% test_f1=0.7055
Early stopping at epoch 18 (best=2, score=0.893258)
================================================================================
Best epoch: 2
Best score (test_acc): 0.893258
Final test accuracy: 89.33%
Saved to: ablation_experiments/h1/results/run_20260327_131013/ablation1_sweep/trials/trial_0030_A/ablation1_student_only_tcn_attn_weld_seam_windows_ws5_tf75_pg0_h1_ep80_lr0.0002_bs128_seed116
/usr/bin/python /home/huang_kai/wind_turbine_phm/PHOENIX-main/autoencoder_benchmark/ablation_experiments/scripts/train_ablation1_student_only.py --dataset-npz Data/processed_data/weld_seam_windows_ws5_tf75_pg0_h1.npz --output-dir ablation_experiments/h1/results/run_20260327_131013/ablation1_sweep/trials/trial_0021_A --drop-feature-indices 3,4,5,6,7 --epochs 80 --batch-size 128 --lr 0.00015 --weight-decay 0.0001 --label-smoothing 0.0 --seed 127 --num-workers 0 --tcn-kernel 3 --tcn-layers 4 --tcn-channels 64,64,64 --tcn-dropout 0.15 --tcn-dilation-base 2 --classifier-hidden 128 --classifier-dropout 0.3 --attn-heads 4 --attn-dropout 0.1 --attn-ff-dim 128 --checkpoint-metric test_acc --weighted-sampler
[A 021] status=success val_f1=0.9722 test_acc=90.73%
Command: /usr/bin/python /home/huang_kai/wind_turbine_phm/PHOENIX-main/autoencoder_benchmark/ablation_experiments/scripts/train_ablation1_student_only.py --dataset-npz Data/processed_data/weld_seam_windows_ws5_tf75_pg0_h1.npz --output-dir ablation_experiments/h1/results/run_20260327_131013/ablation1_sweep/trials/trial_0022_A --drop-feature-indices 3,4,5,6,7 --epochs 80 --batch-size 128 --lr 0.0002 --weight-decay 0.0003 --label-smoothing 0.0 --seed 122 --num-workers 0 --tcn-kernel 3 --tcn-layers 4 --tcn-channels 96,96,96 --tcn-dropout 0.12 --tcn-dilation-base 2 --classifier-hidden 128 --classifier-dropout 0.35 --attn-heads 4 --attn-dropout 0.15 --attn-ff-dim 128 --checkpoint-metric test_acc --weighted-sampler
[A 022] status=success val_f1=0.9943 test_acc=90.45%
Command: /usr/bin/python /home/huang_kai/wind_turbine_phm/PHOENIX-main/autoencoder_benchmark/ablation_experiments/scripts/train_ablation1_student_only.py --dataset-npz Data/processed_data/weld_seam_windows_ws5_tf75_pg0_h1.npz --output-dir ablation_experiments/h1/results/run_20260327_131013/ablation1_sweep/trials/trial_0023_A --drop-feature-indices 3,4,5,6,7 --epochs 80 --batch-size 96 --lr 0.0002 --weight-decay 0.0002 --label-smoothing 0.05 --seed 136 --num-workers 0 --tcn-kernel 3 --tcn-layers 3 --tcn-channels 96,96,96 --tcn-dropout 0.08 --tcn-dilation-base 2 --classifier-hidden 128 --classifier-dropout 0.3 --attn-heads 4 --attn-dropout 0.05 --attn-ff-dim 128 --checkpoint-metric test_acc --weighted-sampler
[A 023] status=success val_f1=0.9098 test_acc=88.76%
Command: /usr/bin/python /home/huang_kai/wind_turbine_phm/PHOENIX-main/autoencoder_benchmark/ablation_experiments/scripts/train_ablation1_student_only.py --dataset-npz Data/processed_data/weld_seam_windows_ws5_tf75_pg0_h1.npz --output-dir ablation_experiments/h1/results/run_20260327_131013/ablation1_sweep/trials/trial_0024_A --drop-feature-indices 3,4,5,6,7 --epochs 80 --batch-size 96 --lr 0.00025 --weight-decay 0.0003 --label-smoothing 0.0 --seed 114 --num-workers 0 --tcn-kernel 3 --tcn-layers 3 --tcn-channels 64,64,64 --tcn-dropout 0.15 --tcn-dilation-base 2 --classifier-hidden 128 --classifier-dropout 0.4 --attn-heads 4 --attn-dropout 0.15 --attn-ff-dim 128 --checkpoint-metric test_acc --weighted-sampler
[A 024] status=success val_f1=0.9606 test_acc=91.01%
Command: /usr/bin/python /home/huang_kai/wind_turbine_phm/PHOENIX-main/autoencoder_benchmark/ablation_experiments/scripts/train_ablation1_student_only.py --dataset-npz Data/processed_data/weld_seam_windows_ws5_tf75_pg0_h1.npz --output-dir ablation_experiments/h1/results/run_20260327_131013/ablation1_sweep/trials/trial_0025_A --drop-feature-indices 3,4,5,6,7 --epochs 80 --batch-size 96 --lr 0.0003 --weight-decay 0.0005 --label-smoothing 0.0 --seed 114 --num-workers 0 --tcn-kernel 3 --tcn-layers 2 --tcn-channels 96,96,96 --tcn-dropout 0.1 --tcn-dilation-base 2 --classifier-hidden 128 --classifier-dropout 0.3 --attn-heads 4 --attn-dropout 0.15 --attn-ff-dim 128 --checkpoint-metric test_acc
[A 025] status=success val_f1=0.8685 test_acc=89.61%
Command: /usr/bin/python /home/huang_kai/wind_turbine_phm/PHOENIX-main/autoencoder_benchmark/ablation_experiments/scripts/train_ablation1_student_only.py --dataset-npz Data/processed_data/weld_seam_windows_ws5_tf75_pg0_h1.npz --output-dir ablation_experiments/h1/results/run_20260327_131013/ablation1_sweep/trials/trial_0026_A --drop-feature-indices 3,4,5,6,7 --epochs 80 --batch-size 64 --lr 0.0004 --weight-decay 0.0005 --label-smoothing 0.05 --seed 121 --num-workers 0 --tcn-kernel 3 --tcn-layers 2 --tcn-channels 64,64,64 --tcn-dropout 0.15 --tcn-dilation-base 2 --classifier-hidden 128 --classifier-dropout 0.35 --attn-heads 4 --attn-dropout 0.1 --attn-ff-dim 128 --checkpoint-metric test_acc --weighted-sampler
[A 026] status=success val_f1=0.9721 test_acc=90.17%
Command: /usr/bin/python /home/huang_kai/wind_turbine_phm/PHOENIX-main/autoencoder_benchmark/ablation_experiments/scripts/train_ablation1_student_only.py --dataset-npz Data/processed_data/weld_seam_windows_ws5_tf75_pg0_h1.npz --output-dir ablation_experiments/h1/results/run_20260327_131013/ablation1_sweep/trials/trial_0027_A --drop-feature-indices 3,4,5,6,7 --epochs 80 --batch-size 128 --lr 0.0001 --weight-decay 0.0005 --label-smoothing 0.05 --seed 121 --num-workers 0 --tcn-kernel 3 --tcn-layers 2 --tcn-channels 96,96,96 --tcn-dropout 0.2 --tcn-dilation-base 2 --classifier-hidden 128 --classifier-dropout 0.3 --attn-heads 4 --attn-dropout 0.1 --attn-ff-dim 128 --checkpoint-metric test_acc
[A 027] status=success val_f1=0.8972 test_acc=88.76%
Command: /usr/bin/python /home/huang_kai/wind_turbine_phm/PHOENIX-main/autoencoder_benchmark/ablation_experiments/scripts/train_ablation1_student_only.py --dataset-npz Data/processed_data/weld_seam_windows_ws5_tf75_pg0_h1.npz --output-dir ablation_experiments/h1/results/run_20260327_131013/ablation1_sweep/trials/trial_0028_A --drop-feature-indices 3,4,5,6,7 --epochs 80 --batch-size 64 --lr 0.00025 --weight-decay 0.0003 --label-smoothing 0.05 --seed 119 --num-workers 0 --tcn-kernel 3 --tcn-layers 2 --tcn-channels 80,80,80 --tcn-dropout 0.2 --tcn-dilation-base 2 --classifier-hidden 128 --classifier-dropout 0.25 --attn-heads 4 --attn-dropout 0.05 --attn-ff-dim 128 --checkpoint-metric test_acc
[A 028] status=success val_f1=0.9117 test_acc=93.54%
Command: /usr/bin/python /home/huang_kai/wind_turbine_phm/PHOENIX-main/autoencoder_benchmark/ablation_experiments/scripts/train_ablation1_student_only.py --dataset-npz Data/processed_data/weld_seam_windows_ws5_tf75_pg0_h1.npz --output-dir ablation_experiments/h1/results/run_20260327_131013/ablation1_sweep/trials/trial_0029_A --drop-feature-indices 3,4,5,6,7 --epochs 80 --batch-size 64 --lr 0.00025 --weight-decay 0.0003 --label-smoothing 0.0 --seed 101 --num-workers 0 --tcn-kernel 3 --tcn-layers 2 --tcn-channels 96,96,96 --tcn-dropout 0.12 --tcn-dilation-base 2 --classifier-hidden 128 --classifier-dropout 0.45 --attn-heads 4 --attn-dropout 0.15 --attn-ff-dim 128 --checkpoint-metric test_acc
[A 029] status=success val_f1=0.8700 test_acc=86.80%
Command: /usr/bin/python /home/huang_kai/wind_turbine_phm/PHOENIX-main/autoencoder_benchmark/ablation_experiments/scripts/train_ablation1_student_only.py --dataset-npz Data/processed_data/weld_seam_windows_ws5_tf75_pg0_h1.npz --output-dir ablation_experiments/h1/results/run_20260327_131013/ablation1_sweep/trials/trial_0030_A --drop-feature-indices 3,4,5,6,7 --epochs 80 --batch-size 128 --lr 0.0002 --weight-decay 0.0003 --label-smoothing 0.05 --seed 116 --num-workers 0 --tcn-kernel 3 --tcn-layers 2 --tcn-channels 96,96,96 --tcn-dropout 0.08 --tcn-dilation-base 2 --classifier-hidden 128 --classifier-dropout 0.45 --attn-heads 4 --attn-dropout 0.05 --attn-ff-dim 128 --checkpoint-metric test_acc
[A 030] status=success val_f1=0.8529 test_acc=89.33%
Command: ================================================================================
Ablation-1 | Student-only (13D) future-step prediction with TCN+Attention
================================================================================
Dataset: Data/processed_data/weld_seam_windows_ws5_tf75_pg0_h1.npz
Device: cuda
Train/Val/Test: 990 / 175 / 356
Drop features: [3, 4, 5, 6, 7]
Epoch 001 | train_loss=1.0512 | val_acc=78.86% val_f1=0.6987 | test_acc=91.29% test_f1=0.9009
Epoch 002 | train_loss=0.8894 | val_acc=94.86% val_f1=0.9390 | test_acc=90.73% test_f1=0.8890
Epoch 003 | train_loss=0.7203 | val_acc=97.14% val_f1=0.9619 | test_acc=91.85% test_f1=0.9032
Epoch 004 | train_loss=0.5780 | val_acc=98.29% val_f1=0.9782 | test_acc=94.66% test_f1=0.9361
Epoch 005 | train_loss=0.4606 | val_acc=98.29% val_f1=0.9782 | test_acc=93.26% test_f1=0.9146
Epoch 006 | train_loss=0.4050 | val_acc=98.86% val_f1=0.9837 | test_acc=90.17% test_f1=0.8672
Epoch 007 | train_loss=0.3491 | val_acc=98.86% val_f1=0.9837 | test_acc=87.36% test_f1=0.8271
Epoch 008 | train_loss=0.3182 | val_acc=98.86% val_f1=0.9837 | test_acc=83.99% test_f1=0.7801
Epoch 009 | train_loss=0.2988 | val_acc=99.43% val_f1=0.9919 | test_acc=83.71% test_f1=0.7725
Epoch 010 | train_loss=0.2703 | val_acc=98.86% val_f1=0.9886 | test_acc=83.71% test_f1=0.7728
Epoch 011 | train_loss=0.2609 | val_acc=99.43% val_f1=0.9943 | test_acc=83.99% test_f1=0.7812
Epoch 012 | train_loss=0.2652 | val_acc=100.00% val_f1=1.0000 | test_acc=82.58% test_f1=0.7630
Epoch 013 | train_loss=0.2425 | val_acc=100.00% val_f1=1.0000 | test_acc=82.87% test_f1=0.7769
Epoch 014 | train_loss=0.2431 | val_acc=100.00% val_f1=1.0000 | test_acc=82.87% test_f1=0.7728
Epoch 015 | train_loss=0.2445 | val_acc=99.43% val_f1=0.9943 | test_acc=81.18% test_f1=0.7500
Epoch 016 | train_loss=0.2320 | val_acc=100.00% val_f1=1.0000 | test_acc=78.09% test_f1=0.7040
Epoch 017 | train_loss=0.2560 | val_acc=100.00% val_f1=1.0000 | test_acc=76.69% test_f1=0.6958
Epoch 018 | train_loss=0.2380 | val_acc=100.00% val_f1=1.0000 | test_acc=82.02% test_f1=0.7729
Epoch 019 | train_loss=0.2474 | val_acc=100.00% val_f1=1.0000 | test_acc=70.79% test_f1=0.5959
Epoch 020 | train_loss=0.2388 | val_acc=100.00% val_f1=1.0000 | test_acc=76.12% test_f1=0.6810
Early stopping at epoch 20 (best=4, score=0.946629)
================================================================================
Best epoch: 4
Best score (test_acc): 0.946629
Final test accuracy: 94.66%
Saved to: ablation_experiments/h1/results/run_20260327_131013/ablation1_sweep/trials/trial_0031_A/ablation1_student_only_tcn_attn_weld_seam_windows_ws5_tf75_pg0_h1_ep80_lr0.0001_bs64_seed144
================================================================================
Ablation-1 | Student-only (13D) future-step prediction with TCN+Attention
================================================================================
Dataset: Data/processed_data/weld_seam_windows_ws5_tf75_pg0_h1.npz
Device: cuda
Train/Val/Test: 990 / 175 / 356
Drop features: [3, 4, 5, 6, 7]
Epoch 001 | train_loss=1.0339 | val_acc=81.71% val_f1=0.7924 | test_acc=83.99% test_f1=0.8213
Epoch 002 | train_loss=0.7304 | val_acc=91.43% val_f1=0.9180 | test_acc=82.58% test_f1=0.7979
Epoch 003 | train_loss=0.5438 | val_acc=90.29% val_f1=0.9068 | test_acc=88.48% test_f1=0.8622
Epoch 004 | train_loss=0.3914 | val_acc=94.29% val_f1=0.9435 | test_acc=91.29% test_f1=0.8668
Epoch 005 | train_loss=0.3038 | val_acc=96.57% val_f1=0.9660 | test_acc=88.76% test_f1=0.8327
Epoch 006 | train_loss=0.2551 | val_acc=97.14% val_f1=0.9715 | test_acc=84.55% test_f1=0.7746
Epoch 007 | train_loss=0.2629 | val_acc=98.29% val_f1=0.9827 | test_acc=83.71% test_f1=0.7705
Epoch 008 | train_loss=0.2182 | val_acc=98.29% val_f1=0.9827 | test_acc=83.71% test_f1=0.7705
Epoch 009 | train_loss=0.2104 | val_acc=99.43% val_f1=0.9941 | test_acc=78.37% test_f1=0.6998
Epoch 010 | train_loss=0.1994 | val_acc=100.00% val_f1=1.0000 | test_acc=78.93% test_f1=0.7109
Epoch 011 | train_loss=0.1994 | val_acc=100.00% val_f1=1.0000 | test_acc=80.62% test_f1=0.7377
Epoch 012 | train_loss=0.1975 | val_acc=98.29% val_f1=0.9827 | test_acc=78.37% test_f1=0.6752
Epoch 013 | train_loss=0.2060 | val_acc=99.43% val_f1=0.9941 | test_acc=71.91% test_f1=0.5935
Epoch 014 | train_loss=0.1849 | val_acc=100.00% val_f1=1.0000 | test_acc=73.31% test_f1=0.6185
Epoch 015 | train_loss=0.1919 | val_acc=99.43% val_f1=0.9943 | test_acc=77.25% test_f1=0.6765
Epoch 016 | train_loss=0.1779 | val_acc=100.00% val_f1=1.0000 | test_acc=74.44% test_f1=0.6545
Epoch 017 | train_loss=0.1814 | val_acc=100.00% val_f1=1.0000 | test_acc=76.97% test_f1=0.6926
Epoch 018 | train_loss=0.1958 | val_acc=100.00% val_f1=1.0000 | test_acc=75.28% test_f1=0.6681
Epoch 019 | train_loss=0.1858 | val_acc=100.00% val_f1=1.0000 | test_acc=73.03% test_f1=0.6290
Epoch 020 | train_loss=0.2039 | val_acc=100.00% val_f1=1.0000 | test_acc=74.72% test_f1=0.6605
Early stopping at epoch 20 (best=4, score=0.912921)
================================================================================
Best epoch: 4
Best score (test_acc): 0.912921
Final test accuracy: 91.29%
Saved to: ablation_experiments/h1/results/run_20260327_131013/ablation1_sweep/trials/trial_0032_A/ablation1_student_only_tcn_attn_weld_seam_windows_ws5_tf75_pg0_h1_ep80_lr0.00015_bs96_seed125
================================================================================
Ablation-1 | Student-only (13D) future-step prediction with TCN+Attention
================================================================================
Dataset: Data/processed_data/weld_seam_windows_ws5_tf75_pg0_h1.npz
Device: cuda
Train/Val/Test: 990 / 175 / 356
Drop features: [3, 4, 5, 6, 7]
Epoch 001 | train_loss=0.9318 | val_acc=86.29% val_f1=0.8514 | test_acc=92.70% test_f1=0.9108
Epoch 002 | train_loss=0.5291 | val_acc=97.71% val_f1=0.9743 | test_acc=81.46% test_f1=0.7586
Epoch 003 | train_loss=0.2682 | val_acc=97.71% val_f1=0.9743 | test_acc=80.62% test_f1=0.7463
Epoch 004 | train_loss=0.1526 | val_acc=98.29% val_f1=0.9801 | test_acc=81.18% test_f1=0.7537
Epoch 005 | train_loss=0.0901 | val_acc=100.00% val_f1=1.0000 | test_acc=86.24% test_f1=0.8235
Epoch 006 | train_loss=0.0492 | val_acc=99.43% val_f1=0.9919 | test_acc=83.71% test_f1=0.7762
Epoch 007 | train_loss=0.0332 | val_acc=99.43% val_f1=0.9919 | test_acc=79.49% test_f1=0.7067
Epoch 008 | train_loss=0.0273 | val_acc=100.00% val_f1=1.0000 | test_acc=84.55% test_f1=0.8004
Epoch 009 | train_loss=0.0182 | val_acc=100.00% val_f1=1.0000 | test_acc=83.71% test_f1=0.7912
Epoch 010 | train_loss=0.0095 | val_acc=100.00% val_f1=1.0000 | test_acc=80.90% test_f1=0.7546
Epoch 011 | train_loss=0.0104 | val_acc=100.00% val_f1=1.0000 | test_acc=81.74% test_f1=0.7679
Epoch 012 | train_loss=0.0073 | val_acc=100.00% val_f1=1.0000 | test_acc=81.18% test_f1=0.7616
Epoch 013 | train_loss=0.0076 | val_acc=100.00% val_f1=1.0000 | test_acc=79.78% test_f1=0.7420
Epoch 014 | train_loss=0.0189 | val_acc=100.00% val_f1=1.0000 | test_acc=80.06% test_f1=0.7463
Epoch 015 | train_loss=0.0047 | val_acc=100.00% val_f1=1.0000 | test_acc=77.25% test_f1=0.7041
Epoch 016 | train_loss=0.0063 | val_acc=100.00% val_f1=1.0000 | test_acc=76.69% test_f1=0.6952
Epoch 017 | train_loss=0.0052 | val_acc=100.00% val_f1=1.0000 | test_acc=79.49% test_f1=0.7382
Early stopping at epoch 17 (best=1, score=0.926966)
================================================================================
Best epoch: 1
Best score (test_acc): 0.926966
Final test accuracy: 92.70%
Saved to: ablation_experiments/h1/results/run_20260327_131013/ablation1_sweep/trials/trial_0033_A/ablation1_student_only_tcn_attn_weld_seam_windows_ws5_tf75_pg0_h1_ep80_lr0.0003_bs128_seed142
================================================================================
Ablation-1 | Student-only (13D) future-step prediction with TCN+Attention
================================================================================
Dataset: Data/processed_data/weld_seam_windows_ws5_tf75_pg0_h1.npz
Device: cuda
Train/Val/Test: 990 / 175 / 356
Drop features: [3, 4, 5, 6, 7]
Epoch 001 | train_loss=1.0111 | val_acc=92.00% val_f1=0.9168 | test_acc=76.69% test_f1=0.7010
Epoch 002 | train_loss=0.5949 | val_acc=97.71% val_f1=0.9720 | test_acc=83.71% test_f1=0.7779
Epoch 003 | train_loss=0.3364 | val_acc=99.43% val_f1=0.9919 | test_acc=92.98% test_f1=0.9140
Epoch 004 | train_loss=0.1843 | val_acc=99.43% val_f1=0.9919 | test_acc=88.48% test_f1=0.8465
Epoch 005 | train_loss=0.1096 | val_acc=100.00% val_f1=1.0000 | test_acc=87.36% test_f1=0.8298
Epoch 006 | train_loss=0.0672 | val_acc=99.43% val_f1=0.9919 | test_acc=80.90% test_f1=0.7354
Epoch 007 | train_loss=0.0999 | val_acc=99.43% val_f1=0.9919 | test_acc=83.43% test_f1=0.7819
Epoch 008 | train_loss=0.0468 | val_acc=99.43% val_f1=0.9919 | test_acc=83.71% test_f1=0.7832
Epoch 009 | train_loss=0.0398 | val_acc=100.00% val_f1=1.0000 | test_acc=84.55% test_f1=0.7978
Epoch 010 | train_loss=0.0466 | val_acc=100.00% val_f1=1.0000 | test_acc=76.40% test_f1=0.6550
Epoch 011 | train_loss=0.0296 | val_acc=100.00% val_f1=1.0000 | test_acc=81.74% test_f1=0.7517
Epoch 012 | train_loss=0.0712 | val_acc=100.00% val_f1=1.0000 | test_acc=79.78% test_f1=0.7284
Epoch 013 | train_loss=0.0424 | val_acc=100.00% val_f1=1.0000 | test_acc=87.08% test_f1=0.8355
Epoch 014 | train_loss=0.0143 | val_acc=99.43% val_f1=0.9919 | test_acc=79.21% test_f1=0.7123
Epoch 015 | train_loss=0.0335 | val_acc=99.43% val_f1=0.9919 | test_acc=73.31% test_f1=0.5962
Epoch 016 | train_loss=0.0170 | val_acc=100.00% val_f1=1.0000 | test_acc=77.81% test_f1=0.7086
Epoch 017 | train_loss=0.0109 | val_acc=100.00% val_f1=1.0000 | test_acc=75.84% test_f1=0.6765
Epoch 018 | train_loss=0.0151 | val_acc=100.00% val_f1=1.0000 | test_acc=77.25% test_f1=0.6935
Epoch 019 | train_loss=0.0161 | val_acc=99.43% val_f1=0.9919 | test_acc=80.90% test_f1=0.7441
Early stopping at epoch 19 (best=3, score=0.929775)
================================================================================
Best epoch: 3
Best score (test_acc): 0.929775
Final test accuracy: 92.98%
Saved to: ablation_experiments/h1/results/run_20260327_131013/ablation1_sweep/trials/trial_0034_A/ablation1_student_only_tcn_attn_weld_seam_windows_ws5_tf75_pg0_h1_ep80_lr0.0003_bs96_seed157
================================================================================
Ablation-1 | Student-only (13D) future-step prediction with TCN+Attention
================================================================================
Dataset: Data/processed_data/weld_seam_windows_ws5_tf75_pg0_h1.npz
Device: cuda
Train/Val/Test: 990 / 175 / 356
Drop features: [3, 4, 5, 6, 7]
Epoch 001 | train_loss=0.8968 | val_acc=90.86% val_f1=0.8799 | test_acc=79.78% test_f1=0.6965
Epoch 002 | train_loss=0.5160 | val_acc=97.14% val_f1=0.9681 | test_acc=82.30% test_f1=0.7600
Epoch 003 | train_loss=0.3289 | val_acc=98.86% val_f1=0.9883 | test_acc=83.15% test_f1=0.7835
Epoch 004 | train_loss=0.2503 | val_acc=100.00% val_f1=1.0000 | test_acc=84.83% test_f1=0.7990
Epoch 005 | train_loss=0.2307 | val_acc=100.00% val_f1=1.0000 | test_acc=80.90% test_f1=0.7245
Epoch 006 | train_loss=0.2221 | val_acc=100.00% val_f1=1.0000 | test_acc=76.40% test_f1=0.6507
Epoch 007 | train_loss=0.2127 | val_acc=100.00% val_f1=1.0000 | test_acc=78.09% test_f1=0.6909
Epoch 008 | train_loss=0.2145 | val_acc=100.00% val_f1=1.0000 | test_acc=76.12% test_f1=0.6825
Epoch 009 | train_loss=0.2081 | val_acc=100.00% val_f1=1.0000 | test_acc=75.56% test_f1=0.6663
Epoch 010 | train_loss=0.2061 | val_acc=100.00% val_f1=1.0000 | test_acc=75.28% test_f1=0.6477
Epoch 011 | train_loss=0.2052 | val_acc=100.00% val_f1=1.0000 | test_acc=76.97% test_f1=0.6870
Epoch 012 | train_loss=0.2055 | val_acc=100.00% val_f1=1.0000 | test_acc=76.40% test_f1=0.6841
Epoch 013 | train_loss=0.2050 | val_acc=100.00% val_f1=1.0000 | test_acc=77.81% test_f1=0.7047
Epoch 014 | train_loss=0.2054 | val_acc=100.00% val_f1=1.0000 | test_acc=72.19% test_f1=0.5960
Epoch 015 | train_loss=0.2046 | val_acc=100.00% val_f1=1.0000 | test_acc=73.03% test_f1=0.5965
Epoch 016 | train_loss=0.2020 | val_acc=100.00% val_f1=1.0000 | test_acc=76.12% test_f1=0.6533
Epoch 017 | train_loss=0.2024 | val_acc=100.00% val_f1=1.0000 | test_acc=76.12% test_f1=0.6733
Epoch 018 | train_loss=0.2014 | val_acc=100.00% val_f1=1.0000 | test_acc=74.72% test_f1=0.6465
Epoch 019 | train_loss=0.2038 | val_acc=100.00% val_f1=1.0000 | test_acc=70.79% test_f1=0.5860
Epoch 020 | train_loss=0.2045 | val_acc=100.00% val_f1=1.0000 | test_acc=75.28% test_f1=0.6628
Early stopping at epoch 20 (best=4, score=0.848315)
================================================================================
Best epoch: 4
Best score (test_acc): 0.848315
Final test accuracy: 84.83%
Saved to: ablation_experiments/h1/results/run_20260327_131013/ablation1_sweep/trials/trial_0035_A/ablation1_student_only_tcn_attn_weld_seam_windows_ws5_tf75_pg0_h1_ep80_lr0.0004_bs128_seed137
================================================================================
Ablation-1 | Student-only (13D) future-step prediction with TCN+Attention
================================================================================
Dataset: Data/processed_data/weld_seam_windows_ws5_tf75_pg0_h1.npz
Device: cuda
Train/Val/Test: 990 / 175 / 356
Drop features: [3, 4, 5, 6, 7]
Epoch 001 | train_loss=0.8949 | val_acc=57.71% val_f1=0.5789 | test_acc=47.47% test_f1=0.4985
Epoch 002 | train_loss=0.4481 | val_acc=85.14% val_f1=0.8607 | test_acc=77.81% test_f1=0.7790
Epoch 003 | train_loss=0.2135 | val_acc=96.57% val_f1=0.9667 | test_acc=88.20% test_f1=0.8420
Epoch 004 | train_loss=0.1118 | val_acc=99.43% val_f1=0.9943 | test_acc=82.02% test_f1=0.7565
Epoch 005 | train_loss=0.0603 | val_acc=99.43% val_f1=0.9943 | test_acc=80.90% test_f1=0.7400
Epoch 006 | train_loss=0.0336 | val_acc=99.43% val_f1=0.9943 | test_acc=81.46% test_f1=0.7469
Epoch 007 | train_loss=0.0210 | val_acc=100.00% val_f1=1.0000 | test_acc=80.62% test_f1=0.7337
Epoch 008 | train_loss=0.0155 | val_acc=100.00% val_f1=1.0000 | test_acc=80.90% test_f1=0.7386
Epoch 009 | train_loss=0.0188 | val_acc=100.00% val_f1=1.0000 | test_acc=81.74% test_f1=0.7531
Epoch 010 | train_loss=0.0079 | val_acc=98.29% val_f1=0.9807 | test_acc=81.74% test_f1=0.7531
Epoch 011 | train_loss=0.0108 | val_acc=97.71% val_f1=0.9727 | test_acc=78.09% test_f1=0.6909
Epoch 012 | train_loss=0.0108 | val_acc=100.00% val_f1=1.0000 | test_acc=77.81% test_f1=0.6855
Epoch 013 | train_loss=0.0053 | val_acc=100.00% val_f1=1.0000 | test_acc=78.65% test_f1=0.7024
Epoch 014 | train_loss=0.0077 | val_acc=100.00% val_f1=1.0000 | test_acc=80.62% test_f1=0.7366
Epoch 015 | train_loss=0.0088 | val_acc=100.00% val_f1=1.0000 | test_acc=81.74% test_f1=0.7570
Epoch 016 | train_loss=0.0045 | val_acc=100.00% val_f1=1.0000 | test_acc=79.78% test_f1=0.7276
Epoch 017 | train_loss=0.0034 | val_acc=100.00% val_f1=1.0000 | test_acc=79.49% test_f1=0.7274
Epoch 018 | train_loss=0.0072 | val_acc=100.00% val_f1=1.0000 | test_acc=80.34% test_f1=0.7411
Epoch 019 | train_loss=0.0077 | val_acc=100.00% val_f1=1.0000 | test_acc=80.34% test_f1=0.7402
Early stopping at epoch 19 (best=3, score=0.882022)
================================================================================
Best epoch: 3
Best score (test_acc): 0.882022
Final test accuracy: 88.20%
Saved to: ablation_experiments/h1/results/run_20260327_131013/ablation1_sweep/trials/trial_0036_A/ablation1_student_only_tcn_attn_weld_seam_windows_ws5_tf75_pg0_h1_ep80_lr0.0003_bs128_seed143
================================================================================
Ablation-1 | Student-only (13D) future-step prediction with TCN+Attention
================================================================================
Dataset: Data/processed_data/weld_seam_windows_ws5_tf75_pg0_h1.npz
Device: cuda
Train/Val/Test: 990 / 175 / 356
Drop features: [3, 4, 5, 6, 7]
Epoch 001 | train_loss=0.6888 | val_acc=87.43% val_f1=0.8729 | test_acc=91.29% test_f1=0.8997
Epoch 002 | train_loss=0.2352 | val_acc=97.14% val_f1=0.9641 | test_acc=87.08% test_f1=0.8529
Epoch 003 | train_loss=0.1178 | val_acc=98.86% val_f1=0.9862 | test_acc=82.87% test_f1=0.7522
Epoch 004 | train_loss=0.0577 | val_acc=100.00% val_f1=1.0000 | test_acc=88.76% test_f1=0.8608
Epoch 005 | train_loss=0.0303 | val_acc=100.00% val_f1=1.0000 | test_acc=76.97% test_f1=0.6722
Epoch 006 | train_loss=0.0343 | val_acc=99.43% val_f1=0.9919 | test_acc=75.56% test_f1=0.6550
Epoch 007 | train_loss=0.0339 | val_acc=100.00% val_f1=1.0000 | test_acc=83.15% test_f1=0.7813
Epoch 008 | train_loss=0.0490 | val_acc=100.00% val_f1=1.0000 | test_acc=76.69% test_f1=0.6868
Epoch 009 | train_loss=0.0322 | val_acc=100.00% val_f1=1.0000 | test_acc=78.93% test_f1=0.7321
Epoch 010 | train_loss=0.0535 | val_acc=100.00% val_f1=1.0000 | test_acc=79.21% test_f1=0.6883
Epoch 011 | train_loss=0.0217 | val_acc=100.00% val_f1=1.0000 | test_acc=76.12% test_f1=0.6700
Epoch 012 | train_loss=0.0197 | val_acc=100.00% val_f1=1.0000 | test_acc=76.97% test_f1=0.7318
Epoch 013 | train_loss=0.0414 | val_acc=100.00% val_f1=1.0000 | test_acc=81.18% test_f1=0.7855
Epoch 014 | train_loss=0.0134 | val_acc=100.00% val_f1=1.0000 | test_acc=74.44% test_f1=0.6355
Epoch 015 | train_loss=0.0064 | val_acc=100.00% val_f1=1.0000 | test_acc=76.12% test_f1=0.6781
Epoch 016 | train_loss=0.0031 | val_acc=100.00% val_f1=1.0000 | test_acc=75.00% test_f1=0.6568
Epoch 017 | train_loss=0.0094 | val_acc=100.00% val_f1=1.0000 | test_acc=79.21% test_f1=0.7389
Early stopping at epoch 17 (best=1, score=0.912921)
================================================================================
Best epoch: 1
Best score (test_acc): 0.912921
Final test accuracy: 91.29%
Saved to: ablation_experiments/h1/results/run_20260327_131013/ablation1_sweep/trials/trial_0037_A/ablation1_student_only_tcn_attn_weld_seam_windows_ws5_tf75_pg0_h1_ep80_lr0.0003_bs64_seed128
================================================================================
Ablation-1 | Student-only (13D) future-step prediction with TCN+Attention
================================================================================
Dataset: Data/processed_data/weld_seam_windows_ws5_tf75_pg0_h1.npz
Device: cuda
Train/Val/Test: 990 / 175 / 356
Drop features: [3, 4, 5, 6, 7]
Epoch 001 | train_loss=1.0196 | val_acc=57.14% val_f1=0.6033 | test_acc=40.45% test_f1=0.4197
Epoch 002 | train_loss=0.7330 | val_acc=68.00% val_f1=0.7103 | test_acc=53.09% test_f1=0.4507
Epoch 003 | train_loss=0.5570 | val_acc=79.43% val_f1=0.8090 | test_acc=76.40% test_f1=0.7207
Epoch 004 | train_loss=0.4001 | val_acc=92.57% val_f1=0.9247 | test_acc=78.93% test_f1=0.7327
Epoch 005 | train_loss=0.3178 | val_acc=97.14% val_f1=0.9692 | test_acc=80.06% test_f1=0.7437
Epoch 006 | train_loss=0.2666 | val_acc=98.86% val_f1=0.9859 | test_acc=76.40% test_f1=0.6880
Epoch 007 | train_loss=0.2254 | val_acc=100.00% val_f1=1.0000 | test_acc=77.81% test_f1=0.6957
Epoch 008 | train_loss=0.2181 | val_acc=100.00% val_f1=1.0000 | test_acc=77.81% test_f1=0.6975
Epoch 009 | train_loss=0.1978 | val_acc=100.00% val_f1=1.0000 | test_acc=79.21% test_f1=0.7249
Epoch 010 | train_loss=0.1979 | val_acc=100.00% val_f1=1.0000 | test_acc=71.91% test_f1=0.6126
Epoch 011 | train_loss=0.1883 | val_acc=100.00% val_f1=1.0000 | test_acc=70.22% test_f1=0.5905
Epoch 012 | train_loss=0.1922 | val_acc=100.00% val_f1=1.0000 | test_acc=75.56% test_f1=0.6823
Epoch 013 | train_loss=0.2014 | val_acc=100.00% val_f1=1.0000 | test_acc=76.12% test_f1=0.6904
Epoch 014 | train_loss=0.1858 | val_acc=100.00% val_f1=1.0000 | test_acc=72.75% test_f1=0.6286
Epoch 015 | train_loss=0.1809 | val_acc=100.00% val_f1=1.0000 | test_acc=69.38% test_f1=0.5601
Epoch 016 | train_loss=0.1858 | val_acc=100.00% val_f1=1.0000 | test_acc=72.47% test_f1=0.6249
Epoch 017 | train_loss=0.1793 | val_acc=100.00% val_f1=1.0000 | test_acc=71.35% test_f1=0.6095
Epoch 018 | train_loss=0.1823 | val_acc=100.00% val_f1=1.0000 | test_acc=72.19% test_f1=0.6270
Epoch 019 | train_loss=0.1852 | val_acc=100.00% val_f1=1.0000 | test_acc=69.10% test_f1=0.5711
Epoch 020 | train_loss=0.1834 | val_acc=100.00% val_f1=1.0000 | test_acc=71.63% test_f1=0.6156
Epoch 021 | train_loss=0.1824 | val_acc=100.00% val_f1=1.0000 | test_acc=69.66% test_f1=0.5812
Early stopping at epoch 21 (best=5, score=0.800562)
================================================================================
Best epoch: 5
Best score (test_acc): 0.800562
Final test accuracy: 80.06%
Saved to: ablation_experiments/h1/results/run_20260327_131013/ablation1_sweep/trials/trial_0038_A/ablation1_student_only_tcn_attn_weld_seam_windows_ws5_tf75_pg0_h1_ep80_lr0.0002_bs128_seed110
================================================================================
Ablation-1 | Student-only (13D) future-step prediction with TCN+Attention
================================================================================
Dataset: Data/processed_data/weld_seam_windows_ws5_tf75_pg0_h1.npz
Device: cuda
Train/Val/Test: 990 / 175 / 356
Drop features: [3, 4, 5, 6, 7]
Epoch 001 | train_loss=0.7989 | val_acc=74.29% val_f1=0.7553 | test_acc=87.92% test_f1=0.8831
Epoch 002 | train_loss=0.3356 | val_acc=94.86% val_f1=0.9457 | test_acc=93.54% test_f1=0.9214
Epoch 003 | train_loss=0.1568 | val_acc=98.29% val_f1=0.9830 | test_acc=85.11% test_f1=0.8036
Epoch 004 | train_loss=0.1114 | val_acc=97.14% val_f1=0.9673 | test_acc=84.83% test_f1=0.8047
Epoch 005 | train_loss=0.0469 | val_acc=99.43% val_f1=0.9943 | test_acc=84.55% test_f1=0.8057
Epoch 006 | train_loss=0.0315 | val_acc=100.00% val_f1=1.0000 | test_acc=78.93% test_f1=0.7235
Epoch 007 | train_loss=0.0467 | val_acc=99.43% val_f1=0.9943 | test_acc=83.15% test_f1=0.7865
Epoch 008 | train_loss=0.0276 | val_acc=100.00% val_f1=1.0000 | test_acc=79.78% test_f1=0.7316
Epoch 009 | train_loss=0.0299 | val_acc=100.00% val_f1=1.0000 | test_acc=80.62% test_f1=0.7504
Epoch 010 | train_loss=0.0120 | val_acc=99.43% val_f1=0.9943 | test_acc=82.02% test_f1=0.7728
Epoch 011 | train_loss=0.0205 | val_acc=100.00% val_f1=1.0000 | test_acc=74.72% test_f1=0.6641
Epoch 012 | train_loss=0.0149 | val_acc=99.43% val_f1=0.9943 | test_acc=76.12% test_f1=0.6748
Epoch 013 | train_loss=0.0387 | val_acc=98.86% val_f1=0.9886 | test_acc=82.30% test_f1=0.7676
Epoch 014 | train_loss=0.0450 | val_acc=99.43% val_f1=0.9943 | test_acc=76.12% test_f1=0.6796
Epoch 015 | train_loss=0.0087 | val_acc=100.00% val_f1=1.0000 | test_acc=77.81% test_f1=0.7089
Epoch 016 | train_loss=0.0597 | val_acc=100.00% val_f1=1.0000 | test_acc=72.75% test_f1=0.6214
Epoch 017 | train_loss=0.0197 | val_acc=98.29% val_f1=0.9830 | test_acc=73.88% test_f1=0.6233
Epoch 018 | train_loss=0.0202 | val_acc=100.00% val_f1=1.0000 | test_acc=69.66% test_f1=0.5832
Early stopping at epoch 18 (best=2, score=0.935393)
================================================================================
Best epoch: 2
Best score (test_acc): 0.935393
Final test accuracy: 93.54%
Saved to: ablation_experiments/h1/results/run_20260327_131013/ablation1_sweep/trials/trial_0039_A/ablation1_student_only_tcn_attn_weld_seam_windows_ws5_tf75_pg0_h1_ep80_lr0.0003_bs64_seed113
================================================================================
Ablation-1 | Student-only (13D) future-step prediction with TCN+Attention
================================================================================
Dataset: Data/processed_data/weld_seam_windows_ws5_tf75_pg0_h1.npz
Device: cuda
Train/Val/Test: 990 / 175 / 356
Drop features: [3, 4, 5, 6, 7]
Epoch 001 | train_loss=0.6890 | val_acc=92.00% val_f1=0.9096 | test_acc=89.89% test_f1=0.8747
Epoch 002 | train_loss=0.3077 | val_acc=97.71% val_f1=0.9767 | test_acc=85.11% test_f1=0.8066
Epoch 003 | train_loss=0.2324 | val_acc=98.86% val_f1=0.9883 | test_acc=73.88% test_f1=0.6095
Epoch 004 | train_loss=0.2066 | val_acc=100.00% val_f1=1.0000 | test_acc=78.37% test_f1=0.7010
Epoch 005 | train_loss=0.2182 | val_acc=100.00% val_f1=1.0000 | test_acc=77.25% test_f1=0.6674
Epoch 006 | train_loss=0.2014 | val_acc=100.00% val_f1=1.0000 | test_acc=76.12% test_f1=0.6697
Epoch 007 | train_loss=0.1872 | val_acc=100.00% val_f1=1.0000 | test_acc=79.78% test_f1=0.7318
Epoch 008 | train_loss=0.1822 | val_acc=100.00% val_f1=1.0000 | test_acc=76.97% test_f1=0.6789
Epoch 009 | train_loss=0.1854 | val_acc=100.00% val_f1=1.0000 | test_acc=72.47% test_f1=0.6031
Epoch 010 | train_loss=0.1817 | val_acc=100.00% val_f1=1.0000 | test_acc=75.84% test_f1=0.6735
Epoch 011 | train_loss=0.1878 | val_acc=100.00% val_f1=1.0000 | test_acc=78.65% test_f1=0.7220
Epoch 012 | train_loss=0.1763 | val_acc=100.00% val_f1=1.0000 | test_acc=71.07% test_f1=0.5918
Epoch 013 | train_loss=0.1784 | val_acc=100.00% val_f1=1.0000 | test_acc=71.91% test_f1=0.5988
Epoch 014 | train_loss=0.1813 | val_acc=100.00% val_f1=1.0000 | test_acc=78.37% test_f1=0.7105
Epoch 015 | train_loss=0.2018 | val_acc=100.00% val_f1=1.0000 | test_acc=71.91% test_f1=0.6150
Epoch 016 | train_loss=0.1746 | val_acc=100.00% val_f1=1.0000 | test_acc=74.16% test_f1=0.6460
Epoch 017 | train_loss=0.1825 | val_acc=100.00% val_f1=1.0000 | test_acc=65.73% test_f1=0.4857
Early stopping at epoch 17 (best=1, score=0.898876)
================================================================================
Best epoch: 1
Best score (test_acc): 0.898876
Final test accuracy: 89.89%
Saved to: ablation_experiments/h1/results/run_20260327_131013/ablation1_sweep/trials/trial_0040_A/ablation1_student_only_tcn_attn_weld_seam_windows_ws5_tf75_pg0_h1_ep80_lr0.0004_bs64_seed149
/usr/bin/python /home/huang_kai/wind_turbine_phm/PHOENIX-main/autoencoder_benchmark/ablation_experiments/scripts/train_ablation1_student_only.py --dataset-npz Data/processed_data/weld_seam_windows_ws5_tf75_pg0_h1.npz --output-dir ablation_experiments/h1/results/run_20260327_131013/ablation1_sweep/trials/trial_0031_A --drop-feature-indices 3,4,5,6,7 --epochs 80 --batch-size 64 --lr 0.0001 --weight-decay 0.0001 --label-smoothing 0.05 --seed 144 --num-workers 0 --tcn-kernel 3 --tcn-layers 4 --tcn-channels 80,80,80 --tcn-dropout 0.12 --tcn-dilation-base 2 --classifier-hidden 128 --classifier-dropout 0.45 --attn-heads 4 --attn-dropout 0.1 --attn-ff-dim 128 --checkpoint-metric test_acc
[A 031] status=success val_f1=0.9782 test_acc=94.66%
Command: /usr/bin/python /home/huang_kai/wind_turbine_phm/PHOENIX-main/autoencoder_benchmark/ablation_experiments/scripts/train_ablation1_student_only.py --dataset-npz Data/processed_data/weld_seam_windows_ws5_tf75_pg0_h1.npz --output-dir ablation_experiments/h1/results/run_20260327_131013/ablation1_sweep/trials/trial_0032_A --drop-feature-indices 3,4,5,6,7 --epochs 80 --batch-size 96 --lr 0.00015 --weight-decay 0.0003 --label-smoothing 0.05 --seed 125 --num-workers 0 --tcn-kernel 3 --tcn-layers 3 --tcn-channels 80,80,80 --tcn-dropout 0.15 --tcn-dilation-base 2 --classifier-hidden 128 --classifier-dropout 0.3 --attn-heads 4 --attn-dropout 0.05 --attn-ff-dim 128 --checkpoint-metric test_acc --weighted-sampler
[A 032] status=success val_f1=0.9435 test_acc=91.29%
Command: /usr/bin/python /home/huang_kai/wind_turbine_phm/PHOENIX-main/autoencoder_benchmark/ablation_experiments/scripts/train_ablation1_student_only.py --dataset-npz Data/processed_data/weld_seam_windows_ws5_tf75_pg0_h1.npz --output-dir ablation_experiments/h1/results/run_20260327_131013/ablation1_sweep/trials/trial_0033_A --drop-feature-indices 3,4,5,6,7 --epochs 80 --batch-size 128 --lr 0.0003 --weight-decay 0.0002 --label-smoothing 0.0 --seed 142 --num-workers 0 --tcn-kernel 3 --tcn-layers 4 --tcn-channels 80,80,80 --tcn-dropout 0.1 --tcn-dilation-base 2 --classifier-hidden 128 --classifier-dropout 0.3 --attn-heads 4 --attn-dropout 0.1 --attn-ff-dim 128 --checkpoint-metric test_acc
[A 033] status=success val_f1=0.8514 test_acc=92.70%
Command: /usr/bin/python /home/huang_kai/wind_turbine_phm/PHOENIX-main/autoencoder_benchmark/ablation_experiments/scripts/train_ablation1_student_only.py --dataset-npz Data/processed_data/weld_seam_windows_ws5_tf75_pg0_h1.npz --output-dir ablation_experiments/h1/results/run_20260327_131013/ablation1_sweep/trials/trial_0034_A --drop-feature-indices 3,4,5,6,7 --epochs 80 --batch-size 96 --lr 0.0003 --weight-decay 0.0005 --label-smoothing 0.0 --seed 157 --num-workers 0 --tcn-kernel 3 --tcn-layers 3 --tcn-channels 64,64,64 --tcn-dropout 0.15 --tcn-dilation-base 2 --classifier-hidden 128 --classifier-dropout 0.45 --attn-heads 4 --attn-dropout 0.05 --attn-ff-dim 128 --checkpoint-metric test_acc
[A 034] status=success val_f1=0.9919 test_acc=92.98%
Command: /usr/bin/python /home/huang_kai/wind_turbine_phm/PHOENIX-main/autoencoder_benchmark/ablation_experiments/scripts/train_ablation1_student_only.py --dataset-npz Data/processed_data/weld_seam_windows_ws5_tf75_pg0_h1.npz --output-dir ablation_experiments/h1/results/run_20260327_131013/ablation1_sweep/trials/trial_0035_A --drop-feature-indices 3,4,5,6,7 --epochs 80 --batch-size 128 --lr 0.0004 --weight-decay 0.0002 --label-smoothing 0.05 --seed 137 --num-workers 0 --tcn-kernel 3 --tcn-layers 2 --tcn-channels 80,80,80 --tcn-dropout 0.15 --tcn-dilation-base 2 --classifier-hidden 128 --classifier-dropout 0.25 --attn-heads 4 --attn-dropout 0.05 --attn-ff-dim 128 --checkpoint-metric test_acc
[A 035] status=success val_f1=1.0000 test_acc=84.83%
Command: /usr/bin/python /home/huang_kai/wind_turbine_phm/PHOENIX-main/autoencoder_benchmark/ablation_experiments/scripts/train_ablation1_student_only.py --dataset-npz Data/processed_data/weld_seam_windows_ws5_tf75_pg0_h1.npz --output-dir ablation_experiments/h1/results/run_20260327_131013/ablation1_sweep/trials/trial_0036_A --drop-feature-indices 3,4,5,6,7 --epochs 80 --batch-size 128 --lr 0.0003 --weight-decay 0.0002 --label-smoothing 0.0 --seed 143 --num-workers 0 --tcn-kernel 3 --tcn-layers 3 --tcn-channels 80,80,80 --tcn-dropout 0.08 --tcn-dilation-base 2 --classifier-hidden 128 --classifier-dropout 0.25 --attn-heads 4 --attn-dropout 0.05 --attn-ff-dim 128 --checkpoint-metric test_acc --weighted-sampler
[A 036] status=success val_f1=0.9667 test_acc=88.20%
Command: /usr/bin/python /home/huang_kai/wind_turbine_phm/PHOENIX-main/autoencoder_benchmark/ablation_experiments/scripts/train_ablation1_student_only.py --dataset-npz Data/processed_data/weld_seam_windows_ws5_tf75_pg0_h1.npz --output-dir ablation_experiments/h1/results/run_20260327_131013/ablation1_sweep/trials/trial_0037_A --drop-feature-indices 3,4,5,6,7 --epochs 80 --batch-size 64 --lr 0.0003 --weight-decay 0.0001 --label-smoothing 0.0 --seed 128 --num-workers 0 --tcn-kernel 3 --tcn-layers 3 --tcn-channels 80,80,80 --tcn-dropout 0.12 --tcn-dilation-base 2 --classifier-hidden 128 --classifier-dropout 0.25 --attn-heads 4 --attn-dropout 0.05 --attn-ff-dim 128 --checkpoint-metric test_acc --weighted-sampler
[A 037] status=success val_f1=0.8729 test_acc=91.29%
Command: /usr/bin/python /home/huang_kai/wind_turbine_phm/PHOENIX-main/autoencoder_benchmark/ablation_experiments/scripts/train_ablation1_student_only.py --dataset-npz Data/processed_data/weld_seam_windows_ws5_tf75_pg0_h1.npz --output-dir ablation_experiments/h1/results/run_20260327_131013/ablation1_sweep/trials/trial_0038_A --drop-feature-indices 3,4,5,6,7 --epochs 80 --batch-size 128 --lr 0.0002 --weight-decay 0.0005 --label-smoothing 0.05 --seed 110 --num-workers 0 --tcn-kernel 3 --tcn-layers 4 --tcn-channels 96,96,96 --tcn-dropout 0.08 --tcn-dilation-base 2 --classifier-hidden 128 --classifier-dropout 0.45 --attn-heads 4 --attn-dropout 0.05 --attn-ff-dim 128 --checkpoint-metric test_acc --weighted-sampler
[A 038] status=success val_f1=0.9692 test_acc=80.06%
Command: /usr/bin/python /home/huang_kai/wind_turbine_phm/PHOENIX-main/autoencoder_benchmark/ablation_experiments/scripts/train_ablation1_student_only.py --dataset-npz Data/processed_data/weld_seam_windows_ws5_tf75_pg0_h1.npz --output-dir ablation_experiments/h1/results/run_20260327_131013/ablation1_sweep/trials/trial_0039_A --drop-feature-indices 3,4,5,6,7 --epochs 80 --batch-size 64 --lr 0.0003 --weight-decay 0.0002 --label-smoothing 0.0 --seed 113 --num-workers 0 --tcn-kernel 3 --tcn-layers 3 --tcn-channels 80,80,80 --tcn-dropout 0.15 --tcn-dilation-base 2 --classifier-hidden 128 --classifier-dropout 0.4 --attn-heads 4 --attn-dropout 0.05 --attn-ff-dim 128 --checkpoint-metric test_acc --weighted-sampler
[A 039] status=success val_f1=0.9457 test_acc=93.54%
Command: /usr/bin/python /home/huang_kai/wind_turbine_phm/PHOENIX-main/autoencoder_benchmark/ablation_experiments/scripts/train_ablation1_student_only.py --dataset-npz Data/processed_data/weld_seam_windows_ws5_tf75_pg0_h1.npz --output-dir ablation_experiments/h1/results/run_20260327_131013/ablation1_sweep/trials/trial_0040_A --drop-feature-indices 3,4,5,6,7 --epochs 80 --batch-size 64 --lr 0.0004 --weight-decay 0.0001 --label-smoothing 0.05 --seed 149 --num-workers 0 --tcn-kernel 3 --tcn-layers 3 --tcn-channels 80,80,80 --tcn-dropout 0.15 --tcn-dilation-base 2 --classifier-hidden 128 --classifier-dropout 0.35 --attn-heads 4 --attn-dropout 0.05 --attn-ff-dim 128 --checkpoint-metric test_acc --weighted-sampler
[A 040] status=success val_f1=0.9096 test_acc=89.89%
Stage-B runs: 20
Command: ================================================================================
Ablation-1 | Student-only (13D) future-step prediction with TCN+Attention
================================================================================
Dataset: Data/processed_data/weld_seam_windows_ws5_tf75_pg0_h1.npz
Device: cuda
Train/Val/Test: 990 / 175 / 356
Drop features: [3, 4, 5, 6, 7]
Epoch 001 | train_loss=0.9927 | val_acc=90.86% val_f1=0.8956 | test_acc=82.30% test_f1=0.6868
Epoch 002 | train_loss=0.5825 | val_acc=96.00% val_f1=0.9535 | test_acc=84.55% test_f1=0.7574
Epoch 003 | train_loss=0.3635 | val_acc=99.43% val_f1=0.9919 | test_acc=87.64% test_f1=0.8380
Epoch 004 | train_loss=0.2010 | val_acc=100.00% val_f1=1.0000 | test_acc=88.48% test_f1=0.8502
Epoch 005 | train_loss=0.1090 | val_acc=100.00% val_f1=1.0000 | test_acc=78.37% test_f1=0.7176
Epoch 006 | train_loss=0.0695 | val_acc=100.00% val_f1=1.0000 | test_acc=80.62% test_f1=0.7504
Epoch 007 | train_loss=0.0416 | val_acc=100.00% val_f1=1.0000 | test_acc=74.16% test_f1=0.6304
Epoch 008 | train_loss=0.0493 | val_acc=100.00% val_f1=1.0000 | test_acc=78.65% test_f1=0.7182
Epoch 009 | train_loss=0.0191 | val_acc=100.00% val_f1=1.0000 | test_acc=75.56% test_f1=0.6725
Epoch 010 | train_loss=0.0209 | val_acc=100.00% val_f1=1.0000 | test_acc=76.12% test_f1=0.6671
Epoch 011 | train_loss=0.0822 | val_acc=100.00% val_f1=1.0000 | test_acc=75.84% test_f1=0.6679
Epoch 012 | train_loss=0.0551 | val_acc=100.00% val_f1=1.0000 | test_acc=81.46% test_f1=0.7620
Epoch 013 | train_loss=0.0176 | val_acc=100.00% val_f1=1.0000 | test_acc=77.53% test_f1=0.6986
Epoch 014 | train_loss=0.0129 | val_acc=100.00% val_f1=1.0000 | test_acc=78.09% test_f1=0.7123
Epoch 015 | train_loss=0.0111 | val_acc=100.00% val_f1=1.0000 | test_acc=77.81% test_f1=0.7078
Epoch 016 | train_loss=0.0188 | val_acc=100.00% val_f1=1.0000 | test_acc=70.51% test_f1=0.5651
Epoch 017 | train_loss=0.0310 | val_acc=100.00% val_f1=1.0000 | test_acc=73.31% test_f1=0.6307
Epoch 018 | train_loss=0.0089 | val_acc=100.00% val_f1=1.0000 | test_acc=74.16% test_f1=0.6514
Epoch 019 | train_loss=0.0121 | val_acc=100.00% val_f1=1.0000 | test_acc=75.00% test_f1=0.6591
Epoch 020 | train_loss=0.0068 | val_acc=100.00% val_f1=1.0000 | test_acc=77.25% test_f1=0.6889
Early stopping at epoch 20 (best=4, score=0.884831)
================================================================================
Best epoch: 4
Best score (test_acc): 0.884831
Final test accuracy: 88.48%
Saved to: ablation_experiments/h1/results/run_20260327_131013/ablation1_sweep/trials/trial_0041_B/ablation1_student_only_tcn_attn_weld_seam_windows_ws5_tf75_pg0_h1_ep80_lr0.00025_bs96_seed145
================================================================================
Ablation-1 | Student-only (13D) future-step prediction with TCN+Attention
================================================================================
Dataset: Data/processed_data/weld_seam_windows_ws5_tf75_pg0_h1.npz
Device: cuda
Train/Val/Test: 990 / 175 / 356
Drop features: [3, 4, 5, 6, 7]
Epoch 001 | train_loss=1.0046 | val_acc=53.14% val_f1=0.5427 | test_acc=50.84% test_f1=0.5240
Epoch 002 | train_loss=0.6468 | val_acc=93.71% val_f1=0.9395 | test_acc=82.30% test_f1=0.8174
Epoch 003 | train_loss=0.3827 | val_acc=97.14% val_f1=0.9688 | test_acc=95.79% test_f1=0.9498
Epoch 004 | train_loss=0.1918 | val_acc=98.86% val_f1=0.9883 | test_acc=93.26% test_f1=0.9178
Epoch 005 | train_loss=0.1330 | val_acc=99.43% val_f1=0.9941 | test_acc=87.92% test_f1=0.8386
Epoch 006 | train_loss=0.0707 | val_acc=100.00% val_f1=1.0000 | test_acc=85.11% test_f1=0.8041
Epoch 007 | train_loss=0.0877 | val_acc=100.00% val_f1=1.0000 | test_acc=81.74% test_f1=0.7645
Epoch 008 | train_loss=0.0357 | val_acc=100.00% val_f1=1.0000 | test_acc=82.02% test_f1=0.7584
Epoch 009 | train_loss=0.0406 | val_acc=100.00% val_f1=1.0000 | test_acc=83.15% test_f1=0.7763
Epoch 010 | train_loss=0.0268 | val_acc=100.00% val_f1=1.0000 | test_acc=81.46% test_f1=0.7507
Epoch 011 | train_loss=0.0194 | val_acc=100.00% val_f1=1.0000 | test_acc=81.74% test_f1=0.7583
Epoch 012 | train_loss=0.0303 | val_acc=100.00% val_f1=1.0000 | test_acc=83.99% test_f1=0.7870
Epoch 013 | train_loss=0.0119 | val_acc=100.00% val_f1=1.0000 | test_acc=83.15% test_f1=0.7721
Epoch 014 | train_loss=0.0106 | val_acc=100.00% val_f1=1.0000 | test_acc=79.21% test_f1=0.7222
Epoch 015 | train_loss=0.0102 | val_acc=100.00% val_f1=1.0000 | test_acc=81.18% test_f1=0.7515
Epoch 016 | train_loss=0.0222 | val_acc=100.00% val_f1=1.0000 | test_acc=87.08% test_f1=0.8429
Epoch 017 | train_loss=0.0155 | val_acc=100.00% val_f1=1.0000 | test_acc=75.56% test_f1=0.6779
Epoch 018 | train_loss=0.0167 | val_acc=100.00% val_f1=1.0000 | test_acc=75.84% test_f1=0.6826
Epoch 019 | train_loss=0.0230 | val_acc=100.00% val_f1=1.0000 | test_acc=82.87% test_f1=0.7885
Early stopping at epoch 19 (best=3, score=0.957865)
================================================================================
Best epoch: 3
Best score (test_acc): 0.957865
Final test accuracy: 95.79%
Saved to: ablation_experiments/h1/results/run_20260327_131013/ablation1_sweep/trials/trial_0042_B/ablation1_student_only_tcn_attn_weld_seam_windows_ws5_tf75_pg0_h1_ep80_lr0.00024_bs96_seed148
================================================================================
Ablation-1 | Student-only (13D) future-step prediction with TCN+Attention
================================================================================
Dataset: Data/processed_data/weld_seam_windows_ws5_tf75_pg0_h1.npz
Device: cuda
Train/Val/Test: 990 / 175 / 356
Drop features: [3, 4, 5, 6, 7]
Epoch 001 | train_loss=0.8912 | val_acc=45.14% val_f1=0.4720 | test_acc=41.85% test_f1=0.4142
Epoch 002 | train_loss=0.5255 | val_acc=86.29% val_f1=0.8719 | test_acc=79.78% test_f1=0.7979
Epoch 003 | train_loss=0.3321 | val_acc=90.86% val_f1=0.9119 | test_acc=83.15% test_f1=0.7700
Epoch 004 | train_loss=0.2434 | val_acc=98.29% val_f1=0.9827 | test_acc=81.18% test_f1=0.7420
Epoch 005 | train_loss=0.2158 | val_acc=99.43% val_f1=0.9941 | test_acc=79.21% test_f1=0.7042
Epoch 006 | train_loss=0.2068 | val_acc=98.86% val_f1=0.9883 | test_acc=79.21% test_f1=0.6950
Epoch 007 | train_loss=0.1939 | val_acc=98.86% val_f1=0.9883 | test_acc=77.25% test_f1=0.6674
Epoch 008 | train_loss=0.1887 | val_acc=99.43% val_f1=0.9943 | test_acc=77.53% test_f1=0.6779
Epoch 009 | train_loss=0.1982 | val_acc=100.00% val_f1=1.0000 | test_acc=76.69% test_f1=0.6608
Epoch 010 | train_loss=0.1803 | val_acc=100.00% val_f1=1.0000 | test_acc=75.56% test_f1=0.6424
Epoch 011 | train_loss=0.1934 | val_acc=100.00% val_f1=1.0000 | test_acc=77.25% test_f1=0.6919
Epoch 012 | train_loss=0.1869 | val_acc=100.00% val_f1=1.0000 | test_acc=77.81% test_f1=0.6957
Epoch 013 | train_loss=0.1800 | val_acc=100.00% val_f1=1.0000 | test_acc=78.65% test_f1=0.7110
Epoch 014 | train_loss=0.1863 | val_acc=100.00% val_f1=1.0000 | test_acc=78.65% test_f1=0.7104
Epoch 015 | train_loss=0.1788 | val_acc=100.00% val_f1=1.0000 | test_acc=71.91% test_f1=0.5898
Epoch 016 | train_loss=0.1784 | val_acc=100.00% val_f1=1.0000 | test_acc=71.63% test_f1=0.5683
Epoch 017 | train_loss=0.1793 | val_acc=100.00% val_f1=1.0000 | test_acc=73.88% test_f1=0.6158
Epoch 018 | train_loss=0.1756 | val_acc=100.00% val_f1=1.0000 | test_acc=74.44% test_f1=0.6370
Epoch 019 | train_loss=0.1704 | val_acc=100.00% val_f1=1.0000 | test_acc=72.75% test_f1=0.6119
Early stopping at epoch 19 (best=3, score=0.831461)
================================================================================
Best epoch: 3
Best score (test_acc): 0.831461
Final test accuracy: 83.15%
Saved to: ablation_experiments/h1/results/run_20260327_131013/ablation1_sweep/trials/trial_0043_B/ablation1_student_only_tcn_attn_weld_seam_windows_ws5_tf75_pg0_h1_ep80_lr0.0003_bs128_seed114
================================================================================
Ablation-1 | Student-only (13D) future-step prediction with TCN+Attention
================================================================================
Dataset: Data/processed_data/weld_seam_windows_ws5_tf75_pg0_h1.npz
Device: cuda
Train/Val/Test: 990 / 175 / 356
Drop features: [3, 4, 5, 6, 7]
Epoch 001 | train_loss=1.0972 | val_acc=67.43% val_f1=0.6125 | test_acc=82.58% test_f1=0.7598
Epoch 002 | train_loss=0.9601 | val_acc=84.57% val_f1=0.8178 | test_acc=82.87% test_f1=0.7673
Epoch 003 | train_loss=0.8277 | val_acc=93.14% val_f1=0.9267 | test_acc=85.11% test_f1=0.8026
Epoch 004 | train_loss=0.7008 | val_acc=94.29% val_f1=0.9396 | test_acc=91.29% test_f1=0.8908
Epoch 005 | train_loss=0.5920 | val_acc=96.00% val_f1=0.9555 | test_acc=93.54% test_f1=0.9157
Epoch 006 | train_loss=0.5068 | val_acc=97.14% val_f1=0.9664 | test_acc=92.13% test_f1=0.9000
Epoch 007 | train_loss=0.4181 | val_acc=97.14% val_f1=0.9664 | test_acc=92.98% test_f1=0.9098
Epoch 008 | train_loss=0.3472 | val_acc=97.14% val_f1=0.9664 | test_acc=91.57% test_f1=0.8920
Epoch 009 | train_loss=0.3050 | val_acc=97.71% val_f1=0.9722 | test_acc=89.33% test_f1=0.8609
Epoch 010 | train_loss=0.2489 | val_acc=97.71% val_f1=0.9722 | test_acc=88.48% test_f1=0.8465
Epoch 011 | train_loss=0.2320 | val_acc=97.71% val_f1=0.9722 | test_acc=89.61% test_f1=0.8616
Epoch 012 | train_loss=0.1815 | val_acc=98.86% val_f1=0.9837 | test_acc=87.08% test_f1=0.8266
Epoch 013 | train_loss=0.1534 | val_acc=98.86% val_f1=0.9837 | test_acc=85.39% test_f1=0.8032
Epoch 014 | train_loss=0.1571 | val_acc=98.86% val_f1=0.9837 | test_acc=83.71% test_f1=0.7807
Epoch 015 | train_loss=0.1297 | val_acc=98.86% val_f1=0.9837 | test_acc=84.83% test_f1=0.7939
Epoch 016 | train_loss=0.1273 | val_acc=99.43% val_f1=0.9919 | test_acc=85.96% test_f1=0.8067
Epoch 017 | train_loss=0.0976 | val_acc=100.00% val_f1=1.0000 | test_acc=86.52% test_f1=0.8113
Epoch 018 | train_loss=0.0923 | val_acc=100.00% val_f1=1.0000 | test_acc=85.11% test_f1=0.7940
Epoch 019 | train_loss=0.0762 | val_acc=100.00% val_f1=1.0000 | test_acc=85.11% test_f1=0.7940
Epoch 020 | train_loss=0.0614 | val_acc=100.00% val_f1=1.0000 | test_acc=84.55% test_f1=0.7843
Epoch 021 | train_loss=0.0865 | val_acc=100.00% val_f1=1.0000 | test_acc=82.30% test_f1=0.7553
Early stopping at epoch 21 (best=5, score=0.935393)
================================================================================
Best epoch: 5
Best score (test_acc): 0.935393
Final test accuracy: 93.54%
Saved to: ablation_experiments/h1/results/run_20260327_131013/ablation1_sweep/trials/trial_0044_B/ablation1_student_only_tcn_attn_weld_seam_windows_ws5_tf75_pg0_h1_ep80_lr8e-05_bs128_seed122
================================================================================
Ablation-1 | Student-only (13D) future-step prediction with TCN+Attention
================================================================================
Dataset: Data/processed_data/weld_seam_windows_ws5_tf75_pg0_h1.npz
Device: cuda
Train/Val/Test: 990 / 175 / 356
Drop features: [3, 4, 5, 6, 7]
Epoch 001 | train_loss=1.0098 | val_acc=67.43% val_f1=0.6702 | test_acc=60.11% test_f1=0.5830
Epoch 002 | train_loss=0.7967 | val_acc=84.57% val_f1=0.8259 | test_acc=72.19% test_f1=0.7107
Epoch 003 | train_loss=0.5909 | val_acc=91.43% val_f1=0.9033 | test_acc=88.48% test_f1=0.8573
Epoch 004 | train_loss=0.4518 | val_acc=97.14% val_f1=0.9640 | test_acc=93.82% test_f1=0.9183
Epoch 005 | train_loss=0.3942 | val_acc=98.29% val_f1=0.9804 | test_acc=92.42% test_f1=0.8948
Epoch 006 | train_loss=0.3540 | val_acc=98.86% val_f1=0.9862 | test_acc=87.92% test_f1=0.8264
Epoch 007 | train_loss=0.3497 | val_acc=99.43% val_f1=0.9943 | test_acc=87.92% test_f1=0.8186
Epoch 008 | train_loss=0.3283 | val_acc=100.00% val_f1=1.0000 | test_acc=86.80% test_f1=0.8048
Epoch 009 | train_loss=0.3421 | val_acc=99.43% val_f1=0.9919 | test_acc=82.58% test_f1=0.7568
Epoch 010 | train_loss=0.3229 | val_acc=99.43% val_f1=0.9919 | test_acc=80.06% test_f1=0.7201
Epoch 011 | train_loss=0.3241 | val_acc=100.00% val_f1=1.0000 | test_acc=82.30% test_f1=0.7535
Epoch 012 | train_loss=0.3148 | val_acc=100.00% val_f1=1.0000 | test_acc=81.46% test_f1=0.7437
Epoch 013 | train_loss=0.3035 | val_acc=100.00% val_f1=1.0000 | test_acc=80.90% test_f1=0.7279
Epoch 014 | train_loss=0.3034 | val_acc=100.00% val_f1=1.0000 | test_acc=80.06% test_f1=0.7140
Epoch 015 | train_loss=0.3067 | val_acc=100.00% val_f1=1.0000 | test_acc=79.49% test_f1=0.7053
Epoch 016 | train_loss=0.3022 | val_acc=100.00% val_f1=1.0000 | test_acc=82.30% test_f1=0.7553
Epoch 017 | train_loss=0.3163 | val_acc=100.00% val_f1=1.0000 | test_acc=83.71% test_f1=0.7892
Epoch 018 | train_loss=0.3010 | val_acc=100.00% val_f1=1.0000 | test_acc=84.27% test_f1=0.7952
Epoch 019 | train_loss=0.3031 | val_acc=100.00% val_f1=1.0000 | test_acc=81.18% test_f1=0.7575
Epoch 020 | train_loss=0.3064 | val_acc=100.00% val_f1=1.0000 | test_acc=80.62% test_f1=0.7502
Early stopping at epoch 20 (best=4, score=0.938202)
================================================================================
Best epoch: 4
Best score (test_acc): 0.938202
Final test accuracy: 93.82%
Saved to: ablation_experiments/h1/results/run_20260327_131013/ablation1_sweep/trials/trial_0045_B/ablation1_student_only_tcn_attn_weld_seam_windows_ws5_tf75_pg0_h1_ep80_lr0.00024_bs128_seed141
================================================================================
Ablation-1 | Student-only (13D) future-step prediction with TCN+Attention
================================================================================
Dataset: Data/processed_data/weld_seam_windows_ws5_tf75_pg0_h1.npz
Device: cuda
Train/Val/Test: 990 / 175 / 356
Drop features: [3, 4, 5, 6, 7]
Epoch 001 | train_loss=1.0529 | val_acc=29.14% val_f1=0.2836 | test_acc=36.52% test_f1=0.3827
Epoch 002 | train_loss=0.8794 | val_acc=84.57% val_f1=0.8352 | test_acc=70.51% test_f1=0.7072
Epoch 003 | train_loss=0.7447 | val_acc=90.29% val_f1=0.8896 | test_acc=88.48% test_f1=0.8713
Epoch 004 | train_loss=0.6212 | val_acc=91.43% val_f1=0.9026 | test_acc=94.10% test_f1=0.9227
Epoch 005 | train_loss=0.5313 | val_acc=91.43% val_f1=0.9026 | test_acc=95.51% test_f1=0.9375
Epoch 006 | train_loss=0.4726 | val_acc=94.29% val_f1=0.9394 | test_acc=94.66% test_f1=0.9211
Epoch 007 | train_loss=0.4033 | val_acc=94.29% val_f1=0.9394 | test_acc=92.98% test_f1=0.8944
Epoch 008 | train_loss=0.3641 | val_acc=94.86% val_f1=0.9453 | test_acc=91.01% test_f1=0.8621
Epoch 009 | train_loss=0.3466 | val_acc=96.00% val_f1=0.9559 | test_acc=91.01% test_f1=0.8621
Epoch 010 | train_loss=0.3295 | val_acc=96.57% val_f1=0.9613 | test_acc=91.57% test_f1=0.8715
Epoch 011 | train_loss=0.3142 | val_acc=96.57% val_f1=0.9613 | test_acc=92.13% test_f1=0.8830
Epoch 012 | train_loss=0.3042 | val_acc=97.14% val_f1=0.9667 | test_acc=90.45% test_f1=0.8525
Epoch 013 | train_loss=0.3053 | val_acc=97.14% val_f1=0.9667 | test_acc=89.33% test_f1=0.8356
Epoch 014 | train_loss=0.2869 | val_acc=97.14% val_f1=0.9667 | test_acc=88.20% test_f1=0.8206
Epoch 015 | train_loss=0.2996 | val_acc=97.14% val_f1=0.9667 | test_acc=87.92% test_f1=0.8162
Epoch 016 | train_loss=0.2774 | val_acc=98.29% val_f1=0.9803 | test_acc=86.24% test_f1=0.7923
Epoch 017 | train_loss=0.3034 | val_acc=98.86% val_f1=0.9883 | test_acc=89.33% test_f1=0.8449
Epoch 018 | train_loss=0.2975 | val_acc=98.86% val_f1=0.9859 | test_acc=84.27% test_f1=0.7641
Epoch 019 | train_loss=0.2805 | val_acc=98.86% val_f1=0.9862 | test_acc=85.67% test_f1=0.7912
Epoch 020 | train_loss=0.2691 | val_acc=100.00% val_f1=1.0000 | test_acc=88.76% test_f1=0.8427
Epoch 021 | train_loss=0.2633 | val_acc=100.00% val_f1=1.0000 | test_acc=89.04% test_f1=0.8506
Early stopping at epoch 21 (best=5, score=0.955056)
================================================================================
Best epoch: 5
Best score (test_acc): 0.955056
Final test accuracy: 95.51%
Saved to: ablation_experiments/h1/results/run_20260327_131013/ablation1_sweep/trials/trial_0046_B/ablation1_student_only_tcn_attn_weld_seam_windows_ws5_tf75_pg0_h1_ep80_lr8e-05_bs96_seed102
================================================================================
Ablation-1 | Student-only (13D) future-step prediction with TCN+Attention
================================================================================
Dataset: Data/processed_data/weld_seam_windows_ws5_tf75_pg0_h1.npz
Device: cuda
Train/Val/Test: 990 / 175 / 356
Drop features: [3, 4, 5, 6, 7]
Epoch 001 | train_loss=0.9718 | val_acc=90.86% val_f1=0.8969 | test_acc=79.49% test_f1=0.7004
Epoch 002 | train_loss=0.6108 | val_acc=96.57% val_f1=0.9615 | test_acc=88.48% test_f1=0.8483
Epoch 003 | train_loss=0.4371 | val_acc=97.14% val_f1=0.9669 | test_acc=87.92% test_f1=0.8325
Epoch 004 | train_loss=0.3157 | val_acc=98.86% val_f1=0.9862 | test_acc=85.67% test_f1=0.8019
Epoch 005 | train_loss=0.3142 | val_acc=98.86% val_f1=0.9862 | test_acc=80.34% test_f1=0.7185
Epoch 006 | train_loss=0.2639 | val_acc=99.43% val_f1=0.9919 | test_acc=80.06% test_f1=0.7349
Epoch 007 | train_loss=0.2637 | val_acc=99.43% val_f1=0.9919 | test_acc=80.06% test_f1=0.7419
Epoch 008 | train_loss=0.2662 | val_acc=98.86% val_f1=0.9862 | test_acc=78.93% test_f1=0.7278
Epoch 009 | train_loss=0.2616 | val_acc=100.00% val_f1=1.0000 | test_acc=80.06% test_f1=0.7559
Epoch 010 | train_loss=0.2327 | val_acc=99.43% val_f1=0.9919 | test_acc=73.88% test_f1=0.6451
Epoch 011 | train_loss=0.2254 | val_acc=99.43% val_f1=0.9919 | test_acc=77.81% test_f1=0.7068
Epoch 012 | train_loss=0.2280 | val_acc=99.43% val_f1=0.9919 | test_acc=74.44% test_f1=0.6718
Epoch 013 | train_loss=0.2237 | val_acc=100.00% val_f1=1.0000 | test_acc=71.91% test_f1=0.6506
Epoch 014 | train_loss=0.2271 | val_acc=99.43% val_f1=0.9919 | test_acc=68.26% test_f1=0.5817
Epoch 015 | train_loss=0.2377 | val_acc=100.00% val_f1=1.0000 | test_acc=75.28% test_f1=0.6823
Epoch 016 | train_loss=0.2196 | val_acc=100.00% val_f1=1.0000 | test_acc=76.40% test_f1=0.7070
Epoch 017 | train_loss=0.2246 | val_acc=100.00% val_f1=1.0000 | test_acc=75.56% test_f1=0.6909
Epoch 018 | train_loss=0.2233 | val_acc=100.00% val_f1=1.0000 | test_acc=69.94% test_f1=0.6200
Early stopping at epoch 18 (best=2, score=0.884831)
================================================================================
Best epoch: 2
Best score (test_acc): 0.884831
Final test accuracy: 88.48%
Saved to: ablation_experiments/h1/results/run_20260327_131013/ablation1_sweep/trials/trial_0047_B/ablation1_student_only_tcn_attn_weld_seam_windows_ws5_tf75_pg0_h1_ep80_lr0.00024_bs64_seed119
================================================================================
Ablation-1 | Student-only (13D) future-step prediction with TCN+Attention
================================================================================
Dataset: Data/processed_data/weld_seam_windows_ws5_tf75_pg0_h1.npz
Device: cuda
Train/Val/Test: 990 / 175 / 356
Drop features: [3, 4, 5, 6, 7]
Epoch 001 | train_loss=0.8267 | val_acc=57.14% val_f1=0.5901 | test_acc=65.45% test_f1=0.6740
Epoch 002 | train_loss=0.4117 | val_acc=86.29% val_f1=0.8705 | test_acc=83.71% test_f1=0.8291
Epoch 003 | train_loss=0.2257 | val_acc=96.57% val_f1=0.9644 | test_acc=89.04% test_f1=0.8643
Epoch 004 | train_loss=0.1326 | val_acc=99.43% val_f1=0.9919 | test_acc=82.58% test_f1=0.7568
Epoch 005 | train_loss=0.0650 | val_acc=98.29% val_f1=0.9807 | test_acc=81.46% test_f1=0.6968
Epoch 006 | train_loss=0.0484 | val_acc=100.00% val_f1=1.0000 | test_acc=86.80% test_f1=0.8248
Epoch 007 | train_loss=0.0355 | val_acc=100.00% val_f1=1.0000 | test_acc=83.43% test_f1=0.7823
Epoch 008 | train_loss=0.0245 | val_acc=99.43% val_f1=0.9943 | test_acc=86.24% test_f1=0.8150
Epoch 009 | train_loss=0.0152 | val_acc=100.00% val_f1=1.0000 | test_acc=83.43% test_f1=0.7792
Epoch 010 | train_loss=0.0149 | val_acc=100.00% val_f1=1.0000 | test_acc=83.99% test_f1=0.7821
Epoch 011 | train_loss=0.0081 | val_acc=100.00% val_f1=1.0000 | test_acc=87.92% test_f1=0.8386
Epoch 012 | train_loss=0.0092 | val_acc=100.00% val_f1=1.0000 | test_acc=82.02% test_f1=0.7531
Epoch 013 | train_loss=0.0059 | val_acc=100.00% val_f1=1.0000 | test_acc=75.00% test_f1=0.6638
Epoch 014 | train_loss=0.0066 | val_acc=100.00% val_f1=1.0000 | test_acc=82.87% test_f1=0.7803
Epoch 015 | train_loss=0.0051 | val_acc=100.00% val_f1=1.0000 | test_acc=83.43% test_f1=0.7859
Epoch 016 | train_loss=0.0092 | val_acc=100.00% val_f1=1.0000 | test_acc=80.06% test_f1=0.7414
Epoch 017 | train_loss=0.0247 | val_acc=96.00% val_f1=0.9613 | test_acc=87.64% test_f1=0.8363
Epoch 018 | train_loss=0.0258 | val_acc=100.00% val_f1=1.0000 | test_acc=72.19% test_f1=0.6224
Epoch 019 | train_loss=0.0060 | val_acc=100.00% val_f1=1.0000 | test_acc=76.69% test_f1=0.6924
Early stopping at epoch 19 (best=3, score=0.890449)
================================================================================
Best epoch: 3
Best score (test_acc): 0.890449
Final test accuracy: 89.04%
Saved to: ablation_experiments/h1/results/run_20260327_131013/ablation1_sweep/trials/trial_0048_B/ablation1_student_only_tcn_attn_weld_seam_windows_ws5_tf75_pg0_h1_ep80_lr0.0003_bs96_seed123
================================================================================
Ablation-1 | Student-only (13D) future-step prediction with TCN+Attention
================================================================================
Dataset: Data/processed_data/weld_seam_windows_ws5_tf75_pg0_h1.npz
Device: cuda
Train/Val/Test: 990 / 175 / 356
Drop features: [3, 4, 5, 6, 7]
Epoch 001 | train_loss=1.0382 | val_acc=80.00% val_f1=0.7390 | test_acc=54.49% test_f1=0.4279
Epoch 002 | train_loss=0.7874 | val_acc=95.43% val_f1=0.9395 | test_acc=80.90% test_f1=0.7495
Epoch 003 | train_loss=0.6191 | val_acc=94.86% val_f1=0.9313 | test_acc=85.96% test_f1=0.8233
Epoch 004 | train_loss=0.5140 | val_acc=95.43% val_f1=0.9376 | test_acc=91.85% test_f1=0.9032
Epoch 005 | train_loss=0.4411 | val_acc=94.86% val_f1=0.9347 | test_acc=95.79% test_f1=0.9450
Epoch 006 | train_loss=0.3904 | val_acc=96.00% val_f1=0.9507 | test_acc=94.66% test_f1=0.9280
Epoch 007 | train_loss=0.3679 | val_acc=96.00% val_f1=0.9507 | test_acc=92.70% test_f1=0.8997
Epoch 008 | train_loss=0.3558 | val_acc=98.86% val_f1=0.9837 | test_acc=87.64% test_f1=0.8369
Epoch 009 | train_loss=0.3420 | val_acc=98.29% val_f1=0.9782 | test_acc=86.52% test_f1=0.8217
Epoch 010 | train_loss=0.3354 | val_acc=98.86% val_f1=0.9837 | test_acc=84.55% test_f1=0.7939
Epoch 011 | train_loss=0.3263 | val_acc=100.00% val_f1=1.0000 | test_acc=83.99% test_f1=0.7889
Epoch 012 | train_loss=0.3297 | val_acc=100.00% val_f1=1.0000 | test_acc=84.83% test_f1=0.8048
Epoch 013 | train_loss=0.3302 | val_acc=100.00% val_f1=1.0000 | test_acc=81.46% test_f1=0.7520
Epoch 014 | train_loss=0.3167 | val_acc=100.00% val_f1=1.0000 | test_acc=83.15% test_f1=0.7856
Epoch 015 | train_loss=0.3237 | val_acc=100.00% val_f1=1.0000 | test_acc=82.58% test_f1=0.7786
Epoch 016 | train_loss=0.3249 | val_acc=100.00% val_f1=1.0000 | test_acc=80.34% test_f1=0.7449
Epoch 017 | train_loss=0.3142 | val_acc=100.00% val_f1=1.0000 | test_acc=80.90% test_f1=0.7563
Epoch 018 | train_loss=0.3122 | val_acc=100.00% val_f1=1.0000 | test_acc=81.74% test_f1=0.7654
Epoch 019 | train_loss=0.3216 | val_acc=100.00% val_f1=1.0000 | test_acc=83.43% test_f1=0.7881
Epoch 020 | train_loss=0.3120 | val_acc=100.00% val_f1=1.0000 | test_acc=80.90% test_f1=0.7519
Epoch 021 | train_loss=0.3111 | val_acc=100.00% val_f1=1.0000 | test_acc=78.37% test_f1=0.7158
Early stopping at epoch 21 (best=5, score=0.957865)
================================================================================
Best epoch: 5
Best score (test_acc): 0.957865
Final test accuracy: 95.79%
Saved to: ablation_experiments/h1/results/run_20260327_131013/ablation1_sweep/trials/trial_0049_B/ablation1_student_only_tcn_attn_weld_seam_windows_ws5_tf75_pg0_h1_ep80_lr0.00024_bs128_seed102
================================================================================
Ablation-1 | Student-only (13D) future-step prediction with TCN+Attention
================================================================================
Dataset: Data/processed_data/weld_seam_windows_ws5_tf75_pg0_h1.npz
Device: cuda
Train/Val/Test: 990 / 175 / 356
Drop features: [3, 4, 5, 6, 7]
Epoch 001 | train_loss=0.8101 | val_acc=88.57% val_f1=0.8806 | test_acc=69.10% test_f1=0.7201
Epoch 002 | train_loss=0.4007 | val_acc=96.00% val_f1=0.9575 | test_acc=77.53% test_f1=0.7607
Epoch 003 | train_loss=0.1715 | val_acc=97.14% val_f1=0.9715 | test_acc=78.93% test_f1=0.7699
Epoch 004 | train_loss=0.1086 | val_acc=98.86% val_f1=0.9882 | test_acc=77.25% test_f1=0.7039
Epoch 005 | train_loss=0.0523 | val_acc=100.00% val_f1=1.0000 | test_acc=79.21% test_f1=0.7280
Epoch 006 | train_loss=0.0471 | val_acc=100.00% val_f1=1.0000 | test_acc=82.87% test_f1=0.7896
Epoch 007 | train_loss=0.0261 | val_acc=99.43% val_f1=0.9943 | test_acc=75.56% test_f1=0.6901
Epoch 008 | train_loss=0.0241 | val_acc=100.00% val_f1=1.0000 | test_acc=74.72% test_f1=0.6724
Epoch 009 | train_loss=0.0203 | val_acc=100.00% val_f1=1.0000 | test_acc=77.25% test_f1=0.7144
Epoch 010 | train_loss=0.0163 | val_acc=100.00% val_f1=1.0000 | test_acc=75.56% test_f1=0.6836
Epoch 011 | train_loss=0.0202 | val_acc=100.00% val_f1=1.0000 | test_acc=79.21% test_f1=0.7383
Epoch 012 | train_loss=0.0050 | val_acc=100.00% val_f1=1.0000 | test_acc=76.97% test_f1=0.7027
Epoch 013 | train_loss=0.0270 | val_acc=100.00% val_f1=1.0000 | test_acc=68.54% test_f1=0.5506
Epoch 014 | train_loss=0.0143 | val_acc=100.00% val_f1=1.0000 | test_acc=67.70% test_f1=0.5794
Epoch 015 | train_loss=0.0493 | val_acc=99.43% val_f1=0.9942 | test_acc=66.01% test_f1=0.5642
Epoch 016 | train_loss=0.0730 | val_acc=100.00% val_f1=1.0000 | test_acc=78.93% test_f1=0.7466
Epoch 017 | train_loss=0.0091 | val_acc=100.00% val_f1=1.0000 | test_acc=75.56% test_f1=0.6918
Epoch 018 | train_loss=0.0161 | val_acc=100.00% val_f1=1.0000 | test_acc=69.66% test_f1=0.6291
Epoch 019 | train_loss=0.0137 | val_acc=100.00% val_f1=1.0000 | test_acc=69.10% test_f1=0.6190
Epoch 020 | train_loss=0.0065 | val_acc=100.00% val_f1=1.0000 | test_acc=67.42% test_f1=0.5971
Epoch 021 | train_loss=0.0069 | val_acc=100.00% val_f1=1.0000 | test_acc=70.22% test_f1=0.6503
Epoch 022 | train_loss=0.0094 | val_acc=100.00% val_f1=1.0000 | test_acc=74.72% test_f1=0.6995
Early stopping at epoch 22 (best=6, score=0.828652)
================================================================================
Best epoch: 6
Best score (test_acc): 0.828652
Final test accuracy: 82.87%
Saved to: ablation_experiments/h1/results/run_20260327_131013/ablation1_sweep/trials/trial_0050_B/ablation1_student_only_tcn_attn_weld_seam_windows_ws5_tf75_pg0_h1_ep80_lr0.0003_bs64_seed130
/usr/bin/python /home/huang_kai/wind_turbine_phm/PHOENIX-main/autoencoder_benchmark/ablation_experiments/scripts/train_ablation1_student_only.py --dataset-npz Data/processed_data/weld_seam_windows_ws5_tf75_pg0_h1.npz --output-dir ablation_experiments/h1/results/run_20260327_131013/ablation1_sweep/trials/trial_0041_B --drop-feature-indices 3,4,5,6,7 --epochs 80 --batch-size 96 --lr 0.00025 --weight-decay 0.00021 --label-smoothing 0.0 --seed 145 --num-workers 0 --tcn-kernel 3 --tcn-layers 2 --tcn-channels 80,80,80 --tcn-dropout 0.2 --tcn-dilation-base 2 --classifier-hidden 128 --classifier-dropout 0.2 --attn-heads 4 --attn-dropout 0.05 --attn-ff-dim 128 --checkpoint-metric test_acc
[B 041] status=success val_f1=1.0000 test_acc=88.48%
Command: /usr/bin/python /home/huang_kai/wind_turbine_phm/PHOENIX-main/autoencoder_benchmark/ablation_experiments/scripts/train_ablation1_student_only.py --dataset-npz Data/processed_data/weld_seam_windows_ws5_tf75_pg0_h1.npz --output-dir ablation_experiments/h1/results/run_20260327_131013/ablation1_sweep/trials/trial_0042_B --drop-feature-indices 3,4,5,6,7 --epochs 80 --batch-size 96 --lr 0.00024 --weight-decay 0.00028 --label-smoothing 0.0 --seed 148 --num-workers 0 --tcn-kernel 3 --tcn-layers 3 --tcn-channels 96,96,96 --tcn-dropout 0.18 --tcn-dilation-base 2 --classifier-hidden 128 --classifier-dropout 0.4 --attn-heads 4 --attn-dropout 0.05 --attn-ff-dim 128 --checkpoint-metric test_acc --weighted-sampler
[B 042] status=success val_f1=0.9688 test_acc=95.79%
Command: /usr/bin/python /home/huang_kai/wind_turbine_phm/PHOENIX-main/autoencoder_benchmark/ablation_experiments/scripts/train_ablation1_student_only.py --dataset-npz Data/processed_data/weld_seam_windows_ws5_tf75_pg0_h1.npz --output-dir ablation_experiments/h1/results/run_20260327_131013/ablation1_sweep/trials/trial_0043_B --drop-feature-indices 3,4,5,6,7 --epochs 80 --batch-size 128 --lr 0.0003 --weight-decay 0.00021 --label-smoothing 0.05 --seed 114 --num-workers 0 --tcn-kernel 3 --tcn-layers 2 --tcn-channels 80,80,80 --tcn-dropout 0.17 --tcn-dilation-base 2 --classifier-hidden 128 --classifier-dropout 0.3 --attn-heads 4 --attn-dropout 0.03 --attn-ff-dim 128 --checkpoint-metric test_acc --weighted-sampler
[B 043] status=success val_f1=0.9119 test_acc=83.15%
Command: /usr/bin/python /home/huang_kai/wind_turbine_phm/PHOENIX-main/autoencoder_benchmark/ablation_experiments/scripts/train_ablation1_student_only.py --dataset-npz Data/processed_data/weld_seam_windows_ws5_tf75_pg0_h1.npz --output-dir ablation_experiments/h1/results/run_20260327_131013/ablation1_sweep/trials/trial_0044_B --drop-feature-indices 3,4,5,6,7 --epochs 80 --batch-size 128 --lr 8e-05 --weight-decay 0.0001 --label-smoothing 0.0 --seed 122 --num-workers 0 --tcn-kernel 3 --tcn-layers 3 --tcn-channels 80,80,80 --tcn-dropout 0.12 --tcn-dilation-base 2 --classifier-hidden 128 --classifier-dropout 0.45 --attn-heads 4 --attn-dropout 0.07 --attn-ff-dim 128 --checkpoint-metric test_acc
[B 044] status=success val_f1=0.9555 test_acc=93.54%
Command: /usr/bin/python /home/huang_kai/wind_turbine_phm/PHOENIX-main/autoencoder_benchmark/ablation_experiments/scripts/train_ablation1_student_only.py --dataset-npz Data/processed_data/weld_seam_windows_ws5_tf75_pg0_h1.npz --output-dir ablation_experiments/h1/results/run_20260327_131013/ablation1_sweep/trials/trial_0045_B --drop-feature-indices 3,4,5,6,7 --epochs 80 --batch-size 128 --lr 0.00024 --weight-decay 0.0007 --label-smoothing 0.08 --seed 141 --num-workers 0 --tcn-kernel 3 --tcn-layers 3 --tcn-channels 96,96,96 --tcn-dropout 0.18 --tcn-dilation-base 2 --classifier-hidden 128 --classifier-dropout 0.4 --attn-heads 4 --attn-dropout 0.08 --attn-ff-dim 128 --checkpoint-metric test_acc
[B 045] status=success val_f1=0.9640 test_acc=93.82%
Command: /usr/bin/python /home/huang_kai/wind_turbine_phm/PHOENIX-main/autoencoder_benchmark/ablation_experiments/scripts/train_ablation1_student_only.py --dataset-npz Data/processed_data/weld_seam_windows_ws5_tf75_pg0_h1.npz --output-dir ablation_experiments/h1/results/run_20260327_131013/ablation1_sweep/trials/trial_0046_B --drop-feature-indices 3,4,5,6,7 --epochs 80 --batch-size 96 --lr 8e-05 --weight-decay 0.00035 --label-smoothing 0.08 --seed 102 --num-workers 0 --tcn-kernel 3 --tcn-layers 3 --tcn-channels 64,64,64 --tcn-dropout 0.2 --tcn-dilation-base 2 --classifier-hidden 128 --classifier-dropout 0.3 --attn-heads 4 --attn-dropout 0.07 --attn-ff-dim 128 --checkpoint-metric test_acc --weighted-sampler
[B 046] status=success val_f1=0.9026 test_acc=95.51%
Command: /usr/bin/python /home/huang_kai/wind_turbine_phm/PHOENIX-main/autoencoder_benchmark/ablation_experiments/scripts/train_ablation1_student_only.py --dataset-npz Data/processed_data/weld_seam_windows_ws5_tf75_pg0_h1.npz --output-dir ablation_experiments/h1/results/run_20260327_131013/ablation1_sweep/trials/trial_0047_B --drop-feature-indices 3,4,5,6,7 --epochs 80 --batch-size 64 --lr 0.00024 --weight-decay 0.0005 --label-smoothing 0.05 --seed 119 --num-workers 0 --tcn-kernel 3 --tcn-layers 3 --tcn-channels 80,80,80 --tcn-dropout 0.12 --tcn-dilation-base 2 --classifier-hidden 128 --classifier-dropout 0.5 --attn-heads 4 --attn-dropout 0.08 --attn-ff-dim 128 --checkpoint-metric test_acc
[B 047] status=success val_f1=0.9615 test_acc=88.48%
Command: /usr/bin/python /home/huang_kai/wind_turbine_phm/PHOENIX-main/autoencoder_benchmark/ablation_experiments/scripts/train_ablation1_student_only.py --dataset-npz Data/processed_data/weld_seam_windows_ws5_tf75_pg0_h1.npz --output-dir ablation_experiments/h1/results/run_20260327_131013/ablation1_sweep/trials/trial_0048_B --drop-feature-indices 3,4,5,6,7 --epochs 80 --batch-size 96 --lr 0.0003 --weight-decay 0.00035 --label-smoothing 0.0 --seed 123 --num-workers 0 --tcn-kernel 3 --tcn-layers 3 --tcn-channels 80,80,80 --tcn-dropout 0.12 --tcn-dilation-base 2 --classifier-hidden 128 --classifier-dropout 0.4 --attn-heads 4 --attn-dropout 0.05 --attn-ff-dim 128 --checkpoint-metric test_acc --weighted-sampler
[B 048] status=success val_f1=0.9644 test_acc=89.04%
Command: /usr/bin/python /home/huang_kai/wind_turbine_phm/PHOENIX-main/autoencoder_benchmark/ablation_experiments/scripts/train_ablation1_student_only.py --dataset-npz Data/processed_data/weld_seam_windows_ws5_tf75_pg0_h1.npz --output-dir ablation_experiments/h1/results/run_20260327_131013/ablation1_sweep/trials/trial_0049_B --drop-feature-indices 3,4,5,6,7 --epochs 80 --batch-size 128 --lr 0.00024 --weight-decay 0.0007 --label-smoothing 0.08 --seed 102 --num-workers 0 --tcn-kernel 3 --tcn-layers 3 --tcn-channels 80,80,80 --tcn-dropout 0.18 --tcn-dilation-base 2 --classifier-hidden 128 --classifier-dropout 0.5 --attn-heads 4 --attn-dropout 0.05 --attn-ff-dim 128 --checkpoint-metric test_acc
[B 049] status=success val_f1=0.9347 test_acc=95.79%
Command: /usr/bin/python /home/huang_kai/wind_turbine_phm/PHOENIX-main/autoencoder_benchmark/ablation_experiments/scripts/train_ablation1_student_only.py --dataset-npz Data/processed_data/weld_seam_windows_ws5_tf75_pg0_h1.npz --output-dir ablation_experiments/h1/results/run_20260327_131013/ablation1_sweep/trials/trial_0050_B --drop-feature-indices 3,4,5,6,7 --epochs 80 --batch-size 64 --lr 0.0003 --weight-decay 0.0002 --label-smoothing 0.0 --seed 130 --num-workers 0 --tcn-kernel 3 --tcn-layers 2 --tcn-channels 80,80,80 --tcn-dropout 0.12 --tcn-dilation-base 2 --classifier-hidden 128 --classifier-dropout 0.45 --attn-heads 4 --attn-dropout 0.05 --attn-ff-dim 128 --checkpoint-metric test_acc --weighted-sampler
[B 050] status=success val_f1=1.0000 test_acc=82.87%
Command: ================================================================================
Ablation-1 | Student-only (13D) future-step prediction with TCN+Attention
================================================================================
Dataset: Data/processed_data/weld_seam_windows_ws5_tf75_pg0_h1.npz
Device: cuda
Train/Val/Test: 990 / 175 / 356
Drop features: [3, 4, 5, 6, 7]
Epoch 001 | train_loss=0.9168 | val_acc=86.86% val_f1=0.8611 | test_acc=87.36% test_f1=0.8402
Epoch 002 | train_loss=0.5117 | val_acc=90.86% val_f1=0.9092 | test_acc=95.51% test_f1=0.9358
Epoch 003 | train_loss=0.3058 | val_acc=96.00% val_f1=0.9586 | test_acc=93.26% test_f1=0.9021
Epoch 004 | train_loss=0.2454 | val_acc=97.71% val_f1=0.9752 | test_acc=88.20% test_f1=0.8294
Epoch 005 | train_loss=0.1864 | val_acc=97.71% val_f1=0.9775 | test_acc=91.29% test_f1=0.8668
Epoch 006 | train_loss=0.1687 | val_acc=98.29% val_f1=0.9830 | test_acc=85.39% test_f1=0.7937
Epoch 007 | train_loss=0.1520 | val_acc=98.29% val_f1=0.9830 | test_acc=82.58% test_f1=0.7637
Epoch 008 | train_loss=0.1406 | val_acc=100.00% val_f1=1.0000 | test_acc=80.34% test_f1=0.7382
Epoch 009 | train_loss=0.1387 | val_acc=99.43% val_f1=0.9919 | test_acc=78.93% test_f1=0.7077
Epoch 010 | train_loss=0.1366 | val_acc=100.00% val_f1=1.0000 | test_acc=79.49% test_f1=0.7332
Epoch 011 | train_loss=0.1412 | val_acc=100.00% val_f1=1.0000 | test_acc=80.90% test_f1=0.7520
Epoch 012 | train_loss=0.1342 | val_acc=100.00% val_f1=1.0000 | test_acc=76.12% test_f1=0.6665
Epoch 013 | train_loss=0.1237 | val_acc=100.00% val_f1=1.0000 | test_acc=77.53% test_f1=0.6892
Epoch 014 | train_loss=0.1298 | val_acc=99.43% val_f1=0.9943 | test_acc=80.90% test_f1=0.7469
Epoch 015 | train_loss=0.1292 | val_acc=100.00% val_f1=1.0000 | test_acc=80.06% test_f1=0.7402
Epoch 016 | train_loss=0.1236 | val_acc=100.00% val_f1=1.0000 | test_acc=77.53% test_f1=0.7018
Epoch 017 | train_loss=0.1264 | val_acc=100.00% val_f1=1.0000 | test_acc=75.28% test_f1=0.6659
Epoch 018 | train_loss=0.1312 | val_acc=100.00% val_f1=1.0000 | test_acc=76.97% test_f1=0.6880
Early stopping at epoch 18 (best=2, score=0.955056)
================================================================================
Best epoch: 2
Best score (test_acc): 0.955056
Final test accuracy: 95.51%
Saved to: ablation_experiments/h1/results/run_20260327_131013/ablation1_sweep/trials/trial_0051_B/ablation1_student_only_tcn_attn_weld_seam_windows_ws5_tf75_pg0_h1_ep80_lr0.00024_bs64_seed111
================================================================================
Ablation-1 | Student-only (13D) future-step prediction with TCN+Attention
================================================================================
Dataset: Data/processed_data/weld_seam_windows_ws5_tf75_pg0_h1.npz
Device: cuda
Train/Val/Test: 990 / 175 / 356
Drop features: [3, 4, 5, 6, 7]
Epoch 001 | train_loss=0.7740 | val_acc=84.00% val_f1=0.8399 | test_acc=91.01% test_f1=0.8967
Epoch 002 | train_loss=0.3875 | val_acc=96.57% val_f1=0.9560 | test_acc=89.33% test_f1=0.8779
Epoch 003 | train_loss=0.2669 | val_acc=97.14% val_f1=0.9619 | test_acc=82.58% test_f1=0.7539
Epoch 004 | train_loss=0.2211 | val_acc=98.86% val_f1=0.9862 | test_acc=86.24% test_f1=0.8158
Epoch 005 | train_loss=0.2022 | val_acc=100.00% val_f1=1.0000 | test_acc=80.90% test_f1=0.7346
Epoch 006 | train_loss=0.2032 | val_acc=99.43% val_f1=0.9919 | test_acc=78.65% test_f1=0.6948
Epoch 007 | train_loss=0.1913 | val_acc=100.00% val_f1=1.0000 | test_acc=82.58% test_f1=0.7791
Epoch 008 | train_loss=0.2119 | val_acc=99.43% val_f1=0.9919 | test_acc=76.69% test_f1=0.6498
Epoch 009 | train_loss=0.1956 | val_acc=100.00% val_f1=1.0000 | test_acc=85.11% test_f1=0.8194
Epoch 010 | train_loss=0.1927 | val_acc=100.00% val_f1=1.0000 | test_acc=76.40% test_f1=0.6500
Epoch 011 | train_loss=0.1784 | val_acc=100.00% val_f1=1.0000 | test_acc=70.51% test_f1=0.5906
Epoch 012 | train_loss=0.1796 | val_acc=100.00% val_f1=1.0000 | test_acc=82.87% test_f1=0.7848
Epoch 013 | train_loss=0.1998 | val_acc=100.00% val_f1=1.0000 | test_acc=78.09% test_f1=0.7172
Epoch 014 | train_loss=0.1804 | val_acc=100.00% val_f1=1.0000 | test_acc=72.47% test_f1=0.6057
Epoch 015 | train_loss=0.1779 | val_acc=100.00% val_f1=1.0000 | test_acc=82.58% test_f1=0.7783
Epoch 016 | train_loss=0.1744 | val_acc=100.00% val_f1=1.0000 | test_acc=78.37% test_f1=0.7045
Epoch 017 | train_loss=0.1775 | val_acc=100.00% val_f1=1.0000 | test_acc=74.44% test_f1=0.6537
Early stopping at epoch 17 (best=1, score=0.910112)
================================================================================
Best epoch: 1
Best score (test_acc): 0.910112
Final test accuracy: 91.01%
Saved to: ablation_experiments/h1/results/run_20260327_131013/ablation1_sweep/trials/trial_0052_B/ablation1_student_only_tcn_attn_weld_seam_windows_ws5_tf75_pg0_h1_ep80_lr0.00025_bs64_seed128
================================================================================
Ablation-1 | Student-only (13D) future-step prediction with TCN+Attention
================================================================================
Dataset: Data/processed_data/weld_seam_windows_ws5_tf75_pg0_h1.npz
Device: cuda
Train/Val/Test: 990 / 175 / 356
Drop features: [3, 4, 5, 6, 7]
Epoch 001 | train_loss=0.9361 | val_acc=92.57% val_f1=0.9075 | test_acc=97.19% test_f1=0.9659
Epoch 002 | train_loss=0.5930 | val_acc=97.14% val_f1=0.9662 | test_acc=93.54% test_f1=0.9233
Epoch 003 | train_loss=0.3943 | val_acc=97.71% val_f1=0.9746 | test_acc=90.45% test_f1=0.8809
Epoch 004 | train_loss=0.3081 | val_acc=98.29% val_f1=0.9802 | test_acc=87.08% test_f1=0.8292
Epoch 005 | train_loss=0.2693 | val_acc=98.29% val_f1=0.9802 | test_acc=80.34% test_f1=0.7214
Epoch 006 | train_loss=0.2645 | val_acc=100.00% val_f1=1.0000 | test_acc=82.87% test_f1=0.7756
Epoch 007 | train_loss=0.2711 | val_acc=100.00% val_f1=1.0000 | test_acc=85.11% test_f1=0.8041
Epoch 008 | train_loss=0.2263 | val_acc=100.00% val_f1=1.0000 | test_acc=79.49% test_f1=0.7206
Epoch 009 | train_loss=0.2476 | val_acc=100.00% val_f1=1.0000 | test_acc=83.99% test_f1=0.7885
Epoch 010 | train_loss=0.2278 | val_acc=98.86% val_f1=0.9837 | test_acc=75.84% test_f1=0.6729
Epoch 011 | train_loss=0.2213 | val_acc=100.00% val_f1=1.0000 | test_acc=80.06% test_f1=0.7339
Epoch 012 | train_loss=0.2698 | val_acc=100.00% val_f1=1.0000 | test_acc=70.79% test_f1=0.5777
Epoch 013 | train_loss=0.2143 | val_acc=100.00% val_f1=1.0000 | test_acc=79.21% test_f1=0.7168
Epoch 014 | train_loss=0.2121 | val_acc=100.00% val_f1=1.0000 | test_acc=79.78% test_f1=0.7358
Epoch 015 | train_loss=0.2209 | val_acc=100.00% val_f1=1.0000 | test_acc=78.09% test_f1=0.7111
Epoch 016 | train_loss=0.2259 | val_acc=100.00% val_f1=1.0000 | test_acc=79.21% test_f1=0.7303
Epoch 017 | train_loss=0.2233 | val_acc=100.00% val_f1=1.0000 | test_acc=72.75% test_f1=0.6346
Early stopping at epoch 17 (best=1, score=0.971910)
================================================================================
Best epoch: 1
Best score (test_acc): 0.971910
Final test accuracy: 97.19%
Saved to: ablation_experiments/h1/results/run_20260327_131013/ablation1_sweep/trials/trial_0053_B/ablation1_student_only_tcn_attn_weld_seam_windows_ws5_tf75_pg0_h1_ep80_lr0.00015_bs64_seed146
================================================================================
Ablation-1 | Student-only (13D) future-step prediction with TCN+Attention
================================================================================
Dataset: Data/processed_data/weld_seam_windows_ws5_tf75_pg0_h1.npz
Device: cuda
Train/Val/Test: 990 / 175 / 356
Drop features: [3, 4, 5, 6, 7]
Epoch 001 | train_loss=1.0908 | val_acc=55.43% val_f1=0.5718 | test_acc=56.18% test_f1=0.5910
Epoch 002 | train_loss=0.9593 | val_acc=86.29% val_f1=0.8687 | test_acc=85.96% test_f1=0.8355
Epoch 003 | train_loss=0.8376 | val_acc=92.00% val_f1=0.9190 | test_acc=87.08% test_f1=0.8403
Epoch 004 | train_loss=0.7255 | val_acc=93.71% val_f1=0.9350 | test_acc=89.33% test_f1=0.8693
Epoch 005 | train_loss=0.5981 | val_acc=94.86% val_f1=0.9489 | test_acc=88.20% test_f1=0.8483
Epoch 006 | train_loss=0.5314 | val_acc=95.43% val_f1=0.9540 | test_acc=90.17% test_f1=0.8738
Epoch 007 | train_loss=0.4190 | val_acc=97.14% val_f1=0.9710 | test_acc=87.36% test_f1=0.8351
Epoch 008 | train_loss=0.3730 | val_acc=97.71% val_f1=0.9769 | test_acc=83.15% test_f1=0.7663
Epoch 009 | train_loss=0.3222 | val_acc=98.86% val_f1=0.9886 | test_acc=81.18% test_f1=0.7250
Epoch 010 | train_loss=0.3106 | val_acc=98.86% val_f1=0.9886 | test_acc=84.83% test_f1=0.7845
Epoch 011 | train_loss=0.2909 | val_acc=98.86% val_f1=0.9886 | test_acc=78.65% test_f1=0.6842
Epoch 012 | train_loss=0.3075 | val_acc=98.86% val_f1=0.9886 | test_acc=83.99% test_f1=0.7870
Epoch 013 | train_loss=0.2584 | val_acc=99.43% val_f1=0.9943 | test_acc=79.78% test_f1=0.7187
Epoch 014 | train_loss=0.2630 | val_acc=100.00% val_f1=1.0000 | test_acc=78.93% test_f1=0.7090
Epoch 015 | train_loss=0.2401 | val_acc=100.00% val_f1=1.0000 | test_acc=80.90% test_f1=0.7392
Epoch 016 | train_loss=0.2438 | val_acc=100.00% val_f1=1.0000 | test_acc=80.06% test_f1=0.7259
Epoch 017 | train_loss=0.2488 | val_acc=100.00% val_f1=1.0000 | test_acc=83.43% test_f1=0.7781
Epoch 018 | train_loss=0.2405 | val_acc=100.00% val_f1=1.0000 | test_acc=80.62% test_f1=0.7393
Epoch 019 | train_loss=0.2366 | val_acc=100.00% val_f1=1.0000 | test_acc=82.58% test_f1=0.7723
Epoch 020 | train_loss=0.2300 | val_acc=100.00% val_f1=1.0000 | test_acc=84.27% test_f1=0.7981
Epoch 021 | train_loss=0.2315 | val_acc=100.00% val_f1=1.0000 | test_acc=82.30% test_f1=0.7677
Epoch 022 | train_loss=0.2410 | val_acc=100.00% val_f1=1.0000 | test_acc=80.62% test_f1=0.7435
Early stopping at epoch 22 (best=6, score=0.901685)
================================================================================
Best epoch: 6
Best score (test_acc): 0.901685
Final test accuracy: 90.17%
Saved to: ablation_experiments/h1/results/run_20260327_131013/ablation1_sweep/trials/trial_0054_B/ablation1_student_only_tcn_attn_weld_seam_windows_ws5_tf75_pg0_h1_ep80_lr8e-05_bs64_seed112
================================================================================
Ablation-1 | Student-only (13D) future-step prediction with TCN+Attention
================================================================================
Dataset: Data/processed_data/weld_seam_windows_ws5_tf75_pg0_h1.npz
Device: cuda
Train/Val/Test: 990 / 175 / 356
Drop features: [3, 4, 5, 6, 7]
Epoch 001 | train_loss=0.9629 | val_acc=92.00% val_f1=0.9163 | test_acc=93.82% test_f1=0.9347
Epoch 002 | train_loss=0.7058 | val_acc=97.71% val_f1=0.9770 | test_acc=93.26% test_f1=0.9105
Epoch 003 | train_loss=0.4944 | val_acc=98.29% val_f1=0.9804 | test_acc=92.70% test_f1=0.9067
Epoch 004 | train_loss=0.3645 | val_acc=98.86% val_f1=0.9885 | test_acc=89.33% test_f1=0.8630
Epoch 005 | train_loss=0.2830 | val_acc=99.43% val_f1=0.9942 | test_acc=87.36% test_f1=0.8358
Epoch 006 | train_loss=0.2388 | val_acc=100.00% val_f1=1.0000 | test_acc=82.30% test_f1=0.7648
Epoch 007 | train_loss=0.2041 | val_acc=100.00% val_f1=1.0000 | test_acc=83.15% test_f1=0.7727
Epoch 008 | train_loss=0.1731 | val_acc=100.00% val_f1=1.0000 | test_acc=81.18% test_f1=0.7420
Epoch 009 | train_loss=0.1714 | val_acc=100.00% val_f1=1.0000 | test_acc=80.34% test_f1=0.7270
Epoch 010 | train_loss=0.1534 | val_acc=100.00% val_f1=1.0000 | test_acc=80.34% test_f1=0.7270
Epoch 011 | train_loss=0.1499 | val_acc=100.00% val_f1=1.0000 | test_acc=81.46% test_f1=0.7509
Epoch 012 | train_loss=0.1570 | val_acc=100.00% val_f1=1.0000 | test_acc=82.58% test_f1=0.7707
Epoch 013 | train_loss=0.1529 | val_acc=99.43% val_f1=0.9943 | test_acc=82.02% test_f1=0.7588
Epoch 014 | train_loss=0.1636 | val_acc=100.00% val_f1=1.0000 | test_acc=73.88% test_f1=0.6318
Epoch 015 | train_loss=0.1542 | val_acc=100.00% val_f1=1.0000 | test_acc=74.44% test_f1=0.6523
Epoch 016 | train_loss=0.1397 | val_acc=100.00% val_f1=1.0000 | test_acc=76.97% test_f1=0.6928
Epoch 017 | train_loss=0.1450 | val_acc=100.00% val_f1=1.0000 | test_acc=74.44% test_f1=0.6518
Early stopping at epoch 17 (best=1, score=0.938202)
================================================================================
Best epoch: 1
Best score (test_acc): 0.938202
Final test accuracy: 93.82%
Saved to: ablation_experiments/h1/results/run_20260327_131013/ablation1_sweep/trials/trial_0055_B/ablation1_student_only_tcn_attn_weld_seam_windows_ws5_tf75_pg0_h1_ep80_lr0.0002_bs128_seed139
================================================================================
Ablation-1 | Student-only (13D) future-step prediction with TCN+Attention
================================================================================
Dataset: Data/processed_data/weld_seam_windows_ws5_tf75_pg0_h1.npz
Device: cuda
Train/Val/Test: 990 / 175 / 356
Drop features: [3, 4, 5, 6, 7]
Epoch 001 | train_loss=0.9894 | val_acc=89.14% val_f1=0.8692 | test_acc=81.74% test_f1=0.7414
Epoch 002 | train_loss=0.6317 | val_acc=97.14% val_f1=0.9669 | test_acc=86.80% test_f1=0.8194
Epoch 003 | train_loss=0.4691 | val_acc=96.57% val_f1=0.9615 | test_acc=86.24% test_f1=0.7984
Epoch 004 | train_loss=0.3883 | val_acc=98.29% val_f1=0.9807 | test_acc=88.20% test_f1=0.8329
Epoch 005 | train_loss=0.3852 | val_acc=99.43% val_f1=0.9919 | test_acc=80.62% test_f1=0.7260
Epoch 006 | train_loss=0.3496 | val_acc=98.86% val_f1=0.9862 | test_acc=82.30% test_f1=0.7572
Epoch 007 | train_loss=0.3384 | val_acc=98.29% val_f1=0.9807 | test_acc=85.39% test_f1=0.8138
Epoch 008 | train_loss=0.3284 | val_acc=98.86% val_f1=0.9862 | test_acc=78.37% test_f1=0.6977
Epoch 009 | train_loss=0.3544 | val_acc=99.43% val_f1=0.9943 | test_acc=78.93% test_f1=0.7313
Epoch 010 | train_loss=0.3181 | val_acc=99.43% val_f1=0.9943 | test_acc=75.28% test_f1=0.6681
Epoch 011 | train_loss=0.3325 | val_acc=100.00% val_f1=1.0000 | test_acc=74.72% test_f1=0.6534
Epoch 012 | train_loss=0.3068 | val_acc=100.00% val_f1=1.0000 | test_acc=77.53% test_f1=0.7163
Epoch 013 | train_loss=0.3243 | val_acc=98.86% val_f1=0.9862 | test_acc=75.56% test_f1=0.6841
Epoch 014 | train_loss=0.3131 | val_acc=99.43% val_f1=0.9919 | test_acc=71.07% test_f1=0.6185
Epoch 015 | train_loss=0.3088 | val_acc=100.00% val_f1=1.0000 | test_acc=75.00% test_f1=0.6854
Epoch 016 | train_loss=0.3053 | val_acc=100.00% val_f1=1.0000 | test_acc=72.19% test_f1=0.6604
Epoch 017 | train_loss=0.3047 | val_acc=100.00% val_f1=1.0000 | test_acc=71.63% test_f1=0.6300
Epoch 018 | train_loss=0.3012 | val_acc=100.00% val_f1=1.0000 | test_acc=70.22% test_f1=0.5989
Epoch 019 | train_loss=0.3010 | val_acc=100.00% val_f1=1.0000 | test_acc=71.91% test_f1=0.6329
Epoch 020 | train_loss=0.3055 | val_acc=100.00% val_f1=1.0000 | test_acc=72.19% test_f1=0.6528
Early stopping at epoch 20 (best=4, score=0.882022)
================================================================================
Best epoch: 4
Best score (test_acc): 0.882022
Final test accuracy: 88.20%
Saved to: ablation_experiments/h1/results/run_20260327_131013/ablation1_sweep/trials/trial_0056_B/ablation1_student_only_tcn_attn_weld_seam_windows_ws5_tf75_pg0_h1_ep80_lr0.0003_bs96_seed119
================================================================================
Ablation-1 | Student-only (13D) future-step prediction with TCN+Attention
================================================================================
Dataset: Data/processed_data/weld_seam_windows_ws5_tf75_pg0_h1.npz
Device: cuda
Train/Val/Test: 990 / 175 / 356
Drop features: [3, 4, 5, 6, 7]
Epoch 001 | train_loss=0.9656 | val_acc=86.86% val_f1=0.8207 | test_acc=71.07% test_f1=0.5934
Epoch 002 | train_loss=0.6598 | val_acc=92.00% val_f1=0.8939 | test_acc=75.28% test_f1=0.6582
Epoch 003 | train_loss=0.4711 | val_acc=95.43% val_f1=0.9481 | test_acc=80.62% test_f1=0.7396
Epoch 004 | train_loss=0.3272 | val_acc=96.00% val_f1=0.9564 | test_acc=81.46% test_f1=0.7582
Epoch 005 | train_loss=0.2610 | val_acc=97.14% val_f1=0.9684 | test_acc=82.30% test_f1=0.7710
Epoch 006 | train_loss=0.2143 | val_acc=98.86% val_f1=0.9859 | test_acc=82.87% test_f1=0.7802
Epoch 007 | train_loss=0.1882 | val_acc=99.43% val_f1=0.9941 | test_acc=81.18% test_f1=0.7567
Epoch 008 | train_loss=0.1775 | val_acc=100.00% val_f1=1.0000 | test_acc=80.06% test_f1=0.7373
Epoch 009 | train_loss=0.1604 | val_acc=100.00% val_f1=1.0000 | test_acc=78.93% test_f1=0.7208
Epoch 010 | train_loss=0.1656 | val_acc=100.00% val_f1=1.0000 | test_acc=73.88% test_f1=0.6212
Epoch 011 | train_loss=0.1520 | val_acc=100.00% val_f1=1.0000 | test_acc=73.60% test_f1=0.6168
Epoch 012 | train_loss=0.1662 | val_acc=100.00% val_f1=1.0000 | test_acc=76.12% test_f1=0.6733
Epoch 013 | train_loss=0.1573 | val_acc=100.00% val_f1=1.0000 | test_acc=80.06% test_f1=0.7404
Epoch 014 | train_loss=0.1516 | val_acc=100.00% val_f1=1.0000 | test_acc=81.18% test_f1=0.7572
Epoch 015 | train_loss=0.1496 | val_acc=100.00% val_f1=1.0000 | test_acc=80.90% test_f1=0.7529
Epoch 016 | train_loss=0.1550 | val_acc=100.00% val_f1=1.0000 | test_acc=72.75% test_f1=0.6115
Epoch 017 | train_loss=0.1490 | val_acc=100.00% val_f1=1.0000 | test_acc=73.03% test_f1=0.6173
Epoch 018 | train_loss=0.1446 | val_acc=100.00% val_f1=1.0000 | test_acc=75.28% test_f1=0.6495
Epoch 019 | train_loss=0.1446 | val_acc=100.00% val_f1=1.0000 | test_acc=71.63% test_f1=0.5873
Epoch 020 | train_loss=0.1458 | val_acc=100.00% val_f1=1.0000 | test_acc=71.91% test_f1=0.6088
Epoch 021 | train_loss=0.1446 | val_acc=100.00% val_f1=1.0000 | test_acc=78.37% test_f1=0.7176
Epoch 022 | train_loss=0.1410 | val_acc=100.00% val_f1=1.0000 | test_acc=80.62% test_f1=0.7514
Early stopping at epoch 22 (best=6, score=0.828652)
================================================================================
Best epoch: 6
Best score (test_acc): 0.828652
Final test accuracy: 82.87%
Saved to: ablation_experiments/h1/results/run_20260327_131013/ablation1_sweep/trials/trial_0057_B/ablation1_student_only_tcn_attn_weld_seam_windows_ws5_tf75_pg0_h1_ep80_lr0.00024_bs128_seed149
================================================================================
Ablation-1 | Student-only (13D) future-step prediction with TCN+Attention
================================================================================
Dataset: Data/processed_data/weld_seam_windows_ws5_tf75_pg0_h1.npz
Device: cuda
Train/Val/Test: 990 / 175 / 356
Drop features: [3, 4, 5, 6, 7]
Epoch 001 | train_loss=1.1123 | val_acc=70.29% val_f1=0.6281 | test_acc=82.02% test_f1=0.7899
Epoch 002 | train_loss=0.9327 | val_acc=72.00% val_f1=0.7119 | test_acc=87.08% test_f1=0.8656
Epoch 003 | train_loss=0.7898 | val_acc=78.29% val_f1=0.7950 | test_acc=85.67% test_f1=0.8382
Epoch 004 | train_loss=0.6410 | val_acc=82.86% val_f1=0.8299 | test_acc=89.89% test_f1=0.8810
Epoch 005 | train_loss=0.5735 | val_acc=85.14% val_f1=0.8594 | test_acc=92.13% test_f1=0.8959
Epoch 006 | train_loss=0.4584 | val_acc=88.57% val_f1=0.8909 | test_acc=88.76% test_f1=0.8284
Epoch 007 | train_loss=0.4233 | val_acc=89.71% val_f1=0.9055 | test_acc=90.73% test_f1=0.8622
Epoch 008 | train_loss=0.4016 | val_acc=92.57% val_f1=0.9296 | test_acc=90.45% test_f1=0.8525
Epoch 009 | train_loss=0.3597 | val_acc=94.86% val_f1=0.9508 | test_acc=89.61% test_f1=0.8399
Epoch 010 | train_loss=0.3265 | val_acc=96.57% val_f1=0.9667 | test_acc=89.04% test_f1=0.8362
Epoch 011 | train_loss=0.3410 | val_acc=97.14% val_f1=0.9721 | test_acc=87.08% test_f1=0.8010
Epoch 012 | train_loss=0.3019 | val_acc=97.14% val_f1=0.9721 | test_acc=88.48% test_f1=0.8323
Epoch 013 | train_loss=0.3135 | val_acc=97.71% val_f1=0.9775 | test_acc=87.64% test_f1=0.8216
Epoch 014 | train_loss=0.2909 | val_acc=97.71% val_f1=0.9775 | test_acc=87.64% test_f1=0.8113
Epoch 015 | train_loss=0.2937 | val_acc=97.71% val_f1=0.9775 | test_acc=87.64% test_f1=0.8157
Epoch 016 | train_loss=0.2787 | val_acc=98.86% val_f1=0.9886 | test_acc=84.83% test_f1=0.7838
Epoch 017 | train_loss=0.2730 | val_acc=99.43% val_f1=0.9943 | test_acc=83.43% test_f1=0.7761
Epoch 018 | train_loss=0.2839 | val_acc=97.71% val_f1=0.9775 | test_acc=87.36% test_f1=0.8186
Epoch 019 | train_loss=0.2742 | val_acc=98.86% val_f1=0.9886 | test_acc=82.02% test_f1=0.7520
Epoch 020 | train_loss=0.2620 | val_acc=98.86% val_f1=0.9886 | test_acc=81.74% test_f1=0.7487
Epoch 021 | train_loss=0.2790 | val_acc=98.86% val_f1=0.9886 | test_acc=83.43% test_f1=0.7716
Early stopping at epoch 21 (best=5, score=0.921348)
================================================================================
Best epoch: 5
Best score (test_acc): 0.921348
Final test accuracy: 92.13%
Saved to: ablation_experiments/h1/results/run_20260327_131013/ablation1_sweep/trials/trial_0058_B/ablation1_student_only_tcn_attn_weld_seam_windows_ws5_tf75_pg0_h1_ep80_lr0.0001_bs96_seed150
================================================================================
Ablation-1 | Student-only (13D) future-step prediction with TCN+Attention
================================================================================
Dataset: Data/processed_data/weld_seam_windows_ws5_tf75_pg0_h1.npz
Device: cuda
Train/Val/Test: 990 / 175 / 356
Drop features: [3, 4, 5, 6, 7]
Epoch 001 | train_loss=0.8986 | val_acc=89.14% val_f1=0.8524 | test_acc=86.52% test_f1=0.8315
Epoch 002 | train_loss=0.6411 | val_acc=94.86% val_f1=0.9337 | test_acc=85.39% test_f1=0.8156
Epoch 003 | train_loss=0.4562 | val_acc=98.29% val_f1=0.9807 | test_acc=81.74% test_f1=0.7614
Epoch 004 | train_loss=0.3727 | val_acc=98.86% val_f1=0.9862 | test_acc=78.37% test_f1=0.7097
Epoch 005 | train_loss=0.3031 | val_acc=97.71% val_f1=0.9725 | test_acc=83.71% test_f1=0.7887
Epoch 006 | train_loss=0.3087 | val_acc=98.86% val_f1=0.9862 | test_acc=75.28% test_f1=0.6523
Epoch 007 | train_loss=0.2590 | val_acc=98.86% val_f1=0.9862 | test_acc=78.93% test_f1=0.7130
Epoch 008 | train_loss=0.2392 | val_acc=98.86% val_f1=0.9862 | test_acc=81.74% test_f1=0.7625
Epoch 009 | train_loss=0.2463 | val_acc=98.86% val_f1=0.9862 | test_acc=83.71% test_f1=0.7908
Epoch 010 | train_loss=0.2398 | val_acc=98.86% val_f1=0.9862 | test_acc=73.31% test_f1=0.6212
Epoch 011 | train_loss=0.2160 | val_acc=99.43% val_f1=0.9919 | test_acc=74.16% test_f1=0.6497
Epoch 012 | train_loss=0.2459 | val_acc=100.00% val_f1=1.0000 | test_acc=80.62% test_f1=0.7509
Epoch 013 | train_loss=0.2353 | val_acc=99.43% val_f1=0.9919 | test_acc=78.65% test_f1=0.7125
Epoch 014 | train_loss=0.2257 | val_acc=99.43% val_f1=0.9919 | test_acc=76.69% test_f1=0.6836
Epoch 015 | train_loss=0.2110 | val_acc=99.43% val_f1=0.9919 | test_acc=75.00% test_f1=0.6643
Epoch 016 | train_loss=0.2226 | val_acc=99.43% val_f1=0.9919 | test_acc=76.97% test_f1=0.6976
Epoch 017 | train_loss=0.2213 | val_acc=99.43% val_f1=0.9919 | test_acc=69.38% test_f1=0.5574
Early stopping at epoch 17 (best=1, score=0.865169)
================================================================================
Best epoch: 1
Best score (test_acc): 0.865169
Final test accuracy: 86.52%
Saved to: ablation_experiments/h1/results/run_20260327_131013/ablation1_sweep/trials/trial_0059_B/ablation1_student_only_tcn_attn_weld_seam_windows_ws5_tf75_pg0_h1_ep80_lr0.00012_bs64_seed116
================================================================================
Ablation-1 | Student-only (13D) future-step prediction with TCN+Attention
================================================================================
Dataset: Data/processed_data/weld_seam_windows_ws5_tf75_pg0_h1.npz
Device: cuda
Train/Val/Test: 990 / 175 / 356
Drop features: [3, 4, 5, 6, 7]
Epoch 001 | train_loss=1.1030 | val_acc=84.00% val_f1=0.8419 | test_acc=63.76% test_f1=0.6312
Epoch 002 | train_loss=0.7478 | val_acc=96.00% val_f1=0.9559 | test_acc=82.30% test_f1=0.7351
Epoch 003 | train_loss=0.5024 | val_acc=99.43% val_f1=0.9941 | test_acc=92.42% test_f1=0.9013
Epoch 004 | train_loss=0.3652 | val_acc=99.43% val_f1=0.9941 | test_acc=91.29% test_f1=0.8853
Epoch 005 | train_loss=0.2937 | val_acc=99.43% val_f1=0.9941 | test_acc=89.33% test_f1=0.8597
Epoch 006 | train_loss=0.2715 | val_acc=99.43% val_f1=0.9919 | test_acc=87.64% test_f1=0.8343
Epoch 007 | train_loss=0.2528 | val_acc=99.43% val_f1=0.9919 | test_acc=85.67% test_f1=0.8050
Epoch 008 | train_loss=0.2394 | val_acc=99.43% val_f1=0.9919 | test_acc=81.74% test_f1=0.7396
Epoch 009 | train_loss=0.2261 | val_acc=100.00% val_f1=1.0000 | test_acc=82.87% test_f1=0.7613
Epoch 010 | train_loss=0.2262 | val_acc=100.00% val_f1=1.0000 | test_acc=83.99% test_f1=0.7875
Epoch 011 | train_loss=0.2243 | val_acc=100.00% val_f1=1.0000 | test_acc=82.58% test_f1=0.7741
Epoch 012 | train_loss=0.2269 | val_acc=100.00% val_f1=1.0000 | test_acc=80.62% test_f1=0.7439
Epoch 013 | train_loss=0.2345 | val_acc=100.00% val_f1=1.0000 | test_acc=80.90% test_f1=0.7532
Epoch 014 | train_loss=0.2223 | val_acc=100.00% val_f1=1.0000 | test_acc=70.79% test_f1=0.5860
Epoch 015 | train_loss=0.2392 | val_acc=100.00% val_f1=1.0000 | test_acc=71.91% test_f1=0.5961
Epoch 016 | train_loss=0.2174 | val_acc=100.00% val_f1=1.0000 | test_acc=78.37% test_f1=0.7105
Epoch 017 | train_loss=0.2203 | val_acc=100.00% val_f1=1.0000 | test_acc=82.30% test_f1=0.7686
Epoch 018 | train_loss=0.2151 | val_acc=100.00% val_f1=1.0000 | test_acc=81.18% test_f1=0.7462
Epoch 019 | train_loss=0.2141 | val_acc=100.00% val_f1=1.0000 | test_acc=79.21% test_f1=0.7163
Early stopping at epoch 19 (best=3, score=0.924157)
================================================================================
Best epoch: 3
Best score (test_acc): 0.924157
Final test accuracy: 92.42%
Saved to: ablation_experiments/h1/results/run_20260327_131013/ablation1_sweep/trials/trial_0060_B/ablation1_student_only_tcn_attn_weld_seam_windows_ws5_tf75_pg0_h1_ep80_lr0.00036_bs128_seed157
/usr/bin/python /home/huang_kai/wind_turbine_phm/PHOENIX-main/autoencoder_benchmark/ablation_experiments/scripts/train_ablation1_student_only.py --dataset-npz Data/processed_data/weld_seam_windows_ws5_tf75_pg0_h1.npz --output-dir ablation_experiments/h1/results/run_20260327_131013/ablation1_sweep/trials/trial_0051_B --drop-feature-indices 3,4,5,6,7 --epochs 80 --batch-size 64 --lr 0.00024 --weight-decay 0.0002 --label-smoothing 0.03 --seed 111 --num-workers 0 --tcn-kernel 3 --tcn-layers 2 --tcn-channels 80,80,80 --tcn-dropout 0.15 --tcn-dilation-base 2 --classifier-hidden 128 --classifier-dropout 0.45 --attn-heads 4 --attn-dropout 0.08 --attn-ff-dim 128 --checkpoint-metric test_acc --weighted-sampler
[B 051] status=success val_f1=0.9092 test_acc=95.51%
Command: /usr/bin/python /home/huang_kai/wind_turbine_phm/PHOENIX-main/autoencoder_benchmark/ablation_experiments/scripts/train_ablation1_student_only.py --dataset-npz Data/processed_data/weld_seam_windows_ws5_tf75_pg0_h1.npz --output-dir ablation_experiments/h1/results/run_20260327_131013/ablation1_sweep/trials/trial_0052_B --drop-feature-indices 3,4,5,6,7 --epochs 80 --batch-size 64 --lr 0.00025 --weight-decay 0.00021 --label-smoothing 0.05 --seed 128 --num-workers 0 --tcn-kernel 3 --tcn-layers 3 --tcn-channels 80,80,80 --tcn-dropout 0.17 --tcn-dilation-base 2 --classifier-hidden 128 --classifier-dropout 0.25 --attn-heads 4 --attn-dropout 0.08 --attn-ff-dim 128 --checkpoint-metric test_acc --weighted-sampler
[B 052] status=success val_f1=0.8399 test_acc=91.01%
Command: /usr/bin/python /home/huang_kai/wind_turbine_phm/PHOENIX-main/autoencoder_benchmark/ablation_experiments/scripts/train_ablation1_student_only.py --dataset-npz Data/processed_data/weld_seam_windows_ws5_tf75_pg0_h1.npz --output-dir ablation_experiments/h1/results/run_20260327_131013/ablation1_sweep/trials/trial_0053_B --drop-feature-indices 3,4,5,6,7 --epochs 80 --batch-size 64 --lr 0.00015 --weight-decay 0.00014 --label-smoothing 0.05 --seed 146 --num-workers 0 --tcn-kernel 3 --tcn-layers 3 --tcn-channels 96,96,96 --tcn-dropout 0.18 --tcn-dilation-base 2 --classifier-hidden 128 --classifier-dropout 0.2 --attn-heads 4 --attn-dropout 0.15 --attn-ff-dim 128 --checkpoint-metric test_acc
[B 053] status=success val_f1=0.9075 test_acc=97.19%
Command: /usr/bin/python /home/huang_kai/wind_turbine_phm/PHOENIX-main/autoencoder_benchmark/ablation_experiments/scripts/train_ablation1_student_only.py --dataset-npz Data/processed_data/weld_seam_windows_ws5_tf75_pg0_h1.npz --output-dir ablation_experiments/h1/results/run_20260327_131013/ablation1_sweep/trials/trial_0054_B --drop-feature-indices 3,4,5,6,7 --epochs 80 --batch-size 64 --lr 8e-05 --weight-decay 0.00014 --label-smoothing 0.05 --seed 112 --num-workers 0 --tcn-kernel 3 --tcn-layers 3 --tcn-channels 96,96,96 --tcn-dropout 0.15 --tcn-dilation-base 2 --classifier-hidden 128 --classifier-dropout 0.45 --attn-heads 4 --attn-dropout 0.13 --attn-ff-dim 128 --checkpoint-metric test_acc
[B 054] status=success val_f1=0.9540 test_acc=90.17%
Command: /usr/bin/python /home/huang_kai/wind_turbine_phm/PHOENIX-main/autoencoder_benchmark/ablation_experiments/scripts/train_ablation1_student_only.py --dataset-npz Data/processed_data/weld_seam_windows_ws5_tf75_pg0_h1.npz --output-dir ablation_experiments/h1/results/run_20260327_131013/ablation1_sweep/trials/trial_0055_B --drop-feature-indices 3,4,5,6,7 --epochs 80 --batch-size 128 --lr 0.0002 --weight-decay 0.0003 --label-smoothing 0.03 --seed 139 --num-workers 0 --tcn-kernel 3 --tcn-layers 3 --tcn-channels 64,64,64 --tcn-dropout 0.2 --tcn-dilation-base 2 --classifier-hidden 128 --classifier-dropout 0.25 --attn-heads 4 --attn-dropout 0.08 --attn-ff-dim 128 --checkpoint-metric test_acc
[B 055] status=success val_f1=0.9163 test_acc=93.82%
Command: /usr/bin/python /home/huang_kai/wind_turbine_phm/PHOENIX-main/autoencoder_benchmark/ablation_experiments/scripts/train_ablation1_student_only.py --dataset-npz Data/processed_data/weld_seam_windows_ws5_tf75_pg0_h1.npz --output-dir ablation_experiments/h1/results/run_20260327_131013/ablation1_sweep/trials/trial_0056_B --drop-feature-indices 3,4,5,6,7 --epochs 80 --batch-size 96 --lr 0.0003 --weight-decay 0.0002 --label-smoothing 0.08 --seed 119 --num-workers 0 --tcn-kernel 3 --tcn-layers 3 --tcn-channels 64,64,64 --tcn-dropout 0.15 --tcn-dilation-base 2 --classifier-hidden 128 --classifier-dropout 0.45 --attn-heads 4 --attn-dropout 0.05 --attn-ff-dim 128 --checkpoint-metric test_acc
[B 056] status=success val_f1=0.9807 test_acc=88.20%
Command: /usr/bin/python /home/huang_kai/wind_turbine_phm/PHOENIX-main/autoencoder_benchmark/ablation_experiments/scripts/train_ablation1_student_only.py --dataset-npz Data/processed_data/weld_seam_windows_ws5_tf75_pg0_h1.npz --output-dir ablation_experiments/h1/results/run_20260327_131013/ablation1_sweep/trials/trial_0057_B --drop-feature-indices 3,4,5,6,7 --epochs 80 --batch-size 128 --lr 0.00024 --weight-decay 0.0007 --label-smoothing 0.03 --seed 149 --num-workers 0 --tcn-kernel 3 --tcn-layers 3 --tcn-channels 80,80,80 --tcn-dropout 0.15 --tcn-dilation-base 2 --classifier-hidden 128 --classifier-dropout 0.4 --attn-heads 4 --attn-dropout 0.05 --attn-ff-dim 128 --checkpoint-metric test_acc
[B 057] status=success val_f1=0.9859 test_acc=82.87%
Command: /usr/bin/python /home/huang_kai/wind_turbine_phm/PHOENIX-main/autoencoder_benchmark/ablation_experiments/scripts/train_ablation1_student_only.py --dataset-npz Data/processed_data/weld_seam_windows_ws5_tf75_pg0_h1.npz --output-dir ablation_experiments/h1/results/run_20260327_131013/ablation1_sweep/trials/trial_0058_B --drop-feature-indices 3,4,5,6,7 --epochs 80 --batch-size 96 --lr 0.0001 --weight-decay 0.00035 --label-smoothing 0.08 --seed 150 --num-workers 0 --tcn-kernel 3 --tcn-layers 3 --tcn-channels 96,96,96 --tcn-dropout 0.23 --tcn-dilation-base 2 --classifier-hidden 128 --classifier-dropout 0.35 --attn-heads 4 --attn-dropout 0.07 --attn-ff-dim 128 --checkpoint-metric test_acc --weighted-sampler
[B 058] status=success val_f1=0.8594 test_acc=92.13%
Command: /usr/bin/python /home/huang_kai/wind_turbine_phm/PHOENIX-main/autoencoder_benchmark/ablation_experiments/scripts/train_ablation1_student_only.py --dataset-npz Data/processed_data/weld_seam_windows_ws5_tf75_pg0_h1.npz --output-dir ablation_experiments/h1/results/run_20260327_131013/ablation1_sweep/trials/trial_0059_B --drop-feature-indices 3,4,5,6,7 --epochs 80 --batch-size 64 --lr 0.00012 --weight-decay 0.00014 --label-smoothing 0.05 --seed 116 --num-workers 0 --tcn-kernel 3 --tcn-layers 4 --tcn-channels 80,80,80 --tcn-dropout 0.18 --tcn-dilation-base 2 --classifier-hidden 128 --classifier-dropout 0.2 --attn-heads 4 --attn-dropout 0.15 --attn-ff-dim 128 --checkpoint-metric test_acc
[B 059] status=success val_f1=0.8524 test_acc=86.52%
Command: /usr/bin/python /home/huang_kai/wind_turbine_phm/PHOENIX-main/autoencoder_benchmark/ablation_experiments/scripts/train_ablation1_student_only.py --dataset-npz Data/processed_data/weld_seam_windows_ws5_tf75_pg0_h1.npz --output-dir ablation_experiments/h1/results/run_20260327_131013/ablation1_sweep/trials/trial_0060_B --drop-feature-indices 3,4,5,6,7 --epochs 80 --batch-size 128 --lr 0.00036 --weight-decay 0.0007 --label-smoothing 0.05 --seed 157 --num-workers 0 --tcn-kernel 3 --tcn-layers 3 --tcn-channels 80,80,80 --tcn-dropout 0.18 --tcn-dilation-base 2 --classifier-hidden 128 --classifier-dropout 0.5 --attn-heads 4 --attn-dropout 0.05 --attn-ff-dim 128 --checkpoint-metric test_acc
[B 060] status=success val_f1=0.9941 test_acc=92.42%
========================================================================================
Finished trials: 60
Progress CSV: ablation_experiments/h1/reports/run_20260327_131013/ablation1_sweep/ablation1_sweep_progress.csv
Runtime summary JSON: ablation_experiments/h1/reports/run_20260327_131013/ablation1_sweep/ablation1_sweep_runtime_summary.json
