stage,config_id,base_config_id,checkpoint_metric,seed,epochs,batch_size,temperature,lambda_ce,lambda_kd,lambda_feat,lr,weight_decay,student_tcn_dropout,student_tcn_layers,student_tcn_channels,student_classifier_hidden,student_classifier_dropout,student_attn_dropout,student_attn_ff_dim,student_tcn_dilation_base,job_output_root,stage_index,status,run_name,run_dir,elapsed_sec,gpu_id,teacher_manifest,command,log_path,test_acc,test_macro_f1,test_teacher_agreement,best_epoch,best_score,student_config_resolved
stage0,s0_val_teacher_agreement_seed14,s0_val_teacher_agreement_seed14,val_teacher_agreement,14,80,128,3.0,0.8,1.2,0.2,0.0002,0.00015,,,,,,,,,/home/huang_kai/wind_turbine_phm/PHOENIX-main/autoencoder_benchmark/ablation_experiments/h1/results/comparison_18d_baselines/teacher_student_reference/student_h1_sweep/student_h1_scan96_20260326/stage0/s0_val_teacher_agreement_seed14,1,skipped_existing,distill_tcn_attn_weld_seam_windows_ws5_tf75_pg0_h1_ep80_lr0.0002_bs128_T3.0_lce0.8_lkd1.2_lf0.2_seed14,/home/huang_kai/wind_turbine_phm/PHOENIX-main/autoencoder_benchmark/ablation_experiments/h1/results/comparison_18d_baselines/teacher_student_reference/student_h1_sweep/student_h1_scan96_20260326/stage0/s0_val_teacher_agreement_seed14/distill_tcn_attn_weld_seam_windows_ws5_tf75_pg0_h1_ep80_lr0.0002_bs128_T3.0_lce0.8_lkd1.2_lf0.2_seed14,0.0,2,/home/huang_kai/wind_turbine_phm/PHOENIX-main/autoencoder_benchmark/outputs/teacher_h1_scan98_gpu1_v2/manifests/best_teacher_h1.json,"/usr/bin/python /home/huang_kai/wind_turbine_phm/PHOENIX-main/autoencoder_benchmark/train_distill_single_tcn_student.py --dataset-npz /home/huang_kai/wind_turbine_phm/PHOENIX-main/autoencoder_benchmark/Data/processed_data/weld_seam_windows_ws5_tf75_pg0_h1.npz --teacher-ckpt /home/huang_kai/wind_turbine_phm/PHOENIX-main/autoencoder_benchmark/outputs/teacher_h1_scan98_gpu1_v2/runs/single_tcn_attn_weld_seam_windows_ws5_tf75_pg0_h1_ep60_lr0.0003_bs128_k3_l3_d0.08_lat64_wd0.00015_seed14/best_single_tcn.pth --teacher-run-args /home/huang_kai/wind_turbine_phm/PHOENIX-main/autoencoder_benchmark/outputs/teacher_h1_scan98_gpu1_v2/runs/single_tcn_attn_weld_seam_windows_ws5_tf75_pg0_h1_ep60_lr0.0003_bs128_k3_l3_d0.08_lat64_wd0.00015_seed14/run_args.json --output-dir /home/huang_kai/wind_turbine_phm/PHOENIX-main/autoencoder_benchmark/ablation_experiments/h1/results/comparison_18d_baselines/teacher_student_reference/student_h1_sweep/student_h1_scan96_20260326/stage0/s0_val_teacher_agreement_seed14 --drop-feature-indices 3,4,5,6,7 --epochs 80 --batch-size 128 --lr 0.0002 --weight-decay 0.00015 --seed 14 --class-weights auto --weighted-sampler --val-ratio 0.15 --early-stop-patience 16 --min-epochs 12 --checkpoint-metric val_teacher_agreement --temperature 3.0 --lambda-ce 0.8 --lambda-kd 1.2 --lambda-feat 0.2",/home/huang_kai/wind_turbine_phm/PHOENIX-main/autoencoder_benchmark/ablation_experiments/h1/reports/comparison_18d_baselines/teacher_student_reference/student_h1_sweep/student_h1_scan96_20260326/logs/stage0_s0_val_teacher_agreement_seed14_seed14.log,0.9691,0.961188,0.9521999999999999,4,0.885714,"{""attn_dropout"": 0.1, ""attn_ff_dim"": 128, ""attn_heads"": 4, ""classifier_dropout"": 0.4, ""classifier_hidden"": 64, ""latent_dim"": 64, ""tcn_channels"": 64, ""tcn_dilation_base"": 2, ""tcn_dropout"": 0.08, ""tcn_kernel"": 3, ""tcn_layers"": 3}"
stage0,s0_val_teacher_agreement_seed42,s0_val_teacher_agreement_seed42,val_teacher_agreement,42,80,128,3.0,0.8,1.2,0.2,0.0002,0.00015,,,,,,,,,/home/huang_kai/wind_turbine_phm/PHOENIX-main/autoencoder_benchmark/ablation_experiments/h1/results/comparison_18d_baselines/teacher_student_reference/student_h1_sweep/student_h1_scan96_20260326/stage0/s0_val_teacher_agreement_seed42,2,skipped_existing,distill_tcn_attn_weld_seam_windows_ws5_tf75_pg0_h1_ep80_lr0.0002_bs128_T3.0_lce0.8_lkd1.2_lf0.2_seed42,/home/huang_kai/wind_turbine_phm/PHOENIX-main/autoencoder_benchmark/ablation_experiments/h1/results/comparison_18d_baselines/teacher_student_reference/student_h1_sweep/student_h1_scan96_20260326/stage0/s0_val_teacher_agreement_seed42/distill_tcn_attn_weld_seam_windows_ws5_tf75_pg0_h1_ep80_lr0.0002_bs128_T3.0_lce0.8_lkd1.2_lf0.2_seed42,0.0,2,/home/huang_kai/wind_turbine_phm/PHOENIX-main/autoencoder_benchmark/outputs/teacher_h1_scan98_gpu1_v2/manifests/best_teacher_h1.json,"/usr/bin/python /home/huang_kai/wind_turbine_phm/PHOENIX-main/autoencoder_benchmark/train_distill_single_tcn_student.py --dataset-npz /home/huang_kai/wind_turbine_phm/PHOENIX-main/autoencoder_benchmark/Data/processed_data/weld_seam_windows_ws5_tf75_pg0_h1.npz --teacher-ckpt /home/huang_kai/wind_turbine_phm/PHOENIX-main/autoencoder_benchmark/outputs/teacher_h1_scan98_gpu1_v2/runs/single_tcn_attn_weld_seam_windows_ws5_tf75_pg0_h1_ep60_lr0.0003_bs128_k3_l3_d0.08_lat64_wd0.00015_seed14/best_single_tcn.pth --teacher-run-args /home/huang_kai/wind_turbine_phm/PHOENIX-main/autoencoder_benchmark/outputs/teacher_h1_scan98_gpu1_v2/runs/single_tcn_attn_weld_seam_windows_ws5_tf75_pg0_h1_ep60_lr0.0003_bs128_k3_l3_d0.08_lat64_wd0.00015_seed14/run_args.json --output-dir /home/huang_kai/wind_turbine_phm/PHOENIX-main/autoencoder_benchmark/ablation_experiments/h1/results/comparison_18d_baselines/teacher_student_reference/student_h1_sweep/student_h1_scan96_20260326/stage0/s0_val_teacher_agreement_seed42 --drop-feature-indices 3,4,5,6,7 --epochs 80 --batch-size 128 --lr 0.0002 --weight-decay 0.00015 --seed 42 --class-weights auto --weighted-sampler --val-ratio 0.15 --early-stop-patience 16 --min-epochs 12 --checkpoint-metric val_teacher_agreement --temperature 3.0 --lambda-ce 0.8 --lambda-kd 1.2 --lambda-feat 0.2",/home/huang_kai/wind_turbine_phm/PHOENIX-main/autoencoder_benchmark/ablation_experiments/h1/reports/comparison_18d_baselines/teacher_student_reference/student_h1_sweep/student_h1_scan96_20260326/logs/stage0_s0_val_teacher_agreement_seed42_seed42.log,0.7275,0.758519,0.7331,3,0.897143,"{""attn_dropout"": 0.1, ""attn_ff_dim"": 128, ""attn_heads"": 4, ""classifier_dropout"": 0.4, ""classifier_hidden"": 64, ""latent_dim"": 64, ""tcn_channels"": 64, ""tcn_dilation_base"": 2, ""tcn_dropout"": 0.08, ""tcn_kernel"": 3, ""tcn_layers"": 3}"
stage0,s0_val_macro_f1_seed14,s0_val_macro_f1_seed14,val_macro_f1,14,80,128,3.0,0.8,1.2,0.2,0.0002,0.00015,,,,,,,,,/home/huang_kai/wind_turbine_phm/PHOENIX-main/autoencoder_benchmark/ablation_experiments/h1/results/comparison_18d_baselines/teacher_student_reference/student_h1_sweep/student_h1_scan96_20260326/stage0/s0_val_macro_f1_seed14,3,skipped_existing,distill_tcn_attn_weld_seam_windows_ws5_tf75_pg0_h1_ep80_lr0.0002_bs128_T3.0_lce0.8_lkd1.2_lf0.2_seed14,/home/huang_kai/wind_turbine_phm/PHOENIX-main/autoencoder_benchmark/ablation_experiments/h1/results/comparison_18d_baselines/teacher_student_reference/student_h1_sweep/student_h1_scan96_20260326/stage0/s0_val_macro_f1_seed14/distill_tcn_attn_weld_seam_windows_ws5_tf75_pg0_h1_ep80_lr0.0002_bs128_T3.0_lce0.8_lkd1.2_lf0.2_seed14,0.0,2,/home/huang_kai/wind_turbine_phm/PHOENIX-main/autoencoder_benchmark/outputs/teacher_h1_scan98_gpu1_v2/manifests/best_teacher_h1.json,"/usr/bin/python /home/huang_kai/wind_turbine_phm/PHOENIX-main/autoencoder_benchmark/train_distill_single_tcn_student.py --dataset-npz /home/huang_kai/wind_turbine_phm/PHOENIX-main/autoencoder_benchmark/Data/processed_data/weld_seam_windows_ws5_tf75_pg0_h1.npz --teacher-ckpt /home/huang_kai/wind_turbine_phm/PHOENIX-main/autoencoder_benchmark/outputs/teacher_h1_scan98_gpu1_v2/runs/single_tcn_attn_weld_seam_windows_ws5_tf75_pg0_h1_ep60_lr0.0003_bs128_k3_l3_d0.08_lat64_wd0.00015_seed14/best_single_tcn.pth --teacher-run-args /home/huang_kai/wind_turbine_phm/PHOENIX-main/autoencoder_benchmark/outputs/teacher_h1_scan98_gpu1_v2/runs/single_tcn_attn_weld_seam_windows_ws5_tf75_pg0_h1_ep60_lr0.0003_bs128_k3_l3_d0.08_lat64_wd0.00015_seed14/run_args.json --output-dir /home/huang_kai/wind_turbine_phm/PHOENIX-main/autoencoder_benchmark/ablation_experiments/h1/results/comparison_18d_baselines/teacher_student_reference/student_h1_sweep/student_h1_scan96_20260326/stage0/s0_val_macro_f1_seed14 --drop-feature-indices 3,4,5,6,7 --epochs 80 --batch-size 128 --lr 0.0002 --weight-decay 0.00015 --seed 14 --class-weights auto --weighted-sampler --val-ratio 0.15 --early-stop-patience 16 --min-epochs 12 --checkpoint-metric val_macro_f1 --temperature 3.0 --lambda-ce 0.8 --lambda-kd 1.2 --lambda-feat 0.2",/home/huang_kai/wind_turbine_phm/PHOENIX-main/autoencoder_benchmark/ablation_experiments/h1/reports/comparison_18d_baselines/teacher_student_reference/student_h1_sweep/student_h1_scan96_20260326/logs/stage0_s0_val_macro_f1_seed14_seed14.log,0.9381999999999999,0.906267,0.927,21,0.966667,"{""attn_dropout"": 0.1, ""attn_ff_dim"": 128, ""attn_heads"": 4, ""classifier_dropout"": 0.4, ""classifier_hidden"": 64, ""latent_dim"": 64, ""tcn_channels"": 64, ""tcn_dilation_base"": 2, ""tcn_dropout"": 0.08, ""tcn_kernel"": 3, ""tcn_layers"": 3}"
stage0,s0_val_macro_f1_seed42,s0_val_macro_f1_seed42,val_macro_f1,42,80,128,3.0,0.8,1.2,0.2,0.0002,0.00015,,,,,,,,,/home/huang_kai/wind_turbine_phm/PHOENIX-main/autoencoder_benchmark/ablation_experiments/h1/results/comparison_18d_baselines/teacher_student_reference/student_h1_sweep/student_h1_scan96_20260326/stage0/s0_val_macro_f1_seed42,4,skipped_existing,distill_tcn_attn_weld_seam_windows_ws5_tf75_pg0_h1_ep80_lr0.0002_bs128_T3.0_lce0.8_lkd1.2_lf0.2_seed42,/home/huang_kai/wind_turbine_phm/PHOENIX-main/autoencoder_benchmark/ablation_experiments/h1/results/comparison_18d_baselines/teacher_student_reference/student_h1_sweep/student_h1_scan96_20260326/stage0/s0_val_macro_f1_seed42/distill_tcn_attn_weld_seam_windows_ws5_tf75_pg0_h1_ep80_lr0.0002_bs128_T3.0_lce0.8_lkd1.2_lf0.2_seed42,0.0,2,/home/huang_kai/wind_turbine_phm/PHOENIX-main/autoencoder_benchmark/outputs/teacher_h1_scan98_gpu1_v2/manifests/best_teacher_h1.json,"/usr/bin/python /home/huang_kai/wind_turbine_phm/PHOENIX-main/autoencoder_benchmark/train_distill_single_tcn_student.py --dataset-npz /home/huang_kai/wind_turbine_phm/PHOENIX-main/autoencoder_benchmark/Data/processed_data/weld_seam_windows_ws5_tf75_pg0_h1.npz --teacher-ckpt /home/huang_kai/wind_turbine_phm/PHOENIX-main/autoencoder_benchmark/outputs/teacher_h1_scan98_gpu1_v2/runs/single_tcn_attn_weld_seam_windows_ws5_tf75_pg0_h1_ep60_lr0.0003_bs128_k3_l3_d0.08_lat64_wd0.00015_seed14/best_single_tcn.pth --teacher-run-args /home/huang_kai/wind_turbine_phm/PHOENIX-main/autoencoder_benchmark/outputs/teacher_h1_scan98_gpu1_v2/runs/single_tcn_attn_weld_seam_windows_ws5_tf75_pg0_h1_ep60_lr0.0003_bs128_k3_l3_d0.08_lat64_wd0.00015_seed14/run_args.json --output-dir /home/huang_kai/wind_turbine_phm/PHOENIX-main/autoencoder_benchmark/ablation_experiments/h1/results/comparison_18d_baselines/teacher_student_reference/student_h1_sweep/student_h1_scan96_20260326/stage0/s0_val_macro_f1_seed42 --drop-feature-indices 3,4,5,6,7 --epochs 80 --batch-size 128 --lr 0.0002 --weight-decay 0.00015 --seed 42 --class-weights auto --weighted-sampler --val-ratio 0.15 --early-stop-patience 16 --min-epochs 12 --checkpoint-metric val_macro_f1 --temperature 3.0 --lambda-ce 0.8 --lambda-kd 1.2 --lambda-feat 0.2",/home/huang_kai/wind_turbine_phm/PHOENIX-main/autoencoder_benchmark/ablation_experiments/h1/reports/comparison_18d_baselines/teacher_student_reference/student_h1_sweep/student_h1_scan96_20260326/logs/stage0_s0_val_macro_f1_seed42_seed42.log,0.8454999999999999,0.833916,0.8454999999999999,30,0.977065,"{""attn_dropout"": 0.1, ""attn_ff_dim"": 128, ""attn_heads"": 4, ""classifier_dropout"": 0.4, ""classifier_hidden"": 64, ""latent_dim"": 64, ""tcn_channels"": 64, ""tcn_dilation_base"": 2, ""tcn_dropout"": 0.08, ""tcn_kernel"": 3, ""tcn_layers"": 3}"
stage1,s1_l1_o1,s1_l1_o1,val_teacher_agreement,14,80,128,2.5,1.0,1.0,0.1,0.00015,0.00015,0.05,,,,,,,,/home/huang_kai/wind_turbine_phm/PHOENIX-main/autoencoder_benchmark/ablation_experiments/h1/results/comparison_18d_baselines/teacher_student_reference/student_h1_sweep/student_h1_scan96_20260326/stage1/s1_l1_o1,1,skipped_existing,distill_tcn_attn_weld_seam_windows_ws5_tf75_pg0_h1_ep80_lr0.00015_bs128_T2.5_lce1.0_lkd1.0_lf0.1_seed14,/home/huang_kai/wind_turbine_phm/PHOENIX-main/autoencoder_benchmark/ablation_experiments/h1/results/comparison_18d_baselines/teacher_student_reference/student_h1_sweep/student_h1_scan96_20260326/stage1/s1_l1_o1/distill_tcn_attn_weld_seam_windows_ws5_tf75_pg0_h1_ep80_lr0.00015_bs128_T2.5_lce1.0_lkd1.0_lf0.1_seed14,0.0,2,/home/huang_kai/wind_turbine_phm/PHOENIX-main/autoencoder_benchmark/outputs/teacher_h1_scan98_gpu1_v2/manifests/best_teacher_h1.json,"/usr/bin/python /home/huang_kai/wind_turbine_phm/PHOENIX-main/autoencoder_benchmark/train_distill_single_tcn_student.py --dataset-npz /home/huang_kai/wind_turbine_phm/PHOENIX-main/autoencoder_benchmark/Data/processed_data/weld_seam_windows_ws5_tf75_pg0_h1.npz --teacher-ckpt /home/huang_kai/wind_turbine_phm/PHOENIX-main/autoencoder_benchmark/outputs/teacher_h1_scan98_gpu1_v2/runs/single_tcn_attn_weld_seam_windows_ws5_tf75_pg0_h1_ep60_lr0.0003_bs128_k3_l3_d0.08_lat64_wd0.00015_seed14/best_single_tcn.pth --teacher-run-args /home/huang_kai/wind_turbine_phm/PHOENIX-main/autoencoder_benchmark/outputs/teacher_h1_scan98_gpu1_v2/runs/single_tcn_attn_weld_seam_windows_ws5_tf75_pg0_h1_ep60_lr0.0003_bs128_k3_l3_d0.08_lat64_wd0.00015_seed14/run_args.json --output-dir /home/huang_kai/wind_turbine_phm/PHOENIX-main/autoencoder_benchmark/ablation_experiments/h1/results/comparison_18d_baselines/teacher_student_reference/student_h1_sweep/student_h1_scan96_20260326/stage1/s1_l1_o1 --drop-feature-indices 3,4,5,6,7 --epochs 80 --batch-size 128 --lr 0.00015 --weight-decay 0.00015 --seed 14 --class-weights auto --weighted-sampler --val-ratio 0.15 --early-stop-patience 16 --min-epochs 12 --checkpoint-metric val_teacher_agreement --temperature 2.5 --lambda-ce 1.0 --lambda-kd 1.0 --lambda-feat 0.1 --student-tcn-dropout 0.05",/home/huang_kai/wind_turbine_phm/PHOENIX-main/autoencoder_benchmark/ablation_experiments/h1/reports/comparison_18d_baselines/teacher_student_reference/student_h1_sweep/student_h1_scan96_20260326/logs/stage1_s1_l1_o1_seed14.log,0.9354,0.927721,0.9185,4,0.885714,"{""attn_dropout"": 0.1, ""attn_ff_dim"": 128, ""attn_heads"": 4, ""classifier_dropout"": 0.4, ""classifier_hidden"": 64, ""latent_dim"": 64, ""tcn_channels"": 64, ""tcn_dilation_base"": 2, ""tcn_dropout"": 0.05, ""tcn_kernel"": 3, ""tcn_layers"": 3}"
stage1,s1_l1_o2,s1_l1_o2,val_teacher_agreement,14,80,128,2.5,1.0,1.0,0.1,0.0002,0.00015,0.08,,,,,,,,/home/huang_kai/wind_turbine_phm/PHOENIX-main/autoencoder_benchmark/ablation_experiments/h1/results/comparison_18d_baselines/teacher_student_reference/student_h1_sweep/student_h1_scan96_20260326/stage1/s1_l1_o2,2,skipped_existing,distill_tcn_attn_weld_seam_windows_ws5_tf75_pg0_h1_ep80_lr0.0002_bs128_T2.5_lce1.0_lkd1.0_lf0.1_seed14,/home/huang_kai/wind_turbine_phm/PHOENIX-main/autoencoder_benchmark/ablation_experiments/h1/results/comparison_18d_baselines/teacher_student_reference/student_h1_sweep/student_h1_scan96_20260326/stage1/s1_l1_o2/distill_tcn_attn_weld_seam_windows_ws5_tf75_pg0_h1_ep80_lr0.0002_bs128_T2.5_lce1.0_lkd1.0_lf0.1_seed14,0.0,2,/home/huang_kai/wind_turbine_phm/PHOENIX-main/autoencoder_benchmark/outputs/teacher_h1_scan98_gpu1_v2/manifests/best_teacher_h1.json,"/usr/bin/python /home/huang_kai/wind_turbine_phm/PHOENIX-main/autoencoder_benchmark/train_distill_single_tcn_student.py --dataset-npz /home/huang_kai/wind_turbine_phm/PHOENIX-main/autoencoder_benchmark/Data/processed_data/weld_seam_windows_ws5_tf75_pg0_h1.npz --teacher-ckpt /home/huang_kai/wind_turbine_phm/PHOENIX-main/autoencoder_benchmark/outputs/teacher_h1_scan98_gpu1_v2/runs/single_tcn_attn_weld_seam_windows_ws5_tf75_pg0_h1_ep60_lr0.0003_bs128_k3_l3_d0.08_lat64_wd0.00015_seed14/best_single_tcn.pth --teacher-run-args /home/huang_kai/wind_turbine_phm/PHOENIX-main/autoencoder_benchmark/outputs/teacher_h1_scan98_gpu1_v2/runs/single_tcn_attn_weld_seam_windows_ws5_tf75_pg0_h1_ep60_lr0.0003_bs128_k3_l3_d0.08_lat64_wd0.00015_seed14/run_args.json --output-dir /home/huang_kai/wind_turbine_phm/PHOENIX-main/autoencoder_benchmark/ablation_experiments/h1/results/comparison_18d_baselines/teacher_student_reference/student_h1_sweep/student_h1_scan96_20260326/stage1/s1_l1_o2 --drop-feature-indices 3,4,5,6,7 --epochs 80 --batch-size 128 --lr 0.0002 --weight-decay 0.00015 --seed 14 --class-weights auto --weighted-sampler --val-ratio 0.15 --early-stop-patience 16 --min-epochs 12 --checkpoint-metric val_teacher_agreement --temperature 2.5 --lambda-ce 1.0 --lambda-kd 1.0 --lambda-feat 0.1 --student-tcn-dropout 0.08",/home/huang_kai/wind_turbine_phm/PHOENIX-main/autoencoder_benchmark/ablation_experiments/h1/reports/comparison_18d_baselines/teacher_student_reference/student_h1_sweep/student_h1_scan96_20260326/logs/stage1_s1_l1_o2_seed14.log,0.8287,0.831887,0.8173999999999999,3,0.885714,"{""attn_dropout"": 0.1, ""attn_ff_dim"": 128, ""attn_heads"": 4, ""classifier_dropout"": 0.4, ""classifier_hidden"": 64, ""latent_dim"": 64, ""tcn_channels"": 64, ""tcn_dilation_base"": 2, ""tcn_dropout"": 0.08, ""tcn_kernel"": 3, ""tcn_layers"": 3}"
stage1,s1_l1_o3,s1_l1_o3,val_teacher_agreement,14,80,128,2.5,1.0,1.0,0.1,0.00025,0.0002,0.08,,,,,,,,/home/huang_kai/wind_turbine_phm/PHOENIX-main/autoencoder_benchmark/ablation_experiments/h1/results/comparison_18d_baselines/teacher_student_reference/student_h1_sweep/student_h1_scan96_20260326/stage1/s1_l1_o3,3,skipped_existing,distill_tcn_attn_weld_seam_windows_ws5_tf75_pg0_h1_ep80_lr0.00025_bs128_T2.5_lce1.0_lkd1.0_lf0.1_seed14,/home/huang_kai/wind_turbine_phm/PHOENIX-main/autoencoder_benchmark/ablation_experiments/h1/results/comparison_18d_baselines/teacher_student_reference/student_h1_sweep/student_h1_scan96_20260326/stage1/s1_l1_o3/distill_tcn_attn_weld_seam_windows_ws5_tf75_pg0_h1_ep80_lr0.00025_bs128_T2.5_lce1.0_lkd1.0_lf0.1_seed14,0.0,2,/home/huang_kai/wind_turbine_phm/PHOENIX-main/autoencoder_benchmark/outputs/teacher_h1_scan98_gpu1_v2/manifests/best_teacher_h1.json,"/usr/bin/python /home/huang_kai/wind_turbine_phm/PHOENIX-main/autoencoder_benchmark/train_distill_single_tcn_student.py --dataset-npz /home/huang_kai/wind_turbine_phm/PHOENIX-main/autoencoder_benchmark/Data/processed_data/weld_seam_windows_ws5_tf75_pg0_h1.npz --teacher-ckpt /home/huang_kai/wind_turbine_phm/PHOENIX-main/autoencoder_benchmark/outputs/teacher_h1_scan98_gpu1_v2/runs/single_tcn_attn_weld_seam_windows_ws5_tf75_pg0_h1_ep60_lr0.0003_bs128_k3_l3_d0.08_lat64_wd0.00015_seed14/best_single_tcn.pth --teacher-run-args /home/huang_kai/wind_turbine_phm/PHOENIX-main/autoencoder_benchmark/outputs/teacher_h1_scan98_gpu1_v2/runs/single_tcn_attn_weld_seam_windows_ws5_tf75_pg0_h1_ep60_lr0.0003_bs128_k3_l3_d0.08_lat64_wd0.00015_seed14/run_args.json --output-dir /home/huang_kai/wind_turbine_phm/PHOENIX-main/autoencoder_benchmark/ablation_experiments/h1/results/comparison_18d_baselines/teacher_student_reference/student_h1_sweep/student_h1_scan96_20260326/stage1/s1_l1_o3 --drop-feature-indices 3,4,5,6,7 --epochs 80 --batch-size 128 --lr 0.00025 --weight-decay 0.0002 --seed 14 --class-weights auto --weighted-sampler --val-ratio 0.15 --early-stop-patience 16 --min-epochs 12 --checkpoint-metric val_teacher_agreement --temperature 2.5 --lambda-ce 1.0 --lambda-kd 1.0 --lambda-feat 0.1 --student-tcn-dropout 0.08",/home/huang_kai/wind_turbine_phm/PHOENIX-main/autoencoder_benchmark/ablation_experiments/h1/reports/comparison_18d_baselines/teacher_student_reference/student_h1_sweep/student_h1_scan96_20260326/logs/stage1_s1_l1_o3_seed14.log,0.9073,0.901002,0.8904000000000001,3,0.908571,"{""attn_dropout"": 0.1, ""attn_ff_dim"": 128, ""attn_heads"": 4, ""classifier_dropout"": 0.4, ""classifier_hidden"": 64, ""latent_dim"": 64, ""tcn_channels"": 64, ""tcn_dilation_base"": 2, ""tcn_dropout"": 0.08, ""tcn_kernel"": 3, ""tcn_layers"": 3}"
stage1,s1_l1_o4,s1_l1_o4,val_teacher_agreement,14,80,128,2.5,1.0,1.0,0.1,0.0003,0.00015,0.12,,,,,,,,/home/huang_kai/wind_turbine_phm/PHOENIX-main/autoencoder_benchmark/ablation_experiments/h1/results/comparison_18d_baselines/teacher_student_reference/student_h1_sweep/student_h1_scan96_20260326/stage1/s1_l1_o4,4,skipped_existing,distill_tcn_attn_weld_seam_windows_ws5_tf75_pg0_h1_ep80_lr0.0003_bs128_T2.5_lce1.0_lkd1.0_lf0.1_seed14,/home/huang_kai/wind_turbine_phm/PHOENIX-main/autoencoder_benchmark/ablation_experiments/h1/results/comparison_18d_baselines/teacher_student_reference/student_h1_sweep/student_h1_scan96_20260326/stage1/s1_l1_o4/distill_tcn_attn_weld_seam_windows_ws5_tf75_pg0_h1_ep80_lr0.0003_bs128_T2.5_lce1.0_lkd1.0_lf0.1_seed14,0.0,2,/home/huang_kai/wind_turbine_phm/PHOENIX-main/autoencoder_benchmark/outputs/teacher_h1_scan98_gpu1_v2/manifests/best_teacher_h1.json,"/usr/bin/python /home/huang_kai/wind_turbine_phm/PHOENIX-main/autoencoder_benchmark/train_distill_single_tcn_student.py --dataset-npz /home/huang_kai/wind_turbine_phm/PHOENIX-main/autoencoder_benchmark/Data/processed_data/weld_seam_windows_ws5_tf75_pg0_h1.npz --teacher-ckpt /home/huang_kai/wind_turbine_phm/PHOENIX-main/autoencoder_benchmark/outputs/teacher_h1_scan98_gpu1_v2/runs/single_tcn_attn_weld_seam_windows_ws5_tf75_pg0_h1_ep60_lr0.0003_bs128_k3_l3_d0.08_lat64_wd0.00015_seed14/best_single_tcn.pth --teacher-run-args /home/huang_kai/wind_turbine_phm/PHOENIX-main/autoencoder_benchmark/outputs/teacher_h1_scan98_gpu1_v2/runs/single_tcn_attn_weld_seam_windows_ws5_tf75_pg0_h1_ep60_lr0.0003_bs128_k3_l3_d0.08_lat64_wd0.00015_seed14/run_args.json --output-dir /home/huang_kai/wind_turbine_phm/PHOENIX-main/autoencoder_benchmark/ablation_experiments/h1/results/comparison_18d_baselines/teacher_student_reference/student_h1_sweep/student_h1_scan96_20260326/stage1/s1_l1_o4 --drop-feature-indices 3,4,5,6,7 --epochs 80 --batch-size 128 --lr 0.0003 --weight-decay 0.00015 --seed 14 --class-weights auto --weighted-sampler --val-ratio 0.15 --early-stop-patience 16 --min-epochs 12 --checkpoint-metric val_teacher_agreement --temperature 2.5 --lambda-ce 1.0 --lambda-kd 1.0 --lambda-feat 0.1 --student-tcn-dropout 0.12",/home/huang_kai/wind_turbine_phm/PHOENIX-main/autoencoder_benchmark/ablation_experiments/h1/reports/comparison_18d_baselines/teacher_student_reference/student_h1_sweep/student_h1_scan96_20260326/logs/stage1_s1_l1_o4_seed14.log,0.9551000000000001,0.948591,0.9381999999999999,3,0.885714,"{""attn_dropout"": 0.1, ""attn_ff_dim"": 128, ""attn_heads"": 4, ""classifier_dropout"": 0.4, ""classifier_hidden"": 64, ""latent_dim"": 64, ""tcn_channels"": 64, ""tcn_dilation_base"": 2, ""tcn_dropout"": 0.12, ""tcn_kernel"": 3, ""tcn_layers"": 3}"
stage1,s1_l2_o1,s1_l2_o1,val_teacher_agreement,14,80,128,3.0,0.8,1.2,0.2,0.00015,0.00015,0.05,,,,,,,,/home/huang_kai/wind_turbine_phm/PHOENIX-main/autoencoder_benchmark/ablation_experiments/h1/results/comparison_18d_baselines/teacher_student_reference/student_h1_sweep/student_h1_scan96_20260326/stage1/s1_l2_o1,5,skipped_existing,distill_tcn_attn_weld_seam_windows_ws5_tf75_pg0_h1_ep80_lr0.00015_bs128_T3.0_lce0.8_lkd1.2_lf0.2_seed14,/home/huang_kai/wind_turbine_phm/PHOENIX-main/autoencoder_benchmark/ablation_experiments/h1/results/comparison_18d_baselines/teacher_student_reference/student_h1_sweep/student_h1_scan96_20260326/stage1/s1_l2_o1/distill_tcn_attn_weld_seam_windows_ws5_tf75_pg0_h1_ep80_lr0.00015_bs128_T3.0_lce0.8_lkd1.2_lf0.2_seed14,0.0,2,/home/huang_kai/wind_turbine_phm/PHOENIX-main/autoencoder_benchmark/outputs/teacher_h1_scan98_gpu1_v2/manifests/best_teacher_h1.json,"/usr/bin/python /home/huang_kai/wind_turbine_phm/PHOENIX-main/autoencoder_benchmark/train_distill_single_tcn_student.py --dataset-npz /home/huang_kai/wind_turbine_phm/PHOENIX-main/autoencoder_benchmark/Data/processed_data/weld_seam_windows_ws5_tf75_pg0_h1.npz --teacher-ckpt /home/huang_kai/wind_turbine_phm/PHOENIX-main/autoencoder_benchmark/outputs/teacher_h1_scan98_gpu1_v2/runs/single_tcn_attn_weld_seam_windows_ws5_tf75_pg0_h1_ep60_lr0.0003_bs128_k3_l3_d0.08_lat64_wd0.00015_seed14/best_single_tcn.pth --teacher-run-args /home/huang_kai/wind_turbine_phm/PHOENIX-main/autoencoder_benchmark/outputs/teacher_h1_scan98_gpu1_v2/runs/single_tcn_attn_weld_seam_windows_ws5_tf75_pg0_h1_ep60_lr0.0003_bs128_k3_l3_d0.08_lat64_wd0.00015_seed14/run_args.json --output-dir /home/huang_kai/wind_turbine_phm/PHOENIX-main/autoencoder_benchmark/ablation_experiments/h1/results/comparison_18d_baselines/teacher_student_reference/student_h1_sweep/student_h1_scan96_20260326/stage1/s1_l2_o1 --drop-feature-indices 3,4,5,6,7 --epochs 80 --batch-size 128 --lr 0.00015 --weight-decay 0.00015 --seed 14 --class-weights auto --weighted-sampler --val-ratio 0.15 --early-stop-patience 16 --min-epochs 12 --checkpoint-metric val_teacher_agreement --temperature 3.0 --lambda-ce 0.8 --lambda-kd 1.2 --lambda-feat 0.2 --student-tcn-dropout 0.05",/home/huang_kai/wind_turbine_phm/PHOENIX-main/autoencoder_benchmark/ablation_experiments/h1/reports/comparison_18d_baselines/teacher_student_reference/student_h1_sweep/student_h1_scan96_20260326/logs/stage1_s1_l2_o1_seed14.log,0.9354,0.927721,0.9185,4,0.897143,"{""attn_dropout"": 0.1, ""attn_ff_dim"": 128, ""attn_heads"": 4, ""classifier_dropout"": 0.4, ""classifier_hidden"": 64, ""latent_dim"": 64, ""tcn_channels"": 64, ""tcn_dilation_base"": 2, ""tcn_dropout"": 0.05, ""tcn_kernel"": 3, ""tcn_layers"": 3}"
stage1,s1_l2_o2,s1_l2_o2,val_teacher_agreement,14,80,128,3.0,0.8,1.2,0.2,0.0002,0.00015,0.08,,,,,,,,/home/huang_kai/wind_turbine_phm/PHOENIX-main/autoencoder_benchmark/ablation_experiments/h1/results/comparison_18d_baselines/teacher_student_reference/student_h1_sweep/student_h1_scan96_20260326/stage1/s1_l2_o2,6,skipped_existing,distill_tcn_attn_weld_seam_windows_ws5_tf75_pg0_h1_ep80_lr0.0002_bs128_T3.0_lce0.8_lkd1.2_lf0.2_seed14,/home/huang_kai/wind_turbine_phm/PHOENIX-main/autoencoder_benchmark/ablation_experiments/h1/results/comparison_18d_baselines/teacher_student_reference/student_h1_sweep/student_h1_scan96_20260326/stage1/s1_l2_o2/distill_tcn_attn_weld_seam_windows_ws5_tf75_pg0_h1_ep80_lr0.0002_bs128_T3.0_lce0.8_lkd1.2_lf0.2_seed14,0.0,2,/home/huang_kai/wind_turbine_phm/PHOENIX-main/autoencoder_benchmark/outputs/teacher_h1_scan98_gpu1_v2/manifests/best_teacher_h1.json,"/usr/bin/python /home/huang_kai/wind_turbine_phm/PHOENIX-main/autoencoder_benchmark/train_distill_single_tcn_student.py --dataset-npz /home/huang_kai/wind_turbine_phm/PHOENIX-main/autoencoder_benchmark/Data/processed_data/weld_seam_windows_ws5_tf75_pg0_h1.npz --teacher-ckpt /home/huang_kai/wind_turbine_phm/PHOENIX-main/autoencoder_benchmark/outputs/teacher_h1_scan98_gpu1_v2/runs/single_tcn_attn_weld_seam_windows_ws5_tf75_pg0_h1_ep60_lr0.0003_bs128_k3_l3_d0.08_lat64_wd0.00015_seed14/best_single_tcn.pth --teacher-run-args /home/huang_kai/wind_turbine_phm/PHOENIX-main/autoencoder_benchmark/outputs/teacher_h1_scan98_gpu1_v2/runs/single_tcn_attn_weld_seam_windows_ws5_tf75_pg0_h1_ep60_lr0.0003_bs128_k3_l3_d0.08_lat64_wd0.00015_seed14/run_args.json --output-dir /home/huang_kai/wind_turbine_phm/PHOENIX-main/autoencoder_benchmark/ablation_experiments/h1/results/comparison_18d_baselines/teacher_student_reference/student_h1_sweep/student_h1_scan96_20260326/stage1/s1_l2_o2 --drop-feature-indices 3,4,5,6,7 --epochs 80 --batch-size 128 --lr 0.0002 --weight-decay 0.00015 --seed 14 --class-weights auto --weighted-sampler --val-ratio 0.15 --early-stop-patience 16 --min-epochs 12 --checkpoint-metric val_teacher_agreement --temperature 3.0 --lambda-ce 0.8 --lambda-kd 1.2 --lambda-feat 0.2 --student-tcn-dropout 0.08",/home/huang_kai/wind_turbine_phm/PHOENIX-main/autoencoder_benchmark/ablation_experiments/h1/reports/comparison_18d_baselines/teacher_student_reference/student_h1_sweep/student_h1_scan96_20260326/logs/stage1_s1_l2_o2_seed14.log,0.9691,0.961188,0.9521999999999999,4,0.885714,"{""attn_dropout"": 0.1, ""attn_ff_dim"": 128, ""attn_heads"": 4, ""classifier_dropout"": 0.4, ""classifier_hidden"": 64, ""latent_dim"": 64, ""tcn_channels"": 64, ""tcn_dilation_base"": 2, ""tcn_dropout"": 0.08, ""tcn_kernel"": 3, ""tcn_layers"": 3}"
stage1,s1_l2_o3,s1_l2_o3,val_teacher_agreement,14,80,128,3.0,0.8,1.2,0.2,0.00025,0.0002,0.08,,,,,,,,/home/huang_kai/wind_turbine_phm/PHOENIX-main/autoencoder_benchmark/ablation_experiments/h1/results/comparison_18d_baselines/teacher_student_reference/student_h1_sweep/student_h1_scan96_20260326/stage1/s1_l2_o3,7,skipped_existing,distill_tcn_attn_weld_seam_windows_ws5_tf75_pg0_h1_ep80_lr0.00025_bs128_T3.0_lce0.8_lkd1.2_lf0.2_seed14,/home/huang_kai/wind_turbine_phm/PHOENIX-main/autoencoder_benchmark/ablation_experiments/h1/results/comparison_18d_baselines/teacher_student_reference/student_h1_sweep/student_h1_scan96_20260326/stage1/s1_l2_o3/distill_tcn_attn_weld_seam_windows_ws5_tf75_pg0_h1_ep80_lr0.00025_bs128_T3.0_lce0.8_lkd1.2_lf0.2_seed14,0.0,2,/home/huang_kai/wind_turbine_phm/PHOENIX-main/autoencoder_benchmark/outputs/teacher_h1_scan98_gpu1_v2/manifests/best_teacher_h1.json,"/usr/bin/python /home/huang_kai/wind_turbine_phm/PHOENIX-main/autoencoder_benchmark/train_distill_single_tcn_student.py --dataset-npz /home/huang_kai/wind_turbine_phm/PHOENIX-main/autoencoder_benchmark/Data/processed_data/weld_seam_windows_ws5_tf75_pg0_h1.npz --teacher-ckpt /home/huang_kai/wind_turbine_phm/PHOENIX-main/autoencoder_benchmark/outputs/teacher_h1_scan98_gpu1_v2/runs/single_tcn_attn_weld_seam_windows_ws5_tf75_pg0_h1_ep60_lr0.0003_bs128_k3_l3_d0.08_lat64_wd0.00015_seed14/best_single_tcn.pth --teacher-run-args /home/huang_kai/wind_turbine_phm/PHOENIX-main/autoencoder_benchmark/outputs/teacher_h1_scan98_gpu1_v2/runs/single_tcn_attn_weld_seam_windows_ws5_tf75_pg0_h1_ep60_lr0.0003_bs128_k3_l3_d0.08_lat64_wd0.00015_seed14/run_args.json --output-dir /home/huang_kai/wind_turbine_phm/PHOENIX-main/autoencoder_benchmark/ablation_experiments/h1/results/comparison_18d_baselines/teacher_student_reference/student_h1_sweep/student_h1_scan96_20260326/stage1/s1_l2_o3 --drop-feature-indices 3,4,5,6,7 --epochs 80 --batch-size 128 --lr 0.00025 --weight-decay 0.0002 --seed 14 --class-weights auto --weighted-sampler --val-ratio 0.15 --early-stop-patience 16 --min-epochs 12 --checkpoint-metric val_teacher_agreement --temperature 3.0 --lambda-ce 0.8 --lambda-kd 1.2 --lambda-feat 0.2 --student-tcn-dropout 0.08",/home/huang_kai/wind_turbine_phm/PHOENIX-main/autoencoder_benchmark/ablation_experiments/h1/reports/comparison_18d_baselines/teacher_student_reference/student_h1_sweep/student_h1_scan96_20260326/logs/stage1_s1_l2_o3_seed14.log,0.9242,0.921064,0.9073,3,0.908571,"{""attn_dropout"": 0.1, ""attn_ff_dim"": 128, ""attn_heads"": 4, ""classifier_dropout"": 0.4, ""classifier_hidden"": 64, ""latent_dim"": 64, ""tcn_channels"": 64, ""tcn_dilation_base"": 2, ""tcn_dropout"": 0.08, ""tcn_kernel"": 3, ""tcn_layers"": 3}"
stage1,s1_l2_o4,s1_l2_o4,val_teacher_agreement,14,80,128,3.0,0.8,1.2,0.2,0.0003,0.00015,0.12,,,,,,,,/home/huang_kai/wind_turbine_phm/PHOENIX-main/autoencoder_benchmark/ablation_experiments/h1/results/comparison_18d_baselines/teacher_student_reference/student_h1_sweep/student_h1_scan96_20260326/stage1/s1_l2_o4,8,skipped_existing,distill_tcn_attn_weld_seam_windows_ws5_tf75_pg0_h1_ep80_lr0.0003_bs128_T3.0_lce0.8_lkd1.2_lf0.2_seed14,/home/huang_kai/wind_turbine_phm/PHOENIX-main/autoencoder_benchmark/ablation_experiments/h1/results/comparison_18d_baselines/teacher_student_reference/student_h1_sweep/student_h1_scan96_20260326/stage1/s1_l2_o4/distill_tcn_attn_weld_seam_windows_ws5_tf75_pg0_h1_ep80_lr0.0003_bs128_T3.0_lce0.8_lkd1.2_lf0.2_seed14,0.0,2,/home/huang_kai/wind_turbine_phm/PHOENIX-main/autoencoder_benchmark/outputs/teacher_h1_scan98_gpu1_v2/manifests/best_teacher_h1.json,"/usr/bin/python /home/huang_kai/wind_turbine_phm/PHOENIX-main/autoencoder_benchmark/train_distill_single_tcn_student.py --dataset-npz /home/huang_kai/wind_turbine_phm/PHOENIX-main/autoencoder_benchmark/Data/processed_data/weld_seam_windows_ws5_tf75_pg0_h1.npz --teacher-ckpt /home/huang_kai/wind_turbine_phm/PHOENIX-main/autoencoder_benchmark/outputs/teacher_h1_scan98_gpu1_v2/runs/single_tcn_attn_weld_seam_windows_ws5_tf75_pg0_h1_ep60_lr0.0003_bs128_k3_l3_d0.08_lat64_wd0.00015_seed14/best_single_tcn.pth --teacher-run-args /home/huang_kai/wind_turbine_phm/PHOENIX-main/autoencoder_benchmark/outputs/teacher_h1_scan98_gpu1_v2/runs/single_tcn_attn_weld_seam_windows_ws5_tf75_pg0_h1_ep60_lr0.0003_bs128_k3_l3_d0.08_lat64_wd0.00015_seed14/run_args.json --output-dir /home/huang_kai/wind_turbine_phm/PHOENIX-main/autoencoder_benchmark/ablation_experiments/h1/results/comparison_18d_baselines/teacher_student_reference/student_h1_sweep/student_h1_scan96_20260326/stage1/s1_l2_o4 --drop-feature-indices 3,4,5,6,7 --epochs 80 --batch-size 128 --lr 0.0003 --weight-decay 0.00015 --seed 14 --class-weights auto --weighted-sampler --val-ratio 0.15 --early-stop-patience 16 --min-epochs 12 --checkpoint-metric val_teacher_agreement --temperature 3.0 --lambda-ce 0.8 --lambda-kd 1.2 --lambda-feat 0.2 --student-tcn-dropout 0.12",/home/huang_kai/wind_turbine_phm/PHOENIX-main/autoencoder_benchmark/ablation_experiments/h1/reports/comparison_18d_baselines/teacher_student_reference/student_h1_sweep/student_h1_scan96_20260326/logs/stage1_s1_l2_o4_seed14.log,0.9494,0.94486,0.9326000000000001,3,0.885714,"{""attn_dropout"": 0.1, ""attn_ff_dim"": 128, ""attn_heads"": 4, ""classifier_dropout"": 0.4, ""classifier_hidden"": 64, ""latent_dim"": 64, ""tcn_channels"": 64, ""tcn_dilation_base"": 2, ""tcn_dropout"": 0.12, ""tcn_kernel"": 3, ""tcn_layers"": 3}"
stage1,s1_l3_o1,s1_l3_o1,val_teacher_agreement,14,80,128,3.5,0.7,1.4,0.3,0.00015,0.00015,0.05,,,,,,,,/home/huang_kai/wind_turbine_phm/PHOENIX-main/autoencoder_benchmark/ablation_experiments/h1/results/comparison_18d_baselines/teacher_student_reference/student_h1_sweep/student_h1_scan96_20260326/stage1/s1_l3_o1,9,skipped_existing,distill_tcn_attn_weld_seam_windows_ws5_tf75_pg0_h1_ep80_lr0.00015_bs128_T3.5_lce0.7_lkd1.4_lf0.3_seed14,/home/huang_kai/wind_turbine_phm/PHOENIX-main/autoencoder_benchmark/ablation_experiments/h1/results/comparison_18d_baselines/teacher_student_reference/student_h1_sweep/student_h1_scan96_20260326/stage1/s1_l3_o1/distill_tcn_attn_weld_seam_windows_ws5_tf75_pg0_h1_ep80_lr0.00015_bs128_T3.5_lce0.7_lkd1.4_lf0.3_seed14,0.0,2,/home/huang_kai/wind_turbine_phm/PHOENIX-main/autoencoder_benchmark/outputs/teacher_h1_scan98_gpu1_v2/manifests/best_teacher_h1.json,"/usr/bin/python /home/huang_kai/wind_turbine_phm/PHOENIX-main/autoencoder_benchmark/train_distill_single_tcn_student.py --dataset-npz /home/huang_kai/wind_turbine_phm/PHOENIX-main/autoencoder_benchmark/Data/processed_data/weld_seam_windows_ws5_tf75_pg0_h1.npz --teacher-ckpt /home/huang_kai/wind_turbine_phm/PHOENIX-main/autoencoder_benchmark/outputs/teacher_h1_scan98_gpu1_v2/runs/single_tcn_attn_weld_seam_windows_ws5_tf75_pg0_h1_ep60_lr0.0003_bs128_k3_l3_d0.08_lat64_wd0.00015_seed14/best_single_tcn.pth --teacher-run-args /home/huang_kai/wind_turbine_phm/PHOENIX-main/autoencoder_benchmark/outputs/teacher_h1_scan98_gpu1_v2/runs/single_tcn_attn_weld_seam_windows_ws5_tf75_pg0_h1_ep60_lr0.0003_bs128_k3_l3_d0.08_lat64_wd0.00015_seed14/run_args.json --output-dir /home/huang_kai/wind_turbine_phm/PHOENIX-main/autoencoder_benchmark/ablation_experiments/h1/results/comparison_18d_baselines/teacher_student_reference/student_h1_sweep/student_h1_scan96_20260326/stage1/s1_l3_o1 --drop-feature-indices 3,4,5,6,7 --epochs 80 --batch-size 128 --lr 0.00015 --weight-decay 0.00015 --seed 14 --class-weights auto --weighted-sampler --val-ratio 0.15 --early-stop-patience 16 --min-epochs 12 --checkpoint-metric val_teacher_agreement --temperature 3.5 --lambda-ce 0.7 --lambda-kd 1.4 --lambda-feat 0.3 --student-tcn-dropout 0.05",/home/huang_kai/wind_turbine_phm/PHOENIX-main/autoencoder_benchmark/ablation_experiments/h1/reports/comparison_18d_baselines/teacher_student_reference/student_h1_sweep/student_h1_scan96_20260326/logs/stage1_s1_l3_o1_seed14.log,0.9381999999999999,0.931651,0.9213,4,0.897143,"{""attn_dropout"": 0.1, ""attn_ff_dim"": 128, ""attn_heads"": 4, ""classifier_dropout"": 0.4, ""classifier_hidden"": 64, ""latent_dim"": 64, ""tcn_channels"": 64, ""tcn_dilation_base"": 2, ""tcn_dropout"": 0.05, ""tcn_kernel"": 3, ""tcn_layers"": 3}"
stage1,s1_l3_o2,s1_l3_o2,val_teacher_agreement,14,80,128,3.5,0.7,1.4,0.3,0.0002,0.00015,0.08,,,,,,,,/home/huang_kai/wind_turbine_phm/PHOENIX-main/autoencoder_benchmark/ablation_experiments/h1/results/comparison_18d_baselines/teacher_student_reference/student_h1_sweep/student_h1_scan96_20260326/stage1/s1_l3_o2,10,skipped_existing,distill_tcn_attn_weld_seam_windows_ws5_tf75_pg0_h1_ep80_lr0.0002_bs128_T3.5_lce0.7_lkd1.4_lf0.3_seed14,/home/huang_kai/wind_turbine_phm/PHOENIX-main/autoencoder_benchmark/ablation_experiments/h1/results/comparison_18d_baselines/teacher_student_reference/student_h1_sweep/student_h1_scan96_20260326/stage1/s1_l3_o2/distill_tcn_attn_weld_seam_windows_ws5_tf75_pg0_h1_ep80_lr0.0002_bs128_T3.5_lce0.7_lkd1.4_lf0.3_seed14,0.0,2,/home/huang_kai/wind_turbine_phm/PHOENIX-main/autoencoder_benchmark/outputs/teacher_h1_scan98_gpu1_v2/manifests/best_teacher_h1.json,"/usr/bin/python /home/huang_kai/wind_turbine_phm/PHOENIX-main/autoencoder_benchmark/train_distill_single_tcn_student.py --dataset-npz /home/huang_kai/wind_turbine_phm/PHOENIX-main/autoencoder_benchmark/Data/processed_data/weld_seam_windows_ws5_tf75_pg0_h1.npz --teacher-ckpt /home/huang_kai/wind_turbine_phm/PHOENIX-main/autoencoder_benchmark/outputs/teacher_h1_scan98_gpu1_v2/runs/single_tcn_attn_weld_seam_windows_ws5_tf75_pg0_h1_ep60_lr0.0003_bs128_k3_l3_d0.08_lat64_wd0.00015_seed14/best_single_tcn.pth --teacher-run-args /home/huang_kai/wind_turbine_phm/PHOENIX-main/autoencoder_benchmark/outputs/teacher_h1_scan98_gpu1_v2/runs/single_tcn_attn_weld_seam_windows_ws5_tf75_pg0_h1_ep60_lr0.0003_bs128_k3_l3_d0.08_lat64_wd0.00015_seed14/run_args.json --output-dir /home/huang_kai/wind_turbine_phm/PHOENIX-main/autoencoder_benchmark/ablation_experiments/h1/results/comparison_18d_baselines/teacher_student_reference/student_h1_sweep/student_h1_scan96_20260326/stage1/s1_l3_o2 --drop-feature-indices 3,4,5,6,7 --epochs 80 --batch-size 128 --lr 0.0002 --weight-decay 0.00015 --seed 14 --class-weights auto --weighted-sampler --val-ratio 0.15 --early-stop-patience 16 --min-epochs 12 --checkpoint-metric val_teacher_agreement --temperature 3.5 --lambda-ce 0.7 --lambda-kd 1.4 --lambda-feat 0.3 --student-tcn-dropout 0.08",/home/huang_kai/wind_turbine_phm/PHOENIX-main/autoencoder_benchmark/ablation_experiments/h1/reports/comparison_18d_baselines/teacher_student_reference/student_h1_sweep/student_h1_scan96_20260326/logs/stage1_s1_l3_o2_seed14.log,0.9662999999999999,0.958524,0.9494,4,0.885714,"{""attn_dropout"": 0.1, ""attn_ff_dim"": 128, ""attn_heads"": 4, ""classifier_dropout"": 0.4, ""classifier_hidden"": 64, ""latent_dim"": 64, ""tcn_channels"": 64, ""tcn_dilation_base"": 2, ""tcn_dropout"": 0.08, ""tcn_kernel"": 3, ""tcn_layers"": 3}"
stage1,s1_l3_o3,s1_l3_o3,val_teacher_agreement,14,80,128,3.5,0.7,1.4,0.3,0.00025,0.0002,0.08,,,,,,,,/home/huang_kai/wind_turbine_phm/PHOENIX-main/autoencoder_benchmark/ablation_experiments/h1/results/comparison_18d_baselines/teacher_student_reference/student_h1_sweep/student_h1_scan96_20260326/stage1/s1_l3_o3,11,skipped_existing,distill_tcn_attn_weld_seam_windows_ws5_tf75_pg0_h1_ep80_lr0.00025_bs128_T3.5_lce0.7_lkd1.4_lf0.3_seed14,/home/huang_kai/wind_turbine_phm/PHOENIX-main/autoencoder_benchmark/ablation_experiments/h1/results/comparison_18d_baselines/teacher_student_reference/student_h1_sweep/student_h1_scan96_20260326/stage1/s1_l3_o3/distill_tcn_attn_weld_seam_windows_ws5_tf75_pg0_h1_ep80_lr0.00025_bs128_T3.5_lce0.7_lkd1.4_lf0.3_seed14,0.0,2,/home/huang_kai/wind_turbine_phm/PHOENIX-main/autoencoder_benchmark/outputs/teacher_h1_scan98_gpu1_v2/manifests/best_teacher_h1.json,"/usr/bin/python /home/huang_kai/wind_turbine_phm/PHOENIX-main/autoencoder_benchmark/train_distill_single_tcn_student.py --dataset-npz /home/huang_kai/wind_turbine_phm/PHOENIX-main/autoencoder_benchmark/Data/processed_data/weld_seam_windows_ws5_tf75_pg0_h1.npz --teacher-ckpt /home/huang_kai/wind_turbine_phm/PHOENIX-main/autoencoder_benchmark/outputs/teacher_h1_scan98_gpu1_v2/runs/single_tcn_attn_weld_seam_windows_ws5_tf75_pg0_h1_ep60_lr0.0003_bs128_k3_l3_d0.08_lat64_wd0.00015_seed14/best_single_tcn.pth --teacher-run-args /home/huang_kai/wind_turbine_phm/PHOENIX-main/autoencoder_benchmark/outputs/teacher_h1_scan98_gpu1_v2/runs/single_tcn_attn_weld_seam_windows_ws5_tf75_pg0_h1_ep60_lr0.0003_bs128_k3_l3_d0.08_lat64_wd0.00015_seed14/run_args.json --output-dir /home/huang_kai/wind_turbine_phm/PHOENIX-main/autoencoder_benchmark/ablation_experiments/h1/results/comparison_18d_baselines/teacher_student_reference/student_h1_sweep/student_h1_scan96_20260326/stage1/s1_l3_o3 --drop-feature-indices 3,4,5,6,7 --epochs 80 --batch-size 128 --lr 0.00025 --weight-decay 0.0002 --seed 14 --class-weights auto --weighted-sampler --val-ratio 0.15 --early-stop-patience 16 --min-epochs 12 --checkpoint-metric val_teacher_agreement --temperature 3.5 --lambda-ce 0.7 --lambda-kd 1.4 --lambda-feat 0.3 --student-tcn-dropout 0.08",/home/huang_kai/wind_turbine_phm/PHOENIX-main/autoencoder_benchmark/ablation_experiments/h1/reports/comparison_18d_baselines/teacher_student_reference/student_h1_sweep/student_h1_scan96_20260326/logs/stage1_s1_l3_o3_seed14.log,0.9185,0.916204,0.9073,3,0.914286,"{""attn_dropout"": 0.1, ""attn_ff_dim"": 128, ""attn_heads"": 4, ""classifier_dropout"": 0.4, ""classifier_hidden"": 64, ""latent_dim"": 64, ""tcn_channels"": 64, ""tcn_dilation_base"": 2, ""tcn_dropout"": 0.08, ""tcn_kernel"": 3, ""tcn_layers"": 3}"
stage1,s1_l3_o4,s1_l3_o4,val_teacher_agreement,14,80,128,3.5,0.7,1.4,0.3,0.0003,0.00015,0.12,,,,,,,,/home/huang_kai/wind_turbine_phm/PHOENIX-main/autoencoder_benchmark/ablation_experiments/h1/results/comparison_18d_baselines/teacher_student_reference/student_h1_sweep/student_h1_scan96_20260326/stage1/s1_l3_o4,12,skipped_existing,distill_tcn_attn_weld_seam_windows_ws5_tf75_pg0_h1_ep80_lr0.0003_bs128_T3.5_lce0.7_lkd1.4_lf0.3_seed14,/home/huang_kai/wind_turbine_phm/PHOENIX-main/autoencoder_benchmark/ablation_experiments/h1/results/comparison_18d_baselines/teacher_student_reference/student_h1_sweep/student_h1_scan96_20260326/stage1/s1_l3_o4/distill_tcn_attn_weld_seam_windows_ws5_tf75_pg0_h1_ep80_lr0.0003_bs128_T3.5_lce0.7_lkd1.4_lf0.3_seed14,0.0,2,/home/huang_kai/wind_turbine_phm/PHOENIX-main/autoencoder_benchmark/outputs/teacher_h1_scan98_gpu1_v2/manifests/best_teacher_h1.json,"/usr/bin/python /home/huang_kai/wind_turbine_phm/PHOENIX-main/autoencoder_benchmark/train_distill_single_tcn_student.py --dataset-npz /home/huang_kai/wind_turbine_phm/PHOENIX-main/autoencoder_benchmark/Data/processed_data/weld_seam_windows_ws5_tf75_pg0_h1.npz --teacher-ckpt /home/huang_kai/wind_turbine_phm/PHOENIX-main/autoencoder_benchmark/outputs/teacher_h1_scan98_gpu1_v2/runs/single_tcn_attn_weld_seam_windows_ws5_tf75_pg0_h1_ep60_lr0.0003_bs128_k3_l3_d0.08_lat64_wd0.00015_seed14/best_single_tcn.pth --teacher-run-args /home/huang_kai/wind_turbine_phm/PHOENIX-main/autoencoder_benchmark/outputs/teacher_h1_scan98_gpu1_v2/runs/single_tcn_attn_weld_seam_windows_ws5_tf75_pg0_h1_ep60_lr0.0003_bs128_k3_l3_d0.08_lat64_wd0.00015_seed14/run_args.json --output-dir /home/huang_kai/wind_turbine_phm/PHOENIX-main/autoencoder_benchmark/ablation_experiments/h1/results/comparison_18d_baselines/teacher_student_reference/student_h1_sweep/student_h1_scan96_20260326/stage1/s1_l3_o4 --drop-feature-indices 3,4,5,6,7 --epochs 80 --batch-size 128 --lr 0.0003 --weight-decay 0.00015 --seed 14 --class-weights auto --weighted-sampler --val-ratio 0.15 --early-stop-patience 16 --min-epochs 12 --checkpoint-metric val_teacher_agreement --temperature 3.5 --lambda-ce 0.7 --lambda-kd 1.4 --lambda-feat 0.3 --student-tcn-dropout 0.12",/home/huang_kai/wind_turbine_phm/PHOENIX-main/autoencoder_benchmark/ablation_experiments/h1/reports/comparison_18d_baselines/teacher_student_reference/student_h1_sweep/student_h1_scan96_20260326/logs/stage1_s1_l3_o4_seed14.log,0.9494,0.94486,0.9326000000000001,3,0.885714,"{""attn_dropout"": 0.1, ""attn_ff_dim"": 128, ""attn_heads"": 4, ""classifier_dropout"": 0.4, ""classifier_hidden"": 64, ""latent_dim"": 64, ""tcn_channels"": 64, ""tcn_dilation_base"": 2, ""tcn_dropout"": 0.12, ""tcn_kernel"": 3, ""tcn_layers"": 3}"
stage1,s1_l4_o1,s1_l4_o1,val_teacher_agreement,14,80,128,2.0,0.9,1.1,0.0,0.00015,0.00015,0.05,,,,,,,,/home/huang_kai/wind_turbine_phm/PHOENIX-main/autoencoder_benchmark/ablation_experiments/h1/results/comparison_18d_baselines/teacher_student_reference/student_h1_sweep/student_h1_scan96_20260326/stage1/s1_l4_o1,13,skipped_existing,distill_tcn_attn_weld_seam_windows_ws5_tf75_pg0_h1_ep80_lr0.00015_bs128_T2.0_lce0.9_lkd1.1_lf0.0_seed14,/home/huang_kai/wind_turbine_phm/PHOENIX-main/autoencoder_benchmark/ablation_experiments/h1/results/comparison_18d_baselines/teacher_student_reference/student_h1_sweep/student_h1_scan96_20260326/stage1/s1_l4_o1/distill_tcn_attn_weld_seam_windows_ws5_tf75_pg0_h1_ep80_lr0.00015_bs128_T2.0_lce0.9_lkd1.1_lf0.0_seed14,0.0,2,/home/huang_kai/wind_turbine_phm/PHOENIX-main/autoencoder_benchmark/outputs/teacher_h1_scan98_gpu1_v2/manifests/best_teacher_h1.json,"/usr/bin/python /home/huang_kai/wind_turbine_phm/PHOENIX-main/autoencoder_benchmark/train_distill_single_tcn_student.py --dataset-npz /home/huang_kai/wind_turbine_phm/PHOENIX-main/autoencoder_benchmark/Data/processed_data/weld_seam_windows_ws5_tf75_pg0_h1.npz --teacher-ckpt /home/huang_kai/wind_turbine_phm/PHOENIX-main/autoencoder_benchmark/outputs/teacher_h1_scan98_gpu1_v2/runs/single_tcn_attn_weld_seam_windows_ws5_tf75_pg0_h1_ep60_lr0.0003_bs128_k3_l3_d0.08_lat64_wd0.00015_seed14/best_single_tcn.pth --teacher-run-args /home/huang_kai/wind_turbine_phm/PHOENIX-main/autoencoder_benchmark/outputs/teacher_h1_scan98_gpu1_v2/runs/single_tcn_attn_weld_seam_windows_ws5_tf75_pg0_h1_ep60_lr0.0003_bs128_k3_l3_d0.08_lat64_wd0.00015_seed14/run_args.json --output-dir /home/huang_kai/wind_turbine_phm/PHOENIX-main/autoencoder_benchmark/ablation_experiments/h1/results/comparison_18d_baselines/teacher_student_reference/student_h1_sweep/student_h1_scan96_20260326/stage1/s1_l4_o1 --drop-feature-indices 3,4,5,6,7 --epochs 80 --batch-size 128 --lr 0.00015 --weight-decay 0.00015 --seed 14 --class-weights auto --weighted-sampler --val-ratio 0.15 --early-stop-patience 16 --min-epochs 12 --checkpoint-metric val_teacher_agreement --temperature 2.0 --lambda-ce 0.9 --lambda-kd 1.1 --lambda-feat 0.0 --student-tcn-dropout 0.05",/home/huang_kai/wind_turbine_phm/PHOENIX-main/autoencoder_benchmark/ablation_experiments/h1/reports/comparison_18d_baselines/teacher_student_reference/student_h1_sweep/student_h1_scan96_20260326/logs/stage1_s1_l4_o1_seed14.log,0.9354,0.927721,0.9185,4,0.885714,"{""attn_dropout"": 0.1, ""attn_ff_dim"": 128, ""attn_heads"": 4, ""classifier_dropout"": 0.4, ""classifier_hidden"": 64, ""latent_dim"": 64, ""tcn_channels"": 64, ""tcn_dilation_base"": 2, ""tcn_dropout"": 0.05, ""tcn_kernel"": 3, ""tcn_layers"": 3}"
stage1,s1_l4_o2,s1_l4_o2,val_teacher_agreement,14,80,128,2.0,0.9,1.1,0.0,0.0002,0.00015,0.08,,,,,,,,/home/huang_kai/wind_turbine_phm/PHOENIX-main/autoencoder_benchmark/ablation_experiments/h1/results/comparison_18d_baselines/teacher_student_reference/student_h1_sweep/student_h1_scan96_20260326/stage1/s1_l4_o2,14,skipped_existing,distill_tcn_attn_weld_seam_windows_ws5_tf75_pg0_h1_ep80_lr0.0002_bs128_T2.0_lce0.9_lkd1.1_lf0.0_seed14,/home/huang_kai/wind_turbine_phm/PHOENIX-main/autoencoder_benchmark/ablation_experiments/h1/results/comparison_18d_baselines/teacher_student_reference/student_h1_sweep/student_h1_scan96_20260326/stage1/s1_l4_o2/distill_tcn_attn_weld_seam_windows_ws5_tf75_pg0_h1_ep80_lr0.0002_bs128_T2.0_lce0.9_lkd1.1_lf0.0_seed14,0.0,2,/home/huang_kai/wind_turbine_phm/PHOENIX-main/autoencoder_benchmark/outputs/teacher_h1_scan98_gpu1_v2/manifests/best_teacher_h1.json,"/usr/bin/python /home/huang_kai/wind_turbine_phm/PHOENIX-main/autoencoder_benchmark/train_distill_single_tcn_student.py --dataset-npz /home/huang_kai/wind_turbine_phm/PHOENIX-main/autoencoder_benchmark/Data/processed_data/weld_seam_windows_ws5_tf75_pg0_h1.npz --teacher-ckpt /home/huang_kai/wind_turbine_phm/PHOENIX-main/autoencoder_benchmark/outputs/teacher_h1_scan98_gpu1_v2/runs/single_tcn_attn_weld_seam_windows_ws5_tf75_pg0_h1_ep60_lr0.0003_bs128_k3_l3_d0.08_lat64_wd0.00015_seed14/best_single_tcn.pth --teacher-run-args /home/huang_kai/wind_turbine_phm/PHOENIX-main/autoencoder_benchmark/outputs/teacher_h1_scan98_gpu1_v2/runs/single_tcn_attn_weld_seam_windows_ws5_tf75_pg0_h1_ep60_lr0.0003_bs128_k3_l3_d0.08_lat64_wd0.00015_seed14/run_args.json --output-dir /home/huang_kai/wind_turbine_phm/PHOENIX-main/autoencoder_benchmark/ablation_experiments/h1/results/comparison_18d_baselines/teacher_student_reference/student_h1_sweep/student_h1_scan96_20260326/stage1/s1_l4_o2 --drop-feature-indices 3,4,5,6,7 --epochs 80 --batch-size 128 --lr 0.0002 --weight-decay 0.00015 --seed 14 --class-weights auto --weighted-sampler --val-ratio 0.15 --early-stop-patience 16 --min-epochs 12 --checkpoint-metric val_teacher_agreement --temperature 2.0 --lambda-ce 0.9 --lambda-kd 1.1 --lambda-feat 0.0 --student-tcn-dropout 0.08",/home/huang_kai/wind_turbine_phm/PHOENIX-main/autoencoder_benchmark/ablation_experiments/h1/reports/comparison_18d_baselines/teacher_student_reference/student_h1_sweep/student_h1_scan96_20260326/logs/stage1_s1_l4_o2_seed14.log,0.8146,0.823823,0.8034,3,0.891429,"{""attn_dropout"": 0.1, ""attn_ff_dim"": 128, ""attn_heads"": 4, ""classifier_dropout"": 0.4, ""classifier_hidden"": 64, ""latent_dim"": 64, ""tcn_channels"": 64, ""tcn_dilation_base"": 2, ""tcn_dropout"": 0.08, ""tcn_kernel"": 3, ""tcn_layers"": 3}"
stage1,s1_l4_o3,s1_l4_o3,val_teacher_agreement,14,80,128,2.0,0.9,1.1,0.0,0.00025,0.0002,0.08,,,,,,,,/home/huang_kai/wind_turbine_phm/PHOENIX-main/autoencoder_benchmark/ablation_experiments/h1/results/comparison_18d_baselines/teacher_student_reference/student_h1_sweep/student_h1_scan96_20260326/stage1/s1_l4_o3,15,skipped_existing,distill_tcn_attn_weld_seam_windows_ws5_tf75_pg0_h1_ep80_lr0.00025_bs128_T2.0_lce0.9_lkd1.1_lf0.0_seed14,/home/huang_kai/wind_turbine_phm/PHOENIX-main/autoencoder_benchmark/ablation_experiments/h1/results/comparison_18d_baselines/teacher_student_reference/student_h1_sweep/student_h1_scan96_20260326/stage1/s1_l4_o3/distill_tcn_attn_weld_seam_windows_ws5_tf75_pg0_h1_ep80_lr0.00025_bs128_T2.0_lce0.9_lkd1.1_lf0.0_seed14,0.0,2,/home/huang_kai/wind_turbine_phm/PHOENIX-main/autoencoder_benchmark/outputs/teacher_h1_scan98_gpu1_v2/manifests/best_teacher_h1.json,"/usr/bin/python /home/huang_kai/wind_turbine_phm/PHOENIX-main/autoencoder_benchmark/train_distill_single_tcn_student.py --dataset-npz /home/huang_kai/wind_turbine_phm/PHOENIX-main/autoencoder_benchmark/Data/processed_data/weld_seam_windows_ws5_tf75_pg0_h1.npz --teacher-ckpt /home/huang_kai/wind_turbine_phm/PHOENIX-main/autoencoder_benchmark/outputs/teacher_h1_scan98_gpu1_v2/runs/single_tcn_attn_weld_seam_windows_ws5_tf75_pg0_h1_ep60_lr0.0003_bs128_k3_l3_d0.08_lat64_wd0.00015_seed14/best_single_tcn.pth --teacher-run-args /home/huang_kai/wind_turbine_phm/PHOENIX-main/autoencoder_benchmark/outputs/teacher_h1_scan98_gpu1_v2/runs/single_tcn_attn_weld_seam_windows_ws5_tf75_pg0_h1_ep60_lr0.0003_bs128_k3_l3_d0.08_lat64_wd0.00015_seed14/run_args.json --output-dir /home/huang_kai/wind_turbine_phm/PHOENIX-main/autoencoder_benchmark/ablation_experiments/h1/results/comparison_18d_baselines/teacher_student_reference/student_h1_sweep/student_h1_scan96_20260326/stage1/s1_l4_o3 --drop-feature-indices 3,4,5,6,7 --epochs 80 --batch-size 128 --lr 0.00025 --weight-decay 0.0002 --seed 14 --class-weights auto --weighted-sampler --val-ratio 0.15 --early-stop-patience 16 --min-epochs 12 --checkpoint-metric val_teacher_agreement --temperature 2.0 --lambda-ce 0.9 --lambda-kd 1.1 --lambda-feat 0.0 --student-tcn-dropout 0.08",/home/huang_kai/wind_turbine_phm/PHOENIX-main/autoencoder_benchmark/ablation_experiments/h1/reports/comparison_18d_baselines/teacher_student_reference/student_h1_sweep/student_h1_scan96_20260326/logs/stage1_s1_l4_o3_seed14.log,0.9045000000000001,0.90288,0.8876000000000001,3,0.897143,"{""attn_dropout"": 0.1, ""attn_ff_dim"": 128, ""attn_heads"": 4, ""classifier_dropout"": 0.4, ""classifier_hidden"": 64, ""latent_dim"": 64, ""tcn_channels"": 64, ""tcn_dilation_base"": 2, ""tcn_dropout"": 0.08, ""tcn_kernel"": 3, ""tcn_layers"": 3}"
stage1,s1_l4_o4,s1_l4_o4,val_teacher_agreement,14,80,128,2.0,0.9,1.1,0.0,0.0003,0.00015,0.12,,,,,,,,/home/huang_kai/wind_turbine_phm/PHOENIX-main/autoencoder_benchmark/ablation_experiments/h1/results/comparison_18d_baselines/teacher_student_reference/student_h1_sweep/student_h1_scan96_20260326/stage1/s1_l4_o4,16,skipped_existing,distill_tcn_attn_weld_seam_windows_ws5_tf75_pg0_h1_ep80_lr0.0003_bs128_T2.0_lce0.9_lkd1.1_lf0.0_seed14,/home/huang_kai/wind_turbine_phm/PHOENIX-main/autoencoder_benchmark/ablation_experiments/h1/results/comparison_18d_baselines/teacher_student_reference/student_h1_sweep/student_h1_scan96_20260326/stage1/s1_l4_o4/distill_tcn_attn_weld_seam_windows_ws5_tf75_pg0_h1_ep80_lr0.0003_bs128_T2.0_lce0.9_lkd1.1_lf0.0_seed14,0.0,2,/home/huang_kai/wind_turbine_phm/PHOENIX-main/autoencoder_benchmark/outputs/teacher_h1_scan98_gpu1_v2/manifests/best_teacher_h1.json,"/usr/bin/python /home/huang_kai/wind_turbine_phm/PHOENIX-main/autoencoder_benchmark/train_distill_single_tcn_student.py --dataset-npz /home/huang_kai/wind_turbine_phm/PHOENIX-main/autoencoder_benchmark/Data/processed_data/weld_seam_windows_ws5_tf75_pg0_h1.npz --teacher-ckpt /home/huang_kai/wind_turbine_phm/PHOENIX-main/autoencoder_benchmark/outputs/teacher_h1_scan98_gpu1_v2/runs/single_tcn_attn_weld_seam_windows_ws5_tf75_pg0_h1_ep60_lr0.0003_bs128_k3_l3_d0.08_lat64_wd0.00015_seed14/best_single_tcn.pth --teacher-run-args /home/huang_kai/wind_turbine_phm/PHOENIX-main/autoencoder_benchmark/outputs/teacher_h1_scan98_gpu1_v2/runs/single_tcn_attn_weld_seam_windows_ws5_tf75_pg0_h1_ep60_lr0.0003_bs128_k3_l3_d0.08_lat64_wd0.00015_seed14/run_args.json --output-dir /home/huang_kai/wind_turbine_phm/PHOENIX-main/autoencoder_benchmark/ablation_experiments/h1/results/comparison_18d_baselines/teacher_student_reference/student_h1_sweep/student_h1_scan96_20260326/stage1/s1_l4_o4 --drop-feature-indices 3,4,5,6,7 --epochs 80 --batch-size 128 --lr 0.0003 --weight-decay 0.00015 --seed 14 --class-weights auto --weighted-sampler --val-ratio 0.15 --early-stop-patience 16 --min-epochs 12 --checkpoint-metric val_teacher_agreement --temperature 2.0 --lambda-ce 0.9 --lambda-kd 1.1 --lambda-feat 0.0 --student-tcn-dropout 0.12",/home/huang_kai/wind_turbine_phm/PHOENIX-main/autoencoder_benchmark/ablation_experiments/h1/reports/comparison_18d_baselines/teacher_student_reference/student_h1_sweep/student_h1_scan96_20260326/logs/stage1_s1_l4_o4_seed14.log,0.9551000000000001,0.951342,0.9381999999999999,3,0.891429,"{""attn_dropout"": 0.1, ""attn_ff_dim"": 128, ""attn_heads"": 4, ""classifier_dropout"": 0.4, ""classifier_hidden"": 64, ""latent_dim"": 64, ""tcn_channels"": 64, ""tcn_dilation_base"": 2, ""tcn_dropout"": 0.12, ""tcn_kernel"": 3, ""tcn_layers"": 3}"
stage2,s2_s1_l2_o2_c0,s2_s1_l2_o2_c0,val_teacher_agreement,14,80,128,3.0,0.8,1.2,0.2,0.0002,0.00015,0.08,,,64,0.4,0.1,,2,/home/huang_kai/wind_turbine_phm/PHOENIX-main/autoencoder_benchmark/ablation_experiments/h1/results/comparison_18d_baselines/teacher_student_reference/student_h1_sweep/student_h1_scan96_20260326/stage2/s2_s1_l2_o2_c0,1,skipped_existing,distill_tcn_attn_weld_seam_windows_ws5_tf75_pg0_h1_ep80_lr0.0002_bs128_T3.0_lce0.8_lkd1.2_lf0.2_seed14,/home/huang_kai/wind_turbine_phm/PHOENIX-main/autoencoder_benchmark/ablation_experiments/h1/results/comparison_18d_baselines/teacher_student_reference/student_h1_sweep/student_h1_scan96_20260326/stage2/s2_s1_l2_o2_c0/distill_tcn_attn_weld_seam_windows_ws5_tf75_pg0_h1_ep80_lr0.0002_bs128_T3.0_lce0.8_lkd1.2_lf0.2_seed14,0.0,2,/home/huang_kai/wind_turbine_phm/PHOENIX-main/autoencoder_benchmark/outputs/teacher_h1_scan98_gpu1_v2/manifests/best_teacher_h1.json,"/usr/bin/python /home/huang_kai/wind_turbine_phm/PHOENIX-main/autoencoder_benchmark/train_distill_single_tcn_student.py --dataset-npz /home/huang_kai/wind_turbine_phm/PHOENIX-main/autoencoder_benchmark/Data/processed_data/weld_seam_windows_ws5_tf75_pg0_h1.npz --teacher-ckpt /home/huang_kai/wind_turbine_phm/PHOENIX-main/autoencoder_benchmark/outputs/teacher_h1_scan98_gpu1_v2/runs/single_tcn_attn_weld_seam_windows_ws5_tf75_pg0_h1_ep60_lr0.0003_bs128_k3_l3_d0.08_lat64_wd0.00015_seed14/best_single_tcn.pth --teacher-run-args /home/huang_kai/wind_turbine_phm/PHOENIX-main/autoencoder_benchmark/outputs/teacher_h1_scan98_gpu1_v2/runs/single_tcn_attn_weld_seam_windows_ws5_tf75_pg0_h1_ep60_lr0.0003_bs128_k3_l3_d0.08_lat64_wd0.00015_seed14/run_args.json --output-dir /home/huang_kai/wind_turbine_phm/PHOENIX-main/autoencoder_benchmark/ablation_experiments/h1/results/comparison_18d_baselines/teacher_student_reference/student_h1_sweep/student_h1_scan96_20260326/stage2/s2_s1_l2_o2_c0 --drop-feature-indices 3,4,5,6,7 --epochs 80 --batch-size 128 --lr 0.0002 --weight-decay 0.00015 --seed 14 --class-weights auto --weighted-sampler --val-ratio 0.15 --early-stop-patience 16 --min-epochs 12 --checkpoint-metric val_teacher_agreement --temperature 3.0 --lambda-ce 0.8 --lambda-kd 1.2 --lambda-feat 0.2 --student-tcn-dropout 0.08 --student-classifier-hidden 64 --student-classifier-dropout 0.4 --student-attn-dropout 0.1 --student-tcn-dilation-base 2",/home/huang_kai/wind_turbine_phm/PHOENIX-main/autoencoder_benchmark/ablation_experiments/h1/reports/comparison_18d_baselines/teacher_student_reference/student_h1_sweep/student_h1_scan96_20260326/logs/stage2_s2_s1_l2_o2_c0_seed14.log,0.9691,0.961188,0.9521999999999999,4,0.885714,"{""attn_dropout"": 0.1, ""attn_ff_dim"": 128, ""attn_heads"": 4, ""classifier_dropout"": 0.4, ""classifier_hidden"": 64, ""latent_dim"": 64, ""tcn_channels"": 64, ""tcn_dilation_base"": 2, ""tcn_dropout"": 0.08, ""tcn_kernel"": 3, ""tcn_layers"": 3}"
stage2,s2_s1_l2_o2_c1,s2_s1_l2_o2_c1,val_teacher_agreement,14,80,128,3.0,0.8,1.2,0.2,0.0002,0.00015,0.05,,,64,0.3,0.05,,2,/home/huang_kai/wind_turbine_phm/PHOENIX-main/autoencoder_benchmark/ablation_experiments/h1/results/comparison_18d_baselines/teacher_student_reference/student_h1_sweep/student_h1_scan96_20260326/stage2/s2_s1_l2_o2_c1,2,skipped_existing,distill_tcn_attn_weld_seam_windows_ws5_tf75_pg0_h1_ep80_lr0.0002_bs128_T3.0_lce0.8_lkd1.2_lf0.2_seed14,/home/huang_kai/wind_turbine_phm/PHOENIX-main/autoencoder_benchmark/ablation_experiments/h1/results/comparison_18d_baselines/teacher_student_reference/student_h1_sweep/student_h1_scan96_20260326/stage2/s2_s1_l2_o2_c1/distill_tcn_attn_weld_seam_windows_ws5_tf75_pg0_h1_ep80_lr0.0002_bs128_T3.0_lce0.8_lkd1.2_lf0.2_seed14,0.0,2,/home/huang_kai/wind_turbine_phm/PHOENIX-main/autoencoder_benchmark/outputs/teacher_h1_scan98_gpu1_v2/manifests/best_teacher_h1.json,"/usr/bin/python /home/huang_kai/wind_turbine_phm/PHOENIX-main/autoencoder_benchmark/train_distill_single_tcn_student.py --dataset-npz /home/huang_kai/wind_turbine_phm/PHOENIX-main/autoencoder_benchmark/Data/processed_data/weld_seam_windows_ws5_tf75_pg0_h1.npz --teacher-ckpt /home/huang_kai/wind_turbine_phm/PHOENIX-main/autoencoder_benchmark/outputs/teacher_h1_scan98_gpu1_v2/runs/single_tcn_attn_weld_seam_windows_ws5_tf75_pg0_h1_ep60_lr0.0003_bs128_k3_l3_d0.08_lat64_wd0.00015_seed14/best_single_tcn.pth --teacher-run-args /home/huang_kai/wind_turbine_phm/PHOENIX-main/autoencoder_benchmark/outputs/teacher_h1_scan98_gpu1_v2/runs/single_tcn_attn_weld_seam_windows_ws5_tf75_pg0_h1_ep60_lr0.0003_bs128_k3_l3_d0.08_lat64_wd0.00015_seed14/run_args.json --output-dir /home/huang_kai/wind_turbine_phm/PHOENIX-main/autoencoder_benchmark/ablation_experiments/h1/results/comparison_18d_baselines/teacher_student_reference/student_h1_sweep/student_h1_scan96_20260326/stage2/s2_s1_l2_o2_c1 --drop-feature-indices 3,4,5,6,7 --epochs 80 --batch-size 128 --lr 0.0002 --weight-decay 0.00015 --seed 14 --class-weights auto --weighted-sampler --val-ratio 0.15 --early-stop-patience 16 --min-epochs 12 --checkpoint-metric val_teacher_agreement --temperature 3.0 --lambda-ce 0.8 --lambda-kd 1.2 --lambda-feat 0.2 --student-tcn-dropout 0.05 --student-classifier-hidden 64 --student-classifier-dropout 0.3 --student-attn-dropout 0.05 --student-tcn-dilation-base 2",/home/huang_kai/wind_turbine_phm/PHOENIX-main/autoencoder_benchmark/ablation_experiments/h1/reports/comparison_18d_baselines/teacher_student_reference/student_h1_sweep/student_h1_scan96_20260326/logs/stage2_s2_s1_l2_o2_c1_seed14.log,0.9101,0.907637,0.8933,3,0.914286,"{""attn_dropout"": 0.05, ""attn_ff_dim"": 128, ""attn_heads"": 4, ""classifier_dropout"": 0.3, ""classifier_hidden"": 64, ""latent_dim"": 64, ""tcn_channels"": 64, ""tcn_dilation_base"": 2, ""tcn_dropout"": 0.05, ""tcn_kernel"": 3, ""tcn_layers"": 3}"
stage2,s2_s1_l2_o2_c2,s2_s1_l2_o2_c2,val_teacher_agreement,14,80,128,3.0,0.8,1.2,0.2,0.0002,0.00015,0.12,,,64,0.4,0.1,,2,/home/huang_kai/wind_turbine_phm/PHOENIX-main/autoencoder_benchmark/ablation_experiments/h1/results/comparison_18d_baselines/teacher_student_reference/student_h1_sweep/student_h1_scan96_20260326/stage2/s2_s1_l2_o2_c2,3,skipped_existing,distill_tcn_attn_weld_seam_windows_ws5_tf75_pg0_h1_ep80_lr0.0002_bs128_T3.0_lce0.8_lkd1.2_lf0.2_seed14,/home/huang_kai/wind_turbine_phm/PHOENIX-main/autoencoder_benchmark/ablation_experiments/h1/results/comparison_18d_baselines/teacher_student_reference/student_h1_sweep/student_h1_scan96_20260326/stage2/s2_s1_l2_o2_c2/distill_tcn_attn_weld_seam_windows_ws5_tf75_pg0_h1_ep80_lr0.0002_bs128_T3.0_lce0.8_lkd1.2_lf0.2_seed14,0.0,2,/home/huang_kai/wind_turbine_phm/PHOENIX-main/autoencoder_benchmark/outputs/teacher_h1_scan98_gpu1_v2/manifests/best_teacher_h1.json,"/usr/bin/python /home/huang_kai/wind_turbine_phm/PHOENIX-main/autoencoder_benchmark/train_distill_single_tcn_student.py --dataset-npz /home/huang_kai/wind_turbine_phm/PHOENIX-main/autoencoder_benchmark/Data/processed_data/weld_seam_windows_ws5_tf75_pg0_h1.npz --teacher-ckpt /home/huang_kai/wind_turbine_phm/PHOENIX-main/autoencoder_benchmark/outputs/teacher_h1_scan98_gpu1_v2/runs/single_tcn_attn_weld_seam_windows_ws5_tf75_pg0_h1_ep60_lr0.0003_bs128_k3_l3_d0.08_lat64_wd0.00015_seed14/best_single_tcn.pth --teacher-run-args /home/huang_kai/wind_turbine_phm/PHOENIX-main/autoencoder_benchmark/outputs/teacher_h1_scan98_gpu1_v2/runs/single_tcn_attn_weld_seam_windows_ws5_tf75_pg0_h1_ep60_lr0.0003_bs128_k3_l3_d0.08_lat64_wd0.00015_seed14/run_args.json --output-dir /home/huang_kai/wind_turbine_phm/PHOENIX-main/autoencoder_benchmark/ablation_experiments/h1/results/comparison_18d_baselines/teacher_student_reference/student_h1_sweep/student_h1_scan96_20260326/stage2/s2_s1_l2_o2_c2 --drop-feature-indices 3,4,5,6,7 --epochs 80 --batch-size 128 --lr 0.0002 --weight-decay 0.00015 --seed 14 --class-weights auto --weighted-sampler --val-ratio 0.15 --early-stop-patience 16 --min-epochs 12 --checkpoint-metric val_teacher_agreement --temperature 3.0 --lambda-ce 0.8 --lambda-kd 1.2 --lambda-feat 0.2 --student-tcn-dropout 0.12 --student-classifier-hidden 64 --student-classifier-dropout 0.4 --student-attn-dropout 0.1 --student-tcn-dilation-base 2",/home/huang_kai/wind_turbine_phm/PHOENIX-main/autoencoder_benchmark/ablation_experiments/h1/reports/comparison_18d_baselines/teacher_student_reference/student_h1_sweep/student_h1_scan96_20260326/logs/stage2_s2_s1_l2_o2_c2_seed14.log,0.8454999999999999,0.852062,0.8343,3,0.885714,"{""attn_dropout"": 0.1, ""attn_ff_dim"": 128, ""attn_heads"": 4, ""classifier_dropout"": 0.4, ""classifier_hidden"": 64, ""latent_dim"": 64, ""tcn_channels"": 64, ""tcn_dilation_base"": 2, ""tcn_dropout"": 0.12, ""tcn_kernel"": 3, ""tcn_layers"": 3}"
stage2,s2_s1_l2_o2_c3,s2_s1_l2_o2_c3,val_teacher_agreement,14,80,128,3.0,0.8,1.2,0.2,0.0002,0.00015,0.08,,48,64,0.3,0.05,,2,/home/huang_kai/wind_turbine_phm/PHOENIX-main/autoencoder_benchmark/ablation_experiments/h1/results/comparison_18d_baselines/teacher_student_reference/student_h1_sweep/student_h1_scan96_20260326/stage2/s2_s1_l2_o2_c3,4,invalid_feature_alignment,distill_tcn_attn_weld_seam_windows_ws5_tf75_pg0_h1_ep80_lr0.0002_bs128_T3.0_lce0.8_lkd1.2_lf0.2_seed14,/home/huang_kai/wind_turbine_phm/PHOENIX-main/autoencoder_benchmark/ablation_experiments/h1/results/comparison_18d_baselines/teacher_student_reference/student_h1_sweep/student_h1_scan96_20260326/stage2/s2_s1_l2_o2_c3/distill_tcn_attn_weld_seam_windows_ws5_tf75_pg0_h1_ep80_lr0.0002_bs128_T3.0_lce0.8_lkd1.2_lf0.2_seed14,0.0,2,/home/huang_kai/wind_turbine_phm/PHOENIX-main/autoencoder_benchmark/outputs/teacher_h1_scan98_gpu1_v2/manifests/best_teacher_h1.json,"/usr/bin/python /home/huang_kai/wind_turbine_phm/PHOENIX-main/autoencoder_benchmark/train_distill_single_tcn_student.py --dataset-npz /home/huang_kai/wind_turbine_phm/PHOENIX-main/autoencoder_benchmark/Data/processed_data/weld_seam_windows_ws5_tf75_pg0_h1.npz --teacher-ckpt /home/huang_kai/wind_turbine_phm/PHOENIX-main/autoencoder_benchmark/outputs/teacher_h1_scan98_gpu1_v2/runs/single_tcn_attn_weld_seam_windows_ws5_tf75_pg0_h1_ep60_lr0.0003_bs128_k3_l3_d0.08_lat64_wd0.00015_seed14/best_single_tcn.pth --teacher-run-args /home/huang_kai/wind_turbine_phm/PHOENIX-main/autoencoder_benchmark/outputs/teacher_h1_scan98_gpu1_v2/runs/single_tcn_attn_weld_seam_windows_ws5_tf75_pg0_h1_ep60_lr0.0003_bs128_k3_l3_d0.08_lat64_wd0.00015_seed14/run_args.json --output-dir /home/huang_kai/wind_turbine_phm/PHOENIX-main/autoencoder_benchmark/ablation_experiments/h1/results/comparison_18d_baselines/teacher_student_reference/student_h1_sweep/student_h1_scan96_20260326/stage2/s2_s1_l2_o2_c3 --drop-feature-indices 3,4,5,6,7 --epochs 80 --batch-size 128 --lr 0.0002 --weight-decay 0.00015 --seed 14 --class-weights auto --weighted-sampler --val-ratio 0.15 --early-stop-patience 16 --min-epochs 12 --checkpoint-metric val_teacher_agreement --temperature 3.0 --lambda-ce 0.8 --lambda-kd 1.2 --lambda-feat 0.2 --student-tcn-dropout 0.08 --student-tcn-channels 48 --student-classifier-hidden 64 --student-classifier-dropout 0.3 --student-attn-dropout 0.05 --student-tcn-dilation-base 2",/home/huang_kai/wind_turbine_phm/PHOENIX-main/autoencoder_benchmark/ablation_experiments/h1/reports/comparison_18d_baselines/teacher_student_reference/student_h1_sweep/student_h1_scan96_20260326/logs/stage2_s2_s1_l2_o2_c3_seed14.log,-1.0,-1.0,-1.0,-1,-1.0,"{""attn_dropout"": 0.05, ""attn_ff_dim"": 128, ""attn_heads"": 4, ""classifier_dropout"": 0.3, ""classifier_hidden"": 64, ""latent_dim"": 64, ""tcn_channels"": 48, ""tcn_dilation_base"": 2, ""tcn_dropout"": 0.08, ""tcn_kernel"": 3, ""tcn_layers"": 3}"
stage2,s2_s1_l2_o2_c4,s2_s1_l2_o2_c4,val_teacher_agreement,14,80,128,3.0,0.8,1.2,0.2,0.0002,0.00015,0.08,,96,128,0.3,0.05,,2,/home/huang_kai/wind_turbine_phm/PHOENIX-main/autoencoder_benchmark/ablation_experiments/h1/results/comparison_18d_baselines/teacher_student_reference/student_h1_sweep/student_h1_scan96_20260326/stage2/s2_s1_l2_o2_c4,5,invalid_feature_alignment,distill_tcn_attn_weld_seam_windows_ws5_tf75_pg0_h1_ep80_lr0.0002_bs128_T3.0_lce0.8_lkd1.2_lf0.2_seed14,/home/huang_kai/wind_turbine_phm/PHOENIX-main/autoencoder_benchmark/ablation_experiments/h1/results/comparison_18d_baselines/teacher_student_reference/student_h1_sweep/student_h1_scan96_20260326/stage2/s2_s1_l2_o2_c4/distill_tcn_attn_weld_seam_windows_ws5_tf75_pg0_h1_ep80_lr0.0002_bs128_T3.0_lce0.8_lkd1.2_lf0.2_seed14,0.0,2,/home/huang_kai/wind_turbine_phm/PHOENIX-main/autoencoder_benchmark/outputs/teacher_h1_scan98_gpu1_v2/manifests/best_teacher_h1.json,"/usr/bin/python /home/huang_kai/wind_turbine_phm/PHOENIX-main/autoencoder_benchmark/train_distill_single_tcn_student.py --dataset-npz /home/huang_kai/wind_turbine_phm/PHOENIX-main/autoencoder_benchmark/Data/processed_data/weld_seam_windows_ws5_tf75_pg0_h1.npz --teacher-ckpt /home/huang_kai/wind_turbine_phm/PHOENIX-main/autoencoder_benchmark/outputs/teacher_h1_scan98_gpu1_v2/runs/single_tcn_attn_weld_seam_windows_ws5_tf75_pg0_h1_ep60_lr0.0003_bs128_k3_l3_d0.08_lat64_wd0.00015_seed14/best_single_tcn.pth --teacher-run-args /home/huang_kai/wind_turbine_phm/PHOENIX-main/autoencoder_benchmark/outputs/teacher_h1_scan98_gpu1_v2/runs/single_tcn_attn_weld_seam_windows_ws5_tf75_pg0_h1_ep60_lr0.0003_bs128_k3_l3_d0.08_lat64_wd0.00015_seed14/run_args.json --output-dir /home/huang_kai/wind_turbine_phm/PHOENIX-main/autoencoder_benchmark/ablation_experiments/h1/results/comparison_18d_baselines/teacher_student_reference/student_h1_sweep/student_h1_scan96_20260326/stage2/s2_s1_l2_o2_c4 --drop-feature-indices 3,4,5,6,7 --epochs 80 --batch-size 128 --lr 0.0002 --weight-decay 0.00015 --seed 14 --class-weights auto --weighted-sampler --val-ratio 0.15 --early-stop-patience 16 --min-epochs 12 --checkpoint-metric val_teacher_agreement --temperature 3.0 --lambda-ce 0.8 --lambda-kd 1.2 --lambda-feat 0.2 --student-tcn-dropout 0.08 --student-tcn-channels 96 --student-classifier-hidden 128 --student-classifier-dropout 0.3 --student-attn-dropout 0.05 --student-tcn-dilation-base 2",/home/huang_kai/wind_turbine_phm/PHOENIX-main/autoencoder_benchmark/ablation_experiments/h1/reports/comparison_18d_baselines/teacher_student_reference/student_h1_sweep/student_h1_scan96_20260326/logs/stage2_s2_s1_l2_o2_c4_seed14.log,-1.0,-1.0,-1.0,-1,-1.0,"{""attn_dropout"": 0.05, ""attn_ff_dim"": 128, ""attn_heads"": 4, ""classifier_dropout"": 0.3, ""classifier_hidden"": 128, ""latent_dim"": 64, ""tcn_channels"": 96, ""tcn_dilation_base"": 2, ""tcn_dropout"": 0.08, ""tcn_kernel"": 3, ""tcn_layers"": 3}"
stage2,s2_s1_l2_o2_c5,s2_s1_l2_o2_c5,val_teacher_agreement,14,80,128,3.0,0.8,1.2,0.2,0.0002,0.00015,0.08,2,64,64,0.3,0.05,,2,/home/huang_kai/wind_turbine_phm/PHOENIX-main/autoencoder_benchmark/ablation_experiments/h1/results/comparison_18d_baselines/teacher_student_reference/student_h1_sweep/student_h1_scan96_20260326/stage2/s2_s1_l2_o2_c5,6,skipped_existing,distill_tcn_attn_weld_seam_windows_ws5_tf75_pg0_h1_ep80_lr0.0002_bs128_T3.0_lce0.8_lkd1.2_lf0.2_seed14,/home/huang_kai/wind_turbine_phm/PHOENIX-main/autoencoder_benchmark/ablation_experiments/h1/results/comparison_18d_baselines/teacher_student_reference/student_h1_sweep/student_h1_scan96_20260326/stage2/s2_s1_l2_o2_c5/distill_tcn_attn_weld_seam_windows_ws5_tf75_pg0_h1_ep80_lr0.0002_bs128_T3.0_lce0.8_lkd1.2_lf0.2_seed14,0.0,2,/home/huang_kai/wind_turbine_phm/PHOENIX-main/autoencoder_benchmark/outputs/teacher_h1_scan98_gpu1_v2/manifests/best_teacher_h1.json,"/usr/bin/python /home/huang_kai/wind_turbine_phm/PHOENIX-main/autoencoder_benchmark/train_distill_single_tcn_student.py --dataset-npz /home/huang_kai/wind_turbine_phm/PHOENIX-main/autoencoder_benchmark/Data/processed_data/weld_seam_windows_ws5_tf75_pg0_h1.npz --teacher-ckpt /home/huang_kai/wind_turbine_phm/PHOENIX-main/autoencoder_benchmark/outputs/teacher_h1_scan98_gpu1_v2/runs/single_tcn_attn_weld_seam_windows_ws5_tf75_pg0_h1_ep60_lr0.0003_bs128_k3_l3_d0.08_lat64_wd0.00015_seed14/best_single_tcn.pth --teacher-run-args /home/huang_kai/wind_turbine_phm/PHOENIX-main/autoencoder_benchmark/outputs/teacher_h1_scan98_gpu1_v2/runs/single_tcn_attn_weld_seam_windows_ws5_tf75_pg0_h1_ep60_lr0.0003_bs128_k3_l3_d0.08_lat64_wd0.00015_seed14/run_args.json --output-dir /home/huang_kai/wind_turbine_phm/PHOENIX-main/autoencoder_benchmark/ablation_experiments/h1/results/comparison_18d_baselines/teacher_student_reference/student_h1_sweep/student_h1_scan96_20260326/stage2/s2_s1_l2_o2_c5 --drop-feature-indices 3,4,5,6,7 --epochs 80 --batch-size 128 --lr 0.0002 --weight-decay 0.00015 --seed 14 --class-weights auto --weighted-sampler --val-ratio 0.15 --early-stop-patience 16 --min-epochs 12 --checkpoint-metric val_teacher_agreement --temperature 3.0 --lambda-ce 0.8 --lambda-kd 1.2 --lambda-feat 0.2 --student-tcn-dropout 0.08 --student-tcn-layers 2 --student-tcn-channels 64 --student-classifier-hidden 64 --student-classifier-dropout 0.3 --student-attn-dropout 0.05 --student-tcn-dilation-base 2",/home/huang_kai/wind_turbine_phm/PHOENIX-main/autoencoder_benchmark/ablation_experiments/h1/reports/comparison_18d_baselines/teacher_student_reference/student_h1_sweep/student_h1_scan96_20260326/logs/stage2_s2_s1_l2_o2_c5_seed14.log,0.9466,0.939524,0.9466,3,0.885714,"{""attn_dropout"": 0.05, ""attn_ff_dim"": 128, ""attn_heads"": 4, ""classifier_dropout"": 0.3, ""classifier_hidden"": 64, ""latent_dim"": 64, ""tcn_channels"": 64, ""tcn_dilation_base"": 2, ""tcn_dropout"": 0.08, ""tcn_kernel"": 3, ""tcn_layers"": 2}"
stage2,s2_s1_l2_o2_c6,s2_s1_l2_o2_c6,val_teacher_agreement,14,80,128,3.0,0.8,1.2,0.2,0.0002,0.00015,0.08,,64,128,0.25,0.05,192,2,/home/huang_kai/wind_turbine_phm/PHOENIX-main/autoencoder_benchmark/ablation_experiments/h1/results/comparison_18d_baselines/teacher_student_reference/student_h1_sweep/student_h1_scan96_20260326/stage2/s2_s1_l2_o2_c6,7,skipped_existing,distill_tcn_attn_weld_seam_windows_ws5_tf75_pg0_h1_ep80_lr0.0002_bs128_T3.0_lce0.8_lkd1.2_lf0.2_seed14,/home/huang_kai/wind_turbine_phm/PHOENIX-main/autoencoder_benchmark/ablation_experiments/h1/results/comparison_18d_baselines/teacher_student_reference/student_h1_sweep/student_h1_scan96_20260326/stage2/s2_s1_l2_o2_c6/distill_tcn_attn_weld_seam_windows_ws5_tf75_pg0_h1_ep80_lr0.0002_bs128_T3.0_lce0.8_lkd1.2_lf0.2_seed14,0.0,2,/home/huang_kai/wind_turbine_phm/PHOENIX-main/autoencoder_benchmark/outputs/teacher_h1_scan98_gpu1_v2/manifests/best_teacher_h1.json,"/usr/bin/python /home/huang_kai/wind_turbine_phm/PHOENIX-main/autoencoder_benchmark/train_distill_single_tcn_student.py --dataset-npz /home/huang_kai/wind_turbine_phm/PHOENIX-main/autoencoder_benchmark/Data/processed_data/weld_seam_windows_ws5_tf75_pg0_h1.npz --teacher-ckpt /home/huang_kai/wind_turbine_phm/PHOENIX-main/autoencoder_benchmark/outputs/teacher_h1_scan98_gpu1_v2/runs/single_tcn_attn_weld_seam_windows_ws5_tf75_pg0_h1_ep60_lr0.0003_bs128_k3_l3_d0.08_lat64_wd0.00015_seed14/best_single_tcn.pth --teacher-run-args /home/huang_kai/wind_turbine_phm/PHOENIX-main/autoencoder_benchmark/outputs/teacher_h1_scan98_gpu1_v2/runs/single_tcn_attn_weld_seam_windows_ws5_tf75_pg0_h1_ep60_lr0.0003_bs128_k3_l3_d0.08_lat64_wd0.00015_seed14/run_args.json --output-dir /home/huang_kai/wind_turbine_phm/PHOENIX-main/autoencoder_benchmark/ablation_experiments/h1/results/comparison_18d_baselines/teacher_student_reference/student_h1_sweep/student_h1_scan96_20260326/stage2/s2_s1_l2_o2_c6 --drop-feature-indices 3,4,5,6,7 --epochs 80 --batch-size 128 --lr 0.0002 --weight-decay 0.00015 --seed 14 --class-weights auto --weighted-sampler --val-ratio 0.15 --early-stop-patience 16 --min-epochs 12 --checkpoint-metric val_teacher_agreement --temperature 3.0 --lambda-ce 0.8 --lambda-kd 1.2 --lambda-feat 0.2 --student-tcn-dropout 0.08 --student-tcn-channels 64 --student-classifier-hidden 128 --student-classifier-dropout 0.25 --student-attn-dropout 0.05 --student-attn-ff-dim 192 --student-tcn-dilation-base 2",/home/huang_kai/wind_turbine_phm/PHOENIX-main/autoencoder_benchmark/ablation_experiments/h1/reports/comparison_18d_baselines/teacher_student_reference/student_h1_sweep/student_h1_scan96_20260326/logs/stage2_s2_s1_l2_o2_c6_seed14.log,0.9326000000000001,0.922652,0.9213,3,0.914286,"{""attn_dropout"": 0.05, ""attn_ff_dim"": 192, ""attn_heads"": 4, ""classifier_dropout"": 0.25, ""classifier_hidden"": 128, ""latent_dim"": 64, ""tcn_channels"": 64, ""tcn_dilation_base"": 2, ""tcn_dropout"": 0.08, ""tcn_kernel"": 3, ""tcn_layers"": 3}"
stage2,s2_s1_l2_o2_c7,s2_s1_l2_o2_c7,val_teacher_agreement,14,80,128,3.0,0.8,1.2,0.2,0.0002,0.00015,0.08,,64,64,0.3,0.05,,1,/home/huang_kai/wind_turbine_phm/PHOENIX-main/autoencoder_benchmark/ablation_experiments/h1/results/comparison_18d_baselines/teacher_student_reference/student_h1_sweep/student_h1_scan96_20260326/stage2/s2_s1_l2_o2_c7,8,skipped_existing,distill_tcn_attn_weld_seam_windows_ws5_tf75_pg0_h1_ep80_lr0.0002_bs128_T3.0_lce0.8_lkd1.2_lf0.2_seed14,/home/huang_kai/wind_turbine_phm/PHOENIX-main/autoencoder_benchmark/ablation_experiments/h1/results/comparison_18d_baselines/teacher_student_reference/student_h1_sweep/student_h1_scan96_20260326/stage2/s2_s1_l2_o2_c7/distill_tcn_attn_weld_seam_windows_ws5_tf75_pg0_h1_ep80_lr0.0002_bs128_T3.0_lce0.8_lkd1.2_lf0.2_seed14,0.0,2,/home/huang_kai/wind_turbine_phm/PHOENIX-main/autoencoder_benchmark/outputs/teacher_h1_scan98_gpu1_v2/manifests/best_teacher_h1.json,"/usr/bin/python /home/huang_kai/wind_turbine_phm/PHOENIX-main/autoencoder_benchmark/train_distill_single_tcn_student.py --dataset-npz /home/huang_kai/wind_turbine_phm/PHOENIX-main/autoencoder_benchmark/Data/processed_data/weld_seam_windows_ws5_tf75_pg0_h1.npz --teacher-ckpt /home/huang_kai/wind_turbine_phm/PHOENIX-main/autoencoder_benchmark/outputs/teacher_h1_scan98_gpu1_v2/runs/single_tcn_attn_weld_seam_windows_ws5_tf75_pg0_h1_ep60_lr0.0003_bs128_k3_l3_d0.08_lat64_wd0.00015_seed14/best_single_tcn.pth --teacher-run-args /home/huang_kai/wind_turbine_phm/PHOENIX-main/autoencoder_benchmark/outputs/teacher_h1_scan98_gpu1_v2/runs/single_tcn_attn_weld_seam_windows_ws5_tf75_pg0_h1_ep60_lr0.0003_bs128_k3_l3_d0.08_lat64_wd0.00015_seed14/run_args.json --output-dir /home/huang_kai/wind_turbine_phm/PHOENIX-main/autoencoder_benchmark/ablation_experiments/h1/results/comparison_18d_baselines/teacher_student_reference/student_h1_sweep/student_h1_scan96_20260326/stage2/s2_s1_l2_o2_c7 --drop-feature-indices 3,4,5,6,7 --epochs 80 --batch-size 128 --lr 0.0002 --weight-decay 0.00015 --seed 14 --class-weights auto --weighted-sampler --val-ratio 0.15 --early-stop-patience 16 --min-epochs 12 --checkpoint-metric val_teacher_agreement --temperature 3.0 --lambda-ce 0.8 --lambda-kd 1.2 --lambda-feat 0.2 --student-tcn-dropout 0.08 --student-tcn-channels 64 --student-classifier-hidden 64 --student-classifier-dropout 0.3 --student-attn-dropout 0.05 --student-tcn-dilation-base 1",/home/huang_kai/wind_turbine_phm/PHOENIX-main/autoencoder_benchmark/ablation_experiments/h1/reports/comparison_18d_baselines/teacher_student_reference/student_h1_sweep/student_h1_scan96_20260326/logs/stage2_s2_s1_l2_o2_c7_seed14.log,0.8623999999999999,0.870604,0.8511,3,0.891429,"{""attn_dropout"": 0.05, ""attn_ff_dim"": 128, ""attn_heads"": 4, ""classifier_dropout"": 0.3, ""classifier_hidden"": 64, ""latent_dim"": 64, ""tcn_channels"": 64, ""tcn_dilation_base"": 1, ""tcn_dropout"": 0.08, ""tcn_kernel"": 3, ""tcn_layers"": 3}"
stage2,s2_s1_l3_o2_c0,s2_s1_l3_o2_c0,val_teacher_agreement,14,80,128,3.5,0.7,1.4,0.3,0.0002,0.00015,0.08,,,64,0.4,0.1,,2,/home/huang_kai/wind_turbine_phm/PHOENIX-main/autoencoder_benchmark/ablation_experiments/h1/results/comparison_18d_baselines/teacher_student_reference/student_h1_sweep/student_h1_scan96_20260326/stage2/s2_s1_l3_o2_c0,9,skipped_existing,distill_tcn_attn_weld_seam_windows_ws5_tf75_pg0_h1_ep80_lr0.0002_bs128_T3.5_lce0.7_lkd1.4_lf0.3_seed14,/home/huang_kai/wind_turbine_phm/PHOENIX-main/autoencoder_benchmark/ablation_experiments/h1/results/comparison_18d_baselines/teacher_student_reference/student_h1_sweep/student_h1_scan96_20260326/stage2/s2_s1_l3_o2_c0/distill_tcn_attn_weld_seam_windows_ws5_tf75_pg0_h1_ep80_lr0.0002_bs128_T3.5_lce0.7_lkd1.4_lf0.3_seed14,0.0,2,/home/huang_kai/wind_turbine_phm/PHOENIX-main/autoencoder_benchmark/outputs/teacher_h1_scan98_gpu1_v2/manifests/best_teacher_h1.json,"/usr/bin/python /home/huang_kai/wind_turbine_phm/PHOENIX-main/autoencoder_benchmark/train_distill_single_tcn_student.py --dataset-npz /home/huang_kai/wind_turbine_phm/PHOENIX-main/autoencoder_benchmark/Data/processed_data/weld_seam_windows_ws5_tf75_pg0_h1.npz --teacher-ckpt /home/huang_kai/wind_turbine_phm/PHOENIX-main/autoencoder_benchmark/outputs/teacher_h1_scan98_gpu1_v2/runs/single_tcn_attn_weld_seam_windows_ws5_tf75_pg0_h1_ep60_lr0.0003_bs128_k3_l3_d0.08_lat64_wd0.00015_seed14/best_single_tcn.pth --teacher-run-args /home/huang_kai/wind_turbine_phm/PHOENIX-main/autoencoder_benchmark/outputs/teacher_h1_scan98_gpu1_v2/runs/single_tcn_attn_weld_seam_windows_ws5_tf75_pg0_h1_ep60_lr0.0003_bs128_k3_l3_d0.08_lat64_wd0.00015_seed14/run_args.json --output-dir /home/huang_kai/wind_turbine_phm/PHOENIX-main/autoencoder_benchmark/ablation_experiments/h1/results/comparison_18d_baselines/teacher_student_reference/student_h1_sweep/student_h1_scan96_20260326/stage2/s2_s1_l3_o2_c0 --drop-feature-indices 3,4,5,6,7 --epochs 80 --batch-size 128 --lr 0.0002 --weight-decay 0.00015 --seed 14 --class-weights auto --weighted-sampler --val-ratio 0.15 --early-stop-patience 16 --min-epochs 12 --checkpoint-metric val_teacher_agreement --temperature 3.5 --lambda-ce 0.7 --lambda-kd 1.4 --lambda-feat 0.3 --student-tcn-dropout 0.08 --student-classifier-hidden 64 --student-classifier-dropout 0.4 --student-attn-dropout 0.1 --student-tcn-dilation-base 2",/home/huang_kai/wind_turbine_phm/PHOENIX-main/autoencoder_benchmark/ablation_experiments/h1/reports/comparison_18d_baselines/teacher_student_reference/student_h1_sweep/student_h1_scan96_20260326/logs/stage2_s2_s1_l3_o2_c0_seed14.log,0.9662999999999999,0.958524,0.9494,4,0.885714,"{""attn_dropout"": 0.1, ""attn_ff_dim"": 128, ""attn_heads"": 4, ""classifier_dropout"": 0.4, ""classifier_hidden"": 64, ""latent_dim"": 64, ""tcn_channels"": 64, ""tcn_dilation_base"": 2, ""tcn_dropout"": 0.08, ""tcn_kernel"": 3, ""tcn_layers"": 3}"
stage2,s2_s1_l3_o2_c1,s2_s1_l3_o2_c1,val_teacher_agreement,14,80,128,3.5,0.7,1.4,0.3,0.0002,0.00015,0.05,,,64,0.3,0.05,,2,/home/huang_kai/wind_turbine_phm/PHOENIX-main/autoencoder_benchmark/ablation_experiments/h1/results/comparison_18d_baselines/teacher_student_reference/student_h1_sweep/student_h1_scan96_20260326/stage2/s2_s1_l3_o2_c1,10,skipped_existing,distill_tcn_attn_weld_seam_windows_ws5_tf75_pg0_h1_ep80_lr0.0002_bs128_T3.5_lce0.7_lkd1.4_lf0.3_seed14,/home/huang_kai/wind_turbine_phm/PHOENIX-main/autoencoder_benchmark/ablation_experiments/h1/results/comparison_18d_baselines/teacher_student_reference/student_h1_sweep/student_h1_scan96_20260326/stage2/s2_s1_l3_o2_c1/distill_tcn_attn_weld_seam_windows_ws5_tf75_pg0_h1_ep80_lr0.0002_bs128_T3.5_lce0.7_lkd1.4_lf0.3_seed14,0.0,2,/home/huang_kai/wind_turbine_phm/PHOENIX-main/autoencoder_benchmark/outputs/teacher_h1_scan98_gpu1_v2/manifests/best_teacher_h1.json,"/usr/bin/python /home/huang_kai/wind_turbine_phm/PHOENIX-main/autoencoder_benchmark/train_distill_single_tcn_student.py --dataset-npz /home/huang_kai/wind_turbine_phm/PHOENIX-main/autoencoder_benchmark/Data/processed_data/weld_seam_windows_ws5_tf75_pg0_h1.npz --teacher-ckpt /home/huang_kai/wind_turbine_phm/PHOENIX-main/autoencoder_benchmark/outputs/teacher_h1_scan98_gpu1_v2/runs/single_tcn_attn_weld_seam_windows_ws5_tf75_pg0_h1_ep60_lr0.0003_bs128_k3_l3_d0.08_lat64_wd0.00015_seed14/best_single_tcn.pth --teacher-run-args /home/huang_kai/wind_turbine_phm/PHOENIX-main/autoencoder_benchmark/outputs/teacher_h1_scan98_gpu1_v2/runs/single_tcn_attn_weld_seam_windows_ws5_tf75_pg0_h1_ep60_lr0.0003_bs128_k3_l3_d0.08_lat64_wd0.00015_seed14/run_args.json --output-dir /home/huang_kai/wind_turbine_phm/PHOENIX-main/autoencoder_benchmark/ablation_experiments/h1/results/comparison_18d_baselines/teacher_student_reference/student_h1_sweep/student_h1_scan96_20260326/stage2/s2_s1_l3_o2_c1 --drop-feature-indices 3,4,5,6,7 --epochs 80 --batch-size 128 --lr 0.0002 --weight-decay 0.00015 --seed 14 --class-weights auto --weighted-sampler --val-ratio 0.15 --early-stop-patience 16 --min-epochs 12 --checkpoint-metric val_teacher_agreement --temperature 3.5 --lambda-ce 0.7 --lambda-kd 1.4 --lambda-feat 0.3 --student-tcn-dropout 0.05 --student-classifier-hidden 64 --student-classifier-dropout 0.3 --student-attn-dropout 0.05 --student-tcn-dilation-base 2",/home/huang_kai/wind_turbine_phm/PHOENIX-main/autoencoder_benchmark/ablation_experiments/h1/reports/comparison_18d_baselines/teacher_student_reference/student_h1_sweep/student_h1_scan96_20260326/logs/stage2_s2_s1_l3_o2_c1_seed14.log,0.9073,0.905254,0.8961,3,0.92,"{""attn_dropout"": 0.05, ""attn_ff_dim"": 128, ""attn_heads"": 4, ""classifier_dropout"": 0.3, ""classifier_hidden"": 64, ""latent_dim"": 64, ""tcn_channels"": 64, ""tcn_dilation_base"": 2, ""tcn_dropout"": 0.05, ""tcn_kernel"": 3, ""tcn_layers"": 3}"
stage2,s2_s1_l3_o2_c2,s2_s1_l3_o2_c2,val_teacher_agreement,14,80,128,3.5,0.7,1.4,0.3,0.0002,0.00015,0.12,,,64,0.4,0.1,,2,/home/huang_kai/wind_turbine_phm/PHOENIX-main/autoencoder_benchmark/ablation_experiments/h1/results/comparison_18d_baselines/teacher_student_reference/student_h1_sweep/student_h1_scan96_20260326/stage2/s2_s1_l3_o2_c2,11,skipped_existing,distill_tcn_attn_weld_seam_windows_ws5_tf75_pg0_h1_ep80_lr0.0002_bs128_T3.5_lce0.7_lkd1.4_lf0.3_seed14,/home/huang_kai/wind_turbine_phm/PHOENIX-main/autoencoder_benchmark/ablation_experiments/h1/results/comparison_18d_baselines/teacher_student_reference/student_h1_sweep/student_h1_scan96_20260326/stage2/s2_s1_l3_o2_c2/distill_tcn_attn_weld_seam_windows_ws5_tf75_pg0_h1_ep80_lr0.0002_bs128_T3.5_lce0.7_lkd1.4_lf0.3_seed14,0.0,2,/home/huang_kai/wind_turbine_phm/PHOENIX-main/autoencoder_benchmark/outputs/teacher_h1_scan98_gpu1_v2/manifests/best_teacher_h1.json,"/usr/bin/python /home/huang_kai/wind_turbine_phm/PHOENIX-main/autoencoder_benchmark/train_distill_single_tcn_student.py --dataset-npz /home/huang_kai/wind_turbine_phm/PHOENIX-main/autoencoder_benchmark/Data/processed_data/weld_seam_windows_ws5_tf75_pg0_h1.npz --teacher-ckpt /home/huang_kai/wind_turbine_phm/PHOENIX-main/autoencoder_benchmark/outputs/teacher_h1_scan98_gpu1_v2/runs/single_tcn_attn_weld_seam_windows_ws5_tf75_pg0_h1_ep60_lr0.0003_bs128_k3_l3_d0.08_lat64_wd0.00015_seed14/best_single_tcn.pth --teacher-run-args /home/huang_kai/wind_turbine_phm/PHOENIX-main/autoencoder_benchmark/outputs/teacher_h1_scan98_gpu1_v2/runs/single_tcn_attn_weld_seam_windows_ws5_tf75_pg0_h1_ep60_lr0.0003_bs128_k3_l3_d0.08_lat64_wd0.00015_seed14/run_args.json --output-dir /home/huang_kai/wind_turbine_phm/PHOENIX-main/autoencoder_benchmark/ablation_experiments/h1/results/comparison_18d_baselines/teacher_student_reference/student_h1_sweep/student_h1_scan96_20260326/stage2/s2_s1_l3_o2_c2 --drop-feature-indices 3,4,5,6,7 --epochs 80 --batch-size 128 --lr 0.0002 --weight-decay 0.00015 --seed 14 --class-weights auto --weighted-sampler --val-ratio 0.15 --early-stop-patience 16 --min-epochs 12 --checkpoint-metric val_teacher_agreement --temperature 3.5 --lambda-ce 0.7 --lambda-kd 1.4 --lambda-feat 0.3 --student-tcn-dropout 0.12 --student-classifier-hidden 64 --student-classifier-dropout 0.4 --student-attn-dropout 0.1 --student-tcn-dilation-base 2",/home/huang_kai/wind_turbine_phm/PHOENIX-main/autoencoder_benchmark/ablation_experiments/h1/reports/comparison_18d_baselines/teacher_student_reference/student_h1_sweep/student_h1_scan96_20260326/logs/stage2_s2_s1_l3_o2_c2_seed14.log,0.9803000000000001,0.973757,0.9634999999999999,4,0.891429,"{""attn_dropout"": 0.1, ""attn_ff_dim"": 128, ""attn_heads"": 4, ""classifier_dropout"": 0.4, ""classifier_hidden"": 64, ""latent_dim"": 64, ""tcn_channels"": 64, ""tcn_dilation_base"": 2, ""tcn_dropout"": 0.12, ""tcn_kernel"": 3, ""tcn_layers"": 3}"
stage2,s2_s1_l3_o2_c3,s2_s1_l3_o2_c3,val_teacher_agreement,14,80,128,3.5,0.7,1.4,0.3,0.0002,0.00015,0.08,,48,64,0.3,0.05,,2,/home/huang_kai/wind_turbine_phm/PHOENIX-main/autoencoder_benchmark/ablation_experiments/h1/results/comparison_18d_baselines/teacher_student_reference/student_h1_sweep/student_h1_scan96_20260326/stage2/s2_s1_l3_o2_c3,12,invalid_feature_alignment,distill_tcn_attn_weld_seam_windows_ws5_tf75_pg0_h1_ep80_lr0.0002_bs128_T3.5_lce0.7_lkd1.4_lf0.3_seed14,/home/huang_kai/wind_turbine_phm/PHOENIX-main/autoencoder_benchmark/ablation_experiments/h1/results/comparison_18d_baselines/teacher_student_reference/student_h1_sweep/student_h1_scan96_20260326/stage2/s2_s1_l3_o2_c3/distill_tcn_attn_weld_seam_windows_ws5_tf75_pg0_h1_ep80_lr0.0002_bs128_T3.5_lce0.7_lkd1.4_lf0.3_seed14,0.0,2,/home/huang_kai/wind_turbine_phm/PHOENIX-main/autoencoder_benchmark/outputs/teacher_h1_scan98_gpu1_v2/manifests/best_teacher_h1.json,"/usr/bin/python /home/huang_kai/wind_turbine_phm/PHOENIX-main/autoencoder_benchmark/train_distill_single_tcn_student.py --dataset-npz /home/huang_kai/wind_turbine_phm/PHOENIX-main/autoencoder_benchmark/Data/processed_data/weld_seam_windows_ws5_tf75_pg0_h1.npz --teacher-ckpt /home/huang_kai/wind_turbine_phm/PHOENIX-main/autoencoder_benchmark/outputs/teacher_h1_scan98_gpu1_v2/runs/single_tcn_attn_weld_seam_windows_ws5_tf75_pg0_h1_ep60_lr0.0003_bs128_k3_l3_d0.08_lat64_wd0.00015_seed14/best_single_tcn.pth --teacher-run-args /home/huang_kai/wind_turbine_phm/PHOENIX-main/autoencoder_benchmark/outputs/teacher_h1_scan98_gpu1_v2/runs/single_tcn_attn_weld_seam_windows_ws5_tf75_pg0_h1_ep60_lr0.0003_bs128_k3_l3_d0.08_lat64_wd0.00015_seed14/run_args.json --output-dir /home/huang_kai/wind_turbine_phm/PHOENIX-main/autoencoder_benchmark/ablation_experiments/h1/results/comparison_18d_baselines/teacher_student_reference/student_h1_sweep/student_h1_scan96_20260326/stage2/s2_s1_l3_o2_c3 --drop-feature-indices 3,4,5,6,7 --epochs 80 --batch-size 128 --lr 0.0002 --weight-decay 0.00015 --seed 14 --class-weights auto --weighted-sampler --val-ratio 0.15 --early-stop-patience 16 --min-epochs 12 --checkpoint-metric val_teacher_agreement --temperature 3.5 --lambda-ce 0.7 --lambda-kd 1.4 --lambda-feat 0.3 --student-tcn-dropout 0.08 --student-tcn-channels 48 --student-classifier-hidden 64 --student-classifier-dropout 0.3 --student-attn-dropout 0.05 --student-tcn-dilation-base 2",/home/huang_kai/wind_turbine_phm/PHOENIX-main/autoencoder_benchmark/ablation_experiments/h1/reports/comparison_18d_baselines/teacher_student_reference/student_h1_sweep/student_h1_scan96_20260326/logs/stage2_s2_s1_l3_o2_c3_seed14.log,-1.0,-1.0,-1.0,-1,-1.0,"{""attn_dropout"": 0.05, ""attn_ff_dim"": 128, ""attn_heads"": 4, ""classifier_dropout"": 0.3, ""classifier_hidden"": 64, ""latent_dim"": 64, ""tcn_channels"": 48, ""tcn_dilation_base"": 2, ""tcn_dropout"": 0.08, ""tcn_kernel"": 3, ""tcn_layers"": 3}"
stage2,s2_s1_l3_o2_c4,s2_s1_l3_o2_c4,val_teacher_agreement,14,80,128,3.5,0.7,1.4,0.3,0.0002,0.00015,0.08,,96,128,0.3,0.05,,2,/home/huang_kai/wind_turbine_phm/PHOENIX-main/autoencoder_benchmark/ablation_experiments/h1/results/comparison_18d_baselines/teacher_student_reference/student_h1_sweep/student_h1_scan96_20260326/stage2/s2_s1_l3_o2_c4,13,invalid_feature_alignment,distill_tcn_attn_weld_seam_windows_ws5_tf75_pg0_h1_ep80_lr0.0002_bs128_T3.5_lce0.7_lkd1.4_lf0.3_seed14,/home/huang_kai/wind_turbine_phm/PHOENIX-main/autoencoder_benchmark/ablation_experiments/h1/results/comparison_18d_baselines/teacher_student_reference/student_h1_sweep/student_h1_scan96_20260326/stage2/s2_s1_l3_o2_c4/distill_tcn_attn_weld_seam_windows_ws5_tf75_pg0_h1_ep80_lr0.0002_bs128_T3.5_lce0.7_lkd1.4_lf0.3_seed14,0.0,2,/home/huang_kai/wind_turbine_phm/PHOENIX-main/autoencoder_benchmark/outputs/teacher_h1_scan98_gpu1_v2/manifests/best_teacher_h1.json,"/usr/bin/python /home/huang_kai/wind_turbine_phm/PHOENIX-main/autoencoder_benchmark/train_distill_single_tcn_student.py --dataset-npz /home/huang_kai/wind_turbine_phm/PHOENIX-main/autoencoder_benchmark/Data/processed_data/weld_seam_windows_ws5_tf75_pg0_h1.npz --teacher-ckpt /home/huang_kai/wind_turbine_phm/PHOENIX-main/autoencoder_benchmark/outputs/teacher_h1_scan98_gpu1_v2/runs/single_tcn_attn_weld_seam_windows_ws5_tf75_pg0_h1_ep60_lr0.0003_bs128_k3_l3_d0.08_lat64_wd0.00015_seed14/best_single_tcn.pth --teacher-run-args /home/huang_kai/wind_turbine_phm/PHOENIX-main/autoencoder_benchmark/outputs/teacher_h1_scan98_gpu1_v2/runs/single_tcn_attn_weld_seam_windows_ws5_tf75_pg0_h1_ep60_lr0.0003_bs128_k3_l3_d0.08_lat64_wd0.00015_seed14/run_args.json --output-dir /home/huang_kai/wind_turbine_phm/PHOENIX-main/autoencoder_benchmark/ablation_experiments/h1/results/comparison_18d_baselines/teacher_student_reference/student_h1_sweep/student_h1_scan96_20260326/stage2/s2_s1_l3_o2_c4 --drop-feature-indices 3,4,5,6,7 --epochs 80 --batch-size 128 --lr 0.0002 --weight-decay 0.00015 --seed 14 --class-weights auto --weighted-sampler --val-ratio 0.15 --early-stop-patience 16 --min-epochs 12 --checkpoint-metric val_teacher_agreement --temperature 3.5 --lambda-ce 0.7 --lambda-kd 1.4 --lambda-feat 0.3 --student-tcn-dropout 0.08 --student-tcn-channels 96 --student-classifier-hidden 128 --student-classifier-dropout 0.3 --student-attn-dropout 0.05 --student-tcn-dilation-base 2",/home/huang_kai/wind_turbine_phm/PHOENIX-main/autoencoder_benchmark/ablation_experiments/h1/reports/comparison_18d_baselines/teacher_student_reference/student_h1_sweep/student_h1_scan96_20260326/logs/stage2_s2_s1_l3_o2_c4_seed14.log,-1.0,-1.0,-1.0,-1,-1.0,"{""attn_dropout"": 0.05, ""attn_ff_dim"": 128, ""attn_heads"": 4, ""classifier_dropout"": 0.3, ""classifier_hidden"": 128, ""latent_dim"": 64, ""tcn_channels"": 96, ""tcn_dilation_base"": 2, ""tcn_dropout"": 0.08, ""tcn_kernel"": 3, ""tcn_layers"": 3}"
stage2,s2_s1_l3_o2_c5,s2_s1_l3_o2_c5,val_teacher_agreement,14,80,128,3.5,0.7,1.4,0.3,0.0002,0.00015,0.08,2,64,64,0.3,0.05,,2,/home/huang_kai/wind_turbine_phm/PHOENIX-main/autoencoder_benchmark/ablation_experiments/h1/results/comparison_18d_baselines/teacher_student_reference/student_h1_sweep/student_h1_scan96_20260326/stage2/s2_s1_l3_o2_c5,14,skipped_existing,distill_tcn_attn_weld_seam_windows_ws5_tf75_pg0_h1_ep80_lr0.0002_bs128_T3.5_lce0.7_lkd1.4_lf0.3_seed14,/home/huang_kai/wind_turbine_phm/PHOENIX-main/autoencoder_benchmark/ablation_experiments/h1/results/comparison_18d_baselines/teacher_student_reference/student_h1_sweep/student_h1_scan96_20260326/stage2/s2_s1_l3_o2_c5/distill_tcn_attn_weld_seam_windows_ws5_tf75_pg0_h1_ep80_lr0.0002_bs128_T3.5_lce0.7_lkd1.4_lf0.3_seed14,0.0,2,/home/huang_kai/wind_turbine_phm/PHOENIX-main/autoencoder_benchmark/outputs/teacher_h1_scan98_gpu1_v2/manifests/best_teacher_h1.json,"/usr/bin/python /home/huang_kai/wind_turbine_phm/PHOENIX-main/autoencoder_benchmark/train_distill_single_tcn_student.py --dataset-npz /home/huang_kai/wind_turbine_phm/PHOENIX-main/autoencoder_benchmark/Data/processed_data/weld_seam_windows_ws5_tf75_pg0_h1.npz --teacher-ckpt /home/huang_kai/wind_turbine_phm/PHOENIX-main/autoencoder_benchmark/outputs/teacher_h1_scan98_gpu1_v2/runs/single_tcn_attn_weld_seam_windows_ws5_tf75_pg0_h1_ep60_lr0.0003_bs128_k3_l3_d0.08_lat64_wd0.00015_seed14/best_single_tcn.pth --teacher-run-args /home/huang_kai/wind_turbine_phm/PHOENIX-main/autoencoder_benchmark/outputs/teacher_h1_scan98_gpu1_v2/runs/single_tcn_attn_weld_seam_windows_ws5_tf75_pg0_h1_ep60_lr0.0003_bs128_k3_l3_d0.08_lat64_wd0.00015_seed14/run_args.json --output-dir /home/huang_kai/wind_turbine_phm/PHOENIX-main/autoencoder_benchmark/ablation_experiments/h1/results/comparison_18d_baselines/teacher_student_reference/student_h1_sweep/student_h1_scan96_20260326/stage2/s2_s1_l3_o2_c5 --drop-feature-indices 3,4,5,6,7 --epochs 80 --batch-size 128 --lr 0.0002 --weight-decay 0.00015 --seed 14 --class-weights auto --weighted-sampler --val-ratio 0.15 --early-stop-patience 16 --min-epochs 12 --checkpoint-metric val_teacher_agreement --temperature 3.5 --lambda-ce 0.7 --lambda-kd 1.4 --lambda-feat 0.3 --student-tcn-dropout 0.08 --student-tcn-layers 2 --student-tcn-channels 64 --student-classifier-hidden 64 --student-classifier-dropout 0.3 --student-attn-dropout 0.05 --student-tcn-dilation-base 2",/home/huang_kai/wind_turbine_phm/PHOENIX-main/autoencoder_benchmark/ablation_experiments/h1/reports/comparison_18d_baselines/teacher_student_reference/student_h1_sweep/student_h1_scan96_20260326/logs/stage2_s2_s1_l3_o2_c5_seed14.log,0.9466,0.921431,0.9466,6,0.914286,"{""attn_dropout"": 0.05, ""attn_ff_dim"": 128, ""attn_heads"": 4, ""classifier_dropout"": 0.3, ""classifier_hidden"": 64, ""latent_dim"": 64, ""tcn_channels"": 64, ""tcn_dilation_base"": 2, ""tcn_dropout"": 0.08, ""tcn_kernel"": 3, ""tcn_layers"": 2}"
stage2,s2_s1_l3_o2_c6,s2_s1_l3_o2_c6,val_teacher_agreement,14,80,128,3.5,0.7,1.4,0.3,0.0002,0.00015,0.08,,64,128,0.25,0.05,192,2,/home/huang_kai/wind_turbine_phm/PHOENIX-main/autoencoder_benchmark/ablation_experiments/h1/results/comparison_18d_baselines/teacher_student_reference/student_h1_sweep/student_h1_scan96_20260326/stage2/s2_s1_l3_o2_c6,15,skipped_existing,distill_tcn_attn_weld_seam_windows_ws5_tf75_pg0_h1_ep80_lr0.0002_bs128_T3.5_lce0.7_lkd1.4_lf0.3_seed14,/home/huang_kai/wind_turbine_phm/PHOENIX-main/autoencoder_benchmark/ablation_experiments/h1/results/comparison_18d_baselines/teacher_student_reference/student_h1_sweep/student_h1_scan96_20260326/stage2/s2_s1_l3_o2_c6/distill_tcn_attn_weld_seam_windows_ws5_tf75_pg0_h1_ep80_lr0.0002_bs128_T3.5_lce0.7_lkd1.4_lf0.3_seed14,0.0,2,/home/huang_kai/wind_turbine_phm/PHOENIX-main/autoencoder_benchmark/outputs/teacher_h1_scan98_gpu1_v2/manifests/best_teacher_h1.json,"/usr/bin/python /home/huang_kai/wind_turbine_phm/PHOENIX-main/autoencoder_benchmark/train_distill_single_tcn_student.py --dataset-npz /home/huang_kai/wind_turbine_phm/PHOENIX-main/autoencoder_benchmark/Data/processed_data/weld_seam_windows_ws5_tf75_pg0_h1.npz --teacher-ckpt /home/huang_kai/wind_turbine_phm/PHOENIX-main/autoencoder_benchmark/outputs/teacher_h1_scan98_gpu1_v2/runs/single_tcn_attn_weld_seam_windows_ws5_tf75_pg0_h1_ep60_lr0.0003_bs128_k3_l3_d0.08_lat64_wd0.00015_seed14/best_single_tcn.pth --teacher-run-args /home/huang_kai/wind_turbine_phm/PHOENIX-main/autoencoder_benchmark/outputs/teacher_h1_scan98_gpu1_v2/runs/single_tcn_attn_weld_seam_windows_ws5_tf75_pg0_h1_ep60_lr0.0003_bs128_k3_l3_d0.08_lat64_wd0.00015_seed14/run_args.json --output-dir /home/huang_kai/wind_turbine_phm/PHOENIX-main/autoencoder_benchmark/ablation_experiments/h1/results/comparison_18d_baselines/teacher_student_reference/student_h1_sweep/student_h1_scan96_20260326/stage2/s2_s1_l3_o2_c6 --drop-feature-indices 3,4,5,6,7 --epochs 80 --batch-size 128 --lr 0.0002 --weight-decay 0.00015 --seed 14 --class-weights auto --weighted-sampler --val-ratio 0.15 --early-stop-patience 16 --min-epochs 12 --checkpoint-metric val_teacher_agreement --temperature 3.5 --lambda-ce 0.7 --lambda-kd 1.4 --lambda-feat 0.3 --student-tcn-dropout 0.08 --student-tcn-channels 64 --student-classifier-hidden 128 --student-classifier-dropout 0.25 --student-attn-dropout 0.05 --student-attn-ff-dim 192 --student-tcn-dilation-base 2",/home/huang_kai/wind_turbine_phm/PHOENIX-main/autoencoder_benchmark/ablation_experiments/h1/reports/comparison_18d_baselines/teacher_student_reference/student_h1_sweep/student_h1_scan96_20260326/logs/stage2_s2_s1_l3_o2_c6_seed14.log,0.9326000000000001,0.92816,0.9213,3,0.908571,"{""attn_dropout"": 0.05, ""attn_ff_dim"": 192, ""attn_heads"": 4, ""classifier_dropout"": 0.25, ""classifier_hidden"": 128, ""latent_dim"": 64, ""tcn_channels"": 64, ""tcn_dilation_base"": 2, ""tcn_dropout"": 0.08, ""tcn_kernel"": 3, ""tcn_layers"": 3}"
stage2,s2_s1_l3_o2_c7,s2_s1_l3_o2_c7,val_teacher_agreement,14,80,128,3.5,0.7,1.4,0.3,0.0002,0.00015,0.08,,64,64,0.3,0.05,,1,/home/huang_kai/wind_turbine_phm/PHOENIX-main/autoencoder_benchmark/ablation_experiments/h1/results/comparison_18d_baselines/teacher_student_reference/student_h1_sweep/student_h1_scan96_20260326/stage2/s2_s1_l3_o2_c7,16,skipped_existing,distill_tcn_attn_weld_seam_windows_ws5_tf75_pg0_h1_ep80_lr0.0002_bs128_T3.5_lce0.7_lkd1.4_lf0.3_seed14,/home/huang_kai/wind_turbine_phm/PHOENIX-main/autoencoder_benchmark/ablation_experiments/h1/results/comparison_18d_baselines/teacher_student_reference/student_h1_sweep/student_h1_scan96_20260326/stage2/s2_s1_l3_o2_c7/distill_tcn_attn_weld_seam_windows_ws5_tf75_pg0_h1_ep80_lr0.0002_bs128_T3.5_lce0.7_lkd1.4_lf0.3_seed14,0.0,2,/home/huang_kai/wind_turbine_phm/PHOENIX-main/autoencoder_benchmark/outputs/teacher_h1_scan98_gpu1_v2/manifests/best_teacher_h1.json,"/usr/bin/python /home/huang_kai/wind_turbine_phm/PHOENIX-main/autoencoder_benchmark/train_distill_single_tcn_student.py --dataset-npz /home/huang_kai/wind_turbine_phm/PHOENIX-main/autoencoder_benchmark/Data/processed_data/weld_seam_windows_ws5_tf75_pg0_h1.npz --teacher-ckpt /home/huang_kai/wind_turbine_phm/PHOENIX-main/autoencoder_benchmark/outputs/teacher_h1_scan98_gpu1_v2/runs/single_tcn_attn_weld_seam_windows_ws5_tf75_pg0_h1_ep60_lr0.0003_bs128_k3_l3_d0.08_lat64_wd0.00015_seed14/best_single_tcn.pth --teacher-run-args /home/huang_kai/wind_turbine_phm/PHOENIX-main/autoencoder_benchmark/outputs/teacher_h1_scan98_gpu1_v2/runs/single_tcn_attn_weld_seam_windows_ws5_tf75_pg0_h1_ep60_lr0.0003_bs128_k3_l3_d0.08_lat64_wd0.00015_seed14/run_args.json --output-dir /home/huang_kai/wind_turbine_phm/PHOENIX-main/autoencoder_benchmark/ablation_experiments/h1/results/comparison_18d_baselines/teacher_student_reference/student_h1_sweep/student_h1_scan96_20260326/stage2/s2_s1_l3_o2_c7 --drop-feature-indices 3,4,5,6,7 --epochs 80 --batch-size 128 --lr 0.0002 --weight-decay 0.00015 --seed 14 --class-weights auto --weighted-sampler --val-ratio 0.15 --early-stop-patience 16 --min-epochs 12 --checkpoint-metric val_teacher_agreement --temperature 3.5 --lambda-ce 0.7 --lambda-kd 1.4 --lambda-feat 0.3 --student-tcn-dropout 0.08 --student-tcn-channels 64 --student-classifier-hidden 64 --student-classifier-dropout 0.3 --student-attn-dropout 0.05 --student-tcn-dilation-base 1",/home/huang_kai/wind_turbine_phm/PHOENIX-main/autoencoder_benchmark/ablation_experiments/h1/reports/comparison_18d_baselines/teacher_student_reference/student_h1_sweep/student_h1_scan96_20260326/logs/stage2_s2_s1_l3_o2_c7_seed14.log,0.8708,0.877476,0.8595999999999999,3,0.891429,"{""attn_dropout"": 0.05, ""attn_ff_dim"": 128, ""attn_heads"": 4, ""classifier_dropout"": 0.3, ""classifier_hidden"": 64, ""latent_dim"": 64, ""tcn_channels"": 64, ""tcn_dilation_base"": 1, ""tcn_dropout"": 0.08, ""tcn_kernel"": 3, ""tcn_layers"": 3}"
stage2,s2_s1_l4_o4_c0,s2_s1_l4_o4_c0,val_teacher_agreement,14,80,128,2.0,0.9,1.1,0.0,0.0003,0.00015,0.12,,,64,0.4,0.1,,2,/home/huang_kai/wind_turbine_phm/PHOENIX-main/autoencoder_benchmark/ablation_experiments/h1/results/comparison_18d_baselines/teacher_student_reference/student_h1_sweep/student_h1_scan96_20260326/stage2/s2_s1_l4_o4_c0,17,skipped_existing,distill_tcn_attn_weld_seam_windows_ws5_tf75_pg0_h1_ep80_lr0.0003_bs128_T2.0_lce0.9_lkd1.1_lf0.0_seed14,/home/huang_kai/wind_turbine_phm/PHOENIX-main/autoencoder_benchmark/ablation_experiments/h1/results/comparison_18d_baselines/teacher_student_reference/student_h1_sweep/student_h1_scan96_20260326/stage2/s2_s1_l4_o4_c0/distill_tcn_attn_weld_seam_windows_ws5_tf75_pg0_h1_ep80_lr0.0003_bs128_T2.0_lce0.9_lkd1.1_lf0.0_seed14,0.0,2,/home/huang_kai/wind_turbine_phm/PHOENIX-main/autoencoder_benchmark/outputs/teacher_h1_scan98_gpu1_v2/manifests/best_teacher_h1.json,"/usr/bin/python /home/huang_kai/wind_turbine_phm/PHOENIX-main/autoencoder_benchmark/train_distill_single_tcn_student.py --dataset-npz /home/huang_kai/wind_turbine_phm/PHOENIX-main/autoencoder_benchmark/Data/processed_data/weld_seam_windows_ws5_tf75_pg0_h1.npz --teacher-ckpt /home/huang_kai/wind_turbine_phm/PHOENIX-main/autoencoder_benchmark/outputs/teacher_h1_scan98_gpu1_v2/runs/single_tcn_attn_weld_seam_windows_ws5_tf75_pg0_h1_ep60_lr0.0003_bs128_k3_l3_d0.08_lat64_wd0.00015_seed14/best_single_tcn.pth --teacher-run-args /home/huang_kai/wind_turbine_phm/PHOENIX-main/autoencoder_benchmark/outputs/teacher_h1_scan98_gpu1_v2/runs/single_tcn_attn_weld_seam_windows_ws5_tf75_pg0_h1_ep60_lr0.0003_bs128_k3_l3_d0.08_lat64_wd0.00015_seed14/run_args.json --output-dir /home/huang_kai/wind_turbine_phm/PHOENIX-main/autoencoder_benchmark/ablation_experiments/h1/results/comparison_18d_baselines/teacher_student_reference/student_h1_sweep/student_h1_scan96_20260326/stage2/s2_s1_l4_o4_c0 --drop-feature-indices 3,4,5,6,7 --epochs 80 --batch-size 128 --lr 0.0003 --weight-decay 0.00015 --seed 14 --class-weights auto --weighted-sampler --val-ratio 0.15 --early-stop-patience 16 --min-epochs 12 --checkpoint-metric val_teacher_agreement --temperature 2.0 --lambda-ce 0.9 --lambda-kd 1.1 --lambda-feat 0.0 --student-tcn-dropout 0.12 --student-classifier-hidden 64 --student-classifier-dropout 0.4 --student-attn-dropout 0.1 --student-tcn-dilation-base 2",/home/huang_kai/wind_turbine_phm/PHOENIX-main/autoencoder_benchmark/ablation_experiments/h1/reports/comparison_18d_baselines/teacher_student_reference/student_h1_sweep/student_h1_scan96_20260326/logs/stage2_s2_s1_l4_o4_c0_seed14.log,0.9551000000000001,0.951342,0.9381999999999999,3,0.891429,"{""attn_dropout"": 0.1, ""attn_ff_dim"": 128, ""attn_heads"": 4, ""classifier_dropout"": 0.4, ""classifier_hidden"": 64, ""latent_dim"": 64, ""tcn_channels"": 64, ""tcn_dilation_base"": 2, ""tcn_dropout"": 0.12, ""tcn_kernel"": 3, ""tcn_layers"": 3}"
stage2,s2_s1_l4_o4_c1,s2_s1_l4_o4_c1,val_teacher_agreement,14,80,128,2.0,0.9,1.1,0.0,0.0003,0.00015,0.05,,,64,0.3,0.05,,2,/home/huang_kai/wind_turbine_phm/PHOENIX-main/autoencoder_benchmark/ablation_experiments/h1/results/comparison_18d_baselines/teacher_student_reference/student_h1_sweep/student_h1_scan96_20260326/stage2/s2_s1_l4_o4_c1,18,skipped_existing,distill_tcn_attn_weld_seam_windows_ws5_tf75_pg0_h1_ep80_lr0.0003_bs128_T2.0_lce0.9_lkd1.1_lf0.0_seed14,/home/huang_kai/wind_turbine_phm/PHOENIX-main/autoencoder_benchmark/ablation_experiments/h1/results/comparison_18d_baselines/teacher_student_reference/student_h1_sweep/student_h1_scan96_20260326/stage2/s2_s1_l4_o4_c1/distill_tcn_attn_weld_seam_windows_ws5_tf75_pg0_h1_ep80_lr0.0003_bs128_T2.0_lce0.9_lkd1.1_lf0.0_seed14,0.0,2,/home/huang_kai/wind_turbine_phm/PHOENIX-main/autoencoder_benchmark/outputs/teacher_h1_scan98_gpu1_v2/manifests/best_teacher_h1.json,"/usr/bin/python /home/huang_kai/wind_turbine_phm/PHOENIX-main/autoencoder_benchmark/train_distill_single_tcn_student.py --dataset-npz /home/huang_kai/wind_turbine_phm/PHOENIX-main/autoencoder_benchmark/Data/processed_data/weld_seam_windows_ws5_tf75_pg0_h1.npz --teacher-ckpt /home/huang_kai/wind_turbine_phm/PHOENIX-main/autoencoder_benchmark/outputs/teacher_h1_scan98_gpu1_v2/runs/single_tcn_attn_weld_seam_windows_ws5_tf75_pg0_h1_ep60_lr0.0003_bs128_k3_l3_d0.08_lat64_wd0.00015_seed14/best_single_tcn.pth --teacher-run-args /home/huang_kai/wind_turbine_phm/PHOENIX-main/autoencoder_benchmark/outputs/teacher_h1_scan98_gpu1_v2/runs/single_tcn_attn_weld_seam_windows_ws5_tf75_pg0_h1_ep60_lr0.0003_bs128_k3_l3_d0.08_lat64_wd0.00015_seed14/run_args.json --output-dir /home/huang_kai/wind_turbine_phm/PHOENIX-main/autoencoder_benchmark/ablation_experiments/h1/results/comparison_18d_baselines/teacher_student_reference/student_h1_sweep/student_h1_scan96_20260326/stage2/s2_s1_l4_o4_c1 --drop-feature-indices 3,4,5,6,7 --epochs 80 --batch-size 128 --lr 0.0003 --weight-decay 0.00015 --seed 14 --class-weights auto --weighted-sampler --val-ratio 0.15 --early-stop-patience 16 --min-epochs 12 --checkpoint-metric val_teacher_agreement --temperature 2.0 --lambda-ce 0.9 --lambda-kd 1.1 --lambda-feat 0.0 --student-tcn-dropout 0.05 --student-classifier-hidden 64 --student-classifier-dropout 0.3 --student-attn-dropout 0.05 --student-tcn-dilation-base 2",/home/huang_kai/wind_turbine_phm/PHOENIX-main/autoencoder_benchmark/ablation_experiments/h1/reports/comparison_18d_baselines/teacher_student_reference/student_h1_sweep/student_h1_scan96_20260326/logs/stage2_s2_s1_l4_o4_c1_seed14.log,0.9691,0.964004,0.9521999999999999,3,0.885714,"{""attn_dropout"": 0.05, ""attn_ff_dim"": 128, ""attn_heads"": 4, ""classifier_dropout"": 0.3, ""classifier_hidden"": 64, ""latent_dim"": 64, ""tcn_channels"": 64, ""tcn_dilation_base"": 2, ""tcn_dropout"": 0.05, ""tcn_kernel"": 3, ""tcn_layers"": 3}"
stage2,s2_s1_l4_o4_c2,s2_s1_l4_o4_c2,val_teacher_agreement,14,80,128,2.0,0.9,1.1,0.0,0.0003,0.00015,0.12,,,64,0.4,0.1,,2,/home/huang_kai/wind_turbine_phm/PHOENIX-main/autoencoder_benchmark/ablation_experiments/h1/results/comparison_18d_baselines/teacher_student_reference/student_h1_sweep/student_h1_scan96_20260326/stage2/s2_s1_l4_o4_c2,19,skipped_existing,distill_tcn_attn_weld_seam_windows_ws5_tf75_pg0_h1_ep80_lr0.0003_bs128_T2.0_lce0.9_lkd1.1_lf0.0_seed14,/home/huang_kai/wind_turbine_phm/PHOENIX-main/autoencoder_benchmark/ablation_experiments/h1/results/comparison_18d_baselines/teacher_student_reference/student_h1_sweep/student_h1_scan96_20260326/stage2/s2_s1_l4_o4_c2/distill_tcn_attn_weld_seam_windows_ws5_tf75_pg0_h1_ep80_lr0.0003_bs128_T2.0_lce0.9_lkd1.1_lf0.0_seed14,0.0,2,/home/huang_kai/wind_turbine_phm/PHOENIX-main/autoencoder_benchmark/outputs/teacher_h1_scan98_gpu1_v2/manifests/best_teacher_h1.json,"/usr/bin/python /home/huang_kai/wind_turbine_phm/PHOENIX-main/autoencoder_benchmark/train_distill_single_tcn_student.py --dataset-npz /home/huang_kai/wind_turbine_phm/PHOENIX-main/autoencoder_benchmark/Data/processed_data/weld_seam_windows_ws5_tf75_pg0_h1.npz --teacher-ckpt /home/huang_kai/wind_turbine_phm/PHOENIX-main/autoencoder_benchmark/outputs/teacher_h1_scan98_gpu1_v2/runs/single_tcn_attn_weld_seam_windows_ws5_tf75_pg0_h1_ep60_lr0.0003_bs128_k3_l3_d0.08_lat64_wd0.00015_seed14/best_single_tcn.pth --teacher-run-args /home/huang_kai/wind_turbine_phm/PHOENIX-main/autoencoder_benchmark/outputs/teacher_h1_scan98_gpu1_v2/runs/single_tcn_attn_weld_seam_windows_ws5_tf75_pg0_h1_ep60_lr0.0003_bs128_k3_l3_d0.08_lat64_wd0.00015_seed14/run_args.json --output-dir /home/huang_kai/wind_turbine_phm/PHOENIX-main/autoencoder_benchmark/ablation_experiments/h1/results/comparison_18d_baselines/teacher_student_reference/student_h1_sweep/student_h1_scan96_20260326/stage2/s2_s1_l4_o4_c2 --drop-feature-indices 3,4,5,6,7 --epochs 80 --batch-size 128 --lr 0.0003 --weight-decay 0.00015 --seed 14 --class-weights auto --weighted-sampler --val-ratio 0.15 --early-stop-patience 16 --min-epochs 12 --checkpoint-metric val_teacher_agreement --temperature 2.0 --lambda-ce 0.9 --lambda-kd 1.1 --lambda-feat 0.0 --student-tcn-dropout 0.12 --student-classifier-hidden 64 --student-classifier-dropout 0.4 --student-attn-dropout 0.1 --student-tcn-dilation-base 2",/home/huang_kai/wind_turbine_phm/PHOENIX-main/autoencoder_benchmark/ablation_experiments/h1/reports/comparison_18d_baselines/teacher_student_reference/student_h1_sweep/student_h1_scan96_20260326/logs/stage2_s2_s1_l4_o4_c2_seed14.log,0.9551000000000001,0.951342,0.9381999999999999,3,0.891429,"{""attn_dropout"": 0.1, ""attn_ff_dim"": 128, ""attn_heads"": 4, ""classifier_dropout"": 0.4, ""classifier_hidden"": 64, ""latent_dim"": 64, ""tcn_channels"": 64, ""tcn_dilation_base"": 2, ""tcn_dropout"": 0.12, ""tcn_kernel"": 3, ""tcn_layers"": 3}"
stage2,s2_s1_l4_o4_c3,s2_s1_l4_o4_c3,val_teacher_agreement,14,80,128,2.0,0.9,1.1,0.0,0.0003,0.00015,0.12,,48,64,0.3,0.05,,2,/home/huang_kai/wind_turbine_phm/PHOENIX-main/autoencoder_benchmark/ablation_experiments/h1/results/comparison_18d_baselines/teacher_student_reference/student_h1_sweep/student_h1_scan96_20260326/stage2/s2_s1_l4_o4_c3,20,invalid_feature_alignment,distill_tcn_attn_weld_seam_windows_ws5_tf75_pg0_h1_ep80_lr0.0003_bs128_T2.0_lce0.9_lkd1.1_lf0.0_seed14,/home/huang_kai/wind_turbine_phm/PHOENIX-main/autoencoder_benchmark/ablation_experiments/h1/results/comparison_18d_baselines/teacher_student_reference/student_h1_sweep/student_h1_scan96_20260326/stage2/s2_s1_l4_o4_c3/distill_tcn_attn_weld_seam_windows_ws5_tf75_pg0_h1_ep80_lr0.0003_bs128_T2.0_lce0.9_lkd1.1_lf0.0_seed14,0.0,2,/home/huang_kai/wind_turbine_phm/PHOENIX-main/autoencoder_benchmark/outputs/teacher_h1_scan98_gpu1_v2/manifests/best_teacher_h1.json,"/usr/bin/python /home/huang_kai/wind_turbine_phm/PHOENIX-main/autoencoder_benchmark/train_distill_single_tcn_student.py --dataset-npz /home/huang_kai/wind_turbine_phm/PHOENIX-main/autoencoder_benchmark/Data/processed_data/weld_seam_windows_ws5_tf75_pg0_h1.npz --teacher-ckpt /home/huang_kai/wind_turbine_phm/PHOENIX-main/autoencoder_benchmark/outputs/teacher_h1_scan98_gpu1_v2/runs/single_tcn_attn_weld_seam_windows_ws5_tf75_pg0_h1_ep60_lr0.0003_bs128_k3_l3_d0.08_lat64_wd0.00015_seed14/best_single_tcn.pth --teacher-run-args /home/huang_kai/wind_turbine_phm/PHOENIX-main/autoencoder_benchmark/outputs/teacher_h1_scan98_gpu1_v2/runs/single_tcn_attn_weld_seam_windows_ws5_tf75_pg0_h1_ep60_lr0.0003_bs128_k3_l3_d0.08_lat64_wd0.00015_seed14/run_args.json --output-dir /home/huang_kai/wind_turbine_phm/PHOENIX-main/autoencoder_benchmark/ablation_experiments/h1/results/comparison_18d_baselines/teacher_student_reference/student_h1_sweep/student_h1_scan96_20260326/stage2/s2_s1_l4_o4_c3 --drop-feature-indices 3,4,5,6,7 --epochs 80 --batch-size 128 --lr 0.0003 --weight-decay 0.00015 --seed 14 --class-weights auto --weighted-sampler --val-ratio 0.15 --early-stop-patience 16 --min-epochs 12 --checkpoint-metric val_teacher_agreement --temperature 2.0 --lambda-ce 0.9 --lambda-kd 1.1 --lambda-feat 0.0 --student-tcn-dropout 0.12 --student-tcn-channels 48 --student-classifier-hidden 64 --student-classifier-dropout 0.3 --student-attn-dropout 0.05 --student-tcn-dilation-base 2",/home/huang_kai/wind_turbine_phm/PHOENIX-main/autoencoder_benchmark/ablation_experiments/h1/reports/comparison_18d_baselines/teacher_student_reference/student_h1_sweep/student_h1_scan96_20260326/logs/stage2_s2_s1_l4_o4_c3_seed14.log,-1.0,-1.0,-1.0,-1,-1.0,"{""attn_dropout"": 0.05, ""attn_ff_dim"": 128, ""attn_heads"": 4, ""classifier_dropout"": 0.3, ""classifier_hidden"": 64, ""latent_dim"": 64, ""tcn_channels"": 48, ""tcn_dilation_base"": 2, ""tcn_dropout"": 0.12, ""tcn_kernel"": 3, ""tcn_layers"": 3}"
stage2,s2_s1_l4_o4_c4,s2_s1_l4_o4_c4,val_teacher_agreement,14,80,128,2.0,0.9,1.1,0.0,0.0003,0.00015,0.12,,96,128,0.3,0.05,,2,/home/huang_kai/wind_turbine_phm/PHOENIX-main/autoencoder_benchmark/ablation_experiments/h1/results/comparison_18d_baselines/teacher_student_reference/student_h1_sweep/student_h1_scan96_20260326/stage2/s2_s1_l4_o4_c4,21,invalid_feature_alignment,distill_tcn_attn_weld_seam_windows_ws5_tf75_pg0_h1_ep80_lr0.0003_bs128_T2.0_lce0.9_lkd1.1_lf0.0_seed14,/home/huang_kai/wind_turbine_phm/PHOENIX-main/autoencoder_benchmark/ablation_experiments/h1/results/comparison_18d_baselines/teacher_student_reference/student_h1_sweep/student_h1_scan96_20260326/stage2/s2_s1_l4_o4_c4/distill_tcn_attn_weld_seam_windows_ws5_tf75_pg0_h1_ep80_lr0.0003_bs128_T2.0_lce0.9_lkd1.1_lf0.0_seed14,0.0,2,/home/huang_kai/wind_turbine_phm/PHOENIX-main/autoencoder_benchmark/outputs/teacher_h1_scan98_gpu1_v2/manifests/best_teacher_h1.json,"/usr/bin/python /home/huang_kai/wind_turbine_phm/PHOENIX-main/autoencoder_benchmark/train_distill_single_tcn_student.py --dataset-npz /home/huang_kai/wind_turbine_phm/PHOENIX-main/autoencoder_benchmark/Data/processed_data/weld_seam_windows_ws5_tf75_pg0_h1.npz --teacher-ckpt /home/huang_kai/wind_turbine_phm/PHOENIX-main/autoencoder_benchmark/outputs/teacher_h1_scan98_gpu1_v2/runs/single_tcn_attn_weld_seam_windows_ws5_tf75_pg0_h1_ep60_lr0.0003_bs128_k3_l3_d0.08_lat64_wd0.00015_seed14/best_single_tcn.pth --teacher-run-args /home/huang_kai/wind_turbine_phm/PHOENIX-main/autoencoder_benchmark/outputs/teacher_h1_scan98_gpu1_v2/runs/single_tcn_attn_weld_seam_windows_ws5_tf75_pg0_h1_ep60_lr0.0003_bs128_k3_l3_d0.08_lat64_wd0.00015_seed14/run_args.json --output-dir /home/huang_kai/wind_turbine_phm/PHOENIX-main/autoencoder_benchmark/ablation_experiments/h1/results/comparison_18d_baselines/teacher_student_reference/student_h1_sweep/student_h1_scan96_20260326/stage2/s2_s1_l4_o4_c4 --drop-feature-indices 3,4,5,6,7 --epochs 80 --batch-size 128 --lr 0.0003 --weight-decay 0.00015 --seed 14 --class-weights auto --weighted-sampler --val-ratio 0.15 --early-stop-patience 16 --min-epochs 12 --checkpoint-metric val_teacher_agreement --temperature 2.0 --lambda-ce 0.9 --lambda-kd 1.1 --lambda-feat 0.0 --student-tcn-dropout 0.12 --student-tcn-channels 96 --student-classifier-hidden 128 --student-classifier-dropout 0.3 --student-attn-dropout 0.05 --student-tcn-dilation-base 2",/home/huang_kai/wind_turbine_phm/PHOENIX-main/autoencoder_benchmark/ablation_experiments/h1/reports/comparison_18d_baselines/teacher_student_reference/student_h1_sweep/student_h1_scan96_20260326/logs/stage2_s2_s1_l4_o4_c4_seed14.log,-1.0,-1.0,-1.0,-1,-1.0,"{""attn_dropout"": 0.05, ""attn_ff_dim"": 128, ""attn_heads"": 4, ""classifier_dropout"": 0.3, ""classifier_hidden"": 128, ""latent_dim"": 64, ""tcn_channels"": 96, ""tcn_dilation_base"": 2, ""tcn_dropout"": 0.12, ""tcn_kernel"": 3, ""tcn_layers"": 3}"
stage2,s2_s1_l4_o4_c5,s2_s1_l4_o4_c5,val_teacher_agreement,14,80,128,2.0,0.9,1.1,0.0,0.0003,0.00015,0.12,2,64,64,0.3,0.05,,2,/home/huang_kai/wind_turbine_phm/PHOENIX-main/autoencoder_benchmark/ablation_experiments/h1/results/comparison_18d_baselines/teacher_student_reference/student_h1_sweep/student_h1_scan96_20260326/stage2/s2_s1_l4_o4_c5,22,skipped_existing,distill_tcn_attn_weld_seam_windows_ws5_tf75_pg0_h1_ep80_lr0.0003_bs128_T2.0_lce0.9_lkd1.1_lf0.0_seed14,/home/huang_kai/wind_turbine_phm/PHOENIX-main/autoencoder_benchmark/ablation_experiments/h1/results/comparison_18d_baselines/teacher_student_reference/student_h1_sweep/student_h1_scan96_20260326/stage2/s2_s1_l4_o4_c5/distill_tcn_attn_weld_seam_windows_ws5_tf75_pg0_h1_ep80_lr0.0003_bs128_T2.0_lce0.9_lkd1.1_lf0.0_seed14,0.0,2,/home/huang_kai/wind_turbine_phm/PHOENIX-main/autoencoder_benchmark/outputs/teacher_h1_scan98_gpu1_v2/manifests/best_teacher_h1.json,"/usr/bin/python /home/huang_kai/wind_turbine_phm/PHOENIX-main/autoencoder_benchmark/train_distill_single_tcn_student.py --dataset-npz /home/huang_kai/wind_turbine_phm/PHOENIX-main/autoencoder_benchmark/Data/processed_data/weld_seam_windows_ws5_tf75_pg0_h1.npz --teacher-ckpt /home/huang_kai/wind_turbine_phm/PHOENIX-main/autoencoder_benchmark/outputs/teacher_h1_scan98_gpu1_v2/runs/single_tcn_attn_weld_seam_windows_ws5_tf75_pg0_h1_ep60_lr0.0003_bs128_k3_l3_d0.08_lat64_wd0.00015_seed14/best_single_tcn.pth --teacher-run-args /home/huang_kai/wind_turbine_phm/PHOENIX-main/autoencoder_benchmark/outputs/teacher_h1_scan98_gpu1_v2/runs/single_tcn_attn_weld_seam_windows_ws5_tf75_pg0_h1_ep60_lr0.0003_bs128_k3_l3_d0.08_lat64_wd0.00015_seed14/run_args.json --output-dir /home/huang_kai/wind_turbine_phm/PHOENIX-main/autoencoder_benchmark/ablation_experiments/h1/results/comparison_18d_baselines/teacher_student_reference/student_h1_sweep/student_h1_scan96_20260326/stage2/s2_s1_l4_o4_c5 --drop-feature-indices 3,4,5,6,7 --epochs 80 --batch-size 128 --lr 0.0003 --weight-decay 0.00015 --seed 14 --class-weights auto --weighted-sampler --val-ratio 0.15 --early-stop-patience 16 --min-epochs 12 --checkpoint-metric val_teacher_agreement --temperature 2.0 --lambda-ce 0.9 --lambda-kd 1.1 --lambda-feat 0.0 --student-tcn-dropout 0.12 --student-tcn-layers 2 --student-tcn-channels 64 --student-classifier-hidden 64 --student-classifier-dropout 0.3 --student-attn-dropout 0.05 --student-tcn-dilation-base 2",/home/huang_kai/wind_turbine_phm/PHOENIX-main/autoencoder_benchmark/ablation_experiments/h1/reports/comparison_18d_baselines/teacher_student_reference/student_h1_sweep/student_h1_scan96_20260326/logs/stage2_s2_s1_l4_o4_c5_seed14.log,0.9466,0.931336,0.9466,3,0.885714,"{""attn_dropout"": 0.05, ""attn_ff_dim"": 128, ""attn_heads"": 4, ""classifier_dropout"": 0.3, ""classifier_hidden"": 64, ""latent_dim"": 64, ""tcn_channels"": 64, ""tcn_dilation_base"": 2, ""tcn_dropout"": 0.12, ""tcn_kernel"": 3, ""tcn_layers"": 2}"
stage2,s2_s1_l4_o4_c6,s2_s1_l4_o4_c6,val_teacher_agreement,14,80,128,2.0,0.9,1.1,0.0,0.0003,0.00015,0.12,,64,128,0.25,0.05,192,2,/home/huang_kai/wind_turbine_phm/PHOENIX-main/autoencoder_benchmark/ablation_experiments/h1/results/comparison_18d_baselines/teacher_student_reference/student_h1_sweep/student_h1_scan96_20260326/stage2/s2_s1_l4_o4_c6,23,skipped_existing,distill_tcn_attn_weld_seam_windows_ws5_tf75_pg0_h1_ep80_lr0.0003_bs128_T2.0_lce0.9_lkd1.1_lf0.0_seed14,/home/huang_kai/wind_turbine_phm/PHOENIX-main/autoencoder_benchmark/ablation_experiments/h1/results/comparison_18d_baselines/teacher_student_reference/student_h1_sweep/student_h1_scan96_20260326/stage2/s2_s1_l4_o4_c6/distill_tcn_attn_weld_seam_windows_ws5_tf75_pg0_h1_ep80_lr0.0003_bs128_T2.0_lce0.9_lkd1.1_lf0.0_seed14,0.0,2,/home/huang_kai/wind_turbine_phm/PHOENIX-main/autoencoder_benchmark/outputs/teacher_h1_scan98_gpu1_v2/manifests/best_teacher_h1.json,"/usr/bin/python /home/huang_kai/wind_turbine_phm/PHOENIX-main/autoencoder_benchmark/train_distill_single_tcn_student.py --dataset-npz /home/huang_kai/wind_turbine_phm/PHOENIX-main/autoencoder_benchmark/Data/processed_data/weld_seam_windows_ws5_tf75_pg0_h1.npz --teacher-ckpt /home/huang_kai/wind_turbine_phm/PHOENIX-main/autoencoder_benchmark/outputs/teacher_h1_scan98_gpu1_v2/runs/single_tcn_attn_weld_seam_windows_ws5_tf75_pg0_h1_ep60_lr0.0003_bs128_k3_l3_d0.08_lat64_wd0.00015_seed14/best_single_tcn.pth --teacher-run-args /home/huang_kai/wind_turbine_phm/PHOENIX-main/autoencoder_benchmark/outputs/teacher_h1_scan98_gpu1_v2/runs/single_tcn_attn_weld_seam_windows_ws5_tf75_pg0_h1_ep60_lr0.0003_bs128_k3_l3_d0.08_lat64_wd0.00015_seed14/run_args.json --output-dir /home/huang_kai/wind_turbine_phm/PHOENIX-main/autoencoder_benchmark/ablation_experiments/h1/results/comparison_18d_baselines/teacher_student_reference/student_h1_sweep/student_h1_scan96_20260326/stage2/s2_s1_l4_o4_c6 --drop-feature-indices 3,4,5,6,7 --epochs 80 --batch-size 128 --lr 0.0003 --weight-decay 0.00015 --seed 14 --class-weights auto --weighted-sampler --val-ratio 0.15 --early-stop-patience 16 --min-epochs 12 --checkpoint-metric val_teacher_agreement --temperature 2.0 --lambda-ce 0.9 --lambda-kd 1.1 --lambda-feat 0.0 --student-tcn-dropout 0.12 --student-tcn-channels 64 --student-classifier-hidden 128 --student-classifier-dropout 0.25 --student-attn-dropout 0.05 --student-attn-ff-dim 192 --student-tcn-dilation-base 2",/home/huang_kai/wind_turbine_phm/PHOENIX-main/autoencoder_benchmark/ablation_experiments/h1/reports/comparison_18d_baselines/teacher_student_reference/student_h1_sweep/student_h1_scan96_20260326/logs/stage2_s2_s1_l4_o4_c6_seed14.log,0.9551000000000001,0.953686,0.9381999999999999,2,0.897143,"{""attn_dropout"": 0.05, ""attn_ff_dim"": 192, ""attn_heads"": 4, ""classifier_dropout"": 0.25, ""classifier_hidden"": 128, ""latent_dim"": 64, ""tcn_channels"": 64, ""tcn_dilation_base"": 2, ""tcn_dropout"": 0.12, ""tcn_kernel"": 3, ""tcn_layers"": 3}"
stage2,s2_s1_l4_o4_c7,s2_s1_l4_o4_c7,val_teacher_agreement,14,80,128,2.0,0.9,1.1,0.0,0.0003,0.00015,0.12,,64,64,0.3,0.05,,1,/home/huang_kai/wind_turbine_phm/PHOENIX-main/autoencoder_benchmark/ablation_experiments/h1/results/comparison_18d_baselines/teacher_student_reference/student_h1_sweep/student_h1_scan96_20260326/stage2/s2_s1_l4_o4_c7,24,skipped_existing,distill_tcn_attn_weld_seam_windows_ws5_tf75_pg0_h1_ep80_lr0.0003_bs128_T2.0_lce0.9_lkd1.1_lf0.0_seed14,/home/huang_kai/wind_turbine_phm/PHOENIX-main/autoencoder_benchmark/ablation_experiments/h1/results/comparison_18d_baselines/teacher_student_reference/student_h1_sweep/student_h1_scan96_20260326/stage2/s2_s1_l4_o4_c7/distill_tcn_attn_weld_seam_windows_ws5_tf75_pg0_h1_ep80_lr0.0003_bs128_T2.0_lce0.9_lkd1.1_lf0.0_seed14,0.0,2,/home/huang_kai/wind_turbine_phm/PHOENIX-main/autoencoder_benchmark/outputs/teacher_h1_scan98_gpu1_v2/manifests/best_teacher_h1.json,"/usr/bin/python /home/huang_kai/wind_turbine_phm/PHOENIX-main/autoencoder_benchmark/train_distill_single_tcn_student.py --dataset-npz /home/huang_kai/wind_turbine_phm/PHOENIX-main/autoencoder_benchmark/Data/processed_data/weld_seam_windows_ws5_tf75_pg0_h1.npz --teacher-ckpt /home/huang_kai/wind_turbine_phm/PHOENIX-main/autoencoder_benchmark/outputs/teacher_h1_scan98_gpu1_v2/runs/single_tcn_attn_weld_seam_windows_ws5_tf75_pg0_h1_ep60_lr0.0003_bs128_k3_l3_d0.08_lat64_wd0.00015_seed14/best_single_tcn.pth --teacher-run-args /home/huang_kai/wind_turbine_phm/PHOENIX-main/autoencoder_benchmark/outputs/teacher_h1_scan98_gpu1_v2/runs/single_tcn_attn_weld_seam_windows_ws5_tf75_pg0_h1_ep60_lr0.0003_bs128_k3_l3_d0.08_lat64_wd0.00015_seed14/run_args.json --output-dir /home/huang_kai/wind_turbine_phm/PHOENIX-main/autoencoder_benchmark/ablation_experiments/h1/results/comparison_18d_baselines/teacher_student_reference/student_h1_sweep/student_h1_scan96_20260326/stage2/s2_s1_l4_o4_c7 --drop-feature-indices 3,4,5,6,7 --epochs 80 --batch-size 128 --lr 0.0003 --weight-decay 0.00015 --seed 14 --class-weights auto --weighted-sampler --val-ratio 0.15 --early-stop-patience 16 --min-epochs 12 --checkpoint-metric val_teacher_agreement --temperature 2.0 --lambda-ce 0.9 --lambda-kd 1.1 --lambda-feat 0.0 --student-tcn-dropout 0.12 --student-tcn-channels 64 --student-classifier-hidden 64 --student-classifier-dropout 0.3 --student-attn-dropout 0.05 --student-tcn-dilation-base 1",/home/huang_kai/wind_turbine_phm/PHOENIX-main/autoencoder_benchmark/ablation_experiments/h1/reports/comparison_18d_baselines/teacher_student_reference/student_h1_sweep/student_h1_scan96_20260326/logs/stage2_s2_s1_l4_o4_c7_seed14.log,0.9775,0.971053,0.9662999999999999,3,0.897143,"{""attn_dropout"": 0.05, ""attn_ff_dim"": 128, ""attn_heads"": 4, ""classifier_dropout"": 0.3, ""classifier_hidden"": 64, ""latent_dim"": 64, ""tcn_channels"": 64, ""tcn_dilation_base"": 1, ""tcn_dropout"": 0.12, ""tcn_kernel"": 3, ""tcn_layers"": 3}"
stage3,s3_s2_s1_l3_o2_c2_r1,s3_s2_s1_l3_o2_c2_r1,val_teacher_agreement,14,80,128,3.5,0.7,1.4,0.3,0.00015000000000000001,0.00015,0.12,,,64,0.4,0.1,,2,/home/huang_kai/wind_turbine_phm/PHOENIX-main/autoencoder_benchmark/ablation_experiments/h1/results/comparison_18d_baselines/teacher_student_reference/student_h1_sweep/student_h1_scan96_20260326/stage3/s3_s2_s1_l3_o2_c2_r1,1,skipped_existing,distill_tcn_attn_weld_seam_windows_ws5_tf75_pg0_h1_ep80_lr0.00015000000000000001_bs128_T3.5_lce0.7_lkd1.4_lf0.3_seed14,/home/huang_kai/wind_turbine_phm/PHOENIX-main/autoencoder_benchmark/ablation_experiments/h1/results/comparison_18d_baselines/teacher_student_reference/student_h1_sweep/student_h1_scan96_20260326/stage3/s3_s2_s1_l3_o2_c2_r1/distill_tcn_attn_weld_seam_windows_ws5_tf75_pg0_h1_ep80_lr0.00015000000000000001_bs128_T3.5_lce0.7_lkd1.4_lf0.3_seed14,0.0,2,/home/huang_kai/wind_turbine_phm/PHOENIX-main/autoencoder_benchmark/outputs/teacher_h1_scan98_gpu1_v2/manifests/best_teacher_h1.json,"/usr/bin/python /home/huang_kai/wind_turbine_phm/PHOENIX-main/autoencoder_benchmark/train_distill_single_tcn_student.py --dataset-npz /home/huang_kai/wind_turbine_phm/PHOENIX-main/autoencoder_benchmark/Data/processed_data/weld_seam_windows_ws5_tf75_pg0_h1.npz --teacher-ckpt /home/huang_kai/wind_turbine_phm/PHOENIX-main/autoencoder_benchmark/outputs/teacher_h1_scan98_gpu1_v2/runs/single_tcn_attn_weld_seam_windows_ws5_tf75_pg0_h1_ep60_lr0.0003_bs128_k3_l3_d0.08_lat64_wd0.00015_seed14/best_single_tcn.pth --teacher-run-args /home/huang_kai/wind_turbine_phm/PHOENIX-main/autoencoder_benchmark/outputs/teacher_h1_scan98_gpu1_v2/runs/single_tcn_attn_weld_seam_windows_ws5_tf75_pg0_h1_ep60_lr0.0003_bs128_k3_l3_d0.08_lat64_wd0.00015_seed14/run_args.json --output-dir /home/huang_kai/wind_turbine_phm/PHOENIX-main/autoencoder_benchmark/ablation_experiments/h1/results/comparison_18d_baselines/teacher_student_reference/student_h1_sweep/student_h1_scan96_20260326/stage3/s3_s2_s1_l3_o2_c2_r1 --drop-feature-indices 3,4,5,6,7 --epochs 80 --batch-size 128 --lr 0.00015000000000000001 --weight-decay 0.00015 --seed 14 --class-weights auto --weighted-sampler --val-ratio 0.15 --early-stop-patience 16 --min-epochs 12 --checkpoint-metric val_teacher_agreement --temperature 3.5 --lambda-ce 0.7 --lambda-kd 1.4 --lambda-feat 0.3 --student-tcn-dropout 0.12 --student-classifier-hidden 64 --student-classifier-dropout 0.4 --student-attn-dropout 0.1 --student-tcn-dilation-base 2",/home/huang_kai/wind_turbine_phm/PHOENIX-main/autoencoder_benchmark/ablation_experiments/h1/reports/comparison_18d_baselines/teacher_student_reference/student_h1_sweep/student_h1_scan96_20260326/logs/stage3_s3_s2_s1_l3_o2_c2_r1_seed14.log,0.9298000000000001,0.92316,0.9129,4,0.891429,"{""attn_dropout"": 0.1, ""attn_ff_dim"": 128, ""attn_heads"": 4, ""classifier_dropout"": 0.4, ""classifier_hidden"": 64, ""latent_dim"": 64, ""tcn_channels"": 64, ""tcn_dilation_base"": 2, ""tcn_dropout"": 0.12, ""tcn_kernel"": 3, ""tcn_layers"": 3}"
stage3,s3_s2_s1_l3_o2_c2_r2,s3_s2_s1_l3_o2_c2_r2,val_teacher_agreement,14,80,128,3.5,0.7,1.4,0.3,0.00025,0.00015,0.12,,,64,0.4,0.1,,2,/home/huang_kai/wind_turbine_phm/PHOENIX-main/autoencoder_benchmark/ablation_experiments/h1/results/comparison_18d_baselines/teacher_student_reference/student_h1_sweep/student_h1_scan96_20260326/stage3/s3_s2_s1_l3_o2_c2_r2,2,skipped_existing,distill_tcn_attn_weld_seam_windows_ws5_tf75_pg0_h1_ep80_lr0.00025_bs128_T3.5_lce0.7_lkd1.4_lf0.3_seed14,/home/huang_kai/wind_turbine_phm/PHOENIX-main/autoencoder_benchmark/ablation_experiments/h1/results/comparison_18d_baselines/teacher_student_reference/student_h1_sweep/student_h1_scan96_20260326/stage3/s3_s2_s1_l3_o2_c2_r2/distill_tcn_attn_weld_seam_windows_ws5_tf75_pg0_h1_ep80_lr0.00025_bs128_T3.5_lce0.7_lkd1.4_lf0.3_seed14,0.0,2,/home/huang_kai/wind_turbine_phm/PHOENIX-main/autoencoder_benchmark/outputs/teacher_h1_scan98_gpu1_v2/manifests/best_teacher_h1.json,"/usr/bin/python /home/huang_kai/wind_turbine_phm/PHOENIX-main/autoencoder_benchmark/train_distill_single_tcn_student.py --dataset-npz /home/huang_kai/wind_turbine_phm/PHOENIX-main/autoencoder_benchmark/Data/processed_data/weld_seam_windows_ws5_tf75_pg0_h1.npz --teacher-ckpt /home/huang_kai/wind_turbine_phm/PHOENIX-main/autoencoder_benchmark/outputs/teacher_h1_scan98_gpu1_v2/runs/single_tcn_attn_weld_seam_windows_ws5_tf75_pg0_h1_ep60_lr0.0003_bs128_k3_l3_d0.08_lat64_wd0.00015_seed14/best_single_tcn.pth --teacher-run-args /home/huang_kai/wind_turbine_phm/PHOENIX-main/autoencoder_benchmark/outputs/teacher_h1_scan98_gpu1_v2/runs/single_tcn_attn_weld_seam_windows_ws5_tf75_pg0_h1_ep60_lr0.0003_bs128_k3_l3_d0.08_lat64_wd0.00015_seed14/run_args.json --output-dir /home/huang_kai/wind_turbine_phm/PHOENIX-main/autoencoder_benchmark/ablation_experiments/h1/results/comparison_18d_baselines/teacher_student_reference/student_h1_sweep/student_h1_scan96_20260326/stage3/s3_s2_s1_l3_o2_c2_r2 --drop-feature-indices 3,4,5,6,7 --epochs 80 --batch-size 128 --lr 0.00025 --weight-decay 0.00015 --seed 14 --class-weights auto --weighted-sampler --val-ratio 0.15 --early-stop-patience 16 --min-epochs 12 --checkpoint-metric val_teacher_agreement --temperature 3.5 --lambda-ce 0.7 --lambda-kd 1.4 --lambda-feat 0.3 --student-tcn-dropout 0.12 --student-classifier-hidden 64 --student-classifier-dropout 0.4 --student-attn-dropout 0.1 --student-tcn-dilation-base 2",/home/huang_kai/wind_turbine_phm/PHOENIX-main/autoencoder_benchmark/ablation_experiments/h1/reports/comparison_18d_baselines/teacher_student_reference/student_h1_sweep/student_h1_scan96_20260326/logs/stage3_s3_s2_s1_l3_o2_c2_r2_seed14.log,0.9073,0.906597,0.8961,3,0.908571,"{""attn_dropout"": 0.1, ""attn_ff_dim"": 128, ""attn_heads"": 4, ""classifier_dropout"": 0.4, ""classifier_hidden"": 64, ""latent_dim"": 64, ""tcn_channels"": 64, ""tcn_dilation_base"": 2, ""tcn_dropout"": 0.12, ""tcn_kernel"": 3, ""tcn_layers"": 3}"
stage3,s3_s2_s1_l3_o2_c2_r3,s3_s2_s1_l3_o2_c2_r3,val_teacher_agreement,14,80,128,4.0,0.7,1.4,0.3,0.0002,0.00015,0.12,,,64,0.4,0.1,,2,/home/huang_kai/wind_turbine_phm/PHOENIX-main/autoencoder_benchmark/ablation_experiments/h1/results/comparison_18d_baselines/teacher_student_reference/student_h1_sweep/student_h1_scan96_20260326/stage3/s3_s2_s1_l3_o2_c2_r3,3,skipped_existing,distill_tcn_attn_weld_seam_windows_ws5_tf75_pg0_h1_ep80_lr0.0002_bs128_T4.0_lce0.7_lkd1.4_lf0.3_seed14,/home/huang_kai/wind_turbine_phm/PHOENIX-main/autoencoder_benchmark/ablation_experiments/h1/results/comparison_18d_baselines/teacher_student_reference/student_h1_sweep/student_h1_scan96_20260326/stage3/s3_s2_s1_l3_o2_c2_r3/distill_tcn_attn_weld_seam_windows_ws5_tf75_pg0_h1_ep80_lr0.0002_bs128_T4.0_lce0.7_lkd1.4_lf0.3_seed14,0.0,2,/home/huang_kai/wind_turbine_phm/PHOENIX-main/autoencoder_benchmark/outputs/teacher_h1_scan98_gpu1_v2/manifests/best_teacher_h1.json,"/usr/bin/python /home/huang_kai/wind_turbine_phm/PHOENIX-main/autoencoder_benchmark/train_distill_single_tcn_student.py --dataset-npz /home/huang_kai/wind_turbine_phm/PHOENIX-main/autoencoder_benchmark/Data/processed_data/weld_seam_windows_ws5_tf75_pg0_h1.npz --teacher-ckpt /home/huang_kai/wind_turbine_phm/PHOENIX-main/autoencoder_benchmark/outputs/teacher_h1_scan98_gpu1_v2/runs/single_tcn_attn_weld_seam_windows_ws5_tf75_pg0_h1_ep60_lr0.0003_bs128_k3_l3_d0.08_lat64_wd0.00015_seed14/best_single_tcn.pth --teacher-run-args /home/huang_kai/wind_turbine_phm/PHOENIX-main/autoencoder_benchmark/outputs/teacher_h1_scan98_gpu1_v2/runs/single_tcn_attn_weld_seam_windows_ws5_tf75_pg0_h1_ep60_lr0.0003_bs128_k3_l3_d0.08_lat64_wd0.00015_seed14/run_args.json --output-dir /home/huang_kai/wind_turbine_phm/PHOENIX-main/autoencoder_benchmark/ablation_experiments/h1/results/comparison_18d_baselines/teacher_student_reference/student_h1_sweep/student_h1_scan96_20260326/stage3/s3_s2_s1_l3_o2_c2_r3 --drop-feature-indices 3,4,5,6,7 --epochs 80 --batch-size 128 --lr 0.0002 --weight-decay 0.00015 --seed 14 --class-weights auto --weighted-sampler --val-ratio 0.15 --early-stop-patience 16 --min-epochs 12 --checkpoint-metric val_teacher_agreement --temperature 4.0 --lambda-ce 0.7 --lambda-kd 1.4 --lambda-feat 0.3 --student-tcn-dropout 0.12 --student-classifier-hidden 64 --student-classifier-dropout 0.4 --student-attn-dropout 0.1 --student-tcn-dilation-base 2",/home/huang_kai/wind_turbine_phm/PHOENIX-main/autoencoder_benchmark/ablation_experiments/h1/reports/comparison_18d_baselines/teacher_student_reference/student_h1_sweep/student_h1_scan96_20260326/logs/stage3_s3_s2_s1_l3_o2_c2_r3_seed14.log,0.9803000000000001,0.973757,0.9634999999999999,4,0.891429,"{""attn_dropout"": 0.1, ""attn_ff_dim"": 128, ""attn_heads"": 4, ""classifier_dropout"": 0.4, ""classifier_hidden"": 64, ""latent_dim"": 64, ""tcn_channels"": 64, ""tcn_dilation_base"": 2, ""tcn_dropout"": 0.12, ""tcn_kernel"": 3, ""tcn_layers"": 3}"
stage3,s3_s2_s1_l3_o2_c2_r4,s3_s2_s1_l3_o2_c2_r4,val_teacher_agreement,14,80,128,3.5,0.6,1.5999999999999999,0.3,0.0002,0.00015,0.12,,,64,0.4,0.1,,2,/home/huang_kai/wind_turbine_phm/PHOENIX-main/autoencoder_benchmark/ablation_experiments/h1/results/comparison_18d_baselines/teacher_student_reference/student_h1_sweep/student_h1_scan96_20260326/stage3/s3_s2_s1_l3_o2_c2_r4,4,skipped_existing,distill_tcn_attn_weld_seam_windows_ws5_tf75_pg0_h1_ep80_lr0.0002_bs128_T3.5_lce0.6_lkd1.5999999999999999_lf0.3_seed14,/home/huang_kai/wind_turbine_phm/PHOENIX-main/autoencoder_benchmark/ablation_experiments/h1/results/comparison_18d_baselines/teacher_student_reference/student_h1_sweep/student_h1_scan96_20260326/stage3/s3_s2_s1_l3_o2_c2_r4/distill_tcn_attn_weld_seam_windows_ws5_tf75_pg0_h1_ep80_lr0.0002_bs128_T3.5_lce0.6_lkd1.5999999999999999_lf0.3_seed14,0.0,2,/home/huang_kai/wind_turbine_phm/PHOENIX-main/autoencoder_benchmark/outputs/teacher_h1_scan98_gpu1_v2/manifests/best_teacher_h1.json,"/usr/bin/python /home/huang_kai/wind_turbine_phm/PHOENIX-main/autoencoder_benchmark/train_distill_single_tcn_student.py --dataset-npz /home/huang_kai/wind_turbine_phm/PHOENIX-main/autoencoder_benchmark/Data/processed_data/weld_seam_windows_ws5_tf75_pg0_h1.npz --teacher-ckpt /home/huang_kai/wind_turbine_phm/PHOENIX-main/autoencoder_benchmark/outputs/teacher_h1_scan98_gpu1_v2/runs/single_tcn_attn_weld_seam_windows_ws5_tf75_pg0_h1_ep60_lr0.0003_bs128_k3_l3_d0.08_lat64_wd0.00015_seed14/best_single_tcn.pth --teacher-run-args /home/huang_kai/wind_turbine_phm/PHOENIX-main/autoencoder_benchmark/outputs/teacher_h1_scan98_gpu1_v2/runs/single_tcn_attn_weld_seam_windows_ws5_tf75_pg0_h1_ep60_lr0.0003_bs128_k3_l3_d0.08_lat64_wd0.00015_seed14/run_args.json --output-dir /home/huang_kai/wind_turbine_phm/PHOENIX-main/autoencoder_benchmark/ablation_experiments/h1/results/comparison_18d_baselines/teacher_student_reference/student_h1_sweep/student_h1_scan96_20260326/stage3/s3_s2_s1_l3_o2_c2_r4 --drop-feature-indices 3,4,5,6,7 --epochs 80 --batch-size 128 --lr 0.0002 --weight-decay 0.00015 --seed 14 --class-weights auto --weighted-sampler --val-ratio 0.15 --early-stop-patience 16 --min-epochs 12 --checkpoint-metric val_teacher_agreement --temperature 3.5 --lambda-ce 0.6 --lambda-kd 1.5999999999999999 --lambda-feat 0.3 --student-tcn-dropout 0.12 --student-classifier-hidden 64 --student-classifier-dropout 0.4 --student-attn-dropout 0.1 --student-tcn-dilation-base 2",/home/huang_kai/wind_turbine_phm/PHOENIX-main/autoencoder_benchmark/ablation_experiments/h1/reports/comparison_18d_baselines/teacher_student_reference/student_h1_sweep/student_h1_scan96_20260326/logs/stage3_s3_s2_s1_l3_o2_c2_r4_seed14.log,0.9691,0.963039,0.9521999999999999,4,0.897143,"{""attn_dropout"": 0.1, ""attn_ff_dim"": 128, ""attn_heads"": 4, ""classifier_dropout"": 0.4, ""classifier_hidden"": 64, ""latent_dim"": 64, ""tcn_channels"": 64, ""tcn_dilation_base"": 2, ""tcn_dropout"": 0.12, ""tcn_kernel"": 3, ""tcn_layers"": 3}"
stage3,s3_s2_s1_l3_o2_c2_r5,s3_s2_s1_l3_o2_c2_r5,val_teacher_agreement,14,80,128,3.5,0.7,1.5,0.3,0.0002,0.00015,0.12,,,64,0.4,0.1,,2,/home/huang_kai/wind_turbine_phm/PHOENIX-main/autoencoder_benchmark/ablation_experiments/h1/results/comparison_18d_baselines/teacher_student_reference/student_h1_sweep/student_h1_scan96_20260326/stage3/s3_s2_s1_l3_o2_c2_r5,5,skipped_existing,distill_tcn_attn_weld_seam_windows_ws5_tf75_pg0_h1_ep80_lr0.0002_bs128_T3.5_lce0.7_lkd1.5_lf0.3_seed14,/home/huang_kai/wind_turbine_phm/PHOENIX-main/autoencoder_benchmark/ablation_experiments/h1/results/comparison_18d_baselines/teacher_student_reference/student_h1_sweep/student_h1_scan96_20260326/stage3/s3_s2_s1_l3_o2_c2_r5/distill_tcn_attn_weld_seam_windows_ws5_tf75_pg0_h1_ep80_lr0.0002_bs128_T3.5_lce0.7_lkd1.5_lf0.3_seed14,0.0,2,/home/huang_kai/wind_turbine_phm/PHOENIX-main/autoencoder_benchmark/outputs/teacher_h1_scan98_gpu1_v2/manifests/best_teacher_h1.json,"/usr/bin/python /home/huang_kai/wind_turbine_phm/PHOENIX-main/autoencoder_benchmark/train_distill_single_tcn_student.py --dataset-npz /home/huang_kai/wind_turbine_phm/PHOENIX-main/autoencoder_benchmark/Data/processed_data/weld_seam_windows_ws5_tf75_pg0_h1.npz --teacher-ckpt /home/huang_kai/wind_turbine_phm/PHOENIX-main/autoencoder_benchmark/outputs/teacher_h1_scan98_gpu1_v2/runs/single_tcn_attn_weld_seam_windows_ws5_tf75_pg0_h1_ep60_lr0.0003_bs128_k3_l3_d0.08_lat64_wd0.00015_seed14/best_single_tcn.pth --teacher-run-args /home/huang_kai/wind_turbine_phm/PHOENIX-main/autoencoder_benchmark/outputs/teacher_h1_scan98_gpu1_v2/runs/single_tcn_attn_weld_seam_windows_ws5_tf75_pg0_h1_ep60_lr0.0003_bs128_k3_l3_d0.08_lat64_wd0.00015_seed14/run_args.json --output-dir /home/huang_kai/wind_turbine_phm/PHOENIX-main/autoencoder_benchmark/ablation_experiments/h1/results/comparison_18d_baselines/teacher_student_reference/student_h1_sweep/student_h1_scan96_20260326/stage3/s3_s2_s1_l3_o2_c2_r5 --drop-feature-indices 3,4,5,6,7 --epochs 80 --batch-size 128 --lr 0.0002 --weight-decay 0.00015 --seed 14 --class-weights auto --weighted-sampler --val-ratio 0.15 --early-stop-patience 16 --min-epochs 12 --checkpoint-metric val_teacher_agreement --temperature 3.5 --lambda-ce 0.7 --lambda-kd 1.5 --lambda-feat 0.3 --student-tcn-dropout 0.12 --student-classifier-hidden 64 --student-classifier-dropout 0.4 --student-attn-dropout 0.1 --student-tcn-dilation-base 2",/home/huang_kai/wind_turbine_phm/PHOENIX-main/autoencoder_benchmark/ablation_experiments/h1/reports/comparison_18d_baselines/teacher_student_reference/student_h1_sweep/student_h1_scan96_20260326/logs/stage3_s3_s2_s1_l3_o2_c2_r5_seed14.log,0.9803000000000001,0.973757,0.9634999999999999,4,0.891429,"{""attn_dropout"": 0.1, ""attn_ff_dim"": 128, ""attn_heads"": 4, ""classifier_dropout"": 0.4, ""classifier_hidden"": 64, ""latent_dim"": 64, ""tcn_channels"": 64, ""tcn_dilation_base"": 2, ""tcn_dropout"": 0.12, ""tcn_kernel"": 3, ""tcn_layers"": 3}"
stage3,s3_s2_s1_l4_o4_c7_r1,s3_s2_s1_l4_o4_c7_r1,val_teacher_agreement,14,80,128,2.0,0.9,1.1,0.0,0.00024999999999999995,0.00015,0.12,,64,64,0.3,0.05,,1,/home/huang_kai/wind_turbine_phm/PHOENIX-main/autoencoder_benchmark/ablation_experiments/h1/results/comparison_18d_baselines/teacher_student_reference/student_h1_sweep/student_h1_scan96_20260326/stage3/s3_s2_s1_l4_o4_c7_r1,6,skipped_existing,distill_tcn_attn_weld_seam_windows_ws5_tf75_pg0_h1_ep80_lr0.00024999999999999995_bs128_T2.0_lce0.9_lkd1.1_lf0.0_seed14,/home/huang_kai/wind_turbine_phm/PHOENIX-main/autoencoder_benchmark/ablation_experiments/h1/results/comparison_18d_baselines/teacher_student_reference/student_h1_sweep/student_h1_scan96_20260326/stage3/s3_s2_s1_l4_o4_c7_r1/distill_tcn_attn_weld_seam_windows_ws5_tf75_pg0_h1_ep80_lr0.00024999999999999995_bs128_T2.0_lce0.9_lkd1.1_lf0.0_seed14,0.0,2,/home/huang_kai/wind_turbine_phm/PHOENIX-main/autoencoder_benchmark/outputs/teacher_h1_scan98_gpu1_v2/manifests/best_teacher_h1.json,"/usr/bin/python /home/huang_kai/wind_turbine_phm/PHOENIX-main/autoencoder_benchmark/train_distill_single_tcn_student.py --dataset-npz /home/huang_kai/wind_turbine_phm/PHOENIX-main/autoencoder_benchmark/Data/processed_data/weld_seam_windows_ws5_tf75_pg0_h1.npz --teacher-ckpt /home/huang_kai/wind_turbine_phm/PHOENIX-main/autoencoder_benchmark/outputs/teacher_h1_scan98_gpu1_v2/runs/single_tcn_attn_weld_seam_windows_ws5_tf75_pg0_h1_ep60_lr0.0003_bs128_k3_l3_d0.08_lat64_wd0.00015_seed14/best_single_tcn.pth --teacher-run-args /home/huang_kai/wind_turbine_phm/PHOENIX-main/autoencoder_benchmark/outputs/teacher_h1_scan98_gpu1_v2/runs/single_tcn_attn_weld_seam_windows_ws5_tf75_pg0_h1_ep60_lr0.0003_bs128_k3_l3_d0.08_lat64_wd0.00015_seed14/run_args.json --output-dir /home/huang_kai/wind_turbine_phm/PHOENIX-main/autoencoder_benchmark/ablation_experiments/h1/results/comparison_18d_baselines/teacher_student_reference/student_h1_sweep/student_h1_scan96_20260326/stage3/s3_s2_s1_l4_o4_c7_r1 --drop-feature-indices 3,4,5,6,7 --epochs 80 --batch-size 128 --lr 0.00024999999999999995 --weight-decay 0.00015 --seed 14 --class-weights auto --weighted-sampler --val-ratio 0.15 --early-stop-patience 16 --min-epochs 12 --checkpoint-metric val_teacher_agreement --temperature 2.0 --lambda-ce 0.9 --lambda-kd 1.1 --lambda-feat 0.0 --student-tcn-dropout 0.12 --student-tcn-channels 64 --student-classifier-hidden 64 --student-classifier-dropout 0.3 --student-attn-dropout 0.05 --student-tcn-dilation-base 1",/home/huang_kai/wind_turbine_phm/PHOENIX-main/autoencoder_benchmark/ablation_experiments/h1/reports/comparison_18d_baselines/teacher_student_reference/student_h1_sweep/student_h1_scan96_20260326/logs/stage3_s3_s2_s1_l4_o4_c7_r1_seed14.log,0.9242,0.922403,0.9129,3,0.874286,"{""attn_dropout"": 0.05, ""attn_ff_dim"": 128, ""attn_heads"": 4, ""classifier_dropout"": 0.3, ""classifier_hidden"": 64, ""latent_dim"": 64, ""tcn_channels"": 64, ""tcn_dilation_base"": 1, ""tcn_dropout"": 0.12, ""tcn_kernel"": 3, ""tcn_layers"": 3}"
stage3,s3_s2_s1_l4_o4_c7_r2,s3_s2_s1_l4_o4_c7_r2,val_teacher_agreement,14,80,128,2.0,0.9,1.1,0.0,0.00035,0.00015,0.12,,64,64,0.3,0.05,,1,/home/huang_kai/wind_turbine_phm/PHOENIX-main/autoencoder_benchmark/ablation_experiments/h1/results/comparison_18d_baselines/teacher_student_reference/student_h1_sweep/student_h1_scan96_20260326/stage3/s3_s2_s1_l4_o4_c7_r2,7,skipped_existing,distill_tcn_attn_weld_seam_windows_ws5_tf75_pg0_h1_ep80_lr0.00035_bs128_T2.0_lce0.9_lkd1.1_lf0.0_seed14,/home/huang_kai/wind_turbine_phm/PHOENIX-main/autoencoder_benchmark/ablation_experiments/h1/results/comparison_18d_baselines/teacher_student_reference/student_h1_sweep/student_h1_scan96_20260326/stage3/s3_s2_s1_l4_o4_c7_r2/distill_tcn_attn_weld_seam_windows_ws5_tf75_pg0_h1_ep80_lr0.00035_bs128_T2.0_lce0.9_lkd1.1_lf0.0_seed14,0.0,2,/home/huang_kai/wind_turbine_phm/PHOENIX-main/autoencoder_benchmark/outputs/teacher_h1_scan98_gpu1_v2/manifests/best_teacher_h1.json,"/usr/bin/python /home/huang_kai/wind_turbine_phm/PHOENIX-main/autoencoder_benchmark/train_distill_single_tcn_student.py --dataset-npz /home/huang_kai/wind_turbine_phm/PHOENIX-main/autoencoder_benchmark/Data/processed_data/weld_seam_windows_ws5_tf75_pg0_h1.npz --teacher-ckpt /home/huang_kai/wind_turbine_phm/PHOENIX-main/autoencoder_benchmark/outputs/teacher_h1_scan98_gpu1_v2/runs/single_tcn_attn_weld_seam_windows_ws5_tf75_pg0_h1_ep60_lr0.0003_bs128_k3_l3_d0.08_lat64_wd0.00015_seed14/best_single_tcn.pth --teacher-run-args /home/huang_kai/wind_turbine_phm/PHOENIX-main/autoencoder_benchmark/outputs/teacher_h1_scan98_gpu1_v2/runs/single_tcn_attn_weld_seam_windows_ws5_tf75_pg0_h1_ep60_lr0.0003_bs128_k3_l3_d0.08_lat64_wd0.00015_seed14/run_args.json --output-dir /home/huang_kai/wind_turbine_phm/PHOENIX-main/autoencoder_benchmark/ablation_experiments/h1/results/comparison_18d_baselines/teacher_student_reference/student_h1_sweep/student_h1_scan96_20260326/stage3/s3_s2_s1_l4_o4_c7_r2 --drop-feature-indices 3,4,5,6,7 --epochs 80 --batch-size 128 --lr 0.00035 --weight-decay 0.00015 --seed 14 --class-weights auto --weighted-sampler --val-ratio 0.15 --early-stop-patience 16 --min-epochs 12 --checkpoint-metric val_teacher_agreement --temperature 2.0 --lambda-ce 0.9 --lambda-kd 1.1 --lambda-feat 0.0 --student-tcn-dropout 0.12 --student-tcn-channels 64 --student-classifier-hidden 64 --student-classifier-dropout 0.3 --student-attn-dropout 0.05 --student-tcn-dilation-base 1",/home/huang_kai/wind_turbine_phm/PHOENIX-main/autoencoder_benchmark/ablation_experiments/h1/reports/comparison_18d_baselines/teacher_student_reference/student_h1_sweep/student_h1_scan96_20260326/logs/stage3_s3_s2_s1_l4_o4_c7_r2_seed14.log,0.7584000000000001,0.787827,0.7472,2,0.897143,"{""attn_dropout"": 0.05, ""attn_ff_dim"": 128, ""attn_heads"": 4, ""classifier_dropout"": 0.3, ""classifier_hidden"": 64, ""latent_dim"": 64, ""tcn_channels"": 64, ""tcn_dilation_base"": 1, ""tcn_dropout"": 0.12, ""tcn_kernel"": 3, ""tcn_layers"": 3}"
stage3,s3_s2_s1_l4_o4_c7_r3,s3_s2_s1_l4_o4_c7_r3,val_teacher_agreement,14,80,128,2.5,0.9,1.1,0.0,0.0003,0.00015,0.12,,64,64,0.3,0.05,,1,/home/huang_kai/wind_turbine_phm/PHOENIX-main/autoencoder_benchmark/ablation_experiments/h1/results/comparison_18d_baselines/teacher_student_reference/student_h1_sweep/student_h1_scan96_20260326/stage3/s3_s2_s1_l4_o4_c7_r3,8,skipped_existing,distill_tcn_attn_weld_seam_windows_ws5_tf75_pg0_h1_ep80_lr0.0003_bs128_T2.5_lce0.9_lkd1.1_lf0.0_seed14,/home/huang_kai/wind_turbine_phm/PHOENIX-main/autoencoder_benchmark/ablation_experiments/h1/results/comparison_18d_baselines/teacher_student_reference/student_h1_sweep/student_h1_scan96_20260326/stage3/s3_s2_s1_l4_o4_c7_r3/distill_tcn_attn_weld_seam_windows_ws5_tf75_pg0_h1_ep80_lr0.0003_bs128_T2.5_lce0.9_lkd1.1_lf0.0_seed14,0.0,2,/home/huang_kai/wind_turbine_phm/PHOENIX-main/autoencoder_benchmark/outputs/teacher_h1_scan98_gpu1_v2/manifests/best_teacher_h1.json,"/usr/bin/python /home/huang_kai/wind_turbine_phm/PHOENIX-main/autoencoder_benchmark/train_distill_single_tcn_student.py --dataset-npz /home/huang_kai/wind_turbine_phm/PHOENIX-main/autoencoder_benchmark/Data/processed_data/weld_seam_windows_ws5_tf75_pg0_h1.npz --teacher-ckpt /home/huang_kai/wind_turbine_phm/PHOENIX-main/autoencoder_benchmark/outputs/teacher_h1_scan98_gpu1_v2/runs/single_tcn_attn_weld_seam_windows_ws5_tf75_pg0_h1_ep60_lr0.0003_bs128_k3_l3_d0.08_lat64_wd0.00015_seed14/best_single_tcn.pth --teacher-run-args /home/huang_kai/wind_turbine_phm/PHOENIX-main/autoencoder_benchmark/outputs/teacher_h1_scan98_gpu1_v2/runs/single_tcn_attn_weld_seam_windows_ws5_tf75_pg0_h1_ep60_lr0.0003_bs128_k3_l3_d0.08_lat64_wd0.00015_seed14/run_args.json --output-dir /home/huang_kai/wind_turbine_phm/PHOENIX-main/autoencoder_benchmark/ablation_experiments/h1/results/comparison_18d_baselines/teacher_student_reference/student_h1_sweep/student_h1_scan96_20260326/stage3/s3_s2_s1_l4_o4_c7_r3 --drop-feature-indices 3,4,5,6,7 --epochs 80 --batch-size 128 --lr 0.0003 --weight-decay 0.00015 --seed 14 --class-weights auto --weighted-sampler --val-ratio 0.15 --early-stop-patience 16 --min-epochs 12 --checkpoint-metric val_teacher_agreement --temperature 2.5 --lambda-ce 0.9 --lambda-kd 1.1 --lambda-feat 0.0 --student-tcn-dropout 0.12 --student-tcn-channels 64 --student-classifier-hidden 64 --student-classifier-dropout 0.3 --student-attn-dropout 0.05 --student-tcn-dilation-base 1",/home/huang_kai/wind_turbine_phm/PHOENIX-main/autoencoder_benchmark/ablation_experiments/h1/reports/comparison_18d_baselines/teacher_student_reference/student_h1_sweep/student_h1_scan96_20260326/logs/stage3_s3_s2_s1_l4_o4_c7_r3_seed14.log,0.9775,0.971053,0.9662999999999999,3,0.891429,"{""attn_dropout"": 0.05, ""attn_ff_dim"": 128, ""attn_heads"": 4, ""classifier_dropout"": 0.3, ""classifier_hidden"": 64, ""latent_dim"": 64, ""tcn_channels"": 64, ""tcn_dilation_base"": 1, ""tcn_dropout"": 0.12, ""tcn_kernel"": 3, ""tcn_layers"": 3}"
stage3,s3_s2_s1_l4_o4_c7_r4,s3_s2_s1_l4_o4_c7_r4,val_teacher_agreement,14,80,128,2.0,0.8,1.3,0.0,0.0003,0.00015,0.12,,64,64,0.3,0.05,,1,/home/huang_kai/wind_turbine_phm/PHOENIX-main/autoencoder_benchmark/ablation_experiments/h1/results/comparison_18d_baselines/teacher_student_reference/student_h1_sweep/student_h1_scan96_20260326/stage3/s3_s2_s1_l4_o4_c7_r4,9,skipped_existing,distill_tcn_attn_weld_seam_windows_ws5_tf75_pg0_h1_ep80_lr0.0003_bs128_T2.0_lce0.8_lkd1.3_lf0.0_seed14,/home/huang_kai/wind_turbine_phm/PHOENIX-main/autoencoder_benchmark/ablation_experiments/h1/results/comparison_18d_baselines/teacher_student_reference/student_h1_sweep/student_h1_scan96_20260326/stage3/s3_s2_s1_l4_o4_c7_r4/distill_tcn_attn_weld_seam_windows_ws5_tf75_pg0_h1_ep80_lr0.0003_bs128_T2.0_lce0.8_lkd1.3_lf0.0_seed14,0.0,2,/home/huang_kai/wind_turbine_phm/PHOENIX-main/autoencoder_benchmark/outputs/teacher_h1_scan98_gpu1_v2/manifests/best_teacher_h1.json,"/usr/bin/python /home/huang_kai/wind_turbine_phm/PHOENIX-main/autoencoder_benchmark/train_distill_single_tcn_student.py --dataset-npz /home/huang_kai/wind_turbine_phm/PHOENIX-main/autoencoder_benchmark/Data/processed_data/weld_seam_windows_ws5_tf75_pg0_h1.npz --teacher-ckpt /home/huang_kai/wind_turbine_phm/PHOENIX-main/autoencoder_benchmark/outputs/teacher_h1_scan98_gpu1_v2/runs/single_tcn_attn_weld_seam_windows_ws5_tf75_pg0_h1_ep60_lr0.0003_bs128_k3_l3_d0.08_lat64_wd0.00015_seed14/best_single_tcn.pth --teacher-run-args /home/huang_kai/wind_turbine_phm/PHOENIX-main/autoencoder_benchmark/outputs/teacher_h1_scan98_gpu1_v2/runs/single_tcn_attn_weld_seam_windows_ws5_tf75_pg0_h1_ep60_lr0.0003_bs128_k3_l3_d0.08_lat64_wd0.00015_seed14/run_args.json --output-dir /home/huang_kai/wind_turbine_phm/PHOENIX-main/autoencoder_benchmark/ablation_experiments/h1/results/comparison_18d_baselines/teacher_student_reference/student_h1_sweep/student_h1_scan96_20260326/stage3/s3_s2_s1_l4_o4_c7_r4 --drop-feature-indices 3,4,5,6,7 --epochs 80 --batch-size 128 --lr 0.0003 --weight-decay 0.00015 --seed 14 --class-weights auto --weighted-sampler --val-ratio 0.15 --early-stop-patience 16 --min-epochs 12 --checkpoint-metric val_teacher_agreement --temperature 2.0 --lambda-ce 0.8 --lambda-kd 1.3 --lambda-feat 0.0 --student-tcn-dropout 0.12 --student-tcn-channels 64 --student-classifier-hidden 64 --student-classifier-dropout 0.3 --student-attn-dropout 0.05 --student-tcn-dilation-base 1",/home/huang_kai/wind_turbine_phm/PHOENIX-main/autoencoder_benchmark/ablation_experiments/h1/reports/comparison_18d_baselines/teacher_student_reference/student_h1_sweep/student_h1_scan96_20260326/logs/stage3_s3_s2_s1_l4_o4_c7_r4_seed14.log,0.9775,0.971053,0.9662999999999999,3,0.891429,"{""attn_dropout"": 0.05, ""attn_ff_dim"": 128, ""attn_heads"": 4, ""classifier_dropout"": 0.3, ""classifier_hidden"": 64, ""latent_dim"": 64, ""tcn_channels"": 64, ""tcn_dilation_base"": 1, ""tcn_dropout"": 0.12, ""tcn_kernel"": 3, ""tcn_layers"": 3}"
stage3,s3_s2_s1_l4_o4_c7_r5,s3_s2_s1_l4_o4_c7_r5,val_teacher_agreement,14,80,128,2.0,0.9,1.2000000000000002,0.1,0.0003,0.00015,0.12,,64,64,0.3,0.05,,1,/home/huang_kai/wind_turbine_phm/PHOENIX-main/autoencoder_benchmark/ablation_experiments/h1/results/comparison_18d_baselines/teacher_student_reference/student_h1_sweep/student_h1_scan96_20260326/stage3/s3_s2_s1_l4_o4_c7_r5,10,skipped_existing,distill_tcn_attn_weld_seam_windows_ws5_tf75_pg0_h1_ep80_lr0.0003_bs128_T2.0_lce0.9_lkd1.2000000000000002_lf0.1_seed14,/home/huang_kai/wind_turbine_phm/PHOENIX-main/autoencoder_benchmark/ablation_experiments/h1/results/comparison_18d_baselines/teacher_student_reference/student_h1_sweep/student_h1_scan96_20260326/stage3/s3_s2_s1_l4_o4_c7_r5/distill_tcn_attn_weld_seam_windows_ws5_tf75_pg0_h1_ep80_lr0.0003_bs128_T2.0_lce0.9_lkd1.2000000000000002_lf0.1_seed14,0.0,2,/home/huang_kai/wind_turbine_phm/PHOENIX-main/autoencoder_benchmark/outputs/teacher_h1_scan98_gpu1_v2/manifests/best_teacher_h1.json,"/usr/bin/python /home/huang_kai/wind_turbine_phm/PHOENIX-main/autoencoder_benchmark/train_distill_single_tcn_student.py --dataset-npz /home/huang_kai/wind_turbine_phm/PHOENIX-main/autoencoder_benchmark/Data/processed_data/weld_seam_windows_ws5_tf75_pg0_h1.npz --teacher-ckpt /home/huang_kai/wind_turbine_phm/PHOENIX-main/autoencoder_benchmark/outputs/teacher_h1_scan98_gpu1_v2/runs/single_tcn_attn_weld_seam_windows_ws5_tf75_pg0_h1_ep60_lr0.0003_bs128_k3_l3_d0.08_lat64_wd0.00015_seed14/best_single_tcn.pth --teacher-run-args /home/huang_kai/wind_turbine_phm/PHOENIX-main/autoencoder_benchmark/outputs/teacher_h1_scan98_gpu1_v2/runs/single_tcn_attn_weld_seam_windows_ws5_tf75_pg0_h1_ep60_lr0.0003_bs128_k3_l3_d0.08_lat64_wd0.00015_seed14/run_args.json --output-dir /home/huang_kai/wind_turbine_phm/PHOENIX-main/autoencoder_benchmark/ablation_experiments/h1/results/comparison_18d_baselines/teacher_student_reference/student_h1_sweep/student_h1_scan96_20260326/stage3/s3_s2_s1_l4_o4_c7_r5 --drop-feature-indices 3,4,5,6,7 --epochs 80 --batch-size 128 --lr 0.0003 --weight-decay 0.00015 --seed 14 --class-weights auto --weighted-sampler --val-ratio 0.15 --early-stop-patience 16 --min-epochs 12 --checkpoint-metric val_teacher_agreement --temperature 2.0 --lambda-ce 0.9 --lambda-kd 1.2000000000000002 --lambda-feat 0.1 --student-tcn-dropout 0.12 --student-tcn-channels 64 --student-classifier-hidden 64 --student-classifier-dropout 0.3 --student-attn-dropout 0.05 --student-tcn-dilation-base 1",/home/huang_kai/wind_turbine_phm/PHOENIX-main/autoencoder_benchmark/ablation_experiments/h1/reports/comparison_18d_baselines/teacher_student_reference/student_h1_sweep/student_h1_scan96_20260326/logs/stage3_s3_s2_s1_l4_o4_c7_r5_seed14.log,0.9831,0.976478,0.9719,3,0.897143,"{""attn_dropout"": 0.05, ""attn_ff_dim"": 128, ""attn_heads"": 4, ""classifier_dropout"": 0.3, ""classifier_hidden"": 64, ""latent_dim"": 64, ""tcn_channels"": 64, ""tcn_dilation_base"": 1, ""tcn_dropout"": 0.12, ""tcn_kernel"": 3, ""tcn_layers"": 3}"
stage3,s3_s2_s1_l4_o4_c1_r1,s3_s2_s1_l4_o4_c1_r1,val_teacher_agreement,14,80,128,2.0,0.9,1.1,0.0,0.00024999999999999995,0.00015,0.05,,,64,0.3,0.05,,2,/home/huang_kai/wind_turbine_phm/PHOENIX-main/autoencoder_benchmark/ablation_experiments/h1/results/comparison_18d_baselines/teacher_student_reference/student_h1_sweep/student_h1_scan96_20260326/stage3/s3_s2_s1_l4_o4_c1_r1,11,skipped_existing,distill_tcn_attn_weld_seam_windows_ws5_tf75_pg0_h1_ep80_lr0.00024999999999999995_bs128_T2.0_lce0.9_lkd1.1_lf0.0_seed14,/home/huang_kai/wind_turbine_phm/PHOENIX-main/autoencoder_benchmark/ablation_experiments/h1/results/comparison_18d_baselines/teacher_student_reference/student_h1_sweep/student_h1_scan96_20260326/stage3/s3_s2_s1_l4_o4_c1_r1/distill_tcn_attn_weld_seam_windows_ws5_tf75_pg0_h1_ep80_lr0.00024999999999999995_bs128_T2.0_lce0.9_lkd1.1_lf0.0_seed14,0.0,2,/home/huang_kai/wind_turbine_phm/PHOENIX-main/autoencoder_benchmark/outputs/teacher_h1_scan98_gpu1_v2/manifests/best_teacher_h1.json,"/usr/bin/python /home/huang_kai/wind_turbine_phm/PHOENIX-main/autoencoder_benchmark/train_distill_single_tcn_student.py --dataset-npz /home/huang_kai/wind_turbine_phm/PHOENIX-main/autoencoder_benchmark/Data/processed_data/weld_seam_windows_ws5_tf75_pg0_h1.npz --teacher-ckpt /home/huang_kai/wind_turbine_phm/PHOENIX-main/autoencoder_benchmark/outputs/teacher_h1_scan98_gpu1_v2/runs/single_tcn_attn_weld_seam_windows_ws5_tf75_pg0_h1_ep60_lr0.0003_bs128_k3_l3_d0.08_lat64_wd0.00015_seed14/best_single_tcn.pth --teacher-run-args /home/huang_kai/wind_turbine_phm/PHOENIX-main/autoencoder_benchmark/outputs/teacher_h1_scan98_gpu1_v2/runs/single_tcn_attn_weld_seam_windows_ws5_tf75_pg0_h1_ep60_lr0.0003_bs128_k3_l3_d0.08_lat64_wd0.00015_seed14/run_args.json --output-dir /home/huang_kai/wind_turbine_phm/PHOENIX-main/autoencoder_benchmark/ablation_experiments/h1/results/comparison_18d_baselines/teacher_student_reference/student_h1_sweep/student_h1_scan96_20260326/stage3/s3_s2_s1_l4_o4_c1_r1 --drop-feature-indices 3,4,5,6,7 --epochs 80 --batch-size 128 --lr 0.00024999999999999995 --weight-decay 0.00015 --seed 14 --class-weights auto --weighted-sampler --val-ratio 0.15 --early-stop-patience 16 --min-epochs 12 --checkpoint-metric val_teacher_agreement --temperature 2.0 --lambda-ce 0.9 --lambda-kd 1.1 --lambda-feat 0.0 --student-tcn-dropout 0.05 --student-classifier-hidden 64 --student-classifier-dropout 0.3 --student-attn-dropout 0.05 --student-tcn-dilation-base 2",/home/huang_kai/wind_turbine_phm/PHOENIX-main/autoencoder_benchmark/ablation_experiments/h1/reports/comparison_18d_baselines/teacher_student_reference/student_h1_sweep/student_h1_scan96_20260326/logs/stage3_s3_s2_s1_l4_o4_c1_r1_seed14.log,0.9438,0.940489,0.927,3,0.897143,"{""attn_dropout"": 0.05, ""attn_ff_dim"": 128, ""attn_heads"": 4, ""classifier_dropout"": 0.3, ""classifier_hidden"": 64, ""latent_dim"": 64, ""tcn_channels"": 64, ""tcn_dilation_base"": 2, ""tcn_dropout"": 0.05, ""tcn_kernel"": 3, ""tcn_layers"": 3}"
stage3,s3_s2_s1_l4_o4_c1_r2,s3_s2_s1_l4_o4_c1_r2,val_teacher_agreement,14,80,128,2.0,0.9,1.1,0.0,0.00035,0.00015,0.05,,,64,0.3,0.05,,2,/home/huang_kai/wind_turbine_phm/PHOENIX-main/autoencoder_benchmark/ablation_experiments/h1/results/comparison_18d_baselines/teacher_student_reference/student_h1_sweep/student_h1_scan96_20260326/stage3/s3_s2_s1_l4_o4_c1_r2,12,skipped_existing,distill_tcn_attn_weld_seam_windows_ws5_tf75_pg0_h1_ep80_lr0.00035_bs128_T2.0_lce0.9_lkd1.1_lf0.0_seed14,/home/huang_kai/wind_turbine_phm/PHOENIX-main/autoencoder_benchmark/ablation_experiments/h1/results/comparison_18d_baselines/teacher_student_reference/student_h1_sweep/student_h1_scan96_20260326/stage3/s3_s2_s1_l4_o4_c1_r2/distill_tcn_attn_weld_seam_windows_ws5_tf75_pg0_h1_ep80_lr0.00035_bs128_T2.0_lce0.9_lkd1.1_lf0.0_seed14,0.0,2,/home/huang_kai/wind_turbine_phm/PHOENIX-main/autoencoder_benchmark/outputs/teacher_h1_scan98_gpu1_v2/manifests/best_teacher_h1.json,"/usr/bin/python /home/huang_kai/wind_turbine_phm/PHOENIX-main/autoencoder_benchmark/train_distill_single_tcn_student.py --dataset-npz /home/huang_kai/wind_turbine_phm/PHOENIX-main/autoencoder_benchmark/Data/processed_data/weld_seam_windows_ws5_tf75_pg0_h1.npz --teacher-ckpt /home/huang_kai/wind_turbine_phm/PHOENIX-main/autoencoder_benchmark/outputs/teacher_h1_scan98_gpu1_v2/runs/single_tcn_attn_weld_seam_windows_ws5_tf75_pg0_h1_ep60_lr0.0003_bs128_k3_l3_d0.08_lat64_wd0.00015_seed14/best_single_tcn.pth --teacher-run-args /home/huang_kai/wind_turbine_phm/PHOENIX-main/autoencoder_benchmark/outputs/teacher_h1_scan98_gpu1_v2/runs/single_tcn_attn_weld_seam_windows_ws5_tf75_pg0_h1_ep60_lr0.0003_bs128_k3_l3_d0.08_lat64_wd0.00015_seed14/run_args.json --output-dir /home/huang_kai/wind_turbine_phm/PHOENIX-main/autoencoder_benchmark/ablation_experiments/h1/results/comparison_18d_baselines/teacher_student_reference/student_h1_sweep/student_h1_scan96_20260326/stage3/s3_s2_s1_l4_o4_c1_r2 --drop-feature-indices 3,4,5,6,7 --epochs 80 --batch-size 128 --lr 0.00035 --weight-decay 0.00015 --seed 14 --class-weights auto --weighted-sampler --val-ratio 0.15 --early-stop-patience 16 --min-epochs 12 --checkpoint-metric val_teacher_agreement --temperature 2.0 --lambda-ce 0.9 --lambda-kd 1.1 --lambda-feat 0.0 --student-tcn-dropout 0.05 --student-classifier-hidden 64 --student-classifier-dropout 0.3 --student-attn-dropout 0.05 --student-tcn-dilation-base 2",/home/huang_kai/wind_turbine_phm/PHOENIX-main/autoencoder_benchmark/ablation_experiments/h1/reports/comparison_18d_baselines/teacher_student_reference/student_h1_sweep/student_h1_scan96_20260326/logs/stage3_s3_s2_s1_l4_o4_c1_r2_seed14.log,0.7444,0.773834,0.7331,2,0.897143,"{""attn_dropout"": 0.05, ""attn_ff_dim"": 128, ""attn_heads"": 4, ""classifier_dropout"": 0.3, ""classifier_hidden"": 64, ""latent_dim"": 64, ""tcn_channels"": 64, ""tcn_dilation_base"": 2, ""tcn_dropout"": 0.05, ""tcn_kernel"": 3, ""tcn_layers"": 3}"
stage3,s3_s2_s1_l4_o4_c1_r3,s3_s2_s1_l4_o4_c1_r3,val_teacher_agreement,14,80,128,2.5,0.9,1.1,0.0,0.0003,0.00015,0.05,,,64,0.3,0.05,,2,/home/huang_kai/wind_turbine_phm/PHOENIX-main/autoencoder_benchmark/ablation_experiments/h1/results/comparison_18d_baselines/teacher_student_reference/student_h1_sweep/student_h1_scan96_20260326/stage3/s3_s2_s1_l4_o4_c1_r3,13,skipped_existing,distill_tcn_attn_weld_seam_windows_ws5_tf75_pg0_h1_ep80_lr0.0003_bs128_T2.5_lce0.9_lkd1.1_lf0.0_seed14,/home/huang_kai/wind_turbine_phm/PHOENIX-main/autoencoder_benchmark/ablation_experiments/h1/results/comparison_18d_baselines/teacher_student_reference/student_h1_sweep/student_h1_scan96_20260326/stage3/s3_s2_s1_l4_o4_c1_r3/distill_tcn_attn_weld_seam_windows_ws5_tf75_pg0_h1_ep80_lr0.0003_bs128_T2.5_lce0.9_lkd1.1_lf0.0_seed14,0.0,2,/home/huang_kai/wind_turbine_phm/PHOENIX-main/autoencoder_benchmark/outputs/teacher_h1_scan98_gpu1_v2/manifests/best_teacher_h1.json,"/usr/bin/python /home/huang_kai/wind_turbine_phm/PHOENIX-main/autoencoder_benchmark/train_distill_single_tcn_student.py --dataset-npz /home/huang_kai/wind_turbine_phm/PHOENIX-main/autoencoder_benchmark/Data/processed_data/weld_seam_windows_ws5_tf75_pg0_h1.npz --teacher-ckpt /home/huang_kai/wind_turbine_phm/PHOENIX-main/autoencoder_benchmark/outputs/teacher_h1_scan98_gpu1_v2/runs/single_tcn_attn_weld_seam_windows_ws5_tf75_pg0_h1_ep60_lr0.0003_bs128_k3_l3_d0.08_lat64_wd0.00015_seed14/best_single_tcn.pth --teacher-run-args /home/huang_kai/wind_turbine_phm/PHOENIX-main/autoencoder_benchmark/outputs/teacher_h1_scan98_gpu1_v2/runs/single_tcn_attn_weld_seam_windows_ws5_tf75_pg0_h1_ep60_lr0.0003_bs128_k3_l3_d0.08_lat64_wd0.00015_seed14/run_args.json --output-dir /home/huang_kai/wind_turbine_phm/PHOENIX-main/autoencoder_benchmark/ablation_experiments/h1/results/comparison_18d_baselines/teacher_student_reference/student_h1_sweep/student_h1_scan96_20260326/stage3/s3_s2_s1_l4_o4_c1_r3 --drop-feature-indices 3,4,5,6,7 --epochs 80 --batch-size 128 --lr 0.0003 --weight-decay 0.00015 --seed 14 --class-weights auto --weighted-sampler --val-ratio 0.15 --early-stop-patience 16 --min-epochs 12 --checkpoint-metric val_teacher_agreement --temperature 2.5 --lambda-ce 0.9 --lambda-kd 1.1 --lambda-feat 0.0 --student-tcn-dropout 0.05 --student-classifier-hidden 64 --student-classifier-dropout 0.3 --student-attn-dropout 0.05 --student-tcn-dilation-base 2",/home/huang_kai/wind_turbine_phm/PHOENIX-main/autoencoder_benchmark/ablation_experiments/h1/reports/comparison_18d_baselines/teacher_student_reference/student_h1_sweep/student_h1_scan96_20260326/logs/stage3_s3_s2_s1_l4_o4_c1_r3_seed14.log,0.9662999999999999,0.961331,0.9494,3,0.885714,"{""attn_dropout"": 0.05, ""attn_ff_dim"": 128, ""attn_heads"": 4, ""classifier_dropout"": 0.3, ""classifier_hidden"": 64, ""latent_dim"": 64, ""tcn_channels"": 64, ""tcn_dilation_base"": 2, ""tcn_dropout"": 0.05, ""tcn_kernel"": 3, ""tcn_layers"": 3}"
stage3,s3_s2_s1_l4_o4_c1_r4,s3_s2_s1_l4_o4_c1_r4,val_teacher_agreement,14,80,128,2.0,0.8,1.3,0.0,0.0003,0.00015,0.05,,,64,0.3,0.05,,2,/home/huang_kai/wind_turbine_phm/PHOENIX-main/autoencoder_benchmark/ablation_experiments/h1/results/comparison_18d_baselines/teacher_student_reference/student_h1_sweep/student_h1_scan96_20260326/stage3/s3_s2_s1_l4_o4_c1_r4,14,skipped_existing,distill_tcn_attn_weld_seam_windows_ws5_tf75_pg0_h1_ep80_lr0.0003_bs128_T2.0_lce0.8_lkd1.3_lf0.0_seed14,/home/huang_kai/wind_turbine_phm/PHOENIX-main/autoencoder_benchmark/ablation_experiments/h1/results/comparison_18d_baselines/teacher_student_reference/student_h1_sweep/student_h1_scan96_20260326/stage3/s3_s2_s1_l4_o4_c1_r4/distill_tcn_attn_weld_seam_windows_ws5_tf75_pg0_h1_ep80_lr0.0003_bs128_T2.0_lce0.8_lkd1.3_lf0.0_seed14,0.0,2,/home/huang_kai/wind_turbine_phm/PHOENIX-main/autoencoder_benchmark/outputs/teacher_h1_scan98_gpu1_v2/manifests/best_teacher_h1.json,"/usr/bin/python /home/huang_kai/wind_turbine_phm/PHOENIX-main/autoencoder_benchmark/train_distill_single_tcn_student.py --dataset-npz /home/huang_kai/wind_turbine_phm/PHOENIX-main/autoencoder_benchmark/Data/processed_data/weld_seam_windows_ws5_tf75_pg0_h1.npz --teacher-ckpt /home/huang_kai/wind_turbine_phm/PHOENIX-main/autoencoder_benchmark/outputs/teacher_h1_scan98_gpu1_v2/runs/single_tcn_attn_weld_seam_windows_ws5_tf75_pg0_h1_ep60_lr0.0003_bs128_k3_l3_d0.08_lat64_wd0.00015_seed14/best_single_tcn.pth --teacher-run-args /home/huang_kai/wind_turbine_phm/PHOENIX-main/autoencoder_benchmark/outputs/teacher_h1_scan98_gpu1_v2/runs/single_tcn_attn_weld_seam_windows_ws5_tf75_pg0_h1_ep60_lr0.0003_bs128_k3_l3_d0.08_lat64_wd0.00015_seed14/run_args.json --output-dir /home/huang_kai/wind_turbine_phm/PHOENIX-main/autoencoder_benchmark/ablation_experiments/h1/results/comparison_18d_baselines/teacher_student_reference/student_h1_sweep/student_h1_scan96_20260326/stage3/s3_s2_s1_l4_o4_c1_r4 --drop-feature-indices 3,4,5,6,7 --epochs 80 --batch-size 128 --lr 0.0003 --weight-decay 0.00015 --seed 14 --class-weights auto --weighted-sampler --val-ratio 0.15 --early-stop-patience 16 --min-epochs 12 --checkpoint-metric val_teacher_agreement --temperature 2.0 --lambda-ce 0.8 --lambda-kd 1.3 --lambda-feat 0.0 --student-tcn-dropout 0.05 --student-classifier-hidden 64 --student-classifier-dropout 0.3 --student-attn-dropout 0.05 --student-tcn-dilation-base 2",/home/huang_kai/wind_turbine_phm/PHOENIX-main/autoencoder_benchmark/ablation_experiments/h1/reports/comparison_18d_baselines/teacher_student_reference/student_h1_sweep/student_h1_scan96_20260326/logs/stage3_s3_s2_s1_l4_o4_c1_r4_seed14.log,0.9606999999999999,0.956032,0.9438,3,0.891429,"{""attn_dropout"": 0.05, ""attn_ff_dim"": 128, ""attn_heads"": 4, ""classifier_dropout"": 0.3, ""classifier_hidden"": 64, ""latent_dim"": 64, ""tcn_channels"": 64, ""tcn_dilation_base"": 2, ""tcn_dropout"": 0.05, ""tcn_kernel"": 3, ""tcn_layers"": 3}"
stage3,s3_s2_s1_l4_o4_c1_r5,s3_s2_s1_l4_o4_c1_r5,val_teacher_agreement,14,80,128,2.0,0.9,1.2000000000000002,0.1,0.0003,0.00015,0.05,,,64,0.3,0.05,,2,/home/huang_kai/wind_turbine_phm/PHOENIX-main/autoencoder_benchmark/ablation_experiments/h1/results/comparison_18d_baselines/teacher_student_reference/student_h1_sweep/student_h1_scan96_20260326/stage3/s3_s2_s1_l4_o4_c1_r5,15,skipped_existing,distill_tcn_attn_weld_seam_windows_ws5_tf75_pg0_h1_ep80_lr0.0003_bs128_T2.0_lce0.9_lkd1.2000000000000002_lf0.1_seed14,/home/huang_kai/wind_turbine_phm/PHOENIX-main/autoencoder_benchmark/ablation_experiments/h1/results/comparison_18d_baselines/teacher_student_reference/student_h1_sweep/student_h1_scan96_20260326/stage3/s3_s2_s1_l4_o4_c1_r5/distill_tcn_attn_weld_seam_windows_ws5_tf75_pg0_h1_ep80_lr0.0003_bs128_T2.0_lce0.9_lkd1.2000000000000002_lf0.1_seed14,0.0,2,/home/huang_kai/wind_turbine_phm/PHOENIX-main/autoencoder_benchmark/outputs/teacher_h1_scan98_gpu1_v2/manifests/best_teacher_h1.json,"/usr/bin/python /home/huang_kai/wind_turbine_phm/PHOENIX-main/autoencoder_benchmark/train_distill_single_tcn_student.py --dataset-npz /home/huang_kai/wind_turbine_phm/PHOENIX-main/autoencoder_benchmark/Data/processed_data/weld_seam_windows_ws5_tf75_pg0_h1.npz --teacher-ckpt /home/huang_kai/wind_turbine_phm/PHOENIX-main/autoencoder_benchmark/outputs/teacher_h1_scan98_gpu1_v2/runs/single_tcn_attn_weld_seam_windows_ws5_tf75_pg0_h1_ep60_lr0.0003_bs128_k3_l3_d0.08_lat64_wd0.00015_seed14/best_single_tcn.pth --teacher-run-args /home/huang_kai/wind_turbine_phm/PHOENIX-main/autoencoder_benchmark/outputs/teacher_h1_scan98_gpu1_v2/runs/single_tcn_attn_weld_seam_windows_ws5_tf75_pg0_h1_ep60_lr0.0003_bs128_k3_l3_d0.08_lat64_wd0.00015_seed14/run_args.json --output-dir /home/huang_kai/wind_turbine_phm/PHOENIX-main/autoencoder_benchmark/ablation_experiments/h1/results/comparison_18d_baselines/teacher_student_reference/student_h1_sweep/student_h1_scan96_20260326/stage3/s3_s2_s1_l4_o4_c1_r5 --drop-feature-indices 3,4,5,6,7 --epochs 80 --batch-size 128 --lr 0.0003 --weight-decay 0.00015 --seed 14 --class-weights auto --weighted-sampler --val-ratio 0.15 --early-stop-patience 16 --min-epochs 12 --checkpoint-metric val_teacher_agreement --temperature 2.0 --lambda-ce 0.9 --lambda-kd 1.2000000000000002 --lambda-feat 0.1 --student-tcn-dropout 0.05 --student-classifier-hidden 64 --student-classifier-dropout 0.3 --student-attn-dropout 0.05 --student-tcn-dilation-base 2",/home/huang_kai/wind_turbine_phm/PHOENIX-main/autoencoder_benchmark/ablation_experiments/h1/reports/comparison_18d_baselines/teacher_student_reference/student_h1_sweep/student_h1_scan96_20260326/logs/stage3_s3_s2_s1_l4_o4_c1_r5_seed14.log,0.9691,0.964004,0.9521999999999999,3,0.891429,"{""attn_dropout"": 0.05, ""attn_ff_dim"": 128, ""attn_heads"": 4, ""classifier_dropout"": 0.3, ""classifier_hidden"": 64, ""latent_dim"": 64, ""tcn_channels"": 64, ""tcn_dilation_base"": 2, ""tcn_dropout"": 0.05, ""tcn_kernel"": 3, ""tcn_layers"": 3}"
stage3,s3_s2_s1_l2_o2_c0_r1,s3_s2_s1_l2_o2_c0_r1,val_teacher_agreement,14,80,128,3.0,0.8,1.2,0.2,0.00015000000000000001,0.00015,0.08,,,64,0.4,0.1,,2,/home/huang_kai/wind_turbine_phm/PHOENIX-main/autoencoder_benchmark/ablation_experiments/h1/results/comparison_18d_baselines/teacher_student_reference/student_h1_sweep/student_h1_scan96_20260326/stage3/s3_s2_s1_l2_o2_c0_r1,16,skipped_existing,distill_tcn_attn_weld_seam_windows_ws5_tf75_pg0_h1_ep80_lr0.00015000000000000001_bs128_T3.0_lce0.8_lkd1.2_lf0.2_seed14,/home/huang_kai/wind_turbine_phm/PHOENIX-main/autoencoder_benchmark/ablation_experiments/h1/results/comparison_18d_baselines/teacher_student_reference/student_h1_sweep/student_h1_scan96_20260326/stage3/s3_s2_s1_l2_o2_c0_r1/distill_tcn_attn_weld_seam_windows_ws5_tf75_pg0_h1_ep80_lr0.00015000000000000001_bs128_T3.0_lce0.8_lkd1.2_lf0.2_seed14,0.0,2,/home/huang_kai/wind_turbine_phm/PHOENIX-main/autoencoder_benchmark/outputs/teacher_h1_scan98_gpu1_v2/manifests/best_teacher_h1.json,"/usr/bin/python /home/huang_kai/wind_turbine_phm/PHOENIX-main/autoencoder_benchmark/train_distill_single_tcn_student.py --dataset-npz /home/huang_kai/wind_turbine_phm/PHOENIX-main/autoencoder_benchmark/Data/processed_data/weld_seam_windows_ws5_tf75_pg0_h1.npz --teacher-ckpt /home/huang_kai/wind_turbine_phm/PHOENIX-main/autoencoder_benchmark/outputs/teacher_h1_scan98_gpu1_v2/runs/single_tcn_attn_weld_seam_windows_ws5_tf75_pg0_h1_ep60_lr0.0003_bs128_k3_l3_d0.08_lat64_wd0.00015_seed14/best_single_tcn.pth --teacher-run-args /home/huang_kai/wind_turbine_phm/PHOENIX-main/autoencoder_benchmark/outputs/teacher_h1_scan98_gpu1_v2/runs/single_tcn_attn_weld_seam_windows_ws5_tf75_pg0_h1_ep60_lr0.0003_bs128_k3_l3_d0.08_lat64_wd0.00015_seed14/run_args.json --output-dir /home/huang_kai/wind_turbine_phm/PHOENIX-main/autoencoder_benchmark/ablation_experiments/h1/results/comparison_18d_baselines/teacher_student_reference/student_h1_sweep/student_h1_scan96_20260326/stage3/s3_s2_s1_l2_o2_c0_r1 --drop-feature-indices 3,4,5,6,7 --epochs 80 --batch-size 128 --lr 0.00015000000000000001 --weight-decay 0.00015 --seed 14 --class-weights auto --weighted-sampler --val-ratio 0.15 --early-stop-patience 16 --min-epochs 12 --checkpoint-metric val_teacher_agreement --temperature 3.0 --lambda-ce 0.8 --lambda-kd 1.2 --lambda-feat 0.2 --student-tcn-dropout 0.08 --student-classifier-hidden 64 --student-classifier-dropout 0.4 --student-attn-dropout 0.1 --student-tcn-dilation-base 2",/home/huang_kai/wind_turbine_phm/PHOENIX-main/autoencoder_benchmark/ablation_experiments/h1/reports/comparison_18d_baselines/teacher_student_reference/student_h1_sweep/student_h1_scan96_20260326/logs/stage3_s3_s2_s1_l2_o2_c0_r1_seed14.log,0.9381999999999999,0.93021,0.9213,4,0.891429,"{""attn_dropout"": 0.1, ""attn_ff_dim"": 128, ""attn_heads"": 4, ""classifier_dropout"": 0.4, ""classifier_hidden"": 64, ""latent_dim"": 64, ""tcn_channels"": 64, ""tcn_dilation_base"": 2, ""tcn_dropout"": 0.08, ""tcn_kernel"": 3, ""tcn_layers"": 3}"
stage3,s3_s2_s1_l2_o2_c0_r2,s3_s2_s1_l2_o2_c0_r2,val_teacher_agreement,14,80,128,3.0,0.8,1.2,0.2,0.00025,0.00015,0.08,,,64,0.4,0.1,,2,/home/huang_kai/wind_turbine_phm/PHOENIX-main/autoencoder_benchmark/ablation_experiments/h1/results/comparison_18d_baselines/teacher_student_reference/student_h1_sweep/student_h1_scan96_20260326/stage3/s3_s2_s1_l2_o2_c0_r2,17,skipped_existing,distill_tcn_attn_weld_seam_windows_ws5_tf75_pg0_h1_ep80_lr0.00025_bs128_T3.0_lce0.8_lkd1.2_lf0.2_seed14,/home/huang_kai/wind_turbine_phm/PHOENIX-main/autoencoder_benchmark/ablation_experiments/h1/results/comparison_18d_baselines/teacher_student_reference/student_h1_sweep/student_h1_scan96_20260326/stage3/s3_s2_s1_l2_o2_c0_r2/distill_tcn_attn_weld_seam_windows_ws5_tf75_pg0_h1_ep80_lr0.00025_bs128_T3.0_lce0.8_lkd1.2_lf0.2_seed14,0.0,2,/home/huang_kai/wind_turbine_phm/PHOENIX-main/autoencoder_benchmark/outputs/teacher_h1_scan98_gpu1_v2/manifests/best_teacher_h1.json,"/usr/bin/python /home/huang_kai/wind_turbine_phm/PHOENIX-main/autoencoder_benchmark/train_distill_single_tcn_student.py --dataset-npz /home/huang_kai/wind_turbine_phm/PHOENIX-main/autoencoder_benchmark/Data/processed_data/weld_seam_windows_ws5_tf75_pg0_h1.npz --teacher-ckpt /home/huang_kai/wind_turbine_phm/PHOENIX-main/autoencoder_benchmark/outputs/teacher_h1_scan98_gpu1_v2/runs/single_tcn_attn_weld_seam_windows_ws5_tf75_pg0_h1_ep60_lr0.0003_bs128_k3_l3_d0.08_lat64_wd0.00015_seed14/best_single_tcn.pth --teacher-run-args /home/huang_kai/wind_turbine_phm/PHOENIX-main/autoencoder_benchmark/outputs/teacher_h1_scan98_gpu1_v2/runs/single_tcn_attn_weld_seam_windows_ws5_tf75_pg0_h1_ep60_lr0.0003_bs128_k3_l3_d0.08_lat64_wd0.00015_seed14/run_args.json --output-dir /home/huang_kai/wind_turbine_phm/PHOENIX-main/autoencoder_benchmark/ablation_experiments/h1/results/comparison_18d_baselines/teacher_student_reference/student_h1_sweep/student_h1_scan96_20260326/stage3/s3_s2_s1_l2_o2_c0_r2 --drop-feature-indices 3,4,5,6,7 --epochs 80 --batch-size 128 --lr 0.00025 --weight-decay 0.00015 --seed 14 --class-weights auto --weighted-sampler --val-ratio 0.15 --early-stop-patience 16 --min-epochs 12 --checkpoint-metric val_teacher_agreement --temperature 3.0 --lambda-ce 0.8 --lambda-kd 1.2 --lambda-feat 0.2 --student-tcn-dropout 0.08 --student-classifier-hidden 64 --student-classifier-dropout 0.4 --student-attn-dropout 0.1 --student-tcn-dilation-base 2",/home/huang_kai/wind_turbine_phm/PHOENIX-main/autoencoder_benchmark/ablation_experiments/h1/reports/comparison_18d_baselines/teacher_student_reference/student_h1_sweep/student_h1_scan96_20260326/logs/stage3_s3_s2_s1_l2_o2_c0_r2_seed14.log,0.9242,0.921064,0.9073,3,0.908571,"{""attn_dropout"": 0.1, ""attn_ff_dim"": 128, ""attn_heads"": 4, ""classifier_dropout"": 0.4, ""classifier_hidden"": 64, ""latent_dim"": 64, ""tcn_channels"": 64, ""tcn_dilation_base"": 2, ""tcn_dropout"": 0.08, ""tcn_kernel"": 3, ""tcn_layers"": 3}"
stage3,s3_s2_s1_l2_o2_c0_r3,s3_s2_s1_l2_o2_c0_r3,val_teacher_agreement,14,80,128,3.5,0.8,1.2,0.2,0.0002,0.00015,0.08,,,64,0.4,0.1,,2,/home/huang_kai/wind_turbine_phm/PHOENIX-main/autoencoder_benchmark/ablation_experiments/h1/results/comparison_18d_baselines/teacher_student_reference/student_h1_sweep/student_h1_scan96_20260326/stage3/s3_s2_s1_l2_o2_c0_r3,18,skipped_existing,distill_tcn_attn_weld_seam_windows_ws5_tf75_pg0_h1_ep80_lr0.0002_bs128_T3.5_lce0.8_lkd1.2_lf0.2_seed14,/home/huang_kai/wind_turbine_phm/PHOENIX-main/autoencoder_benchmark/ablation_experiments/h1/results/comparison_18d_baselines/teacher_student_reference/student_h1_sweep/student_h1_scan96_20260326/stage3/s3_s2_s1_l2_o2_c0_r3/distill_tcn_attn_weld_seam_windows_ws5_tf75_pg0_h1_ep80_lr0.0002_bs128_T3.5_lce0.8_lkd1.2_lf0.2_seed14,0.0,2,/home/huang_kai/wind_turbine_phm/PHOENIX-main/autoencoder_benchmark/outputs/teacher_h1_scan98_gpu1_v2/manifests/best_teacher_h1.json,"/usr/bin/python /home/huang_kai/wind_turbine_phm/PHOENIX-main/autoencoder_benchmark/train_distill_single_tcn_student.py --dataset-npz /home/huang_kai/wind_turbine_phm/PHOENIX-main/autoencoder_benchmark/Data/processed_data/weld_seam_windows_ws5_tf75_pg0_h1.npz --teacher-ckpt /home/huang_kai/wind_turbine_phm/PHOENIX-main/autoencoder_benchmark/outputs/teacher_h1_scan98_gpu1_v2/runs/single_tcn_attn_weld_seam_windows_ws5_tf75_pg0_h1_ep60_lr0.0003_bs128_k3_l3_d0.08_lat64_wd0.00015_seed14/best_single_tcn.pth --teacher-run-args /home/huang_kai/wind_turbine_phm/PHOENIX-main/autoencoder_benchmark/outputs/teacher_h1_scan98_gpu1_v2/runs/single_tcn_attn_weld_seam_windows_ws5_tf75_pg0_h1_ep60_lr0.0003_bs128_k3_l3_d0.08_lat64_wd0.00015_seed14/run_args.json --output-dir /home/huang_kai/wind_turbine_phm/PHOENIX-main/autoencoder_benchmark/ablation_experiments/h1/results/comparison_18d_baselines/teacher_student_reference/student_h1_sweep/student_h1_scan96_20260326/stage3/s3_s2_s1_l2_o2_c0_r3 --drop-feature-indices 3,4,5,6,7 --epochs 80 --batch-size 128 --lr 0.0002 --weight-decay 0.00015 --seed 14 --class-weights auto --weighted-sampler --val-ratio 0.15 --early-stop-patience 16 --min-epochs 12 --checkpoint-metric val_teacher_agreement --temperature 3.5 --lambda-ce 0.8 --lambda-kd 1.2 --lambda-feat 0.2 --student-tcn-dropout 0.08 --student-classifier-hidden 64 --student-classifier-dropout 0.4 --student-attn-dropout 0.1 --student-tcn-dilation-base 2",/home/huang_kai/wind_turbine_phm/PHOENIX-main/autoencoder_benchmark/ablation_experiments/h1/reports/comparison_18d_baselines/teacher_student_reference/student_h1_sweep/student_h1_scan96_20260326/logs/stage3_s3_s2_s1_l2_o2_c0_r3_seed14.log,0.8315,0.836943,0.8201999999999999,3,0.88,"{""attn_dropout"": 0.1, ""attn_ff_dim"": 128, ""attn_heads"": 4, ""classifier_dropout"": 0.4, ""classifier_hidden"": 64, ""latent_dim"": 64, ""tcn_channels"": 64, ""tcn_dilation_base"": 2, ""tcn_dropout"": 0.08, ""tcn_kernel"": 3, ""tcn_layers"": 3}"
stage3,s3_s2_s1_l2_o2_c0_r4,s3_s2_s1_l2_o2_c0_r4,val_teacher_agreement,14,80,128,3.0,0.7000000000000001,1.4,0.2,0.0002,0.00015,0.08,,,64,0.4,0.1,,2,/home/huang_kai/wind_turbine_phm/PHOENIX-main/autoencoder_benchmark/ablation_experiments/h1/results/comparison_18d_baselines/teacher_student_reference/student_h1_sweep/student_h1_scan96_20260326/stage3/s3_s2_s1_l2_o2_c0_r4,19,skipped_existing,distill_tcn_attn_weld_seam_windows_ws5_tf75_pg0_h1_ep80_lr0.0002_bs128_T3.0_lce0.7000000000000001_lkd1.4_lf0.2_seed14,/home/huang_kai/wind_turbine_phm/PHOENIX-main/autoencoder_benchmark/ablation_experiments/h1/results/comparison_18d_baselines/teacher_student_reference/student_h1_sweep/student_h1_scan96_20260326/stage3/s3_s2_s1_l2_o2_c0_r4/distill_tcn_attn_weld_seam_windows_ws5_tf75_pg0_h1_ep80_lr0.0002_bs128_T3.0_lce0.7000000000000001_lkd1.4_lf0.2_seed14,0.0,2,/home/huang_kai/wind_turbine_phm/PHOENIX-main/autoencoder_benchmark/outputs/teacher_h1_scan98_gpu1_v2/manifests/best_teacher_h1.json,"/usr/bin/python /home/huang_kai/wind_turbine_phm/PHOENIX-main/autoencoder_benchmark/train_distill_single_tcn_student.py --dataset-npz /home/huang_kai/wind_turbine_phm/PHOENIX-main/autoencoder_benchmark/Data/processed_data/weld_seam_windows_ws5_tf75_pg0_h1.npz --teacher-ckpt /home/huang_kai/wind_turbine_phm/PHOENIX-main/autoencoder_benchmark/outputs/teacher_h1_scan98_gpu1_v2/runs/single_tcn_attn_weld_seam_windows_ws5_tf75_pg0_h1_ep60_lr0.0003_bs128_k3_l3_d0.08_lat64_wd0.00015_seed14/best_single_tcn.pth --teacher-run-args /home/huang_kai/wind_turbine_phm/PHOENIX-main/autoencoder_benchmark/outputs/teacher_h1_scan98_gpu1_v2/runs/single_tcn_attn_weld_seam_windows_ws5_tf75_pg0_h1_ep60_lr0.0003_bs128_k3_l3_d0.08_lat64_wd0.00015_seed14/run_args.json --output-dir /home/huang_kai/wind_turbine_phm/PHOENIX-main/autoencoder_benchmark/ablation_experiments/h1/results/comparison_18d_baselines/teacher_student_reference/student_h1_sweep/student_h1_scan96_20260326/stage3/s3_s2_s1_l2_o2_c0_r4 --drop-feature-indices 3,4,5,6,7 --epochs 80 --batch-size 128 --lr 0.0002 --weight-decay 0.00015 --seed 14 --class-weights auto --weighted-sampler --val-ratio 0.15 --early-stop-patience 16 --min-epochs 12 --checkpoint-metric val_teacher_agreement --temperature 3.0 --lambda-ce 0.7000000000000001 --lambda-kd 1.4 --lambda-feat 0.2 --student-tcn-dropout 0.08 --student-classifier-hidden 64 --student-classifier-dropout 0.4 --student-attn-dropout 0.1 --student-tcn-dilation-base 2",/home/huang_kai/wind_turbine_phm/PHOENIX-main/autoencoder_benchmark/ablation_experiments/h1/reports/comparison_18d_baselines/teacher_student_reference/student_h1_sweep/student_h1_scan96_20260326/logs/stage3_s3_s2_s1_l2_o2_c0_r4_seed14.log,0.9354,0.901792,0.9354,7,0.885714,"{""attn_dropout"": 0.1, ""attn_ff_dim"": 128, ""attn_heads"": 4, ""classifier_dropout"": 0.4, ""classifier_hidden"": 64, ""latent_dim"": 64, ""tcn_channels"": 64, ""tcn_dilation_base"": 2, ""tcn_dropout"": 0.08, ""tcn_kernel"": 3, ""tcn_layers"": 3}"
stage3,s3_s2_s1_l2_o2_c0_r5,s3_s2_s1_l2_o2_c0_r5,val_teacher_agreement,14,80,128,3.0,0.8,1.3,0.3,0.0002,0.00015,0.08,,,64,0.4,0.1,,2,/home/huang_kai/wind_turbine_phm/PHOENIX-main/autoencoder_benchmark/ablation_experiments/h1/results/comparison_18d_baselines/teacher_student_reference/student_h1_sweep/student_h1_scan96_20260326/stage3/s3_s2_s1_l2_o2_c0_r5,20,skipped_existing,distill_tcn_attn_weld_seam_windows_ws5_tf75_pg0_h1_ep80_lr0.0002_bs128_T3.0_lce0.8_lkd1.3_lf0.3_seed14,/home/huang_kai/wind_turbine_phm/PHOENIX-main/autoencoder_benchmark/ablation_experiments/h1/results/comparison_18d_baselines/teacher_student_reference/student_h1_sweep/student_h1_scan96_20260326/stage3/s3_s2_s1_l2_o2_c0_r5/distill_tcn_attn_weld_seam_windows_ws5_tf75_pg0_h1_ep80_lr0.0002_bs128_T3.0_lce0.8_lkd1.3_lf0.3_seed14,0.0,2,/home/huang_kai/wind_turbine_phm/PHOENIX-main/autoencoder_benchmark/outputs/teacher_h1_scan98_gpu1_v2/manifests/best_teacher_h1.json,"/usr/bin/python /home/huang_kai/wind_turbine_phm/PHOENIX-main/autoencoder_benchmark/train_distill_single_tcn_student.py --dataset-npz /home/huang_kai/wind_turbine_phm/PHOENIX-main/autoencoder_benchmark/Data/processed_data/weld_seam_windows_ws5_tf75_pg0_h1.npz --teacher-ckpt /home/huang_kai/wind_turbine_phm/PHOENIX-main/autoencoder_benchmark/outputs/teacher_h1_scan98_gpu1_v2/runs/single_tcn_attn_weld_seam_windows_ws5_tf75_pg0_h1_ep60_lr0.0003_bs128_k3_l3_d0.08_lat64_wd0.00015_seed14/best_single_tcn.pth --teacher-run-args /home/huang_kai/wind_turbine_phm/PHOENIX-main/autoencoder_benchmark/outputs/teacher_h1_scan98_gpu1_v2/runs/single_tcn_attn_weld_seam_windows_ws5_tf75_pg0_h1_ep60_lr0.0003_bs128_k3_l3_d0.08_lat64_wd0.00015_seed14/run_args.json --output-dir /home/huang_kai/wind_turbine_phm/PHOENIX-main/autoencoder_benchmark/ablation_experiments/h1/results/comparison_18d_baselines/teacher_student_reference/student_h1_sweep/student_h1_scan96_20260326/stage3/s3_s2_s1_l2_o2_c0_r5 --drop-feature-indices 3,4,5,6,7 --epochs 80 --batch-size 128 --lr 0.0002 --weight-decay 0.00015 --seed 14 --class-weights auto --weighted-sampler --val-ratio 0.15 --early-stop-patience 16 --min-epochs 12 --checkpoint-metric val_teacher_agreement --temperature 3.0 --lambda-ce 0.8 --lambda-kd 1.3 --lambda-feat 0.3 --student-tcn-dropout 0.08 --student-classifier-hidden 64 --student-classifier-dropout 0.4 --student-attn-dropout 0.1 --student-tcn-dilation-base 2",/home/huang_kai/wind_turbine_phm/PHOENIX-main/autoencoder_benchmark/ablation_experiments/h1/reports/comparison_18d_baselines/teacher_student_reference/student_h1_sweep/student_h1_scan96_20260326/logs/stage3_s3_s2_s1_l2_o2_c0_r5_seed14.log,0.9691,0.961188,0.9521999999999999,4,0.885714,"{""attn_dropout"": 0.1, ""attn_ff_dim"": 128, ""attn_heads"": 4, ""classifier_dropout"": 0.4, ""classifier_hidden"": 64, ""latent_dim"": 64, ""tcn_channels"": 64, ""tcn_dilation_base"": 2, ""tcn_dropout"": 0.08, ""tcn_kernel"": 3, ""tcn_layers"": 3}"
stage4,stage4_s3_s2_s1_l4_o4_c7_r5,s3_s2_s1_l4_o4_c7_r5,val_teacher_agreement,7,80,128,2.0,0.9,1.2000000000000002,0.1,0.0003,0.00015,0.12,,64,64,0.3,0.05,,1,/home/huang_kai/wind_turbine_phm/PHOENIX-main/autoencoder_benchmark/ablation_experiments/h1/results/comparison_18d_baselines/teacher_student_reference/student_h1_sweep/student_h1_scan96_20260326/stage4/stage4_s3_s2_s1_l4_o4_c7_r5,1,skipped_existing,distill_tcn_attn_weld_seam_windows_ws5_tf75_pg0_h1_ep80_lr0.0003_bs128_T2.0_lce0.9_lkd1.2000000000000002_lf0.1_seed7,/home/huang_kai/wind_turbine_phm/PHOENIX-main/autoencoder_benchmark/ablation_experiments/h1/results/comparison_18d_baselines/teacher_student_reference/student_h1_sweep/student_h1_scan96_20260326/stage4/stage4_s3_s2_s1_l4_o4_c7_r5/distill_tcn_attn_weld_seam_windows_ws5_tf75_pg0_h1_ep80_lr0.0003_bs128_T2.0_lce0.9_lkd1.2000000000000002_lf0.1_seed7,0.0,2,/home/huang_kai/wind_turbine_phm/PHOENIX-main/autoencoder_benchmark/outputs/teacher_h1_scan98_gpu1_v2/manifests/best_teacher_h1.json,"/usr/bin/python /home/huang_kai/wind_turbine_phm/PHOENIX-main/autoencoder_benchmark/train_distill_single_tcn_student.py --dataset-npz /home/huang_kai/wind_turbine_phm/PHOENIX-main/autoencoder_benchmark/Data/processed_data/weld_seam_windows_ws5_tf75_pg0_h1.npz --teacher-ckpt /home/huang_kai/wind_turbine_phm/PHOENIX-main/autoencoder_benchmark/outputs/teacher_h1_scan98_gpu1_v2/runs/single_tcn_attn_weld_seam_windows_ws5_tf75_pg0_h1_ep60_lr0.0003_bs128_k3_l3_d0.08_lat64_wd0.00015_seed14/best_single_tcn.pth --teacher-run-args /home/huang_kai/wind_turbine_phm/PHOENIX-main/autoencoder_benchmark/outputs/teacher_h1_scan98_gpu1_v2/runs/single_tcn_attn_weld_seam_windows_ws5_tf75_pg0_h1_ep60_lr0.0003_bs128_k3_l3_d0.08_lat64_wd0.00015_seed14/run_args.json --output-dir /home/huang_kai/wind_turbine_phm/PHOENIX-main/autoencoder_benchmark/ablation_experiments/h1/results/comparison_18d_baselines/teacher_student_reference/student_h1_sweep/student_h1_scan96_20260326/stage4/stage4_s3_s2_s1_l4_o4_c7_r5 --drop-feature-indices 3,4,5,6,7 --epochs 80 --batch-size 128 --lr 0.0003 --weight-decay 0.00015 --seed 7 --class-weights auto --weighted-sampler --val-ratio 0.15 --early-stop-patience 16 --min-epochs 12 --checkpoint-metric val_teacher_agreement --temperature 2.0 --lambda-ce 0.9 --lambda-kd 1.2000000000000002 --lambda-feat 0.1 --student-tcn-dropout 0.12 --student-tcn-channels 64 --student-classifier-hidden 64 --student-classifier-dropout 0.3 --student-attn-dropout 0.05 --student-tcn-dilation-base 1",/home/huang_kai/wind_turbine_phm/PHOENIX-main/autoencoder_benchmark/ablation_experiments/h1/reports/comparison_18d_baselines/teacher_student_reference/student_h1_sweep/student_h1_scan96_20260326/logs/stage4_stage4_s3_s2_s1_l4_o4_c7_r5_seed7.log,0.9185,0.896812,0.9298000000000001,3,0.902857,"{""attn_dropout"": 0.05, ""attn_ff_dim"": 128, ""attn_heads"": 4, ""classifier_dropout"": 0.3, ""classifier_hidden"": 64, ""latent_dim"": 64, ""tcn_channels"": 64, ""tcn_dilation_base"": 1, ""tcn_dropout"": 0.12, ""tcn_kernel"": 3, ""tcn_layers"": 3}"
stage4,stage4_s3_s2_s1_l4_o4_c7_r5,s3_s2_s1_l4_o4_c7_r5,val_teacher_agreement,21,80,128,2.0,0.9,1.2000000000000002,0.1,0.0003,0.00015,0.12,,64,64,0.3,0.05,,1,/home/huang_kai/wind_turbine_phm/PHOENIX-main/autoencoder_benchmark/ablation_experiments/h1/results/comparison_18d_baselines/teacher_student_reference/student_h1_sweep/student_h1_scan96_20260326/stage4/stage4_s3_s2_s1_l4_o4_c7_r5,2,skipped_existing,distill_tcn_attn_weld_seam_windows_ws5_tf75_pg0_h1_ep80_lr0.0003_bs128_T2.0_lce0.9_lkd1.2000000000000002_lf0.1_seed21,/home/huang_kai/wind_turbine_phm/PHOENIX-main/autoencoder_benchmark/ablation_experiments/h1/results/comparison_18d_baselines/teacher_student_reference/student_h1_sweep/student_h1_scan96_20260326/stage4/stage4_s3_s2_s1_l4_o4_c7_r5/distill_tcn_attn_weld_seam_windows_ws5_tf75_pg0_h1_ep80_lr0.0003_bs128_T2.0_lce0.9_lkd1.2000000000000002_lf0.1_seed21,0.0,2,/home/huang_kai/wind_turbine_phm/PHOENIX-main/autoencoder_benchmark/outputs/teacher_h1_scan98_gpu1_v2/manifests/best_teacher_h1.json,"/usr/bin/python /home/huang_kai/wind_turbine_phm/PHOENIX-main/autoencoder_benchmark/train_distill_single_tcn_student.py --dataset-npz /home/huang_kai/wind_turbine_phm/PHOENIX-main/autoencoder_benchmark/Data/processed_data/weld_seam_windows_ws5_tf75_pg0_h1.npz --teacher-ckpt /home/huang_kai/wind_turbine_phm/PHOENIX-main/autoencoder_benchmark/outputs/teacher_h1_scan98_gpu1_v2/runs/single_tcn_attn_weld_seam_windows_ws5_tf75_pg0_h1_ep60_lr0.0003_bs128_k3_l3_d0.08_lat64_wd0.00015_seed14/best_single_tcn.pth --teacher-run-args /home/huang_kai/wind_turbine_phm/PHOENIX-main/autoencoder_benchmark/outputs/teacher_h1_scan98_gpu1_v2/runs/single_tcn_attn_weld_seam_windows_ws5_tf75_pg0_h1_ep60_lr0.0003_bs128_k3_l3_d0.08_lat64_wd0.00015_seed14/run_args.json --output-dir /home/huang_kai/wind_turbine_phm/PHOENIX-main/autoencoder_benchmark/ablation_experiments/h1/results/comparison_18d_baselines/teacher_student_reference/student_h1_sweep/student_h1_scan96_20260326/stage4/stage4_s3_s2_s1_l4_o4_c7_r5 --drop-feature-indices 3,4,5,6,7 --epochs 80 --batch-size 128 --lr 0.0003 --weight-decay 0.00015 --seed 21 --class-weights auto --weighted-sampler --val-ratio 0.15 --early-stop-patience 16 --min-epochs 12 --checkpoint-metric val_teacher_agreement --temperature 2.0 --lambda-ce 0.9 --lambda-kd 1.2000000000000002 --lambda-feat 0.1 --student-tcn-dropout 0.12 --student-tcn-channels 64 --student-classifier-hidden 64 --student-classifier-dropout 0.3 --student-attn-dropout 0.05 --student-tcn-dilation-base 1",/home/huang_kai/wind_turbine_phm/PHOENIX-main/autoencoder_benchmark/ablation_experiments/h1/reports/comparison_18d_baselines/teacher_student_reference/student_h1_sweep/student_h1_scan96_20260326/logs/stage4_stage4_s3_s2_s1_l4_o4_c7_r5_seed21.log,0.7669,0.79216,0.7612000000000001,2,0.897143,"{""attn_dropout"": 0.05, ""attn_ff_dim"": 128, ""attn_heads"": 4, ""classifier_dropout"": 0.3, ""classifier_hidden"": 64, ""latent_dim"": 64, ""tcn_channels"": 64, ""tcn_dilation_base"": 1, ""tcn_dropout"": 0.12, ""tcn_kernel"": 3, ""tcn_layers"": 3}"
stage4,stage4_s3_s2_s1_l4_o4_c7_r5,s3_s2_s1_l4_o4_c7_r5,val_teacher_agreement,77,80,128,2.0,0.9,1.2000000000000002,0.1,0.0003,0.00015,0.12,,64,64,0.3,0.05,,1,/home/huang_kai/wind_turbine_phm/PHOENIX-main/autoencoder_benchmark/ablation_experiments/h1/results/comparison_18d_baselines/teacher_student_reference/student_h1_sweep/student_h1_scan96_20260326/stage4/stage4_s3_s2_s1_l4_o4_c7_r5,3,skipped_existing,distill_tcn_attn_weld_seam_windows_ws5_tf75_pg0_h1_ep80_lr0.0003_bs128_T2.0_lce0.9_lkd1.2000000000000002_lf0.1_seed77,/home/huang_kai/wind_turbine_phm/PHOENIX-main/autoencoder_benchmark/ablation_experiments/h1/results/comparison_18d_baselines/teacher_student_reference/student_h1_sweep/student_h1_scan96_20260326/stage4/stage4_s3_s2_s1_l4_o4_c7_r5/distill_tcn_attn_weld_seam_windows_ws5_tf75_pg0_h1_ep80_lr0.0003_bs128_T2.0_lce0.9_lkd1.2000000000000002_lf0.1_seed77,0.0,2,/home/huang_kai/wind_turbine_phm/PHOENIX-main/autoencoder_benchmark/outputs/teacher_h1_scan98_gpu1_v2/manifests/best_teacher_h1.json,"/usr/bin/python /home/huang_kai/wind_turbine_phm/PHOENIX-main/autoencoder_benchmark/train_distill_single_tcn_student.py --dataset-npz /home/huang_kai/wind_turbine_phm/PHOENIX-main/autoencoder_benchmark/Data/processed_data/weld_seam_windows_ws5_tf75_pg0_h1.npz --teacher-ckpt /home/huang_kai/wind_turbine_phm/PHOENIX-main/autoencoder_benchmark/outputs/teacher_h1_scan98_gpu1_v2/runs/single_tcn_attn_weld_seam_windows_ws5_tf75_pg0_h1_ep60_lr0.0003_bs128_k3_l3_d0.08_lat64_wd0.00015_seed14/best_single_tcn.pth --teacher-run-args /home/huang_kai/wind_turbine_phm/PHOENIX-main/autoencoder_benchmark/outputs/teacher_h1_scan98_gpu1_v2/runs/single_tcn_attn_weld_seam_windows_ws5_tf75_pg0_h1_ep60_lr0.0003_bs128_k3_l3_d0.08_lat64_wd0.00015_seed14/run_args.json --output-dir /home/huang_kai/wind_turbine_phm/PHOENIX-main/autoencoder_benchmark/ablation_experiments/h1/results/comparison_18d_baselines/teacher_student_reference/student_h1_sweep/student_h1_scan96_20260326/stage4/stage4_s3_s2_s1_l4_o4_c7_r5 --drop-feature-indices 3,4,5,6,7 --epochs 80 --batch-size 128 --lr 0.0003 --weight-decay 0.00015 --seed 77 --class-weights auto --weighted-sampler --val-ratio 0.15 --early-stop-patience 16 --min-epochs 12 --checkpoint-metric val_teacher_agreement --temperature 2.0 --lambda-ce 0.9 --lambda-kd 1.2000000000000002 --lambda-feat 0.1 --student-tcn-dropout 0.12 --student-tcn-channels 64 --student-classifier-hidden 64 --student-classifier-dropout 0.3 --student-attn-dropout 0.05 --student-tcn-dilation-base 1",/home/huang_kai/wind_turbine_phm/PHOENIX-main/autoencoder_benchmark/ablation_experiments/h1/reports/comparison_18d_baselines/teacher_student_reference/student_h1_sweep/student_h1_scan96_20260326/logs/stage4_stage4_s3_s2_s1_l4_o4_c7_r5_seed77.log,0.7948999999999999,0.793582,0.8006,2,0.84,"{""attn_dropout"": 0.05, ""attn_ff_dim"": 128, ""attn_heads"": 4, ""classifier_dropout"": 0.3, ""classifier_hidden"": 64, ""latent_dim"": 64, ""tcn_channels"": 64, ""tcn_dilation_base"": 1, ""tcn_dropout"": 0.12, ""tcn_kernel"": 3, ""tcn_layers"": 3}"
stage4,stage4_s3_s2_s1_l4_o4_c7_r5,s3_s2_s1_l4_o4_c7_r5,val_teacher_agreement,122,80,128,2.0,0.9,1.2000000000000002,0.1,0.0003,0.00015,0.12,,64,64,0.3,0.05,,1,/home/huang_kai/wind_turbine_phm/PHOENIX-main/autoencoder_benchmark/ablation_experiments/h1/results/comparison_18d_baselines/teacher_student_reference/student_h1_sweep/student_h1_scan96_20260326/stage4/stage4_s3_s2_s1_l4_o4_c7_r5,4,skipped_existing,distill_tcn_attn_weld_seam_windows_ws5_tf75_pg0_h1_ep80_lr0.0003_bs128_T2.0_lce0.9_lkd1.2000000000000002_lf0.1_seed122,/home/huang_kai/wind_turbine_phm/PHOENIX-main/autoencoder_benchmark/ablation_experiments/h1/results/comparison_18d_baselines/teacher_student_reference/student_h1_sweep/student_h1_scan96_20260326/stage4/stage4_s3_s2_s1_l4_o4_c7_r5/distill_tcn_attn_weld_seam_windows_ws5_tf75_pg0_h1_ep80_lr0.0003_bs128_T2.0_lce0.9_lkd1.2000000000000002_lf0.1_seed122,0.0,2,/home/huang_kai/wind_turbine_phm/PHOENIX-main/autoencoder_benchmark/outputs/teacher_h1_scan98_gpu1_v2/manifests/best_teacher_h1.json,"/usr/bin/python /home/huang_kai/wind_turbine_phm/PHOENIX-main/autoencoder_benchmark/train_distill_single_tcn_student.py --dataset-npz /home/huang_kai/wind_turbine_phm/PHOENIX-main/autoencoder_benchmark/Data/processed_data/weld_seam_windows_ws5_tf75_pg0_h1.npz --teacher-ckpt /home/huang_kai/wind_turbine_phm/PHOENIX-main/autoencoder_benchmark/outputs/teacher_h1_scan98_gpu1_v2/runs/single_tcn_attn_weld_seam_windows_ws5_tf75_pg0_h1_ep60_lr0.0003_bs128_k3_l3_d0.08_lat64_wd0.00015_seed14/best_single_tcn.pth --teacher-run-args /home/huang_kai/wind_turbine_phm/PHOENIX-main/autoencoder_benchmark/outputs/teacher_h1_scan98_gpu1_v2/runs/single_tcn_attn_weld_seam_windows_ws5_tf75_pg0_h1_ep60_lr0.0003_bs128_k3_l3_d0.08_lat64_wd0.00015_seed14/run_args.json --output-dir /home/huang_kai/wind_turbine_phm/PHOENIX-main/autoencoder_benchmark/ablation_experiments/h1/results/comparison_18d_baselines/teacher_student_reference/student_h1_sweep/student_h1_scan96_20260326/stage4/stage4_s3_s2_s1_l4_o4_c7_r5 --drop-feature-indices 3,4,5,6,7 --epochs 80 --batch-size 128 --lr 0.0003 --weight-decay 0.00015 --seed 122 --class-weights auto --weighted-sampler --val-ratio 0.15 --early-stop-patience 16 --min-epochs 12 --checkpoint-metric val_teacher_agreement --temperature 2.0 --lambda-ce 0.9 --lambda-kd 1.2000000000000002 --lambda-feat 0.1 --student-tcn-dropout 0.12 --student-tcn-channels 64 --student-classifier-hidden 64 --student-classifier-dropout 0.3 --student-attn-dropout 0.05 --student-tcn-dilation-base 1",/home/huang_kai/wind_turbine_phm/PHOENIX-main/autoencoder_benchmark/ablation_experiments/h1/reports/comparison_18d_baselines/teacher_student_reference/student_h1_sweep/student_h1_scan96_20260326/logs/stage4_stage4_s3_s2_s1_l4_o4_c7_r5_seed122.log,0.9185,0.895427,0.9298000000000001,2,0.885714,"{""attn_dropout"": 0.05, ""attn_ff_dim"": 128, ""attn_heads"": 4, ""classifier_dropout"": 0.3, ""classifier_hidden"": 64, ""latent_dim"": 64, ""tcn_channels"": 64, ""tcn_dilation_base"": 1, ""tcn_dropout"": 0.12, ""tcn_kernel"": 3, ""tcn_layers"": 3}"
stage4,stage4_s3_s2_s1_l4_o4_c7_r5,s3_s2_s1_l4_o4_c7_r5,val_teacher_agreement,183,80,128,2.0,0.9,1.2000000000000002,0.1,0.0003,0.00015,0.12,,64,64,0.3,0.05,,1,/home/huang_kai/wind_turbine_phm/PHOENIX-main/autoencoder_benchmark/ablation_experiments/h1/results/comparison_18d_baselines/teacher_student_reference/student_h1_sweep/student_h1_scan96_20260326/stage4/stage4_s3_s2_s1_l4_o4_c7_r5,5,skipped_existing,distill_tcn_attn_weld_seam_windows_ws5_tf75_pg0_h1_ep80_lr0.0003_bs128_T2.0_lce0.9_lkd1.2000000000000002_lf0.1_seed183,/home/huang_kai/wind_turbine_phm/PHOENIX-main/autoencoder_benchmark/ablation_experiments/h1/results/comparison_18d_baselines/teacher_student_reference/student_h1_sweep/student_h1_scan96_20260326/stage4/stage4_s3_s2_s1_l4_o4_c7_r5/distill_tcn_attn_weld_seam_windows_ws5_tf75_pg0_h1_ep80_lr0.0003_bs128_T2.0_lce0.9_lkd1.2000000000000002_lf0.1_seed183,0.0,2,/home/huang_kai/wind_turbine_phm/PHOENIX-main/autoencoder_benchmark/outputs/teacher_h1_scan98_gpu1_v2/manifests/best_teacher_h1.json,"/usr/bin/python /home/huang_kai/wind_turbine_phm/PHOENIX-main/autoencoder_benchmark/train_distill_single_tcn_student.py --dataset-npz /home/huang_kai/wind_turbine_phm/PHOENIX-main/autoencoder_benchmark/Data/processed_data/weld_seam_windows_ws5_tf75_pg0_h1.npz --teacher-ckpt /home/huang_kai/wind_turbine_phm/PHOENIX-main/autoencoder_benchmark/outputs/teacher_h1_scan98_gpu1_v2/runs/single_tcn_attn_weld_seam_windows_ws5_tf75_pg0_h1_ep60_lr0.0003_bs128_k3_l3_d0.08_lat64_wd0.00015_seed14/best_single_tcn.pth --teacher-run-args /home/huang_kai/wind_turbine_phm/PHOENIX-main/autoencoder_benchmark/outputs/teacher_h1_scan98_gpu1_v2/runs/single_tcn_attn_weld_seam_windows_ws5_tf75_pg0_h1_ep60_lr0.0003_bs128_k3_l3_d0.08_lat64_wd0.00015_seed14/run_args.json --output-dir /home/huang_kai/wind_turbine_phm/PHOENIX-main/autoencoder_benchmark/ablation_experiments/h1/results/comparison_18d_baselines/teacher_student_reference/student_h1_sweep/student_h1_scan96_20260326/stage4/stage4_s3_s2_s1_l4_o4_c7_r5 --drop-feature-indices 3,4,5,6,7 --epochs 80 --batch-size 128 --lr 0.0003 --weight-decay 0.00015 --seed 183 --class-weights auto --weighted-sampler --val-ratio 0.15 --early-stop-patience 16 --min-epochs 12 --checkpoint-metric val_teacher_agreement --temperature 2.0 --lambda-ce 0.9 --lambda-kd 1.2000000000000002 --lambda-feat 0.1 --student-tcn-dropout 0.12 --student-tcn-channels 64 --student-classifier-hidden 64 --student-classifier-dropout 0.3 --student-attn-dropout 0.05 --student-tcn-dilation-base 1",/home/huang_kai/wind_turbine_phm/PHOENIX-main/autoencoder_benchmark/ablation_experiments/h1/reports/comparison_18d_baselines/teacher_student_reference/student_h1_sweep/student_h1_scan96_20260326/logs/stage4_stage4_s3_s2_s1_l4_o4_c7_r5_seed183.log,0.9466,0.933699,0.9298000000000001,4,0.857143,"{""attn_dropout"": 0.05, ""attn_ff_dim"": 128, ""attn_heads"": 4, ""classifier_dropout"": 0.3, ""classifier_hidden"": 64, ""latent_dim"": 64, ""tcn_channels"": 64, ""tcn_dilation_base"": 1, ""tcn_dropout"": 0.12, ""tcn_kernel"": 3, ""tcn_layers"": 3}"
stage4,stage4_s3_s2_s1_l3_o2_c2_r3,s3_s2_s1_l3_o2_c2_r3,val_teacher_agreement,7,80,128,4.0,0.7,1.4,0.3,0.0002,0.00015,0.12,,,64,0.4,0.1,,2,/home/huang_kai/wind_turbine_phm/PHOENIX-main/autoencoder_benchmark/ablation_experiments/h1/results/comparison_18d_baselines/teacher_student_reference/student_h1_sweep/student_h1_scan96_20260326/stage4/stage4_s3_s2_s1_l3_o2_c2_r3,6,skipped_existing,distill_tcn_attn_weld_seam_windows_ws5_tf75_pg0_h1_ep80_lr0.0002_bs128_T4.0_lce0.7_lkd1.4_lf0.3_seed7,/home/huang_kai/wind_turbine_phm/PHOENIX-main/autoencoder_benchmark/ablation_experiments/h1/results/comparison_18d_baselines/teacher_student_reference/student_h1_sweep/student_h1_scan96_20260326/stage4/stage4_s3_s2_s1_l3_o2_c2_r3/distill_tcn_attn_weld_seam_windows_ws5_tf75_pg0_h1_ep80_lr0.0002_bs128_T4.0_lce0.7_lkd1.4_lf0.3_seed7,0.0,2,/home/huang_kai/wind_turbine_phm/PHOENIX-main/autoencoder_benchmark/outputs/teacher_h1_scan98_gpu1_v2/manifests/best_teacher_h1.json,"/usr/bin/python /home/huang_kai/wind_turbine_phm/PHOENIX-main/autoencoder_benchmark/train_distill_single_tcn_student.py --dataset-npz /home/huang_kai/wind_turbine_phm/PHOENIX-main/autoencoder_benchmark/Data/processed_data/weld_seam_windows_ws5_tf75_pg0_h1.npz --teacher-ckpt /home/huang_kai/wind_turbine_phm/PHOENIX-main/autoencoder_benchmark/outputs/teacher_h1_scan98_gpu1_v2/runs/single_tcn_attn_weld_seam_windows_ws5_tf75_pg0_h1_ep60_lr0.0003_bs128_k3_l3_d0.08_lat64_wd0.00015_seed14/best_single_tcn.pth --teacher-run-args /home/huang_kai/wind_turbine_phm/PHOENIX-main/autoencoder_benchmark/outputs/teacher_h1_scan98_gpu1_v2/runs/single_tcn_attn_weld_seam_windows_ws5_tf75_pg0_h1_ep60_lr0.0003_bs128_k3_l3_d0.08_lat64_wd0.00015_seed14/run_args.json --output-dir /home/huang_kai/wind_turbine_phm/PHOENIX-main/autoencoder_benchmark/ablation_experiments/h1/results/comparison_18d_baselines/teacher_student_reference/student_h1_sweep/student_h1_scan96_20260326/stage4/stage4_s3_s2_s1_l3_o2_c2_r3 --drop-feature-indices 3,4,5,6,7 --epochs 80 --batch-size 128 --lr 0.0002 --weight-decay 0.00015 --seed 7 --class-weights auto --weighted-sampler --val-ratio 0.15 --early-stop-patience 16 --min-epochs 12 --checkpoint-metric val_teacher_agreement --temperature 4.0 --lambda-ce 0.7 --lambda-kd 1.4 --lambda-feat 0.3 --student-tcn-dropout 0.12 --student-classifier-hidden 64 --student-classifier-dropout 0.4 --student-attn-dropout 0.1 --student-tcn-dilation-base 2",/home/huang_kai/wind_turbine_phm/PHOENIX-main/autoencoder_benchmark/ablation_experiments/h1/reports/comparison_18d_baselines/teacher_student_reference/student_h1_sweep/student_h1_scan96_20260326/logs/stage4_stage4_s3_s2_s1_l3_o2_c2_r3_seed7.log,0.9073,0.892659,0.9185,3,0.885714,"{""attn_dropout"": 0.1, ""attn_ff_dim"": 128, ""attn_heads"": 4, ""classifier_dropout"": 0.4, ""classifier_hidden"": 64, ""latent_dim"": 64, ""tcn_channels"": 64, ""tcn_dilation_base"": 2, ""tcn_dropout"": 0.12, ""tcn_kernel"": 3, ""tcn_layers"": 3}"
stage4,stage4_s3_s2_s1_l3_o2_c2_r3,s3_s2_s1_l3_o2_c2_r3,val_teacher_agreement,21,80,128,4.0,0.7,1.4,0.3,0.0002,0.00015,0.12,,,64,0.4,0.1,,2,/home/huang_kai/wind_turbine_phm/PHOENIX-main/autoencoder_benchmark/ablation_experiments/h1/results/comparison_18d_baselines/teacher_student_reference/student_h1_sweep/student_h1_scan96_20260326/stage4/stage4_s3_s2_s1_l3_o2_c2_r3,7,skipped_existing,distill_tcn_attn_weld_seam_windows_ws5_tf75_pg0_h1_ep80_lr0.0002_bs128_T4.0_lce0.7_lkd1.4_lf0.3_seed21,/home/huang_kai/wind_turbine_phm/PHOENIX-main/autoencoder_benchmark/ablation_experiments/h1/results/comparison_18d_baselines/teacher_student_reference/student_h1_sweep/student_h1_scan96_20260326/stage4/stage4_s3_s2_s1_l3_o2_c2_r3/distill_tcn_attn_weld_seam_windows_ws5_tf75_pg0_h1_ep80_lr0.0002_bs128_T4.0_lce0.7_lkd1.4_lf0.3_seed21,0.0,2,/home/huang_kai/wind_turbine_phm/PHOENIX-main/autoencoder_benchmark/outputs/teacher_h1_scan98_gpu1_v2/manifests/best_teacher_h1.json,"/usr/bin/python /home/huang_kai/wind_turbine_phm/PHOENIX-main/autoencoder_benchmark/train_distill_single_tcn_student.py --dataset-npz /home/huang_kai/wind_turbine_phm/PHOENIX-main/autoencoder_benchmark/Data/processed_data/weld_seam_windows_ws5_tf75_pg0_h1.npz --teacher-ckpt /home/huang_kai/wind_turbine_phm/PHOENIX-main/autoencoder_benchmark/outputs/teacher_h1_scan98_gpu1_v2/runs/single_tcn_attn_weld_seam_windows_ws5_tf75_pg0_h1_ep60_lr0.0003_bs128_k3_l3_d0.08_lat64_wd0.00015_seed14/best_single_tcn.pth --teacher-run-args /home/huang_kai/wind_turbine_phm/PHOENIX-main/autoencoder_benchmark/outputs/teacher_h1_scan98_gpu1_v2/runs/single_tcn_attn_weld_seam_windows_ws5_tf75_pg0_h1_ep60_lr0.0003_bs128_k3_l3_d0.08_lat64_wd0.00015_seed14/run_args.json --output-dir /home/huang_kai/wind_turbine_phm/PHOENIX-main/autoencoder_benchmark/ablation_experiments/h1/results/comparison_18d_baselines/teacher_student_reference/student_h1_sweep/student_h1_scan96_20260326/stage4/stage4_s3_s2_s1_l3_o2_c2_r3 --drop-feature-indices 3,4,5,6,7 --epochs 80 --batch-size 128 --lr 0.0002 --weight-decay 0.00015 --seed 21 --class-weights auto --weighted-sampler --val-ratio 0.15 --early-stop-patience 16 --min-epochs 12 --checkpoint-metric val_teacher_agreement --temperature 4.0 --lambda-ce 0.7 --lambda-kd 1.4 --lambda-feat 0.3 --student-tcn-dropout 0.12 --student-classifier-hidden 64 --student-classifier-dropout 0.4 --student-attn-dropout 0.1 --student-tcn-dilation-base 2",/home/huang_kai/wind_turbine_phm/PHOENIX-main/autoencoder_benchmark/ablation_experiments/h1/reports/comparison_18d_baselines/teacher_student_reference/student_h1_sweep/student_h1_scan96_20260326/logs/stage4_stage4_s3_s2_s1_l3_o2_c2_r3_seed21.log,0.8034,0.821911,0.7978000000000001,4,0.897143,"{""attn_dropout"": 0.1, ""attn_ff_dim"": 128, ""attn_heads"": 4, ""classifier_dropout"": 0.4, ""classifier_hidden"": 64, ""latent_dim"": 64, ""tcn_channels"": 64, ""tcn_dilation_base"": 2, ""tcn_dropout"": 0.12, ""tcn_kernel"": 3, ""tcn_layers"": 3}"
stage4,stage4_s3_s2_s1_l3_o2_c2_r3,s3_s2_s1_l3_o2_c2_r3,val_teacher_agreement,77,80,128,4.0,0.7,1.4,0.3,0.0002,0.00015,0.12,,,64,0.4,0.1,,2,/home/huang_kai/wind_turbine_phm/PHOENIX-main/autoencoder_benchmark/ablation_experiments/h1/results/comparison_18d_baselines/teacher_student_reference/student_h1_sweep/student_h1_scan96_20260326/stage4/stage4_s3_s2_s1_l3_o2_c2_r3,8,skipped_existing,distill_tcn_attn_weld_seam_windows_ws5_tf75_pg0_h1_ep80_lr0.0002_bs128_T4.0_lce0.7_lkd1.4_lf0.3_seed77,/home/huang_kai/wind_turbine_phm/PHOENIX-main/autoencoder_benchmark/ablation_experiments/h1/results/comparison_18d_baselines/teacher_student_reference/student_h1_sweep/student_h1_scan96_20260326/stage4/stage4_s3_s2_s1_l3_o2_c2_r3/distill_tcn_attn_weld_seam_windows_ws5_tf75_pg0_h1_ep80_lr0.0002_bs128_T4.0_lce0.7_lkd1.4_lf0.3_seed77,0.0,2,/home/huang_kai/wind_turbine_phm/PHOENIX-main/autoencoder_benchmark/outputs/teacher_h1_scan98_gpu1_v2/manifests/best_teacher_h1.json,"/usr/bin/python /home/huang_kai/wind_turbine_phm/PHOENIX-main/autoencoder_benchmark/train_distill_single_tcn_student.py --dataset-npz /home/huang_kai/wind_turbine_phm/PHOENIX-main/autoencoder_benchmark/Data/processed_data/weld_seam_windows_ws5_tf75_pg0_h1.npz --teacher-ckpt /home/huang_kai/wind_turbine_phm/PHOENIX-main/autoencoder_benchmark/outputs/teacher_h1_scan98_gpu1_v2/runs/single_tcn_attn_weld_seam_windows_ws5_tf75_pg0_h1_ep60_lr0.0003_bs128_k3_l3_d0.08_lat64_wd0.00015_seed14/best_single_tcn.pth --teacher-run-args /home/huang_kai/wind_turbine_phm/PHOENIX-main/autoencoder_benchmark/outputs/teacher_h1_scan98_gpu1_v2/runs/single_tcn_attn_weld_seam_windows_ws5_tf75_pg0_h1_ep60_lr0.0003_bs128_k3_l3_d0.08_lat64_wd0.00015_seed14/run_args.json --output-dir /home/huang_kai/wind_turbine_phm/PHOENIX-main/autoencoder_benchmark/ablation_experiments/h1/results/comparison_18d_baselines/teacher_student_reference/student_h1_sweep/student_h1_scan96_20260326/stage4/stage4_s3_s2_s1_l3_o2_c2_r3 --drop-feature-indices 3,4,5,6,7 --epochs 80 --batch-size 128 --lr 0.0002 --weight-decay 0.00015 --seed 77 --class-weights auto --weighted-sampler --val-ratio 0.15 --early-stop-patience 16 --min-epochs 12 --checkpoint-metric val_teacher_agreement --temperature 4.0 --lambda-ce 0.7 --lambda-kd 1.4 --lambda-feat 0.3 --student-tcn-dropout 0.12 --student-classifier-hidden 64 --student-classifier-dropout 0.4 --student-attn-dropout 0.1 --student-tcn-dilation-base 2",/home/huang_kai/wind_turbine_phm/PHOENIX-main/autoencoder_benchmark/ablation_experiments/h1/reports/comparison_18d_baselines/teacher_student_reference/student_h1_sweep/student_h1_scan96_20260326/logs/stage4_stage4_s3_s2_s1_l3_o2_c2_r3_seed77.log,0.9045000000000001,0.889827,0.9157,11,0.845714,"{""attn_dropout"": 0.1, ""attn_ff_dim"": 128, ""attn_heads"": 4, ""classifier_dropout"": 0.4, ""classifier_hidden"": 64, ""latent_dim"": 64, ""tcn_channels"": 64, ""tcn_dilation_base"": 2, ""tcn_dropout"": 0.12, ""tcn_kernel"": 3, ""tcn_layers"": 3}"
stage4,stage4_s3_s2_s1_l3_o2_c2_r3,s3_s2_s1_l3_o2_c2_r3,val_teacher_agreement,122,80,128,4.0,0.7,1.4,0.3,0.0002,0.00015,0.12,,,64,0.4,0.1,,2,/home/huang_kai/wind_turbine_phm/PHOENIX-main/autoencoder_benchmark/ablation_experiments/h1/results/comparison_18d_baselines/teacher_student_reference/student_h1_sweep/student_h1_scan96_20260326/stage4/stage4_s3_s2_s1_l3_o2_c2_r3,9,skipped_existing,distill_tcn_attn_weld_seam_windows_ws5_tf75_pg0_h1_ep80_lr0.0002_bs128_T4.0_lce0.7_lkd1.4_lf0.3_seed122,/home/huang_kai/wind_turbine_phm/PHOENIX-main/autoencoder_benchmark/ablation_experiments/h1/results/comparison_18d_baselines/teacher_student_reference/student_h1_sweep/student_h1_scan96_20260326/stage4/stage4_s3_s2_s1_l3_o2_c2_r3/distill_tcn_attn_weld_seam_windows_ws5_tf75_pg0_h1_ep80_lr0.0002_bs128_T4.0_lce0.7_lkd1.4_lf0.3_seed122,0.0,2,/home/huang_kai/wind_turbine_phm/PHOENIX-main/autoencoder_benchmark/outputs/teacher_h1_scan98_gpu1_v2/manifests/best_teacher_h1.json,"/usr/bin/python /home/huang_kai/wind_turbine_phm/PHOENIX-main/autoencoder_benchmark/train_distill_single_tcn_student.py --dataset-npz /home/huang_kai/wind_turbine_phm/PHOENIX-main/autoencoder_benchmark/Data/processed_data/weld_seam_windows_ws5_tf75_pg0_h1.npz --teacher-ckpt /home/huang_kai/wind_turbine_phm/PHOENIX-main/autoencoder_benchmark/outputs/teacher_h1_scan98_gpu1_v2/runs/single_tcn_attn_weld_seam_windows_ws5_tf75_pg0_h1_ep60_lr0.0003_bs128_k3_l3_d0.08_lat64_wd0.00015_seed14/best_single_tcn.pth --teacher-run-args /home/huang_kai/wind_turbine_phm/PHOENIX-main/autoencoder_benchmark/outputs/teacher_h1_scan98_gpu1_v2/runs/single_tcn_attn_weld_seam_windows_ws5_tf75_pg0_h1_ep60_lr0.0003_bs128_k3_l3_d0.08_lat64_wd0.00015_seed14/run_args.json --output-dir /home/huang_kai/wind_turbine_phm/PHOENIX-main/autoencoder_benchmark/ablation_experiments/h1/results/comparison_18d_baselines/teacher_student_reference/student_h1_sweep/student_h1_scan96_20260326/stage4/stage4_s3_s2_s1_l3_o2_c2_r3 --drop-feature-indices 3,4,5,6,7 --epochs 80 --batch-size 128 --lr 0.0002 --weight-decay 0.00015 --seed 122 --class-weights auto --weighted-sampler --val-ratio 0.15 --early-stop-patience 16 --min-epochs 12 --checkpoint-metric val_teacher_agreement --temperature 4.0 --lambda-ce 0.7 --lambda-kd 1.4 --lambda-feat 0.3 --student-tcn-dropout 0.12 --student-classifier-hidden 64 --student-classifier-dropout 0.4 --student-attn-dropout 0.1 --student-tcn-dilation-base 2",/home/huang_kai/wind_turbine_phm/PHOENIX-main/autoencoder_benchmark/ablation_experiments/h1/reports/comparison_18d_baselines/teacher_student_reference/student_h1_sweep/student_h1_scan96_20260326/logs/stage4_stage4_s3_s2_s1_l3_o2_c2_r3_seed122.log,0.9326000000000001,0.91752,0.9326000000000001,4,0.88,"{""attn_dropout"": 0.1, ""attn_ff_dim"": 128, ""attn_heads"": 4, ""classifier_dropout"": 0.4, ""classifier_hidden"": 64, ""latent_dim"": 64, ""tcn_channels"": 64, ""tcn_dilation_base"": 2, ""tcn_dropout"": 0.12, ""tcn_kernel"": 3, ""tcn_layers"": 3}"
stage4,stage4_s3_s2_s1_l3_o2_c2_r3,s3_s2_s1_l3_o2_c2_r3,val_teacher_agreement,183,80,128,4.0,0.7,1.4,0.3,0.0002,0.00015,0.12,,,64,0.4,0.1,,2,/home/huang_kai/wind_turbine_phm/PHOENIX-main/autoencoder_benchmark/ablation_experiments/h1/results/comparison_18d_baselines/teacher_student_reference/student_h1_sweep/student_h1_scan96_20260326/stage4/stage4_s3_s2_s1_l3_o2_c2_r3,10,skipped_existing,distill_tcn_attn_weld_seam_windows_ws5_tf75_pg0_h1_ep80_lr0.0002_bs128_T4.0_lce0.7_lkd1.4_lf0.3_seed183,/home/huang_kai/wind_turbine_phm/PHOENIX-main/autoencoder_benchmark/ablation_experiments/h1/results/comparison_18d_baselines/teacher_student_reference/student_h1_sweep/student_h1_scan96_20260326/stage4/stage4_s3_s2_s1_l3_o2_c2_r3/distill_tcn_attn_weld_seam_windows_ws5_tf75_pg0_h1_ep80_lr0.0002_bs128_T4.0_lce0.7_lkd1.4_lf0.3_seed183,0.0,2,/home/huang_kai/wind_turbine_phm/PHOENIX-main/autoencoder_benchmark/outputs/teacher_h1_scan98_gpu1_v2/manifests/best_teacher_h1.json,"/usr/bin/python /home/huang_kai/wind_turbine_phm/PHOENIX-main/autoencoder_benchmark/train_distill_single_tcn_student.py --dataset-npz /home/huang_kai/wind_turbine_phm/PHOENIX-main/autoencoder_benchmark/Data/processed_data/weld_seam_windows_ws5_tf75_pg0_h1.npz --teacher-ckpt /home/huang_kai/wind_turbine_phm/PHOENIX-main/autoencoder_benchmark/outputs/teacher_h1_scan98_gpu1_v2/runs/single_tcn_attn_weld_seam_windows_ws5_tf75_pg0_h1_ep60_lr0.0003_bs128_k3_l3_d0.08_lat64_wd0.00015_seed14/best_single_tcn.pth --teacher-run-args /home/huang_kai/wind_turbine_phm/PHOENIX-main/autoencoder_benchmark/outputs/teacher_h1_scan98_gpu1_v2/runs/single_tcn_attn_weld_seam_windows_ws5_tf75_pg0_h1_ep60_lr0.0003_bs128_k3_l3_d0.08_lat64_wd0.00015_seed14/run_args.json --output-dir /home/huang_kai/wind_turbine_phm/PHOENIX-main/autoencoder_benchmark/ablation_experiments/h1/results/comparison_18d_baselines/teacher_student_reference/student_h1_sweep/student_h1_scan96_20260326/stage4/stage4_s3_s2_s1_l3_o2_c2_r3 --drop-feature-indices 3,4,5,6,7 --epochs 80 --batch-size 128 --lr 0.0002 --weight-decay 0.00015 --seed 183 --class-weights auto --weighted-sampler --val-ratio 0.15 --early-stop-patience 16 --min-epochs 12 --checkpoint-metric val_teacher_agreement --temperature 4.0 --lambda-ce 0.7 --lambda-kd 1.4 --lambda-feat 0.3 --student-tcn-dropout 0.12 --student-classifier-hidden 64 --student-classifier-dropout 0.4 --student-attn-dropout 0.1 --student-tcn-dilation-base 2",/home/huang_kai/wind_turbine_phm/PHOENIX-main/autoencoder_benchmark/ablation_experiments/h1/reports/comparison_18d_baselines/teacher_student_reference/student_h1_sweep/student_h1_scan96_20260326/logs/stage4_stage4_s3_s2_s1_l3_o2_c2_r3_seed183.log,0.8399,0.848811,0.8399,3,0.874286,"{""attn_dropout"": 0.1, ""attn_ff_dim"": 128, ""attn_heads"": 4, ""classifier_dropout"": 0.4, ""classifier_hidden"": 64, ""latent_dim"": 64, ""tcn_channels"": 64, ""tcn_dilation_base"": 2, ""tcn_dropout"": 0.12, ""tcn_kernel"": 3, ""tcn_layers"": 3}"
stage4,stage4_s3_s2_s1_l3_o2_c2_r5,s3_s2_s1_l3_o2_c2_r5,val_teacher_agreement,7,80,128,3.5,0.7,1.5,0.3,0.0002,0.00015,0.12,,,64,0.4,0.1,,2,/home/huang_kai/wind_turbine_phm/PHOENIX-main/autoencoder_benchmark/ablation_experiments/h1/results/comparison_18d_baselines/teacher_student_reference/student_h1_sweep/student_h1_scan96_20260326/stage4/stage4_s3_s2_s1_l3_o2_c2_r5,11,skipped_existing,distill_tcn_attn_weld_seam_windows_ws5_tf75_pg0_h1_ep80_lr0.0002_bs128_T3.5_lce0.7_lkd1.5_lf0.3_seed7,/home/huang_kai/wind_turbine_phm/PHOENIX-main/autoencoder_benchmark/ablation_experiments/h1/results/comparison_18d_baselines/teacher_student_reference/student_h1_sweep/student_h1_scan96_20260326/stage4/stage4_s3_s2_s1_l3_o2_c2_r5/distill_tcn_attn_weld_seam_windows_ws5_tf75_pg0_h1_ep80_lr0.0002_bs128_T3.5_lce0.7_lkd1.5_lf0.3_seed7,0.0,2,/home/huang_kai/wind_turbine_phm/PHOENIX-main/autoencoder_benchmark/outputs/teacher_h1_scan98_gpu1_v2/manifests/best_teacher_h1.json,"/usr/bin/python /home/huang_kai/wind_turbine_phm/PHOENIX-main/autoencoder_benchmark/train_distill_single_tcn_student.py --dataset-npz /home/huang_kai/wind_turbine_phm/PHOENIX-main/autoencoder_benchmark/Data/processed_data/weld_seam_windows_ws5_tf75_pg0_h1.npz --teacher-ckpt /home/huang_kai/wind_turbine_phm/PHOENIX-main/autoencoder_benchmark/outputs/teacher_h1_scan98_gpu1_v2/runs/single_tcn_attn_weld_seam_windows_ws5_tf75_pg0_h1_ep60_lr0.0003_bs128_k3_l3_d0.08_lat64_wd0.00015_seed14/best_single_tcn.pth --teacher-run-args /home/huang_kai/wind_turbine_phm/PHOENIX-main/autoencoder_benchmark/outputs/teacher_h1_scan98_gpu1_v2/runs/single_tcn_attn_weld_seam_windows_ws5_tf75_pg0_h1_ep60_lr0.0003_bs128_k3_l3_d0.08_lat64_wd0.00015_seed14/run_args.json --output-dir /home/huang_kai/wind_turbine_phm/PHOENIX-main/autoencoder_benchmark/ablation_experiments/h1/results/comparison_18d_baselines/teacher_student_reference/student_h1_sweep/student_h1_scan96_20260326/stage4/stage4_s3_s2_s1_l3_o2_c2_r5 --drop-feature-indices 3,4,5,6,7 --epochs 80 --batch-size 128 --lr 0.0002 --weight-decay 0.00015 --seed 7 --class-weights auto --weighted-sampler --val-ratio 0.15 --early-stop-patience 16 --min-epochs 12 --checkpoint-metric val_teacher_agreement --temperature 3.5 --lambda-ce 0.7 --lambda-kd 1.5 --lambda-feat 0.3 --student-tcn-dropout 0.12 --student-classifier-hidden 64 --student-classifier-dropout 0.4 --student-attn-dropout 0.1 --student-tcn-dilation-base 2",/home/huang_kai/wind_turbine_phm/PHOENIX-main/autoencoder_benchmark/ablation_experiments/h1/reports/comparison_18d_baselines/teacher_student_reference/student_h1_sweep/student_h1_scan96_20260326/logs/stage4_stage4_s3_s2_s1_l3_o2_c2_r5_seed7.log,0.9101,0.896672,0.9213,3,0.885714,"{""attn_dropout"": 0.1, ""attn_ff_dim"": 128, ""attn_heads"": 4, ""classifier_dropout"": 0.4, ""classifier_hidden"": 64, ""latent_dim"": 64, ""tcn_channels"": 64, ""tcn_dilation_base"": 2, ""tcn_dropout"": 0.12, ""tcn_kernel"": 3, ""tcn_layers"": 3}"
stage4,stage4_s3_s2_s1_l3_o2_c2_r5,s3_s2_s1_l3_o2_c2_r5,val_teacher_agreement,21,80,128,3.5,0.7,1.5,0.3,0.0002,0.00015,0.12,,,64,0.4,0.1,,2,/home/huang_kai/wind_turbine_phm/PHOENIX-main/autoencoder_benchmark/ablation_experiments/h1/results/comparison_18d_baselines/teacher_student_reference/student_h1_sweep/student_h1_scan96_20260326/stage4/stage4_s3_s2_s1_l3_o2_c2_r5,12,skipped_existing,distill_tcn_attn_weld_seam_windows_ws5_tf75_pg0_h1_ep80_lr0.0002_bs128_T3.5_lce0.7_lkd1.5_lf0.3_seed21,/home/huang_kai/wind_turbine_phm/PHOENIX-main/autoencoder_benchmark/ablation_experiments/h1/results/comparison_18d_baselines/teacher_student_reference/student_h1_sweep/student_h1_scan96_20260326/stage4/stage4_s3_s2_s1_l3_o2_c2_r5/distill_tcn_attn_weld_seam_windows_ws5_tf75_pg0_h1_ep80_lr0.0002_bs128_T3.5_lce0.7_lkd1.5_lf0.3_seed21,0.0,2,/home/huang_kai/wind_turbine_phm/PHOENIX-main/autoencoder_benchmark/outputs/teacher_h1_scan98_gpu1_v2/manifests/best_teacher_h1.json,"/usr/bin/python /home/huang_kai/wind_turbine_phm/PHOENIX-main/autoencoder_benchmark/train_distill_single_tcn_student.py --dataset-npz /home/huang_kai/wind_turbine_phm/PHOENIX-main/autoencoder_benchmark/Data/processed_data/weld_seam_windows_ws5_tf75_pg0_h1.npz --teacher-ckpt /home/huang_kai/wind_turbine_phm/PHOENIX-main/autoencoder_benchmark/outputs/teacher_h1_scan98_gpu1_v2/runs/single_tcn_attn_weld_seam_windows_ws5_tf75_pg0_h1_ep60_lr0.0003_bs128_k3_l3_d0.08_lat64_wd0.00015_seed14/best_single_tcn.pth --teacher-run-args /home/huang_kai/wind_turbine_phm/PHOENIX-main/autoencoder_benchmark/outputs/teacher_h1_scan98_gpu1_v2/runs/single_tcn_attn_weld_seam_windows_ws5_tf75_pg0_h1_ep60_lr0.0003_bs128_k3_l3_d0.08_lat64_wd0.00015_seed14/run_args.json --output-dir /home/huang_kai/wind_turbine_phm/PHOENIX-main/autoencoder_benchmark/ablation_experiments/h1/results/comparison_18d_baselines/teacher_student_reference/student_h1_sweep/student_h1_scan96_20260326/stage4/stage4_s3_s2_s1_l3_o2_c2_r5 --drop-feature-indices 3,4,5,6,7 --epochs 80 --batch-size 128 --lr 0.0002 --weight-decay 0.00015 --seed 21 --class-weights auto --weighted-sampler --val-ratio 0.15 --early-stop-patience 16 --min-epochs 12 --checkpoint-metric val_teacher_agreement --temperature 3.5 --lambda-ce 0.7 --lambda-kd 1.5 --lambda-feat 0.3 --student-tcn-dropout 0.12 --student-classifier-hidden 64 --student-classifier-dropout 0.4 --student-attn-dropout 0.1 --student-tcn-dilation-base 2",/home/huang_kai/wind_turbine_phm/PHOENIX-main/autoencoder_benchmark/ablation_experiments/h1/reports/comparison_18d_baselines/teacher_student_reference/student_h1_sweep/student_h1_scan96_20260326/logs/stage4_stage4_s3_s2_s1_l3_o2_c2_r5_seed21.log,0.7978000000000001,0.816386,0.7978000000000001,4,0.897143,"{""attn_dropout"": 0.1, ""attn_ff_dim"": 128, ""attn_heads"": 4, ""classifier_dropout"": 0.4, ""classifier_hidden"": 64, ""latent_dim"": 64, ""tcn_channels"": 64, ""tcn_dilation_base"": 2, ""tcn_dropout"": 0.12, ""tcn_kernel"": 3, ""tcn_layers"": 3}"
stage4,stage4_s3_s2_s1_l3_o2_c2_r5,s3_s2_s1_l3_o2_c2_r5,val_teacher_agreement,77,80,128,3.5,0.7,1.5,0.3,0.0002,0.00015,0.12,,,64,0.4,0.1,,2,/home/huang_kai/wind_turbine_phm/PHOENIX-main/autoencoder_benchmark/ablation_experiments/h1/results/comparison_18d_baselines/teacher_student_reference/student_h1_sweep/student_h1_scan96_20260326/stage4/stage4_s3_s2_s1_l3_o2_c2_r5,13,skipped_existing,distill_tcn_attn_weld_seam_windows_ws5_tf75_pg0_h1_ep80_lr0.0002_bs128_T3.5_lce0.7_lkd1.5_lf0.3_seed77,/home/huang_kai/wind_turbine_phm/PHOENIX-main/autoencoder_benchmark/ablation_experiments/h1/results/comparison_18d_baselines/teacher_student_reference/student_h1_sweep/student_h1_scan96_20260326/stage4/stage4_s3_s2_s1_l3_o2_c2_r5/distill_tcn_attn_weld_seam_windows_ws5_tf75_pg0_h1_ep80_lr0.0002_bs128_T3.5_lce0.7_lkd1.5_lf0.3_seed77,0.0,2,/home/huang_kai/wind_turbine_phm/PHOENIX-main/autoencoder_benchmark/outputs/teacher_h1_scan98_gpu1_v2/manifests/best_teacher_h1.json,"/usr/bin/python /home/huang_kai/wind_turbine_phm/PHOENIX-main/autoencoder_benchmark/train_distill_single_tcn_student.py --dataset-npz /home/huang_kai/wind_turbine_phm/PHOENIX-main/autoencoder_benchmark/Data/processed_data/weld_seam_windows_ws5_tf75_pg0_h1.npz --teacher-ckpt /home/huang_kai/wind_turbine_phm/PHOENIX-main/autoencoder_benchmark/outputs/teacher_h1_scan98_gpu1_v2/runs/single_tcn_attn_weld_seam_windows_ws5_tf75_pg0_h1_ep60_lr0.0003_bs128_k3_l3_d0.08_lat64_wd0.00015_seed14/best_single_tcn.pth --teacher-run-args /home/huang_kai/wind_turbine_phm/PHOENIX-main/autoencoder_benchmark/outputs/teacher_h1_scan98_gpu1_v2/runs/single_tcn_attn_weld_seam_windows_ws5_tf75_pg0_h1_ep60_lr0.0003_bs128_k3_l3_d0.08_lat64_wd0.00015_seed14/run_args.json --output-dir /home/huang_kai/wind_turbine_phm/PHOENIX-main/autoencoder_benchmark/ablation_experiments/h1/results/comparison_18d_baselines/teacher_student_reference/student_h1_sweep/student_h1_scan96_20260326/stage4/stage4_s3_s2_s1_l3_o2_c2_r5 --drop-feature-indices 3,4,5,6,7 --epochs 80 --batch-size 128 --lr 0.0002 --weight-decay 0.00015 --seed 77 --class-weights auto --weighted-sampler --val-ratio 0.15 --early-stop-patience 16 --min-epochs 12 --checkpoint-metric val_teacher_agreement --temperature 3.5 --lambda-ce 0.7 --lambda-kd 1.5 --lambda-feat 0.3 --student-tcn-dropout 0.12 --student-classifier-hidden 64 --student-classifier-dropout 0.4 --student-attn-dropout 0.1 --student-tcn-dilation-base 2",/home/huang_kai/wind_turbine_phm/PHOENIX-main/autoencoder_benchmark/ablation_experiments/h1/reports/comparison_18d_baselines/teacher_student_reference/student_h1_sweep/student_h1_scan96_20260326/logs/stage4_stage4_s3_s2_s1_l3_o2_c2_r5_seed77.log,0.9045000000000001,0.889827,0.9157,11,0.845714,"{""attn_dropout"": 0.1, ""attn_ff_dim"": 128, ""attn_heads"": 4, ""classifier_dropout"": 0.4, ""classifier_hidden"": 64, ""latent_dim"": 64, ""tcn_channels"": 64, ""tcn_dilation_base"": 2, ""tcn_dropout"": 0.12, ""tcn_kernel"": 3, ""tcn_layers"": 3}"
stage4,stage4_s3_s2_s1_l3_o2_c2_r5,s3_s2_s1_l3_o2_c2_r5,val_teacher_agreement,122,80,128,3.5,0.7,1.5,0.3,0.0002,0.00015,0.12,,,64,0.4,0.1,,2,/home/huang_kai/wind_turbine_phm/PHOENIX-main/autoencoder_benchmark/ablation_experiments/h1/results/comparison_18d_baselines/teacher_student_reference/student_h1_sweep/student_h1_scan96_20260326/stage4/stage4_s3_s2_s1_l3_o2_c2_r5,14,skipped_existing,distill_tcn_attn_weld_seam_windows_ws5_tf75_pg0_h1_ep80_lr0.0002_bs128_T3.5_lce0.7_lkd1.5_lf0.3_seed122,/home/huang_kai/wind_turbine_phm/PHOENIX-main/autoencoder_benchmark/ablation_experiments/h1/results/comparison_18d_baselines/teacher_student_reference/student_h1_sweep/student_h1_scan96_20260326/stage4/stage4_s3_s2_s1_l3_o2_c2_r5/distill_tcn_attn_weld_seam_windows_ws5_tf75_pg0_h1_ep80_lr0.0002_bs128_T3.5_lce0.7_lkd1.5_lf0.3_seed122,0.0,2,/home/huang_kai/wind_turbine_phm/PHOENIX-main/autoencoder_benchmark/outputs/teacher_h1_scan98_gpu1_v2/manifests/best_teacher_h1.json,"/usr/bin/python /home/huang_kai/wind_turbine_phm/PHOENIX-main/autoencoder_benchmark/train_distill_single_tcn_student.py --dataset-npz /home/huang_kai/wind_turbine_phm/PHOENIX-main/autoencoder_benchmark/Data/processed_data/weld_seam_windows_ws5_tf75_pg0_h1.npz --teacher-ckpt /home/huang_kai/wind_turbine_phm/PHOENIX-main/autoencoder_benchmark/outputs/teacher_h1_scan98_gpu1_v2/runs/single_tcn_attn_weld_seam_windows_ws5_tf75_pg0_h1_ep60_lr0.0003_bs128_k3_l3_d0.08_lat64_wd0.00015_seed14/best_single_tcn.pth --teacher-run-args /home/huang_kai/wind_turbine_phm/PHOENIX-main/autoencoder_benchmark/outputs/teacher_h1_scan98_gpu1_v2/runs/single_tcn_attn_weld_seam_windows_ws5_tf75_pg0_h1_ep60_lr0.0003_bs128_k3_l3_d0.08_lat64_wd0.00015_seed14/run_args.json --output-dir /home/huang_kai/wind_turbine_phm/PHOENIX-main/autoencoder_benchmark/ablation_experiments/h1/results/comparison_18d_baselines/teacher_student_reference/student_h1_sweep/student_h1_scan96_20260326/stage4/stage4_s3_s2_s1_l3_o2_c2_r5 --drop-feature-indices 3,4,5,6,7 --epochs 80 --batch-size 128 --lr 0.0002 --weight-decay 0.00015 --seed 122 --class-weights auto --weighted-sampler --val-ratio 0.15 --early-stop-patience 16 --min-epochs 12 --checkpoint-metric val_teacher_agreement --temperature 3.5 --lambda-ce 0.7 --lambda-kd 1.5 --lambda-feat 0.3 --student-tcn-dropout 0.12 --student-classifier-hidden 64 --student-classifier-dropout 0.4 --student-attn-dropout 0.1 --student-tcn-dilation-base 2",/home/huang_kai/wind_turbine_phm/PHOENIX-main/autoencoder_benchmark/ablation_experiments/h1/reports/comparison_18d_baselines/teacher_student_reference/student_h1_sweep/student_h1_scan96_20260326/logs/stage4_stage4_s3_s2_s1_l3_o2_c2_r5_seed122.log,0.9354,0.9216,0.9354,4,0.88,"{""attn_dropout"": 0.1, ""attn_ff_dim"": 128, ""attn_heads"": 4, ""classifier_dropout"": 0.4, ""classifier_hidden"": 64, ""latent_dim"": 64, ""tcn_channels"": 64, ""tcn_dilation_base"": 2, ""tcn_dropout"": 0.12, ""tcn_kernel"": 3, ""tcn_layers"": 3}"
stage4,stage4_s3_s2_s1_l3_o2_c2_r5,s3_s2_s1_l3_o2_c2_r5,val_teacher_agreement,183,80,128,3.5,0.7,1.5,0.3,0.0002,0.00015,0.12,,,64,0.4,0.1,,2,/home/huang_kai/wind_turbine_phm/PHOENIX-main/autoencoder_benchmark/ablation_experiments/h1/results/comparison_18d_baselines/teacher_student_reference/student_h1_sweep/student_h1_scan96_20260326/stage4/stage4_s3_s2_s1_l3_o2_c2_r5,15,skipped_existing,distill_tcn_attn_weld_seam_windows_ws5_tf75_pg0_h1_ep80_lr0.0002_bs128_T3.5_lce0.7_lkd1.5_lf0.3_seed183,/home/huang_kai/wind_turbine_phm/PHOENIX-main/autoencoder_benchmark/ablation_experiments/h1/results/comparison_18d_baselines/teacher_student_reference/student_h1_sweep/student_h1_scan96_20260326/stage4/stage4_s3_s2_s1_l3_o2_c2_r5/distill_tcn_attn_weld_seam_windows_ws5_tf75_pg0_h1_ep80_lr0.0002_bs128_T3.5_lce0.7_lkd1.5_lf0.3_seed183,0.0,2,/home/huang_kai/wind_turbine_phm/PHOENIX-main/autoencoder_benchmark/outputs/teacher_h1_scan98_gpu1_v2/manifests/best_teacher_h1.json,"/usr/bin/python /home/huang_kai/wind_turbine_phm/PHOENIX-main/autoencoder_benchmark/train_distill_single_tcn_student.py --dataset-npz /home/huang_kai/wind_turbine_phm/PHOENIX-main/autoencoder_benchmark/Data/processed_data/weld_seam_windows_ws5_tf75_pg0_h1.npz --teacher-ckpt /home/huang_kai/wind_turbine_phm/PHOENIX-main/autoencoder_benchmark/outputs/teacher_h1_scan98_gpu1_v2/runs/single_tcn_attn_weld_seam_windows_ws5_tf75_pg0_h1_ep60_lr0.0003_bs128_k3_l3_d0.08_lat64_wd0.00015_seed14/best_single_tcn.pth --teacher-run-args /home/huang_kai/wind_turbine_phm/PHOENIX-main/autoencoder_benchmark/outputs/teacher_h1_scan98_gpu1_v2/runs/single_tcn_attn_weld_seam_windows_ws5_tf75_pg0_h1_ep60_lr0.0003_bs128_k3_l3_d0.08_lat64_wd0.00015_seed14/run_args.json --output-dir /home/huang_kai/wind_turbine_phm/PHOENIX-main/autoencoder_benchmark/ablation_experiments/h1/results/comparison_18d_baselines/teacher_student_reference/student_h1_sweep/student_h1_scan96_20260326/stage4/stage4_s3_s2_s1_l3_o2_c2_r5 --drop-feature-indices 3,4,5,6,7 --epochs 80 --batch-size 128 --lr 0.0002 --weight-decay 0.00015 --seed 183 --class-weights auto --weighted-sampler --val-ratio 0.15 --early-stop-patience 16 --min-epochs 12 --checkpoint-metric val_teacher_agreement --temperature 3.5 --lambda-ce 0.7 --lambda-kd 1.5 --lambda-feat 0.3 --student-tcn-dropout 0.12 --student-classifier-hidden 64 --student-classifier-dropout 0.4 --student-attn-dropout 0.1 --student-tcn-dilation-base 2",/home/huang_kai/wind_turbine_phm/PHOENIX-main/autoencoder_benchmark/ablation_experiments/h1/reports/comparison_18d_baselines/teacher_student_reference/student_h1_sweep/student_h1_scan96_20260326/logs/stage4_stage4_s3_s2_s1_l3_o2_c2_r5_seed183.log,0.9298000000000001,0.917694,0.9298000000000001,5,0.874286,"{""attn_dropout"": 0.1, ""attn_ff_dim"": 128, ""attn_heads"": 4, ""classifier_dropout"": 0.4, ""classifier_hidden"": 64, ""latent_dim"": 64, ""tcn_channels"": 64, ""tcn_dilation_base"": 2, ""tcn_dropout"": 0.12, ""tcn_kernel"": 3, ""tcn_layers"": 3}"
stage4,stage4_s3_s2_s1_l4_o4_c7_r3,s3_s2_s1_l4_o4_c7_r3,val_teacher_agreement,7,80,128,2.5,0.9,1.1,0.0,0.0003,0.00015,0.12,,64,64,0.3,0.05,,1,/home/huang_kai/wind_turbine_phm/PHOENIX-main/autoencoder_benchmark/ablation_experiments/h1/results/comparison_18d_baselines/teacher_student_reference/student_h1_sweep/student_h1_scan96_20260326/stage4/stage4_s3_s2_s1_l4_o4_c7_r3,16,skipped_existing,distill_tcn_attn_weld_seam_windows_ws5_tf75_pg0_h1_ep80_lr0.0003_bs128_T2.5_lce0.9_lkd1.1_lf0.0_seed7,/home/huang_kai/wind_turbine_phm/PHOENIX-main/autoencoder_benchmark/ablation_experiments/h1/results/comparison_18d_baselines/teacher_student_reference/student_h1_sweep/student_h1_scan96_20260326/stage4/stage4_s3_s2_s1_l4_o4_c7_r3/distill_tcn_attn_weld_seam_windows_ws5_tf75_pg0_h1_ep80_lr0.0003_bs128_T2.5_lce0.9_lkd1.1_lf0.0_seed7,0.0,2,/home/huang_kai/wind_turbine_phm/PHOENIX-main/autoencoder_benchmark/outputs/teacher_h1_scan98_gpu1_v2/manifests/best_teacher_h1.json,"/usr/bin/python /home/huang_kai/wind_turbine_phm/PHOENIX-main/autoencoder_benchmark/train_distill_single_tcn_student.py --dataset-npz /home/huang_kai/wind_turbine_phm/PHOENIX-main/autoencoder_benchmark/Data/processed_data/weld_seam_windows_ws5_tf75_pg0_h1.npz --teacher-ckpt /home/huang_kai/wind_turbine_phm/PHOENIX-main/autoencoder_benchmark/outputs/teacher_h1_scan98_gpu1_v2/runs/single_tcn_attn_weld_seam_windows_ws5_tf75_pg0_h1_ep60_lr0.0003_bs128_k3_l3_d0.08_lat64_wd0.00015_seed14/best_single_tcn.pth --teacher-run-args /home/huang_kai/wind_turbine_phm/PHOENIX-main/autoencoder_benchmark/outputs/teacher_h1_scan98_gpu1_v2/runs/single_tcn_attn_weld_seam_windows_ws5_tf75_pg0_h1_ep60_lr0.0003_bs128_k3_l3_d0.08_lat64_wd0.00015_seed14/run_args.json --output-dir /home/huang_kai/wind_turbine_phm/PHOENIX-main/autoencoder_benchmark/ablation_experiments/h1/results/comparison_18d_baselines/teacher_student_reference/student_h1_sweep/student_h1_scan96_20260326/stage4/stage4_s3_s2_s1_l4_o4_c7_r3 --drop-feature-indices 3,4,5,6,7 --epochs 80 --batch-size 128 --lr 0.0003 --weight-decay 0.00015 --seed 7 --class-weights auto --weighted-sampler --val-ratio 0.15 --early-stop-patience 16 --min-epochs 12 --checkpoint-metric val_teacher_agreement --temperature 2.5 --lambda-ce 0.9 --lambda-kd 1.1 --lambda-feat 0.0 --student-tcn-dropout 0.12 --student-tcn-channels 64 --student-classifier-hidden 64 --student-classifier-dropout 0.3 --student-attn-dropout 0.05 --student-tcn-dilation-base 1",/home/huang_kai/wind_turbine_phm/PHOENIX-main/autoencoder_benchmark/ablation_experiments/h1/reports/comparison_18d_baselines/teacher_student_reference/student_h1_sweep/student_h1_scan96_20260326/logs/stage4_stage4_s3_s2_s1_l4_o4_c7_r3_seed7.log,0.9129,0.876035,0.9185,4,0.891429,"{""attn_dropout"": 0.05, ""attn_ff_dim"": 128, ""attn_heads"": 4, ""classifier_dropout"": 0.3, ""classifier_hidden"": 64, ""latent_dim"": 64, ""tcn_channels"": 64, ""tcn_dilation_base"": 1, ""tcn_dropout"": 0.12, ""tcn_kernel"": 3, ""tcn_layers"": 3}"
stage4,stage4_s3_s2_s1_l4_o4_c7_r3,s3_s2_s1_l4_o4_c7_r3,val_teacher_agreement,21,80,128,2.5,0.9,1.1,0.0,0.0003,0.00015,0.12,,64,64,0.3,0.05,,1,/home/huang_kai/wind_turbine_phm/PHOENIX-main/autoencoder_benchmark/ablation_experiments/h1/results/comparison_18d_baselines/teacher_student_reference/student_h1_sweep/student_h1_scan96_20260326/stage4/stage4_s3_s2_s1_l4_o4_c7_r3,17,skipped_existing,distill_tcn_attn_weld_seam_windows_ws5_tf75_pg0_h1_ep80_lr0.0003_bs128_T2.5_lce0.9_lkd1.1_lf0.0_seed21,/home/huang_kai/wind_turbine_phm/PHOENIX-main/autoencoder_benchmark/ablation_experiments/h1/results/comparison_18d_baselines/teacher_student_reference/student_h1_sweep/student_h1_scan96_20260326/stage4/stage4_s3_s2_s1_l4_o4_c7_r3/distill_tcn_attn_weld_seam_windows_ws5_tf75_pg0_h1_ep80_lr0.0003_bs128_T2.5_lce0.9_lkd1.1_lf0.0_seed21,0.0,2,/home/huang_kai/wind_turbine_phm/PHOENIX-main/autoencoder_benchmark/outputs/teacher_h1_scan98_gpu1_v2/manifests/best_teacher_h1.json,"/usr/bin/python /home/huang_kai/wind_turbine_phm/PHOENIX-main/autoencoder_benchmark/train_distill_single_tcn_student.py --dataset-npz /home/huang_kai/wind_turbine_phm/PHOENIX-main/autoencoder_benchmark/Data/processed_data/weld_seam_windows_ws5_tf75_pg0_h1.npz --teacher-ckpt /home/huang_kai/wind_turbine_phm/PHOENIX-main/autoencoder_benchmark/outputs/teacher_h1_scan98_gpu1_v2/runs/single_tcn_attn_weld_seam_windows_ws5_tf75_pg0_h1_ep60_lr0.0003_bs128_k3_l3_d0.08_lat64_wd0.00015_seed14/best_single_tcn.pth --teacher-run-args /home/huang_kai/wind_turbine_phm/PHOENIX-main/autoencoder_benchmark/outputs/teacher_h1_scan98_gpu1_v2/runs/single_tcn_attn_weld_seam_windows_ws5_tf75_pg0_h1_ep60_lr0.0003_bs128_k3_l3_d0.08_lat64_wd0.00015_seed14/run_args.json --output-dir /home/huang_kai/wind_turbine_phm/PHOENIX-main/autoencoder_benchmark/ablation_experiments/h1/results/comparison_18d_baselines/teacher_student_reference/student_h1_sweep/student_h1_scan96_20260326/stage4/stage4_s3_s2_s1_l4_o4_c7_r3 --drop-feature-indices 3,4,5,6,7 --epochs 80 --batch-size 128 --lr 0.0003 --weight-decay 0.00015 --seed 21 --class-weights auto --weighted-sampler --val-ratio 0.15 --early-stop-patience 16 --min-epochs 12 --checkpoint-metric val_teacher_agreement --temperature 2.5 --lambda-ce 0.9 --lambda-kd 1.1 --lambda-feat 0.0 --student-tcn-dropout 0.12 --student-tcn-channels 64 --student-classifier-hidden 64 --student-classifier-dropout 0.3 --student-attn-dropout 0.05 --student-tcn-dilation-base 1",/home/huang_kai/wind_turbine_phm/PHOENIX-main/autoencoder_benchmark/ablation_experiments/h1/reports/comparison_18d_baselines/teacher_student_reference/student_h1_sweep/student_h1_scan96_20260326/logs/stage4_stage4_s3_s2_s1_l4_o4_c7_r3_seed21.log,0.7696999999999999,0.794365,0.764,2,0.897143,"{""attn_dropout"": 0.05, ""attn_ff_dim"": 128, ""attn_heads"": 4, ""classifier_dropout"": 0.3, ""classifier_hidden"": 64, ""latent_dim"": 64, ""tcn_channels"": 64, ""tcn_dilation_base"": 1, ""tcn_dropout"": 0.12, ""tcn_kernel"": 3, ""tcn_layers"": 3}"
stage4,stage4_s3_s2_s1_l4_o4_c7_r3,s3_s2_s1_l4_o4_c7_r3,val_teacher_agreement,77,80,128,2.5,0.9,1.1,0.0,0.0003,0.00015,0.12,,64,64,0.3,0.05,,1,/home/huang_kai/wind_turbine_phm/PHOENIX-main/autoencoder_benchmark/ablation_experiments/h1/results/comparison_18d_baselines/teacher_student_reference/student_h1_sweep/student_h1_scan96_20260326/stage4/stage4_s3_s2_s1_l4_o4_c7_r3,18,skipped_existing,distill_tcn_attn_weld_seam_windows_ws5_tf75_pg0_h1_ep80_lr0.0003_bs128_T2.5_lce0.9_lkd1.1_lf0.0_seed77,/home/huang_kai/wind_turbine_phm/PHOENIX-main/autoencoder_benchmark/ablation_experiments/h1/results/comparison_18d_baselines/teacher_student_reference/student_h1_sweep/student_h1_scan96_20260326/stage4/stage4_s3_s2_s1_l4_o4_c7_r3/distill_tcn_attn_weld_seam_windows_ws5_tf75_pg0_h1_ep80_lr0.0003_bs128_T2.5_lce0.9_lkd1.1_lf0.0_seed77,0.0,2,/home/huang_kai/wind_turbine_phm/PHOENIX-main/autoencoder_benchmark/outputs/teacher_h1_scan98_gpu1_v2/manifests/best_teacher_h1.json,"/usr/bin/python /home/huang_kai/wind_turbine_phm/PHOENIX-main/autoencoder_benchmark/train_distill_single_tcn_student.py --dataset-npz /home/huang_kai/wind_turbine_phm/PHOENIX-main/autoencoder_benchmark/Data/processed_data/weld_seam_windows_ws5_tf75_pg0_h1.npz --teacher-ckpt /home/huang_kai/wind_turbine_phm/PHOENIX-main/autoencoder_benchmark/outputs/teacher_h1_scan98_gpu1_v2/runs/single_tcn_attn_weld_seam_windows_ws5_tf75_pg0_h1_ep60_lr0.0003_bs128_k3_l3_d0.08_lat64_wd0.00015_seed14/best_single_tcn.pth --teacher-run-args /home/huang_kai/wind_turbine_phm/PHOENIX-main/autoencoder_benchmark/outputs/teacher_h1_scan98_gpu1_v2/runs/single_tcn_attn_weld_seam_windows_ws5_tf75_pg0_h1_ep60_lr0.0003_bs128_k3_l3_d0.08_lat64_wd0.00015_seed14/run_args.json --output-dir /home/huang_kai/wind_turbine_phm/PHOENIX-main/autoencoder_benchmark/ablation_experiments/h1/results/comparison_18d_baselines/teacher_student_reference/student_h1_sweep/student_h1_scan96_20260326/stage4/stage4_s3_s2_s1_l4_o4_c7_r3 --drop-feature-indices 3,4,5,6,7 --epochs 80 --batch-size 128 --lr 0.0003 --weight-decay 0.00015 --seed 77 --class-weights auto --weighted-sampler --val-ratio 0.15 --early-stop-patience 16 --min-epochs 12 --checkpoint-metric val_teacher_agreement --temperature 2.5 --lambda-ce 0.9 --lambda-kd 1.1 --lambda-feat 0.0 --student-tcn-dropout 0.12 --student-tcn-channels 64 --student-classifier-hidden 64 --student-classifier-dropout 0.3 --student-attn-dropout 0.05 --student-tcn-dilation-base 1",/home/huang_kai/wind_turbine_phm/PHOENIX-main/autoencoder_benchmark/ablation_experiments/h1/reports/comparison_18d_baselines/teacher_student_reference/student_h1_sweep/student_h1_scan96_20260326/logs/stage4_stage4_s3_s2_s1_l4_o4_c7_r3_seed77.log,0.809,0.804931,0.8146,2,0.84,"{""attn_dropout"": 0.05, ""attn_ff_dim"": 128, ""attn_heads"": 4, ""classifier_dropout"": 0.3, ""classifier_hidden"": 64, ""latent_dim"": 64, ""tcn_channels"": 64, ""tcn_dilation_base"": 1, ""tcn_dropout"": 0.12, ""tcn_kernel"": 3, ""tcn_layers"": 3}"
stage4,stage4_s3_s2_s1_l4_o4_c7_r3,s3_s2_s1_l4_o4_c7_r3,val_teacher_agreement,122,80,128,2.5,0.9,1.1,0.0,0.0003,0.00015,0.12,,64,64,0.3,0.05,,1,/home/huang_kai/wind_turbine_phm/PHOENIX-main/autoencoder_benchmark/ablation_experiments/h1/results/comparison_18d_baselines/teacher_student_reference/student_h1_sweep/student_h1_scan96_20260326/stage4/stage4_s3_s2_s1_l4_o4_c7_r3,19,skipped_existing,distill_tcn_attn_weld_seam_windows_ws5_tf75_pg0_h1_ep80_lr0.0003_bs128_T2.5_lce0.9_lkd1.1_lf0.0_seed122,/home/huang_kai/wind_turbine_phm/PHOENIX-main/autoencoder_benchmark/ablation_experiments/h1/results/comparison_18d_baselines/teacher_student_reference/student_h1_sweep/student_h1_scan96_20260326/stage4/stage4_s3_s2_s1_l4_o4_c7_r3/distill_tcn_attn_weld_seam_windows_ws5_tf75_pg0_h1_ep80_lr0.0003_bs128_T2.5_lce0.9_lkd1.1_lf0.0_seed122,0.0,2,/home/huang_kai/wind_turbine_phm/PHOENIX-main/autoencoder_benchmark/outputs/teacher_h1_scan98_gpu1_v2/manifests/best_teacher_h1.json,"/usr/bin/python /home/huang_kai/wind_turbine_phm/PHOENIX-main/autoencoder_benchmark/train_distill_single_tcn_student.py --dataset-npz /home/huang_kai/wind_turbine_phm/PHOENIX-main/autoencoder_benchmark/Data/processed_data/weld_seam_windows_ws5_tf75_pg0_h1.npz --teacher-ckpt /home/huang_kai/wind_turbine_phm/PHOENIX-main/autoencoder_benchmark/outputs/teacher_h1_scan98_gpu1_v2/runs/single_tcn_attn_weld_seam_windows_ws5_tf75_pg0_h1_ep60_lr0.0003_bs128_k3_l3_d0.08_lat64_wd0.00015_seed14/best_single_tcn.pth --teacher-run-args /home/huang_kai/wind_turbine_phm/PHOENIX-main/autoencoder_benchmark/outputs/teacher_h1_scan98_gpu1_v2/runs/single_tcn_attn_weld_seam_windows_ws5_tf75_pg0_h1_ep60_lr0.0003_bs128_k3_l3_d0.08_lat64_wd0.00015_seed14/run_args.json --output-dir /home/huang_kai/wind_turbine_phm/PHOENIX-main/autoencoder_benchmark/ablation_experiments/h1/results/comparison_18d_baselines/teacher_student_reference/student_h1_sweep/student_h1_scan96_20260326/stage4/stage4_s3_s2_s1_l4_o4_c7_r3 --drop-feature-indices 3,4,5,6,7 --epochs 80 --batch-size 128 --lr 0.0003 --weight-decay 0.00015 --seed 122 --class-weights auto --weighted-sampler --val-ratio 0.15 --early-stop-patience 16 --min-epochs 12 --checkpoint-metric val_teacher_agreement --temperature 2.5 --lambda-ce 0.9 --lambda-kd 1.1 --lambda-feat 0.0 --student-tcn-dropout 0.12 --student-tcn-channels 64 --student-classifier-hidden 64 --student-classifier-dropout 0.3 --student-attn-dropout 0.05 --student-tcn-dilation-base 1",/home/huang_kai/wind_turbine_phm/PHOENIX-main/autoencoder_benchmark/ablation_experiments/h1/reports/comparison_18d_baselines/teacher_student_reference/student_h1_sweep/student_h1_scan96_20260326/logs/stage4_stage4_s3_s2_s1_l4_o4_c7_r3_seed122.log,0.927,0.904402,0.9381999999999999,2,0.88,"{""attn_dropout"": 0.05, ""attn_ff_dim"": 128, ""attn_heads"": 4, ""classifier_dropout"": 0.3, ""classifier_hidden"": 64, ""latent_dim"": 64, ""tcn_channels"": 64, ""tcn_dilation_base"": 1, ""tcn_dropout"": 0.12, ""tcn_kernel"": 3, ""tcn_layers"": 3}"
stage4,stage4_s3_s2_s1_l4_o4_c7_r3,s3_s2_s1_l4_o4_c7_r3,val_teacher_agreement,183,80,128,2.5,0.9,1.1,0.0,0.0003,0.00015,0.12,,64,64,0.3,0.05,,1,/home/huang_kai/wind_turbine_phm/PHOENIX-main/autoencoder_benchmark/ablation_experiments/h1/results/comparison_18d_baselines/teacher_student_reference/student_h1_sweep/student_h1_scan96_20260326/stage4/stage4_s3_s2_s1_l4_o4_c7_r3,20,skipped_existing,distill_tcn_attn_weld_seam_windows_ws5_tf75_pg0_h1_ep80_lr0.0003_bs128_T2.5_lce0.9_lkd1.1_lf0.0_seed183,/home/huang_kai/wind_turbine_phm/PHOENIX-main/autoencoder_benchmark/ablation_experiments/h1/results/comparison_18d_baselines/teacher_student_reference/student_h1_sweep/student_h1_scan96_20260326/stage4/stage4_s3_s2_s1_l4_o4_c7_r3/distill_tcn_attn_weld_seam_windows_ws5_tf75_pg0_h1_ep80_lr0.0003_bs128_T2.5_lce0.9_lkd1.1_lf0.0_seed183,0.0,2,/home/huang_kai/wind_turbine_phm/PHOENIX-main/autoencoder_benchmark/outputs/teacher_h1_scan98_gpu1_v2/manifests/best_teacher_h1.json,"/usr/bin/python /home/huang_kai/wind_turbine_phm/PHOENIX-main/autoencoder_benchmark/train_distill_single_tcn_student.py --dataset-npz /home/huang_kai/wind_turbine_phm/PHOENIX-main/autoencoder_benchmark/Data/processed_data/weld_seam_windows_ws5_tf75_pg0_h1.npz --teacher-ckpt /home/huang_kai/wind_turbine_phm/PHOENIX-main/autoencoder_benchmark/outputs/teacher_h1_scan98_gpu1_v2/runs/single_tcn_attn_weld_seam_windows_ws5_tf75_pg0_h1_ep60_lr0.0003_bs128_k3_l3_d0.08_lat64_wd0.00015_seed14/best_single_tcn.pth --teacher-run-args /home/huang_kai/wind_turbine_phm/PHOENIX-main/autoencoder_benchmark/outputs/teacher_h1_scan98_gpu1_v2/runs/single_tcn_attn_weld_seam_windows_ws5_tf75_pg0_h1_ep60_lr0.0003_bs128_k3_l3_d0.08_lat64_wd0.00015_seed14/run_args.json --output-dir /home/huang_kai/wind_turbine_phm/PHOENIX-main/autoencoder_benchmark/ablation_experiments/h1/results/comparison_18d_baselines/teacher_student_reference/student_h1_sweep/student_h1_scan96_20260326/stage4/stage4_s3_s2_s1_l4_o4_c7_r3 --drop-feature-indices 3,4,5,6,7 --epochs 80 --batch-size 128 --lr 0.0003 --weight-decay 0.00015 --seed 183 --class-weights auto --weighted-sampler --val-ratio 0.15 --early-stop-patience 16 --min-epochs 12 --checkpoint-metric val_teacher_agreement --temperature 2.5 --lambda-ce 0.9 --lambda-kd 1.1 --lambda-feat 0.0 --student-tcn-dropout 0.12 --student-tcn-channels 64 --student-classifier-hidden 64 --student-classifier-dropout 0.3 --student-attn-dropout 0.05 --student-tcn-dilation-base 1",/home/huang_kai/wind_turbine_phm/PHOENIX-main/autoencoder_benchmark/ablation_experiments/h1/reports/comparison_18d_baselines/teacher_student_reference/student_h1_sweep/student_h1_scan96_20260326/logs/stage4_stage4_s3_s2_s1_l4_o4_c7_r3_seed183.log,0.8961,0.886656,0.8904000000000001,3,0.857143,"{""attn_dropout"": 0.05, ""attn_ff_dim"": 128, ""attn_heads"": 4, ""classifier_dropout"": 0.3, ""classifier_hidden"": 64, ""latent_dim"": 64, ""tcn_channels"": 64, ""tcn_dilation_base"": 1, ""tcn_dropout"": 0.12, ""tcn_kernel"": 3, ""tcn_layers"": 3}"
extension,extension_s3_s2_s1_l4_o4_c7_r5,s3_s2_s1_l4_o4_c7_r5,val_teacher_agreement,132,80,128,2.0,0.9,1.2000000000000002,0.1,0.0003,0.00015,0.12,,64,64,0.3,0.05,,1,/home/huang_kai/wind_turbine_phm/PHOENIX-main/autoencoder_benchmark/ablation_experiments/h1/results/comparison_18d_baselines/teacher_student_reference/student_h1_sweep/student_h1_scan96_20260326/extension/extension_s3_s2_s1_l4_o4_c7_r5,1,success,distill_tcn_attn_weld_seam_windows_ws5_tf75_pg0_h1_ep80_lr0.0003_bs128_T2.0_lce0.9_lkd1.2000000000000002_lf0.1_seed132,/home/huang_kai/wind_turbine_phm/PHOENIX-main/autoencoder_benchmark/ablation_experiments/h1/results/comparison_18d_baselines/teacher_student_reference/student_h1_sweep/student_h1_scan96_20260326/extension/extension_s3_s2_s1_l4_o4_c7_r5/distill_tcn_attn_weld_seam_windows_ws5_tf75_pg0_h1_ep80_lr0.0003_bs128_T2.0_lce0.9_lkd1.2000000000000002_lf0.1_seed132,5.85,2,/home/huang_kai/wind_turbine_phm/PHOENIX-main/autoencoder_benchmark/outputs/teacher_h1_scan98_gpu1_v2/manifests/best_teacher_h1.json,"/usr/bin/python /home/huang_kai/wind_turbine_phm/PHOENIX-main/autoencoder_benchmark/train_distill_single_tcn_student.py --dataset-npz /home/huang_kai/wind_turbine_phm/PHOENIX-main/autoencoder_benchmark/Data/processed_data/weld_seam_windows_ws5_tf75_pg0_h1.npz --teacher-ckpt /home/huang_kai/wind_turbine_phm/PHOENIX-main/autoencoder_benchmark/outputs/teacher_h1_scan98_gpu1_v2/runs/single_tcn_attn_weld_seam_windows_ws5_tf75_pg0_h1_ep60_lr0.0003_bs128_k3_l3_d0.08_lat64_wd0.00015_seed14/best_single_tcn.pth --teacher-run-args /home/huang_kai/wind_turbine_phm/PHOENIX-main/autoencoder_benchmark/outputs/teacher_h1_scan98_gpu1_v2/runs/single_tcn_attn_weld_seam_windows_ws5_tf75_pg0_h1_ep60_lr0.0003_bs128_k3_l3_d0.08_lat64_wd0.00015_seed14/run_args.json --output-dir /home/huang_kai/wind_turbine_phm/PHOENIX-main/autoencoder_benchmark/ablation_experiments/h1/results/comparison_18d_baselines/teacher_student_reference/student_h1_sweep/student_h1_scan96_20260326/extension/extension_s3_s2_s1_l4_o4_c7_r5 --drop-feature-indices 3,4,5,6,7 --epochs 80 --batch-size 128 --lr 0.0003 --weight-decay 0.00015 --seed 132 --class-weights auto --weighted-sampler --val-ratio 0.15 --early-stop-patience 16 --min-epochs 12 --checkpoint-metric val_teacher_agreement --temperature 2.0 --lambda-ce 0.9 --lambda-kd 1.2000000000000002 --lambda-feat 0.1 --student-tcn-dropout 0.12 --student-tcn-channels 64 --student-classifier-hidden 64 --student-classifier-dropout 0.3 --student-attn-dropout 0.05 --student-tcn-dilation-base 1",/home/huang_kai/wind_turbine_phm/PHOENIX-main/autoencoder_benchmark/ablation_experiments/h1/reports/comparison_18d_baselines/teacher_student_reference/student_h1_sweep/student_h1_scan96_20260326/logs/extension_extension_s3_s2_s1_l4_o4_c7_r5_seed132.log,0.9185,0.881177,0.9185,5,0.862857,"{""attn_dropout"": 0.05, ""attn_ff_dim"": 128, ""attn_heads"": 4, ""classifier_dropout"": 0.3, ""classifier_hidden"": 64, ""latent_dim"": 64, ""tcn_channels"": 64, ""tcn_dilation_base"": 1, ""tcn_dropout"": 0.12, ""tcn_kernel"": 3, ""tcn_layers"": 3}"
extension,extension_s3_s2_s1_l4_o4_c7_r5,s3_s2_s1_l4_o4_c7_r5,val_teacher_agreement,230,80,128,2.0,0.9,1.2000000000000002,0.1,0.0003,0.00015,0.12,,64,64,0.3,0.05,,1,/home/huang_kai/wind_turbine_phm/PHOENIX-main/autoencoder_benchmark/ablation_experiments/h1/results/comparison_18d_baselines/teacher_student_reference/student_h1_sweep/student_h1_scan96_20260326/extension/extension_s3_s2_s1_l4_o4_c7_r5,2,success,distill_tcn_attn_weld_seam_windows_ws5_tf75_pg0_h1_ep80_lr0.0003_bs128_T2.0_lce0.9_lkd1.2000000000000002_lf0.1_seed230,/home/huang_kai/wind_turbine_phm/PHOENIX-main/autoencoder_benchmark/ablation_experiments/h1/results/comparison_18d_baselines/teacher_student_reference/student_h1_sweep/student_h1_scan96_20260326/extension/extension_s3_s2_s1_l4_o4_c7_r5/distill_tcn_attn_weld_seam_windows_ws5_tf75_pg0_h1_ep80_lr0.0003_bs128_T2.0_lce0.9_lkd1.2000000000000002_lf0.1_seed230,5.52,2,/home/huang_kai/wind_turbine_phm/PHOENIX-main/autoencoder_benchmark/outputs/teacher_h1_scan98_gpu1_v2/manifests/best_teacher_h1.json,"/usr/bin/python /home/huang_kai/wind_turbine_phm/PHOENIX-main/autoencoder_benchmark/train_distill_single_tcn_student.py --dataset-npz /home/huang_kai/wind_turbine_phm/PHOENIX-main/autoencoder_benchmark/Data/processed_data/weld_seam_windows_ws5_tf75_pg0_h1.npz --teacher-ckpt /home/huang_kai/wind_turbine_phm/PHOENIX-main/autoencoder_benchmark/outputs/teacher_h1_scan98_gpu1_v2/runs/single_tcn_attn_weld_seam_windows_ws5_tf75_pg0_h1_ep60_lr0.0003_bs128_k3_l3_d0.08_lat64_wd0.00015_seed14/best_single_tcn.pth --teacher-run-args /home/huang_kai/wind_turbine_phm/PHOENIX-main/autoencoder_benchmark/outputs/teacher_h1_scan98_gpu1_v2/runs/single_tcn_attn_weld_seam_windows_ws5_tf75_pg0_h1_ep60_lr0.0003_bs128_k3_l3_d0.08_lat64_wd0.00015_seed14/run_args.json --output-dir /home/huang_kai/wind_turbine_phm/PHOENIX-main/autoencoder_benchmark/ablation_experiments/h1/results/comparison_18d_baselines/teacher_student_reference/student_h1_sweep/student_h1_scan96_20260326/extension/extension_s3_s2_s1_l4_o4_c7_r5 --drop-feature-indices 3,4,5,6,7 --epochs 80 --batch-size 128 --lr 0.0003 --weight-decay 0.00015 --seed 230 --class-weights auto --weighted-sampler --val-ratio 0.15 --early-stop-patience 16 --min-epochs 12 --checkpoint-metric val_teacher_agreement --temperature 2.0 --lambda-ce 0.9 --lambda-kd 1.2000000000000002 --lambda-feat 0.1 --student-tcn-dropout 0.12 --student-tcn-channels 64 --student-classifier-hidden 64 --student-classifier-dropout 0.3 --student-attn-dropout 0.05 --student-tcn-dilation-base 1",/home/huang_kai/wind_turbine_phm/PHOENIX-main/autoencoder_benchmark/ablation_experiments/h1/reports/comparison_18d_baselines/teacher_student_reference/student_h1_sweep/student_h1_scan96_20260326/logs/extension_extension_s3_s2_s1_l4_o4_c7_r5_seed230.log,0.8287,0.836945,0.8287,3,0.862857,"{""attn_dropout"": 0.05, ""attn_ff_dim"": 128, ""attn_heads"": 4, ""classifier_dropout"": 0.3, ""classifier_hidden"": 64, ""latent_dim"": 64, ""tcn_channels"": 64, ""tcn_dilation_base"": 1, ""tcn_dropout"": 0.12, ""tcn_kernel"": 3, ""tcn_layers"": 3}"
extension,extension_s3_s2_s1_l4_o4_c7_r5,s3_s2_s1_l4_o4_c7_r5,val_teacher_agreement,314,80,128,2.0,0.9,1.2000000000000002,0.1,0.0003,0.00015,0.12,,64,64,0.3,0.05,,1,/home/huang_kai/wind_turbine_phm/PHOENIX-main/autoencoder_benchmark/ablation_experiments/h1/results/comparison_18d_baselines/teacher_student_reference/student_h1_sweep/student_h1_scan96_20260326/extension/extension_s3_s2_s1_l4_o4_c7_r5,3,success,distill_tcn_attn_weld_seam_windows_ws5_tf75_pg0_h1_ep80_lr0.0003_bs128_T2.0_lce0.9_lkd1.2000000000000002_lf0.1_seed314,/home/huang_kai/wind_turbine_phm/PHOENIX-main/autoencoder_benchmark/ablation_experiments/h1/results/comparison_18d_baselines/teacher_student_reference/student_h1_sweep/student_h1_scan96_20260326/extension/extension_s3_s2_s1_l4_o4_c7_r5/distill_tcn_attn_weld_seam_windows_ws5_tf75_pg0_h1_ep80_lr0.0003_bs128_T2.0_lce0.9_lkd1.2000000000000002_lf0.1_seed314,5.74,2,/home/huang_kai/wind_turbine_phm/PHOENIX-main/autoencoder_benchmark/outputs/teacher_h1_scan98_gpu1_v2/manifests/best_teacher_h1.json,"/usr/bin/python /home/huang_kai/wind_turbine_phm/PHOENIX-main/autoencoder_benchmark/train_distill_single_tcn_student.py --dataset-npz /home/huang_kai/wind_turbine_phm/PHOENIX-main/autoencoder_benchmark/Data/processed_data/weld_seam_windows_ws5_tf75_pg0_h1.npz --teacher-ckpt /home/huang_kai/wind_turbine_phm/PHOENIX-main/autoencoder_benchmark/outputs/teacher_h1_scan98_gpu1_v2/runs/single_tcn_attn_weld_seam_windows_ws5_tf75_pg0_h1_ep60_lr0.0003_bs128_k3_l3_d0.08_lat64_wd0.00015_seed14/best_single_tcn.pth --teacher-run-args /home/huang_kai/wind_turbine_phm/PHOENIX-main/autoencoder_benchmark/outputs/teacher_h1_scan98_gpu1_v2/runs/single_tcn_attn_weld_seam_windows_ws5_tf75_pg0_h1_ep60_lr0.0003_bs128_k3_l3_d0.08_lat64_wd0.00015_seed14/run_args.json --output-dir /home/huang_kai/wind_turbine_phm/PHOENIX-main/autoencoder_benchmark/ablation_experiments/h1/results/comparison_18d_baselines/teacher_student_reference/student_h1_sweep/student_h1_scan96_20260326/extension/extension_s3_s2_s1_l4_o4_c7_r5 --drop-feature-indices 3,4,5,6,7 --epochs 80 --batch-size 128 --lr 0.0003 --weight-decay 0.00015 --seed 314 --class-weights auto --weighted-sampler --val-ratio 0.15 --early-stop-patience 16 --min-epochs 12 --checkpoint-metric val_teacher_agreement --temperature 2.0 --lambda-ce 0.9 --lambda-kd 1.2000000000000002 --lambda-feat 0.1 --student-tcn-dropout 0.12 --student-tcn-channels 64 --student-classifier-hidden 64 --student-classifier-dropout 0.3 --student-attn-dropout 0.05 --student-tcn-dilation-base 1",/home/huang_kai/wind_turbine_phm/PHOENIX-main/autoencoder_benchmark/ablation_experiments/h1/reports/comparison_18d_baselines/teacher_student_reference/student_h1_sweep/student_h1_scan96_20260326/logs/extension_extension_s3_s2_s1_l4_o4_c7_r5_seed314.log,0.9466,0.933675,0.9521999999999999,3,0.834286,"{""attn_dropout"": 0.05, ""attn_ff_dim"": 128, ""attn_heads"": 4, ""classifier_dropout"": 0.3, ""classifier_hidden"": 64, ""latent_dim"": 64, ""tcn_channels"": 64, ""tcn_dilation_base"": 1, ""tcn_dropout"": 0.12, ""tcn_kernel"": 3, ""tcn_layers"": 3}"
extension,extension_s3_s2_s1_l4_o4_c7_r5,s3_s2_s1_l4_o4_c7_r5,val_teacher_agreement,512,80,128,2.0,0.9,1.2000000000000002,0.1,0.0003,0.00015,0.12,,64,64,0.3,0.05,,1,/home/huang_kai/wind_turbine_phm/PHOENIX-main/autoencoder_benchmark/ablation_experiments/h1/results/comparison_18d_baselines/teacher_student_reference/student_h1_sweep/student_h1_scan96_20260326/extension/extension_s3_s2_s1_l4_o4_c7_r5,4,success,distill_tcn_attn_weld_seam_windows_ws5_tf75_pg0_h1_ep80_lr0.0003_bs128_T2.0_lce0.9_lkd1.2000000000000002_lf0.1_seed512,/home/huang_kai/wind_turbine_phm/PHOENIX-main/autoencoder_benchmark/ablation_experiments/h1/results/comparison_18d_baselines/teacher_student_reference/student_h1_sweep/student_h1_scan96_20260326/extension/extension_s3_s2_s1_l4_o4_c7_r5/distill_tcn_attn_weld_seam_windows_ws5_tf75_pg0_h1_ep80_lr0.0003_bs128_T2.0_lce0.9_lkd1.2000000000000002_lf0.1_seed512,5.68,2,/home/huang_kai/wind_turbine_phm/PHOENIX-main/autoencoder_benchmark/outputs/teacher_h1_scan98_gpu1_v2/manifests/best_teacher_h1.json,"/usr/bin/python /home/huang_kai/wind_turbine_phm/PHOENIX-main/autoencoder_benchmark/train_distill_single_tcn_student.py --dataset-npz /home/huang_kai/wind_turbine_phm/PHOENIX-main/autoencoder_benchmark/Data/processed_data/weld_seam_windows_ws5_tf75_pg0_h1.npz --teacher-ckpt /home/huang_kai/wind_turbine_phm/PHOENIX-main/autoencoder_benchmark/outputs/teacher_h1_scan98_gpu1_v2/runs/single_tcn_attn_weld_seam_windows_ws5_tf75_pg0_h1_ep60_lr0.0003_bs128_k3_l3_d0.08_lat64_wd0.00015_seed14/best_single_tcn.pth --teacher-run-args /home/huang_kai/wind_turbine_phm/PHOENIX-main/autoencoder_benchmark/outputs/teacher_h1_scan98_gpu1_v2/runs/single_tcn_attn_weld_seam_windows_ws5_tf75_pg0_h1_ep60_lr0.0003_bs128_k3_l3_d0.08_lat64_wd0.00015_seed14/run_args.json --output-dir /home/huang_kai/wind_turbine_phm/PHOENIX-main/autoencoder_benchmark/ablation_experiments/h1/results/comparison_18d_baselines/teacher_student_reference/student_h1_sweep/student_h1_scan96_20260326/extension/extension_s3_s2_s1_l4_o4_c7_r5 --drop-feature-indices 3,4,5,6,7 --epochs 80 --batch-size 128 --lr 0.0003 --weight-decay 0.00015 --seed 512 --class-weights auto --weighted-sampler --val-ratio 0.15 --early-stop-patience 16 --min-epochs 12 --checkpoint-metric val_teacher_agreement --temperature 2.0 --lambda-ce 0.9 --lambda-kd 1.2000000000000002 --lambda-feat 0.1 --student-tcn-dropout 0.12 --student-tcn-channels 64 --student-classifier-hidden 64 --student-classifier-dropout 0.3 --student-attn-dropout 0.05 --student-tcn-dilation-base 1",/home/huang_kai/wind_turbine_phm/PHOENIX-main/autoencoder_benchmark/ablation_experiments/h1/reports/comparison_18d_baselines/teacher_student_reference/student_h1_sweep/student_h1_scan96_20260326/logs/extension_extension_s3_s2_s1_l4_o4_c7_r5_seed512.log,0.8454999999999999,0.837975,0.8287,3,0.851429,"{""attn_dropout"": 0.05, ""attn_ff_dim"": 128, ""attn_heads"": 4, ""classifier_dropout"": 0.3, ""classifier_hidden"": 64, ""latent_dim"": 64, ""tcn_channels"": 64, ""tcn_dilation_base"": 1, ""tcn_dropout"": 0.12, ""tcn_kernel"": 3, ""tcn_layers"": 3}"
extension,extension_s3_s2_s1_l4_o4_c7_r5,s3_s2_s1_l4_o4_c7_r5,val_teacher_agreement,777,80,128,2.0,0.9,1.2000000000000002,0.1,0.0003,0.00015,0.12,,64,64,0.3,0.05,,1,/home/huang_kai/wind_turbine_phm/PHOENIX-main/autoencoder_benchmark/ablation_experiments/h1/results/comparison_18d_baselines/teacher_student_reference/student_h1_sweep/student_h1_scan96_20260326/extension/extension_s3_s2_s1_l4_o4_c7_r5,5,success,distill_tcn_attn_weld_seam_windows_ws5_tf75_pg0_h1_ep80_lr0.0003_bs128_T2.0_lce0.9_lkd1.2000000000000002_lf0.1_seed777,/home/huang_kai/wind_turbine_phm/PHOENIX-main/autoencoder_benchmark/ablation_experiments/h1/results/comparison_18d_baselines/teacher_student_reference/student_h1_sweep/student_h1_scan96_20260326/extension/extension_s3_s2_s1_l4_o4_c7_r5/distill_tcn_attn_weld_seam_windows_ws5_tf75_pg0_h1_ep80_lr0.0003_bs128_T2.0_lce0.9_lkd1.2000000000000002_lf0.1_seed777,5.53,2,/home/huang_kai/wind_turbine_phm/PHOENIX-main/autoencoder_benchmark/outputs/teacher_h1_scan98_gpu1_v2/manifests/best_teacher_h1.json,"/usr/bin/python /home/huang_kai/wind_turbine_phm/PHOENIX-main/autoencoder_benchmark/train_distill_single_tcn_student.py --dataset-npz /home/huang_kai/wind_turbine_phm/PHOENIX-main/autoencoder_benchmark/Data/processed_data/weld_seam_windows_ws5_tf75_pg0_h1.npz --teacher-ckpt /home/huang_kai/wind_turbine_phm/PHOENIX-main/autoencoder_benchmark/outputs/teacher_h1_scan98_gpu1_v2/runs/single_tcn_attn_weld_seam_windows_ws5_tf75_pg0_h1_ep60_lr0.0003_bs128_k3_l3_d0.08_lat64_wd0.00015_seed14/best_single_tcn.pth --teacher-run-args /home/huang_kai/wind_turbine_phm/PHOENIX-main/autoencoder_benchmark/outputs/teacher_h1_scan98_gpu1_v2/runs/single_tcn_attn_weld_seam_windows_ws5_tf75_pg0_h1_ep60_lr0.0003_bs128_k3_l3_d0.08_lat64_wd0.00015_seed14/run_args.json --output-dir /home/huang_kai/wind_turbine_phm/PHOENIX-main/autoencoder_benchmark/ablation_experiments/h1/results/comparison_18d_baselines/teacher_student_reference/student_h1_sweep/student_h1_scan96_20260326/extension/extension_s3_s2_s1_l4_o4_c7_r5 --drop-feature-indices 3,4,5,6,7 --epochs 80 --batch-size 128 --lr 0.0003 --weight-decay 0.00015 --seed 777 --class-weights auto --weighted-sampler --val-ratio 0.15 --early-stop-patience 16 --min-epochs 12 --checkpoint-metric val_teacher_agreement --temperature 2.0 --lambda-ce 0.9 --lambda-kd 1.2000000000000002 --lambda-feat 0.1 --student-tcn-dropout 0.12 --student-tcn-channels 64 --student-classifier-hidden 64 --student-classifier-dropout 0.3 --student-attn-dropout 0.05 --student-tcn-dilation-base 1",/home/huang_kai/wind_turbine_phm/PHOENIX-main/autoencoder_benchmark/ablation_experiments/h1/reports/comparison_18d_baselines/teacher_student_reference/student_h1_sweep/student_h1_scan96_20260326/logs/extension_extension_s3_s2_s1_l4_o4_c7_r5_seed777.log,0.7528,0.774428,0.7472,3,0.828571,"{""attn_dropout"": 0.05, ""attn_ff_dim"": 128, ""attn_heads"": 4, ""classifier_dropout"": 0.3, ""classifier_hidden"": 64, ""latent_dim"": 64, ""tcn_channels"": 64, ""tcn_dilation_base"": 1, ""tcn_dropout"": 0.12, ""tcn_kernel"": 3, ""tcn_layers"": 3}"
extension,extension_s3_s2_s1_l4_o4_c7_r5,s3_s2_s1_l4_o4_c7_r5,val_teacher_agreement,1001,80,128,2.0,0.9,1.2000000000000002,0.1,0.0003,0.00015,0.12,,64,64,0.3,0.05,,1,/home/huang_kai/wind_turbine_phm/PHOENIX-main/autoencoder_benchmark/ablation_experiments/h1/results/comparison_18d_baselines/teacher_student_reference/student_h1_sweep/student_h1_scan96_20260326/extension/extension_s3_s2_s1_l4_o4_c7_r5,6,success,distill_tcn_attn_weld_seam_windows_ws5_tf75_pg0_h1_ep80_lr0.0003_bs128_T2.0_lce0.9_lkd1.2000000000000002_lf0.1_seed1001,/home/huang_kai/wind_turbine_phm/PHOENIX-main/autoencoder_benchmark/ablation_experiments/h1/results/comparison_18d_baselines/teacher_student_reference/student_h1_sweep/student_h1_scan96_20260326/extension/extension_s3_s2_s1_l4_o4_c7_r5/distill_tcn_attn_weld_seam_windows_ws5_tf75_pg0_h1_ep80_lr0.0003_bs128_T2.0_lce0.9_lkd1.2000000000000002_lf0.1_seed1001,5.93,2,/home/huang_kai/wind_turbine_phm/PHOENIX-main/autoencoder_benchmark/outputs/teacher_h1_scan98_gpu1_v2/manifests/best_teacher_h1.json,"/usr/bin/python /home/huang_kai/wind_turbine_phm/PHOENIX-main/autoencoder_benchmark/train_distill_single_tcn_student.py --dataset-npz /home/huang_kai/wind_turbine_phm/PHOENIX-main/autoencoder_benchmark/Data/processed_data/weld_seam_windows_ws5_tf75_pg0_h1.npz --teacher-ckpt /home/huang_kai/wind_turbine_phm/PHOENIX-main/autoencoder_benchmark/outputs/teacher_h1_scan98_gpu1_v2/runs/single_tcn_attn_weld_seam_windows_ws5_tf75_pg0_h1_ep60_lr0.0003_bs128_k3_l3_d0.08_lat64_wd0.00015_seed14/best_single_tcn.pth --teacher-run-args /home/huang_kai/wind_turbine_phm/PHOENIX-main/autoencoder_benchmark/outputs/teacher_h1_scan98_gpu1_v2/runs/single_tcn_attn_weld_seam_windows_ws5_tf75_pg0_h1_ep60_lr0.0003_bs128_k3_l3_d0.08_lat64_wd0.00015_seed14/run_args.json --output-dir /home/huang_kai/wind_turbine_phm/PHOENIX-main/autoencoder_benchmark/ablation_experiments/h1/results/comparison_18d_baselines/teacher_student_reference/student_h1_sweep/student_h1_scan96_20260326/extension/extension_s3_s2_s1_l4_o4_c7_r5 --drop-feature-indices 3,4,5,6,7 --epochs 80 --batch-size 128 --lr 0.0003 --weight-decay 0.00015 --seed 1001 --class-weights auto --weighted-sampler --val-ratio 0.15 --early-stop-patience 16 --min-epochs 12 --checkpoint-metric val_teacher_agreement --temperature 2.0 --lambda-ce 0.9 --lambda-kd 1.2000000000000002 --lambda-feat 0.1 --student-tcn-dropout 0.12 --student-tcn-channels 64 --student-classifier-hidden 64 --student-classifier-dropout 0.3 --student-attn-dropout 0.05 --student-tcn-dilation-base 1",/home/huang_kai/wind_turbine_phm/PHOENIX-main/autoencoder_benchmark/ablation_experiments/h1/reports/comparison_18d_baselines/teacher_student_reference/student_h1_sweep/student_h1_scan96_20260326/logs/extension_extension_s3_s2_s1_l4_o4_c7_r5_seed1001.log,0.809,0.816326,0.8034,2,0.857143,"{""attn_dropout"": 0.05, ""attn_ff_dim"": 128, ""attn_heads"": 4, ""classifier_dropout"": 0.3, ""classifier_hidden"": 64, ""latent_dim"": 64, ""tcn_channels"": 64, ""tcn_dilation_base"": 1, ""tcn_dropout"": 0.12, ""tcn_kernel"": 3, ""tcn_layers"": 3}"
extension,extension_s3_s2_s1_l3_o2_c2_r5,s3_s2_s1_l3_o2_c2_r5,val_teacher_agreement,132,80,128,3.5,0.7,1.5,0.3,0.0002,0.00015,0.12,,,64,0.4,0.1,,2,/home/huang_kai/wind_turbine_phm/PHOENIX-main/autoencoder_benchmark/ablation_experiments/h1/results/comparison_18d_baselines/teacher_student_reference/student_h1_sweep/student_h1_scan96_20260326/extension/extension_s3_s2_s1_l3_o2_c2_r5,7,success,distill_tcn_attn_weld_seam_windows_ws5_tf75_pg0_h1_ep80_lr0.0002_bs128_T3.5_lce0.7_lkd1.5_lf0.3_seed132,/home/huang_kai/wind_turbine_phm/PHOENIX-main/autoencoder_benchmark/ablation_experiments/h1/results/comparison_18d_baselines/teacher_student_reference/student_h1_sweep/student_h1_scan96_20260326/extension/extension_s3_s2_s1_l3_o2_c2_r5/distill_tcn_attn_weld_seam_windows_ws5_tf75_pg0_h1_ep80_lr0.0002_bs128_T3.5_lce0.7_lkd1.5_lf0.3_seed132,9.03,2,/home/huang_kai/wind_turbine_phm/PHOENIX-main/autoencoder_benchmark/outputs/teacher_h1_scan98_gpu1_v2/manifests/best_teacher_h1.json,"/usr/bin/python /home/huang_kai/wind_turbine_phm/PHOENIX-main/autoencoder_benchmark/train_distill_single_tcn_student.py --dataset-npz /home/huang_kai/wind_turbine_phm/PHOENIX-main/autoencoder_benchmark/Data/processed_data/weld_seam_windows_ws5_tf75_pg0_h1.npz --teacher-ckpt /home/huang_kai/wind_turbine_phm/PHOENIX-main/autoencoder_benchmark/outputs/teacher_h1_scan98_gpu1_v2/runs/single_tcn_attn_weld_seam_windows_ws5_tf75_pg0_h1_ep60_lr0.0003_bs128_k3_l3_d0.08_lat64_wd0.00015_seed14/best_single_tcn.pth --teacher-run-args /home/huang_kai/wind_turbine_phm/PHOENIX-main/autoencoder_benchmark/outputs/teacher_h1_scan98_gpu1_v2/runs/single_tcn_attn_weld_seam_windows_ws5_tf75_pg0_h1_ep60_lr0.0003_bs128_k3_l3_d0.08_lat64_wd0.00015_seed14/run_args.json --output-dir /home/huang_kai/wind_turbine_phm/PHOENIX-main/autoencoder_benchmark/ablation_experiments/h1/results/comparison_18d_baselines/teacher_student_reference/student_h1_sweep/student_h1_scan96_20260326/extension/extension_s3_s2_s1_l3_o2_c2_r5 --drop-feature-indices 3,4,5,6,7 --epochs 80 --batch-size 128 --lr 0.0002 --weight-decay 0.00015 --seed 132 --class-weights auto --weighted-sampler --val-ratio 0.15 --early-stop-patience 16 --min-epochs 12 --checkpoint-metric val_teacher_agreement --temperature 3.5 --lambda-ce 0.7 --lambda-kd 1.5 --lambda-feat 0.3 --student-tcn-dropout 0.12 --student-classifier-hidden 64 --student-classifier-dropout 0.4 --student-attn-dropout 0.1 --student-tcn-dilation-base 2",/home/huang_kai/wind_turbine_phm/PHOENIX-main/autoencoder_benchmark/ablation_experiments/h1/reports/comparison_18d_baselines/teacher_student_reference/student_h1_sweep/student_h1_scan96_20260326/logs/extension_extension_s3_s2_s1_l3_o2_c2_r5_seed132.log,0.9747,0.969756,0.9634999999999999,4,0.908571,"{""attn_dropout"": 0.1, ""attn_ff_dim"": 128, ""attn_heads"": 4, ""classifier_dropout"": 0.4, ""classifier_hidden"": 64, ""latent_dim"": 64, ""tcn_channels"": 64, ""tcn_dilation_base"": 2, ""tcn_dropout"": 0.12, ""tcn_kernel"": 3, ""tcn_layers"": 3}"
extension,extension_s3_s2_s1_l3_o2_c2_r5,s3_s2_s1_l3_o2_c2_r5,val_teacher_agreement,230,80,128,3.5,0.7,1.5,0.3,0.0002,0.00015,0.12,,,64,0.4,0.1,,2,/home/huang_kai/wind_turbine_phm/PHOENIX-main/autoencoder_benchmark/ablation_experiments/h1/results/comparison_18d_baselines/teacher_student_reference/student_h1_sweep/student_h1_scan96_20260326/extension/extension_s3_s2_s1_l3_o2_c2_r5,8,success,distill_tcn_attn_weld_seam_windows_ws5_tf75_pg0_h1_ep80_lr0.0002_bs128_T3.5_lce0.7_lkd1.5_lf0.3_seed230,/home/huang_kai/wind_turbine_phm/PHOENIX-main/autoencoder_benchmark/ablation_experiments/h1/results/comparison_18d_baselines/teacher_student_reference/student_h1_sweep/student_h1_scan96_20260326/extension/extension_s3_s2_s1_l3_o2_c2_r5/distill_tcn_attn_weld_seam_windows_ws5_tf75_pg0_h1_ep80_lr0.0002_bs128_T3.5_lce0.7_lkd1.5_lf0.3_seed230,9.5,2,/home/huang_kai/wind_turbine_phm/PHOENIX-main/autoencoder_benchmark/outputs/teacher_h1_scan98_gpu1_v2/manifests/best_teacher_h1.json,"/usr/bin/python /home/huang_kai/wind_turbine_phm/PHOENIX-main/autoencoder_benchmark/train_distill_single_tcn_student.py --dataset-npz /home/huang_kai/wind_turbine_phm/PHOENIX-main/autoencoder_benchmark/Data/processed_data/weld_seam_windows_ws5_tf75_pg0_h1.npz --teacher-ckpt /home/huang_kai/wind_turbine_phm/PHOENIX-main/autoencoder_benchmark/outputs/teacher_h1_scan98_gpu1_v2/runs/single_tcn_attn_weld_seam_windows_ws5_tf75_pg0_h1_ep60_lr0.0003_bs128_k3_l3_d0.08_lat64_wd0.00015_seed14/best_single_tcn.pth --teacher-run-args /home/huang_kai/wind_turbine_phm/PHOENIX-main/autoencoder_benchmark/outputs/teacher_h1_scan98_gpu1_v2/runs/single_tcn_attn_weld_seam_windows_ws5_tf75_pg0_h1_ep60_lr0.0003_bs128_k3_l3_d0.08_lat64_wd0.00015_seed14/run_args.json --output-dir /home/huang_kai/wind_turbine_phm/PHOENIX-main/autoencoder_benchmark/ablation_experiments/h1/results/comparison_18d_baselines/teacher_student_reference/student_h1_sweep/student_h1_scan96_20260326/extension/extension_s3_s2_s1_l3_o2_c2_r5 --drop-feature-indices 3,4,5,6,7 --epochs 80 --batch-size 128 --lr 0.0002 --weight-decay 0.00015 --seed 230 --class-weights auto --weighted-sampler --val-ratio 0.15 --early-stop-patience 16 --min-epochs 12 --checkpoint-metric val_teacher_agreement --temperature 3.5 --lambda-ce 0.7 --lambda-kd 1.5 --lambda-feat 0.3 --student-tcn-dropout 0.12 --student-classifier-hidden 64 --student-classifier-dropout 0.4 --student-attn-dropout 0.1 --student-tcn-dilation-base 2",/home/huang_kai/wind_turbine_phm/PHOENIX-main/autoencoder_benchmark/ablation_experiments/h1/reports/comparison_18d_baselines/teacher_student_reference/student_h1_sweep/student_h1_scan96_20260326/logs/extension_extension_s3_s2_s1_l3_o2_c2_r5_seed230.log,0.941,0.917958,0.941,6,0.868571,"{""attn_dropout"": 0.1, ""attn_ff_dim"": 128, ""attn_heads"": 4, ""classifier_dropout"": 0.4, ""classifier_hidden"": 64, ""latent_dim"": 64, ""tcn_channels"": 64, ""tcn_dilation_base"": 2, ""tcn_dropout"": 0.12, ""tcn_kernel"": 3, ""tcn_layers"": 3}"
extension,extension_s3_s2_s1_l3_o2_c2_r5,s3_s2_s1_l3_o2_c2_r5,val_teacher_agreement,314,80,128,3.5,0.7,1.5,0.3,0.0002,0.00015,0.12,,,64,0.4,0.1,,2,/home/huang_kai/wind_turbine_phm/PHOENIX-main/autoencoder_benchmark/ablation_experiments/h1/results/comparison_18d_baselines/teacher_student_reference/student_h1_sweep/student_h1_scan96_20260326/extension/extension_s3_s2_s1_l3_o2_c2_r5,9,success,distill_tcn_attn_weld_seam_windows_ws5_tf75_pg0_h1_ep80_lr0.0002_bs128_T3.5_lce0.7_lkd1.5_lf0.3_seed314,/home/huang_kai/wind_turbine_phm/PHOENIX-main/autoencoder_benchmark/ablation_experiments/h1/results/comparison_18d_baselines/teacher_student_reference/student_h1_sweep/student_h1_scan96_20260326/extension/extension_s3_s2_s1_l3_o2_c2_r5/distill_tcn_attn_weld_seam_windows_ws5_tf75_pg0_h1_ep80_lr0.0002_bs128_T3.5_lce0.7_lkd1.5_lf0.3_seed314,8.73,2,/home/huang_kai/wind_turbine_phm/PHOENIX-main/autoencoder_benchmark/outputs/teacher_h1_scan98_gpu1_v2/manifests/best_teacher_h1.json,"/usr/bin/python /home/huang_kai/wind_turbine_phm/PHOENIX-main/autoencoder_benchmark/train_distill_single_tcn_student.py --dataset-npz /home/huang_kai/wind_turbine_phm/PHOENIX-main/autoencoder_benchmark/Data/processed_data/weld_seam_windows_ws5_tf75_pg0_h1.npz --teacher-ckpt /home/huang_kai/wind_turbine_phm/PHOENIX-main/autoencoder_benchmark/outputs/teacher_h1_scan98_gpu1_v2/runs/single_tcn_attn_weld_seam_windows_ws5_tf75_pg0_h1_ep60_lr0.0003_bs128_k3_l3_d0.08_lat64_wd0.00015_seed14/best_single_tcn.pth --teacher-run-args /home/huang_kai/wind_turbine_phm/PHOENIX-main/autoencoder_benchmark/outputs/teacher_h1_scan98_gpu1_v2/runs/single_tcn_attn_weld_seam_windows_ws5_tf75_pg0_h1_ep60_lr0.0003_bs128_k3_l3_d0.08_lat64_wd0.00015_seed14/run_args.json --output-dir /home/huang_kai/wind_turbine_phm/PHOENIX-main/autoencoder_benchmark/ablation_experiments/h1/results/comparison_18d_baselines/teacher_student_reference/student_h1_sweep/student_h1_scan96_20260326/extension/extension_s3_s2_s1_l3_o2_c2_r5 --drop-feature-indices 3,4,5,6,7 --epochs 80 --batch-size 128 --lr 0.0002 --weight-decay 0.00015 --seed 314 --class-weights auto --weighted-sampler --val-ratio 0.15 --early-stop-patience 16 --min-epochs 12 --checkpoint-metric val_teacher_agreement --temperature 3.5 --lambda-ce 0.7 --lambda-kd 1.5 --lambda-feat 0.3 --student-tcn-dropout 0.12 --student-classifier-hidden 64 --student-classifier-dropout 0.4 --student-attn-dropout 0.1 --student-tcn-dilation-base 2",/home/huang_kai/wind_turbine_phm/PHOENIX-main/autoencoder_benchmark/ablation_experiments/h1/reports/comparison_18d_baselines/teacher_student_reference/student_h1_sweep/student_h1_scan96_20260326/logs/extension_extension_s3_s2_s1_l3_o2_c2_r5_seed314.log,0.941,0.927791,0.941,4,0.845714,"{""attn_dropout"": 0.1, ""attn_ff_dim"": 128, ""attn_heads"": 4, ""classifier_dropout"": 0.4, ""classifier_hidden"": 64, ""latent_dim"": 64, ""tcn_channels"": 64, ""tcn_dilation_base"": 2, ""tcn_dropout"": 0.12, ""tcn_kernel"": 3, ""tcn_layers"": 3}"
extension,extension_s3_s2_s1_l3_o2_c2_r5,s3_s2_s1_l3_o2_c2_r5,val_teacher_agreement,512,80,128,3.5,0.7,1.5,0.3,0.0002,0.00015,0.12,,,64,0.4,0.1,,2,/home/huang_kai/wind_turbine_phm/PHOENIX-main/autoencoder_benchmark/ablation_experiments/h1/results/comparison_18d_baselines/teacher_student_reference/student_h1_sweep/student_h1_scan96_20260326/extension/extension_s3_s2_s1_l3_o2_c2_r5,10,success,distill_tcn_attn_weld_seam_windows_ws5_tf75_pg0_h1_ep80_lr0.0002_bs128_T3.5_lce0.7_lkd1.5_lf0.3_seed512,/home/huang_kai/wind_turbine_phm/PHOENIX-main/autoencoder_benchmark/ablation_experiments/h1/results/comparison_18d_baselines/teacher_student_reference/student_h1_sweep/student_h1_scan96_20260326/extension/extension_s3_s2_s1_l3_o2_c2_r5/distill_tcn_attn_weld_seam_windows_ws5_tf75_pg0_h1_ep80_lr0.0002_bs128_T3.5_lce0.7_lkd1.5_lf0.3_seed512,8.61,2,/home/huang_kai/wind_turbine_phm/PHOENIX-main/autoencoder_benchmark/outputs/teacher_h1_scan98_gpu1_v2/manifests/best_teacher_h1.json,"/usr/bin/python /home/huang_kai/wind_turbine_phm/PHOENIX-main/autoencoder_benchmark/train_distill_single_tcn_student.py --dataset-npz /home/huang_kai/wind_turbine_phm/PHOENIX-main/autoencoder_benchmark/Data/processed_data/weld_seam_windows_ws5_tf75_pg0_h1.npz --teacher-ckpt /home/huang_kai/wind_turbine_phm/PHOENIX-main/autoencoder_benchmark/outputs/teacher_h1_scan98_gpu1_v2/runs/single_tcn_attn_weld_seam_windows_ws5_tf75_pg0_h1_ep60_lr0.0003_bs128_k3_l3_d0.08_lat64_wd0.00015_seed14/best_single_tcn.pth --teacher-run-args /home/huang_kai/wind_turbine_phm/PHOENIX-main/autoencoder_benchmark/outputs/teacher_h1_scan98_gpu1_v2/runs/single_tcn_attn_weld_seam_windows_ws5_tf75_pg0_h1_ep60_lr0.0003_bs128_k3_l3_d0.08_lat64_wd0.00015_seed14/run_args.json --output-dir /home/huang_kai/wind_turbine_phm/PHOENIX-main/autoencoder_benchmark/ablation_experiments/h1/results/comparison_18d_baselines/teacher_student_reference/student_h1_sweep/student_h1_scan96_20260326/extension/extension_s3_s2_s1_l3_o2_c2_r5 --drop-feature-indices 3,4,5,6,7 --epochs 80 --batch-size 128 --lr 0.0002 --weight-decay 0.00015 --seed 512 --class-weights auto --weighted-sampler --val-ratio 0.15 --early-stop-patience 16 --min-epochs 12 --checkpoint-metric val_teacher_agreement --temperature 3.5 --lambda-ce 0.7 --lambda-kd 1.5 --lambda-feat 0.3 --student-tcn-dropout 0.12 --student-classifier-hidden 64 --student-classifier-dropout 0.4 --student-attn-dropout 0.1 --student-tcn-dilation-base 2",/home/huang_kai/wind_turbine_phm/PHOENIX-main/autoencoder_benchmark/ablation_experiments/h1/reports/comparison_18d_baselines/teacher_student_reference/student_h1_sweep/student_h1_scan96_20260326/logs/extension_extension_s3_s2_s1_l3_o2_c2_r5_seed512.log,0.868,0.838062,0.8511,6,0.868571,"{""attn_dropout"": 0.1, ""attn_ff_dim"": 128, ""attn_heads"": 4, ""classifier_dropout"": 0.4, ""classifier_hidden"": 64, ""latent_dim"": 64, ""tcn_channels"": 64, ""tcn_dilation_base"": 2, ""tcn_dropout"": 0.12, ""tcn_kernel"": 3, ""tcn_layers"": 3}"
extension,extension_s3_s2_s1_l3_o2_c2_r5,s3_s2_s1_l3_o2_c2_r5,val_teacher_agreement,777,80,128,3.5,0.7,1.5,0.3,0.0002,0.00015,0.12,,,64,0.4,0.1,,2,/home/huang_kai/wind_turbine_phm/PHOENIX-main/autoencoder_benchmark/ablation_experiments/h1/results/comparison_18d_baselines/teacher_student_reference/student_h1_sweep/student_h1_scan96_20260326/extension/extension_s3_s2_s1_l3_o2_c2_r5,11,success,distill_tcn_attn_weld_seam_windows_ws5_tf75_pg0_h1_ep80_lr0.0002_bs128_T3.5_lce0.7_lkd1.5_lf0.3_seed777,/home/huang_kai/wind_turbine_phm/PHOENIX-main/autoencoder_benchmark/ablation_experiments/h1/results/comparison_18d_baselines/teacher_student_reference/student_h1_sweep/student_h1_scan96_20260326/extension/extension_s3_s2_s1_l3_o2_c2_r5/distill_tcn_attn_weld_seam_windows_ws5_tf75_pg0_h1_ep80_lr0.0002_bs128_T3.5_lce0.7_lkd1.5_lf0.3_seed777,8.68,2,/home/huang_kai/wind_turbine_phm/PHOENIX-main/autoencoder_benchmark/outputs/teacher_h1_scan98_gpu1_v2/manifests/best_teacher_h1.json,"/usr/bin/python /home/huang_kai/wind_turbine_phm/PHOENIX-main/autoencoder_benchmark/train_distill_single_tcn_student.py --dataset-npz /home/huang_kai/wind_turbine_phm/PHOENIX-main/autoencoder_benchmark/Data/processed_data/weld_seam_windows_ws5_tf75_pg0_h1.npz --teacher-ckpt /home/huang_kai/wind_turbine_phm/PHOENIX-main/autoencoder_benchmark/outputs/teacher_h1_scan98_gpu1_v2/runs/single_tcn_attn_weld_seam_windows_ws5_tf75_pg0_h1_ep60_lr0.0003_bs128_k3_l3_d0.08_lat64_wd0.00015_seed14/best_single_tcn.pth --teacher-run-args /home/huang_kai/wind_turbine_phm/PHOENIX-main/autoencoder_benchmark/outputs/teacher_h1_scan98_gpu1_v2/runs/single_tcn_attn_weld_seam_windows_ws5_tf75_pg0_h1_ep60_lr0.0003_bs128_k3_l3_d0.08_lat64_wd0.00015_seed14/run_args.json --output-dir /home/huang_kai/wind_turbine_phm/PHOENIX-main/autoencoder_benchmark/ablation_experiments/h1/results/comparison_18d_baselines/teacher_student_reference/student_h1_sweep/student_h1_scan96_20260326/extension/extension_s3_s2_s1_l3_o2_c2_r5 --drop-feature-indices 3,4,5,6,7 --epochs 80 --batch-size 128 --lr 0.0002 --weight-decay 0.00015 --seed 777 --class-weights auto --weighted-sampler --val-ratio 0.15 --early-stop-patience 16 --min-epochs 12 --checkpoint-metric val_teacher_agreement --temperature 3.5 --lambda-ce 0.7 --lambda-kd 1.5 --lambda-feat 0.3 --student-tcn-dropout 0.12 --student-classifier-hidden 64 --student-classifier-dropout 0.4 --student-attn-dropout 0.1 --student-tcn-dilation-base 2",/home/huang_kai/wind_turbine_phm/PHOENIX-main/autoencoder_benchmark/ablation_experiments/h1/reports/comparison_18d_baselines/teacher_student_reference/student_h1_sweep/student_h1_scan96_20260326/logs/extension_extension_s3_s2_s1_l3_o2_c2_r5_seed777.log,0.7781,0.799104,0.7781,5,0.845714,"{""attn_dropout"": 0.1, ""attn_ff_dim"": 128, ""attn_heads"": 4, ""classifier_dropout"": 0.4, ""classifier_hidden"": 64, ""latent_dim"": 64, ""tcn_channels"": 64, ""tcn_dilation_base"": 2, ""tcn_dropout"": 0.12, ""tcn_kernel"": 3, ""tcn_layers"": 3}"
extension,extension_s3_s2_s1_l3_o2_c2_r5,s3_s2_s1_l3_o2_c2_r5,val_teacher_agreement,1001,80,128,3.5,0.7,1.5,0.3,0.0002,0.00015,0.12,,,64,0.4,0.1,,2,/home/huang_kai/wind_turbine_phm/PHOENIX-main/autoencoder_benchmark/ablation_experiments/h1/results/comparison_18d_baselines/teacher_student_reference/student_h1_sweep/student_h1_scan96_20260326/extension/extension_s3_s2_s1_l3_o2_c2_r5,12,success,distill_tcn_attn_weld_seam_windows_ws5_tf75_pg0_h1_ep80_lr0.0002_bs128_T3.5_lce0.7_lkd1.5_lf0.3_seed1001,/home/huang_kai/wind_turbine_phm/PHOENIX-main/autoencoder_benchmark/ablation_experiments/h1/results/comparison_18d_baselines/teacher_student_reference/student_h1_sweep/student_h1_scan96_20260326/extension/extension_s3_s2_s1_l3_o2_c2_r5/distill_tcn_attn_weld_seam_windows_ws5_tf75_pg0_h1_ep80_lr0.0002_bs128_T3.5_lce0.7_lkd1.5_lf0.3_seed1001,10.99,2,/home/huang_kai/wind_turbine_phm/PHOENIX-main/autoencoder_benchmark/outputs/teacher_h1_scan98_gpu1_v2/manifests/best_teacher_h1.json,"/usr/bin/python /home/huang_kai/wind_turbine_phm/PHOENIX-main/autoencoder_benchmark/train_distill_single_tcn_student.py --dataset-npz /home/huang_kai/wind_turbine_phm/PHOENIX-main/autoencoder_benchmark/Data/processed_data/weld_seam_windows_ws5_tf75_pg0_h1.npz --teacher-ckpt /home/huang_kai/wind_turbine_phm/PHOENIX-main/autoencoder_benchmark/outputs/teacher_h1_scan98_gpu1_v2/runs/single_tcn_attn_weld_seam_windows_ws5_tf75_pg0_h1_ep60_lr0.0003_bs128_k3_l3_d0.08_lat64_wd0.00015_seed14/best_single_tcn.pth --teacher-run-args /home/huang_kai/wind_turbine_phm/PHOENIX-main/autoencoder_benchmark/outputs/teacher_h1_scan98_gpu1_v2/runs/single_tcn_attn_weld_seam_windows_ws5_tf75_pg0_h1_ep60_lr0.0003_bs128_k3_l3_d0.08_lat64_wd0.00015_seed14/run_args.json --output-dir /home/huang_kai/wind_turbine_phm/PHOENIX-main/autoencoder_benchmark/ablation_experiments/h1/results/comparison_18d_baselines/teacher_student_reference/student_h1_sweep/student_h1_scan96_20260326/extension/extension_s3_s2_s1_l3_o2_c2_r5 --drop-feature-indices 3,4,5,6,7 --epochs 80 --batch-size 128 --lr 0.0002 --weight-decay 0.00015 --seed 1001 --class-weights auto --weighted-sampler --val-ratio 0.15 --early-stop-patience 16 --min-epochs 12 --checkpoint-metric val_teacher_agreement --temperature 3.5 --lambda-ce 0.7 --lambda-kd 1.5 --lambda-feat 0.3 --student-tcn-dropout 0.12 --student-classifier-hidden 64 --student-classifier-dropout 0.4 --student-attn-dropout 0.1 --student-tcn-dilation-base 2",/home/huang_kai/wind_turbine_phm/PHOENIX-main/autoencoder_benchmark/ablation_experiments/h1/reports/comparison_18d_baselines/teacher_student_reference/student_h1_sweep/student_h1_scan96_20260326/logs/extension_extension_s3_s2_s1_l3_o2_c2_r5_seed1001.log,0.9634999999999999,0.945488,0.9579000000000001,13,0.834286,"{""attn_dropout"": 0.1, ""attn_ff_dim"": 128, ""attn_heads"": 4, ""classifier_dropout"": 0.4, ""classifier_hidden"": 64, ""latent_dim"": 64, ""tcn_channels"": 64, ""tcn_dilation_base"": 2, ""tcn_dropout"": 0.12, ""tcn_kernel"": 3, ""tcn_layers"": 3}"
extension,extension_s3_s2_s1_l3_o2_c2_r3,s3_s2_s1_l3_o2_c2_r3,val_teacher_agreement,132,80,128,4.0,0.7,1.4,0.3,0.0002,0.00015,0.12,,,64,0.4,0.1,,2,/home/huang_kai/wind_turbine_phm/PHOENIX-main/autoencoder_benchmark/ablation_experiments/h1/results/comparison_18d_baselines/teacher_student_reference/student_h1_sweep/student_h1_scan96_20260326/extension/extension_s3_s2_s1_l3_o2_c2_r3,13,success,distill_tcn_attn_weld_seam_windows_ws5_tf75_pg0_h1_ep80_lr0.0002_bs128_T4.0_lce0.7_lkd1.4_lf0.3_seed132,/home/huang_kai/wind_turbine_phm/PHOENIX-main/autoencoder_benchmark/ablation_experiments/h1/results/comparison_18d_baselines/teacher_student_reference/student_h1_sweep/student_h1_scan96_20260326/extension/extension_s3_s2_s1_l3_o2_c2_r3/distill_tcn_attn_weld_seam_windows_ws5_tf75_pg0_h1_ep80_lr0.0002_bs128_T4.0_lce0.7_lkd1.4_lf0.3_seed132,8.84,2,/home/huang_kai/wind_turbine_phm/PHOENIX-main/autoencoder_benchmark/outputs/teacher_h1_scan98_gpu1_v2/manifests/best_teacher_h1.json,"/usr/bin/python /home/huang_kai/wind_turbine_phm/PHOENIX-main/autoencoder_benchmark/train_distill_single_tcn_student.py --dataset-npz /home/huang_kai/wind_turbine_phm/PHOENIX-main/autoencoder_benchmark/Data/processed_data/weld_seam_windows_ws5_tf75_pg0_h1.npz --teacher-ckpt /home/huang_kai/wind_turbine_phm/PHOENIX-main/autoencoder_benchmark/outputs/teacher_h1_scan98_gpu1_v2/runs/single_tcn_attn_weld_seam_windows_ws5_tf75_pg0_h1_ep60_lr0.0003_bs128_k3_l3_d0.08_lat64_wd0.00015_seed14/best_single_tcn.pth --teacher-run-args /home/huang_kai/wind_turbine_phm/PHOENIX-main/autoencoder_benchmark/outputs/teacher_h1_scan98_gpu1_v2/runs/single_tcn_attn_weld_seam_windows_ws5_tf75_pg0_h1_ep60_lr0.0003_bs128_k3_l3_d0.08_lat64_wd0.00015_seed14/run_args.json --output-dir /home/huang_kai/wind_turbine_phm/PHOENIX-main/autoencoder_benchmark/ablation_experiments/h1/results/comparison_18d_baselines/teacher_student_reference/student_h1_sweep/student_h1_scan96_20260326/extension/extension_s3_s2_s1_l3_o2_c2_r3 --drop-feature-indices 3,4,5,6,7 --epochs 80 --batch-size 128 --lr 0.0002 --weight-decay 0.00015 --seed 132 --class-weights auto --weighted-sampler --val-ratio 0.15 --early-stop-patience 16 --min-epochs 12 --checkpoint-metric val_teacher_agreement --temperature 4.0 --lambda-ce 0.7 --lambda-kd 1.4 --lambda-feat 0.3 --student-tcn-dropout 0.12 --student-classifier-hidden 64 --student-classifier-dropout 0.4 --student-attn-dropout 0.1 --student-tcn-dilation-base 2",/home/huang_kai/wind_turbine_phm/PHOENIX-main/autoencoder_benchmark/ablation_experiments/h1/reports/comparison_18d_baselines/teacher_student_reference/student_h1_sweep/student_h1_scan96_20260326/logs/extension_extension_s3_s2_s1_l3_o2_c2_r3_seed132.log,0.9719,0.965694,0.9606999999999999,4,0.902857,"{""attn_dropout"": 0.1, ""attn_ff_dim"": 128, ""attn_heads"": 4, ""classifier_dropout"": 0.4, ""classifier_hidden"": 64, ""latent_dim"": 64, ""tcn_channels"": 64, ""tcn_dilation_base"": 2, ""tcn_dropout"": 0.12, ""tcn_kernel"": 3, ""tcn_layers"": 3}"
extension,extension_s3_s2_s1_l3_o2_c2_r3,s3_s2_s1_l3_o2_c2_r3,val_teacher_agreement,230,80,128,4.0,0.7,1.4,0.3,0.0002,0.00015,0.12,,,64,0.4,0.1,,2,/home/huang_kai/wind_turbine_phm/PHOENIX-main/autoencoder_benchmark/ablation_experiments/h1/results/comparison_18d_baselines/teacher_student_reference/student_h1_sweep/student_h1_scan96_20260326/extension/extension_s3_s2_s1_l3_o2_c2_r3,14,success,distill_tcn_attn_weld_seam_windows_ws5_tf75_pg0_h1_ep80_lr0.0002_bs128_T4.0_lce0.7_lkd1.4_lf0.3_seed230,/home/huang_kai/wind_turbine_phm/PHOENIX-main/autoencoder_benchmark/ablation_experiments/h1/results/comparison_18d_baselines/teacher_student_reference/student_h1_sweep/student_h1_scan96_20260326/extension/extension_s3_s2_s1_l3_o2_c2_r3/distill_tcn_attn_weld_seam_windows_ws5_tf75_pg0_h1_ep80_lr0.0002_bs128_T4.0_lce0.7_lkd1.4_lf0.3_seed230,9.42,2,/home/huang_kai/wind_turbine_phm/PHOENIX-main/autoencoder_benchmark/outputs/teacher_h1_scan98_gpu1_v2/manifests/best_teacher_h1.json,"/usr/bin/python /home/huang_kai/wind_turbine_phm/PHOENIX-main/autoencoder_benchmark/train_distill_single_tcn_student.py --dataset-npz /home/huang_kai/wind_turbine_phm/PHOENIX-main/autoencoder_benchmark/Data/processed_data/weld_seam_windows_ws5_tf75_pg0_h1.npz --teacher-ckpt /home/huang_kai/wind_turbine_phm/PHOENIX-main/autoencoder_benchmark/outputs/teacher_h1_scan98_gpu1_v2/runs/single_tcn_attn_weld_seam_windows_ws5_tf75_pg0_h1_ep60_lr0.0003_bs128_k3_l3_d0.08_lat64_wd0.00015_seed14/best_single_tcn.pth --teacher-run-args /home/huang_kai/wind_turbine_phm/PHOENIX-main/autoencoder_benchmark/outputs/teacher_h1_scan98_gpu1_v2/runs/single_tcn_attn_weld_seam_windows_ws5_tf75_pg0_h1_ep60_lr0.0003_bs128_k3_l3_d0.08_lat64_wd0.00015_seed14/run_args.json --output-dir /home/huang_kai/wind_turbine_phm/PHOENIX-main/autoencoder_benchmark/ablation_experiments/h1/results/comparison_18d_baselines/teacher_student_reference/student_h1_sweep/student_h1_scan96_20260326/extension/extension_s3_s2_s1_l3_o2_c2_r3 --drop-feature-indices 3,4,5,6,7 --epochs 80 --batch-size 128 --lr 0.0002 --weight-decay 0.00015 --seed 230 --class-weights auto --weighted-sampler --val-ratio 0.15 --early-stop-patience 16 --min-epochs 12 --checkpoint-metric val_teacher_agreement --temperature 4.0 --lambda-ce 0.7 --lambda-kd 1.4 --lambda-feat 0.3 --student-tcn-dropout 0.12 --student-classifier-hidden 64 --student-classifier-dropout 0.4 --student-attn-dropout 0.1 --student-tcn-dilation-base 2",/home/huang_kai/wind_turbine_phm/PHOENIX-main/autoencoder_benchmark/ablation_experiments/h1/reports/comparison_18d_baselines/teacher_student_reference/student_h1_sweep/student_h1_scan96_20260326/logs/extension_extension_s3_s2_s1_l3_o2_c2_r3_seed230.log,0.927,0.898227,0.927,8,0.868571,"{""attn_dropout"": 0.1, ""attn_ff_dim"": 128, ""attn_heads"": 4, ""classifier_dropout"": 0.4, ""classifier_hidden"": 64, ""latent_dim"": 64, ""tcn_channels"": 64, ""tcn_dilation_base"": 2, ""tcn_dropout"": 0.12, ""tcn_kernel"": 3, ""tcn_layers"": 3}"
extension,extension_s3_s2_s1_l3_o2_c2_r3,s3_s2_s1_l3_o2_c2_r3,val_teacher_agreement,314,80,128,4.0,0.7,1.4,0.3,0.0002,0.00015,0.12,,,64,0.4,0.1,,2,/home/huang_kai/wind_turbine_phm/PHOENIX-main/autoencoder_benchmark/ablation_experiments/h1/results/comparison_18d_baselines/teacher_student_reference/student_h1_sweep/student_h1_scan96_20260326/extension/extension_s3_s2_s1_l3_o2_c2_r3,15,success,distill_tcn_attn_weld_seam_windows_ws5_tf75_pg0_h1_ep80_lr0.0002_bs128_T4.0_lce0.7_lkd1.4_lf0.3_seed314,/home/huang_kai/wind_turbine_phm/PHOENIX-main/autoencoder_benchmark/ablation_experiments/h1/results/comparison_18d_baselines/teacher_student_reference/student_h1_sweep/student_h1_scan96_20260326/extension/extension_s3_s2_s1_l3_o2_c2_r3/distill_tcn_attn_weld_seam_windows_ws5_tf75_pg0_h1_ep80_lr0.0002_bs128_T4.0_lce0.7_lkd1.4_lf0.3_seed314,8.14,2,/home/huang_kai/wind_turbine_phm/PHOENIX-main/autoencoder_benchmark/outputs/teacher_h1_scan98_gpu1_v2/manifests/best_teacher_h1.json,"/usr/bin/python /home/huang_kai/wind_turbine_phm/PHOENIX-main/autoencoder_benchmark/train_distill_single_tcn_student.py --dataset-npz /home/huang_kai/wind_turbine_phm/PHOENIX-main/autoencoder_benchmark/Data/processed_data/weld_seam_windows_ws5_tf75_pg0_h1.npz --teacher-ckpt /home/huang_kai/wind_turbine_phm/PHOENIX-main/autoencoder_benchmark/outputs/teacher_h1_scan98_gpu1_v2/runs/single_tcn_attn_weld_seam_windows_ws5_tf75_pg0_h1_ep60_lr0.0003_bs128_k3_l3_d0.08_lat64_wd0.00015_seed14/best_single_tcn.pth --teacher-run-args /home/huang_kai/wind_turbine_phm/PHOENIX-main/autoencoder_benchmark/outputs/teacher_h1_scan98_gpu1_v2/runs/single_tcn_attn_weld_seam_windows_ws5_tf75_pg0_h1_ep60_lr0.0003_bs128_k3_l3_d0.08_lat64_wd0.00015_seed14/run_args.json --output-dir /home/huang_kai/wind_turbine_phm/PHOENIX-main/autoencoder_benchmark/ablation_experiments/h1/results/comparison_18d_baselines/teacher_student_reference/student_h1_sweep/student_h1_scan96_20260326/extension/extension_s3_s2_s1_l3_o2_c2_r3 --drop-feature-indices 3,4,5,6,7 --epochs 80 --batch-size 128 --lr 0.0002 --weight-decay 0.00015 --seed 314 --class-weights auto --weighted-sampler --val-ratio 0.15 --early-stop-patience 16 --min-epochs 12 --checkpoint-metric val_teacher_agreement --temperature 4.0 --lambda-ce 0.7 --lambda-kd 1.4 --lambda-feat 0.3 --student-tcn-dropout 0.12 --student-classifier-hidden 64 --student-classifier-dropout 0.4 --student-attn-dropout 0.1 --student-tcn-dilation-base 2",/home/huang_kai/wind_turbine_phm/PHOENIX-main/autoencoder_benchmark/ablation_experiments/h1/reports/comparison_18d_baselines/teacher_student_reference/student_h1_sweep/student_h1_scan96_20260326/logs/extension_extension_s3_s2_s1_l3_o2_c2_r3_seed314.log,0.9466,0.935061,0.9521999999999999,3,0.84,"{""attn_dropout"": 0.1, ""attn_ff_dim"": 128, ""attn_heads"": 4, ""classifier_dropout"": 0.4, ""classifier_hidden"": 64, ""latent_dim"": 64, ""tcn_channels"": 64, ""tcn_dilation_base"": 2, ""tcn_dropout"": 0.12, ""tcn_kernel"": 3, ""tcn_layers"": 3}"
extension,extension_s3_s2_s1_l3_o2_c2_r3,s3_s2_s1_l3_o2_c2_r3,val_teacher_agreement,512,80,128,4.0,0.7,1.4,0.3,0.0002,0.00015,0.12,,,64,0.4,0.1,,2,/home/huang_kai/wind_turbine_phm/PHOENIX-main/autoencoder_benchmark/ablation_experiments/h1/results/comparison_18d_baselines/teacher_student_reference/student_h1_sweep/student_h1_scan96_20260326/extension/extension_s3_s2_s1_l3_o2_c2_r3,16,success,distill_tcn_attn_weld_seam_windows_ws5_tf75_pg0_h1_ep80_lr0.0002_bs128_T4.0_lce0.7_lkd1.4_lf0.3_seed512,/home/huang_kai/wind_turbine_phm/PHOENIX-main/autoencoder_benchmark/ablation_experiments/h1/results/comparison_18d_baselines/teacher_student_reference/student_h1_sweep/student_h1_scan96_20260326/extension/extension_s3_s2_s1_l3_o2_c2_r3/distill_tcn_attn_weld_seam_windows_ws5_tf75_pg0_h1_ep80_lr0.0002_bs128_T4.0_lce0.7_lkd1.4_lf0.3_seed512,9.4,2,/home/huang_kai/wind_turbine_phm/PHOENIX-main/autoencoder_benchmark/outputs/teacher_h1_scan98_gpu1_v2/manifests/best_teacher_h1.json,"/usr/bin/python /home/huang_kai/wind_turbine_phm/PHOENIX-main/autoencoder_benchmark/train_distill_single_tcn_student.py --dataset-npz /home/huang_kai/wind_turbine_phm/PHOENIX-main/autoencoder_benchmark/Data/processed_data/weld_seam_windows_ws5_tf75_pg0_h1.npz --teacher-ckpt /home/huang_kai/wind_turbine_phm/PHOENIX-main/autoencoder_benchmark/outputs/teacher_h1_scan98_gpu1_v2/runs/single_tcn_attn_weld_seam_windows_ws5_tf75_pg0_h1_ep60_lr0.0003_bs128_k3_l3_d0.08_lat64_wd0.00015_seed14/best_single_tcn.pth --teacher-run-args /home/huang_kai/wind_turbine_phm/PHOENIX-main/autoencoder_benchmark/outputs/teacher_h1_scan98_gpu1_v2/runs/single_tcn_attn_weld_seam_windows_ws5_tf75_pg0_h1_ep60_lr0.0003_bs128_k3_l3_d0.08_lat64_wd0.00015_seed14/run_args.json --output-dir /home/huang_kai/wind_turbine_phm/PHOENIX-main/autoencoder_benchmark/ablation_experiments/h1/results/comparison_18d_baselines/teacher_student_reference/student_h1_sweep/student_h1_scan96_20260326/extension/extension_s3_s2_s1_l3_o2_c2_r3 --drop-feature-indices 3,4,5,6,7 --epochs 80 --batch-size 128 --lr 0.0002 --weight-decay 0.00015 --seed 512 --class-weights auto --weighted-sampler --val-ratio 0.15 --early-stop-patience 16 --min-epochs 12 --checkpoint-metric val_teacher_agreement --temperature 4.0 --lambda-ce 0.7 --lambda-kd 1.4 --lambda-feat 0.3 --student-tcn-dropout 0.12 --student-classifier-hidden 64 --student-classifier-dropout 0.4 --student-attn-dropout 0.1 --student-tcn-dilation-base 2",/home/huang_kai/wind_turbine_phm/PHOENIX-main/autoencoder_benchmark/ablation_experiments/h1/reports/comparison_18d_baselines/teacher_student_reference/student_h1_sweep/student_h1_scan96_20260326/logs/extension_extension_s3_s2_s1_l3_o2_c2_r3_seed512.log,0.8652,0.83369,0.8482999999999999,6,0.868571,"{""attn_dropout"": 0.1, ""attn_ff_dim"": 128, ""attn_heads"": 4, ""classifier_dropout"": 0.4, ""classifier_hidden"": 64, ""latent_dim"": 64, ""tcn_channels"": 64, ""tcn_dilation_base"": 2, ""tcn_dropout"": 0.12, ""tcn_kernel"": 3, ""tcn_layers"": 3}"
extension,extension_s3_s2_s1_l3_o2_c2_r3,s3_s2_s1_l3_o2_c2_r3,val_teacher_agreement,777,80,128,4.0,0.7,1.4,0.3,0.0002,0.00015,0.12,,,64,0.4,0.1,,2,/home/huang_kai/wind_turbine_phm/PHOENIX-main/autoencoder_benchmark/ablation_experiments/h1/results/comparison_18d_baselines/teacher_student_reference/student_h1_sweep/student_h1_scan96_20260326/extension/extension_s3_s2_s1_l3_o2_c2_r3,17,success,distill_tcn_attn_weld_seam_windows_ws5_tf75_pg0_h1_ep80_lr0.0002_bs128_T4.0_lce0.7_lkd1.4_lf0.3_seed777,/home/huang_kai/wind_turbine_phm/PHOENIX-main/autoencoder_benchmark/ablation_experiments/h1/results/comparison_18d_baselines/teacher_student_reference/student_h1_sweep/student_h1_scan96_20260326/extension/extension_s3_s2_s1_l3_o2_c2_r3/distill_tcn_attn_weld_seam_windows_ws5_tf75_pg0_h1_ep80_lr0.0002_bs128_T4.0_lce0.7_lkd1.4_lf0.3_seed777,8.57,2,/home/huang_kai/wind_turbine_phm/PHOENIX-main/autoencoder_benchmark/outputs/teacher_h1_scan98_gpu1_v2/manifests/best_teacher_h1.json,"/usr/bin/python /home/huang_kai/wind_turbine_phm/PHOENIX-main/autoencoder_benchmark/train_distill_single_tcn_student.py --dataset-npz /home/huang_kai/wind_turbine_phm/PHOENIX-main/autoencoder_benchmark/Data/processed_data/weld_seam_windows_ws5_tf75_pg0_h1.npz --teacher-ckpt /home/huang_kai/wind_turbine_phm/PHOENIX-main/autoencoder_benchmark/outputs/teacher_h1_scan98_gpu1_v2/runs/single_tcn_attn_weld_seam_windows_ws5_tf75_pg0_h1_ep60_lr0.0003_bs128_k3_l3_d0.08_lat64_wd0.00015_seed14/best_single_tcn.pth --teacher-run-args /home/huang_kai/wind_turbine_phm/PHOENIX-main/autoencoder_benchmark/outputs/teacher_h1_scan98_gpu1_v2/runs/single_tcn_attn_weld_seam_windows_ws5_tf75_pg0_h1_ep60_lr0.0003_bs128_k3_l3_d0.08_lat64_wd0.00015_seed14/run_args.json --output-dir /home/huang_kai/wind_turbine_phm/PHOENIX-main/autoencoder_benchmark/ablation_experiments/h1/results/comparison_18d_baselines/teacher_student_reference/student_h1_sweep/student_h1_scan96_20260326/extension/extension_s3_s2_s1_l3_o2_c2_r3 --drop-feature-indices 3,4,5,6,7 --epochs 80 --batch-size 128 --lr 0.0002 --weight-decay 0.00015 --seed 777 --class-weights auto --weighted-sampler --val-ratio 0.15 --early-stop-patience 16 --min-epochs 12 --checkpoint-metric val_teacher_agreement --temperature 4.0 --lambda-ce 0.7 --lambda-kd 1.4 --lambda-feat 0.3 --student-tcn-dropout 0.12 --student-classifier-hidden 64 --student-classifier-dropout 0.4 --student-attn-dropout 0.1 --student-tcn-dilation-base 2",/home/huang_kai/wind_turbine_phm/PHOENIX-main/autoencoder_benchmark/ablation_experiments/h1/reports/comparison_18d_baselines/teacher_student_reference/student_h1_sweep/student_h1_scan96_20260326/logs/extension_extension_s3_s2_s1_l3_o2_c2_r3_seed777.log,0.7444,0.773018,0.7444,4,0.845714,"{""attn_dropout"": 0.1, ""attn_ff_dim"": 128, ""attn_heads"": 4, ""classifier_dropout"": 0.4, ""classifier_hidden"": 64, ""latent_dim"": 64, ""tcn_channels"": 64, ""tcn_dilation_base"": 2, ""tcn_dropout"": 0.12, ""tcn_kernel"": 3, ""tcn_layers"": 3}"
extension,extension_s3_s2_s1_l3_o2_c2_r3,s3_s2_s1_l3_o2_c2_r3,val_teacher_agreement,1001,80,128,4.0,0.7,1.4,0.3,0.0002,0.00015,0.12,,,64,0.4,0.1,,2,/home/huang_kai/wind_turbine_phm/PHOENIX-main/autoencoder_benchmark/ablation_experiments/h1/results/comparison_18d_baselines/teacher_student_reference/student_h1_sweep/student_h1_scan96_20260326/extension/extension_s3_s2_s1_l3_o2_c2_r3,18,success,distill_tcn_attn_weld_seam_windows_ws5_tf75_pg0_h1_ep80_lr0.0002_bs128_T4.0_lce0.7_lkd1.4_lf0.3_seed1001,/home/huang_kai/wind_turbine_phm/PHOENIX-main/autoencoder_benchmark/ablation_experiments/h1/results/comparison_18d_baselines/teacher_student_reference/student_h1_sweep/student_h1_scan96_20260326/extension/extension_s3_s2_s1_l3_o2_c2_r3/distill_tcn_attn_weld_seam_windows_ws5_tf75_pg0_h1_ep80_lr0.0002_bs128_T4.0_lce0.7_lkd1.4_lf0.3_seed1001,7.65,2,/home/huang_kai/wind_turbine_phm/PHOENIX-main/autoencoder_benchmark/outputs/teacher_h1_scan98_gpu1_v2/manifests/best_teacher_h1.json,"/usr/bin/python /home/huang_kai/wind_turbine_phm/PHOENIX-main/autoencoder_benchmark/train_distill_single_tcn_student.py --dataset-npz /home/huang_kai/wind_turbine_phm/PHOENIX-main/autoencoder_benchmark/Data/processed_data/weld_seam_windows_ws5_tf75_pg0_h1.npz --teacher-ckpt /home/huang_kai/wind_turbine_phm/PHOENIX-main/autoencoder_benchmark/outputs/teacher_h1_scan98_gpu1_v2/runs/single_tcn_attn_weld_seam_windows_ws5_tf75_pg0_h1_ep60_lr0.0003_bs128_k3_l3_d0.08_lat64_wd0.00015_seed14/best_single_tcn.pth --teacher-run-args /home/huang_kai/wind_turbine_phm/PHOENIX-main/autoencoder_benchmark/outputs/teacher_h1_scan98_gpu1_v2/runs/single_tcn_attn_weld_seam_windows_ws5_tf75_pg0_h1_ep60_lr0.0003_bs128_k3_l3_d0.08_lat64_wd0.00015_seed14/run_args.json --output-dir /home/huang_kai/wind_turbine_phm/PHOENIX-main/autoencoder_benchmark/ablation_experiments/h1/results/comparison_18d_baselines/teacher_student_reference/student_h1_sweep/student_h1_scan96_20260326/extension/extension_s3_s2_s1_l3_o2_c2_r3 --drop-feature-indices 3,4,5,6,7 --epochs 80 --batch-size 128 --lr 0.0002 --weight-decay 0.00015 --seed 1001 --class-weights auto --weighted-sampler --val-ratio 0.15 --early-stop-patience 16 --min-epochs 12 --checkpoint-metric val_teacher_agreement --temperature 4.0 --lambda-ce 0.7 --lambda-kd 1.4 --lambda-feat 0.3 --student-tcn-dropout 0.12 --student-classifier-hidden 64 --student-classifier-dropout 0.4 --student-attn-dropout 0.1 --student-tcn-dilation-base 2",/home/huang_kai/wind_turbine_phm/PHOENIX-main/autoencoder_benchmark/ablation_experiments/h1/reports/comparison_18d_baselines/teacher_student_reference/student_h1_sweep/student_h1_scan96_20260326/logs/extension_extension_s3_s2_s1_l3_o2_c2_r3_seed1001.log,0.9101,0.90111,0.8989,3,0.834286,"{""attn_dropout"": 0.1, ""attn_ff_dim"": 128, ""attn_heads"": 4, ""classifier_dropout"": 0.4, ""classifier_hidden"": 64, ""latent_dim"": 64, ""tcn_channels"": 64, ""tcn_dilation_base"": 2, ""tcn_dropout"": 0.12, ""tcn_kernel"": 3, ""tcn_layers"": 3}"
extension,extension_s3_s2_s1_l4_o4_c7_r3,s3_s2_s1_l4_o4_c7_r3,val_teacher_agreement,132,80,128,2.5,0.9,1.1,0.0,0.0003,0.00015,0.12,,64,64,0.3,0.05,,1,/home/huang_kai/wind_turbine_phm/PHOENIX-main/autoencoder_benchmark/ablation_experiments/h1/results/comparison_18d_baselines/teacher_student_reference/student_h1_sweep/student_h1_scan96_20260326/extension/extension_s3_s2_s1_l4_o4_c7_r3,19,success,distill_tcn_attn_weld_seam_windows_ws5_tf75_pg0_h1_ep80_lr0.0003_bs128_T2.5_lce0.9_lkd1.1_lf0.0_seed132,/home/huang_kai/wind_turbine_phm/PHOENIX-main/autoencoder_benchmark/ablation_experiments/h1/results/comparison_18d_baselines/teacher_student_reference/student_h1_sweep/student_h1_scan96_20260326/extension/extension_s3_s2_s1_l4_o4_c7_r3/distill_tcn_attn_weld_seam_windows_ws5_tf75_pg0_h1_ep80_lr0.0003_bs128_T2.5_lce0.9_lkd1.1_lf0.0_seed132,5.44,2,/home/huang_kai/wind_turbine_phm/PHOENIX-main/autoencoder_benchmark/outputs/teacher_h1_scan98_gpu1_v2/manifests/best_teacher_h1.json,"/usr/bin/python /home/huang_kai/wind_turbine_phm/PHOENIX-main/autoencoder_benchmark/train_distill_single_tcn_student.py --dataset-npz /home/huang_kai/wind_turbine_phm/PHOENIX-main/autoencoder_benchmark/Data/processed_data/weld_seam_windows_ws5_tf75_pg0_h1.npz --teacher-ckpt /home/huang_kai/wind_turbine_phm/PHOENIX-main/autoencoder_benchmark/outputs/teacher_h1_scan98_gpu1_v2/runs/single_tcn_attn_weld_seam_windows_ws5_tf75_pg0_h1_ep60_lr0.0003_bs128_k3_l3_d0.08_lat64_wd0.00015_seed14/best_single_tcn.pth --teacher-run-args /home/huang_kai/wind_turbine_phm/PHOENIX-main/autoencoder_benchmark/outputs/teacher_h1_scan98_gpu1_v2/runs/single_tcn_attn_weld_seam_windows_ws5_tf75_pg0_h1_ep60_lr0.0003_bs128_k3_l3_d0.08_lat64_wd0.00015_seed14/run_args.json --output-dir /home/huang_kai/wind_turbine_phm/PHOENIX-main/autoencoder_benchmark/ablation_experiments/h1/results/comparison_18d_baselines/teacher_student_reference/student_h1_sweep/student_h1_scan96_20260326/extension/extension_s3_s2_s1_l4_o4_c7_r3 --drop-feature-indices 3,4,5,6,7 --epochs 80 --batch-size 128 --lr 0.0003 --weight-decay 0.00015 --seed 132 --class-weights auto --weighted-sampler --val-ratio 0.15 --early-stop-patience 16 --min-epochs 12 --checkpoint-metric val_teacher_agreement --temperature 2.5 --lambda-ce 0.9 --lambda-kd 1.1 --lambda-feat 0.0 --student-tcn-dropout 0.12 --student-tcn-channels 64 --student-classifier-hidden 64 --student-classifier-dropout 0.3 --student-attn-dropout 0.05 --student-tcn-dilation-base 1",/home/huang_kai/wind_turbine_phm/PHOENIX-main/autoencoder_benchmark/ablation_experiments/h1/reports/comparison_18d_baselines/teacher_student_reference/student_h1_sweep/student_h1_scan96_20260326/logs/extension_extension_s3_s2_s1_l4_o4_c7_r3_seed132.log,0.9887999999999999,0.984675,0.9719,2,0.862857,"{""attn_dropout"": 0.05, ""attn_ff_dim"": 128, ""attn_heads"": 4, ""classifier_dropout"": 0.3, ""classifier_hidden"": 64, ""latent_dim"": 64, ""tcn_channels"": 64, ""tcn_dilation_base"": 1, ""tcn_dropout"": 0.12, ""tcn_kernel"": 3, ""tcn_layers"": 3}"
extension,extension_s3_s2_s1_l4_o4_c7_r3,s3_s2_s1_l4_o4_c7_r3,val_teacher_agreement,230,80,128,2.5,0.9,1.1,0.0,0.0003,0.00015,0.12,,64,64,0.3,0.05,,1,/home/huang_kai/wind_turbine_phm/PHOENIX-main/autoencoder_benchmark/ablation_experiments/h1/results/comparison_18d_baselines/teacher_student_reference/student_h1_sweep/student_h1_scan96_20260326/extension/extension_s3_s2_s1_l4_o4_c7_r3,20,success,distill_tcn_attn_weld_seam_windows_ws5_tf75_pg0_h1_ep80_lr0.0003_bs128_T2.5_lce0.9_lkd1.1_lf0.0_seed230,/home/huang_kai/wind_turbine_phm/PHOENIX-main/autoencoder_benchmark/ablation_experiments/h1/results/comparison_18d_baselines/teacher_student_reference/student_h1_sweep/student_h1_scan96_20260326/extension/extension_s3_s2_s1_l4_o4_c7_r3/distill_tcn_attn_weld_seam_windows_ws5_tf75_pg0_h1_ep80_lr0.0003_bs128_T2.5_lce0.9_lkd1.1_lf0.0_seed230,5.86,2,/home/huang_kai/wind_turbine_phm/PHOENIX-main/autoencoder_benchmark/outputs/teacher_h1_scan98_gpu1_v2/manifests/best_teacher_h1.json,"/usr/bin/python /home/huang_kai/wind_turbine_phm/PHOENIX-main/autoencoder_benchmark/train_distill_single_tcn_student.py --dataset-npz /home/huang_kai/wind_turbine_phm/PHOENIX-main/autoencoder_benchmark/Data/processed_data/weld_seam_windows_ws5_tf75_pg0_h1.npz --teacher-ckpt /home/huang_kai/wind_turbine_phm/PHOENIX-main/autoencoder_benchmark/outputs/teacher_h1_scan98_gpu1_v2/runs/single_tcn_attn_weld_seam_windows_ws5_tf75_pg0_h1_ep60_lr0.0003_bs128_k3_l3_d0.08_lat64_wd0.00015_seed14/best_single_tcn.pth --teacher-run-args /home/huang_kai/wind_turbine_phm/PHOENIX-main/autoencoder_benchmark/outputs/teacher_h1_scan98_gpu1_v2/runs/single_tcn_attn_weld_seam_windows_ws5_tf75_pg0_h1_ep60_lr0.0003_bs128_k3_l3_d0.08_lat64_wd0.00015_seed14/run_args.json --output-dir /home/huang_kai/wind_turbine_phm/PHOENIX-main/autoencoder_benchmark/ablation_experiments/h1/results/comparison_18d_baselines/teacher_student_reference/student_h1_sweep/student_h1_scan96_20260326/extension/extension_s3_s2_s1_l4_o4_c7_r3 --drop-feature-indices 3,4,5,6,7 --epochs 80 --batch-size 128 --lr 0.0003 --weight-decay 0.00015 --seed 230 --class-weights auto --weighted-sampler --val-ratio 0.15 --early-stop-patience 16 --min-epochs 12 --checkpoint-metric val_teacher_agreement --temperature 2.5 --lambda-ce 0.9 --lambda-kd 1.1 --lambda-feat 0.0 --student-tcn-dropout 0.12 --student-tcn-channels 64 --student-classifier-hidden 64 --student-classifier-dropout 0.3 --student-attn-dropout 0.05 --student-tcn-dilation-base 1",/home/huang_kai/wind_turbine_phm/PHOENIX-main/autoencoder_benchmark/ablation_experiments/h1/reports/comparison_18d_baselines/teacher_student_reference/student_h1_sweep/student_h1_scan96_20260326/logs/extension_extension_s3_s2_s1_l4_o4_c7_r3_seed230.log,0.9521999999999999,0.937569,0.9466,4,0.851429,"{""attn_dropout"": 0.05, ""attn_ff_dim"": 128, ""attn_heads"": 4, ""classifier_dropout"": 0.3, ""classifier_hidden"": 64, ""latent_dim"": 64, ""tcn_channels"": 64, ""tcn_dilation_base"": 1, ""tcn_dropout"": 0.12, ""tcn_kernel"": 3, ""tcn_layers"": 3}"
extension,extension_s3_s2_s1_l4_o4_c7_r3,s3_s2_s1_l4_o4_c7_r3,val_teacher_agreement,314,80,128,2.5,0.9,1.1,0.0,0.0003,0.00015,0.12,,64,64,0.3,0.05,,1,/home/huang_kai/wind_turbine_phm/PHOENIX-main/autoencoder_benchmark/ablation_experiments/h1/results/comparison_18d_baselines/teacher_student_reference/student_h1_sweep/student_h1_scan96_20260326/extension/extension_s3_s2_s1_l4_o4_c7_r3,21,success,distill_tcn_attn_weld_seam_windows_ws5_tf75_pg0_h1_ep80_lr0.0003_bs128_T2.5_lce0.9_lkd1.1_lf0.0_seed314,/home/huang_kai/wind_turbine_phm/PHOENIX-main/autoencoder_benchmark/ablation_experiments/h1/results/comparison_18d_baselines/teacher_student_reference/student_h1_sweep/student_h1_scan96_20260326/extension/extension_s3_s2_s1_l4_o4_c7_r3/distill_tcn_attn_weld_seam_windows_ws5_tf75_pg0_h1_ep80_lr0.0003_bs128_T2.5_lce0.9_lkd1.1_lf0.0_seed314,5.76,2,/home/huang_kai/wind_turbine_phm/PHOENIX-main/autoencoder_benchmark/outputs/teacher_h1_scan98_gpu1_v2/manifests/best_teacher_h1.json,"/usr/bin/python /home/huang_kai/wind_turbine_phm/PHOENIX-main/autoencoder_benchmark/train_distill_single_tcn_student.py --dataset-npz /home/huang_kai/wind_turbine_phm/PHOENIX-main/autoencoder_benchmark/Data/processed_data/weld_seam_windows_ws5_tf75_pg0_h1.npz --teacher-ckpt /home/huang_kai/wind_turbine_phm/PHOENIX-main/autoencoder_benchmark/outputs/teacher_h1_scan98_gpu1_v2/runs/single_tcn_attn_weld_seam_windows_ws5_tf75_pg0_h1_ep60_lr0.0003_bs128_k3_l3_d0.08_lat64_wd0.00015_seed14/best_single_tcn.pth --teacher-run-args /home/huang_kai/wind_turbine_phm/PHOENIX-main/autoencoder_benchmark/outputs/teacher_h1_scan98_gpu1_v2/runs/single_tcn_attn_weld_seam_windows_ws5_tf75_pg0_h1_ep60_lr0.0003_bs128_k3_l3_d0.08_lat64_wd0.00015_seed14/run_args.json --output-dir /home/huang_kai/wind_turbine_phm/PHOENIX-main/autoencoder_benchmark/ablation_experiments/h1/results/comparison_18d_baselines/teacher_student_reference/student_h1_sweep/student_h1_scan96_20260326/extension/extension_s3_s2_s1_l4_o4_c7_r3 --drop-feature-indices 3,4,5,6,7 --epochs 80 --batch-size 128 --lr 0.0003 --weight-decay 0.00015 --seed 314 --class-weights auto --weighted-sampler --val-ratio 0.15 --early-stop-patience 16 --min-epochs 12 --checkpoint-metric val_teacher_agreement --temperature 2.5 --lambda-ce 0.9 --lambda-kd 1.1 --lambda-feat 0.0 --student-tcn-dropout 0.12 --student-tcn-channels 64 --student-classifier-hidden 64 --student-classifier-dropout 0.3 --student-attn-dropout 0.05 --student-tcn-dilation-base 1",/home/huang_kai/wind_turbine_phm/PHOENIX-main/autoencoder_benchmark/ablation_experiments/h1/reports/comparison_18d_baselines/teacher_student_reference/student_h1_sweep/student_h1_scan96_20260326/logs/extension_extension_s3_s2_s1_l4_o4_c7_r3_seed314.log,0.9494,0.93624,0.9494,3,0.828571,"{""attn_dropout"": 0.05, ""attn_ff_dim"": 128, ""attn_heads"": 4, ""classifier_dropout"": 0.3, ""classifier_hidden"": 64, ""latent_dim"": 64, ""tcn_channels"": 64, ""tcn_dilation_base"": 1, ""tcn_dropout"": 0.12, ""tcn_kernel"": 3, ""tcn_layers"": 3}"
extension,extension_s3_s2_s1_l4_o4_c7_r3,s3_s2_s1_l4_o4_c7_r3,val_teacher_agreement,512,80,128,2.5,0.9,1.1,0.0,0.0003,0.00015,0.12,,64,64,0.3,0.05,,1,/home/huang_kai/wind_turbine_phm/PHOENIX-main/autoencoder_benchmark/ablation_experiments/h1/results/comparison_18d_baselines/teacher_student_reference/student_h1_sweep/student_h1_scan96_20260326/extension/extension_s3_s2_s1_l4_o4_c7_r3,22,success,distill_tcn_attn_weld_seam_windows_ws5_tf75_pg0_h1_ep80_lr0.0003_bs128_T2.5_lce0.9_lkd1.1_lf0.0_seed512,/home/huang_kai/wind_turbine_phm/PHOENIX-main/autoencoder_benchmark/ablation_experiments/h1/results/comparison_18d_baselines/teacher_student_reference/student_h1_sweep/student_h1_scan96_20260326/extension/extension_s3_s2_s1_l4_o4_c7_r3/distill_tcn_attn_weld_seam_windows_ws5_tf75_pg0_h1_ep80_lr0.0003_bs128_T2.5_lce0.9_lkd1.1_lf0.0_seed512,5.66,2,/home/huang_kai/wind_turbine_phm/PHOENIX-main/autoencoder_benchmark/outputs/teacher_h1_scan98_gpu1_v2/manifests/best_teacher_h1.json,"/usr/bin/python /home/huang_kai/wind_turbine_phm/PHOENIX-main/autoencoder_benchmark/train_distill_single_tcn_student.py --dataset-npz /home/huang_kai/wind_turbine_phm/PHOENIX-main/autoencoder_benchmark/Data/processed_data/weld_seam_windows_ws5_tf75_pg0_h1.npz --teacher-ckpt /home/huang_kai/wind_turbine_phm/PHOENIX-main/autoencoder_benchmark/outputs/teacher_h1_scan98_gpu1_v2/runs/single_tcn_attn_weld_seam_windows_ws5_tf75_pg0_h1_ep60_lr0.0003_bs128_k3_l3_d0.08_lat64_wd0.00015_seed14/best_single_tcn.pth --teacher-run-args /home/huang_kai/wind_turbine_phm/PHOENIX-main/autoencoder_benchmark/outputs/teacher_h1_scan98_gpu1_v2/runs/single_tcn_attn_weld_seam_windows_ws5_tf75_pg0_h1_ep60_lr0.0003_bs128_k3_l3_d0.08_lat64_wd0.00015_seed14/run_args.json --output-dir /home/huang_kai/wind_turbine_phm/PHOENIX-main/autoencoder_benchmark/ablation_experiments/h1/results/comparison_18d_baselines/teacher_student_reference/student_h1_sweep/student_h1_scan96_20260326/extension/extension_s3_s2_s1_l4_o4_c7_r3 --drop-feature-indices 3,4,5,6,7 --epochs 80 --batch-size 128 --lr 0.0003 --weight-decay 0.00015 --seed 512 --class-weights auto --weighted-sampler --val-ratio 0.15 --early-stop-patience 16 --min-epochs 12 --checkpoint-metric val_teacher_agreement --temperature 2.5 --lambda-ce 0.9 --lambda-kd 1.1 --lambda-feat 0.0 --student-tcn-dropout 0.12 --student-tcn-channels 64 --student-classifier-hidden 64 --student-classifier-dropout 0.3 --student-attn-dropout 0.05 --student-tcn-dilation-base 1",/home/huang_kai/wind_turbine_phm/PHOENIX-main/autoencoder_benchmark/ablation_experiments/h1/reports/comparison_18d_baselines/teacher_student_reference/student_h1_sweep/student_h1_scan96_20260326/logs/extension_extension_s3_s2_s1_l4_o4_c7_r3_seed512.log,0.8315,0.825453,0.8146,3,0.862857,"{""attn_dropout"": 0.05, ""attn_ff_dim"": 128, ""attn_heads"": 4, ""classifier_dropout"": 0.3, ""classifier_hidden"": 64, ""latent_dim"": 64, ""tcn_channels"": 64, ""tcn_dilation_base"": 1, ""tcn_dropout"": 0.12, ""tcn_kernel"": 3, ""tcn_layers"": 3}"
extension,extension_s3_s2_s1_l4_o4_c7_r3,s3_s2_s1_l4_o4_c7_r3,val_teacher_agreement,777,80,128,2.5,0.9,1.1,0.0,0.0003,0.00015,0.12,,64,64,0.3,0.05,,1,/home/huang_kai/wind_turbine_phm/PHOENIX-main/autoencoder_benchmark/ablation_experiments/h1/results/comparison_18d_baselines/teacher_student_reference/student_h1_sweep/student_h1_scan96_20260326/extension/extension_s3_s2_s1_l4_o4_c7_r3,23,success,distill_tcn_attn_weld_seam_windows_ws5_tf75_pg0_h1_ep80_lr0.0003_bs128_T2.5_lce0.9_lkd1.1_lf0.0_seed777,/home/huang_kai/wind_turbine_phm/PHOENIX-main/autoencoder_benchmark/ablation_experiments/h1/results/comparison_18d_baselines/teacher_student_reference/student_h1_sweep/student_h1_scan96_20260326/extension/extension_s3_s2_s1_l4_o4_c7_r3/distill_tcn_attn_weld_seam_windows_ws5_tf75_pg0_h1_ep80_lr0.0003_bs128_T2.5_lce0.9_lkd1.1_lf0.0_seed777,6.2,2,/home/huang_kai/wind_turbine_phm/PHOENIX-main/autoencoder_benchmark/outputs/teacher_h1_scan98_gpu1_v2/manifests/best_teacher_h1.json,"/usr/bin/python /home/huang_kai/wind_turbine_phm/PHOENIX-main/autoencoder_benchmark/train_distill_single_tcn_student.py --dataset-npz /home/huang_kai/wind_turbine_phm/PHOENIX-main/autoencoder_benchmark/Data/processed_data/weld_seam_windows_ws5_tf75_pg0_h1.npz --teacher-ckpt /home/huang_kai/wind_turbine_phm/PHOENIX-main/autoencoder_benchmark/outputs/teacher_h1_scan98_gpu1_v2/runs/single_tcn_attn_weld_seam_windows_ws5_tf75_pg0_h1_ep60_lr0.0003_bs128_k3_l3_d0.08_lat64_wd0.00015_seed14/best_single_tcn.pth --teacher-run-args /home/huang_kai/wind_turbine_phm/PHOENIX-main/autoencoder_benchmark/outputs/teacher_h1_scan98_gpu1_v2/runs/single_tcn_attn_weld_seam_windows_ws5_tf75_pg0_h1_ep60_lr0.0003_bs128_k3_l3_d0.08_lat64_wd0.00015_seed14/run_args.json --output-dir /home/huang_kai/wind_turbine_phm/PHOENIX-main/autoencoder_benchmark/ablation_experiments/h1/results/comparison_18d_baselines/teacher_student_reference/student_h1_sweep/student_h1_scan96_20260326/extension/extension_s3_s2_s1_l4_o4_c7_r3 --drop-feature-indices 3,4,5,6,7 --epochs 80 --batch-size 128 --lr 0.0003 --weight-decay 0.00015 --seed 777 --class-weights auto --weighted-sampler --val-ratio 0.15 --early-stop-patience 16 --min-epochs 12 --checkpoint-metric val_teacher_agreement --temperature 2.5 --lambda-ce 0.9 --lambda-kd 1.1 --lambda-feat 0.0 --student-tcn-dropout 0.12 --student-tcn-channels 64 --student-classifier-hidden 64 --student-classifier-dropout 0.3 --student-attn-dropout 0.05 --student-tcn-dilation-base 1",/home/huang_kai/wind_turbine_phm/PHOENIX-main/autoencoder_benchmark/ablation_experiments/h1/reports/comparison_18d_baselines/teacher_student_reference/student_h1_sweep/student_h1_scan96_20260326/logs/extension_extension_s3_s2_s1_l4_o4_c7_r3_seed777.log,0.7669,0.785077,0.7612000000000001,3,0.822857,"{""attn_dropout"": 0.05, ""attn_ff_dim"": 128, ""attn_heads"": 4, ""classifier_dropout"": 0.3, ""classifier_hidden"": 64, ""latent_dim"": 64, ""tcn_channels"": 64, ""tcn_dilation_base"": 1, ""tcn_dropout"": 0.12, ""tcn_kernel"": 3, ""tcn_layers"": 3}"
extension,extension_s3_s2_s1_l4_o4_c7_r3,s3_s2_s1_l4_o4_c7_r3,val_teacher_agreement,1001,80,128,2.5,0.9,1.1,0.0,0.0003,0.00015,0.12,,64,64,0.3,0.05,,1,/home/huang_kai/wind_turbine_phm/PHOENIX-main/autoencoder_benchmark/ablation_experiments/h1/results/comparison_18d_baselines/teacher_student_reference/student_h1_sweep/student_h1_scan96_20260326/extension/extension_s3_s2_s1_l4_o4_c7_r3,24,success,distill_tcn_attn_weld_seam_windows_ws5_tf75_pg0_h1_ep80_lr0.0003_bs128_T2.5_lce0.9_lkd1.1_lf0.0_seed1001,/home/huang_kai/wind_turbine_phm/PHOENIX-main/autoencoder_benchmark/ablation_experiments/h1/results/comparison_18d_baselines/teacher_student_reference/student_h1_sweep/student_h1_scan96_20260326/extension/extension_s3_s2_s1_l4_o4_c7_r3/distill_tcn_attn_weld_seam_windows_ws5_tf75_pg0_h1_ep80_lr0.0003_bs128_T2.5_lce0.9_lkd1.1_lf0.0_seed1001,6.03,2,/home/huang_kai/wind_turbine_phm/PHOENIX-main/autoencoder_benchmark/outputs/teacher_h1_scan98_gpu1_v2/manifests/best_teacher_h1.json,"/usr/bin/python /home/huang_kai/wind_turbine_phm/PHOENIX-main/autoencoder_benchmark/train_distill_single_tcn_student.py --dataset-npz /home/huang_kai/wind_turbine_phm/PHOENIX-main/autoencoder_benchmark/Data/processed_data/weld_seam_windows_ws5_tf75_pg0_h1.npz --teacher-ckpt /home/huang_kai/wind_turbine_phm/PHOENIX-main/autoencoder_benchmark/outputs/teacher_h1_scan98_gpu1_v2/runs/single_tcn_attn_weld_seam_windows_ws5_tf75_pg0_h1_ep60_lr0.0003_bs128_k3_l3_d0.08_lat64_wd0.00015_seed14/best_single_tcn.pth --teacher-run-args /home/huang_kai/wind_turbine_phm/PHOENIX-main/autoencoder_benchmark/outputs/teacher_h1_scan98_gpu1_v2/runs/single_tcn_attn_weld_seam_windows_ws5_tf75_pg0_h1_ep60_lr0.0003_bs128_k3_l3_d0.08_lat64_wd0.00015_seed14/run_args.json --output-dir /home/huang_kai/wind_turbine_phm/PHOENIX-main/autoencoder_benchmark/ablation_experiments/h1/results/comparison_18d_baselines/teacher_student_reference/student_h1_sweep/student_h1_scan96_20260326/extension/extension_s3_s2_s1_l4_o4_c7_r3 --drop-feature-indices 3,4,5,6,7 --epochs 80 --batch-size 128 --lr 0.0003 --weight-decay 0.00015 --seed 1001 --class-weights auto --weighted-sampler --val-ratio 0.15 --early-stop-patience 16 --min-epochs 12 --checkpoint-metric val_teacher_agreement --temperature 2.5 --lambda-ce 0.9 --lambda-kd 1.1 --lambda-feat 0.0 --student-tcn-dropout 0.12 --student-tcn-channels 64 --student-classifier-hidden 64 --student-classifier-dropout 0.3 --student-attn-dropout 0.05 --student-tcn-dilation-base 1",/home/huang_kai/wind_turbine_phm/PHOENIX-main/autoencoder_benchmark/ablation_experiments/h1/reports/comparison_18d_baselines/teacher_student_reference/student_h1_sweep/student_h1_scan96_20260326/logs/extension_extension_s3_s2_s1_l4_o4_c7_r3_seed1001.log,0.8173999999999999,0.823512,0.8062,2,0.851429,"{""attn_dropout"": 0.05, ""attn_ff_dim"": 128, ""attn_heads"": 4, ""classifier_dropout"": 0.3, ""classifier_hidden"": 64, ""latent_dim"": 64, ""tcn_channels"": 64, ""tcn_dilation_base"": 1, ""tcn_dropout"": 0.12, ""tcn_kernel"": 3, ""tcn_layers"": 3}"
