model_name,sample_index,x_2d,y_2d,y_true,y_pred,correct,seam_name,start_idx,target_idx,projection_method,projection_random_state
Teacher,0,-11.285306930541992,-0.08881531655788422,2,2,True,c02,208,213,tsne,42
Teacher,1,-12.926749229431152,-17.45047950744629,2,2,True,a01,496,501,tsne,42
Teacher,2,-16.634241104125977,3.73260498046875,2,2,True,b01,558,563,tsne,42
Teacher,3,12.659838676452637,-1.3333624601364136,1,1,True,c01,127,132,tsne,42
Teacher,4,-18.56170082092285,-18.573923110961914,2,2,True,a01,521,526,tsne,42
Teacher,5,-12.352287292480469,0.6928282976150513,2,2,True,c02,210,215,tsne,42
Teacher,6,32.69269561767578,-7.443219184875488,0,0,True,c02,69,74,tsne,42
Teacher,7,-14.518871307373047,-15.855133056640625,2,2,True,a01,504,509,tsne,42
Teacher,8,-14.428935050964355,13.084673881530762,2,2,True,b01,598,603,tsne,42
Teacher,9,28.822797775268555,-7.9530534744262695,0,0,True,c02,84,89,tsne,42
Teacher,10,-21.816028594970703,-10.983363151550293,2,2,True,a01,555,560,tsne,42
Teacher,11,-16.53954315185547,7.403264045715332,2,2,True,b01,553,558,tsne,42
Teacher,12,-21.92340850830078,8.220166206359863,2,2,True,c02,231,236,tsne,42
Teacher,13,-13.758842468261719,-18.317386627197266,2,2,True,a01,500,505,tsne,42
Teacher,14,6.131103515625,-1.0476171970367432,1,1,True,c01,144,149,tsne,42
Teacher,15,-15.871190071105957,12.953603744506836,2,2,True,b01,582,587,tsne,42
Teacher,16,-17.45354652404785,6.566674709320068,2,2,True,b01,541,546,tsne,42
Teacher,17,36.66847610473633,-3.0378663539886475,0,0,True,a01,99,104,tsne,42
Teacher,18,37.994110107421875,-2.093031883239746,0,0,True,a01,95,100,tsne,42
Teacher,19,15.631214141845703,4.775913715362549,1,1,True,b01,263,268,tsne,42
Teacher,20,-16.23996925354004,4.776898384094238,2,2,True,b01,538,543,tsne,42
Teacher,21,11.226432800292969,3.100827693939209,1,1,True,b01,285,290,tsne,42
Teacher,22,-10.111406326293945,-14.991828918457031,2,2,True,a01,486,491,tsne,42
Teacher,23,-23.241825103759766,10.655776023864746,2,2,True,c01,206,211,tsne,42
Teacher,24,11.373480796813965,12.866716384887695,1,1,True,a01,201,206,tsne,42
Teacher,25,-15.793445587158203,4.911230564117432,2,2,True,b01,542,547,tsne,42
Teacher,26,36.030548095703125,-11.007307052612305,0,0,True,b01,119,124,tsne,42
Teacher,27,-15.813783645629883,11.013407707214355,2,2,True,b01,579,584,tsne,42
Teacher,28,-14.407092094421387,12.750189781188965,2,2,True,b01,606,611,tsne,42
Teacher,29,11.378957748413086,12.41864013671875,1,1,True,a01,200,205,tsne,42
Teacher,30,-11.106325149536133,-0.25032803416252136,2,2,True,c02,207,212,tsne,42
Teacher,31,-8.030755043029785,8.692139625549316,2,2,True,b01,593,598,tsne,42
Teacher,32,9.821578025817871,12.944967269897461,1,1,True,a01,211,216,tsne,42
Teacher,33,-12.99919605255127,-14.288057327270508,2,2,True,a01,483,488,tsne,42
Teacher,34,35.786766052246094,-8.051953315734863,0,0,True,b01,113,118,tsne,42
Teacher,35,-16.247051239013672,5.969610691070557,2,2,True,b01,552,557,tsne,42
Teacher,36,-9.886301040649414,-15.119865417480469,2,2,True,a01,485,490,tsne,42
Teacher,37,-13.935892105102539,-12.856795310974121,2,2,True,a01,481,486,tsne,42
Teacher,38,6.120760440826416,-1.148561954498291,1,1,True,c01,143,148,tsne,42
Teacher,39,-14.607123374938965,7.253706455230713,2,2,True,b01,557,562,tsne,42
Teacher,40,35.715545654296875,-6.299766540527344,0,0,True,b01,128,133,tsne,42
Teacher,41,14.340679168701172,5.109437465667725,1,1,True,b01,279,284,tsne,42
Teacher,42,36.91671371459961,-1.8327527046203613,0,0,True,a01,103,108,tsne,42
Teacher,43,37.587562561035156,-7.890867233276367,0,0,True,b01,129,134,tsne,42
Teacher,44,-20.98905372619629,-14.687605857849121,2,2,True,a01,514,519,tsne,42
Teacher,45,15.710257530212402,5.540134429931641,1,1,True,b01,262,267,tsne,42
Teacher,46,32.514991760253906,-8.618770599365234,0,0,True,c02,72,77,tsne,42
Teacher,47,38.34919357299805,-1.8635228872299194,0,0,True,a01,94,99,tsne,42
Teacher,48,-20.86939811706543,-14.905098915100098,2,2,True,a01,515,520,tsne,42
Teacher,49,-16.536542892456055,4.707107067108154,2,2,True,b01,543,548,tsne,42
Teacher,50,-22.177593231201172,-12.398480415344238,2,2,True,a01,551,556,tsne,42
Teacher,51,-13.793461799621582,-17.59516716003418,2,2,True,a01,501,506,tsne,42
Teacher,52,-7.799234867095947,8.580375671386719,2,2,True,b01,592,597,tsne,42
Teacher,53,-16.13566017150879,2.301605463027954,1,1,True,c02,107,112,tsne,42
Teacher,54,34.35475158691406,-7.227616310119629,0,0,True,b01,112,117,tsne,42
Teacher,55,-10.076959609985352,-16.772098541259766,2,2,True,a01,491,496,tsne,42
Teacher,56,7.812519550323486,-0.5471923351287842,1,1,True,c01,140,145,tsne,42
Teacher,57,12.530496597290039,-1.701013445854187,1,1,True,c01,126,131,tsne,42
Teacher,58,-17.600528717041016,11.68457317352295,2,2,True,b01,572,577,tsne,42
Teacher,59,17.32967758178711,4.365593433380127,1,1,True,b01,267,272,tsne,42
Teacher,60,8.518939018249512,-0.6220923066139221,1,1,True,c01,139,144,tsne,42
Teacher,61,38.2911262512207,-5.232422351837158,0,0,True,a01,86,91,tsne,42
Teacher,62,-23.577463150024414,5.42600679397583,2,2,True,c02,222,227,tsne,42
Teacher,63,8.649042129516602,13.410290718078613,1,1,True,a01,219,224,tsne,42
Teacher,64,-26.037630081176758,7.717356204986572,2,2,True,c02,215,220,tsne,42
Teacher,65,35.55895233154297,-10.71900463104248,0,0,True,b01,121,126,tsne,42
Teacher,66,-9.848413467407227,-15.879678726196289,2,2,True,a01,488,493,tsne,42
Teacher,67,-17.93721580505371,-20.54327392578125,2,2,True,a01,527,532,tsne,42
Teacher,68,-13.173506736755371,1.2368078231811523,2,2,True,c02,212,217,tsne,42
Teacher,69,15.955239295959473,3.3396732807159424,1,1,True,b01,259,264,tsne,42
Teacher,70,-17.694578170776367,12.929668426513672,2,2,True,b01,574,579,tsne,42
Teacher,71,-14.47336483001709,5.570253849029541,2,2,True,b01,546,551,tsne,42
Teacher,72,-21.4610595703125,-13.374223709106445,2,2,True,a01,547,552,tsne,42
Teacher,73,10.359776496887207,12.295526504516602,1,1,True,a01,202,207,tsne,42
Teacher,74,-11.902212142944336,9.983985900878906,2,2,True,b01,571,576,tsne,42
Teacher,75,-22.024627685546875,-13.191768646240234,2,2,True,a01,548,553,tsne,42
Teacher,76,14.032149314880371,-2.6848185062408447,1,1,True,c01,124,129,tsne,42
Teacher,77,-18.560264587402344,-19.692745208740234,2,2,True,a01,509,514,tsne,42
Teacher,78,9.36530590057373,13.667302131652832,1,1,True,a01,213,218,tsne,42
Teacher,79,13.71009349822998,1.9077680110931396,1,1,True,b01,282,287,tsne,42
Teacher,80,36.776275634765625,-8.008929252624512,0,0,True,b01,132,137,tsne,42
Teacher,81,33.04746627807617,-8.259023666381836,0,0,True,c02,70,75,tsne,42
Teacher,82,-20.772062301635742,13.888008117675781,2,2,True,c01,212,217,tsne,42
Teacher,83,-22.471843719482422,5.146852970123291,2,2,True,c02,223,228,tsne,42
Teacher,84,-22.852567672729492,12.57678508758545,2,2,True,c01,209,214,tsne,42
Teacher,85,10.38506031036377,11.813828468322754,1,1,True,a01,203,208,tsne,42
Teacher,86,-18.380695343017578,-20.29745101928711,2,2,True,a01,523,528,tsne,42
Teacher,87,8.908781051635742,11.429667472839355,1,1,True,a01,208,213,tsne,42
Teacher,88,9.10912036895752,12.436006546020508,1,1,True,a01,207,212,tsne,42
Teacher,89,-14.061806678771973,3.371816396713257,2,2,True,b01,533,538,tsne,42
Teacher,90,13.245338439941406,-2.3026649951934814,1,1,True,c01,125,130,tsne,42
Teacher,91,35.689247131347656,-6.776533126831055,0,0,True,b01,127,132,tsne,42
Teacher,92,10.859919548034668,12.810096740722656,1,1,True,a01,198,203,tsne,42
Teacher,93,39.29505157470703,-2.108952760696411,0,0,True,a01,91,96,tsne,42
Teacher,94,-13.213665962219238,-16.611921310424805,2,2,True,a01,502,507,tsne,42
Teacher,95,-11.611659049987793,0.19377918541431427,2,1,False,c02,209,214,tsne,42
Teacher,96,31.24081802368164,-9.178534507751465,0,0,True,c02,76,81,tsne,42
Teacher,97,-11.165656089782715,-15.965555191040039,2,2,True,a01,493,498,tsne,42
Teacher,98,-17.605876922607422,-18.26619529724121,2,2,True,a01,533,538,tsne,42
Teacher,99,38.69483184814453,-1.5953764915466309,0,0,True,a01,92,97,tsne,42
Teacher,100,34.74666213989258,-5.513010025024414,0,0,True,b01,135,140,tsne,42
Teacher,101,-21.464088439941406,5.808518409729004,2,2,True,c02,225,230,tsne,42
Teacher,102,38.78641891479492,-2.102102279663086,0,0,True,a01,93,98,tsne,42
Teacher,103,10.834990501403809,13.08424186706543,1,1,True,a01,199,204,tsne,42
Teacher,104,35.053897857666016,-10.575010299682617,0,0,True,b01,122,127,tsne,42
Teacher,105,-11.709100723266602,-16.097867965698242,2,2,True,a01,495,500,tsne,42
Teacher,106,10.836959838867188,-2.9781227111816406,1,1,True,c01,134,139,tsne,42
Teacher,107,-12.836891174316406,10.193249702453613,2,2,True,b01,570,575,tsne,42
Teacher,108,-10.925018310546875,12.749581336975098,2,2,True,b01,584,589,tsne,42
Teacher,109,-17.083194732666016,6.015227794647217,2,2,True,b01,534,539,tsne,42
Teacher,110,13.454435348510742,3.8010382652282715,1,1,True,b01,276,281,tsne,42
Teacher,111,-16.56014633178711,6.428461074829102,2,2,True,b01,540,545,tsne,42
Teacher,112,-15.089041709899902,10.09640884399414,2,2,True,b01,580,585,tsne,42
Teacher,113,-17.701086044311523,4.355771064758301,2,2,True,b01,554,559,tsne,42
Teacher,114,32.907066345214844,-2.686809778213501,0,0,True,b01,142,147,tsne,42
Teacher,115,38.790401458740234,-5.475640296936035,0,0,True,a01,84,89,tsne,42
Teacher,116,-19.46319007873535,-13.204330444335938,2,2,True,a01,544,549,tsne,42
Teacher,117,11.223663330078125,-1.461292028427124,1,1,True,c01,137,142,tsne,42
Teacher,118,13.889805793762207,4.149324417114258,1,1,True,b01,275,280,tsne,42
Teacher,119,-14.615220069885254,12.46784496307373,2,2,True,b01,605,610,tsne,42
Teacher,120,32.734825134277344,-2.8093314170837402,0,0,True,b01,143,148,tsne,42
Teacher,121,36.50452423095703,-3.1210193634033203,0,0,True,a01,101,106,tsne,42
Teacher,122,8.47150993347168,-1.7062349319458008,1,1,True,c01,148,153,tsne,42
Teacher,123,14.626922607421875,3.4081594944000244,1,1,True,b01,273,278,tsne,42
Teacher,124,-22.272327423095703,-12.439325332641602,2,2,True,a01,550,555,tsne,42
Teacher,125,15.762968063354492,2.0837178230285645,1,1,True,b01,257,262,tsne,42
Teacher,126,8.574446678161621,12.487689018249512,1,1,True,a01,206,211,tsne,42
Teacher,127,12.786089897155762,2.0199522972106934,1,1,True,b01,283,288,tsne,42
Teacher,128,-22.946067810058594,8.358630180358887,2,2,True,c02,233,238,tsne,42
Teacher,129,-12.755343437194824,9.837875366210938,2,2,True,b01,569,574,tsne,42
Teacher,130,-26.14656639099121,7.0641913414001465,2,2,True,c02,213,218,tsne,42
Teacher,131,8.705955505371094,-2.545750379562378,1,1,True,c01,149,154,tsne,42
Teacher,132,28.95510482788086,-7.520325660705566,0,0,True,c02,82,87,tsne,42
Teacher,133,-13.716046333312988,13.192680358886719,2,2,True,b01,599,604,tsne,42
Teacher,134,34.386714935302734,-8.146924018859863,0,0,True,b01,124,129,tsne,42
Teacher,135,-16.488998413085938,-18.009647369384766,2,2,True,a01,531,536,tsne,42
Teacher,136,-20.657241821289062,10.53443717956543,2,2,True,c01,216,221,tsne,42
Teacher,137,-17.068714141845703,-17.310205459594727,2,2,True,a01,519,524,tsne,42
Teacher,138,16.479015350341797,3.5784313678741455,1,1,True,b01,270,275,tsne,42
Teacher,139,37.59280776977539,-8.571901321411133,0,0,True,b01,131,136,tsne,42
Teacher,140,16.230920791625977,5.202042579650879,1,1,True,b01,261,266,tsne,42
Teacher,141,-22.887847900390625,8.440834999084473,2,2,True,c02,232,237,tsne,42
Teacher,142,-23.28236961364746,10.628294944763184,2,2,True,c01,205,210,tsne,42
Teacher,143,-22.20777702331543,-13.06166934967041,2,2,True,a01,549,554,tsne,42
Teacher,144,-20.456998825073242,10.91160774230957,2,2,True,c01,215,220,tsne,42
Teacher,145,-15.25279712677002,7.609746932983398,2,2,True,b01,545,550,tsne,42
Teacher,146,-13.129776000976562,8.819429397583008,2,2,True,b01,568,573,tsne,42
Teacher,147,-10.323202133178711,-16.557283401489258,2,2,True,a01,490,495,tsne,42
Teacher,148,8.108064651489258,13.521574020385742,1,1,True,a01,218,223,tsne,42
Teacher,149,-22.1508731842041,-9.06762981414795,2,2,True,a01,559,564,tsne,42
Teacher,150,-21.8831787109375,-10.104968070983887,2,2,True,a01,556,561,tsne,42
Teacher,151,33.63239669799805,-2.430175542831421,0,0,True,b01,140,145,tsne,42
Teacher,152,10.99172592163086,-1.3446184396743774,1,1,True,c01,138,143,tsne,42
Teacher,153,16.44973373413086,2.7941954135894775,1,1,True,b01,258,263,tsne,42
Teacher,154,-21.3861083984375,6.329868793487549,2,2,True,c02,226,231,tsne,42
Teacher,155,-25.07232666015625,6.995835304260254,2,2,True,c02,218,223,tsne,42
Teacher,156,29.36229133605957,-7.176049709320068,0,0,True,c02,80,85,tsne,42
Teacher,157,-16.679805755615234,11.197318077087402,2,2,True,b01,577,582,tsne,42
Teacher,158,30.75270652770996,-8.916004180908203,0,0,True,c02,77,82,tsne,42
Teacher,159,-21.6138973236084,7.791240215301514,2,2,True,c02,230,235,tsne,42
Teacher,160,-9.42888355255127,-16.554576873779297,2,2,True,a01,489,494,tsne,42
Teacher,161,9.390890121459961,14.330172538757324,1,1,True,a01,214,219,tsne,42
Teacher,162,37.92991638183594,-4.63966178894043,0,0,True,a01,87,92,tsne,42
Teacher,163,37.67036437988281,-5.689519882202148,0,0,True,a01,81,86,tsne,42
Teacher,164,33.83476257324219,-4.058897972106934,0,0,True,b01,137,142,tsne,42
Teacher,165,-13.063576698303223,13.895910263061523,2,2,True,b01,600,605,tsne,42
Teacher,166,37.73398208618164,-1.6703314781188965,0,0,True,a01,96,101,tsne,42
Teacher,167,-13.599776268005371,10.865203857421875,2,2,True,b01,562,567,tsne,42
Teacher,168,-14.981162071228027,10.752546310424805,2,2,True,b01,566,571,tsne,42
Teacher,169,8.346159934997559,14.378475189208984,1,1,True,a01,216,221,tsne,42
Teacher,170,-17.44938087463379,-15.761893272399902,2,2,True,a01,538,543,tsne,42
Teacher,171,33.55879211425781,-3.832345724105835,0,0,True,b01,138,143,tsne,42
Teacher,172,-18.03595542907715,-16.624387741088867,2,2,True,a01,536,541,tsne,42
Teacher,173,-21.3657169342041,-12.51163101196289,2,2,True,a01,553,558,tsne,42
Teacher,174,10.353400230407715,-3.5207200050354004,1,1,True,c01,131,136,tsne,42
Teacher,175,-22.485538482666016,7.737849235534668,2,2,True,c02,229,234,tsne,42
Teacher,176,34.89426803588867,-5.280290603637695,0,0,True,b01,134,139,tsne,42
Teacher,177,14.411030769348145,4.635996341705322,1,1,True,b01,278,283,tsne,42
Teacher,178,-10.492636680603027,9.653915405273438,2,2,True,b01,596,601,tsne,42
Teacher,179,-17.124008178710938,4.754039764404297,2,2,True,b01,537,542,tsne,42
Teacher,180,-14.666104316711426,10.187092781066895,2,2,True,b01,565,570,tsne,42
Teacher,181,10.030289649963379,-3.4041972160339355,1,1,True,c01,132,137,tsne,42
Teacher,182,-17.297094345092773,4.099124908447266,2,2,True,b01,556,561,tsne,42
Teacher,183,-17.48839569091797,-20.195953369140625,2,2,True,a01,524,529,tsne,42
Teacher,184,11.841320991516113,-3.5777437686920166,1,1,True,c01,129,134,tsne,42
Teacher,185,-25.258684158325195,7.987915515899658,2,2,True,c02,217,222,tsne,42
Teacher,186,-16.37499237060547,12.504400253295898,2,2,True,b01,578,583,tsne,42
Teacher,187,-17.4575138092041,11.727422714233398,2,2,True,b01,573,578,tsne,42
Teacher,188,15.475728034973145,4.058987140655518,1,1,True,b01,260,265,tsne,42
Teacher,189,19.68926429748535,-0.04046187922358513,0,1,False,c01,27,32,tsne,42
Teacher,190,31.96010971069336,-9.157064437866211,0,0,True,c02,75,80,tsne,42
Teacher,191,-9.558185577392578,-15.779687881469727,2,2,True,a01,487,492,tsne,42
Teacher,192,-13.173628807067871,8.97067928314209,2,2,True,b01,560,565,tsne,42
Teacher,193,-21.277589797973633,-11.238767623901367,2,2,True,a01,554,559,tsne,42
Teacher,194,-26.156509399414062,7.37560510635376,2,2,True,c02,214,219,tsne,42
Teacher,195,-11.426224708557129,10.58802604675293,2,2,True,b01,597,602,tsne,42
Teacher,196,38.857784271240234,-5.32051944732666,0,0,True,a01,83,88,tsne,42
Teacher,197,16.884033203125,3.3658673763275146,1,1,True,b01,271,276,tsne,42
Teacher,198,-11.467977523803711,12.675680160522461,2,2,True,b01,585,590,tsne,42
Teacher,199,14.014066696166992,2.3567147254943848,1,1,True,b01,281,286,tsne,42
Teacher,200,-10.123093605041504,11.778602600097656,2,2,True,b01,586,591,tsne,42
Teacher,201,7.001993179321289,-0.592242956161499,1,1,True,c01,141,146,tsne,42
Teacher,202,14.449204444885254,3.804966926574707,1,1,True,b01,274,279,tsne,42
Teacher,203,38.76375198364258,-5.796848773956299,0,0,True,a01,85,90,tsne,42
Teacher,204,-18.808685302734375,-13.625377655029297,2,2,True,a01,543,548,tsne,42
Teacher,205,-20.27136993408203,11.566886901855469,2,2,True,c01,214,219,tsne,42
Teacher,206,36.490360260009766,-7.764394760131836,0,0,True,b01,133,138,tsne,42
Teacher,207,-8.660513877868652,8.532452583312988,2,2,True,b01,590,595,tsne,42
Teacher,208,17.225391387939453,3.8461523056030273,1,1,True,b01,268,273,tsne,42
Teacher,209,-20.575111389160156,-16.884296417236328,2,2,True,a01,513,518,tsne,42
Teacher,210,-13.207584381103516,-18.41751480102539,2,2,True,a01,499,504,tsne,42
Teacher,211,-22.047361373901367,13.46033000946045,2,2,True,c01,210,215,tsne,42
Teacher,212,35.965538024902344,-9.213418006896973,0,0,True,b01,116,121,tsne,42
Teacher,213,-21.539676666259766,13.789238929748535,2,2,True,c01,211,216,tsne,42
Teacher,214,29.78729820251465,-7.739564895629883,0,0,True,c02,79,84,tsne,42
Teacher,215,20.36762046813965,-0.3501286506652832,0,0,True,c01,25,30,tsne,42
Teacher,216,-21.36790657043457,6.3650665283203125,2,2,True,c02,227,232,tsne,42
Teacher,217,-20.13237190246582,-15.127182006835938,2,2,True,a01,516,521,tsne,42
Teacher,218,10.260624885559082,-3.3254339694976807,1,1,True,c01,133,138,tsne,42
Teacher,219,-19.61078453063965,-19.163433074951172,2,2,True,a01,510,515,tsne,42
Teacher,220,-17.862058639526367,-15.986669540405273,2,2,True,a01,539,544,tsne,42
Teacher,221,-17.155454635620117,5.330386638641357,2,2,True,b01,536,541,tsne,42
Teacher,222,-19.535825729370117,-16.147932052612305,2,2,True,a01,517,522,tsne,42
Teacher,223,-24.36036491394043,6.231039047241211,2,2,True,c02,220,225,tsne,42
Teacher,224,-22.138530731201172,-8.951526641845703,2,1,False,a01,560,565,tsne,42
Teacher,225,-14.734274864196777,-16.109312057495117,2,2,True,a01,505,510,tsne,42
Teacher,226,-15.20997142791748,5.644837856292725,2,2,True,b01,550,555,tsne,42
Teacher,227,8.72133731842041,14.437051773071289,1,1,True,a01,215,220,tsne,42
Teacher,228,-18.28237533569336,-14.777281761169434,2,2,True,a01,541,546,tsne,42
Teacher,229,16.321514129638672,4.470973014831543,1,1,True,b01,266,271,tsne,42
Teacher,230,-17.605695724487305,-18.79701805114746,2,2,True,a01,529,534,tsne,42
Teacher,231,-15.936806678771973,10.636652946472168,2,2,True,b01,581,586,tsne,42
Teacher,232,36.514278411865234,-9.170666694641113,0,0,True,b01,115,120,tsne,42
Teacher,233,-23.019241333007812,12.075003623962402,2,2,True,c01,208,213,tsne,42
Teacher,234,28.96062469482422,-7.048486709594727,0,0,True,c02,81,86,tsne,42
Teacher,235,-12.995306968688965,1.1294928789138794,2,2,True,c02,211,216,tsne,42
Teacher,236,7.871168613433838,14.137619972229004,1,1,True,a01,217,222,tsne,42
Teacher,237,37.66151428222656,-2.6991965770721436,0,0,True,a01,97,102,tsne,42
Teacher,238,32.61153793334961,-6.621762752532959,0,0,True,c02,67,72,tsne,42
Teacher,239,-22.011476516723633,-9.212745666503906,2,2,True,a01,558,563,tsne,42
Teacher,240,11.20718765258789,-2.525585412979126,1,1,True,c01,135,140,tsne,42
Teacher,241,34.31803512573242,-4.573213577270508,0,0,True,b01,136,141,tsne,42
Teacher,242,-18.215654373168945,-16.057252883911133,2,2,True,a01,537,542,tsne,42
Teacher,243,19.7669677734375,-0.07641083747148514,0,1,False,c01,26,31,tsne,42
Teacher,244,-15.154179573059082,7.83650541305542,2,2,True,b01,549,554,tsne,42
Teacher,245,-23.162723541259766,11.046774864196777,2,2,True,c01,207,212,tsne,42
Teacher,246,-13.205141067504883,9.925914764404297,2,2,True,b01,561,566,tsne,42
Teacher,247,36.59461975097656,-1.7485181093215942,0,0,True,a01,102,107,tsne,42
Teacher,248,-20.173656463623047,-17.55126190185547,2,2,True,a01,512,517,tsne,42
Teacher,249,19.523868560791016,0.04679533466696739,0,1,False,c01,28,33,tsne,42
Teacher,250,-22.189189910888672,7.583036422729492,2,2,True,c02,228,233,tsne,42
Teacher,251,-16.784879684448242,7.6227874755859375,2,2,True,b01,551,556,tsne,42
Teacher,252,-8.283491134643555,7.770692825317383,2,2,True,b01,589,594,tsne,42
Teacher,253,-18.292665481567383,-17.11380386352539,2,2,True,a01,535,540,tsne,42
Teacher,254,-12.81558609008789,-18.275075912475586,2,2,True,a01,497,502,tsne,42
Teacher,255,30.074899673461914,-8.44017219543457,0,0,True,c02,78,83,tsne,42
Teacher,256,-12.597926139831543,11.878968238830566,2,2,True,b01,603,608,tsne,42
Teacher,257,-14.945545196533203,6.354691028594971,2,2,True,b01,548,553,tsne,42
Teacher,258,-16.33078956604004,-18.112314224243164,2,2,True,a01,532,537,tsne,42
Teacher,259,11.72120475769043,-2.0248286724090576,1,1,True,c01,136,141,tsne,42
Teacher,260,-19.747102737426758,-18.46384048461914,2,2,True,a01,511,516,tsne,42
Teacher,261,35.67609786987305,-11.075918197631836,0,0,True,b01,120,125,tsne,42
Teacher,262,9.493510246276855,11.954696655273438,1,1,True,a01,209,214,tsne,42
Teacher,263,8.061982154846191,12.157814025878906,1,1,True,a01,220,225,tsne,42
Teacher,264,-15.040261268615723,5.2389936447143555,2,2,True,b01,544,549,tsne,42
Teacher,265,9.869542121887207,11.616070747375488,1,1,True,a01,204,209,tsne,42
Teacher,266,-12.801746368408203,-14.566544532775879,2,2,True,a01,484,489,tsne,42
Teacher,267,-15.309135437011719,-16.337215423583984,2,2,True,a01,506,511,tsne,42
Teacher,268,11.313811302185059,3.059904098510742,1,1,True,b01,286,291,tsne,42
Teacher,269,15.611127853393555,4.841244697570801,1,1,True,b01,264,269,tsne,42
Teacher,270,33.174217224121094,-3.7153844833374023,0,0,True,b01,139,144,tsne,42
Teacher,271,-24.013935089111328,5.762092113494873,2,2,True,c02,221,226,tsne,42
Teacher,272,34.31151580810547,-7.433976173400879,0,0,True,b01,111,116,tsne,42
Teacher,273,7.174274921417236,-1.7730398178100586,1,1,True,c01,146,151,tsne,42
Teacher,274,-12.90811538696289,7.6281328201293945,2,2,True,b01,567,572,tsne,42
Teacher,275,-19.689899444580078,-15.771805763244629,2,2,True,a01,518,523,tsne,42
Teacher,276,-17.957603454589844,4.758131980895996,2,2,True,b01,555,560,tsne,42
Teacher,277,37.5997314453125,-8.429401397705078,0,0,True,b01,130,135,tsne,42
Teacher,278,-21.684886932373047,5.460705280303955,2,2,True,c02,224,229,tsne,42
Teacher,279,38.67659378051758,-3.728351354598999,0,0,True,a01,89,94,tsne,42
Teacher,280,36.78309631347656,-10.509350776672363,0,0,True,b01,118,123,tsne,42
Teacher,281,-17.001529693603516,-19.424802780151367,2,2,True,a01,528,533,tsne,42
Teacher,282,11.879855155944824,2.7684295177459717,1,1,True,b01,284,289,tsne,42
Teacher,283,-17.375730514526367,-19.450218200683594,2,2,True,a01,526,531,tsne,42
Teacher,284,-15.575373649597168,3.5261309146881104,2,2,True,b01,535,540,tsne,42
Teacher,285,-17.06308937072754,12.443910598754883,2,2,True,b01,576,581,tsne,42
Teacher,286,28.767972946166992,-7.63371467590332,0,0,True,c02,83,88,tsne,42
Teacher,287,-13.435880661010742,10.643580436706543,2,2,True,b01,563,568,tsne,42
Teacher,288,-14.905378341674805,11.176170349121094,2,2,True,b01,564,569,tsne,42
Teacher,289,7.955790042877197,-1.9604345560073853,1,1,True,c01,147,152,tsne,42
Teacher,290,-17.966840744018555,-17.95881462097168,2,2,True,a01,534,539,tsne,42
Teacher,291,-12.861884117126465,-18.930307388305664,2,2,True,a01,498,503,tsne,42
Teacher,292,38.06425476074219,-5.756646633148193,0,0,True,a01,82,87,tsne,42
Teacher,293,36.18689727783203,-9.099663734436035,0,0,True,b01,114,119,tsne,42
Teacher,294,16.018552780151367,1.8047147989273071,1,1,True,b01,256,261,tsne,42
Teacher,295,-16.015518188476562,4.285290718078613,2,2,True,b01,539,544,tsne,42
Teacher,296,13.493099212646484,4.072258949279785,1,1,True,b01,277,282,tsne,42
Teacher,297,9.415660858154297,10.985750198364258,1,1,True,a01,210,215,tsne,42
Teacher,298,-17.805789947509766,-14.959868431091309,2,2,True,a01,540,545,tsne,42
Teacher,299,32.4098014831543,-9.227618217468262,0,0,True,c02,73,78,tsne,42
Teacher,300,-17.568235397338867,13.040605545043945,2,2,True,b01,575,580,tsne,42
Teacher,301,-10.707507133483887,-16.70772933959961,2,2,True,a01,492,497,tsne,42
Teacher,302,32.669944763183594,-8.151891708374023,0,0,True,c02,71,76,tsne,42
Teacher,303,-12.914878845214844,-16.71448516845703,2,2,True,a01,494,499,tsne,42
Teacher,304,9.33618450164795,12.666348457336426,1,1,True,a01,205,210,tsne,42
Teacher,305,-16.23643684387207,-20.022018432617188,2,2,True,a01,520,525,tsne,42
Teacher,306,-14.723655700683594,13.790851593017578,2,2,True,b01,602,607,tsne,42
Teacher,307,-13.93602466583252,11.775272369384766,2,2,True,b01,607,612,tsne,42
Teacher,308,34.95816421508789,-6.589520454406738,0,0,True,b01,125,130,tsne,42
Teacher,309,-8.747320175170898,8.753250122070312,2,2,True,b01,594,599,tsne,42
Teacher,310,-20.614423751831055,13.75554370880127,2,2,True,c01,213,218,tsne,42
Teacher,311,13.937702178955078,2.7142555713653564,1,1,True,b01,280,285,tsne,42
Teacher,312,-13.003478050231934,12.664730072021484,2,2,True,b01,604,609,tsne,42
Teacher,313,-8.850791931152344,9.7967529296875,2,2,True,b01,587,592,tsne,42
Teacher,314,-8.21839427947998,9.05260181427002,2,1,False,b01,591,596,tsne,42
Teacher,315,32.67915344238281,-6.818414211273193,0,0,True,c02,68,73,tsne,42
Teacher,316,15.359342575073242,3.178387403488159,1,1,True,b01,272,277,tsne,42
Teacher,317,-17.979618072509766,-14.036808013916016,2,2,True,a01,542,547,tsne,42
Teacher,318,32.29541778564453,-9.606475830078125,0,0,True,c02,74,79,tsne,42
Teacher,319,35.09192657470703,-6.491310119628906,0,0,True,b01,126,131,tsne,42
Teacher,320,16.66189193725586,4.859744071960449,1,1,True,b01,265,270,tsne,42
Teacher,321,10.844893455505371,-3.8517086505889893,1,1,True,c01,130,135,tsne,42
Teacher,322,-13.64552116394043,6.550445556640625,2,2,True,b01,559,564,tsne,42
Teacher,323,11.945615768432617,-3.374770402908325,1,1,True,c01,128,133,tsne,42
Teacher,324,34.13997268676758,-9.288511276245117,0,0,True,b01,123,128,tsne,42
Teacher,325,-12.813380241394043,12.20547103881836,2,2,True,b01,601,606,tsne,42
Teacher,326,-20.411006927490234,-13.230052947998047,2,2,True,a01,545,550,tsne,42
Teacher,327,16.703170776367188,3.9811298847198486,1,1,True,b01,269,274,tsne,42
Teacher,328,-25.45769691467285,8.064906120300293,2,2,True,c02,216,221,tsne,42
Teacher,329,-18.57490348815918,-18.37466049194336,2,2,True,a01,522,527,tsne,42
Teacher,330,-18.76639175415039,-19.571863174438477,2,2,True,a01,508,513,tsne,42
Teacher,331,39.08405303955078,-2.7258598804473877,0,0,True,a01,90,95,tsne,42
Teacher,332,-12.843650817871094,-15.550939559936523,2,2,True,a01,503,508,tsne,42
Teacher,333,-13.908092498779297,-12.888141632080078,2,2,True,a01,482,487,tsne,42
Teacher,334,-9.253114700317383,9.124173164367676,2,2,True,b01,595,600,tsne,42
Teacher,335,36.32521438598633,-2.6675548553466797,0,0,True,a01,98,103,tsne,42
Teacher,336,10.569194793701172,13.911524772644043,1,1,True,a01,196,201,tsne,42
Teacher,337,-15.58949089050293,-16.64982795715332,2,2,True,a01,507,512,tsne,42
Teacher,338,-17.778133392333984,-19.521678924560547,2,2,True,a01,525,530,tsne,42
Teacher,339,-8.496706008911133,7.7637619972229,2,2,True,b01,588,593,tsne,42
Teacher,340,-14.18625259399414,12.543099403381348,2,2,True,b01,608,613,tsne,42
Teacher,341,10.882518768310547,13.43077278137207,1,1,True,a01,197,202,tsne,42
Teacher,342,9.922525405883789,13.778861999511719,1,1,True,a01,212,217,tsne,42
Teacher,343,33.41519546508789,-2.520810604095459,0,0,True,b01,141,146,tsne,42
Teacher,344,-24.973833084106445,6.780163288116455,2,2,True,c02,219,224,tsne,42
Teacher,345,6.621336936950684,-0.8416422009468079,1,1,True,c01,142,147,tsne,42
Teacher,346,35.9970817565918,-2.7937796115875244,0,0,True,a01,100,105,tsne,42
Teacher,347,-11.231791496276855,13.013772010803223,2,2,True,b01,583,588,tsne,42
Teacher,348,-20.499744415283203,-12.216121673583984,2,2,True,a01,546,551,tsne,42
Teacher,349,-22.07788848876953,-9.619022369384766,2,2,True,a01,557,562,tsne,42
Teacher,350,6.507928848266602,-1.3517175912857056,1,1,True,c01,145,150,tsne,42
Teacher,351,-16.836278915405273,-18.46981430053711,2,2,True,a01,530,535,tsne,42
Teacher,352,-15.306167602539062,6.73499059677124,2,2,True,b01,547,552,tsne,42
Teacher,353,36.496952056884766,-10.408761978149414,0,0,True,b01,117,122,tsne,42
Teacher,354,38.216312408447266,-4.026859283447266,0,0,True,a01,88,93,tsne,42
Teacher,355,-21.83816146850586,-12.297040939331055,2,2,True,a01,552,557,tsne,42
Student,0,-12.095348358154297,-1.7974385023117065,2,2,True,c02,208,213,tsne,42
Student,1,-5.770220756530762,-14.77735710144043,2,2,True,a01,496,501,tsne,42
Student,2,-22.073410034179688,-0.936335563659668,2,2,True,b01,558,563,tsne,42
Student,3,16.069164276123047,8.018285751342773,1,1,True,c01,127,132,tsne,42
Student,4,-6.82293176651001,-10.62916374206543,2,2,True,a01,521,526,tsne,42
Student,5,-13.130863189697266,-2.0171382427215576,2,2,True,c02,210,215,tsne,42
Student,6,26.865127563476562,-6.60908842086792,0,0,True,c02,69,74,tsne,42
Student,7,-10.285459518432617,-9.975119590759277,2,2,True,a01,504,509,tsne,42
Student,8,-24.55787467956543,3.87432861328125,2,2,True,b01,598,603,tsne,42
Student,9,24.081335067749023,-1.407892107963562,0,1,False,c02,84,89,tsne,42
Student,10,-7.072457313537598,-2.470259428024292,2,2,True,a01,555,560,tsne,42
Student,11,-19.215333938598633,-2.109534740447998,2,2,True,b01,553,558,tsne,42
Student,12,-13.008816719055176,1.6237561702728271,2,2,True,c02,231,236,tsne,42
Student,13,-4.933815956115723,-16.40423011779785,2,2,True,a01,500,505,tsne,42
Student,14,14.439157485961914,12.45857048034668,1,1,True,c01,144,149,tsne,42
Student,15,-20.861238479614258,4.9649834632873535,2,2,True,b01,582,587,tsne,42
Student,16,-20.86107063293457,-3.6908016204833984,2,2,True,b01,541,546,tsne,42
Student,17,35.19173049926758,-4.264403820037842,0,0,True,a01,99,104,tsne,42
Student,18,36.109806060791016,-3.161069631576538,0,0,True,a01,95,100,tsne,42
Student,19,6.3246378898620605,19.856136322021484,1,1,True,b01,263,268,tsne,42
Student,20,-21.87099838256836,-2.4909424781799316,2,2,True,b01,538,543,tsne,42
Student,21,7.4885029792785645,18.284378051757812,1,1,True,b01,285,290,tsne,42
Student,22,-13.9017333984375,-9.076607704162598,2,2,True,a01,486,491,tsne,42
Student,23,-16.18985939025879,6.318045616149902,2,2,True,c01,206,211,tsne,42
Student,24,10.162193298339844,17.732582092285156,1,1,True,a01,201,206,tsne,42
Student,25,-21.502639770507812,-3.455076217651367,2,2,True,b01,542,547,tsne,42
Student,26,31.102285385131836,-6.163021087646484,0,0,True,b01,119,124,tsne,42
Student,27,-22.175655364990234,3.855407476425171,2,2,True,b01,579,584,tsne,42
Student,28,-23.609115600585938,4.6157002449035645,2,2,True,b01,606,611,tsne,42
Student,29,9.91752815246582,17.672107696533203,1,1,True,a01,200,205,tsne,42
Student,30,-11.82750129699707,-1.6183302402496338,2,2,True,c02,207,212,tsne,42
Student,31,-23.81565284729004,9.625190734863281,2,2,True,b01,593,598,tsne,42
Student,32,10.824254035949707,15.782474517822266,1,1,True,a01,211,216,tsne,42
Student,33,-13.760009765625,-10.138046264648438,2,2,True,a01,483,488,tsne,42
Student,34,28.95999526977539,-6.127272605895996,0,0,True,b01,113,118,tsne,42
Student,35,-20.56118392944336,-1.2848297357559204,2,2,True,b01,552,557,tsne,42
Student,36,-13.980412483215332,-9.320839881896973,2,2,True,a01,485,490,tsne,42
Student,37,-13.630942344665527,-10.680383682250977,2,2,True,a01,481,486,tsne,42
Student,38,14.499571800231934,12.63614559173584,1,1,True,c01,143,148,tsne,42
Student,39,-21.770851135253906,1.3003426790237427,2,2,True,b01,557,562,tsne,42
Student,40,29.75295639038086,-3.5324034690856934,0,0,True,b01,128,133,tsne,42
Student,41,8.112412452697754,20.433109283447266,1,1,True,b01,279,284,tsne,42
Student,42,35.17644500732422,-2.8459560871124268,0,0,True,a01,103,108,tsne,42
Student,43,28.228107452392578,-3.5028672218322754,0,0,True,b01,129,134,tsne,42
Student,44,-10.185952186584473,-12.924141883850098,2,2,True,a01,514,519,tsne,42
Student,45,5.98236608505249,20.05695915222168,1,1,True,b01,262,267,tsne,42
Student,46,27.11581039428711,-5.443198204040527,0,0,True,c02,72,77,tsne,42
Student,47,35.828277587890625,-2.6599280834198,0,0,True,a01,94,99,tsne,42
Student,48,-8.7560396194458,-12.101241111755371,2,2,True,a01,515,520,tsne,42
Student,49,-21.42110824584961,-3.051466941833496,2,2,True,b01,543,548,tsne,42
Student,50,-10.081817626953125,-16.022058486938477,2,2,True,a01,551,556,tsne,42
Student,51,-4.791476249694824,-16.511091232299805,2,2,True,a01,501,506,tsne,42
Student,52,-24.488882064819336,9.73495864868164,2,2,True,b01,592,597,tsne,42
Student,53,11.179277420043945,11.498745918273926,1,1,True,c02,107,112,tsne,42
Student,54,28.105972290039062,-6.241372585296631,0,0,True,b01,112,117,tsne,42
Student,55,-11.160985946655273,-7.136886119842529,2,2,True,a01,491,496,tsne,42
Student,56,14.033552169799805,10.708672523498535,1,1,True,c01,140,145,tsne,42
Student,57,16.218503952026367,7.786097049713135,1,1,True,c01,126,131,tsne,42
Student,58,-21.265764236450195,1.9517260789871216,2,2,True,b01,572,577,tsne,42
Student,59,5.869713306427002,20.88541030883789,1,1,True,b01,267,272,tsne,42
Student,60,14.322967529296875,9.693231582641602,1,1,True,c01,139,144,tsne,42
Student,61,34.649749755859375,-5.567124366760254,0,0,True,a01,86,91,tsne,42
Student,62,-13.610379219055176,3.9247779846191406,2,2,True,c02,222,227,tsne,42
Student,63,12.162490844726562,14.037491798400879,1,1,True,a01,219,224,tsne,42
Student,64,-17.188016891479492,2.811887264251709,2,2,True,c02,215,220,tsne,42
Student,65,30.35023307800293,-5.838515281677246,0,0,True,b01,121,126,tsne,42
Student,66,-13.038972854614258,-6.3869147300720215,2,2,True,a01,488,493,tsne,42
Student,67,-4.834092140197754,-12.020101547241211,2,2,True,a01,527,532,tsne,42
Student,68,-13.457470893859863,-1.6307268142700195,2,2,True,c02,212,217,tsne,42
Student,69,4.5617780685424805,20.126352310180664,1,1,True,b01,259,264,tsne,42
Student,70,-21.47952651977539,2.0969269275665283,2,2,True,b01,574,579,tsne,42
Student,71,-20.293088912963867,0.8224427700042725,2,2,True,b01,546,551,tsne,42
Student,72,-9.82734489440918,-15.408371925354004,2,2,True,a01,547,552,tsne,42
Student,73,10.273802757263184,17.27585220336914,1,1,True,a01,202,207,tsne,42
Student,74,-23.695228576660156,6.823650360107422,2,2,True,b01,571,576,tsne,42
Student,75,-9.694232940673828,-15.55018424987793,2,2,True,a01,548,553,tsne,42
Student,76,17.017131805419922,6.6871562004089355,1,1,True,c01,124,129,tsne,42
Student,77,-5.463052749633789,-10.348414421081543,2,2,True,a01,509,514,tsne,42
Student,78,11.339444160461426,16.2796573638916,1,1,True,a01,213,218,tsne,42
Student,79,5.831718921661377,23.851240158081055,1,2,False,b01,282,287,tsne,42
Student,80,29.43736457824707,-2.830162763595581,0,0,True,b01,132,137,tsne,42
Student,81,27.39876937866211,-5.669375419616699,0,0,True,c02,70,75,tsne,42
Student,82,-16.276485443115234,9.366721153259277,2,2,True,c01,212,217,tsne,42
Student,83,-12.668700218200684,3.3318092823028564,2,2,True,c02,223,228,tsne,42
Student,84,-15.098820686340332,8.199140548706055,2,2,True,c01,209,214,tsne,42
Student,85,10.109286308288574,16.69244384765625,1,1,True,a01,203,208,tsne,42
Student,86,-5.13404655456543,-11.739490509033203,2,2,True,a01,523,528,tsne,42
Student,87,10.254447937011719,14.827921867370605,1,1,True,a01,208,213,tsne,42
Student,88,10.89027214050293,14.441448211669922,1,1,True,a01,207,212,tsne,42
Student,89,-19.67060089111328,-3.4190399646759033,2,2,True,b01,533,538,tsne,42
Student,90,16.65291404724121,6.92606258392334,1,1,True,c01,125,130,tsne,42
Student,91,28.77240753173828,-4.122686862945557,0,0,True,b01,127,132,tsne,42
Student,92,10.732086181640625,17.87235450744629,1,1,True,a01,198,203,tsne,42
Student,93,36.97571563720703,-2.3454573154449463,0,0,True,a01,91,96,tsne,42
Student,94,-11.865982055664062,-11.126254081726074,2,2,True,a01,502,507,tsne,42
Student,95,-12.833659172058105,-2.1898155212402344,2,2,True,c02,209,214,tsne,42
Student,96,25.75516700744629,-6.120733261108398,0,0,True,c02,76,81,tsne,42
Student,97,-8.140046119689941,-9.982442855834961,2,2,True,a01,493,498,tsne,42
Student,98,-5.179867744445801,-13.622342109680176,2,2,True,a01,533,538,tsne,42
Student,99,36.35417556762695,-2.4465689659118652,0,0,True,a01,92,97,tsne,42
Student,100,30.601484298706055,-1.1951823234558105,0,0,True,b01,135,140,tsne,42
Student,101,-12.028141021728516,2.9820847511291504,2,2,True,c02,225,230,tsne,42
Student,102,36.3399658203125,-2.7774956226348877,0,0,True,a01,93,98,tsne,42
Student,103,10.403231620788574,18.09524917602539,1,1,True,a01,199,204,tsne,42
Student,104,30.414566040039062,-5.008286476135254,0,0,True,b01,122,127,tsne,42
Student,105,-7.747393608093262,-12.253227233886719,2,2,True,a01,495,500,tsne,42
Student,106,15.10230827331543,6.838306427001953,1,1,True,c01,134,139,tsne,42
Student,107,-23.482845306396484,7.438451290130615,2,2,True,b01,570,575,tsne,42
Student,108,-21.508441925048828,5.879721641540527,2,2,True,b01,584,589,tsne,42
Student,109,-20.198760986328125,-2.9059858322143555,2,2,True,b01,534,539,tsne,42
Student,110,7.675172805786133,22.443771362304688,1,1,True,b01,276,281,tsne,42
Student,111,-22.546279907226562,-2.781106472015381,2,2,True,b01,540,545,tsne,42
Student,112,-21.248090744018555,4.569664001464844,2,2,True,b01,580,585,tsne,42
Student,113,-20.742525100708008,-1.3025482892990112,2,2,True,b01,554,559,tsne,42
Student,114,31.75646209716797,-2.071729898452759,0,0,True,b01,142,147,tsne,42
Student,115,35.32733154296875,-5.481048583984375,0,0,True,a01,84,89,tsne,42
Student,116,-11.018736839294434,-14.208416938781738,2,2,True,a01,544,549,tsne,42
Student,117,14.741415023803711,7.92224645614624,1,1,True,c01,137,142,tsne,42
Student,118,7.5121331214904785,21.746456146240234,1,1,True,b01,275,280,tsne,42
Student,119,-23.91155433654785,4.957971096038818,2,2,True,b01,605,610,tsne,42
Student,120,31.66136360168457,-1.7900687456130981,0,0,True,b01,143,148,tsne,42
Student,121,35.226715087890625,-3.872617244720459,0,0,True,a01,101,106,tsne,42
Student,122,13.30693244934082,11.449613571166992,1,1,True,c01,148,153,tsne,42
Student,123,7.303130626678467,21.420202255249023,1,1,True,b01,273,278,tsne,42
Student,124,-10.29557991027832,-15.753881454467773,2,2,True,a01,550,555,tsne,42
Student,125,3.925778865814209,19.965211868286133,1,1,True,b01,257,262,tsne,42
Student,126,11.057416915893555,14.84083366394043,1,1,True,a01,206,211,tsne,42
Student,127,5.316393852233887,23.686119079589844,1,1,True,b01,283,288,tsne,42
Student,128,-14.730934143066406,1.4022045135498047,2,2,True,c02,233,238,tsne,42
Student,129,-23.156230926513672,7.552579879760742,2,2,True,b01,569,574,tsne,42
Student,130,-16.464061737060547,0.9353874325752258,2,2,True,c02,213,218,tsne,42
Student,131,12.80275821685791,11.447381019592285,1,1,True,c01,149,154,tsne,42
Student,132,24.072710037231445,-1.4765303134918213,0,1,False,c02,82,87,tsne,42
Student,133,-25.34808349609375,3.2864878177642822,2,2,True,b01,599,604,tsne,42
Student,134,30.004928588867188,-3.8964149951934814,0,0,True,b01,124,129,tsne,42
Student,135,-4.700349807739258,-13.074236869812012,2,2,True,a01,531,536,tsne,42
Student,136,-16.52736473083496,6.8039231300354,2,2,True,c01,216,221,tsne,42
Student,137,-7.556953430175781,-10.70819091796875,2,2,True,a01,519,524,tsne,42
Student,138,5.847908020019531,22.5447940826416,1,1,True,b01,270,275,tsne,42
Student,139,28.223703384399414,-2.3809690475463867,0,0,True,b01,131,136,tsne,42
Student,140,5.703725337982178,20.160778045654297,1,1,True,b01,261,266,tsne,42
Student,141,-14.382124900817871,1.4744200706481934,2,2,True,c02,232,237,tsne,42
Student,142,-16.13851547241211,6.348705768585205,2,2,True,c01,205,210,tsne,42
Student,143,-9.454489707946777,-15.609317779541016,2,2,True,a01,549,554,tsne,42
Student,144,-17.839447021484375,7.408579349517822,2,2,True,c01,215,220,tsne,42
Student,145,-18.738109588623047,-0.782434344291687,2,2,True,b01,545,550,tsne,42
Student,146,-22.558320999145508,7.317262172698975,2,2,True,b01,568,573,tsne,42
Student,147,-11.863512992858887,-6.653645038604736,2,2,True,a01,490,495,tsne,42
Student,148,12.456515312194824,14.289209365844727,1,1,True,a01,218,223,tsne,42
Student,149,-6.833754539489746,-0.8656421303749084,2,2,True,a01,559,564,tsne,42
Student,150,-6.999415397644043,-2.0423238277435303,2,2,True,a01,556,561,tsne,42
Student,151,31.485280990600586,-2.930943727493286,0,0,True,b01,140,145,tsne,42
Student,152,14.655648231506348,8.227258682250977,1,1,True,c01,138,143,tsne,42
Student,153,4.0515666007995605,20.041601181030273,1,1,True,b01,258,263,tsne,42
Student,154,-12.099413871765137,2.4524238109588623,2,2,True,c02,226,231,tsne,42
Student,155,-16.387855529785156,3.4416344165802,2,2,True,c02,218,223,tsne,42
Student,156,23.85791778564453,-1.8291940689086914,0,1,False,c02,80,85,tsne,42
Student,157,-23.012582778930664,3.595578670501709,2,2,True,b01,577,582,tsne,42
Student,158,25.4650821685791,-4.422737121582031,0,0,True,c02,77,82,tsne,42
Student,159,-12.792717933654785,1.5487276315689087,2,2,True,c02,230,235,tsne,42
Student,160,-12.237404823303223,-6.36076545715332,2,2,True,a01,489,494,tsne,42
Student,161,11.661334037780762,16.152463912963867,1,1,True,a01,214,219,tsne,42
Student,162,34.0064811706543,-5.427182197570801,0,0,True,a01,87,92,tsne,42
Student,163,34.7302131652832,-5.041666507720947,0,0,True,a01,81,86,tsne,42
Student,164,29.42098045349121,-1.7390953302383423,0,0,True,b01,137,142,tsne,42
Student,165,-25.668434143066406,3.937093496322632,2,2,True,b01,600,605,tsne,42
Student,166,35.276710510253906,-3.1535067558288574,0,0,True,a01,96,101,tsne,42
Student,167,-24.174907684326172,1.0753511190414429,2,2,True,b01,562,567,tsne,42
Student,168,-21.634674072265625,3.7332956790924072,2,2,True,b01,566,571,tsne,42
Student,169,12.207422256469727,15.10435676574707,1,1,True,a01,216,221,tsne,42
Student,170,-7.494126319885254,-14.132672309875488,2,2,True,a01,538,543,tsne,42
Student,171,29.18952178955078,-1.6980514526367188,0,0,True,b01,138,143,tsne,42
Student,172,-6.824407577514648,-13.14665412902832,2,2,True,a01,536,541,tsne,42
Student,173,-10.909539222717285,-16.029998779296875,2,2,True,a01,553,558,tsne,42
Student,174,15.862452507019043,6.682554244995117,1,1,True,c01,131,136,tsne,42
Student,175,-12.503279685974121,1.384215235710144,2,2,True,c02,229,234,tsne,42
Student,176,31.023948669433594,-1.9633164405822754,0,0,True,b01,134,139,tsne,42
Student,177,7.894810199737549,20.929807662963867,1,1,True,b01,278,283,tsne,42
Student,178,-24.855693817138672,7.928577423095703,2,2,True,b01,596,601,tsne,42
Student,179,-19.810302734375,-2.9553682804107666,2,2,True,b01,537,542,tsne,42
Student,180,-20.74323272705078,3.597033977508545,2,2,True,b01,565,570,tsne,42
Student,181,15.551594734191895,6.477783679962158,1,1,True,c01,132,137,tsne,42
Student,182,-21.51015853881836,-1.1286031007766724,2,2,True,b01,556,561,tsne,42
Student,183,-5.479795455932617,-12.505903244018555,2,2,True,a01,524,529,tsne,42
Student,184,15.524628639221191,7.954571723937988,1,1,True,c01,129,134,tsne,42
Student,185,-17.10667610168457,2.938568353652954,2,2,True,c02,217,222,tsne,42
Student,186,-20.758323669433594,3.2634949684143066,2,2,True,b01,578,583,tsne,42
Student,187,-21.57378578186035,2.468438148498535,2,2,True,b01,573,578,tsne,42
Student,188,4.729936599731445,19.76223373413086,1,1,True,b01,260,265,tsne,42
Student,189,35.18711471557617,0.9016073346138,0,0,True,c01,27,32,tsne,42
Student,190,26.078411102294922,-5.823610782623291,0,0,True,c02,75,80,tsne,42
Student,191,-13.153175354003906,-6.44094181060791,2,2,True,a01,487,492,tsne,42
Student,192,-24.31291961669922,1.3064422607421875,2,2,True,b01,560,565,tsne,42
Student,193,-7.144311428070068,-2.947401523590088,2,2,True,a01,554,559,tsne,42
Student,194,-16.548999786376953,1.0089764595031738,2,2,True,c02,214,219,tsne,42
Student,195,-25.155269622802734,6.50623083114624,2,2,True,b01,597,602,tsne,42
Student,196,35.54574203491211,-5.84377384185791,0,0,True,a01,83,88,tsne,42
Student,197,6.250551223754883,22.04571533203125,1,1,True,b01,271,276,tsne,42
Student,198,-22.19440269470215,5.671573162078857,2,2,True,b01,585,590,tsne,42
Student,199,5.7863640785217285,23.995882034301758,1,1,True,b01,281,286,tsne,42
Student,200,-21.253273010253906,6.45220947265625,2,2,True,b01,586,591,tsne,42
Student,201,13.46933364868164,12.700499534606934,1,1,True,c01,141,146,tsne,42
Student,202,7.245126247406006,22.197132110595703,1,1,True,b01,274,279,tsne,42
Student,203,34.938663482666016,-6.012834548950195,0,0,True,a01,85,90,tsne,42
Student,204,-10.252968788146973,-14.089085578918457,2,2,True,a01,543,548,tsne,42
Student,205,-18.0654296875,7.538990020751953,2,2,True,c01,214,219,tsne,42
Student,206,30.121891021728516,-2.4440033435821533,0,0,True,b01,133,138,tsne,42
Student,207,-24.22962188720703,10.004119873046875,2,2,True,b01,590,595,tsne,42
Student,208,5.48334264755249,21.614320755004883,1,1,True,b01,268,273,tsne,42
Student,209,-5.655562877655029,-8.436068534851074,2,2,True,a01,513,518,tsne,42
Student,210,-5.634152412414551,-16.184267044067383,2,2,True,a01,499,504,tsne,42
Student,211,-15.294159889221191,8.894498825073242,2,2,True,c01,210,215,tsne,42
Student,212,29.68587875366211,-5.479572296142578,0,0,True,b01,116,121,tsne,42
Student,213,-15.622204780578613,9.072338104248047,2,2,True,c01,211,216,tsne,42
Student,214,24.4632625579834,-2.6542749404907227,0,0,True,c02,79,84,tsne,42
Student,215,34.97969436645508,-0.8464887738227844,0,0,True,c01,25,30,tsne,42
Student,216,-12.146261215209961,2.293785333633423,2,2,True,c02,227,232,tsne,42
Student,217,-8.400568008422852,-11.925048828125,2,2,True,a01,516,521,tsne,42
Student,218,15.47978401184082,6.853332996368408,1,1,True,c01,133,138,tsne,42
Student,219,-6.298978328704834,-8.857053756713867,2,2,True,a01,510,515,tsne,42
Student,220,-7.696672439575195,-14.098121643066406,2,2,True,a01,539,544,tsne,42
Student,221,-19.1050968170166,-2.554401159286499,2,2,True,b01,536,541,tsne,42
Student,222,-7.047998428344727,-12.41558837890625,2,2,True,a01,517,522,tsne,42
Student,223,-14.292889595031738,3.9640376567840576,2,2,True,c02,220,225,tsne,42
Student,224,-6.8174614906311035,-0.7517287135124207,2,2,True,a01,560,565,tsne,42
Student,225,-9.446396827697754,-9.328583717346191,2,2,True,a01,505,510,tsne,42
Student,226,-20.803739547729492,-1.9711681604385376,2,2,True,b01,550,555,tsne,42
Student,227,12.068347930908203,15.402849197387695,1,1,True,a01,215,220,tsne,42
Student,228,-8.378530502319336,-13.927252769470215,2,2,True,a01,541,546,tsne,42
Student,229,6.403448104858398,20.658586502075195,1,1,True,b01,266,271,tsne,42
Student,230,-4.315151214599609,-12.531197547912598,2,2,True,a01,529,534,tsne,42
Student,231,-22.403602600097656,4.045322418212891,2,2,True,b01,581,586,tsne,42
Student,232,29.48711395263672,-6.702019214630127,0,0,True,b01,115,120,tsne,42
Student,233,-15.223613739013672,7.825912952423096,2,2,True,c01,208,213,tsne,42
Student,234,23.963397979736328,-1.8891277313232422,0,0,True,c02,81,86,tsne,42
Student,235,-13.51539421081543,-1.8788366317749023,2,2,True,c02,211,216,tsne,42
Student,236,12.618877410888672,14.571623802185059,1,1,True,a01,217,222,tsne,42
Student,237,35.70853805541992,-3.790048360824585,0,0,True,a01,97,102,tsne,42
Student,238,26.660486221313477,-7.709334373474121,0,0,True,c02,67,72,tsne,42
Student,239,-6.843564987182617,-0.9074109196662903,2,2,True,a01,558,563,tsne,42
Student,240,14.908935546875,7.185480117797852,1,1,True,c01,135,140,tsne,42
Student,241,30.491275787353516,-1.2737960815429688,0,0,True,b01,136,141,tsne,42
Student,242,-7.2887654304504395,-14.010619163513184,2,2,True,a01,537,542,tsne,42
Student,243,35.19192886352539,0.7840019464492798,0,0,True,c01,26,31,tsne,42
Student,244,-18.88648796081543,-1.3825008869171143,2,2,True,b01,549,554,tsne,42
Student,245,-16.22898292541504,6.557250022888184,2,2,True,c01,207,212,tsne,42
Student,246,-24.373937606811523,2.09336256980896,2,2,True,b01,561,566,tsne,42
Student,247,34.62717056274414,-2.8257174491882324,0,0,True,a01,102,107,tsne,42
Student,248,-6.068197727203369,-8.282660484313965,2,2,True,a01,512,517,tsne,42
Student,249,35.17786407470703,1.0560508966445923,0,0,True,c01,28,33,tsne,42
Student,250,-12.067259788513184,1.6287673711776733,2,2,True,c02,228,233,tsne,42
Student,251,-19.785789489746094,-1.4593803882598877,2,2,True,b01,551,556,tsne,42
Student,252,-23.494266510009766,10.29150104522705,2,2,True,b01,589,594,tsne,42
Student,253,-5.975093841552734,-13.551135063171387,2,2,True,a01,535,540,tsne,42
Student,254,-6.02911376953125,-15.658492088317871,2,2,True,a01,497,502,tsne,42
Student,255,25.259241104125977,-4.1375813484191895,0,0,True,c02,78,83,tsne,42
Student,256,-25.239900588989258,4.979908466339111,2,2,True,b01,603,608,tsne,42
Student,257,-20.370132446289062,-0.2942429780960083,2,2,True,b01,548,553,tsne,42
Student,258,-4.31538724899292,-13.755709648132324,2,2,True,a01,532,537,tsne,42
Student,259,14.518545150756836,7.127934455871582,1,1,True,c01,136,141,tsne,42
Student,260,-6.16369104385376,-8.796431541442871,2,2,True,a01,511,516,tsne,42
Student,261,30.166181564331055,-5.684621810913086,0,0,True,b01,120,125,tsne,42
Student,262,10.734526634216309,14.247529029846191,1,1,True,a01,209,214,tsne,42
Student,263,12.379247665405273,13.595541000366211,1,1,True,a01,220,225,tsne,42
Student,264,-21.432010650634766,-2.083462953567505,2,2,True,b01,544,549,tsne,42
Student,265,9.772064208984375,15.974653244018555,1,1,True,a01,204,209,tsne,42
Student,266,-13.850720405578613,-9.65198040008545,2,2,True,a01,484,489,tsne,42
Student,267,-9.363557815551758,-9.30943489074707,2,2,True,a01,506,511,tsne,42
Student,268,7.429774284362793,18.35280990600586,1,1,True,b01,286,291,tsne,42
Student,269,6.811146259307861,19.882293701171875,1,1,True,b01,264,269,tsne,42
Student,270,29.11744499206543,-1.8252955675125122,0,0,True,b01,139,144,tsne,42
Student,271,-13.837392807006836,3.9591808319091797,2,2,True,c02,221,226,tsne,42
Student,272,28.22098731994629,-5.4655914306640625,0,0,True,b01,111,116,tsne,42
Student,273,13.44283390045166,12.142601013183594,1,1,True,c01,146,151,tsne,42
Student,274,-22.246963500976562,7.5546770095825195,2,2,True,b01,567,572,tsne,42
Student,275,-8.346662521362305,-11.100190162658691,2,2,True,a01,518,523,tsne,42
Student,276,-20.586977005004883,-1.789817452430725,2,2,True,b01,555,560,tsne,42
Student,277,28.090883255004883,-2.6103012561798096,0,0,True,b01,130,135,tsne,42
Student,278,-12.411863327026367,3.1786062717437744,2,2,True,c02,224,229,tsne,42
Student,279,36.61333084106445,-4.433074951171875,0,0,True,a01,89,94,tsne,42
Student,280,30.396474838256836,-6.726222991943359,0,0,True,b01,118,123,tsne,42
Student,281,-4.114984035491943,-13.054877281188965,2,2,True,a01,528,533,tsne,42
Student,282,4.976641654968262,23.504060745239258,1,1,True,b01,284,289,tsne,42
Student,283,-4.992042064666748,-13.018474578857422,2,2,True,a01,526,531,tsne,42
Student,284,-20.014324188232422,-2.5729715824127197,2,2,True,b01,535,540,tsne,42
Student,285,-22.45207405090332,2.6929986476898193,2,2,True,b01,576,581,tsne,42
Student,286,24.20765495300293,-1.4596226215362549,0,0,True,c02,83,88,tsne,42
Student,287,-23.793787002563477,2.413900375366211,2,2,True,b01,563,568,tsne,42
Student,288,-21.653175354003906,3.3941469192504883,2,2,True,b01,564,569,tsne,42
Student,289,13.107486724853516,11.667668342590332,1,1,True,c01,147,152,tsne,42
Student,290,-5.359879970550537,-13.69896411895752,2,2,True,a01,534,539,tsne,42
Student,291,-5.687394142150879,-16.013872146606445,2,2,True,a01,498,503,tsne,42
Student,292,35.15595245361328,-5.420995235443115,0,0,True,a01,82,87,tsne,42
Student,293,28.825288772583008,-6.440209865570068,0,0,True,b01,114,119,tsne,42
Student,294,3.6605522632598877,19.843551635742188,1,1,True,b01,256,261,tsne,42
Student,295,-22.406644821166992,-1.95038902759552,2,2,True,b01,539,544,tsne,42
Student,296,7.79027795791626,22.148305892944336,1,1,True,b01,277,282,tsne,42
Student,297,10.36545181274414,15.195066452026367,1,1,True,a01,210,215,tsne,42
Student,298,-8.552846908569336,-13.858427047729492,2,2,True,a01,540,545,tsne,42
Student,299,26.745243072509766,-5.295802116394043,0,0,True,c02,73,78,tsne,42
Student,300,-22.338659286499023,0.9604024887084961,2,2,True,b01,575,580,tsne,42
Student,301,-10.562426567077637,-7.745459079742432,2,2,True,a01,492,497,tsne,42
Student,302,26.7657527923584,-6.1575822830200195,0,0,True,c02,71,76,tsne,42
Student,303,-6.221708297729492,-12.328299522399902,2,2,True,a01,494,499,tsne,42
Student,304,11.161962509155273,15.0462646484375,1,1,True,a01,205,210,tsne,42
Student,305,-6.8428850173950195,-10.512187004089355,2,2,True,a01,520,525,tsne,42
Student,306,-24.726022720336914,4.012771129608154,2,2,True,b01,602,607,tsne,42
Student,307,-23.892982482910156,5.243610858917236,2,2,True,b01,607,612,tsne,42
Student,308,29.613040924072266,-4.272459983825684,0,0,True,b01,125,130,tsne,42
Student,309,-24.319246292114258,9.062084197998047,2,2,True,b01,594,599,tsne,42
Student,310,-16.743886947631836,9.419397354125977,2,2,True,c01,213,218,tsne,42
Student,311,7.022175312042236,23.410545349121094,1,1,True,b01,280,285,tsne,42
Student,312,-24.559873580932617,4.879363536834717,2,2,True,b01,604,609,tsne,42
Student,313,-22.704038619995117,9.049217224121094,2,2,True,b01,587,592,tsne,42
Student,314,-24.1101131439209,10.32238483428955,2,2,True,b01,591,596,tsne,42
Student,315,26.715730667114258,-7.643688201904297,0,0,True,c02,68,73,tsne,42
Student,316,6.772119045257568,21.720190048217773,1,1,True,b01,272,277,tsne,42
Student,317,-9.497876167297363,-13.615224838256836,2,2,True,a01,542,547,tsne,42
Student,318,27.304208755493164,-5.039316654205322,0,0,True,c02,74,79,tsne,42
Student,319,29.217626571655273,-4.073477745056152,0,0,True,b01,126,131,tsne,42
Student,320,6.136600971221924,20.438547134399414,1,1,True,b01,265,270,tsne,42
Student,321,15.725884437561035,7.354571342468262,1,1,True,c01,130,135,tsne,42
Student,322,-24.30718231201172,2.1497693061828613,2,2,True,b01,559,564,tsne,42
Student,323,15.630182266235352,7.8859758377075195,1,1,True,c01,128,133,tsne,42
Student,324,28.56330680847168,-4.9215569496154785,0,0,True,b01,123,128,tsne,42
Student,325,-25.743505477905273,4.602014541625977,2,2,True,b01,601,606,tsne,42
Student,326,-10.728170394897461,-14.892842292785645,2,2,True,a01,545,550,tsne,42
Student,327,5.890863418579102,21.589353561401367,1,1,True,b01,269,274,tsne,42
Student,328,-17.153738021850586,2.9010400772094727,2,2,True,c02,216,221,tsne,42
Student,329,-6.789062976837158,-11.365389823913574,2,2,True,a01,522,527,tsne,42
Student,330,-7.4228620529174805,-9.42692756652832,2,2,True,a01,508,513,tsne,42
Student,331,37.16972732543945,-3.9749293327331543,0,0,True,a01,90,95,tsne,42
Student,332,-10.448163032531738,-10.220868110656738,2,2,True,a01,503,508,tsne,42
Student,333,-13.42056941986084,-10.764516830444336,2,2,True,a01,482,487,tsne,42
Student,334,-24.707984924316406,8.808732032775879,2,2,True,b01,595,600,tsne,42
Student,335,34.94207000732422,-3.753084897994995,0,0,True,a01,98,103,tsne,42
Student,336,11.526456832885742,17.020185470581055,1,1,True,a01,196,201,tsne,42
Student,337,-9.039027214050293,-9.296277046203613,2,2,True,a01,507,512,tsne,42
Student,338,-5.091289520263672,-11.911778450012207,2,2,True,a01,525,530,tsne,42
Student,339,-22.705814361572266,8.906600952148438,2,2,True,b01,588,593,tsne,42
Student,340,-23.860044479370117,4.712092399597168,2,2,True,b01,608,613,tsne,42
Student,341,10.924276351928711,17.630945205688477,1,1,True,a01,197,202,tsne,42
Student,342,10.686793327331543,16.321409225463867,1,1,True,a01,212,217,tsne,42
Student,343,31.613142013549805,-2.689578056335449,0,0,True,b01,141,146,tsne,42
Student,344,-16.10191535949707,3.644221305847168,2,2,True,c02,219,224,tsne,42
Student,345,13.942978858947754,12.78049087524414,1,1,True,c01,142,147,tsne,42
Student,346,34.59249496459961,-3.6504762172698975,0,0,True,a01,100,105,tsne,42
Student,347,-22.312395095825195,5.624454021453857,2,2,True,b01,583,588,tsne,42
Student,348,-10.954390525817871,-14.953289985656738,2,2,True,a01,546,551,tsne,42
Student,349,-6.916346549987793,-1.4541239738464355,2,2,True,a01,557,562,tsne,42
Student,350,14.296083450317383,12.221869468688965,1,1,True,c01,145,150,tsne,42
Student,351,-3.7782018184661865,-13.485749244689941,2,2,True,a01,530,535,tsne,42
Student,352,-19.761253356933594,-0.3885454833507538,2,2,True,b01,547,552,tsne,42
Student,353,29.760112762451172,-6.308207988739014,0,0,True,b01,117,122,tsne,42
Student,354,36.17311096191406,-4.866536617279053,0,0,True,a01,88,93,tsne,42
Student,355,-10.400134086608887,-15.829639434814453,2,2,True,a01,552,557,tsne,42
GRU,0,11.09247875213623,-1.358332872390747,2,2,True,c02,208,213,tsne,42
GRU,1,10.897623062133789,-4.551061630249023,2,2,True,a01,496,501,tsne,42
GRU,2,15.981626510620117,9.166946411132812,2,2,True,b01,558,563,tsne,42
GRU,3,-14.3964262008667,-10.544014930725098,1,1,True,c01,127,132,tsne,42
GRU,4,7.780073165893555,0.33095458149909973,2,2,True,a01,521,526,tsne,42
GRU,5,10.638740539550781,2.8541765213012695,2,2,True,c02,210,215,tsne,42
GRU,6,-30.187957763671875,9.399024963378906,0,0,True,c02,69,74,tsne,42
GRU,7,9.851081848144531,-1.4720978736877441,2,2,True,a01,504,509,tsne,42
GRU,8,25.391399383544922,8.530468940734863,2,2,True,b01,598,603,tsne,42
GRU,9,-20.5443172454834,-3.1182618141174316,0,1,False,c02,84,89,tsne,42
GRU,10,8.233572959899902,4.485402584075928,2,2,True,a01,555,560,tsne,42
GRU,11,15.528388023376465,8.475597381591797,2,2,True,b01,553,558,tsne,42
GRU,12,15.750116348266602,11.881229400634766,2,2,True,c02,231,236,tsne,42
GRU,13,7.927123069763184,-2.6373302936553955,2,2,True,a01,500,505,tsne,42
GRU,14,-14.355737686157227,-10.007458686828613,1,1,True,c01,144,149,tsne,42
GRU,15,22.5848331451416,8.535745620727539,2,2,True,b01,582,587,tsne,42
GRU,16,12.804620742797852,8.294918060302734,2,2,True,b01,541,546,tsne,42
GRU,17,-24.647151947021484,2.3454904556274414,0,0,True,a01,99,104,tsne,42
GRU,18,-24.38232421875,1.0884885787963867,0,0,True,a01,95,100,tsne,42
GRU,19,-10.05074691772461,-15.910693168640137,1,1,True,b01,263,268,tsne,42
GRU,20,11.633330345153809,8.39101505279541,2,2,True,b01,538,543,tsne,42
GRU,21,-9.000300407409668,-14.808290481567383,1,1,True,b01,285,290,tsne,42
GRU,22,7.176424026489258,-1.8541802167892456,2,2,True,a01,486,491,tsne,42
GRU,23,20.49444007873535,13.30734920501709,2,2,True,c01,206,211,tsne,42
GRU,24,-12.057315826416016,-19.516237258911133,1,1,True,a01,201,206,tsne,42
GRU,25,12.504698753356934,8.403834342956543,2,2,True,b01,542,547,tsne,42
GRU,26,-25.810718536376953,2.552086353302002,0,0,True,b01,119,124,tsne,42
GRU,27,25.550994873046875,7.4819655418396,2,2,True,b01,579,584,tsne,42
GRU,28,23.286636352539062,9.128790855407715,2,2,True,b01,606,611,tsne,42
GRU,29,-11.717570304870605,-18.87899398803711,1,1,True,a01,200,205,tsne,42
GRU,30,14.428603172302246,-4.891916275024414,2,2,True,c02,207,212,tsne,42
GRU,31,11.872758865356445,7.119896411895752,2,2,True,b01,593,598,tsne,42
GRU,32,-10.703654289245605,-20.228425979614258,1,1,True,a01,211,216,tsne,42
GRU,33,5.351413249969482,2.373175621032715,2,2,True,a01,483,488,tsne,42
GRU,34,-27.811506271362305,6.626668930053711,0,0,True,b01,113,118,tsne,42
GRU,35,17.750829696655273,6.997142791748047,2,2,True,b01,552,557,tsne,42
GRU,36,5.645089149475098,0.8509086966514587,2,2,True,a01,485,490,tsne,42
GRU,37,5.420286178588867,2.539374828338623,2,2,True,a01,481,486,tsne,42
GRU,38,-14.486618041992188,-9.30872917175293,1,1,True,c01,143,148,tsne,42
GRU,39,17.74934959411621,7.367379188537598,2,2,True,b01,557,562,tsne,42
GRU,40,-25.41672134399414,4.107062339782715,0,0,True,b01,128,133,tsne,42
GRU,41,-10.23925495147705,-15.122176170349121,1,1,True,b01,279,284,tsne,42
GRU,42,-24.560888290405273,3.6954667568206787,0,0,True,a01,103,108,tsne,42
GRU,43,-26.209171295166016,4.895730495452881,0,0,True,b01,129,134,tsne,42
GRU,44,6.437458038330078,2.8764216899871826,2,2,True,a01,514,519,tsne,42
GRU,45,-9.927066802978516,-16.300399780273438,1,1,True,b01,262,267,tsne,42
GRU,46,-29.323688507080078,9.117395401000977,0,0,True,c02,72,77,tsne,42
GRU,47,-23.711444854736328,0.05247895047068596,0,1,False,a01,94,99,tsne,42
GRU,48,7.308841705322266,1.7270009517669678,2,2,True,a01,515,520,tsne,42
GRU,49,14.443599700927734,8.825478553771973,2,2,True,b01,543,548,tsne,42
GRU,50,7.009732723236084,4.492364883422852,2,2,True,a01,551,556,tsne,42
GRU,51,9.010102272033691,-4.48953914642334,2,2,True,a01,501,506,tsne,42
GRU,52,10.296083450317383,7.4132537841796875,2,2,True,b01,592,597,tsne,42
GRU,53,4.872386932373047,2.9721767902374268,1,2,False,c02,107,112,tsne,42
GRU,54,-28.06053352355957,7.353799819946289,0,0,True,b01,112,117,tsne,42
GRU,55,14.671022415161133,-7.382956027984619,2,2,True,a01,491,496,tsne,42
GRU,56,-13.635364532470703,-10.732063293457031,1,1,True,c01,140,145,tsne,42
GRU,57,-15.06605052947998,-8.686256408691406,1,1,True,c01,126,131,tsne,42
GRU,58,24.038171768188477,8.087479591369629,2,2,True,b01,572,577,tsne,42
GRU,59,-10.643951416015625,-16.066341400146484,1,1,True,b01,267,272,tsne,42
GRU,60,-13.426573753356934,-10.065218925476074,1,1,True,c01,139,144,tsne,42
GRU,61,-28.160465240478516,6.200633525848389,0,0,True,a01,86,91,tsne,42
GRU,62,23.931991577148438,10.084748268127441,2,2,True,c02,222,227,tsne,42
GRU,63,-12.146649360656738,-21.976011276245117,1,1,True,a01,219,224,tsne,42
GRU,64,17.8995418548584,9.626479148864746,2,2,True,c02,215,220,tsne,42
GRU,65,-26.0908260345459,3.1942825317382812,0,0,True,b01,121,126,tsne,42
GRU,66,13.79715633392334,-6.98206901550293,2,2,True,a01,488,493,tsne,42
GRU,67,12.55695915222168,-3.415261745452881,2,2,True,a01,527,532,tsne,42
GRU,68,10.749584197998047,4.61543607711792,2,2,True,c02,212,217,tsne,42
GRU,69,-10.213577270507812,-18.052600860595703,1,1,True,b01,259,264,tsne,42
GRU,70,22.69948387145996,9.619586944580078,2,2,True,b01,574,579,tsne,42
GRU,71,21.760866165161133,6.3068389892578125,2,2,True,b01,546,551,tsne,42
GRU,72,8.712520599365234,3.989333152770996,2,2,True,a01,547,552,tsne,42
GRU,73,-11.580059051513672,-20.359493255615234,1,1,True,a01,202,207,tsne,42
GRU,74,18.686559677124023,8.35876178741455,2,2,True,b01,571,576,tsne,42
GRU,75,8.394782066345215,4.113483428955078,2,2,True,a01,548,553,tsne,42
GRU,76,-21.441389083862305,0.7055640816688538,1,1,True,c01,124,129,tsne,42
GRU,77,13.376667976379395,-3.611548662185669,2,2,True,a01,509,514,tsne,42
GRU,78,-9.564337730407715,-20.458375930786133,1,1,True,a01,213,218,tsne,42
GRU,79,-10.206862449645996,-13.87024974822998,1,2,False,b01,282,287,tsne,42
GRU,80,-24.482452392578125,1.7612509727478027,0,0,True,b01,132,137,tsne,42
GRU,81,-30.11102867126465,9.218208312988281,0,0,True,c02,70,75,tsne,42
GRU,82,28.917783737182617,7.427128314971924,2,2,True,c01,212,217,tsne,42
GRU,83,18.081087112426758,10.99935245513916,2,2,True,c02,223,228,tsne,42
GRU,84,18.572019577026367,13.559033393859863,2,2,True,c01,209,214,tsne,42
GRU,85,-11.233956336975098,-19.477144241333008,1,1,True,a01,203,208,tsne,42
GRU,86,13.291943550109863,-5.580870628356934,2,2,True,a01,523,528,tsne,42
GRU,87,-11.118570327758789,-20.49199104309082,1,1,True,a01,208,213,tsne,42
GRU,88,-11.911678314208984,-21.851634979248047,1,1,True,a01,207,212,tsne,42
GRU,89,16.911970138549805,7.501778602600098,2,2,True,b01,533,538,tsne,42
GRU,90,-20.64145278930664,-0.7329619526863098,1,1,True,c01,125,130,tsne,42
GRU,91,-25.63463592529297,3.380948066711426,0,0,True,b01,127,132,tsne,42
GRU,92,-10.536004066467285,-19.68438720703125,1,1,True,a01,198,203,tsne,42
GRU,93,-22.264266967773438,-2.407071352005005,0,1,False,a01,91,96,tsne,42
GRU,94,7.979144096374512,-2.344236135482788,2,2,True,a01,502,507,tsne,42
GRU,95,10.525485038757324,2.636939287185669,2,2,True,c02,209,214,tsne,42
GRU,96,-30.262460708618164,9.807026863098145,0,0,True,c02,76,81,tsne,42
GRU,97,9.976795196533203,-1.2504092454910278,2,2,True,a01,493,498,tsne,42
GRU,98,13.715668678283691,-2.730656385421753,2,2,True,a01,533,538,tsne,42
GRU,99,-22.73639488220215,-0.46191856265068054,0,1,False,a01,92,97,tsne,42
GRU,100,-22.305843353271484,-1.5229389667510986,0,1,False,b01,135,140,tsne,42
GRU,101,15.073046684265137,10.961116790771484,2,2,True,c02,225,230,tsne,42
GRU,102,-22.763160705566406,-1.8075438737869263,0,1,False,a01,93,98,tsne,42
GRU,103,-11.54562759399414,-19.371044158935547,1,1,True,a01,199,204,tsne,42
GRU,104,-25.505170822143555,4.88848876953125,0,0,True,b01,122,127,tsne,42
GRU,105,10.833499908447266,-4.887741565704346,2,2,True,a01,495,500,tsne,42
GRU,106,-12.734432220458984,-8.36728572845459,1,1,True,c01,134,139,tsne,42
GRU,107,16.34241485595703,9.049790382385254,2,2,True,b01,570,575,tsne,42
GRU,108,23.674907684326172,8.035362243652344,2,2,True,b01,584,589,tsne,42
GRU,109,12.676708221435547,8.892536163330078,2,2,True,b01,534,539,tsne,42
GRU,110,-9.22590160369873,-10.831297874450684,1,2,False,b01,276,281,tsne,42
GRU,111,17.166242599487305,6.243336200714111,2,2,True,b01,540,545,tsne,42
GRU,112,23.764116287231445,8.554912567138672,2,2,True,b01,580,585,tsne,42
GRU,113,15.681563377380371,8.734055519104004,2,2,True,b01,554,559,tsne,42
GRU,114,-21.543142318725586,-2.0239832401275635,0,1,False,b01,142,147,tsne,42
GRU,115,-26.818544387817383,4.426742076873779,0,0,True,a01,84,89,tsne,42
GRU,116,8.673559188842773,1.1728994846343994,2,2,True,a01,544,549,tsne,42
GRU,117,-12.578486442565918,-9.795296669006348,1,1,True,c01,137,142,tsne,42
GRU,118,-9.79064655303955,-13.28532886505127,1,2,False,b01,275,280,tsne,42
GRU,119,24.90556526184082,8.291983604431152,2,2,True,b01,605,610,tsne,42
GRU,120,-21.534154891967773,-2.647925615310669,0,1,False,b01,143,148,tsne,42
GRU,121,-24.91241455078125,3.684213638305664,0,0,True,a01,101,106,tsne,42
GRU,122,-11.47650146484375,-10.809891700744629,1,1,True,c01,148,153,tsne,42
GRU,123,-9.69265365600586,-14.255261421203613,1,2,False,b01,273,278,tsne,42
GRU,124,6.849686145782471,4.379085540771484,2,2,True,a01,550,555,tsne,42
GRU,125,-9.721366882324219,-19.10541534423828,1,1,True,b01,257,262,tsne,42
GRU,126,-11.257904052734375,-21.288131713867188,1,1,True,a01,206,211,tsne,42
GRU,127,-9.373921394348145,-12.23250961303711,1,2,False,b01,283,288,tsne,42
GRU,128,19.59036636352539,11.16992473602295,2,2,True,c02,233,238,tsne,42
GRU,129,21.02129364013672,6.9515204429626465,2,2,True,b01,569,574,tsne,42
GRU,130,13.36093521118164,8.11677074432373,2,2,True,c02,213,218,tsne,42
GRU,131,-10.22668170928955,-10.855490684509277,1,1,True,c01,149,154,tsne,42
GRU,132,-20.88630485534668,-2.547563314437866,0,1,False,c02,82,87,tsne,42
GRU,133,27.086944580078125,7.186899662017822,2,2,True,b01,599,604,tsne,42
GRU,134,-27.012805938720703,7.128239631652832,0,0,True,b01,124,129,tsne,42
GRU,135,12.567071914672852,-3.596179485321045,2,2,True,a01,531,536,tsne,42
GRU,136,21.571149826049805,11.576690673828125,2,2,True,c01,216,221,tsne,42
GRU,137,7.867091655731201,0.29814794659614563,2,2,True,a01,519,524,tsne,42
GRU,138,-10.832876205444336,-17.731185913085938,1,1,True,b01,270,275,tsne,42
GRU,139,-25.940866470336914,4.364802360534668,0,0,True,b01,131,136,tsne,42
GRU,140,-10.315016746520996,-17.41234016418457,1,1,True,b01,261,266,tsne,42
GRU,141,18.777477264404297,11.4824857711792,2,2,True,c02,232,237,tsne,42
GRU,142,20.508920669555664,13.332746505737305,2,2,True,c01,205,210,tsne,42
GRU,143,7.844650745391846,4.228666305541992,2,2,True,a01,549,554,tsne,42
GRU,144,27.880634307861328,6.494753360748291,2,2,True,c01,215,220,tsne,42
GRU,145,14.08266830444336,9.455208778381348,2,2,True,b01,545,550,tsne,42
GRU,146,22.606412887573242,6.946666717529297,2,2,True,b01,568,573,tsne,42
GRU,147,14.14389705657959,-7.0030364990234375,2,2,True,a01,490,495,tsne,42
GRU,148,-10.921167373657227,-22.06617546081543,1,1,True,a01,218,223,tsne,42
GRU,149,5.115380764007568,3.6559455394744873,2,2,True,a01,559,564,tsne,42
GRU,150,7.6270928382873535,4.355688095092773,2,2,True,a01,556,561,tsne,42
GRU,151,-23.115032196044922,1.5087792873382568,0,0,True,b01,140,145,tsne,42
GRU,152,-12.428340911865234,-10.092623710632324,1,1,True,c01,138,143,tsne,42
GRU,153,-9.217155456542969,-18.866003036499023,1,1,True,b01,258,263,tsne,42
GRU,154,15.333562850952148,11.239439964294434,2,2,True,c02,226,231,tsne,42
GRU,155,18.87288475036621,10.402904510498047,2,2,True,c02,218,223,tsne,42
GRU,156,-20.875473022460938,-1.8933542966842651,0,1,False,c02,80,85,tsne,42
GRU,157,24.016462326049805,8.51787281036377,2,2,True,b01,577,582,tsne,42
GRU,158,-28.891420364379883,9.009769439697266,0,0,True,c02,77,82,tsne,42
GRU,159,15.17147159576416,12.132955551147461,2,2,True,c02,230,235,tsne,42
GRU,160,14.481132507324219,-7.289946556091309,2,2,True,a01,489,494,tsne,42
GRU,161,-9.308627128601074,-20.287139892578125,1,1,True,a01,214,219,tsne,42
GRU,162,-27.78911781311035,5.905822277069092,0,0,True,a01,87,92,tsne,42
GRU,163,-28.599424362182617,7.958311557769775,0,0,True,a01,81,86,tsne,42
GRU,164,-22.010971069335938,-2.2359697818756104,0,1,False,b01,137,142,tsne,42
GRU,165,26.04561996459961,7.928388595581055,2,2,True,b01,600,605,tsne,42
GRU,166,-24.019989013671875,2.4279913902282715,0,0,True,a01,96,101,tsne,42
GRU,167,18.188077926635742,9.579585075378418,2,2,True,b01,562,567,tsne,42
GRU,168,20.711410522460938,8.688750267028809,2,2,True,b01,566,571,tsne,42
GRU,169,-10.184745788574219,-21.781475067138672,1,1,True,a01,216,221,tsne,42
GRU,170,9.88443660736084,-4.029969692230225,2,2,True,a01,538,543,tsne,42
GRU,171,-22.25676155090332,-2.2989742755889893,0,1,False,b01,138,143,tsne,42
GRU,172,12.264955520629883,-3.438189744949341,2,2,True,a01,536,541,tsne,42
GRU,173,9.155745506286621,4.561354160308838,2,2,True,a01,553,558,tsne,42
GRU,174,-12.49355697631836,-8.391558647155762,1,1,True,c01,131,136,tsne,42
GRU,175,16.282400131225586,11.993505477905273,2,2,True,c02,229,234,tsne,42
GRU,176,-23.18004608154297,0.19682052731513977,0,1,False,b01,134,139,tsne,42
GRU,177,-10.409819602966309,-14.698973655700684,1,2,False,b01,278,283,tsne,42
GRU,178,12.739033699035645,9.776836395263672,2,2,True,b01,596,601,tsne,42
GRU,179,11.367491722106934,8.116429328918457,2,2,True,b01,537,542,tsne,42
GRU,180,24.6026611328125,6.471405982971191,2,2,True,b01,565,570,tsne,42
GRU,181,-12.51015567779541,-7.922324180603027,1,1,True,c01,132,137,tsne,42
GRU,182,14.726910591125488,8.94254207611084,2,2,True,b01,556,561,tsne,42
GRU,183,13.388629913330078,-5.345790386199951,2,2,True,a01,524,529,tsne,42
GRU,184,-13.347259521484375,-11.579071044921875,1,1,True,c01,129,134,tsne,42
GRU,185,20.581472396850586,9.889981269836426,2,2,True,c02,217,222,tsne,42
GRU,186,24.861175537109375,8.824885368347168,2,2,True,b01,578,583,tsne,42
GRU,187,22.81987190246582,9.10728645324707,2,2,True,b01,573,578,tsne,42
GRU,188,-9.642391204833984,-15.444358825683594,1,1,True,b01,260,265,tsne,42
GRU,189,-22.243417739868164,1.4276305437088013,0,0,True,c01,27,32,tsne,42
GRU,190,-29.294464111328125,9.774341583251953,0,0,True,c02,75,80,tsne,42
GRU,191,11.2260103225708,-6.388820171356201,2,2,True,a01,487,492,tsne,42
GRU,192,20.16933822631836,8.72050666809082,2,2,True,b01,560,565,tsne,42
GRU,193,15.629968643188477,5.228321075439453,2,2,True,a01,554,559,tsne,42
GRU,194,15.889071464538574,10.2534761428833,2,2,True,c02,214,219,tsne,42
GRU,195,17.102903366088867,9.354945182800293,2,2,True,b01,597,602,tsne,42
GRU,196,-26.56039810180664,4.119843482971191,0,0,True,a01,83,88,tsne,42
GRU,197,-10.195883750915527,-18.730850219726562,1,1,True,b01,271,276,tsne,42
GRU,198,25.248483657836914,8.012124061584473,2,2,True,b01,585,590,tsne,42
GRU,199,-9.684830665588379,-14.989580154418945,1,1,True,b01,281,286,tsne,42
GRU,200,24.141447067260742,7.430434226989746,2,2,True,b01,586,591,tsne,42
GRU,201,-13.144220352172852,-12.781024932861328,1,1,True,c01,141,146,tsne,42
GRU,202,-10.03812026977539,-14.229519844055176,1,2,False,b01,274,279,tsne,42
GRU,203,-27.117504119873047,5.037416934967041,0,0,True,a01,85,90,tsne,42
GRU,204,9.01630973815918,-0.7191159129142761,2,2,True,a01,543,548,tsne,42
GRU,205,27.972097396850586,6.491962909698486,2,2,True,c01,214,219,tsne,42
GRU,206,-23.848987579345703,1.2354516983032227,0,0,True,b01,133,138,tsne,42
GRU,207,12.41370964050293,6.706341743469238,2,2,True,b01,590,595,tsne,42
GRU,208,-11.295845985412598,-16.593364715576172,1,1,True,b01,268,273,tsne,42
GRU,209,8.69898509979248,-0.09703186899423599,2,2,True,a01,513,518,tsne,42
GRU,210,9.269834518432617,-4.557436943054199,2,2,True,a01,499,504,tsne,42
GRU,211,27.43065643310547,8.88167953491211,2,2,True,c01,210,215,tsne,42
GRU,212,-27.563400268554688,6.374370098114014,0,0,True,b01,116,121,tsne,42
GRU,213,28.507837295532227,7.8049116134643555,2,2,True,c01,211,216,tsne,42
GRU,214,-23.3770694732666,1.7413638830184937,0,0,True,c02,79,84,tsne,42
GRU,215,-24.274311065673828,3.166757583618164,0,0,True,c01,25,30,tsne,42
GRU,216,17.695863723754883,11.500455856323242,2,2,True,c02,227,232,tsne,42
GRU,217,7.032983303070068,3.500023365020752,2,2,True,a01,516,521,tsne,42
GRU,218,-12.685964584350586,-8.121826171875,1,1,True,c01,133,138,tsne,42
GRU,219,11.286283493041992,0.5656762719154358,2,2,True,a01,510,515,tsne,42
GRU,220,8.64939022064209,-2.38179612159729,2,2,True,a01,539,544,tsne,42
GRU,221,15.914716720581055,6.298951625823975,2,2,True,b01,536,541,tsne,42
GRU,222,7.81862735748291,1.1567058563232422,2,2,True,a01,517,522,tsne,42
GRU,223,15.879758834838867,10.963611602783203,2,2,True,c02,220,225,tsne,42
GRU,224,4.889997959136963,3.596010446548462,2,2,True,a01,560,565,tsne,42
GRU,225,11.290587425231934,-2.8718817234039307,2,2,True,a01,505,510,tsne,42
GRU,226,12.373494148254395,8.765345573425293,2,2,True,b01,550,555,tsne,42
GRU,227,-10.017601013183594,-20.909515380859375,1,1,True,a01,215,220,tsne,42
GRU,228,8.75449275970459,-1.5987937450408936,2,2,True,a01,541,546,tsne,42
GRU,229,-10.24349308013916,-16.014230728149414,1,1,True,b01,266,271,tsne,42
GRU,230,12.74429702758789,-5.757296085357666,2,2,True,a01,529,534,tsne,42
GRU,231,22.314838409423828,8.912075996398926,2,2,True,b01,581,586,tsne,42
GRU,232,-28.674060821533203,7.002072334289551,0,0,True,b01,115,120,tsne,42
GRU,233,19.84397315979004,13.47553825378418,2,2,True,c01,208,213,tsne,42
GRU,234,-20.638633728027344,-2.2419838905334473,0,1,False,c02,81,86,tsne,42
GRU,235,11.15052318572998,3.7585673332214355,2,2,True,c02,211,216,tsne,42
GRU,236,-11.241437911987305,-21.997331619262695,1,1,True,a01,217,222,tsne,42
GRU,237,-23.539709091186523,-0.5736895203590393,0,1,False,a01,97,102,tsne,42
GRU,238,-29.557735443115234,9.928877830505371,0,0,True,c02,67,72,tsne,42
GRU,239,5.250895977020264,3.7330541610717773,2,2,True,a01,558,563,tsne,42
GRU,240,-12.788427352905273,-8.86642837524414,1,1,True,c01,135,140,tsne,42
GRU,241,-21.774646759033203,-1.6809216737747192,0,1,False,b01,136,141,tsne,42
GRU,242,11.569575309753418,-3.9214227199554443,2,2,True,a01,537,542,tsne,42
GRU,243,-22.774255752563477,1.8756883144378662,0,0,True,c01,26,31,tsne,42
GRU,244,11.651652336120605,8.020503044128418,2,2,True,b01,549,554,tsne,42
GRU,245,20.01748275756836,13.442113876342773,2,2,True,c01,207,212,tsne,42
GRU,246,22.51980209350586,6.7956132888793945,2,2,True,b01,561,566,tsne,42
GRU,247,-24.263469696044922,3.0941736698150635,0,0,True,a01,102,107,tsne,42
GRU,248,11.259925842285156,-3.503600835800171,2,2,True,a01,512,517,tsne,42
GRU,249,-21.884349822998047,1.715298056602478,0,0,True,c01,28,33,tsne,42
GRU,250,15.588762283325195,12.083271980285645,2,2,True,c02,228,233,tsne,42
GRU,251,16.018386840820312,8.567394256591797,2,2,True,b01,551,556,tsne,42
GRU,252,15.371989250183105,6.533720970153809,2,2,True,b01,589,594,tsne,42
GRU,253,13.67887020111084,-5.0042805671691895,2,2,True,a01,535,540,tsne,42
GRU,254,11.082118034362793,-5.7376389503479,2,2,True,a01,497,502,tsne,42
GRU,255,-27.527467727661133,7.963899612426758,0,0,True,c02,78,83,tsne,42
GRU,256,26.797842025756836,7.368669033050537,2,2,True,b01,603,608,tsne,42
GRU,257,15.757746696472168,6.445679664611816,2,2,True,b01,548,553,tsne,42
GRU,258,12.773834228515625,-4.986316680908203,2,2,True,a01,532,537,tsne,42
GRU,259,-12.642282485961914,-9.566802024841309,1,1,True,c01,136,141,tsne,42
GRU,260,12.43860149383545,-4.044839382171631,2,2,True,a01,511,516,tsne,42
GRU,261,-26.09481430053711,3.930800199508667,0,0,True,b01,120,125,tsne,42
GRU,262,-11.932293891906738,-20.953121185302734,1,1,True,a01,209,214,tsne,42
GRU,263,-12.024408340454102,-21.416969299316406,1,1,True,a01,220,225,tsne,42
GRU,264,13.711395263671875,8.8368558883667,2,2,True,b01,544,549,tsne,42
GRU,265,-11.307161331176758,-19.747644424438477,1,1,True,a01,204,209,tsne,42
GRU,266,5.6188764572143555,1.3314415216445923,2,2,True,a01,484,489,tsne,42
GRU,267,10.472899436950684,1.6692003011703491,2,2,True,a01,506,511,tsne,42
GRU,268,-9.809884071350098,-18.238853454589844,1,1,True,b01,286,291,tsne,42
GRU,269,-8.894102096557617,-14.61751651763916,1,1,True,b01,264,269,tsne,42
GRU,270,-22.996929168701172,-1.1786249876022339,0,1,False,b01,139,144,tsne,42
GRU,271,18.162628173828125,10.321746826171875,2,2,True,c02,221,226,tsne,42
GRU,272,-28.53127098083496,7.398870468139648,0,0,True,b01,111,116,tsne,42
GRU,273,-12.77860164642334,-10.422245979309082,1,1,True,c01,146,151,tsne,42
GRU,274,22.168758392333984,7.2139363288879395,2,2,True,b01,567,572,tsne,42
GRU,275,7.650545597076416,1.1608601808547974,2,2,True,a01,518,523,tsne,42
GRU,276,17.992881774902344,7.313985824584961,2,2,True,b01,555,560,tsne,42
GRU,277,-26.50588035583496,5.431161403656006,0,0,True,b01,130,135,tsne,42
GRU,278,17.77560806274414,11.101996421813965,2,2,True,c02,224,229,tsne,42
GRU,279,-25.482540130615234,1.800088882446289,0,0,True,a01,89,94,tsne,42
GRU,280,-27.857606887817383,7.754825115203857,0,0,True,b01,118,123,tsne,42
GRU,281,11.978242874145508,-4.297132968902588,2,2,True,a01,528,533,tsne,42
GRU,282,-8.68756103515625,-10.514127731323242,1,2,False,b01,284,289,tsne,42
GRU,283,12.796627044677734,-5.039646148681641,2,2,True,a01,526,531,tsne,42
GRU,284,15.675352096557617,7.751600742340088,2,2,True,b01,535,540,tsne,42
GRU,285,27.235488891601562,6.516003131866455,2,2,True,b01,576,581,tsne,42
GRU,286,-20.497278213500977,-3.1670987606048584,0,1,False,c02,83,88,tsne,42
GRU,287,24.84776496887207,6.908813953399658,2,2,True,b01,563,568,tsne,42
GRU,288,24.509883880615234,7.568439483642578,2,2,True,b01,564,569,tsne,42
GRU,289,-12.1567964553833,-10.645602226257324,1,1,True,c01,147,152,tsne,42
GRU,290,13.530319213867188,-4.626158237457275,2,2,True,a01,534,539,tsne,42
GRU,291,7.659994602203369,-1.3372166156768799,2,2,True,a01,498,503,tsne,42
GRU,292,-27.250228881835938,6.601890563964844,0,0,True,a01,82,87,tsne,42
GRU,293,-28.38032341003418,6.96589994430542,0,0,True,b01,114,119,tsne,42
GRU,294,-9.294089317321777,-17.671171188354492,1,1,True,b01,256,261,tsne,42
GRU,295,13.146923065185547,8.898289680480957,2,2,True,b01,539,544,tsne,42
GRU,296,-9.098225593566895,-10.845063209533691,1,2,False,b01,277,282,tsne,42
GRU,297,-10.967854499816895,-20.494497299194336,1,1,True,a01,210,215,tsne,42
GRU,298,8.454092025756836,-2.3149328231811523,2,2,True,a01,540,545,tsne,42
GRU,299,-29.36128807067871,8.42744255065918,0,0,True,c02,73,78,tsne,42
GRU,300,26.393226623535156,6.847893714904785,2,2,True,b01,575,580,tsne,42
GRU,301,12.24170970916748,-5.823938369750977,2,2,True,a01,492,497,tsne,42
GRU,302,-29.611474990844727,8.839078903198242,0,0,True,c02,71,76,tsne,42
GRU,303,10.816829681396484,-3.7376821041107178,2,2,True,a01,494,499,tsne,42
GRU,304,-11.566173553466797,-21.037425994873047,1,1,True,a01,205,210,tsne,42
GRU,305,7.390842914581299,0.9697390794754028,2,2,True,a01,520,525,tsne,42
GRU,306,26.402698516845703,7.812532901763916,2,2,True,b01,602,607,tsne,42
GRU,307,22.95424461364746,8.682160377502441,2,2,True,b01,607,612,tsne,42
GRU,308,-25.042734146118164,2.5941662788391113,0,0,True,b01,125,130,tsne,42
GRU,309,14.851564407348633,6.563467502593994,2,2,True,b01,594,599,tsne,42
GRU,310,28.670137405395508,7.342492580413818,2,2,True,c01,213,218,tsne,42
GRU,311,-9.111623764038086,-13.811593055725098,1,2,False,b01,280,285,tsne,42
GRU,312,23.48797035217285,9.606115341186523,2,2,True,b01,604,609,tsne,42
GRU,313,24.066606521606445,6.966943740844727,2,2,True,b01,587,592,tsne,42
GRU,314,10.538451194763184,7.219569683074951,2,2,True,b01,591,596,tsne,42
GRU,315,-30.000642776489258,10.076512336730957,0,0,True,c02,68,73,tsne,42
GRU,316,-10.980813026428223,-15.673040390014648,1,1,True,b01,272,277,tsne,42
GRU,317,10.162636756896973,-3.343005418777466,2,2,True,a01,542,547,tsne,42
GRU,318,-29.745012283325195,9.64767074584961,0,0,True,c02,74,79,tsne,42
GRU,319,-25.321340560913086,2.746924877166748,0,0,True,b01,126,131,tsne,42
GRU,320,-10.60944938659668,-18.512269973754883,1,1,True,b01,265,270,tsne,42
GRU,321,-13.095648765563965,-10.227240562438965,1,1,True,c01,130,135,tsne,42
GRU,322,19.81424331665039,8.07896900177002,2,2,True,b01,559,564,tsne,42
GRU,323,-13.496689796447754,-10.862468719482422,1,1,True,c01,128,133,tsne,42
GRU,324,-28.16364288330078,8.081826210021973,0,0,True,b01,123,128,tsne,42
GRU,325,27.070573806762695,6.961451530456543,2,2,True,b01,601,606,tsne,42
GRU,326,8.740621566772461,2.8445847034454346,2,2,True,a01,545,550,tsne,42
GRU,327,-11.029268264770508,-18.585905075073242,1,1,True,b01,269,274,tsne,42
GRU,328,20.356508255004883,9.75004768371582,2,2,True,c02,216,221,tsne,42
GRU,329,7.88350772857666,-1.0279220342636108,2,2,True,a01,522,527,tsne,42
GRU,330,11.07938289642334,0.9755427241325378,2,2,True,a01,508,513,tsne,42
GRU,331,-23.93618392944336,0.14314429461956024,0,0,True,a01,90,95,tsne,42
GRU,332,8.760833740234375,-3.7858240604400635,2,2,True,a01,503,508,tsne,42
GRU,333,6.174643039703369,1.8748849630355835,2,2,True,a01,482,487,tsne,42
GRU,334,12.56869888305664,6.741305351257324,2,2,True,b01,595,600,tsne,42
GRU,335,-24.158071517944336,1.000372052192688,0,0,True,a01,98,103,tsne,42
GRU,336,-11.274077415466309,-22.44788932800293,1,1,True,a01,196,201,tsne,42
GRU,337,11.113463401794434,-2.063892126083374,2,2,True,a01,507,512,tsne,42
GRU,338,13.734967231750488,-6.025903224945068,2,2,True,a01,525,530,tsne,42
GRU,339,21.346216201782227,7.082592964172363,2,2,True,b01,588,593,tsne,42
GRU,340,24.45469856262207,8.889981269836426,2,2,True,b01,608,613,tsne,42
GRU,341,-10.190114974975586,-19.73058319091797,1,1,True,a01,197,202,tsne,42
GRU,342,-9.365882873535156,-19.927249908447266,1,1,True,a01,212,217,tsne,42
GRU,343,-22.871156692504883,0.8663912415504456,0,1,False,b01,141,146,tsne,42
GRU,344,19.374773025512695,10.609374046325684,2,2,True,c02,219,224,tsne,42
GRU,345,-13.69764232635498,-11.22778606414795,1,1,True,c01,142,147,tsne,42
GRU,346,-24.8843936920166,3.1431078910827637,0,0,True,a01,100,105,tsne,42
GRU,347,19.566144943237305,9.31629753112793,2,2,True,b01,583,588,tsne,42
GRU,348,9.508371353149414,2.890990972518921,2,2,True,a01,546,551,tsne,42
GRU,349,6.231654167175293,4.191456317901611,2,2,True,a01,557,562,tsne,42
GRU,350,-13.880374908447266,-10.070550918579102,1,1,True,c01,145,150,tsne,42
GRU,351,11.918784141540527,-4.233116626739502,2,2,True,a01,530,535,tsne,42
GRU,352,16.690656661987305,6.823363780975342,2,2,True,b01,547,552,tsne,42
GRU,353,-27.785907745361328,5.608401775360107,0,0,True,b01,117,122,tsne,42
GRU,354,-27.02357292175293,6.097037315368652,0,0,True,a01,88,93,tsne,42
GRU,355,8.40186882019043,4.68474006652832,2,2,True,a01,552,557,tsne,42
LSTM,0,-7.7599568367004395,-10.309468269348145,2,2,True,c02,208,213,tsne,42
LSTM,1,-1.912033200263977,-15.762514114379883,2,2,True,a01,496,501,tsne,42
LSTM,2,-14.54877758026123,-4.178112983703613,2,2,True,b01,558,563,tsne,42
LSTM,3,11.019700050354004,13.413735389709473,1,1,True,c01,127,132,tsne,42
LSTM,4,-5.345282077789307,-16.524057388305664,2,2,True,a01,521,526,tsne,42
LSTM,5,-8.09072494506836,-9.685833930969238,2,2,True,c02,210,215,tsne,42
LSTM,6,24.666015625,-3.2176408767700195,0,0,True,c02,69,74,tsne,42
LSTM,7,-4.740477085113525,-12.006105422973633,2,2,True,a01,504,509,tsne,42
LSTM,8,-17.40376091003418,0.8524014949798584,2,2,True,b01,598,603,tsne,42
LSTM,9,15.071111679077148,10.034150123596191,0,1,False,c02,84,89,tsne,42
LSTM,10,-3.369805335998535,-14.579358100891113,2,2,True,a01,555,560,tsne,42
LSTM,11,-14.948662757873535,-6.623687744140625,2,2,True,b01,553,558,tsne,42
LSTM,12,-16.151470184326172,-6.232779502868652,2,2,True,c02,231,236,tsne,42
LSTM,13,-0.6265637874603271,-14.016324043273926,2,2,True,a01,500,505,tsne,42
LSTM,14,11.499103546142578,13.372960090637207,1,1,True,c01,144,149,tsne,42
LSTM,15,-16.934839248657227,-0.6038767695426941,2,2,True,b01,582,587,tsne,42
LSTM,16,-13.787675857543945,-8.6757173538208,2,2,True,b01,541,546,tsne,42
LSTM,17,20.607797622680664,1.7603540420532227,0,0,True,a01,99,104,tsne,42
LSTM,18,19.35503387451172,3.7792272567749023,0,0,True,a01,95,100,tsne,42
LSTM,19,6.657938480377197,18.11576271057129,1,1,True,b01,263,268,tsne,42
LSTM,20,-12.321334838867188,-7.612166881561279,2,2,True,b01,538,543,tsne,42
LSTM,21,7.017899036407471,17.64719009399414,1,1,True,b01,285,290,tsne,42
LSTM,22,-2.335543632507324,-14.71772575378418,2,2,True,a01,486,491,tsne,42
LSTM,23,-21.31659698486328,-0.4846428632736206,2,2,True,c01,206,211,tsne,42
LSTM,24,10.58074951171875,20.942033767700195,1,1,True,a01,201,206,tsne,42
LSTM,25,-14.658424377441406,-7.046215057373047,2,2,True,b01,542,547,tsne,42
LSTM,26,19.204679489135742,3.1432437896728516,0,0,True,b01,119,124,tsne,42
LSTM,27,-15.89340591430664,-0.2972499132156372,2,2,True,b01,579,584,tsne,42
LSTM,28,-18.75511360168457,-2.466548204421997,2,2,True,b01,606,611,tsne,42
LSTM,29,9.746068954467773,20.17754364013672,1,1,True,a01,200,205,tsne,42
LSTM,30,-11.401735305786133,-7.994268417358398,2,2,True,c02,207,212,tsne,42
LSTM,31,-9.296772003173828,-10.329302787780762,2,2,True,b01,593,598,tsne,42
LSTM,32,9.32573127746582,21.390501022338867,1,1,True,a01,211,216,tsne,42
LSTM,33,-0.10555706918239594,-11.102645874023438,2,2,True,a01,483,488,tsne,42
LSTM,34,23.342304229736328,-1.740878701210022,0,0,True,b01,113,118,tsne,42
LSTM,35,-14.898505210876465,-6.212049961090088,2,2,True,b01,552,557,tsne,42
LSTM,36,-0.8177050352096558,-13.121988296508789,2,2,True,a01,485,490,tsne,42
LSTM,37,-0.2930009961128235,-10.492985725402832,2,2,True,a01,481,486,tsne,42
LSTM,38,11.668890953063965,13.1250638961792,1,1,True,c01,143,148,tsne,42
LSTM,39,-13.479065895080566,-1.254356861114502,2,2,True,b01,557,562,tsne,42
LSTM,40,21.793872833251953,1.6373353004455566,0,0,True,b01,128,133,tsne,42
LSTM,41,6.590714454650879,19.16197967529297,1,1,True,b01,279,284,tsne,42
LSTM,42,19.695693969726562,4.186483383178711,0,0,True,a01,103,108,tsne,42
LSTM,43,21.754247665405273,1.769333839416504,0,0,True,b01,129,134,tsne,42
LSTM,44,-1.9909863471984863,-11.92538833618164,2,2,True,a01,514,519,tsne,42
LSTM,45,6.466586112976074,18.746925354003906,1,1,True,b01,262,267,tsne,42
LSTM,46,24.208984375,-2.8250224590301514,0,0,True,c02,72,77,tsne,42
LSTM,47,19.33910369873047,3.9244701862335205,0,0,True,a01,94,99,tsne,42
LSTM,48,-2.182790994644165,-12.455436706542969,2,2,True,a01,515,520,tsne,42
LSTM,49,-15.137673377990723,-5.717929840087891,2,2,True,b01,543,548,tsne,42
LSTM,50,-4.813331127166748,-14.098328590393066,2,2,True,a01,551,556,tsne,42
LSTM,51,-0.8467945456504822,-14.552481651306152,2,2,True,a01,501,506,tsne,42
LSTM,52,-9.92801284790039,-9.664336204528809,2,2,True,b01,592,597,tsne,42
LSTM,53,-0.24361220002174377,-10.441078186035156,1,2,False,c02,107,112,tsne,42
LSTM,54,23.65178108215332,-1.3849742412567139,0,0,True,b01,112,117,tsne,42
LSTM,55,-6.762831211090088,-16.385896682739258,2,2,True,a01,491,496,tsne,42
LSTM,56,10.592095375061035,13.785881996154785,1,1,True,c01,140,145,tsne,42
LSTM,57,11.87073040008545,12.938399314880371,1,1,True,c01,126,131,tsne,42
LSTM,58,-16.44823455810547,0.5043333768844604,2,2,True,b01,572,577,tsne,42
LSTM,59,7.709209442138672,18.840909957885742,1,1,True,b01,267,272,tsne,42
LSTM,60,9.884967803955078,13.885478019714355,1,1,True,c01,139,144,tsne,42
LSTM,61,23.11212921142578,-1.453020453453064,0,0,True,a01,86,91,tsne,42
LSTM,62,-17.99452018737793,-6.364206790924072,2,2,True,c02,222,227,tsne,42
LSTM,63,11.271247863769531,21.83159828186035,1,1,True,a01,219,224,tsne,42
LSTM,64,-18.26053237915039,-6.178263187408447,2,2,True,c02,215,220,tsne,42
LSTM,65,20.20749855041504,2.1590933799743652,0,0,True,b01,121,126,tsne,42
LSTM,66,-6.789578437805176,-19.68208885192871,2,2,True,a01,488,493,tsne,42
LSTM,67,-5.974039077758789,-17.629308700561523,2,2,True,a01,527,532,tsne,42
LSTM,68,-12.525921821594238,-9.220938682556152,2,2,True,c02,212,217,tsne,42
LSTM,69,6.868326663970947,19.94618797302246,1,1,True,b01,259,264,tsne,42
LSTM,70,-16.433469772338867,0.08133701235055923,2,2,True,b01,574,579,tsne,42
LSTM,71,-12.431988716125488,-4.521501064300537,2,2,True,b01,546,551,tsne,42
LSTM,72,-4.650115966796875,-13.85155200958252,2,2,True,a01,547,552,tsne,42
LSTM,73,9.598267555236816,21.04866600036621,1,1,True,a01,202,207,tsne,42
LSTM,74,-15.186450958251953,-1.603349208831787,2,2,True,b01,571,576,tsne,42
LSTM,75,-4.734424591064453,-13.40582275390625,2,2,True,a01,548,553,tsne,42
LSTM,76,14.815008163452148,9.803611755371094,1,1,True,c01,124,129,tsne,42
LSTM,77,-8.13015365600586,-11.991703033447266,2,2,True,a01,509,514,tsne,42
LSTM,78,8.8318510055542,20.724328994750977,1,1,True,a01,213,218,tsne,42
LSTM,79,5.007928371429443,15.731401443481445,1,2,False,b01,282,287,tsne,42
LSTM,80,18.11605453491211,5.504353046417236,0,0,True,b01,132,137,tsne,42
LSTM,81,24.565235137939453,-3.2145273685455322,0,0,True,c02,70,75,tsne,42
LSTM,82,-20.502599716186523,0.7693859338760376,2,2,True,c01,212,217,tsne,42
LSTM,83,-16.24061393737793,-6.05832052230835,2,2,True,c02,223,228,tsne,42
LSTM,84,-21.2744140625,0.5717657804489136,2,2,True,c01,209,214,tsne,42
LSTM,85,10.672516822814941,21.969499588012695,1,1,True,a01,203,208,tsne,42
LSTM,86,-6.541280269622803,-19.344013214111328,2,2,True,a01,523,528,tsne,42
LSTM,87,9.685535430908203,22.213788986206055,1,1,True,a01,208,213,tsne,42
LSTM,88,10.993608474731445,22.89431381225586,1,1,True,a01,207,212,tsne,42
LSTM,89,-14.88815689086914,-7.729091644287109,2,2,True,b01,533,538,tsne,42
LSTM,90,13.93470287322998,10.887420654296875,1,1,True,c01,125,130,tsne,42
LSTM,91,21.844106674194336,0.9427191019058228,0,0,True,b01,127,132,tsne,42
LSTM,92,9.51769733428955,20.300411224365234,1,1,True,a01,198,203,tsne,42
LSTM,93,17.15550422668457,8.088817596435547,0,1,False,a01,91,96,tsne,42
LSTM,94,-2.8360366821289062,-12.203059196472168,2,2,True,a01,502,507,tsne,42
LSTM,95,-7.437891960144043,-9.95283317565918,2,2,True,c02,209,214,tsne,42
LSTM,96,24.541900634765625,-2.112499475479126,0,0,True,c02,76,81,tsne,42
LSTM,97,-6.138338565826416,-15.203272819519043,2,2,True,a01,493,498,tsne,42
LSTM,98,-7.132548809051514,-18.395896911621094,2,2,True,a01,533,538,tsne,42
LSTM,99,18.04413414001465,6.452466011047363,0,1,False,a01,92,97,tsne,42
LSTM,100,17.49441909790039,7.656122207641602,0,1,False,b01,135,140,tsne,42
LSTM,101,-16.87645149230957,-6.667954921722412,2,2,True,c02,225,230,tsne,42
LSTM,102,18.58554458618164,5.649038314819336,0,0,True,a01,93,98,tsne,42
LSTM,103,10.31371021270752,20.599363327026367,1,1,True,a01,199,204,tsne,42
LSTM,104,21.253047943115234,1.363571047782898,0,0,True,b01,122,127,tsne,42
LSTM,105,-2.6037206649780273,-16.2509708404541,2,2,True,a01,495,500,tsne,42
LSTM,106,7.842957973480225,13.295735359191895,1,1,True,c01,134,139,tsne,42
LSTM,107,-13.079675674438477,-2.962552070617676,2,2,True,b01,570,575,tsne,42
LSTM,108,-15.509224891662598,0.2815873324871063,2,2,True,b01,584,589,tsne,42
LSTM,109,-13.060678482055664,-8.460770606994629,2,2,True,b01,534,539,tsne,42
LSTM,110,4.67772912979126,14.909308433532715,1,2,False,b01,276,281,tsne,42
LSTM,111,-14.09729290008545,-6.57357931137085,2,2,True,b01,540,545,tsne,42
LSTM,112,-15.130070686340332,-1.0996723175048828,2,2,True,b01,580,585,tsne,42
LSTM,113,-15.310030937194824,-6.782544136047363,2,2,True,b01,554,559,tsne,42
LSTM,114,16.068758010864258,8.678705215454102,0,1,False,b01,142,147,tsne,42
LSTM,115,22.161577224731445,-0.6413766145706177,0,0,True,a01,84,89,tsne,42
LSTM,116,-4.170387268066406,-14.732928276062012,2,2,True,a01,544,549,tsne,42
LSTM,117,9.135453224182129,13.819368362426758,1,1,True,c01,137,142,tsne,42
LSTM,118,4.9854230880737305,15.574315071105957,1,2,False,b01,275,280,tsne,42
LSTM,119,-18.00043296813965,-0.3766706585884094,2,2,True,b01,605,610,tsne,42
LSTM,120,15.782364845275879,9.162611961364746,0,1,False,b01,143,148,tsne,42
LSTM,121,20.589271545410156,3.0164051055908203,0,0,True,a01,101,106,tsne,42
LSTM,122,6.8118510246276855,14.26732349395752,1,1,True,c01,148,153,tsne,42
LSTM,123,5.297114849090576,14.835932731628418,1,2,False,b01,273,278,tsne,42
LSTM,124,-4.680962085723877,-13.547067642211914,2,2,True,a01,550,555,tsne,42
LSTM,125,7.390693664550781,21.092161178588867,1,1,True,b01,257,262,tsne,42
LSTM,126,10.273965835571289,22.54194450378418,1,1,True,a01,206,211,tsne,42
LSTM,127,5.61983585357666,15.669238090515137,1,2,False,b01,283,288,tsne,42
LSTM,128,-15.613768577575684,-2.5592167377471924,2,2,True,c02,233,238,tsne,42
LSTM,129,-12.67235279083252,-1.1393210887908936,2,2,True,b01,569,574,tsne,42
LSTM,130,-16.924551010131836,-7.666083335876465,2,2,True,c02,213,218,tsne,42
LSTM,131,6.424538612365723,14.075584411621094,1,1,True,c01,149,154,tsne,42
LSTM,132,15.367335319519043,9.587228775024414,0,1,False,c02,82,87,tsne,42
LSTM,133,-17.259897232055664,2.1355295181274414,2,2,True,b01,599,604,tsne,42
LSTM,134,22.023914337158203,1.096097707748413,0,0,True,b01,124,129,tsne,42
LSTM,135,-6.660156726837158,-18.731689453125,2,2,True,a01,531,536,tsne,42
LSTM,136,-20.98320960998535,-0.21139882504940033,2,2,True,c01,216,221,tsne,42
LSTM,137,-2.278585433959961,-12.860413551330566,2,2,True,a01,519,524,tsne,42
LSTM,138,7.348234176635742,18.340789794921875,1,1,True,b01,270,275,tsne,42
LSTM,139,20.081323623657227,3.6340699195861816,0,0,True,b01,131,136,tsne,42
LSTM,140,7.651019096374512,19.134462356567383,1,1,True,b01,261,266,tsne,42
LSTM,141,-15.543944358825684,-3.664905548095703,2,2,True,c02,232,237,tsne,42
LSTM,142,-21.297809600830078,-0.7053716778755188,2,2,True,c01,205,210,tsne,42
LSTM,143,-3.9798922538757324,-12.993292808532715,2,2,True,a01,549,554,tsne,42
LSTM,144,-19.563026428222656,-1.6618640422821045,2,2,True,c01,215,220,tsne,42
LSTM,145,-12.88520622253418,-4.41019868850708,2,2,True,b01,545,550,tsne,42
LSTM,146,-12.472248077392578,-1.360229730606079,2,2,True,b01,568,573,tsne,42
LSTM,147,-6.895987033843994,-17.757423400878906,2,2,True,a01,490,495,tsne,42
LSTM,148,10.287543296813965,21.321365356445312,1,1,True,a01,218,223,tsne,42
LSTM,149,0.7623810768127441,-13.073451042175293,2,2,True,a01,559,564,tsne,42
LSTM,150,0.08619870990514755,-13.86583423614502,2,2,True,a01,556,561,tsne,42
LSTM,151,16.982534408569336,6.920764923095703,0,1,False,b01,140,145,tsne,42
LSTM,152,8.924427032470703,14.463501930236816,1,1,True,c01,138,143,tsne,42
LSTM,153,6.700167655944824,20.245773315429688,1,1,True,b01,258,263,tsne,42
LSTM,154,-17.050090789794922,-7.443132400512695,2,2,True,c02,226,231,tsne,42
LSTM,155,-18.487476348876953,-5.842615604400635,2,2,True,c02,218,223,tsne,42
LSTM,156,15.513686180114746,9.127814292907715,0,1,False,c02,80,85,tsne,42
LSTM,157,-16.039831161499023,0.8322649002075195,2,2,True,b01,577,582,tsne,42
LSTM,158,22.909788131713867,0.36115866899490356,0,0,True,c02,77,82,tsne,42
LSTM,159,-17.72933006286621,-8.176809310913086,2,2,True,c02,230,235,tsne,42
LSTM,160,-7.735538482666016,-18.286333084106445,2,2,True,a01,489,494,tsne,42
LSTM,161,8.179101943969727,19.67412757873535,1,1,True,a01,214,219,tsne,42
LSTM,162,22.131357192993164,-0.30101278424263,0,0,True,a01,87,92,tsne,42
LSTM,163,22.573402404785156,-0.5016348958015442,0,0,True,a01,81,86,tsne,42
LSTM,164,17.46381378173828,7.198997974395752,0,1,False,b01,137,142,tsne,42
LSTM,165,-16.602994918823242,1.852341890335083,2,2,True,b01,600,605,tsne,42
LSTM,166,20.616355895996094,2.648855447769165,0,0,True,a01,96,101,tsne,42
LSTM,167,-15.217731475830078,-0.6201062202453613,2,2,True,b01,562,567,tsne,42
LSTM,168,-13.160122871398926,-2.131805658340454,2,2,True,b01,566,571,tsne,42
LSTM,169,10.10952377319336,21.423519134521484,1,1,True,a01,216,221,tsne,42
LSTM,170,-1.0667046308517456,-16.89138412475586,2,2,True,a01,538,543,tsne,42
LSTM,171,17.241811752319336,7.135705947875977,0,1,False,b01,138,143,tsne,42
LSTM,172,-2.1794004440307617,-16.960956573486328,2,2,True,a01,536,541,tsne,42
LSTM,173,-5.132943153381348,-14.957603454589844,2,2,True,a01,553,558,tsne,42
LSTM,174,8.002942085266113,12.768329620361328,1,1,True,c01,131,136,tsne,42
LSTM,175,-18.525556564331055,-6.906853199005127,2,2,True,c02,229,234,tsne,42
LSTM,176,17.843740463256836,6.200351238250732,0,1,False,b01,134,139,tsne,42
LSTM,177,5.866812229156494,18.00714874267578,1,2,False,b01,278,283,tsne,42
LSTM,178,-14.064717292785645,-2.672506332397461,2,2,True,b01,596,601,tsne,42
LSTM,179,-12.469596862792969,-7.907646656036377,2,2,True,b01,537,542,tsne,42
LSTM,180,-13.261022567749023,0.09173598140478134,2,2,True,b01,565,570,tsne,42
LSTM,181,7.997152328491211,12.653642654418945,1,1,True,c01,132,137,tsne,42
LSTM,182,-14.605060577392578,-5.34919548034668,2,2,True,b01,556,561,tsne,42
LSTM,183,-6.6096577644348145,-18.423540115356445,2,2,True,a01,524,529,tsne,42
LSTM,184,9.00985050201416,13.817828178405762,1,1,True,c01,129,134,tsne,42
LSTM,185,-17.700519561767578,-7.517688751220703,2,2,True,c02,217,222,tsne,42
LSTM,186,-17.15875244140625,-0.005509497132152319,2,2,True,b01,578,583,tsne,42
LSTM,187,-15.102783203125,0.7208271026611328,2,2,True,b01,573,578,tsne,42
LSTM,188,6.101484775543213,17.83046531677246,1,1,True,b01,260,265,tsne,42
LSTM,189,16.32880973815918,6.306341648101807,0,1,False,c01,27,32,tsne,42
LSTM,190,24.822824478149414,-2.4119467735290527,0,0,True,c02,75,80,tsne,42
LSTM,191,-5.640066146850586,-19.270206451416016,2,2,True,a01,487,492,tsne,42
LSTM,192,-14.423820495605469,-0.07131043821573257,2,2,True,b01,560,565,tsne,42
LSTM,193,-4.519618034362793,-15.046428680419922,2,2,True,a01,554,559,tsne,42
LSTM,194,-18.290966033935547,-7.202685356140137,2,2,True,c02,214,219,tsne,42
LSTM,195,-14.527761459350586,-0.6092870235443115,2,2,True,b01,597,602,tsne,42
LSTM,196,20.88951301574707,0.841059148311615,0,0,True,a01,83,88,tsne,42
LSTM,197,7.055970668792725,18.966814041137695,1,1,True,b01,271,276,tsne,42
LSTM,198,-15.629278182983398,-0.4271485507488251,2,2,True,b01,585,590,tsne,42
LSTM,199,4.905001163482666,15.273124694824219,1,2,False,b01,281,286,tsne,42
LSTM,200,-14.234918594360352,-1.72466242313385,2,2,True,b01,586,591,tsne,42
LSTM,201,10.946412086486816,13.897375106811523,1,1,True,c01,141,146,tsne,42
LSTM,202,4.872889995574951,15.062230110168457,1,2,False,b01,274,279,tsne,42
LSTM,203,22.34983253479004,-0.8602374196052551,0,0,True,a01,85,90,tsne,42
LSTM,204,-3.6252338886260986,-15.198521614074707,2,2,True,a01,543,548,tsne,42
LSTM,205,-19.103395462036133,-1.2676886320114136,2,2,True,c01,214,219,tsne,42
LSTM,206,18.449281692504883,5.254303455352783,0,0,True,b01,133,138,tsne,42
LSTM,207,-10.213479042053223,-9.444518089294434,2,2,True,b01,590,595,tsne,42
LSTM,208,9.183449745178223,19.926189422607422,1,1,True,b01,268,273,tsne,42
LSTM,209,-2.622448682785034,-12.078753471374512,2,2,True,a01,513,518,tsne,42
LSTM,210,-0.4366631805896759,-14.937934875488281,2,2,True,a01,499,504,tsne,42
LSTM,211,-21.180212020874023,0.4746261537075043,2,2,True,c01,210,215,tsne,42
LSTM,212,23.06985092163086,-0.7286027073860168,0,0,True,b01,116,121,tsne,42
LSTM,213,-20.930099487304688,0.8398367762565613,2,2,True,c01,211,216,tsne,42
LSTM,214,16.62644386291504,7.106665134429932,0,1,False,c02,79,84,tsne,42
LSTM,215,20.209848403930664,4.321176052093506,0,0,True,c01,25,30,tsne,42
LSTM,216,-17.536794662475586,-7.264760494232178,2,2,True,c02,227,232,tsne,42
LSTM,217,-2.2754061222076416,-12.190884590148926,2,2,True,a01,516,521,tsne,42
LSTM,218,8.419979095458984,12.76705265045166,1,1,True,c01,133,138,tsne,42
LSTM,219,-7.463148593902588,-11.541419982910156,2,2,True,a01,510,515,tsne,42
LSTM,220,-1.1008827686309814,-16.68121910095215,2,2,True,a01,539,544,tsne,42
LSTM,221,-12.417160987854004,-7.027581214904785,2,2,True,b01,536,541,tsne,42
LSTM,222,-2.653869390487671,-12.76596736907959,2,2,True,a01,517,522,tsne,42
LSTM,223,-19.025785446166992,-6.102049827575684,2,2,True,c02,220,225,tsne,42
LSTM,224,0.7900129556655884,-12.8604097366333,2,2,True,a01,560,565,tsne,42
LSTM,225,-6.765856742858887,-12.690431594848633,2,2,True,a01,505,510,tsne,42
LSTM,226,-13.805941581726074,-6.949953079223633,2,2,True,b01,550,555,tsne,42
LSTM,227,10.074780464172363,20.774812698364258,1,1,True,a01,215,220,tsne,42
LSTM,228,-1.6113859415054321,-16.13327407836914,2,2,True,a01,541,546,tsne,42
LSTM,229,7.025847434997559,18.518478393554688,1,1,True,b01,266,271,tsne,42
LSTM,230,-5.943212985992432,-18.490324020385742,2,2,True,a01,529,534,tsne,42
LSTM,231,-16.102685928344727,-0.33535513281822205,2,2,True,b01,581,586,tsne,42
LSTM,232,23.726394653320312,-2.302241325378418,0,0,True,b01,115,120,tsne,42
LSTM,233,-21.322690963745117,0.4869648516178131,2,2,True,c01,208,213,tsne,42
LSTM,234,15.276527404785156,9.516972541809082,0,1,False,c02,81,86,tsne,42
LSTM,235,-12.030739784240723,-9.409507751464844,2,2,True,c02,211,216,tsne,42
LSTM,236,11.139036178588867,21.883548736572266,1,1,True,a01,217,222,tsne,42
LSTM,237,19.84033966064453,2.6114635467529297,0,0,True,a01,97,102,tsne,42
LSTM,238,25.136634826660156,-2.8873493671417236,0,0,True,c02,67,72,tsne,42
LSTM,239,0.7521810531616211,-13.143678665161133,2,2,True,a01,558,563,tsne,42
LSTM,240,8.06270980834961,13.4282865524292,1,1,True,c01,135,140,tsne,42
LSTM,241,16.792011260986328,7.927833080291748,0,1,False,b01,136,141,tsne,42
LSTM,242,-1.5729535818099976,-16.764358520507812,2,2,True,a01,537,542,tsne,42
LSTM,243,16.60021209716797,6.151865482330322,0,1,False,c01,26,31,tsne,42
LSTM,244,-12.751522064208984,-7.243431091308594,2,2,True,b01,549,554,tsne,42
LSTM,245,-21.34905433654785,-0.2556023597717285,2,2,True,c01,207,212,tsne,42
LSTM,246,-13.82375717163086,0.7907568216323853,2,2,True,b01,561,566,tsne,42
LSTM,247,20.349544525146484,3.6902291774749756,0,0,True,a01,102,107,tsne,42
LSTM,248,-3.911649703979492,-12.472369194030762,2,2,True,a01,512,517,tsne,42
LSTM,249,16.226869583129883,6.377777576446533,0,1,False,c01,28,33,tsne,42
LSTM,250,-18.208782196044922,-7.8994340896606445,2,2,True,c02,228,233,tsne,42
LSTM,251,-14.753396034240723,-5.589038848876953,2,2,True,b01,551,556,tsne,42
LSTM,252,-9.615021705627441,-9.859971046447754,2,2,True,b01,589,594,tsne,42
LSTM,253,-5.3701605796813965,-18.403982162475586,2,2,True,a01,535,540,tsne,42
LSTM,254,-1.068367600440979,-15.924407958984375,2,2,True,a01,497,502,tsne,42
LSTM,255,21.078922271728516,3.3858890533447266,0,0,True,c02,78,83,tsne,42
LSTM,256,-17.421920776367188,0.7623785138130188,2,2,True,b01,603,608,tsne,42
LSTM,257,-12.735635757446289,-6.061474800109863,2,2,True,b01,548,553,tsne,42
LSTM,258,-6.655101776123047,-18.213043212890625,2,2,True,a01,532,537,tsne,42
LSTM,259,8.81100082397461,13.240339279174805,1,1,True,c01,136,141,tsne,42
LSTM,260,-5.827882766723633,-13.233132362365723,2,2,True,a01,511,516,tsne,42
LSTM,261,19.952810287475586,2.6137232780456543,0,0,True,b01,120,125,tsne,42
LSTM,262,10.387207984924316,22.7665958404541,1,1,True,a01,209,214,tsne,42
LSTM,263,10.41488265991211,21.630414962768555,1,1,True,a01,220,225,tsne,42
LSTM,264,-14.412862777709961,-3.951054573059082,2,2,True,b01,544,549,tsne,42
LSTM,265,9.9429931640625,21.8624210357666,1,1,True,a01,204,209,tsne,42
LSTM,266,-0.08561721444129944,-12.060301780700684,2,2,True,a01,484,489,tsne,42
LSTM,267,-7.3540215492248535,-11.398012161254883,2,2,True,a01,506,511,tsne,42
LSTM,268,7.060494422912598,19.004802703857422,1,1,True,b01,286,291,tsne,42
LSTM,269,7.004063606262207,17.7044677734375,1,1,True,b01,264,269,tsne,42
LSTM,270,17.448190689086914,6.59897518157959,0,1,False,b01,139,144,tsne,42
LSTM,271,-18.75252342224121,-5.701075553894043,2,2,True,c02,221,226,tsne,42
LSTM,272,23.811094284057617,-1.715632438659668,0,0,True,b01,111,116,tsne,42
LSTM,273,8.399608612060547,14.443573951721191,1,1,True,c01,146,151,tsne,42
LSTM,274,-11.92664623260498,-1.8967190980911255,2,2,True,b01,567,572,tsne,42
LSTM,275,-1.4914182424545288,-12.246617317199707,2,2,True,a01,518,523,tsne,42
LSTM,276,-15.11198616027832,-5.849088668823242,2,2,True,b01,555,560,tsne,42
LSTM,277,21.336252212524414,2.7758123874664307,0,0,True,b01,130,135,tsne,42
LSTM,278,-16.311391830444336,-6.461655139923096,2,2,True,c02,224,229,tsne,42
LSTM,279,18.795177459716797,5.067849159240723,0,0,True,a01,89,94,tsne,42
LSTM,280,21.8482666015625,0.39371153712272644,0,0,True,b01,118,123,tsne,42
LSTM,281,-5.07133150100708,-18.14389419555664,2,2,True,a01,528,533,tsne,42
LSTM,282,5.814749240875244,15.419885635375977,1,2,False,b01,284,289,tsne,42
LSTM,283,-6.352288722991943,-17.829055786132812,2,2,True,a01,526,531,tsne,42
LSTM,284,-13.29980182647705,-8.591063499450684,2,2,True,b01,535,540,tsne,42
LSTM,285,-16.45708465576172,1.7679866552352905,2,2,True,b01,576,581,tsne,42
LSTM,286,15.196507453918457,9.93675422668457,0,1,False,c02,83,88,tsne,42
LSTM,287,-14.53879451751709,0.26350757479667664,2,2,True,b01,563,568,tsne,42
LSTM,288,-14.13074779510498,-0.012003475800156593,2,2,True,b01,564,569,tsne,42
LSTM,289,6.330810546875,14.722366333007812,1,1,True,c01,147,152,tsne,42
LSTM,290,-6.004883766174316,-18.908668518066406,2,2,True,a01,534,539,tsne,42
LSTM,291,-0.5853412747383118,-14.566458702087402,2,2,True,a01,498,503,tsne,42
LSTM,292,21.371047973632812,0.39621207118034363,0,0,True,a01,82,87,tsne,42
LSTM,293,23.88513946533203,-2.4473133087158203,0,0,True,b01,114,119,tsne,42
LSTM,294,6.46738862991333,20.594207763671875,1,1,True,b01,256,261,tsne,42
LSTM,295,-14.19936466217041,-7.033946514129639,2,2,True,b01,539,544,tsne,42
LSTM,296,5.397401332855225,15.237714767456055,1,2,False,b01,277,282,tsne,42
LSTM,297,9.07658576965332,21.532241821289062,1,1,True,a01,210,215,tsne,42
LSTM,298,-1.175215482711792,-16.593936920166016,2,2,True,a01,540,545,tsne,42
LSTM,299,24.37464141845703,-1.9997268915176392,0,0,True,c02,73,78,tsne,42
LSTM,300,-16.975967407226562,1.4024296998977661,2,2,True,b01,575,580,tsne,42
LSTM,301,-6.246039867401123,-14.352209091186523,2,2,True,a01,492,497,tsne,42
LSTM,302,24.07150650024414,-2.7494747638702393,0,0,True,c02,71,76,tsne,42
LSTM,303,-3.010469436645508,-15.938572883605957,2,2,True,a01,494,499,tsne,42
LSTM,304,10.937091827392578,22.53544807434082,1,1,True,a01,205,210,tsne,42
LSTM,305,-2.6872830390930176,-13.291439056396484,2,2,True,a01,520,525,tsne,42
LSTM,306,-17.579160690307617,1.2304102182388306,2,2,True,b01,602,607,tsne,42
LSTM,307,-18.076824188232422,-2.358964204788208,2,2,True,b01,607,612,tsne,42
LSTM,308,20.658605575561523,2.0180041790008545,0,0,True,b01,125,130,tsne,42
LSTM,309,-9.862098693847656,-9.700335502624512,2,2,True,b01,594,599,tsne,42
LSTM,310,-20.775070190429688,0.4995337426662445,2,2,True,c01,213,218,tsne,42
LSTM,311,5.2015581130981445,14.919995307922363,1,2,False,b01,280,285,tsne,42
LSTM,312,-17.981229782104492,0.4261055886745453,2,2,True,b01,604,609,tsne,42
LSTM,313,-12.89667797088623,-3.9011943340301514,2,2,True,b01,587,592,tsne,42
LSTM,314,-9.639275550842285,-9.94277572631836,2,2,True,b01,591,596,tsne,42
LSTM,315,25.130420684814453,-3.145887851715088,0,0,True,c02,68,73,tsne,42
LSTM,316,6.269233226776123,17.285701751708984,1,1,True,b01,272,277,tsne,42
LSTM,317,-2.844369649887085,-15.850384712219238,2,2,True,a01,542,547,tsne,42
LSTM,318,24.92845916748047,-2.517892360687256,0,0,True,c02,74,79,tsne,42
LSTM,319,21.1746768951416,1.945474624633789,0,0,True,b01,126,131,tsne,42
LSTM,320,8.683085441589355,19.691661834716797,1,1,True,b01,265,270,tsne,42
LSTM,321,8.502897262573242,13.415518760681152,1,1,True,c01,130,135,tsne,42
LSTM,322,-13.252250671386719,-0.6201313734054565,2,2,True,b01,559,564,tsne,42
LSTM,323,9.331707000732422,13.677081108093262,1,1,True,c01,128,133,tsne,42
LSTM,324,22.604631423950195,-0.040651462972164154,0,0,True,b01,123,128,tsne,42
LSTM,325,-16.833112716674805,2.05853009223938,2,2,True,b01,601,606,tsne,42
LSTM,326,-4.869961738586426,-15.095345497131348,2,2,True,a01,545,550,tsne,42
LSTM,327,8.398091316223145,18.916296005249023,1,1,True,b01,269,274,tsne,42
LSTM,328,-18.060630798339844,-6.767978191375732,2,2,True,c02,216,221,tsne,42
LSTM,329,-5.725564002990723,-17.986045837402344,2,2,True,a01,522,527,tsne,42
LSTM,330,-8.047762870788574,-11.47768497467041,2,2,True,a01,508,513,tsne,42
LSTM,331,18.325288772583008,6.130708694458008,0,0,True,a01,90,95,tsne,42
LSTM,332,-2.873072624206543,-13.581724166870117,2,2,True,a01,503,508,tsne,42
LSTM,333,-0.273457407951355,-10.5894775390625,2,2,True,a01,482,487,tsne,42
LSTM,334,-11.871699333190918,-3.1592228412628174,2,2,True,b01,595,600,tsne,42
LSTM,335,19.99717903137207,3.1292836666107178,0,0,True,a01,98,103,tsne,42
LSTM,336,9.19350528717041,20.67837905883789,1,1,True,a01,196,201,tsne,42
LSTM,337,-7.529530048370361,-11.742789268493652,2,2,True,a01,507,512,tsne,42
LSTM,338,-6.949584484100342,-18.854572296142578,2,2,True,a01,525,530,tsne,42
LSTM,339,-11.811694145202637,-7.287550926208496,2,2,True,b01,588,593,tsne,42
LSTM,340,-18.664934158325195,-2.081879138946533,2,2,True,b01,608,613,tsne,42
LSTM,341,8.817044258117676,19.471134185791016,1,1,True,a01,197,202,tsne,42
LSTM,342,7.711102485656738,19.6987361907959,1,1,True,a01,212,217,tsne,42
LSTM,343,16.647220611572266,7.4614787101745605,0,1,False,b01,141,146,tsne,42
LSTM,344,-18.792360305786133,-6.19516658782959,2,2,True,c02,219,224,tsne,42
LSTM,345,11.195107460021973,13.572957992553711,1,1,True,c01,142,147,tsne,42
LSTM,346,21.021373748779297,2.4503891468048096,0,0,True,a01,100,105,tsne,42
LSTM,347,-16.235525131225586,-0.9363115429878235,2,2,True,b01,583,588,tsne,42
LSTM,348,-5.244610786437988,-14.142149925231934,2,2,True,a01,546,551,tsne,42
LSTM,349,0.2599394619464874,-13.86182975769043,2,2,True,a01,557,562,tsne,42
LSTM,350,10.216476440429688,13.694368362426758,1,1,True,c01,145,150,tsne,42
LSTM,351,-5.974539756774902,-18.068546295166016,2,2,True,a01,530,535,tsne,42
LSTM,352,-12.599358558654785,-6.565683841705322,2,2,True,b01,547,552,tsne,42
LSTM,353,22.88340950012207,-0.423622727394104,0,0,True,b01,117,122,tsne,42
LSTM,354,20.782121658325195,1.342298984527588,0,0,True,a01,88,93,tsne,42
LSTM,355,-5.118762016296387,-14.370306015014648,2,2,True,a01,552,557,tsne,42
Inception,0,21.383262634277344,-7.030653953552246,2,2,True,c02,208,213,tsne,42
Inception,1,2.922375440597534,12.192712783813477,2,2,True,a01,496,501,tsne,42
Inception,2,24.959806442260742,-1.057877540588379,2,2,True,b01,558,563,tsne,42
Inception,3,-12.11931324005127,-2.382025718688965,1,1,True,c01,127,132,tsne,42
Inception,4,0.9297854900360107,15.827399253845215,2,2,True,a01,521,526,tsne,42
Inception,5,20.350536346435547,-7.399853229522705,2,2,True,c02,210,215,tsne,42
Inception,6,-33.65055847167969,4.774761199951172,0,0,True,c02,69,74,tsne,42
Inception,7,-1.5379353761672974,12.375131607055664,2,2,True,a01,504,509,tsne,42
Inception,8,30.435619354248047,-1.941416621208191,2,2,True,b01,598,603,tsne,42
Inception,9,-15.171589851379395,0.2992038130760193,0,1,False,c02,84,89,tsne,42
Inception,10,9.617783546447754,13.511913299560547,2,2,True,a01,555,560,tsne,42
Inception,11,23.30708122253418,-2.1482226848602295,2,2,True,b01,553,558,tsne,42
Inception,12,17.96881103515625,-4.268055438995361,2,2,True,c02,231,236,tsne,42
Inception,13,0.038102105259895325,12.819443702697754,2,2,True,a01,500,505,tsne,42
Inception,14,-9.700057029724121,2.9508273601531982,1,1,True,c01,144,149,tsne,42
Inception,15,33.23918914794922,-1.8874369859695435,2,2,True,b01,582,587,tsne,42
Inception,16,21.659761428833008,-0.0066194720566272736,2,2,True,b01,541,546,tsne,42
Inception,17,-26.725666046142578,0.04930755868554115,0,0,True,a01,99,104,tsne,42
Inception,18,-28.173433303833008,-0.745360255241394,0,0,True,a01,95,100,tsne,42
Inception,19,-4.766859531402588,-16.685077667236328,1,1,True,b01,263,268,tsne,42
Inception,20,23.181907653808594,0.012065061368048191,2,2,True,b01,538,543,tsne,42
Inception,21,-6.306723594665527,-14.858567237854004,1,1,True,b01,285,290,tsne,42
Inception,22,2.012152910232544,8.227646827697754,2,2,True,a01,486,491,tsne,42
Inception,23,26.930326461791992,-8.342436790466309,2,2,True,c01,206,211,tsne,42
Inception,24,-9.642572402954102,-17.0794734954834,1,1,True,a01,201,206,tsne,42
Inception,25,22.486026763916016,0.19005373120307922,2,2,True,b01,542,547,tsne,42
Inception,26,-28.456571578979492,7.98729944229126,0,0,True,b01,119,124,tsne,42
Inception,27,32.74520492553711,-2.411693811416626,2,2,True,b01,579,584,tsne,42
Inception,28,32.525814056396484,-0.710752546787262,2,2,True,b01,606,611,tsne,42
Inception,29,-9.385906219482422,-17.11160659790039,1,1,True,a01,200,205,tsne,42
Inception,30,20.987991333007812,-6.6294755935668945,2,2,True,c02,207,212,tsne,42
Inception,31,28.22010612487793,6.624438762664795,2,2,True,b01,593,598,tsne,42
Inception,32,-10.320592880249023,-16.066282272338867,1,1,True,a01,211,216,tsne,42
Inception,33,-0.11614102870225906,9.842544555664062,2,1,False,a01,483,488,tsne,42
Inception,34,-27.458900451660156,5.9032464027404785,0,0,True,b01,113,118,tsne,42
Inception,35,23.243000030517578,-1.706065058708191,2,2,True,b01,552,557,tsne,42
Inception,36,1.8004554510116577,8.235675811767578,2,2,True,a01,485,490,tsne,42
Inception,37,-2.512629270553589,11.209603309631348,2,1,False,a01,481,486,tsne,42
Inception,38,-9.786835670471191,3.2696049213409424,1,1,True,c01,143,148,tsne,42
Inception,39,25.211965560913086,-1.1676390171051025,2,2,True,b01,557,562,tsne,42
Inception,40,-26.74265480041504,3.890913486480713,0,0,True,b01,128,133,tsne,42
Inception,41,-4.522355556488037,-18.19736671447754,1,1,True,b01,279,284,tsne,42
Inception,42,-27.168357849121094,-1.2751872539520264,0,0,True,a01,103,108,tsne,42
Inception,43,-26.29128646850586,4.998475551605225,0,0,True,b01,129,134,tsne,42
Inception,44,2.7237987518310547,14.551970481872559,2,2,True,a01,514,519,tsne,42
Inception,45,-4.102416038513184,-16.408525466918945,1,1,True,b01,262,267,tsne,42
Inception,46,-32.61489486694336,4.2754364013671875,0,0,True,c02,72,77,tsne,42
Inception,47,-28.20745086669922,-0.3837636113166809,0,0,True,a01,94,99,tsne,42
Inception,48,2.6229658126831055,14.587969779968262,2,2,True,a01,515,520,tsne,42
Inception,49,23.760316848754883,-0.3088007867336273,2,2,True,b01,543,548,tsne,42
Inception,50,8.532198905944824,14.759339332580566,2,2,True,a01,551,556,tsne,42
Inception,51,-0.22764334082603455,12.436200141906738,2,2,True,a01,501,506,tsne,42
Inception,52,28.535627365112305,6.815536022186279,2,2,True,b01,592,597,tsne,42
Inception,53,20.145648956298828,-1.062522292137146,1,1,True,c02,107,112,tsne,42
Inception,54,-28.507429122924805,4.3145222663879395,0,0,True,b01,112,117,tsne,42
Inception,55,2.916311740875244,8.548495292663574,2,2,True,a01,491,496,tsne,42
Inception,56,-11.057788848876953,1.435601830482483,1,1,True,c01,140,145,tsne,42
Inception,57,-12.38583755493164,-1.9814085960388184,1,1,True,c01,126,131,tsne,42
Inception,58,29.170862197875977,-3.3516550064086914,2,2,True,b01,572,577,tsne,42
Inception,59,-3.312983512878418,-16.17363166809082,1,1,True,b01,267,272,tsne,42
Inception,60,-11.251336097717285,1.0432392358779907,1,1,True,c01,139,144,tsne,42
Inception,61,-30.27466583251953,2.962606430053711,0,0,True,a01,86,91,tsne,42
Inception,62,17.263486862182617,-8.112934112548828,2,2,True,c02,222,227,tsne,42
Inception,63,-13.40536880493164,-15.978718757629395,1,1,True,a01,219,224,tsne,42
Inception,64,16.472375869750977,-6.244433879852295,2,2,True,c02,215,220,tsne,42
Inception,65,-29.261091232299805,7.640946388244629,0,0,True,b01,121,126,tsne,42
Inception,66,3.323028564453125,7.449500560760498,2,2,True,a01,488,493,tsne,42
Inception,67,-2.3798320293426514,17.36292839050293,2,2,True,a01,527,532,tsne,42
Inception,68,19.336986541748047,-6.842801570892334,2,2,True,c02,212,217,tsne,42
Inception,69,-3.548189401626587,-15.280600547790527,1,1,True,b01,259,264,tsne,42
Inception,70,30.620275497436523,-4.1528449058532715,2,2,True,b01,574,579,tsne,42
Inception,71,24.838088989257812,1.5363109111785889,2,2,True,b01,546,551,tsne,42
Inception,72,7.1783928871154785,14.771061897277832,2,2,True,a01,547,552,tsne,42
Inception,73,-10.386087417602539,-17.216228485107422,1,1,True,a01,202,207,tsne,42
Inception,74,29.02521324157715,1.6017863750457764,2,2,True,b01,571,576,tsne,42
Inception,75,7.600427150726318,14.839394569396973,2,2,True,a01,548,553,tsne,42
Inception,76,-13.119134902954102,-0.6503018736839294,1,1,True,c01,124,129,tsne,42
Inception,77,-2.562704086303711,15.005901336669922,2,2,True,a01,509,514,tsne,42
Inception,78,-11.748939514160156,-17.50402069091797,1,1,True,a01,213,218,tsne,42
Inception,79,-0.43982362747192383,-19.27387237548828,1,2,False,b01,282,287,tsne,42
Inception,80,-25.804393768310547,3.7907896041870117,0,1,False,b01,132,137,tsne,42
Inception,81,-33.33583068847656,4.5319647789001465,0,0,True,c02,70,75,tsne,42
Inception,82,29.619569778442383,-9.86695384979248,2,2,True,c01,212,217,tsne,42
Inception,83,19.48232078552246,-5.996369361877441,2,2,True,c02,223,228,tsne,42
Inception,84,28.680097579956055,-10.133771896362305,2,2,True,c01,209,214,tsne,42
Inception,85,-11.126307487487793,-17.05242347717285,1,1,True,a01,203,208,tsne,42
Inception,86,-0.8149236440658569,18.450603485107422,2,2,True,a01,523,528,tsne,42
Inception,87,-11.223103523254395,-15.90693473815918,1,1,True,a01,208,213,tsne,42
Inception,88,-11.907703399658203,-15.973554611206055,1,1,True,a01,207,212,tsne,42
Inception,89,21.32546615600586,-2.5642993450164795,2,2,True,b01,533,538,tsne,42
Inception,90,-12.725577354431152,-1.3860307931900024,1,1,True,c01,125,130,tsne,42
Inception,91,-27.243038177490234,4.012554168701172,0,0,True,b01,127,132,tsne,42
Inception,92,-9.997706413269043,-17.80977439880371,1,1,True,a01,198,203,tsne,42
Inception,93,-29.31541633605957,-0.7916792631149292,0,1,False,a01,91,96,tsne,42
Inception,94,-0.7632020711898804,11.763379096984863,2,2,True,a01,502,507,tsne,42
Inception,95,21.421207427978516,-7.2486066818237305,2,2,True,c02,209,214,tsne,42
Inception,96,-31.915897369384766,5.575084686279297,0,0,True,c02,76,81,tsne,42
Inception,97,1.9416022300720215,10.198308944702148,2,2,True,a01,493,498,tsne,42
Inception,98,0.07577048242092133,17.550045013427734,2,2,True,a01,533,538,tsne,42
Inception,99,-28.748170852661133,-1.0436660051345825,0,0,True,a01,92,97,tsne,42
Inception,100,-24.69519805908203,2.3223066329956055,0,1,False,b01,135,140,tsne,42
Inception,101,20.312917709350586,-5.226935386657715,2,2,True,c02,225,230,tsne,42
Inception,102,-28.930063247680664,-0.6149396896362305,0,0,True,a01,93,98,tsne,42
Inception,103,-9.722734451293945,-17.816957473754883,1,1,True,a01,199,204,tsne,42
Inception,104,-29.444992065429688,7.343428134918213,0,0,True,b01,122,127,tsne,42
Inception,105,3.143341302871704,11.482921600341797,2,2,True,a01,495,500,tsne,42
Inception,106,-10.65715217590332,-1.8520489931106567,1,1,True,c01,134,139,tsne,42
Inception,107,28.892663955688477,2.276176691055298,2,2,True,b01,570,575,tsne,42
Inception,108,31.814952850341797,2.033254384994507,2,2,True,b01,584,589,tsne,42
Inception,109,21.794471740722656,-1.8736709356307983,2,2,True,b01,534,539,tsne,42
Inception,110,-2.9900128841400146,-18.860736846923828,1,2,False,b01,276,281,tsne,42
Inception,111,22.162317276000977,-0.23109643161296844,2,2,True,b01,540,545,tsne,42
Inception,112,32.59425354003906,-1.9666142463684082,2,2,True,b01,580,585,tsne,42
Inception,113,23.823287963867188,-2.3619532585144043,2,2,True,b01,554,559,tsne,42
Inception,114,-23.49525260925293,1.244903326034546,0,1,False,b01,142,147,tsne,42
Inception,115,-30.754396438598633,2.6613903045654297,0,0,True,a01,84,89,tsne,42
Inception,116,6.948216438293457,13.032761573791504,2,2,True,a01,544,549,tsne,42
Inception,117,-12.028773307800293,-0.9715335369110107,1,1,True,c01,137,142,tsne,42
Inception,118,-2.736004590988159,-18.50868034362793,1,1,True,b01,275,280,tsne,42
Inception,119,32.148956298828125,-1.2897536754608154,2,2,True,b01,605,610,tsne,42
Inception,120,-23.145299911499023,1.2741564512252808,0,1,False,b01,143,148,tsne,42
Inception,121,-26.33873176574707,-0.7731975317001343,0,0,True,a01,101,106,tsne,42
Inception,122,-9.407910346984863,1.456602692604065,1,1,True,c01,148,153,tsne,42
Inception,123,-2.6865100860595703,-17.795196533203125,1,2,False,b01,273,278,tsne,42
Inception,124,8.456092834472656,14.899139404296875,2,2,True,a01,550,555,tsne,42
Inception,125,-4.002066612243652,-14.31985855102539,1,1,True,b01,257,262,tsne,42
Inception,126,-12.243881225585938,-16.22249412536621,1,1,True,a01,206,211,tsne,42
Inception,127,-0.27211475372314453,-19.167009353637695,1,2,False,b01,283,288,tsne,42
Inception,128,17.623228073120117,-4.570008277893066,2,2,True,c02,233,238,tsne,42
Inception,129,28.582929611206055,2.3813459873199463,2,2,True,b01,569,574,tsne,42
Inception,130,18.042970657348633,-6.630313396453857,2,2,True,c02,213,218,tsne,42
Inception,131,-8.993531227111816,1.5822335481643677,1,1,True,c01,149,154,tsne,42
Inception,132,-15.564957618713379,0.14864221215248108,0,1,False,c02,82,87,tsne,42
Inception,133,30.041519165039062,-1.4354585409164429,2,2,True,b01,599,604,tsne,42
Inception,134,-27.527448654174805,3.362173557281494,0,0,True,b01,124,129,tsne,42
Inception,135,-0.38142964243888855,16.920406341552734,2,2,True,a01,531,536,tsne,42
Inception,136,28.491504669189453,-7.588343143463135,2,2,True,c01,216,221,tsne,42
Inception,137,2.1379024982452393,15.671121597290039,2,2,True,a01,519,524,tsne,42
Inception,138,-2.2286508083343506,-15.733001708984375,1,1,True,b01,270,275,tsne,42
Inception,139,-25.64844512939453,5.63939094543457,0,1,False,b01,131,136,tsne,42
Inception,140,-4.525802135467529,-16.071077346801758,1,1,True,b01,261,266,tsne,42
Inception,141,17.535837173461914,-4.457070350646973,2,2,True,c02,232,237,tsne,42
Inception,142,26.88785743713379,-8.339218139648438,2,2,True,c01,205,210,tsne,42
Inception,143,7.961785793304443,15.298449516296387,2,2,True,a01,549,554,tsne,42
Inception,144,28.786352157592773,-7.296836853027344,2,2,True,c01,215,220,tsne,42
Inception,145,24.8990535736084,0.6009001731872559,2,2,True,b01,545,550,tsne,42
Inception,146,28.617794036865234,2.589479684829712,2,2,True,b01,568,573,tsne,42
Inception,147,3.0175886154174805,8.33146858215332,2,2,True,a01,490,495,tsne,42
Inception,148,-13.469890594482422,-16.38945198059082,1,1,True,a01,218,223,tsne,42
Inception,149,11.363893508911133,12.852965354919434,2,1,False,a01,559,564,tsne,42
Inception,150,10.08557415008545,13.32591724395752,2,2,True,a01,556,561,tsne,42
Inception,151,-23.569150924682617,0.9664039015769958,0,1,False,b01,140,145,tsne,42
Inception,152,-12.068445205688477,-0.7832441329956055,1,1,True,c01,138,143,tsne,42
Inception,153,-3.3957571983337402,-14.73925495147705,1,1,True,b01,258,263,tsne,42
Inception,154,20.023298263549805,-4.964025974273682,2,2,True,c02,226,231,tsne,42
Inception,155,15.926318168640137,-7.305275917053223,2,2,True,c02,218,223,tsne,42
Inception,156,-15.863250732421875,-0.41471776366233826,0,1,False,c02,80,85,tsne,42
Inception,157,32.41585922241211,-3.732677459716797,2,2,True,b01,577,582,tsne,42
Inception,158,-31.388315200805664,6.0394182205200195,0,0,True,c02,77,82,tsne,42
Inception,159,18.570531845092773,-4.320562839508057,2,2,True,c02,230,235,tsne,42
Inception,160,3.2811520099639893,7.5911455154418945,2,2,True,a01,489,494,tsne,42
Inception,161,-12.40651798248291,-17.56667137145996,1,1,True,a01,214,219,tsne,42
Inception,162,-29.74652099609375,2.6621835231781006,0,0,True,a01,87,92,tsne,42
Inception,163,-30.50879669189453,1.8730727434158325,0,0,True,a01,81,86,tsne,42
Inception,164,-23.867799758911133,2.6803557872772217,0,1,False,b01,137,142,tsne,42
Inception,165,30.125364303588867,-0.9657484292984009,2,2,True,b01,600,605,tsne,42
Inception,166,-27.547449111938477,-0.8931697607040405,0,0,True,a01,96,101,tsne,42
Inception,167,28.28595733642578,0.039323434233665466,2,2,True,b01,562,567,tsne,42
Inception,168,31.703990936279297,-2.0950241088867188,2,2,True,b01,566,571,tsne,42
Inception,169,-13.484199523925781,-16.878549575805664,1,1,True,a01,216,221,tsne,42
Inception,170,4.620560646057129,13.766883850097656,2,2,True,a01,538,543,tsne,42
Inception,171,-23.471328735351562,2.5328900814056396,0,1,False,b01,138,143,tsne,42
Inception,172,1.6385027170181274,17.310129165649414,2,2,True,a01,536,541,tsne,42
Inception,173,8.145254135131836,13.643797874450684,2,2,True,a01,553,558,tsne,42
Inception,174,-9.898178100585938,-1.8248337507247925,1,1,True,c01,131,136,tsne,42
Inception,175,18.47606658935547,-4.429264545440674,2,2,True,c02,229,234,tsne,42
Inception,176,-24.99207305908203,1.9910026788711548,0,1,False,b01,134,139,tsne,42
Inception,177,-3.9875431060791016,-18.338016510009766,1,1,True,b01,278,283,tsne,42
Inception,178,29.031085968017578,4.374050140380859,2,2,True,b01,596,601,tsne,42
Inception,179,22.642229080200195,-0.753538191318512,2,2,True,b01,537,542,tsne,42
Inception,180,31.6695613861084,-2.5452792644500732,2,2,True,b01,565,570,tsne,42
Inception,181,-9.77741527557373,-1.926088571548462,1,1,True,c01,132,137,tsne,42
Inception,182,24.457300186157227,-1.2546192407608032,2,2,True,b01,556,561,tsne,42
Inception,183,-1.2534719705581665,18.295223236083984,2,2,True,a01,524,529,tsne,42
Inception,184,-11.286317825317383,-2.735102415084839,1,1,True,c01,129,134,tsne,42
Inception,185,16.026844024658203,-5.926384925842285,2,2,True,c02,217,222,tsne,42
Inception,186,32.50114059448242,-3.5587174892425537,2,2,True,b01,578,583,tsne,42
Inception,187,29.312541961669922,-3.3954503536224365,2,2,True,b01,573,578,tsne,42
Inception,188,-4.384771347045898,-15.48529052734375,1,1,True,b01,260,265,tsne,42
Inception,189,-23.259855270385742,-3.9665169715881348,0,0,True,c01,27,32,tsne,42
Inception,190,-32.4581298828125,5.712690353393555,0,0,True,c02,75,80,tsne,42
Inception,191,3.2769277095794678,7.317018032073975,2,2,True,a01,487,492,tsne,42
Inception,192,27.426801681518555,0.4009471535682678,2,2,True,b01,560,565,tsne,42
Inception,193,9.09921646118164,13.329177856445312,2,2,True,a01,554,559,tsne,42
Inception,194,16.75543785095215,-6.477334976196289,2,2,True,c02,214,219,tsne,42
Inception,195,29.339754104614258,3.5566296577453613,2,2,True,b01,597,602,tsne,42
Inception,196,-30.330829620361328,2.3485474586486816,0,0,True,a01,83,88,tsne,42
Inception,197,-2.0144288539886475,-16.227935791015625,1,1,True,b01,271,276,tsne,42
Inception,198,31.64668846130371,2.1706302165985107,2,2,True,b01,585,590,tsne,42
Inception,199,-1.0190157890319824,-19.48197364807129,1,2,False,b01,281,286,tsne,42
Inception,200,31.483938217163086,2.54703688621521,2,2,True,b01,586,591,tsne,42
Inception,201,-10.61410140991211,2.2321510314941406,1,1,True,c01,141,146,tsne,42
Inception,202,-2.7507779598236084,-18.24129867553711,1,1,True,b01,274,279,tsne,42
Inception,203,-30.122926712036133,3.0951452255249023,0,0,True,a01,85,90,tsne,42
Inception,204,6.429071426391602,13.1318998336792,2,2,True,a01,543,548,tsne,42
Inception,205,28.934326171875,-7.141892433166504,2,2,True,c01,214,219,tsne,42
Inception,206,-25.82628631591797,3.256467342376709,0,1,False,b01,133,138,tsne,42
Inception,207,28.821735382080078,6.409660816192627,2,2,True,b01,590,595,tsne,42
Inception,208,-3.074263334274292,-15.955939292907715,1,1,True,b01,268,273,tsne,42
Inception,209,0.20570726692676544,14.649602890014648,2,2,True,a01,513,518,tsne,42
Inception,210,0.8825292587280273,12.579212188720703,2,2,True,a01,499,504,tsne,42
Inception,211,29.219131469726562,-10.274203300476074,2,2,True,c01,210,215,tsne,42
Inception,212,-28.047256469726562,6.611212253570557,0,0,True,b01,116,121,tsne,42
Inception,213,29.442386627197266,-10.152913093566895,2,2,True,c01,211,216,tsne,42
Inception,214,-16.654207229614258,-0.11109308153390884,0,1,False,c02,79,84,tsne,42
Inception,215,-23.66229820251465,-3.547043800354004,0,0,True,c01,25,30,tsne,42
Inception,216,19.731660842895508,-4.957475185394287,2,2,True,c02,227,232,tsne,42
Inception,217,2.009114980697632,14.654557228088379,2,2,True,a01,516,521,tsne,42
Inception,218,-10.274534225463867,-2.0460095405578613,1,1,True,c01,133,138,tsne,42
Inception,219,-1.7234642505645752,14.861356735229492,2,2,True,a01,510,515,tsne,42
Inception,220,4.606220722198486,13.548382759094238,2,2,True,a01,539,544,tsne,42
Inception,221,22.513219833374023,-1.3249361515045166,2,2,True,b01,536,541,tsne,42
Inception,222,1.8107672929763794,14.915571212768555,2,2,True,a01,517,522,tsne,42
Inception,223,16.400365829467773,-7.855799198150635,2,2,True,c02,220,225,tsne,42
Inception,224,11.516414642333984,12.807669639587402,2,1,False,a01,560,565,tsne,42
Inception,225,-1.347570776939392,12.639449119567871,2,2,True,a01,505,510,tsne,42
Inception,226,23.4776611328125,0.9258363246917725,2,2,True,b01,550,555,tsne,42
Inception,227,-13.466489791870117,-17.497953414916992,1,1,True,a01,215,220,tsne,42
Inception,228,5.330691337585449,13.586871147155762,2,2,True,a01,541,546,tsne,42
Inception,229,-4.139027118682861,-16.73317527770996,1,1,True,b01,266,271,tsne,42
Inception,230,-0.8064521551132202,16.623456954956055,2,2,True,a01,529,534,tsne,42
Inception,231,33.17866134643555,-2.374178171157837,2,2,True,b01,581,586,tsne,42
Inception,232,-27.178564071655273,6.432544231414795,0,0,True,b01,115,120,tsne,42
Inception,233,28.19799041748047,-9.71412181854248,2,2,True,c01,208,213,tsne,42
Inception,234,-15.834392547607422,-0.18469631671905518,0,1,False,c02,81,86,tsne,42
Inception,235,19.759565353393555,-7.098144054412842,2,2,True,c02,211,216,tsne,42
Inception,236,-13.982770919799805,-16.663803100585938,1,1,True,a01,217,222,tsne,42
Inception,237,-27.40697479248047,-0.007239477708935738,0,0,True,a01,97,102,tsne,42
Inception,238,-34.241798400878906,4.21368932723999,0,0,True,c02,67,72,tsne,42
Inception,239,11.049490928649902,12.946128845214844,2,1,False,a01,558,563,tsne,42
Inception,240,-11.020713806152344,-1.6085838079452515,1,1,True,c01,135,140,tsne,42
Inception,241,-24.34587860107422,2.0523977279663086,0,1,False,b01,136,141,tsne,42
Inception,242,4.976593017578125,14.160430908203125,2,2,True,a01,537,542,tsne,42
Inception,243,-23.403791427612305,-3.814012289047241,0,1,False,c01,26,31,tsne,42
Inception,244,23.319244384765625,1.4579551219940186,2,2,True,b01,549,554,tsne,42
Inception,245,27.000919342041016,-8.385908126831055,2,2,True,c01,207,212,tsne,42
Inception,246,27.680095672607422,0.2844914495944977,2,2,True,b01,561,566,tsne,42
Inception,247,-26.640336990356445,-1.129349708557129,0,0,True,a01,102,107,tsne,42
Inception,248,-0.5609869360923767,14.584673881530762,2,2,True,a01,512,517,tsne,42
Inception,249,-23.155471801757812,-4.07042121887207,0,0,True,c01,28,33,tsne,42
Inception,250,19.168270111083984,-4.5340962409973145,2,2,True,c02,228,233,tsne,42
Inception,251,23.51114273071289,-1.4510080814361572,2,2,True,b01,551,556,tsne,42
Inception,252,29.12290382385254,6.608960151672363,2,2,True,b01,589,594,tsne,42
Inception,253,0.8736021518707275,17.574649810791016,2,2,True,a01,535,540,tsne,42
Inception,254,2.1988677978515625,12.34437370300293,2,2,True,a01,497,502,tsne,42
Inception,255,-31.022830963134766,6.290462493896484,0,0,True,c02,78,83,tsne,42
Inception,256,30.900920867919922,-0.2901883125305176,2,2,True,b01,603,608,tsne,42
Inception,257,24.130815505981445,1.4944604635238647,2,2,True,b01,548,553,tsne,42
Inception,258,0.03752485662698746,16.93300437927246,2,2,True,a01,532,537,tsne,42
Inception,259,-11.500863075256348,-1.4121384620666504,1,1,True,c01,136,141,tsne,42
Inception,260,-1.2115122079849243,14.758191108703613,2,2,True,a01,511,516,tsne,42
Inception,261,-28.929819107055664,7.811437129974365,0,0,True,b01,120,125,tsne,42
Inception,262,-11.274269104003906,-15.458978652954102,1,1,True,a01,209,214,tsne,42
Inception,263,-12.793037414550781,-15.467737197875977,1,1,True,a01,220,225,tsne,42
Inception,264,24.436100006103516,0.21830302476882935,2,2,True,b01,544,549,tsne,42
Inception,265,-11.433755874633789,-16.621580123901367,1,1,True,a01,204,209,tsne,42
Inception,266,0.07272765785455704,9.81531810760498,2,2,True,a01,484,489,tsne,42
Inception,267,-1.609012246131897,12.973535537719727,2,2,True,a01,506,511,tsne,42
Inception,268,-6.2926025390625,-14.842790603637695,1,1,True,b01,286,291,tsne,42
Inception,269,-5.155484676361084,-16.621219635009766,1,1,True,b01,264,269,tsne,42
Inception,270,-23.223684310913086,2.4864988327026367,0,1,False,b01,139,144,tsne,42
Inception,271,16.69252586364746,-8.07359504699707,2,2,True,c02,221,226,tsne,42
Inception,272,-28.737009048461914,4.519567489624023,0,0,True,b01,111,116,tsne,42
Inception,273,-9.555612564086914,2.195620059967041,1,1,True,c01,146,151,tsne,42
Inception,274,28.23577117919922,2.805072784423828,2,2,True,b01,567,572,tsne,42
Inception,275,2.8374602794647217,15.487305641174316,2,2,True,a01,518,523,tsne,42
Inception,276,24.12984275817871,-2.0247185230255127,2,2,True,b01,555,560,tsne,42
Inception,277,-25.787675857543945,5.494420528411865,0,0,True,b01,130,135,tsne,42
Inception,278,20.067827224731445,-5.44093656539917,2,2,True,c02,224,229,tsne,42
Inception,279,-29.306684494018555,1.2193200588226318,0,0,True,a01,89,94,tsne,42
Inception,280,-27.483369827270508,7.253676891326904,0,0,True,b01,118,123,tsne,42
Inception,281,-1.51335871219635,16.725906372070312,2,2,True,a01,528,533,tsne,42
Inception,282,-0.2881808578968048,-18.896909713745117,1,2,False,b01,284,289,tsne,42
Inception,283,-2.0145208835601807,17.413246154785156,2,2,True,a01,526,531,tsne,42
Inception,284,21.729089736938477,-1.5743154287338257,2,2,True,b01,535,540,tsne,42
Inception,285,31.06761360168457,-4.072587966918945,2,2,True,b01,576,581,tsne,42
Inception,286,-15.434268951416016,0.2830299437046051,0,1,False,c02,83,88,tsne,42
Inception,287,28.83574867248535,0.33463090658187866,2,2,True,b01,563,568,tsne,42
Inception,288,31.972835540771484,-2.479839563369751,2,2,True,b01,564,569,tsne,42
Inception,289,-9.501975059509277,1.6902514696121216,1,1,True,c01,147,152,tsne,42
Inception,290,0.5017566680908203,17.69813346862793,2,2,True,a01,534,539,tsne,42
Inception,291,1.9500176906585693,12.429176330566406,2,2,True,a01,498,503,tsne,42
Inception,292,-30.65243148803711,2.204352855682373,0,0,True,a01,82,87,tsne,42
Inception,293,-27.489919662475586,6.220579624176025,0,0,True,b01,114,119,tsne,42
Inception,294,-4.1054511070251465,-14.091499328613281,1,1,True,b01,256,261,tsne,42
Inception,295,23.04401397705078,-0.3251756429672241,2,2,True,b01,539,544,tsne,42
Inception,296,-3.463712215423584,-18.599912643432617,1,2,False,b01,277,282,tsne,42
Inception,297,-10.645007133483887,-15.742486953735352,1,1,True,a01,210,215,tsne,42
Inception,298,4.776618957519531,13.16169261932373,2,2,True,a01,540,545,tsne,42
Inception,299,-32.4471435546875,4.687077522277832,0,0,True,c02,73,78,tsne,42
Inception,300,30.586135864257812,-4.365610599517822,2,2,True,b01,575,580,tsne,42
Inception,301,1.9616280794143677,10.298077583312988,2,2,True,a01,492,497,tsne,42
Inception,302,-32.906314849853516,4.2828288078308105,0,0,True,c02,71,76,tsne,42
Inception,303,2.235854148864746,11.101630210876465,2,2,True,a01,494,499,tsne,42
Inception,304,-12.127891540527344,-16.614351272583008,1,1,True,a01,205,210,tsne,42
Inception,305,1.5452213287353516,15.907535552978516,2,2,True,a01,520,525,tsne,42
Inception,306,30.80001449584961,-0.30948886275291443,2,2,True,b01,602,607,tsne,42
Inception,307,32.609283447265625,-0.3064553737640381,2,2,True,b01,607,612,tsne,42
Inception,308,-26.89769744873047,3.0873773097991943,0,0,True,b01,125,130,tsne,42
Inception,309,28.47340965270996,5.911011219024658,2,2,True,b01,594,599,tsne,42
Inception,310,29.661752700805664,-9.239946365356445,2,2,True,c01,213,218,tsne,42
Inception,311,-1.117383599281311,-19.492237091064453,1,2,False,b01,280,285,tsne,42
Inception,312,31.589527130126953,-0.6753778457641602,2,2,True,b01,604,609,tsne,42
Inception,313,30.947050094604492,3.1474411487579346,2,2,True,b01,587,592,tsne,42
Inception,314,28.55882453918457,7.048587322235107,2,2,True,b01,591,596,tsne,42
Inception,315,-34.184959411621094,4.285162448883057,0,0,True,c02,68,73,tsne,42
Inception,316,-2.7205584049224854,-17.405506134033203,1,1,True,b01,272,277,tsne,42
Inception,317,5.647129535675049,13.063352584838867,2,2,True,a01,542,547,tsne,42
Inception,318,-32.67504119873047,5.160078048706055,0,0,True,c02,74,79,tsne,42
Inception,319,-27.094676971435547,3.5134971141815186,0,0,True,b01,126,131,tsne,42
Inception,320,-4.7442803382873535,-16.332582473754883,1,1,True,b01,265,270,tsne,42
Inception,321,-10.67833423614502,-2.6425347328186035,1,1,True,c01,130,135,tsne,42
Inception,322,26.786462783813477,0.47727325558662415,2,2,True,b01,559,564,tsne,42
Inception,323,-11.344608306884766,-2.6217780113220215,1,1,True,c01,128,133,tsne,42
Inception,324,-29.752761840820312,5.381915092468262,0,0,True,b01,123,128,tsne,42
Inception,325,30.581941604614258,-0.6667008399963379,2,2,True,b01,601,606,tsne,42
Inception,326,6.946462154388428,13.637877464294434,2,2,True,a01,545,550,tsne,42
Inception,327,-2.3491437435150146,-15.979297637939453,1,1,True,b01,269,274,tsne,42
Inception,328,16.12316131591797,-6.057952880859375,2,2,True,c02,216,221,tsne,42
Inception,329,0.8540347814559937,15.922100067138672,2,2,True,a01,522,527,tsne,42
Inception,330,-2.5386040210723877,14.571151733398438,2,2,True,a01,508,513,tsne,42
Inception,331,-28.988704681396484,0.26787233352661133,0,0,True,a01,90,95,tsne,42
Inception,332,-1.031054139137268,11.744224548339844,2,2,True,a01,503,508,tsne,42
Inception,333,-2.469036340713501,11.173072814941406,2,1,False,a01,482,487,tsne,42
Inception,334,28.39643096923828,5.647950172424316,2,2,True,b01,595,600,tsne,42
Inception,335,-26.824256896972656,-0.2765723764896393,0,0,True,a01,98,103,tsne,42
Inception,336,-11.24911880493164,-17.925607681274414,1,1,True,a01,196,201,tsne,42
Inception,337,-2.0112969875335693,13.544215202331543,2,2,True,a01,507,512,tsne,42
Inception,338,-1.399030327796936,17.982498168945312,2,2,True,a01,525,530,tsne,42
Inception,339,29.61849021911621,5.869353771209717,2,2,True,b01,588,593,tsne,42
Inception,340,32.80488586425781,-0.30518198013305664,2,2,True,b01,608,613,tsne,42
Inception,341,-10.299288749694824,-18.259090423583984,1,1,True,a01,197,202,tsne,42
Inception,342,-10.520761489868164,-16.524930953979492,1,1,True,a01,212,217,tsne,42
Inception,343,-23.752330780029297,1.0770519971847534,0,1,False,b01,141,146,tsne,42
Inception,344,16.09971809387207,-7.6422624588012695,2,2,True,c02,219,224,tsne,42
Inception,345,-10.202455520629883,2.8918888568878174,1,1,True,c01,142,147,tsne,42
Inception,346,-26.26911735534668,-0.3784033954143524,0,0,True,a01,100,105,tsne,42
Inception,347,32.07011032104492,1.601115107536316,2,2,True,b01,583,588,tsne,42
Inception,348,6.895877838134766,13.867080688476562,2,2,True,a01,546,551,tsne,42
Inception,349,10.794435501098633,13.120139122009277,2,2,True,a01,557,562,tsne,42
Inception,350,-9.495217323303223,2.6405081748962402,1,1,True,c01,145,150,tsne,42
Inception,351,-0.4548175036907196,16.381084442138672,2,2,True,a01,530,535,tsne,42
Inception,352,24.288747787475586,1.383817434310913,2,2,True,b01,547,552,tsne,42
Inception,353,-27.77465057373047,7.13300085067749,0,0,True,b01,117,122,tsne,42
Inception,354,-29.516454696655273,1.6438794136047363,0,0,True,a01,88,93,tsne,42
Inception,355,8.517443656921387,13.817818641662598,2,2,True,a01,552,557,tsne,42
Transformer,0,11.563640594482422,14.725140571594238,2,2,True,c02,208,213,tsne,42
Transformer,1,14.627605438232422,-21.71331787109375,2,2,True,a01,496,501,tsne,42
Transformer,2,10.872085571289062,20.863187789916992,2,2,True,b01,558,563,tsne,42
Transformer,3,-11.16957950592041,-9.045466423034668,1,1,True,c01,127,132,tsne,42
Transformer,4,12.254762649536133,-23.856849670410156,2,2,True,a01,521,526,tsne,42
Transformer,5,11.176849365234375,14.553568840026855,2,2,True,c02,210,215,tsne,42
Transformer,6,-26.29167366027832,7.680214881896973,0,0,True,c02,69,74,tsne,42
Transformer,7,16.477262496948242,-23.031293869018555,2,2,True,a01,504,509,tsne,42
Transformer,8,10.239883422851562,26.460140228271484,2,2,True,b01,598,603,tsne,42
Transformer,9,-13.832361221313477,-8.34007453918457,0,1,False,c02,84,89,tsne,42
Transformer,10,6.085887908935547,-19.913578033447266,2,2,True,a01,555,560,tsne,42
Transformer,11,11.52184009552002,21.97043228149414,2,2,True,b01,553,558,tsne,42
Transformer,12,8.583609580993652,12.739376068115234,2,2,True,c02,231,236,tsne,42
Transformer,13,13.237241744995117,-22.908409118652344,2,2,True,a01,500,505,tsne,42
Transformer,14,-11.575801849365234,-10.47663402557373,1,1,True,c01,144,149,tsne,42
Transformer,15,12.398966789245605,25.28764533996582,2,2,True,b01,582,587,tsne,42
Transformer,16,12.690532684326172,19.226810455322266,2,2,True,b01,541,546,tsne,42
Transformer,17,-25.4761905670166,3.3531808853149414,0,0,True,a01,99,104,tsne,42
Transformer,18,-22.511070251464844,-0.6042565107345581,0,0,True,a01,95,100,tsne,42
Transformer,19,-0.8194132447242737,-9.216878890991211,1,2,False,b01,263,268,tsne,42
Transformer,20,12.218168258666992,19.245162963867188,2,2,True,b01,538,543,tsne,42
Transformer,21,0.12785492837429047,-10.492562294006348,1,2,False,b01,285,290,tsne,42
Transformer,22,14.121292114257812,-19.680044174194336,2,2,True,a01,486,491,tsne,42
Transformer,23,4.915167331695557,16.384231567382812,2,2,True,c01,206,211,tsne,42
Transformer,24,-6.238561153411865,-9.058060646057129,1,1,True,a01,201,206,tsne,42
Transformer,25,12.301066398620605,18.863447189331055,2,2,True,b01,542,547,tsne,42
Transformer,26,-23.44097137451172,5.073462963104248,0,0,True,b01,119,124,tsne,42
Transformer,27,12.169289588928223,25.5499267578125,2,2,True,b01,579,584,tsne,42
Transformer,28,12.071065902709961,26.655075073242188,2,2,True,b01,606,611,tsne,42
Transformer,29,-5.418854713439941,-9.483928680419922,1,1,True,a01,200,205,tsne,42
Transformer,30,11.936667442321777,14.373018264770508,2,2,True,c02,207,212,tsne,42
Transformer,31,3.531386137008667,19.706031799316406,2,2,True,b01,593,598,tsne,42
Transformer,32,-5.9637017250061035,-9.857331275939941,1,1,True,a01,211,216,tsne,42
Transformer,33,10.92292308807373,-19.728364944458008,2,2,True,a01,483,488,tsne,42
Transformer,34,-23.396270751953125,4.164425373077393,0,0,True,b01,113,118,tsne,42
Transformer,35,11.78969955444336,22.29520034790039,2,2,True,b01,552,557,tsne,42
Transformer,36,13.823038101196289,-19.49738311767578,2,2,True,a01,485,490,tsne,42
Transformer,37,11.863129615783691,-19.816207885742188,2,2,True,a01,481,486,tsne,42
Transformer,38,-11.770566940307617,-10.641063690185547,1,1,True,c01,143,148,tsne,42
Transformer,39,10.894877433776855,21.46705436706543,2,2,True,b01,557,562,tsne,42
Transformer,40,-22.132043838500977,1.6895252466201782,0,0,True,b01,128,133,tsne,42
Transformer,41,-0.7774131298065186,-10.175302505493164,1,2,False,b01,279,284,tsne,42
Transformer,42,-22.356103897094727,-1.6261485815048218,0,0,True,a01,103,108,tsne,42
Transformer,43,-21.59503746032715,2.632556676864624,0,0,True,b01,129,134,tsne,42
Transformer,44,9.474778175354004,-20.860939025878906,2,2,True,a01,514,519,tsne,42
Transformer,45,-1.085636019706726,-9.042930603027344,1,2,False,b01,262,267,tsne,42
Transformer,46,-26.520851135253906,7.5877685546875,0,0,True,c02,72,77,tsne,42
Transformer,47,-21.96476173400879,-1.1429263353347778,0,0,True,a01,94,99,tsne,42
Transformer,48,9.550853729248047,-21.28856658935547,2,2,True,a01,515,520,tsne,42
Transformer,49,11.618239402770996,19.915096282958984,2,2,True,b01,543,548,tsne,42
Transformer,50,7.593557357788086,-19.79158592224121,2,2,True,a01,551,556,tsne,42
Transformer,51,14.269365310668945,-23.238357543945312,2,2,True,a01,501,506,tsne,42
Transformer,52,3.4902536869049072,19.63870620727539,2,2,True,b01,592,597,tsne,42
Transformer,53,-1.5309019088745117,-12.978951454162598,1,2,False,c02,107,112,tsne,42
Transformer,54,-23.441713333129883,3.007265329360962,0,0,True,b01,112,117,tsne,42
Transformer,55,17.200138092041016,-20.639402389526367,2,2,True,a01,491,496,tsne,42
Transformer,56,-11.930864334106445,-9.516409873962402,1,1,True,c01,140,145,tsne,42
Transformer,57,-11.813322067260742,-8.800806999206543,1,1,True,c01,126,131,tsne,42
Transformer,58,9.799092292785645,24.391366958618164,2,2,True,b01,572,577,tsne,42
Transformer,59,-3.9709625244140625,-7.723964214324951,1,1,True,b01,267,272,tsne,42
Transformer,60,-11.055377960205078,-9.80776596069336,1,1,True,c01,139,144,tsne,42
Transformer,61,-26.887718200683594,6.098548412322998,0,0,True,a01,86,91,tsne,42
Transformer,62,11.495413780212402,12.300617218017578,2,2,True,c02,222,227,tsne,42
Transformer,63,-9.903144836425781,-8.959209442138672,1,1,True,a01,219,224,tsne,42
Transformer,64,10.270875930786133,10.571200370788574,2,2,True,c02,215,220,tsne,42
Transformer,65,-23.98311996459961,4.930074691772461,0,0,True,b01,121,126,tsne,42
Transformer,66,17.303489685058594,-20.253826141357422,2,2,True,a01,488,493,tsne,42
Transformer,67,15.405755996704102,-25.807693481445312,2,2,True,a01,527,532,tsne,42
Transformer,68,10.900771141052246,13.849254608154297,2,2,True,c02,212,217,tsne,42
Transformer,69,-4.701792240142822,-7.529593467712402,1,1,True,b01,259,264,tsne,42
Transformer,70,9.783061027526855,24.689350128173828,2,2,True,b01,574,579,tsne,42
Transformer,71,13.52882194519043,20.42934799194336,2,2,True,b01,546,551,tsne,42
Transformer,72,7.240753173828125,-20.959583282470703,2,2,True,a01,547,552,tsne,42
Transformer,73,-6.233853340148926,-9.445669174194336,1,1,True,a01,202,207,tsne,42
Transformer,74,7.702513694763184,20.95475959777832,2,2,True,b01,571,576,tsne,42
Transformer,75,7.5009918212890625,-20.40249252319336,2,2,True,a01,548,553,tsne,42
Transformer,76,-12.8089599609375,-8.709871292114258,1,1,True,c01,124,129,tsne,42
Transformer,77,17.029905319213867,-24.514013290405273,2,2,True,a01,509,514,tsne,42
Transformer,78,-7.160663604736328,-8.742735862731934,1,1,True,a01,213,218,tsne,42
Transformer,79,0.8949325680732727,-9.965001106262207,1,2,False,b01,282,287,tsne,42
Transformer,80,-21.16524314880371,-0.4844352900981903,0,0,True,b01,132,137,tsne,42
Transformer,81,-26.148761749267578,7.29374885559082,0,0,True,c02,70,75,tsne,42
Transformer,82,15.780132293701172,14.63843059539795,2,2,True,c01,212,217,tsne,42
Transformer,83,10.14503288269043,13.007240295410156,2,2,True,c02,223,228,tsne,42
Transformer,84,15.048970222473145,13.450597763061523,2,2,True,c01,209,214,tsne,42
Transformer,85,-6.967553615570068,-9.17982006072998,1,1,True,a01,203,208,tsne,42
Transformer,86,16.22845458984375,-25.937267303466797,2,2,True,a01,523,528,tsne,42
Transformer,87,-6.2652812004089355,-10.3616361618042,1,1,True,a01,208,213,tsne,42
Transformer,88,-8.313055992126465,-9.220165252685547,1,1,True,a01,207,212,tsne,42
Transformer,89,10.541844367980957,17.845930099487305,2,2,True,b01,533,538,tsne,42
Transformer,90,-12.23712158203125,-8.769207000732422,1,1,True,c01,125,130,tsne,42
Transformer,91,-22.619470596313477,2.726961612701416,0,0,True,b01,127,132,tsne,42
Transformer,92,-6.1447834968566895,-8.834907531738281,1,1,True,a01,198,203,tsne,42
Transformer,93,-15.758923530578613,-6.907695293426514,0,1,False,a01,91,96,tsne,42
Transformer,94,13.694112777709961,-22.86275863647461,2,2,True,a01,502,507,tsne,42
Transformer,95,11.009150505065918,14.938032150268555,2,2,True,c02,209,214,tsne,42
Transformer,96,-27.24526023864746,7.058169841766357,0,0,True,c02,76,81,tsne,42
Transformer,97,16.093067169189453,-21.23594093322754,2,2,True,a01,493,498,tsne,42
Transformer,98,14.152749061584473,-24.626920700073242,2,2,True,a01,533,538,tsne,42
Transformer,99,-15.942976951599121,-6.589211463928223,0,1,False,a01,92,97,tsne,42
Transformer,100,-21.0776424407959,-0.22343577444553375,0,0,True,b01,135,140,tsne,42
Transformer,101,9.389023780822754,13.653348922729492,2,2,True,c02,225,230,tsne,42
Transformer,102,-21.609107971191406,-1.6316736936569214,0,0,True,a01,93,98,tsne,42
Transformer,103,-6.584855556488037,-8.671953201293945,1,1,True,a01,199,204,tsne,42
Transformer,104,-24.12065887451172,4.443065166473389,0,0,True,b01,122,127,tsne,42
Transformer,105,15.325698852539062,-21.429641723632812,2,2,True,a01,495,500,tsne,42
Transformer,106,-2.3151965141296387,-13.917588233947754,1,2,False,c01,134,139,tsne,42
Transformer,107,7.437781810760498,20.12561798095703,2,2,True,b01,570,575,tsne,42
Transformer,108,7.963784217834473,22.644092559814453,2,2,True,b01,584,589,tsne,42
Transformer,109,11.126422882080078,19.228788375854492,2,2,True,b01,534,539,tsne,42
Transformer,110,2.9622249603271484,-9.10154914855957,1,2,False,b01,276,281,tsne,42
Transformer,111,11.654531478881836,20.473073959350586,2,2,True,b01,540,545,tsne,42
Transformer,112,12.634992599487305,25.50480079650879,2,2,True,b01,580,585,tsne,42
Transformer,113,11.570521354675293,21.37970542907715,2,2,True,b01,554,559,tsne,42
Transformer,114,-15.335836410522461,-6.458707332611084,0,1,False,b01,142,147,tsne,42
Transformer,115,-25.981014251708984,6.192867755889893,0,0,True,a01,84,89,tsne,42
Transformer,116,8.408551216125488,-21.497285842895508,2,2,True,a01,544,549,tsne,42
Transformer,117,-5.228872299194336,-12.92703628540039,1,1,True,c01,137,142,tsne,42
Transformer,118,2.5083985328674316,-9.394415855407715,1,2,False,b01,275,280,tsne,42
Transformer,119,11.65820026397705,26.498300552368164,2,2,True,b01,605,610,tsne,42
Transformer,120,-14.958642959594727,-6.837910175323486,0,1,False,b01,143,148,tsne,42
Transformer,121,-24.76957130432129,2.2062809467315674,0,0,True,a01,101,106,tsne,42
Transformer,122,-1.1044508218765259,-13.888776779174805,1,2,False,c01,148,153,tsne,42
Transformer,123,2.6275711059570312,-9.125373840332031,1,2,False,b01,273,278,tsne,42
Transformer,124,7.658217430114746,-19.76032066345215,2,2,True,a01,550,555,tsne,42
Transformer,125,-6.161727428436279,-6.748102188110352,1,1,True,b01,257,262,tsne,42
Transformer,126,-8.003499031066895,-9.443346977233887,1,1,True,a01,206,211,tsne,42
Transformer,127,1.0453606843948364,-10.1458740234375,1,2,False,b01,283,288,tsne,42
Transformer,128,8.997509002685547,12.12022590637207,2,2,True,c02,233,238,tsne,42
Transformer,129,7.537843704223633,20.550291061401367,2,2,True,b01,569,574,tsne,42
Transformer,130,10.442595481872559,11.949529647827148,2,2,True,c02,213,218,tsne,42
Transformer,131,0.2417335957288742,-14.43858528137207,1,2,False,c01,149,154,tsne,42
Transformer,132,-14.239006996154785,-7.790918827056885,0,1,False,c02,82,87,tsne,42
Transformer,133,10.097904205322266,27.15229606628418,2,2,True,b01,599,604,tsne,42
Transformer,134,-22.763710021972656,1.5536154508590698,0,0,True,b01,124,129,tsne,42
Transformer,135,15.172463417053223,-24.730165481567383,2,2,True,a01,531,536,tsne,42
Transformer,136,7.376069068908691,16.416885375976562,2,2,True,c01,216,221,tsne,42
Transformer,137,10.716907501220703,-22.31126594543457,2,2,True,a01,519,524,tsne,42
Transformer,138,-3.964193820953369,-7.208433628082275,1,1,True,b01,270,275,tsne,42
Transformer,139,-20.951644897460938,2.1672027111053467,0,0,True,b01,131,136,tsne,42
Transformer,140,-2.996127128601074,-8.197665214538574,1,1,True,b01,261,266,tsne,42
Transformer,141,8.785378456115723,12.271597862243652,2,2,True,c02,232,237,tsne,42
Transformer,142,4.913490295410156,16.381574630737305,2,2,True,c01,205,210,tsne,42
Transformer,143,7.159946918487549,-20.287277221679688,2,2,True,a01,549,554,tsne,42
Transformer,144,7.409115314483643,16.449716567993164,2,2,True,c01,215,220,tsne,42
Transformer,145,12.94007396697998,20.053808212280273,2,2,True,b01,545,550,tsne,42
Transformer,146,7.333698272705078,20.508325576782227,2,2,True,b01,568,573,tsne,42
Transformer,147,17.240129470825195,-20.79401969909668,2,2,True,a01,490,495,tsne,42
Transformer,148,-9.547710418701172,-9.150607109069824,1,1,True,a01,218,223,tsne,42
Transformer,149,-1.8804841041564941,-16.06371307373047,2,2,True,a01,559,564,tsne,42
Transformer,150,5.451294898986816,-19.622726440429688,2,2,True,a01,556,561,tsne,42
Transformer,151,-20.116727828979492,-1.10709547996521,0,0,True,b01,140,145,tsne,42
Transformer,152,-4.962245941162109,-12.878143310546875,1,1,True,c01,138,143,tsne,42
Transformer,153,-4.786754131317139,-7.366000652313232,1,1,True,b01,258,263,tsne,42
Transformer,154,8.796643257141113,13.67470932006836,2,2,True,c02,226,231,tsne,42
Transformer,155,11.036727905273438,11.256366729736328,2,2,True,c02,218,223,tsne,42
Transformer,156,-13.650221824645996,-7.9041748046875,0,1,False,c02,80,85,tsne,42
Transformer,157,11.610034942626953,25.575374603271484,2,2,True,b01,577,582,tsne,42
Transformer,158,-22.837051391601562,0.7423883676528931,0,0,True,c02,77,82,tsne,42
Transformer,159,8.334959030151367,13.172815322875977,2,2,True,c02,230,235,tsne,42
Transformer,160,17.48666763305664,-20.36197280883789,2,2,True,a01,489,494,tsne,42
Transformer,161,-7.343313217163086,-9.419892311096191,1,1,True,a01,214,219,tsne,42
Transformer,162,-26.322105407714844,5.452430248260498,0,0,True,a01,87,92,tsne,42
Transformer,163,-25.70880126953125,6.560077667236328,0,0,True,a01,81,86,tsne,42
Transformer,164,-21.694721221923828,1.7588831186294556,0,0,True,b01,137,142,tsne,42
Transformer,165,10.201144218444824,27.460765838623047,2,2,True,b01,600,605,tsne,42
Transformer,166,-23.60990333557129,0.4022533893585205,0,0,True,a01,96,101,tsne,42
Transformer,167,9.26156234741211,21.795249938964844,2,2,True,b01,562,567,tsne,42
Transformer,168,12.590209007263184,23.528003692626953,2,2,True,b01,566,571,tsne,42
Transformer,169,-9.37198543548584,-8.789876937866211,1,1,True,a01,216,221,tsne,42
Transformer,170,10.221419334411621,-23.093910217285156,2,2,True,a01,538,543,tsne,42
Transformer,171,-21.010168075561523,1.2723571062088013,0,0,True,b01,138,143,tsne,42
Transformer,172,11.209546089172363,-23.560205459594727,2,2,True,a01,536,541,tsne,42
Transformer,173,8.288680076599121,-20.183507919311523,2,2,True,a01,553,558,tsne,42
Transformer,174,-2.439974546432495,-14.089492797851562,1,2,False,c01,131,136,tsne,42
Transformer,175,8.210295677185059,13.043930053710938,2,2,True,c02,229,234,tsne,42
Transformer,176,-21.733356475830078,0.13548444211483002,0,0,True,b01,134,139,tsne,42
Transformer,177,-0.34207746386528015,-9.995233535766602,1,2,False,b01,278,283,tsne,42
Transformer,178,5.639604568481445,19.73320198059082,2,2,True,b01,596,601,tsne,42
Transformer,179,11.619889259338379,19.326635360717773,2,2,True,b01,537,542,tsne,42
Transformer,180,12.488991737365723,24.04737663269043,2,2,True,b01,565,570,tsne,42
Transformer,181,-2.0568172931671143,-14.190179824829102,1,2,False,c01,132,137,tsne,42
Transformer,182,11.564203262329102,21.21408462524414,2,2,True,b01,556,561,tsne,42
Transformer,183,16.14898109436035,-25.96174430847168,2,2,True,a01,524,529,tsne,42
Transformer,184,-6.685425281524658,-12.691186904907227,1,1,True,c01,129,134,tsne,42
Transformer,185,10.1580228805542,10.787786483764648,2,2,True,c02,217,222,tsne,42
Transformer,186,11.864068031311035,25.00323486328125,2,2,True,b01,578,583,tsne,42
Transformer,187,9.911210060119629,24.40082359313965,2,2,True,b01,573,578,tsne,42
Transformer,188,0.20750221610069275,-9.408699989318848,1,2,False,b01,260,265,tsne,42
Transformer,189,-24.199447631835938,8.971426010131836,0,0,True,c01,27,32,tsne,42
Transformer,190,-27.379297256469727,7.650753498077393,0,0,True,c02,75,80,tsne,42
Transformer,191,16.837472915649414,-20.165990829467773,2,2,True,a01,487,492,tsne,42
Transformer,192,8.946732521057129,21.349706649780273,2,2,True,b01,560,565,tsne,42
Transformer,193,8.565115928649902,-19.878887176513672,2,2,True,a01,554,559,tsne,42
Transformer,194,10.506013870239258,10.63306999206543,2,2,True,c02,214,219,tsne,42
Transformer,195,6.2605881690979,19.92885398864746,2,2,True,b01,597,602,tsne,42
Transformer,196,-26.2520751953125,5.791245460510254,0,0,True,a01,83,88,tsne,42
Transformer,197,-4.278036117553711,-6.811700820922852,1,1,True,b01,271,276,tsne,42
Transformer,198,7.813643932342529,22.66971206665039,2,2,True,b01,585,590,tsne,42
Transformer,199,1.7496387958526611,-9.323881149291992,1,2,False,b01,281,286,tsne,42
Transformer,200,6.868725776672363,22.413475036621094,2,2,True,b01,586,591,tsne,42
Transformer,201,-12.178268432617188,-9.718683242797852,1,1,True,c01,141,146,tsne,42
Transformer,202,2.6350903511047363,-9.223533630371094,1,2,False,b01,274,279,tsne,42
Transformer,203,-26.018796920776367,5.824398040771484,0,0,True,a01,85,90,tsne,42
Transformer,204,8.197468757629395,-22.030845642089844,2,2,True,a01,543,548,tsne,42
Transformer,205,7.521711349487305,16.48395347595215,2,2,True,c01,214,219,tsne,42
Transformer,206,-21.71857261657715,0.3584948182106018,0,0,True,b01,133,138,tsne,42
Transformer,207,3.862187623977661,19.972740173339844,2,2,True,b01,590,595,tsne,42
Transformer,208,-5.090550899505615,-7.166555404663086,1,1,True,b01,268,273,tsne,42
Transformer,209,11.354970932006836,-21.72486114501953,2,2,True,a01,513,518,tsne,42
Transformer,210,14.403339385986328,-22.37618637084961,2,2,True,a01,499,504,tsne,42
Transformer,211,15.629852294921875,14.358640670776367,2,2,True,c01,210,215,tsne,42
Transformer,212,-24.511728286743164,5.802063465118408,0,0,True,b01,116,121,tsne,42
Transformer,213,15.732223510742188,14.544182777404785,2,2,True,c01,211,216,tsne,42
Transformer,214,-15.006119728088379,-7.346716403961182,0,1,False,c02,79,84,tsne,42
Transformer,215,-25.370407104492188,8.39206314086914,0,0,True,c01,25,30,tsne,42
Transformer,216,8.747720718383789,13.59294319152832,2,2,True,c02,227,232,tsne,42
Transformer,217,9.900629997253418,-21.248891830444336,2,2,True,a01,516,521,tsne,42
Transformer,218,-2.8525986671447754,-13.99449348449707,1,2,False,c01,133,138,tsne,42
Transformer,219,16.338720321655273,-23.788320541381836,2,2,True,a01,510,515,tsne,42
Transformer,220,9.767433166503906,-22.84741973876953,2,2,True,a01,539,544,tsne,42
Transformer,221,10.675956726074219,19.26813507080078,2,2,True,b01,536,541,tsne,42
Transformer,222,10.524628639221191,-21.87626838684082,2,2,True,a01,517,522,tsne,42
Transformer,223,11.224599838256836,11.667210578918457,2,2,True,c02,220,225,tsne,42
Transformer,224,-1.964308738708496,-16.04362678527832,2,2,True,a01,560,565,tsne,42
Transformer,225,17.092233657836914,-23.148496627807617,2,2,True,a01,505,510,tsne,42
Transformer,226,12.807812690734863,20.65213394165039,2,2,True,b01,550,555,tsne,42
Transformer,227,-8.726042747497559,-8.649494171142578,1,1,True,a01,215,220,tsne,42
Transformer,228,9.065966606140137,-22.611997604370117,2,2,True,a01,541,546,tsne,42
Transformer,229,-1.35029137134552,-9.368645668029785,1,2,False,b01,266,271,tsne,42
Transformer,230,15.455322265625,-24.89746856689453,2,2,True,a01,529,534,tsne,42
Transformer,231,12.378636360168457,25.957759857177734,2,2,True,b01,581,586,tsne,42
Transformer,232,-24.95380973815918,6.038802623748779,0,0,True,b01,115,120,tsne,42
Transformer,233,14.988958358764648,13.382314682006836,2,2,True,c01,208,213,tsne,42
Transformer,234,-13.425127029418945,-8.287938117980957,0,1,False,c02,81,86,tsne,42
Transformer,235,10.988003730773926,14.016146659851074,2,2,True,c02,211,216,tsne,42
Transformer,236,-9.973627090454102,-8.772314071655273,1,1,True,a01,217,222,tsne,42
Transformer,237,-24.175142288208008,1.9639414548873901,0,0,True,a01,97,102,tsne,42
Transformer,238,-26.405784606933594,8.325597763061523,0,0,True,c02,67,72,tsne,42
Transformer,239,-1.773952603340149,-16.08609390258789,2,2,True,a01,558,563,tsne,42
Transformer,240,-3.13603138923645,-13.812246322631836,1,2,False,c01,135,140,tsne,42
Transformer,241,-20.98615837097168,0.15475185215473175,0,0,True,b01,136,141,tsne,42
Transformer,242,10.091794967651367,-23.15423011779785,2,2,True,a01,537,542,tsne,42
Transformer,243,-24.512893676757812,8.87535572052002,0,0,True,c01,26,31,tsne,42
Transformer,244,12.880470275878906,20.993560791015625,2,2,True,b01,549,554,tsne,42
Transformer,245,4.944504261016846,16.403419494628906,2,2,True,c01,207,212,tsne,42
Transformer,246,9.070084571838379,21.70834732055664,2,2,True,b01,561,566,tsne,42
Transformer,247,-23.352088928222656,-0.5863713026046753,0,0,True,a01,102,107,tsne,42
Transformer,248,13.163887023925781,-22.08946990966797,2,2,True,a01,512,517,tsne,42
Transformer,249,-23.89677619934082,9.031893730163574,0,0,True,c01,28,33,tsne,42
Transformer,250,8.278125762939453,13.319408416748047,2,2,True,c02,228,233,tsne,42
Transformer,251,12.12044620513916,22.36963653564453,2,2,True,b01,551,556,tsne,42
Transformer,252,3.880516767501831,20.148252487182617,2,2,True,b01,589,594,tsne,42
Transformer,253,13.118642807006836,-24.508941650390625,2,2,True,a01,535,540,tsne,42
Transformer,254,15.239470481872559,-21.8406925201416,2,2,True,a01,497,502,tsne,42
Transformer,255,-21.162954330444336,-1.6436046361923218,0,0,True,c02,78,83,tsne,42
Transformer,256,10.96144962310791,27.674488067626953,2,2,True,b01,603,608,tsne,42
Transformer,257,13.023062705993652,21.423015594482422,2,2,True,b01,548,553,tsne,42
Transformer,258,14.881148338317871,-24.592336654663086,2,2,True,a01,532,537,tsne,42
Transformer,259,-4.909493923187256,-13.184685707092285,1,1,True,c01,136,141,tsne,42
Transformer,260,15.594482421875,-23.63993263244629,2,2,True,a01,511,516,tsne,42
Transformer,261,-23.92624855041504,5.168889045715332,0,0,True,b01,120,125,tsne,42
Transformer,262,-6.8833112716674805,-10.073814392089844,1,1,True,a01,209,214,tsne,42
Transformer,263,-9.593300819396973,-9.570322036743164,1,1,True,a01,220,225,tsne,42
Transformer,264,12.035101890563965,20.199874877929688,2,2,True,b01,544,549,tsne,42
Transformer,265,-6.801012992858887,-9.74976634979248,1,1,True,a01,204,209,tsne,42
Transformer,266,10.323959350585938,-19.991134643554688,2,2,True,a01,484,489,tsne,42
Transformer,267,17.351150512695312,-23.106719970703125,2,2,True,a01,506,511,tsne,42
Transformer,268,-2.255136251449585,-10.264572143554688,1,2,False,b01,286,291,tsne,42
Transformer,269,0.021626900881528854,-9.453947067260742,1,2,False,b01,264,269,tsne,42
Transformer,270,-20.673381805419922,1.1908478736877441,0,0,True,b01,139,144,tsne,42
Transformer,271,11.649565696716309,11.807280540466309,2,2,True,c02,221,226,tsne,42
Transformer,272,-23.641271591186523,3.560685634613037,0,0,True,b01,111,116,tsne,42
Transformer,273,-2.991023302078247,-13.264187812805176,1,2,False,c01,146,151,tsne,42
Transformer,274,7.151941299438477,20.37849998474121,2,2,True,b01,567,572,tsne,42
Transformer,275,9.718252182006836,-21.801551818847656,2,2,True,a01,518,523,tsne,42
Transformer,276,11.493178367614746,21.885793685913086,2,2,True,b01,555,560,tsne,42
Transformer,277,-21.135766983032227,2.3156278133392334,0,0,True,b01,130,135,tsne,42
Transformer,278,9.771678924560547,13.364055633544922,2,2,True,c02,224,229,tsne,42
Transformer,279,-24.433408737182617,3.0592823028564453,0,0,True,a01,89,94,tsne,42
Transformer,280,-24.40604019165039,6.147609710693359,0,0,True,b01,118,123,tsne,42
Transformer,281,15.062027931213379,-25.329830169677734,2,2,True,a01,528,533,tsne,42
Transformer,282,1.7919753789901733,-10.051387786865234,1,2,False,b01,284,289,tsne,42
Transformer,283,16.057321548461914,-25.329051971435547,2,2,True,a01,526,531,tsne,42
Transformer,284,10.852875709533691,18.960865020751953,2,2,True,b01,535,540,tsne,42
Transformer,285,10.204519271850586,25.426311492919922,2,2,True,b01,576,581,tsne,42
Transformer,286,-14.085153579711914,-8.020503044128418,0,1,False,c02,83,88,tsne,42
Transformer,287,9.021336555480957,22.369197845458984,2,2,True,b01,563,568,tsne,42
Transformer,288,11.876171112060547,24.127201080322266,2,2,True,b01,564,569,tsne,42
Transformer,289,-1.304025411605835,-13.78240966796875,1,2,False,c01,147,152,tsne,42
Transformer,290,13.742493629455566,-24.624454498291016,2,2,True,a01,534,539,tsne,42
Transformer,291,13.592026710510254,-21.304052352905273,2,2,True,a01,498,503,tsne,42
Transformer,292,-26.351150512695312,6.295165538787842,0,0,True,a01,82,87,tsne,42
Transformer,293,-25.054243087768555,5.739286422729492,0,0,True,b01,114,119,tsne,42
Transformer,294,-5.959339141845703,-6.82161283493042,1,1,True,b01,256,261,tsne,42
Transformer,295,12.160924911499023,19.800260543823242,2,2,True,b01,539,544,tsne,42
Transformer,296,2.6031289100646973,-9.144176483154297,1,2,False,b01,277,282,tsne,42
Transformer,297,-5.939880847930908,-10.30990219116211,1,1,True,a01,210,215,tsne,42
Transformer,298,9.572779655456543,-22.834300994873047,2,2,True,a01,540,545,tsne,42
Transformer,299,-26.867414474487305,7.1768670082092285,0,0,True,c02,73,78,tsne,42
Transformer,300,9.725345611572266,25.156450271606445,2,2,True,b01,575,580,tsne,42
Transformer,301,16.036380767822266,-21.466703414916992,2,2,True,a01,492,497,tsne,42
Transformer,302,-25.946504592895508,7.521279335021973,0,0,True,c02,71,76,tsne,42
Transformer,303,14.849249839782715,-21.80258560180664,2,2,True,a01,494,499,tsne,42
Transformer,304,-8.007759094238281,-8.841960906982422,1,1,True,a01,205,210,tsne,42
Transformer,305,11.072160720825195,-22.842857360839844,2,2,True,a01,520,525,tsne,42
Transformer,306,10.64193058013916,27.611364364624023,2,2,True,b01,602,607,tsne,42
Transformer,307,12.411620140075684,27.05290985107422,2,2,True,b01,607,612,tsne,42
Transformer,308,-22.93537139892578,2.0985710620880127,0,0,True,b01,125,130,tsne,42
Transformer,309,4.149338722229004,19.76559066772461,2,2,True,b01,594,599,tsne,42
Transformer,310,15.82396125793457,14.755314826965332,2,2,True,c01,213,218,tsne,42
Transformer,311,1.7445132732391357,-9.266944885253906,1,2,False,b01,280,285,tsne,42
Transformer,312,11.012413024902344,27.484115600585938,2,2,True,b01,604,609,tsne,42
Transformer,313,6.118405342102051,21.740976333618164,2,2,True,b01,587,592,tsne,42
Transformer,314,3.4063758850097656,19.77496337890625,2,2,True,b01,591,596,tsne,42
Transformer,315,-26.629106521606445,8.36186408996582,0,0,True,c02,68,73,tsne,42
Transformer,316,-0.9114476442337036,-9.622560501098633,1,2,False,b01,272,277,tsne,42
Transformer,317,8.95710277557373,-22.418386459350586,2,2,True,a01,542,547,tsne,42
Transformer,318,-27.058195114135742,7.5483503341674805,0,0,True,c02,74,79,tsne,42
Transformer,319,-22.81648063659668,2.326568126678467,0,0,True,b01,126,131,tsne,42
Transformer,320,-4.293346881866455,-8.108532905578613,1,1,True,b01,265,270,tsne,42
Transformer,321,-5.858022689819336,-12.985461235046387,1,1,True,c01,130,135,tsne,42
Transformer,322,9.022372245788574,20.99751853942871,2,2,True,b01,559,564,tsne,42
Transformer,323,-6.993338108062744,-12.574809074401855,1,1,True,c01,128,133,tsne,42
Transformer,324,-24.369871139526367,3.8996775150299072,0,0,True,b01,123,128,tsne,42
Transformer,325,10.319265365600586,27.210262298583984,2,2,True,b01,601,606,tsne,42
Transformer,326,8.313165664672852,-21.02564811706543,2,2,True,a01,545,550,tsne,42
Transformer,327,-4.669659614562988,-6.447254180908203,1,1,True,b01,269,274,tsne,42
Transformer,328,10.215266227722168,10.710503578186035,2,2,True,c02,216,221,tsne,42
Transformer,329,12.405851364135742,-24.032629013061523,2,2,True,a01,522,527,tsne,42
Transformer,330,17.01453971862793,-24.197439193725586,2,2,True,a01,508,513,tsne,42
Transformer,331,-22.649871826171875,-0.1431705504655838,0,0,True,a01,90,95,tsne,42
Transformer,332,15.616613388061523,-22.540407180786133,2,2,True,a01,503,508,tsne,42
Transformer,333,11.702085494995117,-19.87179183959961,2,2,True,a01,482,487,tsne,42
Transformer,334,4.533659934997559,19.691057205200195,2,2,True,b01,595,600,tsne,42
Transformer,335,-24.401365280151367,1.8601733446121216,0,0,True,a01,98,103,tsne,42
Transformer,336,-7.557669639587402,-8.373448371887207,1,1,True,a01,196,201,tsne,42
Transformer,337,17.382062911987305,-23.534257888793945,2,2,True,a01,507,512,tsne,42
Transformer,338,16.531919479370117,-25.406864166259766,2,2,True,a01,525,530,tsne,42
Transformer,339,5.411323070526123,20.6113224029541,2,2,True,b01,588,593,tsne,42
Transformer,340,12.06319808959961,26.998737335205078,2,2,True,b01,608,613,tsne,42
Transformer,341,-5.675736904144287,-8.983301162719727,1,1,True,a01,197,202,tsne,42
Transformer,342,-5.4911394119262695,-9.943592071533203,1,1,True,a01,212,217,tsne,42
Transformer,343,-19.78727149963379,-1.825845718383789,0,0,True,b01,141,146,tsne,42
Transformer,344,11.153181076049805,11.275053977966309,2,2,True,c02,219,224,tsne,42
Transformer,345,-11.985274314880371,-10.125523567199707,1,1,True,c01,142,147,tsne,42
Transformer,346,-25.376413345336914,2.8712351322174072,0,0,True,a01,100,105,tsne,42
Transformer,347,8.03996467590332,22.62602996826172,2,2,True,b01,583,588,tsne,42
Transformer,348,8.615558624267578,-20.54472541809082,2,2,True,a01,546,551,tsne,42
Transformer,349,-1.2297803163528442,-16.42129135131836,2,2,True,a01,557,562,tsne,42
Transformer,350,-8.807290077209473,-12.042818069458008,1,1,True,c01,145,150,tsne,42
Transformer,351,15.160935401916504,-24.702064514160156,2,2,True,a01,530,535,tsne,42
Transformer,352,13.142906188964844,20.994089126586914,2,2,True,b01,547,552,tsne,42
Transformer,353,-24.490432739257812,6.325253486633301,0,0,True,b01,117,122,tsne,42
Transformer,354,-25.667646408081055,4.926567554473877,0,0,True,a01,88,93,tsne,42
Transformer,355,8.364686012268066,-19.52484893798828,2,2,True,a01,552,557,tsne,42
